timestampNs,ax,ay,az,gx,gy,gz,speedMps
0,-0.572066,-0.389188,0.046190,-0.031955,0.093853,0.066300,14.448889
100072780,-0.343998,-1.084570,-0.182922,0.006119,0.006927,0.043155,14.484965
200145560,0.415874,-1.324574,-0.333744,-0.028638,0.001774,-0.015130,14.436975
300218340,-1.716972,-0.403906,0.004127,-0.046737,0.051862,0.069070,14.458162
400291120,-0.296684,0.239495,0.912950,0.045203,-0.030483,0.053436,14.506382
500363901,-1.256999,-0.678309,0.712765,-0.015458,-0.085561,-0.002292,14.314246
600436681,-0.167788,-1.136741,0.366586,0.181503,-0.094036,-0.133790,14.411813
700509461,0.165495,-3.411382,0.164556,0.194273,-0.247778,-0.171296,14.381736
800582241,-1.595860,-0.199878,0.105928,-0.086676,0.085658,0.105174,14.340936
900655021,0.017713,-1.420648,-0.840403,0.081118,0.028739,0.013160,14.311451
1000727802,0.026262,-2.059282,0.286063,0.049455,-0.036006,-0.124909,14.363324
1100800582,1.003548,-3.000150,0.079743,-0.118778,0.300006,0.254145,14.399480
1200873362,-0.889792,-0.105926,0.289555,-0.068618,0.202115,-0.036541,14.335410
1300946142,-0.174167,-0.087664,1.015046,-0.044200,0.143177,0.119041,14.382523
1401018922,-0.012914,-3.317047,-0.700046,-0.076734,0.134040,0.256548,14.441994
1501091703,0.128551,-1.838424,-0.730284,-0.015503,-0.195054,-0.030278,14.341652
1601164483,0.172556,-3.172231,-0.873490,-0.043737,-0.040256,-0.002569,14.589606
1701237263,-1.180984,-0.683489,-0.351694,0.131068,-0.173738,-0.043588,14.392953
1801310043,-0.389713,-2.743392,0.019491,0.078330,-0.123138,-0.088627,14.539068
1901382823,0.798754,0.038268,0.170602,0.003115,-0.058679,-0.000545,14.470510
2001455604,0.071367,-0.985541,0.103874,0.125810,-0.095433,-0.044729,14.586807
2101528384,0.602887,-3.044172,-0.105284,-0.007375,0.183315,0.087298,14.632624
2201601164,-0.058421,-1.635079,-0.239044,0.061272,-0.110750,-0.049485,14.554265
2301673944,1.937894,-2.741618,-0.381001,-0.219040,0.296091,0.232433,14.747400
2401746724,-1.237730,1.091344,-0.321218,-0.129949,0.203940,0.122842,14.709869
2501819505,-0.656398,-4.424024,-0.343176,-0.092955,0.334324,0.175073,14.765344
2601892285,-0.665078,0.951388,0.662782,-0.216653,0.461443,0.154353,14.786974
2701965065,-0.922270,2.262084,0.088740,-0.026548,-0.065080,-0.012545,14.945591
2802037845,0.363707,0.293533,-0.703676,-0.099177,0.153204,0.074785,14.879686
2902110625,-1.124681,1.481267,-0.223018,0.085661,-0.268688,-0.159213,14.957528
3002183406,-0.242959,-3.064865,0.208966,0.065671,-0.028494,-0.038711,14.934711
3102256186,-0.782159,-0.922974,-0.896593,0.028115,0.071282,0.016316,15.009453
3202328966,-1.346960,-0.825237,-0.204571,-0.107336,0.008401,0.007352,15.035778
3302401746,-1.556563,-0.372993,0.011946,0.030064,-0.066477,-0.034609,15.116414
3402474526,-0.215064,-0.877983,0.137936,0.091139,0.001702,-0.102712,15.174040
3502547307,-1.044009,0.698774,0.635053,0.026478,-0.050994,-0.063785,15.183743
3602620087,-0.106317,-0.891688,-0.486825,0.034716,-0.081390,-0.078035,15.322410
3702692867,0.123371,-1.354607,0.264138,-0.108303,0.077338,0.079129,15.155722
3802765647,-0.867087,-0.505716,0.355075,-0.050134,0.114384,0.031320,15.225240
3902838427,0.181574,-2.363972,-0.338287,-0.103115,0.184991,0.103756,15.340622
4002911208,-1.090761,0.334470,1.129526,-0.010106,0.025259,0.031209,15.322813
4102983988,0.341015,-1.060218,0.370889,-0.104223,0.126042,-0.038344,15.288561
4203056768,-1.937909,-0.184239,-0.090249,-0.098545,0.241706,0.183418,15.340007
4303129548,-0.659074,0.758462,0.104288,0.000761,0.059135,-0.001012,15.304183
4403202328,-0.922127,-2.153428,-0.221663,-0.140225,0.112206,0.065599,15.279085
4503275109,-1.312610,-0.139226,0.438730,0.024366,-0.172301,0.024411,15.281825
4603347889,-0.271166,-1.957564,-0.167999,0.025489,0.121360,-0.104877,15.189664
4703420669,-1.201057,-1.836872,-0.242068,0.037671,0.109634,-0.003371,15.236482
4803493449,-1.277392,-0.046515,0.007737,-0.110607,0.083734,0.061678,15.245790
4903566229,-0.829974,-0.709893,-0.926017,0.018231,0.089196,-0.040394,15.210610
5003639010,-1.944669,0.078186,0.135221,-0.077803,0.087703,0.058700,15.125765
5103711790,0.043873,-0.686926,-0.006205,0.043907,0.041302,-0.042905,15.227357
5203784570,1.090802,-1.433139,0.113563,-0.120708,0.154669,0.068705,15.235059
5303857350,1.878361,-1.867331,-0.222060,0.043579,-0.113894,-0.059215,15.161396
5403930131,-0.026634,-2.677218,-1.139125,-0.185745,0.000856,0.041866,15.226836
5504002911,-1.716346,1.819918,0.294832,0.145576,-0.320511,-0.158231,15.298655
5604075691,0.428272,-1.748414,1.092651,0.145908,-0.121382,-0.119765,15.296033
5704148471,-0.081370,2.022190,0.498665,0.142836,-0.124970,-0.212802,15.367102
5804221251,0.323556,-1.032101,1.373753,0.197465,-0.309375,-0.161602,15.391606
5904294032,2.152619,-4.548188,0.930504,0.227610,-0.152656,-0.206221,15.426207
6004366812,0.509524,1.306046,-1.108234,0.131615,-0.197818,-0.078438,15.389100
6104439592,2.029407,-3.974552,-1.670492,-0.262305,0.471109,0.230397,15.482046
6204512372,-1.341422,0.453339,-1.609773,-0.220518,0.148846,0.242369,15.552081
6304585152,2.574731,-3.521880,0.260857,-0.106633,0.238622,0.184947,15.597983
6404657933,1.482292,-2.984726,-0.686166,-0.197423,0.370697,0.184096,15.635741
6504730713,-0.258505,2.387424,1.133275,0.157817,-0.277735,-0.192146,15.619390
6604803493,2.055085,-1.544169,-0.454879,0.106794,-0.103330,-0.181773,15.781641
6704876273,-1.307595,0.422549,-0.813040,0.134763,-0.219480,-0.230862,15.699300
6804949053,1.382902,-1.985817,0.003637,0.093467,-0.132636,-0.048487,15.822596
6905021834,-0.821077,2.526684,0.136145,0.130126,-0.158792,-0.158415,15.849646
7005094614,1.626372,-1.565895,0.017085,0.180747,-0.253920,-0.122367,15.825468
7105167394,1.287985,-3.047187,-0.644826,-0.067692,0.168672,0.150459,15.895087
7205240174,2.255006,-1.043092,-0.851820,-0.008208,-0.154638,-0.077306,15.963121
7305312954,0.752164,-1.146942,0.084762,-0.131727,0.123906,0.125315,15.871395
7405385735,-1.572763,-0.606042,-0.512099,-0.060786,0.086097,0.004273,15.824790
7505458515,-0.278183,-1.192812,-0.112892,-0.018656,0.144678,0.017936,15.783184
7605531295,-0.293810,-0.015681,1.100901,-0.077872,0.248199,0.103865,15.717118
7705604075,1.077536,0.947721,-1.228213,-0.043413,0.084924,0.026458,15.702107
7805676855,-2.036674,0.667657,0.074991,-0.129977,0.151856,0.106066,15.713780
7905749636,0.788619,-1.690588,-0.152628,-0.008904,0.086147,-0.002556,15.623666
8005822416,0.995017,-1.923227,-0.128709,-0.147807,0.210420,0.177684,15.537878
8105895196,1.522305,-2.673126,-0.381016,0.001410,0.016674,-0.013619,15.520557
8205967976,0.565081,-1.070855,0.369336,-0.114214,0.172334,0.103125,15.286303
8306040756,-2.099303,0.555305,-0.290509,0.125210,-0.060161,-0.083624,15.237771
8406113537,-1.099932,-0.827023,-0.079670,-0.058321,-0.034733,0.015437,15.376543
8506186317,-0.007809,0.397961,1.075773,0.002081,-0.107132,-0.084778,15.185827
8606259097,-0.553653,-0.562875,0.445294,0.052127,-0.070767,-0.072289,15.162508
8706331877,-0.687856,-0.199115,0.337219,-0.017813,-0.019658,-0.049401,15.059927
8806404657,-0.205687,-2.316443,-0.991373,0.022304,-0.135840,-0.062792,14.950276
8906477438,-0.038743,0.070503,-0.623986,-0.048837,-0.001335,0.022658,14.865324
9006550218,-1.075041,-1.901470,-0.785731,-0.066755,-0.099922,0.028760,14.864687
9106622998,-1.418780,0.364283,-0.122336,-0.213288,-0.162015,0.258360,14.787638
9206695778,-0.622454,-0.268231,1.403327,0.209274,0.039945,-0.198837,14.757873
9306768558,-2.822439,-1.178414,0.466593,0.116519,0.165323,-0.222733,14.588212
9406841339,0.017791,-0.500435,1.766493,-0.086638,0.001925,0.111269,14.572048
9506914119,0.769566,-2.515957,0.505778,-0.094205,0.006776,-0.021737,14.476757
9606986899,-0.724998,-2.236512,-0.791581,-0.017733,0.002318,0.058653,14.445183
9707059679,-0.145030,-1.529641,0.206423,-0.022428,0.090744,-0.017226,14.396708
9807132459,-0.808905,0.764399,1.010446,-0.068295,0.183093,0.108985,14.262162
9907205240,-1.921299,-2.038537,-1.150470,-0.096386,-0.035256,0.026687,14.257795
10007278020,-0.003169,-3.593876,-0.998170,-0.065096,-0.231233,-0.140774,14.164131
10107350800,-0.181224,-1.341998,0.212844,-0.047200,-0.053738,0.034418,14.154158
10207423580,-2.019206,-3.399292,-0.789584,0.023322,-0.114836,-0.031323,14.162715
10307496360,0.560065,-1.819020,1.372686,0.136072,-0.248953,-0.090494,14.094008
10407569141,-4.717387,-0.743291,-0.509935,0.073572,0.257233,-0.068930,14.074027
10507641921,-0.216007,-2.210932,-0.023003,-0.019576,0.246882,0.043215,14.146329
10607714701,-0.818797,-0.266990,0.223066,-0.115055,0.141636,0.036750,14.141053
10707787481,-1.441209,-0.162294,0.322388,-0.047887,0.122649,-0.173124,14.162121
10807860262,-0.114881,-2.604089,-0.141203,-0.040654,0.119697,0.157871,14.110808
10907933042,-2.026180,-0.673037,0.462299,0.069836,-0.217908,-0.132852,14.186029
11008005822,0.866573,-3.316780,0.160130,0.069765,-0.089983,-0.081784,14.268733
11108078602,-1.373748,0.382587,0.522794,0.068348,-0.071455,-0.008539,14.268717
11208151382,0.002413,-1.154930,-0.313211,-0.034529,-0.074806,-0.007615,14.306663
11308224163,0.104363,-0.883367,-0.207481,-0.081619,-0.012004,0.064645,14.508749
11408296943,-0.163120,-0.834100,0.134512,0.008139,0.092465,-0.010869,14.539675
11508369723,0.339982,-0.448564,0.418934,0.041041,-0.031528,-0.054328,14.653123
11608442503,0.754214,-1.820979,0.869560,0.006735,0.005832,0.011440,14.596496
11708515283,-0.634932,-0.098442,0.535085,0.030649,-0.005122,0.016477,14.669239
11808588064,0.183246,-1.002260,0.497988,0.045205,0.010943,-0.077755,14.709610
11908660844,-0.254151,-1.414424,-0.515885,-0.035194,0.064530,-0.003919,14.880938
12008733624,-0.022345,-0.685128,-0.823497,-0.039453,0.109198,0.095936,14.917451
12108806404,-0.636694,-1.119534,0.033148,0.030369,0.019084,-0.014069,14.883473
12208879184,0.440303,-0.567511,0.590463,0.068272,0.071372,0.008663,15.141336
12308951965,0.544036,-1.951711,0.835760,-0.028580,0.010138,0.088515,15.186463
12409024745,1.357895,-1.300720,-0.329702,-0.109302,0.122743,0.067475,15.302153
12509097525,0.541788,-0.916220,1.186197,0.029223,-0.196901,-0.115625,15.311529
12609170305,-0.678299,-2.011670,-0.276451,-0.166615,0.099897,0.107910,15.492698
12709243085,-0.180249,1.893407,0.237766,-0.185257,0.267177,0.225013,15.464820
12809315866,0.307219,-0.783623,0.136249,0.016623,0.017233,-0.046226,15.540368
12909388646,-0.907541,4.412841,-0.170328,-0.193342,0.413575,0.267162,15.711627
13009461426,1.218320,-1.496819,-0.228253,0.243885,-0.411514,-0.192366,15.740710
13109534206,0.477133,2.928325,0.352882,0.142152,-0.263891,-0.200418,15.784597
13209606986,3.253858,-3.978560,-0.354202,0.210237,-0.401111,-0.203266,15.960187
13309679767,2.062008,-1.733305,-0.691806,0.047063,-0.172056,-0.085625,15.955841
13409752547,4.690569,-2.984558,0.172867,0.304956,-0.484823,-0.249502,15.905147
13509825327,-0.303402,-0.141551,0.982616,0.072360,-0.398820,-0.239970,15.984180
13609898107,-2.391997,2.906302,-1.091511,-0.055279,-0.131094,0.080334,16.173684
13709970887,-0.238031,-2.305423,-0.747373,-0.339221,0.510566,0.462359,16.138376
13810043668,-0.971391,2.338697,0.431543,-0.099786,0.377479,0.017246,16.186840
13910116448,-0.574671,-1.458041,-0.424733,-0.175082,0.353316,0.146120,16.246225
14010189228,-3.496686,1.594325,0.194026,-0.267406,0.359186,0.340201,16.163103
14110262008,1.152208,-1.849067,0.384026,-0.059867,0.063294,0.014467,16.328410
14210334788,0.591490,-2.555708,0.080437,-0.097769,0.333825,0.205371,16.094908
14310407569,0.500478,1.949110,-0.509629,-0.112812,0.193237,0.025510,16.252218
14410480349,2.346589,-0.723181,-0.934296,-0.103225,0.215185,0.106322,16.380131
14510553129,0.650988,0.635188,-0.297509,0.097843,-0.157137,-0.077175,16.123095
14610625909,1.307479,-1.958625,0.131851,-0.026621,0.033230,0.056938,16.109394
14710698689,0.463710,-1.377477,-0.292642,0.072813,-0.006171,0.014428,16.132348
14810771470,-0.546192,-1.780382,0.883184,-0.000323,0.078919,-0.107636,16.153680
14910844250,-0.355820,0.914646,0.692633,0.138269,-0.224994,-0.186695,16.151669
15010917030,0.630670,-2.960698,-0.100131,0.145415,-0.149779,-0.123384,16.009303
15110989810,-0.859958,-0.370684,-0.042901,0.003826,0.019618,-0.055050,15.950150
15211062590,-0.849373,0.420249,-0.268187,0.108843,-0.185930,-0.061728,15.957858
15311135371,0.731069,0.323986,-0.448565,-0.102532,0.115402,0.103501,15.814328
15411208151,0.041542,-0.555405,0.137893,0.044123,-0.056169,-0.020271,15.828231
15511280931,0.398210,-2.892793,-0.588944,-0.147961,0.292963,0.190151,15.730362
15611353711,-2.011014,0.724218,-0.116736,-0.217569,0.232416,0.244510,15.689694
15711426491,2.022720,-2.782292,0.423464,-0.116370,0.141598,0.162367,15.657071
15811499272,-0.496685,-1.741556,-0.664206,-0.084585,0.172494,0.097058,15.647930
15911572052,0.719882,-3.008749,-0.368500,-0.004374,0.062467,-0.007217,15.566528
16011644832,-0.399962,-0.582211,0.361350,-0.095331,0.111880,0.117525,15.537445
16111717612,-1.804029,0.278367,0.355138,0.083044,-0.180662,-0.093193,15.512067
16211790393,-0.578111,-1.447514,0.462867,0.045137,-0.011749,-0.086017,15.474379
16311863173,-1.519976,-0.218192,-0.072516,0.130533,-0.081556,-0.109473,15.530824
16411935953,0.314707,-1.291222,0.238170,0.043276,0.031276,-0.024192,15.522389
16512008733,-0.491422,-0.497774,0.163181,-0.062873,0.190309,0.059297,15.419570
16612081513,0.526213,-2.022056,-0.106325,-0.031126,-0.016460,0.008157,15.457385
16712154294,1.180531,-2.525338,0.719622,-0.191372,0.189593,0.227703,15.478220
16812227074,0.953700,1.193600,1.828778,-0.054312,0.493324,0.129038,15.411980
16912299854,1.230843,-1.868872,1.880716,0.231624,0.165282,-0.164719,15.487916
17012372634,-1.849841,-0.242964,-1.093284,0.194328,-0.186399,-0.188730,15.466869
17112445414,0.277904,-4.211120,-1.387225,0.000518,-0.446098,-0.179117,15.431871
17212518195,0.121220,1.026764,0.517085,0.028748,-0.154327,-0.108956,15.491907
17312590975,0.101889,-0.504357,0.242529,0.097838,-0.156908,-0.059200,15.482078
17412663755,0.013651,1.026430,0.019688,0.082398,-0.068406,-0.076467,15.520764
17512736535,-0.047442,-1.116936,0.931851,0.160202,-0.127099,-0.149214,15.580495
17612809315,1.101163,-1.380935,-0.291545,-0.054933,0.121046,-0.001378,15.487516
17712882096,0.847062,-1.257103,-0.299889,-0.002737,-0.034211,0.010941,15.535978
17812954876,0.370187,-0.858696,-0.274710,-0.115544,0.250154,0.088396,15.564894
17913027656,0.119045,0.798948,0.408572,-0.065567,0.090042,0.011192,15.543520
18013100436,0.364581,-0.709757,0.312237,-0.192185,0.323284,0.135920,15.575415
18113173216,-1.222399,1.735279,-0.213678,-0.200005,0.197255,0.166093,15.556051
18213245997,-1.133208,0.523392,0.423214,-0.075888,0.037671,0.059071,15.628779
18313318777,-0.737167,1.263399,0.778928,-0.166958,0.275524,0.142603,15.638156
18413391557,2.165980,-1.369974,-0.671411,-0.061032,0.259965,0.109787,15.698011
18513464337,0.898731,-0.634178,-0.656589,-0.341076,0.319589,0.117133,15.668602
18613537117,-1.922290,3.631908,-0.269772,0.191775,-0.385342,-0.243263,15.718888
18713609898,-0.172482,-1.328991,-0.131571,0.075129,-0.155749,-0.160040,15.685054
18813682678,-3.740788,3.021761,-0.036332,0.196204,-0.262516,-0.289524,15.686738
18913755458,-0.095689,0.798099,0.618793,0.189854,-0.264141,-0.259882,15.780468
19013828238,-1.680501,2.472542,-0.058210,0.006652,-0.000224,-0.114456,15.825984
19113901018,0.214304,-0.676197,-0.434856,0.041716,-0.118314,-0.104357,15.819575
19213973799,1.096685,-2.261441,-0.196681,-0.104083,0.133600,0.107949,15.820438
19314046579,-0.038631,-2.499927,0.490091,0.072295,-0.057488,-0.161228,15.844325
19414119359,0.037971,-0.642277,0.112334,-0.201773,0.391125,0.161215,15.856065
19514192139,-0.856195,3.072358,0.271215,-0.091879,0.183056,0.017052,15.834513
19614264919,1.382469,-0.887017,-0.303277,-0.337702,0.389364,0.203360,15.814752
19714337700,-2.293121,2.057198,0.070881,-0.218051,0.372054,0.213493,15.853407
19814410480,0.727146,-1.644459,-0.061108,-0.165309,0.263417,0.083675,15.830919
19914483260,0.017721,-1.864637,0.090867,-0.214476,0.334639,0.152739,15.750992
20014556040,-0.628083,-2.520323,0.269126,0.086200,0.027569,-0.077777,15.734495
20114628820,-0.343536,0.040340,0.324210,-0.130973,0.247473,0.075408,15.742566
20214701601,-1.185824,1.913193,-0.272744,0.058037,-0.031572,-0.063194,15.759496
20314774381,-0.367962,0.104531,0.141261,-0.124165,0.086343,-0.003025,15.706929
20414847161,-2.490382,1.692090,0.166447,-0.138337,0.268772,0.072419,15.718509
20514919941,0.571713,-1.409817,-0.337266,0.078453,-0.138248,-0.161524,15.723764
20614992721,-1.427662,0.451846,-0.250656,0.028332,-0.038788,-0.118685,15.718357
20715065502,0.548606,0.019038,-0.264454,0.037708,-0.036807,-0.002932,15.611444
20815138282,1.515704,0.724223,-0.567025,-0.086005,0.136461,0.098259,15.644269
20915211062,-0.879061,1.785804,-0.409349,-0.004718,0.074550,0.032207,15.555731
21015283842,0.756169,0.322656,-0.015061,-0.092696,0.347675,0.173098,15.706349
21115356622,-0.631770,0.333033,-0.347824,-0.202695,0.206954,0.032381,15.666574
21215429403,-0.326086,1.306401,-0.049649,-0.055523,0.062797,-0.008062,15.556746
21315502183,-0.626281,-0.084705,-0.134943,-0.046042,0.107788,0.058366,15.545474
21415574963,-0.534799,-0.373599,0.085091,-0.059012,0.072628,0.003146,15.547277
21515647743,-1.320803,-0.076044,0.271900,-0.040981,0.122831,0.053047,15.547272
21615720524,-0.811139,0.194022,0.416569,-0.033071,0.046903,0.019801,15.560742
21715793304,-0.084365,0.032558,0.032978,-0.012562,0.076658,-0.099258,15.499573
21815866084,-1.447766,0.696112,-0.408224,-0.039729,0.129855,-0.051352,15.436777
21915938864,-0.888339,0.307902,0.221343,-0.065183,0.056320,-0.044696,15.431107
22016011644,-1.684730,1.781366,-0.184235,-0.008444,-0.042177,-0.069613,15.428449
22116084425,-1.503765,-0.392172,-0.835780,-0.060665,-0.137554,-0.046691,15.388714
22216157205,-0.802988,-0.498309,-0.123796,0.009162,0.009260,-0.078433,15.402265
22316229985,-2.923553,0.356767,-0.537054,-0.114760,0.146087,-0.039570,15.335452
22416302765,-0.374537,0.958738,0.084133,-0.201924,0.136690,0.056676,15.301446
22516375545,-2.450129,0.939595,0.809743,-0.120618,0.267461,0.006757,15.295477
22616448326,-2.817410,0.472274,0.145715,-0.166142,0.157299,0.067585,15.278695
22716521106,-1.108648,0.842574,-0.155460,-0.142339,0.106740,0.034384,15.273867
22816593886,-2.048585,0.502828,-0.292501,-0.125886,0.167001,0.001716,15.224067
22916666666,-1.565066,0.786694,-0.414396,-0.098150,0.231687,0.006024,15.193241
23016739446,-1.316874,1.407968,-0.408789,-0.196007,0.091162,0.074101,15.249934
23116812227,-0.075895,1.271428,0.074423,-0.304046,0.125423,0.104955,15.174486
23216885007,0.371117,0.379906,0.044524,-0.269264,0.184124,0.127048,15.188501
23316957787,-1.981009,-0.305614,-0.906050,-0.036501,0.259843,-0.124954,15.247766
23417030567,-0.461034,-0.688158,-0.281569,0.022504,0.100278,-0.186815,15.148256
23517103347,-0.103194,-0.313173,0.392817,-0.081890,0.054914,-0.024271,15.188948
23617176128,0.924620,-0.146727,-0.249601,-0.162488,0.134662,0.008903,15.178073
23717248908,1.340726,-0.778907,-0.602572,-0.090422,0.164065,0.057055,15.244034
23817321688,1.905121,-1.636755,-0.973423,-0.085416,0.145188,0.053604,15.250261
23917394468,0.816141,-1.187681,-0.376099,-0.066239,0.147444,0.048058,15.217066
24017467248,-2.057342,-0.151348,-0.199828,0.120722,-0.037525,-0.041743,15.242564
24117540029,-0.834450,0.806357,0.166088,-0.043717,0.090540,-0.002804,15.278854
24217612809,-2.005096,1.859017,-0.407466,0.148499,-0.289693,-0.130196,15.303958
24317685589,0.743742,-0.707031,-0.926512,0.043713,-0.115995,-0.161369,15.308922
24417758369,-0.854846,0.447065,-1.028775,0.017679,-0.160668,-0.028002,15.383328
24517831149,1.558457,-1.491458,-0.048515,0.038399,-0.170528,-0.150219,15.421373
24617903930,1.422897,0.361329,0.207408,-0.057508,0.090225,0.003908,15.498214
24717976710,-1.513369,0.907335,0.390428,0.034992,-0.038635,-0.073921,15.495293
24818049490,0.460910,0.841130,0.250190,-0.119150,0.236397,0.080507,15.554936
24918122270,-1.966057,0.246604,-0.013995,0.000923,0.087366,-0.013470,15.541358
25018195050,0.538734,0.069280,0.146636,-0.092634,0.254385,0.058661,15.600264
25118267831,-0.602198,1.348178,-0.300333,-0.123103,0.048553,0.079164,15.661101
25218340611,1.494016,1.620563,0.432479,-0.006938,-0.277002,-0.027185,15.617492
25318413391,5.601040,-1.367241,-0.294688,0.256832,-0.476430,-0.314045,15.692224
25418486171,2.984443,-0.460321,-0.207141,0.244544,-0.564782,-0.299346,15.733176
25518558951,-3.261382,0.997240,-0.176732,-0.200121,0.281049,0.225372,15.667567
25618631732,2.184474,-0.393506,-0.243318,-0.261664,0.504118,0.332838,15.810329
25718704512,-2.093785,0.961567,0.700564,-0.173477,0.371318,0.170618,15.848815
25818777292,1.941003,-0.579911,-0.128665,-0.254979,0.495332,0.248126,15.876087
25918850072,-1.619708,0.162601,0.268959,-0.180221,0.375884,0.253908,15.970199
26018922852,3.710701,0.437705,0.087428,-0.091527,0.146679,0.099847,16.010794
26118995633,2.732577,-0.837712,-0.167927,-0.161864,0.229616,0.143707,15.992046
26219068413,1.763585,0.399781,-0.506571,-0.078267,0.026209,0.036967,16.074884
26319141193,-0.557983,0.553757,0.172401,-0.101260,0.207097,0.095976,16.126199
26419213973,-0.462603,-0.640276,-0.170405,-0.149205,0.153834,0.123235,16.085505
26519286754,-1.108112,0.280870,0.103905,-0.089772,0.174165,0.165355,16.129072
26619359534,0.154537,0.200217,0.890207,0.115141,-0.158104,-0.135203,16.153263
26719432314,2.828055,-1.463358,0.254887,0.049298,0.056848,0.024564,16.188507
26819505094,1.349165,-0.368459,-0.190069,0.084076,-0.168109,-0.108185,16.220430
26919577874,1.709968,-1.912016,-0.555138,-0.050667,-0.127021,-0.074221,16.256170
27019650655,-0.195728,1.304753,-0.179333,0.029168,-0.163566,-0.186903,16.246583
27119723435,1.304485,0.789827,0.226670,0.072599,-0.102910,-0.075451,16.246317
27219796215,-1.294822,-0.183877,0.741164,0.161754,-0.349881,-0.128875,16.222463
27319868995,0.167717,0.591621,0.482349,0.138195,-0.279907,-0.145525,16.230597
27419941775,-1.511819,-1.222071,-0.015362,0.089911,0.024588,0.003671,16.214749
27520014556,1.706460,-1.343639,0.121372,-0.000643,-0.172624,-0.063158,16.247495
27620087336,2.600793,0.980135,0.659428,-0.104404,-0.003112,0.018776,16.223339
27720160116,2.892345,2.196477,-0.089283,0.003840,0.003234,0.066094,16.237177
27820232896,2.805065,1.520117,-0.192065,-0.188355,0.373119,0.211241,16.255612
27920305676,-1.149643,-0.533181,-0.338742,-0.153587,0.084008,0.149376,16.209042
28020378457,2.516328,-1.051183,-0.224811,-0.296196,0.558005,0.359855,16.250927
28120451237,-0.094665,-0.853318,1.130036,-0.119825,0.373019,0.204664,16.257866
28220524017,4.662342,-1.629415,1.326649,-0.226401,0.334735,0.231335,16.267458
28320596797,2.487165,-1.709870,0.333551,-0.163596,0.403277,0.253955,16.306841
28420669577,4.824030,-0.384268,0.162865,-0.020160,0.030011,0.018672,16.271384
28520742358,0.968575,-1.730885,-0.139248,-0.144618,0.034289,0.124675,16.353047
28620815138,-1.770638,-0.345001,0.506521,0.186394,-0.353752,-0.158254,16.453774
28720887918,0.628367,-0.765373,-0.257710,0.145503,-0.167774,-0.114124,16.510938
28820960698,-1.040851,0.004742,-0.194163,0.177255,-0.244838,-0.175352,16.553151
28921033478,2.240559,0.407939,-0.044131,0.245798,-0.278166,-0.255383,16.590024
29021106259,5.572426,-1.290832,2.001299,0.218065,-0.183196,-0.237152,16.618508
29121179039,5.423588,0.241159,0.101341,0.142439,-0.202313,-0.207682,16.657538
29221251819,1.470955,-0.211027,0.239434,-0.202834,0.254684,0.179547,16.738220
29321324599,-3.199193,2.539682,0.146787,0.051833,-0.083621,-0.080675,16.800258
29421397379,-1.194809,-0.772492,0.297025,-0.188343,0.488600,0.291232,16.879517
29521470160,-0.860795,0.945122,0.822207,-0.055992,0.264015,0.088717,16.903626
29621542940,3.141534,-1.417708,-0.443746,-0.288596,0.619306,0.312805,16.950260
29721615720,-2.327163,0.515009,0.019584,-0.309747,0.423402,0.327230,17.022822
29821688500,4.052157,-1.438166,0.594607,-0.140852,0.217107,0.131258,17.043237
29921761280,3.449186,-0.378262,0.230270,-0.182783,0.289325,0.256991,17.090034
30021834061,3.771258,1.501167,0.036261,-0.020859,-0.081544,-0.029473,17.134360
30121906841,1.958456,-0.084975,-0.018229,-0.034337,0.044928,0.036380,17.191516
30221979621,0.786528,1.236589,0.187207,0.132588,-0.212074,-0.091638,17.305386
30322052401,2.322653,0.156963,0.020607,0.039704,-0.129017,-0.186502,17.369924
30422125181,0.686209,2.211424,0.187115,0.099747,-0.113583,-0.110733,17.409179
30522197962,3.296581,1.551956,0.390854,0.092759,-0.154734,-0.152800,17.427219
30622270742,3.173630,0.909904,1.093778,-0.080688,0.094496,-0.002996,17.456705
30722343522,1.491767,-0.415389,0.967878,0.083389,0.054861,0.102187,17.533909
30822416302,3.247635,1.659500,0.035526,-0.158191,0.213170,0.180486,17.609648
30922489082,0.696258,0.725904,-0.525049,-0.025576,0.079584,0.110579,17.705479
31022561863,-0.116547,1.495751,0.113145,-0.020915,-0.038127,-0.134523,17.738956
31122634643,-1.027304,1.567729,-0.415903,-0.288163,0.276474,0.139761,17.707027
31222707423,0.105960,2.164972,0.801819,-0.094747,0.006756,0.108171,17.797465
31322780203,4.931698,0.270038,0.287582,-0.143448,0.199046,0.067600,17.824911
31422852983,3.786816,0.844221,0.684117,-0.011171,-0.139204,-0.118175,17.786944
31522925764,2.113232,1.502050,0.478140,0.099128,0.038296,0.187814,17.797962
31622998544,0.455877,1.701138,-0.356753,0.151240,-0.214372,-0.096054,17.835256
31723071324,1.426468,2.394899,-0.451915,-0.048346,-0.122999,-0.072725,17.828036
31823144104,0.143608,0.742051,-0.097159,0.167266,-0.249162,-0.152208,17.791339
31923216885,1.566983,2.083107,1.096465,0.183132,-0.273990,-0.252515,17.765209
32023289665,0.028445,3.276522,0.471623,0.078762,-0.261018,-0.245204,17.760945
32123362445,3.683624,1.124775,-0.456495,0.071478,-0.152739,0.064245,17.675719
32223435225,5.281684,1.588713,0.042326,-0.083131,0.250967,0.240262,17.656794
32323508005,2.639274,2.292129,-0.177057,0.036300,-0.045507,-0.066988,17.609421
32423580786,1.381950,2.086782,-0.284766,-0.007828,-0.209667,-0.031599,17.556856
32523653566,1.595667,1.855169,0.403614,-0.000536,-0.173371,-0.070637,17.468029
32623726346,1.514678,1.537327,-0.121235,-0.085417,0.048721,0.033546,17.359248
32723799126,1.058399,3.123656,-0.004767,-0.070016,0.149110,0.174694,17.311327
32823871906,2.731290,2.591849,0.234268,-0.102562,0.100738,0.142051,17.249431
32923944687,1.740740,2.571637,0.407540,-0.042444,0.128029,0.070263,17.122280
33024017467,2.490372,1.604552,-0.274870,0.058260,0.034322,0.028152,17.016781
33124090247,1.952176,3.080542,0.986398,0.051602,-0.029024,-0.079692,16.954344
33224163027,0.988602,2.022446,0.278074,0.067319,0.021562,-0.056941,16.854563
33324235807,2.614509,2.912483,0.045953,0.083222,-0.092161,-0.095065,16.785982
33424308588,2.311783,1.455717,-0.563736,-0.005799,-0.138339,-0.097318,16.698477
33524381368,1.027178,2.284542,0.217348,0.042541,-0.119915,-0.045736,16.598579
33624454148,0.865100,3.124828,-0.115049,-0.127406,0.115655,0.077439,16.513884
33724526928,1.793103,3.291547,-0.219286,-0.092476,0.178567,0.072809,16.437822
33824599708,3.722047,0.869406,-0.772096,-0.417068,0.633858,0.442464,16.292462
33924672489,-0.864238,1.746125,-0.417077,-0.493708,0.526916,0.520607,16.165838
34024745269,7.865214,-0.313144,1.283822,-0.449967,0.679324,0.487223,16.015430
34124818049,3.609005,-0.653007,0.166112,-0.386014,0.648495,0.419911,15.913255
34224890829,7.056953,-1.034131,0.149387,-0.091604,0.118047,0.109373,15.756657
34324963609,2.136393,0.597973,0.424584,-0.330673,0.514768,0.392267,15.574095
34425036390,5.963400,-0.043359,0.260452,-0.232290,0.486430,0.319519,15.401547
34525109170,5.211793,-1.035113,0.371987,-0.127298,0.333198,0.182133,15.267157
34625181950,1.510524,0.285624,0.242106,-0.051198,0.108987,0.116156,15.130932
34725254730,5.296498,-0.636821,0.354773,-0.323080,0.503951,0.367756,14.947246
34825327510,0.359056,-0.474686,0.092639,-0.180129,0.350455,0.216224,14.759663
34925400291,4.309481,-1.065133,-0.027422,-0.190115,0.319372,0.226583,14.615932
35025473071,-0.885456,-0.034402,-0.586378,-0.235145,0.309427,0.246255,14.418986
35125545851,1.210475,0.796509,-0.243464,-0.033903,0.044787,0.049383,14.245844
35225618631,3.555981,-1.691548,0.725524,-0.171413,0.132465,0.054679,14.082567
35325691411,1.680634,-1.145448,0.179639,0.001919,-0.224238,-0.119436,13.856347
35425764192,4.328520,0.057587,-0.606834,-0.084919,-0.015301,-0.002875,13.679870
35525836972,-1.532124,0.982433,-0.077036,0.146324,-0.400454,-0.244505,13.532339
35625909752,0.963588,0.188397,-0.371714,0.036738,-0.200886,-0.043907,13.297671
35725982532,-0.378221,0.366771,0.427077,0.277341,-0.401373,-0.234595,13.091223
35826055312,2.619694,-1.507331,0.547719,0.178039,-0.264635,-0.185909,12.945205
35926128093,0.539902,0.695256,0.147475,0.152877,-0.234016,-0.169670,12.751415
36026200873,3.380701,-0.456888,0.482128,0.160920,-0.220784,-0.173234,12.557422
36126273653,2.153813,-1.037564,-0.612560,0.095042,-0.080763,-0.101726,12.408162
36226346433,2.220093,-1.411380,0.059762,0.094655,-0.150866,-0.067074,12.325264
36326419213,0.319298,0.137034,-0.056083,0.062436,-0.026934,-0.034189,12.251561
36426491994,-0.251269,0.520982,0.496209,0.042897,-0.073509,-0.072759,12.239478
36526564774,-0.067934,0.864065,-0.363013,-0.086779,0.151425,0.064807,12.243177
36626637554,0.256216,-0.452600,-0.670620,-0.150277,0.090252,0.167166,12.250813
36726710334,3.611668,0.979224,0.735270,-0.351398,0.407199,0.352338,12.260118
36826783114,0.587988,1.024072,0.166863,-0.277193,0.363082,0.295335,12.271334
36926855895,4.776781,-2.704761,0.683141,-0.306163,0.295035,0.314506,12.254488
37026928675,3.379436,0.502659,-0.700252,-0.260190,0.299605,0.256619,12.215023
37127001455,3.902006,-0.413345,0.041288,-0.152401,0.073501,0.085066,12.216993
37227074235,-0.167835,-1.094633,-0.311029,-0.173144,0.120042,0.158012,12.179526
37327147016,-0.077453,-1.213230,-0.237623,0.040302,-0.078576,-0.037311,12.207902
37427219796,1.864319,-1.475834,-0.283034,-0.055032,0.140052,0.073750,12.192522
37527292576,1.220247,-0.130041,-0.025423,-0.067071,0.121025,0.099690,12.258985
37627365356,2.370462,-0.721005,0.579310,0.077719,-0.046874,-0.001139,12.253987
37727438136,1.050223,-1.029706,0.210508,0.101568,-0.028394,-0.057697,12.287224
37827510917,2.106531,-0.395318,0.362596,0.106303,-0.026403,-0.075926,12.302239
37927583697,2.243551,0.461633,0.556079,0.031015,-0.010776,-0.062343,12.355940
38027656477,2.448127,-0.386739,0.525781,0.093759,0.005566,-0.082974,12.329704
38127729257,1.569579,-1.254023,-0.460037,-0.008703,0.124064,-0.003910,12.353081
38227802037,1.006884,-0.547052,0.088827,-0.018886,0.088471,0.033634,12.384434
38327874818,0.659528,-0.842722,0.323034,0.054743,0.006819,-0.049606,12.441903
38427947598,0.646544,-0.523564,-0.067575,0.022135,0.130850,-0.066465,12.443981
38528020378,1.184261,-0.449377,-0.930479,-0.011536,0.132596,-0.013615,12.462995
38628093158,0.716621,-0.422795,-0.616756,-0.122638,0.061232,0.096407,12.468567
38728165938,1.634375,-0.938387,0.586344,-0.091539,0.033856,0.066372,12.532018
38828238719,1.023122,-1.483466,-0.434662,-0.042949,0.095711,0.034714,12.559453
38928311499,0.770903,-1.828067,-0.456879,-0.003357,0.046953,0.033898,12.636964
39028384279,0.516340,-1.603875,-0.310428,-0.078138,-0.036583,0.089236,12.736124
39128457059,1.251123,-0.444911,0.664724,-0.052732,-0.029377,0.009208,12.785048
39228529839,1.591025,-0.745854,-0.511816,0.007823,0.050151,-0.022924,12.769625
39328602620,1.903831,-0.556938,-0.230526,-0.025586,-0.004555,-0.004958,12.899239
39428675400,0.835200,-1.054872,-0.593783,-0.013181,0.048846,0.042374,12.994197
39528748180,0.317340,-1.185334,-0.732256,-0.020589,0.067198,0.007026,13.073567
39628820960,-0.140744,-1.984404,-0.309098,-0.034256,0.007716,0.087040,13.163233
39728893740,0.809387,-0.762935,1.052689,-0.000961,-0.096812,0.013042,13.242799
39828966521,1.709786,-1.639934,0.307214,-0.000954,0.041722,0.023124,13.394058
39929039301,1.379426,-1.053979,0.470430,0.062660,-0.081869,-0.007133,13.455959
40029112081,1.710587,-1.098303,0.216423,0.053585,-0.117536,-0.169831,13.523301
40129184861,1.799050,-1.304558,0.017272,0.135910,-0.232017,-0.193660,13.667082
40229257641,4.642968,-1.199808,0.770806,0.245143,-0.276624,-0.174991,13.697466
40329330422,-1.747841,0.695610,1.555374,-0.132097,0.168560,-0.017744,13.826185
40429403202,-1.689105,1.948761,1.807889,-0.033448,0.028531,0.092661,13.947132
40529475982,1.193584,0.423990,0.004160,-0.322354,0.413402,0.265835,14.035531
40629548762,-1.200281,0.094576,-1.503790,-0.165694,0.353703,0.128690,14.127606
40729621542,1.884386,-0.911010,-0.956014,-0.083923,0.277626,0.123523,14.236668
40829694323,0.205372,0.115081,-0.412194,-0.097531,0.062499,-0.029891,14.304471
40929767103,0.964707,0.046070,0.125065,0.044764,-0.378508,-0.084309,14.465277
41029839883,4.140126,-2.316888,-0.783699,0.032635,-0.118993,-0.110222,14.453528
41129912663,3.109913,-0.591484,0.301124,0.055934,-0.137518,0.037598,14.588149
41229985443,1.717382,-0.206541,0.240412,-0.029498,-0.166496,0.000122,14.659272
41330058224,3.337853,-0.533150,1.418454,-0.281616,0.270126,0.251668,14.732224
41430131004,0.226382,-0.588417,0.235349,-0.027329,0.225574,0.128342,14.825961
41530203784,1.980555,-1.761490,-0.614660,0.002612,0.127031,0.061200,14.850306
41630276564,1.097292,-2.036493,0.068208,-0.045087,0.128285,0.152101,14.946253
41730349344,1.248558,-1.616524,0.305481,-0.129665,0.216717,0.170400,14.971635
41830422125,-0.240517,-0.531618,0.546367,-0.063851,0.160342,0.185699,15.118702
41930494905,0.499062,-0.673790,0.331746,-0.207349,0.207447,0.209268,15.248724
42030567685,-1.890506,-0.822591,-0.087833,-0.175528,0.246465,0.085679,15.350821
42130640465,2.785695,-1.133107,0.479985,-0.021350,-0.011359,-0.003579,15.402569
42230713245,2.633912,-1.272520,0.615978,-0.105727,0.087588,0.074245,15.420284
42330786026,2.396764,-1.990537,-0.180602,-0.022285,0.118547,0.084446,15.535929
42430858806,4.375590,-0.826033,-0.411687,0.188012,-0.265171,-0.148585,15.622999
42530931586,2.208015,1.213403,-0.255027,0.574857,-1.396667,-0.461936,15.742233
42631004366,8.938080,-2.413871,-1.454125,0.422217,-0.955176,-0.596828,15.778281
42731077147,-4.200408,-1.242285,0.066171,0.243773,-0.130516,-0.183024,15.766561
42831149927,-1.261231,0.764065,1.789890,0.602452,-0.773792,-0.694125,15.784996
42931222707,5.124981,-0.328938,0.941888,0.406042,-0.745842,-0.435084,15.947590
43031295487,-3.916577,-0.310273,-0.333674,-0.038612,-0.021992,-0.011705,15.999884
43131368267,-2.237128,-0.396396,-0.889729,-0.433671,0.721777,0.469524,16.051294
43231441048,-2.221470,0.185669,-0.069075,-0.140740,0.406591,0.140467,16.118385
43331513828,6.688554,-1.812526,-0.226464,-0.361746,0.587102,0.312400,16.234565
43431586608,0.970005,-1.611635,0.124704,-0.355393,0.471686,0.347629,16.357271
43531659388,-1.003511,-0.467680,0.106948,-0.180956,0.297049,0.163771,16.413487
43631732168,0.871509,-0.289395,0.207356,-0.057265,0.084419,-0.010199,16.462805
43731804949,1.159361,-0.060759,-0.551600,-0.138878,0.099316,0.021435,16.535743
43831877729,4.931604,-0.333382,-0.073347,-0.130986,0.000908,0.116354,16.660385
43931950509,2.147320,-0.065655,-0.915400,-0.088503,0.113209,0.153561,16.757494
44032023289,0.490729,-0.485143,-0.129927,0.110032,-0.115343,0.038334,16.758395
44132096069,2.228346,0.006711,-0.256864,0.062360,-0.070448,0.016164,16.847819
44232168850,1.446254,-0.624819,0.059311,0.013345,-0.108547,0.051742,16.975104
44332241630,1.129870,-1.065007,0.269505,-0.073800,-0.066621,0.069280,17.079903
44432314410,0.428697,0.572844,0.840178,-0.076225,0.071704,0.094002,17.140575
44532387190,-2.995587,0.710756,0.473826,-0.244630,0.406258,0.291417,17.179415
44632459970,-3.114467,0.439652,-0.071173,-0.010197,-0.109041,-0.029304,17.182627
44732532751,-0.265380,-0.041449,0.658413,0.431110,-0.708113,-0.484539,17.302382
44832605531,5.610292,-0.336529,0.638790,0.267674,-0.553738,-0.363681,17.364606
44932678311,-0.252540,0.602133,0.341780,0.538261,-0.963499,-0.634044,17.543986
45032751091,7.741431,-2.545565,-0.177987,0.340113,-0.742979,-0.458508,17.584834
45132823871,5.784062,-0.570599,0.034858,0.337924,-0.486303,-0.347986,17.579147
45232896652,7.348784,-0.506719,0.413515,0.381375,-0.506988,-0.395895,17.594254
45332969432,-1.911145,-1.086714,-0.456563,0.090019,-0.015401,-0.017897,17.647385
45433042212,-0.604743,-0.545054,0.190296,0.476275,-0.673974,-0.416075,17.749942
45533114992,7.256001,-1.539266,0.420537,0.405522,-0.590297,-0.432509,17.783982
45633187772,4.929878,-0.535145,0.039969,0.029989,0.056858,-0.039447,17.892858
45733260553,3.149639,-1.033697,-0.074681,-0.263998,0.416052,0.279895,17.928731
45833333333,-0.842543,0.937566,-0.440200,-0.145055,0.166980,0.095145,17.959630
45933406113,1.211644,-0.297992,-0.411620,-0.120759,0.338318,0.171055,18.072410
46033478893,-0.363829,1.515468,0.215545,-0.117886,0.231435,0.088194,18.099086
46133551673,-1.401778,0.831716,-0.582288,-0.204668,0.205408,0.097199,18.173506
46233624454,-1.614038,0.435402,-0.651411,-0.335688,0.465455,0.391483,18.243857
46333697234,5.536369,-1.237299,0.001422,-0.223752,0.484095,0.383316,18.321759
46433770014,6.607220,-0.193308,1.076373,-0.097716,0.086112,0.074292,18.450669
46533842794,3.720748,0.631175,0.107551,0.223670,-0.660690,-0.340777,18.505905
46633915574,2.861997,-0.552375,-0.756036,0.044107,-0.489452,-0.084228,18.443715
46733988355,-1.268312,1.313076,1.194605,0.257323,-0.592818,-0.346919,18.516753
46834061135,1.472319,0.717584,0.057230,0.241340,-0.074675,-0.413899,18.618644
46934133915,-0.403988,0.771295,0.116718,0.110833,0.107873,-0.149755,18.623861
47034206695,2.063344,0.534336,1.958464,-0.116469,0.008714,0.243609,18.683241
47134279475,2.404687,0.296671,0.645591,0.027791,-0.044550,-0.091119,18.521268
47234352256,2.297035,1.106765,-0.080691,0.043094,0.179092,0.010021,18.524389
47334425036,2.548777,-0.265400,-0.151115,-0.119176,0.261760,0.118101,18.488060
47434497816,5.723616,0.300856,0.310212,-0.267774,0.351692,0.206264,18.567101
47534570596,4.869366,-0.910833,0.541811,-0.134725,0.180320,0.141149,18.716098
47634643377,6.848060,0.973315,0.645186,-0.224928,0.317536,0.275138,18.757903
47734716157,6.015306,1.824673,-0.317418,0.006871,-0.130027,-0.013096,18.775363
47834788937,2.966787,0.809025,-0.905179,0.009328,-0.069433,0.059891,18.693605
47934861717,2.057956,1.327771,0.085477,0.307803,-0.457594,-0.283697,18.680208
48034934497,6.417879,-0.839296,1.012164,0.113960,-0.199088,-0.163416,18.745452
48135007278,6.743018,-0.535174,1.451939,-0.115208,0.228036,0.181456,18.784310
48235080058,8.299023,-1.425267,0.632572,-0.285897,0.386886,0.412582,18.838235
48335152838,5.961225,-1.664999,-0.378033,-0.183428,0.214986,0.252886,18.727471
48435225618,6.197238,-0.896862,-0.415227,0.111546,-0.248249,-0.057867,18.970562
48535298398,3.308980,-0.814864,-0.516284,0.033647,-0.061406,0.048501,19.079964
48635371179,0.709678,-0.673116,-0.439864,0.201296,-0.260695,-0.144517,18.914081
48735443959,2.939854,0.063210,0.618022,0.137954,-0.147306,-0.150671,18.698495
48835516739,2.458494,-0.051985,0.357026,0.078317,0.039181,-0.105286,18.810701
48935589519,5.533589,-0.173002,1.608523,-0.009566,0.192219,0.097883,18.921292
49035662299,4.965827,-0.821742,0.957574,-0.075120,0.219931,0.072322,18.724530
49135735080,0.396716,0.101734,-0.274154,-0.152305,0.305475,0.179304,18.628631
49235807860,1.108394,-1.000913,-0.279594,0.117167,-0.065349,-0.060911,18.731892
49335880640,3.821953,-2.671159,1.051992,-0.201040,0.267210,0.302515,18.755863
49435953420,-0.199014,-0.323439,0.216196,-0.116443,0.083928,0.145947,18.739962
49536026200,2.297692,-0.294622,0.072080,0.303065,-0.419844,-0.189429,18.778290
49636098981,-0.389346,-0.239996,0.009792,0.313228,-0.479830,-0.233251,18.701215
49736171761,5.948722,-3.200937,0.569072,0.166817,-0.412924,-0.140157,18.834988
49836244541,3.740515,-0.430944,0.748777,-0.048753,-0.104313,0.094536,18.867249
49936317321,0.940185,0.791829,0.169401,0.398397,-0.653685,-0.456239,18.989055
50036390101,8.078915,-3.251400,1.387071,0.479293,-0.603990,-0.500493,18.989637
50136462882,4.139269,-2.141863,0.636027,0.234892,-0.273616,-0.248757,18.840481
50236535662,0.379348,0.197329,0.197766,0.119736,-0.124948,-0.102993,18.666249
50336608442,0.028014,0.929434,0.398831,0.128599,-0.196168,-0.103534,18.619293
50436681222,1.201040,1.124711,-0.398234,0.048425,-0.093910,0.034918,18.728678
50536754002,4.272429,-0.819879,-0.444688,0.034564,-0.050293,0.029306,18.707950
50636826783,4.934496,-1.604131,0.011947,-0.223820,0.336489,0.342816,18.625218
50736899563,3.753669,-1.059367,0.007267,-0.247132,0.304059,0.368922,18.629056
50836972343,3.657108,-2.353631,0.641795,-0.436464,0.680485,0.543734,18.729788
50937045123,-2.476257,2.116888,0.179814,-0.331167,0.480935,0.501114,18.673425
51037117903,3.306655,-1.596891,1.385246,-0.247579,0.273806,0.343724,18.655238
51137190684,5.205137,-0.819681,0.207688,-0.146794,0.222882,0.185688,18.784996
51237263464,3.912441,0.470627,0.039838,-0.033328,-0.107463,-0.003092,18.766463
51337336244,5.025459,-1.602842,-0.191403,0.044788,-0.088563,-0.076930,18.785087
51437409024,3.690120,-2.065560,0.407979,0.182244,-0.218845,-0.233946,18.828811
51537481804,1.516188,-1.872900,0.415215,0.088503,-0.039533,-0.124623,18.737130
51637554585,1.960832,-0.811855,0.660700,0.136626,-0.173856,-0.206644,18.794068
51737627365,2.008723,-0.996864,0.277934,0.161461,-0.260982,-0.179128,18.792258
51837700145,2.136341,-2.965725,-0.392398,0.100689,-0.115925,-0.132912,18.846193
51937772925,0.553517,-1.861956,-0.556676,0.128730,-0.107129,-0.133164,18.859443
52037845705,1.179030,-2.584648,0.069068,0.100154,-0.138158,-0.113921,18.884041
52137918486,0.856172,-0.029979,0.388545,0.105553,-0.157066,-0.100450,18.901206
52237991266,0.030495,-0.265430,0.130558,0.081041,-0.142802,-0.075412,18.859833
52338064046,0.301244,-1.399018,0.436397,-0.011362,0.136196,0.044211,18.854944
52438136826,0.650669,-0.389708,0.225213,-0.027765,0.205319,-0.016659,18.977644
52538209606,-1.318543,-0.713442,0.487553,0.022361,0.032173,-0.131442,18.995425
52638282387,1.316777,-2.591040,-0.267743,0.018198,-0.213944,-0.119283,18.949003
52738355167,2.920856,-2.481404,-0.506629,-0.080982,-0.172238,0.069431,18.881899
52838427947,1.622328,-0.743205,0.253131,0.175489,-0.370621,-0.232310,18.868358
52938500727,3.033299,-2.315770,0.352721,0.189717,-0.213815,-0.160275,18.868593
53038573508,0.863734,-1.897366,0.503207,0.055314,0.008657,-0.005131,18.916106
53138646288,1.596579,-0.925527,0.272769,-0.069805,0.136499,0.038405,18.873762
53238719068,1.630283,-2.577957,-0.256825,0.066001,-0.089434,-0.097443,18.839518
53338791848,1.655996,-2.863889,-0.562604,0.076325,-0.051649,-0.105709,18.817447
53438864628,0.413559,-0.754923,-0.059384,-0.045686,0.262981,0.073166,18.817644
53538937409,2.966936,-0.872209,1.727156,-0.194289,0.411476,0.291931,18.785983
53639010189,2.838153,-0.061214,1.034503,-0.448866,0.691422,0.536136,18.839586
53739082969,-3.339023,1.412638,-0.353713,-0.503763,0.578670,0.624123,18.854031
53839155749,-1.243138,0.921811,0.587188,-0.370406,0.546825,0.445580,18.807621
53939228529,-2.743421,1.105124,0.027615,-0.234910,0.434965,0.219937,18.835770
54039301310,3.801284,-3.848553,0.188338,-0.106126,0.069975,0.074230,18.913736
54139374090,5.266645,-2.825195,0.690097,-0.156535,-0.015327,0.225161,18.877931
54239446870,3.239336,-2.395468,0.594610,0.184548,-0.590975,-0.228551,18.831933
54339519650,2.199113,-2.738754,-0.401455,-0.006767,0.015195,-0.057697,18.823599
54439592430,0.072582,-1.124769,0.308606,0.032589,0.062032,0.062709,18.869867
54539665211,2.817159,-3.095044,-0.038310,0.255473,-0.414418,-0.129673,18.914044
54639737991,-1.903772,-0.459761,-0.639904,0.091246,-0.168813,-0.115751,18.964193
54739810771,-1.103183,-1.463351,-0.230661,0.279198,-0.377768,-0.351217,19.027916
54839883551,0.704293,-0.149739,0.336185,0.206417,-0.136892,-0.137670,19.058548
54939956331,-0.568833,0.112190,0.045912,-0.096394,0.287109,0.114499,19.107094
55040029112,0.536081,-1.877359,0.354812,-0.068529,0.123093,0.055198,19.166693
55140101892,-0.400115,-1.263895,0.803878,0.115750,-0.199417,-0.161093,19.262553
55240174672,0.259990,-1.291779,-0.086828,0.129480,-0.048634,-0.126994,19.336155
55340247452,-0.036298,0.500194,-0.063774,0.142141,-0.107350,-0.170557,19.380067
55440320232,0.740663,0.435160,1.106052,0.003592,-0.208535,-0.015079,19.439184
55540393013,0.638830,-0.936922,-0.109229,0.038568,-0.176318,-0.061726,19.475510
55640465793,2.141371,0.228545,-0.914710,-0.012394,-0.038381,-0.075760,19.527161
55740538573,0.552598,-0.159595,-0.288365,-0.061370,0.091529,0.067413,19.605614
55840611353,0.614428,-1.145577,0.457979,-0.092998,0.139257,0.194405,19.675738
55940684133,1.156641,-0.355968,0.281928,-0.105887,0.149002,0.137436,19.740654
56040756914,-0.564318,0.090762,-1.156054,-0.035418,0.039243,-0.031646,19.812246
56140829694,-0.351751,-0.627160,-0.620364,-0.025279,0.085277,0.041179,19.856274
56240902474,-0.341230,-1.128045,-0.001244,-0.002729,0.055416,-0.002656,19.875892
56340975254,1.210917,-0.871952,0.254037,-0.121436,0.014661,0.081817,19.953330
56441048034,3.359762,-0.201999,1.069477,-0.204268,0.099219,0.275559,20.098048
56541120815,2.809681,-0.133999,0.355996,-0.153340,0.094094,0.203921,20.214954
56641193595,1.166380,-0.333719,-0.200812,-0.160974,0.069413,0.155624,20.241572
56741266375,0.799825,-0.311346,0.080843,-0.163559,0.169851,0.171068,20.329033
56841339155,-1.236618,-0.342555,0.066345,-0.036556,0.329605,0.021581,20.314334
56941411935,-2.620306,-1.867602,-0.582550,-0.141405,0.374834,0.174021,20.341757
57041484716,-0.534140,-0.922684,-0.521461,-0.320952,0.235032,0.357612,20.455480
57141557496,4.065416,-1.263212,-0.254742,-0.211380,0.117511,0.210489,20.464898
57241630276,-0.036785,-0.747657,-0.796310,-0.213086,0.261541,0.204730,20.471212
57341703056,-1.427675,0.446299,0.220523,-0.128529,0.281991,0.145399,20.486562
57441775836,-0.108405,-0.337645,0.567338,-0.060332,0.065290,0.114522,20.584322
57541848617,-0.119272,-0.613766,1.008521,0.060444,-0.129425,-0.031091,20.600612
57641921397,-0.613671,-0.851425,0.628352,0.174353,-0.085809,-0.198389,20.576642
57741994177,-0.560873,-1.113381,-0.009390,0.192489,-0.276373,-0.220110,20.571816
57842066957,1.142547,-0.688841,0.694508,0.042793,-0.282204,0.000986,20.512038
57942139737,-0.344678,-0.689635,0.652840,0.115760,-0.263552,-0.082342,20.462184
58042212518,2.667980,-1.854864,-0.028902,0.107827,-0.119173,-0.086017,20.583946
58142285298,4.091497,-3.000893,-0.538635,0.130329,-0.190327,-0.128810,20.499229
58242358078,2.782103,-1.749569,-1.026099,0.146866,-0.324862,-0.230687,20.423121
58342430858,-1.596051,0.169218,-0.143299,0.078733,-0.201586,-0.042400,20.415989
58442503639,-2.333207,-0.616220,1.392627,0.175925,-0.134064,-0.162272,20.411031
58542576419,-0.523820,-0.503651,0.992109,0.171281,-0.119505,-0.202895,20.348798
58642649199,2.213883,-2.046186,0.482472,0.238537,-0.311496,-0.226736,20.246621
58742721979,2.965896,-2.281791,0.028605,0.293394,-0.330520,-0.307878,20.132728
58842794759,2.301128,-1.279816,-0.455887,0.270962,-0.314185,-0.338933,20.118821
58942867540,-0.617715,-1.247115,-0.387389,0.212141,-0.269327,-0.236325,20.108858
59042940320,2.369097,-2.666768,0.282494,0.232285,-0.386758,-0.211003,20.183820
59143013100,2.031225,-1.324224,-0.112145,0.113308,-0.187177,-0.030085,20.210289
59243085880,2.508223,-0.583767,-0.327484,0.045415,0.181210,0.036813,20.177141
59343158660,1.580198,-1.172409,-0.383386,-0.169493,0.374642,0.169205,20.134836
59443231441,-1.882984,-0.046972,-0.037916,-0.223612,0.106267,0.183192,20.096433
59543304221,-2.711706,-0.070938,-0.529227,-0.140842,0.159795,0.094322,20.097257
59643377001,-2.266054,0.746469,-0.840306,-0.024363,0.258587,0.021526,20.115738
59743449781,-1.014591,-2.343925,-0.276466,0.336236,-0.029020,-0.341384,20.071520
59843522561,3.057500,-1.629261,0.530294,0.484008,-0.244382,-0.545052,20.121329
59943595342,3.863267,1.058421,0.562302,0.347190,-0.248516,-0.399739,20.173805
60043668122,1.178634,-0.219956,-0.300097,0.200489,-0.073958,-0.202590,20.181746
60143740902,0.291598,-0.860016,-2.227264,0.175342,0.047925,-0.116185,20.277357
60243813682,-0.567571,-1.371570,-1.341035,-0.044565,0.089615,0.132724,20.293200
60343886462,-2.702222,-0.990974,-0.435647,-0.193107,-0.034875,0.218687,20.306340
60443959243,-0.984726,-1.295456,0.102040,-0.044404,0.060878,0.023836,20.357602
60544032023,0.858281,-0.847442,0.358632,0.113628,0.124709,-0.238626,20.372280
60644104803,2.411385,-0.833032,0.464615,-0.114073,0.177532,0.102651,20.431457
60744177583,3.714194,-1.327348,1.154734,-0.118561,-0.117603,0.151950,20.560937
60844250363,3.502357,-0.481717,0.028895,-0.220331,0.029046,0.177074,20.566768
60944323144,3.991165,0.690908,-0.823847,-0.312410,0.385394,0.265766,20.613940
61044395924,2.954878,-0.790420,0.182735,-0.271364,0.427865,0.280450,20.732808
61144468704,-3.638316,-0.901096,0.179465,-0.443603,0.562979,0.477272,20.761558
61244541484,-4.273403,-1.750651,-0.363222,-0.370408,0.392642,0.392997,20.809474
61344614264,-3.282803,-1.339697,-0.073206,-0.122346,-0.027022,0.101728,20.847427
61444687045,0.500877,-0.515043,-0.188334,0.146750,-0.253265,-0.181206,20.877116
61544759825,1.124365,-2.286021,-0.526231,0.252583,-0.228749,-0.246708,20.846174
61644832605,1.078071,-1.361837,0.153243,0.308719,-0.401220,-0.343201,20.856357
61744905385,2.136108,-1.310822,0.734068,0.217512,-0.220019,-0.252192,20.872549
61844978165,0.153363,-3.161479,-0.038332,0.157340,-0.268548,-0.177439,20.818316
61945050946,2.191455,-2.625945,-0.687001,-0.017120,-0.172528,0.048775,20.849888
62045123726,1.813634,-2.040030,-0.704861,-0.026772,-0.043098,0.024073,20.872120
62145196506,2.091885,-1.922804,-0.274642,0.039957,-0.024404,-0.070871,20.749642
62245269286,0.157035,-0.515984,0.383253,0.026478,0.126752,0.018208,20.660907
62345342066,0.645055,-0.781470,0.148690,0.074601,-0.039421,-0.034256,20.761415
62445414847,1.952406,-1.131756,-0.117528,0.093627,-0.207154,-0.135752,20.819083
62545487627,1.698789,-1.103105,0.156394,0.165441,-0.200069,-0.243304,20.839603
62645560407,1.505201,-1.217525,0.165071,0.149960,-0.162497,-0.217230,20.865665
62745633187,0.945107,-0.547162,-0.739283,0.160016,-0.240951,-0.266226,20.869366
62845705967,0.039803,-0.744660,-0.230768,0.190040,-0.266255,-0.251917,20.853436
62945778748,-1.842633,-1.271377,0.012551,0.215825,-0.351940,-0.234929,20.820954
63045851528,-1.017279,-0.445157,-0.111560,0.108048,-0.328210,-0.099630,20.863076
63145924308,-0.217226,-0.449789,-0.254916,0.200749,-0.384875,-0.233850,21.001241
63245997088,3.223000,-1.433906,0.340955,0.160602,-0.285059,-0.240695,20.993104
63346069868,2.987686,-1.645369,0.633037,0.030381,-0.141364,-0.074773,21.017140
63446142649,2.227347,-2.339805,0.227086,0.185415,-0.257278,-0.220879,21.004132
63546215429,-0.297449,-2.941611,0.173601,0.178242,-0.106060,-0.125196,20.974871
63646288209,-0.327385,-1.624274,0.172162,-0.029688,0.006520,0.061259,21.040711
63746360989,0.997499,-1.617229,-0.317727,-0.079456,0.022796,0.070613,20.953491
63846433770,0.091037,-1.193437,0.296422,0.055086,-0.059213,-0.021123,20.957978
63946506550,0.340326,-1.130272,0.131157,0.074809,-0.100280,-0.107586,20.980000
64046579330,-0.373825,-1.856015,-1.092279,0.163577,-0.040980,-0.170501,20.994491
64146652110,1.032238,-1.922970,-0.468746,0.208396,-0.279327,-0.231585,20.991025
64246724890,2.426652,-2.623232,-0.217724,0.094801,-0.178300,-0.092128,20.962864
64346797671,-2.133764,-1.405297,0.463164,0.218560,-0.151379,-0.062378,20.912097
64446870451,-3.203994,-0.454719,0.505267,0.232982,-0.142457,-0.200636,20.928032
64546943231,-1.304051,-1.170392,0.659971,0.061551,-0.033428,-0.077135,20.979113
64647016011,1.503821,-1.195679,0.416986,0.037022,-0.041969,0.013249,20.961429
64747088791,1.799931,-0.062985,-0.132206,-0.060803,0.181727,0.019324,20.959845
64847161572,2.155958,-0.480735,-0.445066,-0.133511,0.236305,0.083727,20.968057
64947234352,0.150087,-1.418356,-0.663676,-0.197946,0.173825,0.190371,20.949016
65047307132,-1.362105,-1.148777,-0.340614,0.121764,-0.249936,-0.154822,20.953292
65147379912,-0.244534,-1.041188,-0.505536,0.151681,-0.134494,-0.154336,21.002044
65247452692,1.148094,-0.627884,-1.161478,-0.247689,0.361073,0.331714,20.999434
65347525473,4.510936,-0.709403,-1.159987,-0.364295,0.486167,0.376212,20.999230
65447598253,3.806691,0.276617,-0.315721,-0.161982,0.324653,0.174412,20.996953
65547671033,2.913043,0.475249,0.503796,-0.098361,0.294302,0.150970,21.023720
65647743813,1.437526,-0.416185,1.059625,-0.086950,0.183079,0.074870,21.031910
65747816593,0.888874,-0.100743,0.455204,-0.056543,0.135859,0.108151,21.089069
65847889374,-0.903302,0.001245,-0.320378,-0.083820,0.022741,0.111916,21.101648
65947962154,-1.182449,-0.681498,-0.402791,0.051376,-0.239362,-0.063542,21.121811
66048034934,-1.143921,-0.743231,-0.469013,0.114540,-0.139616,-0.148064,21.199078
66148107714,-0.857812,0.400412,-0.063906,0.166631,-0.268259,-0.227715,21.214326
66248180494,0.758980,0.144073,0.464170,0.026582,-0.043626,-0.044656,21.211385
66348253275,0.231160,-1.881161,-0.073954,0.019684,0.026904,-0.001537,21.207732
66448326055,-1.475724,-1.932688,-0.706117,0.045821,-0.025532,0.015660,21.247454
66548398835,-1.772266,-1.466180,-0.033913,0.023044,-0.057324,-0.059215,21.343267
66648471615,1.773458,-0.822624,0.359416,0.152964,-0.281333,-0.201988,21.352870
66748544395,3.488175,-0.622594,0.163050,0.165254,-0.236955,-0.123948,21.331759
66848617176,3.115458,-2.438958,0.432685,-0.066315,0.007589,0.005458,21.395874
66948689956,0.787205,-1.606058,0.433311,-0.123219,0.155667,0.114792,21.391061
67048762736,-0.388905,0.442008,-0.173775,-0.058679,0.145667,0.176102,21.453193
67148835516,0.590410,-0.384570,0.755670,0.002026,0.074552,0.095164,21.490349
67248908296,1.630139,-2.528790,1.693457,0.101246,-0.040171,0.048278,21.511138
67348981077,2.337177,-1.973119,0.873459,0.060138,-0.003959,0.015128,21.496098
67449053857,1.337227,-1.166475,-0.858214,0.001538,-0.063212,-0.015974,21.469045
67549126637,-0.343867,-0.538697,-1.922143,-0.062986,-0.112594,0.046950,21.579524
67649199417,-1.056843,-0.454698,-2.190111,-0.142866,-0.004642,0.000860,21.621113
67749272197,-0.313115,-1.812031,-0.468172,-0.067380,0.077683,0.017757,21.588304
67849344978,0.745125,-2.257014,2.222033,0.040579,0.147720,0.054587,21.606442
67949417758,0.231264,-1.246952,3.058774,-0.020609,0.226810,0.181617,21.592328
68049490538,1.533733,-0.339420,2.787455,-0.047554,0.305982,0.203915,21.597231
68149563318,2.544767,-0.213982,1.960946,-0.188312,0.347936,0.298628,21.529306
68249636098,-0.888429,-1.094651,0.358732,-0.149806,0.110015,0.181985,21.447946
68349708879,0.227790,-2.188481,-1.265937,-0.076522,0.175305,-0.023014,21.507241
68449781659,2.161775,-1.034758,-0.719919,-0.054162,0.201559,0.006137,21.461369
68549854439,2.126930,-0.643738,0.322793,-0.019896,0.218346,0.060905,21.429825
68649927219,2.161134,-0.665065,-0.089114,0.032090,0.056269,0.000975,21.496934
68750000000,2.608009,-1.254381,0.665822,0.103373,-0.187789,-0.165805,21.493472
68850072780,-1.221923,-2.560290,1.115091,0.257569,-0.243313,-0.369458,21.505032
68950145560,-2.835612,-2.675118,0.335812,0.267848,-0.281971,-0.197906,21.520398
69050218340,-1.094359,-0.989483,0.588658,0.079023,-0.290166,-0.004493,21.534534
69150291120,0.142609,-1.175989,0.191603,0.102541,-0.324652,-0.145030,21.589645
69250363901,0.551721,-5.049510,0.328701,0.434231,-0.211579,-0.228453,21.593671
69350436681,5.279740,-3.338425,1.760406,0.581103,-0.298088,-0.508689,21.599755
69450509461,5.287819,-1.839423,-0.198776,0.318265,-0.246423,-0.430746,21.659273
69550582241,1.745891,-2.450397,-1.777643,0.158180,-0.354339,-0.123909,21.656781
69650655021,2.286513,-0.287741,-1.259764,-0.030437,-0.264156,-0.074047,21.636599
69750727802,1.022053,-0.829916,-1.087366,0.132158,0.135567,-0.154312,21.647017
69850800582,1.912327,-1.986372,-0.145993,0.365808,0.102603,-0.197561,21.563043
69950873362,3.023821,-2.078175,-0.662857,0.193770,-0.149458,-0.084195,21.592964
70050946142,2.645188,-1.011104,-0.243278,-0.009898,-0.293167,0.090909,21.729482
70151018922,2.663384,0.611608,1.282172,0.104674,-0.274920,-0.061475,21.761700
70251091703,-0.596343,1.083869,-0.173466,0.081041,-0.009436,-0.133259,21.515535
70351164483,-6.083678,0.995938,-1.194202,-0.033742,0.159018,0.019010,21.375268
70451237263,-4.686315,-0.307363,0.136455,0.056073,-0.045428,-0.017766,21.787005
70551310043,0.686847,-1.083850,0.073155,0.174549,-0.365992,-0.217433,21.936201
70651382823,3.512476,-0.965253,-1.198767,0.103736,-0.208053,-0.181715,21.848952
70751455604,2.743320,-0.992329,-1.033605,0.049421,-0.114870,0.014175,21.949455
70851528384,2.181605,-1.329214,0.599781,0.221094,-0.293036,-0.174680,21.755932
70951601164,0.047491,0.854139,0.458124,0.149326,-0.101295,-0.261966,21.763209
71051673944,0.139250,0.326084,-0.682702,0.042831,-0.100014,-0.085708,21.995437
71151746724,1.306651,-1.600684,-0.911868,-0.044847,-0.131441,-0.041441,21.911318
71251819505,0.988672,-0.470736,-0.706326,-0.099822,0.026025,-0.075180,21.912803
71351892285,1.355312,-0.856514,0.121699,-0.048882,0.212039,0.055836,21.924830
71451965065,0.140658,-1.024827,0.991545,0.104623,0.183289,-0.017879,21.853336
71552037845,0.110739,-0.207963,0.050881,0.014302,0.000460,-0.007228,21.807792
71652110625,1.334394,-0.206247,-0.139023,-0.198581,0.041829,0.176945,21.613136
71752183406,2.264173,-0.523182,1.299883,-0.016624,0.101593,0.011587,21.415787
71852256186,2.840087,-1.502132,0.285519,0.209823,-0.237106,-0.240859,21.415174
71952328966,0.110654,0.152908,-0.070410,0.148734,-0.377562,-0.193792,21.403456
72052401746,-2.543917,0.531025,0.171107,-0.075243,0.043031,0.083341,21.501289
72152474526,-3.724369,0.113784,-0.217279,-0.031724,0.085475,0.012242,21.503134
72252547307,1.502455,0.858159,0.346938,-0.100156,0.222700,0.201120,21.436681
72352620087,2.804394,-1.217807,-0.572988,-0.125043,0.320194,0.127787,21.522361
72452692867,4.328998,-0.729530,-1.365225,-0.235962,0.383047,0.169179,21.469081
72552765647,7.121473,-0.067943,-1.128635,-0.332027,0.542366,0.497678,21.308106
72652838427,2.898560,-2.397709,-0.800234,-0.184053,0.489416,0.209285,21.555810
72752911208,3.899223,-2.843364,0.191905,-0.247443,0.541193,0.369723,21.662521
72852983988,-0.186756,-2.651437,-0.393384,-0.310677,0.317942,0.424163,21.392494
72953056768,-4.174615,-2.557521,-0.959491,-0.374401,0.310999,0.308980,21.204736
73053129548,-2.772507,-1.843272,-0.897768,-0.119976,0.303117,0.079398,21.228672
73153202328,1.499834,-1.552266,0.300400,-0.103544,0.290471,0.044568,21.360422
73253275109,4.541565,-1.387780,0.574728,-0.080043,-0.049086,-0.007254,21.116342
73353347889,4.244742,-0.706089,-0.200282,0.059860,-0.010552,-0.001690,21.041620
73453420669,0.360396,-0.959752,-0.477383,0.258260,-0.098481,-0.078255,21.107198
73553493449,-1.371634,-1.691385,-0.170466,0.308756,-0.291705,-0.265359,21.139907
73653566229,-3.565513,-1.248997,0.481844,0.368885,-0.427170,-0.387460,21.134097
73753639010,-1.309561,-0.393840,0.493720,0.307509,-0.488320,-0.350598,21.079501
73853711790,0.754405,-1.285021,0.278434,0.148722,-0.217640,-0.141508,21.103956
73953784570,1.467877,-2.104928,-0.242786,0.082010,-0.177095,-0.104978,21.127259
74053857350,1.991814,-2.352259,-0.326504,0.011801,-0.089282,-0.007970,21.194882
74153930131,0.209440,-2.187105,-0.292057,-0.020043,-0.048748,0.053575,21.230206
74254002911,1.270976,-2.736310,0.991205,-0.187307,0.034533,0.152652,21.183359
74354075691,0.114138,-1.855013,0.688539,-0.144168,0.121813,0.179413,21.201020
74454148471,-0.152732,-1.972935,0.195616,-0.019663,0.068898,0.100190,21.230700
74554221251,0.647867,-1.987349,-1.111146,-0.177116,0.010911,0.136529,21.262581
74654294032,4.345803,1.787631,-0.068351,0.094666,-0.169685,0.054098,21.252246
74754366812,0.243344,-0.961033,-0.115429,0.198633,-0.165084,-0.090808,21.239352
74854439592,0.799240,-1.148363,0.661754,0.374814,-0.178002,-0.378145,21.356661
74954512372,3.742143,1.510334,1.847581,0.419970,0.019553,-0.349774,21.327035
75054585152,1.551984,-0.649452,-0.033986,-0.010337,-0.000924,-0.008997,21.334136
75154657933,-0.058692,-2.074362,-0.547439,-0.130488,-0.145160,0.122992,21.296423
75254730713,0.251833,-1.043612,0.453675,0.007894,-0.008314,-0.009926,21.236367
75354803493,1.225650,-1.476283,0.679973,-0.010966,0.036768,-0.047092,21.278407
75454876273,2.672298,-2.421366,0.611578,0.003895,-0.148191,-0.045544,21.209051
75554949053,1.134680,-0.643218,-0.105079,-0.048095,-0.146997,-0.052570,21.122410
75655021834,-0.643666,0.437393,-0.062026,-0.067126,-0.019951,0.004057,21.111072
75755094614,-1.186794,0.211311,-0.148216,-0.098949,0.077911,0.066458,21.125821
75855167394,1.232987,-0.756546,-0.107681,-0.241746,0.262765,0.233561,21.065782
75955240174,0.344347,-2.106132,0.683818,-0.271122,0.355363,0.306144,20.955871
76055312954,0.769345,-2.086663,-0.162495,-0.108932,0.164380,0.094372,20.841970
76155385735,5.465737,0.369539,-0.688548,-0.130258,0.307685,0.032159,20.763957
76255458515,6.118312,1.183430,-0.432477,0.176336,-0.132003,-0.244599,20.764905
76355531295,7.323737,0.639476,0.452748,0.228906,-0.233160,-0.270507,20.689453
76455604075,-1.072436,-0.148873,0.718392,0.375894,-0.513307,-0.471889,20.589760
76555676855,-1.020562,-1.691608,0.218195,0.449745,-0.760326,-0.462968,20.585223
76655749636,-1.754310,-0.985321,0.190736,0.374921,-0.633518,-0.335391,20.444029
76755822416,-0.944942,-0.910629,0.408439,0.427751,-0.664770,-0.520913,20.367940
76855895196,-0.644651,-1.098038,0.251003,0.412294,-0.490312,-0.443460,20.402826
76955967976,2.602792,-0.919333,0.514218,0.402298,-0.519029,-0.458674,20.284667
77056040756,3.681824,-0.544064,0.444845,0.291562,-0.470686,-0.441338,20.218274
77156113537,0.726105,-1.128474,-0.032726,0.325377,-0.481863,-0.349079,20.143130
77256186317,-2.115102,-2.538598,-0.296046,0.308736,-0.470454,-0.327014,19.993037
77356259097,1.414752,-1.859967,0.238027,0.299652,-0.438544,-0.389032,19.972801
77456331877,1.015838,-1.766485,0.169349,0.289218,-0.326875,-0.280186,19.905570
77556404657,-1.045040,-1.252688,-0.341755,0.221716,-0.269971,-0.242276,19.862119
77656477438,0.059049,-0.948243,-0.111687,0.134948,-0.101037,-0.171213,19.847410
77756550218,0.293781,-0.770522,0.149316,0.051236,-0.017857,-0.047565,19.730391
77856622998,2.017202,-1.482107,0.296178,-0.027818,0.103144,0.080851,19.671910
77956695778,1.024579,-2.564002,-0.156461,-0.104809,0.166961,0.176763,19.600886
78056768558,3.405166,-1.329457,0.909743,-0.293940,0.288793,0.348720,19.511826
78156841339,-0.728493,-0.817989,0.267226,-0.283671,0.099139,0.328312,19.448626
78256914119,-0.272156,-1.429852,0.036766,0.267017,-0.361817,-0.366113,19.378690
78356986899,-1.753472,-2.066732,0.292654,0.184968,-0.093555,-0.289450,19.344931
78457059679,0.541029,-1.775639,-0.029894,-0.302229,0.521747,0.317362,19.288372
78557132459,6.275742,-1.242887,0.808436,-0.353329,0.542369,0.348728,19.216633
78657205240,4.439547,-1.364248,1.225782,-0.404639,0.450669,0.366413,19.169061
78757278020,-1.670674,-2.674617,-0.767724,-0.346554,0.235682,0.421171,19.141247
78857350800,2.707529,-1.690710,-0.675864,-0.406966,0.329806,0.496394,19.087530
78957423580,5.113204,-1.688442,0.103840,-0.195956,0.150954,0.208381,19.009350
79057496360,4.272425,-0.953238,0.613522,-0.261140,0.293815,0.283804,18.974070
79157569141,-2.268655,0.291449,0.868971,-0.161805,0.105006,0.123733,18.964428
79257641921,-0.744227,-0.697594,0.239446,-0.277771,0.457982,0.193943,18.911174
79357714701,-1.481543,0.416811,0.259257,-0.338022,0.756280,0.452212,18.904968
79457787481,-1.820501,-0.472306,0.767649,-0.174938,0.329074,0.316754,18.893044
79557860262,0.818263,-2.518865,-0.087705,-0.123930,-0.000297,0.169513,18.873550
79657933042,1.811211,-1.544561,0.522966,-0.232357,-0.003386,0.330416,18.835265
79758005822,-1.005862,-1.402745,0.010994,0.040182,-0.119106,-0.106667,18.821757
79858078602,-3.238691,-2.420444,-0.436647,0.172008,0.040395,-0.324955,18.807270
79958151382,-1.483471,-1.771822,-0.051603,0.122435,-0.133193,-0.024745,18.814224
80058224163,5.100279,-2.172019,0.512804,-0.230065,0.127984,0.414946,18.825454
80158296943,6.425935,-0.465176,0.592050,-0.105849,0.106429,0.120502,18.786803
80258369723,4.794405,-1.914513,-0.631848,0.366687,-0.351285,-0.409333,18.787538
80358442503,0.691073,-3.218271,0.170725,0.266108,-0.103562,-0.251929,18.817825
80458515283,-0.097214,-0.290715,0.783220,-0.033204,0.064954,0.082121,18.792485
80558588064,0.765367,0.067670,-0.059488,-0.034737,0.003316,0.081653,18.791491
80658660844,1.394420,-1.294410,-0.030541,0.042624,-0.030758,-0.060688,18.830868
80758733624,4.009235,-1.325374,-0.386966,-0.095232,0.230875,0.121975,18.834056
80858806404,4.574693,-1.681191,-0.038948,0.023376,0.091061,0.018694,18.815526
80958879184,2.414843,-2.996203,0.837559,-0.069715,0.256185,0.086368,18.820174
81058951965,-1.880011,-0.840221,0.730110,0.103928,-0.111308,-0.094785,18.844595
81159024745,-0.737904,-1.297425,1.239354,0.205731,-0.217651,-0.281306,18.870867
81259097525,-3.426801,-2.208381,0.036547,0.414655,-0.418520,-0.511211,18.900482
81359170305,1.159791,-0.531373,-0.151141,0.461049,-0.639442,-0.577757,18.868361
81459243085,-1.943287,-0.298590,0.061514,0.382278,-0.660535,-0.494597,18.887959
81559315866,2.571256,-0.490288,0.789751,0.548715,-0.717962,-0.622893,18.901636
81659388646,3.999631,-2.890926,0.248853,0.322920,-0.387441,-0.464927,18.917794
81759461426,2.686709,-4.123628,-0.982412,0.133503,-0.420212,-0.145137,18.958049
81859534206,4.208486,-0.662748,-0.483581,-0.128660,0.025117,0.298261,18.993602
81959606986,-2.372585,0.860958,-0.377920,-0.049434,0.074717,0.029246,19.056078
82059679767,-3.252776,0.758971,-0.412869,-0.207896,0.292294,0.180396,19.037328
82159752547,-3.264494,-0.546058,-0.521299,-0.120745,0.067105,0.087103,19.096170
82259825327,3.898922,-1.586197,0.630972,0.406883,-0.575314,-0.493434,19.124822
82359898107,4.366483,-0.751724,0.512495,0.189191,-0.134879,-0.139622,19.113425
82459970887,8.517941,-1.833584,-0.694490,-0.358101,0.759798,0.559094,19.141435
82560043668,5.090862,0.156392,-0.130710,-0.619972,1.013417,0.738486,19.147828
82660116448,6.092656,0.459567,0.033518,-0.411903,0.384352,0.434036,19.132869
82760189228,2.948677,-0.771158,-0.118953,-0.365912,0.508830,0.406779,19.069433
82860262008,-3.507964,0.786502,0.672279,-0.016074,-0.028849,0.032302,19.045169
82960334788,0.197507,1.605681,1.765547,0.235153,-0.183497,-0.312524,19.045509
83060407569,-5.210115,-0.386890,0.338956,-0.202200,0.565494,0.159113,19.016508
83160480349,0.656320,-0.748521,0.970957,0.260913,-0.273655,-0.244381,19.022279
83260553129,4.748245,-2.951402,-0.214858,0.425377,-0.458628,-0.424249,19.075975
83360625909,0.990709,-3.621177,-1.492234,0.356896,-0.701375,-0.393070,18.956442
83460698689,5.064394,-3.141452,-0.297127,-0.186537,0.119629,0.219852,19.007621
83560771470,-0.405792,-1.036631,-0.128917,-0.254026,0.453078,0.260779,19.008930
83660844250,-1.133048,-1.721529,-0.150780,-0.166776,0.289490,0.164200,18.883312
83760917030,0.190392,-1.491663,-0.047104,-0.089452,0.249755,0.138099,18.907443
83860989810,1.563100,0.282598,0.098024,0.059122,0.002275,-0.154365,18.834119
83961062590,2.995776,1.416454,0.861326,0.164264,-0.110417,-0.270104,18.697072
84061135371,0.394871,-1.666052,0.139324,0.118060,0.100940,-0.159340,18.693116
84161208151,1.281340,-0.150876,-0.785412,-0.035024,-0.022848,-0.067118,18.670715
84261280931,1.509180,-1.359584,0.517986,-0.014705,-0.123744,-0.004667,18.549512
84361353711,4.042351,-1.977085,0.815303,0.216545,-0.249226,-0.230857,18.482419
84461426491,2.559841,-0.106872,0.323476,0.284118,-0.458189,-0.304398,18.483770
84561499272,6.256238,-2.200553,-0.115820,0.470265,-0.825168,-0.426696,18.363861
84661572052,4.760326,-1.806305,-0.489652,0.088464,-0.049159,0.037674,18.360511
84761644832,-5.251872,-0.897361,0.150666,0.140079,-0.089211,-0.137073,18.304717
84861717612,-4.095144,-1.377640,0.570591,-0.197370,0.410490,0.247870,18.213852
84961790393,-6.359171,-0.200249,-0.662655,-0.459762,0.630988,0.491403,18.139445
85061863173,0.495652,0.497765,-0.081931,-0.480904,0.641670,0.521261,18.161456
85161935953,-1.752967,0.321469,0.424557,-0.521301,0.841711,0.600576,18.123309
85262008733,0.656359,-0.876752,-0.040383,-0.278819,0.430636,0.324524,18.116467
85362081513,4.988855,-1.165765,-0.006424,0.091726,-0.175554,-0.062272,17.954963
85462154294,5.196691,-0.913158,0.287326,0.275967,-0.400715,-0.244711,17.891668
85562227074,4.687241,-1.081561,-0.232186,-0.049086,0.184836,0.049099,17.829295
85662299854,-0.828819,-0.544388,-0.935439,-0.119992,0.203023,0.135401,17.764230
85762372634,0.691050,-0.918519,-0.129944,-0.216254,0.276069,0.243936,17.810693
85862445414,-0.779591,-1.424409,0.494845,-0.212078,0.444335,0.249569,17.809508
85962518195,-0.401485,-0.137640,0.266312,-0.131482,0.201562,0.162375,17.790000
86062590975,0.005805,0.119771,-0.365114,-0.161200,0.165587,0.136425,17.744969
86162663755,-0.290315,-0.794976,-0.178730,-0.035042,-0.003455,0.027660,17.685505
86262736535,1.154601,-1.940277,0.538645,0.007215,-0.090309,-0.053183,17.670468
86362809315,1.275187,-1.628245,0.809564,0.007491,0.023371,0.052563,17.582505
86462882096,1.035464,-0.902323,0.216932,0.001459,0.000231,0.049245,17.572906
86562954876,0.378008,-0.959257,0.785879,-0.025977,-0.043541,-0.112805,17.582626
86663027656,1.532433,-1.936562,0.576387,-0.082399,0.057544,0.143591,17.489894
86763100436,-0.204166,-0.845296,0.066247,-0.198387,0.275650,0.204117,17.406932
86863173216,3.156395,-2.141046,0.356971,-0.309026,0.467140,0.319313,17.457137
86963245997,2.475646,-1.293009,0.333460,-0.140902,0.295616,0.166294,17.441134
87063318777,5.304048,-0.578252,-0.066389,-0.259644,0.563878,0.330902,17.527130
87163391557,1.747615,-0.852101,-0.088031,-0.395180,0.692304,0.449239,17.558076
87263464337,-0.692798,0.302453,0.481393,-0.250828,0.352960,0.289128,17.531528
87363537117,-2.843251,0.915739,1.048051,-0.276590,0.454638,0.301832,17.400050
87463609898,-2.835341,0.487589,0.120847,-0.046351,0.032694,0.029112,17.289712
87563682678,2.094901,-2.108575,0.499407,-0.055221,0.074908,0.017366,17.284810
87663755458,-0.258519,-2.071974,0.393421,-0.044671,0.022521,0.027211,17.257584
87763828238,4.990632,-2.266764,-0.060010,0.282891,-0.601186,-0.241553,17.180740
87863901018,-1.318135,0.356832,-0.216887,-0.098623,0.062317,0.320806,17.080550
87963973799,3.557762,-0.069813,0.423738,-0.306608,0.408536,0.382979,17.043188
88064046579,10.394697,-0.938705,0.082335,-0.592239,0.870510,0.512491,17.058121
88164119359,8.364483,-2.102130,0.815900,0.071596,-0.144853,-0.000002,16.985962
88264192139,8.323315,-1.413678,0.396079,0.188214,-0.371368,-0.173531,16.965361
88364264919,0.761874,-0.916384,-0.534596,-0.232006,0.229250,0.222354,16.921765
88464337700,1.762867,0.201729,-0.428114,0.027582,-0.086018,-0.104006,16.926637
88564410480,-3.364027,1.925965,-0.305504,0.419899,-0.619046,-0.612614,16.980402
88664483260,-0.165645,0.411867,-0.405669,0.506308,-0.804241,-0.455486,16.956437
88764556040,-2.744268,0.717918,0.131888,0.033146,-0.071100,0.111265,16.909744
88864628820,-3.871490,0.067109,1.485411,0.060545,0.078903,-0.064754,16.967498
88964701601,1.978592,-0.642557,0.510554,0.031913,0.090803,0.006767,17.042955
89064774381,4.261104,-0.223804,-0.842400,0.048002,-0.139371,-0.064925,16.989825
89164847161,5.129710,-1.358118,-0.554072,-0.175548,0.250972,0.136198,16.991430
89264919941,1.879422,-1.363062,0.255811,-0.186487,0.448643,0.250127,16.840048
89364992721,1.422726,0.230834,0.699500,-0.130402,0.306853,0.128431,16.768859
89465065502,-1.476573,0.878598,0.246021,-0.211799,0.369025,0.279983,16.716046
89565138282,0.927578,-0.101823,0.276899,-0.288131,0.472582,0.390600,16.593174
89665211062,0.695908,-2.068217,0.643217,-0.287837,0.460516,0.299373,16.492493
89765283842,-0.140810,-2.658989,-0.140313,-0.062499,0.160689,0.044475,16.405859
89865356622,0.761047,-1.942110,0.471158,-0.020463,0.114269,0.080524,16.325983
89965429403,-0.189522,-1.493121,0.542868,0.070339,-0.072574,0.064288,16.368701
90065502183,1.811577,-0.924817,0.213927,0.131910,-0.189600,-0.154559,16.084767
90165574963,-0.302896,-0.500182,0.408820,0.138715,-0.246297,-0.212743,15.855090
90265647743,1.553868,-0.593421,0.225824,0.158041,-0.231276,-0.183960,15.734978
90365720524,0.111947,0.492064,0.132734,0.118051,-0.249498,-0.168666,15.652195
90465793304,0.892257,0.711678,-0.399239,0.128587,-0.233743,-0.162098,15.311948
90565866084,0.842676,0.696479,0.054820,-0.019104,-0.097494,-0.021194,15.276000
90665938864,1.416707,-2.168266,-0.975724,-0.153135,-0.018359,0.039517,15.040021
90766011644,1.335875,0.382389,-0.462818,-0.182509,-0.001923,0.058112,14.867103
90866084425,-1.084392,0.837001,-0.913902,-0.289002,0.124937,0.198837,14.645583
90966157205,2.049978,-0.025285,0.625066,-0.268674,0.317860,0.135051,14.501562
91066229985,1.868591,-0.485235,0.871939,-0.448467,0.399154,0.498805,14.431641
91166302765,2.992953,-1.647318,2.195642,-0.465218,0.492933,0.497051,14.355273
91266375545,-2.710685,0.095387,-0.485139,-0.404396,0.553681,0.490995,14.204624
91366448326,-0.651215,-0.839521,0.523099,-0.386504,0.464173,0.498647,14.069864
91466521106,0.381824,-1.894106,0.234111,-0.216273,0.271500,0.307350,14.061976
91566593886,3.676584,-1.234770,1.146646,-0.377032,0.354974,0.387120,14.034675
91666666666,-1.313110,-3.170198,0.206373,-0.241884,0.150296,0.337391,13.905370
91766739446,-0.489332,-0.962636,0.677884,0.232203,-0.435275,-0.309144,13.714295
91866812227,-3.411414,-0.793563,-0.104508,0.094782,-0.146256,-0.123905,13.644626
91966885007,4.470295,-2.487898,-0.189279,-0.253136,0.625513,0.475927,13.629211
92066957787,2.937826,-2.386503,0.162395,-0.236711,0.496804,0.303140,13.471289
92167030567,5.082395,-2.746749,0.103840,-0.286694,0.482652,0.432028,13.396386
92267103347,1.073072,-1.828625,-0.195741,-0.286639,0.553620,0.306660,13.326212
92367176128,3.713985,-3.287390,-0.602532,0.109180,-0.257347,-0.201603,13.196592
92467248908,-0.344668,-1.337707,0.221539,0.213910,-0.504010,-0.305322,13.041094
92567321688,-1.421021,-2.516026,0.479152,0.361411,-0.693459,-0.447607,12.950281
92667394468,-3.932564,-2.339065,0.562096,0.154927,-0.147050,-0.157770,12.881399
92767467248,-0.724421,-1.866390,-0.429546,0.071988,-0.325510,-0.150240,12.814403
92867540029,5.297149,-2.684129,-0.077156,-0.207082,0.112976,0.227836,12.874937
92967612809,-1.445635,-1.429649,-0.082078,-0.133706,0.110408,0.168640,12.707106
93067685589,0.032761,0.831566,0.040987,-0.404196,0.389771,0.366374,12.676305
93167758369,-2.808960,-1.558005,0.425395,-0.269822,0.325648,0.297791,12.729969
93267831149,-0.219996,-2.072081,1.043780,-0.153488,0.138504,0.183509,12.799729
93367903930,0.866943,-2.171996,1.463389,-0.002901,0.216920,0.017078,12.690173
93467976710,0.152819,-2.187296,-0.669526,-0.102191,0.309006,0.131851,12.731686
93568049490,4.645937,-2.618986,0.229425,-0.201095,0.436779,0.319321,12.623351
93668122270,4.263584,-2.418680,1.981876,0.028292,-0.022784,0.164537,12.574813
93768195050,2.302102,-3.263657,0.056487,0.016223,-0.094034,0.059523,12.582966
93868267831,0.351654,0.365611,0.737790,0.051645,-0.231748,-0.168627,12.609746
93968340611,2.174563,-0.171127,1.294842,0.207355,-0.181277,-0.223592,12.773405
94068413391,0.874623,-0.122407,0.445333,0.113756,-0.071489,-0.015269,12.784144
94168486171,-1.404639,-2.791097,-0.711801,0.192348,-0.161070,-0.157782,12.813826
94268558951,3.645412,-4.672089,-0.836413,-0.007849,0.379168,-0.086345,12.852950
94368631732,0.520832,-2.536591,-0.489227,-0.236191,0.406380,0.410521,12.828005
94468704512,2.078842,1.110091,0.791632,-0.232352,0.102738,0.355900,12.930114
94568777292,1.472350,-3.187240,-1.290456,0.027267,-0.127744,-0.066334,13.053170
94668850072,-1.367559,-3.497344,-2.650973,0.002624,0.174675,0.065101,13.083661
94768922852,-0.929677,-0.805643,0.317727,0.005463,0.279737,-0.030098,13.089948
94868995633,1.848727,-1.529480,0.611725,0.010754,0.170236,-0.044779,13.170292
94969068413,1.029294,-4.297917,-0.298950,-0.099314,0.128214,0.213304,13.171809
95069141193,1.955053,-5.104612,-0.582583,-0.048459,0.084336,0.146962,13.239338
95169213973,1.903231,-2.758742,0.788327,-0.077391,0.236262,0.149158,13.195746
95269286754,-0.965756,-0.985923,-0.373642,0.092922,-0.072707,-0.032105,13.284716
95369359534,-0.029224,-0.635111,-0.351773,0.046723,-0.122718,-0.064153,13.460031
95469432314,-0.210446,-1.341551,-0.340439,0.062220,-0.072620,-0.122608,13.403314
95569505094,0.464700,-1.729613,0.195661,0.034536,-0.044982,-0.015642,13.629545
95669577874,0.151757,-1.558161,-0.235946,0.001217,-0.215245,-0.008853,13.732606
95769650655,2.600630,-1.636525,0.274022,0.137416,-0.105752,-0.202552,13.796005
95869723435,1.687589,-2.967755,-0.529148,0.169567,0.049568,-0.130987,13.787241
95969796215,-0.353965,-1.819134,0.463654,0.074080,-0.059982,-0.080655,13.886521
96069868995,0.047596,-0.074778,0.412749,0.013756,0.000722,-0.029476,13.871927
96169941775,-0.366734,-1.908605,-0.440968,0.073898,-0.123642,-0.082130,14.237117
96270014556,2.352592,-1.621174,0.165166,0.163200,-0.152457,-0.170636,14.348544
96370087336,0.554555,-1.947213,0.890968,0.126163,-0.044667,-0.051156,14.249713
96470160116,1.063903,-3.171527,0.414762,-0.000556,0.169390,0.050405,14.095860
96570232896,0.500352,-1.441384,0.226054,-0.028858,0.069586,0.007832,14.279949
96670305676,0.740341,-0.469460,-0.422772,-0.192032,0.167076,0.148439,14.185878
96770378457,-1.042931,-2.120295,-0.102320,-0.205042,0.369189,0.056355,14.289023
96870451237,-1.672804,-2.041452,0.763042,-0.034965,0.008218,-0.052181,14.480449
96970524017,-0.124877,-1.634648,0.396083,-0.024911,0.012332,0.067414,14.451067
97070596797,-0.153564,-1.410225,0.696413,-0.131152,0.134533,0.101820,14.608128
97170669577,2.016331,-0.953454,0.077120,-0.031683,-0.076257,0.036082,14.705986
97270742358,1.401602,-0.722946,0.144337,0.042569,-0.046742,0.020756,14.728823
97370815138,1.117845,-2.256584,-0.161571,0.031192,-0.049109,0.011410,14.778276
97470887918,1.825175,-1.078732,-0.507467,0.012476,0.015977,0.014533,14.829389
97570960698,1.529452,-1.619275,-0.069287,0.017914,0.020116,0.001321,14.928208
97671033478,0.091657,-2.082252,0.836138,0.150274,-0.050950,-0.100844,14.983576
97771106259,1.531277,-2.208038,0.276134,0.071313,-0.059638,-0.043713,15.008338
97871179039,3.775081,3.392607,-1.060480,-0.075717,-0.049249,0.146923,15.089738
97971251819,3.569194,4.101771,-0.970199,-0.050742,-0.076908,-0.076127,15.153449
98071324599,1.560873,-0.486461,-0.020629,-0.050760,0.073286,-0.141611,15.181209
98171397379,-0.189113,-1.290315,0.324433,0.019546,-0.003732,0.084536,15.284124
98271470160,0.537742,-1.724853,0.432660,-0.030816,0.067470,-0.004042,15.353033
98371542940,0.409112,0.374420,1.581710,0.005408,0.151340,0.055511,15.408721
98471615720,1.837023,-1.164697,0.170515,-0.058362,0.167181,0.154311,15.451773
98571688500,0.777478,-1.400756,-1.210166,-0.197663,0.047844,0.137120,15.512923
98671761280,2.530910,-1.557094,0.131708,-0.193457,0.021407,0.122537,15.611993
98771834061,0.572546,-1.397827,0.344641,-0.108510,0.177708,0.164213,15.623700
98871906841,-0.128983,-1.001499,0.179935,-0.105277,0.168722,0.041035,15.653463
98971979621,-2.130126,-1.844679,0.496839,-0.185160,0.184176,0.206845,15.737036
99072052401,0.318901,-0.504647,-0.830289,-0.080618,-0.071466,0.009087,15.823732
99172125181,2.272543,-2.493800,0.152445,-0.040043,-0.116315,-0.041819,15.930690
99272197962,1.403767,-1.270751,1.308877,-0.005987,-0.231589,-0.130463,15.970275
99372270742,2.889230,-1.766419,0.555724,0.079791,-0.120552,-0.090687,15.970044
99472343522,0.094653,-1.015499,0.797529,0.250462,-0.234081,-0.171829,16.052084
99572416302,2.473008,-3.342374,-0.471654,0.207810,-0.426930,-0.214984,16.116476
99672489082,-0.387983,-2.966352,0.383517,-0.004552,-0.220188,-0.099788,16.114391
99772561863,-0.811450,-1.817335,0.250799,0.170083,-0.107428,-0.116437,16.214910
99872634643,-0.385950,-1.203160,-0.440576,0.066263,0.067697,0.007433,16.256412
99972707423,0.146132,-1.898050,-0.085079,0.035912,-0.047215,-0.039720,16.219985
100072780203,1.711510,-3.461200,0.151562,0.014057,0.125041,0.062713,16.344393
100172852983,0.906309,-3.017454,0.327904,0.000893,0.139220,-0.013100,16.342888
100272925764,1.981893,-2.248717,-0.306745,0.003485,0.103825,0.013844,16.369647
100372998544,3.008744,-0.852179,-0.526815,-0.174647,0.253791,0.127749,16.519153
100473071324,2.203572,-2.672762,-0.218233,-0.269230,0.383286,0.198199,16.547555
100573144104,-0.383334,-2.497235,0.010954,-0.121020,0.260434,0.152865,16.657031
100673216885,0.603407,-2.326470,0.616280,-0.127731,0.141784,0.167323,16.694102
100773289665,4.448043,-1.525343,0.625762,0.110420,-0.073893,-0.031526,16.620080
100873362445,1.723761,-0.367996,0.501462,-0.202019,0.337161,0.182007,16.641574
100973435225,-2.564736,-1.449830,0.672794,-0.118883,0.189644,0.178104,16.846149
101073508005,-1.849755,-2.041016,0.310699,-0.249339,0.363333,0.325157,16.851407
101173580786,-2.065164,-0.569195,0.297142,-0.025022,-0.047002,0.007667,16.857708
101273653566,-0.881071,-1.859380,0.792306,0.034136,0.026596,-0.011045,16.840845
101373726346,-1.077928,-0.263606,0.230636,-0.040937,0.235368,0.068989,16.959313
101473799126,0.755138,-0.879025,0.062045,-0.018567,-0.019508,-0.052551,17.064859
101573871906,0.389615,-0.566932,0.474427,-0.007953,-0.000866,0.007519,17.118533
101673944687,-0.082196,-1.025135,-0.092963,-0.064517,-0.049699,0.032748,17.100422
101774017467,0.685043,-0.795478,-0.389308,-0.087084,-0.049346,0.017603,17.193624
101874090247,0.772592,-2.113244,-0.291803,-0.076965,-0.085099,0.045346,17.182665
101974163027,0.665612,-0.821402,0.453928,0.022418,-0.034853,-0.009590,17.320205
102074235807,-0.224035,-2.647539,0.571489,0.102234,-0.110546,-0.040126,17.405233
102174308588,-1.168653,-2.340931,-0.233934,0.057807,0.030893,0.018322,17.382672
102274381368,-0.161464,-2.493920,-0.333905,0.019134,-0.116088,-0.060838,17.593429
102374454148,1.855794,-2.126000,0.631390,-0.020213,0.056192,0.047850,17.590375
102474526928,1.135768,-1.638313,-0.251613,-0.054993,0.061239,0.002802,17.614396
102574599708,1.867140,0.612660,-0.425798,0.016566,0.158827,-0.009043,17.561904
102674672489,0.293643,-0.573642,0.099560,-0.090251,0.237139,0.110806,17.571658
102774745269,2.725542,-3.458457,-0.857994,-0.068209,0.208725,0.017922,17.766181
102874818049,0.698830,-0.323075,-0.052046,-0.143539,0.539160,0.211516,17.779424
102974890829,-4.073864,-1.195009,-1.204517,0.316192,-0.069600,-0.251171,17.819848
103074963609,2.925736,1.137994,0.629059,0.061080,-0.010243,-0.017809,17.940923
103175036390,-1.577440,1.633584,1.159380,0.205508,-0.379420,-0.176329,18.004181
103275109170,2.001258,-0.841328,0.208424,0.203177,-0.309506,-0.222336,18.053738
103375181950,3.663581,-1.599333,0.113849,-0.022079,0.057494,0.044417,18.115186
103475254730,6.516822,-2.525878,0.084022,0.261114,-0.404668,-0.309469,18.151388
103575327510,0.110658,-0.855341,0.677162,0.095420,-0.234613,-0.087249,18.109093
103675400291,-3.405160,-1.538752,-0.263982,0.304288,-0.546480,-0.280029,18.172854
103775473071,4.476043,-2.124161,0.513444,-0.140219,0.163804,0.196816,18.248785
103875545851,-2.647415,-1.512769,0.185170,0.067916,-0.060028,-0.037081,18.286195
103975618631,2.657615,-2.701871,0.190441,0.033147,-0.033100,-0.062090,18.363423
104075691411,-2.124055,-1.156404,-0.315215,0.334365,-0.456770,-0.360981,18.394311
104175764192,2.164618,-1.018335,-0.124090,0.282289,-0.356451,-0.330933,18.458398
104275836972,-2.748838,-1.503490,0.251595,0.287647,-0.342652,-0.333865,18.542517
104375909752,1.250543,-0.194927,0.869390,0.204419,-0.336101,-0.263489,18.526577
104475982532,-0.354062,0.204718,0.274819,0.159302,-0.249896,-0.227607,18.590138
104576055312,1.426898,-1.655349,0.351417,0.135996,-0.196956,-0.166332,18.646001
104676128093,0.867677,-2.228779,-0.216890,0.074834,-0.033585,-0.161107,18.776224
104776200873,0.349524,-0.301645,-0.226937,0.111284,-0.118165,-0.041483,18.753775
104876273653,0.306732,-0.105280,-0.207356,-0.050743,-0.015458,0.019088,18.723559
104976346433,0.529795,-0.448099,0.619425,0.109578,0.053377,-0.069243,18.818402
105076419213,1.286943,-1.746286,-0.045092,0.119297,-0.037760,0.020725,18.795395
105176491994,-0.305957,-1.347281,-0.145582,-0.043439,0.147697,0.066467,18.765290
105276564774,1.156959,-1.524122,-0.195609,-0.008140,0.160142,0.102800,18.960180
105376637554,1.574899,-0.046166,0.057723,-0.062605,0.139458,0.073840,18.928295
105476710334,0.418032,0.921107,0.075383,-0.074727,0.151380,0.059908,19.054273
105576783114,1.672084,-1.508264,-0.068831,-0.090310,0.179349,0.074200,19.119454
105676855895,1.921431,-1.723178,-0.518918,0.029312,-0.065680,0.000989,19.054976
105776928675,1.608695,-2.605595,-0.413264,-0.083870,0.096697,0.118107,19.225570
105877001455,0.347827,-2.265479,-0.128808,-0.094907,0.231611,0.103345,19.277708
105977074235,3.229930,-1.221114,-0.451072,0.046145,0.038226,0.000578,19.274398
106077147016,1.559634,-1.772484,0.834065,-0.018876,0.055731,0.017971,19.276246
106177219796,-0.748475,-0.368856,0.731021,0.198864,-0.217100,-0.214798,19.382693
106277292576,2.726533,-1.326103,0.934824,0.254482,-0.171240,-0.262723,19.396927
106377365356,0.213850,0.644074,0.588286,-0.020306,0.270839,-0.017533,19.537434
106477438136,1.974064,-1.247936,-0.945550,0.000677,0.083556,0.077728,19.428996
106577510917,2.699044,-1.747497,0.410384,-0.112128,0.159720,0.184092,19.537008
106677583697,3.498165,1.236650,0.513296,-0.147232,0.236760,0.167894,19.551586
106777656477,2.484449,-1.623029,0.064057,-0.121955,0.125618,0.122367,19.593532
106877729257,-0.967290,0.214368,-0.298754,0.116861,-0.227596,-0.121248,19.621226
106977802037,1.630593,-1.244655,0.435644,0.178369,-0.145784,-0.006260,19.690267
107077874818,0.786812,-0.667883,-0.426334,0.240904,-0.181862,-0.058286,19.476130
107177947598,1.414503,-0.072165,-0.286618,0.287321,-0.547800,-0.275043,19.646874
107278020378,-1.237617,0.280634,-0.614210,0.039913,-0.069832,-0.084957,19.727326
107378093158,1.147752,-1.048141,0.094987,0.261691,-0.240597,-0.111324,19.631108
107478165938,6.899502,-3.447588,1.446295,-0.111496,0.233030,0.383186,19.681873
107578238719,-0.792612,-0.315160,0.151592,0.115615,-0.080235,-0.112778,19.655424
107678311499,3.572696,-1.479972,-0.008267,-0.118624,0.393812,0.233197,19.685886
107778384279,-2.257277,-0.200013,-0.030309,-0.083660,0.089515,0.089704,19.524086
107878457059,1.147688,-0.992736,-0.452276,-0.279963,0.295224,0.219499,19.863602
107978529839,-1.913712,0.752224,0.076325,-0.060505,0.259910,0.202021,19.770621
108078602620,4.146552,-1.649299,0.379832,0.164780,-0.219452,-0.202353,19.877902
108178675400,-0.852285,0.203308,0.359613,-0.111203,0.184328,0.129033,19.716733
108278748180,1.854399,-0.248232,0.396773,0.009317,-0.060262,0.028807,19.874387
108378820960,2.085684,-2.107035,-0.529648,-0.118377,0.206583,0.180691,19.799481
108478893740,3.859741,-3.095869,-0.377896,0.013994,-0.010271,-0.011216,19.440425
108578966521,2.289716,-2.108068,0.417767,-0.061232,0.135581,0.145456,19.741702
108679039301,-1.242646,-0.261725,-0.379550,0.260265,-0.249029,-0.176782,19.760472
108779112081,0.958904,-2.389656,0.089042,0.106658,-0.221523,-0.088135,19.798049
108879184861,-3.055244,-0.117498,0.493002,0.294142,-0.489919,-0.300910,19.908251
108979257641,1.784725,-2.858201,0.764529,0.345127,-0.474391,-0.301862,19.791933
109079330422,-2.170925,-0.500568,0.260336,0.239828,-0.373199,-0.241890,20.146143
109179403202,3.113160,-1.130193,1.128543,0.344673,-0.315181,-0.302155,19.890741
109279475982,2.796492,-2.293028,-1.611613,0.219972,0.116386,-0.115744,19.921906
109379548762,-0.632330,-1.274999,0.368674,0.024972,-0.095218,-0.042557,19.870363
109479621542,2.980469,-0.421046,0.388476,-0.196699,0.117705,0.103645,19.834734
109579694323,-0.646508,-1.997859,0.270446,-0.015472,0.170469,0.115230,19.785508
109679767103,-0.787983,-2.614091,1.184278,0.045690,0.199903,0.018749,19.671078
109779839883,-0.450038,-1.498614,1.701422,0.067206,0.153479,0.088818,19.773631
109879912663,0.703346,-2.884401,0.773151,-0.008011,0.097741,-0.023075,19.991464
109979985443,1.184599,-2.016241,-0.122946,-0.045061,0.024095,0.001534,20.037167
110080058224,-0.222627,-2.115340,0.272143,0.011468,0.066919,0.018541,20.274006
110180131004,0.330469,-3.305219,0.490376,-0.064517,0.114401,0.097021,19.833795
110280203784,0.279780,-1.754246,0.514589,0.010209,-0.142427,0.004782,20.362770
110380276564,0.676884,-1.927754,0.127402,-0.016644,-0.026122,-0.024302,19.982914
110480349344,-0.377651,-2.664887,0.504157,0.074689,-0.062171,-0.047205,20.347273
110580422125,0.343015,-1.616384,0.568761,0.024379,0.021822,0.005039,20.247058
110680494905,1.363816,-2.223953,0.959200,-0.045736,0.000532,0.122220,20.426491
110780567685,0.244712,-2.754312,0.936863,0.003133,0.128898,-0.028605,20.516849
110880640465,0.031886,-2.061016,0.487427,0.056999,0.122364,-0.032305,20.622665
110980713245,-1.674846,0.013078,0.052591,-0.077267,0.329637,0.118937,20.416751
111080786026,-1.188331,-0.633156,0.391964,0.106032,-0.028222,-0.175004,20.403908
111180858806,2.334411,-4.698422,0.293368,-0.183815,0.305980,0.289436,20.537648
111280931586,1.226277,-3.506357,0.676763,0.034596,-0.103121,-0.012489,20.639108
111381004366,1.684405,-1.566688,1.589760,-0.045436,0.288863,0.198708,20.777618
111481077147,-1.686711,0.310355,0.640314,-0.332021,0.408674,0.364939,20.540133
111581149927,1.443472,-3.264459,-0.647557,-0.106272,-0.019410,0.056091,20.858559
111681222707,-0.754513,-1.688649,-0.119167,-0.109087,0.134632,0.229704,20.697636
111781295487,1.694012,-2.432921,0.095431,0.048996,-0.127538,-0.021298,20.632774
111881368267,1.339397,-1.574696,0.491233,0.062561,-0.051554,-0.050773,20.766047
111981441048,0.212811,-1.476265,-0.218015,0.096486,-0.003450,-0.119470,20.915939
112081513828,-1.184629,0.389343,-0.523793,-0.043098,-0.075392,0.016878,20.953698
112181586608,2.101166,-0.795713,0.734006,0.211177,-0.158919,-0.239525,21.212202
112281659388,0.764871,-1.695873,-0.597273,0.121938,0.170007,-0.130106,21.278166
112381732168,0.575572,-0.758515,1.672362,-0.059890,-0.166777,0.063720,21.325861
112481804949,1.818512,-0.482660,1.159451,-0.173362,-0.077266,0.144617,21.145460
112581877729,-0.568859,-1.400856,-0.698188,0.073093,0.063427,-0.082652,21.271587
112681950509,0.412669,-2.315873,0.480521,0.017041,0.048138,0.012326,21.536074
112782023289,0.835107,-1.408646,-0.041241,0.019720,-0.129900,0.044347,21.329333
112882096069,-0.010102,-2.523378,0.450988,0.055001,-0.053766,-0.063022,21.240217
112982168850,-1.576039,-1.240255,0.259130,0.211066,-0.098917,-0.137942,21.573143
113082241630,-1.775274,-1.129270,-0.907468,-0.055515,-0.154615,-0.033454,21.511246
113182314410,-3.514231,1.255841,1.642746,-0.002606,-0.447095,-0.077075,21.630110
113282387190,1.478832,-0.485914,1.453750,0.170872,-0.137707,-0.269808,21.803605
113382459970,0.563569,-0.790863,-0.287994,0.199224,0.042729,-0.342976,21.814190
113482532751,-1.968379,-2.440881,-0.775365,0.002763,-0.038720,0.088311,21.887489
113582605531,-0.548263,-0.409674,1.530311,-0.036295,-0.079658,-0.027267,21.948634
113682678311,0.311403,-0.899762,1.222874,-0.126796,0.103061,0.114228,22.079547
113782751091,-1.154964,-1.332401,-0.319917,-0.070778,0.033592,0.086393,22.017192
113882823871,-0.972495,-2.532374,-0.424932,-0.008639,-0.047211,-0.016615,22.156254
113982896652,-2.902465,-1.387354,-0.257335,-0.135326,0.147853,0.122663,22.043820
114082969432,-0.004026,-1.310726,0.941001,-0.136619,0.020983,0.187741,22.170839
114183042212,-0.202167,-1.433432,-0.978755,-0.097872,0.095155,0.063534,22.160612
114283114992,-1.993563,-0.862436,0.267942,-0.003129,-0.051945,0.074288,22.115466
114383187772,-0.771099,-0.707880,-1.020100,-0.204246,-0.026217,0.189156,22.188701
114483260553,-0.255514,-2.576143,0.773157,-0.206065,-0.056684,0.194760,22.285023
114583333333,-1.336670,-1.420436,0.473200,0.000774,0.004152,-0.050000,22.197639
114683406113,0.605175,-2.057753,-0.298517,0.095853,0.034300,0.016620,22.300432
114783478893,1.605416,-2.679953,0.894008,0.035472,-0.062671,-0.023153,22.376711
114883551673,-1.268707,0.642752,0.383275,0.028883,-0.153310,-0.121525,22.433826
114983624454,-1.454320,-2.914716,0.818189,0.128819,-0.272181,-0.168008,22.506471
115083697234,1.003358,-1.505539,0.801505,0.074299,-0.088762,-0.150036,22.515634
115183770014,-1.279011,-0.703931,0.871138,0.131222,-0.159239,-0.133850,22.672534
115283842794,-1.481356,0.120540,1.022542,0.085788,0.112816,-0.078376,22.696302
115383915574,0.006690,-1.057294,0.450818,0.095303,-0.016474,-0.016755,22.755373
115483988355,0.279965,-1.621818,-0.345650,-0.002902,0.107065,0.018124,22.757846
115584061135,-0.204731,-0.845077,0.520320,0.076776,0.070454,0.033311,22.907421
115684133915,0.369250,-2.600680,-0.073531,-0.084720,0.250067,0.122547,22.930035
115784206695,-2.134598,-2.321408,-0.207521,-0.109850,0.255041,0.113993,23.029937
115884279475,1.497437,-3.058894,0.547243,-0.076971,-0.000429,-0.031100,23.087751
115984352256,-0.322658,-2.598574,-0.516358,-0.039184,-0.162235,0.027992,23.132959
116084425036,-0.827611,-0.510344,0.274764,0.071028,-0.216386,-0.244511,23.182213
116184497816,-0.436483,-0.751499,0.476422,0.102442,-0.032694,0.061658,23.320033
116284570596,1.253397,-1.523312,-0.246624,-0.029280,-0.112059,0.026378,23.356574
116384643377,-1.863626,-2.999166,-0.777455,0.009396,-0.030272,-0.017831,23.401211
116484716157,1.006495,-0.559662,0.537244,0.050263,0.071079,-0.020884,23.480898
116584788937,0.240733,0.378158,0.180767,-0.003567,0.005262,0.106454,23.549944
116684861717,-1.062000,-1.329965,0.300399,-0.057380,0.055458,-0.002223,23.622703
116784934497,0.529078,0.040894,0.862137,-0.038533,0.181825,0.048195,23.815790
116885007278,-1.399752,-0.593367,-0.950358,0.289747,-0.050527,-0.089681,23.803899
116985080058,2.231151,-2.580292,0.442681,0.135846,-0.262731,-0.138796,23.862284
117085152838,-1.647587,1.855050,-0.126856,-0.033648,0.007702,0.052293,23.951473
117185225618,-1.831153,0.096811,0.494735,0.140142,-0.157458,-0.185681,24.046911
117285298398,-0.170171,-3.618512,-0.173804,-0.134152,0.321017,0.064553,24.130061
117385371179,-1.601962,-1.497458,-0.207892,-0.062680,0.144689,0.109826,24.203364
117485443959,1.899051,-2.832342,0.213732,-0.227474,0.241392,0.205626,24.272988
117585516739,0.473250,-1.682583,-0.197976,-0.115008,0.368570,0.204140,24.346243
117685589519,1.936260,-2.344903,0.293392,0.044076,0.010612,-0.043264,24.415193
117785662299,1.053354,-1.997056,-1.287657,-0.032374,-0.082938,0.035278,24.519229
117885735080,-0.313001,-0.827769,0.145863,0.005882,-0.068478,-0.039949,24.562388
117985807860,1.561666,-2.068172,0.025535,0.111076,-0.079306,-0.127203,24.630585
118085880640,0.783845,-0.402751,-0.094659,0.065049,-0.009239,-0.057725,24.752756
118185953420,-0.691489,-0.085726,0.638496,0.166854,-0.295555,-0.083394,24.832950
118286026200,1.658635,-3.010045,0.997502,0.203974,-0.345126,-0.222235,24.867908
118386098981,-1.323194,1.576042,0.193816,0.090530,-0.026900,-0.109899,24.993440
118486171761,0.377139,-3.522021,-1.688286,-0.042877,0.266312,0.125295,25.058774
118586244541,0.815630,-1.682384,-1.168658,-0.090978,-0.071964,0.075226,25.062518
118686317321,3.869553,-5.745513,0.126161,-0.299162,0.531849,0.275778,25.207005
118786390101,0.638883,-3.056677,-0.419817,-0.267801,0.557445,0.354014,25.334628
118886462882,4.134619,-5.722561,0.493863,-0.160479,0.263396,0.273249,25.332858
118986535662,-1.389671,0.321075,0.308097,-0.358638,0.556418,0.422628,25.445141
119086608442,-2.026295,3.557623,1.347501,-0.231839,0.589789,0.330373,25.554716
119186681222,-0.593564,3.480033,-0.778990,-0.242060,0.437492,0.248426,25.581891
119286754002,-2.911387,2.839897,-1.353887,-0.504891,0.701581,0.499715,25.714020
119386826783,2.433302,-4.850120,-0.177991,0.035061,-0.116455,-0.131736,25.757525
119486899563,-1.954716,1.333022,1.482233,-0.109499,0.358965,0.286071,25.816630
119586972343,0.658516,-4.234829,1.375324,0.212384,-0.299067,-0.246334,25.897960
119687045123,-3.159260,2.526139,0.717404,0.231329,-0.515712,-0.274589,25.969095
119787117903,-1.687183,0.924688,0.976189,0.405111,-0.518316,-0.407006,26.058156
119887190684,-0.731637,-4.546663,-0.603883,-0.011486,-0.401580,-0.059946,26.071695
119987263464,2.449207,-5.914542,-1.776354,0.204398,-0.443707,-0.423751,26.147815
120087336244,1.355347,-3.917584,0.613125,0.018140,-0.135501,0.137674,26.218326
120187409024,0.982028,-4.361595,1.693685,0.237721,-0.362429,-0.296219,26.242727
120287481804,0.833912,-6.310083,0.693437,-0.288741,0.504052,0.197296,26.267842
120387554585,-0.578793,-0.112438,0.446971,-0.206070,0.415111,0.202336,26.414603
120487627365,-0.281945,-0.784307,0.564107,-0.055254,0.018637,0.079405,26.490254
120587700145,0.323859,-0.729264,-0.103841,0.003731,0.095518,0.072867,26.443730
120687772925,-0.306646,-3.064912,1.233270,0.132345,-0.250265,-0.099126,26.503648
120787845705,-3.428803,2.170734,-0.608214,-0.150798,0.313745,0.180995,26.615786
120887918486,6.011033,-4.488735,-0.878284,-0.202306,0.354652,0.317356,26.638792
120987991266,-0.290460,-2.289082,0.071899,-0.243984,0.494005,0.191447,26.615314
121088064046,-1.547235,-1.019088,-1.464225,-0.000701,0.066111,-0.044052,26.666495
121188136826,-2.020803,-0.511922,-1.687249,-0.255442,0.255633,0.213289,26.762026
121288209606,-0.239341,0.171581,-0.009771,0.085329,-0.147690,-0.100293,26.859648
121388282387,2.799948,-1.299644,0.073791,0.098266,-0.052950,-0.095383,26.837515
121488355167,2.103689,-1.567702,-0.117183,-0.005025,-0.002467,0.007877,26.893186
121588427947,0.094712,-1.359717,0.660193,0.098461,-0.197957,0.107684,26.973573
121688500727,-0.282233,-3.937768,-0.856663,0.071970,-0.488609,-0.018595,27.045006
121788573508,2.332785,-4.388719,-0.334294,-0.319394,0.247376,0.256531,27.124652
121888646288,-1.542305,0.044441,-1.956040,-0.095415,0.252690,0.251751,27.141030
121988719068,-1.043269,-2.492405,0.733063,-0.236650,0.421027,0.296704,27.236085
122088791848,-2.936356,3.318019,0.408489,-0.382200,0.605117,0.250735,27.273707
122188864628,0.553529,-1.930948,0.657144,-0.059311,-0.201786,0.038128,27.274229
122288937409,1.267349,-4.002101,-0.875056,-0.029140,0.134971,0.110752,27.375426
122389010189,0.198911,-1.982485,-0.114958,0.116109,0.254442,-0.073560,27.458275
122489082969,-2.829262,1.475923,0.064318,-0.280111,0.244114,0.392003,27.508764
122589155749,-1.190503,1.562293,0.014880,-0.030465,0.111890,-0.001358,27.538902
122689228529,-1.492729,1.857394,-0.179281,-0.177282,0.378604,0.182906,27.617789
122789301310,-1.197886,0.154106,0.085534,0.068641,-0.189588,-0.172016,27.707316
122889374090,3.013397,-3.103396,-0.405921,-0.232822,0.198399,0.183334,27.745495
122989446870,0.471682,0.900938,-1.687678,-0.289358,0.441873,0.217116,27.811502
123089519650,6.226966,-7.736108,-0.084014,0.085727,-0.087336,-0.219840,27.880807
123189592430,-2.531366,2.397808,-0.776851,0.547380,-0.700743,-0.644323,27.930114
123289665211,0.954308,-4.733070,0.246708,0.398517,-0.645623,-0.318581,27.979833
123389737991,-1.485136,3.345415,-0.524040,0.352455,-0.651707,-0.510391,27.951847
123489810771,5.140228,-6.647627,-0.553498,0.512937,-0.689947,-0.587246,28.094497
123589883551,3.066611,-5.070770,-1.445670,0.110056,-0.019130,0.031184,28.221468
123689956331,3.898998,-3.962553,0.005971,0.256355,-0.375463,-0.293196,28.210650
123790029112,3.209840,-2.552734,0.803505,-0.363865,0.497068,0.466839,28.234064
123890101892,-5.336522,6.541749,0.691256,-0.236621,0.299213,0.395732,28.391119
123990174672,5.850363,-7.131038,-0.125779,-0.575201,0.990506,0.572665,28.409809
124090247452,-2.088958,6.195535,-0.055716,-0.698244,1.154795,0.840836,28.392953
124190320232,-2.531228,3.836614,-0.835811,-0.190729,0.055210,0.016254,28.543652
124290393013,-2.768753,5.543458,-0.465166,-0.429103,0.704893,0.488353,28.597162
124390465793,-2.442262,4.433118,-0.168444,0.507905,-0.520620,-0.391420,28.632774
124490538573,6.481965,-5.415182,1.406774,0.056734,-0.152452,-0.087641,28.699488
124590611353,-0.547475,0.465566,-0.117345,0.446198,-0.585454,-0.439878,28.690506
124690684133,5.060669,-7.990411,-0.534097,0.230487,-0.475298,-0.321202,28.806023
124790756914,-1.310962,0.033756,-1.550898,-0.204560,0.228785,0.124215,28.854358
124890829694,3.692084,-6.210515,0.172460,0.402026,-0.725823,-0.397282,28.859822
124990902474,-3.530375,3.996966,-0.072027,0.281589,-0.462707,-0.330371,28.776420
125090975254,-3.970081,4.966982,0.421059,0.653913,-1.190865,-0.651064,28.858020
125191048034,-3.127408,5.940237,0.113433,-0.418273,0.701179,0.343694,28.651211
125291120815,0.467828,-1.289523,-0.603921,0.014697,-0.031697,0.023329,28.731245
125391193595,5.481053,-10.273556,0.547111,-0.713851,1.174829,0.783065,28.690955
125491266375,-3.561433,3.653042,-0.069593,-0.502739,1.047494,0.599662,28.594845
125591339155,4.149020,-7.441517,0.116170,-0.311289,0.373089,0.339691,28.564037
125691411935,3.567865,-3.852432,-0.280790,-0.463418,0.529146,0.489564,28.505320
125791484716,4.702549,-5.122783,0.262932,-0.167553,0.002656,0.117400,28.478908
125891557496,2.640565,-2.493809,0.827721,-0.071827,0.347470,0.178479,28.393780
125991630276,-1.661061,0.685023,-1.376416,0.306947,-0.304471,-0.266335,28.402401
126091703056,1.435244,-2.267508,-2.022690,-0.054287,-0.167829,-0.198958,28.252579
126191775836,-2.150932,3.653304,-0.314257,0.319349,-0.683352,-0.320330,28.300583
126291848617,1.194174,-1.239439,-0.237135,0.411395,-0.678638,-0.416048,28.201251
126391921397,-2.843068,5.252180,0.312633,-0.006913,0.127935,0.098517,28.079851
126491994177,1.441696,3.009888,0.523730,0.165057,-0.211937,-0.163608,28.085588
126592066957,2.825273,-3.880091,-0.450237,-0.198820,0.344627,0.315150,28.071344
126692139737,0.804018,-0.677257,-0.687396,0.004808,0.161439,-0.090212,27.963016
126792212518,0.415409,-3.701588,-0.981623,0.051110,0.148331,0.125164,27.887547
126892285298,0.561751,0.541676,0.122131,0.061417,-0.099316,-0.113463,27.828368
126992358078,-0.177977,-0.581191,-0.171725,-0.198448,0.282427,0.188436,27.812857
127092430858,-0.840418,3.248335,0.150260,-0.033475,0.153914,0.075165,27.775999
127192503639,2.444950,-0.893197,0.386790,0.130175,-0.100882,-0.225941,27.653572
127292576419,1.497538,0.766383,-0.499037,-0.199265,0.200924,0.090928,27.680919
127392649199,4.063757,-5.135859,0.971208,0.124400,0.017720,-0.220820,27.607968
127492721979,-0.614260,3.357185,-0.866868,-0.083127,0.110044,0.194961,27.478573
127592794759,0.930933,2.531727,-1.354341,0.437328,-0.875037,-0.612523,27.445690
127692867540,-2.750850,1.844675,-0.975013,-0.177549,0.507213,0.183911,27.458851
127792940320,0.859980,2.263237,-0.335092,0.306778,-0.204829,-0.136097,27.306648
127893013100,4.202446,-7.201905,-0.226409,-0.441011,0.838661,0.513987,27.244876
127993085880,-0.775615,2.868547,-0.421289,-0.423469,0.672828,0.478362,27.190690
128093158660,5.713380,-8.225258,0.688329,-0.415903,0.572457,0.531736,27.160808
128193231441,1.486041,-4.060243,-0.845438,-0.413955,0.866238,0.421161,27.105022
128293304221,-2.981270,4.427279,0.116077,-0.357520,0.709563,0.377266,26.933941
128393377001,-3.877500,4.024962,-0.816440,-0.330306,0.486205,0.584632,26.921944
128493449781,-1.581549,4.705796,0.486335,0.302240,-0.749427,-0.450040,26.929472
128593522561,4.782923,-7.800884,0.310753,0.079210,-0.118459,-0.091086,26.828164
128693595342,-3.307987,5.353046,0.442597,-0.464165,0.752787,0.465895,26.799532
128793668122,4.274164,-5.107600,1.208111,0.504634,-0.999638,-0.629063,26.760588
128893740902,3.095084,-5.196058,0.627894,-0.008292,0.060411,0.060549,26.708321
128993813682,3.965296,-6.455006,0.963558,0.428643,-0.423807,-0.459755,26.685195
129093886462,3.562743,-4.754634,-0.522274,-0.326251,0.812712,0.385420,26.660417
129193959243,-2.942793,3.884355,-0.152090,-0.262506,0.486393,0.420456,26.585809
129294032023,4.699799,-6.365483,0.912207,-0.212352,0.243653,0.156761,26.567790
129394104803,-1.520515,2.053465,0.260033,-0.279518,0.448592,0.272142,26.440949
129494177583,-0.604474,2.431170,0.393532,0.231362,-0.455051,-0.368100,26.437764
129594250363,2.760097,-4.893593,0.119360,0.047905,-0.197030,0.044751,26.368153
129694323144,-0.490260,-1.284317,-0.479839,0.209500,-0.261463,-0.201113,26.339522
129794395924,2.870142,-4.451541,-0.170993,0.103859,-0.176559,-0.037753,26.261490
129894468704,-0.067844,-0.932907,-0.540979,0.156518,-0.093312,-0.065659,26.232540
129994541484,1.023235,-2.204122,0.834429,0.084154,-0.160331,-0.181448,26.166770
130094614264,-0.855321,1.408383,-0.003362,0.057161,-0.138180,-0.232470,26.057929
130194687045,2.440195,0.342470,-0.306379,0.160672,-0.171287,-0.122525,26.103233
130294759825,-0.463765,3.609151,-0.369685,0.090124,-0.130943,-0.078015,26.033988
130394832605,0.805678,-3.061723,0.463384,0.272930,-0.478167,-0.268919,25.985481
130494905385,2.897984,-4.266116,-0.486543,0.220125,-0.390004,-0.236825,25.885250
130594978165,1.843394,-0.822162,0.592908,0.116666,-0.085508,-0.050379,25.857311
130695050946,-0.770670,-0.119337,-0.583684,0.029564,0.049448,-0.065971,25.821787
130795123726,0.358437,1.570019,0.970913,0.039971,-0.023554,-0.094895,25.720120
130895196506,1.602198,-1.570917,0.449847,-0.055571,0.205510,0.139595,25.711298
130995269286,0.753145,-2.996081,-0.908750,0.014847,-0.097364,-0.037689,25.673797
131095342066,1.250485,-4.061159,0.104365,0.176817,-0.174918,-0.237610,25.627187
131195414847,0.212643,1.889256,-0.287260,0.062225,0.027023,-0.072859,25.496190
131295487627,1.540083,-2.418601,-0.056917,0.117033,-0.041962,-0.138984,25.436421
131395560407,1.207853,-1.977381,-0.431414,-0.038543,0.311800,0.187844,25.457779
131495633187,0.944449,-1.016663,-0.736467,-0.013340,-0.136357,-0.106453,25.337488
131595705967,-2.998972,-0.794498,-0.486561,-0.110505,-0.008437,0.116670,25.396014
131695778748,2.378304,0.168974,1.715811,-0.104972,0.093378,0.062850,25.216909
131795851528,-0.036202,-2.415608,0.016649,-0.114438,0.232071,0.111477,25.192647
131895924308,3.319194,-5.934255,0.046839,-0.000464,-0.039642,-0.088698,25.148779
131995997088,0.399968,-4.445231,0.162428,-0.075118,0.114617,0.189544,25.105612
132096069868,-2.655048,1.455193,-0.065410,0.309412,-0.391353,-0.431431,25.078003
132196142649,2.304593,-4.645640,-0.116953,0.191683,-0.502138,-0.142362,25.005906
132296215429,-2.539751,0.039836,-0.551782,0.033561,-0.030950,-0.191428,24.988623
132396288209,1.798992,-0.383584,0.100038,0.129410,-0.054904,-0.111249,24.872510
132496360989,-0.693306,-3.432870,-0.246086,0.085010,-0.261258,-0.020508,24.790967
132596433770,0.902118,-0.866103,0.630460,-0.045882,0.107952,-0.234078,24.791806
132696506550,-1.769586,-1.236979,-0.886791,0.057739,0.101780,0.135808,24.765941
132796579330,2.165246,-1.198723,1.233378,0.057941,-0.188913,0.159931,24.647227
132896652110,-0.422882,1.013291,1.397600,-0.059148,-0.002759,0.024608,24.652721
132996724890,-0.518444,-2.286552,-0.421337,0.036104,0.001642,0.061003,24.508774
133096797671,0.929679,-2.820372,-0.543210,-0.129302,0.406569,0.127447,24.493402
133196870451,-1.396934,1.725729,-0.600313,-0.158551,0.290599,0.238490,24.511353
133296943231,-1.634151,1.379686,-0.392557,0.101612,-0.124687,-0.221784,24.416078
133397016011,0.463752,-1.803802,-0.503567,0.021940,0.045819,-0.137254,24.361583
133497088791,2.871319,-3.233038,0.388802,0.099482,0.062474,-0.135769,24.295814
133597161572,2.321968,0.333869,-0.070899,0.048702,0.257289,-0.094524,24.335722
133697234352,-0.630364,-0.055761,0.106057,0.093402,-0.112393,-0.092821,24.290218
133797307132,-1.154770,0.556256,0.346422,-0.166718,0.086411,0.178704,24.225639
133897379912,-0.413518,1.970415,-0.600778,-0.136801,0.377003,0.136927,24.345614
133997452692,1.111632,-0.819459,-1.067674,-0.073865,0.190606,0.036199,24.252519
134097525473,1.283436,-1.845344,-0.177853,-0.098447,0.159831,0.123036,24.279258
134197598253,1.401809,-0.688128,-0.355418,-0.083162,0.078729,0.000577,24.342354
134297671033,-1.843583,-1.632984,-0.037969,0.013699,0.089553,0.033047,24.283387
134397743813,0.233161,-0.271204,0.564740,0.017850,0.000893,0.072702,24.261581
134497816593,-0.874375,0.671097,0.407403,-0.015321,-0.256260,-0.217293,24.219811
134597889374,2.163541,-0.065951,0.291731,0.148269,-0.056729,0.031185,24.397265
134697962154,1.136693,-2.536348,-0.445738,-0.058284,0.092050,0.115269,24.354035
134798034934,0.907316,-0.967256,-0.362548,-0.048545,-0.038049,0.048774,24.467702
134898107714,0.989625,-1.766112,1.487741,-0.157029,0.023571,0.104401,24.391514
134998180494,0.727869,-1.354114,-0.530205,0.002785,0.073491,0.072393,24.474544
135098253275,0.836830,-0.044938,-0.039788,0.008984,-0.073821,-0.083242,24.370762
135198326055,1.394721,0.880425,0.267706,0.009552,0.131234,0.003175,24.297329
135298398835,0.587307,1.616533,-2.088619,0.257640,-0.085761,-0.344496,24.577368
135398471615,1.829768,-3.171729,0.098480,0.025105,-0.238019,-0.020109,24.450922
135498544395,2.434894,-0.677681,-0.028140,0.001177,0.071746,-0.030831,24.426443
135598617176,3.817542,-0.890220,-0.371002,0.051969,-0.070292,-0.078740,24.364749
135698689956,1.060511,-1.035794,-0.296339,-0.008133,-0.105967,0.006861,24.437906
135798762736,0.376327,-2.031615,0.602594,0.086704,-0.130606,-0.037930,24.709663
135898835516,0.243960,0.091947,-0.706085,0.183469,0.059282,-0.206151,24.283121
135998908296,0.803143,-0.382297,1.160440,-0.040273,-0.198652,0.081320,24.382734
136098981077,-0.145805,1.234477,0.294493,-0.164562,-0.068801,0.141636,24.325600
136199053857,-0.488788,1.466962,1.126861,0.083734,0.051173,-0.084745,24.344811
136299126637,-1.126911,-2.257338,-0.907362,-0.019499,0.117702,0.026102,24.343899
136399199417,-0.689342,-1.914692,-1.555245,-0.159460,-0.160824,0.165411,24.267560
136499272197,-0.149509,-2.165534,-0.596056,-0.037114,0.066189,-0.031546,24.253157
136599344978,0.417222,-0.126947,1.089683,0.016270,0.046386,0.085614,24.126943
136699417758,-0.214339,0.147310,0.661295,-0.066863,0.158401,0.076957,24.192666
136799490538,-1.618798,1.119323,0.241992,-0.186961,0.226964,0.252913,24.163208
136899563318,-0.502039,-2.271093,0.404044,-0.020683,-0.067458,0.289549,24.124060
136999636098,1.412692,-0.901909,-0.022282,-0.045864,0.251329,-0.225822,24.177858
137099708879,-0.486611,-2.969003,0.208415,0.048095,0.024485,0.023360,24.047326
137199781659,1.198488,-1.765926,-0.368442,-0.039651,0.135679,-0.000944,24.093786
137299854439,-1.885944,-0.962735,0.097291,0.174281,-0.152810,-0.223114,23.921363
137399927219,0.254367,-1.042239,-0.225508,0.151757,-0.057292,-0.118611,23.745128
137500000000,-0.682558,-1.171227,-0.065762,0.126993,-0.023205,-0.128715,23.756111
