timestampNs,ax,ay,az,gx,gy,gz,speedMps
0,2.883707,-1.851567,0.667011,-0.069840,0.218768,0.172400,6.868056
100018019,0.851182,-0.109007,0.012292,-0.185224,0.176846,0.045008,6.701070
200036039,2.096702,1.446890,0.157704,0.155686,-0.051931,-0.151884,6.473799
300054058,3.104109,-0.559818,-0.255080,0.143050,-0.176197,-0.007601,6.224935
400072078,3.630065,-1.641028,-0.512526,0.008400,-0.055901,-0.070529,6.103566
500090098,1.396836,-0.584322,0.603928,-0.056256,0.031156,0.111682,5.655996
600108117,1.151000,1.580060,0.549980,-0.078783,0.262095,0.073473,5.528382
700126137,1.087031,1.449058,1.318729,0.029559,-0.245292,-0.085251,5.059885
800144157,4.864204,1.643436,2.037052,0.225729,-0.118074,-0.248963,4.968816
900162176,8.727955,-8.063435,-0.703780,0.054509,0.114661,-0.248837,4.917802
1000180196,4.601174,-1.581860,0.393142,-0.442960,0.203879,0.292424,4.761532
1100198216,1.819685,2.476927,1.287615,0.128069,0.086738,-0.106616,4.532780
1200216235,3.957961,-1.598317,0.537030,-0.167058,0.027282,0.238427,4.394077
1300234255,5.008449,-3.895443,1.350595,0.380115,-0.464905,-0.400493,4.481141
1400252275,1.278791,4.585057,0.047244,0.082275,-0.473958,-0.215660,4.493834
1500270294,0.656034,-0.093674,-0.040670,-0.277557,0.176494,0.206241,4.471693
1600288314,3.073549,-2.321659,1.352568,-0.557017,0.942993,0.540840,4.378996
1700306334,5.178172,-5.430428,1.223993,-0.288860,0.250342,0.397870,4.415976
1800324353,-0.668442,0.507553,0.566737,0.431559,-0.548668,-0.304540,4.371545
1900342373,0.473658,5.151906,0.917797,0.123830,-0.376296,-0.214398,4.248728
2000360393,0.470554,0.592997,0.251891,-0.048559,0.194705,0.113988,4.201732
2100378412,3.403404,-4.541047,0.676600,-0.314969,0.356153,0.233605,4.142999
2200396432,3.461808,-4.066436,0.796724,0.035415,-0.082991,-0.097507,4.127952
2300414452,1.421855,-0.244264,0.175549,0.145559,-0.249206,-0.053828,4.101853
2400432471,-0.472756,1.168839,-0.261802,0.091767,-0.092095,-0.081564,4.080324
2500450491,1.533315,0.863308,-0.211801,-0.144268,0.067264,0.145277,4.154428
2600468511,1.677697,-1.970919,-0.594819,-0.029792,0.138850,0.014669,4.028102
2700486530,1.744883,-1.199282,0.177509,0.093200,-0.090821,-0.079117,4.038129
2800504550,0.864888,-1.146538,-0.154181,0.076571,-0.152995,-0.123848,4.053273
2900522570,0.117348,-0.378062,-0.044157,0.019709,-0.032854,-0.027974,4.095824
3000540589,0.580789,-1.160853,0.130654,-0.122342,0.107810,0.137396,4.041068
3100558609,1.136505,-1.864043,0.537087,-0.110011,0.055617,0.066966,4.031692
3200576629,1.489229,-0.432622,0.152650,0.030374,-0.005145,0.016614,3.789738
3300594648,0.426748,-0.766627,-0.094498,0.027488,-0.092036,-0.110222,3.935979
3400612668,-0.033411,-1.869335,0.368188,0.091661,-0.047572,-0.063248,3.914018
3500630688,0.592896,-2.480096,0.659729,-0.000543,0.051827,0.043233,3.935638
3600648707,1.460009,-1.506847,-0.129512,-0.100107,0.166716,0.184932,4.036273
3700666727,1.465676,-0.930087,-0.206932,-0.041382,0.085536,0.039413,4.060650
3800684746,0.948078,0.291528,-0.332063,0.045080,-0.081619,-0.068544,3.991973
3900702766,0.846982,-1.435007,0.477517,0.041017,-0.012521,0.014615,3.996371
4000720786,2.041668,-2.312660,0.038744,-0.059104,0.067169,0.074443,4.034569
4100738805,0.430272,-1.095871,0.035123,-0.142021,0.166249,0.127547,4.243425
4200756825,1.894164,-2.600890,0.357305,0.073250,-0.066235,-0.073327,4.294273
4300774845,-0.353267,-0.399628,0.045564,0.094735,-0.147281,-0.076518,4.453146
4400792864,-1.619749,1.285535,0.100551,0.034357,0.005431,-0.031566,4.359458
4500810884,0.639224,1.225012,-0.593772,-0.086768,0.130046,-0.028888,4.536005
4600828904,1.164332,-0.721586,0.597457,-0.106688,0.191483,0.023114,4.657687
4700846923,-0.668549,-1.156259,0.380882,0.031667,0.116995,0.010562,4.516074
4800864943,-1.387058,-0.204030,-0.166343,0.088654,0.031544,-0.083011,4.772766
4900882963,-0.331466,-0.381570,-0.533779,0.115981,0.047746,-0.082659,4.865806
5000900982,1.300865,-1.288119,-0.298877,-0.090444,0.110635,0.055062,4.738524
5100919002,0.754641,-0.752477,-0.026830,-0.133396,0.172790,-0.005608,4.790064
5200937022,-0.114321,0.800366,-0.358828,-0.005222,0.051596,-0.086806,4.797921
5300955041,0.760729,0.359666,-0.619432,-0.032553,0.029404,-0.014079,4.900509
5400973061,0.521660,-0.253551,-0.123132,-0.131657,0.060265,-0.006603,4.838502
5500991081,0.685218,-0.068650,-0.024078,-0.126484,0.154588,0.018079,4.884891
5601009100,0.613780,0.266090,-0.290976,-0.109886,0.140019,-0.027251,4.984162
5701027120,0.862425,0.494827,-0.139538,-0.120829,0.165267,-0.002014,4.902016
5801045140,-0.188762,0.720091,-0.361118,-0.210770,0.141019,0.035138,4.908671
5901063159,0.407543,0.809070,-0.126362,-0.221727,0.275904,0.106947,4.888268
6001081179,0.454562,0.214004,-0.028000,-0.175691,0.194856,0.020812,4.905947
6101099199,-0.541024,0.110271,0.134247,-0.150252,0.187131,-0.048245,4.714463
6201117218,-0.673135,0.450291,-0.202030,-0.096376,0.163073,-0.053824,4.840304
6301135238,0.181970,-0.113723,-0.339943,-0.148385,0.158783,-0.008415,4.768242
6401153258,0.553482,0.423298,0.109431,-0.169640,0.178574,-0.021054,4.712636
6501171277,-0.322404,1.311947,0.407196,-0.157442,0.189028,0.029803,4.771173
6601189297,-0.577426,1.187917,0.083598,-0.147097,0.179803,-0.055211,4.705966
6701207317,0.462245,0.968020,-0.281975,-0.166044,0.188638,-0.045601,4.693466
6801225336,2.216304,0.476645,-0.304641,-0.111345,0.075397,-0.109627,4.659406
6901243356,1.421682,0.943124,0.159185,-0.056562,0.130695,-0.040583,4.700289
7001261376,0.521229,1.474659,-0.277456,-0.068535,0.075493,-0.103055,4.634825
7101279395,-0.378980,1.441228,-0.275606,-0.098028,0.118714,-0.028447,4.620880
7201297415,0.382759,0.893910,0.088088,-0.003434,-0.006013,-0.140855,4.604457
7301315435,2.768428,1.152549,-0.134815,0.049834,-0.071065,-0.108847,4.709240
7401333454,1.807635,0.708541,-0.036820,-0.033349,0.000450,-0.066327,4.570385
7501351474,0.403715,-0.503423,-0.037152,-0.060432,0.122899,0.022577,4.679609
7601369493,0.237929,0.550971,0.248746,0.026697,-0.099190,-0.032079,4.570137
7701387513,3.043552,1.312057,0.746418,0.187674,-0.144663,-0.223439,4.580320
7801405533,2.579177,2.182632,0.313565,0.100368,-0.191516,-0.104801,4.603364
7901423552,0.541687,0.409851,0.394183,-0.008508,0.093827,0.039516,4.623675
8001441572,0.305815,-0.091582,0.142965,-0.103142,0.003665,0.104959,4.534611
8101459592,0.652885,1.149981,-0.089413,0.060038,-0.027836,-0.052083,4.716130
8201477611,1.197250,0.562345,-0.309145,0.186492,0.024331,-0.090905,4.659736
8301495631,1.945226,1.569303,-0.912087,0.135650,-0.056463,0.012252,4.568085
8401513651,2.414017,0.308884,-0.494442,0.109778,-0.082715,-0.047561,4.568457
8501531670,2.158180,0.932135,-0.177998,0.067543,-0.173160,0.086799,4.469158
8601549690,1.041794,1.424581,-0.418985,0.117150,0.020576,-0.019075,4.537891
8701567710,0.773136,2.343453,-0.423209,0.024191,-0.036961,0.066925,4.406728
8801585729,0.903363,1.321730,-0.349357,0.067896,-0.033068,-0.059014,4.583445
8901603749,2.647728,0.637100,-0.407122,0.109824,-0.168657,-0.038985,4.486000
9001621769,1.811881,0.835837,-0.229747,0.101900,-0.151940,-0.055228,4.427601
9101639788,0.803391,1.110681,-0.251472,0.111439,0.015982,-0.001322,4.398902
9201657808,0.332301,0.868812,-0.227082,0.082776,-0.014886,-0.031889,4.331978
9301675828,1.772516,0.638437,-0.367256,0.081365,-0.106046,0.014617,4.264085
9401693847,1.923134,0.943053,-0.384764,0.070674,-0.095773,-0.014590,4.029041
9501711867,1.949922,0.516240,-0.162281,0.002692,-0.013311,0.031134,3.904134
9601729887,1.430854,-0.179943,0.325569,-0.002125,0.019478,-0.003062,3.629381
9701747906,1.839369,0.362509,0.530336,-0.007915,-0.009893,0.092305,3.526528
9801765926,2.051573,0.932887,0.628982,0.077941,-0.046688,-0.006904,3.266402
9901783946,0.960517,0.740164,0.340599,0.163917,-0.104235,-0.105470,3.126574
10001801965,0.733182,0.302032,0.092053,0.024982,-0.012481,0.044231,3.042512
10101819985,1.034371,-0.016088,-0.087953,-0.016834,0.067297,0.081305,2.903416
10201838005,2.079057,-0.326554,0.203410,0.018034,-0.020856,0.088786,2.711600
10301856024,2.031956,0.152293,0.350875,0.076434,-0.112151,0.021649,2.634966
10401874044,0.865017,0.097389,0.401702,0.077815,-0.092956,0.026080,2.686869
10501892064,0.835352,0.979478,-0.143605,0.069139,-0.037407,0.059979,2.423739
10601910083,1.161836,0.798405,-0.303573,0.045937,-0.064407,-0.007330,2.554938
10701928103,1.906704,0.393546,-0.097799,0.036125,0.009218,0.049176,2.297003
10801946123,1.710908,0.967596,0.002197,0.107572,-0.076639,0.005944,2.396694
10901964142,1.289086,1.137595,0.169310,0.070332,-0.098147,-0.018408,2.284245
11001982162,0.966198,0.640400,-0.005140,0.058926,-0.050715,0.003681,2.192201
11102000182,1.165055,0.365337,-0.274200,0.018013,-0.067961,0.026581,2.244289
11202018201,0.960231,0.317794,-0.441462,0.030230,-0.073533,0.033108,2.154417
11302036221,1.060184,0.057671,-0.388084,0.007452,-0.046174,0.014047,2.122463
11402054240,0.968602,-0.142933,-0.154110,0.035472,0.005420,0.011305,1.943350
11502072260,0.836400,0.034447,-0.018854,0.006400,-0.022720,0.033591,1.774702
11602090280,0.826281,-0.094395,0.039200,0.020253,-0.018901,0.021001,1.899960
11702108299,1.141605,0.140872,0.103080,-0.003580,-0.020577,0.013638,1.659104
11802126319,1.010551,0.442870,0.008879,0.040880,-0.003415,0.004577,1.437541
11902144339,0.788422,0.300901,0.006626,0.031062,-0.046218,-0.008503,1.464720
12002162358,0.927986,0.079913,0.071032,-0.004456,0.011369,0.023609,1.446779
12102180378,1.169402,-0.011694,-0.056066,-0.002378,0.017173,0.019411,1.212074
12202198398,1.050214,-0.101839,-0.080898,0.003473,-0.009428,0.023444,1.167329
12302216417,0.595092,-0.103924,-0.078404,0.018716,-0.027870,-0.002192,1.134027
12402234437,0.691018,-0.031868,-0.015584,0.018719,-0.029560,-0.001729,1.090503
12502252457,0.918055,-0.075021,0.073483,0.024272,0.007238,0.004702,1.059071
12602270476,0.979075,-0.021028,0.085916,-0.012456,0.005446,0.011936,0.850637
12702288496,0.844916,0.206692,0.070531,-0.013559,0.010371,0.021194,0.878125
12802306516,0.746173,0.034910,0.023869,0.019121,-0.031128,0.008686,0.877927
12902324535,1.081279,0.134417,0.063640,0.024745,-0.013618,-0.017970,0.742591
13002342555,1.032522,-0.139215,0.024673,0.006270,-0.003390,-0.010154,0.719965
13102360575,0.651284,-0.281630,-0.027344,-0.002353,-0.015487,0.003555,0.592665
13202378594,0.433929,-0.557585,-0.080228,-0.029041,0.012880,0.023633,0.654546
13302396614,0.653397,-0.416473,-0.061050,-0.001513,0.018582,0.004819,0.553615
13402414634,0.721230,-0.518387,-0.010523,0.006051,-0.002071,0.006610,0.452354
13502432653,0.705382,-0.199468,-0.026267,0.015531,-0.014546,-0.010695,0.467916
13602450673,0.716391,-0.308325,-0.119126,0.007157,0.008995,-0.013164,0.424947
13702468693,0.651632,-0.484928,-0.086293,-0.009631,0.002713,0.023229,0.266423
13802486712,0.622841,-0.346451,-0.013592,-0.016640,0.018375,0.005565,0.202317
13902504732,0.438577,-0.456973,-0.016184,-0.004341,0.017996,0.024699,0.216116
14002522752,0.203758,-0.692522,-0.027918,0.013884,-0.011186,-0.005601,0.184071
14102540771,0.690105,-0.527071,-0.018306,-0.001799,-0.024094,-0.016443,0.188669
14202558791,0.765149,-0.979118,-0.116148,-0.025514,0.039181,0.021857,0.096024
14302576811,0.392524,-0.618339,-0.046911,-0.014649,0.014137,0.006166,0.134069
14402594830,0.120968,-0.647920,-0.021847,0.014209,-0.006220,0.004357,0.098240
14502612850,0.232181,-0.717623,-0.015857,-0.001404,0.006617,0.019594,0.073134
14602630870,0.536743,-0.721328,-0.074834,-0.008063,0.032046,0.004219,0.044474
14702648889,0.468381,-0.895122,-0.110753,-0.012867,0.017724,0.005046,0.024897
14802666909,0.415420,-0.674058,-0.024796,-0.003165,-0.006599,0.013985,0.020919
14902684929,0.349582,-0.672963,0.074454,-0.012411,0.000152,0.009361,0.014404
15002702948,0.483155,-0.511184,0.015381,-0.009925,0.020843,0.005101,0.032485
15102720968,0.567177,-0.520637,0.033864,-0.000890,0.018731,0.017208,0.012133
15202738987,0.722700,-0.664033,0.046911,-0.020798,0.005891,0.011835,0.018676
15302757007,0.655079,-0.680631,0.070436,0.001033,-0.028323,0.002904,0.011463
15402775027,0.492080,-0.724385,0.053960,-0.009186,0.012016,0.011372,0.023473
15502793046,0.165459,-0.514662,0.027283,-0.028317,0.044284,0.019202,0.009285
15602811066,0.368393,-0.829738,-0.052315,-0.019225,0.016868,0.024253,0.022860
15702829086,0.656572,-0.777465,-0.094727,0.009684,-0.026274,-0.020787,0.016276
15802847105,0.638244,-0.892522,-0.093277,0.010244,-0.012492,-0.002516,0.021715
15902865125,0.030024,-0.621416,-0.063933,-0.003448,0.018651,0.004338,0.013865
16002883145,-0.034513,-0.727359,-0.100520,-0.030593,0.036555,0.045819,0.013864
16102901164,0.578021,-0.763037,-0.077861,0.004824,0.007371,0.000640,0.040120
16202919184,0.669487,-0.885200,-0.084859,0.017074,-0.032230,-0.014061,0.007415
16302937204,0.386873,-0.868263,-0.083675,0.034931,-0.022101,-0.013028,0.022786
16402955223,0.173831,-0.525848,-0.074138,0.006142,0.002363,-0.007007,0.014546
16502973243,0.552090,-0.750585,-0.051435,-0.037301,0.035125,0.008449,0.035302
16602991263,0.647623,-0.822879,-0.114937,-0.009905,0.023909,0.012851,0.009163
16703009282,0.543247,-0.575080,-0.067973,-0.006568,-0.003691,0.005904,0.018265
16803027302,0.299226,-0.613586,0.037803,0.015619,-0.018150,0.000453,0.024907
16903045322,0.279128,-0.675079,-0.052729,-0.017370,0.023715,0.004018,0.022435
17003063341,0.530366,-0.585965,-0.044720,-0.016378,0.030823,0.022034,0.037383
17103081361,0.557896,-0.702550,0.064402,-0.029814,0.032599,-0.002115,0.016599
17203099381,0.345208,-0.768797,0.015671,-0.008143,0.022708,-0.000132,0.031729
17303117400,0.200894,-0.596284,-0.028278,-0.000675,-0.006367,-0.010840,0.025191
17403135420,0.371971,-0.671938,0.018711,0.006135,-0.007954,0.009692,0.030702
17503153440,0.387568,-1.016912,-0.136166,-0.004045,0.005716,0.025681,0.018336
17603171459,0.517409,-0.824016,-0.091524,0.008177,0.002459,0.012831,0.026918
17703189479,0.363582,-0.667870,0.005822,0.005360,-0.003344,-0.018728,0.025721
17803207499,0.191182,-1.139670,-0.083093,0.023797,0.011058,-0.002748,0.014245
17903225518,0.227645,-1.032530,-0.075533,-0.024426,0.009203,-0.000912,0.024803
18003243538,0.325132,-0.931387,-0.007263,-0.004358,0.028244,0.014571,0.019024
18103261558,0.302976,-1.116562,-0.009894,0.000943,-0.016092,0.003056,0.022530
18203279577,0.599711,-0.982922,-0.030628,-0.009512,-0.004731,0.000795,0.006944
18303297597,0.247475,-1.158009,0.053227,-0.024667,0.027549,0.005867,0.007210
18403315617,0.219535,-0.895246,-0.006494,0.005254,0.019922,0.014619,0.014604
18503333636,0.354137,-0.910505,-0.059401,0.012036,-0.005102,-0.003958,0.003454
18603351656,0.610889,-0.655870,-0.051184,0.026613,-0.007390,-0.018657,0.014935
18703369676,0.442908,-0.708934,-0.017762,0.028406,-0.020178,-0.003998,0.014506
18803387695,0.101714,-0.400476,-0.036145,-0.008399,0.002329,0.006600,0.057156
18903405715,0.333675,-0.555974,-0.030148,-0.008830,0.034516,0.007330,0.088855
19003423734,0.581262,-0.597244,-0.032887,0.000809,-0.006243,0.017530,0.144016
19103441754,0.737939,-0.349486,-0.004601,0.019532,-0.006686,-0.028011,0.172067
19203459774,0.259416,-0.435922,-0.033147,0.013008,-0.009320,-0.000116,0.199206
19303477793,0.138205,-0.327478,-0.059465,-0.025263,0.016495,0.022252,0.207640
19403495813,0.413753,-0.588387,-0.121347,-0.037203,0.040538,0.032285,0.198413
19503513833,0.751217,-0.569503,-0.098821,0.003266,0.035297,0.010409,0.261134
19603531852,0.493508,-0.611037,-0.109463,0.007569,-0.019227,-0.007512,0.237555
19703549872,-0.061929,-0.362842,-0.084932,0.013475,-0.006824,-0.020758,0.199898
19803567892,0.206860,-0.634544,-0.070879,-0.009175,0.008056,0.026430,0.166558
19903585911,0.608078,-0.602912,-0.073640,-0.039681,0.034802,0.018325,0.155065
20003603931,0.583512,-0.950680,0.016445,-0.034261,0.042358,0.041198,0.126264
20103621951,0.056074,-0.502551,-0.051292,0.029510,-0.018263,-0.009194,0.106999
20203639970,-0.010559,-0.574892,-0.090076,0.021937,-0.024148,-0.028101,0.078929
20303657990,0.472970,-0.632053,-0.021587,0.003513,0.007360,-0.003755,0.079451
20403676010,0.643896,-0.823553,0.022764,-0.019223,0.018863,0.012045,0.063642
20503694029,0.411175,-0.612958,-0.021027,-0.029528,0.039905,0.012277,0.028086
20603712049,-0.006454,-0.613822,-0.044093,0.014955,0.003305,0.002012,0.028116
20703730069,0.434328,-0.549600,0.007214,0.025039,-0.032297,-0.021591,0.007942
20803748088,0.639531,-0.802386,0.019943,0.022640,-0.015313,-0.016885,0.005115
20903766108,0.439204,-0.494799,0.058253,-0.028218,0.022650,0.030293,0.008129
21003784128,-0.087002,-0.584320,-0.005188,-0.023699,0.042477,0.028002,0.010231
21103802147,0.122719,-0.616423,-0.004326,-0.032472,0.024195,0.014367,0.016185
21203820167,0.613898,-0.587865,0.031659,-0.029476,0.023549,0.003122,0.017674
21303838187,0.462633,-0.523374,0.011984,0.013858,0.001386,-0.012051,0.008322
21403856206,0.301638,-0.582057,-0.054780,0.016877,-0.028065,-0.002528,0.014614
21503874226,0.234462,-0.455171,0.001605,0.019430,-0.000645,-0.013424,0.005581
21603892246,0.485016,-0.487121,0.084032,-0.025555,0.013045,-0.003755,0.019849
21703910265,0.409705,-0.474649,0.037587,-0.012694,0.021834,0.026973,0.015829
21803928285,0.268824,-0.655354,-0.043241,-0.003755,0.013092,-0.002099,0.009718
21903946305,0.337128,-0.517434,0.042828,-0.000023,-0.002377,0.022009,0.029726
22003964324,0.345384,-0.662085,0.054370,0.014803,0.008055,0.002759,0.023254
22103982344,0.448651,-0.775772,-0.008068,-0.014753,-0.006665,0.015180,0.027337
22204000364,0.530538,-1.032290,-0.024888,-0.016756,0.014103,0.006511,0.010400
22304018383,0.476017,-0.718469,0.014888,0.007360,0.007604,-0.001485,0.019922
22404036403,0.045368,-1.181480,0.020802,0.003711,-0.007968,-0.001525,0.017450
22504054423,0.099505,-0.917357,-0.044341,-0.015975,0.021384,0.016093,0.004069
22604072442,0.221274,-1.093224,-0.079560,-0.019024,0.025194,0.024705,0.028418
22704090462,0.456021,-1.350603,-0.039980,-0.001367,0.013046,0.013917,0.036501
22804108481,0.196314,-0.956798,-0.051236,0.023603,-0.027940,-0.010506,0.026762
22904126501,-0.084338,-0.898171,0.078478,0.015816,-0.015580,-0.008977,0.043469
23004144521,0.100219,-1.185019,0.081425,0.000938,0.013863,0.012081,0.079764
23104162540,0.448307,-0.942024,-0.065218,0.004317,0.007803,0.005998,0.103827
23204180560,0.445533,-0.903559,0.019187,0.010725,-0.017247,-0.011039,0.191190
23304198580,0.309190,-1.379706,-0.007881,0.007437,-0.002485,0.008280,0.177586
23404216599,0.058306,-1.405998,0.070428,-0.021372,0.026031,0.011715,0.262753
23504234619,-0.231307,-1.397640,0.105371,0.002257,0.018962,0.019464,0.284922
23604252639,-0.353361,-1.634929,0.089358,0.027736,-0.030650,-0.024918,0.372812
23704270658,0.323676,-1.597050,-0.104339,0.006676,-0.024958,-0.003179,0.414006
23804288678,0.775853,-1.516784,-0.164950,-0.006846,0.007118,0.033393,0.479068
23904306698,0.265118,-1.205771,-0.132263,-0.000334,0.046156,0.021279,0.487015
24004324717,-0.115977,-1.575877,-0.035517,0.009567,-0.054310,-0.022873,0.577979
24104342737,-0.313608,-1.703984,-0.001201,0.033070,-0.046648,-0.014675,0.640765
24204360757,0.610454,-1.393042,-0.056268,-0.002041,-0.054971,-0.045401,0.583282
24304378776,0.820103,-1.492711,0.014844,-0.025208,0.011144,0.058878,0.830327
24404396796,0.009238,-2.595692,0.176789,-0.013551,0.002338,0.032331,0.798737
24504414816,-0.994070,-2.371905,0.019336,0.047584,-0.034064,0.013897,0.888658
24604432835,-0.214929,-1.854824,-0.087813,0.062212,-0.048155,-0.033978,1.076111
24704450855,-0.275552,-3.071096,0.125021,0.081637,-0.070414,-0.027439,1.076148
24804468875,0.040064,-2.005390,0.108463,0.001757,0.029839,0.043425,1.083288
24904486894,-0.475219,-1.314508,0.053420,-0.043505,0.052212,0.068026,1.225756
25004504914,-0.718715,-1.253192,0.095549,0.054570,0.034071,0.030009,1.376274
25104522934,0.528075,-1.122576,0.092178,0.078107,-0.033089,-0.008050,1.474337
25204540953,0.915577,-1.107805,-0.058719,0.038959,0.000998,0.005976,1.609669
25304558973,0.901603,-0.308724,-0.262833,-0.009311,0.052444,0.031383,1.678203
25404576993,0.370863,0.117365,-0.137152,-0.002193,0.037364,0.045395,1.921899
25504595012,0.763631,-0.783119,0.181797,-0.005872,0.018214,0.032658,2.091416
25604613032,1.215261,-1.053152,-0.042676,0.073718,-0.091629,-0.027481,2.150949
25704631052,0.174739,-0.077110,-0.110532,0.108343,-0.107641,-0.046576,2.310465
25804649071,-0.016428,1.040081,-0.093636,0.026950,-0.045260,-0.015421,2.581321
25904667091,0.433292,0.619230,-0.043068,-0.032019,0.017335,0.061680,2.440112
26004685111,1.968700,-0.378017,0.281100,-0.001381,-0.019678,0.056927,2.715426
26104703130,1.788571,0.210419,0.031303,0.104706,-0.024417,-0.042548,2.505149
26204721150,0.840938,0.556892,0.003918,0.102067,-0.085461,-0.015923,2.642896
26304739170,0.531293,1.214302,-0.134375,0.049946,-0.079580,-0.038361,2.520101
26404757189,1.547303,0.778564,0.028956,-0.042697,-0.007247,0.037540,2.479963
26504775209,1.667119,0.309776,-0.001005,0.009944,0.016249,0.065395,2.414753
26604793228,1.108227,0.395673,-0.214934,0.013368,-0.000671,-0.014420,2.340940
26704811248,0.602565,0.592184,-0.089265,0.009123,-0.031249,0.057336,2.180984
26804829268,0.450651,0.413672,-0.120235,0.011671,-0.011226,0.027331,2.138940
26904847287,0.195753,-0.334290,-0.282331,-0.025012,0.007819,0.002406,2.108307
27004865307,0.597645,-0.689221,-0.198633,0.018162,-0.006816,-0.008709,1.909160
27104883327,0.435590,-0.600208,0.034722,0.027569,-0.030261,-0.009857,1.752549
27204901346,0.311596,-0.598131,-0.018224,0.032463,-0.045547,0.026720,1.663418
27304919366,0.471886,-1.052140,-0.067679,0.010912,-0.036186,-0.028944,1.579695
27404937386,0.076010,-1.323820,0.072217,0.018212,-0.038494,0.032111,1.278759
27504955405,-0.660715,-1.192054,0.215041,-0.004896,-0.012752,0.002479,1.179064
27604973425,-0.125786,-1.046502,0.101145,0.040293,-0.051841,-0.018510,1.148567
27704991445,0.280308,-1.162864,0.112858,0.077999,-0.061703,-0.009272,0.912494
27805009464,0.463356,-1.440345,-0.046691,0.070003,-0.054945,-0.006264,0.978495
27905027484,-0.271476,-1.753893,0.134769,0.058703,-0.060982,0.026810,0.926738
28005045504,-0.463925,-1.394294,0.315228,0.091860,-0.124869,0.002315,0.887260
28105063523,-1.063366,-2.589059,0.180145,0.094442,-0.143568,0.007659,0.906723
28205081543,-0.402633,-2.341002,-0.347505,0.111622,-0.212164,-0.013205,0.870783
28305099563,-0.060186,-2.861831,0.068411,0.091573,-0.196778,-0.033145,0.962079
28405117582,-1.516509,-5.644716,1.538736,0.129839,-0.189324,0.029513,1.040072
28505135602,-1.160314,-6.016995,0.934108,0.326088,-0.206662,-0.006765,1.103348
28605153622,1.305000,-1.710505,-0.157271,0.409112,-0.301802,0.095836,1.202657
28705171641,1.695255,-2.978037,-0.276592,0.545448,-0.381798,-0.127324,1.236900
28805189661,1.620421,-3.589636,-0.785539,0.513200,-0.549243,-0.019066,1.337707
28905207681,-0.364453,-2.557333,-0.501529,0.434847,-0.416385,-0.010923,1.264317
29005225700,-0.469924,-2.292547,-0.125223,0.347351,-0.359785,0.083182,1.716714
29105243720,0.109764,-3.326418,-0.518153,0.430253,-0.284574,0.023143,1.917180
29205261740,1.345388,-3.542555,0.540216,0.477962,-0.388081,-0.047421,2.340730
29305279759,1.494368,-3.835151,0.274654,0.577057,-0.585348,-0.178927,2.398774
29405297779,0.841696,-3.733374,0.272579,0.514608,-0.567317,-0.059205,2.589135
29505315799,1.129017,-2.619247,0.056406,0.461357,-0.493654,-0.049233,2.833004
29605333818,0.709456,-2.194186,0.451860,0.404317,-0.356088,0.174036,3.047335
29705351838,1.052446,-3.080922,-0.381711,0.383653,-0.371252,0.127766,3.366506
29805369858,-0.827568,-2.259575,-0.187956,0.381248,-0.407033,0.030148,3.570328
29905387877,-0.409131,-0.684935,0.068256,0.371977,-0.399905,-0.008400,3.597977
30005405897,0.120291,-2.852725,-0.432889,0.397292,-0.398807,-0.062638,3.978926
30105423917,0.008996,-2.841471,-0.050758,0.253771,-0.204112,0.073391,3.939550
30205441936,0.192833,-2.813298,0.093892,0.198421,-0.109503,0.062780,4.181462
30305459956,-0.823259,-1.035450,0.045767,0.186677,-0.222595,0.076263,4.321079
30405477975,-1.619210,-0.759246,-0.087643,0.252899,-0.332941,-0.062116,4.464991
30505495995,-0.921682,-2.463917,-0.298358,0.245656,-0.290957,-0.061291,4.560180
30605514015,0.089501,-3.446362,-0.536389,0.198168,-0.153957,-0.021012,4.724658
30705532034,-0.141869,-2.648447,-0.057755,0.149224,-0.147488,-0.056616,4.881007
30805550054,0.593200,-2.897541,0.272978,0.224745,-0.248848,-0.034570,5.059605
30905568074,1.203584,-2.835722,-0.152783,0.162191,-0.101931,0.026870,5.229846
31005586093,0.056122,-2.092767,-0.102548,0.132282,-0.100773,0.139401,5.355334
31105604113,1.400616,-3.950573,-0.527186,0.140531,-0.041927,0.073214,5.535542
31205622133,1.021430,-2.976227,-0.641046,0.230287,-0.130692,0.077817,5.638009
31305640152,-0.177452,-1.287477,-0.022491,0.343383,-0.421249,-0.130520,5.803237
31405658172,-0.215951,-1.261160,-0.059844,0.238781,-0.173718,-0.092339,6.003219
31505676192,-0.871883,-2.140850,-0.487775,0.043802,-0.077042,0.200656,5.967945
31605694211,0.895191,-2.773710,-0.374394,0.052690,-0.050306,0.108361,6.191027
31705712231,1.050533,-2.166357,0.269989,0.340220,-0.383453,-0.250357,6.329228
31805730251,1.598764,-1.536819,-0.496741,0.220497,-0.235726,0.081506,6.444163
31905748270,-0.476987,-0.930890,0.803540,0.128512,-0.228595,0.028102,6.654929
32005766290,0.239281,-1.147892,0.855760,0.196317,-0.077533,-0.068128,6.600668
32105784310,0.555902,-2.831056,0.147175,0.034890,-0.046269,0.096726,6.779226
32205802329,-0.635402,-1.459230,0.090218,0.170537,-0.149837,-0.038154,6.863319
32305820349,0.692124,-3.046777,-0.568508,0.274869,-0.292657,-0.207029,7.118500
32405838369,-1.919047,0.395225,-0.048878,0.154354,-0.223573,-0.180566,7.252830
32505856388,-2.531236,1.095800,0.097745,-0.268678,0.272566,0.192855,7.497667
32605874408,-1.032307,0.150857,-0.146737,-0.254802,0.246052,0.203872,7.604573
32705892428,1.678241,-1.565758,-0.471182,-0.061473,0.121665,-0.034694,7.637973
32805910447,0.422836,-1.428334,-0.214887,0.169340,-0.162959,-0.076760,7.793333
32905928467,-2.717675,0.964889,0.214925,0.174989,-0.207013,-0.129823,7.967616
33005946487,-1.297553,-1.009738,0.075874,-0.062132,0.024497,0.033589,8.139207
33105964506,0.754260,-1.598900,-0.752060,-0.128950,0.202600,0.068679,8.181677
33205982526,0.004741,-2.060258,-0.962172,-0.086579,0.159904,0.091572,8.295270
33306000546,-2.974833,-0.995251,-0.072499,0.065488,0.072340,-0.030769,8.438412
33406018565,-2.687667,-1.386424,-0.297336,0.158999,-0.073418,-0.191771,8.622685
33506036585,-0.445458,-0.820366,-1.124710,-0.028249,-0.109858,0.059657,8.515978
33606054605,-0.486420,-1.307354,-1.066719,-0.065524,0.150531,-0.015583,8.900264
33706072624,-2.865356,-0.903199,-0.439675,-0.202946,0.045917,0.143380,8.859745
33806090644,-3.193151,-0.560325,-0.126193,0.102427,0.030010,-0.012799,8.910178
33906108663,-2.143510,-0.470549,0.071685,0.078137,-0.099345,-0.114010,9.031063
34006126683,0.141418,-0.710071,0.072965,0.045964,-0.104568,0.028645,9.201724
34106144703,-1.004704,-0.697042,-0.678277,-0.176276,0.190653,0.116849,9.210667
34206162722,-3.195178,-0.479750,-0.534822,-0.211547,0.169071,0.075198,9.216095
34306180742,-0.887390,-0.390806,-0.105044,-0.022505,0.048400,-0.043493,9.399232
34406198762,0.010477,-1.275364,-0.336286,0.086613,-0.076490,-0.160243,9.366045
34506216781,0.220288,-0.812198,0.402468,-0.214522,0.202750,0.066254,9.494163
34606234801,-1.143897,1.405694,0.042839,-0.172611,0.310684,0.162199,9.617707
34706252821,-1.888117,1.217313,0.530489,-0.070136,0.116306,-0.013049,9.845055
34806270840,-1.133970,0.878449,-0.322102,-0.037093,-0.130815,-0.186348,9.951637
34906288860,-1.875842,-1.467726,-0.910475,-0.172873,-0.062667,0.023455,9.982522
35006306880,-0.993178,-1.984951,-1.233745,-0.094117,0.185840,0.076488,10.087884
35106324899,-2.498127,-0.389765,-0.495971,-0.205792,0.116625,0.037038,10.229725
35206342919,-1.791020,-0.088496,-0.107880,-0.027728,0.090531,0.082474,10.174134
35306360939,-1.402409,0.747998,-0.259210,0.015176,-0.073602,-0.024405,10.275286
35406378958,-1.587578,-0.038665,0.027131,-0.091226,0.108634,-0.028386,10.437049
35506396978,-0.842944,0.633626,-0.249913,-0.181883,0.119306,0.182376,10.356565
35606414998,-0.871740,0.257604,-1.047546,-0.205719,0.269540,0.116597,10.464078
35706433017,-3.730703,2.209964,-0.258650,-0.023533,-0.076471,0.113576,10.405147
35806451037,-2.936955,0.845142,0.096796,0.256712,-0.124251,-0.288187,10.577920
35906469057,-0.304204,-3.110516,-1.081046,0.202741,-0.367904,-0.134587,10.716328
36006487076,-3.263035,2.134525,-0.273470,0.272836,-0.183895,-0.241659,10.824610
36106505096,-2.753729,0.952908,-0.167775,0.075364,-0.102346,-0.077003,10.835976
36206523116,-0.277522,0.337982,0.211219,-0.124317,-0.088227,0.082119,10.843876
36306541135,-0.136789,-0.607873,0.622122,0.017323,0.045096,-0.019093,10.754403
36406559155,0.789052,-1.107096,0.367287,-0.115952,0.257088,-0.019731,10.735776
36506577175,-0.402295,0.565924,0.101246,-0.223735,0.242900,0.273461,10.802928
36606595194,-1.755696,1.820038,0.021494,-0.092731,0.171143,0.178100,10.608226
36706613214,-0.815156,-0.166306,-0.036444,0.081026,0.044966,-0.168300,10.889792
36806631234,0.894537,-0.515440,-0.790154,0.074220,-0.091545,-0.024155,10.841762
36906649253,-1.807726,0.096438,0.036867,0.022518,-0.055056,-0.073311,10.972686
37006667273,-1.122553,0.619662,0.204653,-0.122466,0.135432,0.038613,10.883335
37106685293,-0.083216,-1.970534,-1.291225,-0.219186,0.354150,0.250168,11.071411
37206703312,-0.915050,-1.488744,-0.871421,-0.032387,0.243525,0.066011,11.074539
37306721332,-0.008913,0.126857,-0.541503,-0.093846,-0.107870,-0.066490,10.844766
37406739352,-0.658781,0.888608,0.236514,0.022452,0.022311,-0.052393,10.869824
37506757371,-2.169447,1.404344,0.077072,-0.073304,-0.057791,0.015247,11.032439
37606775391,1.811935,0.412899,-1.608222,0.023564,-0.030291,-0.077907,10.837139
37706793410,1.474040,0.074985,-1.271415,-0.152561,0.141189,0.071561,11.078051
37806811430,-0.362976,0.383470,-0.551755,-0.061652,0.061651,-0.051106,10.588140
37906829450,-0.543740,1.001066,0.573132,0.024256,0.111466,0.060864,10.835301
38006847469,-0.953328,0.889360,2.683362,-0.005719,0.144795,0.076817,10.999597
38106865489,0.760193,0.451564,1.809566,0.164368,0.250059,-0.093161,10.605154
38206883509,-0.282953,1.893958,0.737829,-0.201904,0.156398,0.137011,10.675909
38306901528,-1.711968,1.563245,0.393196,-0.005277,0.222042,0.002276,10.876752
38406919548,0.344511,1.664432,0.586448,-0.016604,-0.146868,-0.132404,10.674541
38506937568,2.593874,1.450842,-0.110812,0.126768,-0.035217,-0.039583,10.547377
38606955587,0.921552,1.812529,0.782770,-0.151337,-0.006282,0.179781,10.367835
38706973607,-1.556650,0.983757,0.648762,-0.100963,0.119651,-0.022115,10.238976
38806991627,-1.302910,1.772496,0.227299,0.013831,0.036746,-0.080701,10.342355
38907009646,-1.358669,-0.961358,0.425297,-0.138968,-0.057591,-0.023199,10.314370
39007027666,-2.493582,-1.245688,-0.211888,0.152973,-0.019983,-0.189834,10.206939
39107045686,-2.578214,-0.203779,0.034586,-0.040039,0.008677,-0.007193,10.124433
39207063705,-0.251583,-0.517687,-1.664075,0.025252,0.036217,-0.115977,10.233349
39307081725,-0.994788,1.986823,-1.354439,0.066331,-0.017977,-0.130452,10.027059
39407099745,-2.251743,0.983373,-0.373852,-0.137122,0.032716,0.011442,10.001202
39507117764,-1.819342,0.189411,0.119783,0.164166,-0.118597,-0.191697,9.978506
39607135784,-0.473394,-1.475399,0.635622,0.096687,-0.038174,-0.107508,9.978552
39707153804,-0.975245,-2.482630,-0.746761,0.008014,-0.112725,-0.101023,9.741590
39807171823,0.221006,-0.325673,-0.380891,0.243300,-0.007864,-0.044455,10.093581
39907189843,-2.708476,-1.390402,-0.033451,-0.095548,0.075133,0.054578,9.998108
40007207863,-1.632920,-0.190154,0.303255,-0.088925,0.271155,-0.031788,10.023468
40107225882,-5.666441,5.334692,0.446513,-0.465066,0.606902,0.247768,10.020284
40207243902,-6.606532,4.298856,-0.579174,-0.780220,0.661753,0.481842,10.055851
40307261922,1.808685,-3.608276,-1.036868,-0.354690,0.211927,0.091054,10.151758
40407279941,-2.943647,-2.355531,1.058379,0.308985,-0.304350,-0.061356,10.233384
40507297961,-9.693247,7.333218,1.974499,0.877561,-0.860880,-0.836396,10.181998
40607315981,-2.455443,1.133992,0.316145,0.632545,-0.943459,-0.648227,10.289532
40707334000,6.588618,-6.292306,0.317394,-0.409253,0.697101,0.186796,10.356621
40807352020,5.426548,-7.539447,0.382209,-0.827880,0.683485,1.007232,10.491918
40907370040,-2.049581,1.390116,0.656183,-0.238120,0.320349,-0.043026,10.647472
41007388059,-5.686264,3.470884,1.164681,0.434140,-0.282296,-0.170317,10.550566
41107406079,3.129492,-6.050540,-1.025346,0.363936,-0.377411,-0.310461,10.716941
41207424099,-1.001175,-4.414139,-0.796476,-0.000469,0.042582,-0.109897,10.954323
41307442118,-7.646427,3.725337,-0.911098,-0.733853,0.482833,0.639714,10.830000
41407460138,-1.205429,-3.248005,-1.733577,-0.514935,0.540699,0.423900,11.233858
41507478157,0.920422,-4.180264,-1.545902,0.054596,-0.441941,-0.080643,11.151596
41607496177,0.794163,-5.820699,-1.633664,0.170458,-0.385458,-0.364143,11.269954
41707514197,-1.083574,-3.113172,-0.114610,-0.119671,0.130424,0.121479,11.537212
41807532216,-4.482839,4.254065,1.211540,-0.459546,0.592514,0.405605,11.343996
41907550236,-0.733079,1.206516,-0.010339,0.064902,-0.041579,-0.029905,11.500334
42007568256,2.290415,-5.546920,-0.094891,0.360287,-0.411664,-0.394200,11.607744
42107586275,0.567902,-5.242947,-0.220716,0.277608,-0.505185,-0.395180,11.672502
42207604295,-4.391794,-1.445301,0.505458,-0.033687,-0.069736,0.091284,11.772951
42307622315,-3.393773,1.863385,0.296563,-0.298290,0.399500,0.270567,11.893960
42407640334,1.034010,1.237822,0.088174,-0.092834,0.071864,-0.094127,12.019150
42507658354,2.958410,-2.220076,-0.585625,0.207495,-0.128774,-0.103988,11.955210
42607676374,-0.386979,-2.767698,-0.063355,0.083635,-0.181099,-0.244646,12.200360
42707694393,-1.314027,-0.860283,0.091180,-0.168277,0.140644,0.102810,12.222437
42807712413,-0.234577,1.118884,-0.217135,-0.123885,0.100822,0.123053,12.279092
42907730433,0.684664,-1.566449,-1.480679,0.067493,-0.073488,0.062887,12.339952
43007748452,0.215353,-4.081821,-0.878118,0.123039,-0.366973,-0.210077,12.489628
43107766472,2.570585,-4.774506,-1.060582,0.097705,-0.238192,-0.056954,12.585059
43207784492,4.622971,-5.331731,0.464319,-0.088724,0.001578,0.119133,12.641675
43307802511,1.455551,-0.099438,1.117914,0.483612,-0.328379,-0.341404,12.778488
43407820531,-3.393953,2.259898,1.031166,0.468525,-0.578003,-0.413523,13.020391
43507838551,-1.394444,-0.604676,0.397305,0.108492,-0.220832,-0.041155,12.873768
43607856570,3.873741,-6.527066,0.109690,-0.346425,0.494126,0.422753,12.928875
43707874590,2.459594,-4.851028,0.117421,-0.042193,0.118987,0.102238,13.210704
43807892610,-0.274760,-1.306056,0.230912,0.339046,-0.370041,-0.264696,13.233128
43907910629,-1.543517,0.116419,0.085384,0.331798,-0.409629,-0.199027,13.256130
44007928649,1.369036,-3.030211,0.108541,-0.053949,0.050964,0.153468,13.376931
44107946669,2.432743,-3.515470,0.111052,-0.153343,0.172088,0.155018,13.549490
44207964688,0.730826,-1.673665,-0.460940,-0.075130,0.242503,0.137465,13.687121
44307982708,0.716274,-2.638322,0.081375,-0.008683,0.056038,0.087642,13.756856
44408000728,-2.645215,2.493240,-0.493571,-0.036211,0.281274,0.042435,13.880868
44508018747,-4.450979,-3.773462,-2.012027,-0.440597,-0.087813,0.553073,13.997221
44608036767,-1.448520,-4.575170,-1.813385,0.419930,-0.099890,-0.271612,14.043794
44708054787,1.397140,-7.662809,-2.577579,0.420447,-0.249851,-0.134297,14.047161
44808072806,-4.708135,-5.691238,-0.504849,0.265727,-0.081856,-0.110234,14.247653
44908090826,2.867347,-3.530009,-0.568353,0.171324,-0.500917,0.027331,14.315283
45008108846,3.948260,-5.223355,-0.077840,0.173406,0.127532,-0.349495,14.484677
45108126865,1.978042,0.878670,0.525506,0.080987,0.047467,0.459642,14.442791
45208144885,-1.371851,-1.050835,2.109043,0.115343,0.081931,0.012293,14.513776
45308162904,7.094909,-1.990657,0.494982,-0.322339,0.048501,0.199184,14.578866
45408180924,-0.683366,-3.673855,-0.030312,-0.075664,0.244871,0.313813,14.702155
45508198944,-1.059854,-0.743929,-0.484987,-0.146913,0.208784,-0.088979,14.833650
45608216963,0.211948,0.037837,-0.161905,0.229494,-0.161180,-0.308917,14.923648
45708234983,2.623029,-3.653403,-0.595721,0.206727,-0.240470,-0.134576,14.984624
45808253003,1.221117,-4.224697,-0.758335,0.000729,-0.035851,-0.026473,14.976217
45908271022,-0.517519,-3.164624,-0.569180,0.084264,0.094752,-0.004330,15.075790
46008289042,-1.054145,0.434321,-1.025644,0.077704,-0.042709,-0.077091,15.180865
46108307062,1.516611,0.112026,-1.367552,0.058290,-0.192602,-0.044604,15.267863
46208325081,2.207231,-2.444661,-1.260616,-0.004106,-0.052914,-0.019066,15.374515
46308343101,0.235224,-2.355795,-0.258133,-0.079673,-0.007163,0.063629,15.364870
46408361121,1.451091,-0.175364,0.006990,-0.022031,-0.024562,0.102818,15.462976
46508379140,2.444385,-0.076113,0.547641,0.064134,-0.235166,0.087492,15.587590
46608397160,3.013875,-2.347826,0.594392,0.071668,-0.034062,-0.190737,15.634610
46708415180,0.944510,-2.216623,0.598387,0.137025,-0.128319,0.101005,15.709711
46808433199,-0.701293,0.111421,0.632355,-0.034928,0.071412,-0.047815,15.754043
46908451219,-1.775302,-3.141186,-0.541458,-0.179450,0.086447,0.124907,15.817935
47008469239,1.524045,-2.987386,-1.328458,0.005594,0.163502,0.071699,15.907112
47108487258,1.602655,-0.952859,-0.571087,0.045827,-0.254532,-0.101288,15.945339
47208505278,0.207300,1.773159,0.646177,0.317387,-0.205863,-0.156718,15.990450
47308523298,-2.005661,0.792826,1.141461,-0.052678,0.058614,0.143092,16.086372
47408541317,-2.132292,-2.637201,0.453199,-0.249005,0.282818,0.171253,16.142098
47508559337,2.605896,-2.254281,-1.050102,-0.077043,0.194007,0.122486,16.232829
47608577357,2.106256,-2.594160,-0.494516,0.116277,-0.073698,-0.053868,16.267344
47708595376,-1.049373,-1.904444,-0.595599,0.111685,-0.126166,-0.027021,16.318905
47808613396,-0.860367,-1.228107,-0.320874,0.019093,-0.008072,-0.022520,16.383073
47908631416,0.328760,-1.407718,0.025786,-0.071747,0.077910,0.118969,16.413479
48008649435,0.491519,-2.366980,-0.144429,-0.044126,0.110144,0.059516,16.519229
48108667455,0.769440,-0.871386,-0.355174,0.053081,0.053027,-0.060767,16.570486
48208685475,2.103292,0.378642,-0.487241,-0.098900,-0.002085,0.032156,16.642509
48308703494,1.229146,0.894083,-1.689606,-0.308857,-0.001494,0.156112,16.674909
48408721514,6.172502,1.859650,-0.476426,-0.137075,0.035848,0.283150,16.738225
48508739534,4.433933,-0.493213,-0.186016,0.250689,-0.339786,-0.167862,16.744030
48608757553,1.867246,-0.258316,-0.414084,0.266985,-0.206642,-0.262442,16.791536
48708775573,-0.814832,0.504209,-2.403852,0.069831,0.031136,0.004844,16.848226
48808793593,-4.216302,2.776736,-1.034690,-0.376464,0.180261,0.457533,16.859404
48908811612,-2.748527,-0.331419,-0.268240,0.763535,-0.756655,-0.519045,16.962672
49008829632,5.544198,-7.071243,0.096121,0.586393,-0.725256,-0.669244,17.014366
49108847651,5.419530,-5.964966,0.732414,0.266726,0.041010,-0.067259,16.940609
49208865671,-1.548937,-0.138295,0.626358,-0.393590,0.550415,0.364528,16.998396
49308883691,-6.538854,2.666279,0.616987,0.113642,0.008366,-0.127903,17.123736
49408901710,-2.862808,-0.634057,0.687761,0.557655,-0.759183,-0.362511,17.189037
49508919730,7.125225,-3.314175,0.246674,0.472700,-0.544770,-0.499908,17.056152
49608937750,2.802058,-0.258567,0.033721,0.134413,-0.031636,-0.049731,17.054039
49708955769,-1.727084,2.230282,0.499752,-0.386931,0.580640,0.458362,17.121543
49808973789,-2.178565,0.846829,0.206008,-0.064163,0.266610,0.063631,17.170906
49908991809,5.000389,-4.389775,0.250449,0.209375,-0.307331,-0.087458,16.996595
50009009828,4.562304,-3.855900,0.256755,0.371688,-0.429123,-0.301631,16.970431
50109027848,0.746484,0.311170,0.394235,-0.007587,0.022030,-0.006260,16.747085
50209045868,0.173869,1.169347,0.017702,-0.163538,0.223309,0.251889,16.783712
50309063887,0.603792,-1.751737,-0.300621,-0.162435,0.330714,0.177580,16.637531
50409081907,1.848533,-4.412376,-0.522688,0.131226,0.072813,0.054208,16.696319
50509099927,-0.646088,-0.987045,-0.258049,0.327394,-0.195242,-0.100574,16.640101
50609117946,-1.220373,1.128427,-0.155584,0.094237,-0.151442,-0.116574,16.620393
50709135966,-0.462913,-0.144918,0.397585,-0.141220,0.133926,0.215176,16.448707
50809153986,2.088153,-2.715929,0.145215,-0.005407,0.237432,-0.012595,16.769827
50909172005,2.577099,-1.968021,1.031705,0.174799,-0.047244,0.032054,16.521834
51009190025,-3.960314,1.780454,3.807569,0.484318,-0.459951,-0.499789,16.526777
51109208045,3.101937,-2.096717,2.028637,0.121023,-0.664116,0.066451,16.383757
51209226064,5.242046,-1.718883,1.178604,0.456965,-0.280961,-0.483999,16.269787
51309244084,-0.531362,4.067673,1.486532,-0.090931,-0.115053,-0.082963,16.322550
51409262104,-2.279431,4.023251,1.225430,-0.267396,0.541541,0.379641,16.091391
51509280123,0.925880,-1.731535,0.809580,-0.629085,0.607160,0.379674,16.191049
51609298143,5.052820,-3.415651,-0.179580,-0.083422,0.330904,0.292091,16.352248
51709316163,-4.455748,3.235463,1.164290,0.490243,-0.553211,-0.500071,16.198460
51809334182,-6.865641,3.140066,0.783650,0.291910,-0.327218,-0.272611,16.093133
51909352202,-3.405709,-1.597957,0.440072,-0.185321,0.196850,0.093607,16.055540
52009370222,2.623833,-2.928093,0.636284,-0.304594,0.636409,0.318365,16.044950
52109388241,1.447246,-1.091799,0.779399,0.076248,0.029625,-0.125066,15.981638
52209406261,-3.092851,4.203191,0.654868,0.342219,-0.407453,-0.417321,15.853232
52309424281,-2.595117,2.685205,0.131120,0.219520,-0.317727,-0.252054,15.952232
52409442300,1.437317,0.730828,1.065190,0.051540,0.134665,-0.131456,15.851440
52509460320,1.795016,-2.452685,0.219564,-0.254315,0.474500,0.257859,15.781314
52609478340,-2.422936,1.847256,-0.147090,-0.164227,0.125951,0.097610,15.790203
52709496359,-4.946081,2.736299,0.170838,0.011366,-0.195017,-0.124355,15.756715
52809514379,-2.636904,0.695047,-0.577878,0.312166,-0.061859,-0.247386,15.753630
52909532398,1.090918,-3.129630,-0.182551,-0.271706,0.167523,0.220619,15.569286
53009550418,0.773283,-0.492224,0.526902,-0.457980,0.707015,0.237237,15.571809
53109568438,-6.040499,3.382004,-0.137644,-0.542254,0.632799,0.420696,15.556465
53209586457,-4.815346,2.221856,-0.742281,-0.235108,0.101388,0.087497,15.536956
53309604477,-2.102364,-0.252015,-0.424897,0.232453,-0.429726,-0.309219,15.658745
53409622497,0.552344,-2.472069,-0.547552,0.240023,-0.320748,-0.216721,15.567342
53509640516,-3.111386,1.752414,-0.536800,-0.093999,0.103845,-0.096709,15.530605
53609658536,-4.114427,0.662192,-0.464861,-0.308413,0.177954,0.186426,15.523073
53709676556,-1.531995,1.211344,0.385815,-0.112288,0.041313,-0.045402,15.591880
53809694575,1.770234,-3.285026,0.252721,0.174110,-0.206862,-0.183632,15.783104
53909712595,-0.179552,-2.814677,0.104575,0.233962,-0.301948,-0.383441,15.662430
54009730615,-0.713486,-0.566713,-0.216452,-0.045295,-0.166394,0.043056,15.675513
54109748634,-2.358613,0.762426,0.350962,-0.251120,0.119153,0.058074,15.753836
54209766654,-3.007967,2.482962,1.164915,0.113300,-0.179725,-0.225489,15.740207
54309784674,3.439523,-4.316978,-0.604799,0.414116,-0.427607,-0.261643,15.744330
54409802693,1.041453,-2.023452,-0.275776,0.190410,-0.360975,-0.296458,16.017457
54509820713,-2.917723,0.241645,0.301743,-0.191567,0.165900,0.141870,15.954248
54609838733,-0.684649,-0.267375,0.089275,-0.227906,0.229515,0.234682,16.029012
54709856752,1.036782,-2.227960,-1.033862,-0.059304,0.041452,0.128213,16.187224
54809874772,3.867693,-0.694879,-0.726498,0.125392,-0.106314,-0.186589,16.143764
54909892792,0.312767,-0.165419,-0.132097,0.024088,-0.045629,-0.070863,16.250817
55009910811,-3.119510,-0.684471,-0.757058,-0.128651,0.046391,0.187690,16.426308
55109928831,-3.187817,-2.559367,-0.619150,-0.267647,0.153592,0.113325,16.609078
55209946851,-0.554638,-2.257228,0.359961,-0.057562,0.193473,0.077074,16.529203
55309964870,-1.788347,-1.291519,0.520459,0.112515,-0.028813,-0.126722,16.705049
55409982890,-1.889879,-1.116222,0.668366,0.037335,-0.079030,-0.073075,16.721946
55510000910,-0.599893,-0.765325,0.547017,-0.046213,-0.054934,0.042121,16.695360
55610018929,0.365656,-2.322835,0.437445,-0.050480,0.145974,-0.037704,16.592699
55710036949,0.317980,-1.949392,0.180583,-0.005995,0.078445,0.021753,17.010386
55810054969,0.109524,-0.191497,0.557853,0.127002,-0.042310,-0.102383,17.007520
55910072988,-0.878129,-0.773048,-0.030883,0.118010,-0.114492,-0.102695,17.048366
56010091008,-0.122956,-1.645666,-0.890561,0.027960,-0.095802,0.019229,17.139510
56110109028,-0.971825,-3.014181,-0.875133,0.084882,0.133720,-0.032679,17.297821
56210127047,-1.064625,0.544769,0.195803,-0.157989,0.105497,-0.063149,17.399610
56310145067,-0.885640,0.412436,0.057903,-0.107095,0.171920,0.175178,17.414199
56410163087,1.238024,-2.097747,-0.792872,-0.099266,0.147319,-0.064730,17.690273
56510181106,1.653959,-1.070072,-0.567576,0.066581,-0.083670,-0.032667,17.392582
56610199126,1.919713,-0.391010,0.395790,-0.099889,-0.073536,-0.029995,17.642628
56710217145,-1.350668,-0.813798,0.759136,-0.135972,0.056458,0.126351,17.774064
56810235165,-1.710873,-0.912050,0.663917,-0.044103,0.156602,-0.061129,17.683949
56910253185,0.661470,-0.527772,0.692167,0.157116,-0.036785,-0.160018,17.950527
57010271204,1.126921,-2.449347,0.531473,0.224138,-0.113767,-0.199541,17.785025
57110289224,0.615445,0.254793,0.691881,0.074907,-0.501643,-0.058006,17.991035
57210307244,-0.286457,0.269859,-0.463203,0.231949,-0.246472,-0.252457,18.111112
57310325263,1.936988,-3.964430,-0.711974,-0.263408,0.180177,0.256521,18.090472
57410343283,2.126435,-3.056193,-0.628760,-0.223970,0.354590,0.133666,18.125651
57510361303,-0.224933,-0.361051,-0.328330,-0.010792,-0.107538,0.095403,18.174527
57610379322,-4.142230,0.866297,-0.055313,0.276492,-0.334391,-0.262583,18.260693
57710397342,-2.934254,0.226524,-0.549903,-0.018525,-0.136045,0.083140,18.290774
57810415362,1.430931,-4.390315,-1.417521,-0.203710,0.248597,0.193639,18.287342
57910433381,-4.398023,1.623720,-1.742790,-0.266657,0.545569,0.220594,18.426539
58010451401,-6.159100,6.838573,-0.729870,-0.769501,0.715314,0.699719,18.423665
58110469421,2.211524,-2.342824,1.704040,-0.442638,0.467987,0.452878,18.444389
58210487440,8.943219,-13.222274,-1.398114,0.108275,-0.152568,-0.133873,18.568554
58310505460,-0.374276,-1.858939,-0.973433,-0.432223,0.678635,0.394897,18.479289
58410523480,-4.069127,5.837636,0.220206,-0.817918,1.034671,0.765084,18.329941
58510541499,4.033236,-4.382890,0.482406,-0.604886,0.560169,0.608381,18.338479
58610559519,3.822023,-6.323074,0.967580,0.550767,-0.524200,-0.441637,18.333944
58710577539,2.348844,-1.130495,0.825862,0.304814,-0.478372,-0.309386,18.319711
58810595558,-0.702568,1.719480,0.029256,0.001071,0.029809,0.024569,18.282741
58910613578,-1.030041,1.781817,0.035787,-0.223699,0.476258,0.269411,18.339240
59010631598,6.206263,-2.282605,-2.000974,-0.001828,0.135819,0.124196,18.259153
59110649617,-3.670687,4.076608,-0.498927,0.409295,-0.579322,-0.274830,18.218401
59210667637,-3.195507,2.048057,-0.288280,-0.170913,0.283620,0.102556,18.277154
59310685657,-3.188765,5.759831,-0.310885,-0.755330,0.832317,0.784477,18.191623
59410703676,5.022248,-5.694576,-0.111066,-0.399924,0.762125,0.451136,18.282862
59510721696,2.861301,-3.729624,0.080332,0.278731,-0.265288,-0.346001,18.152120
59610739716,5.495180,-1.748610,-1.372399,0.213154,-0.394299,-0.228513,18.132433
59710757735,0.295506,-3.212379,1.479609,0.415712,-0.848392,-0.060490,18.227788
59810775755,6.665494,-6.355130,1.496840,0.446902,-0.391143,-0.361595,18.087155
59910793775,3.845908,-4.055373,1.879950,-0.872667,0.827646,0.762293,18.095166
60010811794,-4.338565,6.149126,1.559492,-0.453565,0.864559,0.638053,18.033891
60110829814,-1.681883,3.907262,0.133947,-0.069158,0.062072,-0.044512,18.182764
60210847834,5.359500,-4.758371,-0.391933,0.425821,-0.506940,-0.204381,18.044998
60310865853,5.851993,-2.834867,0.904172,0.289330,-0.245243,-0.144672,17.997913
60410883873,2.645458,-0.622947,1.740652,-0.605899,0.264008,0.498208,17.936705
60510901892,-1.960868,2.942749,-1.368855,-0.500188,0.469537,0.511984,17.845121
60610919912,-1.069389,-0.835319,0.301633,0.222333,-0.154438,-0.095431,17.910428
60710937932,3.637922,-3.865642,0.402278,0.604209,-0.641833,-0.402231,17.885355
60810955951,6.162682,-6.599141,1.293097,0.119772,-0.061702,-0.039976,17.755863
60910973971,-1.161535,0.694946,0.070088,-0.455908,0.566180,0.502037,17.549711
61010991991,-2.285753,2.988363,0.062764,-0.475288,0.655514,0.508350,17.581128
61111010010,3.004904,-1.428572,0.141508,-0.095390,0.141821,0.193103,17.462200
61211028030,4.686862,-3.293329,0.241650,0.354213,-0.385176,-0.296493,17.492857
61311046050,4.452931,-3.545680,1.284127,0.115991,-0.102187,-0.072653,17.183900
61411064069,4.599499,-3.145608,0.530322,0.003568,-0.025598,0.082716,17.469046
61511082089,-2.036363,2.845577,-1.272894,0.829144,-1.242392,-0.608915,17.181731
61611100109,-10.039223,2.615321,-1.271678,1.021796,-1.288843,-0.930657,17.259945
61711118128,5.307993,-6.553344,-0.949701,0.245431,-0.381856,-0.221856,17.169207
61811136148,9.645564,-8.415999,-0.692684,-0.508545,0.662615,0.519827,16.922476
61911154168,4.267825,0.832817,0.886259,-0.392555,0.529776,0.412207,17.141448
62011172187,-2.296311,2.439022,0.239277,0.097250,-0.205011,-0.018078,16.951827
62111190207,6.670741,-6.512910,1.906519,0.474230,-0.512466,-0.366403,17.011364
62211208227,1.817391,-5.250800,2.149988,0.569234,-0.493251,-0.337597,17.044182
62311226246,-5.026608,1.492999,-0.192353,0.719410,-1.079907,-0.647790,16.957393
62411244266,5.348112,-11.582197,-0.648945,0.638274,-0.876164,-0.396798,16.816387
62511262286,9.538925,-9.856607,1.052189,-0.085386,0.105283,0.292260,16.749605
62611280305,-3.081826,-1.892838,0.511597,-0.804796,0.974103,0.689047,16.867717
62711298325,5.908978,-4.690237,0.012736,-0.640489,0.837587,0.666911,16.777074
62811316345,-0.621811,-4.752509,0.699423,-0.324510,0.268424,0.105071,16.814176
62911334364,-5.350349,-1.799908,-1.628042,-0.361335,0.095452,0.338086,16.755498
63011352384,4.386012,-2.799310,1.117425,0.032266,0.148760,-0.170631,16.893300
63111370404,1.231965,-1.585632,-1.272465,0.188654,-0.318321,-0.204802,16.887086
63211388423,-1.722432,-2.025604,-1.353701,0.222631,-0.168049,-0.134430,16.762248
63311406443,-0.995272,0.467715,-0.677228,-0.102086,0.056577,0.008807,16.813866
63411424463,0.571615,-1.648918,0.492719,-0.063474,0.206001,0.247416,16.839668
63511442482,1.856672,-4.794361,0.489970,0.148966,-0.135480,-0.095757,16.815304
63611460502,2.149885,-0.809655,-0.787080,0.196828,-0.237314,-0.192464,16.880446
63711478522,0.265877,0.017772,-1.308270,0.284100,-0.196488,-0.149491,16.903657
63811496541,-0.096667,-2.837642,-0.140783,0.123402,-0.223029,-0.164078,17.033437
63911514561,-1.279360,-2.351797,0.553948,0.030528,-0.063526,-0.072140,16.869828
64011532580,-3.151126,1.789349,0.805775,-0.139940,0.349492,0.054158,16.977435
64111550600,-0.598054,-0.360871,0.457775,-0.422860,0.642134,0.348040,17.137040
64211568620,5.042611,-3.631439,-0.968562,-0.354361,0.483899,0.310940,17.008600
64311586639,7.312072,-4.616252,-0.638301,0.557597,-0.632211,-0.518867,17.240273
64411604659,-0.299905,-1.726033,1.595753,0.401568,-0.646145,-0.423094,17.121985
64511622679,-5.345607,-0.907885,2.146662,0.046818,-0.082830,0.008489,17.208822
64611640698,-1.966310,-2.020073,1.477217,-0.102178,0.307508,0.020637,17.340659
64711658718,2.017496,-3.607248,0.908465,-0.078359,0.115683,0.143332,17.276698
64811676738,1.347965,-1.569203,0.843647,0.091198,0.033135,-0.282198,17.453469
64911694757,-0.263521,-0.256769,0.784751,0.098088,-0.149023,-0.038969,17.530929
65011712777,0.077287,0.038965,0.195815,0.034732,-0.076284,-0.106797,17.420086
65111730797,-0.662515,-3.220251,0.529608,0.097560,0.039314,-0.139231,17.517324
65211748816,0.488915,-2.273396,0.450148,-0.093624,0.133770,0.060585,17.653447
65311766836,-0.701719,-1.439099,0.854007,0.065155,0.061633,0.008721,17.523195
65411784856,-1.768519,-1.139805,1.167960,0.080564,-0.076320,-0.043838,17.858084
65511802875,-0.477164,-1.780565,0.674420,0.163352,-0.041993,-0.103414,17.767610
65611820895,1.339263,-2.853872,0.936740,-0.088391,0.059895,0.122689,17.771518
65711838915,0.072841,-1.978394,0.705496,-0.131727,0.233343,0.166322,17.880363
65811856934,-1.388338,-1.271563,0.452841,-0.021580,0.127875,0.009108,17.938313
65911874954,-0.842837,0.040590,0.511296,0.208284,-0.153702,-0.202995,17.913248
66011892974,2.074025,-1.435703,0.092973,0.061984,-0.031970,-0.057599,18.009702
66111910993,0.965647,-2.491239,0.176250,-0.131491,0.071631,0.110913,18.143905
66211929013,-0.453883,-3.784021,0.013901,-0.070323,0.229569,0.001849,18.025934
66311947033,-1.317523,-0.792097,-0.158374,0.034870,-0.013434,-0.035819,18.247306
66411965052,-2.923360,-2.218069,0.615942,0.093089,-0.070543,-0.092779,18.255746
66511983072,-0.681841,-1.420695,0.335356,-0.015273,-0.088385,0.067668,18.273294
66612001092,1.586477,-0.767805,0.265435,-0.019446,0.123673,-0.047860,18.411377
66712019111,1.158788,-1.122239,0.543474,0.011885,-0.065549,-0.055464,18.353119
66812037131,0.433753,-2.428488,0.758401,0.085775,-0.057937,-0.161497,18.500041
66912055151,-0.504184,-3.269714,1.175163,-0.059457,-0.068035,0.082421,18.545234
67012073170,-0.910500,-3.586540,1.302243,-0.024095,-0.020460,-0.029337,18.558649
67112091190,0.693035,-1.316658,0.409619,0.008362,0.010110,-0.059040,18.644393
67212109210,0.597621,-0.439271,-0.029648,0.036217,-0.049428,0.017110,18.671769
67312127229,1.916008,-1.311463,0.230465,0.181505,-0.042105,-0.180026,18.847055
67412145249,2.019285,-1.567594,0.678010,0.046491,-0.087217,-0.079907,18.870472
67512163269,1.493045,0.280956,1.493320,-0.113225,-0.054931,0.044127,18.890917
67612181288,0.480897,-0.166980,0.708815,0.080001,0.061296,-0.065035,19.003805
67712199308,-0.142456,-1.773928,0.209497,0.077977,-0.118978,0.004484,18.940599
67812217327,0.312397,-0.813165,0.187115,0.010671,-0.040174,0.029795,19.023821
67912235347,2.496014,1.032658,1.669090,0.044908,0.078327,0.029969,19.128392
68012253367,0.518067,-1.120821,1.876653,-0.162272,-0.037756,0.168769,19.120530
68112271386,-0.066502,-0.246971,0.799661,-0.046945,0.280934,-0.025756,19.200344
68212289406,2.293080,-0.798443,1.471421,-0.092825,-0.054030,0.101632,19.191215
68312307426,2.246330,-2.024393,0.985435,0.111115,-0.129710,-0.110269,19.299560
68412325445,0.885391,-0.320230,0.595417,-0.036757,-0.131758,0.017693,19.255333
68512343465,-2.641414,-0.928363,0.623473,-0.104290,0.279317,0.090659,19.313286
68612361485,-1.496366,-0.999963,0.354641,-0.199368,0.180693,0.225231,19.315945
68712379504,0.707990,-2.990405,-0.218707,-0.083171,0.078045,0.097663,19.416159
68812397524,-0.152407,-1.812670,-0.685782,0.083175,-0.302339,-0.117507,19.391890
68912415544,-1.750003,-0.548072,-0.524224,0.240923,-0.184464,-0.171822,19.470159
69012433563,-1.721133,-1.009698,-0.070841,0.022440,0.049330,-0.030916,19.486727
69112451583,1.651927,-3.049511,0.893033,-0.162403,0.155652,0.197721,19.508746
69212469603,1.090673,-3.637811,0.203383,0.006014,-0.061189,0.007034,19.577190
69312487622,-0.881073,-1.889314,-0.330818,0.097964,-0.203425,-0.177971,19.579228
69412505642,-2.271970,0.357741,-0.444548,0.114503,-0.111000,-0.128001,19.641461
69512523662,-2.620337,-1.561073,-0.340937,-0.013336,0.067847,-0.015380,19.686299
69612541681,-0.414743,-2.927655,-0.201202,0.013565,0.048619,-0.044471,19.738787
69712559701,1.371491,-4.031344,0.652139,0.135276,-0.088207,-0.096732,19.754216
69812577721,1.368825,-1.262095,0.818922,0.159744,-0.150048,-0.077481,19.830513
69912595740,0.160188,-1.328990,1.033296,-0.018096,0.049824,0.012472,19.866149
70012613760,1.691074,-0.166247,0.337307,-0.151746,0.240698,0.051265,19.894033
70112631780,3.526278,-1.357786,-0.668927,-0.321837,0.298921,0.332513,19.851070
70212649799,2.120338,0.195765,0.052792,0.070484,0.217314,-0.032650,19.889015
70312667819,-2.903425,3.643193,1.765093,0.276331,-0.307160,-0.179014,19.866671
70412685839,-0.724454,0.677946,0.872718,0.386480,-0.244575,-0.298838,19.911096
70512703858,3.848586,-3.124452,0.766759,-0.101279,0.175616,0.103779,19.951644
70612721878,3.199158,-1.981839,0.475397,-0.385717,0.328704,0.417524,19.941061
70712739898,0.394401,-1.559461,0.732853,-0.112853,0.179247,0.107960,19.939070
70812757917,-1.998818,0.448601,0.870327,0.236525,-0.390649,-0.174787,19.955462
70912775937,1.268054,-0.777896,0.305260,0.267039,-0.156472,-0.204299,19.883084
71012793957,2.456375,-1.333758,0.573614,-0.122107,0.104153,0.116713,19.916186
71112811976,3.829316,-2.303797,0.278577,-0.226380,0.178891,0.227040,19.858033
71212829996,1.143943,-1.842269,-0.147719,0.066568,-0.054890,-0.015281,19.868652
71312848016,1.893730,-1.500447,-0.295374,0.123758,-0.184910,-0.087905,19.849125
71412866035,0.521377,-0.432858,-0.409509,0.107881,-0.200122,-0.132590,19.822674
71512884055,-0.168313,-1.142042,-0.072147,0.063980,-0.064936,-0.016874,19.782074
71612902074,0.406621,-2.446151,-0.396022,-0.075266,0.141747,0.108124,19.840081
71712920094,0.195424,-4.163779,0.454611,-0.135771,0.199884,0.164193,19.821148
71812938114,-1.066458,-0.922055,1.211157,0.126825,0.060992,0.065903,19.833058
71912956133,-2.247633,2.057377,2.302241,0.253153,-0.255982,-0.261459,19.848155
72012974153,1.255216,-0.356356,1.157153,0.157567,0.059300,-0.185412,19.758769
72112992173,5.277822,-2.526039,0.448011,-0.212856,0.254625,0.218232,19.743561
72213010192,3.461457,-2.589624,0.263981,0.250319,-0.161708,-0.216249,19.736536
72313028212,1.539507,-2.120756,0.186302,0.129994,-0.140152,-0.035450,19.667089
72413046232,-0.690125,-0.075788,0.750509,-0.037909,0.016739,0.064041,19.683457
72513064251,3.071206,-2.076802,0.699977,-0.234937,0.111805,0.156447,19.754213
72613082271,3.563156,-2.334172,0.480178,-0.223770,0.324089,0.282326,19.558043
72713100291,-0.890350,0.435985,0.210512,-0.037120,0.104372,-0.036100,19.667365
72813118310,-2.497408,1.586777,-0.115167,0.176939,-0.235638,-0.083393,19.676897
72913136330,-0.524764,-0.391277,-0.126440,0.039601,-0.047611,0.019802,19.632280
73013154350,1.831046,-2.672187,0.070728,-0.285662,0.186984,0.213166,19.611147
73113172369,-1.722672,-0.281661,0.684343,-0.238115,0.308851,0.200614,19.641011
73213190389,-1.690580,-0.313067,0.105624,-0.051292,0.049878,0.009844,19.656319
73313208409,-2.862009,0.920928,0.321067,0.193376,-0.242852,-0.250998,19.666468
73413226428,0.747444,-1.752946,-0.048504,0.001531,-0.058402,-0.026115,19.679124
73513244448,1.300180,-3.435675,-1.038851,-0.224111,0.304882,0.194266,19.695467
73613262468,-0.496363,-1.641051,-0.919500,-0.144705,0.381135,0.192298,19.676482
73713280487,-2.741434,2.087153,0.745874,0.336979,-0.536273,-0.258400,19.699959
73813298507,-3.560468,1.615760,0.517950,0.157753,-0.289405,-0.160638,19.710528
73913316527,-0.949294,-2.453619,-0.640412,0.080348,-0.257420,0.108198,19.737514
74013334546,-2.187964,-0.396975,1.844020,-0.000436,0.000588,-0.173277,19.768816
74113352566,-2.226725,1.874406,2.599368,-0.332665,0.632184,0.200465,19.815180
74213370586,-1.975008,2.745440,1.558776,-0.125068,0.250829,0.077797,19.799505
74313388605,1.566721,-1.960131,0.655963,-0.002175,-0.344816,-0.134520,19.850281
74413406625,3.613082,-2.909282,-0.217057,0.332275,-0.360246,-0.287580,19.837558
74513424645,-2.481355,1.216020,0.769826,-0.300266,0.254698,0.246331,19.895893
74613442664,-4.711174,1.658023,1.123930,-0.300643,0.534708,0.284452,19.828805
74713460684,-2.948933,0.817119,0.715488,-0.150163,0.380049,-0.020573,19.826608
74813478704,-1.849784,-0.993452,-0.724291,-0.195569,0.210797,0.084157,19.866550
74913496723,-5.522324,-0.105450,-1.408065,0.322524,-0.299157,-0.369245,19.892062
75013514743,-6.606448,3.551614,-0.520772,0.312268,-0.254666,-0.398309,19.854211
75113532763,-1.377898,1.170714,-0.079242,-0.309240,0.337567,0.149302,19.776815
75213550782,3.919949,-3.161413,-1.470546,-0.609235,0.746606,0.533461,19.778111
75313568802,0.700015,-0.318533,-2.332858,-0.383655,0.371341,0.313104,19.826504
75413586821,-8.717672,7.092080,-0.202947,0.058327,-0.626297,-0.106310,19.754716
75513604841,1.564473,0.490166,0.482396,0.729663,-1.126711,-0.834118,19.713213
75613622861,8.380350,-5.284124,-0.636446,0.624699,-0.575046,-0.677475,19.651325
75713640880,2.247677,-0.756351,0.217110,-0.883238,0.966759,0.740253,19.580355
75813658900,-6.868109,6.384849,1.268142,-0.602165,0.871854,0.538229,19.586920
75913676920,-5.970834,4.111695,1.240895,-0.180177,0.185134,0.089342,19.494680
76013694939,1.226819,-1.909693,0.798910,0.165881,-0.401653,-0.184925,19.509890
76113712959,1.340729,-3.800261,0.035566,0.307397,-0.286753,-0.354898,19.479803
76213730979,-0.741860,-2.017596,-0.786233,-0.287928,0.366050,0.161872,19.371258
76313748998,-3.334273,1.381999,-0.807806,-0.328228,0.381462,0.200051,19.364768
76413767018,-2.658802,0.865073,-0.592511,-0.154880,0.120074,0.015000,19.345719
76513785038,-0.701615,1.094042,-0.481602,-0.073466,0.014352,-0.055353,19.314855
76613803057,-0.142354,-0.111455,0.139162,-0.081913,0.183090,0.031320,19.336928
76713821077,-0.801084,-2.327842,0.558691,-0.180274,0.138342,0.125266,19.366486
76813839097,-1.753353,-2.717942,0.727020,-0.050922,0.088810,-0.059607,19.401807
76913857116,-0.689972,-1.075705,-0.039267,0.060714,-0.035146,-0.102467,19.420254
77013875136,-1.068593,-2.009694,0.543948,0.016008,0.024493,0.006178,19.467929
77113893156,-0.903322,-2.775438,-0.120542,-0.068943,0.075215,-0.037206,19.495682
77213911175,0.240492,-1.341987,-0.779235,-0.009951,0.077587,0.045371,19.562226
77313929195,-1.470651,-0.401847,-0.602939,0.070950,-0.066936,0.027689,19.616695
77413947215,-1.318236,-0.643798,-0.661083,0.141306,-0.095224,-0.209848,19.684615
77513965234,-0.931735,-3.559074,0.227671,0.125687,-0.086692,-0.092802,19.740750
77613983254,0.030961,-5.059571,0.616509,-0.063747,-0.003475,0.022747,19.805643
77714001274,-0.960089,-3.049683,0.732862,-0.214742,0.144504,0.192512,19.876712
77814019293,-1.986150,-0.390531,-0.373613,0.071252,-0.045269,-0.043102,19.924975
77914037313,-0.966414,-2.067263,-0.930432,0.215840,-0.219385,-0.233185,20.016317
78014055333,-0.515868,-3.384139,-0.979454,0.063931,-0.195046,-0.058247,20.067650
78114073352,0.437033,-4.602514,-0.348845,-0.137552,0.216400,0.086965,20.156102
78214091372,1.206249,-3.703252,0.782619,-0.247135,0.131762,0.290972,20.229408
78314109392,-0.863753,-2.096233,0.600392,-0.166563,0.133158,0.027513,20.273912
78414127411,-1.416405,0.400791,0.205444,0.135377,-0.059586,0.059408,20.359072
78514145431,-0.790861,-1.681657,0.109202,0.145407,-0.131169,0.014978,20.478536
78614163451,1.004793,-3.845946,0.046615,-0.111994,0.199791,0.006827,20.512196
78714181470,0.509737,-3.819079,-0.310206,-0.133765,0.111242,0.232148,20.590484
78814199490,0.390670,-1.935867,-0.426167,-0.026764,-0.109247,-0.069349,20.627318
78914217510,-2.170445,-1.709155,-0.119374,0.005652,-0.038642,0.054527,20.702954
79014235529,-3.720633,-1.928321,-1.062877,-0.207136,0.230392,0.277763,20.794200
79114253549,-5.054515,-0.821903,-1.255694,-0.096134,0.083188,0.407691,20.882162
79214271568,-2.159062,-3.836925,-0.013185,0.381218,-0.182310,-0.428034,20.944794
79314289588,5.762589,-7.054460,-1.006461,-0.273532,0.352606,0.220922,21.000399
79414307608,1.449455,-5.081899,-1.199752,-0.353980,0.835306,0.444227,21.062239
79514325627,-4.975155,1.579899,-1.910662,-0.447174,0.221541,0.392507,21.140509
79614343647,-5.946906,1.055492,-1.271250,0.211492,-0.375156,-0.059511,21.209721
79714361667,-1.445692,-3.085275,-1.176859,0.243637,-0.469646,-0.145014,21.217829
79814379686,4.007442,-4.899542,-1.150968,-0.111147,0.109422,0.030214,21.284579
79914397706,-1.056903,0.041040,-0.596053,-0.365732,0.446240,0.396290,21.344918
80014415726,-3.202063,2.235149,0.460264,-0.446903,0.550940,0.371768,21.409815
80114433745,-1.180703,-0.968418,1.030804,-0.274492,0.498627,0.231936,21.459995
80214451765,-2.171219,-0.362233,-0.347065,0.364297,-0.379710,-0.363473,21.552943
80314469785,3.320948,-1.781357,0.059426,0.075431,-0.033587,-0.176297,21.580843
80414487804,3.342363,-3.394093,1.638931,-0.259592,0.135454,0.299661,21.616525
80514505824,1.536743,-1.808215,1.997156,0.178499,0.243307,-0.074927,21.691675
80614523844,-0.092447,1.201608,1.677803,0.120266,-0.460776,-0.131538,21.708515
80714541863,-0.861955,0.730838,1.218444,0.091332,-0.217584,-0.081853,21.787046
80814559883,1.152451,-0.861168,1.100789,-0.019732,0.154368,0.053382,21.794943
80914577903,2.853824,-2.673704,1.184714,-0.230698,0.338367,0.233079,21.879594
81014595922,-0.823021,-0.647939,0.613471,0.016748,0.132336,-0.001237,21.895459
81114613942,-1.683991,0.568400,0.234707,0.135867,-0.179895,-0.121737,21.871406
81214631962,-2.947399,0.465508,0.347377,0.160282,-0.256965,-0.189262,21.896638
81314649981,2.128782,-2.206547,-0.030639,-0.307950,0.468038,0.229971,21.968595
81414668001,2.938093,-2.550169,-0.244926,-0.257740,0.203776,0.278475,22.025600
81514686021,0.704504,-1.630557,-0.296777,0.086271,-0.066941,-0.201291,22.013381
81614704040,-0.684917,1.472499,0.171233,0.301086,-0.162971,-0.185884,22.097565
81714722060,-2.308610,-0.852186,0.480113,-0.007188,0.008528,0.054832,22.132628
81814740080,-0.021433,-1.761732,-0.237537,0.017940,0.015466,0.002819,22.118766
81914758099,0.128215,-0.671225,-1.276291,-0.099878,0.080214,0.122996,22.122032
82014776119,-0.575707,-0.785314,-1.139032,-0.155083,0.001458,0.163647,22.143974
82114794139,-0.731063,-1.226608,-0.454827,0.069039,0.132316,0.018337,22.130371
82214812158,0.560804,-1.248259,1.350621,0.001406,-0.103415,0.035041,22.089362
82314830178,0.876885,-2.145729,1.807988,0.028372,0.159581,-0.031197,22.113534
82414848198,2.392985,-1.951965,1.899779,-0.155853,0.116336,0.149341,22.133699
82514866217,1.149386,-0.745320,1.351950,0.241939,-0.096141,-0.177319,22.072771
82614884237,1.271000,0.484407,0.051628,0.098545,-0.260876,-0.059711,22.092933
82714902257,3.143205,-0.819883,0.173676,0.052043,-0.089054,0.041756,22.071714
82814920276,3.550463,-1.491031,0.443511,-0.033858,0.135772,0.108810,22.006244
82914938296,2.295071,-1.783221,-0.165595,-0.148391,-0.009057,0.165957,21.944283
83014956315,1.826744,0.182386,-0.213271,-0.083559,0.192472,0.097606,21.966483
83114974335,7.890694,-1.015458,1.602638,-0.386390,-0.006263,0.535526,21.915185
83214992355,7.898146,-4.058566,0.625626,-0.067246,-0.116365,0.110313,21.884813
83315010374,2.982918,0.301382,1.401366,0.460604,-0.266563,-0.356399,21.793158
83415028394,0.765652,3.126077,1.614155,0.224166,-0.326020,-0.093783,21.711375
83515046414,3.357864,0.257614,0.990792,-0.079258,0.357690,0.117118,21.611504
83615064433,3.273227,-2.905198,-0.622537,0.075277,0.033565,-0.021542,21.504498
83715082453,5.148421,-2.483214,-0.346142,0.044538,-0.107429,-0.008759,21.415990
83815100473,4.189081,-2.411961,-0.569952,0.192254,-0.219492,-0.094337,21.343232
83915118492,1.134681,-1.677616,0.646400,0.147023,-0.005113,-0.023725,21.279659
84015136512,1.025484,-2.147338,1.578964,0.138274,0.082350,0.007767,21.078490
84115154532,1.796557,-2.470616,1.163334,0.043859,0.006534,0.044837,21.092583
84215172551,3.783635,-3.489269,0.275284,0.137613,-0.123419,0.004175,21.035856
84315190571,3.833929,-1.921186,-0.416864,0.067254,-0.168008,0.042687,20.881054
84415208591,2.249560,-2.028947,-0.506985,0.096496,-0.012541,-0.036745,20.805552
84515226610,1.195099,-1.988498,0.307772,0.090354,0.041726,0.109901,20.661237
84615244630,0.505983,-1.807093,0.936187,0.195566,-0.183494,-0.022200,20.641795
84715262650,2.219883,-2.286302,0.766038,0.149855,-0.079303,-0.005099,20.582538
84815280669,4.163345,-2.965609,0.954015,0.149855,-0.079303,-0.005099,20.534532
84915298689,4.047795,-2.851761,0.860339,0.121062,-0.058233,0.019349,20.485179
85015316709,3.461483,-2.274087,0.385013,-0.025036,0.048679,0.143400,20.396445
85115334728,3.461483,-2.274087,0.385013,-0.025036,0.048679,0.143400,20.301832
85215352748,3.461483,-2.274087,0.385013,-0.025036,0.048679,0.143400,20.298596
85315370768,3.122956,-2.643679,0.425324,-0.009997,0.046077,0.135626,20.216076
85415388787,1.629469,-3.919458,0.505672,0.097061,0.000817,0.050756,20.171262
85515406807,2.639762,-1.543447,-0.221287,0.208129,-0.143664,-0.139281,20.185756
85615424827,4.499069,-2.550572,-0.854977,-0.088584,0.014072,0.101909,20.130073
85715442846,4.928854,-3.365757,-0.149874,0.007571,0.193817,0.094296,20.093618
85815460866,-0.675405,-1.461758,0.591049,0.288645,-0.385316,-0.130493,20.034686
85915478886,-1.755722,-0.017378,0.136101,0.449812,-0.487826,-0.381833,19.986788
86015496905,1.920697,-1.881825,0.342439,0.282444,-0.254651,-0.105250,19.936822
86115514925,3.072550,-5.429569,1.191374,-0.226579,0.305882,0.340604,19.895400
86215532945,-1.520913,-1.838020,0.554635,-0.053103,0.150022,0.094181,19.823800
86315550964,-1.419620,-0.819739,0.531859,0.217896,-0.171565,-0.116695,19.834666
86415568984,1.326207,-2.908210,0.390162,0.220060,-0.274588,-0.192692,19.851214
86515587004,4.527059,-4.029502,-0.018965,-0.156162,0.076147,0.177683,19.894026
86615605023,3.197452,-4.003180,-0.263812,-0.048295,0.146623,0.136818,19.821021
86715623043,1.771670,-2.094330,-0.112633,0.117800,-0.075865,-0.047147,20.067681
86815641062,1.107758,-0.272501,-0.588987,0.176310,-0.198166,-0.028864,19.753921
86915659082,0.175005,-2.231999,-0.285721,-0.038169,-0.065591,0.073183,19.915309
87015677102,1.266914,-3.135771,-0.546901,0.009644,0.110340,0.137476,20.110666
87115695121,1.524048,-2.690817,-0.024672,0.098577,-0.094688,-0.070324,20.042327
87215713141,2.331152,-0.671742,0.614096,0.100868,-0.226548,-0.037669,20.024332
87315731161,4.230518,-0.208554,0.400178,-0.050241,-0.062108,0.061063,20.156317
87415749180,3.398295,-1.777322,1.140642,0.053403,0.146987,0.137756,20.186312
87515767200,0.782013,-1.848843,1.882387,0.131858,0.251120,-0.108654,20.168752
87615785220,1.877645,-1.452554,0.485852,-0.004207,-0.209644,0.100492,20.335575
87715803239,2.847482,-2.144684,-0.128243,0.205549,-0.110696,-0.144761,20.250601
87815821259,2.232496,-2.738768,-0.280995,-0.073406,-0.131071,0.118821,20.361251
87915839279,-0.838659,-2.183427,0.501740,0.070785,0.220014,-0.013790,20.430263
88015857298,-0.275840,-1.282032,1.028413,-0.038896,0.090790,0.069790,20.475409
88115875318,0.359891,-0.133997,0.574952,-0.022475,0.072316,0.035555,20.483315
88215893338,-0.346488,-1.716193,0.153504,0.086402,-0.130908,-0.088632,20.605396
88315911357,0.705970,-3.294153,0.130685,-0.014907,0.011292,0.024766,20.537579
88415929377,1.905201,-2.922408,0.406648,-0.041200,0.038197,0.095428,20.677834
88515947397,-0.448964,-1.598440,0.631752,0.110112,0.069631,-0.017585,20.705448
88615965416,-0.423249,-2.175616,0.641344,-0.008782,-0.026899,-0.112764,20.764178
88715983436,1.327514,-1.861892,0.171549,0.030880,-0.120984,0.095448,20.990473
88816001456,0.797365,-3.716701,-0.213069,-0.044799,-0.072975,-0.195541,20.925669
88916019475,-0.692827,-2.608762,0.284185,-0.104958,0.085655,0.007280,21.039511
89016037495,-0.255924,-0.927303,0.714336,0.016657,0.105894,0.147092,21.038860
89116055515,0.394708,-2.358130,0.994772,-0.008671,-0.022594,-0.035588,21.085504
89216073534,1.053012,-0.838858,0.767448,0.029122,-0.093784,-0.051295,21.271185
89316091554,-0.379801,-0.602667,0.017240,0.089932,-0.209314,-0.106243,21.259438
89416109574,-0.364305,-2.162698,-1.587889,0.092697,-0.053912,-0.130595,21.348064
89516127593,-0.501423,-3.034480,-1.031128,-0.156647,0.043152,0.113132,21.334702
89616145613,2.309018,-2.007092,-0.081886,-0.038841,0.169783,-0.076712,21.446911
89716163633,0.436329,-1.450615,0.493858,0.233183,-0.146487,-0.242096,21.439066
89816181652,-0.954318,-1.130497,0.621628,0.136238,-0.207148,-0.084136,21.570227
89916199672,0.267078,-0.835551,0.732698,0.030751,-0.041833,-0.032396,21.614890
90016217692,2.104763,-1.739210,-0.127450,-0.086078,0.171715,0.067200,21.680481
90116235711,-1.131935,-1.228482,-0.104635,-0.037551,0.125356,0.052423,21.715052
90216253731,-2.377797,-1.441396,0.496646,0.106673,0.017984,-0.043934,21.776628
90316271751,-1.377629,-3.399823,0.754661,0.176177,-0.117617,-0.153733,21.790955
90416289770,1.497569,-2.377143,-0.016763,-0.057900,-0.007745,0.146425,21.887400
90516307790,4.851961,-1.166438,0.460458,-0.466893,0.442941,0.533520,21.971213
90616325809,-2.352109,0.942016,-0.272243,-0.254050,0.388164,0.111072,22.028271
90716343829,-1.365116,-0.066361,-0.449372,0.080274,-0.023045,0.008603,22.060221
90816361849,-0.775913,-3.379252,-1.061948,0.303483,-0.187143,-0.273005,22.103170
90916379868,1.055397,-2.627023,-0.583450,-0.287639,0.144675,0.192269,22.188204
91016397888,-2.130082,-0.794869,0.943690,-0.095504,0.162003,0.075765,22.207771
91116415908,-0.089901,-1.939645,-0.048188,-0.237059,0.070159,0.078596,22.256977
91216433927,0.615787,-1.638437,-0.350123,-0.085039,0.031458,0.035569,22.287626
91316451947,0.096520,-3.154242,-0.739954,0.051872,-0.258048,-0.113886,22.334861
91416469967,-1.256751,-2.038485,-0.259136,0.075077,-0.065688,-0.003096,22.293490
91516487986,-1.002414,-0.973750,0.511042,0.060333,0.055573,-0.071494,22.285210
91616506006,1.280250,0.161608,0.530225,0.059741,0.089885,0.099543,22.374700
91716524026,1.588778,-0.057537,-0.042662,0.064410,0.015265,-0.001212,22.343334
91816542045,0.532484,-1.500116,-0.631996,-0.010778,-0.109998,-0.022801,22.372665
91916560065,-0.743509,-1.517591,-0.278094,0.058464,-0.065349,-0.036276,22.385743
92016578085,0.012338,-0.746441,-0.453856,-0.074175,0.043384,-0.060194,22.376613
92116596104,0.541655,-0.478974,-0.206978,-0.139947,0.066165,-0.110904,22.343826
92216614124,1.996280,-2.013476,-0.199025,0.095528,-0.127937,-0.215492,22.365225
92316632144,0.641393,-1.494780,0.588182,0.065844,-0.006313,0.071502,22.382394
92416650163,-0.896845,-0.616340,0.912165,-0.135899,0.113050,0.048136,22.408431
92516668183,-1.156065,-0.240936,0.166983,-0.036060,0.074329,-0.022357,22.372407
92616686203,0.769359,-1.127880,0.515508,0.032044,-0.060903,0.022268,22.326062
92716704222,1.647211,-0.182145,2.072849,0.231029,-0.096086,-0.274797,22.305773
92816722242,-0.652866,1.299140,2.774918,0.175338,-0.029887,-0.206415,22.274489
92916740262,-2.291899,1.903985,2.710070,-0.130092,0.176156,0.107060,22.273618
93016758281,-3.312013,4.408843,0.047225,0.090349,-0.230215,-0.171964,22.264860
93116776301,5.053049,-1.926817,-1.888362,0.265519,-0.458903,-0.433805,22.152506
93216794321,3.489358,-1.903450,-0.024340,0.107734,-0.056710,0.165571,22.052032
93316812340,1.725345,0.144168,-0.047965,-0.205719,0.276518,0.329464,22.164619
93416830360,-0.377371,0.810730,0.954800,-0.044586,0.162526,-0.037125,21.902028
93516848380,0.782677,0.265225,2.503696,0.013183,-0.185207,0.050091,22.165287
93616866399,4.035742,-1.212498,0.647167,0.167123,-0.245376,-0.075238,21.963053
93716884419,2.525939,-1.246502,-0.029773,-0.109889,0.049696,0.263544,21.888564
93816902439,0.058860,-0.055405,-0.001143,-0.012590,0.197919,-0.036129,21.900195
93916920458,-0.847607,0.998896,0.305292,-0.031138,0.063414,0.177321,21.853345
94016938478,-0.719215,-0.069727,-0.325380,-0.012792,-0.016580,0.039788,21.827419
94116956497,0.058709,-2.269189,-0.485512,0.147714,0.130527,0.140950,22.116845
94216974517,1.677249,-1.296784,-1.714678,0.031933,0.095319,0.025746,22.060577
94316992537,-1.411641,-0.494782,-0.992431,-0.275273,0.192545,0.081357,21.955332
94417010556,-4.534589,-0.171130,-0.673346,-0.214963,0.041067,0.296921,21.487875
94517028576,-3.133034,-0.300832,0.193221,0.378264,-0.263216,-0.337689,21.554408
94617046596,3.919333,-2.020914,-0.069694,0.157466,-0.096680,-0.254555,21.533989
94717064615,6.175550,-1.732564,-0.543971,-0.447579,0.266593,0.391762,21.463576
94817082635,2.551237,-0.772793,-0.864899,-0.480332,0.152703,0.284012,21.397474
94917100655,-4.656248,1.173480,0.157737,-0.043146,-0.216865,0.170871,21.363354
95017118674,-3.918224,0.747345,0.833044,0.573568,-0.441387,-0.304498,21.414752
95117136694,2.593983,-2.868177,0.257340,0.318348,-0.370196,-0.508617,21.261317
95217154714,-2.045131,-0.915804,-0.352735,-0.108289,0.143763,0.291993,21.285731
95317172733,4.510701,-5.674688,-2.009960,-0.250514,0.596398,0.367099,21.344225
95417190753,-0.424295,-1.896402,-1.292199,-0.020540,-0.070665,0.013353,21.315783
95517208773,-3.332839,0.210992,-0.324493,0.318990,-0.305237,-0.203826,21.226791
95617226792,-1.182235,-1.459187,-0.552042,0.264040,-0.246742,-0.094987,21.153889
95717244812,2.306207,-4.403472,-0.834634,-0.201173,0.377595,0.153117,21.163565
95817262832,1.325441,-3.403570,-0.313630,-0.394140,0.562052,0.282009,21.227598
95917280851,-3.336151,0.327380,0.794960,-0.200137,0.173112,0.135257,21.301432
96017298871,-3.878915,0.715603,1.229650,0.198897,-0.311053,-0.200971,21.240876
96117316891,0.403841,-0.923463,-0.253832,0.174110,-0.151764,-0.099873,21.205125
96217334910,3.654028,-2.628511,-0.873923,-0.202295,0.419211,0.258767,21.261988
96317352930,-0.084725,-2.155319,-0.927842,-0.460619,0.276877,0.374261,21.247083
96417370950,-2.918072,0.062977,-0.629213,-0.118672,-0.122644,0.074340,21.309932
96517388969,-3.329398,0.023192,-0.046066,0.390867,-0.482173,-0.345133,21.279422
96617406989,1.925469,-2.691279,0.287404,0.144262,-0.139209,-0.030196,21.254351
96717425009,3.386692,-2.411274,-0.934991,-0.168427,0.387413,0.149407,21.397146
96817443028,-0.148684,-1.550366,-1.903508,-0.258545,0.410723,0.395791,21.373045
96917461048,-3.734644,-0.596521,-1.755913,0.175127,-0.133113,-0.082495,21.308193
97017479068,-1.764872,-0.445096,-1.151085,0.164577,-0.197808,-0.169975,21.325863
97117497087,0.101659,-2.562352,-0.564625,0.065524,-0.199011,0.087924,21.212266
97217515107,-1.022390,-0.612707,-0.533282,-0.021248,0.111220,-0.094683,21.340707
97317533127,-2.876732,-0.453968,0.477036,-0.290037,0.274552,0.202097,21.219799
97417551146,-1.525643,1.743793,1.172849,-0.073799,0.176565,0.068904,20.911012
97517569166,1.309691,0.024427,0.511202,-0.001342,-0.126081,-0.106872,21.156752
97617587186,2.519483,-1.483806,-0.608879,0.195032,-0.156512,-0.057799,21.112047
97717605205,-0.140370,0.376237,-1.164426,-0.196231,0.185530,0.264420,21.084622
97817623225,-1.935594,2.271634,-0.651230,-0.327462,0.320028,0.256676,21.049284
97917641244,-0.063747,0.535656,0.536921,-0.249200,0.213801,0.243646,20.893096
98017659264,1.711305,-0.745660,1.788909,0.072728,0.045366,-0.062294,21.019713
98117677284,-3.926636,1.235280,1.494424,0.150272,0.033558,-0.150574,21.071531
98217695303,-1.472896,-1.003314,1.481680,-0.161174,0.197729,0.195225,21.051169
98317713323,-3.967516,-0.259863,0.630675,-0.102539,0.264840,0.179913,20.805061
98417731343,-5.893369,0.804222,-0.818758,0.155697,-0.009476,0.008716,20.760662
98517749362,-3.856284,0.694092,-1.684378,-0.179079,0.156092,0.368834,20.757007
98617767382,-2.788280,-0.724138,-1.280007,-0.128581,0.126934,0.009576,20.693061
98717785402,-0.439164,-3.356153,-1.755604,0.217172,-0.088772,-0.129113,20.641471
98817803421,-1.668003,-1.869883,-1.420469,-0.115983,-0.156962,0.011059,20.596418
98917821441,-1.387818,-0.611758,-0.899105,0.023512,0.035454,-0.098299,20.597341
99017839461,-1.011257,-1.377062,-1.170105,-0.156878,-0.002117,0.103361,20.517314
99117857480,1.339461,-0.572901,-1.401714,-0.079438,0.166552,0.044412,20.452490
99217875500,2.067315,-1.787901,-1.467232,0.072028,0.011780,0.064039,20.425538
99317893520,0.787845,-1.784071,-0.518439,0.309704,-0.297457,-0.244616,20.409557
99417911539,-2.001083,-0.608772,1.205858,-0.072110,0.200242,0.210771,20.277471
99517929559,-1.194878,-1.251044,1.300270,-0.070102,0.217346,-0.046406,20.251442
99617947579,3.751689,-4.744890,-0.844151,0.069600,0.513828,-0.126307,20.260114
99717965598,1.671147,-2.496320,-1.773269,-0.190476,-0.049029,0.198231,20.202839
99817983618,-3.758442,-0.580169,-2.000138,0.414477,-0.234661,-0.383043,20.082490
99918001638,-2.087892,-1.208518,-1.446691,0.283819,-0.303197,-0.272932,20.085462
100018019657,-1.195423,-2.990122,-0.318516,-0.084975,-0.053427,0.075207,20.102828
100118037677,1.383841,-1.585910,0.069435,-0.068313,0.192997,0.118502,19.993266
100218055697,3.042239,-1.738619,1.292508,-0.226410,0.292645,0.253748,20.036254
100318073716,5.762846,-2.919496,1.698043,-0.137725,-0.367639,0.367024,20.103305
100418091736,5.866196,-3.315602,-0.767505,0.680414,-0.769415,-0.584698,19.990803
100518109756,-8.202850,2.832769,-0.627363,0.653564,-0.348674,-0.506909,19.907008
100618127775,-9.056717,3.907992,0.769303,-0.963771,0.972352,0.830125,19.923276
100718145795,6.777489,-4.808719,0.752543,-0.818149,0.833496,0.760818,19.937945
100818163815,6.354622,-4.397282,0.928585,0.129541,-0.204132,-0.159464,19.955459
100918181834,-5.864783,0.677935,0.506936,0.707955,-0.738989,-0.747657,19.916818
101018199854,-7.866388,0.634271,-0.401453,-0.447714,0.129103,0.411468,19.840258
101118217874,-4.252559,-0.785849,-1.384265,-0.462568,0.445904,0.447794,19.865559
101218235893,-1.753653,0.256455,-1.106691,-0.151805,0.279918,0.183801,19.868649
101318253913,5.094099,-2.480368,0.227229,0.218135,-0.358963,-0.122607,19.844325
101418271933,3.346629,-0.347182,1.416883,0.154736,-0.233378,-0.124032,19.818255
101518289952,-0.348395,1.167808,1.625875,-0.316834,0.280688,0.215374,19.791785
101618307972,-2.423752,-0.340711,0.575606,-0.253513,0.387067,0.105605,19.785908
101718325991,2.104795,-2.626465,-0.291578,-0.182349,0.113326,0.074515,19.794876
101818344011,2.359433,-2.394254,-0.205150,0.182423,-0.176256,-0.174260,19.822940
101918362031,-0.086375,-1.364916,-0.129534,0.116552,-0.274203,-0.093543,19.740927
102018380050,-0.932945,-0.954407,-0.768044,0.189094,0.023592,-0.097352,19.687349
102118398070,-0.227969,-0.860844,-0.737038,-0.016974,-0.044834,0.015157,19.674508
102218416090,0.389804,-1.581548,-0.887069,-0.122364,-0.062793,0.253527,19.701405
102318434109,0.735468,-1.963814,-0.105047,0.134772,-0.103447,-0.135745,19.654995
102418452129,-0.416766,0.210501,0.617791,0.096291,-0.073421,-0.053236,19.583332
102518470149,-0.579083,0.967549,0.749397,0.334641,-0.399518,-0.390097,19.589898
102618488168,5.427562,-2.309766,0.204125,0.286670,-0.343542,-0.370610,19.551321
102718506188,5.234355,-3.818648,-0.336196,-0.158951,0.280274,0.104241,19.537944
102818524208,-0.428005,-0.927892,-1.115793,-0.494872,0.484955,0.512608,19.510365
102918542227,-4.186593,0.938451,0.641009,-0.071079,0.027962,0.085081,19.427962
103018560247,-1.273330,-1.459568,1.376271,0.407287,-0.435462,-0.445240,19.414454
103118578267,4.786346,-2.898706,0.455456,0.540196,-0.446665,-0.430134,19.365057
103218596286,0.606921,-2.395461,-0.865201,-0.022702,-0.123813,-0.119800,19.333513
103318614306,-2.778642,-0.522906,-0.953841,-0.438838,0.372242,0.330158,19.339427
103418632326,-2.952780,-0.588852,-0.196694,-0.036521,0.014931,0.145749,19.285168
103518650345,1.304216,-1.603798,0.489699,0.313442,-0.198866,-0.318241,19.209720
103618668365,1.274556,-3.071308,1.035437,0.244089,-0.163290,-0.123883,19.115429
103718686385,0.194761,-1.586911,0.616674,0.023146,0.045145,0.038314,19.084046
103818704404,-0.254479,-2.138426,0.106784,-0.022594,0.050216,0.006618,19.147194
103918722424,1.810250,-2.546621,-0.333566,-0.224593,0.267495,0.191811,19.096827
104018740444,1.434328,-2.085966,-0.871145,-0.189607,0.247519,0.144882,18.911225
104118758463,-1.304145,-0.617113,-0.735848,-0.097163,0.068749,0.077138,18.836255
104218776483,-2.666454,0.534919,-0.561641,-0.304907,0.298809,0.195846,18.879941
104318794503,-3.598560,0.491170,-0.840028,-0.282561,0.188098,0.237006,18.833988
104418812522,-4.989817,1.188062,-0.238829,0.174261,-0.227875,-0.110216,18.738100
104518830542,-1.661249,0.569360,-0.839556,0.238875,-0.178609,-0.288337,18.754957
104618848562,3.357684,-3.072766,0.877582,-0.548923,0.505656,0.577552,18.660766
104718866581,3.903290,-3.556504,1.162687,-0.198571,0.441827,0.185606,18.593731
104818884601,-0.582030,-1.154917,0.223052,0.188181,-0.153632,-0.163601,18.584227
104918902621,-4.164563,0.648200,-1.448105,0.253006,-0.380095,-0.371551,18.493477
105018920640,-2.895630,0.284792,-1.196793,-0.306216,0.251682,0.255392,18.478062
105118938660,-0.794203,-2.444932,-0.522071,-0.317514,0.375736,0.305021,18.425796
105218956680,-2.408404,-0.701784,0.756445,0.254925,-0.499910,-0.183009,18.346412
105318974699,3.402867,-3.604009,-0.169738,0.373619,-0.550602,-0.372218,18.279858
105418992719,4.105887,-2.252009,0.341546,0.074215,-0.050586,-0.060451,18.323815
105519010738,1.149428,-0.674485,0.987327,-0.211612,0.368127,0.268128,18.251397
105619028758,-2.099549,-0.062172,0.677760,0.024779,0.044983,0.008535,18.150445
105719046778,-1.351266,0.229546,0.006337,0.162964,-0.131639,-0.189536,18.155027
105819064797,-0.935053,0.995140,0.104175,-0.070122,0.064395,0.058646,18.075299
105919082817,3.172798,-1.210234,-0.485611,-0.068261,0.086601,0.090465,17.988694
106019100837,4.663628,-2.861374,-0.074170,0.324894,-0.263297,-0.235720,17.989956
106119118856,1.448221,-2.500739,1.278182,0.233544,-0.225208,-0.174974,17.948063
106219136876,-2.523220,0.530649,1.295885,0.036248,0.020236,0.073407,17.871543
106319154896,-0.625833,-2.318518,1.048042,-0.350438,0.309250,0.266582,17.818235
106419172915,1.684551,-2.777911,-0.148200,-0.271916,0.291564,0.258831,17.766232
106519190935,-0.007752,-1.440984,-0.124422,-0.193031,0.094312,0.085132,17.769554
106619208955,-2.657740,0.275307,0.551973,0.156779,-0.163661,-0.034546,17.723536
106719226974,-0.556456,1.026273,-0.044197,0.303703,-0.494992,-0.257568,17.637032
106819244994,2.672224,-1.244483,-1.009450,-0.002765,-0.343992,-0.038559,17.586593
106919263014,-0.610154,3.504749,0.933711,0.047395,-0.333744,-0.079037,17.542117
107019281033,2.126769,0.257969,-0.037162,0.235817,-0.203459,-0.235975,17.555181
107119299053,0.888718,-0.003186,-0.241898,0.025152,-0.135105,-0.009669,17.476315
107219317073,-2.026372,-1.447868,0.020700,-0.067964,0.153015,-0.015096,17.427068
107319335092,-1.680326,-1.210277,0.671877,-0.097525,0.114842,0.053999,17.367040
107419353112,-0.033822,-0.639146,-0.192852,0.042136,0.123854,-0.042217,17.342751
107519371132,1.240240,-0.285441,-0.658059,-0.126579,0.089322,0.023753,17.317592
107619389151,2.504820,-2.534004,-1.368979,-0.220580,0.254306,0.125433,17.186286
107719407171,0.038956,-2.562175,-0.565800,-0.145899,0.080321,0.138470,17.151194
107819425191,-1.438873,1.843275,1.221566,0.031848,-0.024224,0.046869,17.197425
107919443210,1.315784,-0.426135,0.625686,0.241992,-0.185654,-0.093250,17.078041
108019461230,2.680194,1.036247,1.101403,0.355990,-0.341075,-0.330612,17.020970
108119479250,-1.113580,0.859645,0.629766,0.197657,-0.406559,-0.166464,17.019224
108219497269,1.683324,-0.833041,0.419877,0.185879,-0.118843,-0.125948,17.039523
108319515289,2.369170,-0.628491,0.231743,-0.149806,0.083614,0.126118,16.920978
108419533309,0.042664,-0.542323,0.237186,-0.047915,0.145458,0.092177,16.803959
108519551328,-0.077436,0.007022,0.302109,0.007750,-0.048468,0.030285,16.749967
108619569348,1.036110,1.864904,-0.130204,0.097044,-0.061512,-0.022746,16.701003
108719587368,2.435890,0.335079,-0.274721,-0.040162,0.047920,0.047935,16.693852
108819605387,2.299673,-0.927546,-0.366853,-0.147334,0.224681,0.173752,16.561740
108919623407,-0.982388,0.174876,-0.608550,-0.202766,0.307993,0.224333,16.483413
109019641427,-2.082713,-1.176503,0.024439,-0.150404,0.173517,0.127274,16.482685
109119659446,0.683251,-1.035887,0.454667,-0.054615,0.054604,0.029455,16.376584
109219677466,0.418402,-3.218941,1.741172,0.175169,-0.024059,-0.101403,16.260081
109319695485,-1.635146,-1.880110,1.250825,0.008900,0.086952,0.078656,16.245526
109419713505,-1.197159,0.114741,1.465335,-0.116872,0.071691,-0.042144,16.239854
109519731525,-1.146794,0.059082,0.291314,0.044089,-0.175158,-0.181354,16.112394
109619749544,2.404974,-1.971498,-0.619818,0.179167,-0.256707,-0.176576,16.057545
109719767564,0.946832,-1.026037,-0.024216,0.129646,-0.077496,-0.066261,16.028010
109819785584,-0.888747,0.587979,-0.264539,-0.114744,0.076607,-0.011840,15.959855
109919803603,-1.187377,0.571082,0.205098,-0.242522,0.210798,0.182542,15.910317
110019821623,0.087021,-0.355392,0.664385,-0.059842,-0.024754,0.045444,15.844501
110119839643,2.073499,-0.966939,0.393966,0.026025,-0.050242,0.076735,15.902246
110219857662,0.693943,-2.206439,0.660327,0.060225,-0.023791,-0.113688,15.803835
110319875682,-1.419430,-1.340133,-0.101034,-0.098356,0.125868,0.057337,15.678828
110419893702,-0.551962,0.175697,-1.416191,-0.224955,0.113122,0.188087,15.686144
110519911721,0.327786,-0.379129,-0.393697,-0.151199,0.176084,0.185862,15.683918
110619929741,4.061566,-2.338430,-0.287840,0.133362,-0.256983,-0.151622,15.581036
110719947761,0.223561,-0.511117,0.074554,0.433224,-0.574471,-0.395096,15.478551
110819965780,-3.846855,1.522837,-0.163740,0.234282,-0.121467,-0.092270,15.478012
110919983800,0.253460,-2.204416,-0.269370,-0.192773,0.218376,0.160668,15.430627
111020001820,5.570504,-4.491950,-0.377432,-0.449307,0.545761,0.411420,15.349833
111120019839,2.463041,-1.632410,-0.006903,-0.275804,0.317610,0.273579,15.322764
111220037859,-3.739838,0.126538,0.628028,0.102420,-0.225860,-0.133579,15.251250
111320055879,-1.748308,-2.228343,0.099908,-0.091731,0.169306,0.139893,15.181527
111420073898,1.259306,-1.991524,-0.303343,-0.170770,0.264162,0.158293,15.144015
111520091918,3.027420,-1.937884,-0.336659,0.047012,-0.042211,0.026251,15.153582
111620109938,-0.822300,-0.729471,-0.133653,0.408538,-0.489915,-0.324871,15.106717
111720127957,-4.140815,1.527615,-0.015833,0.081009,-0.093574,-0.067392,15.020155
111820145977,-1.412201,-0.850150,-0.845809,-0.347136,0.251783,0.290444,15.006172
111920163997,5.601236,-4.417677,-0.988009,-0.348409,0.316434,0.273767,14.971047
112020182016,2.069431,-2.237188,-0.698087,-0.097017,-0.025859,0.079983,14.929292
112120200036,-1.531189,1.849990,-0.987051,0.129938,-0.166979,-0.126497,14.887169
112220218056,-0.537219,0.742879,-0.691840,0.131548,-0.052224,-0.101517,14.877722
112320236075,1.590296,-1.912168,0.163087,-0.056302,0.135994,0.043661,14.820137
112420254095,3.014495,-2.155921,0.339333,-0.161830,0.507613,0.137016,14.761991
112520272115,-2.056472,2.500968,-0.932608,-0.128336,0.129568,0.067666,14.763931
112620290134,-3.299059,0.356738,-2.072719,0.153679,-0.223314,-0.251605,14.655805
112720308154,-0.298462,-4.044583,-2.571551,0.226804,-0.105804,-0.302358,14.680689
112820326174,1.788553,-3.427737,-1.810910,-0.121461,0.241539,0.055587,14.615112
112920344193,1.027074,-2.605862,-1.028327,-0.153125,0.305778,0.164658,14.560094
113020362213,-2.218066,-0.264651,0.775801,-0.179721,0.291490,0.160680,14.549550
113120380232,0.845001,-0.479811,0.163310,-0.024690,0.180669,0.125625,14.528984
113220398252,0.688940,-1.208596,0.537815,0.006120,0.009600,0.065138,14.535857
113320416272,1.334867,0.827863,0.910838,0.097070,-0.005931,0.004380,14.463960
113420434291,1.743895,1.430860,0.048991,-0.014608,-0.105858,-0.053842,14.363781
113520452311,0.564615,0.942624,-0.657524,-0.109551,-0.077784,0.078827,14.286068
113620470331,-0.907654,-1.464447,0.545550,0.078556,0.075653,-0.138534,14.274071
113720488350,-1.265468,-1.526435,0.913830,0.134913,-0.007930,-0.136395,14.320137
113820506370,1.539270,-3.378089,0.042638,0.215506,-0.152774,-0.159234,14.254620
113920524390,1.007779,-1.928306,-0.959261,0.178909,-0.101494,-0.167934,14.185365
114020542409,0.895109,-1.028136,-1.988576,0.146925,0.045457,-0.074634,14.145773
114120560429,-1.029324,-1.304635,-1.489295,-0.085276,-0.173467,0.037705,14.114328
114220578449,-2.298973,0.646740,-1.838919,-0.093897,-0.032237,0.112127,14.016255
114320596468,-0.464254,-0.239364,-1.106638,-0.067608,0.241891,0.114651,13.951715
114420614488,1.209559,-0.560861,-1.684557,-0.051027,0.339608,-0.030473,13.860914
114520632508,-1.319385,0.070327,-0.871820,-0.179715,0.139811,0.179670,13.872247
114620650527,1.284506,-1.528265,-1.243420,0.191268,-0.097663,-0.145902,13.923023
114720668547,2.478561,-1.871150,-1.907691,0.221510,-0.443633,-0.170328,13.851641
114820686567,5.732214,-4.781244,-1.020905,-0.098076,-0.197265,0.006884,13.686199
114920704586,2.323037,-3.604782,-0.243726,-0.218714,0.167511,0.337917,13.638156
115020722606,-3.414897,2.402542,0.814409,0.027906,-0.033809,0.112723,13.588344
115120740626,-1.971962,0.716070,0.992472,0.298872,-0.384514,-0.231605,13.490566
115220758645,4.258381,-1.105079,0.323707,0.394580,-0.254599,-0.295432,13.467365
115320776665,5.197381,-1.546769,-0.044692,-0.011373,0.021115,-0.095314,13.425322
115420794685,1.178814,1.244619,0.090147,0.063217,0.142064,-0.124166,13.205635
115520812704,0.171305,1.259845,-1.272532,-0.153217,-0.065549,0.334917,13.244214
115620830724,1.631055,-4.423218,-0.141909,0.252751,-0.116716,-0.055875,13.079703
115720848744,1.268032,-4.428502,1.083034,0.313403,-0.350485,-0.640205,12.977794
115820866763,1.857720,-2.337080,0.610817,-0.316392,0.183032,0.105670,12.992059
115920884783,-1.479252,0.225725,0.173219,-0.233156,0.374378,0.331097,12.954867
116020902803,-1.546516,0.209432,-0.433050,-0.255646,-0.020664,0.077495,12.903379
116120920822,1.967302,-0.764375,-1.539828,0.124164,-0.141336,0.038056,12.810407
116220938842,1.995660,-1.191283,-1.238622,0.075838,-0.142838,0.029969,12.805256
116320956862,2.728098,-2.775670,-0.362144,-0.112592,0.205830,0.200040,12.766786
116420974881,-0.740230,-1.409626,0.065284,-0.179745,0.308942,0.307485,12.695562
116520992901,-2.237596,-1.177473,-0.121970,0.011636,-0.039800,0.075600,12.604095
116621010921,-3.208071,-0.781126,0.411249,0.305438,-0.307712,-0.302297,12.562005
116721028940,0.899406,-3.035919,0.754804,0.135649,-0.020333,-0.049895,12.529842
116821046960,2.418150,-2.950952,0.551525,-0.161868,0.239949,0.119153,12.428566
116921064979,1.195411,-0.857410,-0.340594,-0.241100,0.250239,0.245770,12.438914
117021082999,-3.039504,0.258023,0.042903,0.148872,-0.191049,-0.125716,12.376103
117121101019,-0.898636,-0.650760,0.282514,0.318221,-0.333697,-0.298568,12.239659
117221119038,3.274839,-2.093820,-0.017633,0.194251,-0.187759,-0.151257,12.219906
117321137058,1.962903,-1.216712,-0.021351,-0.026374,0.023063,-0.014822,12.213989
117421155078,0.057592,-0.865413,0.146623,-0.051369,0.064185,-0.002327,12.311857
117521173097,-1.172349,-0.260408,-0.244358,0.093790,-0.059305,-0.041341,12.168475
117621191117,1.468430,-1.117776,-0.973810,0.170073,-0.145265,-0.166912,12.140123
117721209137,1.516599,-1.182594,-0.920450,0.080829,-0.161857,-0.091011,12.098922
117821227156,-0.236778,-1.758098,-0.661520,-0.040379,0.044346,0.015208,11.938915
117921245176,-0.988742,-1.292206,-0.499151,-0.108598,-0.002022,0.136124,12.059941
118021263196,-0.884109,-1.133986,-0.097412,0.013321,0.004418,-0.017123,11.999764
118121281215,0.830357,-2.023481,-0.003754,0.054985,-0.073259,-0.045539,11.995106
118221299235,1.929295,-1.329941,-0.016747,0.019083,-0.009160,-0.026072,11.958510
118321317255,0.600626,-0.367403,-0.230890,-0.137456,0.140128,0.108428,11.837043
118421335274,-0.733362,0.674610,-0.046141,-0.119273,0.148113,0.073086,11.712531
118521353294,-0.068371,0.327654,-0.239818,0.000225,0.028062,-0.092747,11.758671
118621371314,1.362269,-0.809865,-0.192426,-0.015579,-0.014781,-0.089741,11.666722
118721389333,2.149292,-2.482632,-0.026623,-0.110230,0.182099,0.128621,11.529655
118821407353,0.251453,-2.263857,0.459259,-0.085934,0.225068,0.090457,11.675684
118921425373,-0.936545,-1.017662,0.235561,0.007914,0.026179,0.012198,11.558593
119021443392,-1.040220,0.354606,-0.055972,0.172566,-0.202775,-0.140298,11.543009
119121461412,1.167128,-1.802277,-0.240556,0.009849,-0.038095,-0.018323,11.512366
119221479432,1.798346,-1.893312,-0.300293,-0.130456,0.117208,0.133181,11.192874
119321497451,1.838093,-1.447914,0.181425,-0.088053,0.143245,0.094327,11.373437
119421515471,0.065135,-0.964614,0.212170,0.115631,-0.067571,-0.081344,11.418932
119521533491,-0.514244,-1.059559,0.034028,0.128728,-0.125587,-0.053592,11.515234
119621551510,0.510946,-1.234936,-0.037365,0.062268,-0.085589,-0.061381,11.313235
119721569530,2.104941,-1.744075,-0.103388,-0.046946,0.063123,0.163427,11.274065
119821587550,1.050219,-1.318665,-0.013257,-0.114750,0.110827,0.148293,11.350611
119921605569,-1.191804,-0.116577,-0.124758,0.134058,-0.159731,-0.105476,11.180483
120021623589,-0.285847,-0.759735,-0.113286,0.284086,-0.312513,-0.225136,11.241918
120121641609,2.041559,-2.531198,0.069597,0.110006,-0.291333,-0.144848,11.093309
120221659628,3.429984,-1.493546,0.265696,-0.204236,0.164040,0.181517,11.069741
120321677648,-0.244520,-0.232962,0.454459,-0.171218,0.223292,0.251631,11.069524
120421695668,-0.354587,-0.988146,0.203300,-0.008868,-0.015207,0.014610,10.897988
120521713687,1.654246,-1.569785,0.155455,0.074423,-0.024461,0.003429,10.981709
120621731707,2.118204,-2.177394,0.340193,0.093095,0.066055,-0.030133,10.999130
120721749726,0.709073,-2.022279,0.394185,-0.081161,0.060223,0.108027,10.959763
120821767746,-1.412431,0.638198,0.314450,-0.204053,0.139137,0.136676,10.884899
120921785766,0.985520,-0.633628,0.059932,-0.013121,0.130792,0.175891,11.077713
121021803785,1.397768,-3.101087,0.176150,0.090179,-0.167118,0.013917,10.870418
121121821805,2.125767,-2.582650,0.348979,0.090846,-0.122178,-0.143351,10.888527
121221839825,1.378064,-2.038303,1.029170,0.004959,0.019980,0.090566,10.867364
121321857844,-0.476551,-0.998021,0.930479,-0.098043,0.071777,0.148372,10.681170
121421875864,-0.219546,-0.182245,-0.151735,0.006089,0.004624,0.057593,10.710737
121521893884,0.598481,0.032529,-0.205600,0.090579,-0.085394,-0.071693,10.624380
121621911903,1.409793,-0.767797,-0.032720,0.098709,-0.073084,-0.018421,10.578151
121721929923,0.685866,-0.991294,0.037837,0.023928,0.017957,-0.008915,10.703740
121821947943,-0.230266,-0.337904,0.236044,-0.038418,0.084107,0.086508,10.621227
121921965962,0.199316,-0.051154,-0.271601,0.103340,-0.009543,-0.019318,10.560701
122021983982,-0.042042,-0.063814,-0.385151,0.106176,-0.104048,-0.043319,10.435059
122122002002,2.332968,-1.617395,-1.444890,0.066707,-0.158375,-0.025145,10.393917
122222020021,3.199386,-3.088562,-1.704028,0.259145,-0.151299,-0.179350,10.229380
122322038041,6.065737,-5.928859,0.161677,0.463685,-0.671727,-0.467717,10.346694
122422056061,2.164124,-3.788685,-0.191714,0.137625,-0.249514,-0.214791,10.473264
122522074080,-0.754806,-0.150811,-0.441864,-0.031695,0.281818,0.217832,10.323095
122622092100,-1.613128,-0.085518,-0.431074,0.013673,-0.041882,0.068512,10.188030
122722110120,0.907384,-1.160706,-0.050242,0.293024,-0.329840,-0.267169,10.168663
122822128139,4.047711,-2.333740,0.002317,0.304660,-0.428194,-0.226918,10.074600
122922146159,1.667177,-2.041612,-0.047750,0.101368,-0.204991,-0.077634,9.985298
123022164179,1.247949,-1.910044,0.073145,-0.029728,0.060286,0.119763,10.063890
123122182198,2.873994,-1.907725,0.037947,0.100829,-0.089282,0.084916,9.832327
123222200218,2.509356,-1.215785,0.027488,0.276090,-0.317733,-0.127298,9.785766
123322218238,4.124941,-1.820208,-0.060739,0.308760,-0.283169,-0.098606,9.841248
123422236257,3.072169,-1.187553,-0.427430,0.008676,0.043253,0.138432,9.535680
123522254277,-0.328268,-0.096279,-0.606584,-0.046776,0.153469,0.175202,9.474348
123622272297,-1.512415,-1.094120,-0.254386,0.003050,-0.002996,0.147405,9.726909
123722290316,0.621218,-3.088206,0.438252,0.181964,-0.227656,-0.157433,9.351714
123822308336,3.550089,-3.384761,-0.062892,0.197287,-0.238034,-0.139732,9.463183
123922326356,1.277404,-3.158744,-0.804681,-0.122998,0.279154,0.226419,9.600795
124022344375,-3.262272,-1.557445,0.038987,-0.297366,0.277085,0.164366,9.366580
124122362395,-4.358623,-0.522884,0.072133,-0.055079,0.058150,0.178656,9.333129
124222380414,-2.617546,-1.016833,-0.157792,0.154104,-0.172721,-0.086321,9.459512
124322398434,-0.051044,-2.443747,-0.736652,-0.037050,-0.005455,0.042396,9.382906
124422416454,0.237584,-2.500258,-0.471081,-0.164906,0.233006,0.153241,9.363583
124522434473,-1.121729,-1.770769,-0.301911,-0.190922,0.262147,0.062433,9.505058
124622452493,-3.562056,-0.985390,-0.138198,0.024340,-0.208671,-0.142882,9.459873
124722470513,-3.569068,-1.900417,-0.263827,0.116070,-0.174971,-0.203336,9.554303
124822488532,-0.759016,-3.236386,-0.499421,-0.126305,0.064237,0.056899,9.588636
124922506552,0.558609,-4.020865,-0.208637,-0.258110,0.143263,0.086829,9.585632
125022524572,-0.476669,-3.577227,-0.388788,-0.145411,0.030238,0.049951,9.746468
125122542591,-1.772457,-1.896841,-0.247333,0.001317,0.023001,-0.055637,9.983024
125222560611,-1.465596,-1.715429,0.363283,-0.020915,0.009613,-0.039177,9.938244
125322578631,-0.066619,-2.382583,0.610566,-0.046248,0.101133,0.024478,9.949300
125422596650,1.160646,-2.853033,0.713117,-0.021230,0.045463,-0.145424,10.005086
125522614670,0.409417,-2.855654,0.284177,0.090473,-0.087301,-0.188732,10.120752
125622632690,-0.376646,-2.169598,0.248186,0.139889,-0.156970,-0.042737,10.300978
125722650709,-0.121961,-2.450238,0.343258,0.033417,-0.079652,-0.126817,10.407206
125822668729,0.028042,-3.176868,1.001809,0.042838,-0.018919,0.071880,10.589249
125922686749,-0.688035,-4.397458,0.693344,0.026200,0.018189,0.017509,10.800188
126022704768,0.408062,-3.352589,-0.114064,-0.087117,0.019965,0.008993,10.926159
126122722788,-0.642694,-3.877697,1.644597,-0.244519,0.134383,0.040297,10.975042
126222740808,-2.303383,-3.353788,1.149090,-0.072022,0.219998,0.172444,11.180506
126322758827,-2.256491,-3.607941,0.297915,0.233435,-0.174614,-0.211389,11.421705
126422776847,2.660070,-2.584041,0.721565,0.227935,-0.225138,-0.171085,11.533527
126522794867,2.454803,-2.254079,0.464686,0.115056,-0.133787,-0.170546,11.738390
126622812886,-1.141891,-2.073625,0.003767,0.089507,-0.062718,0.091759,11.867269
126722830906,-1.060154,-2.418820,-0.542200,-0.034039,0.081034,0.096864,11.908462
126822848926,-0.499837,-2.568894,-0.601055,0.067589,0.084300,-0.061787,12.169242
126922866945,-1.558192,-2.624852,0.283069,-0.022281,0.030835,-0.085603,12.278126
127022884965,-2.125569,-3.715438,0.126395,0.031234,0.025204,-0.029932,12.331688
127122902985,-0.101231,-3.522412,0.717766,-0.035476,-0.206616,-0.052877,12.626017
127222921004,2.485556,-4.054899,0.781929,-0.019360,0.115954,-0.009916,12.936512
127322939024,1.203465,-2.742313,0.724669,-0.098762,0.275285,0.222510,13.113005
127422957044,-0.948057,-1.987350,0.799915,-0.061230,0.136180,0.202806,13.264493
127522975063,-2.707875,-1.060759,0.599323,0.184026,-0.362673,-0.103585,13.352349
127622993083,-0.585021,-2.501048,0.840450,0.099711,-0.141232,-0.033661,13.402283
127723011103,1.240900,-2.443001,1.101038,-0.099906,0.095021,0.131419,13.585188
127823029122,1.706996,-1.770882,1.227285,-0.146537,-0.002896,0.184856,13.543299
127923047142,-0.620168,-1.431961,0.867168,0.064227,-0.124531,-0.042851,13.817228
128023065161,-0.461133,-2.439663,0.708505,0.091813,-0.213905,-0.067791,13.905083
128123083181,2.922157,-3.009524,0.228898,0.177375,-0.169472,-0.200232,14.090093
128223101201,2.276936,-2.632460,0.507607,0.021880,0.063784,0.009573,14.183696
128323119220,1.121646,-2.469375,0.571329,-0.076121,0.144842,0.060824,14.215615
128423137240,-0.420975,-2.928560,1.024198,0.014448,-0.004953,-0.061270,14.355638
128523155260,2.136718,-2.389250,0.453192,-0.056503,-0.039054,0.038899,14.517841
128623173279,2.543986,-2.126896,0.063199,0.067219,-0.079826,-0.040870,14.727418
128723191299,1.970660,-0.820495,-0.426270,-0.069965,0.004660,0.116428,14.836064
128823209319,0.504250,-0.503227,0.446443,0.062397,0.029385,-0.074631,14.958012
128923227338,0.955699,-0.539377,0.442525,0.024637,-0.029803,0.026878,14.987712
129023245358,1.058474,-1.946245,0.353670,-0.014544,-0.069424,0.023258,15.167954
129123263378,0.987559,-2.040385,-0.249754,0.097761,-0.003936,-0.096204,15.291581
129223281397,-1.145081,-1.164911,0.091470,-0.015349,0.090660,0.034621,15.326983
129323299417,-0.494159,-1.769176,0.045889,-0.121046,0.069914,0.257352,15.512429
129423317437,-0.027352,-3.500973,-0.028293,-0.072681,0.145613,0.111638,15.613399
129523335456,-0.702860,-2.825209,0.095947,0.003999,0.095521,0.066240,15.856900
129623353476,-0.890715,-1.656781,-0.205922,0.140168,-0.056261,-0.059623,15.935905
129723371496,1.172087,-1.511762,0.046914,0.044307,-0.222219,-0.087267,15.951300
129823389515,0.937161,-1.463257,0.229217,0.085472,-0.051955,-0.012038,16.055199
129923407535,-0.291612,-1.898940,-0.109588,0.003668,-0.054917,-0.002998,16.126430
130023425555,-0.527404,-3.334814,-0.216955,-0.011530,-0.006556,-0.019913,16.165078
130123443574,-1.195985,-2.603968,0.131474,-0.028646,-0.035911,-0.034957,16.270706
130223461594,-0.859047,-1.607190,1.043377,-0.076083,-0.024120,0.046910,16.311449
130323479614,0.308913,-2.588050,1.272212,-0.064319,0.191534,-0.067176,16.496075
130423497633,-0.145021,-4.656722,-0.439079,0.062541,-0.086470,-0.167906,16.511734
130523515653,-1.253049,-1.358588,0.478086,0.214756,-0.386580,-0.151065,16.634145
130623533673,-1.367875,0.452469,-1.051315,0.282861,-0.418438,-0.341217,16.699712
130723551692,2.457941,-2.156268,-1.206701,0.259399,-0.185699,0.028820,16.811597
130823569712,3.452041,0.194822,-0.670386,-0.144434,0.400388,0.325998,16.831841
130923587732,-4.643466,2.288151,0.381216,-0.427634,0.580796,0.238829,16.983920
131023605751,-2.055816,0.446618,-0.094507,-0.301019,0.313101,0.278451,17.095837
131123623771,4.882134,-2.576189,-0.462339,0.046816,-0.097995,-0.113316,17.114244
131223641791,3.589200,-3.955886,0.259028,0.565375,-0.520535,-0.479584,17.336852
131323659810,-0.948253,-1.222546,0.895613,0.395708,-0.465833,-0.440870,17.359894
131423677830,-8.680077,0.063203,0.665386,-0.155868,0.202358,0.163615,17.326771
131523695850,-4.045712,-0.644456,0.710003,-0.540489,0.600720,0.314920,17.515931
131623713869,5.383838,-3.086688,0.664360,-0.083393,0.114471,-0.007637,17.630427
131723731889,2.765664,-4.502900,0.206772,0.431107,-0.357077,-0.210532,17.644186
131823749908,-0.034366,-0.421904,-0.771289,0.359394,-0.560315,-0.414082,17.695292
131923767928,1.501131,-1.276832,-1.225434,0.241658,-0.230903,-0.199896,17.782313
132023785948,2.552211,-2.227806,-0.239188,0.030572,-0.001401,0.121397,17.776840
132123803967,-0.559219,-3.313945,0.909258,-0.009189,0.159956,0.008767,17.882531
132223821987,-0.891440,-2.034891,1.154988,0.022781,0.036938,-0.053464,17.845885
132323840007,0.150857,1.923149,-0.753647,-0.262675,0.151051,0.231692,17.960874
132423858026,-1.885722,0.099258,-1.451779,-0.135367,0.157083,0.199539,18.122172
132523876046,-0.187315,-2.507476,0.296681,-0.049065,0.032046,0.079250,18.230643
132623894066,-2.569888,-0.831535,0.014475,-0.193782,0.217719,0.109637,18.279956
132723912085,-0.139892,-0.989881,-0.350606,-0.092838,0.161104,0.072485,18.219897
132823930105,1.056874,-3.128969,0.044841,0.031073,-0.029526,-0.127141,18.231014
132923948125,-1.638579,-3.398272,1.231405,0.175384,-0.127126,-0.202523,18.248611
133023966144,-1.537082,-1.709148,0.815439,0.041126,0.037501,-0.043060,18.330665
133123984164,-0.447570,0.529356,-0.396823,-0.118265,0.063595,0.099037,18.417733
133224002184,-0.179953,-1.550689,-0.130904,-0.072676,-0.013436,0.016168,18.474862
133324020203,3.797562,-3.763918,-0.620226,0.195086,-0.132647,-0.222174,18.354010
133424038223,5.157568,-3.370212,-0.055979,-0.307862,0.413952,0.334973,18.522967
133524056243,-0.735641,0.562033,1.308515,-0.522004,0.601584,0.486523,18.645580
133624074262,-3.808320,2.036795,1.533807,-0.152055,0.305513,0.145050,18.605181
133724092282,-0.259242,-3.221978,1.317403,0.377140,-0.504954,-0.282984,18.811953
133824110302,6.410181,-4.581966,0.610043,0.558010,-0.652131,-0.622868,18.839816
133924128321,2.583378,-0.967819,1.170702,0.109193,-0.295100,-0.172998,18.815174
134024146341,-5.673590,2.251563,1.720641,-0.414105,0.442534,0.322053,18.811134
134124164361,-1.978683,-0.913605,-0.766619,-0.572333,0.618151,0.482016,18.906723
134224182380,2.863588,-4.904212,-1.328763,0.182099,-0.406030,-0.199309,19.061410
134324200400,0.198297,-5.907577,0.744195,0.756558,-0.927107,-0.759234,18.981729
134424218420,-12.905198,-0.909332,-0.005546,0.562984,-0.605865,-0.614346,19.111384
134524236439,-9.813965,-1.832184,-1.487081,-0.772826,0.535296,0.667202,19.284880
134624254459,2.399167,-4.014617,-1.601907,-0.605514,0.843572,0.540733,19.529898
134724272479,4.411414,-4.196647,-1.563295,-0.254003,0.427030,0.300925,19.519301
134824290498,-3.682701,-0.557650,-1.310509,0.059425,-0.292856,-0.030874,19.534491
134924308518,-7.191526,0.889491,-1.923766,0.430519,-0.703431,-0.514968,19.625705
135024326538,1.765816,-3.731475,-2.296903,-0.202122,-0.079138,0.111506,19.590641
135124344557,3.695257,-5.194611,-1.387634,-0.520998,0.708712,0.478886,19.747218
135224362577,0.113671,-0.894999,-1.067358,-0.326472,0.537903,0.224442,19.910016
135324380597,-8.295935,3.501912,-1.001335,0.452987,-0.656685,-0.405034,19.943007
135424398616,-5.696124,0.720454,-0.319146,0.463568,-0.684496,-0.440671,19.992129
135524416636,2.731714,-3.218067,0.965438,0.100755,0.069940,-0.024409,20.117769
135624434655,3.764117,-2.116675,1.743546,-0.299145,0.411960,0.243616,20.138642
135724452675,-0.735580,0.053219,1.653339,-0.135521,0.279525,0.070318,20.263222
135824470695,-2.383385,-0.536710,0.809326,0.003875,0.051625,0.015256,20.210781
135924488714,3.259640,-2.206614,-0.130037,0.222824,-0.204511,-0.264065,20.282611
136024506734,2.114601,-3.228366,-0.256621,0.346839,-0.296596,-0.362220,20.357780
136124524754,-0.141908,-1.014469,-0.982056,0.148804,-0.246195,-0.204238,20.198198
136224542773,-2.151853,1.807836,-2.266252,-0.318451,0.399001,0.233947,20.365460
136324560793,-4.113238,2.426229,-1.501048,-0.153014,0.008356,0.098874,20.514163
136424578813,-0.779149,0.573129,-0.067917,0.131047,-0.164183,-0.266395,20.377484
136524596832,1.907598,-1.219169,0.004676,-0.040798,0.084971,0.028330,20.535044
136624614852,1.264437,-1.167319,-0.774721,-0.139738,0.229639,0.124328,20.482642
136724632872,-1.239112,-0.150395,-1.122711,-0.150377,0.148526,0.119149,20.444079
136824650891,-3.015418,0.363223,-0.778905,-0.037369,-0.012419,0.113815,20.541992
136924668911,-2.547027,-0.059927,0.073461,-0.130756,0.249243,0.059912,20.287963
137024686931,0.687162,0.841774,0.172377,-0.161313,0.318602,0.054359,20.187278
137124704950,3.078206,-0.684586,-0.216032,-0.009298,0.037541,0.081389,20.111776
137224722970,1.126339,-1.677414,-0.303499,-0.009332,0.013997,-0.042323,20.198539
137324740990,-0.908834,-3.480062,-0.540946,-0.051526,0.083351,0.107060,19.949216
137424759009,-0.275819,-3.203420,-0.130861,0.038668,0.036818,0.014418,19.904326
137524777029,-1.712737,-1.021409,-0.270835,0.119220,-0.227712,-0.141854,19.817787
137624795049,-3.911148,0.282500,0.312043,0.126044,-0.120208,-0.071909,19.744592
137724813068,-0.266413,-1.110276,0.458354,-0.426492,0.645982,0.476592,19.482891
137824831088,5.021242,-1.858190,0.324851,-0.385978,0.533718,0.385794,19.549648
137924849108,3.033378,-0.503230,-0.098012,0.048947,-0.078326,-0.021805,19.500037
138024867127,-2.967290,3.773099,-0.624126,0.357037,-0.394609,-0.265690,19.388576
138124885147,-3.612853,2.851414,-0.611057,0.058468,-0.134538,-0.039939,19.460857
138224903167,-1.486532,0.074310,-0.526154,-0.362080,0.370674,0.290371,19.282566
138324921186,1.886930,-1.383875,-0.039076,-0.355316,0.421204,0.303252,19.255403
138424939206,1.510024,-1.941533,0.306630,-0.044075,0.156600,0.073157,19.049541
138524957226,-1.653170,0.803759,1.042287,0.252174,-0.096523,-0.199311,19.132524
138624975245,-0.894345,0.819739,1.345618,0.248783,-0.088396,-0.145880,18.968889
138724993265,1.848409,-0.290356,1.582322,0.129230,-0.031777,-0.006129,18.890924
138825011285,-0.025681,-1.211251,0.817384,0.001668,0.050426,0.092648,18.654930
138925029304,0.381440,-0.104927,-0.429751,-0.038904,0.003433,-0.040477,18.591878
139025047324,0.329693,-0.779968,-0.664371,-0.045877,0.077409,0.002701,18.449637
139125065344,-1.117597,-1.114765,0.461512,-0.066187,0.122498,-0.021366,18.480344
139225083363,-0.773814,-1.938612,-0.274541,-0.075957,0.092101,-0.009742,18.326490
139325101383,-0.112354,-5.337411,0.224911,0.052613,0.010688,-0.129816,18.347748
139425119402,1.627745,-3.085049,0.848727,0.270003,-0.307397,-0.187936,18.337903
139525137422,-1.777971,-1.456596,-0.050804,0.276103,-0.274341,-0.299346,18.336606
139625155442,-2.328642,2.680489,-0.979117,0.074376,0.082602,-0.079980,18.212473
139725173461,2.763127,1.334953,-0.231200,-0.441982,0.344704,0.316922,18.158279
139825191481,3.912972,-0.164034,1.095925,-0.256153,0.259275,0.160634,18.132761
139925209501,1.280792,1.334294,1.553532,0.189362,0.096627,-0.091165,18.147259
140025227520,-0.282806,1.082263,0.179546,0.141966,-0.095525,-0.224081,18.181269
140125245540,-0.099115,-1.868302,-0.067818,0.112813,-0.114161,-0.162049,18.094077
140225263560,-0.642043,-2.329569,0.190146,-0.077947,-0.047342,-0.055442,18.086512
140325281579,-3.298023,-1.103350,1.014161,-0.247410,-0.012948,0.117945,18.079908
140425299599,0.016718,-2.032464,0.256034,-0.026822,0.063701,-0.077590,18.101718
140525317619,3.195244,-5.734377,1.249684,0.262274,-0.367646,-0.195725,18.115813
140625335638,6.916122,-6.877746,0.252850,0.694481,-0.975906,-0.661972,17.938084
140725353658,-0.462870,-2.736931,-0.102108,0.507686,-0.588481,-0.500579,18.051184
140825371678,-2.547270,-1.959119,-0.025095,0.287740,-0.109966,-0.056301,18.170498
140925389697,-3.705564,-2.085201,2.379412,0.095087,-0.284031,-0.249110,18.115877
141025407717,-3.180716,-0.799689,-0.687736,0.234169,-0.342622,-0.268745,18.057843
141125425737,3.426559,-4.915606,-1.553154,-0.129635,-0.045949,-0.131766,18.128785
141225443756,5.297968,-3.100321,-0.400804,-0.575448,0.600648,0.419670,18.380363
141325461776,-3.686070,0.047815,0.255442,-0.513357,0.833824,0.638185,18.213511
141425479796,-8.608731,1.243916,-0.054984,0.284364,-0.289766,-0.125195,18.314109
141525497815,3.102573,-2.422909,-0.301120,0.803498,-0.985490,-0.844894,18.310886
141625515835,3.346396,-6.192141,0.401365,0.326591,-0.383731,-0.363353,18.427664
141725533855,-1.487791,-0.386254,-0.309791,-0.628398,0.660358,0.478596,18.323237
141825551874,-6.979610,4.412021,-1.197218,-0.647844,0.562209,0.570439,18.340319
141925569894,-4.906437,0.722851,-0.040382,-0.001145,-0.000320,-0.003298,18.513656
142025587914,3.713182,-3.793602,-0.356894,0.331800,-0.368209,-0.334155,18.301096
142125605933,3.561661,-2.268315,-0.197181,-0.038393,-0.079628,0.078093,18.594573
142225623953,0.128740,-0.198439,0.383143,-0.320118,0.143454,0.364415,18.482355
142325641973,-2.432915,0.043662,-0.442271,-0.109505,0.080180,0.097674,18.533532
142425659992,-2.827531,0.331486,-2.867218,0.088227,0.078006,-0.001358,18.583240
142525678012,-3.870436,1.184064,-2.569798,-0.475842,0.369282,0.533534,18.841480
142625696032,-3.296890,-1.625541,-0.411768,-0.310000,0.301475,0.296607,18.614562
142725714051,1.726060,-3.889680,-0.230960,0.035950,-0.192239,-0.146940,18.566357
142825732071,-0.102165,-2.543321,-1.988741,0.091345,-0.269853,-0.226393,18.548733
142925750091,-4.268890,2.297135,-1.849266,-0.272816,0.407513,0.136304,18.717174
143025768110,-5.424997,4.533763,-0.743398,-0.669330,0.905399,0.980033,18.814610
143125786130,-3.894208,-2.732150,2.109453,-0.704907,1.065423,0.660438,18.947427
143225804149,8.436588,-4.541258,1.145212,0.024609,0.067794,0.286854,19.008077
143325822169,0.011314,-0.510360,-0.540346,0.650967,-0.422588,-0.645241,18.951951
143425840189,-6.438157,3.644965,0.035739,-0.354005,0.361379,0.106927,19.041153
143525858208,-4.762123,4.496066,0.566649,-0.708855,0.972441,0.706188,18.841246
143625876228,3.403022,-3.114982,-0.157370,-0.308835,0.529474,0.159278,19.178323
143725894248,5.375687,-4.403021,0.180079,0.364061,-0.498220,-0.402389,19.093678
143825912267,0.489838,-0.216965,0.157174,0.329532,-0.374830,-0.289217,18.926395
143925930287,-2.439860,1.293675,0.097629,0.004140,-0.094029,0.034626,18.889166
144025948307,-1.483692,-0.946498,-0.270046,-0.186769,0.221248,0.178598,18.958495
144125966326,-0.196961,-1.180721,-0.185087,-0.217048,0.288559,0.173807,19.149322
144225984346,-2.468415,-0.754596,-0.690626,-0.193482,0.054597,0.120036,19.107531
144326002366,-1.769788,-2.129504,-0.638247,0.091776,-0.051977,-0.086308,19.259068
144426020385,-1.725933,-1.990472,-0.525451,0.034047,-0.051542,-0.095310,19.135190
144526038405,-0.750131,-1.465435,0.057089,0.032945,0.086501,-0.057098,19.159720
144626056425,0.047877,-1.572560,0.329216,-0.011023,0.024050,0.041512,19.209045
144726074444,0.389730,-0.745436,-0.393876,0.042711,0.039666,-0.061537,19.165466
144826092464,0.503795,-0.422977,-0.909320,0.025185,0.060965,0.050351,19.228090
144926110484,0.405424,-2.418574,-0.574741,-0.132297,0.163894,0.143558,19.512254
145026128503,1.192159,-2.999282,-0.251229,-0.187398,0.312492,0.155169,19.430728
145126146523,-0.494461,-0.919494,0.228595,0.069597,-0.004349,-0.109233,19.379073
145226164543,-2.043865,0.086985,-0.104969,0.259652,-0.276561,-0.270157,19.454640
145326182562,0.259073,-1.655813,-0.022249,0.033335,-0.187587,-0.094422,19.472201
145426200582,2.234840,-2.248344,0.050931,-0.110777,0.164969,0.072248,19.557841
145526218602,-1.156257,0.894022,0.188586,-0.324170,0.307208,0.277714,19.600316
145626236621,-2.278692,0.527539,-0.074910,-0.209109,0.319484,0.227277,19.645245
145726254641,2.301551,-1.778388,-0.145205,0.232933,-0.274756,-0.213978,19.635511
145826272661,5.486368,-3.919234,0.514895,0.394554,-0.475191,-0.337551,19.666647
145926290680,-0.040919,-1.691450,0.291920,0.238085,-0.204912,-0.211363,19.770010
146026308700,-3.769499,0.154226,-0.480152,-0.306319,0.353103,0.291824,19.840289
146126326720,2.546767,-3.753415,-0.451579,-0.277950,0.563573,0.247441,19.861059
146226344739,2.023371,-2.993164,-0.314618,0.060844,0.040218,-0.065968,19.838864
146326362759,-1.710521,-1.405372,-1.155471,0.335920,-0.548941,-0.307516,19.947408
146426380779,-5.736894,0.399842,-2.793583,0.207792,-0.360177,-0.296128,20.044588
146526398798,-2.649114,-2.920870,-1.765043,-0.372162,0.108379,0.345991,20.124465
146626416818,-0.431240,-3.988302,0.180340,-0.109463,0.252098,0.069814,20.078863
146726434838,-0.327720,-2.915110,0.533895,0.000573,0.032202,0.062245,20.121791
146826452857,-3.447740,-0.257816,-0.759691,0.076052,-0.173651,-0.090564,20.236837
146926470877,-1.172944,-0.298318,-0.780662,0.091189,-0.180986,-0.158604,20.265768
147026488896,4.018334,-3.117894,-1.316809,-0.088559,-0.027079,-0.049635,20.349677
147126506916,3.194993,-3.388567,-1.079849,-0.251407,0.286303,0.215671,20.377168
147226524936,-0.654720,-1.980135,-0.586514,-0.129376,0.220239,0.143050,20.313776
147326542955,-1.396855,-0.799755,-0.782883,0.216350,-0.152572,-0.183570,20.359118
147426560975,1.278213,-1.394617,0.565757,0.075071,-0.179148,-0.078413,20.508151
147526578995,3.573998,-0.826181,0.850572,-0.015739,0.178298,0.086037,20.501829
147626597014,1.918036,-0.997410,-0.247954,-0.122970,0.181207,-0.017068,20.446115
147726615034,-1.201420,-0.080858,-1.425078,0.052307,0.097961,-0.125076,20.320195
147826633054,1.476325,1.120081,0.888423,0.117485,-0.104142,-0.022155,20.269658
147926651073,1.661616,1.184112,1.107688,0.150212,-0.082147,-0.164939,20.208032
148026669093,2.708412,-0.844659,0.549638,0.256093,-0.195944,-0.070630,20.371486
148126687113,-0.168480,-0.846976,-1.703448,0.275184,-0.198291,-0.358296,20.562040
148226705132,-1.155757,-0.907390,-2.219733,0.073287,0.035268,0.032704,20.821167
148326723152,-1.423877,-0.408811,-1.644806,-0.256522,0.141992,0.215258,21.084921
148426741172,0.853678,-2.632589,-0.064426,0.047751,0.096176,0.041392,20.933889
148526759191,2.277733,-3.793034,0.578585,0.209438,-0.254017,-0.133358,20.870782
148626777211,1.212058,-1.594225,0.290864,0.124418,-0.213601,-0.112326,20.822570
148726795231,-0.743203,0.721050,-0.168104,-0.048531,-0.034663,-0.033555,21.144299
148826813250,1.141937,-3.392401,-0.913605,-0.108640,0.245040,0.135031,21.041812
148926831270,0.401849,-4.104888,-1.098190,-0.004407,0.113495,0.061680,20.943533
149026849290,2.935698,-5.204889,-0.888420,0.072592,-0.312132,-0.112277,21.032780
149126867309,2.007149,-1.417699,-2.136416,0.154147,-0.165811,-0.435987,21.007768
149226885329,0.294176,-0.877250,-1.618369,-0.204866,-0.011542,0.029249,21.184758
149326903349,0.713169,1.602633,-0.491615,-0.009302,0.039139,0.040754,21.314940
149426921368,1.414212,0.739349,-0.246862,-0.063719,-0.004273,-0.045290,21.194882
149526939388,1.034128,-0.460767,-0.146877,-0.045761,0.167326,0.112863,21.182332
149626957408,2.251700,-2.064288,0.447755,-0.055906,0.078268,0.080895,21.088624
149726975427,3.031727,-1.660181,0.576731,0.088784,-0.063822,-0.043450,21.208229
149826993447,2.080441,-0.459544,-0.128006,0.152496,-0.183451,-0.128433,21.232196
149927011467,-0.512115,-0.545541,-1.373885,0.051073,-0.174740,0.088532,21.114264
150027029486,-0.368883,-2.579534,-1.642425,-0.154145,0.039718,0.274239,21.107330
150127047506,-0.255388,-4.207741,-0.515492,0.121686,0.237326,-0.051779,21.188925
150227065526,2.209808,-4.193246,0.157137,0.305607,-0.101118,-0.106366,21.190528
150327083545,1.279401,-1.250888,-1.247386,0.129946,-0.260618,-0.079141,21.160550
150427101565,1.278387,-1.866164,-1.788331,0.010035,-0.080569,0.074766,21.209668
150527119585,2.233958,-2.605141,-1.878824,-0.123918,0.044993,0.120574,21.193051
150627137604,2.307990,-3.285371,-0.823170,-0.031840,0.173498,0.142038,21.261716
150727155624,1.400328,-2.835923,0.275450,0.016875,-0.072230,0.021200,21.301270
150827173643,1.444624,-1.117562,1.048790,-0.002256,0.018780,0.049754,21.216609
150927191663,0.349532,0.005640,0.715182,-0.109475,0.058949,0.069243,21.373003
151027209683,0.455571,-1.031563,1.135660,-0.055104,0.131858,0.092144,21.498923
151127227702,2.079432,-1.387702,0.800795,-0.101795,-0.056453,0.038945,21.294530
151227245722,1.979748,-1.833347,0.429334,-0.059980,-0.146923,0.073070,21.346943
151327263742,0.961574,-0.693312,0.514284,-0.092363,-0.012108,0.038297,21.376100
151427281761,1.289782,0.689377,0.499509,0.008196,0.087602,0.019693,21.331286
151527299781,2.657228,0.042249,0.636529,-0.064635,-0.011277,0.062788,21.488205
151627317801,3.230764,-1.193575,0.413585,-0.052596,0.018360,0.175187,21.399699
151727335820,4.308329,-0.811881,0.198529,-0.190996,0.177916,0.217104,21.364982
151827353840,2.272427,1.141545,0.865846,0.034227,0.156141,-0.063294,21.320247
151927371860,1.201436,0.519726,1.861482,0.066003,-0.019581,-0.006535,21.187679
152027389879,3.055252,-0.379806,2.634706,0.123652,-0.235383,-0.119764,21.246401
152127407899,6.004643,-2.104592,1.302110,0.222165,-0.089107,-0.081246,21.305573
152227425919,2.729505,-1.653909,0.103386,-0.162697,0.182789,0.221023,21.191380
152327443938,-1.041826,-0.822994,-1.226399,-0.252198,0.291923,0.175592,21.192205
152427461958,0.636757,-2.179075,-1.230145,-0.091428,-0.078086,0.047661,21.186888
152527479978,3.420380,-2.648446,-0.642979,0.316188,-0.326497,-0.341112,21.109700
152627497997,4.684848,-3.748282,-0.088107,0.195681,-0.277834,-0.220727,21.049319
152727516017,1.107043,-2.509471,-0.025540,-0.082674,0.013605,0.080961,21.050806
152827534037,-0.666485,-1.713135,-0.120568,-0.097734,0.149371,0.111228,21.010651
152927552056,0.429470,-2.292667,-0.660821,0.225184,-0.134884,-0.083641,21.028876
153027570076,3.822549,-4.234022,-0.294418,0.277196,-0.346260,-0.138342,20.914360
153127588096,3.361163,-4.074317,0.018958,0.168777,-0.278411,-0.068906,20.861370
153227606115,-0.543701,-2.853976,0.122915,-0.007121,0.126118,0.052633,20.831255
153327624135,-0.977542,-1.526351,-1.378079,-0.174232,0.143299,0.275650,20.781614
153427642155,2.306141,-3.076153,-1.141626,0.141799,0.003591,0.059772,20.806786
153527660174,5.241733,-3.323058,-0.202606,0.328474,-0.359340,-0.139379,20.756874
153627678194,2.812125,-0.647364,0.592756,0.235235,-0.268922,-0.028191,20.775250
153727696214,0.719694,0.384929,0.785592,-0.184136,0.383472,0.240118,20.758731
153827714233,1.297384,-1.735882,0.337021,-0.236836,0.280808,0.231368,20.696058
153927732253,5.387134,-4.158462,0.138237,0.053184,0.065289,0.022526,20.663446
154027750273,5.179677,-2.333165,-1.099706,0.245723,-0.203116,-0.229602,20.559983
154127768292,0.720486,-1.394098,-2.207343,0.225250,-0.233212,-0.172249,20.530598
154227786312,0.330773,-1.101586,-1.511717,-0.027757,0.051300,0.056617,20.442732
154327804331,2.682601,-3.011351,0.083660,-0.335619,0.225520,0.297098,20.427790
154427822351,3.727821,-3.738788,1.447700,-0.142779,0.156518,0.130857,20.365226
154527840371,0.689306,-2.105788,0.475279,0.325842,-0.291246,-0.253810,20.336121
154627858390,-0.992988,-1.030828,-0.525100,0.277361,-0.286764,-0.201970,20.322723
154727876410,0.066476,-1.882105,-0.743377,-0.058027,-0.069790,0.049016,20.249391
154827894430,3.517246,-4.548252,-0.389733,-0.124097,0.118974,0.102300,20.220860
154927912449,3.444627,-3.319760,0.177339,-0.038626,-0.048632,-0.016390,20.195415
155027930469,1.275264,-2.217480,1.079857,0.103848,-0.021821,-0.165071,20.159056
155127948489,1.172735,-2.521034,1.325736,0.042628,-0.049836,-0.037306,20.215801
155227966508,3.503998,-1.769915,0.222300,-0.024490,-0.083924,-0.016793,20.221681
155327984528,4.106116,-4.080967,-0.238783,-0.101237,0.143521,0.141224,20.243942
155428002548,2.581887,-2.751280,0.361960,0.017755,-0.054461,-0.003447,20.233998
155528020567,0.738625,-0.557159,0.528821,0.302534,-0.308652,-0.239373,20.193525
155628038587,-0.167127,-0.083800,0.791591,0.150753,-0.161510,-0.172657,20.228727
155728056607,2.390363,-2.770468,0.739839,-0.237942,0.327544,0.250962,20.207310
155828074626,2.926618,-3.737159,0.335241,-0.169926,0.208764,0.213750,20.243715
155928092646,0.314941,-1.336818,0.622368,0.001568,0.039595,0.046824,20.260227
156028110666,-1.760494,1.912874,0.957536,0.221859,-0.162354,-0.156035,20.229857
156128128685,-1.183728,0.269880,0.588328,0.073083,-0.186886,-0.088836,20.212561
156228146705,1.389837,-1.535293,0.100145,-0.225274,0.303156,0.210414,20.243915
156328164725,3.145316,-3.348281,1.108664,-0.149822,0.215603,0.134512,20.286231
156428182744,0.136646,-1.637184,1.279358,0.182810,0.030780,-0.088562,20.294168
156528200764,-4.442684,-0.405034,0.476825,0.290115,-0.375871,-0.290659,20.362214
156628218784,-4.383298,1.062323,0.035583,-0.151903,0.316471,0.107334,20.303221
156728236803,-0.437833,-0.970173,0.285015,-0.344665,0.368245,0.369298,20.443684
156828254823,3.665020,-3.619395,0.315011,-0.036323,0.045606,-0.064894,20.489832
156928272843,1.800565,-3.173637,0.873935,0.317052,-0.296766,-0.334065,20.464622
157028290862,1.338538,-1.000098,0.250785,0.097397,-0.172647,-0.047050,20.473331
157128308882,2.399164,-3.606361,-0.780959,-0.185527,0.239020,0.157506,20.574266
157228326902,3.499458,-4.080604,-1.193472,-0.168787,0.398754,0.134452,20.616839
157328344921,2.779272,-2.329329,-0.947731,0.017305,-0.197340,-0.160859,20.622055
157428362941,0.231279,-0.489692,-0.906702,0.009392,-0.192209,-0.061619,20.681224
157528380961,0.287887,-1.992297,-0.210324,0.086975,-0.073452,-0.123846,20.702621
157628398980,0.896255,-3.050370,0.035715,0.037472,-0.003960,-0.044892,20.729724
157728417000,0.135133,-2.122191,0.059364,-0.153273,0.301736,0.119453,20.786651
157828435020,-3.253612,-1.163386,0.278863,-0.216029,0.194933,0.207365,20.864844
157928453039,-2.260101,-1.212623,-0.040083,0.150752,-0.145312,-0.089664,20.934322
158028471059,0.536157,-1.837810,-0.570674,0.282507,-0.306362,-0.229822,20.982985
158128489078,2.757158,-3.386125,-0.375394,-0.230496,0.059964,0.202036,20.930288
158228507098,2.132358,-2.207190,0.671338,-0.291576,0.232870,0.210085,20.988578
158328525118,-0.808672,0.330667,1.320697,-0.153231,0.343678,0.212273,21.092503
158428543137,-1.998356,0.516348,0.578666,0.115571,0.036776,-0.087083,21.144370
158528561157,1.405247,-1.581125,0.119201,0.262663,-0.342103,-0.231474,21.153921
158628579177,5.025022,-2.615931,-0.127020,0.063886,-0.154955,-0.013884,21.231515
158728597196,2.691294,-0.816217,0.616638,-0.052083,-0.046699,0.127074,21.295000
158828615216,2.107740,0.106841,1.521609,-0.068610,0.116077,0.155001,21.306446
158928633236,3.217586,-0.947619,2.178724,-0.107690,0.008375,0.176546,21.325535
159028651255,3.768509,-1.982490,2.143679,0.153930,-0.060253,-0.100275,21.367842
159128669275,0.805282,-1.056702,2.213698,0.229792,-0.189823,-0.188913,21.528520
159228687295,-0.718367,-0.047803,0.779108,0.021048,-0.149229,0.027033,21.503903
159328705314,0.698470,-0.727291,0.641086,-0.205927,0.252063,0.227037,21.462773
159428723334,2.137349,-0.279599,0.453838,-0.180538,0.038189,0.123895,21.487846
159528741354,1.289594,-1.370349,-0.581583,0.010417,-0.118982,-0.001829,21.611872
159628759373,-1.815749,-1.464465,-0.264609,0.065017,-0.104898,-0.213113,21.731679
159728777393,-2.180612,0.077577,1.004589,-0.072485,0.127388,0.086143,21.712055
159828795413,-0.340415,0.680485,2.545076,0.026893,0.324206,0.096755,21.777167
159928813432,1.025016,-1.321025,2.344866,-0.091036,0.041240,0.090828,21.806558
160028831452,-0.016455,-0.705589,1.632348,0.038119,0.035839,-0.062013,21.842424
160128849472,-0.274146,-1.181329,0.522573,0.069012,-0.035329,-0.041751,21.922213
160228867491,0.520717,-1.620667,-0.268522,0.009630,-0.174203,-0.118525,21.899407
160328885511,1.392915,-2.714125,-1.600238,0.063136,0.088098,0.123664,21.992757
160428903531,1.440207,-2.786492,-2.095540,-0.004384,0.319192,0.124853,21.935460
160528921550,-1.466854,-2.017626,-0.044950,-0.048026,0.166024,0.014399,22.023787
160628939570,-2.733960,-1.152352,0.577318,0.030163,-0.191882,-0.024809,22.137555
160728957590,-2.402522,-0.294682,0.404794,0.044439,-0.235437,-0.265320,22.158885
160828975609,0.687573,-3.259797,-0.954713,-0.267870,0.198252,0.175582,22.153518
160928993629,2.110155,-3.298227,-0.685557,-0.153502,0.345763,0.261153,22.222345
161029011649,-0.017313,-1.038243,0.288273,-0.040142,0.132048,-0.033206,22.257239
161129029668,-0.616998,-0.717179,0.318914,-0.001595,0.115803,0.130943,22.288477
161229047688,2.207166,-0.029514,0.538925,-0.010535,0.023152,0.131653,22.310500
161329065708,2.284544,-1.725004,-0.710620,-0.033587,0.031107,-0.036068,22.408818
161429083727,0.225345,0.445536,-0.940289,-0.102044,-0.029627,0.180414,22.470176
161529101747,-0.356824,0.764262,0.071306,-0.188847,-0.049772,-0.049371,22.471669
161629119767,-0.038293,-0.934811,2.082273,-0.008969,-0.017120,-0.097964,22.467112
161729137786,1.900860,-1.697738,2.265593,0.194667,-0.164030,-0.065970,22.515176
161829155806,2.231333,-1.897837,0.531990,0.248341,-0.178965,-0.288532,22.512763
161929173825,-1.476687,-0.226861,-0.787405,0.028649,0.019633,0.060863,22.404126
162029191845,-1.205993,0.032750,-0.596736,-0.102047,0.286139,0.167593,22.424402
162129209865,0.577144,-0.488561,-0.456663,-0.091215,0.172499,-0.001414,22.370754
162229227884,-1.818063,-1.501978,-0.248282,0.020891,-0.082089,0.102869,22.448539
162329245904,-3.367244,-1.511837,-1.280463,0.040578,-0.218792,-0.262659,22.434764
162429263924,-1.241596,-2.186472,-1.653528,-0.246716,-0.005033,0.117991,22.431054
162529281943,1.813102,-1.492362,-0.889320,-0.197494,0.342311,0.288339,22.407845
162629299963,0.617985,0.967053,-0.173377,-0.333814,0.330696,0.206176,22.272839
162729317983,-2.102209,0.337544,0.896890,-0.017674,0.035019,0.328988,22.398597
162829336002,-0.289872,0.052756,0.762451,0.260687,-0.302202,-0.144688,22.377986
162929354022,3.587325,-1.746720,-0.718970,0.064099,-0.076000,-0.179951,22.278468
163029372042,3.577192,-4.263640,-1.564118,-0.123902,0.192210,0.065074,22.404843
163129390061,0.905609,-3.008440,-1.399119,-0.067514,0.187308,0.089096,22.436069
163229408081,0.119084,-0.495096,-0.708369,0.213386,-0.209464,-0.163433,22.590420
163329426101,2.718652,-2.824060,-0.332762,0.213879,-0.299142,-0.221279,22.422195
163429444120,2.480990,-2.811480,-0.255637,0.012668,-0.024321,0.041084,22.498284
163529462140,-0.457636,-1.077411,-0.742136,-0.185682,0.281587,0.140340,22.350097
163629480160,-2.241458,0.875651,-2.013737,-0.129632,0.087286,0.135346,22.206728
163729498179,-1.237075,-0.506574,-1.348799,0.233975,-0.170165,-0.167196,22.264394
163829516199,1.956102,-1.821877,0.032112,0.306149,-0.282884,-0.252435,22.212798
163929534219,0.684519,-0.606784,0.309196,0.076482,-0.063149,0.016948,22.325665
164029552238,-2.151765,-0.193656,0.479806,-0.181035,0.216562,0.136941,22.346022
164129570258,-0.757766,-1.021678,0.274246,-0.174085,0.212069,0.152383,22.329782
164229588278,2.876497,-2.645508,0.396981,0.029894,0.071401,-0.053995,22.318192
164329606297,2.658581,-1.520820,0.502203,0.111166,-0.069246,-0.170457,22.301224
164429624317,1.223260,-1.167898,0.221361,-0.053213,-0.001133,0.049663,22.229884
164529642337,-2.688235,-0.055747,0.082995,-0.253365,0.347918,0.241952,22.149730
164629660356,-3.812556,0.840874,-0.493788,-0.307534,0.280909,0.307766,22.199360
164729678376,-0.903005,-1.399263,-0.786182,-0.000846,-0.138446,-0.079030,22.175724
164829696396,0.991860,-3.743138,-0.689485,0.274991,-0.395991,-0.300823,22.076241
164929714415,-0.614354,-3.641288,-0.418769,0.197872,-0.044985,-0.215291,22.083583
165029732435,-3.816423,-0.212430,-1.558155,-0.110934,0.220434,0.076256,22.097732
165129750455,-2.452823,-0.262285,-2.324239,-0.287964,0.153258,0.303181,22.044625
165229768474,0.487876,-2.638831,-1.735134,0.097897,-0.032297,-0.064601,21.991574
165329786494,1.142692,-1.705125,-0.431029,0.136114,-0.265696,-0.051753,21.981643
165429804514,-1.225609,-0.720356,-0.350772,0.199833,-0.214582,-0.162655,21.968379
165529822533,-0.099441,0.292639,0.270067,0.007963,-0.066466,-0.062973,21.966749
165629840553,2.951374,-0.974470,1.128882,-0.205992,0.187684,0.216330,21.963716
165729858572,3.327874,-1.333462,1.195536,-0.135430,0.205961,0.195965,21.952062
165829876592,0.626407,0.024784,1.360589,0.082882,0.111205,-0.075576,21.975257
165929894612,0.249917,0.254402,0.909634,0.163483,-0.100157,-0.044921,21.895516
166029912631,3.344354,-0.117170,0.816894,0.137109,-0.093524,-0.183589,21.885222
166129930651,4.035977,-2.181176,0.488119,-0.085101,0.037726,-0.131140,21.935654
166229948671,1.475902,-3.996244,-0.630131,0.194299,0.022286,-0.183049,21.929755
166329966690,0.559034,-1.121787,-0.265262,0.238885,-0.261027,-0.120975,21.907475
166429984710,-2.766508,1.277324,-1.238185,0.140680,-0.317634,-0.105555,21.968662
166530002730,-0.936505,0.160900,-0.257161,-0.185268,0.081543,0.172988,22.000307
166630020749,2.605849,-1.434185,1.264323,-0.143524,0.263233,0.167056,22.028779
166730038769,4.026479,-1.441579,1.867034,-0.007436,-0.110842,0.100221,22.030636
166830056789,1.590064,-0.634001,2.164568,0.154775,-0.110636,-0.183979,22.030677
166930074808,-0.634246,0.425824,1.928742,-0.064180,-0.052018,0.002347,22.040881
167030092828,-0.939355,-0.089133,1.056904,-0.104658,0.228848,0.093988,22.051945
167130110848,0.466458,-1.228595,0.278425,0.001971,0.189915,0.036967,22.070135
167230128867,3.531856,-2.440311,-1.099133,0.063312,-0.005581,0.125117,22.028558
167330146887,2.501827,-2.111699,-0.153542,-0.014551,0.028934,0.102575,22.064187
167430164907,0.809367,-0.902672,0.756026,-0.117376,0.198257,0.135091,22.094418
167530182926,0.818612,0.995339,0.293006,-0.008379,0.158222,0.096786,22.105473
167630200946,1.492761,0.429747,-0.543769,0.030455,-0.041048,-0.080656,22.053661
167730218966,1.953985,-1.343528,-0.646727,0.073240,-0.139812,-0.129488,22.102615
167830236985,2.455330,-1.611965,-0.473619,0.022365,-0.085451,0.004125,22.057987
167930255005,0.437543,-0.457725,0.009901,-0.070259,0.129993,0.080090,22.100127
168030273025,-0.451329,-1.316399,-0.357514,-0.044488,0.140069,0.154832,22.119513
168130291044,0.585549,-2.342681,-1.360090,-0.058463,0.308888,0.119015,22.143339
168230309064,3.310274,-1.680267,-0.993716,-0.046636,0.202394,0.012088,22.158056
168330327084,2.775234,-1.305584,-1.007243,-0.052365,-0.212203,0.032933,22.104393
168430345103,1.732688,-1.543294,-1.004607,-0.112863,-0.053492,0.062850,21.916459
168530363123,0.683696,-0.929912,-1.290880,-0.155880,0.373836,0.078668,21.809046
168630381143,-1.745396,-0.979951,-0.117811,-0.146712,0.137713,0.138341,21.933437
168730399162,0.980480,-1.507459,0.285908,-0.026961,-0.166240,-0.069531,22.000945
168830417182,2.962305,-2.668675,0.222535,0.127279,-0.241942,-0.137738,22.002195
168930435202,2.336551,-1.662250,-0.531296,0.019765,-0.035716,-0.020600,22.033104
169030453221,-0.691104,0.044007,-0.860274,-0.237461,0.260659,0.175491,22.037262
169130471241,-0.762005,-0.475098,-0.685013,-0.165046,0.134468,0.213351,21.926992
169230489261,2.604219,-2.206327,-0.772485,0.124338,-0.238100,-0.155761,21.877708
169330507280,3.993481,-1.767201,0.104970,0.257979,-0.313876,-0.374074,21.917199
169430525300,1.567062,-1.593487,0.723894,0.116492,-0.185390,-0.138786,21.892880
169530543319,-0.124905,-0.159152,0.782855,-0.040910,0.163948,0.119124,21.858446
169630561339,2.001484,-1.319744,0.224163,-0.073817,0.286107,0.138371,21.781943
169730579359,2.310998,-2.019580,-0.192226,-0.066489,-0.005969,0.143142,21.735119
169830597378,0.388129,-0.866094,-1.157183,0.044014,-0.177966,0.023625,21.682231
169930615398,-1.358549,-0.317709,-1.830176,0.072840,-0.083223,-0.175822,21.683525
170030633418,-0.737583,0.068929,-1.001185,-0.063488,0.024751,0.050795,21.609390
170130651437,0.544309,0.220221,0.949937,0.070221,-0.116730,-0.067345,21.518031
170230669457,1.576299,-1.181933,0.938790,-0.045958,-0.021883,0.055309,21.565872
170330687477,0.967163,-1.068859,-0.103665,-0.088288,-0.005725,-0.014446,21.598309
170430705496,1.077636,-1.100323,-0.600005,-0.087583,-0.072756,0.029022,21.546577
170530723516,2.067315,-2.628225,-0.325394,0.070171,-0.001905,-0.068919,21.520362
170630741536,2.952965,-1.886066,0.457729,-0.121629,0.005776,0.027567,21.508888
170730759555,1.558747,0.336971,0.754101,-0.121142,0.167275,0.377768,21.417902
170830777575,-0.860748,2.038293,-0.793647,0.062811,-0.195080,0.010763,21.449766
170930795595,-0.450372,0.549368,-0.808504,0.323959,-0.394076,-0.408273,21.461928
171030813614,1.541174,-0.142373,0.179930,0.175720,-0.302872,-0.087521,21.449750
171130831634,-2.976428,3.227870,0.187983,-0.320204,0.000142,-0.005769,21.379181
171230849654,-2.303218,-0.381410,-2.323269,-0.496577,0.191343,0.301326,21.340343
171330867673,-0.951040,-2.406724,-1.584427,-0.133024,0.196367,0.217861,21.335060
171430885693,3.533317,-3.282355,-0.239854,0.264046,-0.021489,-0.209948,21.378674
171530903713,1.603318,-1.814189,-0.357344,0.255284,-0.273841,-0.172335,21.344088
171630921732,-1.914829,1.005371,-1.059726,0.025365,0.029618,-0.054930,21.206848
171730939752,0.334001,0.187334,-0.793618,-0.217262,0.109144,0.156885,21.228115
171830957772,1.988643,-1.668004,0.824758,-0.158108,0.191675,0.114859,21.159094
171930975791,0.892701,-0.190799,1.364676,-0.024958,0.083856,0.028245,21.139452
172030993811,-0.331062,2.605290,0.464041,0.107854,-0.240152,-0.205136,21.076907
172131011831,0.086403,1.015530,0.315363,0.178329,-0.461514,-0.268935,21.025120
172231029850,4.431558,-2.060820,-0.263093,0.075893,-0.138986,-0.229350,20.969825
172331047870,4.795639,-1.533402,-0.085440,-0.201573,0.269835,0.159584,20.971371
172431065890,0.364801,0.862793,-0.390883,-0.196497,0.258628,0.215260,20.839406
172531083909,-1.998772,1.648533,-0.564525,0.179810,-0.108869,-0.128331,20.769149
172631101929,0.950593,-0.560100,-0.354539,0.256168,-0.289367,-0.153873,20.793649
172731119949,1.915379,-0.956228,-0.502333,0.119315,-0.154662,-0.028273,20.763661
172831137968,0.237114,2.458180,-1.531603,-0.122138,0.290114,0.051317,20.685589
172931155988,-1.868387,3.572034,-1.734837,-0.412231,0.352444,0.465224,20.582346
173031174008,-0.549776,1.691769,-0.662303,-0.215778,0.213049,0.284726,20.514780
173131192027,2.571497,1.526065,-0.143926,0.040249,-0.058010,-0.375241,20.489379
173231210047,1.629797,0.958078,-0.914611,0.047510,-0.047067,-0.174232,20.383029
173331228066,2.348280,0.939730,-0.762489,0.145689,-0.030943,0.005254,20.212369
173431246086,3.173322,0.931379,-1.065062,0.109889,-0.232088,-0.067101,20.091064
173531264106,0.468620,1.686227,-2.172953,0.000732,-0.192120,-0.230408,19.902629
173631282125,-0.315291,2.721373,-0.041424,-0.140312,0.120795,0.080019,19.609731
173731300145,1.571197,0.344695,1.986472,-0.106327,0.287226,0.163832,19.322047
173831318165,1.589840,1.787416,2.283276,-0.144726,0.252241,0.072463,18.964064
173931336184,0.706885,2.439240,1.448806,0.159160,0.040324,0.029525,18.681165
174031354204,0.868953,1.856081,0.210469,0.169399,-0.196388,-0.128757,18.436033
174131372224,3.310610,0.617746,-0.200513,-0.112427,0.128894,0.040962,18.166341
174231390243,4.696903,0.329542,-0.333399,-0.283448,0.202435,0.286343,17.865707
174331408263,-1.015126,3.791179,0.121674,-0.362019,0.279158,0.143157,17.590127
174431426283,0.533935,1.453086,-0.693164,-0.037665,0.043259,-0.059331,17.385013
174531444302,4.327068,-0.034867,-0.458404,0.165689,-0.073867,-0.211828,17.225173
174631462322,6.728917,-0.111845,0.223127,0.176571,-0.266855,-0.211111,17.129221
174731480342,2.706177,1.402417,0.742585,-0.093611,0.139014,0.111786,16.880110
174831498361,-0.011741,3.103997,0.607531,-0.204640,0.482367,0.246503,16.701021
174931516381,1.915169,2.105570,0.406631,-0.155128,0.210713,0.109829,16.465872
175031534401,5.214534,-0.050381,0.383497,0.086326,-0.239475,-0.143616,16.203907
175131552420,3.754057,-0.790918,0.000598,0.173919,-0.224049,-0.315148,16.007351
175231570440,-0.572338,0.439060,0.047184,-0.117088,0.113483,0.008005,15.704964
175331588460,-1.029686,1.729814,0.024169,-0.225090,0.286435,0.225724,15.443470
175431606479,1.150681,-0.411344,0.474957,-0.156845,0.117362,0.188691,15.176906
175531624499,4.393864,-2.106591,0.443720,0.114827,-0.095544,-0.014393,14.891095
175631642519,1.990020,-1.808511,0.231227,0.091679,-0.075889,-0.006630,14.642078
175731660538,-0.478108,-0.596011,0.079699,-0.043264,0.135438,0.118381,14.411311
175831678558,-0.229836,-1.230718,0.545697,-0.230609,0.328353,0.284029,14.167275
175931696578,4.803490,-3.351737,0.644124,-0.122084,0.143013,0.151837,13.931864
176031714597,4.827796,-3.238267,0.879321,0.426099,-0.463570,-0.355579,13.733752
176131732617,1.111751,-0.004579,0.925587,0.257648,-0.463910,-0.248294,13.562552
176231750637,-2.287366,2.881086,0.078120,-0.089498,0.022598,0.089595,13.469360
176331768656,1.059343,0.430403,-0.354445,-0.260433,0.296829,0.232030,13.343575
176431786676,3.612948,-0.830108,0.365258,-0.043428,0.064072,0.091091,13.174527
176531804696,0.286978,-0.269489,0.465773,0.127193,-0.056810,-0.072616,13.075973
176631822715,-0.120024,-0.181705,0.430983,0.080255,-0.053196,-0.020324,13.034464
176731840735,1.447798,-1.004130,1.105727,0.093164,-0.043110,-0.107452,12.909580
176831858755,1.305770,-0.870422,0.510428,0.159850,-0.149264,-0.157278,12.824914
176931876774,-0.524281,0.993683,-0.199587,-0.040682,0.063261,0.059409,12.750171
177031894794,-0.032490,0.862658,-0.194316,-0.238167,0.240957,0.185690,12.582299
177131912813,2.084748,-1.971338,-0.454964,-0.176905,0.027436,0.068412,12.567365
177231930833,1.434656,-1.812035,-0.569965,0.055355,-0.151680,-0.102790,12.488299
177331948853,0.450646,-1.337325,-0.330599,0.053872,-0.024564,-0.014186,12.343188
177431966872,0.369223,-0.044640,-0.024256,-0.012733,0.035657,-0.027678,12.219356
177531984892,0.738090,-0.090225,0.126823,-0.035030,0.029506,0.130116,12.207617
177632002912,1.025759,-0.458215,-0.224612,-0.083835,0.034844,0.083516,12.201371
177732020931,0.275902,-0.611949,-0.024804,-0.128948,0.079844,0.040831,12.018513
177832038951,1.605641,-0.519914,-0.221010,-0.054857,0.032474,0.086732,11.933576
177932056971,2.219376,-0.423760,-0.354861,-0.011479,0.005594,0.045005,11.801422
178032074990,2.357574,0.407763,-0.689055,-0.011639,-0.044748,0.034768,11.812243
178132093010,1.219528,0.335663,-0.263098,0.005891,-0.009128,-0.061927,11.863119
178232111030,0.222987,-1.828282,0.463580,-0.111624,0.196750,0.087134,11.736188
178332129049,-0.142038,-2.052915,0.108925,-0.167350,0.311083,0.151442,11.637055
178432147069,-1.677905,-0.690887,-0.073559,0.032656,0.025746,0.029169,11.719999
178532165089,-0.629574,-1.836368,-0.308129,0.341711,-0.321342,-0.264913,11.614992
178632183108,2.536255,-3.542456,-0.573013,0.136701,-0.181516,-0.123242,11.484721
178732201128,1.464488,-1.959628,-0.237644,-0.117509,0.184003,0.155324,11.569191
178832219148,-2.467214,-0.292657,0.287504,-0.190227,0.280141,0.118574,11.501695
178932237167,-3.165475,-0.690622,0.733693,0.070863,-0.089142,-0.094636,11.422007
179032255187,1.187025,-2.479019,1.054183,0.262724,-0.244329,-0.197437,11.406865
179132273207,2.640563,-3.062555,1.387092,0.302266,-0.155914,-0.291508,11.372366
179232291226,-0.231152,-0.071368,0.780493,-0.110518,0.108134,0.290577,11.354639
179332309246,-2.420249,1.922641,-0.320076,-0.494020,0.567571,0.546851,11.296777
179432327266,-1.317388,0.540134,-0.335054,-0.158295,0.043025,0.047733,11.295082
179532345285,1.605441,-1.951363,-0.202330,0.458935,-0.488956,-0.374270,11.344129
179632363305,-4.141840,2.165393,0.065555,0.141004,-0.266855,-0.354016,11.292346
179732381325,0.844737,-1.714798,0.186732,-0.515440,0.605125,0.318925,11.241402
179832399344,0.673355,-2.457097,0.389244,-0.347436,0.417115,0.358998,11.282488
179932417364,-2.303916,0.639032,0.668615,-0.293480,0.301401,0.225311,11.356334
180032435384,1.612461,-1.378499,0.552116,-0.230876,0.316349,0.193413,11.327450
180132453403,3.220229,-2.516258,0.346134,0.024852,-0.020466,-0.030384,11.406146
180232471423,-0.163161,-1.673563,0.551871,0.213739,-0.192828,-0.246565,11.439887
180332489443,-5.170846,-0.204926,0.566190,0.204531,-0.106948,-0.107342,11.446167
180432507462,-3.900021,-0.879958,0.602505,-0.145744,0.118156,0.153719,11.501372
180532525482,2.342225,-2.997125,0.141472,-0.453353,0.295681,0.350652,11.566575
180632543502,0.761990,-4.708232,-0.715387,-0.412607,0.453708,0.436913,11.657264
180732561521,-4.369385,-0.215264,-0.820084,-0.043855,-0.125513,-0.160791,11.708257
180832579541,-2.402995,1.190751,-0.370678,0.596521,-0.622783,-0.606550,11.773554
180932597560,6.851661,-3.151798,-0.707242,0.149945,-0.251290,-0.146653,11.780535
181032615580,6.950996,-3.268308,-0.484767,-0.458748,0.411949,0.400274,11.652999
181132633600,-0.860829,0.687145,-0.025389,-0.402160,0.425976,0.335329,11.825691
181232651619,-6.323643,1.516991,0.091565,0.441315,-0.495100,-0.380229,11.890237
181332669639,-1.701686,-0.660097,1.664588,0.674968,-0.816984,-0.584982,11.912594
181432687659,8.205513,-3.448035,1.156959,0.409489,-0.327284,-0.431327,11.925391
181532705678,4.670076,-2.662342,0.783983,-0.308631,0.486695,0.295160,12.085408
181632723698,-4.356359,0.047337,0.558661,-0.413217,0.548441,0.462851,12.114839
181732741718,-7.813235,2.108522,0.721123,0.509504,-0.474401,-0.394116,12.071476
181832759737,1.154104,-1.874097,-0.102106,0.746850,-0.968972,-0.688260,12.021720
181932777757,6.987578,-4.767617,-0.573905,0.077941,-0.201967,-0.100614,12.064444
182032795777,2.763859,-1.104446,-0.344976,-0.621106,0.763312,0.588951,12.080656
182132813796,-6.120845,3.498655,0.408520,-0.177073,0.335236,0.200248,12.133233
182232831816,-4.474236,0.742277,1.072442,0.287133,-0.285877,-0.275812,12.204267
182332849836,1.251640,-2.138553,0.556117,0.275817,-0.249533,-0.180710,12.082838
182432867855,2.895064,-2.560470,0.181375,-0.098692,0.275643,0.131346,12.208238
182532885875,0.868410,-2.338006,0.666842,-0.103989,0.186852,0.107640,12.053727
182632903895,-1.180618,-2.747775,1.768541,0.156330,0.001879,-0.113155,12.052825
182732921914,-1.544260,-1.014769,1.308919,0.164654,-0.053950,-0.169205,12.017774
182832939934,-0.020996,-0.919177,0.345891,-0.054890,0.077883,0.041011,11.997900
182932957954,1.164036,-2.115128,-0.457486,-0.114228,-0.005044,0.039268,11.824677
183032975973,0.665397,-1.735434,-0.297263,-0.011529,-0.034104,-0.072198,11.899335
183132993993,1.683714,-1.221712,-0.374796,-0.115389,0.040260,0.043020,11.826457
183233012013,1.148319,-0.753721,-0.361657,-0.262973,0.237978,0.206960,11.810396
183333030032,-2.422341,0.477538,0.149706,-0.150874,0.170393,0.126812,11.753436
183433048052,-3.081323,-0.366436,1.203798,0.090524,-0.044844,-0.087041,11.726276
183533066072,1.583159,-3.227748,0.901163,0.333341,-0.296847,-0.247846,11.850265
183633084091,1.141139,-0.975839,0.784167,0.207382,-0.341880,-0.242083,11.766428
183733102111,-2.780794,2.411334,0.507329,-0.279536,0.105232,0.065986,11.738651
183833120131,-1.406234,-0.776456,0.006706,-0.428526,0.531215,0.284424,11.731073
183933138150,2.860755,-4.212079,0.514816,-0.206482,0.424850,0.211857,11.703226
184033156170,1.560568,-2.134318,0.615521,0.175650,-0.083204,-0.098294,11.702884
184133174190,-0.841778,-0.154312,0.326388,0.170395,-0.322360,-0.150904,11.639298
184233192209,0.823735,-1.691488,0.223199,0.059658,-0.220804,-0.014137,11.669597
184333210229,0.857024,-0.875693,0.771078,0.024945,-0.032815,-0.017854,11.707601
184433228248,-0.824382,0.246586,-0.179488,-0.033953,0.079267,0.086646,11.667954
184533246268,-3.148546,0.400766,-0.664943,-0.235018,0.220422,0.162261,11.513937
184633264288,-5.017689,0.874706,-0.058494,-0.247842,0.339081,0.243567,11.547686
184733282307,0.120571,-1.423628,-0.267522,0.051103,-0.070826,-0.079803,11.485372
184833300327,6.119598,-4.866764,-0.315040,0.430002,-0.640161,-0.493760,11.366292
184933318347,2.672449,-1.127687,-1.132325,0.590814,-0.722330,-0.558381,11.392307
185033336366,-0.914550,0.771465,-0.841328,0.175751,-0.136871,-0.265243,11.368606
185133354386,3.325051,-3.662931,-0.198428,-0.330253,0.362568,0.181922,11.337647
185233372406,1.980770,-2.790669,-0.648193,-0.212321,0.324164,0.094788,11.451878
185333390425,-0.162134,-1.700656,-0.017875,-0.001551,0.087285,-0.056144,11.324978
185433408445,-2.293628,-0.636676,0.320553,-0.035473,0.270633,-0.045267,11.311324
185533426465,-3.308643,0.639961,1.200895,-0.439865,0.716997,0.326593,11.250502
185633444484,-0.275714,-1.544378,0.557567,-0.443264,0.724760,0.298907,11.172623
185733462504,-0.979734,-0.678784,0.196526,-0.333401,0.486121,0.170170,11.329524
185833480524,-0.316135,-0.316249,-0.680792,-0.162598,0.303994,0.098070,11.179209
185933498543,0.996879,-3.524224,-0.876787,-0.003071,0.103579,0.019590,11.049186
186033516563,-1.483358,-3.018691,-0.893849,0.185890,-0.303273,-0.145470,11.134721
186133534583,-4.462797,-0.920339,-0.948182,0.396196,-0.397489,-0.363950,11.092468
186233552602,-2.169366,-1.485644,-0.761255,0.112800,-0.045206,-0.237090,11.111181
186333570622,3.848121,-4.210173,-1.331258,-0.364807,0.516949,0.194119,11.037611
186433588642,2.055732,-1.937116,-1.914336,-0.465211,0.415288,0.413835,11.037098
186533606661,-1.625193,0.460015,-1.671031,-0.260010,-0.013681,0.235402,11.012065
186633624681,-0.702274,-1.888768,-0.550800,0.144078,-0.237796,-0.313813,10.904064
186733642701,0.220359,-5.317998,0.197098,0.395017,-0.543772,-0.290476,10.947253
186833660720,-1.958942,-6.195881,0.141194,0.411199,-0.227741,-0.032292,10.947905
186933678740,-1.332274,-0.105793,-0.869812,0.071093,-0.230080,-0.123955,10.929656
187033696760,-3.772374,1.481638,-0.118277,0.149759,-0.285712,0.058696,10.860034
187133714779,-0.516305,-3.037775,-0.452625,0.312432,-0.656581,-0.391000,10.789169
187233732799,0.545158,-2.910878,-0.523951,0.205235,-0.550016,-0.259709,10.808625
187333750819,-3.117124,1.759207,-0.114253,0.224454,-0.269180,-0.182944,10.716744
187433768838,-0.999805,-0.519438,0.575024,-0.093421,0.166041,-0.052248,10.746322
187533786858,2.496982,-3.637579,1.163306,-0.238083,0.341628,0.179441,10.671646
187633804878,1.456975,-4.809300,0.914763,0.020956,-0.092480,-0.069680,10.642892
187733822897,-0.325871,-2.565998,0.612885,0.085439,-0.289707,-0.157531,10.648926
187833840917,-0.776445,-0.301302,-0.677549,-0.086223,-0.105427,0.059518,10.527089
187933858937,-1.750492,-0.544461,-0.523306,-0.253391,0.080994,0.158386,10.373276
188033876956,0.808601,-2.260165,-0.280215,-0.029650,-0.295948,-0.120001,10.404034
188133894976,2.073898,-3.562395,0.001540,0.247655,-0.430747,-0.323309,10.512986
188233912995,-2.984001,-0.504675,1.019087,0.171252,-0.298644,-0.117166,10.549836
188333931015,-2.700216,-0.974250,0.650237,-0.086883,0.015497,0.076134,10.503215
188433949035,1.288178,-2.168143,-0.050751,-0.228198,0.248693,0.145061,10.482168
188533967054,1.356082,-1.961191,0.088369,-0.189409,0.281997,0.178749,10.402230
188633985074,-0.355031,-2.085633,0.417629,-0.078715,0.062997,0.114480,10.395977
188734003094,-0.288541,-0.461994,0.605009,-0.003623,-0.034398,0.005196,10.316194
188834021113,0.528312,-0.426810,0.403850,0.045717,0.020524,-0.057399,10.349677
188934039133,-0.298795,-0.535644,-0.176702,0.070307,-0.005206,-0.092233,10.434925
189034057153,0.208622,0.450156,-1.074897,0.083842,-0.170692,-0.177638,10.425122
189134075172,0.843212,-1.653155,-1.722278,0.013645,-0.014869,-0.035800,10.463564
189234093192,0.497747,-1.809665,-1.816711,-0.182682,0.377381,0.103949,10.512479
189334111212,-1.957500,0.264533,-0.892964,-0.280126,0.470061,0.183449,10.612350
189434129231,1.496730,-2.143562,-1.263083,-0.303406,0.488409,0.447776,10.620479
189534147251,0.780667,-2.038363,-1.050776,-0.009530,0.270321,0.095476,10.777062
189634165271,-1.693638,-0.770985,-1.620077,-0.013238,-0.077599,-0.021249,10.850683
189734183290,-3.066171,-0.991272,-1.368473,0.066306,0.238148,-0.063020,10.782917
189834201310,-3.181792,-2.176030,-0.022417,-0.123088,0.225045,-0.044250,10.869179
189934219330,0.627398,-3.027642,0.342969,0.079617,-0.025087,-0.151716,10.880816
190034237349,2.951326,-3.163435,0.207361,0.192541,-0.236204,-0.173525,10.953862
190134255369,0.619568,-1.740891,-0.397765,-0.108792,0.031305,-0.048015,11.004453
190234273389,-4.389983,1.650827,-1.019375,-0.189854,0.295290,0.252911,11.103154
190334291408,-4.223447,3.041377,-1.296137,0.081481,0.039882,-0.038411,11.082966
190434309428,-0.238391,-1.848822,-0.678684,0.342214,-0.406533,-0.406620,11.237179
190534327448,1.852107,-5.454114,-0.242318,0.229201,-0.391062,-0.229736,11.259236
190634345467,-0.048006,-2.141883,-0.980923,-0.005362,-0.013928,0.091544,11.295229
190734363487,0.573544,1.644458,-1.398357,-0.182675,-0.020533,0.193936,11.315291
190834381507,-1.557801,0.195224,-0.559557,0.120015,-0.229233,-0.189591,11.490522
190934399526,0.620830,-1.737225,0.378092,0.240780,-0.207839,-0.315027,11.590098
191034417546,1.981519,-1.764471,-0.050697,0.021787,-0.064649,-0.030954,11.634926
191134435566,1.010382,-4.383515,0.295821,-0.057223,0.032573,0.008443,11.765708
191234453585,-0.385939,-3.085662,0.077556,-0.159158,0.194969,0.122550,11.888436
191334471605,-0.762358,-0.692337,0.228135,-0.156117,0.313056,0.122775,11.932294
191434489625,1.468394,-2.977691,-0.290185,-0.000911,0.048361,-0.051493,12.034047
191534507644,1.737067,-3.956680,-0.500690,0.156158,-0.286966,-0.204467,12.189306
191634525664,-0.025286,-2.714772,-0.392868,0.113396,-0.061974,-0.136212,12.240427
191734543684,-1.517084,-1.372258,-0.376545,-0.094857,0.102471,0.067750,12.276747
191834561703,-1.733666,-2.043371,-0.691791,-0.065066,0.117496,0.085191,12.316952
191934579723,-0.211835,-2.929593,-0.460242,0.109368,0.040004,-0.128018,12.373552
192034597742,1.080062,-2.842362,0.013185,-0.019757,-0.028919,0.010999,12.485492
192134615762,0.132738,-4.662893,0.660053,-0.146817,0.116892,0.121422,12.600214
192234633782,0.307529,-3.300340,1.407050,-0.046837,0.010095,0.034566,12.645817
192334651801,0.309754,-0.984307,1.089775,0.075073,-0.187182,-0.107909,12.753649
192434669821,0.268158,0.168389,0.540001,-0.075706,0.073617,0.039930,12.796538
192534687841,0.158544,-0.335621,0.205160,-0.153628,0.184974,0.096688,12.887177
192634705860,1.477653,-2.074354,0.276100,-0.031113,-0.049400,0.010185,13.023882
192734723880,1.599661,-3.519672,0.652288,0.248671,-0.169682,-0.219776,13.055594
192834741900,-0.571036,-2.839989,1.506385,0.106392,-0.053908,-0.038280,13.092168
192934759919,-1.264069,-0.336984,1.645821,-0.062073,0.290496,0.153607,13.192865
193034777939,0.580494,-0.348925,1.759918,-0.177884,0.278167,0.166191,13.332120
193134795959,3.936735,-2.620259,1.221382,-0.095171,-0.021170,-0.032934,13.443104
193234813978,2.998405,-3.280772,1.088954,0.179587,-0.119819,-0.227682,13.480426
193334831998,1.521922,-2.448094,1.726271,-0.110062,-0.137438,0.076119,13.463502
193434850018,1.634351,0.360737,1.122748,-0.259389,0.069655,0.294778,13.546929
193534868037,0.920977,1.375671,0.217816,-0.110171,0.169661,0.108464,13.650210
193634886057,0.809740,-0.828871,0.210551,-0.015354,-0.062562,-0.068199,13.772129
193734904077,2.000380,0.397836,0.384169,0.081318,-0.144621,-0.125357,13.900979
193834922096,1.493832,2.074736,0.392500,-0.036508,-0.058106,-0.011964,13.973330
193934940116,2.389541,-0.860869,0.774171,-0.275831,0.265229,0.213179,14.004123
194034958136,4.369083,-2.407882,1.790479,-0.134883,0.093688,0.133792,14.016262
194134976155,3.559194,-3.600279,1.124122,0.292505,-0.047017,-0.250343,14.097643
194234994175,1.654850,-3.839548,-0.078369,0.137695,-0.129799,-0.198608,14.211325
194335012195,1.058102,-2.158140,0.766318,-0.264905,0.230293,0.220061,14.284091
194435030214,-0.064800,1.954352,1.052327,-0.247324,0.297144,0.289877,14.255214
194535048234,0.545751,0.431574,1.608100,-0.059328,0.105371,0.047339,14.275414
194635066254,1.306989,-1.513377,1.587385,-0.088191,0.017409,-0.070580,14.302995
194735084273,3.226761,0.804470,0.763708,0.071296,0.026243,-0.138940,14.316911
194835102293,2.132287,0.893699,0.031936,0.039577,-0.096951,0.002718,14.291804
194935120313,0.346289,0.086132,0.269355,-0.049654,0.080130,0.025283,14.320078
195035138332,-0.045423,-0.967030,0.654865,-0.033658,0.140484,0.121286,14.348283
195135156352,0.405857,-0.937001,0.806698,0.100764,0.028604,-0.063065,14.226621
195235174372,0.363377,-0.773035,0.978457,0.084244,0.057241,-0.044251,14.165011
195335192391,1.178831,-0.730135,0.914480,0.004722,-0.031153,-0.010774,14.091666
195435210411,1.430164,-1.497861,0.724964,-0.101782,-0.024285,0.059050,14.070697
195535228431,2.307995,-1.391902,-0.019921,-0.075610,0.020813,0.101832,14.031309
195635246450,2.232555,-1.842236,0.020355,0.017783,-0.038154,0.037320,14.053730
195735264470,0.322182,-1.602736,0.467705,0.121148,-0.134796,-0.150441,14.073421
195835282489,-0.335393,-1.405015,1.033740,0.047196,-0.077117,0.003391,14.008026
195935300509,1.421974,-1.928262,1.504648,-0.099184,0.128029,0.091792,14.245716
196035318529,2.256973,-1.501945,1.228591,-0.204692,0.058824,0.164836,14.369373
196135336548,1.597591,-0.453483,0.270146,-0.077268,0.016211,0.080887,14.294032
196235354568,-0.486127,1.129886,-0.417290,0.044472,-0.058223,-0.051957,14.156924
196335372588,-0.400912,0.518273,-0.384833,-0.070802,-0.008258,0.060241,14.079169
196435390607,0.488205,-0.564070,0.048497,-0.037027,0.111342,0.080512,14.070800
196535408627,0.983621,0.489192,0.171554,0.042157,-0.015688,-0.058508,14.086444
196635426647,1.404664,0.104677,0.379027,-0.008943,-0.003382,-0.026013,14.021720
196735444666,1.185319,-1.132732,0.992543,-0.068893,-0.029989,0.030930,14.034800
196835462686,1.317701,-0.063297,0.932694,-0.016761,-0.012658,0.032843,13.974000
196935480706,0.951222,0.244689,0.895413,0.020208,-0.088354,0.016054,13.870644
197035498725,2.111531,0.581476,1.140261,0.035627,-0.133708,-0.003737,13.903182
197135516745,2.767436,0.485601,1.051213,0.067512,-0.037522,-0.013079,13.842324
197235534765,1.493482,1.162698,0.863480,-0.002427,-0.040108,0.020561,13.710391
197335552784,-0.237307,-0.259255,0.868526,-0.049733,0.175701,0.063101,13.699591
197435570804,0.437512,-0.822415,0.649159,-0.050199,0.060299,-0.026326,13.659779
197535588824,0.943164,-0.062474,0.308122,0.031767,-0.023309,-0.066116,13.556377
197635606843,1.649990,-0.309799,-0.213619,0.001729,0.086784,0.040137,13.549635
197735624863,2.794731,-0.747547,-0.626287,0.093577,-0.022716,-0.068743,13.418367
197835642883,2.526987,-1.831821,-0.111413,0.047922,-0.017235,-0.038213,13.298403
197935660902,1.749242,-1.882853,0.137119,-0.132121,0.156000,0.118720,13.226846
198035678922,0.033698,-0.133220,-0.054496,-0.137715,0.102642,0.109103,13.138412
198135696942,1.244413,0.343716,-0.189659,0.002608,-0.017728,-0.025951,13.036999
198235714961,3.492853,-0.149033,-0.565114,0.059612,-0.066881,-0.024639,12.998730
198335732981,2.627231,-0.995984,-0.603369,-0.016922,0.086482,0.047183,12.942277
198435751001,4.008945,-0.600887,-0.517504,0.019879,0.003689,-0.030297,12.786425
198535769020,3.310271,-0.763737,-0.023171,0.094565,-0.173050,-0.103083,12.703097
198635787040,1.221631,0.700015,0.020230,-0.024103,-0.039319,-0.020019,12.493426
198735805060,0.929488,1.139562,-0.085499,-0.180948,0.188666,0.142581,12.292992
198835823079,2.599065,-0.505101,-0.047296,-0.074858,0.120920,0.096260,12.170755
198935841099,2.898484,-1.744350,0.237020,0.034255,0.011357,0.049696,12.097037
199035859119,0.879037,-0.835050,0.081028,0.189724,-0.129151,-0.109752,11.938374
199135877138,-0.667828,0.783852,-0.266183,0.186455,0.028260,-0.059291,11.869009
199235895158,0.579301,-0.456694,-0.020712,-0.093786,0.210401,0.098478,11.729090
199335913178,2.343529,-1.729227,0.069726,-0.009505,-0.091165,-0.003107,11.658526
199435931197,1.948729,-0.917865,0.025818,0.166957,-0.160312,-0.130124,11.587994
199535949217,1.188370,1.842093,-0.087343,0.075800,0.013574,-0.111363,11.441310
199635967236,0.607094,1.318687,0.329084,-0.203451,0.253362,0.135869,11.329233
199735985256,1.819531,-1.449144,0.636475,-0.212769,0.201803,0.173200,11.306429
199836003276,1.756764,-2.266874,1.116078,-0.019700,0.104931,0.020781,11.180540
199936021295,0.977496,-0.651928,0.987453,0.101155,0.000336,-0.104745,11.046125
200036039315,0.907040,0.285819,0.676767,0.069068,-0.046052,-0.049723,10.908139
200136057335,1.690244,-0.544783,0.429064,0.059913,0.033048,-0.037343,10.789084
200236075354,2.137932,-0.900342,0.176394,0.043299,0.008044,-0.015214,10.683765
200336093374,1.498656,-0.785013,-0.061509,0.085876,-0.100205,-0.081577,10.546030
200436111394,0.016573,0.629612,-0.304695,0.015097,-0.024647,-0.019185,10.422346
200536129413,0.347059,-0.284357,-0.390861,-0.098167,0.119372,0.084544,10.424160
200636147433,2.053444,-1.959892,-0.304375,-0.070189,0.171553,0.124905,10.354519
200736165453,3.284995,-1.778281,-0.480596,0.064654,-0.003959,-0.043622,10.190785
200836183472,2.430988,-0.972485,-0.423069,0.005126,-0.096204,-0.046085,10.148117
200936201492,1.105606,-0.244907,-0.036253,-0.162094,0.072513,0.113706,10.213928
201036219512,1.046195,0.327905,0.106927,-0.091527,0.110128,0.059621,10.187025
201136237531,1.727710,-0.085509,0.092975,0.017962,0.013129,-0.026338,10.088821
201236255551,1.597659,0.407053,0.326117,0.037403,-0.036008,-0.001826,10.072664
201336273571,1.168634,0.439659,0.204767,0.024368,-0.056396,-0.012124,9.951237
201436291590,0.967425,-0.389219,-0.000713,0.054562,-0.028699,-0.055381,9.884190
201536309610,1.331960,-1.381520,-0.011152,-0.010101,0.005194,-0.004887,9.793011
201636327630,1.187673,-2.343904,0.176774,-0.058681,0.035267,0.031010,9.682577
201736345649,0.721438,-1.747663,-0.137653,-0.000518,0.002189,-0.006290,9.506159
201836363669,0.352931,-0.939354,-0.359309,0.069108,-0.061554,-0.038679,9.527727
201936381689,1.181549,-0.523057,-0.286057,0.062690,-0.122571,-0.056639,9.509273
202036399708,1.567584,-1.092949,-0.290185,0.013746,-0.086849,0.031835,9.436539
202136417728,1.153399,-0.746622,-0.256187,0.019936,0.027378,0.011764,9.358929
202236435748,1.246898,0.148033,0.043681,0.030942,-0.009589,0.021404,9.277547
202336453767,0.932720,-0.421571,0.133347,0.015865,-0.034744,-0.013525,9.286627
202436471787,0.513245,-0.775680,0.029870,0.076243,-0.070678,-0.003456,9.113345
202536489807,0.144154,-0.434710,0.021681,0.072957,-0.075352,-0.067830,9.054119
202636507826,1.365271,-1.009298,0.261949,0.008762,0.028127,-0.006530,9.042500
202736525846,2.936129,-0.895317,0.385036,-0.072116,0.127201,0.080892,9.004245
202836543866,2.417019,-0.174189,-0.035018,-0.114180,0.165200,0.135710,8.983227
202936561885,0.757215,-0.172642,0.198459,-0.030612,0.007291,-0.086559,8.964211
203036579905,0.217000,0.148568,0.223163,0.155295,-0.237826,-0.166974,8.990365
203136597925,-1.490171,0.391929,-0.124674,0.090559,-0.042423,0.010798,8.928469
203236615944,-1.748410,1.269006,0.292016,-0.245091,0.285360,0.220854,8.895919
203336633964,1.054452,-0.571446,0.339027,-0.209696,0.281176,0.215556,8.810781
203436651983,3.121071,-2.438279,0.219107,0.040688,-0.010680,0.061181,8.745880
203536670003,2.171552,-1.326133,0.120193,0.270866,-0.281110,-0.163341,8.696944
203636688023,-0.191153,0.304427,0.116129,0.104814,-0.128561,-0.035116,8.657977
203736706042,-0.440784,-0.367411,0.198421,-0.100510,0.157478,0.138101,8.607044
203836724062,2.282177,-2.832626,-0.063096,-0.108553,0.170737,0.085436,8.540620
203936742082,2.230251,-2.555595,0.020685,0.099186,-0.078997,-0.085196,8.501142
204036760101,0.819742,-1.798077,0.144291,0.129643,-0.098709,-0.096167,8.561840
204136778121,0.242062,-0.761468,-0.025228,-0.018721,0.047125,0.029981,8.509032
204236796141,0.081674,0.340200,0.080287,-0.100478,0.122942,0.133921,8.448063
204336814160,0.692111,-0.047640,-0.017256,-0.016275,0.036603,0.059479,8.441021
204436832180,1.721355,-1.120025,0.202518,0.081243,-0.135670,-0.066875,8.411121
204536850200,1.894029,-1.786480,0.512965,0.113808,-0.135395,-0.125038,8.374245
204636868219,1.432815,-1.138939,0.654292,-0.004348,-0.007007,0.011434,8.386238
204736886239,1.353639,-0.808415,0.316539,-0.080391,0.039230,0.053669,8.303540
204836904259,0.542843,-0.846640,-0.038237,-0.040977,-0.016885,0.024990,8.271041
204936922278,-0.102331,-0.448316,-0.034374,0.075735,0.027143,-0.051563,8.298274
205036940298,-0.396225,-1.433139,-0.346808,-0.063009,0.047589,0.085532,8.246022
205136958318,-0.657095,-1.892963,-0.743398,-0.027837,-0.001371,0.039537,8.245074
205236976337,-2.375155,-0.107667,-0.757293,0.295118,-0.190983,-0.184887,8.244986
205336994357,-2.343606,-1.252946,-0.583068,0.300967,-0.275671,-0.259842,8.143428
205437012377,2.294184,-2.586478,-0.292036,0.010134,-0.071209,-0.045448,8.138890
205537030396,2.004926,-2.374572,0.029149,-0.244976,0.259001,0.123167,8.178387
205637048416,-1.750269,-1.375774,0.475096,-0.257401,0.335621,0.132338,8.153094
205737066436,0.174456,-0.249471,0.452884,-0.124528,0.070155,0.047175,8.159575
205837084455,3.574760,-0.179782,0.184898,-0.067171,-0.061452,-0.016735,8.213520
205937102475,3.717502,1.725648,0.364467,0.026705,-0.187701,-0.127157,8.237799
206037120495,2.869902,1.225701,0.947745,0.138752,-0.260183,-0.173673,8.253017
206137138514,3.253883,-2.420167,0.878944,0.137509,-0.092586,-0.123777,8.305856
206237156534,2.401970,-2.885653,0.182717,-0.155852,0.010234,0.103844,8.302991
206337174554,0.794944,-0.205135,-0.165643,-0.180039,0.177492,0.125247,8.310047
206437192573,-1.580219,1.003508,-0.625134,0.019804,0.044452,0.010495,8.438575
206537210593,-0.314362,-0.117377,-0.968745,0.095124,-0.108855,-0.095763,8.506834
206637228613,2.237450,-0.433228,-0.384185,0.073524,-0.132035,-0.152883,8.539069
206737246632,2.392763,-1.261143,-0.216144,-0.015400,0.003239,0.084670,8.655705
206837264652,-0.010294,-1.633253,-0.526932,-0.125972,0.085975,0.108562,8.712427
206937282672,-2.564238,-1.547556,-0.342385,-0.009486,-0.085207,-0.093370,8.790534
207037300691,-2.631232,-1.334327,-0.295626,0.095419,-0.106835,-0.128094,8.839274
207137318711,0.143986,-0.368162,-0.748319,0.042035,-0.019532,-0.038359,8.893587
207237336730,2.238371,1.521095,-0.614633,-0.033284,0.082401,-0.025183,9.039608
207337354750,1.088654,1.471150,-0.294637,-0.053931,0.144958,0.042751,9.221336
207437372770,-1.874508,-3.128445,-0.248273,-0.057287,0.189399,0.059456,9.291122
207537390789,-2.864362,-6.237864,0.335276,-0.056966,0.124183,-0.011268,9.439651
207637408809,-1.369871,-3.885515,0.543290,-0.055540,0.051117,-0.044606,9.668784
207737426829,0.296523,-1.710799,-0.008860,-0.214939,0.290274,0.114642,9.699790
207837444848,-2.091680,-0.710389,-0.424829,-0.220668,0.252119,0.200084,9.763163
207937462868,-0.921460,-1.856426,-0.645756,0.028792,-0.041391,-0.063890,9.852945
208037480888,1.462475,-4.137936,-0.083420,0.269726,-0.337683,-0.221229,9.869382
208137498907,1.744954,-4.515321,0.621825,0.299115,-0.310271,-0.272680,10.091458
208237516927,0.486888,-2.460701,0.544243,0.074631,-0.143091,-0.049270,10.078767
208337534947,-0.708063,-1.018331,-0.216589,-0.124368,0.038400,0.065295,10.159061
208437552966,1.666848,-3.212737,-0.222357,-0.184857,0.148259,0.181205,10.443007
208537570986,0.948823,-3.113814,0.003837,-0.108375,0.090317,0.084299,10.487392
208637589006,-1.617140,-2.090914,-0.036440,-0.020216,-0.048046,-0.024374,10.550056
208737607025,-0.942426,-1.571991,0.636588,0.132869,-0.075091,0.027885,10.778804
208837625045,1.799005,-1.384926,1.011282,0.105040,-0.146770,-0.032888,10.969706
208937643065,-0.237978,-0.821776,0.488746,-0.059189,-0.045801,-0.010835,11.040503
209037661084,-0.680534,-1.036756,-1.067844,-0.149289,0.137583,0.166280,10.983058
209137679104,2.333077,-2.606188,-1.030775,-0.116266,0.032775,0.062481,11.090674
209237697124,2.004374,-4.150491,-0.095010,0.187454,-0.240264,-0.213892,11.188468
209337715143,-0.088140,-2.442771,0.216096,0.232410,-0.271732,-0.222645,11.298203
209437733163,-2.236450,0.984123,0.383897,0.013999,-0.012963,-0.003734,11.431779
209537751183,-0.799914,0.062743,0.624422,-0.190074,0.219631,0.229026,11.518184
209637769202,1.159144,-4.057305,0.543380,-0.072452,0.124826,0.145417,11.606654
209737787222,1.864314,-5.148247,-0.227761,0.239974,-0.297659,-0.171680,11.713645
209837805242,-0.990113,-1.898687,-0.378626,0.235138,-0.453856,-0.295061,11.773496
209937823261,-1.284517,1.299067,0.175082,-0.055492,-0.184083,-0.056673,11.897829
210037841281,0.634518,-0.145321,0.473211,-0.267187,0.148657,0.122537,12.006367
210137859301,1.351520,-0.541842,0.870979,-0.225520,0.131576,0.124726,12.064953
210237877320,-1.193490,0.468407,0.905298,-0.106359,0.160337,0.090743,12.187452
210337895340,-3.162377,0.389925,0.018667,0.113114,-0.074762,-0.127024,12.270626
210437913360,-0.081929,-0.986366,-0.031645,0.090630,-0.195898,-0.092145,12.390522
210537931379,1.408204,-1.851529,0.558755,0.027225,0.123833,-0.020050,12.533621
210637949399,0.098393,-0.687028,0.892445,-0.145590,0.204923,0.140994,12.599694
210737967419,-0.930993,-0.039376,0.542913,-0.158390,0.026898,0.140662,12.704899
210837985438,-0.004003,-1.069534,0.151500,0.053195,-0.258771,-0.082621,12.746718
210938003458,2.357819,-1.383330,0.797505,0.119285,-0.142832,-0.087420,12.899785
211038021477,1.727970,-0.285017,1.253684,0.070864,-0.031775,-0.033985,12.963108
211138039497,0.432836,0.611302,1.074978,-0.212176,0.080483,0.114669,13.056189
211238057517,0.256881,-0.381417,0.957072,-0.218809,0.242106,0.230677,13.167159
211338075536,0.363141,-2.221899,0.714808,-0.055976,-0.022963,0.093889,13.296483
211438093556,0.679972,-2.787286,0.273002,0.152921,-0.113938,-0.124683,13.395687
211538111576,0.849318,-2.163030,-0.894788,0.049007,-0.059908,0.044638,13.461918
211638129595,-0.547484,-1.425378,-1.325642,-0.164850,0.114890,0.156768,13.510779
211738147615,-1.820508,-1.068477,-0.773582,-0.108528,0.109780,0.118528,13.583277
211838165635,-0.951796,-1.334147,-0.104700,0.044113,0.038714,-0.016830,13.739086
211938183654,-0.673059,-0.592056,-0.459404,0.065980,-0.037847,-0.118589,13.809794
212038201674,-0.862958,-0.492869,-1.093967,0.094557,-0.062410,-0.129263,13.862506
212138219694,-0.359515,-0.947845,-0.538527,-0.053888,-0.065431,-0.010750,13.916191
212238237713,1.138415,-0.163075,-0.089660,-0.073633,0.018759,0.009062,13.931447
212338255733,0.058599,-1.057545,-0.199095,0.073899,0.006996,-0.039824,14.022680
212438273753,-0.257838,-2.853956,-0.598691,0.133259,-0.103059,-0.087540,14.103297
212538291772,0.025873,-2.486346,-0.647303,-0.052751,-0.008255,0.090189,14.127904
212638309792,-0.288304,-1.414211,-0.782626,-0.028312,0.182286,0.035449,14.271332
212738327812,-1.025494,-2.043081,-1.004786,0.029542,0.139624,0.144569,14.258351
212838345831,-0.863789,-2.558731,-0.660553,0.033246,0.014121,0.004201,14.329862
212938363851,0.188717,-2.007926,-0.062771,0.024275,-0.135960,-0.062786,14.429095
213038381871,0.348434,-1.313850,0.794812,0.051077,-0.056516,0.039727,14.527178
213138399890,0.906065,-0.646831,0.525158,-0.075729,-0.007749,-0.031558,14.679611
213238417910,1.216092,0.510664,0.285706,-0.014818,0.030687,-0.043955,14.739275
213338435930,-0.072232,0.680305,0.714920,0.017933,-0.065777,-0.043450,14.828056
213438453949,0.990125,0.005774,0.944029,0.060966,-0.110690,-0.143977,14.862985
213538471969,2.469162,-1.238371,1.160466,-0.015730,0.008415,-0.025360,14.915042
213638489989,2.811080,-1.188165,0.702996,-0.190203,0.171041,0.140941,14.935832
213738508008,2.082679,0.653671,-0.247592,-0.055965,0.122768,0.001805,14.957389
213838526028,1.504177,-0.633971,-0.426949,-0.083624,-0.041384,0.012607,14.934185
213938544048,1.951663,-2.234397,0.015901,-0.008530,-0.125366,-0.018700,14.955478
214038562067,1.198899,-0.430982,-0.007959,0.147041,-0.147740,-0.140439,14.909374
214138580087,-0.094943,-0.362904,-0.166871,0.078794,0.052340,-0.035116,14.820836
214238598107,-0.262373,-0.848542,-0.279719,-0.079397,0.141048,0.093610,14.797173
214338616126,0.100303,-0.872208,-0.452044,-0.092386,-0.007484,0.067418,14.751830
214438634146,1.017975,-0.954241,-0.273422,0.003633,-0.056849,0.022514,14.756746
214538652165,0.510803,-1.030397,0.104586,0.088790,-0.058734,-0.051254,14.769694
214638670185,-0.462052,-0.322165,0.041327,0.093269,-0.057637,-0.091025,14.646759
214738688205,-0.144912,0.137125,0.043854,0.023075,-0.020958,0.024605,14.634794
214838706224,1.184069,-0.685465,0.369412,-0.021224,0.033463,0.055318,14.673991
214938724244,2.027080,-0.464011,0.111722,0.052501,-0.017216,-0.026007,14.564408
215038742264,2.104587,-0.508227,-0.559542,-0.014600,-0.074073,-0.028450,14.501608
215138760283,0.876651,-1.409837,-0.459851,-0.014234,-0.045151,-0.012477,14.528049
215238778303,1.863821,-0.815214,-0.150577,0.020708,-0.094720,-0.056112,14.471005
215338796323,2.500568,0.290371,-0.028184,-0.068227,-0.052440,0.030847,14.348954
215438814342,1.450444,0.538619,-0.279804,-0.081733,0.105281,0.046009,14.317755
215538832362,0.351096,0.142261,-0.407859,-0.047337,0.131267,-0.028296,14.283256
215638850382,2.099747,-0.829577,-0.163619,0.119740,-0.036356,-0.093533,14.212842
215738868401,2.471501,-1.799480,0.141126,0.154895,-0.079336,-0.078908,14.215889
215838886421,0.422897,-1.454185,0.039671,-0.035548,0.112085,0.026453,14.191697
215938904441,-0.680142,0.820984,-0.243602,-0.083358,0.166196,0.049287,14.101119
216038922460,0.090131,1.813815,-0.505938,0.026939,-0.005079,-0.076134,13.885452
216138940480,1.844162,0.785463,-0.029963,-0.001233,-0.080907,-0.019471,13.774837
216238958500,1.532602,-0.495714,0.787490,-0.007589,-0.046954,0.003152,13.830472
216338976519,0.341057,-0.397365,1.375904,0.037502,0.047588,-0.010418,13.828144
216438994539,0.037989,-0.480413,0.941678,0.006789,0.130352,0.078383,13.788346
216539012559,0.946051,-1.276755,-0.206273,-0.016585,-0.003642,0.045779,13.922911
216639030578,1.966228,-1.283926,-0.949439,0.080319,-0.088940,-0.082032,13.725458
216739048598,2.094562,-0.717262,-0.960753,0.069780,-0.110752,-0.086436,13.670513
216839066618,0.728168,-1.044019,-0.485105,0.120550,-0.033096,-0.054862,13.774872
216939084637,1.222770,-1.869142,-0.210293,0.074157,-0.113281,-0.038776,13.644074
217039102657,1.691776,-0.109076,-0.145694,-0.020240,0.061199,0.002484,13.649765
217139120677,-0.180377,1.491731,-0.332593,-0.138297,0.196860,0.036721,13.650699
217239138696,-1.495965,1.727932,-0.389028,0.025610,-0.087718,-0.089939,13.480646
217339156716,-0.131639,0.566648,-0.040201,0.217059,-0.293108,-0.207345,13.472199
217439174736,1.988699,-2.242987,0.309966,0.150638,-0.188191,-0.124421,13.393324
217539192755,3.941430,-2.613511,0.354611,-0.083860,0.182831,0.159180,13.200272
217639210775,3.216888,0.741067,0.030473,-0.196959,0.309314,0.208318,13.319422
217739228795,0.906631,2.262367,0.108615,0.030821,-0.058223,-0.071243,13.399539
217839246814,1.449730,0.604020,0.380351,0.170122,-0.275333,-0.162120,13.271604
217939264834,2.467914,-1.419739,0.187141,0.023298,-0.086245,-0.055361,13.208872
218039282854,1.159630,-2.629595,0.323990,-0.290653,0.173922,0.184690,13.235593
218139300873,0.368758,0.131901,0.141279,-0.224354,0.185991,0.156657,13.285395
218239318893,0.846600,2.508481,-0.270973,0.040287,0.068376,0.019549,13.291359
218339336912,2.689258,1.702136,-0.217126,0.156667,-0.053664,-0.056572,13.173177
218439354932,2.672019,-0.043376,-0.079706,-0.029905,0.064114,0.066106,12.927704
218539372952,2.823544,-0.834678,-0.299260,-0.148251,0.153156,0.073657,12.837274
218639390971,0.968910,0.122531,0.306187,-0.057649,0.078205,0.051081,12.735854
218739408991,-0.584635,1.144679,0.618895,0.082192,-0.038079,-0.112132,12.639065
218839427011,0.182404,-0.596173,0.547610,0.142321,-0.132080,-0.153423,12.586147
218939445030,0.652148,-2.479219,0.222196,-0.037169,0.038349,0.006694,12.411408
219039463050,0.231690,-2.041969,-0.374038,-0.159565,0.165233,0.133890,12.070996
219139481070,0.071677,-0.320402,-0.135763,-0.039555,0.071521,0.110146,11.828116
219239499089,1.548363,-0.165786,0.265701,0.174318,-0.173308,-0.079768,11.632273
219339517109,3.050125,-2.056469,0.675563,0.245292,-0.213598,-0.170351,11.495896
219439535129,1.703913,-0.680778,0.794867,0.126391,-0.084976,-0.032718,11.421337
219539553148,0.163766,1.157075,0.130379,-0.083014,0.003561,0.044551,11.329259
219639571168,0.564488,-0.175559,-0.655470,-0.059178,0.012901,0.076810,11.278786
219739589188,0.872117,-0.447433,-0.454641,0.023328,-0.137355,-0.005845,11.151103
219839607207,1.537313,-0.473222,-0.373378,-0.013064,-0.183032,-0.022634,11.115687
219939625227,1.519832,0.105211,-0.209967,0.001382,-0.053257,0.049608,10.953754
220039643247,1.114778,0.605898,-0.018840,-0.041622,0.107947,0.092988,10.905717
220139661266,1.496879,0.306505,0.583941,-0.046925,0.195317,0.039292,10.919759
220239679286,2.184133,0.153282,0.601336,-0.090921,0.130249,0.079555,10.777727
220339697306,1.383950,0.801094,0.123472,-0.077886,0.038937,0.103630,10.726232
220439715325,0.087634,0.792274,-0.448024,0.089530,-0.104054,-0.065703,10.655540
220539733345,0.458171,-0.355986,-0.309291,0.208071,-0.155506,-0.175731,10.350775
220639751365,2.085328,-1.335032,0.112368,0.042515,-0.063995,-0.046472,10.237464
220739769384,1.888993,-0.340828,0.391496,-0.099484,0.142572,0.065804,10.137573
220839787404,0.150811,1.055897,0.553445,-0.070549,0.181439,0.083709,10.069032
220939805424,-0.128813,0.310134,0.273403,0.087780,-0.031321,-0.054236,10.002724
221039823443,1.521214,-2.107108,0.120432,0.184463,-0.195257,-0.172327,9.845978
221139841463,0.903674,-1.751719,0.260507,0.120368,-0.114939,-0.061100,9.702593
221239859483,-0.268033,0.162860,0.143128,-0.076713,0.077069,0.086790,9.636478
221339877502,0.221522,0.171124,0.226282,-0.132426,0.176212,0.099271,9.556590
221439895522,1.449757,-1.587310,0.014492,-0.101164,0.122521,0.100985,9.420155
221539913542,1.761586,-1.166566,-0.291410,0.013107,-0.059826,0.064197,9.374586
221639931561,0.044497,0.559761,0.141653,0.108229,-0.177970,-0.094915,9.312858
221739949581,-0.827128,0.969689,-0.048175,0.000045,0.023049,-0.031650,9.205097
221839967601,0.523036,-0.798920,-0.465577,-0.165445,0.246715,0.180572,9.206735
221939985620,3.469441,-2.534613,-0.740547,-0.107508,0.065941,0.048578,9.118357
222040003640,1.602022,-1.168602,-0.549465,0.196578,-0.329607,-0.192148,9.058003
222140021659,-2.246910,1.137571,-0.438902,0.315826,-0.358661,-0.289542,9.080203
222240039679,-1.760678,0.673464,-0.664258,0.116935,-0.233313,-0.130301,9.060087
222340057699,2.021569,-2.544691,-0.562818,-0.264957,0.194878,0.249213,9.031946
222440075718,2.513162,-2.473446,0.026628,-0.379343,0.426459,0.335563,8.915273
222540093738,-1.774073,1.813412,0.432331,0.003426,0.028075,-0.015557,8.927928
222640111758,-2.151349,1.347914,0.739170,0.303357,-0.386983,-0.271765,8.957067
222740129777,0.836068,-2.742585,1.060796,0.153104,-0.285038,-0.108139,8.878003
222840147797,3.310208,-4.396903,0.841249,-0.220614,0.261471,0.194079,8.746204
222940165817,0.713300,-0.883590,0.652054,-0.331453,0.477071,0.261152,8.749823
223040183836,-1.275114,0.506380,0.294213,-0.188053,0.324787,0.163271,8.762874
223140201856,1.747467,-2.275961,-0.440213,0.076831,-0.209437,-0.131024,8.728686
223240219876,2.515034,-3.708833,-0.618388,0.176314,-0.365098,-0.203264,8.598080
223340237895,1.162039,-2.575000,-0.208436,-0.037423,0.060341,0.036830,8.530922
223440255915,-2.025305,1.743032,0.014377,-0.282363,0.357444,0.259629,8.607289
223540273935,-1.265971,1.487193,0.243946,-0.182742,0.192740,0.195226,8.653250
223640291954,1.636753,-1.900035,0.261803,0.207347,-0.216851,-0.136670,8.713805
223740309974,1.932322,-3.453181,0.303258,0.263540,-0.219138,-0.179486,8.678096
223840327994,0.509806,-0.808472,-0.106642,0.008140,0.006246,-0.017269,8.739452
223940346013,-0.732865,1.595318,-0.519143,-0.223498,0.212203,0.154758,8.718661
224040364033,-0.294464,0.134384,-0.252815,-0.102732,0.158420,0.050329,8.695939
224140382053,1.614320,-2.810315,-0.174844,0.187997,-0.112746,-0.167204,8.765279
224240400072,0.075919,-3.570684,0.024526,0.256702,-0.268426,-0.210646,8.795301
224340418092,-3.847708,-1.053351,0.099117,-0.064596,-0.004672,0.052820,8.809650
224440436112,-3.302741,0.551029,-0.323279,-0.257420,0.246190,0.211651,8.751531
224540454131,0.541190,-0.645925,-0.710767,-0.021318,0.058770,0.030983,8.750489
224640472151,4.117912,-2.050530,-0.402710,0.183842,-0.220342,-0.180946,8.754267
224740490171,1.866530,-2.239520,-0.150277,0.092568,-0.120136,-0.112014,8.843805
224840508190,-1.872189,-1.212368,0.240458,-0.179695,0.249144,0.148096,8.838586
224940526210,-2.318155,0.333859,0.287491,-0.188913,0.289765,0.159928,8.795398
225040544230,0.134213,-1.047474,0.103517,-0.029100,0.040570,0.022543,8.780767
225140562249,2.087537,-3.718068,0.112478,0.071214,-0.206902,-0.116570,8.869239
225240580269,1.746997,-4.581490,0.106815,-0.058589,-0.087219,-0.004578,9.038495
225340598289,-0.816705,-2.980471,0.045176,-0.248363,0.238591,0.177427,9.096942
225440616308,-3.960955,-0.347877,-0.216376,-0.310821,0.262503,0.243445,9.096079
225540634328,-3.802224,0.413709,-0.404963,0.023181,-0.119383,0.029654,9.124375
225640652348,-0.525452,-2.330476,-0.203701,0.230535,-0.285053,-0.220116,9.123650
225740670367,1.949692,-4.929075,0.444662,-0.169300,0.107527,0.132318,9.259487
225840688387,0.334132,-3.409173,0.848315,-0.330545,0.398701,0.327871,9.270681
225940706406,-1.177201,-0.587360,0.750608,-0.097697,0.160558,0.107342,9.322267
226040724426,0.526279,-0.698619,-0.067996,0.192504,-0.190703,-0.156855,9.305409
226140742446,2.641646,-3.117316,-0.283983,0.161298,-0.071799,-0.144366,9.345423
226240760465,-0.784201,-2.800478,0.269268,-0.087725,0.115171,0.051948,9.444328
226340778485,-3.113461,-1.372538,0.338635,-0.219139,0.267038,0.164861,9.577084
226440796505,-0.533550,-1.498049,0.499942,-0.090480,0.195231,0.069159,9.709019
226540814524,2.548318,-2.172036,0.546363,0.113842,-0.096050,-0.097872,9.691359
226640832544,1.790082,-1.507860,0.637504,0.263325,-0.222163,-0.234357,9.696217
226740850564,-1.328583,0.729633,0.648906,0.084846,-0.074070,-0.099225,9.910023
226840868583,-0.231841,1.120542,-0.006782,-0.143820,0.124862,0.154337,9.920888
226940886603,1.303088,-0.731734,0.089579,-0.118083,-0.016728,0.088513,9.970305
227040904623,1.176446,-2.663526,0.482188,0.062439,-0.144313,-0.104942,9.996351
227140922642,1.347080,-1.549292,-0.115807,0.108180,-0.110359,-0.119004,10.047543
227240940662,0.861971,0.218693,-0.507662,-0.036300,-0.035570,-0.018471,10.120110
227340958682,1.262832,-0.502220,-0.480449,-0.122715,-0.024659,0.065590,10.123637
227440976701,2.040736,-0.861440,-0.642092,-0.137586,0.034403,0.077125,10.138889
227540994721,1.382143,-1.768043,-0.817240,-0.002615,0.016389,0.009370,10.113950
227641012741,0.365319,-2.076957,-0.532306,-0.011425,0.058523,0.016335,10.094005
227741030760,0.339450,-1.413318,-0.514722,-0.058560,0.090671,0.054366,10.050953
227841048780,0.229420,-1.098611,-0.441545,-0.023604,-0.034318,0.004044,10.031139
227941066800,-0.324434,-1.301135,-0.417748,0.007992,-0.032170,-0.040910,10.048200
228041084819,-0.469830,-0.806113,0.121794,0.054886,-0.009647,-0.022713,9.977971
228141102839,0.956432,0.245005,0.307389,0.066456,-0.082324,-0.068319,10.057381
228241120859,2.109757,-0.064013,0.039800,0.076269,-0.099348,-0.058820,10.056622
228341138878,1.592565,-1.462585,0.376817,0.027189,-0.019375,0.009496,10.072660
228441156898,0.396178,-2.434522,0.573747,0.007272,-0.007444,0.027607,10.142649
228541174918,-0.101283,-2.456919,0.813398,0.133581,-0.076824,-0.105363,10.196341
228641192937,0.650155,-0.777079,0.182543,0.044740,-0.074477,-0.038656,10.170289
228741210957,0.735484,-1.302942,-0.228680,-0.023596,0.007611,0.026559,10.194659
228841228977,-1.200029,-4.018233,0.322403,-0.035710,0.068432,0.049788,10.154310
228941246996,-1.522277,-2.963381,0.152484,-0.035186,0.097000,0.032616,10.075459
229041265016,-0.487207,-1.785780,0.412463,-0.107418,0.035969,0.069989,10.130716
229141283036,0.186265,-2.421551,0.742990,-0.056896,0.035513,0.044196,10.259900
229241301055,-0.310524,-1.944941,0.300244,0.074881,-0.052626,-0.088233,10.218106
229341319075,-0.176809,-0.204347,0.408777,0.084289,-0.120495,-0.069479,10.292532
229441337095,0.355274,-1.313341,0.065741,0.085277,-0.147516,-0.009758,10.374214
229541355114,2.804828,-3.408608,-0.259806,-0.058414,-0.083418,0.147550,10.479388
229641373134,1.845044,-2.375201,0.463215,-0.246349,0.197919,0.243787,10.516249
229741391153,-0.697650,-0.510036,0.618752,-0.103301,0.186255,0.103036,10.650588
229841409173,1.484604,-1.623408,0.590848,0.079619,-0.052803,0.051787,10.811290
229941427193,3.720003,-2.634365,0.488900,0.114111,-0.182537,-0.055455,10.900904
230041445212,2.559204,-3.513594,0.463696,0.058634,-0.109763,0.090212,11.004411
230141463232,2.085080,-3.273251,0.278469,0.163096,-0.136439,0.155590,11.094065
230241481252,0.951894,-1.499728,0.325143,0.168000,-0.173457,0.003649,11.156650
230341499271,-0.536579,-0.086680,0.290165,0.011624,0.052189,0.024248,11.282693
230441517291,0.117956,-0.364178,-0.059944,-0.055081,0.256555,0.174050,11.425063
230541535311,1.195232,-3.851382,-0.062203,-0.006253,0.100528,0.128230,11.641708
230641553330,1.466813,-5.795263,-0.031149,0.235714,-0.377528,-0.133696,11.726942
230741571350,-2.106000,-1.417511,-0.316438,0.355498,-0.484102,-0.277061,11.805427
230841589370,-5.146867,2.212767,-0.434791,-0.005352,0.013942,0.095805,11.800925
230941607389,-1.475649,-1.368969,0.056288,-0.520434,0.483166,0.478120,11.813014
231041625409,0.675192,-2.958079,0.397178,-0.367090,0.352861,0.270411,11.895977
231141643429,-0.090192,-2.647493,0.067522,0.051895,-0.000817,-0.153651,12.009136
231241661448,-0.152762,-2.613134,-0.147590,0.199698,-0.151218,-0.143395,12.113700
231341679468,-2.869382,-0.978299,0.380933,0.043684,0.055038,0.068531,12.218955
231441697488,-0.581535,-1.539172,-0.398612,-0.261292,0.281549,0.201309,12.329575
231541715507,0.891259,-2.617645,-0.866862,-0.358295,0.378342,0.280986,12.441187
231641733527,-1.534893,-1.375621,0.108248,-0.097239,0.076450,-0.003172,12.616157
231741751547,-3.290633,0.758133,-0.177953,0.121234,-0.175645,-0.217986,12.733688
231841769566,-3.887626,-0.634515,-0.616072,0.025200,-0.071531,-0.115595,12.830781
231941787586,-1.746750,-1.655907,-0.246460,-0.212012,0.126383,0.079799,13.020043
232041805606,0.527470,-2.065192,0.202026,-0.212297,0.240158,0.109294,13.233757
232141823625,0.533374,-0.010631,0.371345,-0.006610,-0.025823,-0.097699,13.354009
232241841645,0.052225,2.436757,0.797562,0.091948,-0.110002,-0.084061,13.492655
232341859665,1.045561,1.003124,0.975902,-0.114108,0.166164,0.126084,13.624850
232441877684,0.098069,-0.528116,1.015028,-0.206884,0.186528,0.157330,13.790091
232541895704,-0.851446,-0.171615,0.764068,-0.055012,0.127927,-0.053046,13.926254
232641913724,-2.009574,1.093681,-0.061805,0.023089,0.001572,-0.166194,14.086716
232741931743,-0.827214,0.159335,-0.871238,0.066431,-0.071633,-0.139640,14.260803
232841949763,2.515819,-1.289587,-0.866580,-0.119079,0.005282,-0.004300,14.439091
232941967783,-0.016317,-2.355421,-0.381074,-0.237586,0.294666,0.150530,14.606454
233041985802,-1.561125,-0.643872,-0.366049,-0.197846,0.298922,0.142865,14.709950
233142003822,-0.232120,-0.060587,-0.170815,-0.088622,0.269648,-0.014558,14.820286
233242021842,0.297298,0.510875,-0.472818,-0.094388,0.271831,0.079551,15.063491
233342039861,0.783517,-2.207820,-0.274114,-0.194414,0.268851,0.144839,15.475884
233442057881,1.130660,-3.299604,-0.316006,-0.177156,0.150505,0.161834,15.535058
233542075900,-0.873543,0.496839,-0.414430,0.098754,-0.169451,-0.041768,15.600097
233642093920,-1.404059,2.499179,0.248423,0.357052,-0.351201,-0.296683,15.713664
233742111940,1.161588,-0.818715,0.259265,-0.019230,-0.063927,-0.079873,15.849157
233842129959,4.786451,-5.572947,-0.123990,-0.485259,0.486618,0.359059,16.007756
233942147979,2.590122,-2.507367,-0.041325,-0.353734,0.469122,0.286355,16.228548
234042165999,0.669631,-0.777211,-0.720468,-0.244443,0.327254,0.095356,16.438707
234142184018,2.559067,-2.458797,-0.761184,-0.138314,0.236727,0.033754,16.602578
234242202038,0.522380,-0.686214,0.419460,0.050298,0.072893,0.035045,16.692625
234342220058,0.476870,-1.056939,0.608094,-0.127183,0.343717,0.149654,16.785310
234442238077,3.542465,-4.119693,-0.320723,-0.139170,0.395821,0.203352,16.801155
234542256097,1.476018,-4.282550,-0.033200,0.056788,-0.047552,-0.006142,16.886722
234642274117,-2.498937,-2.187346,-0.412960,0.134949,-0.226260,-0.168539,16.938469
234742292136,-2.855407,-0.339324,-0.714405,0.073759,-0.127893,-0.069371,16.897060
234842310156,0.083076,-0.667851,-0.713439,-0.115831,0.141286,0.182814,16.827492
234942328176,4.202612,-2.424866,-0.757801,-0.064069,0.196619,0.113742,16.889061
235042346195,4.386872,-2.014794,-0.591902,0.175441,-0.201394,-0.216790,16.974520
235142364215,2.685768,-2.201750,-0.000941,0.020598,-0.080850,-0.048684,17.073411
235242382235,2.567327,-1.410347,0.516755,-0.405440,0.362193,0.347033,17.094792
235342400254,0.117847,1.012606,1.008578,-0.137550,0.000504,0.139195,17.136169
235442418274,0.301358,1.727811,1.514906,0.196474,-0.283942,-0.189928,17.104514
235542436294,0.919723,-0.243424,0.951460,0.038992,-0.009833,-0.049763,17.029008
235642454313,1.133594,-3.510551,-0.068055,-0.139844,0.249581,0.126999,17.019214
235742472333,0.928407,-3.446562,-0.449917,0.019366,0.115486,0.065402,17.108889
235842490353,-0.787086,1.314321,-0.344880,0.319201,-0.315835,-0.254852,17.107709
235942508372,-0.482075,0.328383,-0.784446,0.235400,-0.359143,-0.283292,17.109417
236042526392,1.360119,-4.724921,-0.346103,-0.049029,-0.002432,0.058097,17.113062
236142544412,2.808218,-4.059246,-0.175752,-0.295721,0.444307,0.331653,17.157089
236242562431,-0.930302,0.045928,-0.357717,-0.086501,0.127639,0.136557,17.239337
236342580451,-2.384064,1.744114,-0.155575,0.154034,-0.242292,-0.125610,17.237776
236442598471,1.740125,-0.641616,0.108433,-0.258648,0.202380,0.202958,17.265102
236542616490,3.749361,-2.075557,0.589736,-0.490172,0.454913,0.372391,17.349250
236642634510,0.917071,-0.170640,0.432644,-0.080603,0.067659,0.085581,17.333441
236742652530,-3.412492,2.600000,-0.038463,0.412069,-0.424586,-0.407999,17.285947
236842670549,-1.378291,1.750690,0.292219,0.264283,-0.241759,-0.297912,17.269044
236942688569,4.379043,-2.747862,0.060040,-0.201704,0.173542,0.081943,17.338099
237042706589,6.405970,-4.992269,-0.702192,-0.567863,0.635140,0.428923,17.294372
237142724608,0.618147,0.814469,-0.289992,-0.062829,0.173596,0.156548,17.288222
237242742628,-3.531469,5.159342,-0.024780,0.620274,-0.771432,-0.590060,17.352878
237342760647,-0.266574,-0.128827,-0.952467,0.430401,-0.681668,-0.474890,17.312513
237442778667,3.077389,-4.054389,-1.185988,-0.081371,0.039175,0.112850,17.333526
237542796687,0.325428,-0.400696,-0.487321,-0.501462,0.617960,0.384963,17.349546
237642814706,-3.533778,3.924537,0.403041,-0.406634,0.581176,0.380489,17.334196
237742832726,1.230890,-0.608676,0.848318,-0.202031,0.448449,0.296410,17.322017
237842850746,2.635029,-1.583280,0.369155,0.030147,0.018406,-0.125736,17.373461
237942868765,-1.505954,2.582448,0.367318,0.191484,-0.272952,-0.295834,17.341282
238042886785,-0.639617,1.099610,0.182629,0.004249,0.046718,-0.131218,17.325981
238142904805,2.236706,-0.136302,-0.331157,-0.124659,0.252649,0.021781,17.268457
238242922824,4.399041,-0.776778,-0.237480,-0.017706,0.129956,0.219663,17.239558
238342940844,3.813146,-2.793779,-0.563528,0.188656,-0.238202,-0.123159,17.148287
238442958864,0.236392,-0.957410,-0.107488,0.176691,-0.340392,-0.234518,17.228628
238542976883,-4.153202,4.059153,0.987124,0.017642,-0.016930,0.073131,17.209138
238642994903,-0.326985,2.765466,1.017838,-0.227691,0.344657,0.232264,17.121118
238743012923,5.490449,0.251436,0.995316,-0.118873,0.189491,0.188704,17.047004
238843030942,5.019019,-0.937692,1.003958,0.242428,-0.283606,-0.150887,16.964388
238943048962,2.715637,1.186659,0.791671,0.285866,-0.372113,-0.238765,17.044183
239043066982,-0.527841,6.025466,1.401158,0.157634,-0.352424,-0.183630,16.881835
239143085001,2.944466,3.057428,2.039338,-0.060217,-0.055858,0.122425,16.711447
239243103021,8.855514,-1.512527,1.844498,-0.310768,0.365060,0.394919,16.706408
239343121041,5.723874,0.956830,1.514597,0.169196,-0.032104,-0.087305,16.659631
239443139060,2.119836,2.988417,0.722091,0.308525,-0.297983,-0.390441,16.514812
239543157080,2.318533,1.528888,0.427241,0.111046,-0.145864,-0.046665,16.235641
239643175100,3.682904,-0.090383,-0.235837,0.014971,-0.042334,0.144305,15.921505
239743193119,3.251890,-0.082680,-0.741503,0.109543,-0.058597,0.008136,15.726434
239843211139,3.717144,0.241257,-0.666337,0.184503,-0.015751,-0.013091,15.472350
239943229159,3.586844,1.144119,-0.535586,0.100867,-0.049471,0.012939,15.223762
240043247178,3.148504,1.350790,-0.744697,0.092354,-0.172061,0.048861,14.931759
240143265198,3.417373,0.706451,-0.931800,0.023111,-0.125551,0.090228,14.628227
240243283218,3.665466,0.005090,-0.908886,-0.014866,-0.063869,0.023007,14.337505
240343301237,2.355073,0.439650,-0.835834,0.068624,-0.084342,0.033063,14.046134
240443319257,1.549205,-0.078898,-0.304812,0.086052,-0.179216,0.030884,13.774982
240543337277,1.493342,0.204138,0.169578,0.089762,-0.185172,0.007896,13.459069
240643355296,1.569947,0.745267,-0.189498,0.141481,-0.051289,0.100197,13.186618
240743373316,1.609997,0.110116,-0.050362,0.045438,0.065007,0.078161,12.932384
240843391336,1.018250,-0.479414,0.292575,0.042168,0.001060,0.013916,12.572253
240943409355,0.728976,-0.856876,0.074010,0.100987,-0.080019,-0.013815,12.231950
241043427375,0.963312,-0.771238,-0.304422,0.140496,-0.100438,-0.082092,11.909006
241143445394,2.007848,-0.329006,-0.517876,0.137487,-0.119258,-0.117613,11.672086
241243463414,0.858153,0.507602,-0.414747,-0.011604,-0.023380,-0.001245,11.427898
241343481434,0.892497,-0.139705,-0.550760,-0.177591,0.102527,0.114245,11.245818
241443499453,4.264447,-2.592094,-0.475317,-0.108356,0.101522,0.091231,11.138733
241543517473,2.504857,-1.647345,-0.273207,0.135130,-0.097623,-0.085105,11.093035
241643535493,0.472239,0.627951,0.526466,0.245415,-0.347907,-0.178586,11.054897
241743553512,2.493450,0.756617,1.256869,0.173527,-0.281021,-0.144099,10.973073
241843571532,4.270820,-0.135826,1.259768,0.030591,-0.021767,-0.054356,10.903061
241943589552,4.535407,0.284984,1.252545,0.032262,0.009245,-0.009775,10.841168
242043607571,4.501899,1.013668,1.535068,0.121808,-0.087387,-0.111794,10.781452
242143625591,4.027203,1.730571,1.575491,-0.070184,-0.108175,0.050373,10.678699
242243643611,3.549536,2.136752,1.044604,-0.054364,-0.058575,0.081141,10.576051
242343661630,3.484905,2.079073,0.663721,0.034147,-0.118749,0.009210,10.364946
242443679650,2.664355,2.010578,0.298388,0.028683,-0.019528,-0.007325,10.427814
242543697670,2.885565,1.116954,-0.411898,-0.053852,0.063973,0.053901,10.323395
242643715689,4.355593,0.553550,-0.799114,-0.029105,-0.064008,0.033743,10.101467
242743733709,3.266725,1.085030,-0.648072,0.128277,-0.278649,-0.105482,10.183337
242843751729,0.734715,1.248161,-0.508132,0.099591,-0.205967,-0.099755,9.897494
242943769748,-0.609017,0.391293,-0.675861,-0.033454,-0.014147,0.023144,9.747660
243043787768,0.273900,-1.055435,-0.830087,-0.124114,0.052784,0.100588,9.662200
243143805788,1.846886,-1.703244,-0.678021,-0.010211,-0.028384,0.063885,9.269827
243243823807,2.023314,-1.568849,-0.190645,0.070137,-0.125141,-0.039782,9.013777
243343841827,1.503754,-1.268328,0.089540,0.033094,-0.041320,-0.016885,8.769386
243443859847,0.772621,-0.912286,0.242552,-0.001480,0.016865,0.069031,8.375916
243543877866,-0.298172,-0.860152,0.032498,0.050068,-0.020382,-0.021147,8.150685
243643895886,0.520994,-0.388919,-0.330343,0.098117,-0.021039,-0.031043,7.797209
243743913906,1.444865,-0.674711,-0.246302,0.100032,-0.060860,-0.019738,7.557559
243843931925,0.309182,-1.116731,-0.353111,0.039356,-0.060484,-0.049597,7.543174
243943949945,-1.020779,-1.150191,-0.683210,-0.106575,0.051853,0.097927,7.531695
244043967965,-0.793201,-1.245563,-0.490099,-0.154581,0.134395,0.130412,7.481032
244143985984,-0.127726,-1.019576,0.128437,-0.049929,0.106231,0.014812,7.512972
244244004004,-0.669506,-1.704322,-0.174165,0.028031,-0.018986,0.016732,7.550193
244344022024,-0.662154,-2.323477,-0.291933,-0.015595,-0.015980,0.007643,7.378817
244444040043,-0.743314,-2.128864,0.109040,-0.102320,0.045223,0.066152,7.369658
244544058063,0.616303,-3.381682,-0.043563,-0.093961,0.103933,0.090024,7.486741
244644076082,0.251978,-3.203242,-0.346252,-0.000725,-0.064863,0.018116,7.360436
244744094102,-2.199483,-1.394119,-0.051488,0.119728,-0.187125,-0.110955,7.352912
244844112122,-1.559177,-1.730333,-0.132644,0.106710,-0.112901,-0.082821,7.449981
244944130141,-0.713944,-2.447769,-0.594655,-0.009181,-0.084460,0.028305,7.395064
245044148161,-0.984145,-2.476254,-0.742887,-0.140797,-0.024241,0.013332,7.502936
245144166181,-0.830635,-2.271913,-0.785865,-0.147949,0.073304,0.046437,7.606939
245244184200,-1.051978,-2.309010,-0.379978,-0.035497,0.128208,0.018139,7.761155
245344202220,-0.194122,-3.191520,0.087022,0.046919,-0.020409,-0.059517,7.924032
245444220240,-0.195287,-3.423529,0.132525,0.031639,-0.110729,-0.076778,8.182060
245544238259,-1.567275,-1.970917,0.070699,-0.069143,0.060504,0.024008,8.324640
245644256279,-1.151226,-1.773844,-0.144297,-0.129534,0.151312,0.061214,8.463363
245744274299,-0.656952,-2.869701,-0.128774,-0.104847,0.122149,0.019137,8.670262
245844292318,-1.105988,-3.216759,0.072535,0.022698,-0.030915,-0.048485,8.835557
245944310338,-1.280201,-2.400371,0.191606,0.136819,-0.086684,-0.091891,8.947194
246044328358,-1.810389,-2.251014,-0.104466,0.049808,0.028070,-0.005131,9.113204
246144346377,-1.433730,-3.269362,-0.287926,-0.082141,0.121300,0.056751,9.366540
246244364397,-0.301372,-3.380440,-0.339721,-0.042141,-0.012984,0.123287,9.499981
246344382417,-0.327723,-3.043074,-0.177092,0.075489,-0.122309,-0.046350,9.600738
246444400436,0.060683,-2.492539,-0.097245,0.085973,-0.046522,-0.080278,9.769927
246544418456,1.185268,-2.079598,-0.142304,0.029799,-0.057075,-0.023159,10.113131
246644436476,-0.113839,-1.623000,0.414318,0.009753,-0.104957,-0.038279,10.163354
246744454495,-0.287510,-2.376314,0.188262,0.002574,-0.163370,-0.016953,10.299632
246844472515,1.239559,-2.871317,-0.336504,-0.006228,0.001541,0.033962,10.583227
246944490535,1.014638,-1.723171,0.476801,-0.143347,0.036158,0.128776,10.580397
247044508554,-0.716431,-0.739680,0.981422,-0.110749,0.037099,0.078900,10.727868
247144526574,-0.040661,-1.798120,0.213009,-0.036932,0.138264,0.029187,10.826631
247244544594,0.378899,-2.908641,-0.567793,0.002217,-0.057134,0.004544,10.965302
247344562613,-2.663014,-1.456298,-0.140185,0.203096,-0.229163,-0.104759,11.150786
247444580633,-3.620026,-0.626512,-0.201422,0.142595,-0.264358,-0.231411,11.308423
247544598653,-0.331300,-2.157364,-0.057843,-0.175118,0.027924,0.063907,11.410139
247644616672,1.228338,-4.041933,0.776502,-0.226685,0.290093,0.207516,11.565717
247744634692,-0.445170,-2.718423,0.813693,0.086162,0.054006,0.057772,11.775923
247844652712,-0.912993,-1.226081,1.066527,0.206617,-0.111328,-0.143505,11.777017
247944670731,0.026933,-2.001571,0.888490,0.163028,-0.054002,-0.136589,11.845430
248044688751,0.493826,-2.150672,-0.248870,0.044896,0.085941,-0.001905,12.136612
248144706771,0.037710,-1.580318,-0.044383,-0.026965,0.051767,0.061397,12.337705
248244724790,-0.201152,-1.715307,0.874188,-0.069761,0.068768,0.039850,12.473457
248344742810,0.903064,-1.706574,1.821891,0.057713,0.056150,-0.011653,12.510543
248444760829,1.862718,-1.615126,2.379392,0.268531,-0.111067,-0.222325,12.632433
248544778849,2.064693,0.222746,2.316578,0.165254,-0.139646,-0.191332,12.835358
248644796869,0.386347,1.412940,2.166268,-0.101076,0.031805,0.068339,12.968335
248744814888,-1.810830,-0.870013,1.933928,-0.100981,0.078018,0.102443,12.996945
248844832908,-0.765891,-2.111354,1.270557,-0.000100,-0.100887,0.005755,13.161461
248944850928,0.429248,-2.522460,0.904821,0.076030,-0.129764,-0.110763,13.291843
249044868947,-0.181368,-2.141423,0.192433,0.042226,-0.129697,-0.114230,13.388868
249144886967,-0.848956,-2.655470,-0.077087,-0.091237,-0.014002,-0.006123,13.568776
249244904987,0.144577,-2.507050,-0.187131,-0.153162,0.137294,0.095554,13.775468
249344923006,1.482614,-1.262105,-0.236960,-0.113601,0.139682,0.043731,13.811415
249444941026,-0.184782,-1.647940,0.378575,-0.019208,0.056609,-0.038328,14.032122
249544959046,0.025907,-1.473219,0.537924,0.043995,0.087845,0.047595,14.171527
249644977065,0.478251,-1.609677,0.292764,0.034600,0.030913,-0.028154,14.201526
249744995085,-0.369406,-1.503234,0.432487,0.086849,-0.069854,-0.046514,14.364369
249845013105,0.612833,-0.636552,0.571233,0.180464,0.001375,-0.109623,14.541850
249945031124,1.491391,-1.520062,0.563432,-0.049726,0.200586,-0.065437,14.735295
250045049144,1.779185,-2.074520,0.123942,-0.231412,0.393974,0.138686,14.865055
250145067164,-1.270064,-0.772762,0.292264,-0.150976,0.305887,0.111476,14.987327
250245085183,-3.341426,-0.248628,0.367572,-0.028699,-0.126816,-0.028225,15.070961
250345103203,-0.005278,-1.502303,-0.067196,0.124635,-0.241246,-0.067105,15.178916
250445121223,1.833024,-1.867547,-0.128291,0.026208,-0.089043,0.018722,15.412881
250545139242,0.486843,-1.348598,-0.127987,0.017054,0.003025,-0.006018,15.485804
250645157262,0.871068,-1.974146,-0.094540,0.014091,0.013271,-0.001276,15.510555
250745175282,2.425785,-1.039483,-0.072039,-0.116960,0.179479,0.114747,15.600830
250845193301,-1.652951,-0.108825,-0.354164,-0.288020,0.299754,0.227644,15.551944
250945211321,-4.188076,-1.034300,-0.186790,-0.039221,0.082264,0.025444,15.572792
251045229341,1.349259,-2.461242,-0.016008,0.384037,-0.327910,-0.349242,15.646426
251145247360,3.322469,-4.286904,-0.159029,0.168062,-0.302030,-0.154536,15.743963
251245265380,0.748668,-3.627960,-0.169179,-0.192518,0.130747,0.222637,15.761689
251345283400,-1.410764,-2.109452,0.025938,-0.195512,0.083487,0.131933,15.779445
251445301419,-3.200845,-2.344246,-0.068059,0.051516,-0.129990,-0.031188,15.928200
251545319439,-2.758378,-3.456432,0.061189,0.035815,-0.080004,0.083323,15.968819
251645337459,0.244955,-5.365348,0.222478,-0.136556,0.280674,0.231292,15.943486
251745355478,1.755882,-2.789498,-0.238880,-0.204327,0.363685,0.160166,16.125286
251845373498,1.255152,2.127029,-0.384286,-0.093568,0.235603,0.135048,16.214525
251945391518,2.216392,1.921001,-0.619561,0.117031,0.075195,0.127803,16.202065
252045409537,2.892268,-1.644431,-0.191486,0.112684,-0.072390,-0.092938,16.327042
252145427557,2.647539,-1.430348,0.591683,0.108147,-0.127350,-0.130584,16.332005
252245445576,2.465284,0.997527,0.525964,-0.050068,-0.092303,0.100996,16.364525
252345463596,0.866543,0.342258,-0.354762,-0.101360,-0.051250,0.099045,16.600881
252445481616,-0.558408,-0.984202,-0.317291,0.003293,-0.158801,-0.059496,16.626628
252545499635,-0.339729,-1.619940,0.195699,0.039700,-0.147576,-0.093091,16.735033
252645517655,-0.882439,-1.790895,-0.536718,0.076525,-0.174327,-0.042605,16.860083
252745535675,-3.609408,-0.023588,-1.019533,0.123776,-0.144648,-0.040633,16.813437
252845553694,-0.459272,-0.729280,-0.360899,-0.017568,0.010888,0.038630,16.825056
252945571714,2.257176,-0.336797,-0.400464,-0.325519,0.278623,0.254765,16.930105
253045589734,-2.088817,1.227035,-0.474773,-0.396556,0.471141,0.347064,17.139015
253145607753,-0.814585,-0.579654,0.264075,-0.174136,0.307556,0.084184,17.028568
253245625773,3.559305,-1.052377,0.106479,0.172532,-0.103533,-0.107521,17.230808
253345643793,3.252624,0.504619,0.223442,0.224961,-0.337050,-0.181270,17.435546
253445661812,0.406091,1.467049,0.188322,0.150082,-0.166009,-0.126873,17.429563
253545679832,-0.383686,-0.424198,-0.461595,-0.037188,0.100964,0.106839,17.284104
253645697852,1.315438,-2.311923,-0.754632,-0.193963,0.144958,0.186679,17.525148
253745715871,0.392100,-1.653801,-0.237946,-0.071435,0.111314,0.058357,17.882769
253845733891,0.129438,-0.834706,0.278601,-0.032487,0.116425,0.014308,17.877785
253945751911,2.205289,-0.897501,0.397516,-0.149527,0.137799,0.003109,17.886561
254045769930,1.169956,0.747857,0.057822,-0.096600,0.035238,0.021194,17.896736
254145787950,-0.556980,1.013774,-0.228823,0.053508,-0.211062,-0.074379,17.782769
254245805970,1.069919,-0.511497,0.073098,0.148908,-0.329034,-0.200048,17.701868
254345823989,1.434202,-2.471541,0.565104,-0.004713,-0.121793,-0.095908,17.707532
254445842009,0.473080,-2.582521,0.712237,-0.152957,0.238307,0.152549,17.552817
254545860029,-0.098200,-0.114233,0.605117,-0.062627,0.188359,0.091738,17.670800
254645878048,-0.881851,-0.066114,0.983848,0.069201,-0.110713,-0.026898,17.774776
254745896068,0.191072,-0.667999,1.012067,0.086941,-0.064379,0.021028,17.736709
254845914088,2.955340,-1.757265,1.223280,-0.166839,0.192686,0.140247,17.691766
254945932107,2.637427,-1.009769,0.839331,-0.280916,0.305648,0.273769,17.697785
255045950127,1.559598,-1.614111,-0.360649,-0.273924,0.333602,0.236515,17.615735
255145968147,2.784600,-1.365784,-0.355180,-0.184541,0.165511,0.037634,17.348936
255245986166,2.788798,1.608857,0.366450,0.115456,-0.098559,-0.203603,17.403885
255346004186,1.900072,1.334333,0.009084,0.170980,-0.092089,-0.199145,17.493518
255446022206,0.723935,1.784135,-0.479027,-0.005543,0.141981,-0.035195,17.642730
255546040225,0.581542,1.198484,-0.049043,-0.207374,0.252468,0.077982,17.540942
255646058245,1.562297,-0.152896,-0.708969,-0.251265,0.125145,0.186955,17.222694
255746076265,0.015534,-0.200282,-1.081842,-0.104819,-0.046338,0.099825,17.158515
255846094284,-2.698833,0.878319,-0.083485,0.071146,-0.179564,-0.022629,17.029759
255946112304,-0.335186,-0.099177,0.957204,0.196246,-0.150924,-0.164115,16.731372
256046130323,3.348274,-1.504036,1.756055,0.102189,0.033192,-0.148180,16.772384
256146148343,2.339961,-0.146028,1.853596,0.049820,0.092139,-0.010285,16.935401
256246166363,-0.065926,1.017598,0.705798,0.161967,-0.090120,-0.122162,16.833762
256346184382,1.099373,0.776795,-0.589393,0.219031,-0.366981,-0.206863,16.395554
256446202402,3.618831,-0.704096,-0.392821,0.006228,-0.204380,-0.087852,16.240691
256546220422,1.006476,0.595989,0.438906,-0.231356,0.286652,0.246374,16.417612
256646238441,-2.803184,1.859510,0.397459,-0.269262,0.423989,0.318542,16.365559
256746256461,-0.674006,-0.824113,0.380986,-0.125686,0.219192,0.130537,16.339318
256846274481,3.427398,-2.488867,0.401958,0.193300,-0.213250,-0.129668,16.397083
256946292500,3.846285,-1.066619,-0.365135,0.226011,-0.260118,-0.161913,16.429628
257046310520,0.857803,1.246308,-1.200173,-0.077259,0.187849,0.070901,16.372383
257146328540,-2.070348,2.304779,-1.478917,-0.245079,0.336293,0.215907,16.130929
257246346559,-0.777238,0.829223,-1.407805,-0.023465,-0.037200,0.034752,15.885622
257346364579,1.743325,-1.122517,-1.127033,0.301673,-0.404178,-0.229783,15.517913
257446382599,0.582556,1.158025,-0.860188,0.304856,-0.275281,-0.180844,15.418551
257546400618,-2.161415,3.687402,-0.046986,0.025422,-0.044299,-0.009550,15.686418
257646418638,-1.235832,1.743375,1.495277,-0.248347,0.079615,0.181682,15.817125
257746436658,3.714078,2.365919,0.976678,-0.072834,0.053777,0.028453,15.844344
257846454677,5.319128,2.022567,0.496095,0.175590,-0.041193,-0.163032,15.708534
257946472697,3.180278,1.338501,0.130596,0.065458,-0.114429,-0.133546,15.628947
258046490717,-0.496458,2.749329,-0.242250,-0.123247,0.042009,0.066034,15.434772
258146508736,-4.311890,1.861650,0.424588,0.038570,-0.063247,-0.132290,15.243920
258246526756,-2.212730,-1.195939,0.541540,0.288881,-0.255507,-0.250271,15.345935
258346544776,2.117045,-3.295731,0.325482,0.060828,-0.096099,-0.078980,15.515362
258446562795,0.590011,-2.939616,0.060407,-0.249709,0.204951,0.160298,15.552705
258546580815,-0.931101,-1.889772,0.021039,-0.222171,0.275400,0.283474,15.411211
258646598835,1.561428,-3.233559,0.245181,0.015410,-0.091296,0.010528,15.169242
258746616854,1.165350,-6.040899,1.038293,0.252749,-0.424804,-0.245274,15.353328
258846634874,-2.410857,-2.637448,0.927535,0.212193,-0.518507,-0.232893,15.255554
258946652894,-2.873538,0.014882,-0.058086,-0.119025,-0.081378,0.060456,15.030799
259046670913,-0.456353,-1.405901,-0.230803,-0.273553,0.211074,0.226685,15.148931
259146688933,0.902947,-1.876289,-0.159424,-0.092080,0.006699,0.056268,15.123049
259246706953,-0.486348,0.692458,-0.278906,0.171984,-0.209034,-0.182145,14.944233
259346724972,-1.821161,2.841172,-0.206431,0.235503,-0.207128,-0.188886,15.129577
259446742992,1.398989,-0.019259,0.144833,-0.068382,0.185681,0.047543,15.234132
259546761012,3.457330,-4.301432,0.526504,-0.305225,0.541357,0.341308,14.951099
259646779031,1.757382,-3.527219,0.643595,-0.156229,0.303449,0.213828,14.973418
259746797051,-1.043364,0.803474,0.589321,0.216509,-0.150026,-0.171452,14.996306
259846815070,-0.120498,0.174858,0.196920,0.259051,-0.313266,-0.254616,14.833588
259946833090,3.922215,-1.905836,-0.398587,-0.067332,0.005136,0.014695,14.803154
260046851110,4.286648,-0.488189,-0.369173,-0.328368,0.247399,0.261261,14.738811
260146869129,1.903351,2.513079,-0.368040,-0.328672,0.312131,0.269857,14.712857
260246887149,0.544755,4.737075,-0.933045,-0.245893,0.219600,0.181440,14.831347
260346905169,1.607666,2.146159,-0.790851,-0.040404,-0.155596,-0.035380,14.588858
260446923188,3.103493,-0.420700,-0.285128,0.165091,-0.277169,-0.124009,14.084952
260546941208,1.822029,0.943530,0.144677,0.095671,-0.054614,-0.078046,13.924713
260646959228,-0.233564,1.231660,0.856663,0.013218,0.126605,0.053536,14.007841
260746977247,0.144376,0.906004,1.019153,0.017966,0.110726,0.033710,13.739647
260846995267,1.502696,1.935003,0.230838,-0.069194,0.010750,-0.004313,13.756203
260947013287,1.632483,0.877669,-0.679524,-0.123043,0.013421,-0.027382,13.886146
261047031306,-0.050731,-1.128190,-0.718056,-0.079083,0.041224,-0.025019,13.803172
261147049326,-0.213806,-1.565399,-0.142473,-0.012169,-0.015673,-0.019548,13.667278
261247067346,1.162570,-0.887320,0.210262,-0.035785,0.045910,-0.006758,13.679536
261347085365,1.891389,0.325816,-0.049260,-0.105122,0.088175,0.032852,13.941503
261447103385,1.402429,0.324115,-0.650033,-0.114517,0.044494,0.033811,13.806261
261547121405,1.477961,-1.751486,-1.189154,-0.111161,0.046671,0.040487,13.577578
261647139424,2.044390,-1.974323,-1.273264,-0.131447,-0.039213,-0.049970,13.487754
261747157444,2.087377,-1.719035,-1.100112,-0.191844,0.121369,0.064402,13.492880
261847175464,0.950293,-1.701766,-0.400157,-0.120931,0.261719,0.103668,13.409145
261947193483,-0.088207,0.272462,-0.017204,-0.050181,0.056055,0.028151,13.410683
262047211503,0.091590,0.398868,-0.068817,-0.000145,-0.046412,0.039703,13.540029
262147229523,1.301658,-0.818879,-0.367181,0.013299,-0.033393,-0.021616,13.570729
262247247542,0.562487,-1.343314,-1.227699,-0.037358,-0.018128,-0.024712,13.344002
262347265562,-1.462441,-1.492258,-1.001469,-0.105495,0.004012,0.054687,13.169903
262447283582,-1.662663,-0.596606,-0.433334,-0.006341,-0.063550,-0.050009,13.236903
262547301601,1.547719,-0.265879,-0.306118,0.189125,-0.147178,-0.195633,13.230252
262647319621,4.914137,-2.195639,-0.250344,0.155959,-0.086858,-0.169808,13.355059
262747337641,3.828856,-1.303590,-0.648568,-0.193295,0.032767,0.098037,13.294856
262847355660,-0.141561,0.643861,-1.109963,-0.194628,-0.013420,0.116336,13.033114
262947373680,-2.346015,0.253339,-0.715555,0.150774,-0.188692,-0.155362,12.992670
263047391700,0.850406,-1.772495,0.037326,0.264945,-0.253500,-0.232259,12.949731
263147409719,3.112318,-2.273913,0.009648,0.126308,-0.110618,-0.143465,12.924784
263247427739,0.919605,-0.804226,0.096290,-0.115445,0.081361,0.055549,13.091166
263347445759,-0.883095,-0.606783,-0.217419,-0.130028,0.081240,0.067015,13.274949
263447463778,0.272247,-1.961281,-0.844453,0.065661,-0.096867,-0.080657,13.276589
263547481798,2.323581,-2.989476,-1.072224,0.169832,-0.311079,-0.152824,13.114486
263647499817,1.116355,-1.718377,-1.025489,0.053286,-0.144807,-0.078827,13.109215
263747517837,-1.183295,0.155264,-0.469346,-0.130691,0.176863,0.126519,13.207867
263847535857,-1.134587,0.519897,-0.268580,-0.150512,0.143915,0.155008,13.373617
263947553876,0.202609,-1.163250,-0.426206,0.050180,-0.009200,-0.040073,13.359729
264047571896,1.465359,-2.474495,-0.574025,0.153374,-0.157892,-0.117572,13.369559
264147589916,2.052998,-1.613628,-0.708662,0.075754,-0.099955,-0.062679,13.380707
264247607935,1.543664,-1.245456,-0.266478,0.022387,-0.023217,-0.015806,13.403063
264347625955,1.038264,-1.224120,0.311972,0.039305,-0.027904,-0.028047,13.531064
264447643975,1.648913,-0.476935,0.314683,0.040062,0.023017,0.020845,13.408775
264547661994,2.637057,0.145233,0.137926,-0.020299,-0.005254,0.074032,13.338117
264647680014,2.700736,-0.064197,-0.009582,-0.014231,-0.018838,0.048728,13.508261
264747698034,1.458730,-0.987160,-0.029156,0.035460,-0.007877,0.013844,13.542378
264847716053,-0.191125,-1.004373,-0.096822,0.047508,-0.075872,0.027180,13.463808
264947734073,-0.470927,-0.413521,0.186088,0.087599,-0.076914,0.069789,13.445695
265047752093,1.170264,-0.744790,0.053477,0.013636,0.085029,0.097235,13.359392
265147770112,2.786680,-0.778485,-0.378585,-0.150229,0.103777,0.136022,13.164038
265247788132,3.097363,-0.840830,-0.514632,-0.121276,-0.092194,0.062389,13.157080
265347806152,1.609046,-0.349596,-0.506604,-0.027656,-0.158744,-0.005289,13.149938
265447824171,0.445187,0.023697,-0.188436,-0.072786,-0.017873,0.047684,13.067102
265547842191,0.355540,-1.182949,0.250816,-0.078681,0.117774,0.094814,13.119870
265647860211,0.954405,-2.141150,0.607664,-0.053338,0.117391,0.101751,13.066289
265747878230,0.739333,-1.807204,0.245316,0.063332,-0.067528,-0.020640,13.030756
265847896250,-0.736745,-0.675943,-0.317918,0.160356,-0.161604,-0.113935,13.118177
265947914270,-0.347297,-0.508726,-0.175017,0.039162,-0.014494,-0.055105,13.064838
266047932289,1.625239,-0.345259,-0.047541,-0.127520,0.168804,0.153893,12.975379
266147950309,2.300144,0.547309,-0.006157,0.006410,-0.023986,0.087130,12.944565
266247968329,2.731941,-0.390522,0.066926,0.184203,-0.297552,-0.147829,12.935979
266347986348,3.780962,-2.230861,0.037118,0.084773,-0.135298,-0.063732,12.814991
266448004368,2.425015,-1.567617,0.027909,-0.128800,0.205624,0.145258,12.768334
266548022388,-0.800609,0.368528,-0.137978,-0.066375,0.196470,0.092335,12.721521
266648040407,-1.647846,0.186442,-0.257393,0.206051,-0.140772,-0.154652,12.767829
266748058427,0.871613,-2.161203,0.329306,0.307166,-0.266363,-0.221638,12.745318
266848076447,2.273071,-2.607453,0.446729,0.204596,-0.173688,-0.146884,12.686255
266948094466,0.797217,-1.475925,-0.173997,-0.068408,0.033133,0.031206,12.690877
267048112486,-0.632934,-0.747789,-0.253561,-0.116818,0.108117,0.167452,12.626420
267148130506,0.723029,-1.071283,0.067999,0.115858,-0.088076,-0.018035,12.570813
267248148525,3.317340,-1.602442,0.020560,0.252945,-0.259182,-0.159820,12.513663
267348166545,3.366718,-1.870943,-0.262140,0.088309,-0.075132,0.013230,12.444074
267448184564,1.448199,-0.716615,-0.048087,-0.068395,0.129100,0.130659,12.381490
267548202584,0.473450,1.178877,0.182192,0.005722,0.014979,0.042088,12.411544
267648220604,0.754726,0.505014,0.092633,0.106544,-0.123172,-0.050620,12.371000
267748238623,2.305463,-1.206721,0.432214,0.027143,-0.041266,0.022472,12.345058
267848256643,3.496401,-2.400112,0.555565,-0.106727,0.136774,0.149147,12.258190
267948274663,2.325449,-1.308624,0.146354,-0.082094,0.106536,0.115960,12.237930
268048292682,0.671908,0.311438,0.207858,0.064276,-0.084886,-0.022344,12.228500
268148310702,0.184525,0.229046,0.200628,0.086031,-0.091080,0.002986,12.153957
268248328722,0.792976,-0.360132,-0.383656,-0.053735,0.042985,0.067196,12.064689
268348346741,2.154270,-0.632495,-0.199690,-0.077505,0.104626,0.096820,11.969899
268448364761,3.414163,-1.072474,0.389187,0.030068,-0.011566,0.026053,12.024779
268548382781,2.316368,-0.633231,0.497352,0.082501,-0.173546,-0.080281,11.964419
268648400800,0.592498,-0.339839,0.359312,0.003798,-0.088088,0.008805,11.829011
268748418820,0.230274,-0.878748,-0.006293,-0.058250,0.017756,0.066327,11.789481
268848436840,0.992072,-0.573193,0.148354,-0.020824,-0.063103,0.026699,11.727205
268948454859,2.368671,-0.881365,0.707647,0.117803,-0.156612,-0.063475,11.676036
269048472879,2.531094,-1.092102,0.767390,0.097783,-0.113822,-0.072750,11.642092
269148490899,1.747482,-0.690089,0.276755,-0.052424,0.067272,0.066181,11.585206
269248508918,0.553032,-0.562439,-0.061000,-0.078556,0.127776,0.106108,11.481938
269348526938,0.805834,-0.944203,-0.068874,-0.024196,0.011726,0.025508,11.433467
269448544958,1.489306,-1.478483,0.051561,0.047725,-0.045910,-0.035755,11.386980
269548562977,1.181332,-0.628317,0.052713,0.096597,-0.063720,-0.041229,11.285918
269648580997,0.008894,-0.371004,0.041913,0.054994,-0.042003,-0.041551,11.225391
269748599017,-0.204085,-1.033036,-0.202972,-0.015844,0.024089,-0.043419,11.229050
269848617036,1.371355,-0.701775,-0.694952,-0.003215,0.075120,0.017567,11.154501
269948635056,1.012640,-0.583090,-0.862662,-0.036705,0.015227,0.032766,11.081715
270048653076,0.481492,-1.108780,-0.691208,-0.047651,0.009135,0.036554,11.043829
270148671095,0.788553,-0.957189,-0.610877,-0.048166,0.028891,0.065782,10.903925
270248689115,0.411411,-0.681226,-0.534837,-0.035002,0.055144,0.015889,10.907857
270348707135,0.723077,-0.883100,-0.410675,-0.017331,0.081277,0.030767,10.893963
270448725154,0.174100,-0.720121,-0.325660,-0.055178,0.016584,0.077453,10.794399
270548743174,-0.154642,-0.830723,-0.145724,-0.036086,0.007770,0.024510,10.757912
270648761194,0.378421,-0.902035,0.242704,-0.005628,0.044002,-0.042119,10.689370
270748779213,0.427839,-0.899079,0.600826,-0.027679,0.102968,0.009487,10.618469
270848797233,1.409948,-0.806885,0.482283,-0.063997,0.078486,0.052709,10.572239
270948815253,1.118323,-0.391197,0.644943,-0.012715,-0.028558,-0.016510,10.530283
271048833272,0.221513,0.185365,0.791878,0.050107,-0.093846,-0.062959,10.469629
271148851292,0.204741,0.204687,0.386862,0.022440,-0.020468,-0.047636,10.410611
271248869311,1.319427,-0.413567,0.141649,-0.077152,0.095336,0.062116,10.375066
271348887331,2.470069,-0.957879,0.318196,-0.004517,0.064469,0.057272,10.294662
271448905351,0.951763,-0.702344,0.317963,0.172069,-0.116314,-0.113890,10.252226
271548923370,-0.971534,-0.479027,0.393146,0.163167,-0.212818,-0.142554,10.216077
271648941390,-0.867272,-1.113960,0.353079,0.038335,-0.058828,-0.064231,10.157659
271748959410,0.519064,-1.315760,0.091085,-0.050340,0.029707,-0.043417,10.125520
271848977429,0.804544,-1.965463,0.115942,0.029147,-0.063461,-0.071473,10.037282
271948995449,0.496075,-1.994864,0.077108,0.087861,-0.036842,-0.076024,10.044485
272049013469,1.360626,-0.802413,-0.146727,-0.034788,0.046215,0.023764,10.047977
272149031488,1.861029,-0.546415,-0.106063,0.014112,-0.010822,-0.043128,9.970604
272249049508,1.651207,-1.402067,0.276641,0.054146,-0.000634,-0.027931,9.979364
272349067528,1.155682,-1.454630,0.622853,-0.045015,0.108033,0.098658,9.959626
272449085547,0.398259,-0.452073,0.437960,-0.014414,0.129311,0.043916,9.945624
272549103567,0.513311,-0.363291,-0.139421,0.052567,0.054963,-0.016284,9.959135
272649121587,1.586373,-0.634426,-0.380869,0.070921,-0.076246,-0.069603,9.918125
272749139606,2.204362,-0.791782,-0.270864,0.047484,-0.057575,-0.019087,9.873072
272849157626,1.410931,-0.868023,-0.494201,0.001691,0.053118,0.040639,9.886556
272949175646,0.482590,-0.275288,-0.455993,0.016139,0.011154,-0.037747,9.869703
273049193665,-0.013194,-0.320337,0.072145,0.045657,-0.047339,-0.031545,9.891461
273149211685,-0.112079,-1.283699,0.106999,0.023329,-0.015163,0.020364,9.905819
273249229705,0.062845,-1.678582,0.126601,0.041548,0.016779,-0.011169,9.844167
273349247724,-0.267269,-1.836103,0.334387,0.002878,0.049334,0.014481,9.767011
273449265744,-0.715654,-0.988101,0.236732,-0.007434,-0.002029,-0.009898,9.779738
273549283764,-0.366436,0.195875,0.084470,0.037237,-0.037468,-0.034063,9.827079
273649301783,0.834012,-0.067709,0.051533,0.036140,-0.016475,-0.027128,9.683974
273749319803,1.103523,-1.140904,0.570914,-0.007425,-0.045917,0.065895,9.673666
273849337823,1.382676,-1.866976,1.050784,0.073130,-0.032624,-0.021298,9.713302
273949355842,1.721798,-0.995737,0.720218,0.125038,-0.017336,-0.134804,9.663872
274049373862,-0.845214,-1.537969,0.702689,-0.049648,0.090410,0.045969,9.639492
274149391882,-2.144933,-1.411718,0.477283,-0.045757,0.018190,0.043792,9.604002
274249409901,0.340668,-0.095936,-0.113569,0.090203,-0.149003,-0.094176,9.620385
274349427921,1.660343,-0.132467,-0.306931,0.137633,-0.144930,-0.079491,9.626625
274449445941,-0.676345,-1.627849,0.092411,0.148935,-0.121030,-0.071247,9.624923
274549463960,-2.916591,-2.176135,0.348625,-0.082350,0.056462,0.068590,9.591961
274649481980,-1.365523,-0.911724,-0.175303,-0.188062,0.167802,0.148334,9.615438
274749500000,1.811276,-0.488563,-0.702184,0.084690,0.018805,-0.076655,9.571661
274849518019,1.139200,-1.668935,-0.407523,0.240949,-0.190843,-0.181016,9.547619
274949536039,-1.610289,-2.491255,0.268883,0.047758,-0.079386,-0.067508,9.689508
275049554058,-1.855189,-0.618202,-0.101308,-0.156278,0.146734,0.152661,9.684004
275149572078,-0.898302,0.877161,-0.392037,-0.091424,0.091872,0.069389,9.685441
275249590098,-1.117235,-1.081760,0.452072,0.040619,-0.076912,-0.062392,9.789656
275349608117,-1.230771,-2.365477,1.007684,0.003669,-0.048401,0.078503,9.842417
275449626137,0.377860,-0.782546,0.453316,-0.101520,0.047403,0.054812,9.890689
275549644157,-0.272057,-1.668894,-0.027061,-0.080001,0.092221,0.007633,9.959227
275649662176,-1.400056,-1.962821,-0.136812,-0.096977,0.032245,0.073770,9.989034
275749680196,-0.639802,-0.606159,-0.460697,-0.004784,-0.059674,-0.007850,10.030284
275849698216,-0.271245,-2.165308,-0.735721,0.079440,-0.154404,-0.087830,10.112262
275949716235,0.089401,-2.461825,-0.875009,0.038068,-0.096089,-0.064500,10.191303
276049734255,-0.113162,-2.579877,-0.533790,-0.004727,-0.034355,0.002959,10.220059
276149752275,0.860499,-2.501670,0.153426,-0.087618,0.018456,0.157631,10.270112
276249770294,2.635652,-2.006189,1.064575,-0.043753,-0.004174,0.093052,10.313004
276349788314,1.350241,-0.894144,2.766732,0.107268,0.081073,-0.055019,10.358199
276449806334,1.089284,-0.510779,3.213473,-0.033321,0.046753,0.103273,10.493199
276549824353,1.500936,-1.550862,1.895014,-0.073335,-0.121775,0.040207,10.569425
276649842373,0.245194,-2.024177,1.412788,-0.013844,-0.137678,0.047895,10.663193
276749860393,0.352469,-1.127133,0.878661,-0.022355,-0.054929,0.035629,10.708594
276849878412,0.652732,0.135405,0.135329,0.051357,-0.000642,-0.011348,10.701439
276949896432,0.501439,0.042202,-0.325466,0.055064,0.021196,0.101871,10.846303
277049914452,0.894842,-0.423715,-0.216925,0.003026,0.005146,0.039805,10.936975
277149932471,0.513563,-1.369029,0.058174,-0.030284,-0.099065,-0.021483,10.990320
277249950491,-0.058131,-1.147390,-0.083131,-0.004886,0.003055,0.026959,11.074987
277349968511,0.642246,-0.204679,-0.017696,-0.029426,0.091241,0.055597,11.129002
277449986530,0.344775,-0.107027,0.062856,-0.017010,0.039019,-0.031722,11.190550
277550004550,-1.065655,-0.831575,-0.347908,0.096887,-0.056513,-0.057621,11.271533
277650022570,-1.360940,-1.198072,-0.520181,0.073322,-0.091753,-0.085182,11.336530
277750040589,-0.261219,-1.222750,0.103974,-0.018403,0.023449,0.016948,11.390596
277850058609,1.406819,-1.469308,0.374718,-0.024479,0.108250,0.135347,11.455018
277950076629,1.025488,-1.752736,0.417487,0.038051,-0.023426,0.006408,11.466940
278050094648,-0.610290,0.134089,0.421173,0.113732,-0.155015,-0.091307,11.458879
278150112668,-1.770216,1.403958,0.094704,0.004644,-0.031319,-0.024782,11.490499
278250130688,-0.581665,-0.412009,-0.371900,-0.196726,0.282878,0.130045,11.518450
278350148707,3.290107,-2.081236,-0.512583,-0.116257,0.149864,0.098658,11.500945
278450166727,2.874259,-1.349569,-0.074853,0.262862,-0.326068,-0.256274,11.487903
278550184746,-1.832313,1.637170,0.262785,0.424910,-0.477029,-0.418638,11.506054
278650202766,-1.229276,0.938675,0.391239,0.031848,-0.032441,-0.092920,11.489427
278750220786,3.239643,-2.214615,0.442924,-0.390496,0.399571,0.314056,11.438974
278850238805,2.984895,-1.540299,0.468796,-0.362587,0.385422,0.317991,11.450529
278950256825,-0.911894,0.943928,0.683892,-0.060420,0.175337,0.063799,11.421678
279050274845,-2.351590,1.647703,0.639741,0.161426,-0.133821,-0.152956,11.363017
279150292864,0.395839,0.518372,-0.011954,0.021876,-0.074377,-0.144169,11.315877
279250310884,3.722004,-1.532682,-0.309546,-0.312515,0.253267,0.194182,11.229294
279350328904,2.820001,-2.099223,-0.146025,-0.394825,0.347753,0.301680,11.155375
279450346923,-2.439602,0.428261,-0.001954,0.068740,-0.068458,-0.098493,11.083722
279550364943,-1.616975,-0.544456,-0.727922,0.481008,-0.467181,-0.402640,10.957457
279650382963,2.926694,-3.438743,-1.225197,0.292828,-0.428270,-0.252669,10.892626
279750400982,1.910078,-2.295719,-1.128620,-0.006466,-0.047697,0.029130,10.865068
279850419002,-1.556095,-0.107070,-0.619480,-0.150607,0.182939,0.182029,10.755980
279950437022,-2.403639,0.417902,-0.079318,-0.030337,0.035637,0.050232,10.656226
280050455041,0.125436,-0.777504,-0.268655,0.193492,-0.176788,-0.125824,10.592232
280150473061,1.525104,-1.730445,-0.428829,0.217144,-0.294700,-0.145892,10.505432
280250491081,0.140406,-0.974789,-0.572987,0.177131,-0.208387,-0.178417,10.460109
280350509100,-1.833828,0.305905,-1.122674,-0.019770,-0.023715,-0.011477,10.446277
280450527120,-0.978422,-0.582271,-1.117078,-0.246728,0.153003,0.201181,10.382084
280550545140,1.572589,-1.851457,-0.655315,-0.090356,0.120308,0.059441,10.272292
280650563159,2.023152,-1.421839,-0.214727,0.150824,-0.108423,-0.118785,10.183252
280750581179,0.374676,-0.124841,0.170253,0.178644,-0.236588,-0.155324,10.164451
280850599199,-1.255432,0.728500,0.114232,0.024813,-0.082193,-0.023245,10.112433
280950617218,-0.637531,-0.543448,0.244221,-0.071659,0.114925,0.103110,10.050988
281050635238,0.433821,-0.982230,0.085759,0.019547,0.034210,0.015599,9.972191
281150653258,0.214939,-0.014455,-0.443455,0.084228,-0.063918,-0.046488,9.882769
281250671277,0.912169,0.504572,-0.829576,-0.012183,-0.017029,0.006661,9.792705
281350689297,0.288356,0.058847,-0.294509,-0.024122,-0.099806,-0.051860,9.790881
281450707317,-1.732877,-0.218393,0.176701,0.150611,-0.254085,-0.148460,9.776842
281550725336,-0.700664,-0.723111,0.313688,0.158779,-0.132130,-0.132371,9.652205
281650743356,2.786441,-1.494485,0.597574,-0.016381,0.198319,0.097572,9.563858
281750761376,3.435250,-1.418337,0.469288,-0.081999,0.217188,0.211227,9.544318
281850779395,0.129456,-0.221737,-0.037306,0.046063,-0.048806,-0.011046,9.513828
281950797415,-1.041859,0.343205,-0.559704,0.172878,-0.195653,-0.125928,9.397535
282050815435,0.547382,-0.154831,-0.463827,0.131160,-0.139417,-0.085044,9.275214
282150833454,1.859115,-0.660462,-0.067229,-0.030108,0.023832,0.032536,9.123398
282250851474,1.257545,-1.000545,-0.054484,-0.050282,0.040379,0.055085,9.079740
282350869493,0.513407,-1.063216,-0.166213,0.040259,-0.044774,-0.031995,9.135530
282450887513,-0.255534,-0.745025,-0.156768,0.023065,0.000617,-0.017926,9.189298
282550905533,-0.857027,-0.554929,0.040847,-0.041718,0.071950,0.059488,9.122018
282650923552,-0.205303,-0.595429,0.055720,0.017339,-0.037506,0.013423,9.002305
282750941572,1.189589,-1.524146,0.010245,0.145873,-0.191478,-0.106853,8.972134
282850959592,1.092464,-1.172707,0.112686,0.162894,-0.190236,-0.122903,8.922480
282950977611,-0.958942,0.125053,0.243691,-0.059820,0.071673,0.090432,8.898578
283050995631,-2.051594,-0.202714,0.082678,-0.156674,0.213265,0.187730,8.820313
283151013651,0.426244,-1.406156,-0.187440,0.015931,0.009383,0.021574,8.796115
283251031670,2.797352,-2.633366,0.003419,0.188759,-0.226738,-0.159434,8.816829
283351049690,0.685420,-1.840061,0.296734,0.091484,-0.156188,-0.102086,8.701761
283451067710,-2.097874,-0.445310,0.071443,-0.155287,0.118235,0.127595,8.671452
283551085729,-1.988029,-1.447719,-0.218839,-0.249264,0.308901,0.217708,8.670925
283651103749,0.863021,-2.461129,-0.234624,-0.157781,0.258751,0.136017,8.627555
283751121769,-0.137926,-1.231688,-0.117005,0.099137,-0.105455,-0.062260,8.632556
283851139788,-3.526390,-0.357269,0.149119,0.267860,-0.327305,-0.222905,8.655456
283951157808,-1.573536,-1.071403,-0.131776,0.121287,-0.204027,-0.126620,8.665337
284051175828,1.427945,-2.472454,-0.360191,-0.039494,-0.010675,0.038898,8.654547
284151193847,3.095114,-3.037960,-0.361009,-0.167616,0.247063,0.164507,8.667845
284251211867,1.965456,-2.527594,-0.139022,-0.256072,0.328817,0.229072,8.691191
284351229887,-1.717628,-1.500554,0.425919,-0.083084,0.045523,0.036253,8.766599
284451247906,-2.763955,-0.374248,0.708269,0.086248,-0.133708,-0.137683,8.762808
284551265926,-0.367286,-0.271124,0.338456,0.014928,0.067514,0.012306,8.826626
284651283946,1.613829,-1.720646,0.144327,-0.135578,0.192589,0.132664,8.951047
284751301965,1.680987,-2.782000,0.392178,-0.069893,0.060754,0.043522,8.995500
284851319985,0.449926,-2.690849,0.409214,0.036302,-0.041479,0.002701,9.062228
284951338005,-0.091537,-3.237491,0.285674,0.067680,-0.083692,-0.025177,9.157790
285051356024,0.453562,-4.249330,0.184510,0.098222,-0.154066,-0.059087,9.220893
285151374044,0.265063,-4.591187,0.097578,0.077650,-0.073352,-0.015119,9.292548
285251392064,-0.393857,-4.078436,0.041477,0.051557,0.013036,-0.004368,9.337360
285351410083,-0.407085,-4.085846,0.362683,0.003622,0.016842,0.024444,9.404023
285451428103,-0.062581,-4.462333,0.642429,-0.060941,-0.025013,0.070979,9.461143
285551446123,0.249318,-3.596546,0.768060,0.018951,-0.117241,-0.016759,9.535781
285651464142,1.261339,-1.933855,0.368595,0.012481,-0.006385,0.079569,9.582625
285751482162,1.537217,0.416196,-0.248146,0.008371,0.112682,0.108970,9.660097
285851500182,1.554354,-0.122531,-0.034094,0.060332,0.061504,0.009190,9.647765
285951518201,1.038360,-2.471303,0.567415,0.004807,0.033050,0.085434,9.732613
286051536221,0.253402,-2.022766,0.662757,0.055625,-0.077216,0.056327,9.870827
286151554240,1.448795,-0.388208,0.259725,0.061556,-0.061957,-0.003827,9.833522
286251572260,0.643827,-0.616301,-0.197216,-0.031759,0.091783,0.099359,9.945040
286351590280,-0.200400,-0.537042,-0.233668,-0.113656,0.124381,0.128126,10.032385
286451608299,1.514856,-0.255629,-0.056717,-0.018164,-0.017710,-0.004143,10.085228
286551626319,1.555464,-1.259619,-0.076569,0.118161,-0.156799,-0.124019,10.167454
286651644339,-0.252171,-1.192406,-0.273349,0.151179,-0.192166,-0.109667,10.183667
286751662358,-0.928006,-1.824216,0.251821,0.100635,-0.148081,-0.089504,10.210798
286851680378,0.083421,-2.559516,0.447786,0.012901,-0.002145,-0.084731,10.342725
286951698398,0.043497,-1.297068,0.093201,-0.071940,0.105646,0.084946,10.423721
287051716417,-0.529567,-1.111192,-0.148716,-0.053454,0.114756,0.074441,10.495160
287151734437,0.362171,-1.523643,-0.049275,-0.029450,0.114363,0.006155,10.559653
287251752457,0.938795,-0.585621,0.081150,0.032109,0.097940,-0.030353,10.563944
287351770476,0.750460,0.274172,0.105316,0.068133,-0.000203,-0.044579,10.649998
287451788496,1.148659,0.498145,0.418162,0.037552,-0.091133,-0.047420,10.765672
287551806516,1.429775,-0.070620,0.499967,0.112828,-0.028951,-0.070076,10.815181
287651824535,1.543488,0.435353,0.837757,0.018164,0.095785,0.125521,10.853110
287751842555,0.816775,0.911470,0.711815,-0.067625,0.170736,0.057907,10.962805
287851860575,1.206089,0.195963,0.638067,0.003346,0.088696,0.051334,10.986844
287951878594,2.604992,-0.643403,0.727929,0.100761,-0.110248,-0.010023,10.980020
288051896614,2.100508,-0.342505,0.361244,0.193087,-0.228041,-0.164439,11.030094
288151914634,1.034776,0.642245,-0.383985,0.058892,-0.102448,-0.076215,10.999938
288251932653,-0.070973,0.516037,-0.557613,0.030556,-0.094522,-0.043575,10.935621
288351950673,0.011762,-1.049532,-0.122857,0.149015,-0.238443,-0.161514,10.993579
288451968693,0.852051,-0.701361,-0.148562,0.126571,-0.186099,-0.097610,10.878370
288551986712,0.426991,0.451823,-0.305295,0.064580,0.003258,0.044395,10.775259
288652004732,-0.044537,0.075940,-0.205433,-0.004961,0.046201,0.055192,10.832121
288752022752,0.469450,-0.416120,0.031255,0.007704,0.000986,0.002104,10.789241
288852040771,0.957557,-0.634427,-0.062805,0.028537,-0.010522,-0.018952,10.799110
288952058791,-0.366228,-0.402970,-0.024986,0.055160,-0.097488,-0.093049,10.797467
289052076811,-0.423977,-0.141884,0.208059,0.057551,-0.040685,-0.052809,10.714676
289152094830,0.130299,-0.819110,0.264814,0.023057,0.000798,0.041107,10.696400
289252112850,0.253324,-1.185186,0.361128,-0.064439,0.024777,0.069560,10.685595
289352130870,0.345174,-0.133062,0.209171,-0.063255,0.099837,0.040202,10.701339
289452148889,0.108747,-1.061032,0.500667,-0.002216,0.004564,-0.009379,10.708544
289552166909,0.969997,-2.391345,0.673128,0.056139,-0.105649,-0.065800,10.683357
289652184929,1.592899,-1.459843,0.232027,0.025510,0.005543,-0.022194,10.683767
289752202948,1.232727,-0.526712,-0.082083,-0.097379,0.169121,0.083189,10.649344
289852220968,0.119107,-0.607243,-1.257525,-0.047978,0.106864,0.085408,10.607389
289952238987,-2.774746,-0.577579,-1.704386,0.229163,-0.058792,-0.134873,10.623819
290052257007,-3.014367,-0.850231,-1.076866,0.112466,-0.144613,-0.005697,10.624800
290152275027,0.244212,-1.922754,-1.204145,-0.050334,0.194689,0.092458,10.600000
290252293046,0.719440,-1.842512,-1.007468,-0.106747,0.427368,0.141179,10.516331
290352311066,-1.534844,-0.833265,0.105305,-0.170260,0.219377,0.186716,10.497542
290452329086,-2.464610,0.797686,0.025943,0.079937,-0.149403,-0.055277,10.459006
290552347105,0.238614,0.598422,-0.560495,0.181561,-0.282920,-0.178169,10.397050
290652365125,2.485701,-1.292589,-0.498456,0.083379,-0.139605,-0.115379,10.352691
290752383145,1.477057,-1.245321,-0.166779,-0.073366,0.026881,0.027012,10.239416
290852401164,-1.125281,-0.574170,0.185422,-0.033948,0.028479,-0.001897,10.211014
290952419184,-1.803100,-0.550770,0.135263,0.164241,-0.143236,-0.134120,10.193835
291052437204,1.595618,-1.093251,0.095240,0.258769,-0.293256,-0.216542,10.178353
291152455223,2.268864,-0.782135,0.370658,0.198718,-0.285849,-0.238029,10.126225
291252473243,-1.052507,0.056943,0.021363,-0.126582,0.082845,-0.026788,10.054998
291352491263,-2.742651,0.524047,0.141573,-0.231941,0.235587,0.182482,10.021719
291452509282,-0.501160,-1.236349,0.320210,0.003320,-0.057571,-0.052846,9.958048
291552527302,2.307066,-2.280154,-0.029446,0.209112,-0.224143,-0.264496,9.922570
291652545322,1.770363,-1.679908,-0.601657,0.072162,0.014593,-0.103136,9.950745
291752563341,-1.516838,-2.048697,-0.595989,-0.165720,0.186776,0.117286,9.985513
291852581361,-2.177559,-1.976646,-0.293010,-0.151820,0.112393,0.111679,9.998651
291952599381,0.356576,-2.483502,-0.196981,-0.044456,0.057170,0.064224,9.968778
292052617400,2.641130,-2.511680,0.031421,0.124416,-0.081704,-0.097358,9.952043
292152635420,2.197375,-1.082206,0.488616,0.149935,-0.140223,-0.142295,9.999272
292252653440,-1.208739,-0.060822,0.844704,-0.049350,0.063633,0.068615,10.053196
292352671459,-2.200532,-1.193677,0.255148,-0.209956,0.255031,0.191447,10.086223
292452689479,0.242150,-2.230380,-0.102074,-0.016479,-0.012435,-0.036919,10.151184
292552707499,1.511846,-2.602754,0.040170,0.197974,-0.229272,-0.179768,10.152038
292652725518,-0.142852,-1.509492,0.250457,0.088751,-0.095787,-0.086026,10.139585
292752743538,-1.032730,-0.445633,0.548747,-0.026225,0.068554,0.071608,10.222957
292852761558,0.651790,-1.303639,0.403245,-0.089598,0.111186,0.211178,10.292942
292952779577,1.515677,-1.818640,0.205392,0.010507,0.031845,0.010552,10.379640
293052797597,1.417617,-1.370673,-0.100113,0.083966,-0.131808,-0.108308,10.515421
293152815617,-0.683879,-1.900071,-0.199694,-0.006240,-0.117393,-0.021764,10.526095
293252833636,-1.984258,-2.646400,-0.130536,-0.167020,0.076033,0.154743,10.496023
293352851656,0.079808,-2.490422,-0.116090,-0.182564,0.186628,0.174558,10.619787
293452869676,1.067101,-2.831869,-0.233600,-0.060262,0.106151,0.101076,10.732476
293552887695,-0.571042,-2.471733,-0.442234,0.047161,-0.151892,-0.045232,10.795654
293652905715,-2.918955,-1.517591,-0.350842,-0.008857,-0.180851,-0.099705,10.829532
293752923734,-1.304747,-1.644176,0.101260,-0.050603,0.078223,0.010798,10.871193
293852941754,0.572895,-1.814850,0.381690,-0.133252,0.239631,0.101476,10.962648
293952959774,0.803617,-1.413026,0.164830,-0.088778,0.138542,0.061090,11.057960
294052977793,0.467255,-0.903652,-0.519372,0.050031,0.013462,0.045809,11.085428
294152995813,-0.336604,-0.359720,-0.760080,-0.022428,0.078836,0.088455,11.172428
294253013833,-1.589289,0.294962,-0.310229,-0.236022,0.267073,0.134161,11.260729
294353031852,-0.595684,0.189258,-0.286516,-0.286913,0.313895,0.261531,11.290384
294453049872,2.457604,-0.385961,-0.511741,-0.014674,0.003447,0.151068,11.343872
294553067892,1.020077,-0.394295,-0.174843,0.219958,-0.264472,-0.219801,11.453594
294653085911,-1.725783,0.418150,-0.194666,0.193294,-0.257075,-0.204575,11.466619
294753103931,-1.399076,1.000430,-0.253621,-0.018287,-0.019211,0.013561,11.476449
294853121951,1.206835,0.063598,0.117675,-0.186364,0.171075,0.170520,11.520175
294953139970,3.679518,-1.932603,0.464452,0.087983,-0.082587,-0.034696,11.460942
295053157990,2.892678,-1.730850,0.512985,0.507070,-0.355966,-0.473787,11.459355
295153176010,-3.648690,2.768153,0.685042,0.212746,-0.217502,-0.267827,11.448890
295253194029,-1.977831,0.821460,0.161498,-0.452132,0.772995,0.419006,11.417979
295353212049,7.710457,-4.381927,0.030515,-0.808625,1.099232,0.730629,11.361146
295453230069,6.084179,-2.731647,0.152046,-0.332109,0.324923,0.331327,11.298051
295553248088,-4.942340,1.395563,0.252615,0.487509,-0.514256,-0.424221,11.307919
295653266108,-7.323017,1.580014,-0.274926,0.386751,-0.613958,-0.421346,11.240418
295753284128,1.316696,-2.154921,-0.982165,-0.060781,-0.026375,0.044782,11.183838
295853302147,1.747884,-2.428475,-0.736783,-0.326367,0.489292,0.263689,11.108996
295953320167,-3.710061,-0.396155,-0.600555,-0.466635,0.503928,0.391363,10.978624
296053338187,-3.497069,1.125595,-0.496606,-0.198250,0.276434,0.115206,11.025879
296153356206,-0.153996,1.601426,0.624218,0.159006,-0.137104,-0.242205,11.000750
296253374226,5.414993,-0.294674,0.382717,0.173639,-0.143957,-0.316876,10.830145
296353392246,5.756902,-1.081310,0.438036,-0.270131,0.178006,0.174080,10.716041
296453410265,0.850510,0.461052,1.048896,-0.271707,0.230794,0.299795,10.621590
296553428285,-3.379181,1.668298,1.493109,0.040299,-0.086483,-0.036491,10.671171
296653446305,-0.256397,0.521238,1.199931,0.242434,-0.269406,-0.276704,10.683441
296753464324,3.092144,-0.468565,0.149916,0.248705,-0.144636,-0.265944,10.614577
296853482344,1.017612,-0.587736,-0.067041,-0.167281,0.234612,0.039085,10.600421
296953500364,-2.044592,1.053111,0.250677,-0.379231,0.449468,0.252166,10.610740
297053518383,-2.152096,1.464526,-0.290304,-0.207091,0.208875,0.111001,10.588648
297153536403,-1.482046,0.236164,-0.403492,-0.075580,0.074135,0.035562,10.521312
297253554423,0.492464,-0.530814,-0.198350,0.026629,0.026329,-0.049908,10.449309
297353572442,0.878034,-1.401605,0.407244,0.156589,-0.115456,-0.174466,10.472432
297453590462,0.702254,-1.680493,-0.050237,0.095980,-0.066974,-0.059794,10.461813
297553608481,1.463901,-1.070340,-0.887658,-0.007171,-0.077698,-0.037744,10.432626
297653626501,-0.498366,-1.328566,-0.711964,0.078709,-0.090683,-0.032856,10.446441
297753644521,-1.922460,-1.624288,-0.366169,0.032521,-0.020029,-0.012678,10.427632
297853662540,1.450790,0.203449,0.181174,-0.077120,0.104343,0.051265,10.397119
297953680560,3.119477,-0.318350,0.621956,-0.166656,0.115415,0.194400,10.402516
298053698580,-0.853254,-1.678563,0.022263,-0.025784,0.183768,0.014531,10.404791
298153716599,-1.042159,0.328969,1.081617,0.045470,-0.036659,0.005992,10.475947
298253734619,1.549803,0.438809,2.274311,0.053896,-0.255357,-0.008444,10.534477
298353752639,2.262232,-0.322416,1.510862,-0.060758,-0.090399,0.025843,10.508718
298453770658,-0.726509,0.150850,0.494324,-0.256742,0.260606,0.151889,10.505524
298553788678,-3.007594,1.174978,0.199156,-0.283425,0.342966,0.206402,10.526438
298653806698,-1.254208,-0.145183,0.146740,-0.146364,0.145185,0.066528,10.607791
298753824717,1.776517,-2.278502,-0.179056,0.040538,-0.057580,-0.114614,10.621193
298853842737,1.113499,-1.934858,0.152856,0.058120,-0.176664,-0.093427,10.650893
298953860757,-1.218276,0.188287,0.295829,-0.074332,0.061204,0.045342,10.727206
299053878776,-2.136991,1.225473,0.108630,-0.201307,0.246401,0.192890,10.751673
299153896796,0.370777,0.043597,-0.173820,0.090477,-0.000556,-0.037788,10.821981
299253914816,3.414848,-2.374793,-0.660358,0.161387,-0.271594,-0.198645,10.856729
299353932835,1.150868,-1.737562,-0.371626,-0.021377,-0.138668,-0.016987,10.877216
299453950855,-3.457173,1.968107,-0.184094,-0.264396,0.313833,0.181235,10.941475
299553968875,-2.292936,1.693045,-0.171115,-0.286901,0.355492,0.201920,11.021870
299653986894,2.971552,-2.361860,-0.399706,0.115753,-0.039498,-0.120338,11.020222
299754004914,3.530876,-3.203376,-0.755783,0.325830,-0.425368,-0.283934,11.033466
299854022934,-1.076121,0.103251,-0.621210,0.266793,-0.390944,-0.300361,11.087810
299954040953,-2.118198,0.155783,-0.783625,-0.113446,0.042462,-0.040383,11.076596
300054058973,1.109501,-1.962171,-0.728745,-0.271740,0.360166,0.209099,10.991826
300154076993,3.143610,-1.800163,-0.192388,-0.144322,0.144676,0.151308,10.993974
300254095012,2.344171,-0.277461,0.039482,0.082266,-0.079047,-0.088437,10.993009
300354113032,0.728441,1.809313,0.100684,0.080688,-0.084386,-0.122012,10.971737
300454131052,0.276096,1.755549,0.462157,-0.041205,0.154499,0.058820,10.970962
300554149071,1.321371,-0.017779,1.214517,-0.149580,0.174549,0.140973,10.928469
300654167091,1.711947,-0.373449,1.195835,-0.117503,0.094856,0.060282,10.867974
300754185111,0.973330,0.776202,0.862584,-0.030252,-0.018614,0.022653,10.786233
300854203130,1.432986,0.890557,0.379680,0.076142,-0.075909,-0.108834,10.750420
300954221150,1.941276,0.113860,0.251712,0.061408,-0.029669,-0.045869,10.707858
301054239170,0.684307,0.131304,0.299399,-0.068232,-0.047209,0.039604,10.630088
301154257189,-0.407793,-0.380558,-0.281281,-0.093638,-0.020667,0.058080,10.522095
301254275209,-0.470391,-0.227220,-0.845879,-0.045275,-0.046621,0.047323,10.453080
301354293228,-1.039693,0.182840,-0.212305,0.058032,-0.074112,-0.095724,10.377252
301454311248,-0.140653,0.189574,-0.003852,0.023504,-0.041575,-0.045381,10.283302
301554329268,0.785141,-0.298603,-0.036646,-0.063420,-0.008385,0.048193,10.264206
301654347287,1.027800,-0.530818,0.133516,-0.027781,0.000919,0.001031,10.176837
301754365307,0.729639,-0.336229,0.184371,0.001853,0.046870,0.003274,10.064325
301854383327,1.282080,-0.276762,0.097193,-0.025695,0.018711,0.004136,10.054317
301954401346,1.990583,-0.745619,-0.086960,-0.013064,-0.025341,-0.072243,9.966735
302054419366,1.783504,-1.104540,-0.230480,-0.046718,0.037190,0.028600,9.912100
302154437386,0.608994,-0.123635,-0.026298,0.045018,-0.038390,0.034269,9.848688
302254455405,0.207231,0.655892,0.139348,0.125946,-0.141679,-0.103347,9.726089
302354473425,0.111933,0.360446,0.161900,0.026820,0.020623,-0.052015,9.657210
302454491445,1.230359,-1.030838,0.189402,-0.047652,0.121643,0.025754,9.631996
302554509464,1.706234,-1.321288,-0.174792,-0.006349,-0.008613,0.011830,9.537234
302654527484,0.931126,-0.557686,-0.329528,0.070629,-0.128721,-0.073451,9.421326
302754545504,-0.134267,-0.318695,-0.263989,0.086378,-0.114226,-0.085595,9.364848
302854563523,-0.131287,-1.072915,-0.506022,0.001692,0.023053,0.031297,9.315546
302954581543,0.200554,-1.053453,-0.566491,0.025440,0.040343,-0.012893,9.262531
303054599563,1.488806,-0.892077,-0.263683,0.103417,-0.087822,-0.121741,9.177389
303154617582,3.045336,-1.701140,0.320447,0.001286,-0.042012,-0.046308,9.111621
303254635602,2.200654,-0.973704,0.553149,-0.137750,0.212744,0.086831,9.065045
303354653622,-1.109996,0.740941,0.385162,-0.077797,0.152487,0.123245,8.981228
303454671641,-0.035077,-0.010386,0.284481,0.199245,-0.213281,-0.131238,8.918599
303554689661,3.706371,-1.975192,0.299626,0.363125,-0.386061,-0.324030,8.883124
303654707681,0.970184,-0.607587,0.303108,0.043575,-0.050721,-0.043355,8.828376
303754725700,-1.410836,0.803651,-0.123867,-0.297047,0.313788,0.246753,8.818274
303854743720,2.024462,-1.041666,-0.494590,-0.291957,0.344725,0.265629,8.788468
303954761740,4.152734,-2.533583,-0.279613,-0.036367,0.086167,0.042294,8.691435
304054779759,1.275606,-0.813442,-0.103620,0.178890,-0.163198,-0.181169,8.692357
304154797779,-0.866025,0.110189,0.159453,0.056521,-0.063491,-0.068301,8.675518
304254815799,-1.358311,0.049823,-0.030249,-0.146472,0.164078,0.148086,8.629730
304354833818,-0.395351,-0.690416,-0.214346,-0.148958,0.155003,0.178506,8.592118
304454851838,0.929753,-1.772336,-0.150434,0.027950,-0.092980,0.042706,8.513985
304554869858,0.935458,-1.923155,-0.221419,0.132949,-0.172670,-0.128217,8.449743
304654887877,-0.787961,-0.885443,-0.193504,0.034803,-0.019990,-0.051157,8.448943
304754905897,-1.989898,-0.025025,-0.128709,-0.146223,0.158036,0.120960,8.398546
304854923917,0.728850,-0.888634,-0.057608,-0.130928,0.143755,0.112097,8.310101
304954941936,1.855200,-1.329252,0.247756,0.036423,0.006870,-0.026059,8.291297
305054959956,0.490405,-0.482682,0.513198,0.107381,-0.087216,-0.121499,8.279278
305154977975,-0.217630,-0.751023,0.125425,0.044264,-0.038956,-0.042834,8.219448
305254995995,-0.289243,-0.820648,0.041829,-0.040826,0.021072,0.060406,8.180764
305355014015,0.568397,-0.774819,0.086480,-0.049051,-0.010901,0.039386,8.159176
305455032034,1.729480,-1.328439,0.073551,0.074445,-0.118796,-0.062538,8.090164
305555050054,-0.027631,-0.826185,0.112008,0.203089,-0.213497,-0.199960,8.078292
305655068074,-2.263138,-0.321557,0.053831,0.046083,-0.034499,-0.074620,8.100065
305755086093,-0.335086,-1.492617,0.200710,-0.104035,0.183551,0.099069,8.041399
305855104113,1.428205,-1.354454,0.577879,-0.183430,0.161707,0.132649,8.003152
305955122133,1.029552,-0.396482,0.767089,-0.083243,0.087940,0.069954,8.033694
306055140152,0.103417,-1.147442,0.426100,0.153668,-0.077843,-0.100308,7.964133
306155158172,-1.235730,-0.983745,0.285023,-0.000254,0.074146,0.005466,7.991928
306255176192,-2.178920,-0.201489,0.323860,-0.216699,0.275143,0.171912,8.054577
306355194211,0.350778,-1.652875,0.110469,-0.146796,0.180394,0.113216,8.055447
306455212231,1.162184,-1.585593,0.301228,0.074732,-0.024363,-0.053824,8.095421
306555230251,-0.518866,-0.171413,0.332134,0.160149,-0.159129,-0.114940,8.095926
306655248270,-0.077233,-0.520628,0.037210,0.103982,-0.167487,-0.095863,8.123701
306755266290,0.812207,-1.356512,0.319005,0.060250,-0.092871,-0.021447,8.159386
306855284310,0.623628,-1.405274,0.429005,0.035167,0.010181,0.022449,8.181617
306955302329,0.762304,-1.418980,-0.217647,-0.006633,0.024742,-0.011862,8.204916
307055320349,1.315087,-1.110176,-0.461101,-0.028748,0.034850,0.014087,8.158640
307155338369,0.533318,-0.770356,0.233365,-0.119474,0.099497,0.093596,8.162787
307255356388,-0.047129,-0.827134,0.344828,-0.094298,0.100843,0.077444,8.190124
307355374408,0.114922,-1.243644,0.337213,-0.030624,0.012457,0.009732,8.164751
307455392428,0.639402,-1.261835,0.324148,0.036493,-0.023060,-0.036329,8.176619
307555410447,0.069905,-0.955251,0.045254,0.052035,-0.055864,-0.047414,8.173121
307655428467,-0.329271,-0.947768,-0.119384,-0.034870,-0.020708,0.000745,8.156289
307755446487,0.301410,-0.852167,-0.028505,-0.045067,-0.004509,0.011845,8.235436
307855464506,0.917663,-0.543009,0.108775,0.026476,-0.068443,-0.022881,8.220373
307955482526,1.577610,-0.688079,0.093944,0.079895,-0.095552,-0.050343,8.188942
308055500546,0.098812,-0.023736,0.195047,0.091862,-0.082834,-0.083558,8.240806
308155518565,-0.033270,-0.235227,0.017587,-0.017128,0.005084,-0.061578,8.245320
308255536585,1.245299,-1.419148,-0.068926,-0.106372,0.108068,0.086640,8.233271
308355554605,0.090574,-0.511910,0.123736,-0.127689,0.164732,0.079306,8.225587
308455572624,0.414266,-0.988813,-0.299926,-0.152788,0.194446,0.074692,8.191350
308555590644,1.370814,-2.103745,-0.531150,-0.085233,0.142510,0.062100,8.158882
308655608663,0.612526,-1.003189,-0.179574,-0.032480,0.043329,0.053878,8.143358
308755626683,0.006296,-0.340452,-0.369957,0.018794,-0.025013,0.003825,8.159225
308855644703,0.032124,-0.585155,-0.577407,0.046778,-0.128243,-0.006996,8.112120
308955662722,0.725936,-0.902812,-0.729995,0.097376,-0.100421,-0.044920,8.082758
309055680742,-0.772774,-0.146627,-0.483519,0.134905,-0.138763,-0.164132,8.049269
309155698762,-0.375934,-0.396020,-0.427922,0.031796,-0.067491,-0.020144,7.979956
309255716781,0.043648,-1.099788,-0.873644,0.054504,-0.056759,0.043356,7.972576
309355734801,-1.235640,-0.434594,-0.928623,0.099416,-0.087814,-0.130032,7.914712
309455752821,-1.433280,0.533473,-0.278926,-0.017232,0.022912,-0.023767,7.862915
309555770840,-0.204637,-0.475938,-0.081528,-0.131506,0.043753,0.031735,7.848141
309655788860,2.958982,-2.548002,-0.262226,-0.036125,-0.080986,-0.116327,7.833424
309755806880,2.777460,-1.975775,-0.019872,0.060373,-0.092031,-0.039385,7.770583
309855824899,0.984072,-0.464737,-0.313684,0.012869,0.063257,0.039766,7.713823
309955842919,-0.131265,0.454457,-0.440166,-0.104734,0.151735,0.065269,7.719224
310055860939,-0.223491,-0.217097,0.018269,-0.133142,0.150961,0.129976,7.643178
310155878958,1.500384,-1.488361,0.265492,-0.043651,0.059048,0.091902,7.608397
310255896978,1.806039,-0.991366,0.242805,-0.082379,0.096257,0.126139,7.545696
310355914998,0.218754,0.178246,-0.024707,-0.135149,0.161743,0.155911,7.513543
310455933017,-0.472604,-0.016278,-0.041937,-0.063758,0.068363,0.058449,7.514468
310555951037,0.969350,-1.080805,0.019074,0.107702,-0.108416,-0.062984,7.469564
310655969057,2.274238,-1.757292,-0.084583,0.087219,-0.100148,-0.079139,7.436864
310755987076,0.609294,-0.965240,-0.183770,-0.029205,0.083461,0.056849,7.347707
310856005096,-1.216369,-0.506489,-0.312413,-0.112594,0.139640,0.104967,7.315569
310956023116,-0.475800,-0.451828,-0.334244,-0.040369,0.030763,-0.015366,7.288724
311056041135,0.409025,-0.991878,-0.124249,0.056075,-0.072556,-0.081940,7.243306
311156059155,0.515569,-1.660084,-0.135881,0.038360,-0.047297,-0.040858,7.212829
311256077175,0.599979,-1.470922,-0.421288,0.036225,0.037014,-0.004017,7.138692
311356095194,0.546331,-0.307508,-0.722995,0.037481,0.002915,-0.046110,7.116212
311456113214,0.809372,0.569424,-0.915384,-0.000680,0.009038,-0.019986,7.092665
311556131234,0.523159,-0.740248,-0.664495,-0.069604,-0.017197,-0.017278,7.009711
311656149253,-1.103731,-2.468839,-0.288580,-0.074663,0.003402,0.023742,6.949861
311756167273,-1.929777,-2.684101,-0.107799,-0.058342,0.086020,0.026321,6.978218
311856185293,0.054317,-1.473696,-0.471424,-0.105364,0.148603,0.042592,6.966996
311956203312,1.372151,0.307610,-0.629258,-0.145603,0.150520,0.073551,6.975190
312056221332,0.688826,0.823819,-0.401418,-0.156633,0.105023,0.047560,7.016854
312156239352,-0.518193,-0.231793,-0.079282,-0.037735,-0.033589,-0.021898,7.024149
312256257371,-0.674925,-2.070331,0.072708,0.029706,-0.074465,-0.086232,7.075007
312356275391,-0.158309,-2.477405,-0.162473,-0.008151,0.140806,-0.002069,7.050892
312456293410,-0.428748,-1.462218,-0.520271,-0.097850,0.220378,0.036607,7.108433
312556311430,0.355961,-0.073640,0.032699,-0.108668,0.104637,-0.067942,7.188765
312656329450,0.897311,0.392202,0.583132,-0.070566,-0.026441,0.020871,7.192577
312756347469,0.226291,-0.041498,1.149156,-0.008019,0.144237,-0.044483,7.252822
312856365489,0.858968,-0.025984,0.758711,0.013831,0.213255,-0.006452,7.289848
312956383509,1.500604,0.098150,0.362335,-0.041177,0.134101,0.063444,7.329480
313056401528,-0.154003,0.058925,0.537630,0.007670,-0.024418,-0.052359,7.353862
313156419548,-0.275856,-0.389498,0.301127,0.024695,-0.199160,-0.077288,7.369149
313256437568,0.657444,-0.628900,0.554824,0.009329,-0.032126,-0.074675,7.316397
313356455587,0.787506,-1.358021,1.019638,-0.081129,0.098592,0.005853,7.325143
313456473607,1.721733,-1.324921,0.895316,0.002370,0.064829,-0.061051,7.345181
313556491627,2.123408,-0.175056,0.322871,0.036868,-0.025863,-0.064715,7.320231
313656509646,0.424559,0.556226,0.252963,-0.050808,-0.015552,0.000556,7.343485
313756527666,-1.590144,-0.107517,0.600358,-0.101723,0.137563,0.069514,7.288470
313856545686,-0.855493,-1.538331,0.588616,-0.073866,0.146860,0.045459,7.232682
313956563705,1.170678,-1.261317,0.484849,0.069646,0.041496,-0.089443,7.219277
314056581725,1.389288,0.211801,0.248785,0.087102,-0.024159,-0.126466,7.142358
314156599745,-0.122487,-0.446245,0.381849,-0.124609,0.123133,0.028178,7.085184
314256617764,-1.168049,-0.738330,0.490720,-0.196896,0.170923,0.101946,7.039738
314356635784,-0.011476,-0.149244,0.155562,-0.075411,0.026707,0.023818,7.058760
314456653804,1.895788,-0.166664,-0.072799,0.077680,-0.053855,-0.098585,7.064683
314556671823,2.717195,-0.333703,-0.281261,0.018821,0.058745,-0.044512,7.034333
314656689843,0.476137,0.105752,-0.108199,-0.148570,0.239705,0.088625,7.084958
314756707863,-1.697405,0.447128,0.434674,-0.213365,0.299493,0.181506,7.072599
314856725882,-1.915568,-0.753860,0.764258,-0.101411,0.085803,0.067546,7.070189
314956743902,-0.129576,-1.527818,0.428778,0.017358,-0.047604,-0.071973,7.089755
315056761922,1.597512,-0.756187,0.050941,-0.012294,0.004191,-0.004002,7.085413
315156779941,0.716125,-0.656478,0.176517,-0.060676,0.058569,0.036369,7.147044
315256797961,-1.116209,-0.710176,0.257212,-0.122021,0.158990,0.034764,7.197624
315356815981,0.001928,-1.869248,0.202181,-0.122364,0.117735,0.049034,7.184900
315456834000,0.524202,-1.193074,0.263290,-0.021344,0.062177,-0.003598,7.178733
315556852020,-1.188417,-0.264561,0.378983,0.025392,-0.030170,-0.052740,7.205050
315656870040,0.103385,-0.443413,0.070821,0.067551,-0.108029,-0.105819,7.230747
315756888059,0.799549,-1.666231,-0.001285,-0.058798,0.032461,0.001134,7.276771
315856906079,0.501014,-0.994320,-0.251379,-0.144466,0.129684,0.087066,7.294730
315956924099,-0.586547,-0.243109,-0.468598,-0.108195,0.092744,0.035486,7.288957
316056942118,-0.194502,-1.216818,-0.561277,-0.053554,0.019486,-0.000951,7.318949
316156960138,0.402624,-1.497886,-0.588832,-0.007184,-0.077004,-0.046923,7.377024
316256978157,0.297805,-1.984279,-0.428731,-0.071676,-0.002472,-0.057482,7.420352
316356996177,0.658025,-2.163105,-0.028431,-0.136494,0.126048,0.033691,7.468517
316457014197,-0.441556,-0.992265,0.228446,-0.136787,0.185746,0.026145,7.515433
316557032216,-1.095494,-0.477687,0.058509,0.003053,0.120156,-0.097032,7.555031
316657050236,0.290806,-0.503441,-0.276232,0.051516,0.019880,-0.059265,7.623015
316757068256,0.117331,-1.327069,-0.225851,-0.035660,0.022050,0.002601,7.673633
316857086275,-1.176217,-0.811300,-0.552808,-0.114300,0.167623,0.005158,7.721629
316957104295,-2.123124,1.841366,-1.053076,-0.225690,0.283245,0.107858,7.793939
317057122315,-1.518445,1.336010,-1.162118,0.045302,0.064504,-0.079540,7.833291
317157140334,2.086363,-1.705708,-1.310505,0.188057,-0.315648,-0.274660,7.871705
317257158354,2.075062,-1.520578,-0.341596,0.028019,-0.268575,-0.126939,7.959819
317357176374,-0.027290,0.017091,0.346440,-0.056944,0.052257,0.083325,8.008056
317457194393,-0.346304,0.637973,0.428132,-0.031481,0.110180,0.007239,8.043841
317557212413,0.488166,-0.025037,0.237526,0.078782,-0.060889,-0.054505,8.030587
317657230433,2.300377,-1.286584,-0.044859,0.125522,-0.161365,-0.126688,8.019870
317757248452,2.511635,-0.691581,0.140650,-0.044573,-0.005875,-0.020140,8.074599
317857266472,0.805872,0.268517,0.383291,-0.122582,0.133598,0.098599,8.031190
317957284492,0.287380,-0.007554,0.420794,-0.050375,0.039888,0.015035,7.922805
318057302511,0.397656,-0.323724,0.218511,0.006775,-0.025600,-0.031912,7.860135
318157320531,0.841286,-1.384618,0.110054,0.009808,0.032927,0.008048,7.851654
318257338551,1.330290,-1.872118,0.262471,-0.110137,0.101394,0.081738,7.851685
318357356570,0.209899,-0.292888,0.240362,-0.166810,0.169898,0.144739,7.842961
318457374590,0.819508,-0.878890,0.112762,-0.150422,0.189200,0.119445,7.857212
318557392610,1.798225,-1.905886,0.327977,-0.003886,0.076325,-0.014753,7.809738
318657410629,1.667995,-1.660049,0.494477,0.043518,-0.065868,-0.067445,7.720826
318757428649,0.498596,-0.016888,0.351542,-0.048329,-0.004633,0.037592,7.750110
318857446669,-0.068480,0.885453,0.117356,-0.142299,0.163228,0.070103,7.751271
318957464688,0.760797,-0.521492,0.161888,-0.092604,0.121506,0.004642,7.694431
319057482708,0.973219,-0.932896,0.339771,0.069769,-0.036865,-0.053792,7.663212
319157500728,1.346494,-0.923023,0.325134,0.094511,-0.120617,-0.102491,7.688035
319257518747,0.363294,-0.777656,0.392971,0.063715,-0.047583,-0.028005,7.598372
319357536767,0.523128,-0.713525,0.150740,-0.010932,0.048765,0.063727,7.576346
319457554787,0.992607,-0.483893,-0.293460,-0.026386,0.054511,0.044066,7.581648
319557572806,1.051245,-1.227468,-0.215210,0.018361,-0.065312,-0.044332,7.518167
319657590826,-0.634092,-0.626787,-0.022097,0.092561,-0.168550,-0.070610,7.532603
319757608846,-2.083818,0.576463,-0.104088,-0.020932,-0.047592,0.129737,7.479179
319857626865,-0.805246,0.221001,-0.065121,-0.133210,0.133426,0.088103,7.436177
319957644885,1.758016,-1.734932,-0.066631,-0.122712,0.108352,0.082710,7.465702
320057662904,1.957101,-2.023402,0.277628,0.005382,-0.011705,-0.005062,7.443458
320157680924,-0.622255,0.338890,0.489717,0.096888,-0.062656,-0.079821,7.432476
320257698944,-1.020769,0.505653,0.097428,-0.025555,0.095300,-0.014953,7.480560
320357716963,0.647409,-0.849497,-0.160307,-0.245921,0.304144,0.182267,7.443445
320457734983,1.431583,-1.708722,0.240871,-0.230148,0.298028,0.143160,7.346395
320557753003,0.297130,0.107840,0.097797,-0.038339,0.001038,-0.092184,7.333743
320657771022,-1.078738,1.733141,-0.525069,0.081037,-0.079971,-0.111926,7.324472
320757789042,-0.842931,0.194224,-0.778028,-0.038041,0.026618,-0.069764,7.348342
320857807062,0.243928,-1.781145,-0.243060,-0.217627,0.213719,0.114176,7.331988
320957825081,0.479557,-1.837048,0.030314,-0.165063,0.174312,0.130120,7.328748
321057843101,-0.069650,-0.163106,-0.563416,-0.005940,-0.018685,-0.103240,7.377492
321157861121,-1.583067,2.125920,-0.331735,-0.022202,-0.034425,-0.116274,7.363002
321257879140,-1.942581,2.310287,-0.044650,-0.240610,0.177153,0.105966,7.335513
321357897160,0.154150,0.129720,-0.134323,-0.283925,0.248448,0.139234,7.353802
321457915180,1.409376,-1.118293,-0.525384,-0.097272,0.071031,0.015904,7.409430
321557933199,0.805287,-0.356661,-0.158131,0.008550,-0.081748,-0.093517,7.329460
321657951219,-0.312384,0.500661,0.322947,0.026695,-0.096981,-0.080881,7.335156
321757969239,0.815026,-1.199488,0.237568,-0.100046,0.109904,0.058166,7.352984
321857987258,1.369327,-2.089791,-0.243553,-0.228307,0.337628,0.149135,7.330292
321958005278,-0.038402,0.221883,-0.400030,-0.277815,0.316306,0.174060,7.338717
322058023298,-1.157091,1.938605,-0.351231,-0.091378,0.074837,0.004371,7.294226
322158041317,0.346734,0.681171,-0.600578,0.068634,-0.185000,-0.166737,7.269817
322258059337,1.559977,-1.667409,-0.052240,0.135614,-0.176623,-0.200358,7.274337
322358077357,0.138822,-0.605089,0.375547,-0.070371,0.015715,-0.003108,7.209654
322458095376,-1.967388,0.526675,0.454178,-0.195673,0.198175,0.175817,7.177929
322558113396,-1.051950,-0.568115,0.417061,-0.040275,0.050336,0.076093,7.229865
322658131416,1.188691,-2.226959,0.422282,0.120578,-0.098594,-0.148190,7.290842
322758149435,1.185678,-1.992771,0.389420,0.111228,-0.149002,-0.119165,7.305464
322858167455,-0.949443,-0.243317,0.310681,-0.015100,-0.076679,-0.004193,7.248780
322958185475,-1.974245,-0.172594,0.026568,-0.080089,0.082673,0.069629,7.236350
323058203494,-0.837508,-0.689995,-0.330296,0.007952,0.039599,0.006479,7.266823
323158221514,0.662251,-1.647487,-0.288387,0.081214,-0.064449,-0.075008,7.314440
323258239534,0.271643,-0.770617,0.052853,0.065688,-0.081847,-0.072842,7.426392
323358257553,-0.949602,0.048959,-0.046070,-0.079712,0.050956,0.022868,7.477720
323458275573,-0.570289,-0.853050,-0.503732,-0.157051,0.149785,0.106884,7.615505
323558293593,0.245132,-1.492694,-0.246297,-0.127070,0.081468,0.086031,7.617523
323658311612,0.944516,-1.123476,0.056138,-0.046147,0.012777,0.008451,7.577071
323758329632,0.806549,-0.327852,-0.392988,-0.027779,0.027042,-0.023180,7.719576
323858347651,0.467780,0.176479,-0.210991,-0.089503,0.083672,0.004511,7.806135
323958365671,0.118271,-0.887123,0.494403,-0.073124,0.087858,0.013670,7.915569
324058383691,-0.121394,-1.813511,0.623018,0.006130,0.080861,0.052106,8.022734
324158401710,0.819031,-1.465802,0.520741,0.141414,0.034736,-0.015202,8.048593
324258419730,1.351361,-0.682514,0.211905,0.116944,-0.037486,-0.074395,8.185174
324358437750,-0.481114,1.640994,0.092331,-0.117713,0.057454,0.092978,8.192343
324458455769,-0.013312,0.275396,0.264425,-0.288380,0.269954,0.242771,8.220606
324558473789,1.585735,-2.286970,0.261256,-0.224348,0.235846,0.165165,8.244068
324658491809,0.836612,-0.617786,-0.194913,-0.030463,0.059575,0.013815,8.240671
324758509828,0.238460,0.834414,-0.314178,0.127319,-0.115178,-0.119957,8.318699
324858527848,0.497530,-0.299060,-0.043104,0.133462,-0.187447,-0.172339,8.378669
324958545868,1.591443,-2.070539,0.073528,-0.040089,0.036207,0.015392,8.424450
325058563887,1.847191,-1.066176,-0.065792,-0.130747,0.175327,0.148420,8.404621
325158581907,0.645259,0.594932,-0.153545,-0.090036,0.095829,0.105359,8.322467
325258599927,-0.343218,0.500887,0.118169,0.025407,-0.082204,-0.031977,8.305319
325358617946,-0.233936,-0.750097,0.165593,0.031417,-0.089369,-0.016508,8.262713
325458635966,1.002539,-1.383682,-0.109047,-0.009550,0.036337,0.017487,8.198461
325558653986,1.092710,-1.037472,-0.351733,-0.018010,0.054176,0.048456,8.235040
325658672005,1.039138,-0.789280,-0.363092,-0.016548,0.016016,0.056471,8.228400
325758690025,0.798176,-0.977472,-0.248538,-0.046349,0.004085,0.064887,8.145917
325858708045,0.094902,-0.970122,-0.316722,-0.067294,0.063190,0.048585,8.134136
325958726064,0.164147,-1.503526,-0.028203,-0.030039,0.056286,0.018394,8.129252
326058744084,0.518177,-1.246792,0.479180,0.010973,0.020735,0.018829,8.078153
326158762104,0.344058,-1.177458,0.147023,0.034197,-0.021395,0.039335,8.032979
326258780123,1.123745,-2.091858,0.040763,0.065301,-0.079329,-0.034990,7.970232
326358798143,0.453708,-1.664620,0.580585,0.153030,-0.108004,-0.103699,8.071837
326458816163,-0.055016,-0.580141,0.293488,0.057096,-0.056875,-0.028661,8.099306
326558834182,0.435682,-1.941718,-0.256870,0.025335,0.023947,-0.029663,7.989678
326658852202,0.757509,-1.456050,-0.195479,0.019866,0.033309,0.020302,8.074278
326758870222,-0.057605,-0.706953,-0.423962,-0.071800,0.005543,0.068682,8.028487
326858888241,-0.417379,-1.585881,-0.496037,-0.034459,0.052929,0.026975,8.024675
326958906261,-0.792201,-1.626635,-0.005428,-0.060447,0.136110,0.094298,8.102128
327058924281,-0.547762,-0.561095,-0.009565,-0.065575,0.186702,0.097292,8.087229
327158942300,0.456313,-1.804824,-0.007119,0.037914,0.051324,0.029668,8.071801
327258960320,1.670130,-2.991085,0.307816,0.156885,-0.140948,-0.142822,8.114328
327358978340,0.811640,-0.943536,0.547646,0.020424,-0.111984,-0.088359,8.184832
327458996359,-0.734746,0.878736,0.349872,-0.158850,0.148030,0.134713,8.220444
327559014379,0.758713,-1.707446,0.410475,-0.234045,0.311870,0.171291,8.251556
327659032398,1.872070,-2.415514,0.903139,-0.199527,0.222280,0.155994,8.242780
327759050418,0.399246,0.461323,0.619731,0.010448,-0.068154,0.002438,8.310168
327859068438,0.632891,-0.720062,0.355268,0.183831,-0.212646,-0.191325,8.420208
327959086457,1.959506,-2.574361,0.417960,0.131837,-0.136756,-0.097605,8.463863
328059104477,1.003169,-1.252966,0.643613,0.004013,0.008748,0.042834,8.488881
328159122497,0.870003,-1.375792,0.385401,-0.032324,0.027604,0.041644,8.488313
328259140516,1.046373,-1.275413,-0.434227,0.032125,-0.029561,-0.021410,8.555772
328359158536,0.492287,0.140774,-0.104091,0.035088,-0.044043,-0.050997,8.557454
328459176556,0.484024,-0.271372,0.450902,0.018414,-0.019270,-0.040719,8.574053
328559194575,1.201734,-2.054938,0.514220,-0.067001,0.038427,0.077451,8.579252
328659212595,1.538355,-1.991667,0.178324,0.005378,-0.011811,0.006415,8.582892
328759230615,0.733004,-0.648158,0.059936,0.176990,-0.169266,-0.132529,8.606581
328859248634,-0.498892,0.763142,0.356445,0.164960,-0.229205,-0.111945,8.618188
328959266654,0.429589,-0.650038,-0.126083,-0.097988,0.099628,0.127697,8.612355
329059284674,1.598075,-2.512550,-0.068314,-0.162399,0.235982,0.124409,8.622127
329159302693,1.426190,-1.341287,0.095941,0.079603,-0.098509,-0.092875,8.582987
329259320713,0.616334,0.406356,-0.126354,0.124531,-0.123845,-0.090142,8.522515
329359338733,-0.104005,0.943062,0.270997,-0.022559,0.072029,0.055056,8.515055
329459356752,-0.119891,0.189210,0.448362,0.036602,-0.047355,-0.001045,8.513700
329559374772,1.092033,-0.833163,0.398492,0.113285,-0.105319,-0.076501,8.475894
329659392792,1.787188,-1.382811,0.429396,0.017231,0.046234,0.007953,8.413634
329759410811,1.692016,-0.689671,0.270959,-0.082021,0.131015,0.102134,8.414001
329859428831,0.412856,1.033329,0.032901,-0.021445,0.040889,0.042074,8.383036
329959446851,0.109858,0.784871,-0.215397,0.099160,-0.070666,-0.081848,8.347733
330059464870,0.516900,-0.920863,-0.140437,0.097198,-0.107217,-0.088868,8.276743
330159482890,0.534545,-0.674323,-0.190245,0.062924,-0.128535,-0.049783,8.203443
330259500910,0.721462,-0.589136,-0.105165,-0.010333,-0.043661,0.067934,8.215200
330359518929,0.194560,-0.147828,0.059893,-0.039230,0.043203,0.102772,8.220120
330459536949,0.183681,-0.598578,-0.549392,0.037577,-0.004135,-0.005452,8.174278
330559554969,1.238861,-1.765915,-0.205082,0.104307,-0.143299,-0.077289,8.114267
330659572988,0.917351,-0.916493,-0.452243,0.049899,-0.115634,-0.095597,8.076265
330759591008,0.412497,0.007469,-0.882500,-0.080885,-0.022643,0.024524,8.030693
330859609028,0.786310,-0.528454,-0.419555,-0.098027,0.023582,0.058743,7.987566
330959627047,0.760017,-1.367937,-0.422578,0.001682,-0.058280,-0.016226,7.970859
331059645067,0.812223,-1.352754,-0.353735,0.069503,-0.069311,-0.041052,7.955464
331159663087,0.756964,-1.132203,-0.094784,0.004059,0.063116,0.031639,7.912970
331259681106,0.368685,-0.054886,-0.179235,-0.091720,0.124704,0.111418,7.947858
331359699126,0.562634,-0.241999,0.114654,-0.057354,0.052989,0.082978,7.884295
331459717145,0.566039,-0.247135,0.564262,0.031663,-0.028702,0.003799,7.794763
331559735165,0.454528,-0.568077,0.887045,0.030149,0.040789,0.004801,7.714739
331659753185,1.395554,-2.028659,0.478223,0.050690,0.037611,0.063213,7.671826
331759771204,1.759145,-1.633236,-0.555252,0.108085,-0.007998,-0.011287,7.601330
331859789224,1.262250,0.494902,-0.953416,0.067953,-0.134638,-0.122882,7.618824
331959807244,2.085091,0.038181,-0.798719,-0.052598,-0.200136,-0.096941,7.632487
332059825263,1.326079,-2.528048,-0.514010,-0.168083,-0.112248,0.031479,7.613772
332159843283,0.648207,-3.122107,-0.100610,-0.175716,0.027030,0.083633,7.561141
332259861303,-0.019605,-0.529760,-0.024558,0.046427,-0.060134,-0.035295,7.503383
332359879322,-0.877565,0.541626,-0.128134,0.217114,-0.179424,-0.116771,7.474584
332459897342,-0.283632,-1.033823,-0.494034,0.124839,-0.131983,-0.082557,7.541036
332559915362,0.431806,-2.478855,-0.412839,-0.042697,-0.017362,0.025800,7.531530
332659933381,0.813100,-1.804539,-0.028924,-0.099816,0.093755,0.123178,7.435839
332759951401,0.101437,0.474770,-0.107996,0.020608,-0.013049,0.012171,7.287979
332859969421,-0.227718,0.217786,-0.162512,0.130068,-0.161936,-0.093602,7.259532
332959987440,0.717816,-1.419620,-0.100785,0.108220,-0.167368,-0.091247,7.267838
333060005460,1.249039,-2.116251,0.010589,0.008054,0.014434,0.014281,7.360399
333160023480,0.190164,-0.187801,-0.062738,-0.081095,0.154232,0.097217,7.386427
333260041499,-0.772942,1.527703,0.002048,-0.021862,0.047054,0.016628,7.352442
333360059519,-0.238008,0.639447,-0.030864,0.059127,-0.131965,-0.078339,7.337988
333460077539,0.153857,0.037080,-0.182082,0.008738,-0.033003,-0.019913,7.323325
333560095558,-0.036431,0.542642,-0.265446,-0.090645,0.121303,0.026457,7.392339
333660113578,-0.082241,1.288346,-0.303340,-0.170239,0.186727,0.081309,7.349104
333760131598,0.653739,0.456545,-0.441308,-0.205206,0.223433,0.084212,7.336662
333860149617,1.306211,-0.092747,-0.267925,-0.127067,0.129300,-0.028698,7.379248
333960167637,0.781501,0.458731,0.267798,0.004958,-0.005829,-0.142832,7.336640
334060185657,0.259179,1.079684,0.085228,0.007873,-0.007403,-0.140910,7.320273
334160203676,0.132327,0.583212,-0.195912,-0.053591,0.104362,-0.052913,7.214885
334260221696,0.881589,-0.762751,-0.184364,-0.115534,0.173720,0.009711,7.203630
334360239716,0.671669,-0.183177,0.179941,-0.132153,0.138861,0.002649,7.133660
334460257735,0.491963,0.422002,0.206519,-0.064941,0.041079,-0.069332,7.113790
334560275755,0.703424,-0.108298,-0.014066,-0.015999,-0.022405,-0.079393,7.117518
334660293775,1.195785,-0.778411,-0.025128,-0.023515,0.041674,-0.030560,6.976026
334760311794,1.052498,-0.618404,0.316274,-0.034062,0.046212,-0.035923,6.937320
334860329814,1.162646,-0.364565,0.491885,0.004343,0.050044,-0.017081,6.904229
334960347834,1.169221,-0.285668,0.580174,0.014678,0.031636,-0.051827,6.854774
335060365853,1.550874,-0.942401,0.314413,0.042057,-0.039255,-0.115423,6.828772
335160383873,1.395934,-1.547594,0.041150,0.077898,-0.069945,-0.082819,6.712117
335260401892,0.044463,0.028395,-0.297641,0.035359,0.066019,-0.062371,6.607648
335360419912,-0.860715,1.228668,-0.469307,-0.116355,0.154715,0.141730,6.586910
335460437932,-0.164362,-0.360026,-0.375118,0.047826,-0.007518,0.032597,6.554473
335560455951,1.435563,-2.773736,-0.437316,0.213163,-0.228982,-0.145611,6.399613
335660473971,2.247336,-3.075408,-0.466662,0.207078,-0.199924,-0.153880,6.409142
335760491991,1.000863,-0.666884,-0.110564,0.051922,0.019187,-0.017654,6.254845
335860510010,0.202088,0.936736,0.265331,-0.006563,0.075979,0.046761,6.197770
335960528030,0.679870,-0.392252,-0.007917,0.153795,-0.156030,-0.056555,6.246330
336060546050,2.274572,-3.042850,-0.306820,0.304081,-0.336240,-0.165275,6.076116
336160564069,1.638204,-1.728235,0.095078,0.240930,-0.304235,-0.113159,6.050322
336260582089,0.836425,-0.125630,0.452505,0.110055,-0.135172,-0.012484,6.052394
336360600109,1.278183,-0.158676,-0.002266,0.112453,-0.104401,-0.051184,5.977142
336460618128,1.604742,-0.797309,-0.472547,0.143176,-0.130376,-0.050271,5.859746
336560636148,2.413924,-2.126546,-0.520391,0.160481,-0.176699,-0.050417,5.899308
336660654168,1.788247,-1.987906,-0.092156,0.021376,-0.016995,0.065547,5.855057
336760672187,-0.790366,0.690532,0.490072,-0.124687,0.180373,0.219308,5.752810
336860690207,-1.490086,1.354737,0.514031,-0.130526,0.172092,0.178890,5.661645
336960708227,0.401563,-1.475338,0.285462,0.057504,-0.008294,0.001204,5.616111
337060726246,1.581311,-2.137607,-0.216022,0.188589,-0.158084,-0.103430,5.646474
337160744266,2.005766,-1.538026,-0.570943,0.113159,-0.061048,-0.042746,5.494677
337260762286,1.042655,-0.011049,-0.352711,-0.039009,0.076646,0.109543,5.456297
337360780305,0.431170,0.460191,-0.215695,-0.094798,0.107117,0.126005,5.371703
337460798325,0.570222,-0.042620,-0.083353,0.021155,-0.050937,-0.005243,5.245061
337560816345,1.402061,-0.814275,0.068401,0.068889,-0.113590,-0.058220,5.184607
337660834364,0.851240,-0.987691,0.062244,0.027940,-0.019291,-0.018013,5.124020
337760852384,0.182750,-0.208667,-0.113656,-0.023972,0.090089,0.062351,5.048517
337860870404,0.435735,-0.283549,-0.134257,-0.022696,0.052010,0.058594,5.076305
337960888423,0.562884,-0.945253,-0.289858,0.034387,-0.017118,-0.028023,4.992547
338060906443,0.673950,-0.741218,-0.198683,0.009604,-0.006977,-0.005081,4.892064
338160924463,0.792503,-0.541534,0.003927,-0.012060,0.031333,0.015106,4.884148
338260942482,1.024921,-0.762001,-0.271054,-0.001134,-0.033157,-0.040589,4.799689
338360960502,1.290242,-1.283438,-0.809557,0.009174,0.004008,-0.008402,4.725275
338460978522,0.661501,-1.225077,-1.025457,-0.058912,0.040838,0.062623,4.716938
338560996541,-0.232111,-0.785775,-0.439042,-0.116152,0.030735,0.117188,4.685341
338661014561,-0.194515,-0.424773,0.153569,-0.040569,-0.026218,0.039757,4.669482
338761032580,0.441423,-0.559802,0.279919,0.038709,-0.049226,-0.054011,4.565570
338861050600,0.395350,-0.429678,0.186611,0.024388,-0.006272,-0.093128,4.478121
338961068620,-0.144101,-1.146756,-0.274437,-0.018115,0.003340,-0.054429,4.400632
339061086639,0.645337,-2.674459,-1.009555,-0.015193,0.100498,0.075658,4.380269
339161104659,0.202677,-2.345631,-0.631413,0.016604,0.091619,0.105022,4.370126
339261122679,-1.488539,-2.068319,0.192096,0.032570,0.001831,0.075464,4.256015
339361140698,-2.701107,-2.312857,0.508101,0.064562,-0.048566,-0.008747,4.165542
339461158718,-2.884117,-2.560421,0.611128,0.066959,-0.060587,-0.039079,4.145507
339561176738,-0.862820,-1.851525,0.302548,0.061443,-0.038932,-0.049606,4.140320
339661194757,0.549884,-0.816874,0.070623,0.017541,-0.038253,-0.013009,4.075671
339761212777,-0.007297,-2.372710,-0.222557,0.016866,-0.090782,-0.035381,4.097834
339861230797,-0.770150,-2.496562,-0.113483,0.041201,-0.066574,0.005876,4.132012
339961248816,-0.757765,-2.258793,-0.112957,0.030770,-0.015334,0.042652,4.130760
340061266836,-1.048392,-1.507795,0.379947,0.016575,-0.000329,0.059035,4.114756
340161284856,-1.263735,-1.255391,0.800915,-0.029279,-0.009159,0.056110,4.257101
340261302875,-1.073115,-1.967530,0.486333,-0.019200,-0.037454,0.009912,4.426260
340361320895,-1.024725,-2.604895,0.059021,-0.025907,0.047765,0.004190,4.624736
340461338915,-1.938282,-2.014447,-0.132328,-0.102297,0.147393,0.114822,4.807497
340561356934,-1.888486,-1.743523,0.089438,-0.079929,0.173066,0.153165,5.003065
340661374954,-1.265122,-2.041149,0.462581,0.092390,-0.027789,-0.027661,5.225094
340761392974,-0.121589,-3.001075,0.487480,0.104202,-0.040547,-0.099342,5.320656
340861410993,-0.861392,-2.249982,0.184261,-0.075508,0.086121,0.059623,5.448319
340961429013,-2.375749,-0.232450,0.085779,-0.174838,0.215595,0.129135,5.551532
341061447033,-1.646663,-0.930537,-0.181252,-0.123787,0.116780,0.081165,5.683931
341161465052,-0.335049,-2.870877,0.046262,-0.111232,0.078669,0.059115,5.889456
341261483072,-1.467916,-1.697872,0.296479,-0.137437,0.162622,0.117977,6.081846
341361501092,-2.363704,-0.622734,0.503455,-0.150287,0.218681,0.138990,6.274198
341461519111,-1.101741,-1.941408,0.441610,-0.107706,0.147210,0.052020,6.409191
341561537131,-0.027427,-2.851146,0.046138,0.028622,-0.014784,-0.082879,6.568074
341661555151,-0.337914,-2.320164,-0.199592,0.043556,-0.021047,-0.016359,6.705871
341761573170,-1.969223,-0.604353,0.324788,-0.114366,0.144582,0.090769,6.910821
341861591190,-3.170537,-0.264715,0.247142,-0.132839,0.208095,0.114644,7.053152
341961609210,-2.337678,-1.186709,-0.167445,-0.006290,-0.023510,0.045266,7.173637
342061627229,-0.943099,-1.344188,-0.564593,0.047827,-0.118471,-0.055310,7.323248
342161645249,-0.180054,-2.206591,0.254359,-0.139849,0.057670,0.092507,7.512111
342261663269,-0.380549,-1.969272,0.360964,-0.117276,0.045498,0.062497,7.628230
342361681288,-1.935646,-0.182722,0.277169,0.051544,-0.040971,-0.062943,7.826051
342461699308,-2.078521,1.420375,0.697444,0.089904,0.027517,-0.078442,7.974845
342561717327,0.141494,-1.332547,0.581364,-0.150353,0.218832,0.082222,8.087179
342661735347,1.223608,-3.010882,0.176358,-0.204719,0.267180,0.111115,8.240207
342761753367,0.160752,-1.534551,-0.203391,-0.090627,0.171671,0.076520,8.299224
342861771386,-1.610968,1.989231,1.503141,0.236802,-0.290609,-0.109062,8.480796
342961789406,-0.033553,-0.879272,1.135937,0.317484,-0.297216,-0.242121,8.610709
343061807426,1.827889,-3.295623,0.399483,-0.047271,0.087457,0.027466,8.700087
343161825445,-0.101959,-1.701269,-0.517899,-0.395558,0.555024,0.320086,8.779286
343261843465,-3.534223,1.425374,-0.677093,-0.179106,0.191153,0.072073,8.910576
343361861485,-4.605305,1.646446,-0.432677,0.115967,-0.170989,-0.214139,9.023303
343461879504,-1.646939,-0.092597,-0.154364,0.088143,-0.094023,-0.107452,9.067361
343561897524,0.221532,-0.988505,0.640295,-0.003697,0.038771,-0.057159,9.219732
343661915544,-1.272453,-1.258060,1.288499,-0.097391,0.254066,-0.066310,9.279770
343761933563,-2.277123,-1.125966,1.236121,0.009041,0.178819,-0.017132,9.313807
343861951583,-0.739885,-0.790838,1.726702,0.036129,-0.104538,-0.055641,9.442918
343961969603,1.391521,-2.137479,1.467260,0.150989,-0.087363,-0.175643,9.496170
344061987622,0.783095,-1.141170,0.892035,0.089794,-0.066061,-0.069198,9.539124
344162005642,-0.390407,-0.487823,0.763437,-0.094131,0.055285,0.117740,9.623172
344262023662,-0.635045,-1.547866,0.727624,-0.029127,0.061275,0.038846,9.759283
344362041681,0.183511,-1.319358,0.461006,0.065121,-0.014394,-0.042287,9.859169
344462059701,-0.059343,-1.209228,0.065658,0.029805,-0.006595,-0.071018,9.978137
344562077721,-0.762717,-1.971622,0.577305,-0.027181,-0.080871,-0.094276,10.059361
344662095740,-0.096413,-1.546599,0.621311,0.015752,-0.071281,0.043490,10.167407
344762113760,-0.189188,-1.397411,0.731354,-0.087557,-0.045712,0.113295,10.258472
344862131780,-3.073562,-4.788147,-0.672181,-0.053581,-0.198576,0.018981,10.336706
344962149799,-3.435082,-1.683532,-0.178246,0.142927,-0.208669,-0.126962,10.357098
345062167819,0.712139,-2.189937,1.239164,0.105056,0.069467,-0.027022,10.433882
345162185839,2.262815,-3.306007,1.717211,-0.087628,0.412213,0.211579,10.466073
345262203858,0.493215,-2.020900,0.800921,-0.271847,0.341340,0.259996,10.555316
345362221878,-2.169307,-0.181615,1.043402,-0.090686,0.035629,0.034462,10.620747
345462239898,-1.542631,0.669391,0.714008,0.060439,-0.172443,-0.025546,10.655386
345562257917,0.965845,-1.614816,-0.151872,0.122244,-0.215903,-0.080556,10.702324
345662275937,0.872444,-1.665025,0.442873,0.068484,-0.131137,-0.077422,10.665954
345762293957,-1.185395,0.100754,0.707468,-0.156221,0.155020,0.096040,10.696875
345862311976,-3.183687,-0.411932,-0.056884,-0.149906,0.296190,0.148145,10.880222
345962329996,-1.414485,-1.436629,-0.792175,-0.083897,0.282997,0.039279,11.003549
346062348016,-1.031966,-1.096280,-0.610324,-0.102824,0.079879,0.074956,11.039375
346162366035,-0.465018,-1.229805,-0.800633,-0.011826,-0.080746,0.066143,11.107823
346262384055,1.460550,-3.047496,-0.131262,0.170707,-0.234955,-0.159746,11.104032
346362402074,1.166606,-2.483259,0.627156,0.239318,-0.188265,-0.198418,11.124375
346462420094,-1.983954,0.197817,0.798372,0.018455,-0.059119,-0.024280,11.271443
346562438114,-2.620637,-0.445119,0.581826,-0.185664,0.178334,0.148781,11.289602
346662456133,-0.260288,-2.275515,0.404253,-0.127049,0.173583,0.119007,11.314369
346762474153,1.696938,-3.258211,0.487397,0.173684,-0.076303,-0.161434,11.351492
346862492173,-0.788833,-0.505363,0.124996,0.258865,-0.311841,-0.239687,11.373018
346962510192,-2.364378,2.198243,-0.242033,-0.065141,0.059348,0.088587,11.404448
347062528212,-0.603241,-0.076170,-0.078897,-0.321412,0.362927,0.226210,11.434175
347162546232,1.984527,-2.973250,-0.436915,-0.190051,0.352760,0.184380,11.471235
347262564251,1.393934,-2.229255,-0.653954,-0.055098,0.091941,-0.002539,11.513187
347362582271,-0.989351,0.589456,-0.210641,0.082766,-0.173108,-0.170314,11.533409
347462600291,-0.366737,-0.841677,0.213025,0.137691,-0.151020,-0.118678,11.529851
347562618310,0.631330,-3.139005,0.350227,0.050166,-0.032133,-0.051619,11.572379
347662636330,-0.605509,-1.485409,-0.162267,-0.004537,0.094306,0.003810,11.608699
347762654350,-2.183304,0.636939,-0.164962,-0.069795,0.089689,0.070302,11.611452
347862672369,-1.902717,-0.150414,-0.109264,0.084044,0.011802,-0.063471,11.666405
347962690389,0.375657,-3.027757,-0.726564,0.176799,-0.249612,-0.194154,11.687462
348062708409,1.531736,-3.511579,-0.961436,0.170971,-0.237030,-0.153503,11.672510
348162726428,1.705865,-2.294669,-0.076271,-0.030325,0.058523,0.106067,11.683040
348262744448,-0.564987,-0.398724,-1.117236,-0.221823,0.121699,0.090447,11.700833
348362762468,-1.591941,-0.115362,-1.651317,-0.016089,-0.012743,0.097930,11.707331
348462780487,0.354694,0.920417,-0.623288,0.191742,-0.219296,-0.247902,11.723053
348562798507,2.081289,-3.419110,-0.151897,-0.008206,0.044915,-0.243479,11.692346
348662816527,2.540687,-5.407972,-0.230169,-0.283545,0.428529,0.298035,11.706579
348762834546,-1.537748,-0.561520,-0.069803,-0.396515,0.464804,0.360372,11.724002
348862852566,-2.528217,2.020812,0.157264,-0.046448,0.169089,0.113495,11.663845
348962870586,0.273248,-0.420716,0.388479,0.314408,-0.254498,-0.169593,11.657593
349062888605,3.527603,-2.896816,-0.682093,0.133964,-0.292299,-0.122221,11.641921
349162906625,2.241472,-0.768566,-0.478034,0.001828,-0.035444,0.061116,11.665867
349262924645,0.736789,0.535090,0.251116,-0.004263,0.132029,0.052901,11.679051
349362942664,1.327960,-0.178317,0.106805,-0.110359,0.204880,0.108035,11.639249
349462960684,0.302646,-0.008771,-0.597355,-0.173835,0.198701,0.123928,11.612480
349562978704,-0.598301,0.682940,-0.953767,-0.098552,0.062489,0.123519,11.694301
349662996723,-0.497557,-0.816145,-0.407329,0.136628,-0.084876,-0.133931,11.673779
349763014743,1.537463,-2.817735,-0.300500,0.092519,-0.105219,-0.151461,11.618116
349863032763,1.823634,-2.258731,-0.406433,-0.114788,0.134137,0.149277,11.643968
349963050782,-2.218429,-0.430847,0.072935,-0.253190,0.288404,0.226462,11.631138
350063068802,0.533174,-1.779751,-0.029030,-0.121006,0.204246,0.171415,11.632091
350163086821,2.291688,-2.750715,-0.276221,0.187963,-0.011626,-0.082079,11.652125
350263104841,4.012565,-2.970372,-0.513114,-0.051361,-0.062013,-0.083209,11.662729
350363122861,-0.553903,-3.061867,-0.563349,-0.195986,0.272976,0.193630,11.657169
350463140880,-4.143785,-0.831635,-0.690124,-0.338780,0.300817,0.246804,11.679130
350563158900,-3.551419,1.168052,-0.487463,0.028751,-0.142704,-0.179280,11.753773
350663176920,0.091706,-2.003569,0.016562,0.262487,-0.323745,-0.246776,11.730494
350763194939,1.584667,-4.246755,0.108680,0.123928,-0.139073,-0.123109,11.696944
350863212959,0.470507,-1.116809,-0.214577,-0.131330,0.177237,0.118598,11.743125
350963230979,-0.198823,0.613312,-0.013580,-0.213899,0.213496,0.138962,11.775621
351063248998,0.526832,-0.499959,0.039088,-0.024528,0.044195,0.023815,11.734088
351163267018,1.856625,-1.847506,-0.380029,0.097825,-0.155861,-0.143953,11.715612
351263285038,0.635086,-0.584390,-0.112205,0.064824,-0.173686,-0.095024,11.773792
351363303057,-1.421773,0.451742,-0.069512,-0.084399,0.060259,0.084557,11.720772
351463321077,-0.814062,-1.189163,-0.066552,-0.196283,0.243815,0.143968,11.752327
351563339097,0.914978,-3.008805,0.195418,-0.238374,0.257753,0.158274,11.764756
351663357116,0.160860,-0.482482,0.714586,-0.146681,0.207576,0.134398,11.739368
351763375136,-1.973986,1.859205,0.329543,0.197353,-0.164569,-0.123337,11.690340
351863393156,1.129190,-1.700093,-0.477746,0.276838,-0.374229,-0.278334,11.743835
351963411175,2.459817,-4.114319,-0.669938,0.115416,-0.175195,-0.086297,11.797574
352063429195,2.227371,0.125104,0.410443,-0.009262,-0.101631,0.058166,11.779744
352163447215,1.778110,-0.848651,0.625981,0.107784,-0.019272,-0.141728,11.777695
352263465234,2.697159,-2.136801,0.110605,-0.071732,-0.128314,0.018246,11.763615
352363483254,-0.273757,-0.245929,0.183561,-0.088967,0.069843,-0.004727,11.693575
352463501274,-0.670560,0.017322,0.123978,-0.162131,0.130238,0.057121,11.705156
352563519293,0.662515,-1.827820,-0.106894,-0.109595,0.163972,0.074091,11.719642
352663537313,0.148365,-1.123460,-0.192241,-0.093627,0.121248,0.048771,11.758061
352763555333,-0.178878,-0.059569,0.127952,-0.014968,0.060769,0.053487,11.725453
352863573352,0.837801,-1.155994,0.233689,0.139273,-0.074840,0.004065,11.720552
352963591372,0.811534,-1.682509,0.503860,0.101790,-0.161068,-0.118322,11.665051
353063609392,0.401616,-0.865592,0.282844,-0.003041,-0.061177,0.036164,11.678664
353163627411,0.487085,-1.192515,0.218829,-0.093380,0.147612,0.046020,11.725200
353263645431,0.474036,-0.901295,0.207659,-0.026574,0.087274,-0.046853,11.685624
353363663451,0.766666,-0.879562,-0.097898,0.085626,-0.129663,-0.076354,11.649037
353463681470,-0.044082,-0.671520,-0.564191,0.108718,0.034151,-0.036656,11.675199
353563699490,-0.462590,-0.893478,-0.378211,0.042398,0.137227,-0.023720,11.687216
353663717510,-0.379796,1.418454,-0.011593,0.038830,-0.026137,-0.070039,11.650791
353763735529,1.603678,0.383736,-0.285024,0.139768,-0.202747,-0.124565,11.692493
353863753549,3.256058,-3.408053,-0.052806,0.199431,-0.335523,-0.253186,11.641586
353963771568,0.724043,-2.055274,-0.134290,0.018511,-0.076261,-0.010624,11.663736
354063789588,-1.951514,1.806660,-0.553217,-0.323617,0.336169,0.180602,11.620431
354163807608,-1.441891,2.681571,-0.387837,-0.010059,0.008664,0.014439,11.589539
354263825627,0.132699,-1.023371,-0.150763,-0.084618,0.042907,-0.022255,11.645517
354363843647,2.009547,-3.670212,-1.026792,-0.167847,0.264626,0.247741,11.597283
354463861667,2.244440,-1.544927,-0.602718,-0.002783,0.211698,-0.043093,11.597752
354563879686,1.247024,-2.359415,-0.167594,-0.180868,0.221833,-0.032816,11.618750
354663897706,-0.402656,-1.796120,-0.486518,-0.207635,0.396620,0.263196,11.572926
354763915726,-1.916194,0.208835,-0.862653,-0.108322,0.106963,0.080411,11.608065
354863933745,-1.312358,0.179451,-0.917336,0.193426,-0.112562,-0.145479,11.544801
354963951765,0.538586,-1.898506,-0.093963,0.148884,-0.082573,-0.046427,11.560347
355063969785,1.364393,-2.628994,0.213686,-0.078915,0.071701,0.054168,11.559130
355163987804,0.476947,-2.514545,-0.253828,-0.028405,-0.075987,-0.061584,11.587301
355264005824,1.352104,-1.809899,0.129990,0.175035,-0.158809,-0.102930,11.559039
355364023844,-0.009457,-0.279943,0.448255,0.082464,-0.165739,-0.106855,11.529612
355464041863,-1.209062,-0.420830,0.162048,-0.111324,0.089228,0.028603,11.572027
355564059883,-0.689674,-1.739893,-0.053365,-0.081055,0.141933,0.064332,11.609058
355664077903,-0.026569,-2.255010,0.216377,-0.047568,-0.021791,0.064250,11.565682
355764095922,-1.044431,-1.311223,0.338550,0.009410,-0.126981,-0.040065,11.620269
355864113942,-0.841366,-0.272862,0.541952,0.081045,-0.201166,-0.131218,11.746553
355964131962,0.834121,-1.276360,0.685505,0.092089,0.028188,-0.039382,11.693488
356064149981,0.226590,-0.346657,0.367375,-0.103683,0.171929,0.074632,11.689674
356164168001,-1.202852,0.037993,0.445359,-0.136617,0.191589,0.132295,11.764221
356264186021,-0.840641,0.416411,-0.201281,0.067360,-0.068859,-0.019989,11.719395
356364204040,0.956412,0.991925,-0.458841,-0.039940,0.044762,-0.048993,11.784688
356464222060,1.429326,-0.814667,0.421361,-0.232168,0.343520,0.222470,11.846267
356564240080,2.196287,-4.059725,0.175185,-0.292078,0.347973,0.298010,11.873752
356664258099,-0.172713,-1.257019,-0.362992,0.137957,-0.132718,-0.036953,11.883593
356764276119,-1.893820,1.898074,-0.301242,0.363842,-0.414712,-0.322581,11.893966
356864294139,0.984274,-0.916747,0.487077,0.305373,-0.220427,-0.258159,11.981479
356964312158,3.044018,-4.644491,0.794312,-0.054478,0.159204,0.081005,12.026111
357064330178,2.006413,-3.655522,1.338842,0.010619,0.220822,0.054274,12.007348
357164348198,1.198021,-2.331006,0.872828,0.171154,0.017257,-0.100659,12.069694
357264366217,1.384533,-0.501331,0.343667,0.008633,-0.173016,-0.055103,12.102312
357364384237,1.269532,-0.279618,0.425510,0.005077,-0.054176,0.048734,12.116655
357464402257,0.687452,-2.469894,-0.001198,0.054043,0.110231,0.129632,12.173278
357564420276,0.433345,-2.842608,-0.600857,0.047099,-0.053893,-0.017821,12.187436
357664438296,0.117099,-1.612331,-0.675980,0.063885,-0.200738,-0.043904,12.250024
357764456315,0.253965,-0.617448,-0.295877,0.057011,-0.133399,-0.096771,12.280357
357864474335,0.183221,-1.588214,-0.550484,-0.051700,-0.033536,-0.010238,12.273425
357964492355,-0.192661,-2.226055,-0.577425,0.039980,0.012926,-0.001087,12.388031
358064510374,-0.789542,-3.144707,0.944964,0.139257,-0.060258,-0.070934,12.371306
358164528394,2.818933,-6.570524,1.389738,-0.198443,0.301719,0.161805,12.386275
358264546414,2.695348,-3.165248,1.381339,-0.356572,0.509010,0.487808,12.444170
358364564433,-1.702873,5.327731,0.624465,0.324508,-0.336912,-0.230776,12.496794
358464582453,-1.852323,3.549233,-0.137727,0.914991,-1.187778,-0.819773,12.548373
358564600473,2.257470,-5.791938,-0.417830,0.725069,-1.000693,-0.659946,12.563744
358664618492,4.228127,-9.092548,-0.053899,-0.295246,0.370184,0.327309,12.507412
358764636512,-0.240350,0.579811,0.501643,-0.586502,0.829605,0.606934,12.619863
358864654532,-3.628698,5.101271,0.660095,-0.175265,0.302606,0.165466,12.678659
358964672551,0.455714,-1.791616,-0.463267,0.350208,-0.332531,-0.307425,12.619551
359064690571,2.730076,-5.574249,-0.924830,0.406795,-0.554196,-0.287640,12.646066
359164708591,1.458327,-4.638786,-0.211603,-0.112135,0.031017,0.209034,12.674281
359264726610,-0.779963,0.221418,0.182254,-0.122801,0.250397,0.218679,12.673350
359364744630,-1.325610,1.496721,0.151123,0.186050,-0.071189,-0.075194,12.620001
359464762650,1.345728,-1.748360,-0.171108,0.337567,-0.381676,-0.259891,12.674583
359564780669,2.362425,-4.044292,0.129928,-0.010590,-0.014646,0.061322,12.714782
359664798689,0.843580,-1.147980,0.759510,-0.225670,0.307932,0.238258,12.697005
359764816709,0.921965,1.015336,0.393696,-0.055274,0.165739,0.056764,12.721297
359864834728,1.841414,0.470209,-0.364686,0.108442,-0.177604,-0.067722,12.644338
359964852748,1.696942,-2.407284,-0.394701,0.039912,-0.206983,-0.079763,12.625482
360064870768,1.946595,-2.908969,-0.263425,-0.012693,-0.031079,0.050158,12.726667
360164888787,-0.139717,-1.284220,0.632065,-0.108630,0.196843,0.082102,12.694799
360264906807,-1.451398,-0.156588,0.225726,-0.098334,0.223170,0.205526,12.677035
360364924827,0.688600,-1.106374,-0.399148,0.306133,-0.275911,-0.116972,12.642028
360464942846,4.675979,-4.188689,-0.238056,0.369114,-0.506128,-0.289147,12.645877
360564960866,1.714701,-2.934600,-0.041945,0.125994,-0.182972,-0.083374,12.583450
360664978886,-2.640633,1.285982,-0.138845,-0.271817,0.297526,0.323948,12.524866
360764996905,-1.330730,1.029922,-0.616580,-0.084779,0.135463,0.241974,12.469891
360865014925,4.417983,-5.288920,-0.614719,0.325933,-0.333165,-0.195437,12.405991
360965032945,5.759077,-7.061089,-0.131499,0.551897,-0.740874,-0.435680,12.413000
361065050964,1.291493,0.311258,0.223264,0.431793,-0.593211,-0.283831,12.450823
361165068984,0.819541,-0.905247,0.294504,-0.134944,0.210852,0.327635,12.339967
361265087004,-1.476391,1.065984,-0.044912,-0.254776,0.350462,0.369611,12.216034
361365105023,-0.888393,-0.245557,-0.391354,0.124392,-0.099762,0.033470,12.217553
361465123043,1.433649,-4.092043,-0.088106,0.348733,-0.520854,-0.252670,12.173133
361565141062,2.813979,-3.428931,-0.050852,0.055416,-0.074872,-0.075284,12.102906
361665159082,2.140080,-1.737436,-0.632536,-0.214038,0.381935,0.244606,12.132468
361765177102,-1.535134,1.637622,-0.753241,-0.282211,0.344248,0.335443,12.010973
361865195121,0.211813,-1.732875,-0.161671,0.015591,0.030831,0.082422,11.980297
361965213141,3.132877,-5.497094,0.062558,0.451350,-0.494475,-0.341312,12.077121
362065231161,1.071277,-3.962967,0.129138,0.350310,-0.390045,-0.249809,11.988524
362165249180,-1.976416,0.101005,-0.177469,-0.059070,-0.006475,0.115069,11.891749
362265267200,-0.728317,0.841317,-0.033591,-0.153504,0.221113,0.239458,11.838220
362365285220,0.718691,-0.249396,0.393807,0.052409,-0.033956,-0.010712,11.811527
362465303239,3.086077,-3.256464,-0.328071,0.254146,-0.260209,-0.213090,11.757083
362565321259,0.532583,-0.854658,-0.395906,0.194964,-0.307614,-0.110827,11.712944
362665339279,-1.006409,1.001432,-0.017498,0.144276,-0.149294,-0.110582,11.665411
362765357298,1.678596,-2.399698,-0.220694,-0.189335,0.262362,0.110978,11.620128
362865375318,0.948950,-3.005039,-0.080133,-0.348326,0.449244,0.282168,11.558639
362965393338,-2.000103,0.974215,-0.420923,-0.250779,0.232810,0.182846,11.524518
363065411357,0.369496,-1.290151,-0.288571,-0.001787,0.037004,0.005293,11.523271
363165429377,1.384360,-2.691077,-0.377736,0.170386,-0.218268,-0.172059,11.443940
363265447397,-0.290178,-0.866984,-0.384531,0.097713,-0.145281,-0.165215,11.377477
363365465416,-1.230368,1.107654,-0.090247,-0.060920,0.053400,0.002110,11.367546
363465483436,-1.176578,1.019831,-0.019456,-0.176194,0.276222,0.114938,11.293583
363565501456,0.020303,-0.517489,0.305709,-0.127755,0.114929,0.079446,11.274267
363665519475,0.423144,-1.338492,-0.595014,0.001210,-0.116212,-0.110512,11.219481
363765537495,-1.672409,-0.064144,-0.357037,0.016332,-0.053408,-0.115132,11.190279
363865555515,-5.391784,-0.363391,-0.031503,-0.215895,0.100882,0.023341,11.226380
363965573534,-2.698129,-0.482349,-0.101376,-0.195929,0.209422,0.017631,11.108188
364065591554,0.784576,-1.520746,-0.700896,-0.089256,0.031815,-0.029275,11.067736
364165609574,1.018598,-0.649629,-0.544206,0.063708,-0.209770,-0.149008,11.024840
364265627593,-0.187103,1.211714,-0.520833,0.187277,-0.174578,-0.268968,10.956518
364365645613,0.714666,0.763493,-0.282856,0.025553,0.086374,-0.047894,10.879869
364465663633,2.163522,-0.422231,-0.407664,-0.104855,0.193812,0.057066,10.843434
364565681652,3.132158,-1.444388,-0.180742,-0.066565,0.018151,0.013899,10.715935
364665699672,1.751775,0.140077,-0.049761,0.111078,-0.160028,-0.102651,10.657681
364765717692,-0.256888,1.383170,-0.198080,0.008326,-0.068550,-0.014469,10.672247
364865735711,-0.101974,1.072915,0.059519,-0.036566,0.037529,0.072769,10.522846
364965753731,0.754810,-0.222810,0.356136,-0.019524,0.042163,-0.019173,10.378930
365065771751,2.484177,-1.327598,0.136586,0.056428,-0.104775,-0.034440,10.261887
365165789770,2.433520,-0.217760,-0.183475,0.030139,-0.145417,-0.031116,10.164693
365265807790,0.774026,1.878996,0.147401,-0.085737,0.037399,0.148561,9.963285
365365825809,0.755725,1.882848,0.282734,-0.104235,0.189486,0.136553,9.769746
365465843829,3.030941,-1.353700,-0.267314,-0.048068,0.044340,0.142936,9.598141
365565861849,2.744453,-0.626848,-0.424309,0.147093,-0.116417,-0.018730,9.441445
365665879868,1.803940,1.282667,-0.319855,0.138089,-0.163004,-0.124806,9.289282
365765897888,1.800111,1.520099,-0.107882,-0.000932,-0.050844,0.020295,9.106146
365865915908,2.955016,0.592921,0.107814,-0.047025,0.080085,0.093525,8.952649
365965933927,3.607680,-0.743094,-0.122580,0.068349,-0.042002,0.009945,8.737909
366065951947,1.963175,0.554436,-0.326378,0.188383,-0.209922,-0.129493,8.487135
366165969967,1.293498,1.507868,-0.336551,0.218815,-0.256257,-0.155697,8.256639
366265987986,1.968900,0.294051,-0.252686,0.118524,-0.145657,-0.068021,8.055001
366366006006,3.032972,-0.422397,-0.497730,-0.033005,0.064203,0.091759,7.830852
366466024026,2.881553,0.712338,-0.518096,-0.019686,0.013745,0.050521,7.517805
366566042045,1.646281,1.377257,-0.369441,0.074853,-0.083689,-0.028556,7.226629
366666060065,1.394929,0.556072,-0.046915,0.107046,-0.139452,-0.068301,6.984099
366766078085,1.993003,0.117492,0.094988,0.063873,-0.076969,-0.036298,6.790648
366866096104,1.587207,0.116916,0.100713,-0.032821,0.022762,0.040483,6.463704
366966114124,0.648697,0.860661,-0.074984,-0.076570,0.080834,0.080729,6.174049
367066132144,0.509216,0.719598,-0.298299,-0.030329,0.039869,0.045452,5.846646
367166150163,0.596327,0.055178,-0.247347,-0.003239,0.023353,0.014306,5.516580
367266168183,0.994251,-0.392422,-0.121564,0.045111,-0.041547,-0.026338,5.223741
367366186203,1.229928,-0.265636,-0.193878,0.069345,-0.079166,-0.056542,4.958905
367466204222,0.900334,-0.088892,-0.200195,0.004199,0.019652,0.001794,4.700189
367566222242,0.144245,0.161719,-0.086411,-0.060949,0.049166,0.061356,4.470854
367666240262,0.144024,-0.606241,-0.103509,-0.010218,0.011240,0.038249,4.218752
367766258281,0.520167,-0.889210,-0.310519,0.035369,-0.034469,-0.018426,4.044858
367866276301,0.272296,-0.330241,-0.019350,0.037255,-0.038697,-0.037273,3.887072
367966294321,-0.318354,-0.091638,0.073705,-0.012232,0.021598,-0.019962,3.745740
368066312340,0.237441,0.018181,-0.249488,-0.026741,0.056130,0.016843,3.648260
368166330360,0.825352,-0.533381,-0.203203,-0.019400,0.057807,0.021722,3.474073
368266348380,0.672141,-0.677307,-0.246588,0.033133,0.004452,-0.002668,3.369406
368366366399,-0.185787,-0.568034,-0.064510,0.035929,-0.022788,-0.008164,3.238485
368466384419,-0.702581,-0.731656,0.080242,-0.000390,-0.006769,-0.003034,3.142198
368566402439,-0.198313,-0.940014,-0.018973,-0.004143,0.004836,0.003129,3.053886
368666420458,0.045240,-1.175141,-0.135480,-0.005474,0.005299,0.002657,2.986417
368766438478,-0.195977,-1.003404,0.009136,0.008874,-0.007274,-0.005139,2.874402
368866456497,-0.540944,-0.902331,0.122323,0.009047,-0.003483,-0.013060,2.849925
368966474517,-0.646406,-0.832332,0.077119,-0.020220,0.008126,0.006362,2.757616
369066492537,-0.213183,-0.801580,-0.067535,-0.013344,0.002136,0.003962,2.641832
369166510556,-0.008835,-0.944548,-0.155719,-0.004872,-0.006334,-0.000713,2.607413
369266528576,-0.162866,-0.847372,-0.009349,0.000450,0.002819,-0.007681,2.565455
369366546596,-0.378779,-0.778043,0.094134,-0.010451,0.004794,-0.005336,2.545000
369466564615,-0.344000,-0.831730,0.014143,-0.010891,0.002874,-0.010828,2.515046
369566582635,-0.327933,-1.114470,0.037570,0.000828,-0.010643,-0.000883,2.514611
369666600655,-0.522013,-1.323083,0.129666,0.004768,-0.001751,-0.005643,2.477359
369766618674,-0.454146,-1.220275,0.140023,0.006770,0.008490,-0.003166,2.472395
369866636694,-0.119954,-0.837472,-0.037155,0.004958,0.006741,0.000257,2.461120
369966654714,0.024962,-0.655337,-0.124288,-0.005698,-0.019136,-0.002921,2.436299
370066672733,-0.376585,-1.076666,0.016224,0.002620,-0.021543,0.005219,2.479634
370166690753,-0.522592,-1.253974,0.143980,-0.004120,-0.011452,-0.006231,2.402370
370266708773,-0.563123,-1.234831,0.140850,0.009325,-0.010551,-0.014150,2.349073
370366726792,-0.333707,-1.661705,-0.074612,0.019936,-0.014442,-0.023815,2.411446
370466744812,-0.713291,-1.704215,-0.026618,0.000873,-0.008002,-0.010983,2.383541
370566762832,-0.986582,-1.739034,0.130821,-0.009620,-0.018945,0.013303,2.339980
370666780851,-1.196895,-2.064565,0.352251,-0.019795,-0.007849,0.026715,2.358469
370766798871,-0.732105,-1.655618,0.158335,0.012286,-0.001308,-0.009334,2.300230
370866816891,-0.472773,-1.352201,-0.008177,0.030220,0.002701,-0.000681,2.287644
370966834910,-0.264927,-1.271414,-0.183084,0.025576,-0.003978,-0.005458,2.347159
371066852930,-0.694069,-1.332660,0.068594,0.002384,-0.000227,0.020187,2.329514
371166870950,-0.882133,-1.299876,0.349724,-0.004190,0.008601,0.006963,2.437430
371266888969,-0.552923,-1.268613,0.091732,0.007541,0.007482,0.005153,2.453546
371366906989,-0.579133,-1.514200,-0.098505,0.010107,-0.006114,-0.011881,2.564557
371466925009,-0.563729,-1.378315,0.046459,0.023318,-0.024732,-0.025729,2.662529
371566943028,-0.283317,-1.182401,-0.123276,0.008076,-0.005394,0.005868,2.773821
371666961048,-0.086791,-1.145903,-0.184303,0.005803,0.010929,0.008970,2.858498
371766979068,0.548080,-0.789895,-0.232902,0.013137,-0.009455,0.031123,2.922527
371866997087,0.442632,0.004376,-0.166722,0.047582,-0.022259,0.013210,2.951700
371967015107,0.340427,0.448047,-0.215765,0.040804,-0.010266,-0.014476,2.977152
372067033127,0.890298,0.457253,-0.335311,0.014236,-0.023280,0.018239,3.000159
372167051146,1.345797,0.915889,-0.280743,0.000914,0.006296,0.011897,3.028834
372267069166,1.403278,1.553167,-0.180988,0.005367,0.022513,0.003736,3.087694
372367087186,1.492834,1.574832,-0.280835,0.006150,0.009140,0.005419,3.103657
372467105205,1.364524,1.374073,-0.391724,0.006856,0.005947,0.002659,3.086579
372567123225,0.931420,0.780745,-0.467927,-0.000106,0.005724,0.010701,3.082051
372667141244,0.631491,0.169081,-0.284664,-0.010984,0.008971,-0.001556,3.038668
372767159264,0.545036,0.090969,-0.106155,0.010792,-0.015364,-0.015055,2.941763
372867177284,0.467919,0.241028,-0.035135,0.010590,-0.037452,-0.023530,2.746387
372967195303,0.221862,0.037370,-0.069567,-0.000676,-0.012982,0.001543,2.546631
373067213323,0.321435,-0.411775,-0.169260,-0.022216,0.025579,0.041086,2.308829
373167231343,0.084698,-0.717679,-0.142265,-0.013326,0.019101,0.007518,2.004750
373267249362,-0.209684,-0.689221,-0.061790,0.000184,-0.018921,0.009493,1.655484
373367267382,-0.312238,-0.638954,-0.023236,0.000471,-0.020290,-0.008537,1.341308
373467285402,-0.424446,-0.867709,-0.065423,-0.022123,0.001785,0.006778,1.062385
373567303421,-0.438892,-0.978825,-0.078846,-0.011071,0.010177,0.004622,0.886122
373667321441,-0.449929,-1.254772,-0.017739,0.002970,-0.010389,-0.001953,0.705880
373767339461,-0.486829,-1.430465,0.031494,-0.004778,-0.012856,-0.013033,0.517678
373867357480,-0.571064,-1.308284,0.071532,-0.028740,0.013404,0.007801,0.454211
373967375500,-0.695073,-1.076890,0.117933,-0.012838,0.027213,0.024334,0.338155
374067393520,-0.748630,-1.318925,0.102854,-0.006021,-0.002227,0.003631,0.248048
374167411539,-0.762356,-1.640131,0.062483,0.014167,-0.013282,-0.011359,0.219501
374267429559,-0.660860,-1.677495,0.040254,0.002557,0.017222,0.007048,0.139154
374367447579,-0.685041,-1.348588,0.033034,-0.021593,0.021572,0.015172,0.092938
374467465598,-0.733711,-1.184224,0.030196,-0.012015,0.016977,0.013858,0.085244
374567483618,-0.666576,-1.408897,0.028382,-0.008104,0.007152,0.013817,0.069830
374667501638,-0.662134,-1.618330,0.080089,0.001689,-0.007787,0.001212,0.076556
374767519657,-0.725450,-1.644001,0.129897,-0.002264,-0.004099,0.003873,0.120191
374867537677,-0.744286,-1.287819,0.118120,-0.012479,0.024584,0.016888,0.156253
374967555697,-0.661572,-1.297523,0.081587,-0.010469,0.020261,0.012218,0.194649
375067573716,-0.713291,-1.438263,0.098997,-0.009090,0.002601,-0.002669,0.215083
375167591736,-0.936834,-1.562346,0.128162,0.002923,0.001594,0.008477,0.248472
375267609756,-1.100007,-1.548189,0.152336,0.000987,-0.008034,-0.002763,0.260238
375367627775,-1.024836,-1.550009,0.111940,-0.006477,-0.005302,0.002547,0.347556
375467645795,-0.796063,-1.584128,0.042740,0.009569,-0.004914,0.000400,0.371773
375567663815,-0.638507,-1.537078,0.014597,0.012157,0.006012,0.003548,0.387302
375667681834,-0.955345,-1.867874,0.074026,0.005115,-0.003156,-0.003983,0.499096
375767699854,-2.376496,-3.278636,0.392944,0.013193,0.003928,0.014640,0.521181
375867717874,-3.392074,-4.134932,0.655235,0.047572,0.004197,0.011454,0.548203
375967735893,-3.164423,-3.857963,0.540084,0.052127,-0.007792,-0.008177,0.632611
376067753913,-1.493779,-2.254312,0.115957,-0.005105,-0.019592,0.010702,0.659937
376167771933,-1.686273,-3.041249,0.240842,-0.015417,-0.016831,0.015721,0.713591
376267789952,-1.637805,-3.000656,0.105987,-0.012282,-0.014997,0.010006,0.859951
376367807972,-1.931112,-2.766288,0.072522,0.007984,-0.003199,0.001829,0.909599
376467825991,-1.573089,-2.940725,0.111757,0.033512,-0.011424,-0.016322,0.998241
376567844011,-2.003358,-2.811713,0.190764,0.069789,-0.014062,-0.028278,1.150495
376667862031,-2.255440,-1.882857,0.272318,-0.035766,0.068351,0.054562,1.378386
376767880050,-2.474711,-1.222032,-0.124625,-0.155672,0.164400,0.150521,1.617503
376867898070,-1.407729,-2.769517,-0.062112,-0.075132,0.100316,0.093141,1.870287
376967916090,-0.428481,-3.625796,0.136762,0.060524,-0.035876,-0.040631,2.131582
377067934109,-1.478719,-2.585065,0.371755,0.083559,-0.058551,-0.073759,2.402574
377167952129,-2.130136,-2.237442,0.395405,0.002864,-0.018181,-0.003525,2.765562
377267970149,-2.402626,-1.838869,0.020063,-0.071128,0.085137,0.043652,3.014703
377367988168,-0.689366,-2.349161,-0.275194,-0.110639,0.121502,0.083194,3.229372
377468006188,0.312175,-2.996884,0.004995,0.077327,-0.038587,-0.057873,3.441413
377568024208,-0.424074,-1.984521,0.296083,0.124457,-0.140193,-0.073542,3.599266
377668042227,-2.527046,-0.833234,0.627654,0.015847,-0.083077,-0.067819,3.825447
377768060247,-2.931620,-1.099896,0.454519,-0.096632,0.055804,0.072927,4.007719
377868078267,-0.141868,-3.697581,0.650793,-0.167468,0.120510,0.197291,4.240838
377968096286,-0.903730,-2.981818,0.187459,-0.044227,0.032755,0.047793,4.423656
378068114306,-1.918192,-1.850253,-0.133129,0.066064,-0.064524,-0.088442,4.610339
378168132326,-1.867387,-1.880586,0.482885,0.002887,-0.073383,-0.024279,4.785388
378268150345,-0.619032,-2.769977,0.624735,0.012401,-0.032619,0.052632,4.926032
378368168365,-1.189206,-2.509425,0.166695,0.056655,-0.108006,-0.062034,4.968056
378468186385,-1.049753,-2.465479,-0.213277,0.075670,-0.098331,0.030885,5.042303
378568204404,-0.346985,-3.067778,-0.023286,-0.013732,0.047382,0.003858,5.207291
378668222424,-1.508532,-1.807676,0.890446,0.041993,0.032369,-0.113063,5.396352
378768240444,-0.332950,-2.269031,-0.089917,0.155406,0.006553,-0.038580,5.594488
378868258463,-1.116449,-0.748751,-0.211317,0.124142,-0.027389,-0.136624,5.692449
378968276483,-1.328352,0.169674,-0.364887,0.025251,0.099657,0.080874,5.822798
379068294503,0.742148,-1.955174,-0.634697,-0.040447,0.165426,0.136318,6.024841
379168312522,0.866162,-1.960782,0.166935,0.041063,-0.051791,-0.042937,6.220267
379268330542,-2.153470,-0.447911,0.596982,0.242894,-0.285282,-0.248268,6.458067
379368348562,-3.017438,1.551779,0.133058,0.265867,-0.261726,-0.240849,6.626547
379468366581,0.324069,-0.752890,-0.721324,-0.138733,0.193350,0.177382,6.753468
379568384601,2.383621,-2.570402,-0.849101,-0.179163,0.235896,0.159544,6.878040
379668402621,0.939489,-2.700501,-0.426584,0.020107,-0.108600,-0.059102,7.081111
379768420640,-1.993607,0.020073,-0.084615,0.198498,-0.287894,-0.204290,7.069328
379868438660,-2.482978,1.137029,-0.297835,-0.000029,-0.035594,-0.017191,7.005696
379968456680,0.140506,-1.223976,-0.265374,-0.175047,0.253417,0.167711,6.984731
380068474699,1.591778,-1.921637,-0.007800,-0.239135,0.249700,0.205647,7.073772
380168492719,1.571200,-2.074084,-0.119712,-0.108198,0.072041,0.095038,7.131404
380268510738,-1.227933,-0.409463,-0.018672,0.136413,-0.175040,-0.116336,7.089337
380368528758,-2.018213,0.459488,0.245743,0.099690,-0.125770,-0.118821,7.049812
380468546778,-0.821030,-1.139728,-0.001080,-0.103328,0.071513,0.073233,7.034519
380568564797,1.036341,-2.103043,-0.552262,-0.191779,0.210213,0.151493,7.048252
380668582817,-0.570295,-1.463473,0.168942,-0.007317,-0.002004,-0.024549,6.984099
380768600837,-1.774508,-0.262616,0.504720,0.124169,-0.152359,-0.122786,6.961401
380868618856,-1.725912,-0.349912,0.246101,0.074637,-0.058856,-0.062634,6.943429
380968636876,-1.158635,-1.389820,-0.082167,-0.046915,0.040778,0.013318,6.900072
381068654896,-0.094758,-1.651629,-0.062690,-0.089701,0.099644,0.031148,6.858301
381168672915,-0.356991,-0.838982,-0.153889,-0.096848,0.098485,0.031896,6.867285
381268690935,-0.721903,-1.658031,-0.099567,-0.034787,0.047457,0.009272,6.892782
381368708955,-0.039142,-1.371781,-0.200190,0.001010,0.019212,-0.007895,6.905535
381468726974,-0.680859,-1.185595,0.036908,0.026778,-0.046908,-0.019063,6.886674
381568744994,-0.522744,-1.428901,-0.209724,0.002674,-0.056796,-0.000319,6.899668
381668763014,-0.761059,-2.537614,-0.149752,0.027728,-0.068805,-0.017576,6.949921
381768781033,-0.272622,-1.601117,-0.000836,0.001105,-0.070617,-0.034995,6.901949
381868799053,-0.644362,-0.691557,0.552794,0.052255,-0.013115,-0.037941,6.971703
381968817073,-1.279228,0.026504,0.565178,0.117447,-0.133808,-0.088917,7.038354
382068835092,-0.250441,-0.876014,-0.013661,0.115273,-0.192699,-0.073207,7.051497
382168853112,-1.049025,-1.205832,0.059610,0.057725,-0.065141,-0.026181,7.149450
382268871132,-1.226599,-1.351032,0.386510,0.023337,0.005717,0.035110,7.182725
382368889151,-0.359227,-2.155969,-0.095192,0.096974,-0.121968,-0.071891,7.244840
382468907171,-0.016387,-2.680099,-0.367238,0.090919,-0.128944,-0.061034,7.289547
382568925191,-1.076299,-1.917456,-0.372726,0.003088,-0.011854,-0.000801,7.373843
382668943210,-1.475974,-1.058017,-0.152599,-0.102441,0.082292,0.096568,7.446808
382768961230,-1.473147,-1.008510,-0.002589,0.004872,0.030315,0.019615,7.566756
382868979250,-0.726714,-0.455250,-0.185503,0.002336,-0.022799,-0.042228,7.587572
382968997269,-0.190791,-0.467435,-0.225100,-0.031930,0.065337,0.042041,7.738830
383069015289,-0.528291,-1.134938,-0.131232,-0.049173,0.074602,0.021793,7.813286
383169033309,-0.519492,0.089208,0.354669,-0.059638,0.081841,0.044120,7.880238
383269051328,0.098332,-0.219336,0.339190,-0.008007,0.045385,0.037232,8.014920
383369069348,1.058295,-1.210491,-0.268322,0.090730,-0.061885,-0.048560,8.028177
383469087368,0.359765,0.207685,-0.120257,0.107067,-0.065802,-0.078404,8.175411
383569105387,-0.631421,0.179479,0.082490,-0.017506,-0.034188,-0.011588,8.227900
383669123407,-0.310321,-0.516708,-0.124220,-0.059077,0.032025,0.018031,8.271499
383769141427,0.022012,-0.765679,0.009242,-0.098059,0.089123,0.030767,8.273489
383869159446,0.067727,-0.597416,-0.076444,-0.041316,0.031144,-0.006342,8.271573
383969177466,0.095994,-0.221905,-0.072098,-0.024960,-0.025300,-0.022019,8.293063
384069195485,-0.322149,-0.071478,0.193387,-0.041671,0.021537,0.008616,8.314950
384169213505,-0.086971,-0.601037,0.116318,-0.074184,0.081242,0.052846,8.283044
384269231525,0.643972,-1.184116,-0.228153,-0.037692,0.069198,0.022135,8.257649
384369249544,0.056215,-0.397868,-0.194208,0.010283,0.057869,0.049886,8.224843
384469267564,0.216338,-0.075724,-0.596301,-0.015357,0.046290,0.024299,8.200977
384569285584,-0.571543,-0.999720,-0.192687,-0.053036,-0.007301,0.004889,8.083137
384669303603,-1.352122,-1.256539,0.313771,-0.002790,-0.068269,-0.066744,8.083686
384769321623,-1.354655,-1.752490,-0.043412,-0.024899,-0.047076,0.034432,7.979792
384869339643,-1.108224,-1.332520,-0.090614,0.008750,-0.003393,0.015801,7.971849
384969357662,-0.302146,-0.783516,-0.156758,0.069292,0.029812,-0.027512,7.950092
385069375682,0.024262,-1.071976,0.071822,0.068750,-0.032325,-0.063292,7.906059
385169393702,0.589778,-0.599472,0.292205,0.034100,-0.058342,-0.001179,7.947816
385269411721,0.171658,-0.365870,0.576929,-0.031398,0.055778,0.037255,7.853111
385369429741,0.639352,-0.989337,0.696516,-0.031017,0.080587,0.065300,7.792047
385469447761,0.823657,-1.675936,0.396146,0.040785,0.044456,0.000152,7.776867
385569465780,0.986859,-0.995630,0.264113,0.008472,-0.013317,-0.032087,7.740685
385669483800,-0.170384,-1.399704,0.188311,0.017516,0.024163,0.037626,7.804149
385769501820,-0.807250,-1.765946,0.108697,0.020262,0.040246,0.005667,7.835160
385869519839,0.407303,-1.557476,-0.270102,-0.043240,0.063348,0.006446,7.811102
385969537859,0.610182,-0.747968,-0.396445,-0.051884,0.000458,0.031466,7.855969
386069555879,-0.010812,-1.064492,-0.476336,-0.004834,-0.012289,0.024251,7.828606
386169573898,0.075442,-1.015364,0.071603,0.044625,0.025062,-0.029472,7.815001
386269591918,-0.219061,-1.281357,0.100839,0.014834,0.018002,-0.013591,7.904526
386369609938,-0.702014,-1.797305,0.059019,-0.006684,0.018854,0.024746,7.861313
386469627957,-0.231135,-0.511961,-0.359617,0.010367,-0.036161,0.005835,7.861505
386569645977,-0.967884,-0.254899,-0.196887,0.026020,-0.101278,0.002624,7.987798
386669663997,-0.951192,-1.972135,-0.054363,0.197099,-0.266240,-0.161607,8.016566
386769682016,1.065735,-3.547618,-0.281103,0.164498,-0.157547,-0.116979,8.001087
386869700036,-1.130911,0.430602,-0.170871,-0.092022,0.133203,0.036429,8.069885
386969718056,-3.758132,1.972782,0.056683,0.226251,-0.249651,-0.152451,8.186709
387069736075,0.337738,-1.496759,0.022057,0.256727,-0.313425,-0.225204,8.326556
387169754095,1.264937,-3.015218,-0.047033,-0.047947,0.046063,0.016620,8.237803
387269772115,0.986434,-3.181344,-0.349065,-0.238103,0.285413,0.277455,8.325165
387369790134,-1.671649,0.386089,0.062879,-0.100400,0.096626,0.042523,8.399881
387469808154,-2.899163,1.837928,0.348142,0.207587,-0.256288,-0.171636,8.440680
387569826174,-2.023778,0.095413,0.045722,0.218913,-0.296321,-0.261003,8.557941
387669844193,1.890303,-3.067028,-0.295520,-0.221143,0.288865,0.156384,8.639777
387769862213,1.126059,-2.552333,-0.277583,-0.276733,0.379309,0.283332,8.661545
387869880232,-1.679030,-0.104289,-0.004108,-0.037907,0.018279,-0.002760,8.728916
387969898252,-2.283041,1.092384,-0.132850,0.237908,-0.276603,-0.200864,8.837327
388069916272,0.459271,-0.292530,-0.036431,0.033696,-0.004981,0.065561,8.873304
388169934291,1.979694,-1.295408,-0.018838,-0.194671,0.212357,0.130750,8.929836
388269952311,0.782170,-1.071042,-0.122332,-0.153140,0.187385,0.167029,8.990420
388369970331,-0.836208,-1.042114,0.028078,-0.033561,-0.013466,-0.045847,9.069084
388469988350,-1.869385,0.879117,0.493416,-0.125811,0.057100,0.029672,9.131689
388570006370,-1.345040,1.054549,0.235379,-0.105995,0.157977,0.106753,9.129443
388670024390,0.864912,-0.959021,-0.180284,-0.048352,0.062182,0.055365,9.128363
388770042409,1.235377,-2.752287,-0.143439,0.138814,-0.122259,-0.096724,9.206601
388870060429,-0.910849,-2.262018,0.253263,0.042143,0.011668,-0.002891,9.182257
388970078449,-1.576760,-0.437894,-0.016102,-0.110973,0.134959,0.097876,9.162143
389070096468,-1.505390,0.055484,-0.219624,-0.083152,0.109680,0.099215,9.170899
389170114488,1.530579,-0.713320,-0.352912,0.079182,-0.076782,-0.064518,9.157139
389270132508,1.356738,-1.716936,-0.897731,0.155174,-0.132601,-0.092589,9.145130
389370150527,-0.432482,0.563864,-0.051906,0.082257,-0.056981,-0.076363,9.097458
389470168547,-0.419043,0.104003,-0.137895,-0.019996,0.007615,0.076776,9.081564
389570186567,0.677347,-1.190635,0.136656,-0.085545,0.163777,0.077967,9.084420
389670204586,2.669451,-2.606646,-0.925378,-0.024394,0.054145,-0.062255,9.030201
389770222606,1.661353,-1.642514,0.199752,0.102453,-0.016390,0.000201,9.061757
389870240626,-0.452359,1.427067,0.757008,-0.033921,-0.152778,-0.000634,9.034466
389970258645,-0.684522,0.354873,0.052681,0.003325,0.005382,0.062368,8.973047
390070276665,0.859580,-0.982978,0.367928,0.002149,0.043557,0.115342,8.962358
390170294685,0.196129,-0.360401,0.561841,-0.023744,0.085717,0.008068,8.933367
390270312704,0.100470,0.076818,0.451274,-0.007620,0.053546,0.026897,8.884844
390370330724,0.875280,-0.373896,0.590329,0.024313,0.047365,0.022974,8.920013
390470348744,1.308602,-1.172227,0.158425,0.019715,-0.002276,0.036070,8.862164
390570366763,0.906543,-1.150280,-0.401993,0.013198,0.034395,0.005820,8.753636
390670384783,0.072117,-0.272783,0.028836,-0.013677,0.047400,0.025121,8.748730
390770402803,0.226291,-0.040453,0.096206,-0.053417,0.030500,0.053604,8.688815
390870420822,0.642332,-0.567637,-0.089856,0.002517,-0.018649,0.011249,8.644218
390970438842,1.123643,-0.855513,-0.117527,0.062783,-0.044956,-0.032443,8.579552
391070456862,0.786138,-0.071334,-0.250832,0.060329,-0.048723,-0.057561,8.525447
391170474881,0.199951,-0.200909,-0.444476,-0.024779,-0.004996,0.009872,8.501701
391270492901,0.402799,-0.778262,-0.125131,-0.052028,0.071872,0.031465,8.473055
391370510921,0.637888,-0.910501,0.123953,-0.017587,0.010223,0.010827,8.451695
391470528940,0.067766,-0.705546,0.151671,0.053375,-0.062880,-0.027650,8.370146
391570546960,-0.790975,0.070660,0.132767,0.091326,-0.080523,-0.081604,8.336684
391670564979,-0.028031,-1.290244,0.175608,-0.062198,0.093520,0.033262,8.317686
391770582999,1.564735,-1.540253,-0.038025,-0.105574,0.110421,0.093660,8.269807
391870601019,0.570044,-0.760285,0.250838,-0.040490,0.048988,0.014454,8.245995
391970619038,-0.568490,0.184621,0.375324,0.068243,-0.129587,-0.073715,8.204804
392070637058,-0.241828,0.147421,-0.053322,0.092609,-0.119127,-0.051735,8.172014
392170655078,1.722734,-2.613418,-0.267660,-0.131065,0.180820,0.223906,8.131831
392270673097,1.377358,-3.427007,-1.035725,0.060479,0.047676,0.014384,8.140632
392370691117,-0.438236,-2.125846,-0.458298,0.080858,-0.251651,-0.128577,8.128007
392470709137,-1.519593,-0.951872,-0.080478,-0.184131,0.058923,0.194907,8.073714
392570727156,-1.862404,-0.890568,-0.305675,-0.293914,0.211464,0.159108,8.069145
392670745176,0.281675,-1.063347,0.064031,-0.094012,0.217139,0.133690,8.086987
392770763196,1.453766,-2.732017,-0.088295,0.018337,-0.068419,-0.058683,8.035334
392870781215,-0.588615,0.080258,0.614072,0.109406,-0.278287,-0.189822,8.103960
392970799235,-1.357568,0.470165,0.676233,0.170935,-0.113565,-0.070252,8.160431
393070817255,-0.972963,-2.955269,0.123554,-0.035839,0.036796,0.062320,8.172973
393170835274,0.214355,-2.208747,0.039188,-0.117824,0.153969,0.137621,8.160833
393270853294,-0.471765,-0.355571,-0.374798,-0.065953,-0.012786,0.021961,8.176256
393370871314,-1.235619,-0.449895,-0.599233,0.028073,-0.072085,-0.032892,8.220436
393470889333,-0.953290,-1.138252,-0.233436,-0.035357,-0.081153,-0.066972,8.220034
393570907353,-0.584272,-0.514191,0.075348,-0.070838,-0.007768,0.041324,8.256433
393670925373,0.311704,-1.165634,-0.717822,0.038311,-0.043406,0.002719,8.309352
393770943392,1.492747,-2.523897,-0.760804,0.142450,-0.166241,-0.137469,8.362908
393870961412,-0.944465,-0.002777,-0.090590,0.169569,-0.089227,-0.150128,8.357600
393970979432,-2.153592,0.504586,-0.355955,-0.056773,0.008189,0.048195,8.475272
394070997451,0.784423,-2.107037,-0.415040,-0.216573,0.308556,0.244669,8.479416
394171015471,2.682039,-2.555380,-0.338251,-0.143117,0.146726,0.139143,8.474992
394271033491,3.541297,-3.580265,-0.389648,0.212160,-0.288525,-0.145794,8.496699
394371051510,-1.109449,0.023716,-0.827554,0.394409,-0.472469,-0.378420,8.448977
394471069530,-4.769129,3.748721,-0.730738,-0.148236,0.137811,0.065599,8.511636
394571087550,-0.067176,-2.063441,-1.195120,-0.541486,0.670774,0.516753,8.495560
394671105569,3.020263,-6.760586,-1.394370,-0.447118,0.660206,0.364666,8.492776
394771123589,0.108698,-2.878803,-0.717229,-0.149233,0.111678,0.187164,8.591670
394871141609,-5.514041,2.535361,-0.178458,0.451741,-0.504466,-0.309891,8.557747
394971159628,-1.318327,-0.802515,-0.515085,0.241955,-0.378981,-0.218104,8.527505
395071177648,3.205560,-4.819459,-0.318896,-0.207748,0.212648,0.233091,8.581712
395171195668,1.584538,-2.638720,-0.055498,-0.479893,0.572565,0.426693,8.522805
395271213687,-2.758049,1.270372,0.176080,-0.060904,0.034823,-0.002734,8.506419
395371231707,-3.133839,1.621714,0.009785,0.284768,-0.317116,-0.263427,8.552233
395471249726,-0.275709,-2.292816,-0.097169,0.230199,-0.332728,-0.210739,8.544504
395571267746,0.927506,-2.576467,0.330429,0.005025,-0.012657,-0.047651,8.564299
395671285766,-0.824115,0.086789,0.363684,-0.231397,0.351779,0.132187,8.610962
395771303785,-3.295386,0.856659,0.103082,-0.188657,0.280508,0.216063,8.609353
395871321805,0.630099,-2.253799,-0.276480,-0.019023,-0.025151,-0.058385,8.677943
395971339825,2.363964,-3.372345,-0.230215,0.221102,-0.277281,-0.193156,8.718757
396071357844,-1.699536,-0.389049,0.021985,0.262470,-0.291187,-0.290432,8.729398
396171375864,-3.584023,1.361842,-0.066762,-0.136497,0.136616,0.012818,8.789838
396271393884,-3.633598,0.443509,0.053201,-0.328418,0.341046,0.265382,8.847959
396371411903,-0.117364,-1.403692,0.012484,-0.186368,0.211035,0.145660,8.927009
396471429923,0.856776,-2.082326,-0.123135,0.124651,-0.161482,-0.108247,8.954444
396571447943,-1.225416,-0.980719,-0.086676,0.112661,-0.190708,-0.144387,9.007197
396671465962,-1.659513,-0.062455,-0.267369,-0.018406,-0.072211,-0.063583,9.012968
396771483982,-0.688246,-2.457430,0.068032,-0.177746,0.103282,0.090384,9.102058
396871502002,-0.099155,-3.724784,0.520216,-0.087285,0.135463,0.090106,9.217262
396971520021,-0.594650,-1.688352,0.448813,0.077088,-0.030724,-0.099278,9.179317
397071538041,-0.049479,0.156136,0.103858,0.124607,-0.146329,-0.119654,9.322245
397171556061,0.404737,-0.916473,-0.123622,0.060495,-0.086764,-0.075825,9.364955
397271574080,0.492482,-1.956035,-0.047019,-0.064935,0.101487,0.049491,9.331341
397371592100,-1.325476,-0.943361,-0.057998,-0.114257,0.129492,0.104613,9.392940
397471610120,-2.444419,-0.326457,0.049325,0.018035,0.059538,-0.009598,9.484765
397571628139,-0.555245,-1.094504,-0.114994,0.126519,-0.089291,-0.071411,9.552977
397671646159,1.200397,-1.728156,-0.212160,0.032281,0.014811,0.022569,9.626521
397771664179,0.644217,-1.512562,0.049116,-0.088704,0.144216,0.079031,9.684124
397871682198,-0.531720,-0.100850,0.132061,-0.086632,0.165767,0.124099,9.790446
397971700218,-0.055009,0.246571,-0.168975,-0.008225,0.033519,-0.022403,9.777551
398071718238,0.709422,-0.469034,-0.308976,0.068026,-0.067370,-0.076477,9.814036
398171736257,1.685909,-1.247121,-0.220986,-0.014764,-0.019361,-0.018328,9.889913
398271754277,1.401102,0.112164,-0.285525,-0.134738,0.104064,0.106288,9.814243
398371772297,-0.018713,0.357425,-0.137359,-0.144043,0.084713,0.102234,9.816981
398471790316,-1.222821,0.153348,-0.082337,0.005019,-0.075789,-0.081675,9.834451
398571808336,-0.706881,-0.787840,0.188045,0.049271,-0.048375,-0.003262,9.814255
398671826356,-0.384168,-1.649748,-0.013186,-0.003336,0.030705,-0.009765,9.770796
398771844375,-0.900185,-1.667404,0.147727,0.010688,0.049487,0.003767,9.741179
398871862395,-0.594904,-1.379067,-0.087910,-0.000935,0.072029,0.059128,9.735798
398971880414,0.344748,-1.120813,-0.799445,0.034010,0.085587,0.007343,9.780637
399071898434,-1.988106,-1.885159,-0.767367,0.020638,-0.037637,-0.046698,9.743333
399171916454,0.077068,-0.150052,-0.434371,-0.017851,-0.055116,0.048596,9.724941
399271934473,1.079319,1.530920,-0.062765,0.156366,-0.189560,-0.016399,9.739699
399371952493,2.074773,-2.003555,-0.181214,0.212121,-0.195455,-0.339868,9.686639
399471970513,2.541744,-2.618853,0.172485,-0.048258,0.065224,0.115652,9.686280
399571988532,1.050187,-2.079056,0.415410,-0.402538,0.331165,0.224066,9.654007
399672006552,-2.127427,-0.010782,0.109787,0.033692,-0.082412,-0.120272,9.654657
399772024572,-4.595580,-0.392896,-0.246103,0.294186,-0.131299,-0.288638,9.642305
399872042591,-2.605578,-3.011356,-0.479749,0.087087,-0.074134,-0.045604,9.637802
399972060611,-0.626076,-3.345638,-0.048747,-0.084683,0.206114,0.063956,9.672918
400072078631,-2.135661,-3.515799,0.405291,-0.167435,0.152331,0.172524,9.671695
400172096650,-3.382650,-0.873168,0.729940,0.064736,-0.106172,-0.114557,9.686138
400272114670,-2.784381,-0.558114,0.527734,0.203149,-0.165492,-0.158173,9.716325
400372132690,-1.484088,-1.466685,0.279127,0.060505,-0.008562,-0.004140,9.738625
400472150709,0.447568,-1.893373,0.152018,-0.091614,0.075500,0.058854,9.757718
400572168729,1.486773,-0.199231,0.009510,-0.023293,0.034589,0.040601,9.800543
400672186749,0.987851,0.954893,-0.157336,0.054551,-0.089259,-0.069560,9.831643
400772204768,0.214840,0.243228,-0.028227,0.042662,-0.196941,-0.094137,9.801953
400872222788,-1.036990,-1.983170,1.269481,-0.070909,0.040271,0.054902,9.870309
400972240808,-0.765381,-3.114083,2.156316,-0.070025,0.064993,0.105177,9.909169
401072258827,1.473571,-3.912861,0.621352,0.179260,-0.068054,-0.150350,9.984203
401172276847,-0.038279,-2.015070,0.223033,0.116625,0.000197,-0.047191,10.010539
401272294867,-0.988839,-1.107336,-0.232712,-0.012162,-0.003878,-0.072108,10.038918
401372312886,-1.145315,-2.846056,0.535740,0.048629,0.103154,-0.007985,10.099213
401472330906,-0.588978,-0.631781,0.889414,-0.070513,0.027263,0.027553,10.122275
401572348926,-1.064591,0.019829,0.916469,-0.052275,0.123953,0.057313,10.134138
401672366945,-0.972328,-1.421811,1.049259,0.066360,-0.123293,-0.005000,10.208211
401772384965,1.285011,-1.198964,0.363650,0.108981,-0.084795,-0.099332,10.248070
401872402985,1.836374,-2.977898,-0.878760,0.013811,-0.027348,0.003755,10.294285
401972421004,-1.217066,-2.149510,-0.925685,-0.003913,0.208662,-0.038530,10.306379
402072439024,-1.576622,-0.652568,-0.249971,-0.114018,0.227753,0.135686,10.376030
402172457044,-1.367848,-1.723331,0.778133,-0.034134,-0.215111,0.086521,10.421774
402272475063,3.263830,-3.214146,0.627561,0.251854,-0.333602,-0.200502,10.462308
402372493083,2.686934,-4.399951,0.967139,0.255408,-0.285204,-0.171985,10.487284
402472511103,-1.267235,0.300573,1.656358,-0.039485,-0.016417,0.094825,10.545724
402572529122,-0.438380,-2.213059,-0.918507,-0.084711,0.046629,0.095564,10.635014
402672547142,-0.479687,-3.039784,-1.654817,0.102140,0.127816,-0.015311,10.663932
402772565161,-0.393550,-3.631935,-1.528367,0.032964,-0.233835,-0.032421,10.720230
402872583181,2.111216,-4.857286,-1.473354,-0.040344,0.180472,0.051298,10.695343
402972601201,-0.449448,-2.301699,-0.467077,-0.247583,0.312861,0.251917,10.781916
403072619220,-2.886915,1.423868,0.397680,-0.028131,0.100655,0.019625,10.778145
403172637240,-1.728631,0.441339,-0.467174,0.198847,-0.072794,-0.118972,10.915290
403272655260,-0.423558,-0.779787,0.727463,0.013592,0.211649,-0.076660,10.959937
403372673279,5.482690,-6.336984,-0.041941,-0.369296,0.523806,0.320570,10.971755
403472691299,3.993533,-3.352463,0.444562,-0.485168,0.798924,0.482410,11.045699
403572709319,-3.150763,3.443751,0.240331,-0.166393,0.275569,0.217450,11.073939
403672727338,0.567950,0.187978,0.353345,0.349744,-0.452235,-0.325822,11.133990
403772745358,5.368082,-4.454123,0.236749,0.609156,-0.676841,-0.534161,11.199758
403872763378,3.039646,-2.939222,0.838903,-0.170579,0.125454,0.179904,11.222579
403972781397,-1.482057,0.976649,-0.026848,-0.385551,0.441075,0.323220,11.268669
404072799417,-2.584774,2.667773,-0.236555,-0.127335,0.159482,0.165606,11.175801
404172817437,1.697973,0.527360,0.259205,0.127627,-0.266073,-0.141527,11.137832
404272835456,2.558346,-4.075982,0.746536,0.034036,-0.071471,-0.076140,11.125131
404372853476,0.789198,-3.748395,0.547483,-0.198381,0.370711,0.249639,11.190627
404472871496,-1.960682,1.352369,0.410647,-0.326726,0.488734,0.211398,11.053793
404572889515,-1.769479,0.855373,-0.160555,-0.195722,0.204551,0.121792,11.058656
404672907535,1.280834,-2.529322,-0.053813,0.224122,-0.292943,-0.280047,11.077182
404772925555,2.208044,-3.399444,-0.215387,0.231801,-0.204846,-0.216116,10.964801
404872943574,-1.334225,0.904828,0.051678,-0.101214,0.045530,0.019246,10.988120
404972961594,-3.415193,2.870822,0.209218,-0.367353,0.347194,0.289715,10.835418
405072979614,1.254834,-0.237368,0.091841,-0.233101,0.118059,0.194019,10.805679
405172997633,2.104137,-1.889238,0.580190,0.116782,-0.153346,-0.109717,10.827000
405273015653,0.107189,-0.825549,1.010226,0.325582,-0.269907,-0.293895,10.723316
405373033673,-1.320146,0.726608,1.181359,0.098738,-0.255841,-0.102149,10.654067
405473051692,0.386467,0.146287,1.368361,-0.172909,0.115623,0.115798,10.633518
405573069712,2.786169,-1.185144,1.630807,-0.144768,0.098322,0.092434,10.627767
405673087732,2.288618,-0.584310,0.497830,0.049176,0.147693,-0.077746,10.545127
405773105751,1.339261,1.933596,0.674196,0.026121,-0.106066,0.013221,10.497536
405873123771,-0.339196,1.024052,-0.202683,0.026024,0.001017,0.036137,10.433221
405973141791,1.503349,-0.808594,-0.064541,-0.088667,0.054235,0.098056,10.438357
406073159810,-0.028663,0.319657,0.907046,-0.055967,0.209627,0.123054,10.343396
406173177830,0.426044,-0.530562,0.365939,0.028746,0.132506,-0.034774,10.332848
406273195850,0.096425,-0.808969,0.260294,0.092791,-0.093102,-0.103868,10.272706
406373213869,1.675505,-4.671937,-0.183816,0.269196,-0.351841,-0.273967,10.230065
406473231889,-0.582490,-3.853122,0.299208,0.334095,-0.288475,-0.295323,10.329465
406573249908,-1.207047,-1.272298,0.110733,0.000683,-0.069388,-0.029629,10.154817
406673267928,-0.363687,-0.658069,0.372273,0.154397,-0.126959,-0.251613,10.187660
406773285948,-0.857774,-0.556969,0.716385,0.058641,-0.179620,-0.041019,10.200980
406873303967,1.007406,-1.030337,0.332218,0.047057,-0.066659,-0.033557,10.171156
406973321987,0.871445,-0.739994,0.912973,-0.056016,0.031332,-0.002912,10.141892
407073340007,0.318903,-2.041455,1.868807,-0.105345,-0.018657,0.064688,10.199284
407173358026,1.677814,-0.463756,0.545908,0.116363,-0.392181,-0.142935,10.143788
407273376046,2.143980,0.202763,0.227011,0.157915,-0.700606,-0.084445,10.163510
407373394066,2.963638,-4.971743,0.145805,0.290014,-0.496013,-0.231342,10.120765
407473412085,1.778272,-1.432895,1.445263,-0.028054,-0.007048,0.160605,10.132740
407573430105,1.367623,1.039290,0.622012,0.002806,0.181379,0.037204,10.085440
407673448125,-0.444212,1.499774,0.702261,0.138675,-0.124564,-0.081131,10.125708
407773466144,-2.682834,-1.936402,1.235333,0.213077,-0.302324,-0.285998,10.178871
407873484164,0.381929,-3.493817,0.345569,0.048604,-0.134918,-0.149671,10.147338
407973502184,1.113284,-2.119068,-0.672254,-0.085821,0.202223,-0.021252,10.168083
408073520203,-2.858479,-0.079734,-0.307866,-0.292296,0.331982,0.283280,10.207456
408173538223,-2.787910,-2.238139,-0.960779,-0.163028,0.176960,0.155559,10.127269
408273556243,-1.953101,-2.510198,-2.112030,-0.344324,0.238485,0.315374,10.232509
408373574262,-2.033517,-4.622271,-1.152122,-0.293988,0.332981,0.255974,10.380657
408473592282,-3.491923,-5.766572,0.370978,-0.146076,0.399426,0.157145,10.366641
408573610302,-0.707223,-3.532480,-1.243494,-0.007678,0.015487,0.104422,10.305541
408673628321,-2.710318,1.349223,0.660505,0.211890,-0.613750,-0.244834,10.438688
408773646341,3.270847,-7.065764,0.191193,0.520448,-0.743009,-0.539738,10.430777
408873664361,3.832125,-8.680019,1.258439,0.420520,-0.297648,-0.283170,10.503220
408973682380,-0.660262,-1.313851,1.430491,-0.092014,0.178067,0.239574,10.500103
409073700400,-1.770675,3.508592,1.235746,-0.262610,0.530551,0.401540,10.474456
409173718420,-3.578096,1.014236,0.337701,0.131955,-0.025979,-0.090026,10.586516
409273736439,-1.896652,-1.396793,-0.257613,0.043448,-0.124655,-0.044128,10.597127
409373754459,-0.584741,-2.994750,0.170202,-0.161779,0.172009,0.195826,10.662734
409473772479,1.976259,-2.769919,0.005148,-0.140267,0.177318,0.186817,10.709878
409573790498,-0.583907,0.124701,0.541304,0.072901,-0.104694,0.004084,10.665291
409673808518,-1.209427,1.392403,0.445434,0.151718,-0.197459,-0.135562,10.778365
409773826538,0.553455,-1.717829,0.092323,0.180231,-0.117168,-0.144188,10.869296
409873844557,1.121910,-1.764286,0.529786,-0.074751,-0.025364,0.081721,10.822232
409973862577,-2.047329,0.262317,-0.104933,-0.048350,0.079920,0.043823,10.802872
410073880597,0.978260,-2.702513,-0.930806,-0.277629,0.025901,0.184328,10.823180
410173898616,-2.495220,-3.200284,-0.444205,-0.222043,0.357321,0.175884,10.752406
410273916636,-4.099228,-1.264259,-0.261976,-0.300838,0.316217,0.195857,10.815137
410373934655,-1.830656,-1.374301,-0.006350,0.028556,0.027766,-0.083959,10.837292
410473952675,1.448365,-2.207327,0.275358,0.195373,-0.195981,-0.069668,10.771851
410573970695,0.208740,-1.945302,0.648929,0.230856,-0.281489,-0.249098,10.806916
410673988714,-1.974693,0.352433,0.223236,0.089520,-0.079842,-0.053416,10.742680
410774006734,-1.403775,-1.610267,0.259287,-0.129599,0.198595,0.170548,10.795080
410874024754,-0.211023,-2.342475,0.277699,-0.126858,0.179264,0.101915,10.780297
410974042773,-0.243151,-1.481026,-0.190788,-0.044985,-0.014088,0.068585,10.673269
411074060793,-1.877147,-1.107252,-0.236274,0.103583,-0.123855,-0.142201,10.675879
411174078813,-2.196884,-0.976334,0.424495,-0.033785,-0.060380,-0.086466,10.707193
411274096832,-0.807532,-1.166583,0.591394,-0.081360,0.135468,0.047882,10.650289
411374114852,0.900352,-0.994700,0.492624,-0.138687,0.128105,0.085002,10.640614
411474132872,0.377462,-1.957539,0.749891,0.015583,0.079652,0.023553,10.658385
411574150891,-0.426220,-1.383712,0.419932,-0.026105,-0.041238,0.039543,10.639986
411674168911,-0.933836,-0.225245,0.116224,-0.007894,0.151809,-0.002061,10.630502
411774186931,-0.994395,-1.214178,0.060311,-0.096542,0.066750,0.036864,10.626291
411874204950,-0.968435,-0.243190,-0.178751,-0.000796,-0.118822,-0.049210,10.626443
411974222970,-0.122610,-3.035007,-0.101524,-0.062000,-0.087432,0.042057,10.654366
412074240990,0.754782,-3.717314,-0.004343,-0.109195,0.154226,0.113460,10.618726
412174259009,-1.784998,-1.348449,0.090066,-0.137151,0.243898,0.111221,10.710731
412274277029,-1.983965,-1.306433,-0.200571,-0.178321,0.174116,0.079649,10.674398
412374295049,-0.246122,-1.792322,-0.307152,0.045412,-0.115265,-0.122613,10.720295
412474313068,0.821068,-2.814520,0.287611,0.166241,-0.134041,-0.146093,10.736124
412574331088,-0.060660,-0.949627,0.284736,-0.018618,0.004847,-0.068368,10.703323
412674349108,-1.279314,0.364964,0.389605,-0.150165,0.256671,0.222094,10.732502
412774367127,-1.159491,-0.568230,0.261341,-0.042552,0.123898,0.149682,10.785360
412874385147,0.235753,-0.934696,-0.241389,0.020747,-0.010108,-0.079480,10.831742
412974403167,0.457451,-1.709767,0.490913,0.092402,-0.075484,-0.076416,10.849049
413074421186,0.573915,-3.240322,-0.513992,-0.001145,0.113479,-0.021135,10.799636
413174439206,0.848321,-2.236342,-0.757332,-0.001163,-0.076989,-0.079566,10.804276
413274457226,-0.773126,-1.480195,-0.915016,0.047128,-0.049203,0.033357,10.794778
413374475245,0.687533,-1.156410,-0.136449,0.047327,-0.060852,-0.097676,10.811231
413474493265,0.387992,-0.131195,0.213478,0.084388,-0.041641,0.027647,10.789919
413574511285,-0.474929,0.224440,0.262380,0.007071,0.036625,0.092104,10.803802
413674529304,-0.289031,0.962003,-0.171713,-0.054835,0.133328,0.075444,10.769504
413774547324,-0.432747,0.261056,-0.031873,0.050741,-0.073830,-0.049508,10.714827
413874565344,0.587672,-1.547774,0.095712,0.246083,-0.194934,-0.200924,10.752478
413974583363,2.276784,-2.619053,-0.461004,0.013399,-0.018484,-0.013549,10.696867
414074601383,0.721415,-1.296385,0.791095,-0.142832,0.281810,0.102606,10.624904
414174619402,-2.282088,-0.946387,0.431783,-0.280090,0.252040,0.258202,10.588783
414274637422,-0.411010,-1.878119,-0.426665,-0.130093,0.130749,0.057569,10.645386
414374655442,-0.216425,-1.631181,-0.906845,-0.007893,-0.118893,-0.017084,10.555791
414474673461,-1.867094,-1.672027,-0.472133,0.101107,-0.074110,-0.143362,10.513492
414574691481,-1.294009,-1.087559,-0.663298,0.022761,0.008684,0.004744,10.462773
414674709501,-0.671410,-2.070538,-0.527765,-0.076642,0.045167,0.067180,10.447564
414774727520,0.073211,-2.397933,-0.624182,-0.006645,-0.039832,0.018736,10.437469
414874745540,-0.328488,-2.628811,-0.006417,0.053620,-0.094701,-0.042417,10.357067
414974763560,-0.092291,-1.193856,-0.520444,0.020097,-0.003302,-0.006864,10.376592
415074781579,-0.505662,-0.712942,-0.140427,-0.042074,-0.033612,0.029599,10.446577
415174799599,0.711152,-2.221710,-0.190070,-0.089564,0.129848,0.130256,10.389369
415274817619,1.143604,-2.104921,0.068182,-0.001858,0.026906,0.001224,10.388620
415374835638,1.060856,-1.928015,-0.037281,0.082371,-0.022827,-0.076342,10.439559
415474853658,-0.721620,-1.377910,0.439837,0.019109,-0.008718,-0.009699,10.436839
415574871678,-0.203174,-0.814965,0.005189,-0.086536,0.103241,0.057455,10.468547
415674889697,0.389353,-2.643266,0.451786,-0.136330,0.188852,0.146382,10.481735
415774907717,1.248014,-1.719198,-0.079853,-0.032897,0.105282,0.045817,10.481320
415874925737,-0.111733,-0.616530,1.216512,0.210739,-0.133264,-0.125435,10.503589
415974943756,-0.251483,-0.927058,0.890910,0.058822,0.127289,0.167775,10.496122
416074961776,0.098389,-2.100593,0.826255,-0.006127,0.134022,-0.018354,10.541919
416174979796,0.932022,-2.004566,0.244224,0.060318,-0.030337,0.128528,10.547017
416274997815,1.593702,-1.536046,-0.277723,0.096451,-0.026681,-0.067467,10.569305
416375015835,0.812343,0.638507,-0.237104,0.075707,-0.091923,-0.147015,10.557843
416475033855,-0.586133,-0.697913,-0.817730,-0.023722,-0.104197,0.050152,10.646988
416575051874,1.305630,-0.001600,-1.363080,-0.064624,0.115940,0.043211,10.691814
416675069894,1.093403,-1.720767,-0.876092,-0.087676,0.175787,0.107410,10.666709
416775087914,-0.475543,-1.686955,0.528154,0.071467,0.074221,-0.010863,10.738081
416875105933,-1.383998,-2.431804,0.870538,0.023390,0.075877,-0.049393,10.752900
416975123953,-0.438273,-0.828631,0.983992,-0.092975,0.190165,0.109218,10.797719
417075141973,0.752466,-0.332384,0.700907,-0.023786,0.299246,0.031416,10.820777
417175159992,1.113426,-1.155969,0.563525,0.017658,0.028185,-0.019697,10.819298
417275178012,1.251865,-2.142939,0.273115,0.061597,-0.083916,-0.069512,10.854183
417375196032,-1.417245,-0.000723,0.893168,0.081383,-0.178163,-0.018773,10.910393
417475214051,-0.776136,-0.498971,0.496395,0.044322,-0.093540,-0.085430,10.881334
417575232071,2.888452,-1.789831,-0.825696,-0.076964,0.206567,-0.017558,10.880528
417675250091,-0.558142,0.312812,0.206665,-0.190400,0.239347,0.158142,10.962549
417775268110,-1.852184,-0.174917,0.989685,-0.139614,0.325214,0.113173,11.098658
417875286130,0.497004,-1.906179,0.756239,-0.137112,0.087302,0.093128,11.102585
417975304149,1.531688,-2.032732,0.459069,0.100317,-0.186007,-0.095809,11.076884
418075322169,0.596896,-0.610317,-0.089239,0.149205,-0.187263,-0.086308,11.104375
418175340189,-0.726777,-0.852231,0.186752,-0.122727,0.132638,0.145895,11.163971
418275358208,0.538512,-2.225902,0.226251,-0.076281,0.070507,0.038034,11.210981
418375376228,0.554822,-2.388187,-0.134093,0.071719,-0.075477,-0.054047,11.227811
418475394248,-1.233713,-1.270179,-0.422277,0.111808,-0.011921,-0.080627,11.236702
418575412267,-1.230482,-0.391537,-0.033171,-0.061558,0.079984,0.075097,11.287907
418675430287,-0.144199,-1.722444,-0.212351,-0.109011,0.193426,0.097096,11.310803
418775448307,0.363439,-1.731897,-0.494006,-0.122238,0.138218,0.153840,11.319133
418875466326,0.197951,-1.341358,-0.553410,0.001944,-0.036015,0.037144,11.335366
418975484346,0.428462,-0.676709,0.008757,-0.074745,-0.051429,0.006323,11.398920
419075502366,-0.489590,0.245832,-0.337568,-0.138854,0.056189,0.084287,11.343182
419175520385,0.753796,-0.913776,0.184256,-0.106937,0.112753,0.069688,11.408884
419275538405,1.141888,-1.767466,0.228155,0.086226,-0.070939,-0.064496,11.359370
419375556425,0.358899,-1.785143,0.551463,0.108504,-0.074240,-0.076249,11.367889
419475574444,0.310403,-0.255916,-0.006502,0.008543,-0.029056,0.004073,11.378259
419575592464,-0.436627,-0.314138,0.310579,-0.068539,0.080027,0.046903,11.344669
419675610484,0.152809,-1.434162,0.122307,-0.052663,0.046600,0.032400,11.318137
419775628503,-0.289355,-1.190138,0.113849,-0.013319,0.006153,0.021354,11.309904
419875646523,0.144083,-0.854814,-0.347024,0.028518,-0.051081,-0.038257,11.278000
419975664543,0.219232,-0.910774,-0.575461,0.000481,-0.060315,-0.035739,11.195334
420075682562,-0.507325,-1.916260,-0.467448,-0.004688,0.027626,0.000562,11.218826
420175700582,-0.371359,-1.741102,-0.353115,0.013939,0.055538,0.011654,11.209076
420275718602,0.364456,-1.405128,-0.041644,0.050815,-0.057376,-0.062543,11.185967
420375736621,0.160552,-2.178187,0.172771,0.062795,-0.045511,-0.049252,11.133355
420475754641,1.395846,-2.559499,-0.076202,-0.031553,0.084141,0.079043,11.155091
420575772661,-0.158596,-1.411225,-0.329537,0.067950,-0.094864,-0.043812,11.145055
420675790680,-1.233308,-0.559520,-0.314175,0.261463,-0.264501,-0.165690,11.175951
420775808700,0.226109,-1.669841,-0.142986,0.234812,-0.328749,-0.209719,11.173526
420875826720,2.294328,-2.216555,-0.133714,-0.042092,0.072998,-0.003844,11.090113
420975844739,1.356305,-1.347915,0.219261,-0.115503,0.107965,0.112959,11.100605
421075862759,-0.785116,-0.348399,0.715546,0.029807,0.107883,-0.027504,11.142290
421175880779,-0.627471,-0.445390,0.900737,0.081813,-0.123651,-0.130099,11.102622
421275898798,0.554449,-2.385184,0.366335,0.049476,-0.055603,-0.127281,11.128056
421375916818,0.715686,-2.834477,-0.012439,-0.014214,-0.024011,0.054182,11.118336
421475934838,0.639207,-0.958114,0.438173,-0.019242,-0.003204,-0.008314,11.109424
421575952857,1.119314,-0.805820,0.121530,0.014628,0.015862,-0.004619,11.122603
421675970877,1.509306,-1.585889,0.007280,0.057786,0.078277,0.010676,11.192364
421775988896,1.209813,-2.114618,-0.360369,0.076381,-0.099682,-0.076990,11.143188
421876006916,0.140909,-0.035882,-0.160555,0.083954,-0.162490,-0.063443,11.163548
421976024936,-0.214451,-0.158910,-0.167427,0.068353,-0.035616,-0.029114,11.236286
422076042955,0.364576,-0.874974,-0.512986,0.014832,0.053993,0.010044,11.216134
422176060975,-0.527918,-2.094949,-0.178776,0.076012,0.044857,0.009265,11.256498
422276078995,-0.220019,-2.553531,0.172230,0.061783,-0.038483,-0.034427,11.263123
422376097014,-0.043482,-3.062830,0.207223,0.008091,0.068390,0.046979,11.273740
422476115034,-0.187230,-2.849698,0.208670,0.006644,0.020405,0.065892,11.332816
422576133054,-1.030035,-0.987339,0.346428,0.155045,-0.157630,-0.095022,11.339426
422676151073,-2.331272,1.672259,1.620463,0.189955,-0.191026,-0.113006,11.336746
422776169093,3.196481,-4.859592,-0.575562,0.375713,-0.314641,-0.323378,11.397880
422876187113,1.439269,-2.729706,-0.946301,-0.247798,0.344070,0.093992,11.410807
422976205132,-9.124509,5.870840,0.919377,-0.939269,1.189206,0.803379,11.498218
423076223152,-5.785628,2.074490,0.475548,-0.991056,1.297857,0.918528,11.447559
423176241172,6.691993,-7.965344,-0.777559,-0.345300,0.665217,0.428941,11.503109
423276259191,-1.201740,-1.673725,0.757330,0.653652,-0.683168,-0.490907,11.574447
423376277211,-6.263336,3.109399,0.983821,0.315275,-0.490039,-0.367841,11.595881
423476295231,-4.686954,1.595593,0.441222,-0.213996,0.176957,0.231690,11.592757
423576313250,0.974975,-3.231394,-0.449890,-0.449466,0.529959,0.490165,11.657461
423676331270,3.218493,-4.405873,-0.682414,0.102896,-0.076743,0.006251,11.636073
423776349290,-0.652358,-0.771912,0.512740,0.294099,-0.464548,-0.359034,11.682650
423876367309,-3.044068,1.129705,-0.142810,0.208019,-0.284061,-0.135851,11.707899
423976385329,-1.770149,-0.096956,-0.355342,-0.122400,0.030576,0.034083,11.774079
424076403349,1.014749,-3.525291,-0.461804,-0.213398,0.246938,0.160575,11.785612
424176421368,-1.051754,-3.283582,-1.054600,-0.089913,-0.033963,0.018168,11.835701
424276439388,-2.990941,-0.045301,-0.658389,0.135299,-0.233617,-0.137326,11.810752
424376457408,-3.114707,-0.236505,0.324964,0.254742,-0.198772,-0.276882,11.903609
424476475427,0.971644,-3.193866,0.050726,-0.023859,0.136031,0.010041,11.800580
424576493447,2.749575,-3.441696,0.102590,-0.248098,0.300321,0.177455,11.740615
424676511467,-0.698625,-1.180034,0.528758,-0.144647,0.257399,0.173748,11.933930
424776529486,-2.195850,0.587989,0.379503,0.069035,-0.044174,-0.051847,12.083859
424876547506,-0.210641,-0.987359,-0.034048,0.227806,-0.286591,-0.199730,12.180642
424976565526,2.788758,-2.806670,-0.204086,-0.040916,0.030499,0.025095,12.212791
425076583545,-2.296575,0.734866,-0.299072,-0.383679,0.372651,0.291815,12.174628
425176601565,-2.349524,1.378286,-0.008990,-0.280599,0.323643,0.268891,12.341958
425276619585,-2.601045,1.656727,-0.078133,0.183343,-0.230234,-0.208643,12.432275
425376637604,0.072282,-0.582330,0.320311,0.174264,-0.117932,-0.072501,12.403885
425476655624,0.714718,-2.937908,0.692429,-0.103740,0.129782,0.091512,12.444113
425576673643,1.045041,-1.669625,0.228273,-0.152399,0.202835,0.163974,12.568195
425676691663,0.222251,0.899429,0.416593,-0.026434,-0.062511,0.000458,12.536562
425776709683,-0.073422,0.707157,0.410559,0.024790,-0.255488,-0.079094,12.552316
425876727702,1.099168,-2.334745,0.069437,0.169150,-0.276858,-0.081980,12.625077
425976745722,-0.263816,-1.766305,-0.153248,0.103600,-0.150258,-0.175418,12.600186
426076763742,-2.246124,0.222962,0.225949,-0.036291,0.095904,0.067438,12.607628
426176781761,-0.890993,0.604504,0.082244,0.156176,-0.186880,-0.136605,12.559502
426276799781,2.238452,-2.371292,-0.260865,0.260961,-0.309344,-0.229366,12.605135
426376817801,1.774160,-2.381910,0.068736,0.116836,-0.232321,-0.131185,12.616207
426476835820,-1.160288,-0.444921,0.283916,-0.036419,0.066069,0.070333,12.521046
426576853840,-0.910985,-0.351796,0.126736,-0.017451,0.087127,0.104857,12.543011
426676871860,0.418981,-0.218716,0.051189,0.081112,-0.120351,-0.061112,12.561899
426776889879,1.643992,-1.878334,-0.188184,0.099360,-0.192805,-0.155032,12.553017
426876907899,2.785372,-3.812881,-0.451214,-0.013442,0.086084,0.047629,12.565382
426976925919,1.457824,-2.795512,-0.098667,-0.125673,0.159218,0.136575,12.507605
427076943938,-1.980017,1.079149,0.198389,0.133673,-0.131338,-0.023329,12.537406
427176961958,0.458587,-0.242262,0.473270,0.174680,-0.371975,-0.175351,12.528856
427276979978,1.275795,-2.348533,0.338258,0.197184,-0.234929,-0.104069,12.480461
427376997997,0.952657,-2.656222,0.026259,-0.095480,0.129780,0.127026,12.504202
427477016017,-0.012622,-0.532780,0.148239,-0.105605,0.165921,0.132252,12.464940
427577034037,-0.525175,0.244066,0.193228,-0.011281,0.004052,0.035740,12.455350
427677052056,-0.112665,-0.074598,0.090275,0.119714,-0.126032,-0.113357,12.423127
427777070076,0.784265,-1.877085,0.165242,-0.053396,0.106924,0.023870,12.441529
427877088096,1.066330,-2.222500,-0.119881,-0.122489,0.174991,0.127467,12.417666
427977106115,-0.428560,-1.214095,-0.301129,-0.090820,0.034807,0.064585,12.373358
428077124135,-0.982175,-1.249519,-0.013639,-0.038758,0.023212,-0.014969,12.382979
428177142155,-0.150694,-1.038309,0.187335,-0.018014,-0.067553,-0.019499,12.371318
428277160174,-0.206657,-0.924186,0.240978,0.027362,-0.039023,-0.062909,12.365254
428377178194,0.484579,-0.444257,-0.017791,0.079524,-0.040463,0.001307,12.395871
428477196214,0.431398,-0.559318,-0.002817,0.047141,-0.035446,-0.080525,12.358682
428577214233,0.061900,-1.579436,0.042765,-0.028821,0.049889,-0.027769,12.357440
428677232253,-0.589729,-0.556931,0.205062,-0.045786,0.079998,0.038025,12.325498
428777250273,-0.053816,-0.211827,0.232051,-0.004354,0.102440,0.046947,12.333454
428877268292,0.286656,-0.425077,0.016516,-0.041705,0.053299,0.023371,12.321289
428977286312,-0.089731,-0.076584,-0.240843,-0.093401,0.109752,0.081542,12.360765
429077304331,0.293416,-0.552540,-0.191682,-0.135514,0.147420,0.058726,12.389350
429177322351,0.875759,-1.745048,-0.039591,-0.029365,0.050131,0.041571,12.312700
429277340371,-1.105477,-0.200383,0.158698,0.063492,-0.095927,-0.096248,12.300490
429377358390,-0.741559,1.017921,0.071333,0.065362,-0.089867,-0.055595,12.303889
429477376410,-0.038762,-0.891120,-0.150962,-0.044450,0.031755,-0.001192,12.303889
429577394430,1.288528,-1.617060,0.467810,-0.101428,0.168540,0.082510,12.299374
429677412449,1.260892,-0.275776,1.543311,-0.158208,0.151711,0.122864,12.312678
429777430469,-0.513223,-0.461955,0.669856,0.081628,-0.142479,-0.060665,12.298447
429877448489,-1.750066,0.885579,-0.079138,-0.014675,0.048441,-0.048504,12.268315
429977466508,-1.147117,0.570635,-0.435845,-0.231086,0.191589,0.213803,12.220656
430077484528,1.280207,-2.293124,-0.458398,-0.187204,0.130464,0.154152,12.254734
430177502548,1.522150,-2.523059,-0.787371,0.082015,-0.158078,-0.043788,12.236193
430277520567,0.166324,-1.458983,0.018809,0.162030,-0.195259,-0.177907,12.178925
430377538587,-1.813309,-0.318390,-0.199767,0.104043,-0.097443,-0.046320,12.228539
430477556607,-1.357132,0.162757,-0.438042,-0.098750,0.093808,0.053028,12.184899
430577574626,1.370595,-1.690408,0.017161,-0.149752,0.117761,0.069652,12.225125
430677592646,1.501371,-2.530719,0.144649,0.100485,-0.108955,-0.088628,12.167585
430777610666,-0.340777,-1.153491,-0.112112,0.302117,-0.313963,-0.238181,12.119594
430877628685,-2.064197,1.097266,-0.108948,0.226539,-0.272095,-0.255120,12.113454
430977646705,1.103891,-1.850666,-0.672191,-0.097474,0.208619,0.009812,12.100732
431077664725,2.342613,-1.051866,-0.656632,-0.062134,0.032613,0.144681,12.079901
431177682744,0.306532,0.748355,-0.100215,-0.144453,0.009180,0.114312,12.081258
431277700764,-1.310344,1.473607,-0.125334,0.090824,-0.044040,-0.036998,12.067515
431377718784,-1.008797,1.044022,-0.466959,0.013602,-0.030671,0.010428,12.033479
431477736803,1.151432,-2.226655,-0.504867,-0.141949,0.261254,0.160115,11.979869
431577754823,2.223909,-2.958923,0.181007,-0.278995,0.213939,0.201094,11.982495
431677772843,-0.019355,-1.351430,0.627494,-0.062304,0.097434,0.068224,11.971390
431777790862,-1.244944,0.809219,0.390958,0.150240,-0.188887,-0.145369,12.022262
431877808882,0.725672,-0.572338,-0.238476,0.109078,-0.111021,-0.077870,11.999151
431977826902,1.996917,-2.592357,-0.126082,-0.150392,0.134196,0.108517,11.919525
432077844921,1.017506,-3.014173,-0.116536,-0.179749,0.213387,0.177862,11.910812
432177862941,-0.655154,-0.939092,-0.444706,-0.137627,0.137646,0.161101,11.963851
432277880961,-0.949968,0.342031,-0.476475,-0.047884,0.017985,0.069288,11.984329
432377898980,0.617976,-0.458661,-0.603602,0.023152,-0.058922,-0.041787,11.891767
432477917000,-0.807546,-1.051533,0.018650,-0.017079,0.043541,0.043144,11.961531
432577935020,-0.506340,-0.893248,0.152918,0.092160,-0.068108,-0.029764,11.943860
432677953039,1.817523,-2.729670,0.193836,0.249626,-0.223984,-0.142148,11.974635
432777971059,1.103200,-0.245942,0.347191,0.191850,-0.254156,-0.140854,11.913738
432877989078,-1.282577,0.933191,0.474714,-0.113646,0.166768,0.122502,11.923385
432978007098,-1.034627,-0.391998,-0.221850,-0.200628,0.227862,0.173158,11.990450
433078025118,0.624526,-1.175099,-0.647955,0.030856,0.015153,-0.032064,11.989822
433178043137,1.648158,-2.463796,-0.273485,0.203115,-0.210763,-0.172753,11.956167
433278061157,0.796446,-1.802193,0.001547,0.117824,-0.114702,-0.046284,11.947188
433378079177,-0.429598,0.506136,-0.204306,0.015469,0.042593,-0.013123,12.003986
433478097196,0.063199,-0.268984,-0.206308,-0.093865,0.116366,0.140607,11.997439
433578115216,1.192497,-2.265428,-0.259517,-0.214996,0.245483,0.130610,12.029301
433678133236,-0.109324,-0.858888,-0.645977,-0.015918,-0.051065,-0.050081,11.942333
433778151255,-0.998682,1.053453,-0.598621,0.170292,-0.213833,-0.174215,11.961891
433878169275,-0.692923,0.359449,-0.210015,0.159416,-0.132065,-0.172393,11.956326
433978187295,1.419845,-3.204720,0.067805,-0.110984,0.164075,0.097958,12.008014
434078205314,2.337006,-4.200313,-0.237539,-0.313812,0.415848,0.279296,11.959804
434178223334,-0.546105,1.544960,-0.293293,0.094487,-0.109549,-0.093537,12.028859
434278241354,-0.563046,0.332731,-0.141007,-0.029237,-0.048039,-0.023672,11.967642
434378259373,0.525698,-2.302527,-0.386715,-0.151493,0.217703,0.146720,11.944758
434478277393,0.668980,-1.587610,-0.270532,-0.132559,0.251359,0.102765,11.969353
434578295413,-0.392388,0.029447,-0.370613,0.021993,-0.002828,-0.067360,11.881287
434678313432,-1.157668,-0.109914,-0.414439,0.071787,-0.030996,-0.070326,11.875449
434778331452,-0.336708,-0.089750,-0.250617,-0.032460,0.032706,0.009434,11.894384
434878349472,0.274963,-0.438543,-0.466395,-0.069031,0.152938,0.079690,11.916772
434978367491,0.104168,-1.011820,-0.326495,-0.011406,0.008852,-0.037113,11.839659
435078385511,0.364058,-1.700682,-0.071215,-0.008645,0.035579,-0.024266,11.834146
435178403531,-0.423297,-0.851706,-0.322196,-0.088227,0.196208,0.072069,11.801429
435278421550,-1.254162,0.598862,-0.526290,-0.189967,0.195827,0.142359,11.819212
435378439570,-0.573739,0.175229,-0.502358,0.089404,-0.022210,-0.035920,11.750902
435478457590,0.434289,-2.017828,-0.494836,0.110859,-0.186725,-0.172071,11.762909
435578475609,1.883016,-2.301048,-0.549168,0.059204,0.013648,-0.021279,11.728129
435678493629,-0.436255,0.131675,-0.139169,-0.118895,0.139154,0.047243,11.678391
435778511649,-2.193291,2.676303,-0.233396,-0.096751,0.120418,-0.002980,11.616151
435878529668,-0.421966,1.017109,-0.323439,0.263816,-0.246621,-0.114865,11.657788
435978547688,3.185687,-5.443915,-0.910417,0.421749,-0.636307,-0.590230,11.676983
436078565708,-2.263871,0.541859,-0.144555,0.339245,-0.182571,-0.170062,11.630043
436178583727,-4.980178,3.672496,-0.346865,-0.202548,0.431708,0.367771,11.555605
436278601747,-2.463052,1.103059,0.307995,-0.316598,0.402120,0.251554,11.573605
436378619767,2.399357,-2.203023,-0.230249,-0.134412,0.072476,0.081933,11.537412
436478637786,2.559134,-2.606726,-0.337592,0.126495,-0.242373,-0.196296,11.502938
436578655806,-0.527907,1.254551,0.564527,0.014186,-0.185672,-0.161530,11.466356
436678673825,-0.549733,2.117256,0.259095,-0.092368,0.160212,0.137588,11.454777
436778691845,0.836208,-0.765134,0.270404,-0.206480,0.261919,0.094623,11.603403
436878709865,0.446852,-1.604407,-0.190102,-0.177831,0.229252,0.217283,11.547251
436978727884,-0.652316,-0.699230,-0.594164,0.062832,-0.002672,0.034138,11.431230
437078745904,-1.288185,0.667856,-0.394625,0.053749,-0.123527,-0.152411,11.495096
437178763924,-1.402654,-0.593440,0.047286,-0.019250,0.007921,0.015110,11.479507
437278781943,0.487721,-2.547110,0.179384,-0.167035,0.163681,0.059630,11.175864
437378799963,1.001766,-2.495446,-0.212984,-0.122420,0.210010,0.124913,11.226308
437478817983,0.904223,-1.570304,0.633092,0.164566,-0.158037,-0.105005,11.536974
437578836002,-1.382475,2.315983,0.370935,0.079949,-0.172307,-0.102350,11.149045
437678854022,-0.648476,3.949165,-0.616205,-0.357160,0.195132,0.184172,11.014705
437778872042,3.282101,-2.186389,0.044584,-0.391047,0.358263,0.310708,10.898456
437878890061,0.242666,-1.451835,-0.106137,-0.078014,0.141317,0.060000,10.985514
437978908081,-1.447997,0.643984,-0.322086,0.173397,-0.192521,-0.198821,10.880390
438078926101,-1.193981,0.974248,-0.482443,0.238758,-0.291741,-0.245261,11.016869
438178944120,0.918603,-2.130488,-0.778478,-0.237530,0.244176,0.224418,10.995953
438278962140,3.277448,-3.995703,-1.128857,-0.325698,0.419001,0.277999,10.858077
438378980160,0.908009,-0.811154,-0.364916,-0.116702,0.089408,0.091356,11.076434
438478998179,-1.427303,1.898705,0.153781,0.143929,-0.275898,-0.150928,10.883898
438579016199,-0.687042,0.325443,0.192157,0.141940,-0.180543,-0.151148,10.822024
438679034219,2.785106,-1.650214,0.287583,-0.097753,0.093107,0.108270,10.869114
438779052238,1.854792,-1.028286,0.226497,-0.193686,0.193835,0.227351,10.798106
438879070258,-0.509022,0.371738,0.770217,-0.125474,0.176687,0.134924,10.757881
438979088278,-1.751890,1.017834,0.962185,0.158307,-0.133111,-0.132211,10.708019
439079106297,1.687459,-0.691412,0.062361,0.108431,-0.080045,-0.077903,10.643813
439179124317,1.398438,-1.884124,-0.529372,-0.068828,0.001971,0.072607,10.637033
439279142337,-0.107282,-0.811029,-0.438125,-0.138526,0.123463,0.079828,10.466534
439379160356,-1.470510,-0.919995,-0.434044,-0.087604,0.145870,0.075972,10.491476
439479178376,-1.177188,-1.234232,0.137384,0.032421,0.054960,0.015195,10.461613
439579196396,-1.046927,-1.405579,0.596863,0.014047,0.027212,-0.018368,10.381572
439679214415,0.129935,-0.232504,0.610046,0.037254,-0.004695,0.028509,10.337044
439779232435,-0.236950,-0.223725,0.178876,-0.028903,-0.049915,0.052097,10.397348
439879250455,-0.212131,-0.685358,-0.709270,-0.012890,0.039054,0.003856,10.279394
439979268474,0.923545,-1.296607,-0.304102,-0.045220,0.025241,0.032409,10.180474
440079286494,0.718636,-0.817152,0.355375,0.001706,-0.027395,0.025443,10.137901
440179304514,-1.468702,1.593438,0.045246,0.029747,-0.071735,0.025231,10.110404
440279322533,-0.168292,-0.943247,-0.133377,-0.180793,0.209105,0.094574,10.079661
440379340553,1.570395,-2.940787,-0.401008,-0.221153,0.315124,0.303212,10.059612
440479358572,2.386170,-2.134788,-0.869332,-0.084671,0.014238,-0.031497,9.946552
440579376592,-0.167118,-1.174014,-0.166729,0.001005,-0.070756,-0.101309,9.989494
440679394612,-2.523937,0.006823,0.105745,-0.173395,0.080179,0.116626,9.952479
440779412631,-1.456822,0.166092,0.426273,-0.077776,0.137289,0.172247,9.983277
440879430651,0.315658,-1.742080,-0.343346,0.003144,0.184649,0.016344,10.001399
440979448671,-0.151654,-2.685713,-0.624045,0.161059,-0.218012,-0.158407,9.854531
441079466690,0.271021,-1.436436,0.020104,0.006186,-0.096564,-0.044827,9.917652
441179484710,-1.162048,-0.153132,0.042874,-0.148696,0.194991,0.145791,9.924901
441279502730,-1.594472,0.903273,0.006766,-0.177998,0.168414,0.169130,9.931925
441379520749,-0.687825,0.396304,-0.212137,0.058779,-0.122317,-0.098316,9.834053
441479538769,0.779569,-0.856480,-0.034720,0.042355,-0.072503,-0.036807,9.823963
441579556789,0.443807,-0.168651,-0.263953,0.031921,0.023144,-0.035724,9.818553
441679574808,-0.330240,0.381358,-0.550590,-0.089890,0.080041,0.033512,9.897233
441779592828,0.387412,-0.584305,-0.607363,-0.090540,0.125094,0.083708,9.926678
441879610848,3.156416,-2.294176,-0.105413,0.091731,-0.168859,-0.074225,9.859008
441979628867,3.795689,-1.791941,0.084149,0.242616,-0.311996,-0.241702,9.800412
442079646887,4.271639,-2.205772,-2.937763,0.066900,-0.215741,-0.045323,9.742212
442179664907,-5.857887,4.704309,-0.922305,-0.654870,0.361510,0.785596,9.642369
442279682926,-6.223420,2.389514,0.040082,-0.104099,0.064970,0.094044,9.452666
442379700946,0.173525,-4.640355,2.011322,0.659278,-0.550170,-0.495070,9.351774
442479718966,7.620741,-9.992839,0.661706,0.900663,-0.876535,-0.841830,9.239732
442579736985,-1.644614,1.872276,-0.738748,-0.123172,0.180728,0.101259,9.091408
442679755005,-4.419903,6.947045,-0.257632,-0.739105,0.691437,0.567663,8.798359
442779773025,4.089249,-6.231920,-0.957031,-0.721603,0.707478,0.429769,8.929826
442879791044,4.428510,-7.809557,-0.522192,-0.239750,0.141147,0.125258,8.781409
442979809064,-2.160205,1.736533,-0.094567,0.513536,-0.462817,-0.376303,8.560187
443079827084,-1.842048,2.255607,0.210576,0.304540,-0.218399,-0.184331,8.520271
443179845103,0.679544,-1.037810,0.253543,-0.164727,0.267701,0.165757,8.549057
443279863123,2.601852,-4.657262,0.169995,0.059830,-0.070987,-0.011741,8.732476
443379881143,-0.422392,-0.192728,-0.039277,0.331506,-0.444717,-0.321387,8.644475
443479899162,-1.518343,3.564039,0.028472,0.095054,-0.099453,-0.090634,8.433557
443579917182,-0.725513,-0.456755,0.013721,-0.234664,0.273112,0.186212,8.157129
443679935202,1.666007,-3.384006,0.164629,-0.285580,0.299523,0.264844,8.268529
443779953221,1.234942,-2.736272,0.260528,-0.084562,0.151185,0.054788,8.275132
443879971241,-1.634243,-0.705328,0.183558,0.080259,-0.130237,-0.108743,8.258114
443979989261,-0.480369,-0.640788,0.006359,0.088435,-0.068065,-0.048439,8.252112
444080007280,0.100437,-1.489492,-0.037232,-0.071121,0.076402,0.039733,8.173326
444180025300,0.458703,-2.221833,0.297520,-0.133969,0.107750,0.122164,8.113209
444280043319,0.496674,-1.220357,0.130833,0.025809,-0.036232,-0.002820,8.112616
444380061339,-1.276731,-0.961256,-0.007363,0.045447,-0.129523,-0.058265,8.157477
444480079359,-1.566300,-1.262912,0.084535,0.036622,-0.045010,-0.048250,8.107996
444580097378,0.699303,-2.354913,-0.368042,-0.042171,0.102453,0.026934,8.150681
444680115398,1.209982,-2.417553,-0.252502,-0.118855,0.107426,0.083465,8.209063
444780133418,-0.314939,-1.264522,0.302184,0.015677,0.007912,-0.054226,8.134970
444880151437,-1.349510,0.385195,0.393070,0.117336,-0.169812,-0.099408,8.252595
444980169457,-0.811597,-0.222688,-0.108148,0.113818,-0.158480,-0.114050,8.166022
445080187477,0.767523,-3.343671,0.408786,0.084945,-0.115144,-0.079698,8.188233
445180205496,1.168801,-4.867692,-0.103419,-0.134290,0.216767,0.129210,8.279534
445280223516,0.648518,-2.336152,0.148029,-0.026202,0.015661,0.012940,8.326967
445380241536,-1.555824,1.324310,-0.278354,0.174902,-0.274345,-0.164453,8.437534
445480259555,-2.451301,-0.418055,0.110026,0.042968,-0.071859,-0.031521,8.504746
445580277575,-1.278802,-3.481172,0.406001,-0.131551,0.239078,0.190652,8.600183
445680295595,-1.027010,-2.756680,0.053709,-0.205484,0.355862,0.222506,8.710105
445780313614,-1.707411,0.040394,-0.056417,-0.216599,0.204466,0.152687,8.715882
445880331634,-1.221517,0.393544,-0.513513,0.049519,-0.091947,-0.162760,8.838020
445980349654,1.183797,-1.068758,-0.110648,0.125857,-0.135523,-0.071915,8.869782
446080367673,1.508369,-2.870332,-0.229744,-0.000880,-0.032354,-0.079848,8.988989
446180385693,-0.664796,-0.510085,-0.058459,-0.070031,0.119459,0.103806,9.026094
446280403713,-2.125951,0.781940,0.247221,-0.045266,0.224037,0.112680,9.110916
446380421732,-0.693032,-0.054674,-0.004854,0.077718,0.007329,-0.062175,9.237893
446480439752,0.984592,-2.021245,-0.748136,0.090541,-0.131721,-0.136087,9.255175
446580457772,2.303073,-0.879223,-0.432892,0.001316,0.049983,-0.005104,9.396315
446680475791,1.910131,0.753766,0.202731,-0.225659,0.202566,0.147930,9.442288
446780493811,0.448009,-0.067471,-0.540309,-0.182121,0.205318,0.076939,9.527059
446880511831,-0.613140,-2.907778,-0.172021,0.110437,-0.036431,-0.067715,9.534868
446980529850,-2.418453,-3.544607,-0.165185,0.135216,-0.162843,-0.092267,9.663253
447080547870,-0.423453,-1.981468,-0.349705,0.075292,0.099033,-0.011085,9.697461
447180565890,0.101762,-0.196844,-0.787630,0.097020,-0.022654,-0.131802,9.713274
447280583909,-0.130507,-0.098482,-0.716487,0.099405,-0.035740,0.004433,9.857966
447380601929,0.489534,-1.537737,0.347206,0.055649,-0.057178,-0.078325,9.871794
447480619949,0.554645,-1.988894,0.806210,0.039146,0.074375,0.004472,9.817005
447580637968,-0.091561,-1.411029,0.858832,0.008946,0.093965,0.076105,9.835687
447680655988,-0.192786,-0.234506,-0.116393,0.064948,-0.072599,-0.068893,9.956646
447780674008,0.371900,-0.872396,-0.291979,0.131654,0.006840,-0.079685,10.033190
447880692027,1.058861,-0.789955,-0.291994,0.022948,0.000629,0.005158,10.007120
447980710047,-0.069291,-0.691967,-0.275250,0.040965,0.050758,0.004531,10.027873
448080728066,-1.096094,-0.970688,0.246684,-0.060315,0.125291,0.017528,10.080970
448180746086,-0.370891,0.124107,-0.664299,-0.115114,0.032561,0.103328,10.083197
448280764106,-0.272853,-1.071245,-0.779567,0.117928,0.061736,-0.087815,10.104443
448380782125,-0.922134,-2.073467,-0.072363,0.022723,-0.082772,-0.034678,10.162508
448480800145,-1.225984,-1.870322,-0.376193,0.005244,0.051518,-0.034402,10.178142
448580818165,-0.915097,-0.674309,-0.627438,-0.155742,0.039410,0.065499,10.100540
448680836184,-0.507568,-0.239515,-0.859646,-0.101293,0.073811,0.078361,10.191073
448780854204,-0.083866,-0.398276,-0.872862,-0.016844,0.050706,0.035390,10.048049
448880872224,0.421675,-1.065312,-1.038811,-0.043982,0.021417,0.010723,10.130038
448980890243,-0.668357,-0.696869,-0.680825,0.041709,0.141445,-0.016638,10.159788
449080908263,-0.837949,-0.037800,-0.804138,-0.074498,0.121172,0.019613,10.195510
449180926283,-0.988597,-0.008767,-0.747387,-0.020713,0.102589,-0.039919,10.205687
449280944302,-0.841190,-1.088541,-0.672731,-0.067872,0.092512,-0.008687,10.200265
449380962322,-0.685022,-0.879817,-0.797383,-0.078027,-0.050065,0.052185,10.182696
449480980342,-1.404092,-1.424144,-0.371474,0.026258,0.058256,-0.037274,10.226802
449580998361,-0.667548,-1.170688,-0.671320,-0.066702,-0.024065,0.019388,10.191931
449681016381,-0.506061,-1.096739,-0.730221,-0.011571,0.083850,-0.035032,10.203616
449781034401,-1.705635,0.171714,-0.726224,-0.137771,0.174278,0.049078,10.187055
449881052420,-1.411658,-0.815493,-0.638606,-0.209909,0.182167,0.143448,10.194102
449981070440,0.069880,-2.591911,-0.832036,-0.083669,0.103454,0.011067,10.201899
450081088460,-0.067902,-0.109348,-0.689481,-0.010980,0.008815,0.004431,10.095163
450181106479,-0.135839,-0.146212,-0.061313,0.056914,-0.054103,-0.098173,10.138941
450281124499,-2.214273,-1.476723,0.860005,-0.009507,0.008445,0.027546,10.127508
450381142519,-1.352460,-2.392441,0.372680,0.033353,0.042675,0.037047,10.138917
450481160538,-0.672302,-2.581372,0.032075,0.115226,-0.095147,-0.038202,10.100897
450581178558,-1.624777,-1.831653,0.196653,0.140630,0.052381,-0.100427,10.061797
450681196578,-0.784932,-2.384970,0.041731,-0.042471,0.015481,0.014944,10.042821
450781214597,-2.140032,0.219191,0.039852,0.017870,0.083455,-0.047009,10.073388
450881232617,-2.425497,-0.798704,-0.086519,0.075599,-0.026376,-0.029475,10.143615
450981250637,-1.728900,-1.358639,0.324386,-0.002479,-0.016812,-0.008497,10.114045
451081268656,-1.368974,1.048156,0.580615,-0.027506,0.103587,0.012036,10.185158
451181286676,-1.108315,1.848719,0.290830,0.061667,0.056708,-0.092922,10.260112
451281304696,-0.353101,0.013460,0.298623,-0.099385,0.115993,-0.044391,10.194235
451381322715,-0.473066,-0.629637,-0.128081,-0.108977,0.147189,0.047773,10.243428
451481340735,0.282547,-1.186289,-0.302659,0.042308,0.056801,-0.170204,10.318313
451581358755,-0.139383,-1.426296,-0.592737,-0.077760,0.119384,-0.051266,10.213296
451681376774,-0.908147,0.498824,-0.901336,-0.134781,0.157763,0.006813,10.212785
451781394794,-3.130086,0.101827,0.156301,-0.222872,0.192473,0.099280,10.328772
451881412813,-1.874789,-1.206899,0.369397,-0.149428,0.430438,-0.037196,10.355698
451981430833,-0.934466,-0.153906,-0.239549,-0.152342,0.312826,0.331404,10.359278
452081448853,-5.558534,1.324210,-1.808456,0.041520,0.343200,-0.065926,10.422670
452181466872,0.092127,-4.637048,-0.146149,-0.121820,-0.232382,0.081545,10.300035
452281484892,-9.016999,4.364415,-0.519258,0.428331,-0.525630,-0.268870,10.272284
452381502912,-7.633117,5.557468,-1.712971,0.352184,-0.601748,-0.321808,10.190647
452481520931,1.646327,-2.194108,0.453183,0.396376,-0.188594,-0.325918,10.264108
452581538951,0.607356,3.069688,-0.992097,0.048460,0.115404,-0.191515,10.296325
452681556971,-0.229543,2.885336,-0.873773,-0.200297,0.215811,0.116134,10.285070
452781574990,1.039318,-0.392474,-0.837856,-0.328483,0.276926,0.190621,10.331796
452881593010,1.046441,-3.203254,-0.247196,0.016336,-0.251754,-0.112220,10.283447
452981611030,2.638020,-6.728429,0.215340,0.093304,-0.245429,-0.190980,10.289496
453081629049,-1.445112,-1.192426,0.234364,-0.193693,0.377141,0.251285,10.293209
453181647069,-0.263262,0.701911,1.344078,-0.312645,0.493891,0.317675,10.402372
453281665089,-0.246846,2.873178,-0.207868,-0.288048,0.343390,0.086044,10.385431
453381683108,0.374201,-0.973530,0.457630,-0.149847,0.031480,0.002466,10.406288
453481701128,0.602169,-1.255008,0.813556,-0.036719,0.013532,-0.101067,10.532203
453581719148,1.167170,-0.924146,1.059483,-0.095873,0.079646,0.033675,10.419966
453681737167,0.432281,0.557037,0.536969,-0.078982,0.255793,0.088775,10.356194
453781755187,0.431460,0.768443,0.148432,-0.154166,0.177007,0.114487,10.378412
453881773207,1.643577,-0.566250,0.304075,-0.143085,0.113663,0.105096,10.431565
453981791226,-0.250199,-1.060047,0.284953,-0.103591,0.066818,0.067307,10.648013
454081809246,0.280980,-0.053206,0.517957,-0.000792,0.086342,0.000660,10.782288
454181827266,0.156696,0.068753,0.285972,0.074994,0.050250,-0.070333,10.773305
454281845285,1.872043,-0.969549,0.123024,0.031260,0.046789,-0.028359,10.478895
454381863305,0.810435,-1.348429,0.372318,-0.080532,0.055320,0.063023,10.589414
454481881325,0.067314,-1.157881,0.353065,-0.032043,0.156071,0.037261,10.589617
454581899344,0.609932,-0.082256,-0.094547,0.060093,-0.048852,-0.036848,10.410715
454681917364,-0.539083,-0.459694,-0.302873,0.038267,-0.012020,-0.056145,10.445871
454781935384,-0.185991,-0.868525,-0.331251,-0.101211,0.134894,0.095278,10.470138
454881953403,1.399412,-2.230249,-0.536692,-0.104628,0.215219,0.080508,10.473538
454981971423,-1.077346,-0.126625,-0.083985,-0.007162,0.048364,-0.048903,10.556771
455081989443,-1.170252,0.876363,0.245066,0.159942,0.007817,-0.126340,10.633304
455182007462,-0.181418,-1.684833,-0.202640,0.116343,-0.041806,-0.129727,10.589389
455282025482,1.054262,-3.373175,0.262452,0.026580,0.037023,-0.062692,10.548236
455382043502,1.040783,-2.550345,-1.250987,-0.459309,0.310310,0.391279,10.542856
455482061521,-4.828312,3.059922,0.167349,-0.504423,0.490533,0.286212,10.500429
455582079541,1.128715,-7.058744,0.188036,-0.260428,0.537230,0.396614,10.563159
455682097560,3.502932,-7.628803,0.887384,0.117322,-0.011399,-0.083733,10.564294
455782115580,-1.997822,1.591308,-0.167129,0.294825,-0.474165,-0.327086,10.626804
455882133600,-1.488666,1.368610,-0.613903,0.060787,-0.214275,-0.196813,10.612364
455982151619,0.039340,-2.130880,0.073838,-0.272774,0.207140,0.176758,10.532859
456082169639,1.329568,-3.216886,0.493043,-0.353602,0.425121,0.279417,10.595919
456182187659,-0.586830,1.509475,0.308492,-0.247241,0.323777,0.187846,10.511006
456282205678,-1.097073,2.587378,-0.473258,-0.009090,0.000051,-0.095153,10.477471
456382223698,0.597831,-0.313311,0.131770,-0.090593,0.172355,0.014334,10.595823
456482241718,-0.155064,-2.406164,0.867055,-0.282762,0.161709,0.118224,10.493784
456582259737,-0.641123,-2.088802,0.810131,-0.110528,0.095625,0.001940,10.639542
456682277757,0.399115,0.171240,-0.121621,-0.038377,-0.043865,-0.022975,10.604494
456782295777,0.450680,0.643620,-0.078267,-0.044425,0.102589,-0.025629,10.597118
456882313796,0.152090,0.187847,-0.501262,-0.137017,0.143701,0.080953,10.696065
456982331816,-0.603270,-1.162557,-0.616445,-0.037682,0.170366,0.020182,10.784411
457082349836,-1.392400,-0.174847,-0.538458,-0.194998,0.164292,0.140475,10.885356
457182367855,-2.719979,-0.810969,-0.184248,-0.119057,0.261190,0.006382,10.735035
457282385875,2.346463,-5.470073,-1.487116,0.100165,-0.113281,-0.115165,10.875332
457382403895,1.457242,-2.006529,-1.540266,0.210532,-0.472921,-0.191367,10.767933
457482421914,-2.152649,4.561868,-1.161155,0.351258,-0.401023,-0.378994,11.018095
457582439934,0.820080,-6.480290,-0.243056,0.024710,-0.192032,-0.057037,10.934473
457682457954,-0.646395,-3.091523,-0.046491,-0.311694,0.370934,0.225610,11.050710
457782475973,-2.392649,2.161326,-0.241036,-0.498155,0.678808,0.438521,11.096836
457882493993,-1.088552,3.077132,-0.309953,0.026383,0.009696,-0.115243,11.037213
457982512013,1.653161,-2.616824,-0.238469,0.330065,-0.315087,-0.275181,11.072708
458082530032,1.501291,-5.208859,0.059041,0.230777,-0.367761,-0.263583,11.145641
458182548052,-1.194185,-1.937567,0.387869,-0.062147,-0.029655,-0.002759,11.037589
458282566072,-0.637483,1.313165,-0.267414,-0.204706,0.242221,0.125690,11.023641
458382584091,0.219959,0.884742,-0.430004,-0.036031,0.087126,0.041178,10.900400
458482602111,0.931007,-1.767561,-0.185208,0.103912,-0.190905,-0.207288,10.906241
458582620131,1.842978,-1.602466,0.107366,-0.005122,-0.077029,-0.034657,11.132687
458682638150,1.209787,-1.355551,-0.389635,-0.221282,0.238891,0.171544,10.997085
458782656170,0.119874,1.073802,-0.331768,-0.127157,0.197752,0.137937,11.087006
458882674190,1.713465,-3.127229,-1.516388,0.002743,-0.075097,-0.010236,11.047061
458982692209,-0.608929,-2.199354,-0.201042,-0.104685,0.013887,0.149752,11.161918
459082710229,-3.732420,1.601180,1.854590,-0.036971,-0.239226,0.072016,11.122721
459182728248,-1.373967,1.327103,-0.190390,0.031994,0.065449,0.026426,11.241254
459282746268,-0.335984,-0.251588,-0.570495,0.118015,0.200823,-0.103562,11.060414
459382764288,2.080477,-4.535232,-1.155548,0.196687,-0.512580,-0.164044,10.996253
459482782307,1.855629,-2.765587,-0.802963,0.277593,-0.485650,-0.358269,10.928248
459582800327,0.799096,0.456620,-1.071599,-0.117259,0.107335,0.083660,10.843700
459682818347,-0.608387,0.801636,-0.035765,-0.210207,0.377062,0.271869,10.851434
459782836366,0.027432,-2.116022,0.769257,-0.114034,0.164215,0.115961,10.795595
459882854386,0.132040,-3.533229,0.999929,0.068588,-0.103924,-0.027293,10.766485
459982872406,-0.057148,-1.680694,0.360285,0.098343,-0.092295,-0.066990,10.982667
460082890425,0.540655,0.505117,-0.148422,-0.019476,0.073360,0.027248,11.020457
460182908445,1.498509,-0.122673,-0.606882,-0.059024,0.157082,0.080610,10.866429
460282926465,1.720256,-1.672379,-0.132805,-0.030405,0.078309,0.027236,10.872317
460382944484,0.643583,-2.680354,0.254957,0.087445,-0.229260,-0.120400,10.753970
460482962504,0.019836,-0.903382,0.301415,0.137734,-0.196910,-0.123799,10.935462
460582980524,0.656385,0.140844,0.030970,0.102340,0.064233,0.003680,10.821084
460682998543,1.450217,-1.867944,-0.005237,-0.027797,0.077524,0.057307,10.918459
460783016563,0.082569,-2.469930,-0.179194,-0.117932,0.156718,0.045841,10.874436
460883034583,-1.660384,-0.400204,0.040743,-0.137126,0.057457,0.140164,10.921353
460983052602,-0.211159,-2.062508,-0.653517,-0.033188,0.058445,-0.067703,10.961342
461083070622,1.986927,-2.753532,-1.311983,0.119903,-0.071849,-0.106560,10.921256
461183088642,0.045621,-1.271852,-0.626812,0.069961,0.025292,-0.044615,10.898789
461283106661,0.722812,-2.818562,-1.193383,0.045588,-0.225361,-0.017360,10.920120
461383124681,1.706792,-2.821349,-0.737975,-0.117082,0.006834,0.081435,11.012281
461483142701,-0.536065,-1.579814,-0.914727,-0.085680,0.188248,0.096667,10.954248
461583160720,1.919910,-2.392224,-0.638307,-0.039554,0.025377,0.038916,11.031290
461683178740,1.674636,-1.741891,-0.217897,-0.085925,0.118708,0.066804,11.010028
461783196760,-0.766781,-0.361235,-0.287512,-0.205799,0.164055,0.118724,10.991083
461883214779,1.090123,-1.939251,-0.094409,-0.152096,0.254654,0.183608,11.021481
461983232799,1.622165,-2.066558,-0.181933,0.008999,-0.083395,0.053633,10.984821
462083250819,1.276549,-0.856185,-0.179398,0.096264,-0.158911,-0.142738,10.975186
462183268838,1.799397,-1.955713,0.254056,-0.148196,0.108768,0.067123,11.030744
462283286858,-0.310744,-0.953729,0.743852,-0.032610,0.156217,0.065568,11.019503
462383304878,0.045538,0.446384,-0.020628,0.042241,-0.041902,-0.008920,10.974273
462483322897,1.501149,-0.520599,-0.446771,0.090665,-0.168329,-0.101557,11.033464
462583340917,2.592494,-2.877241,-0.386227,-0.067011,-0.097117,0.017461,11.028656
462683358937,-0.444435,-2.915285,0.629313,-0.151363,0.182107,0.154254,11.044219
462783376956,-0.891113,-1.065377,0.822918,-0.059701,0.214291,0.116427,10.991313
462883394976,-0.074033,-0.193567,0.640126,0.397396,-0.343965,-0.226098,10.949190
462983412995,4.660602,-4.554913,-0.373181,0.405358,-0.443778,-0.348596,11.034810
463083431015,6.836127,-5.425752,-0.359933,0.043744,-0.185171,0.026247,11.039614
463183449035,2.763500,-0.772783,0.213828,-0.287361,0.153540,0.246560,11.042044
463283467054,0.517943,2.932901,0.524608,-0.049049,-0.037960,0.072065,11.063922
463383485074,1.228178,-0.176275,0.693680,0.256779,-0.263661,-0.080653,10.915231
463483503094,3.903897,-4.198257,0.590678,0.386756,-0.416142,-0.227856,10.954354
463583521113,1.977823,-1.358635,-0.227906,0.246271,-0.239401,-0.141044,10.939519
463683539133,0.369108,-0.151986,-0.441338,-0.066670,0.046126,0.163257,10.977515
463783557153,1.217150,-1.549151,0.014684,-0.119595,0.103116,0.158896,10.922515
463883575172,1.949564,-3.388952,0.470605,0.024918,0.051054,0.052102,10.750279
463983593192,0.794175,-3.356400,0.563969,0.121876,-0.085186,-0.022689,10.623686
464083611212,0.839581,-1.209318,0.402231,0.060143,-0.104631,-0.010840,10.500486
464183629231,2.820660,0.613374,0.382779,0.107507,0.016144,-0.036228,10.443296
464283647251,3.747844,-3.288230,-1.073418,-0.042840,-0.177515,0.149465,10.200969
464383665271,2.224878,-2.557592,0.944297,0.230013,-0.287547,-0.056406,10.090624
464483683290,-0.268202,-3.926151,1.381055,0.105124,-0.051679,0.293145,9.967640
464583701310,1.141271,-1.849943,1.902353,0.141527,-0.219393,-0.104501,9.931696
464683719330,2.278758,-3.731924,0.664626,0.316328,-0.238610,-0.155897,9.882146
464783737349,2.374873,-2.189681,0.431690,0.125214,-0.190368,-0.011505,9.939115
464883755369,1.329817,-1.775485,0.290851,-0.026800,0.004783,0.120538,9.923561
464983773389,1.192880,0.432540,0.104152,0.094076,-0.135714,0.058059,9.756326
465083791408,2.714865,-1.617530,0.187767,0.242614,-0.209372,-0.070345,9.857437
465183809428,3.908886,-2.604232,0.136008,0.279267,-0.175782,-0.130073,9.570400
465283827448,2.946353,-1.333869,-0.161479,0.092227,0.031297,0.050304,9.615716
465383845467,1.843499,0.710808,-0.606926,-0.053781,0.017213,0.087810,9.609094
465483863487,1.819515,0.841760,-0.765836,0.031289,-0.069885,0.089930,9.529344
465583881507,2.303409,-0.435870,-0.644208,0.149434,-0.120525,-0.059591,9.356557
465683899526,2.236967,-1.498473,-0.229131,0.117039,-0.095658,-0.044170,9.255496
465783917546,1.307970,-1.034674,-0.093212,0.028458,-0.035683,0.039124,9.181570
465883935566,0.189052,0.072904,-0.075913,-0.091628,0.055598,0.102058,8.961094
465983953585,0.843497,-1.508720,0.590503,-0.088989,0.048150,0.124597,8.681843
466083971605,2.694156,-2.605352,-2.222538,-0.023503,0.028737,0.106329,8.380697
466183989625,-0.578439,0.292750,0.871400,0.016714,-0.193894,0.035324,8.125470
466284007644,-0.702014,-0.732696,2.420261,0.164734,-0.338707,-0.161751,7.847389
466384025664,-0.691362,-1.395642,3.742263,0.191277,-0.099302,-0.195068,7.448336
466484043684,2.327162,-3.868908,1.791916,0.043001,0.509448,0.246322,7.282593
466584061703,0.957977,-0.582171,-2.014505,0.063051,0.234523,0.150611,7.112578
466684079723,0.350413,0.610009,-2.281007,0.170293,-0.250917,-0.127336,6.936049
466784097742,0.693146,0.447094,-0.237147,0.044686,-0.502947,-0.249091,6.939125
466884115762,-2.006766,-1.669431,0.406914,-0.261127,0.082760,0.197313,6.865090
466984133782,-0.942547,-3.903227,0.617445,0.056653,0.037895,0.051242,6.695988
467084151801,1.779834,-3.848940,0.432756,0.380261,-0.171654,-0.202624,6.863065
467184169821,0.359562,-1.049502,0.124700,0.362751,-0.193395,-0.230020,6.954710
467284187841,-1.840396,2.433707,-0.059863,-0.232251,0.350870,0.297924,7.198154
467384205860,-0.664520,0.634706,-0.038782,-0.319108,0.275109,0.255245,7.193058
467484223880,2.210479,-2.809328,-0.008773,-0.068983,-0.057697,0.023910,6.970054
467584241900,4.590610,-4.670125,0.401372,0.351759,-0.397127,-0.269646,6.852544
467684259919,0.676011,-0.589447,0.472068,-0.037370,0.038414,0.067236,6.936593
467784277939,-1.978904,1.197301,0.135300,-0.236948,0.361992,0.242853,7.077203
467884295959,-1.637194,0.234917,0.097470,-0.235290,0.263133,0.289332,7.178442
467984313978,1.024032,-3.726989,-0.501525,0.076205,-0.102917,-0.053873,7.239428
468084331998,-0.995292,-2.442119,-0.551414,0.227004,-0.150934,-0.067646,7.039802
468184350018,-1.374844,-0.817517,-0.440848,-0.000873,-0.071757,-0.076125,7.088741
468284368037,-0.589877,-2.065618,0.298911,0.017773,-0.042069,0.153571,7.165698
468384386057,-0.190143,-3.224508,0.312711,0.000560,-0.042212,-0.052459,7.112014
468484404077,-1.038068,-2.988944,-0.000688,-0.032530,0.031479,-0.043351,7.273966
468584422096,-1.114132,-1.381772,0.485111,0.136367,-0.109829,0.066165,7.207150
468684440116,-0.287623,-1.762919,0.242051,0.222444,-0.270472,-0.155596,7.411952
468784458136,0.006512,-3.858367,0.103555,0.196203,-0.198928,-0.122350,7.518041
468884476155,-0.704677,-3.505581,-0.123362,-0.011991,0.047864,0.060528,7.535162
468984494175,-2.877647,-0.920760,-0.188633,-0.236496,0.138549,0.175191,7.622248
469084512195,-3.221832,-1.126172,0.006483,0.000592,0.157743,0.206203,7.561056
469184530214,0.834983,-3.562148,0.455291,0.137003,-0.129311,-0.092225,7.748173
469284548234,1.016207,-3.944541,0.482181,0.215575,-0.371793,-0.206328,7.984628
469384566254,-0.878972,-1.872531,0.842822,0.009827,-0.058896,0.063692,7.963559
469484584273,-3.561007,1.182949,0.537235,-0.240816,0.354452,0.301587,8.160992
469584602293,-0.664676,-2.978625,0.571776,-0.291107,0.297339,0.282349,8.358928
469684620313,0.384782,-4.964099,0.329568,0.218979,-0.310105,-0.227611,8.510755
469784638332,-0.105844,-4.730189,0.067155,0.244052,-0.307036,-0.154016,8.588070
469884656352,-0.502093,-1.890796,-0.611410,-0.020244,0.200612,0.123463,8.801231
469984674372,-1.894498,-1.233529,-0.362095,-0.092115,0.139263,0.163900,8.920143
470084692391,-1.341919,-2.202537,-0.022341,0.014463,0.025563,0.183155,9.067214
470184710411,-1.957838,-1.843136,0.224617,0.089408,-0.068524,0.202057,9.171586
470284728431,-2.546917,-1.968052,0.138933,0.142141,-0.079868,-0.183089,9.316499
470384746450,-1.223342,-0.619114,-0.855413,0.145583,-0.108527,-0.006189,9.442637
470484764470,-0.364248,-1.951454,-0.065145,-0.009370,0.123945,0.073970,9.425322
470584782489,0.450553,-1.860513,-0.228050,-0.101439,0.113119,0.070888,9.684305
470684800509,0.294223,-4.243533,0.044341,0.185217,-0.227859,-0.120879,9.713335
470784818529,-2.486927,0.534271,-0.135492,0.327883,-0.465813,-0.353476,9.937361
470884836548,-3.117212,1.607065,-0.405106,-0.108159,0.052696,0.087209,10.173887
470984854568,-2.699321,-0.813059,0.317959,-0.194684,0.362287,0.204646,10.241181
471084872588,0.217664,-3.334926,-0.661019,-0.094338,0.167664,0.081812,10.319086
471184890607,0.610295,-2.425484,-0.063924,0.094996,-0.193454,-0.017218,10.333595
471284908627,-2.505027,1.038529,-0.045553,0.083204,-0.247236,-0.107939,10.371390
471384926647,-0.226205,0.804389,0.214763,-0.068248,0.077289,0.095343,10.474778
471484944666,0.681506,-0.252139,0.015962,-0.032212,0.096067,0.012498,10.498787
471584962686,1.196655,0.296256,0.662999,-0.067627,-0.014181,-0.008888,10.562070
471684980706,1.655769,0.124230,0.254136,0.100323,-0.224281,-0.128751,10.612005
471784998725,0.370787,1.736065,0.594330,0.030637,-0.123391,-0.070911,10.606139
471885016745,0.207717,0.802279,0.322197,-0.042000,0.196617,0.019585,10.654190
471985034765,0.851381,-1.155810,0.489367,-0.142733,0.067975,0.071087,10.631640
472085052784,0.757905,-1.173019,0.627122,-0.012443,0.124010,-0.028247,10.585947
472185070804,-0.063030,-0.816445,0.049236,-0.032080,0.100607,0.049092,10.610554
472285088824,0.487093,-1.373943,0.035386,-0.008332,0.081809,0.022578,10.545440
472385106843,0.079239,-0.908856,0.010510,-0.000610,0.008071,-0.062929,10.542275
472485124863,-0.398045,-0.588243,-0.200244,0.057361,-0.028247,-0.069908,10.565170
472585142883,0.206930,-1.538096,0.061715,0.061057,-0.093213,-0.074377,10.391035
472685160902,1.031444,-1.514781,-0.073351,0.013473,-0.034088,-0.058935,10.469053
472785178922,-0.422902,-1.240475,-0.145657,-0.052200,0.095032,0.069219,10.384185
472885196942,0.326681,-0.052216,-0.397640,-0.048737,0.079974,-0.002883,10.282571
472985214961,1.755050,-1.183941,-0.596821,-0.045383,0.054071,0.060775,10.349010
473085232981,2.159806,-1.796814,-0.224789,0.101611,-0.163641,-0.113953,10.299131
473185251001,1.945945,-0.331540,0.108050,0.052923,-0.086216,-0.133107,10.290660
473285269020,1.848766,-0.401752,0.046547,0.051657,0.031781,-0.057553,10.215080
473385287040,2.115651,0.442959,-0.372326,0.033030,-0.044051,-0.087329,10.160249
473485305060,0.441834,1.116208,-0.376697,-0.019490,0.026989,-0.017322,10.164903
473585323079,0.572270,1.547635,-0.260789,-0.113945,0.094028,0.147276,10.102241
473685341099,1.189314,0.795132,-0.190753,0.050042,-0.086283,-0.068317,10.162703
473785359119,1.917937,-0.649300,-0.654369,0.101834,-0.138403,-0.043745,10.163145
473885377138,2.550759,-1.302021,-0.626737,-0.034814,-0.015867,0.014080,9.915889
473985395158,2.218314,-0.956703,-0.097521,-0.100391,0.169684,0.111129,9.897135
474085413178,0.631675,0.709199,-0.225469,0.077796,-0.147145,0.016057,9.823290
474185431197,0.390015,1.939268,-0.213064,0.282367,-0.260781,-0.222798,9.580285
474285449217,2.189485,-0.741189,-0.567556,0.163417,-0.199695,-0.166926,9.346952
474385467236,2.315179,-1.521851,-0.147406,-0.037922,-0.038891,0.079412,9.210616
474485485256,2.076554,-1.066686,-0.278471,0.027142,-0.025848,-0.013954,8.922115
474585503276,-0.047713,-0.195353,-0.045878,0.100796,-0.146295,-0.052838,8.785383
474685521295,1.777259,-3.051882,-0.765569,0.178178,-0.335860,0.050013,8.542418
474785539315,1.749433,-3.657792,-0.434051,0.087930,-0.434546,0.061861,8.345641
474885557335,-1.177212,-0.548537,1.350277,-0.183915,0.033638,0.172659,8.151339
474985575354,-2.827115,-0.588180,2.458670,0.037544,0.104830,-0.120445,7.949290
475085593374,0.608300,0.277708,2.005626,0.092609,0.349232,-0.043421,7.836071
475185611394,4.172204,-2.769689,-0.412943,0.182072,0.028459,0.042989,7.636215
475285629413,2.479515,1.194124,-0.433176,0.108334,-0.225522,-0.113871,7.463711
475385647433,0.368206,0.040186,-0.284221,-0.236745,-0.128243,-0.103131,7.368865
475485665453,-2.457489,-0.359376,0.507127,-0.334652,0.181122,0.140587,7.484729
475585683472,2.594671,-5.418658,0.005248,-0.435710,0.375975,0.297043,7.291902
475685701492,2.615234,-4.934626,-0.418686,0.033580,0.043035,0.004451,7.138510
475785719512,0.207922,-0.236429,0.041446,0.362259,-0.396669,-0.214438,7.118889
475885737531,-3.751932,3.769410,0.395179,0.225800,-0.303199,-0.231630,7.352286
475985755551,-2.465457,2.674796,-0.208029,-0.237119,0.168581,0.163685,7.361097
476085773571,1.970050,-4.548202,-0.767200,-0.115323,0.285555,0.203515,7.223877
476185791590,1.822613,-4.858848,-0.415064,0.231308,-0.308601,-0.218682,7.421666
476285809610,-0.569516,-1.463178,-0.564588,0.406416,-0.442295,-0.280348,7.028054
476385827630,-4.143290,3.674034,0.042634,0.145627,-0.086724,-0.157050,7.321712
476485845649,-0.796800,-0.863285,-0.048675,-0.364720,0.425637,0.288171,7.464452
476585863669,1.650968,-3.030945,0.473629,-0.348226,0.295395,0.250837,7.337096
476685881689,0.189415,-0.856346,0.039222,-0.036220,0.073409,0.006723,7.471100
476785899708,-2.921783,2.807776,-0.457335,0.192010,-0.239856,-0.197910,7.332065
476885917728,-2.534930,2.635472,-0.472400,0.002763,-0.121262,-0.140025,7.321229
476985935748,0.795543,-3.233677,0.556405,-0.221219,0.198192,0.077537,7.414121
477085953767,1.370242,-3.089390,0.758289,-0.356048,0.363949,0.226361,7.368005
477185971787,-1.473490,-0.312543,0.229560,0.130529,-0.079032,-0.168725,7.403668
477285989807,0.518625,-2.482267,-0.286909,0.364190,-0.386686,-0.308166,7.414455
477386007826,1.088203,-1.824803,-0.504028,0.259614,-0.326145,-0.304830,7.357423
477486025846,-2.029397,0.211947,-0.875024,0.049727,-0.108575,-0.046558,7.280908
477586043866,-2.828662,-0.370222,0.154054,-0.244572,0.176504,0.127957,7.429181
477686061885,-0.653755,-2.047463,0.278895,-0.105861,0.131995,0.044155,7.285506
477786079905,1.791600,-2.608100,0.050203,0.122655,-0.151312,-0.132748,7.222667
477886097925,-0.115011,-1.325888,-0.317730,0.272737,-0.275512,-0.217701,7.516613
477986115944,-2.311743,0.151896,-0.068740,0.263526,-0.252043,-0.230869,7.476253
478086133964,-1.325836,-0.671294,0.426821,0.019565,0.057513,0.028760,7.455006
478186151983,-0.031446,-2.433538,-0.416069,0.089683,-0.184758,-0.115237,7.530708
478286170003,0.433699,-3.331424,-0.015110,0.113775,-0.295020,-0.118227,7.442285
478386188023,-0.924274,0.394569,0.212774,0.008960,-0.102103,-0.056637,7.472557
478486206042,-1.724002,1.120627,-0.055824,-0.122054,0.175664,0.146245,7.405049
478586224062,-1.115081,0.184692,-0.263751,-0.034656,0.103169,0.068406,7.495566
478686242082,-0.914670,-0.928422,0.020683,0.049001,-0.014618,-0.028371,7.598187
478786260101,0.514214,-1.526381,-0.018535,0.048093,-0.145840,-0.016994,7.699163
478886278121,-0.652036,-0.186827,-0.079422,0.078899,-0.105780,-0.101395,7.638761
478986296141,-0.845988,0.633160,-0.216340,-0.095181,0.110841,0.001696,7.671051
479086314160,0.034168,-0.826413,0.206115,-0.190989,0.186382,0.147428,7.610683
479186332180,1.147034,-2.897985,0.519214,-0.154885,0.075563,0.125084,7.717508
479286350200,1.513352,-3.265578,0.046986,0.128713,-0.069542,-0.077685,7.768732
479386368219,-0.254757,-1.148914,-0.382967,0.096787,-0.101760,-0.057798,7.741261
479486386239,-0.676173,0.917428,-0.349929,-0.058809,0.102659,0.024304,7.713555
479586404259,-1.012683,-0.145859,-0.137831,-0.179259,0.167205,0.132098,7.551112
479686422278,-0.968785,-1.299673,0.386486,-0.081967,0.150389,0.068503,7.732564
479786440298,-0.763935,-0.488234,-0.158455,-0.025750,0.068389,0.011804,7.853121
479886458318,0.500029,-0.765841,-0.595305,-0.002163,0.110348,0.028965,7.829719
479986476337,0.465420,-0.575920,-0.801687,0.014412,0.047893,-0.019228,7.831816
480086494357,-1.109437,-0.472870,0.047570,-0.066393,-0.022185,0.015515,7.840023
480186512377,0.022211,-1.667421,0.171229,0.020528,-0.042363,-0.058319,7.827173
480286530396,0.169390,-2.031126,-0.331850,0.103480,-0.108857,-0.082853,7.848315
480386548416,-0.553264,1.121195,-0.140853,0.053620,-0.102670,-0.107545,7.950754
480486566436,-0.938128,2.805997,-0.070678,-0.098397,0.117733,0.033420,8.046426
480586584455,0.600733,-1.170715,-0.132958,-0.185732,0.211274,0.129157,7.810440
480686602475,0.369896,-1.663563,0.192492,-0.004986,0.073815,-0.017073,7.848203
480786620495,0.429160,-0.747930,-0.288546,0.040592,-0.030841,-0.070800,7.844360
480886638514,-0.461699,0.364047,0.159475,0.036790,-0.061235,-0.048097,7.178438
480986656534,-0.969517,-0.780510,-0.407962,-0.095362,0.037360,0.075075,6.835158
481086674554,-0.549691,-1.379077,-0.043926,-0.066835,0.136603,0.022387,7.188813
481186692573,2.096457,-0.848653,-0.120307,-0.021818,0.049573,-0.190736,7.723290
481286710593,-1.315328,2.324294,1.011057,0.470451,-0.431901,-0.471841,7.962547
481386728613,-2.443886,3.569166,1.250804,0.159503,-0.129531,-0.083371,7.914336
481486746632,-0.622053,-3.389675,1.821527,-0.106803,0.512850,0.351090,8.024501
481586764652,-1.432606,-1.349232,0.184646,0.030469,0.500489,0.397537,7.906883
481686782672,3.446755,-2.085057,-0.737441,0.158338,-0.028766,0.010085,7.658548
481786800691,-0.118382,0.357940,-0.858013,0.236038,-0.453117,-0.231572,7.749750
481886818711,-1.432888,-0.473783,-0.099190,-0.073267,-0.267284,0.029498,7.676041
481986836730,-0.925813,-1.510563,-0.275963,-0.198648,0.044976,0.119615,7.619491
482086854750,0.641882,-2.625663,-0.136192,-0.122694,0.215020,0.124868,7.503522
482186872770,1.683174,-2.745411,-0.189152,0.179793,-0.120485,-0.153918,7.591192
482286890789,0.194082,-1.031609,0.635176,0.153500,-0.106323,-0.177494,7.783381
482386908809,-0.603017,0.641240,0.148088,-0.134291,0.051179,0.046003,7.852489
482486926829,-1.881084,0.886499,-0.110008,-0.223134,0.187297,0.183024,7.846816
482586944848,0.443898,-2.098437,-0.675888,-0.056455,0.062409,0.049485,7.612906
482686962868,0.586648,-1.861931,0.271665,0.063578,-0.011265,-0.056072,7.442297
482786980888,-0.675967,-1.213455,0.290817,0.072756,-0.084218,-0.060849,7.588899
482886998907,-1.727633,-1.541966,0.285509,0.012397,-0.014159,-0.006790,7.640955
482987016927,-1.318811,-1.421433,0.244661,-0.031772,0.065827,0.053556,7.650318
483087034947,-0.655489,0.017122,-0.157221,0.005680,-0.061859,-0.019600,7.676255
483187052966,-0.679320,-0.940797,-0.198700,-0.022730,-0.048240,0.036255,7.551113
483287070986,-0.991330,-1.308163,-0.072820,-0.050544,0.019301,0.009395,7.396259
483387089006,-1.381650,-0.694140,-0.268115,-0.103350,0.054406,0.027105,7.204352
483487107025,-1.468236,-0.830323,-0.322958,-0.088536,0.117068,0.037909,7.041453
483587125045,-0.253661,-1.063566,-0.125170,-0.076621,0.025632,-0.003613,6.879775
483687143065,-0.177664,-1.332546,0.155148,0.011725,0.001369,-0.035721,7.074326
483787161084,-1.603079,-1.666595,0.076352,0.031124,-0.002009,-0.053801,7.222810
483887179104,-1.487488,-1.899436,0.063880,-0.017759,0.007169,-0.021890,7.704713
483987197124,-0.364800,-0.881143,0.242123,-0.034462,-0.011383,-0.014678,7.765062
484087215143,-2.807441,-1.545018,0.318014,-0.068507,0.039931,-0.003238,8.015117
484187233163,-0.478631,0.279601,-0.219278,-0.137108,0.153596,0.070914,8.165348
484287251183,-0.451538,-2.040317,0.063441,-0.018480,0.121382,0.034450,8.217814
484387269202,-1.170154,-3.200698,0.137970,0.075673,-0.059216,-0.096155,8.217722
484487287222,-2.336199,-2.483578,0.216884,0.152885,-0.137609,-0.127628,8.203851
484587305242,-3.802908,-0.932213,0.112818,0.033732,-0.045391,-0.092360,8.509210
484687323261,-2.281986,-1.324088,-0.822174,-0.217949,0.020770,0.193735,8.470932
484787341281,-2.242013,-2.222401,-0.671976,0.160947,-0.005705,-0.209925,8.515661
484887359301,-1.220006,-5.186166,0.109343,0.236984,-0.239189,-0.269874,8.654928
484987377320,-2.386511,-5.922961,0.262593,-0.116862,-0.040211,-0.006731,8.678258
485087395340,-3.064519,-4.434256,-0.038141,0.034620,-0.044881,-0.084062,8.730598
485187413360,-4.713307,0.034020,0.746029,0.333349,-0.241652,-0.219550,9.077268
485287431379,-3.711102,0.524293,0.615957,0.211980,-0.281964,-0.199937,8.848759
485387449399,-2.757398,-1.457503,0.518617,0.076696,-0.023991,-0.042762,9.052047
485487467419,1.754022,-2.891317,-0.312350,-0.145479,0.166672,0.124173,9.287391
485587485438,1.329409,-0.861902,-0.372953,-0.025204,-0.016743,0.065816,9.152319
485687503458,-0.699467,-0.449690,-0.013792,0.128154,-0.252628,-0.160389,9.221740
485787521477,-3.067042,-1.796158,0.393556,0.199683,-0.282514,-0.134203,9.300641
485887539497,1.177843,-1.680422,-0.037530,-0.011911,0.105222,0.018776,9.526174
485987557517,2.798361,-0.879408,-0.052049,-0.155870,-0.047896,0.155548,9.621883
486087575536,0.438410,-0.115265,-0.110888,-0.095578,-0.016810,0.060235,9.751771
486187593556,-1.404317,-1.961450,1.123446,0.024376,0.082987,0.005225,9.887140
486287611576,-0.856030,-2.467627,1.179089,0.146412,0.053324,-0.039063,9.980306
486387629595,0.606777,-2.486643,0.194575,0.017486,0.061128,0.038446,10.023485
486487647615,0.964547,-0.477904,-0.146400,-0.026358,0.123266,0.010895,10.155145
486587665635,-0.970700,-0.458951,0.251640,-0.097685,0.206873,0.095244,10.364215
486687683654,-0.955921,0.686495,0.086059,0.112148,0.002485,-0.154013,10.327053
486787701674,-0.026385,-0.366110,-0.499436,-0.022695,-0.006283,0.108796,10.409168
486887719694,-0.208013,-1.084756,-1.557539,0.015956,-0.078537,-0.111507,10.443143
486987737713,0.178589,-2.601290,-1.308146,0.132335,-0.122326,-0.122473,10.458297
487087755733,-0.036304,-1.049207,-0.384483,0.016193,-0.084591,-0.045993,10.614548
487187773753,-0.120381,-0.455251,-0.488306,0.050806,-0.024678,-0.017390,10.572719
487287791772,0.981013,-0.751542,-0.812758,-0.024897,-0.055374,-0.004056,10.579740
487387809792,1.075393,-0.108928,-0.942373,0.000235,0.015739,0.014084,10.503891
487487827812,0.424025,0.100788,-0.832738,-0.108908,-0.021960,0.057949,10.479881
487587845831,-0.163893,-0.108000,-0.682895,-0.043334,-0.015250,-0.022115,10.616901
487687863851,0.546357,-2.106268,0.011959,0.080902,-0.002570,-0.057401,10.454038
487787881871,0.812777,-0.324596,-0.036242,0.098665,-0.085599,-0.071984,10.317328
487887899890,0.475648,0.148553,0.279545,-0.054271,0.097296,0.023972,10.376659
487987917910,0.244273,-0.574683,-0.031202,-0.082453,0.076038,0.086243,10.267523
488087935930,0.294752,-0.692646,-0.136033,-0.027227,0.013327,0.002514,10.283599
488187953949,0.805381,-1.253454,-0.289034,-0.003108,-0.052878,0.010491,10.258982
488287971969,0.450993,0.478129,0.150771,0.058651,-0.115670,-0.079811,10.181934
488387989989,0.413155,-1.045987,-0.223963,0.089468,-0.075104,-0.037096,10.037271
488488008008,0.346863,-1.443133,-0.002357,-0.020488,0.015457,0.016594,10.123765
488588026028,0.645206,-0.698941,0.303309,-0.039537,-0.012283,0.083190,9.938285
488688044048,1.579377,-1.347119,0.431224,0.094412,-0.039038,0.005107,9.888122
488788062067,1.185188,-1.040535,0.368083,-0.061022,0.060876,0.046695,9.835587
488888080087,0.648242,-0.471080,-0.289395,-0.092325,0.104000,0.113734,9.712672
488988098107,-0.052714,-0.055735,0.092924,-0.036732,0.027200,0.025176,9.712851
489088116126,-0.400893,-0.233591,0.392295,0.089351,-0.057904,-0.045554,9.729931
489188134146,0.497611,-1.114593,0.148567,0.004344,-0.014201,-0.031556,9.641117
489288152165,0.792136,-0.610716,-0.255717,0.019156,0.032170,0.018771,9.740059
489388170185,-0.115798,-1.000361,0.040914,0.007159,-0.008164,-0.021265,9.703078
489488188205,-0.378249,-0.468066,0.475698,-0.054970,0.046336,-0.017362,9.573383
489588206224,1.607698,-2.912422,-0.168279,0.098304,-0.104864,-0.002147,9.603743
489688224244,0.193422,-1.609800,0.273631,0.123329,-0.071395,-0.165259,9.484771
489788242264,-0.122047,0.068224,0.693817,0.027131,-0.000451,-0.044397,9.572966
489888260283,-1.468160,1.596842,0.469726,-0.190999,0.270046,0.145614,9.462645
489988278303,-0.753487,0.144411,0.427891,0.028257,0.019482,0.028262,9.401972
490088296323,2.664210,-0.560675,0.352762,0.236788,-0.174733,-0.200123,9.465767
490188314342,3.353012,-0.945894,0.139450,0.174276,-0.122416,-0.118144,9.334678
490288332362,0.771566,-0.233838,0.150343,-0.192210,0.267547,0.196124,9.339912
490388350382,-1.020556,1.184876,0.076528,-0.070739,0.122021,0.108525,9.274093
490488368401,-1.015578,0.644838,-0.405315,0.124139,-0.081428,-0.072608,9.226216
490588386421,-0.114238,-0.488598,-0.432934,0.190101,-0.148972,-0.213073,9.188212
490688404441,0.044920,-3.821790,0.288026,-0.236147,0.236757,0.214531,9.161788
490788422460,0.237385,-2.118718,-0.096587,-0.145341,0.225658,0.209669,9.155450
490888440480,-0.749556,1.553421,-0.089780,0.067488,-0.082938,-0.006978,9.191359
490988458500,-1.427409,1.646279,-0.052967,0.272948,-0.326749,-0.246309,9.102247
491088476519,2.135167,-2.937603,0.269596,0.011782,-0.041040,-0.015594,9.104992
491188494539,1.705843,-4.191350,0.113523,-0.262956,0.330085,0.206930,9.035411
491288512559,-0.207387,-0.784354,-0.225550,-0.255902,0.360269,0.261713,9.066679
491388530578,0.051821,2.034949,-0.060009,-0.040935,0.121384,0.083605,9.044648
491488548598,-0.260378,1.306440,0.153942,0.255793,-0.294161,-0.181239,9.058821
491588566618,0.147109,-3.322502,0.068946,0.086502,-0.081495,-0.072046,8.952863
491688584637,0.504287,-1.795655,0.476319,-0.180229,0.226606,0.220728,8.963742
491788602657,-0.191456,0.825519,0.347837,-0.287991,0.375923,0.275159,8.943071
491888620677,-0.597823,2.380916,0.079617,0.138083,-0.119675,-0.092929,8.934584
491988638696,-0.807229,0.664754,-0.080247,0.212823,-0.213539,-0.187239,8.940291
492088656716,1.527694,-2.921447,0.223481,0.049997,-0.049469,-0.077874,8.892350
492188674736,1.014222,-2.025967,0.207190,-0.166781,0.183477,0.116237,8.933897
492288692755,-2.001676,2.264592,-0.025988,-0.231772,0.186815,0.123572,8.886784
492388710775,-0.660441,2.105091,-0.410246,0.072908,-0.069431,-0.055574,8.794739
492488728795,1.456451,-2.524459,-0.068677,0.241997,-0.278918,-0.234389,8.815930
492588746814,1.544499,-2.097751,0.354044,0.213292,-0.217444,-0.173029,8.734704
492688764834,0.109282,0.045952,0.272846,-0.212816,0.317471,0.218744,8.732765
492788782854,-0.386775,1.845994,0.215664,-0.282873,0.352314,0.204237,8.786419
492888800873,0.837015,-2.676487,0.056555,-0.148128,0.161876,0.135784,8.729168
492988818893,1.048217,-2.106389,0.224627,-0.018046,0.014415,-0.008009,8.622423
493088836912,-0.230695,1.304093,-0.037314,0.101708,-0.140737,-0.071096,8.640106
493188854932,1.069012,-1.079387,0.177025,0.109763,-0.078854,-0.072329,8.610321
493288872952,0.671865,-0.757850,0.175709,0.027505,-0.052182,-0.063829,8.575746
493388890971,-0.386435,0.740670,-0.158559,0.041376,-0.037603,-0.014030,8.559598
493488908991,-0.291806,-1.240064,-0.198741,-0.177363,0.146765,0.163180,8.449636
493588927011,-0.150628,-2.220076,-0.419595,-0.065769,0.211762,0.043543,8.410174
493688945030,-0.005502,0.040858,-0.209584,-0.106176,0.105660,0.074668,8.378531
493788963050,0.221588,0.972492,-0.629259,-0.087438,0.008707,-0.004332,8.396252
493888981070,-1.566351,4.014335,0.079032,-0.305514,0.268233,0.085931,8.249598
493988999089,-1.078723,0.071841,0.505852,-0.302792,0.488932,0.209721,8.235561
494089017109,1.469469,-3.717927,1.115837,-0.162261,0.282080,0.115329,8.285812
494189035129,-1.547307,1.702703,1.491037,0.001044,0.355366,0.206314,8.229620
494289053148,-2.327837,0.730627,-0.406845,0.231439,-0.183690,-0.147730,8.200671
494389071168,3.628948,3.188775,0.109610,0.135723,-0.313656,-0.210730,8.109727
494489089188,2.557549,-0.977294,0.201128,0.006492,-0.212349,-0.053903,8.116707
494589107207,1.812014,-1.340435,0.012346,-0.050907,-0.121450,0.045883,8.179531
494689125227,-0.363027,-1.868916,0.094387,0.132801,-0.029630,-0.037116,8.134460
494789143247,0.525530,-1.125067,0.339988,0.059431,-0.049835,-0.084098,7.934664
494889161266,0.342205,-0.604791,0.450506,-0.009432,0.062162,0.068086,8.166954
494989179286,1.790991,-3.450869,0.457999,-0.102840,0.140023,0.101253,8.272124
495089197306,1.116040,-3.285513,0.402812,-0.048191,0.110398,0.155692,8.198108
495189215325,0.495273,-0.467822,0.146199,0.161385,-0.134658,-0.025052,8.150635
495289233345,1.880096,-1.057370,0.090550,0.113876,-0.043945,-0.015512,7.939883
495389251365,1.329086,-1.591353,-0.251952,-0.000313,-0.086456,0.059280,7.956899
495489269384,1.185533,-1.347530,-0.106887,-0.009392,-0.059753,0.071493,8.213635
495589287404,0.296805,-0.695459,0.181497,0.031766,-0.116118,0.011476,8.085156
495689305424,1.045147,-1.291988,0.124223,0.083500,-0.100713,-0.022148,7.949022
495789323443,1.323942,-1.828167,0.227535,0.124014,-0.097474,-0.080507,8.064519
495889341463,-0.209589,-0.788207,-0.390683,0.082371,0.024120,-0.004054,8.095138
495989359483,-0.471819,-1.142573,-0.402305,-0.093694,0.043167,0.077241,8.004110
496089377502,-0.284908,-2.282497,-0.375858,-0.072804,0.102495,0.087333,7.898216
496189395522,-0.074310,-1.705199,0.199163,-0.019414,-0.001085,0.044835,8.091809
496289413542,-0.057653,-0.536130,-0.116029,0.061280,-0.040917,-0.015693,7.994409
496389431561,-0.156157,-0.180971,-0.078379,0.061077,-0.012714,0.011001,7.885103
496489449581,-0.002091,-1.646491,0.127050,-0.043938,0.046600,0.048316,7.825686
496589467601,-0.315606,-1.610437,0.138657,-0.029086,0.083697,0.093753,8.030249
496689485620,-0.096520,-1.128832,0.085559,0.006519,0.043927,0.022133,7.975457
496789503640,-0.418573,-0.456186,0.122880,0.074904,-0.085032,-0.026076,7.995448
496889521659,0.177597,-1.249669,0.282843,0.084217,-0.036750,-0.022029,7.913843
496989539679,0.573738,-1.264880,0.021033,-0.034941,-0.009227,0.052938,7.930005
497089557699,0.045863,-0.968701,0.276031,-0.033888,0.065340,0.065934,7.976839
497189575718,0.458894,-1.193409,0.130287,0.054387,-0.078020,-0.072695,7.984681
497289593738,0.363277,-0.861201,-0.133261,0.113375,-0.082641,-0.069745,7.902624
497389611758,1.471604,-1.623081,-0.370551,0.067285,-0.058136,-0.034220,7.944084
497489629777,0.842202,-1.571471,0.028732,0.005314,-0.076411,0.021129,7.902446
497589647797,0.372805,-1.514065,0.033181,0.028676,-0.045342,0.036348,8.040381
497689665817,-0.232784,-1.157463,-0.165977,0.102863,-0.107089,-0.022099,7.848970
497789683836,0.361960,-0.739541,-0.459768,0.162503,-0.126461,-0.075083,7.857386
497889701856,1.595091,-1.230585,-0.305334,0.070684,-0.133903,-0.057208,7.842174
497989719876,2.011252,-1.413562,0.211290,-0.107799,0.115270,0.120179,7.818567
498089737895,1.129243,-0.881264,0.087565,-0.065581,0.075441,0.066061,7.881420
498189755915,0.579581,-0.425981,0.053724,0.072596,-0.060760,-0.016926,7.791155
498289773935,-0.011632,-0.170253,-0.131052,0.180329,-0.183660,-0.136533,7.829376
498389791954,0.705745,-1.907272,-0.268374,-0.026381,0.031701,0.039829,7.744210
498489809974,0.858861,-2.407703,-0.122665,-0.075803,0.110969,0.131141,7.848896
498589827994,-0.023085,-1.521679,0.113612,-0.047412,0.039328,0.047441,7.865687
498689846013,-0.384630,-0.836998,0.043479,0.016391,-0.009999,0.022317,7.575859
498789864033,-0.258673,-0.827040,-0.285017,0.082555,-0.103554,-0.039738,7.759478
498889882053,1.012860,-1.368103,-0.649410,-0.014391,-0.014797,0.063229,7.712982
498989900072,0.170349,-1.094052,0.120062,-0.082264,0.058821,0.070870,7.760688
499089918092,-0.418455,-0.918030,0.153912,-0.089874,0.049524,0.073273,7.716740
499189936112,-0.269597,-0.509212,0.155478,0.029336,-0.058255,-0.001520,7.762325
499289954131,-0.366801,-0.726578,-0.138449,0.025128,-0.060352,-0.019226,7.686097
499389972151,0.057955,-0.843656,-0.091360,-0.035041,0.077076,0.025786,7.701187
499489990171,-0.034573,-1.884186,-0.108094,-0.096224,0.085093,0.052981,7.740885
499590008190,-0.975331,-1.317180,0.055875,0.004102,-0.093072,-0.041609,7.671243
499690026210,-0.511540,-0.439325,-0.312441,0.107114,-0.051281,-0.077147,7.489255
499790044230,-1.182739,0.923064,-0.461488,-0.043676,0.057695,0.003432,7.657342
499890062249,-0.525095,-1.009912,-0.023530,-0.187574,0.194825,0.162962,7.789633
499990080269,-0.014349,-1.461986,0.237471,-0.013343,-0.035963,-0.001155,7.481409
500090098289,-0.167612,-0.776988,-0.781378,0.007735,-0.052470,-0.101568,7.692880
500190116308,-1.133791,0.160115,-0.586084,0.032136,-0.108045,-0.192173,7.832645
500290134328,-2.784964,0.416689,0.142379,-0.230528,0.015017,-0.013098,7.622418
500390152348,0.589042,-2.367554,1.048356,-0.086763,0.158784,0.112093,7.554732
500490170367,-0.027072,-2.101434,0.424970,0.043445,0.130799,0.124719,7.727586
500590188387,0.906216,-0.926012,-0.226684,0.295369,0.017956,-0.044994,7.616171
500690206406,-1.377834,1.059849,-0.975159,0.177155,-0.006037,-0.091811,7.675864
500790224426,-1.139642,-1.533299,0.113129,-0.368773,0.088229,0.283957,7.664090
500890242446,0.008411,-2.625783,0.321745,-0.254727,0.074319,0.129723,7.683753
500990260465,-2.024643,-1.625735,-0.124019,-0.081272,0.071435,0.100445,7.561502
501090278485,-0.206910,-0.056275,-0.191084,0.014108,0.081409,-0.034227,7.542539
501190296505,0.246085,-0.062808,0.165350,0.056560,0.034215,-0.079826,7.658577
501290314524,-0.965264,-0.568528,-0.610889,0.056770,-0.163298,-0.040789,7.933023
501390332544,-0.909240,-2.055994,0.228142,0.126916,-0.240592,-0.214671,8.042410
501490350564,-0.197426,-1.828984,0.219633,0.086642,-0.047750,-0.034171,7.880198
501590368583,-0.993312,-0.799502,-1.184659,0.123849,-0.068155,-0.135308,7.613431
501690386603,-0.999360,0.102023,-0.099356,-0.067578,-0.061581,-0.017784,7.792072
501790404623,0.261594,-0.343579,-0.222448,-0.115756,0.158981,0.032249,7.939702
501890422642,0.706437,-3.075460,-0.886183,-0.144499,0.225086,0.169882,7.811142
501990440662,0.747619,-1.809956,-0.539572,0.114362,-0.072956,-0.009712,7.930767
502090458682,0.201214,0.033125,0.157417,0.063135,-0.097789,-0.104260,8.138481
502190476701,-0.660053,-0.524420,-0.178101,0.018378,-0.009282,0.075641,8.163413
502290494721,-0.192805,-1.086999,0.082110,-0.085798,0.091363,0.081273,7.966811
502390512741,1.089864,-2.417059,0.183696,0.023911,-0.020233,-0.025334,8.368755
502490530760,0.758101,-1.579068,-0.243876,0.201085,-0.225990,-0.151876,8.069039
502590548780,-1.371537,0.656546,-0.159888,0.258533,-0.269116,-0.211653,8.137187
502690566800,-0.868352,-0.304066,0.078150,0.062346,-0.135318,-0.041397,8.194094
502790584819,1.756427,-2.539178,-0.364476,-0.065538,0.165073,0.135364,8.161900
502890602839,-0.139623,-1.112878,-0.018676,-0.019823,0.099537,0.033943,8.069214
502990620859,0.073853,-0.780319,0.105075,-0.042129,0.058917,0.063701,8.177807
503090638878,1.405740,-1.453803,-0.166910,-0.066976,0.041721,0.101329,8.150975
503190656898,0.876837,-1.447534,-0.481813,-0.040939,-0.047661,-0.001827,8.218714
503290674918,0.196358,-0.843155,-0.179805,-0.000405,-0.103853,0.003616,8.008491
503390692937,-0.742399,-2.111105,0.034614,0.047001,-0.098639,-0.024498,8.004250
503490710957,-1.511041,-2.261412,0.263650,0.008512,0.004633,0.000086,8.396168
503590728977,0.336540,-0.924642,-0.661719,0.097700,-0.099409,-0.095072,8.098398
503690746996,0.765897,-3.579351,0.058681,0.210143,-0.232825,-0.090921,8.187406
503790765016,1.310709,-2.303353,-0.043763,0.147249,-0.160113,-0.052801,8.268074
503890783036,-0.899811,-0.199911,0.194187,-0.060829,-0.082666,0.023676,8.268696
503990801055,-0.555334,-2.142369,1.029692,-0.082263,0.134053,0.050651,8.155311
504090819075,-0.615530,-4.023768,0.768585,0.027224,0.044191,0.075134,8.209480
504190837095,1.355844,-0.875623,-0.464770,0.149681,-0.042956,-0.078416,8.335966
504290855114,0.944285,-0.616948,-0.045436,0.141874,-0.185346,-0.057808,8.330642
504390873134,0.437097,-2.053561,0.418242,0.088915,-0.142426,-0.042576,8.315258
504490891153,0.244631,-2.251033,0.603695,-0.005933,-0.106151,0.026210,8.483047
504590909173,0.249360,-0.648495,-0.078074,0.072190,0.057962,0.045709,8.487374
504690927193,1.211762,-1.544197,-0.291575,-0.044684,0.109808,0.104043,8.536121
504790945212,1.151729,-2.193048,0.798903,0.075024,-0.032804,-0.027579,8.677529
504890963232,1.818058,-1.653700,0.648246,0.204497,-0.147173,-0.033995,8.686563
504990981252,-1.924218,0.456095,-0.162453,0.116782,-0.183251,-0.071264,8.777092
505090999271,-1.849548,1.125443,-0.117311,-0.007239,0.028474,0.037685,8.808861
505191017291,-1.240905,0.838186,-0.730523,-0.125178,0.059443,0.102822,8.734505
505291035311,1.841208,-0.684694,-0.671031,0.034717,-0.061692,-0.051012,8.748945
505391053330,3.082646,-2.877872,0.113648,0.248830,-0.236491,-0.282579,8.875804
505491071350,1.864065,-1.939408,-0.194545,0.038852,-0.100967,0.013090,8.927267
505591089370,0.244912,-2.452888,-0.409203,-0.086386,0.272603,0.220604,8.877217
505691107389,-1.710941,1.706616,0.743070,0.000497,-0.111453,0.051806,8.793744
505791125409,0.422949,-0.666437,-0.540398,0.301942,-0.263026,-0.235974,8.900777
505891143429,2.008084,-2.536530,-1.250101,0.174249,-0.258198,-0.127103,8.870170
505991161448,-0.907994,0.662556,0.123918,0.028549,0.056077,0.006370,8.781280
506091179468,1.015777,-1.776873,0.509039,-0.226551,0.103563,0.186819,8.901467
506191197488,-0.496381,-1.260039,-0.580262,0.121228,-0.064595,-0.115514,8.719841
506291215507,1.602968,-2.137014,-0.414599,0.175446,-0.197826,-0.022216,8.923576
506391233527,-0.879312,0.368831,-0.029531,0.200580,-0.183030,-0.161721,8.761519
506491251547,-1.165067,1.360982,-0.378404,-0.104433,0.043286,0.099643,8.775827
506591269566,0.854367,-1.176044,-0.515243,-0.157075,0.180785,0.149872,8.812861
506691287586,0.881985,-2.010642,0.522741,-0.105641,0.051937,0.099859,8.784160
506791305606,1.020088,-0.837244,0.160307,0.077992,-0.045389,-0.041525,8.661399
506891323625,0.198849,-0.388627,-0.264832,0.059002,-0.013686,0.010007,8.631735
506991341645,0.577533,-0.703271,-0.277971,0.010850,-0.038235,-0.026110,8.739610
507091359665,0.372047,-0.719292,0.061321,-0.009139,0.011073,0.031083,8.689601
507191377684,0.408902,-1.269883,-0.135880,-0.057310,-0.017736,0.001661,8.649368
507291395704,-0.051823,-0.405447,-0.143035,0.054290,-0.088935,-0.058799,8.511556
507391413724,-0.567224,-0.648054,0.139331,0.026858,-0.009446,0.014820,8.557546
507491431743,-0.080831,-0.605733,-0.339260,-0.053956,-0.037437,0.034128,8.424130
507591449763,0.765973,-0.709956,-0.394950,-0.020003,0.058398,0.042950,8.492400
507691467783,1.578055,-0.605900,-0.238059,-0.041086,0.045743,0.082850,8.382108
507791485802,-0.405675,-0.339064,-0.004881,-0.002010,0.005408,0.023619,8.267681
507891503822,0.317672,-0.549467,-0.127692,0.058979,-0.073777,-0.026517,8.286269
507991521842,0.309793,-0.564382,0.270643,0.072863,-0.032726,-0.039052,8.308210
508091539861,0.681369,0.692936,-0.098359,0.031988,-0.072085,-0.069352,8.087507
508191557881,-0.038486,-0.505044,-0.196718,-0.079907,0.105315,0.006253,8.034899
508291575900,-0.902179,1.227160,0.397377,-0.146201,0.193795,0.089455,7.953342
508391593920,0.507738,-0.066992,-0.030216,-0.052790,0.068953,-0.024532,7.856298
508491611940,0.433630,-1.266829,0.110601,-0.004865,0.003756,-0.043840,7.928725
508591629959,0.576915,-0.102517,-0.177962,-0.006017,0.008294,-0.049750,7.891060
508691647979,0.757972,-0.666762,-0.075438,0.011625,0.040516,0.015641,7.810826
508791665999,1.357542,-0.754072,0.476918,0.009250,0.089729,0.004739,7.885624
508891684018,-0.397770,0.464025,0.388350,-0.102604,0.081892,0.132328,7.831678
508991702038,-1.058537,0.989973,0.152576,-0.074528,0.069483,0.027245,7.752749
509091720058,-0.771031,0.474703,0.389514,0.091136,-0.099163,-0.085697,7.802927
509191738077,-0.903398,1.166744,-0.209681,0.114691,-0.068186,-0.130571,7.911771
509291756097,0.980786,-1.353389,-0.556243,-0.109164,0.142465,0.069138,7.735560
509391774117,1.276798,-2.065165,-0.340937,-0.127740,0.117069,0.172998,7.785935
509491792136,1.174701,-0.929564,0.014794,-0.001398,-0.071770,-0.043194,7.658846
509591810156,-0.582303,0.873753,0.063097,0.138898,-0.189467,-0.123473,7.609455
509691828176,-1.092790,0.146554,0.047718,0.005112,0.062556,0.076370,7.626262
509791846195,0.184240,-0.382005,-0.220392,-0.034332,0.044797,0.058080,7.489266
509891864215,4.167380,-3.543756,-1.025688,0.033223,-0.170700,0.145640,7.417233
509991882235,2.857754,-4.608417,-0.103449,0.216944,-0.610456,-0.011855,7.444103
510091900254,-1.441106,0.324528,1.134216,0.493864,-0.362895,-0.495286,7.382614
510191918274,-1.466816,-0.439944,0.886711,0.071119,-0.210848,-0.107068,7.494651
510291936294,-5.073949,8.779253,4.161602,-0.332188,0.827330,0.203229,7.333896
510391954313,4.558896,-3.107815,0.748945,-0.403644,0.500185,0.392032,7.219783
510491972333,5.750764,-3.450983,0.107419,-0.004601,0.049769,0.094113,7.248666
510591990353,0.870853,-0.331571,0.762017,0.423694,-0.467720,-0.406569,7.232780
510692008372,-2.338591,5.834715,0.763778,0.504163,-1.022565,-0.591550,7.267914
510792026392,3.840631,-3.187205,-0.950890,-0.257469,0.260809,0.153243,7.233278
510892044412,5.556820,-7.854005,-0.613824,-0.532035,0.794350,0.630230,7.047701
510992062431,2.503045,-2.608422,-0.407888,-0.299944,0.470752,0.371247,7.064166
511092080451,-0.874694,2.917670,0.346940,0.206216,-0.250181,-0.147597,7.252128
511192098471,-1.161803,3.217363,-0.012118,0.254226,-0.322656,-0.258290,7.165724
511292116490,1.867787,-1.806882,0.331573,-0.089938,0.107246,0.083634,7.020561
511392134510,2.905137,-2.160820,-0.183479,-0.275312,0.330981,0.248246,6.768571
511492152530,1.276220,-0.932135,-0.062362,-0.143765,0.206100,0.124733,6.420914
511592170549,-1.376528,1.562103,0.346069,0.177704,-0.208976,-0.176081,6.750728
511692188569,-0.642923,1.339328,-0.019593,0.077418,-0.126539,-0.099499,6.655632
511792206589,0.846256,-0.850356,0.003659,-0.093096,0.085491,0.086252,6.669845
511892224608,1.853251,-2.110912,-0.220853,-0.170405,0.252653,0.137722,6.593554
511992242628,-0.808995,0.568627,-0.020213,0.020464,-0.065521,-0.063647,6.499314
512092260647,-1.171329,1.513561,0.176328,0.175762,-0.241924,-0.143590,6.456834
512192278667,-0.100262,-0.644339,0.287528,0.173340,-0.230661,-0.157316,6.480804
512292296687,1.486681,-2.688862,-0.354971,0.051848,-0.030246,-0.058134,6.186681
512392314706,1.391108,-1.192505,-0.305577,-0.143513,0.170396,0.102258,6.200665
512492332726,-0.509091,0.618734,0.220935,-0.023367,0.044761,0.023974,6.190039
512592350746,-0.491145,0.087306,-0.212616,0.066244,-0.110273,-0.085463,6.166827
512692368765,0.431198,-0.602802,-0.013859,0.116541,-0.138273,-0.111045,6.282257
512792386785,1.106548,-1.519026,0.182624,-0.134395,0.137042,0.078367,6.038907
512892404805,-0.386375,0.653054,0.042074,-0.184700,0.231930,0.100462,6.051167
512992422824,-1.046683,1.062809,0.015912,-0.116568,0.157439,0.063236,5.980978
513092440844,-0.140877,-0.649549,0.141354,-0.016576,0.023309,-0.008697,6.033289
513192458864,1.143055,-0.753536,-0.188792,0.016020,0.001726,-0.002693,5.987974
513292476883,0.704917,-0.433388,-0.195465,-0.128798,0.077264,0.045894,5.831302
513392494903,-1.094702,0.671628,-0.108052,-0.159284,0.156138,0.112673,5.902134
513492512923,-0.102981,0.455350,-0.216321,-0.174470,0.152285,0.070277,5.765494
513592530942,0.211724,-0.301292,0.067500,-0.026768,-0.000379,-0.089794,5.830741
513692548962,1.200909,-1.074301,-0.205867,0.009847,-0.065340,-0.095591,5.662901
513792566982,0.455550,0.377444,-0.280566,-0.012014,-0.003885,-0.053885,5.693372
513892585001,-0.208724,-0.145886,-0.391634,-0.097421,0.034330,0.026248,5.579413
513992603021,0.431933,-0.326862,-0.080405,-0.085104,0.063122,0.062676,5.406916
514092621041,0.624623,-1.161934,0.179457,0.013666,-0.013652,0.001009,5.544141
514192639060,0.935978,-1.187041,0.144747,0.052065,-0.079564,-0.076040,5.353077
514292657080,0.110006,-0.620731,-0.524042,0.026478,-0.055594,-0.070734,5.411070
514392675100,-0.070269,-0.143235,-0.472224,-0.023488,0.064989,0.044989,5.306764
514492693119,-0.236792,-1.007729,0.528427,0.003832,0.067892,0.057760,5.211799
514592711139,0.758767,-1.372112,0.300761,-0.016889,0.031635,0.060185,5.232813
514692729159,0.351967,-1.132188,0.217305,0.039921,0.008761,0.004789,5.106982
514792747178,-0.141717,-0.378658,-0.165490,0.012777,-0.016742,0.009564,4.970963
514892765198,-0.393059,-0.231440,-0.277951,0.012470,0.013413,0.005830,4.986879
514992783218,0.363539,-0.429725,-0.131725,-0.062615,0.028142,0.001714,4.948167
515092801237,0.986574,-1.050495,0.052175,-0.037014,0.032426,0.028329,5.001712
515192819257,0.113564,0.174134,0.160697,0.007189,-0.003474,0.017094,4.816605
515292837277,-0.256131,0.742351,0.059977,0.000362,-0.010140,0.028539,4.808391
515392855296,0.143666,0.509531,-0.242221,-0.045330,0.042531,0.038116,4.769941
515492873316,0.503878,0.392885,-0.227768,-0.067032,0.107366,0.032306,4.754819
515592891336,-0.348970,0.121194,0.028653,-0.102297,0.105083,-0.013718,4.803173
515692909355,-0.333111,-0.007057,0.128106,-0.075566,0.069112,-0.028538,4.591446
515792927375,-0.680676,-0.329277,0.237970,-0.082019,0.066941,-0.012303,4.553575
515892945394,0.173921,-0.320639,-0.046458,-0.117054,0.089568,0.023729,4.518639
515992963414,0.463708,0.358915,-0.145370,-0.137570,0.128241,0.053899,4.560527
516092981434,-0.878470,0.282470,0.049657,-0.112886,0.127864,0.021966,4.337118
516192999453,0.278158,0.754496,-0.122741,-0.084495,0.114435,0.004398,4.396208
516293017473,0.004583,0.877406,-0.106948,-0.098631,0.122142,-0.031263,4.404787
516393035493,0.107360,-0.047473,0.078489,-0.143005,0.203388,-0.000408,4.273717
516493053512,-0.088656,-1.348191,0.223643,-0.152278,0.181277,0.051393,4.201595
516593071532,0.108768,-1.140431,0.141141,-0.126686,0.114819,0.014355,4.189447
516693089552,-0.225487,-0.174397,0.079915,-0.049156,0.135503,-0.012273,4.087525
516793107571,-0.301654,0.390453,0.020315,-0.109532,0.133900,0.008919,4.104311
516893125591,0.132356,0.412407,0.024917,-0.111451,0.153930,0.038067,4.102231
516993143611,0.593928,0.054990,-0.136346,-0.111030,0.135254,0.025228,3.966886
517093161630,0.164052,-0.823238,-0.090168,-0.089692,0.071554,-0.031836,3.971954
517193179650,0.650491,0.556342,-0.336766,-0.121196,0.079233,-0.002435,3.898512
517293197670,-0.339124,-0.087721,0.202078,-0.127965,0.080150,0.017192,3.819274
517393215689,0.124871,-0.208344,0.148491,-0.142196,0.130967,0.025622,3.819585
517493233709,0.616688,-0.541781,-0.224343,-0.148952,0.132532,0.048951,3.849783
517593251729,0.277079,-0.104853,-0.176027,-0.087857,0.063018,-0.013719,3.739265
517693269748,-0.434657,-0.502046,-0.052473,-0.088790,0.089842,-0.017281,3.731111
517793287768,-0.189968,-0.647587,-0.376770,-0.098008,0.053142,-0.006819,3.693796
517893305788,0.306633,-0.698674,-0.545208,-0.097865,0.090547,0.028677,3.453181
517993323807,0.549932,-0.246986,-0.380257,-0.118754,0.113899,0.066527,3.462034
518093341827,-2.260045,-0.941068,0.178118,-0.057455,0.120058,-0.019415,3.506930
518193359847,-0.888998,-0.867648,0.077974,-0.074796,0.040387,-0.018551,3.293457
518293377866,-1.542657,-1.364827,0.187482,-0.113937,0.070076,-0.052732,3.394778
518393395886,-0.633446,-2.084631,0.317492,-0.180582,0.117699,0.050728,3.305768
518493413906,-0.748764,-2.221836,0.395695,-0.056087,0.086413,-0.077225,3.261523
518593431925,-1.249077,-1.530797,0.338686,-0.063135,0.037981,-0.018607,3.251622
518693449945,-0.681938,-0.634467,0.104424,-0.108205,0.122954,0.035852,3.164929
518793467965,-1.143633,-1.208468,-0.033963,-0.193307,0.203125,0.083360,3.125396
518893485984,-1.086970,-1.243230,0.082978,-0.154380,0.180309,0.046064,3.047228
518993504004,-0.875276,-2.098698,0.090510,-0.033079,0.103891,-0.088168,3.222459
519093522024,-2.646412,-1.714707,0.937099,-0.026154,0.032140,-0.077588,3.289295
519193540043,-1.775617,-1.796812,0.758396,-0.156554,0.231755,0.086100,3.576534
519293558063,-2.503300,-0.606681,0.985189,-0.193502,0.365078,0.252229,3.674596
519393576082,-0.928533,-1.692149,0.183499,-0.214282,0.246580,0.161347,4.015834
519493594102,-0.660042,-2.554951,-0.344922,-0.005122,0.107171,0.019396,4.193319
519593612122,-1.257031,-0.385012,-0.172951,-0.036686,-0.004246,-0.039506,4.392153
519693630141,-1.682586,-0.259859,0.261829,-0.157860,0.073808,0.047958,4.699935
519793648161,-1.327022,-1.425647,0.038531,-0.172922,0.082983,0.067973,4.865155
519893666181,-0.964533,-3.113744,-0.588219,-0.083205,0.187529,0.033303,5.129720
519993684200,-1.074266,-2.068537,-0.695050,0.080043,-0.106994,-0.007722,5.416807
520093702220,-0.711898,-1.271558,-0.555436,0.110520,-0.012044,-0.079649,5.632816
520193720240,-1.718497,0.450486,0.163438,-0.068072,0.085053,0.144823,5.904623
520293738259,0.012401,-1.695550,0.349243,-0.174552,0.211194,0.107705,6.077654
520393756279,0.619729,-3.151783,0.253860,0.071373,-0.041855,-0.092489,6.139622
520493774299,0.358213,-2.883938,-0.235201,0.183855,-0.254263,-0.096325,6.331386
520593792318,-0.757303,0.066750,-0.405898,0.139884,-0.141447,-0.167995,6.505420
520693810338,-0.462151,0.408688,-0.420583,-0.053856,0.005252,0.141693,6.682885
520793828358,0.446726,-2.417815,-0.249758,-0.005138,0.014824,0.059372,6.885455
520893846377,1.257823,-3.105115,0.286484,0.113943,-0.154969,-0.097962,7.074539
520993864397,1.281368,-3.460020,0.255427,0.238640,-0.273104,-0.129620,7.059777
521093882417,0.210999,-3.251244,-0.148934,0.323901,-0.292637,-0.150457,7.223132
521193900436,1.175792,-3.412360,-0.356190,0.149676,-0.127975,0.081268,7.476204
521293918456,0.909062,-3.375248,-0.766746,0.143972,-0.050664,0.140261,7.487249
521393936476,2.867990,-6.904548,-0.557510,0.276954,-0.450941,-0.043718,7.545133
521493954495,-0.339937,-2.239145,0.017733,0.457308,-0.670635,-0.216157,7.747237
521593972515,-1.633654,1.615613,0.133825,0.088460,-0.126672,0.059635,7.616170
521693990535,-0.271172,-1.158064,-0.109864,-0.232138,0.291228,0.320595,7.940611
521794008554,5.932429,-9.003722,-0.077753,-0.300462,0.454697,0.437569,7.829549
521894026574,3.929851,-7.025588,-0.470952,-0.053560,0.005308,0.160546,7.798388
521994044594,-2.772698,3.389492,-0.188800,0.754994,-1.028194,-0.526676,8.122443
522094062613,3.130165,-5.011050,0.362897,0.814371,-1.025021,-0.619532,7.997259
522194080633,8.093983,-12.130161,-0.437627,-0.517195,0.616671,0.550751,8.077432
522294098653,2.094354,-4.391963,0.872837,-0.353207,0.486602,0.597350,8.117820
522394116672,-2.662496,5.370511,0.344162,0.350608,-0.345904,-0.143182,8.063530
522494134692,-1.345615,1.383200,0.419038,1.013998,-1.369032,-0.837581,8.259513
522594152712,8.762476,-11.043661,0.192159,0.603226,-0.590614,-0.286324,8.300190
522694170731,3.865087,-6.563158,0.432180,-0.253592,0.292906,0.330461,8.201234
522794188751,-1.634149,-0.513095,0.286265,-0.496364,0.669213,0.780215,8.318492
522894206771,-3.945977,2.915937,-0.013859,0.666219,-0.772681,-0.433411,8.414561
522994224790,3.919536,-6.305599,-0.091201,0.916860,-1.130705,-0.675993,8.350378
523094242810,8.089952,-9.567342,-0.327987,0.509277,-0.600237,-0.327820,8.558943
523194260829,5.493098,-5.756831,0.098423,-0.097872,0.040697,0.262997,8.499416
523294278849,-2.509694,0.254678,0.054739,0.041096,-0.004267,0.111909,8.604468
523394296869,-1.718990,-0.218244,0.011272,0.378770,-0.313656,-0.106363,8.681834
523494314888,4.619666,-4.962923,-0.902165,0.551901,-0.685793,-0.361512,8.710476
523594332908,4.253828,-4.541598,-0.518404,0.448741,-0.580030,-0.313854,8.769592
523694350928,0.176846,-0.409671,0.429677,-0.359820,0.531108,0.421526,8.798478
523794368947,-4.815707,1.841351,1.279007,-0.254262,0.478754,0.355051,8.876544
523894386967,0.066030,-2.200305,0.525144,0.088261,-0.121372,-0.021832,9.000930
523994404987,4.714656,-5.064189,0.204356,0.533006,-0.647565,-0.410061,8.972129
524094423006,2.167935,-4.068324,0.654227,0.463653,-0.490824,-0.477538,9.017212
524194441026,-2.049247,0.989524,0.410437,-0.042051,0.019418,0.076711,9.096602
524294459046,-2.571593,1.476095,0.448905,-0.071810,0.212542,0.146487,9.149128
524394477065,0.215780,-3.042883,0.362518,-0.165199,0.224758,0.184086,9.149058
524494495085,-0.003070,-2.821379,0.461482,-0.115032,0.131272,0.046447,9.247321
524594513105,-1.819712,-1.374256,0.909437,0.107887,-0.085013,-0.105879,9.272746
524694531124,-2.018989,0.459139,0.139148,0.165791,-0.179711,-0.165353,9.396779
524794549144,0.891996,-0.628068,1.331864,-0.177448,0.318213,0.162801,9.434355
524894567164,1.145100,-1.372076,1.143549,-0.237311,0.243452,0.208784,9.455813
524994585183,0.759095,-0.946086,0.274342,0.013343,0.205329,0.021756,9.527883
525094603203,0.781136,0.458056,0.484254,0.033168,0.105196,-0.023927,9.597378
525194621223,-2.698031,-0.000814,0.438520,0.061692,0.094540,-0.089909,9.725959
525294639242,-1.839343,0.548751,0.394172,-0.121024,0.196927,0.087827,9.781164
525394657262,-0.987624,-0.373813,0.185125,-0.138720,0.284187,0.132175,9.806764
525494675282,-0.061701,-0.242569,-0.190197,-0.069900,0.189206,-0.014477,9.930081
525594693301,-1.710563,0.091630,0.647416,-0.011221,0.010389,-0.046091,10.024010
525694711321,-2.548965,0.417623,0.699312,-0.002552,-0.001308,-0.029882,10.054671
525794729341,-0.673551,0.618657,0.147483,-0.047647,0.153981,-0.035878,10.114791
525894747360,0.059810,-2.212003,0.235798,-0.162945,0.261297,0.113374,10.113318
525994765380,-0.260760,-0.880424,0.019546,-0.151957,0.166852,0.056760,10.104369
526094783400,-2.323370,-0.722296,-0.153894,0.094216,0.016048,-0.032598,10.110734
526194801419,-1.182417,2.991292,0.090832,0.029116,-0.023070,-0.112263,10.159302
526294819439,-0.479410,0.451257,-0.050197,-0.086797,0.131818,0.025878,10.023666
526394837459,-0.186650,-0.639184,-0.112721,-0.216020,0.190052,0.092669,9.974225
526494855478,-0.489077,0.309283,-0.105885,-0.101529,0.102798,0.023801,9.974843
526594873498,-1.477849,1.124415,0.058208,0.018497,0.025545,-0.095620,9.990285
526694891518,-2.215207,1.178235,0.303394,0.002957,0.074937,-0.061031,9.941557
526794909537,-1.281755,-0.992191,0.037903,-0.121143,0.235020,0.072578,9.975007
526894927557,-1.193329,-0.811251,-0.239491,-0.092772,0.189727,-0.025265,9.929481
526994945576,-1.190320,0.356393,0.068910,-0.118593,0.128156,0.002328,9.983121
527094963596,-1.225313,-0.095169,0.356694,-0.132442,0.038751,-0.052552,9.810428
527194981616,-0.344301,0.724979,0.123916,-0.093745,0.033965,-0.050615,9.767868
527294999635,-1.428715,0.883451,-0.094968,-0.106739,0.222902,0.024675,9.825750
527395017655,-1.439434,-0.499943,-0.220674,-0.070078,0.130549,-0.057572,9.845253
527495035675,-1.557227,-0.760329,-0.452863,-0.083900,0.038796,-0.054835,9.744212
527595053694,-2.308696,-0.077883,-0.094599,-0.097887,0.217713,-0.053147,9.798033
527695071714,-1.453610,1.330411,0.444954,-0.118371,0.255273,0.016500,9.815372
527795089734,-0.793683,0.063193,0.952850,-0.041449,0.132268,-0.134510,9.832224
527895107753,-1.480365,0.490329,-0.245865,-0.004957,0.122828,0.057446,9.727380
527995125773,0.509777,0.233376,-1.782007,-0.212935,0.226070,0.104675,9.849572
528095143793,-0.128024,0.611528,-1.013209,-0.256137,0.237515,0.073939,9.853997
528195161812,-2.766779,1.229133,0.267346,-0.231088,0.272782,0.017203,9.857854
528295179832,-1.184898,0.821496,-0.559698,-0.128323,0.209784,0.015486,9.815225
528395197852,0.142520,0.881293,0.113650,-0.140890,0.078843,-0.075089,9.925442
528495215871,-1.838456,-1.203539,0.395201,-0.156623,0.331769,0.020196,9.931111
528595233891,0.165816,-0.734802,0.429828,-0.300807,0.260577,0.168850,9.937725
528695251911,-0.119030,0.633092,0.590775,-0.096506,0.096129,0.108716,9.990444
528795269930,-2.142877,1.018505,0.152227,-0.021090,0.046108,0.171974,10.044395
528895287950,2.039642,-0.697247,-0.885800,-0.018574,0.005625,-0.206596,10.005124
528995305970,1.073586,-1.662854,-0.830034,-0.172873,0.132966,0.142637,10.056268
529095323989,0.012744,1.078752,0.245981,-0.368236,0.246129,0.072404,10.251655
529195342009,-0.940027,-1.044818,0.186717,0.021749,-0.079669,-0.175199,10.228536
529295360029,-1.330510,-0.398031,0.490295,0.065090,-0.067824,-0.134778,10.412102
529395378048,-1.138640,-0.033854,1.157746,0.060861,0.094865,-0.051994,10.475424
529495396068,1.590009,-2.513465,0.299717,-0.070310,0.179814,0.050810,10.687927
529595414088,1.139034,-1.249060,-0.066768,-0.174470,0.217924,0.158147,10.647433
529695432107,0.054246,0.195805,-0.155279,0.030022,-0.125686,-0.026189,10.765350
529795450127,-2.320952,0.448992,-0.045871,-0.024111,0.123068,-0.029463,10.790997
529895468147,-1.256361,-0.700852,0.111567,-0.157544,0.122545,0.145314,10.795922
529995486166,-0.630302,-2.886812,-0.547998,-0.071037,0.217592,0.078150,10.785502
530095504186,-0.923427,-2.224290,-0.448202,-0.090969,0.057446,0.020040,11.011292
530195522206,-2.133358,-0.899083,-0.156157,0.061204,-0.087381,0.003484,11.150103
530295540225,-1.479187,0.639509,-0.561206,0.172700,-0.111962,-0.174032,11.199900
530395558245,-0.053577,-3.298019,0.054912,-0.030430,0.083921,-0.036162,11.355899
530495576265,2.163029,-3.609381,0.110512,-0.262319,0.268712,0.214950,11.290311
530595594284,-0.380848,-0.958854,0.571360,-0.224410,0.292753,0.215634,11.447596
530695612304,-2.280695,1.610413,-0.220072,0.082898,-0.033077,-0.057033,11.612760
530795630323,-1.671366,1.892535,-0.464938,0.335144,-0.213170,-0.315390,11.536855
530895648343,0.726396,-3.263113,0.498952,-0.150221,0.133555,0.170842,11.691672
530995666363,3.491207,-4.094256,0.681017,-0.421672,0.445429,0.431650,11.856738
531095684382,0.121468,-1.392213,0.583304,-0.296019,0.378422,0.234513,11.639031
531195702402,-3.413694,2.225705,-0.568054,0.329470,-0.349157,-0.257232,12.033763
531295720422,0.514942,-2.971488,0.311399,0.296664,-0.422134,-0.314442,12.095019
531395738441,1.465139,-3.907781,-0.285855,0.094915,-0.104706,-0.038632,12.117156
531495756461,2.269465,-2.170552,-0.036633,-0.209258,0.257356,0.134374,12.298929
531595774481,0.234160,0.401262,-0.264768,0.006092,-0.019385,-0.033688,12.206381
531695792500,-1.014667,0.141735,-0.346872,0.163951,-0.183039,-0.108695,12.328337
531795810520,-1.271931,-0.911769,0.276498,0.058562,-0.086335,-0.077729,12.486387
531895828540,1.130381,-1.704382,-0.242272,-0.066159,0.045205,0.122863,12.550553
531995846559,1.407450,-1.571752,-0.168578,-0.065600,0.149116,0.126224,12.577816
532095864579,-0.086662,0.562799,0.397686,0.088729,-0.000399,-0.051228,12.593269
532195882599,0.102623,-0.310465,0.416852,0.015705,-0.054173,-0.007627,12.639167
532295900618,0.605586,0.246702,0.660776,-0.081852,0.070858,0.057329,12.630455
532395918638,-1.127942,-0.056829,-0.371748,0.080772,-0.147425,-0.083772,12.668367
532495936658,-0.168890,-2.577495,-0.130357,0.135896,-0.175082,-0.146051,12.810174
532595954677,0.636238,-2.921040,0.492703,0.037417,-0.124068,-0.031616,12.523449
532695972697,-0.323456,-1.034829,-0.469918,-0.068618,0.146988,0.081803,12.881406
532795990717,-1.474960,2.454669,0.848451,-0.320755,0.405391,0.275279,12.733760
532896008736,-0.068610,-3.074348,0.152905,-0.189623,0.263233,0.184458,12.868024
532996026756,0.131900,-1.735245,0.718302,0.101294,0.041296,-0.138531,12.905631
533096044776,-0.585687,0.095685,0.003530,0.087584,-0.301807,-0.116493,12.744735
533196062795,-0.521548,-0.186506,-0.553080,0.041393,-0.010521,-0.119121,12.905098
533296080815,0.114960,-1.162077,-0.632457,-0.058555,-0.071330,0.031059,12.733394
533396098835,0.439037,0.724997,-0.955560,0.100215,0.015108,-0.047421,12.637487
533496116854,-1.147012,-0.336852,-0.543731,0.011796,0.019538,-0.044192,12.711850
533596134874,-0.583199,-2.615895,0.328074,-0.177914,0.185383,0.159039,12.804459
533696152894,0.163935,-2.761625,0.076341,-0.113066,-0.008426,0.052968,12.800310
533796170913,-1.155102,-0.918994,-0.401892,0.037600,-0.152584,-0.151823,13.167319
533896188933,-0.211828,0.421325,-0.334015,0.097600,-0.137008,-0.095410,12.911814
533996206953,1.512340,-0.667027,-0.124871,-0.096630,0.131259,0.125624,12.784594
534096224972,2.712868,-1.737821,0.062460,-0.201545,0.265487,0.145458,13.117857
534196242992,0.326823,-2.755307,0.198512,-0.022379,0.103372,0.110619,12.838372
534296261012,-0.023159,1.161892,-0.438285,0.096000,-0.220518,-0.143906,13.096475
534396279031,0.226549,2.413438,-0.491166,0.051856,0.101483,-0.049826,12.959584
534496297051,-1.514907,-1.086670,0.456165,-0.170357,0.185742,0.132471,13.152368
534596315070,1.282255,-2.227760,0.067937,-0.216193,0.140980,0.174237,13.134048
534696333090,0.911913,-1.297349,0.275368,-0.099612,0.102736,0.041757,13.023075
534796351110,-0.028485,1.015706,-0.812105,0.310032,-0.245498,-0.282599,13.042174
534896369129,-0.723704,2.333374,-0.596674,0.152760,0.092696,-0.168972,13.346618
534996387149,-1.535797,-2.066468,0.065988,-0.286509,0.209787,0.338709,13.407052
535096405169,-0.769884,-0.985291,-1.499930,-0.179347,0.124402,0.108196,13.332836
535196423188,-1.500962,0.149532,0.133376,0.039097,-0.161794,-0.087578,13.120815
535296441208,0.396106,-1.425167,-0.176193,0.037917,-0.103966,-0.047250,13.221016
535396459228,-2.500942,-2.623926,0.520402,0.021642,-0.034504,-0.072593,13.390052
535496477247,-0.469263,-1.049487,0.523813,0.050810,0.189897,0.037394,13.452925
535596495267,0.825691,-0.715146,0.214231,-0.005694,-0.046170,-0.085497,13.476175
535696513287,-0.713345,-1.756156,0.205650,-0.073080,0.005621,0.052981,13.695976
535796531306,-2.091350,-0.483478,-0.524726,-0.177642,0.104637,0.081900,13.843859
535896549326,0.467333,-0.308455,-0.729149,-0.061625,0.144383,0.093338,14.253591
535996567346,-1.168687,-1.238104,-0.269826,0.034493,-0.180556,-0.032272,13.981304
536096585365,0.733757,-1.555497,-1.139721,0.101169,-0.059327,-0.085068,13.942940
536196603385,1.774031,-1.847451,-0.286458,0.090538,-0.134441,-0.139243,13.951605
536296621405,1.819131,-6.346661,-1.250951,0.276040,-0.519821,-0.097297,14.159680
536396639424,0.306923,1.577716,-1.965132,0.132487,-0.398620,0.063490,14.401832
536496657444,-1.325126,-6.267570,-1.515274,-0.016435,-0.379811,-0.093830,14.193595
536596675464,-1.345935,-0.011001,-0.519095,0.001067,0.187494,0.046784,14.403631
536696693483,-1.971830,2.162807,0.064224,-0.241337,0.323812,0.228242,14.653651
536796711503,-0.483046,0.442002,-0.190831,0.021902,0.039730,-0.030256,14.407539
536896729523,0.409008,-2.355889,0.335967,0.143424,-0.144712,-0.080058,14.580794
536996747542,0.917497,-2.015859,0.063545,0.136020,-0.192184,-0.110619,14.823170
537096765562,-0.782517,1.413017,0.139308,0.087169,-0.194092,-0.048679,14.798050
537196783582,-0.925436,1.367048,0.338754,-0.159810,0.187367,0.178018,15.064175
537296801601,0.239482,-1.489137,0.247633,-0.035414,0.154572,0.045738,14.932693
537396819621,0.768089,-2.136882,0.050836,0.062982,-0.008059,-0.015191,14.916491
537496837641,-1.961933,0.015018,0.721673,0.103940,-0.090847,-0.066505,15.012949
537596855660,-1.098673,-0.577340,1.318674,0.185563,-0.148734,-0.122063,14.789307
537696873680,1.374424,0.599324,0.568037,0.032286,0.039090,-0.108462,14.894426
537796891700,0.186238,-0.804952,0.288634,0.128668,-0.402023,-0.048570,15.085918
537896909719,1.651094,-2.596394,0.444452,0.173877,-0.040663,-0.146413,15.311068
537996927739,-0.604402,-1.398605,-0.113836,0.045669,-0.163975,0.024337,15.452677
538096945759,1.063571,0.239899,-0.576024,0.001798,0.167405,-0.095376,15.301831
538196963778,-1.013141,0.744069,-0.944209,-0.198256,0.092316,0.232801,15.510265
538296981798,1.265062,-2.208727,0.004702,-0.203846,0.136989,0.144246,15.121205
538396999817,1.746637,-5.040772,-0.567324,0.034865,-0.191360,0.029153,15.530030
538497017837,-3.883247,2.745061,0.278834,0.211307,-0.295003,-0.266875,15.853513
538597035857,2.758482,-2.553674,-0.332160,0.434666,-0.418190,-0.311988,15.747421
538697053876,3.408264,-4.174210,-0.216850,0.298427,-0.411217,-0.277532,15.774083
538797071896,-4.209925,5.192200,-0.219574,0.514626,-0.439250,-0.247378,15.776079
538897089916,3.876177,-7.296645,0.583132,0.383063,-0.327470,-0.362142,15.698439
538997107935,6.770771,-8.912907,0.462461,0.308236,-0.158993,0.116444,15.618425
539097125955,-0.242937,5.550081,0.262385,-0.269922,0.043771,0.140710,15.644170
539197143975,-1.501452,1.139300,0.094427,-0.425217,0.336465,0.214953,15.765351
539297161994,0.819702,-2.611749,1.323004,-0.171974,-0.048949,0.177223,15.758363
539397180014,-0.604122,-4.694884,0.323437,0.232590,-0.223209,-0.307990,15.715134
539497198034,0.736605,0.646299,0.655454,0.241723,-0.270456,-0.138502,15.699309
539597216053,1.343138,1.682858,0.717542,0.009344,0.168696,0.091097,15.718332
539697234073,-0.808637,-2.479556,0.327802,-0.192427,0.203264,0.175264,15.739416
539797252093,1.425973,-3.725018,0.058605,-0.093745,0.174270,0.163295,15.845086
539897270112,0.013449,-2.851449,0.529120,0.121380,-0.092671,-0.160519,15.854810
539997288132,-1.585816,-0.075184,0.479274,0.068183,-0.170017,-0.115341,15.902563
540097306152,-0.012611,-1.594855,0.389521,-0.004022,0.017743,0.068121,16.013088
540197324171,1.014870,-2.992256,-0.397649,-0.132069,0.038072,0.161771,15.958528
540297342191,0.033729,-2.038457,-0.690004,-0.026201,-0.013843,0.022228,16.039685
540397360211,-2.044826,-1.931183,0.212064,0.090478,-0.048820,-0.003540,16.247483
540497378230,-1.213461,-0.824264,0.167514,0.011093,0.033515,0.126476,16.131333
540597396250,0.897851,-1.724961,0.048427,-0.080114,0.064987,-0.008161,16.299311
540697414270,0.866546,-3.147574,-0.075974,0.002925,-0.002827,0.082362,16.372079
540797432289,-1.171549,-2.184941,-0.387437,0.016280,-0.031399,0.008724,16.391481
540897450309,-2.056715,0.678640,-0.856029,0.172717,-0.112904,-0.097017,16.510780
540997468329,-0.689706,-1.677469,-0.469189,0.008902,-0.043238,-0.072037,16.550169
541097486348,-0.629205,-2.562583,0.037486,-0.125801,0.180500,0.178606,16.577378
541197504368,0.363740,-2.644677,0.623789,-0.105097,0.171467,0.057708,16.766293
541297522388,0.431884,0.848149,0.411658,0.106968,-0.239569,-0.090253,16.817705
541397540407,-0.192271,-0.644923,0.138896,-0.048703,0.248170,-0.098086,16.854112
541497558427,-4.221083,6.284947,0.622487,-0.551865,1.019892,0.331281,16.824648
541597576447,3.249244,-11.906932,1.570991,-0.965724,0.969017,0.972767,17.080569
541697594466,8.552708,-21.194888,-0.833058,0.762767,-1.060776,-0.548304,16.931878
541797612486,-3.035480,4.936823,-0.501235,1.061225,-1.538856,-1.007536,17.172900
541897630506,-2.245529,7.137282,0.732533,0.994310,-1.224362,-0.837236,17.267841
541997648525,3.120887,-5.684720,-0.217429,0.211072,-0.310847,-0.348421,17.323707
542097666545,7.366834,-9.605762,0.586516,0.215075,-0.326891,-0.092949,17.467702
542197684564,5.753464,-8.118572,-1.049403,-0.270525,0.484276,0.315610,17.409516
542297702584,3.174275,-3.771616,-0.354979,0.190998,-0.360163,-0.275732,17.471562
542397720604,-3.227201,4.175338,-0.364974,0.657592,-0.683793,-0.578056,17.517030
542497738623,-2.109701,2.590938,-0.753188,-0.133517,-0.112310,0.062418,17.644030
542597756643,3.284207,-5.526231,-2.071182,-0.340345,0.338021,0.351997,17.426177
542697774663,1.963736,-2.421675,-0.703591,-0.322342,0.375234,0.296127,17.417037
542797792682,0.925801,0.072028,-0.484144,-0.057924,0.139303,0.174652,17.611715
542897810702,-0.111072,0.401127,-1.205531,0.191962,-0.244086,-0.149385,17.584594
542997828722,1.683848,-2.623148,-0.108581,0.057768,-0.170689,-0.089304,17.336600
543097846741,1.997885,-3.979967,-0.268550,0.021195,-0.009427,0.064065,17.505061
543197864761,0.620210,0.108864,0.799909,-0.231263,0.355171,0.249207,17.456151
543297882781,-1.113886,1.554680,0.291932,-0.044196,-0.062375,0.165773,17.770128
543397900800,-0.001210,0.267015,-0.180031,0.299223,-0.408444,-0.290447,17.719292
543497918820,5.655131,-3.950463,-0.561170,0.394439,-0.493727,-0.247934,16.933617
543597936840,4.819028,0.006685,0.551022,0.017619,-0.162367,-0.102692,16.788810
543697954859,2.333730,1.002152,0.110514,-0.216785,0.223952,0.137691,16.925153
543797972879,-0.561616,-1.317717,0.370624,-0.051670,0.242592,0.132915,17.067123
543897990899,1.117582,-2.953183,1.175626,-0.011025,0.075880,0.011011,17.009300
543998008918,2.042665,-4.226292,0.511376,0.307614,-0.340492,-0.156813,17.253078
544098026938,-0.946278,0.751380,0.229696,0.252199,-0.355045,-0.314484,17.410814
544198044958,-0.488358,2.283199,-1.630153,-0.079905,0.143198,0.112141,17.629588
544298062977,1.737123,0.247649,-1.307022,0.055564,-0.272414,-0.241782,17.432043
544398080997,2.830870,-3.526521,-0.086824,0.229719,-0.290360,-0.054098,17.034642
544498099017,-0.049245,-0.172052,-0.001370,0.190067,-0.201788,-0.175605,17.118231
544598117036,-1.323749,0.502476,0.082953,-0.211205,0.208349,0.139710,17.107190
544698135056,-0.536256,-0.461111,0.389787,-0.104170,0.286618,0.233670,17.355281
544798153076,0.715948,-1.934268,0.604591,-0.020810,0.029328,-0.010231,17.161785
544898171095,2.671033,-1.141366,0.530047,0.194290,-0.108561,-0.092948,17.087427
544998189115,0.429944,-0.702273,0.158343,-0.016025,0.056918,0.047832,16.992831
545098207135,2.939294,-0.525505,0.336210,-0.156555,0.263960,0.065426,16.943917
545198225154,-0.390426,1.867861,-0.992628,-0.241834,0.230307,0.358568,16.892033
545298243174,0.725759,-1.972101,-0.290308,-0.004429,0.073194,-0.098167,17.009003
545398261194,1.587031,-5.262661,-0.025828,0.235820,-0.318302,-0.319154,16.969623
545498279213,2.140709,-2.832342,0.079084,0.014886,0.010790,0.080078,17.007382
545598297233,-0.760444,1.589686,0.037243,-0.223261,0.263134,0.143907,17.055293
545698315253,1.824500,0.691663,0.453453,-0.223613,0.316312,0.246068,16.952880
545798333272,2.593496,-1.975704,0.152954,0.171266,-0.142383,-0.080820,17.171268
545898351292,4.103377,-1.677919,0.883336,0.281988,-0.252439,-0.265169,17.071731
545998369311,1.006481,-1.529926,0.629617,-0.027174,-0.056373,0.083289,16.921353
546098387331,3.048724,-0.921502,-0.331477,0.026885,0.069288,-0.054839,16.897298
546198405351,-0.589041,-0.197365,1.186143,0.016541,-0.093340,-0.115362,16.865509
546298423370,1.174392,-1.795504,0.700284,0.004118,-0.105495,0.162945,16.814695
546398441390,2.173875,-0.457586,-0.665673,0.159473,-0.076833,-0.155519,16.709705
546498459410,0.673824,0.131065,-0.123212,0.288884,-0.200405,-0.135775,16.715987
546598477429,2.070695,-0.755222,0.072972,0.150060,-0.003549,-0.018511,16.867657
546698495449,1.729533,-0.354525,-0.037930,0.102119,0.014580,-0.083297,16.873830
546798513469,1.691289,-0.556489,0.195015,0.125242,-0.018570,-0.062199,16.763609
546898531488,2.468992,-1.930448,0.141227,0.045609,0.082061,0.034327,16.907826
546998549508,2.063012,-1.543737,0.662914,0.131999,0.011971,-0.035945,16.902061
547098567528,3.337382,-1.459495,-0.361080,0.144887,-0.235522,-0.116359,16.655526
547198585547,-1.536636,2.050542,0.753920,-0.009012,-0.163922,-0.054727,16.836245
547298603567,-1.188464,0.110406,1.004701,-0.058354,0.316842,0.107040,16.803556
547398621587,3.004772,-5.374681,0.755171,0.009874,0.114113,0.176719,16.809904
547498639606,5.036017,-3.657773,0.171159,0.278267,-0.261219,-0.251518,16.770544
547598657626,2.411777,-1.736770,-0.333931,0.346268,-0.466789,-0.192183,16.771096
547698675646,0.759803,0.584436,-0.145697,0.230902,-0.211401,-0.172976,16.709713
547798693665,3.989143,-3.835469,-0.447055,0.049621,-0.115089,0.078948,16.629934
547898711685,2.604722,-1.957926,0.643492,0.301642,-0.271992,-0.129525,16.631905
547998729705,1.595098,-0.802158,0.351974,0.246744,-0.257087,-0.215302,16.508532
548098747724,0.057552,0.681635,0.873584,0.067426,0.048407,-0.010532,16.480337
548198765744,-0.058317,-0.010265,0.265804,-0.128013,0.188799,0.126919,16.519506
548298783764,4.290284,-3.088763,-0.526611,0.158080,0.019801,-0.029751,16.393502
548398801783,1.981271,-4.706990,-0.971677,0.200040,-0.347240,-0.136402,16.385083
548498819803,0.376142,-3.285986,-0.545738,0.307222,-0.344601,-0.094285,16.309787
548598837823,-1.490996,-0.778425,-0.863218,0.275073,-0.176284,-0.165930,16.168594
548698855842,2.730273,-2.232335,-0.821111,-0.181552,0.194150,0.291289,16.120537
548798873862,0.868570,-4.605133,-1.301449,-0.168383,0.301849,0.209040,16.215029
548898891882,-1.054337,-0.067696,-0.330815,-0.122675,0.020192,0.210329,16.067773
548998909901,-1.704161,0.888930,-0.329461,0.234635,-0.228347,-0.152357,15.927637
549098927921,0.393992,0.455486,-0.067236,0.215501,-0.415133,-0.070861,15.996185
549198945941,4.375242,-3.399652,-0.505661,0.088700,-0.172213,-0.001888,15.928782
549298963960,0.160745,0.467316,-0.128309,-0.013325,0.088652,0.083794,15.860705
549398981980,0.999713,-0.657689,0.728562,-0.056352,0.014891,0.152880,15.833330
549499000000,-0.651625,-1.207269,0.213504,0.133268,-0.121957,-0.069421,15.907306
549599018019,-1.905528,-1.908904,-0.447830,-0.001512,0.008073,0.076587,15.706994
549699036039,-0.318276,-0.254294,-0.362423,-0.088274,0.146009,0.037720,15.692070
549799054058,4.839582,-6.120748,-1.342625,-0.037422,0.031561,0.159964,15.728539
549899072078,1.951531,-0.966009,-0.797719,0.365811,-0.572828,-0.202321,15.723110
549999090098,-2.762576,2.070173,0.429351,0.364903,-0.382643,-0.401000,15.663601
550099108117,-0.934911,-0.481898,0.621043,-0.118133,0.105086,0.172545,15.674893
550199126137,3.794613,-5.475589,-0.580807,-0.375083,0.446946,0.352538,15.686840
550299144157,2.479200,-4.135622,-0.732855,-0.149085,-0.033125,0.123942,15.577060
550399162176,-2.059913,1.191447,-2.056333,0.199515,-0.268190,-0.156915,15.575009
550499180196,-1.555317,-0.537048,-0.679884,0.236938,-0.234843,-0.290015,15.587949
550599198216,-0.312155,-3.254865,-1.291269,0.010035,-0.312381,0.072794,15.574002
550699216235,2.165300,-2.631971,1.270602,-0.381653,0.082912,0.405663,15.586842
550799234255,-1.390612,-1.718702,0.182575,-0.025582,0.057567,0.029188,15.557174
550899252275,2.568053,-0.400995,2.194099,0.029645,0.065022,0.210553,15.706926
550999270294,-1.811718,0.255703,0.867373,-0.090280,-0.053441,-0.082298,15.705022
551099288314,-0.084666,1.147728,1.392906,0.061714,0.139081,0.115980,15.672180
551199306334,0.708460,-2.940362,0.079836,0.136339,-0.183134,-0.191580,15.606568
551299324353,2.373440,-2.996946,-0.156561,0.210153,-0.197456,-0.151028,15.803656
551399342373,-2.743638,1.077211,0.019074,0.087542,-0.121433,-0.054200,15.662885
551499360393,-1.468398,-0.032757,-0.411281,-0.161288,0.162283,0.100329,15.704725
551599378412,1.233461,-3.821550,-1.684855,-0.124543,0.262425,0.113393,15.772633
551699396432,0.384520,-3.281556,-0.610016,0.026811,-0.175158,-0.143072,15.833522
551799414452,0.206305,-0.740403,-1.204711,0.156669,-0.087003,-0.029070,15.863713
551899432471,0.913508,-2.127517,1.169788,0.202892,0.009652,-0.096735,16.076840
551999450491,-1.223449,-1.888547,-0.825599,0.189758,-0.273026,-0.104377,15.967555
552099468511,-1.780748,1.417465,-0.530346,0.107243,-0.108667,-0.303980,16.036572
552199486530,-2.084758,-0.791998,-2.047414,-0.244341,0.031613,0.272579,16.041919
552299504550,3.452578,-3.870844,-0.599550,-0.311493,0.330206,0.152553,15.999102
552399522570,0.367005,-1.478870,-1.669863,-0.226305,0.160765,0.185751,16.075742
552499540589,-2.133989,0.479790,-0.313699,0.071043,-0.048658,-0.014286,16.063945
552599558609,0.078919,-0.645900,2.313378,0.181502,-0.398892,-0.200039,16.319976
552699576629,-0.199513,-0.822343,2.096805,0.177053,0.069300,-0.096788,16.137724
552799594648,0.709773,-2.853432,1.976697,-0.231838,0.378699,0.178569,16.123112
552899612668,-2.300840,2.310266,-0.074171,-0.261002,0.395379,0.172566,16.400034
552999630688,-2.113923,2.384427,-0.197772,-0.064929,-0.039043,-0.083458,16.122975
553099648707,1.118816,-1.548496,0.345592,0.161764,-0.297240,-0.275202,16.221593
553199666727,1.296922,-3.921688,-1.057816,-0.076496,0.263343,-0.005984,16.293649
553299684746,2.578561,-4.472310,-1.791927,-0.217535,0.404942,0.342418,16.266199
553399702766,-1.805763,2.323647,0.779453,-0.239540,0.347095,0.196128,16.309870
553499720786,-0.714000,0.170965,-0.592591,-0.010783,0.076765,0.106349,16.367893
553599738805,0.411881,-1.666762,-0.988417,0.247774,-0.375129,-0.167811,16.361129
553699756825,2.881790,-3.579420,-0.169524,-0.048166,0.070572,0.001016,16.604407
553799774845,-0.200986,0.150197,-0.753534,-0.350498,0.451583,0.316989,16.526289
553899792864,-2.760247,4.135857,0.700194,-0.315853,0.418177,0.407649,16.379194
553999810884,-2.132413,0.638829,-2.315573,0.475362,-0.456578,-0.361390,16.505871
554099828904,3.865718,-7.761669,-1.573368,0.471230,-0.822667,-0.619022,16.577932
554199846923,-3.235117,2.725830,-0.791100,0.062412,-0.076682,-0.200343,16.561969
554299864943,1.497421,-2.299785,1.894651,-0.347366,0.538361,0.424542,16.464021
554399882963,1.822923,0.151248,1.363856,0.141782,0.209200,-0.128201,16.373162
554499900982,3.335101,-0.571232,-0.898604,-0.165600,-0.128663,0.020376,16.270102
554599919002,-0.337077,0.916944,0.567137,-0.133123,0.278704,0.163804,16.429870
554699937022,-1.430659,3.142221,1.891079,-0.325588,0.264543,0.168334,16.423060
554799955041,3.602176,-4.410885,-1.017115,0.128908,0.126641,0.119476,16.185107
554899973061,-1.889862,2.027128,0.185561,0.431088,-0.632847,-0.388283,16.183889
554999991081,-4.194252,1.875574,-0.054962,0.341181,-0.340283,-0.380210,16.819943
555100009100,1.065706,-0.471994,-0.331999,0.030473,-0.045385,-0.018571,16.338921
555200027120,5.290878,-5.601240,-1.030687,-0.191052,0.277280,0.124992,16.691885
555300045140,1.667696,-2.722879,-1.744099,-0.311510,0.270072,0.384437,16.471807
555400063159,-4.243030,8.320924,0.417324,0.164240,-0.044556,-0.140879,16.168135
555500081179,0.503550,-3.523215,-0.428736,0.661911,-0.603890,-0.385055,16.293119
555600099199,3.254209,-6.851553,-0.506465,0.487475,-0.671551,-0.506408,16.370940
555700117218,1.574845,-2.787287,1.185630,-0.548622,0.665634,0.541626,16.198816
555800135238,-4.525774,5.193455,0.410429,-0.599156,0.685868,0.494730,16.137400
555900153258,-2.260702,1.815196,-0.428111,-0.275350,0.410745,0.186775,16.473559
556000171277,2.784414,-2.966466,-0.490847,0.081513,-0.187770,-0.132277,16.258435
556100189297,3.998057,-3.056413,0.169480,0.369715,-0.351143,-0.318250,15.993728
556200207317,2.717142,-2.680992,0.194270,-0.226681,0.335111,0.182271,15.908588
556300225336,0.079510,-0.459198,0.372074,0.022560,0.009241,0.086721,15.763562
556400243356,-0.385649,0.609505,0.455522,-0.009453,-0.142671,-0.157537,15.619576
556500261376,-0.499266,1.384880,-0.266579,0.027017,0.107600,0.075358,15.900800
556600279395,1.201250,-1.058466,-0.432940,-0.251897,0.205440,0.223467,15.781377
556700297415,1.530705,-0.660586,0.005816,-0.145904,0.051454,-0.019168,15.578931
556800315435,0.789390,-1.354639,0.503452,0.056672,-0.006609,-0.070483,15.593147
556900333454,-0.725213,-0.030605,0.121931,0.080659,-0.197257,-0.134490,15.622215
557000351474,-1.774056,0.822888,-0.239080,-0.192917,0.101192,0.159446,15.702215
557100369493,-0.545344,-0.961483,-1.050344,-0.183382,0.278553,0.181150,15.464248
557200387513,0.477465,-2.060593,-1.224886,-0.107093,0.212098,0.089965,15.560630
557300405533,0.261736,-1.880260,-0.674157,-0.005471,-0.161256,0.001006,15.436799
557400423552,-2.338261,-0.143088,-0.197994,0.076585,-0.044712,-0.060775,15.400603
557500441572,-0.985405,-0.782753,-0.326813,-0.072042,0.051734,0.110828,15.281327
557600459592,-0.513935,-1.431808,-0.364881,-0.056916,0.103501,-0.006058,15.329297
557700477611,-0.788016,-1.984309,-0.120143,-0.059547,0.122462,0.060335,15.177216
557800495631,-1.227349,0.441393,-0.040232,0.191385,-0.078321,-0.200452,15.233805
557900513651,-0.643688,1.442489,0.211448,0.087986,-0.164440,-0.138605,15.216739
558000531670,1.417513,-0.738280,0.140865,0.082489,-0.104545,-0.084852,15.176631
558100549690,1.410284,-1.305220,-0.663030,0.074845,0.044260,-0.097540,15.118445
558200567710,-0.150397,-0.082605,1.038745,0.167095,-0.089856,-0.063778,15.188708
558300585729,-0.378240,-1.091382,0.852987,0.136138,0.003887,-0.026979,15.156793
558400603749,-2.072979,0.498321,1.494877,-0.057421,-0.191718,0.037261,15.131316
558500621769,0.421844,-0.974775,1.003271,0.150503,-0.063363,-0.119787,15.165242
558600639788,-0.379254,-1.846850,1.193547,-0.154761,0.057284,0.069795,15.203404
558700657808,-1.054673,-2.401707,-0.506099,0.064086,0.095560,-0.075040,15.127772
558800675828,-0.363020,-0.794667,-0.152986,-0.054142,-0.100993,0.026122,15.084257
558900693847,1.112227,0.019567,-0.261861,0.189151,-0.038474,-0.103339,14.973842
559000711867,-0.751379,-0.652910,-0.818030,0.089566,-0.200442,-0.078665,14.809893
559100729887,-1.002804,-0.245787,-1.368296,0.141857,-0.054903,-0.049380,15.065673
559200747906,-2.444041,-0.902068,-0.622511,-0.012969,0.019733,-0.096515,15.006641
559300765926,-0.158312,-3.846635,1.080952,-0.189495,0.043320,0.199193,15.076364
559400783946,3.696406,-7.004209,1.226343,-0.358798,0.083782,0.628371,15.000852
559500801965,-1.388772,2.979919,0.664420,0.190380,-0.137730,-0.442667,14.967093
559600819985,1.281712,-2.290775,-0.662804,0.201341,-0.513848,0.091309,14.848185
559700838005,4.153457,-4.197062,0.829938,0.302852,-0.656723,-0.534061,14.864643
559800856024,3.422836,-1.242899,2.020998,-0.109782,-0.094632,0.109453,14.953711
559900874044,-1.793358,1.703438,1.510442,-0.163080,0.324187,0.179421,14.932225
560000892064,-0.592103,1.264779,1.381733,-0.291872,0.490165,0.298695,14.838876
560100910083,1.735813,-2.808419,0.604427,-0.247685,0.104995,0.285015,14.926741
560200928103,1.476462,-2.642409,-0.415231,0.246919,-0.360027,-0.299367,14.571462
560300946123,2.424774,-2.490099,-0.356123,0.030517,0.032233,-0.054221,14.516434
560400964142,-1.086094,1.250953,0.335955,-0.268516,0.225265,0.173167,14.146853
560500982162,-2.135147,1.585968,0.885510,-0.225842,0.368899,0.183336,14.537160
560601000182,-1.162442,1.497721,-0.183921,0.375436,-0.285098,-0.308826,14.559039
560701018201,3.170243,-6.243335,-1.381240,0.397716,-0.683018,-0.320121,14.574053
560801036221,0.277209,-0.544340,-1.185571,0.157760,-0.596067,-0.169642,14.591140
560901054240,-5.662835,0.558966,-1.331179,-0.000314,0.163998,-0.050998,14.697956
561001072260,-4.747883,3.290791,-0.546388,-0.271630,0.567872,0.300085,14.507052
561101090280,-1.050326,-2.261742,-1.754901,-0.129623,0.099463,-0.038285,14.597260
561201108299,-0.189663,-1.704302,-1.159988,0.001101,-0.338993,0.034968,14.893589
561301126319,-3.480653,2.832353,-0.025697,0.417751,-0.330504,-0.413296,14.052731
561401144339,-3.096492,2.955612,-0.066687,-0.166509,0.190793,0.217787,14.389784
561501162358,0.853086,-2.394602,-0.472046,-0.323708,0.519562,0.275805,14.367598
561601180378,0.745055,-3.958891,-0.082975,-0.121981,0.182151,0.168487,14.075135
561701198398,0.891587,-1.161874,-0.190779,0.083260,-0.123433,-0.125107,14.602440
561801216417,-3.296200,3.130110,0.715209,0.237293,-0.322485,-0.241327,14.961591
561901234437,0.778075,-1.349082,-0.542512,0.012935,-0.020609,-0.080646,14.776159
562001252457,0.973746,-1.469031,-0.475010,-0.159834,0.092600,0.157450,14.869543
562101270476,0.492369,-1.729770,-0.675568,-0.104795,0.209739,0.074381,14.922240
562201288496,-1.631994,0.636783,-0.518973,-0.204140,0.112819,0.121426,15.006378
562301306516,-1.148733,-1.075783,-0.277945,-0.054432,0.174707,0.041097,14.730210
562401324535,0.488850,-0.904728,0.096079,-0.028862,0.031411,-0.006496,14.831457
562501342555,1.202584,-2.142220,-0.317933,-0.048741,0.017979,0.035504,14.936603
562601360575,1.363243,-1.759474,-0.386021,-0.146445,0.133096,0.131538,14.689080
562701378594,-0.837026,0.390248,0.352462,-0.060754,0.143975,0.133214,14.845267
562801396614,0.106652,-1.952911,-0.034024,-0.034709,0.063114,-0.021472,14.942465
562901414634,1.177508,0.064724,0.526209,0.071652,-0.019069,-0.194078,14.840628
563001432653,1.264990,-2.239263,-0.147171,0.056379,-0.028062,0.048125,14.750023
563101450673,-2.870107,0.335081,0.852349,-0.229854,0.346129,0.016845,14.831013
563201468693,-3.778295,4.652843,0.013061,-0.330931,0.385215,0.445308,15.025911
563301486712,1.999567,-2.581694,-1.536167,-0.174508,0.175485,0.030997,14.622701
563401504732,-0.496850,-0.929287,-2.155179,-0.069110,-0.262728,0.018142,14.728265
563501522752,-3.017638,2.170603,-1.366855,0.137910,-0.253736,-0.396391,14.745388
563601540771,-1.726527,1.340820,-0.829708,0.070435,-0.019956,-0.009773,14.973910
563701558791,0.449092,-2.691446,-0.706386,-0.141205,0.372327,0.215263,15.342210
563801576811,0.536258,-2.412172,-0.555586,-0.158228,0.249808,0.091638,14.975355
563901594830,-0.513940,-2.223190,-0.980758,-0.094688,-0.151614,0.066660,15.119943
564001612850,-2.809879,-0.634438,0.395105,0.176628,-0.036296,-0.114018,15.183065
564101630870,-2.282615,1.231293,0.236718,-0.114267,0.172041,0.168705,15.063564
564201648889,0.370184,1.921051,0.688701,-0.090943,0.324927,0.043504,14.976583
564301666909,0.551435,0.977288,0.595883,-0.178915,0.194725,0.161048,14.957968
564401684929,2.700839,-1.807911,-0.016887,-0.079763,-0.047584,-0.021778,15.137806
564501702948,0.161240,0.486498,0.437962,0.137063,-0.201772,-0.227642,15.409787
564601720968,-0.403054,1.557179,-0.155996,0.161213,-0.312816,-0.088340,15.108306
564701738987,1.883664,0.534443,0.382855,-0.026155,0.071956,-0.011848,15.081748
564801757007,3.227943,-0.831343,2.091438,-0.213239,0.050614,0.241970,15.462948
564901775027,1.850635,-2.023308,1.139588,0.183047,0.113324,-0.020768,15.456022
565001793046,-1.669041,1.763003,1.735878,0.113947,-0.425391,-0.109536,15.410847
565101811066,-1.227516,1.967003,1.502514,0.205684,-0.195309,-0.240627,15.712980
565201829086,-1.471344,1.619479,-1.223756,0.094395,0.104645,-0.061290,14.729797
565301847105,-2.503979,0.715230,0.781394,-0.069158,0.270951,0.142040,14.717504
565401865125,-1.394271,-0.898530,0.005715,-0.016939,0.034691,-0.183959,14.647381
565501883145,0.773504,-1.655133,0.593776,0.051346,-0.196922,0.140994,14.826157
565601901164,-0.524672,-2.899357,0.063902,0.072824,-0.065303,-0.258560,14.581094
565701919184,-1.486679,0.816484,0.373784,-0.267325,0.290387,0.149629,15.244432
565801937204,-0.794836,2.001950,0.215398,-0.171337,0.350218,0.214776,14.764017
565901955223,1.345900,-0.398313,-0.248932,-0.040899,0.048482,-0.117453,14.909134
566001973243,0.765661,-0.980205,-0.602136,0.007435,0.050157,0.123909,14.811935
566101991263,1.032315,-1.047548,-0.169708,0.099439,-0.016161,0.113118,14.901960
566202009282,-1.851108,-0.599381,-0.909808,-0.224872,0.428651,-0.026026,14.605600
566302027302,2.398785,-1.659247,0.421451,-0.239767,0.058290,0.205305,14.784964
566402045322,-0.865193,-0.377650,0.023208,-0.343943,0.235165,0.262918,14.841711
566502063341,-1.272431,1.663266,1.411793,-0.194627,0.462252,0.416893,15.062343
566602081361,-1.346262,1.833274,1.505073,-0.029581,-0.116111,-0.106774,14.696894
566702099381,1.133154,-2.150273,0.651367,0.380051,-0.204325,-0.200769,14.608701
566802117400,1.886196,-1.996984,-0.558479,0.035314,-0.144704,-0.150859,14.888313
566902135420,1.249810,-1.946540,-0.555953,-0.255968,0.326093,0.072813,15.642117
567002153440,-1.631757,0.882116,-0.695478,-0.174840,0.172690,0.150683,15.511442
567102171459,-1.667851,1.998195,-0.234395,0.062560,-0.049208,-0.039952,15.570931
567202189479,0.430405,-0.435881,-0.064156,0.338094,-0.323864,-0.279692,15.291595
567302207499,1.981149,-1.545425,0.365035,0.169558,-0.104830,-0.081584,14.919533
567402225518,-1.787230,0.303412,-0.820563,0.004370,0.021030,0.001180,15.074870
567502243538,0.075644,-0.811717,-0.628273,-0.004226,-0.072608,0.068103,15.242268
567602261558,-0.289287,-0.813539,-0.231771,-0.030625,-0.010597,-0.146068,15.331631
567702279577,-0.597733,-0.720167,0.228333,0.010066,0.034905,-0.046832,14.918753
567802297597,1.635802,-0.559850,0.963039,0.110257,-0.021698,-0.147323,14.761592
567902315617,1.815117,-0.567800,1.061417,-0.067282,0.164993,0.029544,13.886057
568002333636,-0.078653,0.292017,-0.204363,-0.159295,0.288157,0.200253,13.462995
568102351656,-0.650600,-1.008200,-0.730346,0.017956,0.208280,-0.011142,13.516704
568202369676,-2.152773,0.139493,-0.232491,-0.206718,0.159807,0.214466,13.917633
568302387695,-1.570538,1.928095,-0.231173,-0.067569,0.124377,-0.004679,13.733314
568402405715,2.920538,-5.709531,0.033135,0.091871,0.089034,-0.000852,13.470371
568502423734,2.351397,-1.986848,1.205137,0.203529,-0.016629,-0.105336,13.881827
568602441754,2.114098,-1.913613,0.971703,-0.270807,0.278593,0.163568,13.511128
568702459774,-1.779888,3.140757,0.223209,-0.379385,0.312487,0.480333,13.644124
568802477793,-1.346555,0.068152,-0.986813,0.070589,0.005133,-0.102373,14.048389
568902495813,0.625548,-3.659352,-1.704267,0.206247,-0.420793,-0.250995,13.989444
569002513833,-0.952186,-1.726155,-0.529395,0.051353,-0.220004,-0.149644,14.163761
569102531852,1.444343,-0.525010,-0.919502,0.080950,0.137969,0.005019,14.173409
569202549872,-2.972929,-0.565896,-0.411253,-0.142331,0.119522,0.055905,13.496258
569302567892,-0.771191,-2.149238,-1.631809,0.092966,0.450027,-0.191643,13.659000
569402585911,-2.081986,-0.088233,-0.722722,-0.144961,0.167822,0.203456,13.574162
569502603931,1.594988,-3.253590,-1.362728,-0.398010,0.360072,0.262226,13.392046
569602621951,0.607543,-3.621623,0.526785,-0.036098,0.151915,0.062471,13.243358
569702639970,2.925180,-2.405450,-0.048700,0.111369,-0.160100,-0.208850,13.372250
569802657990,0.034581,-0.283339,0.257705,-0.167927,0.339928,0.091852,13.524183
569902676010,-3.108290,2.368307,0.212248,-0.435412,0.570518,0.342470,13.429077
570002694029,2.008305,-1.377209,-0.817069,-0.351156,0.374825,0.438551,13.648864
570102712049,1.654553,-3.625054,0.491322,0.162930,-0.073029,-0.073703,13.681604
570202730069,3.639390,-4.980330,-0.215544,-0.083793,-0.065179,0.108118,13.809958
570302748088,1.259648,-2.218725,0.270432,-0.311019,0.479110,0.304552,13.835300
570402766108,-1.052828,0.332726,0.025887,-0.113789,0.210224,0.176746,13.385748
570502784128,-0.492867,0.254027,0.084120,0.314499,-0.221681,-0.178574,13.450833
570602802147,-0.398115,-2.519585,0.339034,0.073436,0.011316,-0.101830,13.451448
570702820167,-0.392427,0.892702,1.856743,-0.244880,0.151395,0.476676,13.809687
570802838187,1.565015,-3.261335,0.782711,-0.086184,0.021288,-0.014740,13.802153
570902856206,1.443258,1.022815,1.069697,-0.231434,0.060872,0.224510,13.913119
571002874226,1.839380,-1.564424,0.832567,0.010135,-0.023018,0.055424,13.895280
571102892246,2.999884,-3.645240,0.138998,0.264002,-0.231394,-0.262332,14.179290
571202910265,1.489614,-2.130567,1.020060,0.089290,-0.247927,-0.081180,14.247457
571302928285,0.065033,0.294988,0.611829,-0.011658,0.234094,0.043380,13.896061
571402946305,0.008406,-1.710340,0.281348,-0.143055,-0.025280,0.174536,13.969701
571502964324,1.048860,-3.623840,-0.639058,0.288718,0.046641,-0.160635,14.025404
571602982344,-1.246781,-2.826315,-0.671007,0.072818,-0.162186,-0.151721,14.072581
571703000364,-0.809918,-2.268931,-0.609400,-0.057997,-0.072370,0.150239,14.004932
571803018383,-2.630661,0.117724,-0.884677,-0.158030,0.260506,0.121620,14.362489
571903036403,0.345077,-0.452475,-0.742139,0.162124,0.039998,-0.104725,14.377689
572003054423,-0.807300,-0.382254,-0.090210,-0.069830,-0.192732,0.014545,14.293903
572103072442,0.196110,-2.886958,0.206872,-0.132843,0.155096,0.106885,13.985300
572203090462,0.668281,-2.061025,1.671517,-0.280085,0.174118,0.159937,14.251147
572303108481,-1.736631,2.615508,1.257434,-0.226520,0.292208,0.050039,14.338791
572403126501,2.466796,-5.386569,0.130171,-0.311831,0.154130,0.265034,14.869178
572503144521,3.222723,0.697284,-0.049137,-0.148789,0.366271,-0.043707,15.033746
572603162540,1.032510,1.169843,0.664428,0.044110,-0.124892,0.035249,15.051398
572703180560,1.074806,-0.403175,0.980222,0.334596,-0.164000,-0.249994,14.941588
572803198580,2.586554,-2.863754,0.601476,0.242688,-0.184875,-0.220235,14.957231
572903216599,1.019075,-0.653848,0.214259,0.037009,-0.115278,0.079418,14.984642
573003234619,-0.170106,-3.982622,-0.095037,0.127372,-0.232513,-0.063846,14.788643
573103252639,0.685145,-0.329539,-0.174582,-0.006010,-0.070951,-0.022029,14.751209
573203270658,0.518839,0.447188,1.322836,-0.028839,0.101387,0.141095,14.836951
573303288678,-0.955041,-0.029549,0.964687,-0.027122,0.079147,0.050970,14.597345
573403306698,-0.159809,-0.057917,2.217316,0.194228,-0.250342,-0.203675,14.555150
573503324717,2.634366,-2.166199,0.545274,0.217147,-0.292137,-0.186291,14.650819
573603342737,1.872379,-0.176707,-0.721478,0.016206,-0.076398,-0.027894,14.714865
573703360757,-1.808112,0.843412,0.218991,-0.036167,0.388309,0.231785,14.926049
573803378776,-2.775823,2.228238,-2.051083,0.023116,0.084526,0.213077,14.421606
573903396796,3.285149,-4.614905,-0.610089,0.228748,0.043713,-0.391964,14.666517
574003414816,-3.708535,3.973220,-1.584414,-0.204986,-0.284833,0.177849,14.682353
574103432835,-2.303820,-0.686895,-0.707410,0.031563,-0.249372,-0.252035,14.813472
574203450855,-2.376943,0.177804,0.081579,0.092450,-0.044537,-0.105929,15.080295
574303468875,0.152297,-2.061397,-0.140705,0.004736,0.087729,0.119916,14.975131
574403486894,0.354607,-2.629862,0.829608,0.043624,0.032192,-0.106368,14.211335
574503504914,-0.455036,-1.369809,0.151982,0.049289,0.021369,0.042197,14.584847
574603522934,0.605855,0.023265,-0.420998,-0.014361,0.132814,0.069048,14.738320
574703540953,-0.599980,-0.241050,-0.371205,-0.134846,0.127205,0.060420,14.459836
574803558973,-2.036788,-0.723604,-0.662863,-0.046333,0.005789,0.060108,14.748051
574903576993,0.026836,-2.831136,-0.216619,0.149593,-0.099129,-0.178383,14.478842
575003595012,0.042323,-0.694996,0.056136,0.160389,-0.118100,-0.099900,14.527953
575103613032,0.044450,-0.790428,0.670666,-0.023634,-0.028057,-0.004888,14.478686
575203631052,0.798026,-1.134079,0.334133,0.062235,-0.009015,0.047107,14.607617
575303649071,-0.285552,-1.818670,0.451520,0.031277,-0.138720,-0.177830,14.070454
575403667091,-0.478885,-0.781750,0.044620,0.002065,0.027542,-0.110562,14.770715
575503685111,0.946691,-0.679500,-0.226342,-0.064507,-0.056869,0.082680,14.171935
575603703130,0.490968,-1.802441,0.553055,0.015713,0.024726,-0.071881,14.433241
575703721150,0.011622,-1.218852,0.177040,0.034981,0.028519,0.008920,14.382755
575803739170,0.257860,-0.791271,0.600912,0.032856,-0.098800,-0.025359,12.959049
575903757189,1.674523,-0.666522,-0.044325,0.054590,0.001672,0.008146,13.145556
576003775209,-0.172524,-1.108373,0.078999,-0.105128,0.049435,0.104870,13.259155
576103793228,-0.728301,-1.442198,-0.517148,0.098575,-0.066339,-0.055194,13.817660
576203811248,1.118247,-3.315847,-0.093885,-0.024128,0.088980,0.096311,14.342219
576303829268,-1.091191,-1.593927,-0.243921,-0.009133,0.094054,-0.050288,14.324249
576403847287,0.032661,-1.148349,-0.067338,-0.016165,0.024471,0.020586,14.407822
576503865307,0.888691,-3.074603,-0.606913,-0.036431,0.116308,0.025944,14.529843
576603883327,1.057872,-1.432524,-0.432688,-0.016934,-0.081169,0.006881,14.606799
576703901346,-1.006741,-1.179244,-0.624536,0.019484,-0.040167,-0.071496,14.721136
576803919366,1.354991,-1.528578,-0.272798,0.007991,-0.057682,0.029575,14.575856
576903937386,2.208384,-1.233544,-0.301443,0.001667,-0.070832,-0.045295,14.524383
577003955405,1.570219,-3.056394,0.502741,-0.183241,0.119167,0.222734,14.592635
577103973425,-0.511450,-0.009434,0.512394,-0.057315,0.076505,0.016587,14.809569
577203991445,-0.398919,-1.173032,1.258124,-0.055568,0.032889,-0.086767,14.925189
577304009464,-0.444244,-1.542436,1.179906,-0.094179,-0.031716,0.194581,15.050757
577404027484,-0.229791,-2.646023,0.469080,-0.078277,0.161201,0.249229,15.053875
577504045504,1.131149,-2.894537,0.878217,-0.116569,0.133658,-0.027055,14.687975
577604063523,-0.559125,-0.863301,0.230711,0.143739,-0.049814,0.146852,14.521977
577704081543,-2.284658,-0.687806,-0.241409,0.089254,-0.136873,-0.345698,15.139014
577804099563,0.656962,-2.262767,-0.093970,0.199549,-0.185547,-0.289447,14.695027
577904117582,1.046936,-0.708077,0.992912,0.036558,-0.215290,0.008055,15.241874
578004135602,0.137880,-1.632173,0.390812,-0.045788,-0.029458,0.047290,15.393432
578104153622,0.190818,-0.057456,0.541100,0.173363,-0.100709,0.012366,15.190873
578204171641,-1.499155,0.272091,-1.489836,0.301153,-0.243763,-0.167072,15.075168
578304189661,2.261123,-3.233264,0.627999,0.300085,-0.285649,-0.167451,15.190165
578404207681,0.889106,-3.383168,0.974858,-0.070559,0.111921,0.020597,15.105795
578504225700,-0.242986,0.355090,0.134946,-0.325701,0.401723,0.331102,15.131706
578604243720,0.325405,-0.120787,-1.090955,-0.397542,0.352300,0.304239,15.289073
578704261740,3.002797,-2.633893,-0.890039,-0.124269,0.098829,0.053420,14.848893
578804279759,-0.719605,-2.729180,-1.014360,0.004340,-0.186709,-0.051233,15.021644
578904297779,0.846793,1.194644,-0.004178,0.092916,-0.103750,-0.102333,15.398581
579004315799,-0.875622,1.655634,-0.747375,-0.153339,-0.011104,0.075418,15.491403
579104333818,1.032789,-2.975225,-0.095623,-0.175061,0.253313,0.057772,15.244974
579204351838,1.684078,-2.809732,-0.924292,-0.069339,0.092733,0.167879,15.504610
579304369858,1.431827,-3.306430,0.360685,0.125887,-0.050726,-0.091047,15.419627
579404387877,-0.761674,-0.108278,-0.253800,-0.271796,0.450984,0.329644,15.204841
579504405897,-1.995141,-0.500022,-0.202091,-0.040740,0.124841,-0.023881,14.939080
579604423917,-2.053008,1.883626,-0.099817,-0.241128,0.258638,0.253533,14.886545
579704441936,4.077329,-3.660028,0.074191,-0.163549,0.255556,0.120887,14.710688
579804459956,0.296258,0.466841,0.178124,0.263035,-0.292058,-0.171601,14.866620
579904477975,-0.874919,2.052170,0.028865,0.202789,-0.412392,-0.277138,15.076489
580004495995,-2.277921,1.336509,0.747931,-0.027840,0.073010,0.108788,15.138464
580104514015,-0.399800,-0.766573,1.814314,-0.253611,0.401564,0.192755,15.278800
580204532034,4.101417,-3.060519,1.094370,0.028273,0.238467,-0.010731,15.321996
580304550054,-0.693740,0.439838,-0.117672,0.146657,-0.262122,-0.112790,15.394585
580404568074,-1.732743,0.347229,0.645054,0.228082,-0.391899,-0.286184,15.168574
580504586093,-0.164397,-1.382888,-0.199513,0.140612,-0.156856,-0.110571,15.020143
580604604113,3.882848,-3.118269,0.390533,-0.248143,0.363438,0.256110,15.201930
580704622133,1.087185,1.186134,0.268989,-0.202378,0.271258,0.204967,15.086273
580804640152,1.254318,0.836334,0.280233,0.054015,0.078163,-0.021771,15.316066
580904658172,-0.214807,0.578148,0.953800,0.134118,-0.094732,-0.041212,15.263969
581004676192,0.984005,-1.394485,-0.219408,-0.061295,0.133437,0.095388,15.385377
581104694211,2.198277,-1.317043,-0.353331,-0.098646,0.077209,0.105422,15.379625
581204712231,1.349023,-3.079311,-0.757672,0.013113,0.017958,0.075228,15.097808
581304730251,-3.002906,-0.598944,1.070089,0.076305,-0.231192,-0.155356,14.907852
581404748270,-3.174799,0.101381,0.233640,0.154238,-0.061149,-0.136164,14.799257
581504766290,1.102822,-1.063858,-0.371452,-0.096500,0.132585,0.174711,14.751455
581604784310,-0.083465,-1.138532,-0.346108,-0.114336,0.150915,0.127744,15.288229
581704802329,-1.319187,-0.906985,-0.096147,-0.151413,0.047629,0.091646,14.692169
581804820349,-0.947992,-0.554973,0.480289,0.110150,-0.070819,-0.088844,14.964138
581904838369,0.360039,-2.511961,0.402608,0.142430,-0.055915,-0.052315,14.813481
582004856388,0.757738,-2.948909,0.527953,-0.031747,0.055979,0.000942,14.887286
582104874408,0.263564,-1.951185,-0.203289,-0.100433,0.131374,0.139960,15.027771
582204892428,-0.884482,-0.474165,-0.249054,-0.069447,-0.045975,-0.015933,15.716915
582304910447,-0.210216,-0.573560,-0.524594,-0.079533,0.133231,0.110784,15.521453
582404928467,-0.826598,-0.168181,-0.969129,-0.219142,0.209008,0.181711,15.483168
582504946487,1.762225,-2.879605,0.002374,-0.116810,0.241397,0.112999,14.944722
582604964506,1.410837,-2.577947,-0.259155,0.085150,-0.081292,-0.040533,15.270902
582704982526,0.154639,-0.665273,0.223763,0.283934,-0.296337,-0.101810,15.363211
582805000546,-0.834310,-0.773612,0.278497,-0.054334,-0.100856,-0.031685,14.969097
582905018565,-2.998723,2.521774,1.089535,-0.033516,0.313297,0.280927,14.975662
583005036585,1.621870,-7.772320,-0.613104,-0.170506,0.265535,-0.178847,15.040963
583105054605,1.114327,-3.303140,0.453064,-0.048539,0.061482,0.198348,15.329111
583205072624,1.547294,0.495701,-0.083706,-0.067825,-0.183689,-0.058215,15.083842
583305090644,1.670168,-1.090411,0.147257,0.019075,0.022809,0.008449,15.008309
583405108663,1.226836,-1.381238,-0.420536,-0.011886,0.061137,0.026166,15.087526
583505126683,1.507476,-2.177775,-0.166288,0.022674,-0.116168,0.049968,15.398801
583605144703,-0.151318,-0.839177,0.056523,0.182002,-0.211923,-0.095150,15.114064
583705162722,-2.161974,-0.327909,0.910905,0.247840,-0.078554,-0.118544,14.732085
583805180742,1.393168,-3.892464,-0.000790,0.258958,-0.219566,-0.189682,14.807550
583905198762,-4.225855,-1.251213,-1.925440,0.276968,-0.282139,-0.146815,14.830048
584005216781,0.491263,-3.222165,-0.642781,0.457823,-0.556734,-0.354123,14.758334
584105234801,0.226011,-2.699986,0.006125,0.337375,-0.327707,-0.212613,14.763914
584205252821,-1.634497,0.743689,0.040413,0.058976,0.085152,0.044475,15.435745
584305270840,-2.037040,-1.191180,0.390872,-0.108085,0.225489,0.090260,15.819378
584405288860,0.407353,-3.050960,0.558513,0.074212,0.016257,-0.057609,15.341818
584505306880,1.022188,-1.555102,0.055950,0.132238,-0.129987,-0.036238,15.042361
584605324899,-0.114874,-1.655413,0.537612,0.070188,-0.112048,-0.036674,15.151611
584705342919,-0.507312,0.353587,-0.413393,0.113679,0.027830,-0.006454,15.100470
584805360939,-0.226852,-2.874813,0.043842,-0.098264,0.153282,0.156950,14.913821
584905378958,1.742842,-2.026825,-0.606841,-0.160959,0.205253,0.084033,14.955924
585005396978,-0.376356,0.235764,0.160944,-0.085470,0.077715,0.134783,15.142178
585105414998,-0.816858,-0.414190,0.394405,0.041221,0.007868,-0.119645,15.600737
585205433017,1.253363,-1.346467,0.565164,-0.078461,0.062016,0.073024,14.958623
585305451037,-1.453672,-1.897421,1.062135,-0.058051,0.095333,-0.045206,15.108916
585405469057,1.800182,-1.410280,0.676686,-0.017078,0.039718,0.058067,14.755068
585505487076,0.537351,-1.060965,0.279472,0.003511,-0.056215,0.020173,14.386166
585605505096,-1.129517,-0.469656,1.159671,0.083947,-0.189760,-0.104746,14.534601
585705523116,1.858689,-0.368208,0.298457,0.008116,-0.125278,0.081549,14.373785
585805541135,1.518486,-0.684726,-0.238385,0.151216,0.009045,-0.138701,14.667014
585905559155,0.595373,-1.510005,-0.165423,0.088999,-0.045310,0.002996,14.524900
586005577175,2.622128,-1.319473,0.351041,0.198993,-0.036311,-0.116753,14.761282
586105595194,2.305921,-0.674542,0.654351,0.006746,-0.031193,0.047709,15.022350
586205613214,0.593216,-0.918235,1.641760,0.022350,0.088406,0.089882,14.795243
586305631234,1.601931,-0.513420,0.710862,-0.004019,0.160542,-0.010318,15.081421
586405649253,2.022462,-0.886500,0.004225,0.069754,-0.067012,-0.078299,14.490066
586505667273,1.394872,-0.668650,0.440368,0.096323,-0.124116,-0.108505,14.547201
586605685293,0.696605,-1.179566,0.027113,-0.061583,-0.017416,0.072077,14.409928
586705703312,0.854963,-1.091709,0.838661,0.008360,0.156893,-0.038505,14.590093
586805721332,-1.321245,0.264390,0.294716,0.101782,-0.187944,-0.141780,14.541794
586905739352,1.075212,-1.154683,0.251698,0.028599,-0.109565,-0.028326,14.567404
587005757371,0.549840,-1.430393,0.368228,0.015504,0.060921,-0.007416,14.806974
587105775391,1.001402,0.164050,0.664938,-0.125409,-0.030455,0.106672,14.854475
587205793410,-0.184911,-1.423718,1.297475,0.062823,0.078092,0.008976,14.575460
587305811430,0.191852,-0.938998,1.196401,0.006959,-0.042355,-0.001897,14.453220
587405829450,0.545599,-1.573883,1.338370,0.055636,0.004853,-0.031012,14.433844
587505847469,3.380700,-2.609448,0.746030,-0.043559,0.040983,-0.036792,13.803788
587605865489,0.234749,0.354440,0.736372,-0.253972,0.363836,0.180358,14.103855
587705883509,-1.522958,-0.797699,0.469898,-0.261261,0.215905,0.257735,14.587651
587805901528,2.355055,-5.372744,0.759401,-0.136758,0.130993,0.206222,14.923446
587905919548,1.063960,-3.752305,0.255384,0.095011,0.136615,0.006341,14.989600
588005937568,0.895805,0.581429,-0.578304,0.200542,-0.131157,-0.043734,14.873395
588105955587,3.877874,-2.900026,0.264285,0.306743,-0.155920,-0.185590,14.661042
588205973607,1.968695,-1.041078,1.019970,0.073209,-0.244037,-0.026237,14.475697
588305991627,3.179889,-1.778116,0.026124,0.018056,-0.097620,0.095359,14.279673
588406009646,1.091522,0.241096,-0.271913,0.059120,-0.265387,0.004336,14.442229
588506027666,1.545964,0.170168,-0.297506,0.212522,-0.222938,-0.089337,14.157397
588606045686,1.823923,-3.253882,0.881302,0.229649,-0.101232,-0.137306,14.553345
588706063705,1.073092,-2.915382,1.181258,-0.067694,-0.135656,0.132699,15.011650
588806081725,0.246326,-0.130558,0.508232,-0.067747,0.220954,0.137775,15.027906
588906099745,0.354754,0.721828,-0.097232,0.022834,-0.178726,-0.011279,15.143172
589006117764,0.501822,-2.575239,-0.074228,0.231510,-0.220477,-0.147368,15.026738
589106135784,1.331061,-3.663049,-0.129291,0.200329,-0.246860,-0.111678,14.843852
589206153804,-0.732258,-0.869303,0.104115,0.223948,-0.218221,-0.121402,14.706560
589306171823,1.812652,-2.158466,-0.652163,0.213355,-0.145196,-0.126119,14.770184
589406189843,1.085346,-2.188864,-0.578661,0.153739,-0.322885,-0.181436,14.890646
589506207863,-0.083588,-0.173111,-0.320683,-0.015525,-0.057636,-0.009634,14.399108
589606225882,-1.650395,5.490888,-2.133809,-0.401916,0.452931,0.198414,14.838145
589706243902,4.810571,-5.153995,1.383436,-0.777711,0.697909,0.582631,14.813902
589806261922,-0.724461,-0.981146,-0.299842,-0.201760,0.530675,0.287362,14.629640
589906279941,-0.735520,2.832120,-0.453467,-0.025850,-0.152293,0.024388,14.801172
590006297961,-2.649321,1.203304,0.697593,0.337933,-0.337811,-0.237065,14.763031
590106315981,-1.277987,-1.394387,1.131627,0.287855,-0.185002,-0.310465,14.622731
590206334000,3.544229,-2.848476,0.501442,0.052085,-0.021482,0.049523,14.749279
590306352020,1.235045,0.246922,-0.025333,0.286920,-0.228672,-0.306328,14.684146
590406370040,-1.658697,1.665824,-0.732527,0.330336,-0.345174,-0.231331,14.728323
590506388059,-2.143886,-0.101767,-0.541688,0.053416,-0.129351,-0.074493,14.716362
590606406079,2.847637,-3.578292,-0.843667,-0.255747,0.463373,0.233837,14.656258
590706424099,1.563953,-1.682129,-1.195453,-0.101366,0.179166,0.111702,14.566902
590806442118,-1.023921,0.369630,-0.943610,0.184297,-0.316149,-0.116394,14.715040
590906460138,-3.058236,0.119023,-0.718490,0.262069,-0.291702,-0.307894,14.763876
591006478157,1.499204,-3.370970,-1.624356,-0.157667,0.041680,0.081266,14.816635
591106496177,1.805067,-3.757609,-0.725090,-0.236176,0.338718,0.207978,14.772531
591206514197,-0.513514,-1.169688,0.136476,-0.231443,0.222918,0.161148,14.822487
591306532216,-1.822121,1.043535,0.156771,-0.034598,-0.016399,0.012170,14.615780
591406550236,-0.670970,0.767140,0.333240,0.372444,-0.184380,-0.299475,14.628127
591506568256,2.839094,-3.135777,-0.297319,0.105543,-0.319479,-0.155599,14.646770
591606586275,1.677643,-1.438351,-0.693600,-0.092291,-0.129776,-0.031392,14.678329
591706604295,-0.881045,0.575176,0.090881,-0.034858,0.251521,0.041892,14.770283
591806622315,0.411280,-1.562409,0.311848,-0.073080,-0.001762,0.040349,14.784904
591906640334,2.069372,-1.608919,-0.096948,0.130623,-0.115651,-0.069351,14.715435
592006658354,1.666591,-2.306581,-0.131687,0.136694,-0.210607,-0.118083,14.745430
592106676374,-2.292721,1.472614,0.174908,0.224484,-0.234494,-0.144681,14.697686
592206694393,-1.918353,0.139664,0.661837,-0.019845,-0.132338,0.000655,14.705768
592306712413,1.024951,-2.173817,-0.198244,-0.117488,0.166936,0.061816,14.667326
592406730433,1.385730,-1.419465,-1.037530,-0.076056,0.170952,0.101944,14.569848
592506748452,2.141048,-1.979241,-1.035453,0.176537,-0.340804,-0.210145,14.477244
592606766472,1.879350,-0.198247,-0.468554,0.047511,-0.146138,-0.026634,14.403504
592706784492,-0.487114,0.283385,0.333785,0.023113,0.069922,0.070892,14.486765
592806802511,2.390693,-1.365485,0.030029,-0.058700,0.191197,0.042786,14.387944
592906820531,0.878073,-1.377200,-0.219466,-0.033440,0.165386,-0.012418,14.378278
593006838551,-1.139262,-0.843316,-0.983700,-0.137601,0.026307,0.083595,14.414906
593106856570,0.680736,-2.710589,-2.103085,-0.086397,0.208120,0.093501,14.296689
593206874590,-0.973276,-2.976864,-0.756816,0.022973,0.290364,0.050338,14.192224
593306892610,-1.210102,-1.401158,-1.117121,0.265657,-0.109892,-0.226751,14.092237
593406910629,-1.495226,0.918136,-0.606770,-0.027952,0.228912,-0.004022,13.954469
593506928649,-3.431089,1.382567,-0.708799,-0.408208,0.242634,0.330563,13.863133
593606946669,-0.379672,-1.341286,-0.099112,-0.148529,0.079028,0.059296,13.842011
593706964688,1.179717,-2.271498,-0.446476,0.143176,-0.227187,-0.154408,13.888519
593806982708,1.412175,-0.226891,-0.248209,0.052669,-0.032948,0.009827,13.801246
593907000728,-1.172279,1.081226,0.716065,-0.079834,0.105839,0.025688,13.786344
594007018747,-2.191211,-0.832216,1.079391,-0.052284,0.167723,0.092832,13.718827
594107036767,-1.512203,-1.370556,-0.185490,0.042816,-0.033671,0.019196,13.800364
594207054787,-4.951503,1.744647,-0.154506,-0.334863,0.094643,0.170491,13.669234
594307072806,-1.998600,-1.463505,-1.080911,-0.284566,0.143836,0.350037,13.609635
594407090826,1.374204,-2.620176,-0.068990,0.061348,-0.022930,-0.135390,13.485850
594507108846,3.053767,-2.053604,0.110758,0.342750,-0.302993,-0.315143,13.465771
594607126865,1.894964,-1.784791,-0.047816,0.008323,0.031081,-0.014066,13.568481
594707144885,-1.709365,-0.115965,1.006382,-0.252452,0.118579,0.184341,13.405754
594807162904,-0.417871,0.200022,0.035722,-0.086566,0.254755,0.147535,13.425702
594907180924,1.900043,-2.411816,-1.084995,0.083913,-0.093902,-0.023412,13.367267
595007198944,1.633763,-0.053987,0.514749,0.189856,-0.108996,-0.105451,13.322806
595107216963,-0.301987,0.621782,-0.240453,0.024006,-0.064021,-0.043863,13.199226
595207234983,-1.084036,0.903040,-0.823538,-0.189685,0.063295,0.149296,13.123553
595307253003,0.370659,-1.740810,-0.311577,-0.072160,0.158551,0.056967,13.090776
595407271022,0.748848,-0.868439,0.448097,-0.077367,0.077586,0.108000,12.919371
595507289042,-0.588202,0.676201,0.119228,0.142814,-0.011891,-0.073514,13.048824
595607307062,-2.855814,-0.022255,0.055975,0.246604,-0.279289,-0.184386,12.989154
595707325081,2.361553,-2.926414,0.118998,0.142159,-0.236333,-0.081297,12.916465
595807343101,1.740590,-0.642537,1.285114,-0.096683,0.103267,0.136485,12.921925
595907361121,0.157603,1.253898,1.116407,-0.134306,0.316404,0.239054,12.755615
596007379140,0.446115,-0.340588,0.002812,-0.074253,0.262208,0.050053,12.745243
596107397160,0.433336,-1.555681,-0.858565,-0.248584,-0.035140,0.059922,12.817377
596207415180,-0.821100,0.419583,-0.724500,-0.065416,0.086940,0.108979,12.723510
596307433199,2.150941,-4.611476,-0.358382,0.122220,-0.293353,-0.133594,12.730646
596407451219,3.659423,-4.508736,-0.312539,0.395932,-0.501316,-0.340557,12.574166
596507469239,-1.268451,0.349235,-0.389079,-0.158702,0.243438,0.100746,12.558735
596607487258,-5.901983,3.825182,0.953068,-0.552423,0.747373,0.494499,12.657523
596707505278,-0.761154,-0.543016,0.032252,-0.464356,0.656196,0.352897,12.538630
596807523298,4.627560,-3.447503,-1.965024,-0.011021,0.109393,0.017076,12.501577
596907541317,-0.222485,0.929503,-1.438617,-0.026576,0.011345,0.041154,12.412141
597007559337,-2.017451,-0.486013,-0.612087,0.018339,-0.210057,-0.059348,12.295283
597107577357,0.788749,-2.546261,0.172448,-0.207618,0.125419,0.261847,12.319504
597207595376,1.894750,-2.463345,0.156688,0.233031,-0.153701,-0.120652,12.124392
597307613396,-0.663977,-0.386756,0.446462,0.113211,-0.044618,-0.026513,12.206329
597407631416,-1.751463,-0.337241,0.460919,0.050915,-0.078540,-0.087756,12.092547
597507649435,-0.037100,-1.268157,-0.776757,-0.002339,-0.130004,-0.027621,12.000746
597607667455,1.053416,-0.653645,-0.564759,-0.064357,0.006854,0.037415,12.112836
597707685475,1.771349,-0.186385,-0.101933,0.001494,-0.050474,0.003799,11.749499
597807703494,-0.265401,0.459669,-0.007815,0.137814,-0.105847,-0.123259,11.868620
597907721514,-1.105109,0.936310,0.090203,0.224614,-0.115085,-0.155452,11.770219
598007739534,1.072550,0.233353,-0.403103,0.125617,-0.149345,-0.080938,11.783316
598107757553,3.574387,-2.174415,-0.343419,-0.225188,0.109282,0.207396,11.739139
598207775573,1.692724,-1.579382,0.628511,-0.234424,0.208938,0.161484,11.609914
598307793593,-1.968301,1.573867,0.578081,0.065531,-0.055924,-0.081761,11.605079
598407811612,-1.659198,0.706574,0.162204,0.224386,-0.351354,-0.212333,11.553599
598507829632,2.873717,-3.996394,0.130790,0.024655,-0.000456,-0.022906,11.477664
598607847651,3.186812,-3.136690,0.697130,-0.229760,0.263139,0.250518,11.465840
598707865671,-0.312284,0.294785,0.392206,-0.218250,0.353018,0.234554,11.381657
598807883691,-2.068159,1.523869,0.083905,0.022248,-0.060083,0.054998,11.378201
598907901710,-1.155959,-1.587687,-0.137864,0.249041,-0.301092,-0.161367,11.261717
599007919730,1.937965,-3.794836,-1.078807,0.085115,-0.240807,-0.068660,11.239379
599107937750,-0.159939,-1.647697,0.270083,-0.063848,0.102841,0.125322,11.161728
599207955769,-0.049522,-0.850156,-0.482185,-0.120199,0.098440,0.091730,11.165486
599307973789,-0.064482,-0.387546,-0.402247,-0.056196,0.025406,0.037829,11.127927
599407991809,2.736726,-0.076319,-0.774947,0.081435,-0.173667,-0.069273,11.139876
599508009828,-0.028293,-0.313004,0.113511,0.270633,-0.403534,-0.156824,11.033219
599608027848,-4.565530,1.700186,0.992878,0.212883,-0.240517,-0.248684,10.995986
599708045868,-0.326152,-0.407190,0.501521,0.045416,0.122755,0.126507,10.946134
599808063887,0.052493,-1.399884,0.121996,-0.200196,0.051227,0.129413,10.901944
599908081907,1.821208,-1.837675,-0.614824,0.110760,-0.161088,-0.126808,10.896534
600008099927,0.068765,-1.404847,0.194204,0.113566,-0.163546,-0.059670,10.825685
600108117946,-1.525622,0.759184,-0.227240,-0.045377,0.068106,0.041356,10.716595
600208135966,-0.829491,0.248745,-0.217171,-0.125263,0.187606,0.124045,10.676022
600308153986,0.020972,-1.385312,-0.406436,-0.026747,-0.020286,-0.005654,10.649047
600408172005,0.832143,-1.316825,-0.083927,0.052222,-0.106542,-0.073312,10.600461
600508190025,-0.102023,-0.521274,0.177000,0.077057,-0.109040,-0.069619,10.558600
600608208045,-0.323055,-0.342801,0.522743,0.053931,-0.091390,-0.027575,10.514362
600708226064,0.675118,-1.541610,-0.392329,-0.146558,0.164795,0.153954,10.438066
600808244084,1.401246,-1.393556,-0.651651,-0.031877,0.024150,-0.025408,10.423049
600908262104,1.103924,-1.143947,0.227263,0.083970,-0.135106,-0.116949,10.351033
601008280123,-0.576691,0.238202,0.094714,0.120329,-0.237574,-0.115374,10.267926
601108298143,1.589437,-3.248346,-0.182953,0.178358,-0.316243,-0.050752,10.200646
601208316163,-1.233028,-0.993388,-0.732967,-0.184183,0.087355,0.137999,10.095719
601308334182,-0.669248,-0.510088,0.185120,0.084809,-0.072921,-0.038682,10.196989
601408352202,-0.279136,-2.103108,-0.244141,0.100329,-0.148876,-0.171735,10.012851
601508370222,0.815647,-2.307506,-0.646894,0.058458,0.069331,-0.001498,10.025760
601608388241,-0.967309,-0.186567,-0.807191,-0.139950,0.381511,0.148610,9.952673
601708406261,-2.034449,-0.772661,-0.491147,-0.111390,0.083323,0.162045,9.885996
601808424281,-0.878130,-1.487429,0.591937,-0.032167,-0.062960,-0.089360,9.798151
601908442300,1.052785,-2.560392,0.425166,0.159305,-0.131690,0.006282,9.771888
602008460320,1.085958,-1.135262,-0.300829,0.064168,-0.061819,0.080662,9.701193
602108478340,-0.041022,-0.095424,0.308993,-0.031652,0.000724,-0.016942,9.662120
602208496359,-0.277120,-1.627228,-0.556590,-0.026415,-0.038203,0.088901,9.686180
602308514379,-1.758930,-2.032336,-0.235643,-0.006566,-0.017820,-0.070908,9.691746
602408532398,-1.954866,-2.099343,-0.134898,-0.040340,0.091493,0.079828,9.613199
602508550418,0.068772,-1.130023,-0.397935,-0.016201,-0.001934,0.130615,9.595433
602608568438,-0.068805,-2.114677,0.567036,0.203803,-0.167632,-0.116204,9.614610
602708586457,-0.702491,-1.700527,0.089153,0.110672,-0.074687,0.029899,9.640050
602808604477,0.303502,-0.779397,-1.440832,-0.032710,-0.044654,-0.062835,9.615011
602908622497,-2.914897,-0.590267,-0.554631,0.062708,-0.148348,0.033895,9.682422
603008640516,-3.359619,-1.920458,0.642712,0.141908,-0.039441,-0.160565,9.615809
603108658536,-0.284820,-2.213555,0.523035,0.034914,0.000306,-0.014071,9.644409
603208676556,-0.853490,-3.135175,0.505894,-0.074797,0.052333,0.084159,9.726473
603308694575,-1.852611,-1.253828,0.269653,0.023961,0.001097,0.180959,9.673236
603408712595,-1.345250,0.790777,0.197739,-0.041470,-0.115719,-0.155934,9.722035
603508730615,-1.469187,-2.698483,-0.097220,0.201254,-0.116837,-0.057047,9.760845
603608748634,1.110023,-2.847165,-0.258869,0.163564,-0.134585,-0.032670,9.818008
603708766654,0.803106,-1.573757,-0.724379,-0.011522,0.221313,0.063291,9.781766
603808784674,-1.222833,-0.673106,0.082593,-0.090525,0.104323,0.113044,9.834238
603908802693,-1.206323,-0.405433,0.212370,0.005613,-0.108873,-0.025667,9.869401
604008820713,0.567303,-1.244201,-0.455763,0.142420,-0.099235,-0.056895,9.981039
604108838733,0.668205,-1.963042,-0.993991,-0.007862,0.023003,0.023997,9.916808
604208856752,-1.027212,-1.665210,0.412310,-0.028284,0.005774,-0.007417,9.903915
604308874772,1.535772,-1.262743,0.011007,-0.048460,-0.009715,0.135273,10.102802
604408892792,-1.391378,1.168867,-0.504397,0.128389,-0.034434,-0.171067,10.028271
604508910811,-0.775700,-0.386750,-0.614058,-0.116192,0.006876,-0.053630,10.039246
604608928831,-1.504330,-0.249678,0.015055,-0.124647,0.187760,0.208782,10.199667
604708946851,1.103254,-4.701327,-0.289928,-0.062227,0.256840,0.180622,10.036144
604808964870,2.394027,-3.882399,-0.441734,0.256280,-0.198239,-0.217317,10.076199
604908982890,1.201706,-1.815138,0.854920,-0.198219,0.028803,0.080096,10.048814
605009000910,-0.935346,-2.049311,-0.363393,-0.089176,-0.098351,0.135671,10.046780
605109018929,-1.410207,-0.455807,-0.219939,-0.053833,0.035462,-0.011102,10.035693
605209036949,-0.613283,-1.305719,-0.100559,0.010204,0.006222,-0.056454,10.045856
605309054969,0.394816,-0.844162,-0.502857,0.064509,-0.071117,-0.010706,9.958309
605409072988,-0.421065,-1.045387,-0.418054,0.063781,-0.050224,-0.050568,9.903813
605509091008,-1.108502,0.121189,0.273546,-0.058815,0.098511,0.009810,10.031465
605609109028,-1.316335,-0.840278,0.461805,-0.244820,0.381065,0.206854,10.025334
605709127047,0.495314,-1.127104,-0.155787,0.224798,-0.157530,-0.202187,9.926252
605809145067,0.601168,-1.105964,-0.397995,0.048868,-0.106154,-0.058267,9.896240
605909163087,0.504390,-0.265738,-0.386995,-0.094771,0.083550,0.064446,9.847893
606009181106,-1.184141,0.245067,0.125564,-0.196118,0.164156,0.113463,9.740649
606109199126,0.599178,-0.455746,0.556497,-0.109033,-0.056897,0.020813,9.756216
606209217145,1.325677,-0.549087,0.681258,0.025195,-0.025127,0.004771,9.728275
606309235165,0.082693,-1.503462,-0.189142,0.135474,-0.187877,-0.146041,9.622350
606409253185,-3.329272,2.193257,-0.785564,0.185273,-0.034504,-0.129473,9.527953
606509271204,-0.824181,1.017518,0.325069,-0.362743,0.483929,0.341031,9.523983
606609289224,1.964657,-0.396608,-0.553142,-0.317239,0.469302,0.193346,9.477712
606709307244,1.284079,0.932085,-0.179559,-0.105293,0.058669,0.136261,9.302477
606809325263,1.108114,2.299652,-0.149861,0.002388,0.055135,-0.071247,9.229457
606909343283,2.473302,1.147445,-0.409944,0.028423,-0.024863,-0.091863,9.120041
607009361303,2.261967,1.662753,-0.450234,0.022886,0.053203,0.007434,9.044630
607109379322,0.938698,2.068993,-0.478872,0.063671,0.000837,0.008300,8.959382
607209397342,3.076041,0.864251,-0.645398,0.022873,-0.201666,-0.012431,8.903136
607309415362,2.083793,0.926925,-0.489395,0.027204,0.079171,0.029328,8.683283
607409433381,1.891024,2.266090,0.012639,0.048243,0.070466,0.044842,8.477202
607509451401,3.680745,2.723494,-0.374561,-0.004638,0.003482,-0.014572,8.295517
607609469421,3.002441,4.151586,-0.282455,-0.139589,0.054746,0.056254,7.986068
607709487440,2.124546,3.406501,-0.483211,-0.178527,0.125859,0.084943,7.683834
607809505460,3.175127,2.518696,-0.413288,-0.018299,0.058629,-0.028701,7.240742
607909523480,3.354819,2.310002,-0.363926,0.006845,0.013336,-0.016757,7.007752
608009541499,3.190251,1.648516,-0.414616,-0.052044,0.006381,-0.025225,6.662435
608109559519,3.361541,1.760755,-0.765210,-0.018980,-0.042058,-0.056015,6.144674
608209577539,2.844665,2.196252,0.289505,0.074882,0.053016,0.039759,5.661670
608309595558,2.811962,0.738711,0.091811,-0.062564,-0.016935,-0.007617,5.365669
608409613578,1.943574,-0.802375,-0.020562,0.056218,-0.102488,-0.101489,4.781552
608509631598,1.259107,0.029160,0.049911,-0.027623,-0.035092,0.015913,4.329125
608609649617,0.285357,1.045410,0.094518,-0.090937,0.097439,0.064204,3.846127
608709667637,1.168183,-0.167177,-0.075612,-0.082389,0.117633,0.053788,3.145835
608809685657,1.424886,-1.018199,-0.141055,0.047490,-0.057595,-0.066534,2.761627
608909703676,0.924882,-0.667546,-0.067731,0.067305,-0.080927,-0.042688,2.368574
609009721696,-0.000947,0.088277,-0.091610,0.014519,-0.027658,-0.025368,1.843752
609109739716,-0.093046,-0.006890,-0.064543,-0.051361,0.048710,0.040045,1.544852
609209757735,0.416165,-0.783497,-0.019505,-0.032038,0.042681,0.021068,1.181867
609309775755,0.881185,-1.422510,-0.010463,0.029091,-0.038119,-0.021504,0.990800
609409793775,0.205858,-1.441206,0.086830,0.044927,-0.082793,-0.053455,0.857377
609509811794,-0.734579,-0.916043,0.089178,0.009903,-0.044827,-0.012768,0.724513
609609829814,-0.498440,-1.229776,0.049668,-0.064566,0.073407,0.063867,0.553186
609709847834,0.205141,-1.846231,0.098755,-0.026466,0.035451,0.038183,0.372139
609809865853,-0.119714,-1.450925,0.056642,0.008855,-0.008438,-0.023917,0.278545
609909883873,-0.739051,-1.027325,0.022977,0.035558,-0.037950,-0.025660,0.168453
610009901892,-0.597813,-1.147473,-0.043058,-0.007624,0.008324,0.011215,0.109482
610109919912,0.110018,-1.578860,-0.016745,-0.044161,0.039846,0.037487,0.031439
610209937932,-0.168655,-1.755956,0.022903,-0.041794,0.061273,0.041446,0.092547
610309955951,-0.405232,-1.452129,0.065073,0.002898,0.007745,-0.008502,0.034569
610409973971,-0.564997,-0.914329,0.119308,0.022481,-0.027991,-0.016995,0.110832
610509991991,-0.374434,-1.409340,0.067245,-0.023595,0.024539,0.010696,0.020942
610610010010,-0.196075,-1.677095,0.006720,-0.030925,0.048721,0.033934,0.045749
610710028030,-0.180800,-1.659960,0.006387,-0.024018,0.024833,0.015833,0.033189
610810046050,-0.377431,-1.426396,0.046892,0.007057,-0.013843,-0.001608,0.019261
610910064069,-0.489991,-1.374184,0.067602,0.001290,0.006899,-0.000325,0.041901
611010082089,-0.528373,-1.598235,0.139385,-0.005406,0.011340,0.012915,0.060821
611110100109,-0.312387,-1.543552,0.101963,-0.019567,0.024007,0.000083,0.080076
611210118128,-0.252722,-1.408287,0.085555,-0.015302,0.028193,0.006008,0.098646
611310136148,-0.528287,-1.539528,0.082589,-0.010443,0.031652,0.003244,0.104396
611410154168,-0.353364,-1.432769,-0.016342,-0.019815,0.013997,0.009280,0.113176
611510172187,-0.397827,-1.551861,-0.015930,-0.028528,0.026434,0.004301,0.150603
611610190207,-0.561442,-1.600362,0.114988,-0.044120,0.039231,0.003747,0.143960
611710208227,-0.410599,-1.229540,0.056844,-0.045216,0.064258,0.022770,0.130615
611810226246,-0.580333,-1.331916,0.125865,-0.035004,0.043785,0.001602,0.186335
611910244266,-0.523788,-1.563307,0.043880,-0.046443,0.036751,0.001243,0.248091
612010262286,-0.230617,-1.486215,0.001590,-0.065585,0.064362,0.004865,0.300833
612110280305,-0.295822,-1.518214,0.067970,-0.068707,0.093130,0.012795,0.292853
612210298325,-0.585294,-1.500057,0.102406,-0.076885,0.083156,0.008744,0.315980
612310316345,-0.839459,-1.523508,0.131893,-0.066013,0.070551,0.000869,0.393568
612410334364,-0.836740,-1.733482,0.114846,-0.112587,0.106896,0.004486,0.460822
612510352384,-1.119143,-2.135757,0.182341,-0.137850,0.139582,0.014192,0.396704
612610370404,-2.399752,-2.994157,0.286391,-0.147121,0.137872,0.032137,0.401074
612710388423,-1.813893,-2.206175,0.158984,-0.174407,0.147833,0.021347,0.525341
612810406443,-1.032002,-1.151610,-0.019571,-0.199595,0.137844,0.001711,0.411897
612910424463,-1.870035,-2.210904,0.132885,-0.175599,0.193739,-0.008904,0.542566
613010442482,-2.714415,-2.911902,0.384183,-0.168289,0.246635,-0.006442,0.689364
613110460502,-2.430438,-3.303946,0.387410,-0.175387,0.247857,-0.016781,0.587432
613210478522,-0.915405,-2.342570,0.168464,-0.220304,0.184216,-0.002652,0.709842
613310496541,-0.218518,-1.734778,0.024577,-0.244403,0.193742,0.003830,0.643407
613410514561,0.254492,-1.621428,-0.294097,-0.218511,0.152910,0.014131,0.827138
613510532580,0.836562,-2.097378,-0.291964,-0.171447,0.108046,-0.006492,0.945194
613610550600,0.407819,-2.795433,-0.042691,-0.073309,0.041682,-0.010754,1.209616
613710568620,-0.841822,-4.122905,0.518122,-0.016286,0.056286,0.005581,1.229619
613810586639,0.365501,-3.161916,0.207018,-0.012456,0.004233,0.012163,1.553428
613910604659,-0.369548,-3.449342,0.186059,0.041351,-0.057075,-0.026159,1.931640
614010622679,-0.884956,-3.410320,0.088303,0.115125,-0.158721,-0.114571,1.806969
614110640698,-0.255045,-3.693689,0.025076,0.114206,-0.125301,-0.020472,2.269821
614210658718,0.103195,-3.820560,0.019443,0.121456,-0.110805,-0.001936,2.238897
614310676738,-0.618494,-3.826532,0.067622,0.217400,-0.152780,0.013260,2.503295
614410694757,-0.979646,-2.729268,-0.135410,0.202173,-0.189042,0.051672,2.705050
614510712777,-1.200347,-2.048634,-0.190682,0.183050,-0.117996,-0.038040,2.846428
614610730797,-0.728561,-2.239579,-0.095022,0.133310,-0.127961,0.068446,2.935531
614710748816,-0.461284,-2.456480,0.044707,0.127866,-0.096603,-0.068016,3.233559
614810766836,-0.529401,-2.692637,0.204471,0.118536,-0.107638,-0.043274,3.283199
614910784856,-0.749379,-2.972605,0.222119,0.137485,-0.113700,0.008765,3.555320
615010802875,-1.203120,-2.656658,-0.098269,0.113540,-0.081082,-0.017144,3.808077
615110820895,-0.675734,-2.096179,0.047886,0.050467,-0.077960,0.052164,3.944696
615210838915,-1.507700,-2.995618,0.322530,0.103486,-0.102087,-0.025523,4.310135
615310856934,0.291393,-2.460613,0.215628,0.093055,-0.108338,-0.030091,4.298265
615410874954,-1.121780,-2.621402,0.494216,0.125790,-0.104918,-0.059790,4.422192
615510892974,-1.440426,-2.067962,0.331688,0.102093,-0.109747,-0.016654,4.620121
615610910993,-0.030074,-2.968700,0.321369,-0.047543,0.074916,0.088642,4.632871
615710929013,-0.480040,-2.945244,0.042294,-0.040145,0.096566,0.080573,4.753813
615810947033,-1.057295,-1.755904,-0.214190,0.016928,0.007840,-0.024588,4.954968
615910965052,-0.671813,-1.980627,0.047526,0.080670,-0.042275,-0.069941,4.957529
616010983072,0.548343,-3.034850,0.709826,0.024274,0.004527,-0.017849,5.126919
616111001092,0.659688,-3.572207,0.604151,-0.102674,0.118304,0.134054,5.292521
616211019111,-0.445033,-1.687831,0.204073,0.049765,-0.028662,0.002335,5.468732
616311037131,-1.506924,-0.486171,0.056014,0.149508,-0.149159,-0.024598,5.628063
616411055151,-0.639081,-1.001392,-0.119651,0.130887,-0.057725,-0.082281,5.714828
616511073170,0.768461,-2.449830,-0.353884,-0.079668,0.074567,0.053712,5.899289
616611091190,0.275996,-3.312116,-0.261754,-0.038175,-0.040995,0.020288,5.990094
616711109210,-0.886199,-2.299443,0.175373,0.077499,-0.065415,-0.047138,6.125339
616811127229,-1.334894,-1.669677,0.095176,0.117744,-0.044944,-0.144230,6.186075
616911145249,-1.075352,-1.170156,-0.233102,-0.104117,0.201513,0.128699,6.350743
617011163269,-0.936693,-1.365777,-0.677233,-0.045564,0.106527,-0.046226,6.524794
617111181288,0.734409,-2.732614,-0.902119,-0.053483,-0.124663,0.029370,6.588857
617211199308,2.713892,-4.752959,-0.613307,0.079014,-0.229735,-0.298236,6.563230
617311217327,-0.081068,-3.469865,-0.178393,-0.265082,0.424231,0.149257,6.683332
617411235347,-3.621740,0.833360,0.247491,-0.123153,0.247784,0.271335,6.732890
617511253367,-4.913607,0.944476,-0.676507,0.085686,0.046059,-0.110681,6.740880
617611271386,0.816643,-2.720195,-0.426392,0.323744,-0.218857,-0.259753,6.875222
617711289406,-0.519083,-1.335211,-0.257329,0.067916,-0.021425,-0.076948,6.953938
617811307426,-3.268982,1.454700,-0.348131,-0.269662,0.224358,0.165797,7.010020
617911325445,-2.583687,-0.008064,0.001871,-0.409369,0.467173,0.322735,7.022979
618011343465,0.804362,-3.076742,-0.240749,-0.199591,0.261658,0.087520,7.065997
618111361485,0.035149,-2.532535,-0.088317,0.108059,-0.163403,-0.214823,7.154343
618211379504,-1.747479,-0.445172,-0.253804,-0.055319,0.070118,0.035112,7.175900
618311397524,-2.651539,0.766310,-0.327941,-0.267151,0.208711,0.018313,7.205559
618411415544,-1.060232,-0.430159,0.345243,-0.253097,0.310488,0.218103,7.277366
618511433563,-0.725975,-0.760614,0.432602,-0.112471,0.186735,0.033550,7.364222
618611451583,-0.958269,0.571431,0.471725,-0.018696,0.169707,-0.077798,7.252265
618711469603,-2.451788,1.826219,-0.187266,-0.123582,0.181036,-0.032929,7.447355
618811487622,-2.931141,1.420542,-0.398849,-0.222312,0.236460,0.052054,7.440700
618911505642,-1.162508,0.744081,-0.000703,-0.230941,0.202642,0.004680,7.443863
619011523662,-1.064309,0.322847,0.045655,-0.145825,0.122295,-0.102453,7.538135
619111541681,-0.903276,0.072613,-0.167671,-0.204105,0.204464,-0.031854,7.524470
619211559701,-1.973481,1.182888,-0.315799,-0.264663,0.317927,0.036530,7.650600
619311577721,-0.884873,0.385357,0.194481,-0.357904,0.358662,0.097803,7.707733
619411595740,-0.400033,-0.527117,0.327658,-0.380151,0.443520,0.172030,7.764603
619511613760,-0.938961,0.413756,-0.534797,-0.236023,0.285263,0.044637,7.853304
619611631780,-2.177260,1.475216,-0.257003,-0.133680,0.091958,-0.154314,7.790529
619711649799,-3.504527,2.861774,-0.140267,-0.281675,0.247175,-0.005376,7.768721
619811667819,-1.538451,0.288458,-0.240606,-0.435345,0.434645,0.134789,7.803005
619911685839,0.163761,-0.946377,-0.153142,-0.425318,0.501206,0.162197,7.838729
620011703858,-0.849902,0.351335,-0.413115,-0.261323,0.344810,0.011172,7.771795
620111721878,-2.008500,1.679238,-0.399592,-0.204872,0.215322,-0.037143,7.842464
620211739898,-2.323938,3.277266,-0.121243,-0.411412,0.419206,0.197587,7.817576
620311757917,-2.295057,2.501959,-0.738439,-0.408068,0.299553,0.052396,7.831882
620411775937,-0.806136,1.764455,-0.308620,-0.247835,0.282205,0.005510,7.799450
620511793957,-1.254428,1.783295,0.021335,-0.237357,0.252066,-0.012663,7.842618
620611811976,-1.444009,2.936737,-0.448649,-0.207404,0.193657,-0.022657,7.857564
620711829996,-1.827725,3.241032,-0.859275,-0.216505,0.233885,-0.097196,7.901201
620811848016,-2.756800,3.756816,-0.344078,-0.311871,0.365515,0.006836,8.014243
620911866035,-1.618968,0.666390,-0.603819,-0.621699,0.710145,0.307769,7.962779
621011884055,-0.092342,-2.190451,-0.081718,-0.411242,0.558278,0.126381,8.022485
621111902074,-1.038811,1.791642,-0.452183,-0.159213,0.124326,-0.079778,8.130929
621211920094,-3.410080,6.314730,-0.183138,0.029624,-0.113038,-0.220630,8.060628
621311938114,-1.850294,3.154802,-0.223576,-0.268896,0.209843,-0.045293,8.250730
621411956133,0.057686,-1.969342,-0.561078,-0.615860,0.634731,0.246118,8.256809
621511974153,0.651915,0.311839,-0.917044,-0.595658,0.631780,0.318383,8.271757
621611992173,-2.119607,0.810493,-0.814430,-0.267591,0.179771,-0.044217,8.338759
621712010192,-4.878081,3.765533,-0.388271,-0.231591,0.222969,-0.103104,8.334473
621812028212,-3.542295,2.823271,-0.240229,-0.449151,0.503572,0.155678,8.570970
621912046232,-2.705240,1.152811,-0.073195,-0.499749,0.458331,0.146687,8.514361
622012064251,-1.439731,-0.109484,-0.708983,-0.272184,0.216025,-0.038604,8.535719
622112082271,-0.272657,0.739086,-1.267734,-0.175774,0.030269,-0.082295,8.628489
622212100291,1.975017,-1.087131,-1.647906,0.063920,-0.407384,-0.318891,8.684212
622312118310,3.616991,-1.703527,-0.580498,-0.245284,-0.020955,-0.064974,8.757093
622412136330,-0.637462,-0.499488,-1.199477,-0.485538,0.431139,0.061516,8.879285
622512154350,-5.566426,-0.165477,-0.245340,-0.057951,0.064865,-0.193024,9.028059
622612172369,-6.247679,0.839813,-0.779526,0.389780,-0.243817,-0.431867,9.055452
622712190389,-3.513812,0.405469,-0.439967,-0.019030,-0.074676,-0.316889,9.200113
622812208409,6.900835,-1.691859,-0.484589,-0.458493,0.488882,0.439029,9.248915
622912226428,6.336326,-1.358331,-0.767108,-0.227517,0.221764,0.242845,9.344543
623012244448,0.215925,-1.119864,-1.546175,0.197257,-0.317407,-0.272354,9.412681
623112262468,-0.425407,-1.507484,-1.431767,0.349184,-0.311412,-0.321267,9.428257
623212280487,-0.467802,-1.260868,-1.188176,0.002346,-0.119191,0.004628,9.584439
623312298507,2.760674,1.294815,-0.943080,-0.152672,0.297227,0.158938,9.781464
623412316527,-1.353873,-1.722259,-0.566224,-0.200014,0.195347,0.215868,9.888832
623512334546,-0.872828,-0.805679,-0.069433,-0.101727,0.025403,0.117345,9.937080
623612352566,1.115847,1.390752,0.278821,0.165878,-0.153226,-0.183012,10.087587
623712370586,0.666737,1.229981,0.308229,0.135884,-0.225857,-0.133562,10.120563
623812388605,-0.589359,-0.667845,0.167576,-0.013842,0.029285,0.007019,10.285713
623912406625,-0.240011,-0.637673,-0.161805,-0.168215,0.185374,0.175110,10.336519
624012424645,4.222224,1.021272,-0.560874,-0.158802,0.290451,0.071061,10.429017
624112442664,2.082759,-0.033209,-0.055963,-0.024643,0.089327,-0.039259,10.568033
624212460684,-1.316347,0.893086,0.939996,0.022748,-0.122051,0.002275,10.620362
624312478704,1.934262,1.463745,-0.964646,0.074009,-0.055454,-0.098632,10.753557
624412496723,0.992677,0.491780,-1.031900,0.000188,-0.067432,0.001023,10.858501
624512514743,1.544822,0.523267,-0.683475,0.069183,-0.144177,-0.002549,11.026671
624612532763,3.536492,0.380576,-0.153951,0.124350,-0.231981,-0.215072,11.067854
624712550782,1.334660,-0.178911,0.694507,0.245963,-0.217981,-0.024140,11.196599
624812568802,-2.375556,0.945754,0.890608,-0.116778,-0.043737,-0.058672,11.335222
624912586821,1.547673,0.301652,-0.179054,-0.213940,-0.038749,0.135338,11.449537
625012604841,1.971194,0.062986,-0.209916,0.114394,-0.085648,-0.056071,11.527348
625112622861,1.693012,1.550443,0.315094,0.046934,-0.112491,-0.091912,11.662864
625212640880,1.964757,1.603082,0.749175,-0.075568,0.066419,0.215265,11.688659
625312658900,1.839334,1.494023,-0.157561,0.158464,-0.131204,0.019021,11.801516
625412676920,0.032857,-0.924071,-1.434628,0.213093,-0.359420,-0.341389,11.935615
625512694939,-3.930054,0.095895,-0.027337,0.179416,-0.355804,-0.181718,12.002256
625612712959,-1.415172,1.852130,0.263753,-0.239527,0.283928,0.285558,12.152256
625712730979,5.424611,2.212699,-0.461125,-0.008053,0.225305,0.220384,12.230553
625812748998,3.534162,2.233380,-0.058977,0.207250,-0.235690,-0.311123,12.298022
625912767018,-1.178394,1.036296,0.495963,0.375188,-0.381016,-0.013999,12.420929
626012785038,-2.795337,-0.260953,0.480716,0.027421,-0.191005,-0.300294,12.514926
626112803057,4.476414,0.958198,-0.490574,-0.351514,0.429551,0.207047,12.572613
626212821077,3.869062,3.259889,0.501017,-0.352113,0.373655,0.316339,12.691411
626312839097,0.301738,0.860904,0.298246,0.089575,-0.057094,-0.043029,12.751441
626412857116,-2.733876,-0.342828,-0.230949,0.289098,-0.192236,-0.274601,12.865877
626512875136,-0.004323,0.115285,-1.061943,-0.103241,-0.067158,0.042117,12.899163
626612893156,2.960070,1.679117,0.282567,-0.288449,0.257381,0.101700,13.007105
626712911175,-1.058216,-0.223822,-0.548914,-0.281092,0.408178,0.364582,13.091220
626812929195,-1.009369,-3.074030,-1.838475,-0.171220,0.146792,0.082437,13.112116
626912947215,0.446426,0.719446,-0.834240,0.315225,-0.189568,-0.404120,13.163021
627012965234,2.996953,1.169916,-0.948108,-0.024273,-0.178876,0.141104,13.278746
627112983254,-0.894884,1.310768,1.139520,-0.038734,0.231527,0.029358,13.339088
627213001274,0.637660,-0.710373,-0.633135,-0.070074,0.178988,0.083759,13.404406
627313019293,1.942857,0.320652,-1.229732,-0.012967,0.216789,0.025813,13.447704
627413037313,0.288497,-0.047147,-1.880344,-0.063367,-0.099423,0.081619,13.553834
627513055333,-2.170246,-0.542530,-1.014452,0.285116,-0.369061,-0.288203,13.647670
627613073352,-1.914612,-0.536181,-1.558200,0.140556,-0.044045,-0.187564,13.676612
627713091372,0.450247,0.905643,-0.666132,-0.193745,0.192414,0.167250,13.812837
627813109392,3.611791,2.063360,-0.362220,0.090105,0.090248,-0.018405,13.905011
627913127411,2.899495,2.157433,0.686295,0.242495,-0.248550,-0.178423,13.956873
628013145431,-0.488863,0.875755,0.754925,0.150015,-0.241593,-0.121929,14.013404
628113163451,-1.350642,1.494316,-0.224547,-0.264677,0.279104,0.205701,14.136463
628213181470,-0.657043,1.376706,-1.015485,-0.182177,-0.101606,0.153669,14.155045
628313199490,2.219513,1.734919,-0.624892,0.156643,0.080958,-0.076674,14.210332
628413217510,2.534088,1.697994,-0.015618,0.168550,-0.030649,-0.087318,14.190910
628513235529,0.329472,2.242212,1.326409,-0.121952,0.272552,0.101034,14.227680
628613253549,-0.381331,1.086532,2.266026,-0.045914,0.317007,0.041120,14.299639
628713271568,1.009806,1.265998,1.295402,-0.109152,0.028113,0.070844,14.316783
628813289588,0.903686,3.191767,1.097234,-0.118648,-0.138222,-0.020350,14.356312
628913307608,1.531137,0.711151,0.890150,-0.065050,-0.011218,0.069090,14.323817
629013325627,1.410520,1.785363,0.528665,0.081957,-0.036225,0.041439,14.312373
629113343647,0.445206,1.547886,0.529990,0.031236,0.059368,0.046694,14.301140
629213361667,1.068550,1.202746,0.824255,0.038709,0.052962,-0.043889,14.394128
629313379686,1.538054,1.100019,0.378264,0.044047,-0.031579,-0.024411,14.451314
629413397706,0.956784,0.923846,0.078358,0.007030,0.038112,0.069099,14.482469
629513415726,0.081605,0.550313,0.096650,-0.057403,-0.045611,-0.023072,14.470136
629613433745,-0.306450,1.044970,0.253258,0.063380,0.134148,0.043781,14.497454
629713451765,0.656078,0.323192,0.109552,0.084992,0.141573,-0.074551,14.525728
629813469785,-0.770197,-1.992080,-0.206435,-0.114604,0.098408,0.151140,14.656547
629913487804,-1.471539,-1.136106,-0.390815,0.032897,-0.059600,-0.075309,14.680828
630013505824,-0.188487,2.234890,-1.173202,0.152610,0.066181,-0.115023,14.659250
630113523844,0.708214,0.491705,-1.084775,-0.095138,0.002574,0.080322,14.736816
630213541863,0.156213,0.365136,-0.241998,-0.039131,0.024821,0.015200,14.724450
630313559883,-0.117567,2.246794,1.119409,0.107558,0.064668,-0.100857,14.701912
630413577903,0.524444,1.039204,0.911775,0.080470,-0.155567,-0.073909,14.744320
630513595922,3.193200,2.307907,0.081625,0.194957,-0.137180,-0.078461,14.767899
630613613942,4.148813,1.317079,0.645392,-0.248348,0.132084,0.290057,14.701988
630713631962,0.608253,2.077649,0.605167,-0.055388,0.286055,-0.020783,14.722060
630813649981,-1.429320,1.984761,0.889524,-0.036072,0.083422,0.145003,14.688912
630913668001,0.892062,1.623400,1.213471,-0.037169,-0.101066,-0.089614,14.672950
631013686021,1.727371,3.586000,1.230076,-0.001454,0.098517,-0.096748,14.661369
631113704040,2.829169,3.291548,0.284187,-0.227973,0.266153,0.155716,14.664937
631213722060,-0.605125,1.112691,-0.101784,-0.291152,0.306814,0.185924,14.628100
631313740080,-1.176773,-0.697827,-0.209634,-0.110531,0.030263,0.076285,14.603013
631413758099,-1.230914,1.318748,0.211579,0.200234,-0.096657,-0.150785,14.620589
631513776119,1.488792,3.080914,0.086703,0.011929,0.010839,0.132476,14.499521
631613794139,0.726978,1.305446,0.203799,-0.173155,0.114060,0.123038,14.549014
631713812158,-0.421954,-0.482375,0.094500,-0.137133,0.131124,0.103687,14.559758
631813830178,0.017331,-0.421194,0.210561,0.044272,-0.130130,-0.137943,14.541386
631913848198,1.057893,0.046796,0.242142,0.057691,-0.095245,-0.021555,14.504328
632013866217,2.641193,0.251031,0.134873,-0.079546,0.075928,0.015167,14.446968
632113884237,1.533404,1.064706,0.042532,-0.013844,0.115905,0.164977,14.396532
632213902257,-0.096694,1.408061,0.898380,0.038016,0.035311,0.057557,14.475431
632313920276,-0.010767,1.442332,1.286178,-0.063877,-0.005398,-0.024312,14.510516
632413938296,1.036211,1.824387,-0.054013,0.071560,0.140838,0.074308,14.437876
632513956315,-0.474456,1.934689,-0.459171,0.001117,0.006098,-0.010350,14.405752
632613974335,-1.167041,0.543269,-0.244172,-0.146505,0.038010,0.134428,14.470116
632713992355,-0.036438,-0.008890,0.072303,-0.093021,0.201595,0.072821,14.405733
632814010374,1.268774,1.552791,-0.112114,0.111829,0.129230,0.054719,14.352880
632914028394,0.993203,1.185104,0.910821,0.030916,-0.021520,-0.197810,14.414389
633014046414,1.118942,0.774397,0.469655,-0.074364,0.055931,-0.025483,14.368919
633114064433,0.744020,0.824327,-0.658232,-0.128040,0.101391,0.177067,14.315176
633214082453,-0.331719,0.950215,-0.158880,0.011790,-0.053355,-0.092911,14.387029
633314100473,0.644144,1.370211,-0.299897,0.011434,-0.043335,-0.080683,14.282193
633414118492,0.247338,0.437458,0.425189,0.075509,-0.059646,-0.129961,14.184749
633514136512,-0.033100,0.454590,0.867154,0.032656,-0.133431,-0.024393,14.291917
633614154532,0.006099,2.024182,1.515013,-0.009640,0.071813,-0.001559,14.279889
633714172551,2.024449,1.258795,1.407910,-0.048813,0.205143,0.048276,14.246645
633814190571,2.523972,0.405778,1.341760,0.084040,-0.061918,-0.078460,14.230060
633914208591,2.561427,0.912527,0.699815,0.236473,-0.276850,-0.192180,14.202275
634014226610,-1.631751,0.690655,-0.488466,0.106260,-0.159930,-0.107886,14.142348
634114244630,-1.079625,1.648433,-0.898494,-0.118598,0.071568,0.101152,14.140455
634214262650,0.952536,0.738863,-0.158775,-0.014990,0.042167,-0.070011,14.180999
634314280669,0.026394,2.462725,-0.239570,-0.011231,0.050667,0.034257,14.153097
634414298689,0.922624,1.777129,-0.299781,-0.071405,-0.017315,-0.014142,14.127855
634514316709,2.533708,1.980933,0.432713,0.019254,0.000509,0.083930,14.108279
634614334728,2.943530,0.730396,0.357912,0.061170,-0.024734,-0.036035,14.064313
634714352748,0.872841,-0.020865,0.561943,-0.212954,0.108413,0.183886,14.034489
634814370768,-1.944599,-0.957830,0.180501,-0.152970,0.296445,0.196979,13.990998
634914388787,-0.878011,1.936695,-0.775315,-0.001941,0.051603,0.008231,13.988311
635014406807,1.348229,2.351997,-0.682395,0.030152,-0.217330,-0.087496,13.941427
635114424827,2.911487,1.704873,-0.084710,-0.157574,0.175127,0.149619,13.967615
635214442846,-1.110001,-0.243185,-0.284061,-0.239720,0.238282,0.215301,13.952563
635314460866,-1.426072,-1.055762,-0.408267,-0.062840,0.060069,0.144750,13.886722
635414478886,0.624667,-0.211195,-0.177649,0.218277,-0.230291,-0.148280,13.923363
635514496905,3.070639,1.518379,-0.462822,0.066798,-0.159576,-0.115307,13.862890
635614514925,0.409074,1.066206,0.074560,-0.044813,-0.005667,0.073248,13.853203
635714532945,-0.052850,1.224872,0.454253,-0.047662,0.061498,-0.001522,13.895541
635814550964,0.849220,1.486184,0.473930,-0.064291,-0.064429,0.036609,13.813214
635914568984,0.870159,0.338118,-0.483376,-0.098779,0.043549,0.047774,13.782058
636014587004,0.127820,1.344919,-0.266367,0.003459,-0.078872,-0.003305,13.890964
636114605023,0.622886,1.431076,-0.373615,0.106352,-0.037984,-0.094865,13.834972
636214623043,1.291097,1.647650,-0.716793,0.051796,-0.060222,-0.038483,13.821209
636314641062,1.698297,0.719456,-0.256037,-0.105371,-0.001883,0.044359,13.844200
636414659082,2.528158,0.535199,-0.534427,-0.072897,0.037024,0.110404,13.825563
636514677102,0.885735,0.655154,-0.857622,-0.042054,-0.077274,0.049022,13.789446
636614695121,-1.011734,0.477911,0.007680,-0.079169,-0.076802,0.004350,13.836729
636714713141,-1.529898,-0.785758,0.554316,-0.109031,0.221854,0.179804,13.845549
636814731161,-1.316750,-1.221709,-0.755144,0.003172,0.194177,0.037214,13.777025
636914749180,2.674272,-0.798004,-1.346897,0.170973,-0.061360,-0.103177,13.801475
637014767200,3.338222,-0.692712,-1.000488,0.051093,0.059693,-0.010635,13.800976
637114785220,-1.926244,1.452826,-0.623459,-0.200035,0.250344,0.141298,13.737061
637214803239,-1.092450,-1.067485,-0.507307,-0.251022,0.176501,0.266265,13.679703
637314821259,1.812143,0.556114,-0.468562,-0.021357,0.064486,-0.029762,13.741492
637414839279,2.187888,0.334503,0.023161,0.120418,-0.089406,-0.044268,13.726605
637514857298,0.677397,-1.130060,-0.046119,-0.003764,0.056518,-0.037326,13.668121
637614875318,-2.074716,0.731511,-0.368400,-0.188297,0.218393,0.191299,13.711078
637714893338,-0.151025,0.227261,-0.029470,-0.129975,0.158930,0.110646,13.558132
637814911357,1.042442,-0.145211,0.238783,0.072710,-0.099360,-0.099546,13.554894
637914929377,2.090970,2.735102,0.280346,-0.072705,0.061568,0.062753,13.687862
638014947397,1.340513,1.889128,0.902182,-0.186741,0.148236,0.144701,13.621911
638114965416,-0.568847,0.327269,0.984761,0.067972,0.087779,0.005626,13.551878
638214983436,-2.767273,0.171212,0.003354,0.312026,-0.188814,-0.273726,13.614679
638315001456,0.417672,1.360978,-1.067359,-0.150828,0.064415,0.112476,13.615805
638415019475,3.139399,2.804296,-0.994705,-0.467202,0.320670,0.384610,13.567914
638515037495,3.751347,0.973037,-0.742677,-0.131702,0.327151,0.075740,13.553855
638615055515,-1.465700,0.815435,-0.361672,0.250123,-0.380286,-0.264905,13.534462
638715073534,-2.387352,-0.440804,-0.529547,0.168059,-0.138683,-0.158733,13.511432
638815091554,-0.010022,1.624141,-0.792234,-0.202788,0.043649,0.099356,13.577503
638915109574,2.833836,3.099137,-0.176829,-0.219545,0.273058,0.217945,13.507670
639015127593,2.848829,0.856184,-0.124959,-0.043232,-0.031168,0.030832,13.587573
639115145613,-1.501398,-0.445626,-0.476107,0.126196,-0.043441,-0.125809,13.474345
639215163633,-2.940735,-0.222456,-0.208705,-0.279380,0.303095,0.205268,13.449521
639315181652,-1.852385,0.204195,0.042394,-0.218509,0.234040,0.221642,13.453646
639415199672,2.329034,1.424449,0.019472,0.054652,-0.068055,-0.075181,13.455424
639515217692,4.325913,2.058070,-0.840459,0.125991,-0.188417,-0.177273,13.434474
639615235711,2.265647,1.450785,-0.547756,-0.059297,0.132269,0.108474,13.359075
639715253731,-1.039051,0.473534,0.074010,-0.196199,0.243524,0.141308,13.324416
639815271751,-0.543288,-0.019059,0.758054,-0.119926,0.088363,0.102726,13.314830
639915289770,0.391050,0.099535,0.628136,0.105466,-0.167177,-0.107507,13.304885
640015307790,0.968496,0.794352,-0.007477,-0.025694,0.018616,0.060067,13.243519
640115325809,0.930752,1.351915,1.272372,-0.028320,0.079295,0.012201,13.184002
640215343829,1.651058,1.174702,0.912529,0.034073,-0.039633,-0.025863,13.200869
640315361849,0.384174,0.891054,0.585021,-0.026876,-0.161503,-0.011072,13.167336
640415379868,-0.237296,-0.712465,0.015925,-0.168387,0.067208,0.104598,13.135493
640515397888,0.167733,0.032201,0.358313,-0.071984,0.173523,0.055627,13.094140
640615415908,1.236664,1.403238,0.721967,-0.052891,0.070713,0.041466,13.070594
640715433927,0.175112,1.868414,0.202465,0.070077,0.042682,-0.037524,13.111410
640815451947,0.706670,1.636080,0.266144,-0.038209,0.035134,0.053927,13.068347
640915469967,0.952386,1.515959,0.450878,-0.042400,-0.004389,0.012611,13.026530
641015487986,0.443894,-0.213219,0.242099,0.075247,-0.068014,-0.062405,12.994492
641115506006,-0.034689,0.728826,0.195954,0.052105,-0.068038,0.019297,12.978311
641215524026,-0.115488,0.868325,0.032228,0.021056,-0.037994,-0.016531,12.952491
641315542045,-0.728077,1.013489,-0.268655,0.003851,-0.045625,-0.071140,12.903375
641415560065,0.357554,0.037070,-0.841330,-0.135542,0.015817,0.126737,12.950445
641515578085,1.248559,1.366442,0.497909,-0.056045,0.132074,0.089322,12.944869
641615596104,1.304113,1.397753,0.890102,0.142813,-0.069228,-0.028261,12.862520
641715614124,-0.076284,1.539315,-0.231403,0.032985,-0.128193,-0.171379,12.824933
641815632144,-0.185610,0.710409,-0.557240,0.112621,-0.145907,-0.071993,12.811312
641915650163,0.118654,1.226286,0.337130,-0.173773,0.108724,0.069861,12.821846
642015668183,4.041552,3.218976,0.925008,-0.308037,0.368561,0.310899,12.767307
642115686203,3.927650,2.456434,0.436187,-0.348396,0.375049,0.314883,12.666596
642215704222,2.113509,2.513086,0.761054,-0.487812,0.411987,0.344439,12.619308
642315722242,-3.863144,0.001833,0.173798,-0.239117,0.363956,0.307220,12.684756
642415740262,-2.792700,-1.078609,-0.428222,0.046285,-0.069011,-0.121473,12.619517
642515758281,1.971432,1.143461,0.148166,0.320325,-0.311255,-0.206078,12.586000
642615776301,2.542017,3.534647,0.917307,-0.042466,0.021521,0.029032,12.524714
642715794321,1.151947,1.717293,0.499823,-0.314659,0.325694,0.299999,12.480583
642815812340,-1.792438,-1.643175,-0.532167,-0.220260,0.298331,0.175693,12.458227
642915830360,-0.961505,-1.388032,-0.715698,0.127294,-0.106989,-0.037401,12.490702
643015848380,2.169348,0.224107,-0.130972,0.233463,-0.270659,-0.204524,12.437556
643115866399,3.819427,3.759934,0.544775,-0.082666,0.149936,0.111444,12.313433
643215884419,0.391927,2.565659,0.686109,-0.299511,0.378909,0.294213,12.334973
643315902439,-1.431684,1.287145,-0.050768,-0.068461,0.226291,0.012598,12.301854
643415920458,-0.596245,0.984017,-0.912472,0.159766,-0.193832,-0.240065,12.309208
643515938478,1.926565,1.531793,-0.956512,0.011222,-0.125650,-0.013081,12.231584
643615956497,1.918271,2.703529,-0.272615,-0.200290,0.216766,0.162117,12.171049
643715974517,2.003313,2.389474,1.051247,-0.273333,0.266494,0.235808,12.140488
643815992537,-2.868357,-0.804842,0.751979,0.294605,-0.350023,-0.280269,12.139057
643916010556,-2.340870,-1.039227,-0.254708,0.405912,-0.320370,-0.286831,12.115965
644016028576,2.324339,1.766084,-0.936862,0.029882,-0.153281,-0.116214,12.106425
644116046596,2.346051,-0.414076,-0.641251,-0.232919,0.272624,0.316450,12.090309
644216064615,-0.133526,-0.046385,-0.255122,-0.247965,0.249181,0.292923,11.955387
644316082635,-2.456231,-0.108193,0.022403,0.095848,0.026073,-0.166095,11.896430
644416100655,2.898470,2.929998,0.424883,0.069248,-0.217844,-0.046366,11.901832
644516118674,1.330275,2.437399,0.728486,0.222212,-0.114244,-0.188710,11.898365
644616136694,-1.441010,-0.047425,0.441755,0.216503,-0.151450,-0.133877,11.926743
644716154714,1.960555,0.182389,0.023090,0.069874,-0.066801,-0.069031,11.864145
644816172733,2.436675,0.135124,-0.744579,-0.048638,0.065437,0.087274,11.782421
644916190753,1.340549,0.523815,-2.301219,0.131357,0.111274,0.000088,11.729638
645016208773,2.158121,-0.281883,-1.851566,0.036798,0.001470,0.021883,11.708072
645116226792,0.892506,-0.445193,-1.196028,-0.029538,0.017988,-0.027343,11.666285
645216244812,0.229344,0.050434,-0.572552,-0.137288,0.092292,0.199769,11.548564
645316262832,2.212433,2.931935,-0.513942,-0.089292,0.319628,0.059710,11.504668
645416280851,1.081597,1.624120,0.030973,-0.083704,0.020995,0.026708,11.420317
645516298871,-2.080107,0.184416,0.067618,0.208800,-0.100276,-0.112950,11.416104
645616316891,-0.311121,2.667439,0.443819,0.180720,-0.389360,-0.162792,11.366667
645716334910,0.830971,4.056743,0.208916,0.147366,-0.185295,-0.110365,11.246526
645816352930,-0.214077,3.563749,-0.713244,-0.161942,0.072241,0.142632,11.131815
645916370950,0.729109,2.723766,-1.125960,-0.184996,0.076109,0.105656,11.086548
646016388969,1.386057,2.454054,-0.742024,-0.081461,0.073331,0.092520,11.110986
646116406989,0.474763,2.960201,0.111273,0.056779,-0.015116,0.030610,11.041210
646216425009,-1.054813,2.177734,0.678310,0.127729,-0.038096,-0.016339,10.911468
646316443028,-1.086988,1.757901,0.544931,0.004499,0.037436,0.082572,10.850608
646416461048,-0.740901,2.098408,0.181496,0.018309,0.046143,0.013056,10.738259
646516479068,-1.021315,1.764927,0.350086,0.064789,0.026374,-0.015535,10.554932
646616497087,-0.669258,1.430037,0.284496,0.009623,0.148244,0.063747,10.207963
646716515107,0.265833,1.774491,0.195454,-0.039354,0.069569,-0.019237,10.003720
646816533127,1.228129,1.546996,0.338891,0.032917,0.023820,0.034414,9.627831
646916551146,-0.940746,1.895107,0.269604,0.046060,-0.029568,-0.137036,9.414921
647016569166,-1.042113,1.630240,0.427104,-0.033715,0.021212,-0.028919,9.198796
647116587186,0.426707,1.661848,0.410179,-0.056264,0.134625,0.049061,8.957800
647216605205,1.901364,0.385866,0.329816,-0.135424,0.052031,0.102473,8.712601
647316623225,0.761465,1.193248,0.152154,-0.057168,0.079854,-0.009466,8.530764
647416641244,0.911292,1.973444,0.107334,0.027940,-0.054819,-0.057931,8.284112
647516659264,1.261798,1.911451,-0.071823,0.062583,-0.051084,-0.007886,8.138019
647616677284,1.594142,1.721808,0.163890,0.007198,-0.038086,-0.043234,7.982842
647716695303,0.656691,2.151127,0.281973,-0.013759,0.023649,-0.004999,7.744098
647816713323,-0.446370,1.217288,-0.284604,-0.003582,-0.010597,-0.033185,7.646388
647916731343,-0.571128,1.570828,0.021577,0.089961,-0.046594,-0.041334,7.463691
648016749362,-0.198253,2.130931,0.140269,0.046371,-0.004894,-0.071657,7.382193
648116767382,0.222390,2.402501,-0.244550,-0.040744,0.073832,0.077812,7.322548
648216785402,0.199847,2.111148,-0.234542,0.022560,-0.043096,-0.028038,7.150269
648316803421,-0.098902,2.516123,-0.232428,0.068954,-0.031818,-0.081051,7.024587
648416821441,-1.021006,1.452149,0.065792,-0.014364,0.012634,0.004326,6.900432
648516839461,-1.129789,1.463577,-0.160900,-0.095718,0.071504,0.028307,6.796374
648616857480,0.517415,2.470158,-0.024178,-0.085337,0.121763,0.071563,6.607552
648716875500,0.103281,2.759682,-0.180683,0.058707,0.012637,-0.048827,6.547483
648816893520,-0.477127,1.547705,-0.498260,0.072746,-0.070553,-0.087340,6.307647
648916911539,-0.203836,1.238929,-0.339311,0.038584,-0.016953,-0.088566,6.136728
649016929559,0.607253,0.862052,0.087799,-0.051219,0.020998,-0.008295,5.983554
649116947579,0.809603,1.250526,0.138346,0.002854,0.038998,0.012926,5.719984
649216965598,0.904665,1.300231,0.007008,-0.019349,0.019569,0.023436,5.552924
649316983618,0.799121,0.563466,0.177652,0.012346,0.018535,-0.029901,5.337318
649417001638,0.826610,0.844624,-0.262970,0.036795,-0.001682,-0.055038,5.172599
649517019657,1.447533,0.511911,-0.330776,0.025509,-0.030129,-0.013399,4.929021
649617037677,1.290202,0.489893,-0.088603,0.007242,0.013504,-0.007656,4.756385
649717055697,0.823327,0.789099,0.243922,-0.016408,0.028903,0.019293,4.527004
649817073716,0.547163,0.675921,0.451571,0.009412,0.027269,0.000559,4.334904
649917091736,0.723915,0.593614,0.368872,-0.012269,-0.008647,0.002253,4.157042
650017109756,1.092060,0.965019,0.022604,0.008870,-0.018618,-0.011308,4.128305
650117127775,0.812368,0.962834,0.007100,0.023000,0.004223,-0.001406,3.914182
650217145795,0.649743,1.123114,-0.093236,-0.013883,0.028455,0.003154,3.773982
650317163815,0.579169,0.823993,-0.113575,0.023877,0.001757,-0.010518,3.694167
650417181834,0.573089,0.391235,-0.111381,0.025675,-0.000274,-0.006320,3.512318
650517199854,0.705240,0.239107,0.082335,-0.001694,0.017916,0.001479,3.353949
650617217874,0.872109,0.582114,0.103248,-0.029023,0.036877,0.027952,3.205671
650717235893,0.374338,0.898164,-0.189235,-0.007699,0.028761,0.027497,3.051232
650817253913,0.296460,0.937200,-0.133106,0.017670,0.008089,-0.011052,2.941077
650917271933,0.551355,0.612473,0.095888,0.011435,-0.020273,-0.005959,2.829119
651017289952,0.871414,0.792631,-0.130885,0.023765,-0.000619,-0.006101,2.737831
651117307972,0.631939,0.775703,-0.014051,-0.000581,-0.000952,0.005128,2.650817
651217325991,0.616078,0.895534,0.007219,-0.041788,0.017900,0.017203,2.563468
651317344011,0.772639,0.845223,-0.172976,-0.012240,-0.004940,0.021590,2.452849
651417362031,0.612664,0.672983,-0.196898,0.012254,-0.001462,-0.018999,2.358427
651517380050,0.410292,0.684555,-0.086159,-0.003339,-0.005978,-0.006318,2.276137
651617398070,0.776004,0.481798,0.067722,-0.010373,0.005464,0.005488,2.157881
651717416090,1.015374,0.277008,0.037576,-0.009669,0.001831,0.010813,2.074566
651817434109,0.790574,0.125179,-0.109632,-0.015877,0.012115,0.020661,1.974125
651917452129,0.634472,0.084497,-0.064013,-0.015710,-0.003269,0.013654,1.852742
652017470149,0.882581,-0.193944,0.021233,-0.014621,0.007106,-0.017452,1.749953
652117488168,1.216934,-0.314308,-0.018621,-0.001870,0.006014,0.017487,1.644219
652217506188,1.296589,-0.161013,-0.190633,-0.021829,-0.000297,0.006297,1.581057
652317524208,1.187614,-0.408750,-0.170607,-0.016848,-0.008839,0.009513,1.413551
652417542227,1.085853,-0.831651,-0.060838,0.008785,-0.020211,-0.018684,1.397234
652517560247,0.804109,-0.893914,0.029515,0.008479,-0.006290,-0.009719,1.280073
652617578267,1.251067,-0.460013,-0.047224,-0.027526,0.021156,0.015894,1.260314
652717596286,1.913774,-0.303789,-0.044363,-0.028343,0.044685,0.036456,1.260274
652817614306,1.296957,-0.542975,-0.037873,0.005168,0.008689,0.013475,1.185230
652917632326,0.902390,-0.757619,-0.019019,0.046468,-0.019758,-0.030518,1.184785
653017650345,1.315760,-0.704325,0.056185,0.043705,-0.043227,-0.040641,1.200032
653117668365,1.757850,-0.431311,0.105050,0.039745,-0.033661,-0.025586,1.188265
653217686385,1.710325,-0.497217,0.022377,0.053160,-0.024947,-0.026324,1.187577
653317704404,1.889892,0.076844,-0.171270,0.068597,-0.075624,-0.043933,1.252111
653417722424,1.308145,-0.311063,-0.000378,0.049811,-0.037497,-0.035996,1.283003
653517740444,0.680979,-0.971855,0.208526,-0.013823,0.031460,0.012679,1.306899
653617758463,1.253126,-0.443636,0.180222,-0.032705,0.088356,0.039722,1.365141
653717776483,1.589709,-0.004937,0.026215,0.025627,-0.019053,-0.009646,1.426592
653817794503,1.663715,0.104039,-0.083401,0.064884,-0.073769,-0.036745,1.456393
653917812522,0.678613,-0.971590,0.212298,0.040893,-0.038550,-0.002378,1.482486
654017830542,0.633233,-1.031059,0.201490,-0.048475,0.087809,0.061611,1.521775
654117848562,1.260175,-0.236140,-0.026548,-0.065919,0.076385,0.043901,1.589462
654217866581,2.029331,0.038236,-0.039606,-0.018770,0.017316,0.021475,1.618933
654317884601,1.592963,-0.304287,-0.010773,0.029112,-0.029556,-0.020735,1.657119
654417902621,0.916515,-0.598236,-0.099638,-0.003048,-0.003635,-0.001900,1.644635
654517920640,0.979773,-0.535662,-0.129459,-0.038795,0.023691,0.027632,1.658609
654617938660,1.061608,-0.619028,0.125289,-0.014405,0.013803,0.010335,1.706048
654717956680,1.531397,-0.602853,0.229220,-0.015119,-0.016283,-0.012095,1.706982
654817974699,1.560156,-0.518871,-0.186366,0.022619,-0.023728,-0.019663,1.730350
654917992719,1.412870,-0.697248,-0.199480,0.011443,-0.001755,-0.004662,1.735193
655018010738,1.567280,-1.030215,0.107530,-0.019515,-0.001207,0.015936,1.753402
655118028758,1.813797,-0.773462,0.209639,-0.030153,0.001786,0.013292,1.772144
655218046778,2.299746,-1.594084,0.246028,-0.012955,-0.000640,0.002949,1.786944
655318064797,2.184721,-1.765978,0.199130,0.010553,0.005183,-0.008809,1.791461
655418082817,1.957899,-0.875495,-0.012920,-0.003763,-0.004572,0.023379,1.815762
655518100837,1.747710,-0.595201,-0.223737,-0.028077,-0.019925,-0.006275,1.833056
655618118856,1.980584,-1.600550,0.210384,-0.015546,0.020742,0.010940,1.841561
655718136876,1.730156,-1.729258,0.148731,0.012087,0.027210,0.023261,1.893401
655818154896,1.370776,-1.046188,0.045454,0.026779,0.012579,-0.010211,1.960243
655918172915,1.560299,-0.532679,0.009099,0.026852,-0.001610,-0.007537,2.019985
656018190935,1.869490,-1.457009,0.138305,0.017450,0.013083,-0.008210,2.176372
656118208955,1.199106,-0.353289,-0.243784,-0.006869,0.015802,0.016109,2.269119
656218226974,1.648762,-1.501147,0.057007,0.019415,0.028082,-0.001481,2.378898
656318244994,1.714653,-1.573811,0.111687,0.011348,0.021276,0.001413,2.513073
656418263014,1.589108,-1.407490,0.457402,0.032061,-0.030739,-0.010151,2.655297
656518281033,1.450966,-1.200500,0.391541,0.024233,0.003403,0.000443,2.771931
656618299053,1.411488,-1.349765,0.218652,-0.022533,0.054854,0.005617,2.887518
656718317073,2.370619,-1.261175,0.259568,-0.064285,0.047385,0.071306,3.016447
656818335092,1.859677,-1.759563,0.431666,0.019164,0.003457,-0.007931,3.169438
656918353112,1.101606,-1.847117,-0.297378,0.068356,-0.083007,-0.035054,3.297396
657018371132,1.147579,-1.952553,-0.204900,0.060693,-0.028071,-0.043342,3.374405
657118389151,1.736354,-2.057786,-0.114985,-0.012555,-0.025661,0.022788,3.532986
657218407171,1.461884,-1.941570,-0.335029,-0.055780,0.077153,0.066435,3.643641
657318425191,0.650921,-2.113527,0.013881,0.026039,0.028070,-0.004007,3.706818
657418443210,0.839055,-1.848602,0.220940,0.063124,-0.062118,-0.040551,3.838359
657518461230,1.259796,-1.462774,0.372182,0.042462,-0.038326,-0.008458,3.951158
657618479250,1.058166,-0.687611,-0.175605,-0.006284,0.068018,0.023023,4.059908
657718497269,0.956954,-0.593242,-0.322801,-0.021358,0.045727,0.015834,4.201948
657818515289,1.118646,-0.637432,-0.188476,-0.003041,0.027135,0.023801,4.301743
657918533309,1.648876,-0.546904,-0.197438,-0.027243,-0.031000,-0.022589,4.460193
658018551328,2.393827,-0.857358,-0.064561,-0.050253,0.016494,0.013379,4.540814
658118569348,2.196521,-0.587141,0.079695,-0.086219,0.068333,0.064037,4.706412
658218587368,2.301668,-0.864133,0.099975,-0.049386,0.066221,0.053271,4.763863
658318605387,1.998103,-1.458186,0.102117,0.006882,-0.020311,-0.015156,4.870246
658418623407,0.854348,-1.983424,0.220767,0.029377,0.013152,-0.018208,4.938652
658518641427,0.678706,-1.985292,0.127351,-0.064815,0.130620,0.073343,4.943677
658618659446,1.535069,-0.673070,-0.095091,-0.078658,0.104243,0.059569,4.958609
658718677466,2.405818,0.188071,0.379883,-0.030284,-0.047459,-0.013490,5.090545
658818695485,1.268735,-0.724393,0.616199,0.092231,-0.124120,-0.094254,5.203162
658918713505,0.853828,-1.398224,0.013899,-0.015078,0.009264,0.035805,5.334766
659018731525,0.640919,-1.204242,0.261626,-0.053017,0.117741,0.103551,5.480700
659118749544,2.297311,-0.746572,-0.172617,-0.029035,0.034441,0.009733,5.559913
659218767564,2.524369,-0.767914,-0.151863,0.130830,-0.125347,-0.094958,5.700244
659318785584,1.431700,-0.789732,0.094933,0.071277,-0.087443,-0.057965,5.804085
659418803603,-0.215476,-1.793403,0.343337,-0.087965,0.026436,0.069498,5.901372
659518821623,0.494792,-1.324239,-0.092576,-0.116152,0.140234,0.107844,5.962245
659618839643,2.679785,0.344013,-0.761984,0.081577,-0.031398,-0.028751,6.119822
659718857662,3.105826,0.594907,-0.332413,0.155742,-0.242608,-0.139149,6.190046
659818875682,1.796068,-0.151868,-0.484230,0.060751,-0.111695,-0.084280,6.262594
659918893702,0.329145,-2.776472,0.836824,-0.065502,0.043997,0.039232,6.388261
660018911721,1.987732,-3.129117,1.455445,-0.124356,0.144049,0.105733,6.468171
660118929741,2.869861,-1.585766,0.172142,0.052418,0.009175,-0.000217,6.473383
660218947761,2.090546,-1.187291,-0.693735,0.056717,-0.141796,-0.056694,6.623374
660318965780,0.809078,-2.140096,-0.304989,0.068138,-0.050120,-0.069210,6.661293
660418983800,0.666567,-1.885240,-0.089518,-0.097192,0.117735,0.085186,6.803776
660519001820,1.521553,-0.998710,0.142417,-0.036596,0.143728,0.076543,6.926767
660619019839,2.974165,-0.406476,0.053798,0.042096,-0.006181,-0.018280,7.069527
660719037859,2.295687,-0.531739,0.490395,0.103920,-0.023921,-0.062446,7.146370
660819055879,0.834359,-0.796171,0.153686,-0.020355,0.112715,0.059376,7.228482
660919073898,0.412779,-1.668593,0.282429,-0.068938,0.180691,0.106223,7.403601
661019091918,1.409028,-0.714826,0.247933,-0.091582,0.142147,0.079520,7.473685
661119109938,0.876215,0.118019,0.019357,-0.109570,0.155011,0.047902,7.569286
661219127957,-0.856176,-1.256437,0.244039,0.002757,0.062000,-0.029717,7.632209
661319145977,1.216923,-0.428073,-0.026402,-0.012558,0.029426,0.020921,7.787950
661419163997,1.016851,0.446241,0.271366,0.003786,0.032404,-0.033341,7.935795
661519182016,2.198888,0.464441,0.471813,-0.085190,0.128546,0.059818,7.948161
661619200036,2.010286,0.434701,-0.040509,-0.012021,0.044635,-0.082707,8.094573
661719218056,0.828172,0.118930,1.056037,-0.174267,-0.084209,0.084546,8.175984
661819236075,1.818349,0.536684,1.643997,-0.062858,-0.061024,-0.057499,8.186585
661919254095,-0.322461,1.029079,1.078225,0.046718,0.152761,-0.056589,8.248804
662019272115,-1.207489,0.209238,0.766459,0.085800,-0.111267,-0.054675,8.266024
662119290134,-0.173348,0.859536,1.131720,0.061971,0.056233,-0.175973,8.327679
662219308154,1.302163,-0.282739,0.360066,-0.190558,0.067425,0.153655,8.349508
662319326174,1.095351,-1.017733,-0.106297,-0.193877,0.184223,0.094498,8.398345
662419344193,-0.075352,-1.368221,-0.364476,-0.100676,0.111638,0.032908,8.415386
662519362213,-0.367719,-0.776763,-0.098459,-0.055090,0.122780,-0.007016,8.413192
662619380232,-0.224507,-0.689641,-0.031097,-0.072655,0.117957,0.004736,8.448553
662719398252,0.038673,-1.291842,-0.358946,-0.084609,0.048432,-0.062211,8.551717
662819416272,-0.088419,-1.016512,-0.080455,-0.068755,0.082046,-0.060460,8.647823
662919434291,0.540764,-0.721772,0.286967,-0.140927,0.160730,0.058967,8.516945
663019452311,1.652868,-0.052800,-0.124832,-0.229202,0.258561,0.113619,8.517480
663119470331,0.012228,-1.086493,-0.201082,-0.147199,0.167148,0.082432,8.583992
663219488350,-1.002520,-1.621466,0.018386,0.118404,-0.138493,-0.176844,8.703012
663319506370,1.419476,0.030270,0.058931,0.067628,-0.117793,-0.130497,8.657117
663419524390,2.673762,0.650610,0.103279,-0.097140,0.063926,0.011198,8.624881
663519542409,1.049073,-0.543284,0.401962,-0.211158,0.204718,0.151309,8.658083
663619560429,-1.191059,-1.692251,0.382534,-0.082457,0.128161,0.041328,8.707652
663719578449,-0.206192,-0.605602,-0.026798,0.070919,-0.014636,-0.082335,8.697070
663819596468,1.944337,1.513172,-0.485709,0.153133,-0.108861,-0.157965,8.735692
663919614488,1.323889,-0.106227,0.209092,0.028504,-0.066045,-0.099897,8.768516
664019632508,0.374095,-1.073303,0.276175,-0.185504,0.143019,0.075913,8.754106
664119650527,-0.159963,-1.423501,0.024242,-0.119303,0.129245,0.047649,8.810603
664219668547,0.042399,-0.031451,-0.137414,0.040907,0.024659,-0.064421,8.842973
664319686567,1.218984,0.276777,-0.295264,0.087163,-0.019195,-0.073989,8.877985
664419704586,1.958038,0.070196,-0.489303,-0.050006,0.115802,0.049956,8.944636
664519722606,0.951357,-0.372750,-0.395829,-0.098197,0.080813,0.083777,8.984601
664619740626,0.205884,-0.364211,-0.028350,-0.012320,0.004493,-0.001288,9.036755
664719758645,0.129461,-0.163741,-0.025278,0.085108,-0.059141,-0.029697,8.992563
664819776665,1.649099,1.531739,-0.351673,0.066333,-0.027587,-0.007917,9.057187
664919794685,0.903706,0.716680,-0.346017,-0.033061,0.081609,0.051883,9.058097
665019812704,0.938319,-0.217939,-0.433562,-0.077545,0.066378,0.094203,9.178494
665119830724,1.000092,0.401563,-0.687122,-0.035206,0.053980,0.046013,9.217504
665219848744,1.568439,1.403179,-0.702766,0.087577,-0.109992,-0.062059,9.252563
665319866763,1.332417,1.452503,-0.347021,0.041184,-0.134695,-0.113485,9.213068
665419884783,-0.963664,-0.783069,-0.294298,-0.090381,0.007809,0.043000,9.290756
665519902803,-0.450696,-1.498921,-0.488756,-0.168458,0.106736,0.137262,9.268916
665619920822,0.591663,0.142338,-0.353514,0.000654,-0.042232,0.013359,9.432213
665719938842,1.610745,1.498651,-0.260427,0.063630,-0.190340,-0.051753,9.441887
665819956862,1.830196,0.648348,0.061594,0.059246,-0.202352,-0.117592,9.465179
665919974881,-0.101591,-0.513695,0.611972,-0.037596,-0.074385,-0.001870,9.547665
666019992901,-0.124861,-0.073638,0.322384,-0.081392,0.055830,0.027835,9.556721
666120010921,1.061495,-0.386641,-0.078816,0.036383,-0.119613,-0.019868,9.570668
666220028940,2.571034,0.254520,-0.365403,0.102997,-0.227818,-0.115747,9.589290
666320046960,1.845074,-0.300975,-0.428583,0.052166,-0.147401,-0.098268,9.640599
666420064979,0.766746,-2.076105,-0.462247,-0.193645,0.174942,0.115975,9.713774
666520082999,0.799536,-2.392051,-0.012241,-0.218339,0.166195,0.224704,9.732431
666620101019,2.569717,-0.652966,0.213874,-0.066813,0.079426,0.020759,9.828680
666720119038,1.965858,0.796180,-0.175833,0.067628,-0.031077,-0.048475,9.848781
666820137058,0.392755,1.414784,-0.543015,0.066237,0.023960,-0.009824,9.875134
666920155078,-0.008161,-1.059124,-0.272858,-0.074019,0.089500,0.069258,9.833575
667020173097,1.339352,-1.075802,-0.113878,-0.143025,0.108916,0.068111,9.874186
667120191117,2.675781,0.720040,-0.292747,-0.076532,0.038660,0.064955,9.901003
667220209137,2.807378,-0.061669,-0.216287,0.132930,-0.136569,-0.099217,9.955609
667320227156,1.699345,-0.398136,-0.027951,0.047175,-0.092032,-0.011003,9.898191
667420245176,-0.744513,-0.142925,-0.941621,-0.062012,0.100865,-0.003787,9.949955
667520263196,-0.600703,-0.429690,-1.287972,-0.158988,0.108173,0.135194,10.053458
667620281215,1.729311,-1.431642,-0.711638,0.017711,0.055906,-0.042606,10.080520
667720299235,2.025402,-0.925926,-1.172348,0.000275,-0.060899,0.010506,10.059188
667820317255,1.033292,0.125654,-1.261528,0.035931,0.020001,-0.066068,10.141146
667920335274,-0.657247,-0.678661,-0.909786,-0.075874,0.074912,-0.006814,10.151808
668020353294,0.513382,-2.180158,-0.722528,0.013063,0.032721,-0.035757,10.164203
668120371314,1.775156,-1.471543,-0.499539,0.072896,0.001372,-0.082434,10.177644
668220389333,2.134548,-0.804271,-0.460421,-0.019474,0.028534,-0.009222,10.166446
668320407353,1.532159,-0.547887,-0.307433,-0.064178,0.027034,0.025700,10.242936
668420425373,1.478471,1.654526,-0.718602,-0.113455,0.028379,0.069299,10.273719
668520443392,1.883348,0.189779,-0.590444,-0.030167,0.018382,0.005730,10.301449
668620461412,1.693959,-0.016967,-0.778710,-0.056400,-0.098210,0.083818,10.405806
668720479432,1.267633,1.222922,-1.211974,-0.011128,0.054947,0.014971,10.382570
668820497451,0.942436,0.343948,-0.978490,-0.000874,0.036349,-0.017616,10.389099
668920515471,0.359105,0.038441,-0.024057,0.006039,-0.033013,-0.021821,10.407849
669020533491,0.195871,2.186325,-0.480232,0.016466,-0.032119,0.050110,10.444385
669120551510,0.389012,1.438077,-0.363293,0.025185,-0.067193,-0.058975,10.514455
669220569530,0.366067,1.746834,0.289781,0.030289,-0.123511,0.035401,10.452456
669320587550,0.826992,0.911190,1.107071,-0.024452,-0.018800,0.098280,10.598596
669420605569,0.349234,1.297447,0.873703,0.038529,-0.055954,-0.051470,10.442609
669520623589,0.753379,1.944027,0.316050,0.103478,-0.025560,-0.046402,10.495327
669620641609,0.418640,0.065563,-0.091533,0.033617,-0.080193,-0.037383,10.643858
669720659628,0.943667,0.237673,0.016498,0.016206,-0.004290,-0.019210,10.629785
669820677648,0.944560,1.905882,-0.157523,-0.089354,0.001252,0.073480,10.565382
669920695668,0.139968,1.549102,-0.430505,-0.117728,0.129735,0.057236,10.570881
670020713687,-0.518670,1.094237,-0.597267,-0.047922,0.022368,0.059827,10.561945
670120731707,0.810615,1.371185,-0.540037,0.128946,-0.115623,-0.052042,10.529211
670220749726,2.210795,1.522944,-0.035454,0.061882,-0.145091,-0.047101,10.537334
670320767746,1.693086,1.893515,-0.300299,-0.011293,0.041515,0.063638,10.566575
670420785766,0.705317,0.057624,-0.413807,-0.051891,0.144891,0.065288,10.456834
670520803785,0.785452,-0.372188,-0.524062,0.040332,0.041344,0.017306,10.455342
670620821805,1.345091,0.749022,-0.523410,0.109535,-0.059027,-0.035131,10.409431
670720839825,1.706386,1.241521,-0.192225,0.064697,-0.142376,-0.048087,10.410553
670820857844,0.356559,1.181659,-0.383927,0.015709,-0.010435,0.009890,10.376803
670920875864,-0.801375,0.625589,-0.276338,-0.161304,0.136178,0.135080,10.344476
671020893884,-0.075141,1.519004,-0.001385,-0.093966,-0.026853,0.084831,10.259083
671120911903,1.271249,1.762196,0.422523,0.146090,-0.155417,-0.065041,10.256602
671220929923,1.745158,3.353743,-0.408827,0.262219,-0.244455,-0.122628,10.131163
671320947943,1.971894,4.892489,0.906241,-0.267648,0.220912,0.319575,10.075572
671420965962,1.724116,3.746419,1.184915,-0.185180,0.177074,0.198459,10.046690
671520983982,0.520235,0.610672,0.514732,0.155053,-0.137583,-0.094339,9.972002
671621002002,-2.180036,-2.061715,-0.607800,0.207851,-0.234386,-0.133875,9.929998
671721020021,-1.650352,0.368282,-0.240329,-0.166113,0.159739,0.154245,9.936551
671821038041,1.643274,1.402431,0.285336,-0.236988,0.148501,0.130577,9.847686
671921056061,1.543568,1.049132,-0.055008,-0.050775,0.015882,0.038406,9.785555
672021074080,0.143063,0.580569,-0.063157,0.067601,-0.097433,-0.087590,9.773338
672121092100,0.222906,0.106085,0.212203,0.005645,-0.026801,0.007552,9.761116
672221110120,1.467022,1.739626,0.321907,-0.055842,0.117479,0.082054,9.637223
672321128139,0.944731,0.737964,-0.250048,-0.211038,0.365963,0.243165,9.580814
672421146159,-0.919702,-1.956601,-0.334525,-0.180752,0.264794,0.064841,9.589584
672521164179,-0.378515,-2.982638,0.240144,0.209888,-0.245927,-0.252717,9.562960
672621182198,3.740102,-1.496328,1.202602,0.304389,-0.176893,-0.317942,9.477998
672721200218,3.386885,1.597165,1.333773,-0.036816,0.077139,0.017724,9.493697
672821218238,0.751837,1.636438,0.383095,-0.266257,0.191324,0.080905,9.620244
672921236257,-0.397285,-1.608513,-0.379503,-0.065438,0.117642,-0.039684,9.520083
673021254277,1.057613,-1.433997,-0.145769,0.130507,-0.146372,-0.087609,9.544768
673121272297,3.172684,0.259772,-0.031325,0.153327,-0.274361,-0.248180,9.553652
673221290316,3.222773,0.246154,0.135703,0.020683,-0.097559,-0.000146,9.570921
673321308336,3.535356,0.505498,0.254147,-0.147750,0.163304,0.130852,9.609589
673421326356,-0.704456,0.509816,0.258182,-0.060894,0.089649,0.002482,9.653294
673521344375,-0.701239,-0.895017,0.942476,-0.007335,-0.014234,-0.025531,9.701202
673621362395,2.243040,0.613786,0.316461,0.065917,-0.148241,-0.023872,9.781675
673721380414,1.916483,0.952051,0.203087,0.015456,0.002520,0.000202,9.845372
673821398434,0.534581,-0.087164,0.207273,-0.052470,0.051575,0.026748,9.871483
673921416454,0.129427,-0.589254,-0.037810,-0.075113,0.137247,0.070872,9.945749
674021434473,1.092647,-1.113449,-0.300244,-0.048807,0.034733,0.027016,9.992245
674121452493,0.847987,0.818907,-0.071079,0.011039,-0.028154,-0.126221,10.059216
674221470513,0.741576,0.715203,-0.208262,-0.023896,0.013413,-0.038471,10.154165
674321488532,0.699377,-0.166297,-0.176966,-0.013198,0.061932,-0.011626,10.168063
674421506552,0.774436,0.673776,-0.713590,-0.048356,0.030857,0.035864,10.236213
674521524572,1.053944,0.121403,-0.196386,-0.039563,0.023559,0.020624,10.301101
674621542591,0.476464,0.302944,-0.434311,-0.064134,0.058485,0.082085,10.447879
674721560611,1.470558,0.552607,-0.537246,-0.071608,0.058452,0.040927,10.429910
674821578631,2.575566,-0.147163,0.017059,0.035037,0.104904,0.045583,10.471416
674921596650,0.655780,1.161228,-0.684746,0.080959,0.070668,-0.053246,10.535961
675021614670,0.073228,0.713440,-0.099933,-0.060902,-0.022677,0.000861,10.630277
675121632690,0.507955,1.065757,0.072126,-0.062890,0.096330,0.056403,10.716536
675221650709,1.025607,1.379224,-0.293102,-0.062478,0.156937,0.017360,10.704763
675321668729,-0.268031,-0.662488,0.215019,-0.004985,-0.012313,-0.000144,10.745635
675421686749,0.409512,0.332244,0.159552,0.085960,-0.114167,-0.029974,10.785689
675521704768,2.059528,1.662916,-0.322723,0.170988,-0.127062,-0.128429,10.803190
675621722788,0.673722,-0.691491,-0.991601,0.049476,-0.138818,0.008898,10.903515
675721740808,0.420723,-1.096779,-1.062745,-0.138277,0.158146,0.146292,10.809326
675821758827,0.298721,-0.570717,-1.003482,-0.210402,0.265927,0.192369,10.890229
675921776847,2.471035,0.856741,-1.296092,-0.045667,0.356495,0.042782,10.854782
676021794867,1.355342,-0.742556,-0.941598,-0.167462,0.126383,0.136414,10.869017
676121812886,1.205029,-0.927505,-0.500914,-0.138227,0.158166,0.053033,10.776426
676221830906,0.745926,0.567253,0.035942,0.016817,-0.105518,-0.027619,10.884081
676321848926,0.232048,2.174324,-0.079994,0.048046,-0.052577,-0.013533,10.854129
676421866945,0.410838,0.941968,-0.181854,-0.016214,-0.132780,-0.137233,10.848156
676521884965,1.571047,0.436100,-0.111580,0.037850,-0.051110,-0.095571,10.817309
676621902985,1.283567,0.322806,-0.080116,0.076118,0.038429,0.042122,10.870766
676721921004,-0.001647,0.999710,0.317644,0.075397,-0.015454,-0.051572,10.818846
676821939024,1.740223,1.225733,-0.311036,0.129997,-0.097162,-0.019406,10.811269
676921957044,0.110521,-0.152526,-0.326782,-0.042179,0.059193,0.056502,10.859498
677021975063,-2.148276,0.205017,-0.015348,-0.217838,0.265467,0.174231,10.779952
677121993083,0.708628,0.694454,0.089385,-0.209535,0.240430,0.226784,10.820185
677222011103,2.158912,0.628485,-0.053019,0.059749,-0.011763,-0.050397,10.754331
677322029122,-2.400580,-0.700494,0.245159,0.164927,-0.397209,-0.157622,10.799552
677422047142,-2.000312,-1.422306,-0.161575,0.247014,-0.288635,-0.298743,10.739930
677522065161,1.846783,1.242008,-0.556738,-0.109602,0.043537,0.074660,10.742610
677622083181,3.400603,2.784518,-0.529248,-0.262126,0.211906,0.275667,10.639552
677722101201,1.355883,1.133211,-0.492860,-0.050513,0.056883,0.101575,10.640811
677822119220,0.658957,0.130468,-0.437400,-0.029119,0.040199,-0.017050,10.651529
677922137240,1.119126,-0.016810,-0.253537,0.045150,0.011844,-0.019079,10.562740
678022155260,2.024152,0.129613,0.108506,-0.028627,0.066852,-0.080367,10.525787
678122173279,2.074342,0.228910,-0.328490,-0.172092,0.279748,0.146183,10.475948
678222191299,0.014411,-1.034537,-0.754509,-0.083348,0.070062,0.071047,10.444754
678322209319,0.204394,-1.508692,-0.138375,0.050855,0.016012,-0.097222,10.328309
678422227338,1.800765,0.657472,-0.197779,0.128324,-0.002123,-0.045256,10.472777
678522245358,2.516535,0.731551,0.035731,-0.063230,0.108237,0.078426,10.449988
678622263378,1.126391,1.326630,-0.798289,-0.268890,0.190643,0.139614,10.422861
678722281397,0.127308,-0.274724,-0.343565,-0.142025,0.057070,0.091628,10.436285
678822299417,2.290189,-1.116919,-0.312834,0.041212,-0.013979,-0.072691,10.345823
678922317437,2.252791,-0.567048,0.124641,0.081492,0.002866,-0.032266,10.374790
679022335456,-0.242536,0.131726,0.144122,0.092642,0.005472,-0.071011,10.398299
679122353476,0.618808,0.840473,-0.802963,-0.063870,-0.011102,0.033968,10.370281
679222371496,1.923903,0.719690,-1.047554,-0.084689,-0.012428,0.039657,10.369114
679322389515,3.175489,1.027168,-0.675334,0.051763,-0.140679,-0.002782,10.395512
679422407535,2.864914,0.165507,-0.390015,0.218017,-0.152965,-0.186138,10.306379
679522425555,1.553927,-0.336935,-0.104924,0.108571,-0.032021,-0.021135,10.318115
679622443574,1.571770,0.552894,-0.491475,-0.048444,-0.059610,0.124753,10.347342
679722461594,2.462424,-0.221318,-0.004963,-0.055544,0.066609,0.080907,10.407929
679822479614,1.007296,1.466343,-0.208031,-0.042203,0.042600,0.030183,10.381896
679922497633,0.569403,0.876224,-0.273995,0.041003,-0.056268,-0.077126,10.329313
680022515653,0.821108,-1.050151,0.185962,0.049299,-0.052291,-0.010337,10.330134
680122533673,1.239652,-0.994322,0.100459,-0.000537,0.069259,-0.015643,10.348998
680222551692,1.768255,0.690106,-0.379247,0.006781,0.084010,0.032860,10.379932
680322569712,1.911056,0.608909,-0.384056,0.086260,-0.022769,-0.066786,10.393244
680422587732,1.306015,0.237746,-0.004008,0.027892,-0.132420,0.011450,10.402046
680522605751,0.049838,-1.685345,0.391975,-0.014013,-0.067950,0.031878,10.422528
680622623771,0.127630,-0.915044,-1.606696,-0.088446,-0.069080,0.089404,10.422773
680722641791,0.313889,-0.381663,-1.506280,0.165241,-0.174389,-0.186053,10.500230
680822659810,4.536006,1.614262,-0.584314,0.331791,-0.451893,-0.110665,10.486408
680922677830,5.159126,-0.065306,-0.449731,0.304097,-0.080512,-0.130362,10.574048
681022695850,-1.812751,-3.072956,-0.311332,-0.167426,0.402840,0.038915,10.611513
681122713869,-3.493975,-2.480502,-0.688179,-0.645807,0.731816,0.573281,10.660131
681222731889,6.774654,2.357710,-1.938214,-0.601309,0.497035,0.321011,10.679111
681322749908,3.497591,2.190726,-1.487931,-0.024603,-0.190696,-0.062602,10.582454
681422767928,-2.756637,-0.626739,-1.083879,0.269343,-0.455287,-0.187979,10.583982
681522785948,-0.634212,-1.295743,0.095043,0.272152,-0.246310,-0.277800,10.655659
681622803967,2.950466,0.271265,0.595262,0.029612,-0.008978,0.056790,10.589107
681722821987,2.312212,1.885948,-0.384361,-0.115545,0.333802,0.228113,10.752544
681822840007,-1.373294,1.655027,-0.393657,-0.061194,0.035370,0.044830,10.784210
681922858026,-0.841051,0.495458,-0.598040,-0.006048,-0.092938,-0.073262,10.741696
682022876046,1.233470,0.010725,-0.099745,-0.080826,-0.033198,0.039172,10.557540
682122894066,2.077708,1.050864,0.218647,-0.130279,0.133487,0.082272,10.677104
682222912085,2.299315,1.182768,0.612927,-0.107517,0.225103,0.151126,10.725270
682322930105,-0.660737,0.884784,0.352296,-0.007676,0.143513,-0.003871,10.629780
682422948125,-0.738764,1.311226,0.271571,0.012667,-0.000695,0.006955,10.599450
682522966144,0.837963,1.298767,0.709532,0.022381,0.059324,-0.038446,10.799891
682622984164,1.753384,0.819983,0.567106,-0.149214,0.133410,0.140246,10.698154
682723002184,1.011274,-0.203071,0.309416,-0.113087,0.188382,0.049526,10.609838
682823020203,0.074901,-1.059166,-0.161843,-0.038139,0.158040,0.039237,10.472853
682923038223,1.748543,-1.521613,-0.248455,0.088125,-0.054830,-0.084500,10.524124
683023056243,2.629211,-0.797830,-0.744284,0.102425,-0.224134,-0.072606,10.652456
683123074262,1.379377,-0.289806,-0.436940,0.120748,-0.134916,-0.098981,10.628102
683223092282,1.243838,2.781856,1.704626,-0.130261,-0.038982,0.109161,10.532393
683323110302,2.802615,2.345922,1.615045,0.134659,-0.327026,-0.135708,10.512448
683423128321,1.458195,1.980661,1.331644,0.428280,-0.383758,-0.432693,10.468351
683523146341,-1.882813,-2.282493,2.464116,0.196889,-0.660282,-0.176226,10.592451
683623164361,2.312531,1.964597,2.132041,0.053825,-0.322981,-0.082835,10.651126
683723182380,4.852927,5.803888,1.425867,-0.554841,0.467281,0.489521,10.518290
683823200400,-0.226843,1.365862,2.258338,-0.220253,0.328744,0.222856,10.639495
683923218420,-2.486730,-0.114076,1.693606,0.183872,0.021412,-0.188174,10.618688
684023236439,-1.003909,2.667814,0.554864,0.214516,-0.362619,-0.082654,10.730981
684123254459,2.275835,3.736033,0.491054,0.008299,0.030281,0.005848,10.677563
684223272479,3.316946,2.468579,0.523313,-0.357123,0.254398,0.261210,10.765928
684323290498,-0.178019,-0.904619,0.314991,-0.206136,0.312594,0.202462,10.831479
684423308518,-1.356954,-2.230287,0.462302,0.022178,-0.082161,-0.048160,10.789534
684523326538,0.687832,0.065835,0.522138,0.255916,-0.309612,-0.251634,10.829093
684623344557,3.197310,2.430508,-0.220630,0.054367,-0.004459,-0.032349,10.902125
684723362577,2.423738,2.214940,-1.066663,-0.107602,0.342702,0.110997,10.802986
684823380597,0.655264,-0.159215,-0.644445,-0.072706,0.282450,0.126532,10.812666
684923398616,0.685657,-1.798000,-0.509497,0.123343,-0.010529,-0.086276,10.872450
685023416636,1.806378,0.451005,-0.814845,0.071854,-0.186239,-0.074626,10.817715
685123434655,1.484167,0.306903,-1.130427,0.012079,-0.110437,-0.008334,10.797209
685223452675,0.907147,0.107992,-1.195417,-0.016456,0.050491,0.039525,10.779196
685323470695,-0.019508,-1.095440,-0.556159,-0.005973,-0.074235,0.079761,10.706124
685423488714,1.223641,0.256077,-0.631952,0.148605,-0.083754,-0.099708,10.803643
685523506734,2.049668,0.909755,0.401339,0.053410,-0.039044,-0.019876,10.836088
685623524754,2.459738,1.926889,-0.082259,-0.113649,0.168144,0.131069,10.704382
685723542773,-1.052960,1.597367,0.312166,-0.134145,0.213744,0.155495,10.891291
685823560793,0.101292,-0.760194,-0.067486,-0.010540,-0.053601,-0.014318,10.759180
685923578813,3.509197,-0.047648,-0.433236,0.128418,-0.214268,-0.088217,10.644386
686023596832,3.512672,0.966098,0.416970,0.148701,-0.234957,0.016083,10.673508
686123614852,2.396595,1.631579,0.200850,-0.038338,0.043167,0.175828,10.625996
686223632872,1.527493,1.576793,-0.036639,0.040633,0.042074,-0.074264,10.574199
686323650891,1.175500,1.735440,0.471227,0.081456,-0.045364,0.055351,10.647754
686423668911,0.866537,2.513801,0.758312,-0.110944,-0.247653,0.112369,10.653976
686523686931,1.019152,3.095041,0.653137,-0.275907,-0.024192,0.284221,10.663129
686623704950,3.010120,1.530107,0.804916,-0.076360,0.074675,0.048601,10.675944
686723722970,-0.936991,-2.461463,1.355011,0.140160,-0.103988,-0.051811,10.629333
686823740990,-3.120344,-2.530992,1.440240,0.268778,-0.740575,-0.276464,10.611683
686923759009,2.611782,0.505000,-0.160399,0.248027,-0.330669,-0.238705,10.781455
687023777029,4.201864,2.453346,-0.317713,-0.082101,0.017194,0.096541,10.710056
687123795049,-1.474137,-1.033970,0.375252,-0.239734,0.251800,0.157140,10.675315
687223813068,-1.656402,-1.765266,0.308191,-0.163652,0.277167,0.121425,10.714687
687323831088,1.428249,-0.464303,-0.074829,0.125032,-0.088403,-0.165413,10.786517
687423849108,2.907513,0.431935,-0.433668,0.121795,-0.141196,-0.097599,10.716535
687523867127,1.376390,-0.093706,-0.328063,0.049487,-0.031123,-0.005732,10.716923
687623885147,0.054851,-0.123624,-0.203615,0.040817,-0.025527,-0.055921,10.821917
687723903167,0.284900,-0.174454,-0.058989,0.018950,-0.051635,-0.039459,10.863958
687823921186,0.898163,-0.536835,-0.180136,0.048115,-0.013481,-0.055019,10.741347
687923939206,1.710462,0.911960,-0.499560,0.010348,-0.013518,-0.033395,10.837062
688023957226,1.957983,0.388908,-0.323356,-0.113278,0.080823,0.090327,10.765304
688123975245,-0.094628,-2.022479,0.310591,-0.173482,0.198728,0.172785,10.745981
688223993265,0.451542,-1.882416,0.694580,0.093096,0.137288,-0.018930,10.753116
688324011285,3.672246,1.431233,0.283760,0.135544,0.008395,0.006018,10.676368
688424029304,2.041899,1.102223,0.305806,0.149880,-0.188040,-0.126223,10.643258
688524047324,0.374045,0.165046,0.293448,0.069406,-0.197702,-0.082135,10.721416
688624065344,2.079800,0.796613,0.017484,0.083217,-0.100384,-0.059690,10.685562
688724083363,1.859168,0.525279,0.306131,-0.000002,-0.075290,0.030877,10.664233
688824101383,2.775781,1.502351,0.022319,0.076123,-0.115950,0.027003,10.496765
688924119402,1.056032,-0.003661,0.780687,0.103704,-0.158912,-0.053320,10.540419
689024137422,-0.323957,-0.463030,0.783150,0.044263,-0.045078,-0.078684,10.638448
689124155442,-0.003997,0.333702,-0.103211,-0.040805,0.103837,0.080162,10.676138
689224173461,1.432142,-0.235731,-0.150513,-0.072187,0.047494,0.007096,10.723869
689324191481,2.609050,0.147966,-0.196303,0.090850,-0.168664,-0.104660,10.723973
689424209501,2.417377,0.069325,-0.549959,0.059278,-0.132416,-0.062281,10.671047
689524227520,1.414368,-0.561856,0.130055,-0.005104,-0.001496,0.033263,10.911750
689624245540,2.366857,0.575304,0.577189,-0.098330,0.095024,0.090539,10.926536
689724263560,2.560683,1.875859,-0.582989,-0.089952,0.149416,0.093046,10.844299
689824281579,6.574931,4.363971,-0.611267,0.326609,-0.259865,-0.127809,10.963933
689924299599,2.617056,-0.276719,-0.741373,0.445518,-0.559179,-0.417948,11.115710
690024317619,-0.836716,-3.010270,-0.060779,0.397277,-0.337228,-0.068902,10.966849
690124335638,1.355556,-0.873251,-0.511674,-0.145225,0.211177,0.317083,11.105836
690224353658,3.731370,0.724600,-1.294597,-0.049084,0.168068,0.056133,11.090936
690324371678,3.911116,1.260100,-1.041879,0.122626,-0.364009,-0.019179,11.153908
690424389697,-1.018906,-1.491766,0.252826,0.292181,-0.368878,-0.271500,11.187168
690524407717,-1.896183,-1.801102,0.612015,0.038040,-0.044064,0.019012,11.201957
690624425737,2.780004,1.691009,0.405385,-0.156788,0.285532,0.220961,11.214528
690724443756,3.595364,2.329886,-0.277307,-0.272402,0.286525,0.251001,11.192000
690824461776,0.755919,0.982939,0.154802,-0.023804,-0.026285,0.071663,11.227385
690924479796,-1.271176,0.753927,0.663133,0.311789,-0.457389,-0.247689,11.212404
691024497815,2.763812,1.918110,0.741124,0.330935,-0.295123,-0.232976,11.270269
691124515835,3.805260,2.461761,0.574259,-0.033694,-0.004087,-0.030042,11.165242
691224533855,0.887612,-0.696989,0.529552,-0.286141,0.165983,0.169850,11.116126
691324551874,-1.518193,-2.431977,-0.107383,-0.187357,0.150579,0.158374,11.192637
691424569894,1.388276,-0.686646,-0.230570,0.178499,-0.162651,-0.042259,11.220412
691524587914,4.062552,1.439030,0.076042,0.328145,-0.380426,-0.332881,11.184924
691624605933,1.459130,0.177860,0.136994,0.203775,-0.246246,-0.004347,11.143613
691724623953,0.135443,-0.485021,0.034454,-0.135893,0.202327,0.217492,11.148742
691824641973,0.877017,-0.202457,-0.455758,-0.111497,0.136397,0.089877,11.204879
691924659992,2.809347,1.529645,-0.636562,0.118824,-0.088816,-0.008026,11.183575
692024678012,3.400468,1.432899,-0.169961,0.150660,-0.233522,-0.181299,11.155432
692124696032,1.420545,0.240512,0.176799,-0.007722,0.020651,0.043423,11.225167
692224714051,-1.371693,-1.024978,-0.607177,-0.196302,0.203906,0.274213,11.200081
692324732071,-0.259484,-0.413697,-0.260899,-0.218801,0.292374,0.194695,11.191998
692424750091,2.585900,2.842773,-0.033854,-0.058518,0.073695,0.051836,11.185607
692524768110,0.540889,1.211356,0.342820,0.248968,-0.190917,-0.213055,11.221852
692624786130,0.140695,0.147572,0.210230,0.153328,-0.097436,-0.046061,11.216487
692724804149,0.240149,-0.397451,0.560423,0.050600,0.035501,-0.002840,11.129490
692824822169,0.821668,0.069155,0.372343,-0.009612,0.027871,0.144156,11.166157
692924840189,0.973230,0.029179,-0.183681,-0.054057,-0.009458,0.089437,11.103443
693024858208,1.270618,0.016730,-0.713947,0.035756,-0.023646,-0.035688,11.140333
693124876228,1.085158,-0.340790,-0.632609,0.074863,0.035433,-0.025846,11.083194
693224894248,1.403602,-0.321233,-0.132723,-0.024932,-0.037899,0.078157,10.988447
693324912267,1.574928,0.235507,0.355015,-0.019145,0.005382,0.030792,10.961719
693424930287,0.713958,-0.094439,0.429240,-0.037246,0.019588,0.086212,10.984075
693524948307,1.434960,0.475714,0.211639,0.013149,0.037484,0.027288,10.980335
693624966326,1.105776,1.271341,0.033970,0.002057,0.019854,0.037935,10.903463
693724984346,0.948439,1.039973,-0.139997,0.020737,-0.040476,-0.022508,10.871074
693825002366,0.952965,0.450191,-0.108715,0.014010,-0.013938,0.026965,10.726251
693925020385,0.764299,-0.126886,-0.153411,-0.014720,-0.003899,0.010448,10.757776
694025038405,1.028387,-0.139999,0.175265,-0.054944,0.032148,0.071348,10.740331
694125056425,0.554213,0.037607,0.310606,-0.090693,0.038781,0.063587,10.702000
694225074444,0.134140,-0.096798,0.428585,0.020040,0.038765,0.009810,10.690436
694325092464,0.544498,0.824561,-0.047383,0.058996,-0.014642,-0.052310,10.673128
694425110484,0.367460,0.839738,-0.153330,0.025611,-0.010306,0.053772,10.579377
694525128503,0.468662,0.757484,0.159065,0.011623,-0.020919,0.015320,10.601880
694625146523,0.641699,-0.240210,0.067633,-0.028820,-0.011651,0.069182,10.526404
694725164543,-0.077527,-1.017828,0.065850,0.062565,-0.127227,-0.047769,10.528646
694825182562,-0.058880,-0.535367,0.094975,0.137190,-0.168155,-0.112680,10.490881
694925200582,0.946790,1.040117,0.264469,0.072200,-0.063702,-0.040237,10.412890
695025218602,0.632567,0.787118,0.226478,0.025957,-0.070859,-0.022073,10.387522
695125236621,-0.009567,0.354319,0.228550,-0.010371,0.042855,0.065999,10.391129
695225254641,0.492511,0.204561,0.096016,-0.013159,0.038332,0.008473,10.309169
695325272661,0.264800,0.679275,0.226139,0.017484,-0.005985,-0.020373,10.300172
695425290680,0.230196,0.325667,0.054109,0.013568,-0.039572,0.001798,10.240200
695525308700,-0.210290,-0.457469,0.238105,0.033814,-0.072082,-0.035440,10.162106
695625326720,0.514792,-0.211087,0.088007,0.018174,0.028514,-0.050472,10.166920
695725344739,1.925566,0.727114,-0.588461,-0.026402,0.042100,0.061959,10.066111
695825362759,1.988648,0.377496,-0.548142,0.063320,-0.177741,-0.078202,10.062518
695925380779,1.332054,-0.186818,-0.497019,0.082722,-0.269347,-0.044398,10.047926
696025398798,-1.074792,-1.576564,0.356870,-0.007765,-0.039453,-0.008692,10.017556
696125416818,-0.963457,-1.302311,0.338831,-0.074776,0.234485,0.122522,9.955148
696225434838,1.325177,0.455391,-0.413391,0.200956,0.016756,-0.029559,9.917461
696325452857,3.591120,2.063366,-0.197053,0.310948,-0.363200,-0.246442,9.868354
696425470877,1.621943,1.012202,-0.183004,0.166210,-0.263353,-0.182829,9.857591
696525488896,-0.071670,0.127900,-0.213283,-0.167050,0.105586,0.143545,9.835122
696625506916,-0.086894,-0.286611,0.216997,-0.045496,0.031342,0.039880,9.713351
696725524936,1.233305,0.318710,0.377407,-0.012019,-0.054265,0.004454,9.728444
696825542955,0.234629,0.373697,0.044899,0.058405,-0.032843,0.012961,9.640874
696925560975,-0.628545,0.193060,-0.447523,0.191293,-0.135357,-0.085119,9.702547
697025578995,0.979662,2.481948,-0.458486,0.189381,-0.207112,-0.138411,9.677060
697125597014,1.854549,2.683658,-0.207411,0.013566,-0.030615,-0.017869,9.665850
697225615034,-0.126014,2.636167,0.130631,-0.106064,0.162012,0.091353,9.566164
697325633054,-2.241340,1.236238,0.142278,-0.016627,0.025710,0.034299,9.499793
697425651073,-1.555969,1.646518,0.061174,0.097670,-0.108651,-0.084215,9.475992
697525669093,0.329004,2.653287,0.321471,0.121296,-0.093568,-0.085840,9.362520
697625687113,0.879968,2.550886,0.220128,-0.011672,0.030567,-0.001110,9.304554
697725705132,-0.419860,2.146507,0.003858,-0.109993,0.123392,0.101667,9.246483
697825723152,-0.753812,1.042128,-0.026898,-0.039607,0.042479,-0.001177,9.049391
697925741172,0.872546,1.266782,0.116376,0.042148,-0.094655,-0.036941,8.920527
698025759191,1.252984,0.815632,0.014743,0.059773,-0.105370,-0.067728,8.657145
698125777211,-0.099745,0.432086,-0.210616,-0.037344,0.033822,0.047783,8.486571
698225795231,0.113746,-0.048616,-0.171899,-0.055120,0.049573,0.069251,8.175347
698325813250,0.471511,0.217332,-0.009689,-0.029469,0.005343,0.054998,7.909325
698425831270,0.675739,0.519570,0.020765,0.021129,-0.055392,-0.003736,7.722734
698525849290,0.565605,0.382904,-0.167655,0.050672,-0.064057,-0.019001,7.500056
698625867309,0.300566,0.096191,-0.052702,0.028906,-0.039276,0.016031,7.288778
698725885329,0.468000,0.014565,-0.080152,-0.018713,-0.008883,0.040399,7.190727
698825903349,0.371487,-0.114490,-0.221716,-0.046351,-0.021609,0.036769,7.077648
698925921368,0.391937,-0.393764,-0.145074,-0.036261,-0.006979,0.009270,6.911880
699025939388,0.626423,-0.235826,-0.199235,0.004551,0.020222,0.036776,6.927114
699125957408,0.542718,0.222741,-0.069949,-0.014438,-0.010355,0.027716,6.818871
699225975427,0.692892,0.349804,-0.200665,0.005663,-0.045543,-0.012462,6.761065
699325993447,0.135938,0.392181,-0.086263,-0.045060,0.063985,0.013714,6.737895
699426011467,0.205954,0.351726,0.469753,-0.032565,0.083066,0.028377,6.611641
699526029486,0.768306,-0.159655,0.841192,-0.001858,0.050329,0.020126,6.593765
699626047506,0.018371,-0.570198,0.521579,0.005624,0.076927,0.060129,6.522220
699726065526,0.770995,0.241142,-0.213213,-0.066026,0.215640,0.092046,6.546059
699826083545,1.272750,1.514605,-0.449327,-0.084706,0.144541,0.049579,6.466161
699926101565,-0.037911,0.700962,-0.205734,-0.036362,0.002107,0.005932,6.419432
700026119585,-0.183497,-0.294789,0.322701,-0.017034,-0.081712,-0.007924,6.368503
700126137604,0.555967,-0.365812,-0.129866,-0.039628,0.006454,0.014309,6.365601
700226155624,0.586940,-0.143728,-0.051886,-0.014100,-0.021840,0.001810,6.261610
700326173643,0.619612,0.003821,-0.066750,0.038973,-0.020637,-0.025085,6.238723
700426191663,0.336304,0.371822,0.055622,0.025655,0.022411,0.000919,6.268816
700526209683,-0.029318,0.329426,-0.125558,-0.005556,0.027057,0.020923,6.213332
700626227702,-0.033803,0.097044,-0.210460,-0.025689,0.002408,0.018748,6.072546
700726245722,0.026197,-0.057963,-0.084422,0.016691,-0.032471,-0.000929,6.016949
700826263742,0.360927,0.161959,-0.014380,0.027157,-0.037941,-0.025417,5.927413
700926281761,0.963045,0.332267,-0.096786,-0.039518,0.061300,0.038688,5.902899
701026299781,0.560693,0.549958,-0.192762,-0.039882,0.066538,0.040222,5.898637
701126317801,-0.237979,-0.042746,-0.124517,-0.022634,0.011737,-0.004003,5.891402
701226335820,-0.276591,0.135887,-0.108440,0.029646,-0.023287,-0.021010,5.815454
701326353840,0.388287,0.338710,-0.022149,0.057956,-0.040334,-0.033924,5.766524
701426371860,0.559720,0.832201,0.061090,0.016765,-0.001719,-0.006924,5.744147
701526389879,-0.061755,0.727837,-0.142665,-0.034039,0.071719,0.043107,5.644178
701626407899,-0.491577,0.564771,-0.165751,-0.020165,0.047618,0.003611,5.547870
701726425919,-0.309974,0.429529,0.041708,0.050183,-0.050985,-0.033679,5.387842
701826443938,0.335662,0.795828,-0.053064,0.042838,-0.032170,-0.039885,5.325920
701926461958,0.443236,0.547919,0.011004,0.007219,-0.025658,-0.025475,5.301914
702026479978,0.032959,0.197195,-0.111185,-0.034007,0.021997,0.036115,5.172821
702126497997,-0.315974,0.405746,-0.167430,-0.029811,0.027332,0.032821,5.044623
702226516017,-0.540073,0.581701,-0.013447,0.015990,-0.007939,-0.009015,4.976350
702326534037,-0.183796,1.028477,-0.082125,0.025968,-0.032379,-0.022348,4.877331
702426552056,-0.812592,1.045963,-0.179752,0.009948,0.005637,-0.000736,4.757230
702526570076,-1.135687,1.170183,-0.220631,-0.018352,0.046506,0.021986,4.680792
702626588096,-1.172676,1.084412,-0.290853,-0.005080,0.033064,0.007999,4.568468
702726606115,-1.354345,1.212770,-0.381781,0.002916,0.009492,-0.009028,4.426575
702826624135,-0.815485,1.268910,-0.266698,-0.004230,-0.000699,-0.020082,4.333705
702926642155,-0.473297,1.017206,0.003842,-0.052345,0.052797,0.025055,4.201427
703026660174,-0.503716,0.514521,-0.109867,-0.044637,0.048751,0.019362,4.137774
703126678194,-0.672572,0.478559,-0.170366,-0.000403,0.015274,-0.005254,3.921940
703226696214,-0.041549,0.368679,-0.228595,-0.000629,-0.013133,-0.010393,3.733101
703326714233,0.586423,0.412164,-0.110602,-0.031363,0.022472,0.012957,3.542575
703426732253,0.284872,0.620501,-0.111332,-0.036854,0.033315,0.024552,3.263692
703526750273,-0.103476,0.445621,-0.090240,-0.022806,0.027181,0.019287,3.019814
703626768292,-0.108810,0.333650,-0.137667,0.007393,0.013612,-0.019094,2.855664
703726786312,0.222967,0.372881,-0.092727,0.012496,0.007765,-0.011112,2.549220
703826804331,0.377003,0.460054,-0.007169,-0.011221,0.010746,0.007733,2.383865
703926822351,0.269446,0.369759,-0.026158,-0.020562,0.016146,0.017959,2.182820
704026840371,0.123777,0.289315,-0.036174,-0.017956,0.019215,0.010719,2.063387
704126858390,-0.022953,0.243617,-0.083067,-0.003120,0.017660,-0.002888,1.953893
704226876410,0.131579,0.173124,-0.066771,-0.025861,0.031334,0.013417,1.878937
704326894430,0.495662,0.006218,-0.028853,-0.006350,0.012106,0.011324,1.783646
704426912449,0.624120,0.210255,-0.111580,0.001871,-0.014325,-0.001976,1.726334
704526930469,0.554179,0.173010,-0.122452,-0.001382,-0.006864,-0.003245,1.564951
704626948489,0.477601,-0.153131,0.008370,-0.021265,0.022256,0.011905,1.471704
704726966508,0.397298,0.007814,-0.017903,-0.003675,0.011759,0.011863,1.352153
704826984528,0.588790,0.057572,-0.061523,-0.008817,-0.002447,0.002294,1.233113
704927002548,0.559943,0.080093,-0.046948,-0.013010,-0.000212,0.007535,1.213374
705027020567,0.546542,-0.007935,-0.068296,-0.013630,0.002507,0.014525,1.173013
705127038587,0.612766,-0.035399,-0.099516,0.001080,0.006122,-0.008152,1.123503
705227056607,0.507280,0.102623,-0.028735,0.013287,-0.000163,-0.010346,1.033355
705327074626,0.473763,-0.052884,0.008173,-0.005673,0.000015,0.000682,0.955220
705427092646,0.517789,-0.131232,-0.061050,-0.010219,0.015912,0.007436,0.887043
705527110666,0.666264,-0.390421,-0.084483,-0.008502,0.008818,0.001595,0.827967
705627128685,0.831783,-0.335990,-0.043710,0.004029,0.001631,-0.005194,0.757427
705727146705,0.833645,-0.253453,-0.005388,0.002460,0.001524,0.005882,0.701230
705827164725,0.756534,-0.406244,-0.013768,-0.026656,0.015434,0.018451,0.657683
705927182744,0.612553,-0.416200,-0.077389,-0.019970,0.020535,0.019248,0.556050
706027200764,0.754432,-0.417845,-0.051989,-0.000221,0.008318,0.011160,0.522529
706127218784,0.798904,-0.209903,0.003699,-0.001866,0.005068,-0.007815,0.482975
706227236803,0.684470,-0.106824,-0.004568,-0.007034,0.007328,0.004695,0.391560
706327254823,0.570653,-0.202672,-0.007636,-0.019538,0.018812,0.016980,0.380192
706427272843,0.467147,-0.242074,-0.063421,-0.013497,0.025769,0.016712,0.322702
706527290862,0.578408,-0.069485,-0.145829,-0.008948,0.008930,0.005732,0.331233
706627308882,0.873574,-0.221139,-0.149509,0.001338,-0.014781,-0.004618,0.302360
706727326902,1.041930,-0.618854,-0.043375,-0.009821,0.007551,0.012862,0.273358
706827344921,0.826190,-0.773400,0.083146,-0.033020,0.017112,0.023774,0.262146
706927362941,0.841270,-0.887332,0.075915,-0.023320,0.019268,0.010939,0.224558
707027380961,0.865047,-0.595254,0.002523,0.009306,-0.007468,-0.008456,0.182176
707127398980,0.996266,-0.277267,-0.104756,0.001633,-0.002791,0.007778,0.149437
707227417000,1.114258,-0.391610,-0.068443,-0.014203,0.021306,0.023087,0.122229
707327435020,1.043160,-0.508413,-0.001244,-0.003966,0.022321,-0.001397,0.053485
707427453039,0.842849,-0.609812,0.019666,0.011112,-0.010960,-0.006045,0.026993
707527471059,0.814624,-0.626707,0.020475,-0.012558,0.000410,0.008767,0.026794
707627489078,0.915393,-0.512993,-0.033951,-0.017722,0.023435,0.013953,0.046448
707727507098,1.156150,-0.466633,-0.043422,-0.005146,0.019155,0.012136,0.022819
707827525118,1.111391,-0.387722,0.026019,0.017442,-0.018178,-0.005156,0.017553
707927543137,1.032650,-0.375477,0.021619,0.005625,-0.002261,-0.002315,0.017997
708027561157,1.014527,-0.494467,-0.011504,-0.023309,0.027569,0.013055,0.029986
708127579177,0.740547,-0.691249,0.036629,-0.025809,0.029013,0.015711,0.011131
708227597196,0.919533,-0.582700,-0.049890,0.007727,-0.000035,-0.012756,0.005039
708327615216,1.144224,-0.468756,-0.017639,0.018877,-0.018207,-0.019226,0.013042
708427633236,1.101966,-0.506903,0.030495,0.011787,-0.012115,0.003045,0.023578
708527651255,0.865191,-0.661440,0.021998,-0.017202,0.016391,0.012913,0.021092
708627669275,0.747061,-0.829025,-0.063984,-0.020808,0.024235,0.014277,0.025565
708727687295,0.968552,-0.604871,-0.019312,0.023355,-0.015893,-0.008669,0.010273
708827705314,1.204777,-0.402663,0.000176,0.032641,-0.030259,-0.027759,0.017275
708927723334,0.932419,-0.535279,0.002767,0.002852,-0.004377,-0.007617,0.024725
709027741354,0.715322,-0.690890,-0.004922,-0.028397,0.041705,0.032932,0.020495
709127759373,0.882725,-0.566173,0.005191,-0.034347,0.041052,0.030098,0.021973
709227777393,1.261637,-0.425794,0.022981,-0.021076,0.016241,0.011470,0.031080
709327795413,1.066037,-0.429474,0.017229,0.004994,-0.007347,-0.015731,0.033348
709427813432,0.793751,-0.634461,0.002519,0.017173,-0.014825,-0.002994,0.027232
709527831452,0.882273,-0.580089,-0.033392,-0.009727,0.023633,0.007510,0.013067
709627849472,1.090834,-0.324197,0.001292,-0.026487,0.034992,0.019668,0.014167
709727867491,1.001528,-0.518145,0.007076,-0.013509,0.015023,0.011214,0.028297
709827885511,0.777355,-0.733201,0.004576,0.012696,-0.015331,-0.002636,0.025903
709927903531,0.764555,-0.531886,0.035929,0.008856,-0.012598,0.006705,0.026616
710027921550,0.978646,-0.405836,-0.013433,-0.006411,0.004591,0.015787,0.014690
710127939570,1.159126,-0.373109,-0.003939,-0.012868,0.017760,0.018898,0.014743
710227957590,0.975848,-0.402300,0.008806,-0.008304,0.004807,-0.005834,0.023701
710327975609,0.787256,-0.446878,-0.014514,-0.005464,0.009553,-0.017135,0.039712
710427993629,0.852983,-0.418852,0.016304,-0.011850,0.009687,-0.016573,0.038288
710528011649,0.999479,-0.521636,0.015314,-0.018664,0.021665,-0.000948,0.040310
710628029668,1.000230,-0.493747,0.031653,-0.012221,0.019357,0.005703,0.027140
710728047688,0.923618,-0.434256,0.055272,0.004072,-0.003219,-0.005011,0.025359
710828065708,0.903526,-0.562287,0.000505,0.011079,-0.015823,0.009173,0.034861
710928083727,0.922746,-0.568383,-0.033666,0.015216,-0.004125,0.013164,0.004747
711028101747,0.956269,-0.564973,-0.055188,0.013454,0.004013,0.011464,0.009208
711128119767,0.894256,-0.606722,-0.006739,0.003810,0.004618,0.007356,0.013282
711228137786,0.942587,-0.584832,-0.008959,-0.000091,0.023023,0.011257,0.013110
711328155806,1.026305,-0.450975,-0.124581,-0.017257,0.024126,-0.014860,0.022481
711428173825,0.900208,-0.343357,-0.067195,-0.020885,0.014665,-0.005283,0.023115
711528191845,0.925072,-0.462752,-0.007063,-0.012661,0.006224,0.013594,0.028251
711628209865,0.936553,-0.630355,-0.065650,-0.006078,0.008330,0.012119,0.012243
711728227884,0.798158,-0.463084,-0.010860,-0.005712,-0.001707,0.002189,0.008291
711828245904,0.813083,-0.344137,0.034276,0.006152,-0.005254,0.000691,0.011164
711928263924,0.958908,-0.349103,-0.022065,0.017886,-0.002620,0.003908,0.014432
712028281943,0.876292,-0.303650,0.023219,0.003316,0.009224,-0.007841,0.014262
712128299963,0.705845,-0.309955,0.037545,-0.016701,0.021863,0.000959,0.027484
712228317983,0.682233,-0.473458,-0.022327,-0.022479,0.025426,-0.014494,0.024494
712328336002,0.863862,-0.656222,-0.068257,-0.014100,0.019112,-0.010094,0.029907
712428354022,0.911011,-0.494781,-0.028361,-0.021790,0.011845,-0.006623,0.027379
712528372042,0.807547,-0.360230,0.037384,-0.013750,0.011190,0.011500,0.035673
712628390061,0.889266,-0.418252,-0.014452,-0.003918,0.002928,0.008248,0.024547
712728408081,0.899956,-0.491970,-0.083843,0.000257,-0.010705,0.006669,0.023693
712828426101,0.810956,-0.429906,-0.020010,0.007817,-0.010726,0.016084,0.014081
712928444120,0.682952,-0.311797,0.024455,0.014686,-0.003954,0.011284,0.028727
713028462140,0.767978,-0.387538,-0.056595,0.017588,-0.002774,0.014812,0.010032
713128480160,0.959185,-0.428629,-0.087395,-0.003490,-0.003624,-0.001829,0.015316
713228498179,0.829325,-0.432257,-0.055698,-0.012542,0.005634,-0.008957,0.020940
713328516199,0.642853,-0.337776,0.011234,-0.013044,0.024341,-0.013322,0.028461
713428534219,0.812782,-0.308590,-0.053541,-0.027497,0.029306,-0.004850,0.021225
713528552238,0.859216,-0.444787,-0.057889,-0.020119,0.028949,0.001045,0.025996
713628570258,0.675431,-0.406996,0.067345,-0.021006,0.023374,-0.002758,0.011905
713728588278,0.751028,-0.398426,0.011019,-0.012755,0.003114,0.002248,0.015080
713828606297,0.903874,-0.416665,-0.074424,-0.002070,-0.004626,0.015228,0.014321
713928624317,0.766539,-0.356422,-0.025189,0.010235,-0.001298,0.016692,0.006988
714028642337,0.727813,-0.436228,-0.026784,0.003677,-0.001432,0.001656,0.011706
714128660356,0.844211,-0.534064,-0.089844,-0.001679,0.005860,0.010103,0.012783
714228678376,0.756277,-0.455970,-0.030262,-0.016666,0.017291,-0.002872,0.014953
714328696396,0.678546,-0.324487,-0.009683,-0.012430,0.016745,0.001693,0.007449
714428714415,0.834660,-0.335855,-0.085088,-0.008791,-0.003045,0.000174,0.007412
714528732435,0.853929,-0.346326,-0.063365,0.013857,-0.011333,0.014224,0.021300
714628750455,0.739062,-0.332445,-0.038252,0.011951,-0.005626,0.015946,0.026129
714728768474,0.727108,-0.331892,-0.049835,0.007295,0.011808,0.013346,0.039140
714828786494,0.777603,-0.413769,-0.054427,0.004180,0.007290,0.003078,0.014440
714928804514,0.659422,-0.276009,-0.034786,0.002656,0.017212,0.008392,0.015376
715028822533,0.623730,-0.181087,-0.020327,-0.018955,0.021740,0.003749,0.031759
715128840553,0.786019,-0.245061,-0.071224,-0.028047,0.031984,-0.001034,0.055412
715228858572,0.758073,-0.235216,-0.037238,-0.020783,0.018248,0.004063,0.053218
715328876592,0.637494,-0.232430,0.039321,-0.006721,0.008054,0.009454,0.057311
715428894612,0.626368,-0.175448,-0.001400,0.006330,-0.008415,0.013485,0.037018
715528912631,0.687267,-0.172341,-0.038462,0.005658,-0.016258,0.009108,0.025258
715628930651,0.736986,-0.236528,-0.016863,0.008568,-0.009970,0.025244,0.020468
715728948671,0.682344,-0.230787,-0.011436,-0.000982,-0.005500,0.013580,0.018889
715828966690,0.756678,-0.319806,-0.081257,0.006736,0.004912,-0.002530,0.017441
715928984710,0.809115,-0.327576,-0.076869,0.005821,0.009201,-0.007487,0.013889
716029002730,0.746086,-0.234814,-0.050960,-0.007772,0.017462,-0.004968,0.018562
716129020749,0.789551,-0.234582,-0.069860,-0.024763,0.012526,-0.014521,0.027098
716229038769,0.751179,-0.213069,-0.049856,-0.018071,0.007807,-0.009020,0.020565
716329056789,0.611075,-0.366047,-0.047932,0.001594,0.000327,0.000594,0.020492
716429074808,0.668124,-0.294447,-0.036065,0.010348,-0.009108,-0.004152,0.016944
716529092828,0.738463,-0.100225,-0.032017,0.008620,-0.007671,0.012346,0.015490
716629110848,0.700148,-0.142832,-0.066346,-0.003444,0.015684,0.011527,0.011944
716729128867,0.606739,-0.268964,-0.039721,-0.006388,0.024005,0.003556,0.011702
716829146887,0.611313,-0.179116,-0.030222,-0.012666,0.022094,-0.004157,0.015159
716929164907,0.712544,-0.127139,-0.036722,-0.012244,0.012034,0.004384,0.022084
717029182926,0.724883,-0.139758,-0.025699,-0.010910,0.000734,0.013828,0.017594
717129200946,0.636870,-0.105724,-0.005881,-0.001670,0.005955,0.014111,0.025106
717229218966,0.611816,-0.117844,-0.029386,0.004316,-0.002156,0.011858,0.036253
717329236985,0.657868,-0.166289,0.008195,0.002865,0.001703,0.014184,0.047015
717429255005,0.628004,-0.120474,0.026349,-0.002274,0.015930,-0.006738,0.022074
717529273025,0.592259,-0.115782,-0.016151,-0.011575,0.021397,-0.014524,0.017602
717629291044,0.544596,-0.162473,0.015002,-0.019235,0.017368,-0.004920,0.022750
717729309064,0.554787,-0.244551,0.008488,-0.012960,0.013210,0.012596,0.019674
717829327084,0.590604,-0.160169,-0.025328,0.002005,-0.007423,0.008798,0.024754
717929345103,0.645719,-0.088183,-0.049130,0.005361,-0.014535,0.006236,0.036606
718029363123,0.713603,-0.202559,-0.111361,0.012251,-0.006829,0.019771,0.031927
718129381143,0.679538,-0.245142,-0.083657,0.016161,0.010322,0.006564,0.025075
718229399162,0.699371,-0.202951,-0.032108,0.003739,0.012403,0.012285,0.010994
718329417182,0.693612,-0.129690,-0.017967,0.001147,0.012015,0.000114,0.021600
718429435202,0.657172,-0.187885,-0.034332,0.003885,0.025814,-0.005235,0.004885
718529453221,0.654303,-0.196122,-0.110329,-0.018894,0.025388,-0.012046,0.005217
718629471241,0.514181,-0.137699,-0.029853,-0.029987,0.031597,0.000973,0.019850
718729489261,0.600322,-0.266792,-0.030182,-0.014972,0.021912,0.003164,0.032835
718829507280,0.725658,-0.249334,-0.121475,-0.010468,0.003708,0.011818,0.022377
718929525300,0.560279,-0.113343,-0.042296,-0.008179,-0.011883,0.006458,0.017587
719029543319,0.535577,-0.105221,-0.025215,0.007576,-0.006300,0.001184,0.018731
719129561339,0.647644,-0.171527,-0.096154,0.003940,0.004930,0.011517,0.014780
719229579359,0.623962,-0.085258,-0.025831,-0.012177,0.020706,-0.003234,0.021600
719329597378,0.550539,-0.020308,0.019978,-0.014450,0.012878,-0.005957,0.022136
719429615398,0.524787,-0.060034,-0.014711,-0.015964,0.003474,-0.005552,0.008631
719529633418,0.583745,-0.086191,-0.001182,-0.012500,0.004009,0.008394,0.011482
719629651437,0.556810,-0.027751,-0.002904,-0.004997,0.004347,0.001148,0.011705
719729669457,0.460542,-0.126632,-0.064849,0.007555,-0.006669,0.019017,0.003889
719829687477,0.603592,-0.268934,-0.105655,0.008883,-0.006933,0.020600,0.005703
719929705496,0.621002,-0.188945,-0.078643,0.016319,0.006792,0.008817,0.015611
720029723516,0.535050,-0.152359,-0.011705,0.011051,0.005972,0.002488,0.020880
720129741536,0.650030,-0.216576,-0.085694,0.003542,0.019633,0.009183,0.002853
720229759555,0.636442,-0.196318,-0.106963,-0.016387,0.034185,-0.000291,0.009464
720329777575,0.542668,-0.072562,0.006126,-0.022218,0.027131,-0.003050,0.017353
720429795595,0.590031,-0.078823,-0.028022,-0.016933,0.010258,0.012717,0.010449
720529813614,0.660637,-0.206606,-0.111823,-0.003989,0.003333,0.018939,0.010711
720629831634,0.591187,-0.102267,-0.036775,0.003915,-0.006059,0.017864,0.012597
720729849654,0.541926,-0.029830,-0.004216,-0.002701,0.000040,0.010106,0.006364
720829867673,0.590755,-0.156686,-0.103831,0.003573,0.010898,0.010500,0.011305
720929885693,0.554964,-0.141974,-0.079901,-0.008866,0.025210,-0.008816,0.021296
721029903713,0.451712,-0.056201,-0.006789,-0.014825,0.019455,-0.003386,0.010000
721129921732,0.546111,-0.156439,-0.071204,-0.016292,0.012524,-0.005475,0.008836
721229939752,0.591463,-0.102394,-0.069857,-0.004982,0.012382,0.010925,0.007858
721329957772,0.404542,-0.011200,-0.029047,0.003675,-0.001556,-0.006091,0.017686
721429975791,0.392557,-0.092240,-0.059100,0.019333,-0.005669,0.003388,0.022951
721529993811,0.579505,-0.134011,-0.033119,0.013614,0.004194,0.010769,0.005139
721630011831,0.494887,-0.077690,0.002551,0.001700,0.020180,0.002748,0.007139
721730029850,0.299131,0.012229,0.021002,-0.015476,0.023913,-0.004537,0.010672
721830047870,0.415399,0.000305,-0.037067,-0.020461,0.025966,-0.007910,0.024557
721930065890,0.551942,-0.160811,-0.100333,-0.016783,0.025079,-0.000458,0.022436
722030083909,0.444584,-0.160199,-0.031621,-0.023943,0.015790,-0.006633,0.016647
722130101929,0.468035,-0.102295,-0.037350,-0.011215,-0.002284,0.010182,0.022136
722230119949,0.524334,-0.155043,-0.119752,-0.004151,-0.008915,0.014210,0.021841
722330137968,0.447114,-0.109772,-0.065751,0.006052,-0.010752,0.018119,0.022762
722430155988,0.369106,-0.114309,-0.016082,0.006177,-0.013646,0.010097,0.015921
722530174008,0.369980,-0.058126,-0.030916,0.015765,-0.002950,0.028022,0.015290
722630192027,0.557791,-0.101226,-0.090195,0.015878,0.004961,0.012627,0.010147
722730210047,0.425364,-0.073933,-0.054559,0.002349,0.010821,-0.001772,0.014566
722830228066,0.303328,0.015746,0.030297,-0.004389,0.018453,0.003279,0.014445
722930246086,0.349106,0.108026,-0.012094,-0.009842,0.028829,0.001080,0.006951
723030264106,0.397257,0.036155,-0.024064,-0.015726,0.021383,-0.003959,0.013176
723130282125,0.376109,-0.085374,0.014626,-0.019590,0.013190,-0.006963,0.023644
723230300145,0.329399,-0.093971,0.019858,-0.004514,0.014952,0.006806,0.018351
723330318165,0.422270,-0.081007,-0.058063,0.000421,0.001351,-0.004278,0.010635
723430336184,0.442414,-0.112661,-0.042873,0.011813,0.002245,0.004559,0.023758
723530354204,0.295554,-0.088128,-0.028097,0.013084,0.008165,0.003674,0.019960
723630372224,0.317745,-0.099211,-0.098293,0.000122,0.021580,0.003040,0.026971
723730390243,0.409521,-0.103784,-0.100598,-0.022400,0.034032,-0.005210,0.008072
723830408263,0.440307,-0.052981,-0.038629,-0.013321,0.022289,-0.008686,0.008037
723930426283,0.459514,0.019567,-0.051602,-0.001155,-0.004929,0.002140,0.023297
724030444302,0.433567,-0.067408,-0.073604,0.001913,-0.011272,0.010117,0.018646
724130462322,0.278029,-0.156354,-0.029661,-0.005777,-0.007889,0.006019,0.018388
724230480342,0.402762,-0.074638,-0.020132,-0.006023,0.011940,0.009579,0.033476
724330498361,0.495874,-0.007349,-0.047431,-0.002957,0.010758,0.009755,0.024493
724430516381,0.353207,-0.038986,-0.029806,-0.002144,0.011355,-0.015591,0.014996
724530534401,0.242571,-0.173364,-0.044524,-0.009922,0.002837,-0.016016,0.019485
724630552420,0.319765,-0.186123,-0.105718,-0.015372,0.007258,0.007579,0.013295
724730570440,0.377001,-0.126492,-0.108647,0.005430,0.000924,0.019499,0.010756
724830588460,0.395527,-0.051930,-0.064034,0.012274,-0.007273,0.003191,0.013833
724930606479,0.383064,-0.070289,-0.082310,0.016910,-0.007529,0.005303,0.026009
725030624499,0.293995,-0.149685,-0.106798,-0.001353,0.022266,-0.001906,0.023293
725130642519,0.251645,-0.103583,-0.054485,-0.017975,0.033528,0.005596,0.017944
725230660538,0.321023,0.000186,-0.032223,-0.028554,0.030935,0.003673,0.016554
725330678558,0.340920,0.014140,-0.043589,-0.014514,0.005206,0.013328,0.029031
725430696578,0.213821,0.004886,-0.008141,0.002932,-0.014091,0.009485,0.021125
725530714597,0.166237,0.024371,-0.004026,0.006552,-0.006311,0.012572,0.022169
725630732617,0.285863,-0.007478,-0.048263,0.003272,-0.001072,0.010560,0.007694
725730750637,0.327721,0.040959,-0.012147,-0.006151,0.011459,0.011163,0.006879
725830768656,0.171030,0.039337,-0.032598,-0.017132,0.025069,-0.000922,0.012906
725930786676,0.122646,-0.001000,-0.070936,-0.008142,0.019923,-0.014819,0.016688
726030804696,0.232412,0.072104,-0.026274,-0.006834,0.002881,-0.018285,0.013886
726130822715,0.320906,0.071836,-0.065171,0.003740,0.001170,0.004939,0.015995
726230840735,0.240672,0.079891,-0.054505,0.007163,-0.000416,0.017005,0.027061
726330858755,0.110301,0.020265,0.028557,0.011668,-0.007339,0.008843,0.017654
726430876774,0.189918,-0.131046,-0.005661,0.018427,-0.016936,0.013219,0.016480
726530894794,0.255343,-0.020925,0.024324,0.015471,0.000781,0.011912,0.010745
726630912813,0.238890,0.108035,0.036124,0.004737,0.021177,0.002795,0.017676
726730930833,0.212101,0.003076,-0.068044,-0.015453,0.026248,0.002812,0.009055
726830948853,0.236519,-0.123453,-0.114749,-0.021842,0.037751,0.005048,0.010985
726930966872,0.311172,-0.139488,-0.114629,-0.019132,0.033080,-0.004089,0.022150
727030984892,0.252510,-0.064752,-0.060680,-0.011573,0.007621,0.005935,0.028235
727131002912,0.275946,-0.072745,-0.042315,-0.003513,-0.010205,0.011871,0.030767
727231020931,0.238684,-0.129914,-0.133427,0.002082,-0.001211,0.018755,0.028794
727331038951,0.141698,-0.051160,-0.049178,-0.006129,0.001277,0.003332,0.018610
727431056971,0.231118,-0.012784,-0.022270,-0.000141,0.006526,-0.004197,0.005999
727531074990,0.281735,0.033197,-0.107687,0.000701,0.012274,-0.007773,0.017503
727631093010,0.128306,0.115110,-0.007678,-0.015170,0.022444,-0.012586,0.016837
727731111030,0.167769,0.012454,0.000457,-0.023376,0.014323,-0.011002,0.006167
727831129049,0.237625,-0.083467,-0.077027,-0.007299,-0.003150,-0.001286,0.012104
727931147069,0.142958,0.017956,-0.013620,0.004155,-0.007373,0.017017,0.014326
728031165089,0.099312,0.002764,-0.015193,0.007748,-0.008068,0.011695,0.019907
728131183108,0.130303,-0.095844,-0.041311,0.011356,-0.005283,0.006662,0.010765
728231201128,0.170656,0.026100,0.008416,0.002179,0.010624,-0.003988,0.015894
728331219148,0.123694,0.070321,0.007558,-0.007744,0.020752,-0.003383,0.022992
728431237167,0.042768,-0.141066,-0.055959,-0.023351,0.022835,-0.002034,0.017462
728531255187,0.055172,-0.144699,-0.022470,-0.020567,0.008438,0.014881,0.025815
728631273207,0.069253,0.036110,0.017318,0.003228,-0.017187,0.008821,0.007447
728731291226,0.075976,0.093597,0.009665,0.008944,-0.013675,0.016540,0.009849
728831309246,0.225760,-0.065496,-0.061684,0.004526,-0.006856,0.011695,0.017099
728931327266,0.163556,-0.113244,-0.059241,0.007692,0.011936,0.021634,0.018133
729031345285,0.022486,-0.030044,0.008725,-0.004010,0.019489,0.008997,0.024652
729131363305,0.140648,-0.021376,-0.060488,-0.012152,0.020908,-0.010705,0.020143
729231381325,0.215205,-0.089447,-0.095516,-0.014020,0.013153,-0.012133,0.018831
729331399344,0.182217,-0.074785,-0.054405,-0.009220,0.014454,0.010073,0.028917
729431417364,0.066203,-0.074537,-0.032520,-0.003497,0.003858,0.011212,0.017445
729531435384,0.078508,-0.033092,-0.075349,-0.000119,-0.006856,0.003662,0.015151
729631453403,0.253670,-0.062496,-0.129868,0.010895,-0.017521,0.019323,0.013056
729731471423,0.100335,0.006829,-0.088691,0.010979,-0.003886,0.011927,0.014891
729831489443,-0.029252,0.106492,-0.015634,0.012699,0.010842,0.001558,0.014865
729931507462,0.181979,0.045779,-0.046488,-0.001892,0.010407,-0.002199,0.013025
730031525482,0.071389,0.024771,-0.018058,-0.017884,0.032739,0.008694,0.022363
730131543502,-0.041177,0.067159,0.049150,-0.022193,0.029216,-0.003896,0.010964
730231561521,0.134136,0.012463,-0.016194,-0.009174,-0.004665,0.008236,0.012091
730331579541,0.135476,-0.056807,-0.038582,-0.000530,-0.011596,0.012559,0.010614
730431597560,0.017335,-0.031516,0.023926,0.007849,-0.000628,0.011337,0.009750
730531615580,0.015533,-0.059356,-0.027378,-0.005004,0.004040,-0.002348,0.007810
730631633600,0.062307,-0.144985,-0.090573,-0.011495,0.024177,-0.003618,0.012659
730731651619,0.041605,-0.121007,-0.033259,-0.003212,0.018388,-0.012241,0.009033
730831669639,0.081032,0.055766,-0.023332,-0.011385,0.011846,-0.009963,0.008528
730931687659,0.154679,0.081623,-0.083710,-0.016104,0.006278,-0.014419,0.011680
731031705678,0.113709,-0.039380,-0.034774,-0.000146,0.000102,0.004378,0.011992
731131723698,0.004075,-0.073965,0.014965,0.010183,-0.009005,0.024298,0.011069
731231741718,0.089468,0.027784,-0.047132,0.015970,-0.013099,0.003088,0.005353
731331759737,0.213664,0.019821,-0.035143,0.005846,-0.001046,0.004372,0.009287
731431777757,0.121181,-0.019446,0.008781,-0.018807,0.026177,0.004932,0.012227
731531795777,0.079997,-0.117970,-0.049008,-0.023211,0.037870,0.006117,0.003624
731631813796,0.082254,-0.116698,-0.079780,-0.021290,0.029931,-0.008167,0.005618
731731831816,0.058549,-0.082229,-0.091545,-0.013159,0.009722,0.001272,0.014294
731831849836,0.194774,-0.060777,-0.103420,-0.012089,0.003445,0.013846,0.022704
731931867855,0.182106,-0.000198,-0.097364,-0.002660,0.005602,0.018140,0.023810
732031885875,0.027971,-0.013401,-0.067526,0.002036,-0.009657,0.018597,0.015080
732131903895,-0.107976,0.076239,0.011287,0.011550,-0.005341,0.016555,0.008274
732231921914,0.056930,0.103001,-0.021797,0.005710,0.012948,-0.005773,0.009515
732331939934,0.119770,0.048265,-0.020113,-0.010050,0.017877,-0.009996,0.006377
732431957954,0.031806,-0.026169,0.057320,-0.022587,0.022465,0.001177,0.007300
732531975973,-0.071486,0.041097,0.057905,-0.021079,0.022590,0.003251,0.009654
732631993993,-0.085695,0.015324,0.002452,-0.002960,-0.002433,-0.000824,0.011456
732732012013,-0.088985,-0.010227,0.030987,-0.000389,-0.015129,0.001277,0.006722
732832030032,-0.010586,0.043586,-0.049022,0.010134,-0.011588,0.020874,0.003266
732932048052,0.100238,0.006193,-0.068779,0.013412,0.005274,0.009901,0.004170
733032066072,0.057287,-0.058156,-0.006392,0.009697,0.009589,0.009321,0.012452
733132084091,-0.023643,-0.015167,0.001330,0.006254,0.008709,-0.001039,0.017772
733232102111,0.052176,0.045200,-0.077181,-0.002407,0.018618,-0.003782,0.011718
733332120131,0.124199,0.010672,-0.046021,-0.013184,0.017191,-0.010426,0.010227
733432138150,0.003885,0.063991,-0.000321,-0.010959,0.009670,0.007241,0.012698
733532156170,0.033801,0.030688,-0.073612,0.003480,-0.009771,0.013843,0.019358
733632174190,0.095654,-0.006952,-0.052085,0.002796,-0.004657,0.016278,0.035357
733732192209,-0.011157,0.032612,0.006679,-0.007319,0.007418,-0.007323,0.028957
733832210229,0.009384,0.016212,-0.036684,-0.009284,0.013771,-0.012253,0.012636
733932228248,0.095584,-0.040162,-0.060022,-0.016706,0.014868,-0.002910,0.007404
734032246268,0.091488,-0.079362,-0.056937,-0.019596,0.017297,-0.008637,0.003915
734132264288,0.108938,-0.022031,-0.072998,-0.017679,0.006701,-0.003518,0.013881
734232282307,0.117032,-0.025293,-0.097185,-0.003011,-0.006588,0.003531,0.024497
734332300327,0.001480,-0.121893,-0.098470,0.015354,-0.017623,0.006291,0.014920
734432318347,-0.047693,-0.012441,-0.072853,0.017825,-0.025518,0.001125,0.007151
734532336366,0.025650,0.182135,-0.056060,0.007614,-0.011351,0.024326,0.018325
734632354386,0.104882,0.173311,-0.048360,0.010147,0.007425,0.020654,0.017990
734732372406,-0.016539,0.009509,0.019850,0.022564,0.000009,0.003241,0.017730
734832390425,-0.068245,-0.096028,-0.005753,0.019389,-0.008130,-0.003155,0.020121
734932408445,-0.051156,0.041111,-0.037813,0.006332,0.020277,0.009030,0.018326
735032426465,0.048261,0.187544,-0.028163,-0.025617,0.044718,0.010967,0.024473
735132444484,0.137902,0.006903,-0.067666,-0.029421,0.035293,-0.001068,0.032506
735232462504,-0.018796,-0.048446,-0.014971,-0.012633,0.014247,0.002045,0.020131
735332480524,-0.038855,-0.069744,0.002574,0.001182,-0.000545,-0.003352,0.010992
735432498543,0.052192,-0.039262,-0.050045,0.003622,-0.005689,0.012697,0.011070
735532516563,0.155583,0.015542,-0.069029,-0.004397,-0.007487,0.020588,0.006673
735632534583,0.054738,-0.042608,-0.071313,-0.005427,0.009394,0.022971,0.008009
735732552602,-0.042690,-0.099310,-0.052737,-0.003986,0.016817,0.003133,0.010317
735832570622,0.021787,-0.058628,-0.086520,-0.005013,0.013653,-0.013763,0.009930
735932588642,0.172968,0.040564,-0.172434,-0.021735,0.020559,-0.007188,0.015115
736032606661,0.022176,0.125133,-0.023380,-0.028907,0.040501,-0.000433,0.016588
736132624681,-0.060461,0.036771,0.019384,-0.020240,0.017580,-0.005150,0.027876
736232642701,-0.013514,-0.080086,-0.096254,0.010365,-0.018739,-0.000113,0.028222
736332660720,-0.093038,0.007326,-0.000912,0.016604,-0.017070,0.011982,0.012580
736432678740,0.033696,0.024453,-0.043173,0.004968,0.004847,0.010886,0.015523
736532696760,0.128254,-0.005659,-0.097876,-0.007394,0.019939,0.007644,0.013984
736632714779,-0.008604,0.049238,0.001717,-0.012539,0.020603,-0.008359,0.007160
736732732799,-0.130690,-0.008935,0.006825,-0.006372,0.015731,-0.011853,0.016253
736832750819,-0.085150,-0.101572,-0.074063,-0.013912,0.010409,-0.008721,0.019110
736932768838,-0.008491,0.042059,-0.031362,-0.009196,0.004465,0.015392,0.016001
737032786858,0.011728,0.127660,-0.054490,0.000635,-0.001468,0.015309,0.015779
737132804878,-0.054785,-0.056827,-0.078814,0.004309,-0.002157,0.011530,0.010747
737232822897,-0.053007,-0.023518,0.009033,0.000610,0.005758,0.000607,0.014285
737332840917,-0.037823,0.138558,0.021106,-0.006990,0.006365,0.001605,0.017126
737432858937,-0.034119,0.082026,-0.029117,-0.021800,0.017582,-0.002116,0.007008
737532876956,0.022903,0.008918,-0.001625,-0.016588,0.018998,0.001056,0.010746
737632894976,-0.067965,0.047592,-0.002235,-0.002657,0.003984,0.002662,0.016213
737732912995,-0.118434,0.006396,-0.021923,0.010231,-0.003726,0.013041,0.027243
737832931015,0.049881,-0.041999,-0.026626,0.015418,-0.001611,0.008084,0.021968
737932949035,-0.036049,-0.010823,0.000561,0.008736,0.015773,0.000829,0.013388
738032967054,-0.160874,-0.093419,-0.004437,-0.014591,0.026390,0.006050,0.006545
738132985074,0.031506,-0.159829,-0.063425,-0.017213,0.025093,0.010997,0.014602
738233003094,0.082311,-0.012787,-0.054312,-0.004953,0.008166,-0.001345,0.020642
738333021113,0.049252,0.117773,-0.024320,-0.001892,-0.003821,0.001265,0.016991
738433039133,0.130749,0.047566,-0.093269,-0.006605,-0.007489,0.017966,0.013919
738533057153,0.077061,-0.027008,-0.076296,0.007579,0.000729,0.019308,0.026403
738633075172,-0.025500,0.004379,0.018288,0.004182,0.003209,0.012084,0.021677
738733093192,0.042068,0.040930,-0.055981,-0.002236,0.010775,0.000940,0.020268
738833111212,0.104019,0.012048,-0.122162,-0.002721,0.015519,-0.006959,0.016065
738933129231,0.008998,-0.041117,-0.050760,-0.012299,0.024496,-0.005856,0.004981
739033147251,-0.015989,-0.093770,-0.051790,-0.016090,0.013506,0.003605,0.010375
739133165271,0.065621,-0.087977,-0.122554,-0.000695,0.002044,0.000665,0.010547
739233183290,0.096142,0.035865,-0.105492,0.009829,-0.004421,0.014813,0.013244
739333201310,0.021043,-0.011294,-0.072782,0.009187,-0.002807,-0.003666,0.015910
739433219330,0.035456,-0.113103,-0.116569,0.007116,0.011493,-0.007712,0.024258
739533237349,0.083897,0.087058,-0.081732,-0.012353,0.024999,0.005775,0.019645
739633255369,0.057083,0.111786,-0.041139,-0.027794,0.036891,0.010717,0.009258
739733273389,0.037063,-0.027905,-0.054140,-0.018122,0.017819,-0.003779,0.011664
739833291408,-0.030307,0.031707,0.010203,0.001450,-0.010093,0.008082,0.017682
739933309428,-0.041776,0.051152,0.021722,0.005149,-0.011910,0.015205,0.026386
740033327448,0.083804,-0.043296,-0.043684,0.001632,0.006061,0.007936,0.028056
740133345467,0.047945,0.052753,0.000607,-0.006555,0.017955,-0.003238,0.014351
740233363487,-0.041798,0.048619,-0.018733,-0.010138,0.016033,-0.008408,0.007593
740333381507,0.001799,-0.087661,-0.117443,0.003877,-0.003519,-0.007173,0.007962
740433399526,0.029651,-0.020557,-0.106868,0.011401,-0.012225,0.001580,0.011121
740533417546,0.001184,0.060717,-0.079879,-0.000254,0.003509,0.002715,0.024731
740633435566,0.076513,0.032989,-0.111843,0.005342,0.018321,0.007501,0.025907
740733453585,0.112959,0.058263,-0.071325,0.005173,0.011322,0.002038,0.014261
740833471605,-0.085585,0.069392,0.011087,-0.008858,0.018600,0.001852,0.012676
740933489625,-0.083816,0.021065,-0.016504,-0.028097,0.023852,-0.011667,0.009730
741033507644,0.147446,0.043158,-0.072379,-0.026770,0.014938,0.006934,0.013707
741133525664,0.008811,0.114392,0.008289,-0.009408,0.000559,0.021546,0.010996
741233543684,-0.169003,0.081192,0.041681,0.009604,-0.009368,0.011668,0.006689
741333561703,-0.003239,-0.081101,-0.055097,0.004435,-0.012706,-0.007349,0.019949
741433579723,0.019609,-0.058122,-0.055454,-0.007411,0.013381,0.003070,0.027934
741533597742,-0.073656,0.090783,-0.019667,-0.010686,0.030881,0.009526,0.017294
741633615762,0.079512,0.067926,-0.107390,-0.015817,0.030369,-0.009779,0.009237
741733633782,0.123355,-0.080666,-0.123638,-0.022672,0.008398,-0.017567,0.007626
741833651801,-0.075530,-0.079813,0.018085,-0.014912,0.007226,-0.006502,0.019020
741933669821,0.035285,-0.036977,-0.018642,-0.007160,0.012378,0.007746,0.029657
742033687841,0.146876,-0.024154,-0.088803,-0.007734,0.000633,0.012351,0.027233
742133705860,0.038926,-0.004576,-0.054598,0.002778,-0.010601,0.023801,0.012600
742233723880,-0.015020,-0.094499,-0.081225,0.017036,-0.010778,0.011199,0.012203
742333741900,0.020874,-0.071762,-0.104996,0.016533,0.001783,0.004994,0.011326
742433759919,0.119734,-0.055197,-0.110742,-0.000327,0.015616,0.008221,0.018080
742533777939,0.010410,-0.004984,-0.078150,-0.009157,0.032097,0.007650,0.022601
742633795959,-0.096224,0.057415,-0.021982,-0.017039,0.022677,0.001007,0.021917
742733813978,0.025463,0.032601,-0.046627,-0.021964,0.018294,-0.000788,0.014298
742833831998,0.038835,0.076227,-0.051920,-0.006650,0.004947,0.007945,0.009294
742933850018,-0.057290,0.095873,-0.003333,0.005737,-0.000681,-0.000421,0.018026
743033868037,0.007056,-0.057178,-0.056749,0.005996,0.000243,0.010775,0.021313
743133886057,-0.017908,-0.093988,-0.071557,0.000121,0.007626,0.008758,0.011944
743233904077,-0.132296,0.002767,0.010189,-0.004190,0.017383,-0.002909,0.010249
743333922096,-0.071134,0.004860,0.004433,-0.016227,0.019480,-0.009113,0.017121
743433940116,-0.010613,-0.034788,-0.034811,-0.012430,0.012754,-0.004803,0.036284
743533958136,-0.050508,0.035666,0.006958,0.000956,-0.005493,-0.002390,0.032264
743633976155,-0.057589,0.087123,-0.015127,0.011728,-0.012634,0.006573,0.020810
743733994175,0.014317,-0.050522,-0.048711,0.006970,-0.006270,0.004063,0.008606
743834012195,-0.009608,-0.088907,0.012738,0.005799,0.010900,0.006994,0.007016
743934030214,-0.051753,0.009772,0.024830,0.001234,0.011038,0.002352,0.007741
744034048234,0.055541,0.058912,-0.057257,-0.000098,0.017907,-0.003654,0.009272
744134066254,0.110231,0.000537,-0.035787,-0.015092,0.018102,-0.013201,0.007717
744234084273,-0.093505,-0.018457,0.008821,-0.020856,0.014001,0.017119,0.018605
744334102293,-0.140158,-0.076551,-0.061270,-0.010347,0.005140,0.024289,0.014266
744434120313,-0.012683,-0.067614,-0.065107,0.008138,-0.002410,0.013233,0.015854
744534138332,0.002552,0.014639,-0.017954,0.002765,-0.000973,-0.009214,0.028219
744634156352,0.024632,0.001795,-0.074863,-0.006657,0.015969,-0.011549,0.020312
744734174372,-0.014888,-0.122557,-0.065558,-0.018408,0.024228,0.005983,0.017265
744834192391,-0.138767,-0.107733,-0.023067,-0.020963,0.021958,0.006605,0.009150
744934210411,0.007565,0.028203,-0.081479,-0.000911,-0.004166,-0.007451,0.015000
745034228431,0.175794,0.049245,-0.098524,0.019493,-0.017586,-0.004672,0.014334
745134246450,0.028633,0.034856,-0.017888,0.008360,0.003563,0.014651,0.016766
745234264470,-0.090068,-0.056171,-0.017089,-0.010115,0.029793,0.008281,0.020843
745334282489,-0.012111,-0.085535,-0.062264,-0.021357,0.030356,-0.004021,0.012238
745434300509,0.041170,-0.043313,-0.018722,-0.017866,0.013049,-0.008776,0.010756
745534318529,0.075864,-0.031044,-0.022742,-0.004050,0.002814,-0.001620,0.017007
745634336548,0.047999,-0.088849,-0.060358,0.001402,-0.009465,-0.001853,0.011948
745734354568,-0.052889,-0.106560,-0.055787,-0.004277,-0.012891,0.013246,0.005348
745834372588,-0.005189,-0.042142,-0.037863,-0.001463,0.007987,0.011582,0.004939
745934390607,0.095787,-0.034675,-0.077470,0.002366,0.005538,0.003623,0.007995
746034408627,0.065590,-0.078916,-0.090672,-0.006424,0.006229,-0.009114,0.011051
746134426647,-0.010786,-0.078895,-0.056431,-0.014491,0.011881,-0.004451,0.011621
746234444666,0.028787,-0.015874,-0.045876,-0.017919,0.013889,-0.000066,0.007932
746334462686,0.070062,0.009612,-0.033262,-0.007733,0.004052,0.007581,0.010227
746434480706,-0.036583,0.079126,-0.001911,0.000104,-0.005105,0.005319,0.013554
746534498725,-0.043524,0.066026,-0.013457,0.011466,-0.007034,0.012702,0.012954
746634516745,0.022135,-0.037372,-0.028607,0.007547,0.004665,0.012049,0.021152
746734534765,-0.017153,-0.062901,-0.051765,-0.003278,0.024944,-0.000091,0.008056
746834552784,-0.058520,-0.113004,-0.097049,-0.016339,0.029864,-0.007231,0.010455
746934570804,-0.070108,-0.006810,-0.031070,-0.015636,0.017605,0.014106,0.012599
747034588824,0.018532,0.025459,-0.038954,-0.004253,0.002849,0.015838,0.009401
747134606843,0.002833,-0.058699,-0.070382,0.003848,-0.006217,0.005614,0.010599
747234624863,-0.019964,-0.032358,-0.020629,0.007982,-0.017458,0.011046,0.011518
747334642883,-0.003252,-0.000403,-0.017286,0.004368,0.001743,0.016960,0.015265
747434660902,-0.099285,0.036580,-0.008915,-0.013375,0.021170,0.005480,0.009326
747534678922,0.033593,0.040863,0.008474,-0.015802,0.015198,-0.002441,0.005936
747634696942,0.031397,-0.000658,-0.017683,0.005124,0.000928,-0.001561,0.004065
747734714961,-0.099159,-0.125728,-0.058848,0.010380,0.000068,0.017158,0.009116
747834732981,-0.024051,-0.076797,-0.023299,0.000768,0.014979,0.014964,0.013137
747934751001,0.024278,0.053840,-0.021429,-0.007138,0.024949,-0.003051,0.019744
748034769020,-0.034111,0.038633,-0.080830,-0.011672,0.016737,0.002775,0.020461
748134787040,-0.047217,-0.009278,-0.023542,-0.011661,0.005641,0.005011,0.012331
748234805060,-0.083180,-0.016777,0.024920,-0.002361,-0.004030,0.014601,0.022047
748334823079,-0.078545,-0.060858,-0.032266,0.003599,-0.001392,0.013751,0.026411
748434841099,-0.011315,0.027583,0.002505,-0.002603,0.007856,0.006952,0.008282
748534859119,-0.041993,0.091093,0.027401,-0.006878,0.003519,0.007769,0.014570
748634877138,-0.112063,-0.063363,-0.021140,-0.009436,0.007711,-0.008494,0.014643
748734895158,-0.064922,-0.145952,-0.011647,-0.014923,0.011311,-0.001343,0.023164
748834913178,-0.108036,-0.045813,0.033735,-0.013291,0.010847,0.010807,0.011844
748934931197,-0.090983,0.027767,-0.016225,0.009066,-0.003842,0.011888,0.006412
749034949217,0.139108,-0.023864,-0.083794,0.023560,-0.018951,0.011941,0.012470
749134967236,0.110004,-0.099857,-0.065095,0.018560,-0.006417,0.009964,0.012863
749234985256,-0.085044,-0.128316,-0.006993,0.008264,0.012295,0.008614,0.006848
749335003276,0.054174,-0.072154,-0.076181,-0.001694,0.025495,0.017683,0.007237
749435021295,0.120410,0.032210,-0.089147,-0.014379,0.025829,0.000069,0.013249
749535039315,0.037648,0.080997,-0.001621,-0.013389,0.016975,-0.013388,0.012823
749635057335,0.019131,-0.030299,-0.030154,-0.012717,0.007347,0.006422,0.022925
749735075354,0.038575,-0.139701,-0.096822,-0.004148,0.005453,0.008140,0.033016
749835093374,0.006551,-0.037085,-0.043619,0.007902,0.001366,0.008886,0.027591
749935111394,0.042966,-0.034088,-0.068007,-0.000478,0.001715,0.005148,0.017400
750035129413,0.097793,-0.108779,-0.142634,-0.007971,0.017023,0.003133,0.026426
750135147433,0.048388,-0.060156,-0.118580,-0.012506,0.027371,-0.005322,0.025839
750235165453,-0.032202,0.018271,-0.062808,-0.012474,0.013458,0.001659,0.014646
750335183472,-0.099996,0.042599,0.005822,-0.005530,-0.002571,0.003580,0.016147
750435201492,0.019782,0.004959,-0.057626,0.006665,-0.002471,0.011205,0.021835
750535219512,-0.016152,0.082772,-0.035192,0.008581,0.001899,0.003244,0.013457
750635237531,-0.118610,0.092612,0.010662,0.010953,0.006737,0.001679,0.006370
750735255551,-0.043345,-0.019961,-0.053367,0.007454,0.012282,-0.001125,0.014569
750835273571,-0.060725,-0.094747,-0.070179,-0.006289,0.020711,-0.000980,0.025000
750935291590,-0.100244,-0.098377,-0.005530,-0.023874,0.025698,-0.007565,0.022157
751035309610,-0.029169,-0.049517,-0.085681,-0.020583,0.021579,-0.004974,0.021162
751135327630,0.106250,-0.105242,-0.161645,-0.010719,0.000987,0.009471,0.021529
751235345649,0.004854,-0.068172,-0.045520,-0.005596,-0.003392,0.012388,0.019347
751335363669,-0.064359,0.002138,-0.026323,-0.004702,-0.007590,0.003602,0.037839
751435381689,0.000835,0.069692,-0.079635,-0.003811,-0.000994,0.009665,0.024061
751535399708,0.061181,0.023591,-0.041729,-0.006262,0.010916,0.010093,0.020271
751635417728,-0.042441,-0.039905,-0.004526,-0.011495,0.020477,-0.008551,0.037257
751735435748,-0.059563,-0.056018,-0.042079,-0.013890,0.012418,-0.005367,0.028494
751835453767,0.017577,0.027348,-0.014777,-0.005270,-0.003410,-0.002311,0.041944
751935471787,0.105132,0.015043,-0.022704,0.007647,-0.007397,0.005893,0.045492
752035489807,0.074620,-0.100830,-0.063839,-0.002128,0.002520,0.018539,0.055888
752135507826,0.008614,-0.206293,-0.031820,-0.007432,0.009818,0.003098,0.056644
752235525846,0.216222,-0.331600,-0.021908,0.009869,-0.002082,-0.008147,0.042829
752335543866,0.474899,-0.169687,-0.073324,0.002740,-0.016234,-0.002764,0.036815
752435561885,0.475031,-0.265797,-0.041618,-0.005877,-0.005553,0.004026,0.033056
752535579905,0.105087,-0.325291,-0.004778,-0.016879,0.017971,0.017136,0.032364
752635597925,0.045496,-0.584857,-0.056491,-0.015004,0.017378,0.012440,0.029628
752735615944,0.437913,-0.486076,-0.110669,0.011734,-0.017460,-0.004439,0.022295
752835633964,0.769834,-0.286225,-0.143708,0.012192,-0.031987,-0.021150,0.020323
752935651983,0.893069,-0.892082,-0.093574,-0.009593,-0.014324,-0.010160,0.021249
753035670003,1.209995,-1.506459,-0.082463,-0.021275,0.018939,0.013985,0.010862
753135688023,2.318282,-1.928005,-0.077074,-0.015808,0.012670,0.010268,0.074826
753235706042,4.116893,-3.233331,0.089198,-0.035573,-0.032236,-0.010616,0.135323
753335724062,2.570557,-1.786641,0.006225,-0.011773,-0.014264,0.008778,0.134338
753435742082,2.083093,-1.271405,0.053826,0.052037,0.047241,0.011329,0.222167
753535760101,4.034996,-3.200905,0.288162,0.038025,0.016655,0.003796,0.235142
753635778121,3.653899,-3.000490,0.179187,-0.020088,-0.013063,0.021953,0.256480
753735796141,2.191613,-1.580115,-0.127239,-0.029460,-0.017442,0.010974,0.315599
753835814160,2.133037,-1.925953,0.067720,0.017919,-0.005557,-0.015819,0.465280
753935832180,1.460350,-1.694976,0.116261,0.012974,0.010514,-0.014443,0.660726
754035850200,1.559346,-1.287482,0.082634,0.014447,0.043025,0.002314,0.844539
754135868219,1.518669,-0.518074,0.198783,-0.026406,0.041901,0.035323,1.246402
754235886239,2.006165,0.089257,0.295586,-0.012482,0.014017,0.030757,1.618763
754335904259,1.832454,-0.609886,0.198695,0.118817,-0.087121,-0.104552,1.989136
754435922278,0.603775,-2.214108,0.339513,0.121261,-0.138853,-0.104480,2.274177
754535940298,0.062635,-2.293501,0.002903,-0.035243,0.052897,-0.005406,2.539224
754635958318,1.912481,-0.761672,-0.257502,-0.143220,0.185698,0.105458,2.798904
754735976337,2.487470,0.116640,-0.141413,0.005414,0.032489,-0.018028,3.077315
754835994357,0.781311,-0.405868,0.275403,0.146580,-0.138470,-0.130235,3.245842
754936012377,-1.061022,-1.752371,0.251008,0.096459,-0.028286,-0.061070,3.483673
755036030396,-0.323289,-1.870561,0.101714,-0.118132,0.156967,0.093874,3.694845
755136048416,1.252600,-1.080216,-0.471155,-0.098223,0.097394,0.060259,3.877933
755236066436,1.524291,0.045979,-0.426452,0.061228,-0.009088,-0.087266,4.075448
755336084455,1.321743,0.100448,-0.583351,0.031848,-0.045934,-0.028517,4.325607
755436102475,1.266102,-1.445173,-0.521664,-0.081477,0.064237,0.056269,4.512501
755536120495,1.165725,-1.701634,-0.197450,-0.109343,0.054552,0.030723,4.580158
755636138514,1.333699,-1.285821,-0.154876,-0.054216,0.051788,0.009217,4.770740
755736156534,1.487618,-1.350522,-0.027093,-0.031869,0.012019,0.002506,4.922010
755836174554,1.087297,-1.122837,0.242962,-0.006532,0.001172,0.009238,4.976628
755936192573,0.894253,-0.955067,0.249010,0.023917,-0.016639,-0.017898,5.029932
756036210593,1.122163,-0.862925,-0.142384,0.009720,0.035383,0.005158,5.227837
756136228613,0.861005,-1.291098,-0.239738,-0.030298,0.046179,0.094134,5.300126
756236246632,0.979573,-1.673927,-0.206258,-0.028582,0.051655,0.047218,5.427056
756336264652,1.162827,-1.324419,-0.056765,0.028695,0.049923,-0.029834,5.599800
756436282672,1.209737,-0.292158,-0.039651,0.037002,0.004784,0.009196,5.742472
756536300691,0.904011,-0.592063,0.031568,-0.000041,0.037915,-0.000739,5.882373
756636318711,0.684939,-1.190928,-0.052864,-0.063374,0.128120,0.067489,6.059453
756736336730,0.799016,-0.996597,0.012102,-0.086456,0.135161,0.094191,6.272868
756836354750,0.841699,-0.493684,0.297361,-0.076526,0.075386,0.072310,6.452896
756936372770,0.745657,-0.485757,0.506370,-0.011584,-0.018010,-0.100384,6.567438
757036390789,0.552425,-0.412875,0.141839,0.088523,-0.060962,-0.091900,6.720347
757136408809,0.457823,-0.379427,-0.341879,0.047542,0.073826,0.019462,6.847251
757236426829,0.688709,0.582451,-0.443823,-0.058957,0.111456,0.067119,6.978718
757336444848,0.860987,1.142272,-0.478789,-0.006092,0.002784,-0.032288,7.171263
757436462868,0.786796,0.479399,0.001393,0.069155,-0.164987,-0.091618,7.254002
757536480888,0.275806,-0.211563,0.384252,0.008396,-0.044825,0.005067,7.377086
757636498907,0.204465,0.140522,0.159923,-0.005564,0.000708,0.033648,7.540599
757736516927,0.019414,0.034062,0.160423,0.025001,-0.025752,-0.044037,7.609167
757836534947,-0.202892,-0.388019,0.291526,0.009749,0.000927,-0.016593,7.736287
757936552966,0.558030,-0.119484,0.119559,-0.035205,0.021214,0.080441,7.849477
758036570986,1.450044,0.086130,0.208588,-0.009760,0.011076,0.042144,7.867690
758136589006,0.744379,-1.195387,0.093602,0.108324,-0.071914,-0.088096,7.893577
758236607025,0.061357,-1.473333,-0.377085,0.205020,-0.260034,-0.204837,7.911245
758336625045,1.589112,1.997079,0.189409,0.160520,-0.253642,-0.112701,7.976123
758436643065,1.817729,2.198428,0.346197,0.138631,-0.039418,-0.024162,8.018182
758536661084,1.473573,-0.575466,-0.581567,0.018358,0.159416,0.084255,8.034412
758636679104,0.400250,-0.561185,-0.355440,-0.001214,0.084743,0.077712,8.119454
758736697124,0.388251,0.594749,-0.356420,0.066585,-0.093333,-0.046047,8.161440
758836715143,1.690516,1.044427,-0.768389,0.066418,-0.225063,-0.074735,8.226497
758936733163,2.134049,1.157677,-1.005914,-0.009235,-0.122820,0.012891,8.361938
759036751183,1.919030,0.767556,-0.902803,-0.040168,-0.013308,0.066617,8.375420
759136769202,1.076605,0.383313,-0.253627,0.080879,-0.149940,-0.093111,8.428817
759236787222,-0.057233,0.214375,-0.252837,0.061052,-0.073637,-0.103255,8.560562
759336805242,-0.736728,-1.317521,-0.236914,-0.000005,0.046007,0.051158,8.693686
759436823261,-1.205930,-0.698928,-0.269057,0.003830,-0.022673,0.032941,8.778223
759536841281,0.630398,-0.042475,-0.491771,0.094028,-0.163298,-0.070515,8.711902
759636859301,1.936251,-0.458981,-0.627263,0.081055,-0.159214,-0.061494,8.700205
759736877320,0.118653,-1.759843,-0.015949,-0.019138,0.057625,0.100474,8.791152
759836895340,-0.760329,-1.944261,0.275817,-0.092861,0.225283,0.148854,8.785536
759936913360,0.732392,-0.701960,0.177564,-0.031451,0.144301,0.038803,8.863513
760036931379,1.372216,0.026779,0.146163,0.030302,-0.041445,-0.011244,8.944741
760136949399,0.734856,-0.168371,0.061884,0.041500,-0.087778,-0.080974,8.974930
760236967419,-0.635433,-0.148203,0.304083,-0.038873,0.016952,0.021334,8.997320
760336985438,-0.702312,-0.331948,0.422648,-0.101181,0.149361,0.111342,9.120494
760437003458,0.413756,-0.355297,0.208154,-0.065258,0.058228,0.088832,9.391099
760537021477,0.891822,0.305042,-0.401558,0.070560,-0.144318,0.000588,9.851911
760637039497,-1.309556,-0.519113,-0.026508,0.133119,-0.259602,-0.042694,10.067407
760737057517,0.020134,-0.481596,0.426424,0.250068,-0.299286,-0.176584,10.139652
760837075536,1.810875,0.366545,0.763835,0.365026,-0.364910,-0.236074,10.273776
760937093556,-2.278451,0.733303,1.167778,0.252892,-0.283533,-0.241658,10.300553
761037111576,-0.102470,0.927615,0.805702,0.060762,-0.144899,-0.068755,10.378836
761137129595,1.192762,0.771085,0.453433,-0.000244,-0.172369,-0.002562,10.429083
761237147615,0.087220,0.114187,0.425834,0.041039,-0.072584,-0.017290,10.451037
761337165635,-0.551247,-0.200380,0.188168,0.116278,-0.049982,-0.061862,10.498713
761437183654,-0.157304,0.904402,-0.014442,0.066881,-0.063809,-0.043729,10.490511
761537201674,1.712095,1.344648,-0.180784,-0.057306,0.131526,0.065322,10.522273
761637219694,2.339321,0.478017,-0.004946,-0.152269,0.223757,0.164959,10.615749
761737237713,-0.402463,0.423270,0.650984,-0.006040,-0.053364,-0.045225,10.724535
761837255733,-1.846421,0.918398,0.730517,0.137088,-0.251483,-0.145737,10.694037
761937273753,0.638233,1.289926,0.268516,0.049336,-0.011804,-0.015544,10.770096
762037291772,2.599397,-0.274221,-0.044573,-0.162534,0.221724,0.153877,10.767442
762137309792,3.045508,-0.628010,-0.248290,-0.148868,0.176051,0.133127,10.814670
762237327812,1.825703,0.829839,-0.336810,0.127861,-0.115420,-0.133709,10.881600
762337345831,-0.595921,-0.088813,-0.077631,0.197129,-0.213238,-0.165576,10.798272
762437363851,-2.817964,-1.101397,0.356323,0.112532,-0.140677,-0.097949,10.786471
762537381871,-1.603307,0.065541,0.245364,-0.090386,0.032975,0.028880,10.777756
762637399890,0.863523,1.530745,-0.069931,-0.142766,0.104475,0.083274,10.808138
762737417910,0.443590,1.748374,-0.150540,0.008089,-0.063086,-0.029747,10.804976
762837435930,-0.931048,1.337892,0.123126,0.137967,-0.180904,-0.134010,10.780328
762937453949,-0.246695,1.654039,0.102648,0.066116,-0.090183,-0.058505,10.663577
763037471969,0.314767,0.924525,0.107757,-0.063920,0.140780,0.122621,10.609450
763137489989,0.459020,-0.559002,0.014714,0.014970,0.049675,0.022767,10.498964
763237508008,-0.210093,-1.322003,0.060226,0.039435,-0.023296,-0.017167,10.504106
763337526028,-0.930697,-1.331400,-0.071299,0.012022,-0.083743,0.037017,10.513675
763437544048,-0.485490,-0.377728,-0.551121,0.008525,-0.077245,0.021271,10.419203
763537562067,0.894613,0.779871,-1.123388,-0.037153,0.018592,0.043110,10.401913
763637580087,1.065068,-0.114135,-0.464017,-0.040523,0.076138,0.052314,10.404553
763737598107,0.680123,-1.142531,0.172770,-0.008245,-0.007395,0.017239,10.439072
763837616126,-0.495146,0.004429,0.379293,-0.013047,0.050941,0.057452,10.418352
763937634146,-1.686185,0.267209,0.648821,-0.083191,0.209241,0.098970,10.441299
764037652165,0.547731,-0.328976,-0.167090,-0.079427,0.297989,0.075708,10.401091
764137670185,0.991765,0.020879,-0.499277,-0.011825,0.157290,0.096638,10.390286
764237688205,0.135365,0.215603,0.101721,-0.004456,0.021052,0.030747,10.417791
764337706224,0.730792,-0.237403,-0.338359,-0.021055,-0.075077,0.016823,10.372642
764437724244,0.674014,-1.242892,-0.191176,0.063709,-0.101159,-0.052881,10.375554
764537742264,0.239170,-0.077299,-0.192517,0.044179,-0.050348,-0.001165,10.325057
764637760283,-0.510555,-0.123336,-0.080405,0.039861,-0.018199,-0.014787,10.357817
764737778303,-0.322164,-0.975891,0.172586,0.009546,0.055612,0.028851,10.414321
764837796323,0.379781,-0.755232,0.035703,-0.049254,0.099601,0.084179,10.414935
764937814342,-0.230186,-0.768093,-0.050495,-0.027220,0.062325,-0.018665,10.435135
765037832362,-0.375464,-0.024838,-0.386122,0.059249,-0.014393,-0.063083,10.444071
765137850382,0.088389,-0.478482,-0.519280,-0.004757,0.015340,0.046297,10.416649
765237868401,1.642475,0.237441,0.040100,-0.132155,0.089627,0.101608,10.481687
765337886421,1.518344,0.414256,0.328441,-0.100129,0.057960,0.088271,10.598734
765437904441,-0.633118,-0.258779,0.533720,0.070075,-0.040179,-0.032078,10.578838
765537922460,-1.087117,-0.527746,0.152563,0.073668,-0.119947,-0.041170,10.641616
765637940480,0.451469,-0.483818,0.003617,-0.041192,0.051611,0.055567,10.734905
765737958500,1.115553,-0.725436,0.307004,-0.114809,0.135273,0.115351,10.772216
765837976519,0.370378,-0.590732,0.270588,-0.064572,0.040098,0.153876,10.845420
765937994539,-0.398333,-0.218814,-0.000543,0.056890,-0.057497,-0.019389,10.929860
766038012559,-0.187352,-0.556976,0.066798,0.085339,-0.044415,-0.084022,10.989788
766138030578,0.663332,-0.556142,-0.058762,0.046879,-0.020285,-0.017183,11.061521
766238048598,0.654984,-0.424893,-0.372048,-0.064003,0.018924,-0.013299,11.196506
766338066618,-0.240863,-0.306497,-0.409957,-0.072738,0.062482,0.037046,11.180041
766438084637,-0.263606,-0.388307,-0.372302,-0.009343,0.041204,0.002574,11.288054
766538102657,0.399614,-0.251893,-0.119503,0.016228,-0.000768,-0.033698,11.393998
766638120677,0.330835,-0.691924,0.078247,0.056795,-0.010024,0.001397,11.445504
766738138696,-0.355094,-1.184910,0.068449,0.024726,0.018130,0.027055,11.515528
766838156716,-0.412798,-0.172648,-0.235382,-0.018507,0.032710,0.021699,11.580281
766938174736,0.168797,0.138723,-0.434128,0.005754,0.022618,0.001905,11.630135
767038192755,0.026130,-0.187088,-0.453323,0.048262,-0.007605,0.058888,11.710306
767138210775,-0.457881,0.451427,0.017943,0.050356,-0.061650,0.011536,11.767915
767238228795,0.749045,0.279221,0.376285,0.095040,-0.109788,-0.076895,11.812652
767338246814,1.579130,-0.363488,0.091583,0.135881,-0.100338,-0.099648,11.883508
767438264834,-0.431684,0.333905,0.042088,-0.011332,0.007000,0.101331,11.978752
767538282854,-0.747950,0.845939,0.049830,-0.134812,0.133921,0.135649,12.046485
767638300873,0.252392,-0.337934,-0.440474,-0.078744,0.072239,0.015660,12.073086
767738318893,0.761476,-1.122255,-0.415690,0.047331,-0.010585,-0.049675,12.122514
767838336912,0.982888,-0.465426,-0.428559,0.051511,-0.082956,-0.050089,12.168013
767938354932,0.851864,-0.624863,-0.250168,0.047906,-0.039379,-0.022353,12.181890
768038372952,0.689536,-0.856750,0.116253,0.126086,-0.096611,-0.064757,12.250314
768138390971,0.028572,-0.252825,0.314027,0.137500,-0.090660,-0.085516,12.235875
768238408991,-0.157405,0.058220,0.236012,0.027322,-0.005221,0.014299,12.226348
768338427011,1.228641,0.238046,-0.163188,-0.020172,0.021135,0.067037,12.299316
768438445030,1.124424,-0.277509,0.003628,0.055513,-0.060517,-0.042339,12.274263
768538463050,-0.118530,-0.204592,0.278926,0.113328,-0.077203,-0.055863,12.288400
768638481070,-1.149750,0.255103,-0.051766,0.063223,-0.114255,0.036182,12.370424
768738499089,0.746581,-0.731675,-0.851204,-0.100512,-0.005725,0.074823,12.332623
768838517109,2.591445,-1.900666,-0.624947,-0.222493,0.273836,0.223083,12.315530
768938535129,0.514398,-0.678544,0.203548,-0.141221,0.325057,0.158315,12.411577
769038553148,-2.087038,0.625654,0.226368,0.030229,0.059937,0.005610,12.480774
769138571168,-0.496754,-0.064852,-0.255446,-0.032587,0.034138,0.097935,12.453071
769238589188,2.899516,-2.263237,-0.526463,-0.296830,0.301496,0.238771,12.446570
769338607207,2.304916,-1.579075,-0.320211,-0.122676,0.165936,0.103796,12.463096
769438625227,-0.031954,1.503128,-0.076562,0.147865,-0.178221,-0.139541,12.515008
769538643247,-1.233973,2.991510,0.128321,0.167906,-0.265554,-0.161938,12.537329
769638661266,0.867553,0.624855,-0.228936,-0.111704,0.083284,0.102171,12.547827
769738679286,2.707565,-2.326557,-0.374150,-0.223770,0.315605,0.246424,12.634452
769838697306,1.431055,-0.867723,0.114707,-0.141387,0.210933,0.218750,12.768759
769938715325,-0.897349,1.385455,0.393690,0.081607,-0.099752,-0.017441,12.745525
770038733345,-1.647636,1.298404,0.558082,0.227290,-0.277764,-0.150910,12.699969
770138751365,0.006240,-0.438332,0.478287,0.098105,-0.011785,-0.028869,12.786821
770238769384,2.056270,-1.118552,-0.152141,-0.064992,0.200283,0.070276,12.744412
770338787404,1.177978,0.256526,-0.587424,-0.124340,0.197427,0.145561,12.853145
770438805424,-0.571797,1.386825,-0.602282,-0.013627,0.076996,0.021122,12.918946
770538823443,0.203946,0.049047,-0.855207,0.114754,-0.016056,-0.060708,12.928314
770638841463,0.073778,-0.349577,-0.365361,0.123660,-0.168232,-0.075804,12.818596
770738859483,-1.031581,0.230906,-0.293139,-0.003398,-0.126830,0.014226,12.858797
770838877502,-1.231984,1.601765,-0.052894,-0.127388,0.044812,0.152308,12.830915
770938895522,-0.082454,0.992087,0.119391,-0.131637,0.075745,0.116146,12.769189
771038913542,1.192202,-0.745022,-0.039336,0.000248,-0.033945,-0.023281,12.866552
771138931561,1.560410,-1.081667,-0.318514,0.043907,-0.078560,0.041256,12.817121
771238949581,0.431956,-0.581614,-0.366419,0.005785,0.023550,0.009904,12.872326
771338967601,-0.836317,-0.068648,-0.001848,0.039313,0.003309,-0.004089,12.745995
771438985620,-0.748540,-0.367386,0.368614,-0.077866,-0.080280,0.116285,12.907281
771539003640,-0.751403,-0.443717,-0.026340,-0.085392,-0.130387,-0.000132,12.899533
771639021659,-0.010005,-1.031042,-0.632966,-0.030533,-0.045884,0.023588,12.855145
771739039679,-0.347505,-0.968291,-0.371370,-0.002785,0.096823,0.015107,12.989903
771839057699,-0.347445,-0.440871,0.079871,0.026506,0.007338,-0.033781,13.015427
771939075718,0.151636,0.867552,0.192669,0.085256,-0.088272,0.000112,12.987568
772039093738,0.433495,0.809955,-0.226444,0.030376,-0.014618,-0.000233,13.022427
772139111758,0.816827,-0.215116,-0.361484,-0.086837,0.059510,0.069937,12.977252
772239129777,1.130086,-0.143916,-0.352041,-0.092059,0.107610,0.102227,12.964034
772339147797,1.406575,-0.606633,-0.078009,0.019960,-0.000507,0.036559,12.891537
772439165817,0.594952,0.560583,0.209887,0.134645,-0.113537,-0.079712,12.904955
772539183836,0.665338,1.310974,0.054544,0.113682,-0.040956,-0.068010,12.932674
772639201856,0.438330,1.221772,0.002404,0.001352,-0.010784,0.021256,12.922487
772739219876,-0.110773,0.847543,-0.201382,-0.046672,-0.030458,0.042341,13.026331
772839237895,0.636166,0.034991,-0.539491,-0.082719,0.060598,0.053127,13.095226
772939255915,1.372844,-1.569653,-0.749721,-0.150039,0.148673,0.121647,13.064419
773039273935,0.691047,-1.710316,-0.455983,-0.051135,0.051124,0.064510,12.870634
773139291954,0.255329,0.378730,-0.116238,0.086826,-0.091761,-0.034343,12.787592
773239309974,0.684083,1.614011,0.155792,0.069830,-0.032108,-0.017619,12.806722
773339327994,1.556904,0.460502,0.443696,-0.065939,0.101961,0.077202,12.805575
773439346013,1.955574,-0.820791,0.284725,-0.077233,0.111656,0.091973,12.735497
773539364033,1.725777,-0.697670,0.337423,0.026473,-0.034149,-0.017197,12.608913
773639382053,1.268968,0.822926,0.468270,0.105051,-0.120694,-0.081572,12.614679
773739400072,0.767195,1.095525,-0.090042,0.010675,-0.022541,0.020023,12.581897
773839418092,0.901383,-0.222017,-0.350895,-0.088044,0.053165,0.099907,12.520292
773939436112,1.640530,-0.908006,-0.145032,-0.135057,0.106507,0.145431,12.544166
774039454131,1.409219,0.814514,-0.206448,-0.067687,0.038329,0.066834,12.541092
774139472151,0.308324,1.650437,-0.128370,0.067931,-0.072060,-0.042319,12.412509
774239490171,-0.081000,-0.213914,-0.118255,0.023306,-0.067001,0.001497,12.387873
774339508190,0.873825,-1.646844,-0.199635,-0.154877,0.143349,0.174228,12.425869
774439526210,1.546166,-0.113763,-0.133377,-0.114678,0.135693,0.147911,12.346605
774539544230,0.151853,2.259052,0.143836,0.080101,-0.110558,-0.055123,12.313808
774639562249,0.670186,1.255014,0.132189,0.168873,-0.211557,-0.159136,12.281153
774739580269,1.394209,-1.251663,-0.322895,0.144292,-0.190394,-0.132958,12.226797
774839598289,1.129869,-1.790958,-0.509554,-0.040366,0.025476,-0.009873,12.180841
774939616308,0.665410,0.391612,-0.050884,-0.145500,0.170646,0.103632,12.192017
775039634328,0.395529,0.329631,0.134666,0.004341,0.041658,0.009535,12.167119
775139652348,0.914580,-2.459255,-0.111105,0.142906,-0.128704,-0.116569,12.087838
775239670367,1.125198,-1.730842,-0.201507,0.148150,-0.127766,-0.081068,12.084510
775339688387,0.985100,-0.295080,0.380009,0.036126,-0.019905,0.048710,12.074181
775439706406,0.390729,0.830996,1.303699,0.045988,0.074240,0.020206,11.970151
775539724426,0.491046,1.571367,1.239576,0.086226,0.067343,-0.046577,11.986511
775639742446,1.852265,-0.241438,0.221421,0.038651,-0.043733,-0.039772,11.956489
775739760465,2.362852,-3.622995,-0.104780,-0.166200,0.015970,0.081136,11.917483
775839778485,0.763445,-2.439086,0.176644,-0.315601,0.154325,0.288614,11.911789
775939796505,-1.417830,1.296227,0.459460,-0.191453,0.198516,0.209081,11.936899
776039814524,-0.473865,1.913006,0.532520,-0.046842,0.083518,0.072171,11.895291
776139832544,-0.226442,1.177857,0.103753,0.083830,-0.028995,0.060765,11.848562
776239850564,-0.912690,1.710384,0.063084,0.027116,-0.040873,0.004481,11.910279
776339868583,1.278288,-0.182374,-0.208430,-0.238281,0.223487,0.160582,11.986912
776439886603,3.855425,-2.345886,-0.650706,-0.153385,0.138020,0.180045,11.969260
776539904623,1.264159,-1.007034,-0.698099,0.233351,-0.306555,-0.176463,11.869343
776639922642,-1.859783,2.653178,0.110600,0.399393,-0.436904,-0.329210,11.824217
776739940662,-1.393663,2.397464,0.414727,0.181611,-0.161343,-0.104959,11.860238
776839958682,0.593860,-1.668690,-0.109732,-0.095635,0.166131,0.211495,11.842335
776939976701,2.454795,-2.544664,-0.325218,-0.093546,0.143658,0.130989,11.876756
777039994721,1.061316,-0.272136,0.234953,0.085974,-0.116180,-0.093128,11.941943
777140012741,0.230626,-2.046175,0.268761,0.218985,-0.249174,-0.103832,11.955722
777240030760,1.981806,-2.932383,0.094573,0.175992,-0.204858,-0.098323,11.960783
777340048780,0.522349,0.600479,-0.093968,-0.130183,0.056945,0.092952,11.938182
777440066800,-1.689877,4.462998,-0.169682,-0.332707,0.350933,0.311146,11.931404
777540084819,-1.237860,1.221472,0.098560,-0.242825,0.275803,0.266227,12.055127
777640102839,0.677224,-3.594335,-0.149208,0.185798,-0.078927,-0.185896,12.167836
777740120859,1.461501,-3.679868,-0.399805,0.292378,-0.259844,-0.260040,12.162269
777840138878,0.745802,0.142324,-0.130288,-0.075078,0.073879,0.108164,12.145982
777940156898,0.921536,2.163953,0.030737,-0.262930,0.325938,0.261041,12.320431
778040174918,0.505586,-0.218840,-0.213958,-0.066806,0.157950,0.096810,12.391370
778140192937,0.530889,-2.338493,0.089800,0.020153,0.059524,0.094729,12.202150
778240210957,0.088737,-1.604231,0.276449,-0.174714,0.230849,0.195663,12.275607
778340228977,-0.423139,1.627309,-0.268094,-0.120037,0.174609,0.193759,12.516679
778440246996,0.360609,1.912291,-0.253128,0.051400,-0.008374,-0.022976,12.598080
778540265016,2.108065,-0.379578,-0.439460,0.200696,-0.122276,-0.181965,12.641248
778640283036,3.619449,-1.410060,-0.472186,0.111855,-0.080618,-0.098951,12.515595
778740301055,2.342664,0.500954,0.288964,-0.113150,0.125367,0.136526,12.366341
778840319075,0.543939,1.695949,0.522356,-0.170320,0.249881,0.175893,12.275954
778940337095,0.602388,-0.522852,0.139045,0.003153,0.068027,-0.002974,12.125894
779040355114,0.888054,-2.550345,-0.056504,0.180288,-0.214572,-0.142580,12.060566
779140373134,1.022050,-0.954500,-0.063629,0.179617,-0.253762,-0.128114,12.266924
779240391153,1.149481,1.999116,-0.019838,0.050058,-0.092361,-0.014140,12.436337
779340409173,1.018866,0.770293,-0.085227,-0.102513,0.103543,0.053150,12.456822
779440427193,0.072675,-1.967910,0.041813,-0.054663,0.055981,0.028764,12.465700
779540445212,-1.138068,-2.238864,0.618421,0.151571,-0.126880,-0.064838,12.376887
779640463232,-1.238811,-0.501761,0.421337,0.255262,-0.167355,-0.147626,12.312343
779740481252,-0.101053,2.349524,0.064396,-0.002288,0.062112,0.051410,12.151378
779840499271,1.088780,3.101005,0.033110,-0.153195,0.164991,0.181529,12.203643
779940517291,1.790299,0.034073,0.005132,0.109301,-0.120012,-0.094300,12.367574
780040535311,1.877796,-2.002100,-0.348135,0.269119,-0.249280,-0.206474,12.363442
780140553330,-0.069980,-0.599965,-0.467278,0.054194,-0.042478,-0.039391,12.398657
780240571350,-0.887430,0.330543,0.068338,-0.090473,0.083486,0.091602,12.512325
780340589370,-1.468064,-0.645822,0.245797,0.073879,-0.101184,-0.076607,12.539291
780440607389,-0.539228,-1.730215,-0.387726,0.127925,-0.121998,-0.097588,12.604904
780540625409,1.052080,-1.140272,-0.849106,0.073633,0.026813,-0.012892,12.618489
780640643429,0.986424,-0.190090,-0.576813,0.028387,0.033060,-0.030475,12.572485
780740661448,0.516212,0.247809,-0.286495,0.027501,-0.042968,-0.017782,12.660595
780840679468,0.320225,0.978077,-0.089292,-0.059046,0.112169,0.081428,12.740132
780940697488,0.226758,1.384136,0.114048,-0.060972,0.168668,0.084275,12.732561
781040715507,1.017157,0.537515,0.012553,-0.012805,0.155353,0.071052,12.754402
781140733527,0.989987,-0.510492,-0.119386,-0.057555,0.122093,0.080773,12.830891
781240751547,-0.151604,0.586598,-0.080321,-0.010149,-0.053241,0.007430,12.909734
781340769566,-1.660587,2.328612,-0.045723,0.101789,-0.170298,-0.091071,12.932421
781440787586,-1.176877,0.756880,-0.053588,0.030200,-0.064841,-0.040657,12.784021
781540805606,-0.023950,-0.656234,-0.218018,-0.061478,0.047141,0.075558,12.699664
781640823625,-0.422315,0.528748,-0.072060,-0.083507,0.093243,0.059040,12.698355
781740841645,-0.014015,1.124221,-0.079412,-0.061023,0.102231,0.018079,12.620162
781840859665,0.226693,0.175677,-0.433093,0.055195,0.021038,-0.006885,12.606422
781940877684,0.180221,-0.522505,-0.638963,0.024462,0.033201,0.042207,12.516013
782040895704,0.601773,0.288001,-0.247243,-0.003500,0.085439,0.061235,12.593273
782140913724,0.591134,0.788514,0.225548,0.039922,-0.006102,-0.023619,12.708076
782240931743,1.077406,0.092805,0.027201,0.010019,0.034523,-0.010389,12.628181
782340949763,1.354496,-0.042947,0.067217,-0.012012,0.056024,0.034465,12.663503
782440967783,1.357799,0.587267,-0.002921,0.019945,0.025796,-0.001887,12.668525
782540985802,2.023898,0.886805,-0.505587,0.017003,0.056151,0.052807,12.626517
782641003822,2.024729,0.659244,-0.385754,-0.046301,0.184421,0.075659,12.751246
782741021842,1.439404,0.323254,-0.086786,-0.075179,0.208750,0.089965,12.701492
782841039861,1.827136,-0.334189,-0.036358,-0.079383,0.142404,0.135757,12.672869
782941057881,0.469324,-0.040087,0.534348,0.096434,-0.112808,-0.082154,12.644824
783041075900,-2.921273,1.596992,0.578459,0.104094,-0.260723,-0.173939,12.614385
783141093920,-3.755628,0.489733,-0.601633,-0.266357,0.084566,0.150521,12.657509
783241111940,2.020192,-4.855963,-1.516517,-0.497538,0.598669,0.487665,12.652723
783341129959,4.123403,-4.558841,-0.798690,-0.083343,0.184133,0.041874,12.706564
783441147979,-1.394538,1.863392,0.486861,0.634113,-0.724681,-0.583610,12.714882
783541165999,-3.291286,3.949861,0.079733,0.481018,-0.569985,-0.435809,12.695064
783641184018,-0.084946,1.201321,-1.462368,-0.124077,0.056146,0.045913,12.742671
783741202038,4.554571,-4.046300,-1.691624,-0.276043,0.410930,0.350201,12.807097
783841220058,1.319646,-3.090364,-0.576436,0.106453,-0.025821,-0.078186,12.789543
783941238077,-3.285818,0.579522,-0.928943,0.340735,-0.412439,-0.279925,12.859516
784041256097,-3.475029,1.643002,-1.146091,0.440941,-0.270002,-0.306378,12.911324
784141274117,0.331192,-2.573197,-1.493810,-0.057700,0.272635,0.028784,12.797879
784241292136,1.768073,-4.074521,-1.974237,-0.502067,0.634914,0.462666,12.896052
784341310156,-1.344827,0.509961,-0.570419,-0.135879,0.137927,0.165345,12.973675
784441328176,-2.498663,3.522712,0.560554,0.340481,-0.507924,-0.293170,12.997753
784541346195,-0.774188,1.879833,0.167985,0.312149,-0.359781,-0.259932,13.056023
784641364215,2.972279,-3.150435,-0.723419,-0.133702,0.243781,0.164988,13.169729
784741382235,0.694989,-2.539204,-0.401033,-0.312732,0.392075,0.298683,13.225856
784841400254,-3.538450,1.864406,0.061332,-0.169204,0.182499,0.186204,13.285181
784941418274,-3.996656,3.437871,0.016338,0.283144,-0.230813,-0.165171,13.272827
785041436294,-0.878771,-0.892434,-0.000621,0.353055,-0.372385,-0.297938,13.252824
785141454313,2.090142,-2.607755,-0.173699,-0.028459,-0.003574,0.009209,13.311123
785241472333,2.296815,1.137307,-0.279576,0.001977,0.094464,0.028811,13.450666
785341490353,-0.593860,3.579681,0.401678,0.308684,-0.283551,-0.251708,13.468640
785441508372,-0.625302,2.777752,1.037141,0.369186,-0.323445,-0.288192,13.411787
785541526392,-3.039762,0.947467,0.262801,0.314216,-0.127035,-0.130377,13.430763
785641544412,-5.868060,-0.472805,-0.431632,0.085681,-0.305333,-0.104205,13.451691
785741562431,-1.669238,-1.139699,0.150013,-0.144856,-0.198504,-0.047352,13.475328
785841580451,0.310664,-0.707965,0.051101,-0.162942,0.181841,0.150406,13.394830
785941598471,-2.034260,1.232037,0.410956,-0.225726,0.293681,0.221212,13.263943
786041616490,-2.205632,1.241989,0.690725,-0.025336,0.128982,0.071838,13.290820
786141634510,0.675461,-1.828284,0.192327,0.212178,-0.301244,-0.168586,13.234785
786241652530,2.090019,-1.840955,-0.114289,0.142221,-0.316621,-0.197853,13.251920
786341670549,0.469881,1.514429,0.470386,-0.091444,0.102200,0.026683,13.263982
786441688569,-2.113009,3.904921,1.111718,-0.301085,0.412981,0.267333,13.202325
786541706589,0.782692,0.812886,0.404593,-0.219198,0.381876,0.273390,13.138550
786641724608,4.593575,-2.362688,-0.293760,0.183094,-0.158742,-0.106486,13.189800
786741742628,4.717041,-0.095289,-0.102502,0.262739,-0.440118,-0.278505,13.118281
786841760647,1.460727,3.663439,0.535105,-0.140093,0.077680,0.104989,12.971912
786941778667,-0.996115,4.141678,1.097351,-0.317043,0.534971,0.313756,12.986072
787041796687,-0.444823,0.581105,1.031302,-0.069979,0.254205,0.217367,13.026287
787141814706,0.105448,0.007417,0.067793,0.064154,-0.020477,0.030225,12.948733
787241832726,-1.371200,0.777713,-0.229789,-0.013877,-0.001177,0.056241,12.920854
787341850746,-2.878887,0.279681,0.230209,0.150557,-0.263441,-0.089496,12.874593
787441868765,0.691378,-2.903159,-0.970075,-0.074552,0.059716,-0.030129,12.772365
787541886785,0.078030,-1.732166,-0.504927,-0.366245,0.613075,0.362983,12.696136
787641904805,-5.186092,3.384200,0.962723,-0.078097,0.195178,0.100182,12.688868
787741922824,-3.746819,1.200821,0.327657,0.286282,-0.375298,-0.270744,12.622449
787841940844,-0.196064,-3.227651,-0.235298,0.327090,-0.313628,-0.201101,12.670479
787941958864,0.216030,-3.615921,-0.219110,-0.024390,0.153528,0.066180,12.698638
788041976883,-1.108210,-0.226713,0.192792,-0.165650,0.273317,0.182038,12.548069
788141994903,0.222807,3.100209,0.124443,-0.046266,0.087710,0.051048,12.548234
788242012923,0.099029,2.250835,-0.616089,-0.000534,-0.032211,-0.137538,12.552776
788342030942,-0.574118,-0.821845,-0.665001,-0.090212,0.103726,0.018808,12.544274
788442048962,0.896724,-1.279445,0.022656,-0.209127,0.168358,0.211701,12.522463
788542066982,0.070431,0.617472,0.083708,-0.082733,0.123619,0.082607,12.514735
788642085001,-0.440071,1.676684,-0.180276,0.065539,-0.031748,-0.141651,12.507542
788742103021,-0.997414,-0.273629,0.397672,0.065714,-0.091616,-0.061728,12.545293
788842121041,-1.791802,-3.107957,0.272548,-0.023059,0.025790,0.016236,12.571608
788942139060,-2.479357,-2.526745,-0.803030,-0.154606,0.173054,0.161300,12.632432
789042157080,-2.339079,1.578264,-1.398678,0.095240,0.010337,-0.001379,12.601062
789142175100,-3.699393,3.888552,-0.711764,0.388896,-0.317469,-0.399776,12.500890
789242193119,-6.381437,2.702554,0.397517,0.031919,-0.000374,-0.055900,12.509445
789342211139,-3.157045,0.265695,0.279615,-0.364447,0.446851,0.374625,12.592158
789442229159,1.143121,-4.643435,-0.299999,-0.044902,0.053612,0.007335,12.573877
789542247178,1.942479,-5.713995,-0.444586,0.346769,-0.344228,-0.325968,12.595302
789642265198,1.079297,-2.411715,0.197495,-0.128490,0.241167,0.192237,12.669078
789742283218,-0.763235,1.597131,0.069539,-0.324803,0.447755,0.425663,12.676624
789842301237,-2.053698,2.098383,-0.491460,0.041063,0.105166,0.085424,12.598056
789942319257,-1.719501,-0.191246,-0.480108,0.199060,-0.049392,-0.194819,12.721787
790042337277,-0.066657,-1.553829,0.140580,-0.053821,-0.024854,-0.043384,12.962087
790142355296,-0.364508,0.254454,0.102635,-0.177597,0.121217,0.126576,13.138773
790242373316,-1.050004,1.631661,0.173613,0.005054,0.048700,-0.028648,13.215042
790342391336,-1.188849,0.835308,1.018503,0.175679,-0.141330,-0.125363,13.148753
790442409355,-0.715734,0.265869,0.926250,0.119395,-0.018958,-0.013905,13.156373
790542427375,0.259766,-0.883238,0.446097,0.043283,-0.026943,0.026828,13.294200
790642445394,0.816885,-0.279512,0.978911,0.098502,-0.131717,-0.117812,13.401915
790742463414,-1.282821,1.653594,2.103706,0.106477,-0.229062,-0.140859,13.449035
790842481434,-0.705589,2.388454,2.526906,0.065899,-0.100966,-0.114403,13.664815
790942499453,0.287706,0.055636,1.120275,0.073776,0.214221,-0.073308,13.811090
791042517473,1.206068,-0.231256,1.288536,-0.080288,0.202036,0.080657,13.767777
791142535493,1.712902,0.397358,2.668904,0.035765,0.032047,-0.015510,13.689448
791242553512,0.739143,-0.687678,2.454035,0.228891,-0.025272,-0.153653,13.787601
791342571532,-0.035836,1.618018,1.898372,-0.060949,-0.200749,-0.007406,13.748640
791442589552,-0.446579,1.717637,0.311371,-0.114983,-0.053373,-0.047565,13.694535
791542607571,-0.873331,-0.002868,-0.726429,-0.030741,0.113153,-0.036443,13.720075
791642625591,0.552390,-1.122633,-0.644028,0.118785,0.039628,-0.034857,13.700933
791742643611,1.944670,-2.155694,-0.446580,0.260355,-0.228459,-0.250326,13.592651
791842661630,-1.204720,1.035413,-0.171119,0.025953,-0.043082,-0.061370,13.506169
791942679650,-2.548716,2.404964,-0.550672,-0.065055,0.051984,0.057850,13.529962
792042697670,-0.480974,-1.172695,-0.858305,0.081128,-0.097889,-0.086716,13.585046
792142715689,1.028816,-1.107447,-0.687463,0.063979,-0.042658,-0.012380,13.632087
792242733709,0.453170,0.216205,-0.447124,0.008336,-0.060611,-0.009425,13.427349
792342751729,-1.145727,0.229108,0.243873,-0.067652,-0.032626,0.024260,13.235623
792442769748,-3.509452,1.188224,0.820944,-0.049668,0.056519,0.132842,13.079957
792542787768,-4.298131,2.112274,1.090132,0.233658,-0.373582,-0.218278,13.016565
792642805788,-3.497462,2.029097,0.351091,-0.018104,-0.211440,-0.167095,13.088150
792742823807,-0.645556,0.109788,-0.200664,-0.419836,0.337763,0.376734,13.125706
792842841827,2.549379,-1.332189,-0.182475,-0.066272,0.201548,0.085543,13.125481
792942859847,0.756966,1.370906,0.822026,0.154339,-0.169296,-0.204614,13.058013
793042877866,-2.552052,3.416031,1.165839,0.255131,-0.361272,-0.272265,13.069878
793142895886,-1.039018,0.918236,0.824640,0.114634,0.017905,-0.154269,13.046713
793242913906,1.418323,-2.423131,0.257465,-0.389128,0.398366,0.388273,12.873720
793342931925,1.902733,-2.995415,-0.366028,-0.391414,0.475958,0.388033,12.909444
793442949945,-1.521420,1.093632,0.263121,0.060029,-0.023129,-0.133641,12.650500
793542967965,-2.825408,2.219482,0.122968,0.347045,-0.427268,-0.370870,12.124182
793642985984,-0.150387,-0.999749,-0.824388,0.106713,-0.144537,-0.124062,12.073189
793743004004,0.647612,-2.397376,-0.561121,-0.237171,0.206351,0.185793,12.127781
793843022024,-1.614672,-0.817972,0.756054,-0.150368,0.184802,0.144890,12.408191
793943040043,-2.564877,2.140086,1.523505,0.114935,-0.195860,-0.085462,12.889923
794043058063,-0.253312,2.671302,1.154361,0.182691,-0.310504,-0.181688,12.940014
794143076082,2.737514,1.639035,0.077058,0.171937,-0.281185,-0.167551,12.982069
794243094102,2.332453,0.022971,-0.658822,0.028783,-0.150540,-0.044581,12.569647
794343112122,0.989723,0.134603,-0.802840,-0.104244,0.024164,0.072881,12.405553
794443130141,0.881425,0.985442,-0.356710,-0.032677,-0.029498,-0.006514,12.826890
794543148161,0.457466,0.573908,0.138169,-0.035758,0.013723,-0.001921,12.851139
794643166181,-0.796862,0.714676,0.875423,0.004313,-0.004387,-0.042170,12.943832
794743184200,-0.882508,-0.158332,0.328460,0.133667,-0.149982,-0.133788,12.890954
794843202220,-0.013168,-2.528303,-1.042701,0.092618,-0.255777,-0.095241,12.897304
794943220240,-1.228747,0.776184,-0.140053,0.033426,-0.228473,-0.010820,12.854284
795043238259,-3.565938,3.292373,0.510702,0.003317,-0.069746,0.017766,12.763363
795143256279,-4.743096,1.428474,0.550564,-0.001249,-0.063669,-0.069944,12.654240
795243274299,-3.072719,-1.831326,0.574220,0.200874,-0.348698,-0.192022,12.611725
795343292318,0.480510,-5.104043,-0.277223,0.293106,-0.469408,-0.317146,12.674789
795443310338,0.654929,-1.349464,-0.408935,0.167677,-0.171741,-0.207662,12.696988
795543328358,-0.730465,3.465444,-0.176665,-0.163160,0.238951,0.122731,12.608241
795643346377,-0.274477,2.258429,-0.375109,-0.172179,0.262071,0.154643,12.660462
795743364397,1.272111,-1.227829,-0.863388,0.133154,-0.101904,-0.149014,12.680571
795843382417,1.981611,-1.448925,-0.890104,0.236562,-0.262016,-0.231836,12.545848
795943400436,-0.554981,0.462958,-0.461343,0.069078,-0.093919,-0.037384,12.591972
796043418456,-1.722431,0.307067,-0.334140,-0.130553,0.104594,0.132661,12.746945
796143436476,0.095143,0.671756,-0.222309,-0.080077,0.149284,0.135464,12.729329
796243454495,0.473596,0.486101,0.269921,-0.044447,0.091395,0.083427,12.709391
796343472515,-0.452763,-1.844146,0.747262,0.002438,-0.007676,-0.030894,12.754762
796443490535,0.048202,-2.840177,0.576695,-0.079672,0.020607,0.048321,12.827148
796543508554,0.453401,-2.366496,0.187704,-0.118581,0.043234,0.098138,12.781775
796643526574,-0.595066,-0.385601,0.255952,0.101553,-0.142862,-0.076019,12.714348
796743544594,-0.910758,1.854767,0.299645,0.117960,-0.104277,-0.050525,12.712238
796843562613,-0.329961,0.902908,-0.016756,-0.047255,0.125069,0.086189,12.762568
796943580633,0.565150,-0.976507,-0.006835,-0.157544,0.152875,0.147593,12.870687
797043598653,0.472432,-1.316187,0.003341,-0.148525,0.076521,0.123864,12.920685
797143616672,-0.601165,1.047690,-0.263933,0.096084,-0.125362,-0.052787,12.910635
797243634692,-0.520448,2.092153,-0.299070,0.214366,-0.248104,-0.175756,13.025944
797343652712,0.596970,-0.382503,-0.481897,-0.045276,-0.004557,0.030764,13.051730
797443670731,1.937411,-2.023629,-0.837090,-0.220896,0.295975,0.186529,13.066350
797543688751,1.513889,-0.839632,-0.707585,-0.117711,0.189089,0.061501,13.124471
797643706771,0.261767,2.299886,-0.279636,0.211005,-0.185679,-0.187634,13.137301
797743724790,-0.386426,2.842060,0.097868,0.327297,-0.310985,-0.249532,13.126254
797843742810,0.317102,0.196843,-0.137547,0.130494,-0.199868,-0.125308,13.104835
797943760829,1.386022,-1.696278,-0.586545,-0.174732,0.131736,0.104080,13.070494
798043778849,0.511446,1.213543,-0.315146,-0.272729,0.289013,0.192504,13.119380
798143796869,-0.235606,4.395664,-0.084800,0.014503,-0.049832,-0.010963,13.110778
798243814888,0.798232,1.940598,-0.372638,0.118514,-0.218488,-0.109698,13.011626
798343832908,0.956919,-1.348408,-0.589347,-0.089154,0.075410,0.064162,12.935349
798443850928,-0.079479,-0.678860,-0.585205,-0.149739,0.221897,0.174290,12.966090
798543868947,-1.140475,2.099040,-0.093419,-0.028654,0.077227,0.073636,12.958169
798643886967,-0.361152,0.788470,-0.071960,0.152586,-0.138497,-0.108476,12.885391
798743904987,1.633079,-1.770046,-0.566352,0.166083,-0.216824,-0.114292,12.883059
798843923006,1.695830,-0.211168,-0.321361,0.031176,-0.086275,0.000603,12.871189
798943941026,-0.320441,1.020573,0.229735,-0.084029,0.132034,0.083870,12.760985
799043959046,-1.101088,0.205594,0.116776,-0.076738,0.176627,0.069868,12.778907
799143977065,-0.945918,-0.363642,-0.101502,-0.044936,0.090436,0.062111,12.793662
799243995085,0.006665,0.332258,-0.001322,-0.060420,0.023635,0.001309,12.740118
799344013105,1.183607,0.765235,-0.179519,-0.065274,0.008294,0.021852,12.685086
799444031124,0.802198,0.380745,-0.141924,-0.028850,0.011200,-0.010420,12.688554
799544049144,-0.690806,0.131555,0.159107,0.038295,-0.012946,-0.062751,12.644765
799644067164,-1.505430,-0.244599,0.161266,0.020322,0.041135,-0.036904,12.630692
799744085183,-0.960861,-0.086677,0.077899,0.006986,0.081027,-0.000291,12.581936
799844103203,-0.208694,0.143910,0.037310,0.078010,0.076771,-0.000488,12.565114
799944121223,0.290044,-0.280854,-0.068534,0.054100,0.047660,-0.019823,12.558093
800044139242,0.631563,-0.440485,-0.400257,-0.083622,0.076214,0.033522,12.477133
800144157262,0.683587,1.209716,-0.699225,-0.149516,0.165411,0.165543,12.494840
800244175282,1.481924,1.167156,-0.609437,-0.049927,0.082410,0.088026,12.567197
800344193301,2.807483,-1.615819,-0.603165,0.165633,-0.116720,-0.132936,12.588208
800444211321,1.737166,-1.313320,-0.526466,0.189719,-0.168070,-0.098623,12.644357
800544229341,-0.215221,1.845031,0.230085,-0.051229,0.083462,0.042844,12.662800
800644247360,-0.656196,2.734044,0.796954,-0.224466,0.325015,0.185535,12.658318
800744265380,0.905176,-0.864293,0.172924,-0.242995,0.307733,0.251577,12.664507
800844283400,1.396200,-1.895250,-0.203318,-0.007470,-0.005765,0.036752,12.636635
800944301419,-0.718912,0.520620,0.221418,0.145290,-0.231503,-0.126462,12.625127
801044319439,-0.373136,1.177438,0.122673,0.037178,-0.088924,-0.029225,12.620442
801144337459,1.017868,1.306978,-0.015323,-0.029970,0.038580,0.049862,12.612047
801244355478,1.115302,1.425387,-0.060576,0.037581,-0.087011,-0.033168,12.579469
801344373498,1.644209,0.266894,-0.280389,0.122491,-0.195896,-0.118031,12.554738
801444391518,2.184721,-1.022069,-0.322333,0.047121,-0.101161,-0.038462,12.537720
801544409537,1.195303,0.016739,-0.220574,-0.086283,0.057040,0.067588,12.505059
801644427557,0.482722,1.328797,0.015695,-0.024783,0.027050,0.059291,12.448295
801744445576,0.946555,0.551018,0.171039,0.094613,-0.121971,-0.080265,12.365679
801844463596,1.401656,-1.250192,0.069507,0.082099,-0.137827,-0.090890,12.365188
801944481616,0.945071,0.069093,0.039735,-0.008743,-0.010810,-0.016261,12.297437
802044499635,0.592365,0.949362,0.127924,-0.165200,0.173762,0.121844,12.186615
802144517655,-0.048117,-0.283989,0.075788,-0.168156,0.154954,0.135718,12.149170
802244535675,-0.744787,-1.048076,0.136100,0.014038,-0.048005,-0.017683,12.072757
802344553694,1.157856,-1.552869,0.015133,0.129830,-0.151919,-0.145378,11.970102
802444571714,2.482504,0.255199,-0.202517,0.008583,0.043320,-0.045938,11.923598
802544589734,0.882372,1.980579,-0.038669,-0.211801,0.275472,0.191527,11.880526
802644607753,-0.028279,0.417911,-0.130739,-0.161575,0.208993,0.152061,11.809850
802744625773,1.494588,-2.156591,-0.240988,0.057439,-0.004545,-0.030514,11.773306
802844643793,0.919109,-1.630614,-0.009569,0.137444,-0.116337,-0.123218,11.739950
802944661812,-0.181403,1.713846,0.450024,-0.047255,0.098912,0.078960,11.690156
803044679832,0.497612,3.883844,0.301075,-0.217591,0.352016,0.253901,11.666944
803144697852,1.960679,0.870120,-0.220298,-0.201116,0.346299,0.205006,11.648196
803244715871,0.936715,-1.167828,0.727665,0.027774,0.091883,0.036437,11.595935
803344733891,-1.722801,-0.744883,0.860946,0.217036,-0.000585,-0.132227,11.546580
803444751911,-1.393500,0.448890,-0.291251,0.135093,0.085983,-0.061533,11.520552
803544769930,0.526635,0.509471,-0.520150,-0.043704,0.163708,0.088411,11.517843
803644787950,1.108484,-2.556296,-0.451117,-0.151105,0.150669,0.195058,11.510600
803744805970,0.438210,-1.075780,-0.031511,-0.014963,-0.010774,0.021870,11.489425
803844823989,-0.185317,0.722476,-0.568236,0.186168,-0.047357,-0.125742,11.480777
803944842009,-0.543678,0.289471,-0.724854,0.086302,0.054623,-0.044980,11.463073
804044860029,-0.790797,2.664852,0.715872,0.023123,0.090226,-0.111945,11.476259
804144878048,-0.914293,3.038822,1.552902,0.207122,-0.255874,-0.230177,11.503615
804244896068,-0.377141,-0.780392,1.355502,0.337047,-0.412893,-0.272034,11.547589
804344914088,1.334783,-2.418669,0.614873,0.245473,-0.139395,-0.186866,11.577646
804444932107,1.782387,0.604907,0.252936,-0.059948,0.167064,0.067033,11.508321
804544950127,0.803748,1.920936,0.327670,-0.150925,0.183440,0.126737,11.460975
804644968147,0.278361,0.395192,0.342954,-0.050361,0.005314,0.026059,11.504533
804744986166,0.082778,-0.225615,0.289174,-0.003671,0.020515,0.000472,11.546180
804845004186,0.266206,0.689568,0.038202,0.014893,0.042130,0.007018,11.579753
804945022206,1.593179,0.437790,-0.293617,0.023722,-0.032173,-0.027988,11.582344
805045040225,1.194481,0.396958,-0.062279,0.015062,-0.050662,-0.040289,11.543738
805145058245,-0.194078,0.084844,0.005418,0.020372,-0.019679,-0.031218,11.570850
805245076265,-0.508404,0.042610,-0.146897,-0.019369,0.057840,0.007905,11.562186
805345094284,-0.675675,-0.229668,-0.119967,-0.011044,0.095946,0.018538,11.540913
805445112304,-0.560834,-0.228472,0.220751,0.006094,0.056380,0.017540,11.523242
805545130323,0.627119,-0.051969,0.380160,-0.066674,0.065681,0.041906,11.479041
805645148343,0.861999,-0.762239,0.356576,-0.100649,0.107061,0.062108,11.537121
805745166363,-0.364291,0.438510,0.142699,-0.097794,0.125192,0.063779,11.533623
805845184382,0.189775,0.845650,-0.515003,0.009592,0.017814,-0.023024,11.507296
805945202402,1.317325,-0.085891,-0.535467,0.103678,-0.084385,-0.082837,11.546230
806045220422,0.697906,0.349998,-0.095236,0.019011,-0.063265,0.011793,11.490845
806145238441,-0.491450,0.364968,-0.228030,-0.073223,0.017502,0.037425,11.487904
806245256461,-1.019509,-0.194428,-0.432216,-0.067517,0.071743,0.043099,11.499900
806345274481,-0.661939,-0.972711,0.354278,-0.110131,0.071227,0.064466,11.463732
806445292500,-1.045312,-0.127799,0.823279,-0.090836,0.020891,-0.021323,11.482523
806545310520,-0.906742,0.767623,0.831670,0.073869,-0.083739,-0.052741,11.442071
806645328540,1.073113,-0.465953,0.311650,0.141198,-0.189452,-0.112436,11.458762
806745346559,1.903200,-0.822560,-0.521899,0.046817,-0.109480,-0.079822,11.488067
806845364579,0.289996,-0.306362,-0.098732,-0.096678,0.065950,0.052871,11.444217
806945382599,-1.492583,0.227470,0.267404,-0.073682,0.116790,0.078651,11.446664
807045400618,-2.113366,0.061064,0.026030,0.034658,0.025655,0.009746,11.441698
807145418638,-0.492097,0.269204,-0.331993,0.103316,-0.056178,-0.119686,11.399150
807245436658,0.664120,0.424609,-0.187101,0.015634,-0.049287,-0.077399,11.457421
807345454677,0.843682,-0.590500,-0.121976,-0.094182,0.069967,0.068630,11.500252
807445472697,1.023748,-0.431574,-0.233951,-0.100262,0.036911,0.081632,11.415795
807545490717,0.768971,-0.191778,0.038293,-0.029586,-0.017511,0.013754,11.402900
807645508736,1.428099,-0.022182,0.460025,0.048639,0.053863,0.043119,11.424128
807745526756,1.216504,-0.177377,0.802944,0.031383,0.005415,-0.010528,11.417434
807845544776,0.109286,-0.200871,0.477270,-0.015665,-0.016711,0.003085,11.428163
807945562795,0.422768,0.658883,-0.261900,-0.009382,0.094756,0.023377,11.427008
808045580815,1.103810,0.100746,-0.719884,-0.105675,0.030521,0.082465,11.417439
808145598835,0.783812,0.559953,-0.683274,-0.072827,-0.048245,0.066181,11.407609
808245616854,-0.262503,1.847748,-0.111292,0.085431,-0.086243,-0.066316,11.393255
808345634874,0.445604,0.902878,-0.306240,0.080757,-0.086682,-0.062492,11.397199
808445652894,1.823222,-0.205641,-0.893373,-0.023904,-0.016845,0.055887,11.412168
808545670913,1.469162,-0.358234,-0.859920,-0.125518,0.051019,0.128450,11.406544
808645688933,-0.331678,0.983001,-0.452484,-0.051747,0.054881,0.066725,11.395527
808745706953,-1.170913,1.339020,0.019478,0.103269,-0.052445,-0.080503,11.390285
808845724972,-0.317220,0.295042,0.365395,0.095801,-0.097170,-0.071045,11.383308
808945742992,0.680953,-1.077112,0.197883,-0.053731,0.089816,0.138770,11.385889
809045761012,1.640214,-1.802393,-0.186642,-0.052443,0.084107,0.048387,11.390561
809145779031,1.975619,-1.069893,-0.095117,-0.003162,-0.022107,-0.170571,11.399546
809245797051,0.595375,1.048613,0.249944,-0.136564,0.205137,0.123208,11.420929
809345815070,-1.117642,1.835379,-0.025609,-0.283211,0.364118,0.270058,11.399567
809445833090,-0.256185,-1.004422,-0.441939,-0.101496,0.003519,-0.096303,11.403808
809545851110,0.689434,-2.112900,-0.252946,0.261398,-0.350708,-0.249807,11.443917
809645869129,-0.790788,0.644725,0.185220,0.235191,-0.311095,-0.190523,11.436523
809745887149,-2.167200,3.132730,0.171605,0.048703,-0.068368,-0.086157,11.415190
809845905169,-1.211850,0.828549,-0.118493,-0.130681,0.185762,0.142675,11.423188
809945923188,0.590880,-2.003691,-0.021807,-0.091795,0.103400,0.073963,11.423755
810045941208,0.918549,-1.960944,0.216109,0.162019,-0.135933,-0.136472,11.429188
810145959228,-0.582908,0.870622,0.737113,0.213875,-0.264088,-0.220806,11.444596
810245977247,-1.125430,1.967297,0.751419,-0.047477,-0.089808,-0.057703,11.464304
810345995267,-0.309672,-0.210605,0.136021,-0.216128,0.205490,0.150398,11.437799
810446013287,-0.132746,-1.406417,-0.319485,-0.119569,0.156152,0.059342,11.403944
810546031306,-0.139216,0.597538,-0.355077,0.001699,0.002115,-0.009910,11.432712
810646049326,0.023771,1.713023,-0.467648,0.036179,-0.139610,0.062356,11.423740
810746067346,-0.270293,-0.558660,-0.402045,0.047606,-0.160809,-0.053199,11.446155
810846085365,0.585952,-0.527607,0.087399,0.039210,-0.076401,-0.051548,11.446403
810946103385,0.640916,0.727465,0.584112,0.017725,-0.015521,0.002996,11.428798
811046121405,0.350087,0.567319,0.717816,0.051629,-0.015157,-0.063178,11.458349
811146139424,0.310452,0.166624,0.134770,0.041059,0.041500,-0.030680,11.405756
811246157444,-0.075807,-0.299929,-0.036561,-0.036108,0.061770,-0.012491,11.401199
811346175464,0.702617,-0.517549,0.004142,-0.060981,0.048740,0.009084,11.430234
811446193483,0.972557,1.563002,0.278272,-0.087150,0.172200,0.124821,11.412701
811546211503,0.506074,3.537884,0.535399,-0.015476,0.070559,0.047377,11.400732
811646229523,1.115422,0.397036,0.183462,0.207644,-0.198787,-0.182830,11.413431
811746247542,2.434455,-1.466675,0.061754,0.283961,-0.313414,-0.249069,11.420531
811846265562,1.439349,0.209405,0.349263,0.021510,-0.031529,-0.011306,11.406423
811946283582,-0.345952,1.881263,0.403684,-0.175687,0.255187,0.158030,11.357746
812046301601,-0.169226,2.892962,0.592472,-0.081327,0.068909,0.080973,11.307895
812146319621,1.157491,1.483531,0.202027,0.148917,-0.195685,-0.132160,11.244645
812246337641,2.305223,0.319591,-0.662483,0.223303,-0.280324,-0.247210,11.184485
812346355660,1.421568,0.942117,-0.862569,0.082010,-0.048556,-0.080200,11.154273
812446373680,0.460381,1.798358,-1.102970,-0.090758,0.094368,0.102307,11.084704
812546391700,0.494499,1.931807,-0.728132,-0.095900,0.035228,0.100589,11.015152
812646409719,0.605051,1.100778,-0.277690,0.030660,-0.059908,0.008019,10.974081
812746427739,1.455936,0.230885,-0.418721,0.050484,-0.057266,-0.006157,10.915735
812846445759,1.463766,0.356851,-0.168506,0.016462,0.024713,-0.001090,10.856567
812946463778,0.893324,1.007769,0.074459,-0.086374,0.043843,0.054168,10.741989
813046481798,0.349503,1.120366,0.036288,-0.015560,0.010345,-0.012135,10.592526
813146499817,0.934209,0.062329,-0.421501,0.073265,-0.101233,-0.059208,10.449410
813246517837,1.264795,-0.558336,-0.431842,-0.019857,-0.041524,-0.032679,10.247336
813346535857,0.852663,0.658605,0.122976,-0.151883,0.160994,0.097987,10.123288
813446553876,0.204263,2.857103,0.471460,0.048531,0.025717,-0.005829,9.961753
813546571896,0.679045,2.098314,-0.147753,0.307251,-0.276349,-0.244722,9.850871
813646589916,2.019541,-1.295167,-0.961437,0.141970,-0.203574,-0.140526,9.802874
813746607935,2.366075,-3.015133,-0.962446,-0.186128,0.196224,0.139918,9.648462
813846625955,1.345221,0.755137,-0.395681,-0.177244,0.274102,0.206616,9.494824
813946643975,-0.601655,5.123222,0.328343,0.156052,-0.151614,-0.124129,9.393335
814046661994,0.690451,1.223177,0.072028,0.348062,-0.451775,-0.271208,9.318040
814146680014,2.945242,-2.453325,0.079933,0.349612,-0.429040,-0.276815,9.224835
814246698034,2.659546,0.065380,0.377694,-0.005749,0.008435,-0.092709,9.160781
814346716053,1.768894,3.069652,0.431210,-0.321567,0.437067,0.299708,9.073977
814446734073,2.229867,2.386571,0.410335,-0.188992,0.299184,0.201727,8.949287
814546752093,3.193779,-1.030427,-0.393472,0.071664,-0.056178,-0.080928,8.841362
814646770112,3.116114,-1.100520,-1.140303,0.113339,-0.056403,-0.045046,8.645672
814746788132,1.664894,0.970047,-1.026219,-0.108938,0.151636,0.071796,8.642021
814846806152,0.541603,2.245413,-0.455757,-0.157781,0.129995,0.107133,8.624061
814946824171,0.795710,1.875010,-0.151264,-0.080339,0.042513,0.079319,8.384288
815046842191,0.497501,0.326866,0.020441,-0.037954,0.005644,0.001862,8.264873
815146860211,0.785108,-0.207807,0.407378,-0.072073,0.045909,0.023188,8.125077
815246878230,0.730296,0.993511,0.543732,-0.118663,0.167830,0.091022,7.935915
815346896250,0.939756,1.210285,0.333929,-0.107598,0.205989,0.111347,7.729012
815446914270,1.724285,-0.357291,0.033022,0.007073,0.035367,-0.017992,7.492416
815546932289,1.545694,-0.831463,-0.208576,0.116727,-0.119579,-0.125001,7.248880
815646950309,0.507066,0.621743,0.115218,0.022333,-0.025865,-0.063967,6.982417
815746968329,0.115161,1.900534,0.258256,-0.112282,0.120870,0.063593,6.849878
815846986348,0.443552,1.375992,-0.201383,-0.049821,0.072765,0.015558,6.655016
815947004368,1.333010,0.169006,-0.357404,0.050235,-0.078177,-0.074503,6.431315
816047022388,2.145600,-0.959363,-0.515607,-0.044177,-0.001059,0.012105,6.441886
816147040407,1.638148,-0.826450,-0.816545,-0.104968,0.134160,0.089649,6.391146
816247058427,0.771654,0.715293,-0.496252,-0.072048,0.064932,0.047077,6.263268
816347076447,0.907002,0.931824,-0.004563,-0.030220,-0.008628,0.026242,6.175453
816447094466,1.265755,-0.483658,0.121044,-0.009749,-0.114726,-0.039121,6.063019
816547112486,0.572310,-0.575485,0.207781,0.038032,-0.155726,-0.113011,5.947202
816647130506,-0.615656,0.953905,0.505180,-0.037164,0.103059,0.073121,5.843148
816747148525,-0.894992,1.432372,0.060581,-0.134121,0.243621,0.149481,5.764813
816847166545,0.318353,-0.206961,-0.646551,-0.057156,0.112390,0.067052,5.728102
816947184564,0.903755,-1.321568,-0.467698,0.024939,-0.052095,-0.025618,5.674578
817047202584,0.439814,0.278878,0.296924,0.068275,-0.130381,-0.080357,5.561709
817147220604,-0.097934,1.320852,0.424908,-0.023736,0.024127,0.013278,5.464284
817247238623,-0.112860,1.149133,-0.183722,-0.141547,0.190489,0.100185,5.367986
817347256643,0.404622,0.100766,-0.618790,-0.116561,0.183567,0.106865,5.320333
817447274663,0.469506,0.037807,-0.517009,0.013138,0.027575,0.014987,5.266659
817547292682,0.100048,0.923179,-0.366979,0.046581,-0.072133,-0.032164,5.188448
817647310702,0.088636,0.302007,-0.284471,-0.002639,-0.046109,-0.003387,5.146345
817747328722,-0.000785,0.367793,-0.212160,-0.010865,-0.052372,0.002301,5.075564
817847346741,-0.376589,0.906518,-0.098213,-0.065052,0.003701,0.032750,5.016116
817947364761,-0.905536,0.721632,-0.145461,-0.143473,0.095298,0.076103,4.997895
818047382781,-1.191271,-0.214893,-0.347562,-0.120972,0.138372,0.057329,4.968678
818147400800,-0.973022,-0.076399,-0.114972,-0.082225,0.130782,0.024571,4.920378
818247418820,-0.214397,0.707370,-0.204992,-0.100751,0.117508,0.049880,4.874088
818347436840,0.217892,0.723604,-0.107930,-0.098619,0.091311,0.055208,4.874402
818447454859,0.249266,0.952807,0.123734,-0.089496,0.062074,0.016568,4.852051
818547472879,-0.280031,1.002440,0.252919,-0.080512,0.076294,-0.003550,4.827221
818647490899,-0.547786,1.236947,0.317223,-0.083151,0.076865,0.010849,4.794373
818747508918,-0.298534,1.024888,-0.228218,-0.068950,0.039286,-0.016083,4.745115
818847526938,-0.458530,0.356125,-0.137153,-0.043757,0.013389,-0.046621,4.728486
818947544958,0.210329,0.066986,0.210935,-0.064216,0.049763,-0.020816,4.748753
819047562977,0.624448,0.209696,0.124885,-0.156501,0.189564,0.062475,4.740844
819147580997,0.252038,1.136388,-0.449561,-0.189809,0.197611,0.073916,4.628396
819247599017,-0.160592,1.214099,-0.550597,-0.097904,0.036940,-0.012062,4.587954
819347617036,-0.576950,-0.423167,-0.128764,0.011502,-0.038944,-0.085214,4.580436
819447635056,-0.158790,-0.885000,0.096802,-0.029673,0.039227,-0.054256,4.592583
819547653076,-0.286570,1.133470,0.191721,-0.173963,0.185499,0.041669,4.552490
819647671095,-0.460723,2.047440,-0.185867,-0.227324,0.222284,0.093345,4.478406
819747689115,0.461699,0.397838,-0.559623,-0.171712,0.159835,0.054805,4.444676
819847707135,0.609765,-0.584331,-0.407675,-0.041682,0.039090,-0.038251,4.388521
819947725154,-0.257578,0.014083,0.157414,-0.008307,-0.028732,-0.064295,4.416102
820047743174,-0.723526,0.574804,0.213823,-0.096196,0.057271,-0.003562,4.390546
820147761194,-0.235782,0.208738,-0.094463,-0.167726,0.174253,0.067097,4.294104
820247779213,0.656634,-0.995006,-0.236016,-0.101454,0.129179,0.026441,4.354683
820347797233,0.545193,-1.239777,-0.191244,0.025125,-0.015130,-0.074114,4.323970
820447815253,-0.778685,0.215845,0.211511,0.087515,-0.103976,-0.137186,4.257400
820547833272,-0.972448,0.943586,0.241085,0.047259,-0.100037,-0.091760,4.199844
820647851292,0.057963,-0.618353,-0.059352,-0.117436,0.038565,0.041590,4.182738
820747869311,-0.794070,-2.099184,0.166113,-0.171191,0.083585,0.110005,4.238080
820847887331,-1.852092,-2.071322,0.356544,-0.063710,-0.018334,0.006678,4.166025
820947905351,-0.670391,-1.124671,0.274516,0.032837,-0.104858,-0.070995,4.135658
821047923370,-0.448171,-1.530736,-0.119868,0.049038,-0.116157,-0.043905,4.190280
821147941390,-1.206824,-3.515438,-0.713268,0.023911,-0.058755,-0.009736,4.215373
821247959410,-0.549546,-3.736523,-0.273489,0.020095,-0.059586,0.008710,4.170176
821347977429,-0.247888,-2.082964,0.500389,0.108551,-0.136823,-0.014195,4.193275
821447995449,-0.736400,-0.893804,0.011850,0.230435,-0.258811,-0.050697,4.242414
821548013469,0.085124,-2.219091,-0.698981,0.198233,-0.252068,-0.051343,4.275153
821648031488,0.770681,-3.531290,-0.397201,0.070597,-0.037722,0.024282,4.407682
821748049508,-0.232246,-2.033617,-0.060268,-0.066285,0.138431,0.201226,4.523212
821848067528,-1.922858,-0.617654,-0.661186,0.094271,-0.030952,0.065947,4.630546
821948085547,-0.380355,-1.437645,-0.784851,0.296384,-0.301012,-0.162643,4.824374
822048103567,1.698110,-2.729646,-0.446726,0.215394,-0.262715,-0.063396,5.032798
822148121587,-0.116697,-1.935750,-0.369804,0.145529,-0.168031,-0.023455,5.210018
822248139606,-1.405748,-1.276007,-0.315912,0.081330,-0.118793,0.007154,5.368739
822348157626,-0.469346,-2.217996,-0.453581,0.104181,-0.089725,0.005408,5.504084
822448175646,0.165349,-2.595228,-0.534816,0.180590,-0.168762,-0.007239,5.630278
822548193665,-0.145130,-2.326784,-0.457677,0.212257,-0.194531,0.001324,5.768610
822648211685,-0.629035,-1.915924,-0.067678,0.111063,-0.123170,0.052704,5.902807
822748229705,-0.795535,-1.538670,0.198994,0.065529,-0.023413,0.059953,5.992928
822848247724,0.115049,-1.905615,0.116793,0.108251,-0.038519,0.035501,6.152842
822948265744,0.603899,-1.907787,0.171161,0.122465,-0.082833,0.043376,6.223660
823048283764,-0.469323,-0.281594,0.610412,0.160237,-0.104824,-0.035017,6.289945
823148301783,-0.858982,0.398151,0.508377,0.133467,-0.077638,-0.011683,6.481930
823248319803,-0.688437,-0.318202,0.183842,0.073587,0.012862,0.003637,6.606879
823348337823,-0.732223,-0.854618,-0.111453,0.072242,0.081649,-0.032568,6.601638
823448355842,-0.003553,-1.095102,-0.612954,0.090263,0.073303,-0.012239,6.754941
823548373862,0.818367,-1.188518,-0.384113,-0.045397,0.069896,0.110093,6.914851
823648391882,0.589627,-0.512968,0.202540,-0.056890,0.061723,0.108367,6.934340
823748409901,-0.360414,0.852363,0.563042,0.083187,-0.068703,-0.056887,6.985429
823848427921,-0.739163,1.184358,0.626162,0.058111,0.013208,-0.072230,7.120762
823948445941,-0.344799,-0.310610,0.726486,-0.062100,0.186836,0.065438,7.237364
824048463960,0.229562,-1.916961,0.672295,-0.105994,0.185019,0.142441,7.182419
824148481980,0.360005,-1.460749,-0.076707,-0.011683,0.095548,0.049320,7.104396
824248500000,-0.390971,-0.405527,-0.265956,0.067124,-0.006230,-0.023886,7.208317
824348518019,0.348631,-0.589421,0.436610,0.027086,0.005279,0.037768,7.244800
824448536039,-1.464926,2.005755,0.606993,-0.044879,0.130269,0.015184,7.078665
824548554058,-1.675538,-0.915568,-0.604509,0.051557,0.140814,0.089743,7.098314
824648572078,2.510205,-8.005949,-0.696553,0.448385,-0.350583,-0.173481,7.154714
824748590098,3.309828,-5.777224,0.345074,0.156460,-0.283785,-0.368637,7.114883
824848608117,-4.298518,5.011126,0.372415,-0.810078,0.671807,0.509259,7.142231
824948626137,-6.939653,4.680898,0.379685,-1.228391,1.347680,1.160413,7.151046
825048644157,0.162902,-5.224990,-0.068980,-0.805652,1.012086,0.845224,7.179100
825148662176,2.632328,-6.558419,-0.258396,-0.318564,0.323445,0.328981,7.224723
825248680196,-1.762415,-0.489283,0.082409,-0.454158,0.537537,0.378836,7.199543
825348698216,-5.632075,6.622227,0.251240,-0.628588,0.792307,0.523509,7.173786
825448716235,-3.076808,2.744139,0.059992,-0.244528,0.326752,0.248045,7.109951
825548734255,1.284573,-4.306534,0.251647,0.359666,-0.309964,-0.265132,7.126663
825648752275,1.681831,-3.515735,0.747851,0.203505,-0.240871,-0.270421,7.273247
825748770294,-1.509669,1.852386,0.719104,-0.356988,0.421731,0.247968,7.354373
825848788314,-2.352317,3.113356,0.639961,-0.500588,0.710687,0.407278,7.473626
825948806334,0.104303,-1.825930,0.022168,-0.210657,0.311374,0.110142,7.532409
826048824353,0.809762,-2.791078,-0.032118,0.129687,-0.059287,-0.217722,7.564123
826148842373,-0.196012,-0.561000,-0.115733,0.108610,0.002774,-0.154057,7.645021
826248860393,-1.420299,1.178211,-0.151492,-0.099146,0.131712,0.038239,7.642642
826348878412,-2.004351,1.755402,0.138451,-0.231822,0.189452,0.081827,7.784275
826448896432,-1.835626,0.435782,-0.050947,-0.134085,0.111858,0.017484,7.799882
826548914452,-1.322860,-0.971751,-0.090944,-0.000117,0.005352,-0.101027,7.768673
826648932471,-0.891562,-1.068852,-0.255848,-0.001594,0.047905,-0.081996,7.910355
826748950491,-1.337395,0.261574,-0.248884,-0.142688,0.177090,0.102212,8.025281
826848968511,-2.365628,1.379102,-0.166921,-0.176912,0.120251,0.090909,8.064874
826948986530,-2.086032,0.571028,-0.064692,-0.011102,-0.064487,-0.095100,8.031378
827049004550,-0.476336,-1.099217,0.204700,0.100201,-0.144381,-0.169703,8.131569
827149022570,-0.690838,-0.364094,0.363169,-0.080902,0.114850,0.037355,8.305443
827249040589,-2.230958,1.516647,0.319347,-0.278577,0.351761,0.170606,8.351173
827349058609,-3.004417,2.109917,0.493603,-0.187985,0.205746,0.093412,8.449993
827449076629,-1.739439,0.355110,0.553936,0.011212,-0.062210,-0.056022,8.555549
827549094648,0.545385,-1.668573,-0.063018,0.067660,-0.126630,-0.152161,8.621710
827649112668,0.916935,-2.046361,-0.761444,-0.123904,0.157107,0.045992,8.700490
827749130688,-1.084121,-0.475226,-0.654879,-0.264271,0.273494,0.174453,8.781693
827849148707,-2.196475,0.559038,-0.000550,-0.133967,0.125181,0.059697,8.899745
827949166727,-1.867248,-0.065017,0.252144,0.055886,0.004288,-0.032710,8.937683
828049184746,-0.128293,-0.919329,-0.035997,-0.019214,0.093797,0.022325,8.992103
828149202766,1.234587,-1.572432,-0.330462,-0.209198,0.288373,0.204095,9.109619
828249220786,-0.549000,-0.381738,-0.138705,-0.223797,0.223831,0.199587,9.162054
828349238805,-2.754033,1.649828,-0.032653,0.065655,-0.132449,-0.130768,9.274817
828449256825,-1.141592,0.642628,-0.088994,0.206591,-0.258875,-0.211086,9.353175
828549274845,1.962313,-1.998000,-0.264117,-0.052046,0.037758,0.018160,9.362794
828649292864,1.181846,-0.691649,-0.164308,-0.256470,0.307212,0.232296,9.449573
828749310884,-1.158450,1.612449,0.082374,-0.056379,0.117993,0.102896,9.571776
828849328904,-0.525094,0.624504,0.017675,0.142404,-0.179896,-0.134197,9.618560
828949346923,0.757618,-1.113731,-0.162078,0.132426,-0.137426,-0.081757,9.616879
829049364943,0.443578,0.006815,-0.277008,0.099777,-0.002072,-0.059889,9.663905
829149382963,-0.268313,0.995113,0.033423,-0.047201,0.094999,0.006736,9.725737
829249400982,-0.242390,1.023020,0.057375,-0.080410,0.065281,0.052532,9.615597
829349419002,0.542741,-0.102505,0.211215,0.076722,-0.083314,-0.048382,9.534396
829449437022,0.686765,-1.916399,0.532090,0.168071,-0.136372,-0.118895,9.596420
829549455041,0.098298,-0.752870,0.406271,0.100716,-0.138991,-0.064651,9.584268
829649473061,0.406669,-0.134570,0.116453,0.063539,-0.112578,-0.048435,9.605508
829749491081,1.042180,-1.025579,-0.301247,0.049256,-0.054121,-0.066359,9.691518
829849509100,0.636789,-1.112281,-0.450853,-0.089292,0.072323,0.062637,9.730451
829949527120,-1.097507,0.490953,-0.118075,0.003707,0.016824,0.007664,9.689799
830049545140,-2.210320,2.011161,0.150693,0.229584,-0.215437,-0.190843,9.601436
830149563159,-2.003955,1.519306,0.174857,0.214803,-0.180272,-0.128534,9.603005
830249581179,-1.417351,0.646151,0.135319,0.033924,0.005450,0.016001,9.729388
830349599199,0.584312,-1.246398,-0.333259,-0.138471,0.166242,0.070225,9.697933
830449617218,1.315099,-1.171809,-0.401568,-0.088011,0.120936,0.080799,9.554863
830549635238,0.319282,0.558867,-0.114067,0.032575,-0.089890,-0.039017,9.494755
830649653258,0.161956,0.031062,-0.307104,0.129944,-0.210668,-0.122794,9.402976
830749671277,1.387443,-1.664163,-0.365211,0.076597,-0.073306,0.000717,9.391011
830849689297,2.684537,-1.652724,-0.310564,-0.115501,0.140676,0.179934,9.515555
830949707317,1.804919,-0.435127,-0.388871,-0.098275,0.062245,0.179854,9.404109
831049725336,-0.330112,0.717422,-0.213517,0.118172,-0.172875,-0.035186,9.352341
831149743356,-0.335004,1.529625,0.083966,0.052969,-0.049471,-0.036793,9.491484
831249761376,0.874233,0.160717,-0.066538,-0.190551,0.265772,0.217150,9.398542
831349779395,1.576999,-1.873550,-0.187805,-0.224225,0.298161,0.266303,9.290580
831449797415,1.802735,-2.356666,-0.016633,0.013876,0.039997,0.035381,9.301876
831549815435,0.171205,0.541009,0.375586,0.185877,-0.163098,-0.103641,9.276546
831649833454,-0.822046,2.460087,0.330672,0.010494,-0.039412,0.020767,9.228906
831749851474,0.057397,0.205952,-0.044162,-0.192873,0.199214,0.189506,9.202010
831849869493,0.547589,-1.269903,-0.023980,-0.187743,0.209806,0.184607,9.158113
831949887513,-0.751145,2.436050,0.044897,0.052320,0.115122,0.095869,9.124055
832049905533,-2.080908,5.168723,-0.374482,0.287387,-0.203343,-0.135532,9.063009
832149923552,-0.792535,0.730467,-0.203651,0.109957,-0.096844,-0.053826,9.044398
832249941572,0.441550,-0.842073,0.984690,-0.455982,0.422095,0.256639,9.044064
832349959592,-2.397658,4.061818,1.371400,-0.607089,0.657893,0.424123,8.957129
832449977611,-1.884353,4.232151,0.841812,-0.107960,0.235514,0.223527,8.911523
832549995631,1.814426,-0.612059,0.309652,0.232327,-0.241079,-0.264754,8.880420
832650013651,1.972076,-1.619802,0.428428,0.161567,-0.213255,-0.261725,8.770954
832750031670,0.680797,0.305982,0.875817,-0.032598,-0.056428,-0.065022,8.745027
832850049690,-0.368732,0.339997,0.706380,-0.113361,0.075960,-0.033646,8.876617
832950067710,-1.158104,-1.664134,0.216384,-0.028275,0.084012,-0.003984,8.883499
833050085729,-0.544751,-2.130882,-0.000931,0.059132,0.002965,-0.079808,8.837145
833150103749,0.001209,-0.312947,-0.026292,0.072730,-0.098093,-0.110444,8.894071
833250121769,-0.647139,1.036464,-0.055014,-0.006339,-0.045397,-0.001872,8.838286
833350139788,1.120527,0.344732,-0.606869,-0.135379,0.083684,0.090280,8.847182
833450157808,2.671400,-0.391032,-0.897319,-0.204305,0.133304,0.132579,8.896416
833550175828,1.297680,0.185551,-0.446222,-0.132917,0.071089,0.108077,8.879091
833650193847,-2.514184,0.561839,0.073563,0.033290,-0.068302,-0.034421,8.946720
833750211867,-3.745147,-0.196563,-0.244896,-0.001861,-0.091356,0.018813,8.996111
833850229887,-1.766046,-1.052012,-0.400035,-0.082850,0.125708,0.098241,9.027644
833950247906,-1.444044,-1.106329,0.236634,-0.033487,0.221808,0.082782,9.031811
834050265926,-0.993577,-0.031764,-0.381107,-0.069727,0.097099,0.119609,9.039209
834150283946,-1.965856,0.310310,-0.313595,-0.045642,-0.065801,0.015903,9.115797
834250301965,-2.961087,-1.466214,0.186952,0.007206,-0.182802,-0.066540,9.180691
834350319985,0.054332,-1.842190,0.160466,0.034106,-0.116500,-0.082473,9.219130
834450338005,2.443679,-0.271473,0.322321,-0.031641,0.106033,0.045625,9.280864
834550356024,-1.464526,-0.356500,0.220590,-0.133794,0.176934,0.108515,9.346254
834650374044,-3.995277,-2.014975,0.240405,-0.050043,0.079100,0.059860,9.412427
834750392064,-1.858018,-3.046505,0.354915,0.057441,-0.028963,-0.021406,9.472613
834850410083,-0.083268,-0.748912,0.436861,0.028161,-0.128138,-0.080065,9.561019
834950428103,0.192097,2.003802,0.254299,-0.093472,0.085731,0.059125,9.658122
835050446123,-0.337932,3.010352,0.355866,-0.120549,0.302294,0.114771,9.631498
835150464142,0.331430,1.065462,0.554973,-0.037969,0.128168,0.007292,9.759550
835250482162,1.087842,-1.380823,0.214673,0.039869,-0.102659,-0.097255,9.841619
835350500182,0.571922,-0.474965,-0.088903,-0.009447,0.003568,-0.013760,9.846500
835450518201,-0.401648,0.854112,0.035411,-0.093544,0.209760,0.116221,9.977327
835550536221,-0.092367,0.939529,-0.030466,-0.115661,0.082068,0.012915,10.092782
835650554240,-0.108010,-0.368190,-0.004366,0.057347,-0.007637,-0.187683,10.168455
835750572260,0.515961,-1.782038,0.220136,0.110117,-0.053223,-0.118651,10.198833
835850590280,1.011036,-0.088939,0.564665,-0.055310,-0.036572,0.026681,10.267943
835950608299,0.543668,1.235793,0.635534,-0.078156,0.101305,0.005131,10.358139
836050626319,-0.503728,-1.119144,0.208707,-0.074163,0.218741,0.105630,10.410563
836150644339,0.372534,-2.357462,-0.642989,0.040129,0.027365,0.042718,10.412518
836250662358,3.104795,-2.265802,-1.170576,0.301254,-0.316157,-0.182270,10.398690
836350680378,0.844492,1.295675,0.189622,0.237378,-0.384844,-0.264861,10.353058
836450698398,-2.669318,1.068721,1.192144,-0.136123,0.082527,0.017066,10.466983
836550716417,-0.232444,-3.864494,0.886256,-0.365245,0.520077,0.382213,10.605395
836650734437,2.826964,-3.861677,0.590316,-0.322183,0.358184,0.407501,10.635457
836750752457,0.711031,0.259645,0.605422,-0.015749,0.065013,0.076071,10.691910
836850770476,-1.008044,2.855078,0.397760,0.220901,-0.241859,-0.222337,10.744445
836950788496,0.369579,-0.553411,-0.260110,0.121494,-0.208074,-0.090015,10.742049
837050806516,0.165462,-0.255935,-0.312408,-0.099234,0.140122,0.149198,10.727155
837150824535,-0.161981,1.915518,0.188576,-0.199911,0.263734,0.232029,10.714023
837250842555,0.512951,1.983207,0.433704,-0.012700,0.035995,0.032533,10.691007
837350860575,1.308066,0.863227,0.326296,0.129794,-0.169644,-0.109981,10.770900
837450878594,2.256657,0.186869,0.337445,0.047180,-0.009867,-0.046636,10.864343
837550896614,2.420238,-0.020318,0.124500,-0.070755,0.128705,0.070180,10.805600
837650914634,1.532556,0.123594,0.126023,-0.004835,-0.046883,0.020890,10.714124
837750932653,-0.856274,1.478975,0.554006,0.105966,-0.251757,-0.117897,10.683221
837850950673,-2.050399,0.790859,0.073148,0.096053,-0.176246,-0.138153,10.659244
837950968693,0.302099,-1.007019,-0.319312,-0.034121,-0.076237,0.004698,10.634165
838050986712,2.100221,-1.376036,-0.238076,-0.074088,-0.005952,0.092465,10.664897
838151004732,0.326421,-0.020625,-0.068744,0.001182,-0.042112,0.016693,10.725907
838251022752,-0.347368,-0.469713,0.084831,0.112833,-0.157879,-0.025402,10.640018
838351040771,-0.019119,0.086511,0.553201,0.217897,-0.190566,-0.208671,10.616113
838451058791,1.184170,0.912216,0.374379,0.155583,-0.100057,-0.211984,10.662526
838551076811,1.787964,-0.395544,0.294924,0.080197,0.046451,-0.074369,10.605849
838651094830,0.692273,0.298319,0.749554,-0.003917,0.128581,0.079692,10.530008
838751112850,0.216059,2.042644,0.432978,-0.078763,0.249120,0.081267,10.583633
838851130870,2.226709,1.101248,0.037175,-0.080816,0.180918,-0.022093,10.605522
838951148889,1.814534,-1.325886,-0.104824,0.080970,-0.032766,-0.112666,10.556952
839051166909,-0.521926,-0.873939,0.343534,0.108776,-0.156898,-0.086592,10.510473
839151184929,-0.563500,0.250353,1.143245,0.078486,-0.215119,-0.039947,10.435097
839251202948,0.791761,-1.403379,1.138341,-0.032030,-0.059640,0.034071,10.420380
839351220968,1.967663,-2.655223,0.862229,-0.146719,0.125656,0.238776,10.411206
839451238987,2.377379,-1.806441,0.715728,0.050645,0.069871,-0.001179,10.403462
839551257007,3.271983,1.645787,0.915029,0.146624,-0.131268,-0.139412,10.379990
839651275027,4.059090,3.736890,0.832449,0.099154,-0.100318,-0.025036,10.295529
839751293046,2.308651,0.556384,0.020240,0.080486,-0.033439,-0.064578,10.239673
839851311066,-0.516638,-1.358733,-0.424451,-0.039899,-0.055902,0.023689,10.187611
839951329086,-1.224808,-0.701025,-0.200939,-0.098103,-0.042103,0.070904,10.177061
840051347105,-0.661904,0.179640,0.067475,0.038423,-0.101002,-0.062355,10.195978
840151365125,-1.074282,0.954888,0.001968,0.092952,-0.061807,-0.051003,10.181248
840251383145,-0.715975,1.537246,-0.104597,0.133777,-0.085815,-0.108127,10.150143
840351401164,0.125177,0.981530,0.447440,0.052250,-0.080665,-0.105352,10.106259
840451419184,-0.420680,0.059463,-0.078557,-0.031241,0.115862,0.090125,10.049667
840551437204,-1.212474,-0.980409,-0.721141,0.027948,0.021162,0.029737,10.060581
840651455223,0.437795,-2.125981,-1.297454,0.004118,-0.039158,-0.033942,10.035301
840751473243,-0.271151,0.879715,-1.594066,-0.034819,0.092232,-0.029800,9.879158
840851491263,-2.605980,3.305588,-0.526222,-0.163094,0.254060,0.107891,9.811838
840951509282,-0.545580,0.010409,-0.087449,-0.120406,0.202119,0.173120,9.779735
841051527302,1.093965,-2.160794,-0.347457,0.149796,-0.163041,-0.173308,9.785802
841151545322,1.569434,-1.874863,-0.160588,0.230171,-0.211706,-0.266296,9.769612
841251563341,0.138026,0.161437,0.592889,-0.004993,0.048684,-0.022451,9.680946
841351581361,-2.149523,3.704351,0.909328,-0.048644,0.155838,0.056431,9.609308
841451599381,-2.236793,3.226183,0.742604,0.135682,-0.134671,-0.141676,9.577704
841551617400,0.359818,-0.086336,-0.125094,0.191844,-0.318880,-0.222497,9.524099
841651635420,1.379379,-2.782957,-0.793152,0.004958,-0.026684,-0.089953,9.493300
841751653440,-0.985640,-2.432792,-0.041544,-0.334494,0.342021,0.235186,9.508766
841851671459,-2.533066,1.608936,0.099081,-0.264784,0.254730,0.195151,9.536133
841951689479,-2.111416,1.441725,-0.239487,0.168800,-0.202400,-0.186083,9.469674
842051707499,-1.335485,-1.740840,-0.695356,0.195809,-0.339936,-0.248449,9.398633
842151725518,0.847009,-3.691353,-1.064233,-0.248045,0.211430,0.121871,9.444752
842251743538,0.276627,-1.797258,-0.793907,-0.353275,0.339168,0.352492,9.460121
842351761558,-2.121469,2.979918,-0.127958,0.040546,-0.195516,-0.054840,9.475237
842451779577,-2.595091,3.729015,0.195164,0.334581,-0.488949,-0.384614,9.507300
842551797597,-1.016310,-1.511905,-0.408859,0.146206,-0.275490,-0.188505,9.481262
842651815617,0.600165,-1.577398,-0.439777,-0.175274,0.179995,0.167181,9.506636
842751833636,-0.666038,1.691400,-0.350406,-0.090615,0.306068,0.215172,9.551176
842851851656,-0.830538,2.163708,-0.148417,-0.172096,0.308332,0.170082,9.537335
842951869676,1.500300,0.849441,0.170348,-0.270918,0.285627,0.231616,9.582764
843051887695,2.279871,-0.367358,-0.085838,-0.080905,0.070931,0.058359,9.649644
843151905715,-0.747918,-0.062584,-0.071337,0.083542,-0.063830,-0.121799,9.635727
843251923734,-1.909873,-0.406458,-0.429390,0.080865,-0.049595,-0.063838,9.653751
843351941754,-0.170921,-1.597373,-0.618898,-0.017421,0.094867,0.069793,9.725437
843451959774,1.508418,-0.940921,-0.304467,-0.161709,0.226598,0.156489,9.771794
843551977793,1.723650,0.750060,-0.264400,-0.063268,0.018880,0.051019,9.816345
843651995813,0.551318,1.721717,-0.350825,0.089735,-0.139409,-0.102751,9.904461
843752013833,-0.038340,1.109425,-0.039185,0.016537,0.006762,-0.018532,9.940004
843852031852,0.345674,-0.797799,0.057941,-0.106427,0.159511,0.154457,9.948742
843952049872,0.430771,-0.892747,-0.041840,-0.106043,0.134538,0.153132,10.025334
844052067892,0.828199,1.194526,-0.598740,-0.028938,-0.081585,0.014751,10.063248
844152085911,0.456346,1.747173,-0.957405,0.056774,-0.137434,-0.123944,10.141393
844252103931,-1.514532,0.514699,-0.409767,0.015575,-0.018174,-0.044345,10.158570
844352121951,-0.768372,-0.902296,-0.350084,-0.042700,0.136618,0.035883,10.163395
844452139970,0.530607,-0.807853,-0.397042,-0.016063,0.104620,-0.035867,10.224283
844552157990,-0.455957,-0.338977,-0.232564,0.002077,-0.023608,-0.031152,10.260715
844652176010,-1.035559,0.015940,-0.283071,0.096483,-0.049636,-0.091808,10.295701
844752194029,0.218142,-0.762624,-0.416373,0.041545,-0.007932,-0.087132,10.242936
844852212049,1.779827,-1.422265,-0.451289,-0.084832,0.129854,0.074267,10.243276
844952230069,0.546558,-0.816220,-0.290124,-0.085792,0.106137,0.055856,10.262733
845052248088,-1.375886,-1.079905,-0.189055,0.019774,0.007486,-0.026584,10.246030
845152266108,-0.394732,-1.678506,-0.605022,0.096833,-0.126403,-0.098018,10.203845
845252284128,1.237671,-0.414180,-0.897184,-0.023071,-0.036050,0.014758,10.226695
845352302147,-0.128815,-0.172420,-0.872178,-0.094226,0.076998,0.038653,10.264960
845452320167,-2.034254,-1.007327,-0.627009,-0.018782,0.025170,-0.069036,10.279189
845552338187,-2.427733,-0.457322,-0.117062,-0.066072,0.032696,0.057555,10.283649
845652356206,0.371242,-0.318641,-0.469628,-0.044295,0.101825,0.122247,10.275890
845752374226,1.447583,0.173287,-0.523295,-0.055967,0.190547,0.092274,10.321676
845852392246,0.229783,1.815819,-0.069033,-0.110745,0.154911,0.087404,10.349564
845952410265,0.176677,1.898248,-0.290439,0.058090,-0.020315,-0.029298,10.332582
846052428285,-0.490864,0.438348,-0.132276,0.036234,-0.027601,0.008413,10.405730
846152446305,-0.183802,-0.062887,0.124819,-0.100702,0.054061,0.067979,10.438669
846252464324,0.785430,0.513932,0.139957,-0.034340,0.162972,0.067168,10.430614
846352482344,-0.463455,0.594281,0.271748,-0.004669,0.110619,0.035066,10.475552
846452500364,-1.804258,-0.430794,0.290718,0.016571,-0.010910,-0.061646,10.479257
846552518383,-1.073477,-1.206317,0.213176,0.022125,-0.033534,-0.023228,10.489832
846652536403,0.180302,-0.358725,-0.091876,-0.034119,0.009011,0.023457,10.538565
846752554423,-0.063220,0.362160,-0.482035,-0.112284,0.054211,0.085502,10.565823
846852572442,-2.045845,1.169415,-0.058335,0.079551,-0.066222,-0.149390,10.575615
846952590462,-3.042381,-0.786898,0.235960,0.088361,-0.229171,-0.093683,10.582270
847052608481,-2.534089,-2.697855,-0.027782,-0.030191,-0.144463,0.000578,10.623211
847152626501,-0.889395,-1.660729,0.105656,-0.001455,0.055371,-0.041996,10.596644
847252644521,-0.724376,0.039220,0.468836,0.030357,0.143027,0.014388,10.557169
847352662540,-1.171295,0.668574,0.715308,0.047594,0.074664,-0.046728,10.599809
847452680560,-0.517928,-0.157926,0.380794,0.001251,-0.103207,0.014860,10.611014
847552698580,0.352534,-1.297739,-0.257394,0.044093,-0.063422,-0.018061,10.599310
847652716599,0.231444,-0.226562,-0.199894,-0.062312,0.043641,0.012931,10.575858
847752734619,-0.061462,0.865393,0.169556,-0.136858,0.136357,0.121576,10.523692
847852752639,0.670091,0.710016,0.237311,-0.021211,0.103371,0.023988,10.566277
847952770658,1.776900,0.051448,-0.038730,0.155712,-0.046376,-0.118084,10.534511
848052788678,0.712164,0.345132,0.003842,0.168099,-0.143721,-0.114116,10.454361
848152806698,-0.356083,1.965140,0.190530,0.153111,-0.216053,-0.121046,10.352333
848252824717,-0.444025,1.745800,0.084403,0.141766,-0.170790,-0.139806,10.338430
848352842737,0.165314,0.081344,-0.252537,0.012385,0.003441,-0.031722,10.327983
848452860757,1.746050,-0.353812,-0.657511,-0.062825,0.060691,0.035694,10.248210
848552878776,1.353274,0.176786,-0.605144,-0.014183,-0.027018,-0.005985,10.208489
848652896796,-1.119570,0.425573,0.195914,0.002189,0.008632,0.001200,10.164308
848752914816,-0.553873,0.230657,0.097043,-0.032642,0.055402,0.053391,10.198033
848852932835,0.700114,0.089851,-0.659164,-0.047239,-0.025464,0.042580,10.144835
848952950855,0.257134,0.586892,-0.418921,-0.007014,-0.028454,0.007725,10.015907
849052968875,0.528678,0.775531,-0.028645,-0.060787,0.033484,-0.006547,10.043271
849152986894,0.177371,0.039451,0.202964,-0.124167,0.040602,0.047246,10.032945
849253004914,-0.230530,-1.081331,0.199510,-0.030395,0.083990,-0.039227,9.897854
849353022934,0.284448,-1.122512,0.294261,0.024787,0.065608,-0.061874,9.889563
849453040953,-0.451677,-1.093927,0.186907,0.029815,0.133705,0.038547,9.959663
849553058973,-0.291276,0.084424,-0.129562,-0.036871,0.160244,-0.005453,9.945188
849653076993,-1.317781,0.524094,0.242395,0.081050,-0.022813,-0.217363,9.940438
849753095012,1.582569,1.642771,0.020746,0.116592,-0.044575,-0.238291,9.941296
849853113032,3.279611,1.139367,-0.367696,-0.154757,0.060955,0.075610,9.961267
849953131052,0.311304,-1.412290,-0.155988,-0.135875,0.120512,0.131805,9.991753
850053149071,-0.734857,-0.695961,0.149257,0.047744,-0.072321,0.005915,10.035247
850153167091,-1.145207,0.913064,0.084745,0.129989,-0.166386,-0.094878,10.010686
850253185111,-1.544289,0.360661,0.099509,0.060950,-0.028453,-0.046204,10.012002
850353203130,-0.431755,0.067939,0.028917,-0.018563,0.011384,0.040591,10.039504
850453221150,0.800423,-0.911447,-0.243992,0.089545,-0.143616,-0.060455,10.014360
850553239170,1.254335,-1.402811,-0.377193,0.091665,-0.125850,-0.090883,10.038174
850653257189,0.723168,-0.824197,-0.580345,-0.008756,-0.006827,0.012309,10.039606
850753275209,-0.754830,-0.831241,-0.271025,-0.074180,0.017703,0.044829,9.986407
850853293228,-1.561022,-1.951022,0.391270,-0.019144,0.019518,0.027866,10.029482
850953311248,0.667853,-1.321311,-0.025804,0.043693,-0.015283,-0.024409,10.071731
851053329268,2.671834,-0.370181,-0.441098,0.003772,-0.070745,-0.023693,10.048167
851153347287,2.065669,-0.195555,0.099776,-0.070748,-0.086389,0.042864,10.046556
851253365307,1.115513,0.897022,0.671386,-0.018125,-0.095035,-0.043118,10.036141
851353383327,0.798800,0.937862,0.439922,0.069343,-0.152920,-0.074009,10.065631
851453401346,1.536181,-0.588328,-0.266953,0.068800,-0.146845,-0.067871,10.098441
851553419366,1.250133,-0.600001,-0.548339,0.031789,-0.061373,-0.057066,10.125492
851653437386,1.516250,0.626702,-0.518050,0.032886,0.084414,0.055005,10.199205
851753455405,2.136685,0.818061,-0.309868,0.050080,0.071581,0.028925,10.218096
851853473425,1.341490,0.002913,0.059372,0.062719,-0.055768,-0.003532,10.262224
851953491445,0.145571,-0.066235,0.443071,0.068876,-0.030201,-0.022072,10.282692
852053509464,-0.721647,0.556167,0.715215,0.013351,0.047346,0.003767,10.313480
852153527484,-0.260242,0.971503,0.480671,-0.024612,0.079655,0.034867,10.368580
852253545504,0.941944,1.046326,-0.094823,-0.012969,0.017675,0.006135,10.350664
852353563523,1.549289,1.189534,-0.735322,-0.007444,-0.000677,0.004423,10.264256
852453581543,-0.420992,0.217148,-0.396779,-0.005685,-0.007784,0.034600,10.317601
852553599563,-2.129593,-0.683189,-0.119867,0.000296,-0.016401,0.004227,10.364000
852653617582,-2.015181,-0.845078,-0.049507,-0.042370,0.020398,0.037291,10.384868
852753635602,-1.022667,-0.782001,-0.057488,-0.075608,0.115529,0.058262,10.406634
852853653622,-0.005268,-0.153401,-0.325719,-0.035880,0.117310,-0.020330,10.409794
852953671641,0.662882,-0.081282,-0.394618,0.000743,0.113640,0.016302,10.500611
853053689661,0.117719,0.282689,-0.111576,-0.040877,0.088543,0.047697,10.516306
853153707681,-1.129252,0.838604,0.151417,-0.085360,0.088502,0.044912,10.564450
853253725700,-0.865605,0.813547,0.021956,0.004752,0.045749,-0.018980,10.646873
853353743720,-0.677985,0.004493,-0.164493,0.065085,-0.088284,-0.077847,10.677314
853453761740,0.279057,-0.446944,-0.509437,-0.036804,-0.002887,-0.004916,10.620863
853553779759,-0.364149,-0.045280,-0.501086,-0.082878,0.150050,0.074098,10.670395
853653797779,-1.725284,0.688806,0.312831,-0.060748,0.168460,0.103460,10.785774
853753815799,-0.418323,0.617815,0.758181,-0.079489,0.027413,0.049172,10.762181
853853833818,1.313096,0.371056,0.191396,0.006325,-0.043395,-0.037371,10.910044
853953851838,1.031143,-0.059943,-0.181529,0.041901,-0.066925,-0.057475,10.961549
854053869858,0.702115,-0.163177,-0.427672,-0.001272,-0.091411,-0.060579,11.002878
854153887877,1.105813,1.586213,-0.561807,0.040248,-0.137341,-0.102937,11.060064
854253905897,0.652551,2.119616,-0.613085,0.135953,-0.207687,-0.177202,10.990445
854353923917,2.311091,1.404333,-0.266168,0.157413,-0.158555,-0.142888,11.043908
854453941936,4.712153,-0.615285,0.395188,-0.150040,0.151027,0.134697,11.175037
854553959956,3.504503,-0.583563,-0.173171,-0.225313,0.315359,0.126254,11.124920
854653977975,1.055813,2.366686,-0.486796,-0.082855,0.032319,0.102976,11.130154
854753995995,0.886682,1.999673,0.345221,0.070573,-0.126886,-0.079434,11.262485
854854014015,1.794397,-1.149446,0.108221,0.032800,-0.018880,-0.169516,11.235321
854954032034,0.413004,-2.712983,0.254066,-0.109320,0.153543,0.127230,11.096947
855054050054,-0.498704,-0.129381,1.069870,-0.125645,0.282384,0.172372,11.058616
855154068074,0.310259,2.331384,1.206855,-0.072129,0.126523,0.114696,11.039133
855254086093,-1.215302,1.454158,-0.042073,0.117314,-0.052412,0.004491,11.012980
855354104113,-1.281907,-0.568769,-0.806171,0.023359,0.202612,0.107190,11.044697
855454122133,0.241047,-2.945273,-0.300959,-0.207162,0.276340,0.198876,10.998560
855554140152,-0.010725,-2.821380,0.140213,-0.017184,0.028559,0.051070,10.926143
855654158172,0.080578,1.807077,0.128000,0.248585,-0.208564,-0.174749,10.909908
855754176192,-0.806402,3.176156,0.319404,0.111709,-0.114148,-0.085698,10.914307
855854194211,0.661181,0.501051,0.368651,-0.125498,0.154324,0.074664,10.858221
855954212231,2.210113,-1.191099,-0.302863,-0.136918,0.208224,0.128110,10.778182
856054230251,1.453453,-0.238543,-0.764497,-0.129084,0.080155,0.095528,10.821677
856154248270,-0.481175,2.379704,-0.165748,0.033139,-0.196376,-0.188731,10.761803
856254266290,-0.461101,0.948431,-0.036196,0.163487,-0.234193,-0.108170,10.756363
856354284310,0.687810,-1.979604,-0.478929,0.012821,0.039403,0.007000,10.737891
856454302329,0.560482,-2.074580,-0.347388,-0.156325,0.222115,0.145994,10.692916
856554320349,-1.308899,1.748152,0.963254,-0.061760,0.075628,0.166310,10.765836
856654338369,-2.073561,2.965468,1.606759,0.170889,-0.185793,-0.128208,10.741339
856754356388,0.660023,-1.055802,0.985142,0.373267,-0.254522,-0.249445,10.688393
856854374408,-0.233269,-0.768927,0.302369,0.294252,-0.327934,-0.216782,10.773563
856954392428,-2.640860,2.131675,0.118171,-0.049038,-0.037263,-0.000624,10.852988
857054410447,-0.737686,1.622530,-0.600764,-0.292532,0.311493,0.248869,10.817701
857154428467,1.588414,-0.522127,-1.341149,-0.202185,0.257004,0.155734,10.804602
857254446487,0.613389,-1.615778,-1.117571,-0.011053,-0.038807,0.004217,10.771884
857354464506,0.680713,0.517271,-0.453017,0.038999,-0.162014,-0.044792,10.802468
857454482526,1.858005,2.152210,-0.344469,-0.064477,0.026560,0.028268,10.897864
857554500546,1.538504,0.768721,-0.576127,-0.198270,0.188167,0.175407,10.893184
857654518565,2.084265,-0.911169,-0.909623,-0.080691,0.149444,0.088917,10.909221
857754536585,2.025734,-0.792242,-0.617016,0.193605,-0.147680,-0.151267,11.008828
857854554605,0.501704,1.287296,-0.104398,0.192283,-0.209541,-0.121827,10.992312
857954572624,-0.439644,2.227398,-0.341736,-0.116357,0.035532,0.072348,11.042023
858054590644,-0.516974,-0.946265,-0.594967,-0.264350,0.282658,0.264633,11.107000
858154608663,-0.376985,-2.767079,-0.384979,-0.084930,0.132849,0.209538,11.120316
858254626683,0.512150,-1.786122,0.051877,0.092897,-0.087603,-0.066205,11.192819
858354644703,-0.368501,0.299994,0.737380,0.096840,-0.150456,-0.075215,11.157899
858454662722,-1.631522,1.844340,0.988133,-0.028393,-0.072793,0.003240,11.176709
858554680742,-0.897771,0.789734,0.480145,-0.071960,0.068826,-0.010648,11.214148
858654698762,-0.352845,-0.960454,-0.364785,0.012762,0.045469,-0.027407,11.188832
858754716781,-0.463105,-0.455064,-0.834560,0.076447,-0.137302,-0.008485,11.183753
858854734801,-1.654413,1.882015,-0.389985,0.214577,-0.204121,-0.210936,11.156937
858954752821,-0.654444,-1.776550,-0.767701,0.194538,-0.279471,-0.417175,11.174207
859054770840,1.132930,-5.024495,-0.943547,-0.009723,-0.057452,-0.048893,11.206674
859154788860,-1.023028,-0.336611,-0.010468,-0.266166,0.270190,0.159319,11.142309
859254806880,-0.600237,0.789961,0.239063,-0.298980,0.471652,0.209448,11.124746
859354824899,2.251521,-3.334287,-0.473033,-0.063565,0.153681,0.112697,11.169772
859454842919,3.765756,-1.281439,0.299242,0.301060,-0.248432,-0.206602,11.165492
859554860939,2.123642,3.208508,0.884711,0.434097,-0.493180,-0.312180,11.215035
859654878958,1.260108,2.889271,0.153010,0.338965,-0.347846,-0.264436,11.225328
859754896978,1.812799,-0.709723,-0.733504,-0.002363,0.070488,0.038971,11.192179
859854914998,2.094872,-2.480874,-0.846564,-0.016293,0.153464,0.086448,11.227072
859954933017,1.611588,-2.217634,-0.657431,0.179649,-0.150211,-0.140937,11.216547
860054951037,-1.075646,1.472369,-0.391419,0.079884,-0.109786,-0.116428,11.225145
860154969057,-1.101926,2.360638,0.070323,-0.298538,0.431843,0.229621,11.193772
860254987076,1.768996,-3.572104,-0.641090,-0.314344,0.505717,0.393236,11.210914
860355005096,3.341738,-4.991969,-0.824078,0.149600,-0.059257,-0.016923,11.209689
860455023116,0.279224,2.835372,0.388314,0.560283,-0.608488,-0.443519,11.180133
860555041135,-2.105006,6.172554,0.392088,0.249237,-0.422131,-0.239166,11.175736
860655059155,0.979548,-0.384499,-0.793689,-0.280640,0.175829,0.235630,11.121459
860755077175,2.678686,-2.939908,-1.315725,-0.420022,0.449306,0.369226,11.092142
860855095194,0.540802,-1.361809,-1.201985,-0.233839,0.206305,0.157603,11.024561
860955113214,-0.665885,-0.813526,-0.404879,0.064884,-0.106747,-0.067294,10.980150
861055131234,2.089664,-1.540527,-0.184784,0.029664,-0.012911,-0.041219,10.998882
861155149253,1.336330,0.849149,-0.803605,-0.221744,0.295722,0.267740,11.078265
861255167273,1.234406,-2.095544,-1.426472,-0.301646,0.383934,0.281615,11.059251
861355185293,-0.765362,-2.923754,-1.750562,0.087500,-0.181478,-0.058232,10.949204
861455203312,-2.776151,3.887216,-0.454138,0.553289,-0.627290,-0.547258,10.921538
861555221332,-1.323974,2.947435,0.149329,0.543976,-0.565998,-0.383968,10.935522
861655239352,2.797535,-4.933190,-0.051338,0.247103,-0.255169,-0.216044,10.922354
861755257371,3.711728,-5.744498,-0.190596,-0.229670,0.334313,0.029924,10.920795
861855275391,0.565634,1.362493,0.030848,-0.301281,0.374253,0.239626,10.942166
861955293410,0.054228,2.215678,0.897275,-0.054425,-0.033872,-0.046626,11.020228
862055311430,1.614568,0.343277,1.600289,0.050384,-0.175705,-0.159716,11.006357
862155329450,2.315655,-0.067631,0.974908,0.011967,-0.104651,-0.086022,10.957224
862255347469,1.810386,-1.038590,0.814630,-0.094248,0.212652,0.179308,10.841752
862355365489,0.591049,0.676334,0.962681,-0.088783,0.304062,0.091895,10.855235
862455383509,0.566073,-0.434328,0.262272,-0.011342,0.062912,0.015791,10.985922
862555401528,2.335793,-1.602073,-0.268096,0.128151,-0.069095,0.091860,10.928708
862655419548,2.327962,-0.746437,-0.178173,0.043363,-0.050530,0.027112,10.849953
862755437568,0.983821,0.081701,-0.547514,-0.050144,0.020462,0.062360,10.851622
862855455587,0.207768,0.761839,-0.858705,-0.113273,0.094923,0.103055,10.962310
862955473607,0.423049,0.303247,-0.886997,0.031978,-0.138715,-0.093115,11.080229
863055491627,0.921501,-1.817935,-1.014018,0.168776,-0.268955,-0.133394,11.085364
863155509646,0.638825,-2.040971,-0.640354,0.105987,-0.120878,-0.085044,11.114159
863255527666,-1.174094,-1.069426,0.270865,0.020673,0.023716,0.011197,11.089414
863355545686,-1.351212,-0.338935,0.304416,-0.018630,0.117283,0.121728,11.051109
863455563705,0.099460,-0.482159,-0.166107,0.029975,0.060741,0.058811,11.110625
863555581725,1.114521,-0.403855,-0.360683,0.083636,-0.132904,-0.023746,11.060482
863655599745,0.049969,1.444330,0.046994,0.187177,-0.249357,-0.123600,11.019717
863755617764,0.135328,0.849763,-0.025936,0.278597,-0.261959,-0.197602,11.034958
863855635784,1.470057,-1.628336,-0.064102,0.124041,-0.106421,-0.064804,10.979190
863955653804,2.655574,-1.772290,-0.006016,-0.131766,0.115780,0.142622,10.949459
864055671823,2.200683,-0.405007,-0.102453,-0.134400,0.096799,0.136437,10.960441
864155689843,0.747924,0.505455,-0.310883,0.040794,-0.005229,0.033575,10.874321
864255707863,-0.282286,0.412781,-0.792620,0.081779,-0.064897,-0.040181,10.883832
864355725882,-1.030783,0.779711,-0.815535,0.033258,-0.178047,0.047999,10.969727
864455743902,-1.031789,0.491730,-1.022989,0.047305,-0.196000,0.054129,10.867095
864555761922,0.410581,-0.052703,-1.157253,0.003776,-0.094445,0.029174,10.745148
864655779941,0.294709,-0.542669,-0.764593,0.047469,-0.008412,0.038655,10.647037
864755797961,1.346660,-1.969575,-0.452479,0.172340,-0.156164,-0.053858,10.711657
864855815981,1.480281,-2.602776,-0.295219,0.116167,-0.142966,0.039933,10.654826
864955834000,0.108060,-0.666865,0.266042,-0.045695,-0.007278,0.092060,10.567868
865055852020,-0.830592,-0.455519,0.449047,-0.041297,0.032095,0.003769,10.622698
865155870040,-0.400968,-0.315670,-0.247147,0.045576,-0.012527,-0.061651,10.484292
865255888059,0.452528,-1.153441,-0.888934,0.091911,-0.209609,-0.032123,10.436666
865355906079,-0.156634,-2.070464,-1.003515,0.156897,-0.267670,-0.126687,10.562348
865455924099,-0.777215,0.073712,-0.455507,0.110406,-0.151880,-0.106443,10.522956
865555942118,-0.207382,-0.265302,-0.483773,-0.108024,0.122732,0.088364,10.415582
865655960138,0.441419,-2.714065,-0.634776,-0.097706,0.151297,0.171634,10.466377
865755978157,1.108171,-3.228483,-0.373890,0.094577,-0.100887,-0.035901,10.484106
865855996177,-0.111444,0.658815,0.217046,0.254384,-0.288971,-0.147524,10.543616
865956014197,-1.042489,4.082733,0.783357,0.078927,-0.047181,0.079735,10.650575
866056032216,-0.238243,0.338217,-0.016165,-0.225107,0.307116,0.215307,10.695100
866156050236,0.603195,-2.803432,-0.803980,-0.246827,0.355822,0.225099,10.684777
866256068256,0.223556,-1.408749,-0.731693,-0.092507,0.084726,0.124460,10.838812
866356086275,-0.020529,0.775580,0.027565,0.124468,-0.182475,-0.016651,10.847092
866456104295,0.774715,-1.149064,0.003446,0.199585,-0.184163,-0.196570,10.827828
866556122315,1.474182,-2.652881,-0.649951,0.122586,-0.128181,-0.058109,11.045915
866656140334,0.079041,1.482932,-0.453233,-0.055595,0.032981,0.001270,11.195638
866756158354,-1.186374,1.893679,-0.303545,-0.261176,0.327776,0.021326,11.167513
866856176374,-0.158988,-2.200280,-0.761099,-0.156916,0.198399,0.202091,11.163478
866956194393,0.798876,-4.780593,-0.205045,0.188917,-0.254205,-0.132709,11.365782
867056212413,1.220473,-1.897664,0.841861,0.414505,-0.529771,-0.455905,11.369845
867156230433,-0.815507,2.251867,0.759057,0.068911,-0.035802,-0.090028,11.455316
867256248452,-1.553327,3.142899,0.629413,-0.306653,0.417055,0.264653,11.668349
867356266472,0.443116,-1.280516,-0.211898,-0.312993,0.328912,0.245576,11.783612
867456284492,1.716936,-3.895762,-1.021920,-0.061837,0.072417,0.035732,11.827427
867556302511,-0.073108,0.044059,-0.539407,0.192499,-0.214234,-0.220032,11.985707
867656320531,-2.406352,2.514946,-0.167798,0.167393,-0.139158,-0.188146,12.169986
867756338551,-0.986267,0.552934,-0.477687,-0.135687,0.202494,0.113093,12.288866
867856356570,0.410325,-1.649074,-1.208246,-0.276553,0.381315,0.167613,12.203967
867956374590,-1.314599,1.311071,-0.688002,-0.184043,0.199654,0.047261,12.330192
868056392610,-2.500956,2.688352,-0.128732,0.235352,-0.303105,-0.192278,12.465122
868156410629,0.736360,-3.252071,-0.830210,0.480639,-0.540159,-0.467242,12.433070
868256428649,2.846989,-3.707695,-0.212909,0.207064,-0.320977,-0.125347,12.493373
868356446669,0.878211,-0.329610,0.648456,-0.161758,0.163464,0.265202,12.573164
868456464688,0.294422,2.626625,0.625202,-0.157032,0.204956,0.181623,12.689102
868556482708,-0.071201,1.151316,0.017702,0.148462,-0.157127,-0.124267,12.643979
868656500728,-0.370771,-1.714145,0.250374,0.247818,-0.227140,-0.203941,12.619095
868756518747,0.972584,-2.273806,0.432313,0.030776,0.053086,0.007752,12.718910
868856536767,0.716693,-0.735454,-0.508215,-0.111060,0.125634,0.077775,12.719941
868956554787,-0.009509,0.587346,-0.028726,-0.032197,-0.027597,0.054088,12.753938
869056572806,0.468083,-0.804110,-0.121981,0.094312,-0.186374,-0.030484,12.784355
869156590826,0.037013,-2.783553,-1.108659,0.038282,-0.138087,-0.017240,12.904089
869256608846,0.728915,-3.539337,-0.796046,-0.136290,0.150243,0.162543,12.937913
869356626865,-0.804898,-0.127846,0.354534,-0.296156,0.373511,0.239477,12.960345
869456644885,-1.892990,4.111184,1.175727,-0.266110,0.422065,0.273572,12.845761
869556662904,0.997490,2.796141,0.398326,0.182258,-0.237385,-0.084955,12.776848
869656680924,2.712940,-2.513599,-0.414902,0.365629,-0.560836,-0.268911,12.781860
869756698944,0.552513,-1.736617,0.742171,-0.171201,0.091302,0.170477,12.736447
869856716963,-2.750732,5.293176,1.035408,-0.623866,0.609594,0.412457,12.758139
869956734983,-1.007161,5.715096,0.031387,-0.259222,0.437320,0.071419,12.707086
870056753003,1.550772,0.835558,-0.636035,0.055284,0.252990,-0.156899,12.687520
870156771022,2.080741,-2.247400,-0.829529,-0.187704,0.360094,0.035340,12.692772
870256789042,0.694903,0.727167,-0.503994,-0.213834,0.299683,0.100299,12.640927
870356807062,0.303006,3.433318,-0.087588,0.037343,-0.025468,-0.084372,12.698475
870456825081,0.401245,0.347288,0.014478,0.251925,-0.225078,-0.269621,12.718852
870556843101,1.929184,-0.343290,-0.044753,0.044846,0.025533,-0.030258,12.660532
870656861121,2.154753,0.497448,-0.485243,-0.173522,0.287021,0.142675,12.718979
870756879140,1.339441,2.029834,-0.273790,-0.099115,0.151563,0.026257,12.706957
870856897160,0.816951,2.523675,0.341904,0.040251,-0.114266,-0.058393,12.622236
870956915180,0.971841,0.384677,-0.002736,0.000364,0.013794,0.028457,12.695170
871056933199,1.421789,-1.012602,-0.518275,-0.062038,0.175886,0.089214,12.709383
871156951219,1.038306,0.463018,0.324254,-0.042853,0.162830,0.097752,12.677498
871256969239,0.959657,1.640888,0.541372,0.022288,0.024964,-0.002857,12.653871
871356987258,0.824194,-0.029297,-0.159413,0.151220,-0.231209,-0.141204,12.677961
871457005278,1.241010,-2.467025,-0.637337,0.107849,-0.194137,-0.099893,12.379302
871557023298,1.940731,0.198366,0.217456,-0.118875,0.031183,0.134149,12.034874
871657041317,0.919066,2.293648,1.052249,-0.182592,0.244973,0.172263,12.239909
871757059337,0.258289,0.875323,0.174141,-0.004968,0.155795,0.033557,12.496197
871857077357,-0.035314,0.857208,0.476903,0.022760,0.102570,-0.004276,12.651532
871957095376,0.457544,1.610052,1.039122,-0.012288,0.095336,0.021823,12.787421
872057113396,1.368887,0.199451,0.241847,0.077879,-0.115086,-0.037330,12.720251
872157131416,1.274784,-1.778629,-0.400225,0.107757,-0.189845,-0.089176,12.636232
872257149435,-0.119045,-1.218927,-0.409930,0.046869,-0.001544,0.022964,12.757316
872357167455,-1.109166,0.725708,0.008431,-0.090951,0.132537,0.111612,12.681554
872457185475,0.114425,0.954564,0.090177,-0.091948,0.111992,0.078660,12.591695
872557203494,1.470128,-0.305678,-0.288117,0.019003,-0.040493,-0.053072,12.660678
872657221514,1.169633,-1.177195,-0.325295,0.073038,-0.063014,-0.056680,12.583503
872757239534,0.521087,0.655472,0.188196,-0.124386,0.105200,0.007501,12.518478
872857257553,-0.952938,2.664593,0.203053,-0.261584,0.204756,0.217179,12.480695
872957275573,-0.766222,2.160734,-0.525826,0.097739,-0.132477,-0.023277,12.476663
873057293593,1.012809,-0.263063,-0.939726,0.297274,-0.395210,-0.263796,12.377293
873157311612,0.759004,-2.772247,-0.957048,0.065637,-0.188807,-0.118323,12.354411
873257329632,0.829027,-1.185936,-0.193620,-0.189842,0.168757,0.169814,12.283330
873357347651,0.791652,2.983280,0.375828,-0.081894,0.039389,0.143255,12.331968
873457365671,0.331594,3.690350,0.173091,0.184447,-0.237566,-0.172389,12.367750
873557383691,0.591856,0.565811,0.047775,0.270349,-0.383745,-0.240964,12.273428
873657401710,0.130128,-3.867216,1.061005,0.210252,-0.183547,-0.132557,12.259448
873757419730,1.047008,-2.255648,1.003236,0.193870,-0.166094,-0.093544,12.215636
873857437750,-0.346872,3.679092,-0.279335,-0.124161,-0.005328,0.095303,12.159175
873957455769,-0.511147,1.820334,-0.652211,-0.430382,0.319455,0.368544,12.132929
874057473789,1.137636,-2.279187,-0.605355,-0.451664,0.404090,0.366618,12.066511
874157491809,-0.224079,0.389389,-0.122842,-0.049746,0.055385,-0.062247,12.041602
874257509828,-0.720522,1.615570,0.347110,0.330912,-0.280631,-0.229059,12.016153
874357527848,0.575761,-0.514253,0.372094,0.254852,-0.207827,-0.195903,11.951496
874457545868,2.670534,-0.818754,0.228986,-0.124898,0.121447,0.046741,11.928525
874557563887,0.918766,1.126884,0.010834,-0.222022,0.255733,0.198459,12.003420
874657581907,-0.258177,2.426473,-0.340658,-0.062693,0.123444,0.111445,11.982374
874757599927,0.278155,1.566765,-0.082784,0.061368,-0.101726,-0.103507,11.970616
874857617946,1.828685,-0.205980,0.356222,-0.070478,-0.091756,-0.055691,11.909756
874957635966,2.703451,-1.116093,0.301379,-0.173744,0.124149,0.149663,11.840183
875057653986,1.418923,0.343292,-0.401414,-0.181709,0.165035,0.129826,11.885653
875157672005,0.279920,0.036365,-0.197789,-0.099148,0.039241,0.060059,11.747625
875257690025,-1.184715,-0.593929,0.761803,-0.020623,-0.023732,0.041996,11.665500
875357708045,-1.646673,-0.479799,0.801461,-0.040576,0.023851,0.057150,11.520283
875457726064,0.712202,-1.083538,0.387309,0.064528,0.061091,0.051456,11.464402
875557744084,-0.398802,0.032612,0.182848,0.127276,-0.176450,-0.111542,11.509104
875657762104,-2.040452,1.558996,0.559666,-0.035582,-0.176938,-0.088611,11.535479
875757780123,-1.319011,1.237554,0.211817,-0.091721,0.077002,0.053522,11.405117
875857798143,0.742874,-1.024226,0.041437,-0.072528,0.145900,0.104322,11.373504
875957816163,1.419891,-2.233009,0.196854,-0.046738,-0.079249,-0.022647,11.379897
876057834182,0.185042,-0.632835,0.343961,0.191556,-0.214089,-0.184271,11.420312
876157852202,-0.781128,0.565771,0.513196,0.059399,0.050539,-0.104270,11.464717
876257870222,-1.261805,1.107817,0.449344,-0.032709,-0.013116,-0.035239,11.405810
876357888241,-0.923317,0.341991,0.018255,0.057368,-0.161310,-0.114389,11.503786
876457906261,0.162315,-0.362241,-0.760403,-0.011456,-0.202690,-0.036037,11.602237
876557924281,-0.483206,-0.201941,-0.602994,-0.035763,-0.026248,-0.010486,11.528880
876657942300,0.434670,2.059917,-0.535886,-0.083748,0.053396,0.016756,11.498821
876757960320,3.063296,2.563096,0.100618,0.038320,-0.062786,0.040774,11.510315
876857978340,3.383209,-1.640420,-0.399867,0.295884,-0.390371,-0.258236,11.528658
876957996359,3.137148,-3.284583,-0.661397,0.142560,-0.181828,-0.189515,11.507302
877058014379,2.577042,0.635797,-0.286906,-0.239534,0.362031,0.239741,11.636639
877158032398,1.485959,4.782895,0.117227,-0.433198,0.507745,0.374099,11.596859
877258050418,0.142673,5.615156,0.768344,-0.276721,0.300783,0.239907,11.547548
877358068438,2.175859,2.666378,0.300967,0.115595,-0.174448,-0.098822,11.620495
877458086457,3.563090,-1.268933,-0.249590,0.283649,-0.320623,-0.217498,11.670154
877558104477,1.264733,-0.696321,0.262425,0.050754,-0.070614,-0.042364,11.793924
877658122497,-0.236143,2.077992,0.552566,-0.180353,0.225366,0.233098,11.712901
877758140516,-1.323580,2.305518,0.169228,-0.015293,0.011092,0.150811,11.597558
877858158536,0.860010,-0.800217,-1.185148,0.285618,-0.306299,-0.232649,11.646696
877958176556,2.303554,-2.902855,-1.488975,0.175461,-0.349312,-0.175453,11.663042
878058194575,2.621359,0.293925,-1.020796,0.077804,-0.083273,-0.026162,11.469431
878158212595,0.934967,1.994945,-0.460638,-0.042957,0.140903,0.120184,11.359060
878258230615,-0.276829,2.632732,0.632743,0.082969,0.026084,-0.063072,11.307406
878358248634,0.919449,1.481773,0.817936,0.200567,-0.240530,-0.168110,11.408351
878458266654,1.643509,-1.137553,-0.081916,0.166162,-0.223725,-0.221650,11.117190
878558284674,2.292792,-2.268350,-0.398972,-0.174675,0.160018,0.009663,10.967596
878658302693,2.242171,0.144894,-0.087264,-0.239564,0.209562,0.185525,10.886066
878758320713,1.736231,2.098381,0.234386,-0.000802,-0.054155,-0.053069,10.679670
878858338733,1.549041,0.952201,0.168044,0.134916,-0.252879,-0.141913,10.433941
878958356752,1.537852,-0.238320,0.536985,0.035252,-0.100569,0.018019,10.178771
879058374772,1.658034,-0.119416,0.374012,-0.018268,0.055197,0.058656,10.001926
879158392792,2.353965,-0.700291,0.259285,0.094673,-0.017464,-0.099783,9.768741
879258410811,2.128838,0.169381,0.285488,0.091568,-0.066021,-0.071657,9.572468
879358428831,0.924185,3.526950,0.300171,-0.164100,0.210332,0.166051,9.494035
879458446851,1.699383,1.330097,0.184347,-0.354490,0.493567,0.301797,9.249651
879558464870,2.154545,-2.155600,0.567553,-0.334554,0.448183,0.316262,8.971126
879658482890,2.101833,-2.372975,0.767316,0.016591,0.101397,0.042016,8.862875
879758500910,1.302235,3.801819,0.441286,0.434778,-0.425350,-0.420542,8.734498
879858518929,1.777881,3.487584,0.297717,0.289616,-0.343037,-0.166019,8.546551
879958536949,4.287514,-0.495252,0.561102,-0.101765,0.022738,0.055977,8.525149
880058554969,2.573753,-0.625924,1.081330,-0.492965,0.366570,0.280851,8.333708
880158572988,0.872009,5.033366,1.152787,-0.162189,0.172993,-0.005215,8.082141
880258591008,0.461606,6.217613,0.493586,0.412395,-0.489817,-0.357945,7.939763
880358609028,2.950128,-1.359706,-0.324801,0.545246,-0.684691,-0.501459,7.707228
880458627047,4.535559,-4.425342,-0.215207,0.118965,-0.164298,-0.150992,7.642823
880558645067,2.610172,-0.207127,0.347649,-0.318322,0.440987,0.332815,7.577158
880658663087,-0.708231,5.348640,0.642641,-0.187559,0.255328,0.165776,7.259941
880758681106,1.524417,1.569358,-0.159379,0.268713,-0.318325,-0.204536,6.948024
880858699126,4.972268,-3.990252,-0.790523,0.527336,-0.611933,-0.408244,6.754137
880958717145,3.063848,-1.875245,-0.386971,0.132491,-0.156278,-0.064141,6.545340
881058735165,-0.067211,1.957549,0.063280,-0.289159,0.328939,0.289346,6.323940
881158753185,-1.705008,3.565912,0.440401,-0.208074,0.265499,0.251250,6.014484
881258771204,0.849162,0.884613,0.247884,0.145626,-0.122820,-0.037959,5.745932
881358789224,4.428312,-3.077653,-0.462826,0.398136,-0.436296,-0.230179,5.547538
881458807244,4.110661,-3.255806,-0.585780,0.298523,-0.313558,-0.045924,5.399511
881558825263,1.344240,-0.069954,-0.241811,0.062019,-0.043890,0.181870,5.247317
881658843283,0.301548,0.310127,0.348902,0.028769,0.056695,0.189774,5.147917
881758861303,1.812802,-2.263761,0.264137,0.291514,-0.263229,-0.012632,5.015678
881858879322,3.049787,-3.546215,0.085918,0.467679,-0.474854,-0.121203,4.803666
881958897342,2.181596,-1.428858,-0.138164,0.406974,-0.394732,-0.044864,4.735503
882058915362,1.371221,0.497787,-0.301958,0.279905,-0.233679,0.110729,4.738361
882158933381,1.821308,0.049727,-0.169185,0.251850,-0.223808,0.106951,4.619371
882258951401,3.041792,-1.395961,0.295469,0.370115,-0.350283,-0.017699,4.574824
882358969421,2.785694,-2.625757,0.574052,0.432615,-0.450602,-0.089382,4.581711
882458987440,1.618274,-2.120967,0.253227,0.426163,-0.414808,-0.040279,4.445435
882559005460,0.853195,-1.118609,-0.100216,0.324499,-0.284726,0.111920,4.326094
882659023480,1.464323,-1.892512,-0.690474,0.280229,-0.244773,0.098324,4.256178
882759041499,1.806633,-1.744278,-0.381582,0.322088,-0.285643,0.045493,4.181070
882859059519,1.836400,-1.182347,0.272451,0.341791,-0.348627,0.036199,4.046294
882959077539,2.025183,-2.076249,0.343299,0.411242,-0.407678,0.001589,4.095970
883059095558,2.199694,-2.222597,0.124192,0.395041,-0.436486,0.030600,4.147295
883159113578,1.772582,-1.375600,0.110604,0.365360,-0.338548,0.078491,4.046549
883259131598,1.384160,-0.528916,-0.037841,0.347265,-0.310609,0.047820,4.008331
883359149617,1.909604,-0.541426,-0.429272,0.421992,-0.439126,-0.108269,4.073438
883459167637,3.076890,-1.391486,-0.345078,0.471192,-0.501878,-0.134430,4.140695
883559185657,2.192977,-0.607316,0.149970,0.426158,-0.417680,-0.021499,4.069867
883659203676,1.285382,0.428010,0.135179,0.358964,-0.319731,0.021175,4.062695
883759221696,1.637862,0.709688,-0.141974,0.282476,-0.305770,0.057201,4.040573
883859239716,1.685642,-0.989629,0.040683,0.337591,-0.376756,-0.038225,4.078369
883959257735,1.487326,-1.463311,0.219512,0.467081,-0.481158,-0.202236,4.082028
884059275755,0.892309,0.355698,-0.161051,0.508929,-0.532277,-0.227941,4.083169
884159293775,0.658863,1.004439,0.270231,0.452411,-0.451478,-0.143798,4.083185
884259311794,0.806809,0.749002,0.261878,0.282295,-0.271958,0.024150,4.125423
884359329814,1.581460,0.418456,-0.412524,0.076130,-0.111621,0.183337,4.160673
884459347834,0.658600,0.376089,-0.309860,0.031496,-0.065892,0.103420,4.171781
884559365853,-1.382011,1.631978,-0.118455,0.147089,-0.181564,-0.084042,4.202722
884659383873,-0.780432,1.461131,-0.023612,0.232552,-0.253882,-0.178897,4.094053
884759401892,1.013432,0.817135,0.062433,0.139950,-0.164533,-0.099378,4.028481
884859419912,1.880749,0.314772,0.008020,-0.008260,0.005557,0.085131,4.005954
884959437932,0.481513,0.748061,-0.248204,-0.024884,0.013921,0.108043,3.919535
885059455951,-1.207084,1.337979,-0.274907,0.056930,-0.070436,0.018924,3.870503
885159473971,-1.303255,0.953817,0.234195,0.090063,-0.131778,-0.063589,3.855373
885259491991,0.059113,0.059688,0.270608,0.050779,-0.045361,-0.069325,3.776665
885359510010,1.204650,-0.195674,0.034633,-0.019889,0.063620,0.007281,3.732849
885459528030,0.097933,0.304063,-0.121034,-0.045574,0.072809,0.025065,3.709323
885559546050,-1.036963,0.891401,-0.569311,-0.002848,0.010683,0.004034,3.645790
885659564069,-0.872701,1.320844,-0.944133,0.002284,-0.041848,-0.011310,3.609705
885759582089,0.157829,0.733985,-0.374632,-0.057137,0.034169,0.010583,3.523855
885859600109,-0.396800,1.036622,0.420263,-0.118007,0.142525,0.067925,3.512756
885959618128,-1.104577,1.499631,0.635959,-0.124648,0.161680,0.056460,3.481616
886059636148,-0.422128,1.062528,0.324913,0.009003,0.015742,-0.050618,3.385665
886159654168,0.690722,-0.233131,0.102728,0.033021,-0.056624,-0.046193,3.384184
886259672187,0.701829,-0.062788,0.026554,-0.047961,0.048031,0.025401,3.434245
886359690207,-0.788256,1.511264,-0.441882,-0.083776,0.148466,0.069491,3.370865
886459708227,-0.598332,2.039093,-0.523885,-0.088472,0.079282,0.003676,3.259388
886559726246,0.426812,1.234552,0.165479,-0.054770,0.036686,-0.064461,3.227581
886659744266,0.396743,0.462941,0.572708,-0.071212,0.055950,-0.022477,3.231447
886759762286,0.288358,0.188751,0.351418,-0.096178,0.061685,0.048935,3.171349
886859780305,-0.439100,0.614275,0.089232,-0.112440,0.020519,0.052265,3.127458
886959798325,-0.786561,0.952869,-0.131437,-0.082640,0.025816,0.045741,3.081978
887059816345,-0.371997,1.259384,-0.313568,-0.089687,0.033180,0.005648,3.095425
887159834364,-0.487843,0.836302,-0.382378,-0.125654,0.010210,-0.008515,3.047434
887259852384,-0.321076,0.558035,-0.304099,-0.072795,0.016321,-0.029571,2.975163
887359870404,0.239710,0.868005,-0.093367,-0.027505,0.050649,-0.029919,2.873634
887459888423,0.269589,1.251490,0.097698,-0.013597,0.062924,-0.012281,2.809011
887559906443,-0.275822,1.179921,0.351397,-0.035291,0.053123,-0.005662,2.788193
887659924463,-0.009356,0.718995,0.028375,-0.064451,0.058058,0.020732,2.726674
887759942482,0.301342,0.531993,-0.292031,-0.063170,0.061426,0.032779,2.664916
887859960502,0.043465,0.443751,-0.308783,-0.053865,0.041188,0.018841,2.610634
887959978522,-0.028940,1.018916,-0.122675,-0.013042,0.000899,0.012502,2.505973
888059996541,0.026103,1.192084,0.021077,-0.024650,-0.005163,0.013349,2.497608
888160014561,-0.098385,0.558036,-0.042017,-0.031197,0.021370,0.023918,2.472209
888260032580,-0.001441,0.682685,-0.121279,-0.028322,0.024767,0.018520,2.358125
888360050600,-0.037451,0.622317,-0.050983,-0.002728,0.003997,0.006519,2.317787
888460068620,-0.151306,0.295902,0.045559,0.021682,-0.009313,0.005036,2.273942
888560086639,-0.017603,0.264765,0.019930,0.016535,-0.017388,0.013909,2.207620
888660104659,-0.148772,0.565286,0.007088,0.009188,-0.013810,0.027805,2.159064
888760122679,-0.527530,0.761316,0.049477,0.005116,-0.010458,0.014912,2.046084
888860140698,-0.654707,0.492165,0.071291,0.024760,-0.021967,-0.020038,2.034676
888960158718,-0.230417,0.090892,-0.138414,0.043807,-0.036996,-0.029154,1.995529
889060176738,0.099059,0.066955,-0.299320,0.025550,-0.029886,-0.011972,1.943434
889160194757,-0.005162,0.256018,-0.145722,0.005211,-0.012790,0.022257,1.915696
889260212777,-0.395018,0.509438,0.058528,0.013158,0.006391,0.038314,1.864601
889360230797,-0.632965,0.738915,0.142050,0.009076,0.004537,0.012912,1.815510
889460248816,-0.535427,0.557763,0.047921,0.005103,-0.006862,0.000250,1.846757
889560266836,-0.302043,0.022792,-0.106481,-0.006742,0.007821,-0.009170,1.845240
889660284856,0.015653,-0.113584,-0.198705,0.003032,0.012049,-0.007778,1.772316
889760302875,-0.419183,-0.282539,-0.097609,0.017914,-0.016973,0.006608,1.776913
889860320895,-1.029104,-0.241210,0.029757,0.026401,-0.020329,-0.010011,1.817695
889960338915,-1.174456,-0.390799,0.000513,0.013276,-0.006109,-0.009349,1.805764
890060356934,-0.442854,-0.599454,-0.106792,-0.013901,-0.001058,-0.009281,1.791614
890160374954,-0.508805,-1.035838,-0.175228,-0.012332,0.001735,-0.019203,1.773832
890260392974,-0.711152,-1.554259,-0.119866,0.024246,-0.027348,-0.019604,1.783082
890360410993,-0.820286,-1.010466,-0.152936,0.034792,-0.039865,-0.008801,1.849468
890460429013,-1.267132,-0.532250,-0.071939,-0.000145,0.001626,0.023332,1.894296
890560447033,-1.151243,0.055934,0.057686,-0.010351,0.012433,0.024000,1.901615
890660465052,-0.202772,0.066302,-0.227398,-0.003305,0.000924,-0.000192,2.011957
890760483072,0.230405,0.229533,-0.480669,-0.006327,-0.019346,-0.015573,2.090609
890860501092,-0.173445,-0.208902,-0.317423,0.007988,-0.067154,-0.015963,2.231127
890960519111,-0.506936,-0.877353,0.085369,0.032115,-0.050410,0.003730,2.291590
891060537131,-0.270551,-0.947025,-0.044331,0.025568,-0.016406,0.022117,2.422549
891160555151,-0.132934,-0.596453,-0.423199,0.044953,-0.004626,0.031602,2.559361
891260573170,-0.229720,-0.183754,-0.306269,0.031146,0.011093,0.055801,2.595937
891360591190,-0.511097,-0.230721,0.326694,0.035745,-0.072882,0.009314,2.722387
891460609210,-0.076407,-0.627160,0.404580,0.097106,-0.109251,-0.040588,2.840574
891560627229,0.416049,-0.685799,-0.014072,0.101676,-0.077899,-0.049425,2.898437
891660645249,0.167910,-0.398520,-0.033308,0.094844,-0.047162,-0.011599,3.019627
891760663269,-0.606483,0.006198,0.307447,0.074468,-0.053400,0.008180,3.162683
891860681288,-0.455030,-0.020468,0.391554,0.029649,-0.044354,0.011565,3.295481
891960699308,-0.243346,-0.607000,0.208608,0.059676,-0.036762,-0.009706,3.425437
892060717327,-0.123273,-1.371876,-0.353382,0.078696,-0.036874,-0.003186,3.516827
892160735347,-0.303578,-1.614501,-0.386214,0.089364,-0.072087,0.007320,3.576787
892260753367,-0.643163,-1.092511,-0.212661,0.108720,-0.073814,-0.023998,3.721925
892360771386,-0.451753,-0.232096,-0.451190,0.058669,-0.040817,0.010754,3.726655
892460789406,-0.321298,0.027748,-0.079468,0.036287,-0.020036,0.076132,3.844044
892560807426,-0.405761,0.035492,0.261476,0.067259,-0.068777,0.027149,3.951618
892660825445,-0.174811,-0.397671,-0.125037,0.113686,-0.120856,0.000210,4.009729
892760843465,-0.205199,0.835570,-0.243851,0.141000,-0.125050,-0.047933,4.101704
892860861485,-0.019599,0.995530,-0.173341,0.021785,-0.047269,0.043291,4.208119
892960879504,0.039762,-0.533423,-0.108569,-0.036986,0.053766,0.098916,4.324577
893060897524,-0.676588,-0.488524,-0.141060,-0.027090,0.058317,0.080204,4.369323
893160915544,-0.835844,0.439383,-0.012741,-0.025949,0.050305,0.057288,4.501719
893260933563,-0.627123,0.598678,-0.132257,0.000644,0.046598,0.028061,4.549199
893360951583,-0.786440,0.145735,-0.130150,-0.018507,0.011375,0.007946,4.634713
893460969603,-0.279516,0.305592,-0.065439,-0.029527,0.030969,0.016227,4.770204
893560987622,-1.009227,0.725778,0.308490,-0.029524,0.046218,0.012332,4.815671
893661005642,-1.572161,1.515457,0.302483,-0.144036,0.233608,0.088845,4.904650
893761023662,-0.812535,0.724514,-0.026159,-0.212520,0.319962,0.127879,5.005768
893861041681,0.457609,0.107667,-0.042828,-0.138671,0.200597,0.055869,5.074677
893961059701,0.169935,0.506475,-0.291875,-0.027113,0.020565,-0.067968,5.126798
894061077721,-1.429180,1.210325,0.126530,-0.136658,0.128868,-0.002368,5.195296
894161095740,-1.667181,1.874627,0.173878,-0.261325,0.328752,0.128989,5.228056
894261113760,0.478719,0.736525,-0.062828,-0.222180,0.295198,0.146419,5.226867
894361131780,2.057115,-0.418861,-0.064204,-0.015725,0.041897,-0.036350,5.250564
894461149799,0.351248,0.210476,-0.071373,0.049136,-0.041298,-0.090137,5.259317
894561167819,-2.682457,1.628611,0.266666,-0.122431,0.134766,0.021950,5.278787
894661185839,-2.537217,1.621852,0.207952,-0.250329,0.347619,0.187040,5.227944
894761203858,-0.034359,0.545905,-0.126656,-0.232521,0.295006,0.138257,5.276557
894861221878,0.890309,0.179045,-0.490489,-0.049550,0.012538,-0.067566,5.277089
894961239898,-0.351574,0.906565,-0.156176,0.017721,-0.062530,-0.074958,5.231245
895061257917,-1.324401,1.426324,0.190978,-0.105366,0.074488,0.008111,5.219555
895161275937,-1.116010,1.585305,0.268508,-0.161164,0.187700,0.062009,5.233132
895261293957,-0.443103,1.149568,-0.254094,-0.069868,0.112321,-0.002556,5.183276
895361311976,0.354194,0.641911,-0.498321,-0.010988,0.019238,-0.051086,5.170206
895461329996,0.626080,0.200699,-0.383379,-0.050767,0.063672,-0.027292,5.173164
895561348016,-0.679681,1.087996,-0.000010,-0.148031,0.192720,0.075149,5.135519
895661366035,-1.268891,1.757192,0.429732,-0.148355,0.167916,0.109034,5.109615
895761384055,-0.699636,1.715231,0.130305,-0.031552,-0.000816,-0.029777,5.064418
895861402074,0.180874,0.820424,0.002093,0.010534,-0.043908,-0.046958,5.019957
895961420094,0.392568,0.257127,-0.002267,-0.055263,0.068077,0.036936,4.982805
896061438114,0.756460,0.259128,-0.245308,-0.100715,0.120863,0.072290,4.894413
896161456133,-0.006793,0.750448,-0.034451,-0.009861,0.043166,0.010884,4.880983
896261474153,0.075247,0.948451,-0.038951,0.004409,0.017217,-0.023358,4.881986
896361492173,0.605927,0.797925,0.160002,-0.024590,0.043286,0.022587,4.767342
896461510192,0.720307,0.619571,0.242050,-0.052581,0.033472,0.054014,4.763370
896561528212,0.153062,0.674421,0.045954,-0.023950,0.020270,0.022278,4.737019
896661546232,0.118614,0.955284,-0.038926,-0.012789,0.000872,0.013045,4.645827
896761564251,0.913482,1.032358,0.232496,0.027182,-0.015601,-0.029627,4.608417
896861582271,0.969800,1.569870,0.091275,0.060273,-0.053334,-0.059892,4.568735
896961600291,0.771654,1.862760,-0.084229,-0.001207,-0.003659,0.019701,4.475784
897061618310,0.445816,1.594411,0.127273,-0.059051,0.032264,0.033400,4.471483
897161636330,0.916935,1.516241,0.151608,-0.026545,0.023989,0.034345,4.341335
897261654350,0.552301,1.621448,0.254651,0.040204,-0.008984,-0.014735,4.341249
897361672369,-0.103120,1.550629,0.408866,0.019364,-0.027340,-0.020966,4.288216
897461690389,0.609828,1.133156,0.312511,-0.016704,0.019454,0.014180,4.187210
897561708409,1.178931,0.673488,0.086456,-0.083872,0.062525,0.074692,4.092806
897661726428,0.750658,0.869098,0.090731,-0.084224,0.089706,0.079440,4.034280
897761744448,-0.090335,1.789020,0.185440,0.028860,-0.036030,-0.016357,3.834336
897861762468,0.193113,1.205136,0.089646,0.087035,-0.091538,-0.091457,3.666791
897961780487,0.812580,0.543275,0.106435,0.043088,-0.036163,-0.038470,3.578253
898061798507,0.810424,0.373294,-0.121817,-0.015675,0.024430,0.017743,3.412854
898161816527,-0.158811,0.614070,-0.101107,-0.035887,0.021561,0.037574,3.273643
898261834546,-0.449696,0.734443,-0.073966,-0.005716,-0.016532,0.008036,3.197439
898361852566,0.042023,0.417773,-0.075599,0.027475,-0.055212,-0.025409,3.062236
898461870586,0.350565,0.412889,-0.044786,0.049962,-0.058886,-0.036577,2.957454
898561888605,0.323333,0.563073,0.040558,0.023939,-0.015405,-0.001992,2.873799
898661906625,0.531788,0.619932,0.041278,0.010602,0.008387,0.007900,2.771109
898761924645,0.658067,0.422290,0.056560,0.012544,-0.008211,0.025452,2.683292
898861942664,0.651673,0.121048,0.019270,0.024983,-0.033963,0.015269,2.642189
898961960684,0.015833,0.365733,0.040281,0.057729,-0.086748,-0.015896,2.589734
899061978704,-0.271231,0.358520,0.039197,0.066472,-0.082134,-0.018237,2.544556
899161996723,0.234013,0.188718,0.002383,0.056154,-0.046269,0.003499,2.502374
899262014743,0.350305,0.133650,-0.113710,0.035348,-0.036843,0.027867,2.459456
899362032763,0.026796,0.239973,-0.114337,0.054055,-0.051729,-0.000178,2.453099
899462050782,-0.209036,0.245225,0.032894,0.080667,-0.058357,-0.018706,2.404623
899562068802,0.189698,0.480263,-0.026102,0.071323,-0.058948,-0.024363,2.371427
899662086821,0.433457,0.254655,-0.025855,0.055018,-0.049053,-0.003362,2.339378
899762104841,0.318482,0.187972,-0.029051,-0.002318,0.002233,0.058194,2.280322
899862122861,-0.371749,0.450033,0.017998,0.002775,0.006298,0.028151,2.269744
899962140880,-0.490275,0.058249,0.088985,0.044770,-0.047390,0.000287,2.279264
900062158900,-0.246981,-0.353904,0.055455,0.060200,-0.063080,-0.034760,2.263252
900162176920,0.097686,-0.129685,-0.085455,0.020290,-0.015985,-0.011897,2.243038
900262194939,0.012823,0.137076,-0.075277,-0.004405,0.033316,0.049183,2.214658
900362212959,-0.383804,0.348823,-0.076149,-0.023439,0.038425,0.052266,2.228416
900462230979,-0.754021,0.228213,-0.013821,-0.002527,0.030156,0.037385,2.200747
900562248998,-0.455550,0.312780,0.037772,0.019292,0.002127,-0.016167,2.176483
900662267018,-0.153448,0.106173,-0.256386,-0.003228,0.025831,-0.031468,2.212821
900762285038,-0.276765,0.404834,-0.324502,-0.048706,0.078033,0.003564,2.212089
900862303057,-0.161757,0.183375,-0.044061,-0.067979,0.110197,0.045093,2.207023
900962321077,-0.222703,-0.151151,0.139187,-0.044293,0.060699,0.017541,2.201384
901062339097,-0.324411,0.019620,-0.000086,-0.020341,0.032362,-0.013492,2.201927
901162357116,-0.175734,0.227192,-0.111211,-0.027749,0.045525,-0.005022,2.214772
901262375136,-0.517009,0.053420,-0.053224,-0.030811,0.035381,-0.016025,2.199382
901362393156,-0.239773,0.073268,-0.055510,-0.059037,0.070688,0.012378,2.192664
901462411175,-0.064816,-0.202098,-0.134685,-0.087781,0.123304,0.049280,2.236678
901562429195,-0.370573,-0.126351,-0.045203,-0.078678,0.109702,0.029261,2.218625
901662447215,-0.664025,-0.115613,-0.006292,-0.047756,0.050286,0.020438,2.161138
901762465234,-0.635668,-0.017892,0.052974,-0.057570,0.043231,0.017138,2.228181
901862483254,-0.312498,-0.413322,0.035598,-0.053112,0.055477,-0.010237,2.260561
901962501274,-0.372381,-0.943953,-0.236542,-0.049841,0.076550,0.023628,2.187777
902062519293,-0.312975,-0.531121,-0.397091,-0.051953,0.091500,0.038561,2.206684
902162537313,-0.988445,-0.125183,-0.048392,-0.064640,0.037264,0.006333,2.187538
902262555333,-1.748625,-0.816042,0.321376,-0.072145,0.043987,0.001518,2.178527
902362573352,-1.749659,-1.204310,0.333674,-0.070369,0.085323,0.009278,2.231400
902462591372,-1.043879,-1.259264,0.151226,-0.056412,0.083075,-0.012584,2.199885
902562609392,-0.779902,-1.381171,-0.214814,-0.027320,0.052890,-0.041705,2.192684
902662627411,-1.040141,-1.776540,-0.147978,-0.050640,0.072453,0.012535,2.264420
902762645431,-1.742905,-1.189813,0.017873,-0.119568,0.069548,0.055280,2.360005
902862663451,-1.560999,-0.693609,-0.107771,-0.135957,0.063936,0.036485,2.397641
902962681470,-1.445334,-0.959331,-0.157251,-0.134152,0.101047,0.020954,2.490162
903062699490,-1.460346,-0.562984,-0.199109,-0.115139,0.126701,-0.003310,2.606480
903162717510,-1.338074,-0.007025,0.240837,-0.086219,0.106107,-0.028191,2.710128
903262735529,-0.923722,-0.263640,0.179148,-0.062105,0.072332,-0.045682,2.862924
903362753549,-0.926876,-0.499240,-0.131401,-0.101635,0.084474,-0.010382,2.947606
903462771568,-1.782203,-0.617036,-0.275699,-0.123252,0.155161,-0.014362,3.094932
903562789588,-1.869680,-0.720641,-0.340275,-0.136370,0.153890,-0.009587,3.157274
903662807608,-1.148546,-0.732050,-0.399490,-0.108375,0.168260,0.002355,3.201940
903762825627,-0.837295,0.050307,-0.138312,-0.124394,0.188330,0.032177,3.385782
903862843647,-0.354163,0.093945,-0.266314,-0.127507,0.193334,0.025788,3.559839
903962861667,-0.917875,-1.210651,-0.558057,-0.119261,0.119193,0.005627,3.642129
904062879686,-2.040541,-1.629954,0.020454,-0.102336,0.066351,-0.067443,3.678578
904162897706,-1.983625,-1.325899,0.210190,-0.176520,0.134802,0.000079,3.824119
904262915726,-0.756123,-0.002842,0.192644,-0.188902,0.210447,0.026838,3.927832
904362933745,-0.397615,-0.306184,-0.026949,-0.128992,0.205868,-0.002027,4.000508
904462951765,-1.897074,-0.921521,0.190533,-0.133937,0.203752,0.039554,4.142018
904562969785,-1.244772,-0.916036,0.083386,-0.150754,0.180489,0.090453,4.303303
904662987804,-0.797373,-1.142880,-0.245940,-0.081563,0.118400,-0.003430,4.392605
904763005824,-1.335435,-0.678167,0.107746,-0.067395,0.070952,0.013491,4.517521
904863023844,-1.966787,-0.265528,0.116273,-0.068661,0.100123,0.019849,4.683989
904963041863,-2.162771,-0.059089,-0.290909,-0.090409,0.095074,0.028132,4.827655
905063059883,-1.818521,-0.132619,-0.502759,-0.043346,0.074899,-0.001231,4.918326
905163077903,-0.828964,-1.120289,0.273766,-0.009166,-0.000200,-0.059431,5.089361
905263095922,-0.032463,-1.005859,0.237731,-0.007519,0.029218,-0.059899,5.264035
905363113942,-0.180506,0.242957,-0.231711,-0.076831,0.100405,0.002833,5.359590
905463131962,-0.566630,0.522914,-0.744565,-0.160319,0.205589,0.119358,5.475840
905563149981,1.123059,-0.798760,-0.375949,-0.184521,0.210089,0.079133,5.585198
905663168001,1.361986,-1.432007,-0.208926,-0.122935,0.106964,0.070393,5.718422
905763186021,-0.797979,0.391220,-0.233815,0.086573,-0.077724,-0.061248,5.826265
905863204040,-0.496146,0.891382,-0.158958,0.109101,-0.145780,-0.149768,5.906265
905963222060,0.703082,0.032627,-0.083575,-0.036668,0.055498,-0.007472,5.977732
906063240080,1.825381,-1.051638,-0.179248,-0.187871,0.209998,0.162618,6.118412
906163258099,1.442361,-1.227947,0.392424,-0.019548,0.097500,0.100566,6.141128
906263276119,0.509477,-0.816767,0.282532,0.163395,-0.177005,-0.201688,6.138377
906363294139,-1.247074,1.115051,-0.383132,0.170282,-0.200459,-0.155358,6.103243
906463312158,-2.341213,1.953149,-0.346604,0.000825,0.021218,-0.029670,6.050379
906563330178,-0.711856,0.308019,-0.233880,-0.166194,0.190492,0.091571,6.074109
906663348198,1.377188,-1.501063,-0.144262,-0.037718,0.056826,0.000093,6.056694
906763366217,1.261709,-1.196596,0.009999,0.138609,-0.173081,-0.168886,6.103064
906863384237,-1.111581,1.265586,0.121081,0.151808,-0.213971,-0.190196,6.049212
906963402257,-1.325309,1.721258,0.006642,-0.118988,0.114763,0.046402,6.080593
907063420276,0.072106,0.085923,-0.322887,-0.187983,0.249321,0.175383,6.054600
907163438296,1.584142,-1.839730,-0.396323,-0.041483,0.066877,-0.007520,6.031905
907263456315,-0.512267,0.070172,-0.026848,0.135268,-0.126934,-0.118296,6.050235
907363474335,-1.874742,2.349572,-0.004303,0.052801,-0.061523,-0.007490,5.994999
907463492355,-1.065482,1.307851,-0.030145,-0.143104,0.136844,0.100303,6.025838
907563510374,0.695958,-0.241465,-0.220481,-0.181081,0.211084,0.142715,5.984903
907663528394,0.670334,-0.838183,-0.156292,-0.092808,0.092453,0.055545,5.967353
907763546414,-0.880665,0.214483,0.027211,0.032768,-0.048928,-0.025386,6.001413
907863564433,-0.651969,0.858190,0.018431,0.008184,-0.031247,-0.027038,5.978220
907963582453,0.035650,0.629207,0.268486,-0.091416,0.112320,0.052147,5.955180
908063600473,0.082500,0.054391,0.243180,-0.154121,0.129848,0.099606,5.923199
908163618492,-0.102430,0.121270,-0.059047,-0.099088,0.103527,0.045884,5.927671
908263636512,-0.004256,0.351312,0.085251,-0.099136,0.106860,0.001642,5.904293
908363654532,-0.103865,0.730122,0.173791,-0.113036,0.177414,0.081045,5.887779
908463672551,-0.483045,1.346594,-0.125424,-0.080720,0.105138,0.037492,5.918653
908563690571,-0.350275,0.760057,-0.143416,0.001771,0.000910,-0.039545,5.873256
908663708591,0.173848,-0.410033,0.279626,0.022129,-0.031476,-0.099082,5.848143
908763726610,-0.106959,0.218907,0.175588,-0.001197,0.000570,-0.024385,5.856544
908863744630,-0.819829,1.467049,0.179092,-0.060513,0.085730,0.020189,5.838932
908963762650,0.242970,0.368125,0.060151,-0.128920,0.128261,0.044639,5.846476
909063780669,0.907509,-0.053954,-0.044339,-0.100208,0.141484,0.030385,5.786254
909163798689,0.241504,-0.160258,-0.428647,-0.036772,0.026592,-0.015378,5.794492
909263816709,-0.256867,0.171908,-0.278100,-0.040239,0.031008,-0.028936,5.816272
909363834728,-0.084821,0.436906,0.084389,-0.076277,0.114989,0.014568,5.811814
909463852748,-0.863408,0.469407,0.221640,-0.024706,0.079872,-0.009170,5.745839
909563870768,-0.587523,-0.036232,-0.082332,0.037785,-0.047241,-0.050783,5.731953
909663888787,-0.033457,-0.433415,-0.297126,-0.009456,-0.009286,-0.058585,5.767361
909763906807,-0.624445,0.314621,-0.319650,-0.112457,0.085086,-0.029856,5.756390
909863924827,-0.996551,0.458503,0.062772,-0.099486,0.089994,0.057770,5.741102
909963942846,-1.652633,0.025510,0.180285,-0.061837,0.120546,-0.001764,5.736092
910063960866,-1.900253,-0.314239,-0.079313,-0.014925,0.047997,-0.000895,5.729447
910163978886,-2.219188,0.503202,0.158192,-0.054880,0.087070,0.032666,5.768531
910263996905,-1.874352,0.290913,0.304594,-0.133080,0.198980,0.132223,5.785545
910364014925,-0.606150,0.174303,0.593806,-0.158093,0.192013,0.076638,5.814663
910464032945,0.429620,0.062674,0.014046,-0.047700,0.051083,0.021972,5.854222
910564050964,-0.211456,1.630590,-0.608695,-0.003535,-0.050916,0.000167,5.875007
910664068984,-0.456712,1.498363,-0.235969,-0.153313,0.013068,0.014404,5.913280
910764087004,0.420661,0.280980,0.384833,-0.198888,0.132703,0.148140,5.967192
910864105023,-0.521660,1.114449,0.038269,-0.140284,0.083309,0.021436,6.049091
910964123043,-2.283441,0.172307,0.091269,-0.094583,0.126968,-0.024981,6.134653
911064141062,-3.131712,-0.096161,0.428005,0.032071,0.013129,-0.084522,6.186752
911164159082,-1.666127,0.003275,-0.336048,0.012673,-0.013907,-0.034916,6.287862
911264177102,-0.262976,0.437262,0.107830,-0.131807,0.043946,-0.007451,6.338192
911364195121,-1.653901,1.415672,0.726157,-0.237399,0.289486,0.152917,6.414140
911464213141,-2.461198,3.507984,0.324703,-0.149638,0.268754,0.049075,6.502309
911564231161,-0.401250,-0.911286,-0.073820,0.063968,-0.015139,-0.072574,6.608880
911664249180,1.376511,-3.999221,0.174056,0.310079,-0.259142,-0.289079,6.702076
911764267200,-0.302272,-1.526527,0.530774,-0.015736,0.032297,-0.043673,6.774590
911864285220,-1.703864,2.295627,-0.221016,-0.307374,0.322972,0.184377,6.848214
911964303239,-2.580455,3.286443,-0.424393,-0.327309,0.354241,0.201876,6.988781
912064321259,0.479669,-1.730277,-0.013005,-0.137723,0.246778,0.083396,7.106618
912164339279,2.033065,-3.337936,-0.655281,0.091647,-0.104689,-0.049482,7.180731
912264357298,0.964021,-1.662514,-0.221806,-0.032290,-0.048058,-0.136451,7.349804
912364375318,-0.389421,0.492852,-0.189438,-0.193754,0.254131,0.132011,7.421595
912464393338,-2.138585,2.188635,0.242093,-0.244059,0.345216,0.092209,7.512282
912564411357,-2.111552,3.529573,-0.081181,0.071318,-0.067553,-0.215517,7.640326
912664429377,-0.863816,0.635387,-0.886913,0.080378,-0.201675,-0.186986,7.763734
912764447397,1.661799,-2.503537,-0.510377,-0.102696,0.001312,-0.064744,7.872799
912864465416,0.743682,-0.682281,-0.265690,-0.326868,0.377153,0.168741,7.933125
912964483436,-0.772834,1.555759,0.162092,-0.129865,0.188970,-0.017633,7.985635
913064501456,-0.491989,0.923968,0.323976,0.093300,-0.040838,-0.090882,8.090796
913164519475,0.309874,-0.904607,-0.350155,0.075457,-0.102337,-0.086993,8.181570
913264537495,0.783444,-0.844427,-0.350221,0.000804,-0.014291,-0.019896,8.167389
913364555515,-0.231345,-0.141504,-0.151763,-0.018273,0.012754,0.031385,8.240255
913464573534,-1.056014,1.251086,0.236746,0.093792,-0.121051,-0.068587,8.320464
913564591554,0.274116,0.026719,0.311448,0.222460,-0.239546,-0.181435,8.281747
913664609574,1.532751,-2.470689,-0.182127,0.260664,-0.280972,-0.191922,8.279762
913764627593,1.179997,-1.469884,0.432982,0.084590,-0.059244,0.002825,8.355140
913864645613,-0.306177,0.694676,0.592440,-0.078003,0.106567,0.125926,8.365430
913964663633,-0.515295,0.198474,-0.317199,0.072100,0.017643,0.008958,8.374430
914064681652,1.055284,-0.580490,-0.572900,0.295730,-0.270908,-0.188395,8.320711
914164699672,1.274746,-2.513008,-0.326276,0.156332,-0.192157,-0.049765,8.334783
914264717692,0.849168,-2.464246,-0.607668,-0.033157,0.189814,0.075413,8.290216
914364735711,-0.714742,1.886318,0.394355,-0.176888,0.395906,0.268850,8.260102
914464753731,0.664079,-1.443986,0.110139,-0.284621,0.298816,0.264276,8.285685
914564771751,3.078689,-5.529271,0.130614,0.269291,-0.238210,-0.220021,8.282731
914664789770,2.729397,-2.878589,1.074300,0.413845,-0.504836,-0.270725,8.252324
914764807790,0.187227,1.407880,1.217852,0.208631,-0.473417,-0.111606,8.234779
914864825809,0.696163,-0.024946,0.615990,0.208510,-0.210088,-0.063174,8.226182
914964843829,2.509118,-4.214430,-0.000311,-0.176868,0.215245,0.258739,8.226298
915064861849,-0.169055,0.892560,0.223323,-0.262033,0.301999,0.332690,8.204633
915164879868,-0.651701,2.515632,-0.082349,-0.080575,0.036968,0.137743,8.218617
915264897888,0.918905,-3.554084,-1.507560,0.248815,-0.321072,-0.141234,8.270011
915364915908,1.039522,-3.497493,-1.748938,0.275021,-0.320667,-0.108838,8.257542
915464933927,-1.001770,-0.355586,-1.833715,0.300336,-0.113915,-0.079276,8.260743
915564951947,-0.787451,-2.603925,-2.014482,0.185616,-0.311915,-0.092212,8.268156
915664969967,-0.273500,-1.920360,-1.296261,0.101334,-0.220370,0.077290,8.344616
915764987986,-2.621653,1.666113,-0.254377,-0.080580,0.060146,0.225080,8.417453
915865006006,-0.660350,-0.495537,-0.417580,-0.169469,0.175442,0.089986,8.409331
915965024026,-1.265769,-1.239234,-0.213454,-0.127835,0.144529,0.079181,8.438377
916065042045,-3.038974,-0.391686,0.187662,-0.196465,0.196105,0.203901,8.487128
916165060065,-1.053835,-1.531408,-0.058742,-0.079058,0.038107,0.110762,8.553159
916265078085,0.317931,0.306752,-0.059727,0.180762,-0.158004,0.020929,8.611662
916365096104,-0.826323,3.164449,-0.647675,0.366874,-0.368601,-0.254122,8.657349
916465114124,-1.663628,0.155402,-1.243798,0.297438,-0.509100,-0.213868,8.748479
916565132144,0.511869,-3.446415,-1.175520,-0.055881,0.106474,0.143938,8.737507
916665150163,-0.287043,-0.610370,-0.025594,-0.342748,0.440262,0.300156,8.739318
916765168183,-2.624468,3.342393,0.680993,-0.156686,0.260554,0.140931,8.809126
916865186203,-0.557695,2.690342,-0.130733,0.210959,-0.054310,-0.065789,8.854895
916965204222,3.467924,-2.637962,-0.547517,0.242881,-0.247493,-0.159734,8.983973
917065222242,4.772401,-4.744072,0.056537,-0.167089,0.083025,0.075176,9.026496
917165240262,-0.076763,0.168587,0.161905,-0.491673,0.477113,0.499607,9.065924
917265258281,-2.704638,3.100208,0.170083,-0.404450,0.546255,0.318815,9.106107
917365276301,-0.826267,0.799322,0.163205,0.174015,-0.137197,-0.292896,9.147688
917465294321,2.447038,-3.045345,0.110696,0.366260,-0.353333,-0.301495,9.177719
917565312340,0.323902,0.522638,0.760356,0.030528,-0.187399,-0.058656,9.247931
917665330360,-2.096057,2.713789,0.482553,-0.141758,0.209830,0.143522,9.287207
917765348380,-0.283242,1.376795,-0.406419,-0.111229,0.248046,0.153240,9.273663
917865366399,1.742080,-1.045023,-0.091173,0.064640,0.015591,-0.080482,9.316567
917965384419,2.611477,-1.434045,0.036649,0.190720,-0.189516,-0.249027,9.286496
918065402439,0.995762,0.472981,-0.109987,0.058909,-0.135907,-0.034935,9.308978
918165420458,-1.995507,1.855425,-0.342243,-0.152771,0.159605,0.211687,9.322588
918265438478,-0.328172,0.211660,-1.314388,-0.150713,0.345041,0.121498,9.382983
918365456497,2.482782,-3.204127,-1.420185,0.043733,-0.061844,-0.044367,9.333795
918465474517,-0.270111,-0.252397,-0.672645,0.291370,-0.451349,-0.241425,9.303439
918565492537,-3.430498,4.390855,-0.491513,0.053370,-0.138104,-0.017886,9.322208
918665510556,-1.959980,3.389792,0.176004,-0.397721,0.439282,0.321428,9.320777
918765528576,2.799422,-2.497978,-0.081758,-0.444564,0.528590,0.440121,9.246865
918865546596,3.909277,-4.327902,-0.061496,-0.109979,0.107194,0.092597,9.232213
918965564615,-0.236623,1.626840,-0.280347,0.311171,-0.308601,-0.337426,9.228955
919065582635,1.283386,-0.059703,-0.285439,0.054335,-0.160498,-0.112474,9.213824
919165600655,1.634631,-2.479406,-0.727987,-0.197859,0.155943,0.220387,9.202164
919265618674,-0.428854,-0.526624,-0.885488,-0.125382,0.318516,0.066578,9.159231
919365636694,-1.692346,0.974004,-0.984679,0.091427,0.108561,-0.137194,9.160038
919465654714,-1.685730,0.895356,-1.244423,0.210319,-0.098372,-0.141668,9.178224
919565672733,-0.212734,-1.916482,-1.297007,0.149451,-0.333488,-0.091145,9.156405
919665690753,0.493744,-0.635422,-0.638009,0.210153,-0.183988,-0.201601,9.123896
919765708773,0.409419,0.084449,-1.006707,-0.028622,0.016887,-0.032764,9.127031
919865726792,0.981187,-0.468988,-1.002334,-0.183477,0.367197,0.177364,9.063598
919965744812,2.669580,-1.848671,-0.015198,-0.268099,0.300361,0.209506,9.044111
920065762832,3.040548,-0.786349,-0.180503,-0.040822,-0.018338,0.095802,9.057622
920165780851,1.499656,1.074920,-0.741050,0.300817,-0.310458,-0.127906,9.044286
920265798871,3.120893,0.224764,-0.851490,0.210869,-0.314517,-0.130926,9.039949
920365816891,4.992704,-0.181002,-0.294995,0.097841,-0.101249,-0.011030,9.028781
920465834910,5.520164,-0.058011,0.079422,-0.073343,0.015755,0.126821,9.044438
920565852930,3.258795,1.408360,0.083059,0.097060,-0.159969,-0.068460,9.005258
920665870950,2.635559,1.237693,-0.103538,0.223384,-0.295943,-0.064486,8.926192
920765888969,2.833577,0.367131,0.379660,0.179235,-0.210756,-0.101958,8.821286
920865906989,5.039500,-2.336346,-0.750819,0.057914,-0.091467,0.065006,8.690672
920965925009,3.896039,-1.111202,-0.379671,0.029699,-0.026248,0.185189,8.449410
921065943028,1.194650,1.086410,0.444901,0.144377,-0.220930,0.019262,8.167546
921165961048,0.905808,0.269396,0.865163,0.355886,-0.421724,-0.124613,7.885900
921265979068,3.182396,-2.101580,-0.328978,0.370944,-0.485467,-0.239740,7.599016
921365997087,3.447199,-1.746160,0.264531,0.211234,-0.291039,-0.072368,7.290470
921466015107,2.061511,0.458248,0.315661,0.160611,-0.052390,0.234275,6.991234
921566033127,-0.168170,1.572086,0.784317,0.215638,-0.372575,0.073158,6.777498
921666051146,1.055296,-1.240453,0.050680,0.391876,-0.416905,-0.136757,6.580632
921766069166,1.661553,-1.090052,-0.342364,0.336501,-0.289469,-0.068576,6.395664
921866087186,4.111994,-2.507195,-1.375260,0.246281,-0.183753,-0.017676,6.181640
921966105205,4.038047,-1.701638,-0.708164,0.331124,-0.345930,0.020172,6.065036
922066123225,2.603015,-0.827771,0.189001,0.427126,-0.485192,-0.071940,6.022968
922166141244,3.283453,-0.395452,-0.039310,0.416423,-0.481831,-0.073117,5.960770
922266159264,4.175519,-1.431914,-0.533866,0.456774,-0.489737,-0.105684,5.912579
922366177284,3.149109,-0.562076,0.302182,0.487098,-0.418956,-0.059449,5.850743
922466195303,3.485727,0.052027,0.088208,0.435952,-0.444743,-0.007941,5.844859
922566213323,3.201955,-0.662270,0.058096,0.435558,-0.437922,-0.023332,5.831825
922666231343,4.203751,-0.912236,-0.446951,0.560641,-0.499587,-0.046443,5.754505
922766249362,4.707258,-0.282790,-0.462016,0.570837,-0.567134,-0.141505,5.721663
922866267382,3.888612,-0.762589,0.073335,0.399812,-0.399638,-0.053118,5.690099
922966285402,1.161859,0.221476,0.535404,0.251489,-0.163943,0.147423,5.634854
923066303421,1.851699,0.665024,0.767352,0.289650,-0.244569,0.145973,5.559379
923166321441,5.139664,-1.391168,0.421892,0.566245,-0.617870,-0.082692,5.582694
923266339461,4.327350,-1.089156,-0.457115,0.743588,-0.749410,-0.319255,5.565768
923366357480,0.698931,-0.445432,-0.363531,0.279655,-0.170868,0.016430,5.460389
923466375500,0.136171,-0.208675,-0.526266,0.025624,0.141302,0.318103,5.521491
923566393520,3.286731,0.067477,-0.478145,0.075877,0.025769,0.225183,5.489606
923666411539,4.198614,-0.856352,-0.468147,0.265666,-0.319853,-0.005293,5.383300
923766429559,1.781485,-2.328849,-0.086025,0.259195,-0.370859,-0.043066,5.390969
923866447579,0.898541,-2.356773,-0.337214,0.201920,-0.283033,-0.042537,5.448211
923966465598,0.605640,-0.779538,0.039047,0.149369,-0.074106,0.039854,5.435743
924066483618,1.191866,-0.563005,0.021071,0.031677,0.018513,0.119109,5.427387
924166501638,0.358591,-1.185604,-0.188430,0.062050,-0.095485,0.086251,5.517563
924266519657,-1.690750,-0.442177,0.040171,0.219231,-0.252807,-0.106503,5.541155
924366537677,1.160399,0.369161,-0.152785,0.326705,-0.229704,-0.146169,5.604857
924466555697,3.273804,-0.103045,0.126933,0.280907,-0.302174,-0.203545,5.568733
924566573716,0.291319,-1.726048,0.679711,-0.105441,0.015309,0.045960,5.659729
924666591736,-3.746212,-1.747005,0.508102,-0.325922,0.368091,0.326333,5.846529
924766609756,-1.462962,-2.201594,-0.179919,-0.118433,0.169550,0.058183,5.971335
924866627775,1.078181,-3.744875,0.010347,0.116790,-0.152768,-0.049227,6.047659
924966645795,-1.393062,-2.118123,-0.552971,0.352558,-0.301983,-0.063300,6.177929
925066663815,-4.562687,-1.329357,-0.607943,0.185567,-0.190918,-0.141490,6.288053
925166681834,0.750270,-1.172590,-1.368722,-0.173724,0.067797,0.118047,6.448734
925266699854,4.899439,-0.054776,-0.501072,-0.582353,0.599796,0.451437,6.540383
925366717874,-3.187966,1.485042,0.360811,-0.401770,0.381676,0.260843,6.695202
925466735893,-8.925647,1.418529,1.154756,0.216056,-0.379016,-0.325587,6.824690
925566753913,0.419404,-0.504679,0.135682,0.612900,-0.654196,-0.416192,6.906736
925666771933,6.324058,-1.059490,-1.101478,0.420594,-0.382147,-0.385531,6.975715
925766789952,1.416376,-0.407811,-0.234704,-0.556085,0.693399,0.316419,7.117166
925866807972,-10.008548,3.250963,0.690161,-0.725161,1.020870,0.727673,7.273259
925966825991,-3.021751,1.029291,-0.148184,-0.257046,0.337659,0.091522,7.384596
926066844011,6.409283,-0.361760,-0.470185,0.423128,-0.517512,-0.459199,7.438021
926166862031,7.477659,0.170599,0.179433,-0.143495,0.061319,0.088466,7.431616
926266880050,-2.824643,3.904707,1.195210,-0.661785,0.778965,0.542717,7.469128
926366898070,-7.552046,5.356971,1.078603,-0.336536,0.631660,0.338027,7.556798
926466916090,-5.474914,3.393451,0.390349,0.092034,-0.166907,-0.179908,7.574205
926566934109,-2.465880,2.854671,0.370972,-0.029176,-0.038869,-0.046559,7.571035
926666952129,2.974868,0.410527,0.056777,-0.131851,0.131588,0.025037,7.499408
926766970149,1.193546,-0.282314,0.149400,0.399461,-0.513092,-0.433176,7.434221
926866988168,-5.521346,1.979045,-0.196965,0.267996,-0.325251,-0.334852,7.361758
926967006188,-6.695365,3.271126,-0.435247,-0.461853,0.369291,0.289538,7.288199
927067024208,0.538336,3.020368,-1.401443,-0.613452,0.741935,0.523861,7.229806
927167042227,3.948300,1.218586,-0.858291,0.133501,0.021325,-0.211184,7.130190
927267060247,3.639334,-0.269779,0.888880,0.243498,-0.295084,-0.469060,6.886770
927367078267,-0.228468,0.605810,0.813072,-0.026426,-0.043121,0.012103,6.723965
927467096286,-0.049507,2.078606,0.948923,-0.121825,0.208529,0.098591,6.561472
927567114306,1.869074,0.697241,0.679031,-0.190141,0.429023,0.269733,6.560144
927667132326,-0.281249,2.359385,0.273010,-0.090269,0.359541,0.208199,6.475494
927767150345,-5.318995,3.944186,0.637779,0.199756,-0.142259,-0.187279,6.417583
927867168365,-4.816056,2.324930,0.298008,0.290903,-0.448481,-0.427806,6.336342
927967186385,2.573770,-0.620160,-0.647486,-0.410239,0.321461,0.189320,6.259432
928067204404,6.819464,-4.182270,-0.970763,-0.636515,0.792822,0.611373,6.195935
928167222424,-0.856089,-1.071346,-0.615783,-0.345303,0.465329,0.348319,6.237190
928267240444,-6.998336,1.935857,-0.307523,0.206546,-0.117561,-0.184845,6.223602
928367258463,-6.562333,2.083699,-0.320463,0.168340,-0.326800,-0.217850,6.238376
928467276483,3.104908,-0.533256,-0.317582,-0.236341,0.086168,0.054495,6.299093
928567294503,1.440654,0.109705,-0.065397,-0.515748,0.482833,0.374091,6.161858
928667312522,-3.385066,2.157518,0.265369,-0.448135,0.498118,0.311700,6.043865
928767330542,-3.885219,2.880445,0.325005,-0.000364,-0.051193,-0.066710,6.020522
928867348562,1.755630,-0.223712,-0.255624,0.291409,-0.293280,-0.340858,5.992698
928967366581,4.831057,-2.250701,-0.095394,0.031388,-0.085708,-0.120819,6.066828
929067384601,-0.552679,0.339867,0.248876,-0.350618,0.297092,0.191292,6.057789
929167402621,-1.907471,-0.813915,-0.097548,-0.322245,0.407053,0.254766,6.007405
929267420640,0.226441,-1.597586,-0.928686,-0.028487,0.064356,-0.102430,5.940314
929367438660,2.276367,-1.198784,-0.599931,0.110455,-0.171418,-0.167882,6.012424
929467456680,-0.059116,0.364265,0.478021,-0.096277,0.073454,0.043916,6.101786
929567474699,-3.444231,1.497958,-0.032053,-0.166880,0.228022,0.168426,6.188857
929667492719,-2.056283,2.517245,-1.758584,0.022426,0.016878,-0.010719,6.218299
929767510738,1.483651,0.350923,-1.440850,0.279654,-0.149522,-0.291314,6.217695
929867528758,-0.034315,-0.209992,0.252891,0.092949,-0.338426,-0.172076,6.276768
929967546778,-4.133053,1.475324,0.852638,-0.329990,0.235345,0.052724,6.386807
930067564797,-7.282586,2.789017,0.567213,-0.798738,0.812216,0.676925,6.484104
930167582817,-3.748417,0.400149,0.374431,-0.392965,0.537309,0.333728,6.547801
930267600837,3.841942,-3.377175,0.413981,0.326835,-0.114303,-0.120295,6.683301
930367618856,0.419210,-0.950100,0.194113,0.512355,-0.513205,-0.408211,6.808934
930467636876,-7.157400,3.772326,-0.397739,-0.130338,-0.020024,0.047085,6.912963
930567654896,-6.790651,1.505825,-0.240027,-0.724462,0.698997,0.646860,6.861060
930667672915,0.908996,-2.329097,-0.269658,-0.612822,0.581496,0.511568,6.885041
930767690935,3.382883,-1.501711,0.195264,0.172464,-0.186878,-0.146561,6.979665
930867708955,1.054769,-0.239368,0.481504,0.140216,-0.169648,-0.185191,7.119651
930967726974,-3.222116,1.945945,0.431305,-0.204556,0.289522,0.242593,7.322261
931067744994,1.338673,-0.482731,-0.168547,-0.423174,0.535275,0.272326,7.450908
931167763014,4.226879,-1.277873,-0.162738,-0.111244,0.186599,0.029070,7.508549
931267781033,-1.008937,0.667728,0.130525,0.115455,-0.156767,-0.214370,7.533788
931367799053,-2.865720,0.964667,0.050778,0.193073,-0.189947,-0.154381,7.543032
931467817073,-1.221173,0.182999,0.403568,0.060152,-0.014365,-0.071231,7.639944
931567835092,-2.389117,1.316452,0.356792,0.055634,-0.042471,-0.093619,7.785999
931667853112,-2.933722,0.570701,-0.314870,-0.034361,0.033505,-0.037779,7.933030
931767871132,0.347723,-0.246773,-0.453140,-0.076222,0.206383,0.036439,7.979246
931867889151,-0.114060,0.937777,0.448476,-0.378743,0.319132,0.097092,8.031314
931967907171,-3.094009,2.613185,1.208939,-0.193164,0.264935,-0.025973,8.102892
932067925191,-1.592377,1.838088,0.567503,-0.056489,0.230463,-0.086700,8.215378
932167943210,3.457614,0.086165,0.332694,-0.130686,0.204191,0.081305,8.269568
932267961230,2.649481,-0.096868,1.030368,-0.364741,0.299548,0.247072,8.332767
932367979250,-1.288796,1.422088,1.037956,-0.243493,0.379899,0.213592,8.432700
932467997269,-4.017968,3.612193,1.378776,0.301992,-0.272843,-0.308746,8.531542
932568015289,1.641830,0.497443,0.109879,0.440212,-0.421506,-0.443895,8.542296
932668033309,6.249489,-1.871022,-0.534725,-0.000938,-0.156620,-0.114525,8.520772
932768051328,-0.612882,1.528237,0.158053,-0.278177,0.270419,0.068040,8.574923
932868069348,-1.222477,2.112487,0.149988,-0.450815,0.429447,0.341075,8.522696
932968087368,2.299696,-0.421863,-0.187182,-0.229266,0.218940,0.174959,8.515639
933068105387,2.286083,-1.747799,-0.242094,0.119260,-0.207625,-0.068361,8.536054
933168123407,-0.043627,-0.907348,0.112438,0.486962,-0.505870,-0.423749,8.524697
933268141427,-3.438653,1.215687,0.545124,-0.030010,-0.016514,0.065425,8.530359
933368159446,-2.621622,2.172008,0.803460,-0.275411,0.500240,0.198575,8.560535
933468177466,3.330848,-0.887829,-0.759574,-0.231013,0.403545,0.287965,8.513425
933568195485,5.681520,-1.894025,-0.546363,-0.044768,-0.133961,0.004459,8.428145
933668213505,0.820069,0.515622,1.053897,0.102900,-0.434497,-0.194871,8.428965
933768231525,-1.073033,0.545829,0.514646,0.017845,-0.152546,-0.007870,8.469237
933868249544,1.350601,0.930234,-0.159978,-0.048352,0.157382,0.074016,8.384310
933968267564,2.251121,-1.728549,0.711322,-0.189718,0.180370,0.266514,8.349888
934068285584,0.593234,0.812172,0.766747,0.074946,-0.040417,0.014571,8.343429
934168303603,0.887877,1.935263,0.854032,0.143629,-0.149514,-0.079866,8.315477
934268321623,1.282518,0.335397,0.267768,0.122981,-0.084295,-0.001211,8.297409
934368339643,-0.558557,0.648948,0.766536,0.053654,-0.000897,0.012838,8.215298
934468357662,-0.795817,1.131702,0.278417,0.261097,-0.331523,-0.228242,8.194079
934568375682,2.996964,-0.324096,-0.193187,0.266445,-0.371777,-0.238874,8.219535
934668393702,1.480657,0.143334,0.638707,-0.044453,-0.041875,0.087996,8.218366
934768411721,-0.802893,1.242465,0.487457,-0.161488,0.201524,0.211468,8.199636
934868429741,-2.320541,0.799570,0.298538,0.069828,-0.060637,0.036488,8.178609
934968447761,1.035797,-0.376292,0.248717,0.309904,-0.332337,-0.279564,8.243815
935068465780,4.198629,-1.495027,-0.438771,0.258626,-0.251803,-0.197759,8.213994
935168483800,1.143581,-0.806834,-0.529051,-0.032768,0.152711,0.045719,8.174727
935268501820,-3.451781,0.749160,-0.257734,-0.317961,0.386101,0.311100,8.196640
935368519839,-4.020204,1.356342,-0.314179,0.018840,0.083419,0.033238,8.207557
935468537859,1.094474,-1.226024,-0.587061,0.286383,-0.329471,-0.234574,8.234360
935568555879,1.453063,-0.548714,-0.560535,0.296043,-0.413024,-0.272310,8.190767
935668573898,-2.072778,0.895614,0.731039,-0.023548,0.029564,-0.027931,8.228812
935768591918,-1.487555,1.978075,0.864924,-0.077099,0.323912,0.182124,8.218996
935868609938,2.774028,0.353418,-0.240722,-0.134622,0.320695,0.212395,8.205113
935968627957,6.871111,-0.545781,-1.240748,0.088216,-0.204206,0.002068,8.240687
936068645977,0.988485,2.487636,0.059244,0.395114,-0.403147,-0.334552,8.229988
936168663997,-1.408956,0.273397,0.217954,0.217619,-0.487285,-0.185163,8.235222
936268682016,3.844015,-1.534826,-0.801038,0.101354,-0.206957,-0.043723,8.179906
936368700036,2.225971,0.329508,0.480457,-0.116153,0.300295,0.229467,8.202636
936468718056,-1.028251,1.844720,0.074538,-0.047876,0.247782,0.155816,8.186216
936568736075,-1.238114,1.972686,0.148415,0.047737,-0.064412,-0.096626,8.227054
936668754095,-0.682347,1.305369,1.069407,0.069067,-0.087169,-0.102737,8.264966
936768772115,0.833342,-0.801287,0.512677,-0.017314,-0.051545,-0.095338,8.166842
936868790134,1.830222,0.161860,-0.306841,-0.144433,0.130747,0.081845,8.113121
936968808154,-0.270693,2.246305,0.167266,-0.122025,0.153399,0.092631,8.094900
937068826174,-0.939735,1.657820,0.731145,0.005180,-0.079955,0.034790,8.088629
937168844193,1.690989,-0.655146,-0.429014,0.226600,-0.356835,-0.264252,8.185271
937268862213,1.963142,-0.484762,0.082174,0.001425,-0.059075,0.041443,8.097477
937368880232,0.053350,0.855281,0.296020,-0.147284,0.217878,0.187602,8.020070
937468898252,-1.039730,2.395559,-0.387226,-0.147664,0.099247,0.157357,7.941707
937568916272,0.160865,1.700408,0.646405,-0.010999,-0.181905,-0.119955,7.881093
937668934291,0.839233,0.308013,1.113366,-0.106224,0.072166,-0.029341,7.853503
937768952311,4.005175,-2.309950,-0.375067,-0.278452,0.427501,0.366599,7.854606
937868970331,3.375828,-0.559813,0.142812,-0.232336,0.429439,0.358933,7.779314
937968988350,1.376866,1.210642,0.444739,0.051879,0.188579,0.135939,7.716294
938069006370,-3.831447,3.435688,1.125237,0.390159,-0.527848,-0.270347,7.724591
938169024390,2.455810,1.681265,0.473567,0.328492,-0.463553,-0.369307,7.712606
938269042409,6.398572,-1.734413,0.130860,-0.127554,0.127683,0.078040,7.643602
938369060429,4.217546,-1.277263,0.893098,-0.543366,0.380751,0.503036,7.585867
938469078449,-3.895716,1.378216,1.063903,0.104458,-0.146541,-0.183191,7.497301
938569096468,-5.782159,1.830511,0.155054,0.412875,-0.328980,-0.370606,7.591717
938669114488,-2.338113,-0.015903,-1.017611,0.029135,-0.133082,-0.134376,7.647545
938769132508,1.750367,-2.188870,-1.769319,-0.180492,0.111323,0.209974,7.608345
938869150527,2.242145,-2.156588,-0.820405,-0.361380,0.358189,0.500635,7.524650
938969168547,-4.474006,0.686619,-0.444553,-0.264553,0.258964,0.176096,7.473481
939069186567,-1.985598,-1.095382,-0.681855,0.081294,-0.124290,-0.068886,7.418918
939169204586,-0.198469,-1.494006,0.721263,0.353493,-0.419235,-0.375726,7.477129
939269222606,1.224513,-1.247220,-1.257635,0.009121,0.103268,-0.017028,7.527135
939369240626,2.550039,-2.646200,-1.430387,-0.217953,0.347304,0.247801,7.577549
939469258645,0.367585,-0.807971,-0.309992,-0.147302,0.137278,0.021098,7.628111
939569276665,-1.753620,1.605473,1.032594,0.125614,-0.190152,-0.133563,7.640597
939669294685,-2.893415,0.634530,0.966135,0.025388,-0.025311,-0.003240,7.644235
939769312704,0.535245,-1.090527,-0.472007,-0.032007,0.155736,0.118758,7.706375
939869330724,2.601931,-0.263663,-0.970604,-0.112196,0.014646,0.162730,7.818949
939969348744,2.105397,0.071844,-0.791089,-0.070454,-0.160147,0.033938,7.941511
940069366763,1.889746,-1.280568,0.360486,-0.258440,0.194454,0.227812,8.072534
940169384783,-3.153082,2.048551,0.650704,-0.385929,0.550661,0.365148,8.126417
940269402803,-3.646371,0.942891,-0.265664,-0.381632,0.536321,0.343213,8.143126
940369420822,2.312646,-1.141242,-0.321293,-0.023152,0.153365,-0.012420,8.263950
940469438842,0.953427,-0.826078,0.379116,0.423583,-0.597214,-0.437126,8.379617
940569456862,-5.518254,-0.076263,0.300347,0.383946,-0.388735,-0.328167,8.483108
940669474881,-4.763293,-0.781463,-0.579015,-0.071127,0.006943,0.191964,8.579989
940769492901,0.703053,-1.963805,-1.687756,-0.247209,0.216611,0.142314,8.612109
940869510921,2.447390,-1.113097,-2.071790,-0.271536,0.099323,0.024965,8.757159
940969528940,-2.007665,2.161915,-0.081178,-0.037851,-0.014762,0.023414,8.893778
941069546960,-0.362366,0.387694,0.249862,0.107614,-0.094836,-0.157048,8.921088
941169564979,1.062332,-1.034531,0.068951,0.205247,-0.124078,-0.151678,9.044106
941269582999,2.706483,-1.821123,-0.849066,-0.038040,0.195123,0.101668,9.137933
941369601019,-0.159882,0.536543,0.087899,-0.065117,0.229705,0.165073,9.229434
941469619038,-1.540534,3.011182,1.122417,-0.168163,0.114993,0.022801,9.340653
941569637058,0.967341,1.446147,-0.003607,0.018704,-0.078244,0.013312,9.455083
941669655078,2.792996,-0.918469,0.221524,-0.060564,0.054145,0.072705,9.512251
941769673097,2.440214,-1.307679,-0.300374,-0.221093,0.296453,0.185370,9.540137
941869691117,-0.270274,-1.348850,0.717984,-0.082465,0.254352,0.160140,9.621231
941969709137,-4.496023,1.549624,0.868739,0.268424,-0.144448,-0.120155,9.655186
942069727156,-2.837254,2.029306,0.488853,0.229739,-0.349061,-0.163092,9.695817
942169745176,1.081558,0.065140,-0.443961,-0.002717,-0.025283,0.017068,9.720611
942269763196,1.194892,0.333664,-0.606474,-0.229541,0.223517,0.128542,9.719819
942369781215,-0.994225,3.164136,0.351919,-0.202303,0.220387,0.158351,9.713791
942469799235,0.231029,1.989943,-0.661534,0.063190,-0.086539,0.050206,9.726680
942569817255,7.406563,-1.652171,-0.167708,0.645306,-0.696093,-0.527213,9.725298
942669835274,7.623168,-1.407641,-1.274244,0.766306,-0.861030,-1.001067,9.775679
942769853294,-5.831203,1.575711,0.271580,-0.243206,0.175747,0.062997,9.765515
942869871314,-8.139622,2.759581,0.992282,-0.447322,0.530305,0.263432,9.728597
942969889333,-0.466845,0.055872,-0.368709,-0.060821,0.057025,0.018856,9.638516
943069907353,3.392606,-0.387420,-0.334515,0.212355,-0.255886,-0.174288,9.583693
943169925373,3.533511,-1.069146,0.504912,0.352791,-0.300299,-0.179466,9.627444
943269943392,-0.487788,0.564279,0.491769,0.080672,-0.079467,0.010520,9.571702
943369961412,-3.717580,2.123071,1.306541,-0.214157,0.372642,0.299808,9.533780
943469979432,-2.431378,1.738858,0.963595,-0.305729,0.390650,0.303851,9.460604
943569997451,2.158578,-1.291403,-0.820586,-0.021505,-0.012704,0.054744,9.449638
943670015471,2.262143,-0.964665,-0.514098,0.116338,-0.124227,-0.093117,9.397764
943770033491,-0.414463,-0.425167,-0.000078,-0.038800,0.062424,-0.043822,9.349573
943870051510,-3.049036,1.823416,0.500904,-0.244769,0.329443,0.189886,9.376388
943970069530,0.429382,0.726196,0.008750,-0.239525,0.297274,0.180033,9.305720
944070087550,3.758923,-0.647972,-0.351748,0.190050,-0.240241,-0.205450,9.345985
944170105569,4.362349,-0.627051,-0.636444,0.339884,-0.432651,-0.332574,9.310925
944270123589,6.100020,-1.283224,-1.655812,0.149212,-0.180914,-0.143409,9.198575
944370141609,0.691637,0.947941,-0.315658,-0.210241,0.281627,0.140135,9.142598
944470159628,-4.220014,3.037992,0.409158,-0.180634,0.295432,0.095332,9.163512
944570177648,-2.239286,1.238396,-1.007518,0.187557,-0.044357,-0.176961,9.046867
944670195668,0.806909,0.214081,-1.541731,0.043056,-0.124209,-0.401932,8.972251
944770213687,7.423400,-3.078817,-0.869813,-0.502588,0.303826,0.403941,8.952772
944870231707,6.737170,-3.362783,-0.103388,-0.250888,0.345844,0.385359,8.891090
944970249726,-6.737647,1.991358,0.735875,0.495412,-0.368875,-0.234561,8.805866
945070267746,-10.299789,5.949221,1.086653,0.988925,-0.867478,-0.765549,8.762433
945170285766,-3.020798,3.290838,-0.397381,0.713032,-0.835539,-0.589482,8.674171
945270303785,5.133848,-2.805898,-2.135858,-0.269424,0.249978,0.216506,8.684916
945370321805,-0.195031,-1.103730,-0.730424,-0.707321,0.573286,0.612762,8.647631
945470339825,-6.083946,2.873995,0.964838,-0.251928,0.346236,0.208268,8.538113
945570357844,-2.324226,1.951632,0.282915,0.318932,-0.101886,-0.252493,8.417515
945670375864,3.387995,-1.029606,-1.124487,0.378669,-0.306315,-0.279321,8.440396
945770393884,2.480048,-0.637747,-0.857369,0.208937,-0.177286,-0.162875,8.550841
945870411903,-1.099431,1.348715,-0.970101,-0.060278,-0.099959,0.072526,8.542546
945970429923,0.729019,0.878991,-1.210504,-0.203786,0.272858,0.293205,8.353488
946070447943,3.856875,-1.557810,-1.061558,0.047139,-0.001498,0.048553,8.138309
946170465962,5.530784,-2.899591,-0.606187,0.427833,-0.645785,-0.315515,8.120922
946270483982,0.832701,-0.075840,0.835068,0.327712,-0.555348,-0.195674,8.193906
946370502002,0.205146,0.883714,0.650422,0.181385,-0.080301,0.082136,8.176014
946470520021,2.538016,0.298254,-0.240246,0.102507,-0.012479,0.065733,8.118732
946570538041,1.041573,1.465418,-0.362717,-0.065054,0.022179,0.155485,7.986928
946670556061,0.782132,1.120860,-0.409804,-0.047800,-0.029889,0.227677,7.923406
946770574080,2.354153,0.213507,-0.460163,0.227433,-0.278319,-0.105349,7.907731
946870592100,3.984304,-0.088067,-0.221351,0.218042,-0.176287,0.052550,7.827022
946970610120,3.639215,-0.131415,-0.323486,0.261231,-0.188042,0.070027,7.690458
947070628139,2.526410,0.935546,-0.283915,0.238841,-0.260101,-0.013975,7.619478
947170646159,3.802328,0.910219,-0.322610,0.275509,-0.263016,0.023849,7.642005
947270664179,0.166807,1.396883,0.145261,-0.106571,0.071969,0.425869,7.504772
947370682198,-1.718916,0.557302,0.375666,-0.071080,0.147280,0.417385,7.344364
947470700218,6.810448,-1.083417,-0.235479,0.387881,-0.268515,-0.008043,7.270110
947570718238,9.763160,-2.133638,-1.106100,0.713764,-0.790974,-0.343619,7.132944
947670736257,2.126993,-0.307878,0.128450,0.334106,-0.373331,-0.023148,7.137944
947770754277,-3.610937,1.370837,0.490736,-0.162187,0.158307,0.431633,7.018030
947870772297,-0.230993,0.656634,0.265129,-0.276329,0.337212,0.491082,6.880450
947970790316,6.099795,-0.102838,-0.444987,0.056647,0.011304,0.199339,6.855135
948070808336,8.164904,-0.309730,-0.850330,0.549823,-0.645570,-0.328528,6.754007
948170826356,3.946326,0.103769,-1.183177,-0.047412,0.019224,0.143213,6.662123
948270844375,-2.403758,0.427499,0.383470,-0.335241,0.328382,0.497872,6.667527
948370862395,3.391272,0.194991,-0.247524,0.040663,-0.188560,0.128806,6.655419
948470880414,6.892152,-0.303908,-0.213768,0.493272,-0.538771,-0.254335,6.558101
948570898434,1.115350,-0.058188,0.121920,0.482095,-0.556123,-0.175067,6.514264
948670916454,1.103766,-0.720526,0.704326,0.402951,-0.458415,-0.297211,6.432315
948770934473,3.432723,-1.342133,0.896733,0.253673,-0.294471,-0.000189,6.397241
948870952493,1.213881,-1.315800,1.045202,0.047646,-0.107833,0.070299,6.357679
948970970513,0.379803,-2.352508,-0.340398,-0.044450,0.026290,0.018106,6.349041
949070988532,0.905332,-1.501464,-0.058479,-0.044968,0.103733,0.157108,6.292985
949171006552,1.683924,1.309440,0.119008,0.031072,0.010145,0.021780,6.268889
949271024572,1.494839,0.735247,-0.163736,0.211741,-0.143152,-0.126982,6.348594
949371042591,-0.605954,-1.259311,0.314509,-0.039403,0.051622,0.013924,6.446431
949471060611,-1.201891,0.273149,0.185316,-0.164119,0.258080,0.122993,6.474437
949571078631,1.443820,-0.980136,-0.382590,-0.175878,0.246033,0.166408,6.476382
949671096650,1.619625,-2.420760,-0.412495,-0.064488,0.084812,0.045257,6.497681
949771114670,-1.889080,-0.637758,0.096553,0.066224,-0.207156,-0.159366,6.591449
949871132690,-1.805064,-0.194567,0.055507,0.121549,-0.213151,-0.206149,6.680053
949971150709,1.806629,-2.336413,-0.521681,-0.075469,0.100816,-0.041195,6.737520
950071168729,0.191362,-1.884725,-0.429816,-0.339341,0.558291,0.283531,6.765585
950171186749,-0.155651,-1.670814,-0.449731,-0.099361,0.129205,0.036842,6.867213
950271204768,-3.740051,-1.235558,0.752508,0.250459,-0.397324,-0.263285,6.976525
950371222788,-2.994195,-0.406066,0.886712,0.266087,-0.275733,-0.287502,7.139532
950471240808,2.379710,-1.073365,-0.690710,0.002391,-0.041625,-0.032057,7.277399
950571258827,3.264958,-1.180186,-0.713557,-0.229564,0.220100,0.168872,7.358023
950671276847,-0.915321,-1.029546,0.466666,-0.115007,0.174831,0.101344,7.508213
950771294867,-2.393440,-0.548307,0.446349,0.036216,-0.105679,-0.079813,7.597353
950871312886,0.119886,-0.064417,0.208901,0.208316,-0.250067,-0.136725,7.718320
950971330906,1.115063,-0.626227,0.017656,-0.083948,0.034703,0.009281,7.883761
951071348926,-2.460076,-0.799196,-0.104835,-0.268511,0.277126,0.177230,8.005792
951171366945,-3.094131,-0.405785,-0.149700,-0.139283,0.020572,0.045260,8.091301
951271384965,-0.137808,-0.565363,-0.797806,0.096129,-0.029118,-0.154929,8.231079
951371402985,-0.050640,-0.807065,0.105883,0.074729,-0.111692,-0.146344,8.327244
951471421004,1.109110,-0.798325,0.610235,-0.066117,0.086818,0.096531,8.431261
951571439024,-0.364166,-0.894768,-0.120778,-0.129964,0.152074,0.171365,8.535050
951671457044,0.230199,-0.636302,-0.098183,0.031111,0.216609,0.011909,8.705176
951771475063,-0.770341,-0.388391,-0.505385,-0.191453,0.242012,0.081156,8.770482
951871493083,-2.320684,0.489235,-0.688986,-0.129130,0.180494,0.207983,8.829097
951971511103,-0.142622,-0.150232,-0.292997,-0.073344,-0.029620,-0.081768,8.931760
952071529122,0.600076,-0.258795,-0.007386,0.122280,-0.131046,0.023064,8.978989
952171547142,-2.010084,-0.242143,0.025896,0.046931,0.198271,0.092789,9.091526
952271565161,-5.601959,0.695303,0.566997,-0.386182,0.567561,0.360280,9.215592
952371583181,-3.693781,0.884175,-0.083701,-0.428702,0.519032,0.365509,9.341114
952471601201,3.745222,0.080192,-0.993545,0.045063,0.056677,0.012167,9.483270
952571619220,3.505804,-0.923182,-1.351617,0.194390,-0.141885,-0.129302,9.496352
952671637240,0.249355,-0.720318,-0.675935,-0.022472,0.108825,-0.027469,9.489378
952771655260,-3.630439,0.870487,0.173070,-0.267441,0.372415,0.259606,9.491111
952871673279,-1.408617,0.693935,-0.846439,-0.198356,0.261117,0.166579,9.594241
952971691299,3.550185,-0.540792,-2.040234,0.073495,-0.302681,-0.220531,9.670846
953071709319,4.093218,0.270211,-1.471651,0.018333,-0.223203,-0.102137,9.629824
953171727338,-2.215860,-0.029365,0.310066,-0.332631,0.383037,0.227348,9.693331
953271745358,-5.944499,1.363340,1.594952,-0.432195,0.714258,0.509787,9.618729
953371763378,-2.683511,1.155587,0.983775,0.165678,-0.130085,0.004189,9.472652
953471781397,4.527624,-0.818816,0.492218,0.509643,-0.554832,-0.443925,9.512300
953571799417,4.887613,-1.000742,-0.160760,0.464960,-0.382226,-0.391239,9.545484
953671817437,-2.888241,-0.416087,0.309595,-0.066344,0.132678,-0.016560,9.557482
953771835456,-4.645072,0.288116,-0.505097,-0.244313,0.306278,0.150484,9.456386
953871853476,-0.662783,0.149924,-0.732382,0.240991,-0.108515,-0.067456,9.352527
953971871496,3.331783,0.875392,-0.398848,0.345610,-0.401246,-0.385100,9.356804
954071889515,3.932037,1.880875,-0.262261,0.148773,-0.201023,-0.018583,9.418977
954171907535,1.525276,1.339539,0.025973,-0.127957,0.330562,0.347787,9.454069
954271925555,-1.230898,1.050017,0.694889,-0.185610,0.304906,0.123458,9.322542
954371943574,1.017447,1.094487,1.008836,-0.120698,0.061158,0.247886,9.357419
954471961594,4.333380,0.870247,0.644986,0.281072,-0.126393,-0.196274,9.355364
954571979614,3.760034,-0.207993,-0.944910,0.162591,0.094968,0.067044,9.320117
954671997633,-0.258594,-1.484875,-1.689813,0.003776,0.193036,-0.001436,9.293945
954772015653,-2.270756,0.687868,-1.297504,-0.160312,0.055589,0.226486,9.293546
954872033673,-2.529519,0.215284,-0.272514,0.047180,-0.164820,-0.079819,9.182858
954972051692,-0.402737,-0.041726,0.177490,0.002434,0.013585,-0.003685,9.108067
955072069712,1.339795,-0.720581,-0.781163,-0.013621,0.199314,0.030485,9.157971
955172087732,0.774630,0.235838,-0.999788,-0.067985,0.031689,0.147660,9.148904
955272105751,1.013780,-0.116162,-1.222224,0.040318,-0.149565,0.022430,9.180777
955372123771,-1.551632,-0.130306,0.483615,0.044661,-0.034421,0.009788,9.216688
955472141791,-1.314841,1.401834,0.902059,-0.055298,0.272259,0.028402,9.169783
955572159810,4.043122,1.041819,-0.059589,-0.252562,0.342884,0.241271,9.166929
955672177830,3.415054,0.570384,-0.504085,-0.158153,0.241167,0.128272,9.105320
955772195850,-3.158769,1.685115,-0.223316,0.176702,-0.284786,-0.007360,9.048607
955872213869,2.368456,0.966122,-0.552120,0.746237,-0.756742,-0.695815,9.072450
955972231889,11.693228,-0.217481,-1.400750,0.604580,-0.817235,-0.608489,9.045581
956072249908,-6.627622,-1.407719,0.277397,-0.104005,-0.006701,-0.014437,8.964975
956172267928,-14.780849,0.796621,1.615892,-0.760796,1.024480,0.813614,8.973926
956272285948,-6.278921,1.171949,1.714830,-0.446885,0.500950,0.413670,9.009433
956372303967,7.510687,0.194767,-0.439614,0.441581,-0.579925,-0.443635,9.000582
956472321987,3.689643,0.656244,0.283233,0.818729,-0.937194,-0.777024,8.883397
956572340007,-4.959755,-0.593192,1.280048,0.019464,0.038021,-0.013448,8.874267
956672358026,-6.712600,0.563897,1.320378,-0.387375,0.628171,0.420915,8.925334
956772376046,1.389137,1.574887,0.255910,-0.166606,0.232461,0.240320,8.767102
956872394066,6.624414,1.185484,-0.194405,0.323301,-0.287891,-0.267918,8.716998
956972412085,4.785539,1.376353,-0.229763,0.007488,-0.093953,0.017334,8.799692
957072430105,-0.604097,0.486048,0.108306,-0.435470,0.439702,0.334583,8.831102
957172448125,-5.478782,0.634191,1.076259,-0.533902,0.656181,0.545117,8.824700
957272466144,1.100008,0.369020,0.823440,-0.236415,0.145348,0.213552,8.823354
957372484164,4.171940,0.126569,-0.126345,0.296153,-0.441723,-0.284636,8.694223
957472502184,0.739969,0.650863,0.042332,0.232758,-0.297996,-0.195112,8.807324
957572520203,-3.951324,0.310663,0.442402,-0.092911,0.161835,0.091404,8.828398
957672538223,-2.150519,1.149580,0.511598,-0.309373,0.339346,0.251782,8.741928
957772556243,1.826119,1.243611,-0.066656,0.193890,-0.151729,-0.223716,8.749867
957872574262,5.502245,0.559254,-0.642075,0.364479,-0.434280,-0.356451,8.730397
957972592282,-1.679441,0.958465,0.982704,-0.090003,-0.096086,-0.089585,8.719467
958072610302,-10.127257,0.753004,1.757001,-0.566481,0.736496,0.468161,8.780912
958172628321,3.192202,-0.632214,-0.150957,-0.827870,0.887878,0.630165,8.809740
958272646341,5.984655,0.323150,-0.006124,-0.928079,1.088964,0.794919,8.806900
958372664361,-2.022464,0.728847,1.025297,-0.381000,0.686874,0.311996,8.811459
958472682380,-9.027925,2.276487,0.836351,0.485897,-0.599066,-0.538086,8.880111
958572700400,1.725919,0.706387,-0.034228,0.493287,-0.588976,-0.599883,8.878747
958672718420,9.466112,-0.571727,-0.083834,-0.277780,0.170385,0.087618,8.868283
958772736439,2.755524,-0.334888,0.337604,-0.796404,0.978667,0.654169,8.881189
958872754459,-8.048547,0.972337,1.150153,-0.172403,0.340875,0.158270,8.849734
958972772479,-6.663334,1.581848,0.966723,0.513380,-0.554474,-0.490158,8.885435
959072790498,4.385461,0.876182,-0.457590,0.600087,-0.689734,-0.605398,8.949181
959172808518,4.873088,0.931160,-0.589060,0.102019,-0.262314,-0.183918,8.864179
959272826538,-0.009679,1.556092,-0.613770,-0.326961,0.358826,0.236865,8.807904
959372844557,-4.895638,1.473705,0.619931,-0.217414,0.268105,0.196757,8.687393
959472862577,0.900631,0.085677,0.784265,0.245146,-0.291616,-0.166466,8.674145
959572880597,5.683301,-0.909294,-0.048536,0.482717,-0.548326,-0.479470,8.728728
959672898616,1.755733,0.363952,0.268043,0.022506,-0.025289,-0.065978,8.725358
959772916636,-2.257431,1.861178,1.210255,-0.152420,0.334116,0.193791,8.690307
959872934655,-2.508965,1.217287,0.787253,-0.134500,0.302379,0.135629,8.623070
959972952675,-0.475968,0.529588,-0.368964,-0.042008,-0.018668,0.002664,8.573574
960072970695,1.975746,0.974992,-2.042855,-0.004984,-0.198459,-0.062863,8.584136
960172988714,0.618826,-0.112714,-0.600986,0.034804,-0.095694,0.024867,8.469283
960273006734,1.079969,-0.846365,0.293423,0.123139,-0.181439,0.004676,8.470735
960373024754,-1.309202,-1.773616,-0.374837,0.316616,0.104252,-0.150194,8.473451
960473042773,1.651388,-0.078515,-0.597924,0.192552,-0.004724,-0.018248,8.485505
960573060793,-2.439870,0.465487,-0.562416,0.273319,-0.157893,-0.175049,8.365509
960673078813,-4.266884,0.616367,-0.470069,0.272985,-0.333044,-0.223821,8.380397
960773096832,0.660314,-0.125128,-1.333858,0.082756,-0.435621,-0.052588,8.297065
960873114852,-0.065588,-0.449826,-0.945072,0.074399,-0.104136,-0.096356,8.255821
960973132872,-1.854708,-1.303027,-0.289540,-0.132483,0.120606,0.174759,8.238951
961073150891,-4.015157,-0.912617,-0.182047,-0.115343,0.149243,0.202955,8.261503
961173168911,1.242825,-0.780283,-1.010068,0.218062,-0.127043,-0.176295,8.363406
961273186931,3.774336,0.408850,-0.605320,0.310020,-0.334019,-0.262258,8.400604
961373204950,-0.317329,0.007657,1.020919,0.040992,-0.156090,-0.073121,8.260618
961473222970,-1.432084,0.055246,0.170478,-0.053629,0.054401,0.124110,8.254450
961573240990,-0.962940,0.085973,-0.229878,-0.064461,0.202676,0.065491,8.176508
961673259009,-0.312403,1.298997,0.064403,-0.094535,0.152342,0.126026,8.163922
961773277029,-0.318837,1.596311,-0.264903,0.040970,0.027499,-0.071190,8.249700
961873295049,0.118218,0.622147,-0.516566,-0.080870,0.128162,0.075287,8.203335
961973313068,-1.951310,0.131231,0.032039,-0.175012,0.201585,0.126179,8.157783
962073331088,-1.425504,0.029617,-0.443754,-0.075730,0.170061,0.054363,8.102631
962173349108,-1.455536,1.465771,0.495817,0.068425,-0.127289,-0.065007,8.052808
962273367127,-0.346933,0.821089,0.526238,0.073308,-0.053980,-0.067675,8.032144
962373385147,1.209478,-0.187519,-0.251418,-0.061155,0.206918,0.118520,8.070066
962473403167,0.014500,-0.689367,-0.117192,-0.222520,0.284585,0.149277,8.057066
962573421186,-1.495463,-0.003930,0.264632,-0.110671,0.061668,-0.018010,7.994938
962673439206,-0.613547,0.823790,0.113181,-0.036486,0.079456,0.046920,8.016503
962773457226,-1.925451,1.168953,0.433484,-0.082355,0.178880,0.032324,7.911947
962873475245,0.139804,1.210139,0.383733,-0.073094,0.099321,-0.009954,7.938690
962973493265,1.103320,1.548299,0.226619,-0.121248,0.105547,-0.017825,7.912444
963073511285,-1.157748,1.386293,-0.294063,-0.077839,0.042490,0.046762,7.892460
963173529304,-1.266702,0.344896,-0.182891,-0.047149,0.136804,-0.041742,7.919926
963273547324,0.655475,1.116287,-0.287309,-0.052695,0.067086,0.036121,7.867485
963373565344,-0.233333,0.900624,-0.251844,-0.141155,0.178528,0.145494,7.787578
963473583363,-2.633381,1.463004,-0.004596,-0.218764,0.243912,0.185401,7.737511
963573601383,-0.840534,1.658394,0.557642,-0.004705,0.031379,0.054618,7.741051
963673619402,3.375715,2.018904,-0.040480,0.245255,-0.347569,-0.181070,7.753473
963773637422,1.890569,2.517032,-0.627676,0.078213,-0.030036,-0.013113,7.657314
963873655442,0.137051,3.534038,-0.570917,-0.065483,0.106372,0.104931,7.578570
963973673461,-1.867908,3.442812,-0.003960,-0.189913,0.307772,0.184557,7.526219
964073691481,0.147954,2.784652,-0.003092,-0.208282,0.162751,0.182211,7.531478
964173709501,-1.890530,1.581745,0.464469,-0.239861,0.176993,0.199986,7.504886
964273727520,-4.216409,1.629889,0.811462,-0.150783,0.210157,0.105262,7.349901
964373745540,-2.263964,1.748248,0.251904,-0.223216,0.177225,0.202214,7.173521
964473763560,2.475793,1.740063,-0.211576,-0.082494,0.126255,0.061211,7.168844
964573781579,2.454992,1.902101,-0.040880,0.117504,-0.110911,-0.125107,7.052503
964673799599,-1.117907,1.627442,0.150904,0.071329,-0.076452,-0.098104,6.788402
964773817619,-1.955916,1.362439,0.170199,-0.100096,0.065410,0.050163,6.533949
964873835638,-0.386135,0.585890,-0.373613,-0.118698,0.115964,0.083826,6.202226
964973853658,1.102357,0.724241,-0.222384,-0.009977,0.108909,-0.009400,6.014012
965073871678,-0.344012,1.049532,-0.106170,0.086692,-0.042199,-0.086123,5.889387
965173889697,-0.027450,1.023536,-0.464802,0.061365,-0.047069,-0.036718,5.789828
965273907717,0.076412,0.956028,-0.295975,-0.028488,0.026255,0.050751,5.623428
965373925737,1.495800,0.659179,-0.324083,-0.153748,0.119397,0.151873,5.397893
965473943756,0.832898,0.660108,-0.129928,-0.044827,0.011904,0.012830,5.279010
965573961776,-1.794772,1.036711,-0.392652,0.103033,-0.267337,-0.204120,5.184927
965673979796,-0.946536,0.649836,0.161824,0.127363,-0.277805,-0.202658,5.074634
965773997815,0.538139,-0.403794,0.147040,-0.017810,-0.050816,-0.069324,4.954764
965874015835,1.644982,-0.157423,0.202944,-0.106409,0.112629,0.125345,4.857881
965974033855,-0.196779,-0.095320,0.122354,0.001858,0.049487,0.101780,4.774333
966074051874,-2.039627,0.021048,-0.421644,0.155327,-0.141334,-0.119904,4.744828
966174069894,-1.660900,0.649957,-0.292929,0.232749,-0.138483,-0.184687,4.676722
966274087914,1.599008,0.561970,0.067337,-0.031686,0.110326,0.063421,4.618491
966374105933,2.950372,-0.004915,0.534447,-0.138111,0.193794,0.174993,4.600759
966474123953,1.365116,-0.187532,-0.100033,0.009875,0.030161,0.072395,4.458053
966574141973,-2.602501,1.041066,-0.308216,0.074475,-0.061725,-0.016445,4.508363
966674159992,-2.136721,0.514058,-0.989825,-0.072131,0.017796,0.018021,4.505976
966774178012,0.066117,0.197452,-0.681356,-0.123948,0.092355,0.031390,4.435980
966874196032,1.944826,-0.935785,0.085509,-0.037851,0.106142,0.003955,4.478353
966974214051,1.856692,-0.603188,0.322025,-0.017291,-0.076564,0.033631,4.489692
967074232071,-0.800026,0.368836,-0.468146,0.065747,-0.155169,-0.036983,4.402806
967174250091,-1.152381,-0.892240,-1.168618,-0.017501,0.063481,0.027461,4.311601
967274268110,-0.221713,-1.041019,-0.426836,-0.032679,0.030989,-0.017670,4.319707
967374286130,0.886861,-1.936104,0.469390,0.076343,-0.027390,-0.118388,4.286873
967474304149,-0.006259,-3.212019,1.021499,0.115711,-0.064059,-0.118869,4.275040
967574322169,-1.327090,-3.207977,1.207682,0.030551,0.060638,0.002526,4.161531
967674340189,-0.125406,-1.446242,0.100986,-0.053857,0.151190,0.114769,4.226021
967774358208,0.725996,-0.069478,-0.823246,-0.118064,0.123609,0.151246,4.227037
967874376228,1.035350,-0.966209,-0.547848,0.076566,-0.061316,-0.036346,4.273675
967974394248,-1.230949,-1.290194,0.270659,0.059809,-0.109060,-0.038204,4.334186
968074412267,0.604530,-0.773169,0.486309,-0.090736,0.067302,0.035281,4.483445
968174430287,1.342274,-1.273043,0.182307,-0.133271,0.193691,0.108676,4.589544
968274448307,0.679389,-1.269680,-0.429937,-0.114491,0.140442,0.134103,4.645777
968374466326,-0.114491,-0.804042,-0.680497,0.030139,-0.031014,0.017771,4.762308
968474484346,-0.539378,-0.715975,-0.971305,0.067106,0.045358,-0.020100,4.903782
968574502366,-0.230158,-1.041612,-0.367369,-0.002357,-0.001621,-0.028529,5.119633
968674520385,-0.005584,-0.973164,-0.295939,-0.008181,-0.007142,-0.005469,5.180283
968774538405,0.674990,-0.745537,-0.373508,-0.103051,0.021715,0.055617,5.274001
968874556425,0.259527,-0.690918,-0.122372,-0.136179,0.071635,0.085756,5.397029
968974574444,1.895756,-0.590628,0.231415,0.013512,-0.024734,-0.008781,5.454778
969074592464,2.985436,-0.134283,0.248254,0.229733,-0.129616,-0.179292,5.642911
969174610484,-1.900099,-0.175121,0.416451,0.019505,0.016258,0.033763,5.744303
969274628503,-1.312748,-0.774364,0.424057,-0.203263,0.278440,0.146526,5.840769
969374646523,0.705550,-0.807255,0.064282,-0.160404,0.164811,0.135905,5.911603
969474664543,0.165159,-0.999938,0.193839,-0.037643,0.029683,-0.026029,5.986465
969574682562,0.994084,-1.114009,-0.622301,-0.063682,0.208870,-0.024292,6.054866
969674700582,-0.984653,-0.908573,-0.712666,-0.210118,0.277032,0.203176,6.124854
969774718602,-2.624886,-1.634668,-0.048338,-0.160514,0.193911,0.147649,6.284191
969874736621,-0.337156,-1.328655,0.036222,-0.027906,-0.007339,0.012882,6.422459
969974754641,1.318500,0.368291,-0.026473,0.147722,-0.116724,-0.134949,6.417962
970074772661,0.242066,0.557291,-0.013135,0.141619,-0.136490,-0.122233,6.512870
970174790680,-2.463352,-0.969017,0.721938,-0.006049,-0.011245,-0.013455,6.562393
970274808700,2.866716,0.028380,-0.124773,-0.183633,0.325026,0.047042,6.667313
970374826720,4.960335,0.582127,-0.193791,-0.164397,0.195679,0.082422,6.687601
970474844739,0.468780,0.316885,0.452893,0.160024,-0.204447,-0.201272,6.772869
970574862759,-3.570612,1.624841,0.629359,0.347537,-0.570817,-0.300014,6.851716
970674880779,0.052234,-0.063028,0.305709,0.459474,-0.455558,-0.428614,6.811063
970774898798,2.075520,1.049418,-0.140008,-0.099241,0.008560,-0.131637,6.931339
970874916818,-1.191197,-0.321694,1.344264,-0.235795,0.355386,0.205419,7.000531
970974934838,-5.262564,-1.953275,0.759060,-0.336036,0.487598,0.263705,7.079868
971074952857,-2.327612,-1.673658,0.574890,-0.194673,0.274448,0.109534,7.124917
971174970877,-4.457045,-0.798220,1.385554,0.375183,-0.437415,-0.352835,7.187548
971274988896,2.648448,0.000062,0.527645,0.420872,-0.379443,-0.317793,7.252563
971375006916,6.618344,0.214067,-0.455766,-0.049580,0.092723,-0.026196,7.339312
971475024936,0.585421,-0.141428,-0.130992,-0.473195,0.451994,0.391824,7.376602
971575042955,-3.651151,-0.500442,0.538433,-0.107159,0.126391,0.074993,7.436560
971675060975,-4.477435,-0.789902,0.625457,0.254846,-0.333980,-0.298467,7.480437
971775078995,-0.249328,-1.479708,-0.724203,0.094025,-0.176751,-0.124822,7.497231
971875097014,3.648454,-0.721013,-1.801991,-0.218837,0.295693,0.205918,7.616400
971975115034,-2.770025,0.280224,-0.098276,-0.316309,0.279434,0.235027,7.772263
972075133054,-3.040523,-0.398173,-0.102993,0.033326,-0.040877,-0.015567,7.797545
972175151073,0.332056,-0.844608,-0.053377,0.000252,-0.027053,0.064667,7.789924
972275169093,1.669830,-0.053680,-0.044247,-0.201660,0.256423,0.160334,7.807681
972375187113,-0.043241,-0.244260,-0.280801,-0.193168,0.281336,0.253378,7.844799
972475205132,-2.153346,0.017143,0.799848,0.101471,-0.062124,0.028064,7.914328
972575223152,0.902787,-0.138371,-0.154660,0.207122,-0.265907,-0.264549,8.017470
972675241172,1.991616,-0.141872,-0.679990,0.103901,-0.079237,-0.061650,8.078023
972775259191,-0.185366,-0.615285,-0.579973,0.006066,0.079525,0.018305,8.061085
972875277211,-1.168320,-0.682257,-0.366739,-0.113577,0.074559,0.112414,8.115303
972975295231,-1.236233,-1.224370,-0.137471,-0.007712,-0.002841,0.014163,8.179615
973075313250,-0.203099,-0.664451,-0.408922,0.010734,-0.022356,-0.068569,8.304767
973175331270,1.053100,-0.690170,-0.061893,0.098838,-0.064094,-0.055398,8.290472
973275349290,-0.787694,-0.682102,0.193310,0.004395,-0.013591,0.057286,8.362215
973375367309,-0.032398,-0.402978,-0.241529,-0.045717,0.033421,0.042986,8.414349
973475385329,-0.274156,-0.377182,0.343241,-0.012718,-0.051926,0.033194,8.464244
973575403349,0.081816,-0.746798,1.397643,0.045236,-0.069263,-0.131333,8.487062
973675421368,-2.866901,-0.025167,0.806844,0.221829,-0.347105,-0.335759,8.433434
973775439388,-2.954574,-0.468242,0.143049,0.059630,-0.301801,-0.118084,8.504689
973875457408,-1.135452,-0.711660,1.166100,-0.199600,0.225973,0.178733,8.550657
973975475427,5.114588,-1.610340,-0.297542,-0.537948,0.573275,0.350179,8.670792
974075493447,0.354845,-0.106515,-0.127439,-0.167919,0.244996,0.148299,8.703442
974175511467,-2.539939,0.094593,0.298862,0.301531,-0.337168,-0.281902,8.680759
974275529486,4.351040,-0.438652,-0.359186,0.450971,-0.553063,-0.376116,8.707877
974375547506,1.407850,-1.291886,-0.434097,0.188078,-0.319904,-0.159522,8.715951
974475565526,-0.194497,-0.928471,-0.903224,-0.101559,0.025104,0.111792,8.845770
974575583545,-2.593920,-0.433347,-0.905019,0.011976,-0.033900,0.118967,8.804074
974675601565,0.845311,1.124392,-0.195399,0.270913,-0.290192,-0.167794,8.792065
974775619585,4.852501,1.181640,0.304724,0.449735,-0.481467,-0.379294,8.871934
974875637604,2.310828,-0.463302,-0.335551,-0.131721,0.307743,0.199907,8.964185
974975655624,-6.498738,0.719545,-0.887217,-0.566019,0.692579,0.533653,9.013221
975075673643,-4.461403,2.334197,0.271630,-0.506597,0.366980,0.388897,8.935761
975175691663,4.257499,2.785959,0.040862,-0.172616,0.175073,0.065975,9.046613
975275709683,-2.209147,2.825056,-0.440986,0.173086,-0.227142,-0.070991,9.090270
975375727702,-3.883728,2.721566,-0.882263,0.297056,-0.340417,-0.337596,9.106618
975475745722,2.587283,1.407181,-1.357454,0.301122,-0.436327,-0.276399,9.098268
975575763742,4.319017,1.803163,-1.365891,-0.150898,-0.085887,-0.025218,9.033278
975675781761,3.152437,1.154126,-0.240025,-0.028453,0.139581,-0.091673,8.973893
975775799781,-2.490888,1.089824,1.359909,0.249886,-0.305827,-0.154885,9.083022
975875817801,-2.963472,0.096913,-0.304599,0.423604,-0.442769,-0.464216,9.118154
975975835820,-0.974801,-0.518170,-0.185376,0.129500,-0.040443,-0.018422,9.016041
976075853840,4.284419,-0.598507,-0.456737,-0.352911,0.531161,0.359151,8.908878
976175871860,-0.078458,0.256841,-0.514269,-0.277147,0.281263,0.193310,8.992064
976275889879,-5.404978,-0.092728,-0.049941,0.218999,-0.194759,-0.179962,8.952329
976375907899,-4.093409,0.431724,-0.270177,0.505898,-0.517047,-0.477578,8.843914
976475925919,2.589835,-1.135112,-1.279398,0.034188,0.044271,0.006780,8.833606
976575943938,2.258847,-0.945145,-0.981664,-0.291172,0.424077,0.100067,8.826864
976675961958,-2.566808,0.728842,-0.847499,-0.351883,0.333662,0.355761,8.829808
976775979978,0.196424,-0.172762,-1.918274,-0.157663,0.183909,0.003332,8.757442
976875997997,1.585881,-0.708490,-1.769925,-0.059613,-0.218158,-0.129968,8.683857
976976016017,-0.140389,0.222274,-0.881686,0.168615,-0.230953,-0.076526,8.649685
977076034037,0.123131,-0.466683,-0.441972,0.178202,-0.208312,-0.193860,8.704716
977176052056,-0.451926,0.374377,-0.361976,0.106441,-0.109156,0.020396,8.685229
977276070076,1.521757,1.157674,-0.646227,-0.066104,0.066787,0.190817,8.607551
977376088096,1.729804,1.187833,0.321122,-0.016526,-0.026380,0.007252,8.589269
977476106115,0.268492,1.188502,0.865304,0.112811,-0.070545,-0.137043,8.531441
977576124135,-0.892302,0.886372,0.361172,0.036331,-0.133718,-0.109973,8.477954
977676142155,-1.301467,1.753380,0.436602,-0.198362,0.275346,0.172662,8.409838
977776160174,0.794093,0.000673,0.206599,-0.253815,0.280149,0.246214,8.451392
977876178194,3.596052,0.351437,-0.471977,-0.016934,0.020662,0.038315,8.417522
977976196214,-2.365753,1.021406,0.533304,0.256228,-0.383160,-0.209616,8.415504
978076214233,-5.645658,0.648275,1.204662,0.224424,-0.284578,-0.197291,8.392478
978176232253,-1.801348,0.491745,-0.121023,-0.118736,0.072347,0.238973,8.333703
978276250273,0.176355,-0.239439,0.136868,-0.130651,0.037321,0.132677,8.295180
978376268292,0.035526,-0.827456,0.689568,0.002217,0.027824,-0.042376,8.312419
978476286312,0.283699,-0.503372,-0.039270,0.106155,-0.025630,-0.096189,8.260454
978576304331,-0.097248,0.649541,-0.582982,0.098234,-0.015853,-0.037015,8.329694
978676322351,-0.371850,0.372918,-0.775828,-0.095672,0.084370,0.072189,8.247761
978776340371,3.933798,0.217413,-0.728876,-0.131735,0.156673,0.133985,8.224704
978876358390,2.103051,0.740962,0.152353,0.175192,-0.149602,-0.118949,8.233358
978976376410,-1.646657,0.723274,0.460824,0.270865,-0.321182,-0.119179,8.215906
979076394430,-0.492824,1.201155,-0.342741,0.211883,-0.257972,-0.145237,8.153553
979176412449,-1.671061,0.455528,-0.125817,-0.023392,0.015180,0.096492,8.165827
979276430469,1.210648,0.335873,-0.034649,0.017490,0.084763,0.089799,8.175000
979376448489,3.152441,-0.111729,-1.623832,0.170763,-0.302367,-0.111155,8.122335
979476466508,1.386973,-0.049657,-1.616725,0.135790,-0.247690,-0.156163,8.129051
979576484528,-1.936365,-0.481543,-0.082226,-0.148529,0.258575,0.049687,8.050278
979676502548,-2.274669,-0.838114,0.869028,-0.060396,0.019723,0.044164,8.034727
979776520567,-0.323845,0.455253,0.869450,0.161151,-0.014311,0.090005,8.068664
979876538587,0.436169,4.077836,-0.152052,0.152633,0.041298,-0.049398,8.033621
979976556607,-3.297607,2.732308,0.028054,0.126355,-0.275070,-0.062763,8.074440
980076574626,-1.306502,1.743183,0.133215,0.275342,-0.380441,-0.181741,8.052824
980176592646,0.623316,0.775709,0.754868,0.312767,-0.551908,-0.405084,8.037920
980276610666,-1.303570,0.456719,1.087195,0.044774,-0.205986,-0.031652,8.007790
980376628685,-1.160391,0.137645,1.318124,0.001946,0.165088,0.033757,8.021239
980476646705,0.779561,0.096120,-0.179371,0.058181,0.067582,0.011528,7.989732
980576664725,1.513524,-0.868178,-0.905328,0.097704,-0.155881,-0.097391,8.107534
980676682744,-0.546640,-0.085558,-1.442911,0.251939,-0.288956,-0.208601,8.104130
980776700764,0.742113,-0.916110,-1.214070,0.205451,-0.271641,-0.245538,7.999709
980876718784,0.905407,-0.778856,-0.896180,-0.016358,0.096630,-0.085056,7.948289
980976736803,1.695379,-2.044799,0.065226,-0.167318,0.183897,0.254741,7.954114
981076754823,-2.213456,-0.963210,-0.045732,-0.327961,0.172781,0.333485,8.067858
981176772843,-5.435742,-1.536630,-0.817585,0.104009,-0.082404,-0.030604,8.182362
981276790862,1.558251,-0.514500,-1.462135,0.320760,-0.625101,-0.356502,8.245340
981376808882,3.311904,-2.885582,-1.381701,0.349699,-0.477729,-0.209523,8.134050
981476826902,-6.551728,-1.751940,-1.007410,-0.057755,0.132983,-0.073985,8.129169
981576844921,-8.717051,-1.739441,-0.355858,-0.498020,0.490345,0.596529,8.124374
981676862941,2.791999,-1.003653,-0.448068,-0.298020,0.484189,0.383482,8.209887
981776880961,0.969352,-0.653121,-0.794234,-0.002299,0.081815,-0.013027,8.226907
981876898980,-2.974411,0.043153,-0.950760,0.289541,-0.288462,-0.235626,8.251658
981976917000,-3.261333,-0.718455,0.258745,0.277446,-0.426736,-0.324864,8.320679
982076935020,-0.306110,-1.322452,0.775640,0.023401,-0.073115,-0.122986,8.412832
982176953039,1.011834,-0.954321,0.293976,-0.072190,0.132802,0.123356,8.410418
982276971059,-1.466271,0.731429,0.995921,-0.099783,0.283872,0.116446,8.437693
982376989078,-1.803242,0.729402,0.165061,-0.022246,0.052203,0.086034,8.548783
982477007098,0.554005,0.681617,-0.851963,0.019954,-0.127793,-0.012809,8.587445
982577025118,3.053679,-0.106446,-0.304432,-0.160686,0.177711,0.022691,8.606261
982677043137,0.529256,-0.477023,0.448475,-0.549607,0.532782,0.464604,8.718115
982777061157,-3.584372,-0.552211,1.415170,-0.421694,0.532570,0.478277,8.700766
982877079177,-8.918920,0.484430,0.506858,0.639417,-0.789069,-0.418502,8.786314
982977097196,6.974292,0.600119,0.021540,0.927053,-1.054337,-0.759613,8.876932
983077115216,10.911733,0.237249,-0.565947,0.198436,-0.477941,-0.413024,9.012172
983177133236,-5.091610,-1.279444,0.172645,-0.671395,0.506215,0.434007,8.950528
983277151255,-8.256465,-1.696366,0.486121,-0.578488,0.787959,0.576028,8.939732
983377169275,-0.517186,-0.624132,-0.432357,0.084534,0.009312,-0.113745,8.979726
983477187295,7.545779,-0.754503,0.802887,0.660361,-0.664019,-0.544284,8.929108
983577205314,-2.316765,1.939243,1.854361,0.865356,-0.727286,-0.837516,8.994321
983677223334,-7.004746,1.244072,1.021255,-0.065055,0.196099,0.043736,9.135582
983777241354,-2.431384,2.862055,1.082025,-0.429378,0.500899,0.409361,9.017877
983877259373,3.686458,1.389037,0.296458,-0.337057,0.135051,0.262641,8.983786
983977277393,2.176267,0.674058,0.988785,0.093056,-0.090487,-0.101089,8.980075
984077295413,-2.250247,0.291947,0.583190,0.180904,-0.051345,-0.097091,9.011336
984177313432,-1.129664,-0.110273,-0.660007,-0.071961,0.054004,-0.050528,9.155551
984277331452,1.134337,0.389647,-0.605495,-0.174051,0.150946,0.183794,9.062677
984377349472,3.117942,1.473005,0.612082,-0.296467,0.364000,0.255370,9.050961
984477367491,-3.658346,0.385098,0.386837,0.130767,-0.136015,-0.155264,9.100796
984577385511,-4.458977,-0.177271,-0.562341,0.356826,-0.343899,-0.377085,9.082746
984677403531,2.542902,-0.420033,-1.307647,0.271027,-0.385786,-0.171127,8.977995
984777421550,1.609152,-1.728656,-0.466354,0.021183,-0.154765,-0.059032,8.945269
984877439570,-0.407549,-0.516040,-0.141940,-0.273855,0.199934,0.143106,9.030793
984977457590,-2.886026,0.841876,0.317276,-0.071525,0.199462,0.117469,9.042771
985077475609,2.602607,0.875453,-0.140829,0.111625,-0.157020,-0.045094,9.037382
985177493629,6.047458,0.175326,-0.360514,0.367936,-0.472055,-0.404891,8.989802
985277511649,-1.772815,0.170421,0.010018,0.094171,-0.166922,-0.230810,8.903121
985377529668,-6.695515,0.924790,1.015402,-0.396189,0.542899,0.332118,8.929970
985477547688,-1.652767,-0.299481,0.803943,-0.574607,0.857249,0.501089,8.866341
985577565708,6.262061,0.254054,-0.479500,-0.329446,0.556582,0.383746,8.896677
985677583727,-0.496755,0.129157,-0.180861,0.318405,-0.334463,-0.277733,8.902677
985777601747,-5.361561,0.465676,0.941269,0.251600,-0.402427,-0.325945,8.882971
985877619767,-1.305496,0.246867,0.691929,0.010942,-0.009596,0.011527,8.851535
985977637786,3.550306,-0.216947,-0.643089,-0.193990,0.291418,0.157475,8.761722
986077655806,4.090650,0.472706,-0.614507,-0.280210,0.405188,0.280324,8.716269
986177673825,-5.391763,0.995987,0.586584,0.211339,-0.122801,-0.177084,8.738049
986277691845,-2.625957,-0.000445,0.673543,0.332680,-0.450468,-0.362150,8.734457
986377709865,3.554626,0.912342,-0.475889,0.284928,-0.394400,-0.278650,8.668080
986477727884,3.054403,0.986819,-0.934203,-0.171684,0.123627,0.203279,8.618045
986577745904,-1.154884,0.892498,-0.030610,-0.248392,0.249633,0.119417,8.551443
986677763924,-0.754271,-0.273734,0.125089,-0.312880,0.237064,0.239693,8.541912
986777781943,0.714158,-0.222566,0.721474,-0.309033,0.304902,0.101595,8.578243
986877799963,-2.295625,0.428941,1.435346,-0.011996,0.084193,0.011987,8.575521
986977817983,-2.576707,1.973829,1.991971,0.114353,-0.221959,-0.117031,8.445923
987077836002,0.670924,0.306695,1.202748,0.263418,-0.151803,-0.119694,8.395946
987177854022,1.690803,1.686479,0.477562,0.250767,-0.195459,-0.242721,8.412922
987277872042,-0.666874,1.174318,0.750888,-0.077377,0.014628,0.050354,8.364378
987377890061,-4.601686,2.237363,-0.508589,-0.387762,0.485285,0.337358,8.302155
987477908081,3.956982,1.669857,0.483090,-0.610519,0.533855,0.277726,8.260972
987577926101,0.972872,1.083155,0.948207,-0.500393,0.701159,0.534656,8.264744
987677944120,-6.158715,0.499211,0.201394,0.170510,-0.271284,-0.073804,8.272602
987777962140,-0.162970,0.326410,0.293444,0.255379,-0.426780,-0.359145,8.289481
987877980160,2.045097,-0.035484,0.191314,0.163263,-0.098132,-0.162275,8.215259
987977998179,0.579937,-0.050459,-0.087092,-0.067860,0.140302,0.029157,8.178106
988078016199,-0.781844,0.200597,-0.442180,-0.112318,0.052971,0.114078,8.124045
988178034219,-1.052425,0.255416,-0.808659,0.030976,0.005434,0.021642,8.117803
988278052238,0.372046,-0.911945,-0.724858,0.125550,-0.163751,-0.162322,8.061461
988378070258,1.327709,-0.543185,0.132123,0.017767,-0.150326,0.023817,8.043482
988478088278,0.308658,-0.811373,-0.128171,-0.092723,0.162630,0.159588,7.913342
988578106297,-1.626207,0.069015,-0.627057,-0.083055,0.099168,0.152244,7.989548
988678124317,-1.064994,-0.250239,-0.248130,0.078153,-0.033382,-0.083335,8.033481
988778142337,0.237656,-0.716868,-0.437365,0.073469,-0.102966,-0.058675,7.985501
988878160356,-0.533803,-0.117510,-0.702181,0.085513,-0.019678,-0.057818,7.902287
988978178376,-2.423179,1.111079,0.229426,-0.006831,0.148303,-0.050813,7.910418
989078196396,-2.188197,0.041346,0.772186,-0.172679,0.234447,0.188920,7.924355
989178214415,-0.387539,0.428694,0.014515,-0.158669,0.118436,0.115367,7.915031
989278232435,1.224737,0.177910,-0.483060,0.115498,-0.095148,-0.179078,7.941716
989378250455,2.494778,-0.463752,0.356958,-0.011410,-0.006252,-0.028047,7.964781
989478268474,2.140052,-0.891558,0.293406,-0.229225,0.175818,0.262353,7.870401
989578286494,0.959169,-0.972929,-0.227162,-0.075052,0.021122,0.041624,7.877415
989678304514,-3.354905,-0.053287,0.185727,0.092531,-0.065195,-0.149525,7.887814
989778322533,-1.210707,0.734621,-0.022777,-0.004251,0.046465,-0.012609,7.894365
989878340553,2.004721,0.464263,-0.594798,-0.143756,0.137535,0.081373,7.934411
989978358572,0.070774,-0.013217,-0.385994,-0.190581,0.107845,0.109401,7.863594
990078376592,-2.746847,0.820212,0.348421,0.089652,-0.145096,-0.152613,7.829355
990178394612,-1.516706,0.722153,0.403935,0.125157,-0.058887,-0.085747,7.799326
990278412631,-0.322172,0.555271,0.189452,-0.067927,0.099977,-0.000904,7.799786
990378430651,-0.282800,1.519820,0.165071,-0.185275,0.220160,0.135781,7.813055
990478448671,-0.771020,1.060268,0.373220,-0.094136,0.126766,0.030314,7.932041
990578466690,0.057676,1.468272,0.281448,-0.206654,0.079897,0.103932,7.897192
990678484710,0.666775,1.207556,0.195313,-0.161868,0.055660,0.065131,7.772280
990778502730,-2.690997,0.509020,0.388291,0.185551,-0.221959,-0.184118,7.735205
990878520749,-4.157113,0.504852,0.483815,-0.029805,0.156641,0.010686,7.772316
990978538769,-2.264896,1.094929,0.783864,-0.218764,0.351746,0.209060,7.673101
991078556789,0.426648,1.844635,0.233419,-0.088323,0.159571,0.087088,7.712229
991178574808,1.216419,2.383264,-0.436161,0.075752,-0.006482,-0.123426,7.644679
991278592828,-0.312125,2.942475,-0.528958,0.093743,-0.061588,-0.165925,7.560420
991378610848,-0.584986,3.234493,0.041226,-0.033629,-0.022506,0.010357,7.499124
991478628867,-0.282592,2.923372,0.195453,-0.081038,0.039917,0.050381,7.417052
991578646887,0.141064,2.890350,-0.090725,0.032712,0.042126,-0.002540,7.362664
991678664907,2.109027,2.653000,-0.981168,0.080431,-0.111037,-0.063821,7.361578
991778682926,1.045321,3.005408,-0.641508,0.101457,-0.100206,-0.100915,7.296353
991878700946,-1.360445,2.917618,0.645926,-0.047774,0.072724,0.090233,7.172465
991978718966,0.971215,2.273169,0.168872,-0.105513,0.102960,0.102691,7.086599
992078736985,1.492010,2.079896,0.088180,0.064210,-0.071846,0.014551,6.848242
992178755005,0.114216,2.740027,-0.420107,0.189965,-0.144320,-0.075806,6.477630
992278773025,-0.963119,3.410631,-0.223886,0.145028,-0.101352,-0.012996,6.229341
992378791044,-0.415388,2.802496,-0.078324,0.078104,-0.029000,0.063685,6.006845
992478809064,0.495905,2.836647,0.371711,0.165364,-0.133006,-0.020217,5.681525
992578827084,1.564266,2.994518,-0.053894,0.187393,-0.239313,-0.084217,5.315284
992678845103,1.312193,3.587049,-0.728542,0.121531,-0.115943,0.003033,5.031947
992778863123,-1.037420,3.260197,-0.151477,-0.003420,-0.017036,0.075555,4.729402
992878881143,-0.205026,3.386274,-0.159647,-0.028741,0.009389,0.090239,4.487983
992978899162,0.156169,3.209059,-0.202928,0.052261,-0.067272,0.022481,4.287915
993078917182,0.562887,2.642654,-0.177455,0.040849,-0.053315,0.028814,4.042637
993178935202,0.015906,2.322334,-0.097734,0.014089,-0.044034,0.053675,3.719676
993278953221,-0.460733,1.944994,-0.248657,0.011820,-0.024538,0.043081,3.428522
993378971241,-0.397864,1.725925,0.016982,0.014909,-0.021418,0.027273,3.124312
993478989261,-0.131749,1.762635,-0.012533,0.003063,0.011331,-0.012450,2.841668
993579007280,0.102301,1.790913,-0.242054,-0.002627,0.014090,0.015920,2.539844
993679025300,-0.147565,1.190071,-0.327408,-0.010095,-0.010510,0.016335,2.169216
993779043319,-0.077624,0.643940,-0.159932,0.023274,-0.039994,-0.014415,1.892862
993879061339,0.249242,0.436539,-0.036703,0.008803,-0.038279,-0.011937,1.550121
993979079359,-0.045578,0.655620,0.044195,-0.017352,0.007408,0.006985,1.316434
994079097378,-0.293840,0.263946,0.034594,-0.027366,0.041060,0.030850,1.097910
994179115398,-0.155069,-0.192163,-0.047282,-0.008094,-0.010098,-0.000633,0.886507
994279133418,0.320114,-0.549653,-0.093212,0.018925,-0.033689,-0.029906,0.710067
994379151437,0.528675,-0.399801,-0.095390,0.000862,-0.021746,-0.009553,0.522194
994479169457,0.181218,-0.069154,-0.085531,-0.008231,0.014607,0.024719,0.390240
994579187477,-0.324691,-0.293329,-0.057198,-0.018198,0.027825,0.017660,0.187939
994679205496,-0.407372,-0.291833,-0.017565,0.017951,-0.002635,-0.017576,0.091828
994779223516,0.138062,-0.305380,-0.100202,0.032378,-0.034068,-0.022238,0.085271
994879241536,0.342875,-0.219448,-0.080640,0.008571,-0.017300,-0.001940,0.059210
994979259555,0.235781,-0.187808,0.011017,-0.015363,0.040187,0.028278,0.034551
995079277575,-0.236889,-0.328761,-0.013811,-0.012082,0.021964,0.012824,0.029119
995179295595,-0.141112,-0.339571,-0.097068,0.010832,-0.006244,-0.010473,0.028889
995279313614,0.141579,-0.351701,-0.116502,0.022853,-0.020908,-0.025027,0.021839
995379331634,0.409464,-0.335064,-0.076514,-0.014619,0.016873,0.018796,0.022424
995479349654,-0.091942,-0.331375,-0.033360,-0.042540,0.044158,0.026065,0.025480
995579367673,-0.356417,-0.319507,-0.011445,-0.012409,0.023473,0.015943,0.010238
995679385693,-0.158785,-0.453118,-0.073310,0.019476,-0.012597,-0.003861,0.025958
995779403713,0.371583,-0.426703,-0.090560,0.012712,-0.005187,-0.014738,0.009496
995879421732,0.365974,-0.431656,-0.030114,-0.010689,0.012566,0.014070,0.019111
995979439752,-0.159641,-0.495997,-0.061482,-0.023705,0.034581,0.039324,0.006285
996079457772,-0.323691,-0.470054,-0.024639,-0.030084,0.037661,0.021425,0.014746
996179475791,-0.270323,-0.482789,-0.009177,0.004732,-0.009935,-0.013990,0.009225
996279493811,0.190877,-0.390307,0.000701,0.014219,-0.014692,-0.016825,0.033222
996379511831,0.297789,-0.524458,-0.068052,0.011962,-0.002108,0.007331,0.036024
996479529850,0.001587,-0.500856,-0.057033,0.001527,0.015642,0.015209,0.009595
996579547870,-0.131065,-0.473195,-0.009068,-0.003650,0.027485,0.004791,0.014988
996679565890,-0.080562,-0.576042,-0.072187,-0.003509,0.014593,-0.016485,0.012530
996779583909,0.125080,-0.650804,-0.091252,-0.007944,0.002638,-0.012242,0.011774
996879601929,0.163426,-0.585287,-0.033436,-0.019659,0.016242,-0.003975,0.012829
996979619949,0.065276,-0.575211,-0.063311,-0.010917,0.017496,0.015315,0.009738
997079637968,-0.012773,-0.588801,-0.035638,-0.008574,-0.015856,0.011544,0.012871
997179655988,0.106499,-0.662304,-0.067721,0.008555,-0.015971,0.020007,0.015659
997279674008,0.129392,-0.505802,0.007184,0.014690,-0.007201,0.004728,0.022308
997379692027,0.064837,-0.497000,0.042530,0.000314,0.011395,0.007450,0.024774
997479710047,0.052319,-0.685343,-0.154373,-0.000828,0.009663,0.004830,0.018579
997579728066,0.044023,-0.601474,-0.085032,-0.002872,0.024330,0.003007,0.024917
997679746086,0.073805,-0.440956,0.012257,-0.014906,0.018880,-0.010439,0.013432
997779764106,-0.027596,-0.543732,-0.066374,-0.023445,0.008494,-0.011971,0.007563
997879782125,-0.053622,-0.646506,-0.064775,-0.008513,0.009733,-0.003031,0.007831
997979800145,0.092324,-0.518797,0.054392,0.002105,0.003771,-0.009198,0.004066
998079818165,0.046615,-0.406005,0.061636,0.003719,-0.013620,0.016900,0.014141
998179836184,-0.027965,-0.529224,0.006615,0.012357,-0.009570,0.020154,0.016279
998279854204,0.014243,-0.793586,-0.125355,0.023498,0.004626,0.008532,0.008126
998379872224,0.017328,-0.750888,-0.037071,0.004675,-0.004795,0.008966,0.016317
998479890243,0.000897,-0.690493,-0.016187,0.007466,0.016359,0.008617,0.010234
998579908263,0.006635,-0.733819,-0.100326,-0.000658,0.023627,0.002642,0.047122
998679926283,0.128803,-0.726476,-0.121967,-0.019290,0.022713,-0.005983,0.036297
998779944302,0.097736,-0.675432,-0.043110,-0.024920,0.020004,0.005218,0.011125
998879962322,-0.000987,-0.547462,0.038365,-0.015681,0.025397,0.005559,0.006777
998979980342,0.061885,-0.727878,-0.022613,0.004969,0.005909,0.019183,0.014276
999079998361,0.091358,-0.715040,-0.006302,0.000775,-0.017914,0.008114,0.012111
999180016381,-0.024881,-0.489537,0.047238,0.015517,-0.002301,0.019271,0.016668
999280034401,-0.006906,-0.652632,0.039169,0.003058,0.006854,0.000773,0.012498
999380052420,-0.017025,-0.739061,-0.059249,-0.017292,0.021736,-0.004276,0.022230
999480070440,-0.090591,-0.549758,-0.009942,-0.013653,0.016144,-0.011212,0.019440
999580088460,-0.037797,-0.750133,0.016462,-0.007217,0.003621,-0.002521,0.008489
999680106479,-0.007918,-0.709909,-0.070269,-0.008506,-0.003654,0.000932,0.010116
999780124499,-0.055563,-0.666464,0.011394,0.012429,-0.007073,0.004567,0.021349
999880142519,0.035134,-0.584253,0.002678,0.009530,-0.005431,0.014746,0.013648
999980160538,0.062638,-0.595728,-0.020269,0.006998,0.013099,0.011706,0.006212
1000080178558,0.071222,-0.590942,0.022466,-0.001578,0.019168,-0.002466,0.031503
1000180196578,0.003771,-0.555716,0.037595,-0.011483,0.020678,-0.008752,0.030036
1000280214597,-0.076582,-0.644828,0.012225,-0.018111,0.004010,0.007354,0.014464
1000380232617,-0.007775,-0.670271,0.011268,-0.006190,0.015045,0.016345,0.008660
1000480250637,0.033250,-0.593456,0.045364,-0.004414,-0.000284,0.011496,0.040156
1000580268656,0.029538,-0.572597,-0.017347,0.001935,0.004032,-0.001153,0.036684
1000680286676,0.008975,-0.705455,-0.065069,0.009360,0.003714,0.005452,0.089421
1000780304696,-0.093505,-0.633289,0.009627,-0.011303,0.021316,-0.002641,0.059557
1000880322715,0.009939,-0.553041,-0.019725,-0.024485,0.020013,-0.000684,0.047327
1000980340735,0.135107,-0.724498,-0.105143,-0.015161,0.008268,-0.007952,0.042927
1001080358755,-0.003638,-0.683488,-0.026711,0.005112,-0.010949,0.014192,0.035471
1001180376774,-0.117011,-0.522153,0.002425,0.011805,-0.010927,-0.005060,0.010669
1001280394794,0.059004,-0.689416,-0.058192,0.017258,-0.016174,0.013577,0.019516
1001380412813,0.090863,-0.628755,-0.066556,0.009024,-0.000000,0.013673,0.007643
1001480430833,0.020057,-0.681418,-0.063935,0.008212,0.019359,0.009303,0.006346
1001580448853,-0.005855,-0.658698,-0.041258,-0.007151,0.020943,-0.005829,0.010296
1001680466872,0.040934,-0.617551,-0.044095,-0.008277,0.020010,0.002286,0.008652
1001780484892,0.048255,-0.577469,-0.034360,-0.012305,0.009549,0.005541,0.010515
1001880502912,0.030189,-0.451616,-0.016555,-0.015753,0.018802,0.009083,0.016702
1001980520931,0.027060,-0.499001,-0.051508,-0.011402,0.000790,0.009965,0.005977
1002080538951,-0.054295,-0.412192,0.019471,0.004475,0.001879,0.022463,0.003056
1002180556971,-0.023769,-0.351753,0.042226,0.012582,-0.005695,0.022128,0.003727
1002280574990,0.029678,-0.459198,-0.022148,0.001688,0.004813,0.000031,0.014408
1002380593010,-0.029213,-0.483691,-0.004203,-0.005610,0.013867,0.000869,0.026571
1002480611030,-0.087534,-0.388872,0.020591,-0.015707,0.020007,-0.003452,0.015230
1002580629049,-0.025570,-0.392343,-0.060213,-0.007337,0.021089,0.006720,0.017544
1002680647069,0.014654,-0.461722,-0.058827,-0.000993,0.000740,-0.012388,0.011720
1002780665089,-0.012119,-0.341745,-0.008178,0.013321,-0.010394,0.020630,0.005967
1002880683108,-0.060905,-0.294820,-0.005264,0.017474,-0.002585,0.007251,0.017102
1002980701128,-0.004087,-0.324528,0.060949,0.007907,0.018345,0.004950,0.011930
1003080719148,-0.039121,-0.438327,0.029851,-0.012024,0.018560,-0.011227,0.017175
1003180737167,-0.007415,-0.365192,-0.004836,-0.010228,0.029634,0.006398,0.044007
1003280755187,0.013260,-0.208903,0.018036,-0.017761,0.027655,-0.017254,0.044392
1003380773207,-0.042683,-0.346028,-0.122030,-0.020776,0.007462,-0.011677,0.032510
1003480791226,-0.177526,-0.471947,-0.162668,-0.018662,-0.007712,0.037974,0.030000
1003580809246,-0.152359,-0.549144,-0.169605,0.017940,0.000538,0.004325,0.018776
1003680827266,-0.051158,-0.635586,-0.196858,-0.001119,-0.025986,0.005488,0.008028
1003780845285,0.147357,-0.552911,-0.041829,-0.020997,0.010720,0.004369,0.023852
1003880863305,-0.037972,-0.772709,0.026449,-0.015876,0.025999,0.013892,0.021542
1003980881325,-0.065718,-0.637091,-0.038160,-0.012634,0.005425,0.009535,0.020899
1004080899344,0.049033,-0.631093,-0.048487,-0.012545,0.009198,0.003686,0.019313
1004180917364,0.292185,-0.674393,-0.064049,0.023430,-0.002769,-0.010374,0.025407
1004280935384,0.181894,-0.633187,-0.056885,-0.033582,0.020334,0.011034,0.019750
1004380953403,-0.271580,-0.577201,-0.048315,-0.014546,0.026796,0.029024,0.024577
1004480971423,0.028307,-1.050315,-0.058618,0.024681,-0.024308,-0.017668,0.042305
1004580989443,0.389539,-1.204739,-0.092786,0.032850,-0.052849,-0.016845,0.026539
1004681007462,0.556103,-0.881487,-0.102370,-0.004920,-0.027176,0.000756,0.049622
1004781025482,0.267995,-0.790415,-0.103755,-0.015349,-0.017745,0.038116,0.079518
1004881043502,0.118786,-1.647858,0.058385,-0.011310,-0.053543,0.007805,0.139254
1004981061521,0.474911,-1.921861,0.194983,0.034068,-0.071498,0.000550,0.139110
1005081079541,0.943460,-0.843640,-0.034099,0.104787,-0.098530,-0.018940,0.142417
1005181097560,0.887298,-2.500133,0.051884,0.070199,-0.098468,-0.012240,0.195025
1005281115580,0.703752,-3.038209,0.131648,0.133693,-0.157145,-0.051175,0.204466
1005381133600,1.218496,-3.764001,0.294200,0.211319,-0.232205,-0.097724,0.307109
1005481151619,2.298839,-5.047704,0.312944,0.247896,-0.280815,-0.075482,0.411361
1005581169639,2.552178,-4.905340,0.118630,0.186520,-0.211395,0.041798,0.407227
1005681187659,0.927419,-0.793810,-0.266923,0.185241,-0.211908,0.084099,0.539287
1005781205678,0.083066,-1.502976,-0.192059,0.252042,-0.269218,0.052405,0.602691
1005881223698,1.165222,-2.214481,-0.199334,0.301333,-0.351192,-0.113257,0.753044
1005981241718,2.350821,-1.595655,0.168396,0.286307,-0.288570,-0.028078,0.891725
1006081259737,2.282663,-1.258527,0.045418,0.265225,-0.275674,0.087836,1.084274
1006181277757,3.490664,-0.961058,-0.212755,0.394388,-0.364558,0.039030,1.254680
1006281295777,2.100132,-0.944017,0.075426,0.271252,-0.251460,0.094470,1.546727
1006381313796,0.518826,-1.131299,0.228980,0.232284,-0.203312,0.183533,1.737950
1006481331816,1.033776,-1.073239,0.340318,0.370413,-0.363717,0.001855,2.085927
1006581349836,3.348418,-0.841602,0.353698,0.408988,-0.514420,-0.148104,2.252441
1006681367855,3.561920,0.269870,0.157121,0.491325,-0.472094,-0.181787,2.424419
1006781385875,2.373377,1.485159,0.307818,0.374432,-0.411698,-0.115055,2.784432
1006881403895,0.792227,0.761935,0.337933,0.254092,-0.164938,0.052831,2.911801
1006981421914,1.116221,0.752414,0.390799,0.326133,-0.285816,0.137141,3.111159
1007081439934,2.666221,1.117473,-0.089511,0.461979,-0.438488,-0.124296,3.250033
1007181457954,0.789338,1.047057,-0.120564,0.433352,-0.433867,-0.027653,3.390058
1007281475973,-0.832588,0.806176,0.521397,0.395202,-0.293925,0.020591,3.631272
1007381493993,3.285652,-0.868426,-0.770421,0.285477,-0.217291,-0.303720,3.801336
1007481512013,2.456627,-0.719589,0.213889,0.323172,-0.287870,-0.037676,3.899985
1007581530032,1.834788,-0.373857,0.739508,0.225539,-0.273520,-0.126228,4.181084
1007681548052,3.703116,-0.715410,-0.226887,0.269267,-0.230376,-0.049775,4.250852
1007781566072,2.056038,-0.066710,0.573574,0.244092,-0.195860,0.056419,4.355013
1007881584091,2.994354,-0.893048,-0.112996,0.268831,-0.120822,0.047261,4.364232
1007981602111,1.936645,-0.348542,0.178621,0.224476,-0.215496,0.037803,4.527489
1008081620131,1.409337,0.227137,0.007598,0.236685,-0.209579,-0.020143,4.645033
1008181638150,1.435198,-0.293303,-0.132587,0.373412,-0.272855,-0.099946,4.773267
1008281656170,3.011151,0.738565,-0.466472,0.193309,-0.247549,-0.074750,5.045519
1008381674190,2.556560,-0.498158,-0.398191,0.175728,-0.093982,0.079231,5.159871
1008481692209,1.059978,-0.792205,-0.273202,0.085982,-0.038379,0.124539,5.356863
1008581710229,0.873233,0.500018,-0.699300,0.199293,-0.156377,0.028018,5.562157
1008681728248,2.472363,0.196750,-0.385598,0.203196,-0.286861,-0.066922,5.745319
1008781746268,2.396366,0.579600,-0.362640,0.225756,-0.317606,-0.051032,5.845042
1008881764288,1.894191,-0.126307,0.264080,0.171351,-0.219837,-0.071836,6.034885
1008981782307,1.688153,1.095480,-0.332412,0.195540,-0.121784,-0.114474,6.216326
1009081800327,3.799155,2.494343,-1.024720,-0.086541,0.192463,0.283335,6.374846
1009181818347,3.901531,0.936028,-0.937065,-0.014552,-0.026591,0.138018,6.506010
1009281836366,-0.245302,-2.486065,-0.099243,0.241325,-0.250307,-0.050886,6.690288
1009381854386,-1.434133,-2.824776,-0.295067,0.158336,-0.099211,-0.015454,6.802054
1009481872406,-0.029725,-1.308473,-0.182813,-0.072643,0.033206,0.127473,6.826394
1009581890425,2.577002,0.380746,-0.524938,-0.085235,0.152605,0.243705,7.088513
1009681908445,1.555047,0.030876,-0.257714,-0.061411,0.067839,0.081300,7.169774
1009781926465,-1.113744,-1.383853,0.632976,0.144425,-0.188685,-0.091175,7.363431
1009881944484,-0.627844,-1.568252,0.330154,0.087114,-0.160435,-0.046499,7.432770
1009981962504,0.806697,-0.029083,-0.121218,-0.028953,0.076632,0.018989,7.481692
1010081980524,1.191046,-0.323319,-0.241823,-0.093738,0.189675,0.130852,7.622963
1010181998543,-0.336531,-2.270573,-0.013611,0.032785,0.011032,0.032957,7.697044
1010282016563,0.449120,-1.749908,-0.006468,0.065367,-0.096854,-0.065535,7.892393
1010382034583,1.519721,0.005906,-0.278033,0.123945,-0.197614,-0.084731,7.976579
1010482052602,-0.477211,-1.803461,0.357335,0.106875,-0.158713,-0.078879,8.031924
1010582070622,0.344619,-0.067460,0.218307,-0.032812,0.097045,0.099942,8.149548
1010682088642,2.057639,0.124090,0.204414,-0.174163,0.163536,0.147612,8.212504
1010782106661,0.888722,-2.148949,0.380900,-0.135599,0.219095,0.173072,8.354078
1010882124681,-2.267254,-2.882143,0.368496,-0.000895,0.123365,0.067097,8.426627
1010982142701,-1.935180,-1.357808,0.222598,0.282156,-0.361634,-0.299105,8.458244
1011082160720,3.562923,2.897769,-1.140421,0.217299,-0.283010,-0.147906,8.609347
1011182178740,5.071370,1.375893,-0.808459,-0.330086,0.138606,0.225978,8.701832
1011282196760,3.673957,-0.386145,0.189619,-0.458087,0.328234,0.406974,8.747879
1011382214779,-1.785252,-1.530250,2.036983,0.084151,-0.075828,-0.049104,8.902987
1011482232799,-2.412203,-1.628602,2.356081,0.240308,-0.325618,-0.077223,8.938198
1011582250819,0.756579,0.179438,0.401106,0.214460,-0.128130,-0.202771,9.045815
1011682268838,2.536705,-1.100590,0.094808,-0.093398,-0.020312,0.079807,9.240054
1011782286858,1.284114,-0.894434,0.137370,-0.143136,0.157710,0.118852,9.301631
1011882304878,-1.259864,-1.761587,0.598930,-0.026275,0.028072,0.013338,9.375303
1011982322897,0.223539,-1.363570,-0.050267,0.111941,-0.067742,-0.089086,9.420414
1012082340917,1.703376,1.142673,-0.615255,0.182608,-0.216871,-0.146016,9.504482
1012182358937,2.122712,1.803914,-0.315785,-0.224671,0.127946,0.159508,9.778712
1012282376956,0.232654,0.118392,0.434848,-0.144730,0.235958,0.139720,9.959971
1012382394976,-1.298656,0.951971,-0.154790,0.016442,0.063576,-0.108474,9.964744
1012482412995,-1.414830,-0.628534,-0.233169,0.153249,-0.033470,-0.024320,9.998688
1012582431015,1.930974,-0.529584,-0.871959,0.128424,-0.221415,-0.010594,10.105175
1012682449035,1.086964,-1.757371,-0.613182,-0.000563,0.025586,-0.052598,10.267878
1012782467054,-0.558070,-1.247685,0.453543,-0.145258,0.058773,0.165189,10.441457
1012882485074,-0.703045,-0.675297,0.285606,0.026628,0.029415,-0.083944,10.512500
1012982503094,-0.421702,-0.414943,0.178592,0.061094,-0.002497,-0.073669,10.517673
1013082521113,0.925023,0.446373,-0.231177,-0.021060,0.064244,-0.012048,10.577231
1013182539133,-0.094179,0.655496,0.047645,-0.166134,0.157367,0.155357,10.685837
1013282557153,-1.267559,-2.353196,0.668474,-0.182519,0.304312,0.123757,10.794401
1013382575172,-0.882928,0.186690,-0.050030,0.041631,-0.042120,-0.116752,10.826130
1013482593192,0.580939,0.393993,-0.153625,0.120787,-0.114321,-0.068538,10.833936
1013582611212,0.905203,0.730844,-0.392440,0.041558,-0.147033,-0.086588,10.884567
1013682629231,0.031904,-1.098995,0.289494,-0.017940,0.091350,0.022800,10.917264
1013782647251,1.101803,-0.254194,-0.032001,-0.061656,0.139309,0.027260,10.955922
1013882665271,0.966494,0.331518,-0.302907,-0.009550,0.054192,0.002333,11.087742
1013982683290,-0.775140,-0.300603,-0.416275,-0.046925,0.024961,0.063083,11.128818
1014082701310,-2.295751,0.621770,-0.212913,0.027469,-0.042712,-0.062162,11.151931
1014182719330,-1.429567,-0.862632,0.052252,-0.142562,0.131184,0.031791,11.191497
1014282737349,0.120038,-0.969123,0.039953,-0.145994,0.199646,0.231826,11.271054
1014382755369,2.419621,2.159813,-0.365390,-0.066815,0.008529,0.011429,11.359671
1014482773389,1.394618,1.219530,0.165047,0.188956,-0.168953,-0.035780,11.392474
1014582791408,-2.318839,-1.564668,0.590035,0.412533,-0.279715,-0.149125,11.477063
1014682809428,0.027997,0.229985,-2.377658,0.117251,-0.154376,-0.242845,11.422811
1014782827448,2.128797,1.602328,-0.569665,-0.342162,0.155559,0.459688,11.542190
1014882845467,1.193827,2.143776,0.014617,-0.534308,0.476492,0.270631,11.598075
1014982863487,-3.007693,-1.917824,-0.396561,0.297976,-0.243987,-0.462955,11.425042
1015082881507,-3.993706,-3.798640,0.196793,0.420551,-0.397579,-0.329903,11.514910
1015182899526,-0.442177,-0.893854,-0.272452,-0.235416,0.405307,0.328274,11.516932
1015282917546,3.013878,2.205932,-0.354931,-0.189926,0.237988,0.126756,11.586570
1015382935566,1.804143,1.293515,0.037168,0.160131,-0.150629,-0.115937,11.470169
1015482953585,-1.710431,-1.606916,0.160698,0.163121,-0.150693,-0.075375,11.564951
1015582971605,-0.892282,-0.833074,-0.018328,0.029558,0.029325,-0.049129,11.422443
1015682989625,-1.077889,-1.343340,-0.611110,-0.019082,0.087303,0.038445,11.384598
1015783007644,0.242158,-1.843040,-1.050018,-0.047708,0.147795,-0.095943,11.554055
1015883025664,-1.845907,-2.320706,-0.711329,0.088999,0.002482,-0.180967,11.491795
1015983043684,-1.813864,-0.570881,0.108124,0.118289,-0.257771,-0.086951,11.391438
1016083061703,2.591606,1.158129,0.253101,0.259750,-0.296564,-0.275554,11.422299
1016183079723,0.834374,0.318155,0.386513,0.191811,-0.091648,-0.193809,11.460330
1016283097742,-1.434381,-1.000467,0.739755,-0.176412,0.291078,0.186182,11.487578
1016383115762,-2.379474,-1.668480,0.992584,-0.181761,0.193818,0.138109,11.489405
1016483133782,2.592726,1.144045,-0.949495,0.138794,0.097969,0.018413,11.459792
1016583151801,2.614706,1.071059,-0.848048,0.176597,-0.215851,-0.149307,11.472367
1016683169821,-2.471377,-2.750127,0.473605,0.228642,-0.340608,-0.250776,11.564133
1016783187841,-0.773218,-1.128442,0.226649,0.058507,-0.004188,0.068610,11.607825
1016883205860,-1.144251,0.519764,-0.506164,-0.017085,0.137135,0.028721,11.683781
1016983223880,1.493154,-0.757296,-0.237509,-0.064317,-0.049382,-0.013753,11.663148
1017083241900,0.773225,1.154962,-0.316787,0.021843,-0.017249,-0.059287,11.672759
1017183259919,2.927230,1.939360,-1.174032,-0.081290,0.230342,0.139076,11.816728
1017283277939,-0.962200,-1.393253,-0.408794,-0.302311,0.413853,0.269439,11.869058
1017383295959,-2.603746,-3.083260,0.318769,-0.238532,0.181410,0.233871,11.829927
1017483313978,0.113025,-1.593418,0.098727,0.267395,-0.277978,-0.315043,11.871794
1017583331998,2.676494,2.330950,-0.371131,0.197987,-0.207926,-0.138177,11.947916
1017683350018,-0.215245,0.019959,-0.297210,-0.109477,0.153230,0.079467,12.099333
1017783368037,-1.491647,-0.592574,0.111167,-0.224810,0.285059,0.149885,11.972714
1017883386057,-2.189408,-2.155390,0.497038,0.053074,-0.104900,-0.081896,12.137207
1017983404077,0.498222,-0.058580,-0.486697,0.237966,-0.282890,-0.233227,12.353576
1018083422096,1.445981,1.738191,-0.267488,0.114503,-0.031616,-0.066477,12.288782
1018183440116,0.352246,-1.787511,-0.363334,-0.199061,0.261490,0.146503,12.273988
1018283458136,-2.088344,-2.867360,0.181096,0.018999,-0.044583,-0.025819,12.415256
1018383476155,-2.781066,-1.421292,0.331307,0.165404,-0.226573,-0.219642,12.455577
1018483494175,-1.183164,1.044312,0.557024,0.095180,-0.047177,-0.071437,12.411206
1018583512195,1.701145,1.198851,-0.223343,-0.130096,0.204636,0.076649,12.495432
1018683530214,0.962830,0.026920,-0.474182,-0.081478,0.007072,-0.001233,12.477228
1018783548234,-0.526475,-2.316736,0.154906,0.177342,-0.196133,-0.125419,12.529412
1018883566254,-0.398451,-0.934873,-0.450596,0.247199,-0.205036,-0.224887,12.564324
1018983584273,-0.258924,0.513201,0.099780,0.050859,0.028195,-0.100467,12.574926
1019083602293,1.944914,1.483595,-0.587482,-0.216045,0.104526,0.231823,12.622789
1019183620313,0.039212,-0.027597,-0.543410,0.202156,-0.216921,-0.119300,12.708132
1019283638332,-2.000043,-1.932026,-0.422724,0.241583,-0.136049,-0.154028,12.674499
1019383656352,-0.664882,-0.997703,-0.467979,0.011437,-0.070618,-0.014448,12.626425
1019483674372,1.034332,-0.242708,-0.090761,-0.072234,0.046504,0.014939,12.676764
1019583692391,-0.015073,-1.127398,0.509705,-0.051110,0.146083,0.094522,12.773375
1019683710411,-0.669577,-1.440489,-0.341261,0.046951,0.055141,-0.045000,12.682804
1019783728431,0.783513,-0.784091,-0.796104,0.132708,-0.179159,-0.167473,12.748231
1019883746450,1.925646,-0.972212,-0.938284,0.135997,-0.266256,-0.057310,12.740807
1019983764470,0.952555,-0.511639,-0.925465,-0.088461,0.147864,0.106841,12.744488
1020083782489,-1.881896,-0.923583,-0.166441,-0.152255,0.121181,0.196480,12.916003
1020183800509,-1.027280,-1.409977,0.319297,0.066486,-0.072517,-0.022202,12.923050
1020283818529,-1.311042,-2.100506,0.404219,0.152759,-0.135236,-0.112978,12.898731
1020383836548,0.795221,0.179652,0.059994,0.011516,-0.046784,-0.032001,12.914329
1020483854568,1.823241,0.050330,-0.044024,-0.118035,0.108616,0.077755,12.929702
1020583872588,0.045199,1.049490,-0.227736,-0.131375,0.239902,0.117444,12.907715
1020683890607,-2.614250,-0.327294,0.352851,-0.057744,0.078345,0.063252,12.945700
1020783908627,-1.591158,-0.526184,0.694566,0.149490,-0.191649,-0.156776,12.955754
1020883926647,0.689053,2.271845,-0.671380,0.099689,-0.084357,-0.073151,12.863792
1020983944666,1.115000,1.538276,-1.457825,-0.144765,0.270296,0.144818,12.892980
1021083962686,-2.091206,-0.820083,-0.437057,-0.230499,0.256116,0.150393,12.869292
1021183980706,-2.200987,-1.126887,0.561561,0.196908,-0.166553,-0.159145,12.888250
1021283998725,1.956738,1.619452,-0.392468,0.229360,-0.255827,-0.199526,12.848490
1021384016745,2.907466,3.632205,-0.624098,0.000533,0.014469,0.018676,12.838366
1021484034765,-0.224484,0.437102,0.108533,-0.300056,0.309413,0.221839,12.798606
1021584052784,-4.876893,-2.693902,0.756114,0.586103,-0.458101,-0.380804,12.738111
1021684070804,-8.829709,-6.943315,-0.832022,0.664569,-0.631121,-0.884246,12.768456
1021784088824,-1.739605,-6.787125,-2.292571,-0.217951,0.179284,0.128029,12.672635
1021884106843,7.903683,-0.229438,-1.834997,-0.714862,0.842232,0.729705,12.621983
1021984124863,8.926310,1.922985,-1.574952,0.149476,-0.203965,-0.034385,12.600922
1022084142883,-1.544486,-3.439630,0.768593,0.562669,-0.704744,-0.506603,12.677056
1022184160902,-2.939320,-3.091932,0.844264,0.485585,-0.645721,-0.386405,12.639811
1022284178922,-0.083875,0.276578,0.087346,0.092588,-0.122251,-0.109032,12.518931
1022384196942,5.101577,3.132550,-1.108631,-0.372438,0.456302,0.313255,12.502265
1022484214961,2.435316,-1.207256,-2.435819,-0.121104,-0.212607,0.119389,12.536742
1022584232981,-4.898436,-4.387552,0.773364,0.523538,-0.686741,-0.456043,12.514276
1022684251001,-5.373278,-8.114602,1.454018,0.537134,-0.533810,-0.613849,12.537675
1022784269020,3.463976,1.097786,-1.338910,-0.526909,0.674799,0.487555,12.575827
1022884287040,6.500983,4.003513,-2.223570,-0.504469,0.773365,0.471675,12.544952
1022984305060,0.229866,-1.432488,-0.616267,-0.224682,0.155606,0.220145,12.527049
1023084323079,-5.508697,-5.105277,0.512559,0.334442,-0.446933,-0.247205,12.562945
1023184341099,-4.416718,-5.339094,0.471748,0.259365,-0.261812,-0.233157,12.598582
1023284359119,2.103685,0.137844,-0.511075,-0.258845,0.165557,0.244511,12.556788
1023384377138,4.405862,0.782504,-0.838430,-0.443427,0.520480,0.406263,12.697356
1023484395158,1.260763,-0.119323,-0.237078,-0.343376,0.457990,0.337001,12.736722
1023584413178,-4.421122,-3.346103,-0.076677,0.314605,-0.383664,-0.253426,12.743110
1023684431197,1.557067,-1.186953,-0.635712,0.342788,-0.569755,-0.333568,12.793844
1023784449217,4.465470,3.099906,-0.975586,0.209553,-0.256069,-0.189604,12.816427
1023884467236,0.980139,1.240382,-0.452250,-0.109285,0.305103,0.158076,12.932920
1023984485256,-5.788280,-3.756278,0.765259,-0.294952,0.442466,0.283290,12.935349
1024084503276,-4.654160,-3.081061,0.318772,0.122693,-0.051449,-0.085714,13.025837
1024184521295,2.033975,2.984137,-0.927905,0.510816,-0.684751,-0.409681,13.124994
1024284539315,4.744728,3.634010,-0.534510,0.324584,-0.521591,-0.417409,13.150098
1024384557335,0.665432,1.238369,0.214877,-0.425993,0.458238,0.354400,13.156172
1024484575354,-3.812757,-3.578468,0.732215,-0.235727,0.385838,0.255980,13.195943
1024584593374,-0.743091,-0.793316,-0.346038,0.123199,-0.008059,-0.165069,13.232663
1024684611394,1.233936,0.457236,-0.813818,0.236188,-0.248230,-0.181839,13.212672
1024784629413,2.568174,-1.210610,-0.645501,0.042897,0.008923,-0.029834,13.172558
1024884647433,-1.608569,-3.167459,0.155801,-0.232527,0.202415,0.189682,13.108504
1024984665453,-1.188811,-2.298836,-0.406802,-0.187408,0.080939,0.139154,13.126748
1025084683472,-1.313754,-0.646381,0.051319,-0.023684,-0.047326,0.023452,13.036205
1025184701492,-1.408986,-1.295537,-0.542447,0.076894,-0.120658,-0.146824,13.076533
1025284719512,0.257685,-0.922692,0.192092,-0.020742,-0.082536,0.058166,13.058234
1025384737531,0.862206,0.684247,-0.192493,-0.145250,0.133235,0.073163,13.023397
1025484755551,0.651095,-0.355378,0.013648,-0.021697,0.218854,0.055092,13.045130
1025584773571,-0.981983,-1.261921,0.902527,-0.042114,-0.190681,0.026160,13.054239
1025684791590,-0.160427,0.992926,0.659065,0.102805,-0.087479,-0.235063,13.038042
1025784809610,1.401368,1.689543,0.345541,0.155894,-0.035161,-0.116206,12.990004
1025884827630,-0.523878,-0.380130,-0.161070,-0.019112,-0.125342,0.002529,13.080439
1025984845649,-1.234943,-2.963955,0.257883,-0.316622,0.287639,0.267275,13.082736
1026084863669,1.006681,-0.018939,-0.792692,-0.174042,0.296026,0.237446,13.095323
1026184881689,1.776263,3.780466,-1.008309,0.022333,-0.045165,0.065253,13.136252
1026284899708,-3.424598,1.243468,-1.195271,0.223555,-0.332653,-0.218769,13.114991
1026384917728,-5.170938,-1.466390,-0.945858,0.041367,-0.063438,-0.041388,13.208599
1026484935748,-0.076024,-1.218366,-0.683473,-0.313942,0.283224,0.273914,13.111448
1026584953767,3.135030,3.037554,-0.408546,-0.402612,0.449872,0.364832,13.203911
1026684971787,3.533777,3.500329,-0.807916,-0.038757,0.066011,-0.026927,13.193441
1026784989807,-2.361505,0.248262,-0.355448,0.248153,-0.250817,-0.236148,13.231259
1026885007826,-2.847566,-0.161313,0.380286,0.199868,0.026317,-0.142953,13.177730
1026985025846,0.491882,1.074119,0.147994,-0.141093,0.211638,0.084554,13.325896
1027085043866,1.680651,1.707427,-0.212992,-0.205493,0.252441,0.248728,13.206007
1027185061885,0.303954,1.479436,0.290052,0.006841,-0.099804,0.033259,13.217333
1027285079905,-1.755574,-1.357383,-0.359696,0.148604,-0.154625,-0.105238,13.183240
1027385097925,0.712262,-2.794350,-1.226390,0.075056,-0.147823,-0.115461,13.166656
1027485115944,1.202709,0.924809,-1.254102,-0.225716,-0.025426,0.186371,13.149632
1027585133964,-0.243446,-0.062230,-1.207271,0.091018,0.038528,0.009842,13.127316
1027685151983,1.083391,0.146301,-1.271741,0.129368,-0.262246,-0.059404,13.109460
1027785170003,1.592554,-2.751841,0.260999,0.047571,-0.123497,-0.079445,13.044013
1027885188023,-0.411693,-1.202722,0.403842,-0.083181,0.061743,-0.036193,13.096000
1027985206042,-2.897715,0.288856,0.250973,0.113042,-0.029690,-0.105793,12.960437
1028085224062,-1.444617,-0.019705,-0.266355,0.161190,-0.291202,-0.165740,12.986134
1028185242082,-1.513862,0.987795,0.475463,-0.002998,-0.045442,-0.011938,12.939593
1028285260101,1.465722,1.062647,0.612747,-0.135593,0.226048,0.117446,12.876239
1028385278121,2.155577,1.795743,0.709326,0.129394,0.052948,-0.071766,12.954828
1028485296141,-1.437608,2.082659,1.220323,0.079944,-0.187048,-0.209236,12.951282
1028585314160,-2.442019,0.257858,1.339226,0.029052,-0.097653,-0.022506,12.867718
1028685332180,-1.722150,0.333708,0.951321,-0.010264,0.135916,0.043333,12.876170
1028785350200,1.633471,2.336201,-0.278369,-0.243543,0.284975,0.232598,12.885216
1028885368219,0.683835,-0.356779,-0.510938,-0.082367,0.108129,0.118512,12.962943
1028985386239,-1.585920,-1.345844,0.416045,0.219595,-0.450701,-0.171649,12.961406
1029085404259,-5.800926,-0.038283,0.208283,0.093486,-0.365670,-0.263830,12.933268
1029185422278,-0.174723,-1.176998,-1.168598,-0.007249,-0.206625,-0.035725,12.961397
1029285440298,3.972764,-0.766406,-1.146135,-0.139274,0.173245,0.199963,13.002070
1029385458318,1.860524,0.529593,-0.778738,-0.297260,0.518604,0.208972,13.025859
1029485476337,-2.019766,-2.617773,-0.074044,0.016697,-0.095444,0.035084,13.021291
1029585494357,-2.198164,-1.325691,-0.048972,0.338905,-0.397861,-0.239633,12.994352
1029685512377,1.153148,0.745424,0.576460,0.249080,-0.129464,-0.266998,13.095940
1029785530396,2.519457,3.219802,0.666678,-0.280614,0.167425,0.287674,13.151665
1029885548416,-0.954454,1.075356,1.292047,-0.125466,0.224078,0.124801,13.079399
1029985566436,-3.479779,0.141724,0.520255,0.127342,-0.189416,-0.108827,13.174733
1030085584455,-4.138926,-1.242762,0.658353,0.210910,-0.341172,-0.288769,13.239176
1030185602475,-1.704473,-1.029766,-0.464577,-0.038024,-0.077750,0.027050,13.330882
1030285620495,1.232295,1.907917,-0.188978,-0.174542,0.254016,0.228947,13.330492
1030385638514,0.390754,2.895990,1.009165,0.150736,0.007212,-0.058425,13.367307
1030485656534,2.461691,2.769642,-0.027193,0.223258,-0.150996,-0.244792,13.356758
1030585674554,0.224776,0.412095,0.141323,-0.022294,-0.034659,-0.001701,13.461934
1030685692573,-1.197961,-0.320913,-0.001688,-0.012748,-0.096449,0.040035,13.455244
1030785710593,-2.438185,-0.717227,-0.095951,0.136529,-0.200783,-0.211994,13.441588
1030885728613,-1.272652,-0.732045,-0.939883,0.128092,-0.060987,-0.100103,13.319027
1030985746632,-3.490751,-0.547437,-0.357893,-0.126502,0.070241,0.174351,13.391543
1031085764652,-0.952542,-0.273488,-2.583699,0.212306,-0.161785,-0.105713,13.353818
1031185782672,-2.116797,-0.187568,-1.367816,0.302456,-0.796366,-0.287343,13.413626
1031285800691,-1.674227,-0.387070,-0.073824,-0.004902,-0.025573,0.015553,13.343489
1031385818711,-3.779094,-4.325463,-0.463475,-0.397226,0.365919,0.312514,13.261345
1031485836730,2.246708,-3.708007,-0.402852,0.073171,0.212900,-0.075082,13.286004
1031585854750,2.049163,-1.769384,-0.165862,0.133703,-0.118892,-0.049435,13.252594
1031685872770,-0.528396,-1.693235,-0.274194,0.295216,-0.266663,-0.252999,13.307892
1031785890789,-1.739082,-1.927220,-0.436224,0.146786,-0.210264,-0.138647,13.260556
1031885908809,1.049649,0.019898,-0.529210,-0.144379,0.181966,0.164881,13.177134
1031985926829,2.585011,0.223039,-0.550189,-0.184685,0.304678,0.156068,13.188153
1032085944848,-0.002968,-1.792894,0.607585,-0.071748,0.214266,0.136396,13.175710
1032185962868,-1.544501,0.857916,-0.206551,0.178520,-0.161167,-0.065867,13.142013
1032285980888,3.235357,3.414394,-0.657903,0.284407,-0.301517,-0.237588,13.122375
1032385998907,3.359739,1.676331,-0.186849,-0.068398,0.073946,-0.017063,13.122628
1032486016927,-3.483030,-2.158965,-0.462277,-0.486968,0.424444,0.436507,13.093666
1032586034947,-3.655976,-2.336292,-0.250765,-0.413081,0.396272,0.405148,12.996879
1032686052966,0.669277,-0.373278,-0.102361,0.195644,-0.373462,-0.141029,13.045767
1032786070986,2.315232,2.882199,-0.137446,0.363631,-0.331694,-0.301041,13.107754
1032886089006,-1.310726,-2.608805,0.591759,0.159394,-0.086972,-0.184289,13.069480
1032986107025,-3.582172,-2.472935,0.630810,-0.184856,0.223107,0.139228,13.054290
1033086125045,-3.917427,-1.273118,0.490846,-0.311733,0.452605,0.281438,13.018606
1033186143065,-2.815853,-3.437988,0.476143,0.209995,-0.475732,-0.287983,13.017363
1033286161084,2.579535,2.212093,-1.155443,0.062174,-0.133251,-0.048625,13.072385
1033386179104,2.288799,4.193791,-1.783730,-0.310915,0.430542,0.246709,13.158672
1033486197124,-2.897073,-2.787305,-0.313340,-0.384948,0.473586,0.405751,13.115083
1033586215143,-1.287235,-1.019747,-0.530877,0.154301,-0.207903,-0.123728,13.098208
1033686233163,4.391119,0.729345,0.419653,0.391881,-0.377042,-0.312549,13.227252
1033786251183,4.153851,1.282722,0.858303,0.189988,-0.132546,-0.128993,13.285191
1033886269202,-2.713280,-0.381938,0.775995,-0.175646,0.239824,0.177951,13.260917
1033986287222,-2.828849,-0.240898,0.590323,-0.301842,0.188372,0.262660,13.309561
1034086305242,0.062880,0.275862,0.153378,0.090231,-0.191783,-0.129998,13.343947
1034186323261,3.540816,1.852035,0.253209,0.369985,-0.325331,-0.328427,13.391217
1034286341281,2.423122,0.044429,0.001273,0.120072,-0.143473,-0.113284,13.398056
1034386359301,-0.443825,-1.349629,-1.079919,-0.396718,0.245078,0.433617,13.451550
1034486377320,-3.757454,-4.520436,-0.535622,0.067313,0.072363,-0.048283,13.548057
1034586395340,-0.976177,-1.265042,-1.665585,0.398750,-0.242506,-0.334533,13.583543
1034686413360,1.465722,-0.253702,-1.573575,0.019065,-0.324070,-0.073193,13.608548
1034786431379,3.286692,-0.525992,-0.967261,-0.095512,0.201879,0.088246,13.559365
1034886449399,-0.127209,1.361277,-0.631072,-0.002344,-0.026050,0.011893,13.667818
1034986467419,0.914236,0.129049,0.338371,0.149264,-0.101301,-0.161829,13.626304
1035086485438,-0.283284,-1.117994,0.120600,-0.047460,-0.017517,0.045835,13.678445
1035186503458,-0.314731,-2.630504,0.780349,-0.158446,0.129513,0.153925,13.732989
1035286521477,0.376779,-1.712702,0.058728,-0.023451,-0.048868,0.057608,13.643144
1035386539497,0.504542,0.586203,-0.986808,-0.050479,-0.017582,0.040878,13.679979
1035486557517,2.150212,0.490880,-0.628949,-0.185922,0.254386,0.152259,13.726045
1035586575536,1.609940,0.954717,-0.251661,-0.135379,0.133739,0.081756,13.717275
1035686593556,-1.088764,-0.969259,-0.557940,0.189369,-0.264998,-0.137129,13.727989
1035786611576,-1.329441,-1.070459,0.400740,0.085772,-0.135990,-0.084592,13.728316
1035886629595,1.392708,-1.014187,0.523738,-0.114696,0.088434,0.113740,13.787734
1035986647615,1.085529,0.373359,0.114947,-0.148606,0.108681,0.164169,13.819569
1036086665635,-1.507850,-0.036341,-0.442859,0.076676,-0.121159,-0.136202,13.834370
1036186683654,-0.030341,-1.527928,0.166504,0.249246,0.094774,-0.167283,13.886195
1036286701674,0.371177,0.199705,0.116168,0.063109,-0.098607,-0.038569,13.821156
1036386719694,-1.441019,0.987955,-1.048351,0.413893,-0.157526,-0.221651,13.841315
1036486737713,-2.966674,-2.541741,2.346325,-0.339487,-0.094584,0.415248,13.908514
1036586755733,-2.314989,-1.772706,0.981961,-0.221009,0.478728,0.125017,13.886727
1036686773753,0.807872,2.221434,0.257118,-0.060592,0.197837,0.104676,13.906289
1036786791772,0.276183,2.961520,0.716692,0.065662,0.025544,-0.057407,13.963763
1036886809792,-1.052416,0.282885,0.286948,0.028955,-0.191280,-0.083096,13.973632
1036986827812,-0.218958,-1.378495,0.425158,0.064038,0.007222,-0.050745,13.890679
1037086845831,1.565059,-0.436855,0.181382,-0.108434,0.037585,0.027319,13.956217
1037186863851,0.928231,-0.015434,0.315824,-0.084445,0.125610,0.150523,13.934999
1037286881871,-2.891572,-2.025942,-0.406794,-0.242764,-0.024110,0.105781,13.810055
1037386899890,-0.753272,-1.372466,-0.884477,-0.042654,0.008824,0.139738,14.000504
1037486917910,0.857180,-2.171775,-0.303139,0.153261,0.138156,-0.301289,13.930299
1037586935930,1.291141,0.386722,-0.989453,-0.106689,-0.128967,0.099874,13.896647
1037686953949,-0.642202,1.077435,-0.494599,-0.008755,0.170376,0.029611,13.925289
1037786971969,0.056137,-0.579316,-1.005624,-0.036007,-0.152563,0.007779,13.827325
1037886989989,-0.556099,-2.140691,-0.774294,0.205561,0.007662,-0.179945,13.938080
1037987008008,-0.342648,-0.713064,-1.213853,0.063232,-0.023960,-0.059352,13.949935
1038087026028,-0.728640,1.256118,-1.247607,-0.018576,0.014431,0.015466,13.895948
1038187044048,0.336535,-1.286895,-0.244893,0.053836,-0.069171,0.002732,13.896760
1038287062067,0.597245,-0.006913,0.139411,0.131392,-0.023725,-0.115836,13.872662
1038387080087,1.288081,2.058718,0.229591,-0.042775,0.069235,0.093580,13.820995
1038487098107,0.739554,1.375359,0.408666,-0.033712,0.080579,-0.003559,13.914052
1038587116126,-0.492158,-1.085954,0.824480,0.034885,-0.044315,-0.047852,13.911466
1038687134146,-1.549265,-1.779111,0.153821,0.156015,0.032200,-0.118339,13.918570
1038787152165,-0.907323,-0.504388,-0.100764,-0.006991,0.057058,0.009660,13.879087
1038887170185,-0.332386,0.059939,-0.098043,0.048212,-0.017209,-0.050650,13.803319
1038987188205,0.816877,0.175398,-0.447700,0.040165,-0.104575,-0.094305,13.789423
1039087206224,0.418464,-1.618551,0.446084,0.055114,-0.018490,-0.030469,13.816989
1039187224244,0.205919,-1.180956,-0.293850,0.014857,0.077161,-0.029342,13.784283
1039287242264,0.891879,-0.372996,-0.463302,-0.014951,0.032437,-0.039470,13.784220
1039387260283,1.160857,-1.174567,-0.471864,-0.034971,0.136594,0.048214,13.699436
1039487278303,-0.898660,0.216252,-0.703760,-0.107048,0.014120,0.045597,13.675550
1039587296323,0.239843,0.582160,-0.943676,-0.082385,0.008472,0.054001,13.691348
1039687314342,-0.233522,1.245483,-0.171343,-0.092372,0.060615,0.072080,13.623310
1039787332362,-0.617902,-0.873299,-0.854246,0.018559,-0.013094,-0.009218,13.540521
1039887350382,-0.200114,-0.820151,-0.793749,0.144159,-0.094581,-0.120141,13.556205
1039987368401,1.265012,0.258752,-0.764005,0.073687,-0.183766,-0.037112,13.510249
1040087386421,-1.095332,0.437416,-0.059870,-0.070789,0.160062,0.075028,13.500385
1040187404441,-2.625763,1.848370,1.750437,-0.003768,0.169823,0.131166,13.382975
1040287422460,0.212412,0.797363,-0.939681,-0.202472,-0.102047,0.027661,13.346684
1040387440480,1.428593,-1.460322,-0.034222,-0.027629,-0.026104,0.074546,13.340488
1040487458500,-0.836417,3.212843,-0.718235,-0.014976,0.127845,-0.062249,13.250841
1040587476519,-1.533015,-1.759021,-0.187908,-0.083472,0.267627,0.168024,13.251906
1040687494539,-0.973839,-1.031749,0.591031,-0.186366,0.204462,0.117986,13.153270
1040787512559,1.395959,4.192669,-0.147193,-0.138227,0.258444,0.151576,13.153960
1040887530578,-6.068753,-1.710363,2.963819,-0.017864,0.166892,-0.074120,13.092165
1040987548598,-1.388194,0.030200,1.806537,-0.055994,0.065154,0.141577,13.065546
1041087566618,2.729275,2.493366,1.423047,0.252660,-0.336995,-0.061731,12.961381
1041187584637,9.477488,6.159196,-1.940710,0.729213,-0.679086,-0.836393,12.936483
1041287602657,-3.940197,-1.042166,-0.975064,-0.693200,0.795528,0.667486,12.882438
1041387620677,-8.108682,-6.134557,0.802323,-0.878611,1.106326,0.816002,12.907371
1041487638696,-1.642715,-1.446665,0.627705,-0.359623,0.463858,0.356827,12.802396
1041587656716,7.840847,6.554704,-0.433422,0.382133,-0.503741,-0.351116,12.781831
1041687674736,-5.802534,-5.246048,0.637380,0.261213,-0.463644,-0.292346,12.793288
1041787692755,-3.209113,-3.347557,0.155924,-0.228935,0.168451,0.240626,12.833487
1041887710775,3.534376,-0.135540,-0.639927,-0.602443,0.791515,0.479701,12.711708
1041987728795,4.313880,4.037967,-0.446230,-0.524249,0.612397,0.411108,12.571069
1042087746814,-2.670661,-1.588121,0.197172,-0.307411,0.431641,0.287495,12.670641
1042187764834,-4.140669,-4.227603,0.448868,0.376546,-0.429091,-0.309767,12.665978
1042287782854,1.759197,0.203265,-0.859295,0.138862,-0.269642,-0.190578,12.570884
1042387800873,5.284810,2.822775,-0.970695,-0.315272,0.372424,0.240889,12.637076
1042487818893,3.776022,2.977943,-0.802776,-0.083237,0.207178,0.193417,12.563652
1042587836912,-4.421873,-2.153505,0.283295,0.312389,-0.354278,-0.439159,12.554628
1042687854932,-4.451644,-2.953566,-0.061196,0.532937,-0.553886,-0.458751,12.612106
1042787872952,0.978976,0.939031,-0.330006,0.128996,-0.217811,-0.156768,12.543599
1042887890971,3.989068,3.594463,-0.138594,-0.338720,0.433684,0.388148,12.496923
1042987908991,-0.670953,0.467157,0.363759,-0.119991,0.190665,0.012502,12.511236
1043087927011,-2.412003,-0.628013,0.537853,0.173641,-0.248826,-0.188396,12.463819
1043187945030,-1.704680,-2.098538,-0.198119,0.231925,-0.208685,-0.234691,12.429828
1043287963050,1.061214,0.722339,-1.446198,0.029622,0.143364,0.094325,12.446147
1043387981070,1.236512,0.760765,0.009370,-0.204655,0.104057,0.127390,12.385591
1043487999089,0.139586,-3.331622,1.148614,-0.076999,0.109973,0.129022,12.336612
1043588017109,-0.817894,-3.284986,0.963773,0.143512,0.048756,-0.103493,12.358250
1043688035129,0.236532,-1.285309,0.374881,0.118685,-0.066392,-0.137493,12.316215
1043788053148,0.886023,0.240851,-0.235299,0.063839,-0.088919,0.037204,12.223659
1043888071168,0.056236,-1.457086,1.890214,0.003997,-0.041695,-0.080759,12.226134
1043988089188,1.277031,-1.443520,1.400670,-0.045842,-0.077516,-0.089504,12.185724
1044088107207,1.731544,0.552898,-0.261294,0.100837,0.034072,0.013263,12.144757
1044188125227,3.853986,0.869520,-0.206528,0.232005,-0.419152,-0.249428,12.154932
1044288143247,1.624247,-0.109619,-0.207056,0.194916,-0.305364,-0.242220,12.066108
1044388161266,-6.386083,-4.934255,-0.161727,-0.395598,0.279447,0.270859,12.025726
1044488179286,1.221994,2.165256,-1.713515,-0.797312,0.892895,0.598198,12.007003
1044588197306,7.285897,5.290790,-1.541564,0.052015,0.002105,-0.120567,12.013820
1044688215325,3.223490,1.879020,0.331222,0.588295,-0.605108,-0.494286,11.914533
1044788233345,-4.545303,-4.659639,1.885661,0.374775,-0.509492,-0.400936,11.923905
1044888251365,-3.220361,-3.604059,0.350902,-0.051624,0.005921,0.035157,11.947291
1044988269384,2.014482,0.045429,-0.645822,-0.336895,0.411882,0.294738,11.815880
1045088287404,-0.879902,-2.003843,0.895708,-0.163902,0.182887,0.029602,11.751214
1045188305424,-1.029598,1.356969,-0.063058,0.125722,0.014116,-0.139657,11.688583
1045288323443,0.059142,-1.184163,-0.073072,-0.077060,0.022614,0.074470,11.796668
1045388341463,-1.663311,-2.737345,0.425916,-0.000263,0.073024,0.179043,11.668880
1045488359483,-3.930768,-2.818300,1.308106,0.169837,-0.184706,-0.209439,11.704734
1045588377502,0.205769,-0.584302,0.388629,0.197663,-0.340039,-0.133044,11.736739
1045688395522,3.988063,1.741345,-0.443451,0.046017,-0.134405,-0.184214,11.633925
1045788413542,2.618670,1.299424,-0.207588,-0.300033,0.412345,0.133801,11.600598
1045888431561,-3.013869,-1.171456,0.883678,-0.094084,0.235315,0.137758,11.546716
1045988449581,-0.857031,-0.527223,0.623308,0.031645,-0.192602,-0.083624,11.554987
1046088467601,0.123191,-0.667135,0.644560,0.159380,-0.109665,-0.116508,11.481010
1046188485620,-0.857720,-1.477107,0.746755,-0.058149,-0.059881,0.070257,11.487825
1046288503640,1.237688,0.371562,0.833102,0.031794,0.003800,-0.057068,11.369537
1046388521659,0.441118,-0.635367,0.235794,0.172139,-0.214245,-0.214043,11.391265
1046488539679,-3.497408,-2.574363,0.633059,0.284974,-0.383845,-0.343491,11.377419
1046588557699,-1.334484,-0.152754,0.028426,-0.168759,0.282771,0.243884,11.329737
1046688575718,0.320627,0.246559,0.089816,-0.244206,0.232984,0.065322,11.337175
1046788593738,1.279545,1.634678,0.075393,-0.030983,0.176038,0.179398,11.256694
1046888611758,-0.688023,-0.483027,0.167741,0.131734,-0.164399,-0.259197,11.242419
1046988629777,-1.466330,-1.675671,0.368631,-0.071275,-0.011956,-0.039052,11.234805
1047088647797,-0.393096,-0.294398,0.565895,-0.026393,0.152471,0.095277,11.285354
1047188665817,-0.694371,0.555348,0.740687,-0.160516,0.010614,0.006648,11.253769
1047288683836,0.184557,-0.297620,0.050016,0.062330,0.103024,0.060978,11.200113
1047388701856,1.766426,1.266456,-0.829559,-0.052190,0.217028,0.169881,11.271257
1047488719876,0.845695,-1.938847,-0.624013,-0.094277,0.136010,-0.028271,11.293433
1047588737895,-1.650214,-2.654319,0.674599,-0.074703,0.037774,0.162896,11.280703
1047688755915,-2.053022,-1.814871,0.007907,0.152307,-0.123959,-0.275435,11.315377
1047788773935,3.114893,-0.738264,-0.872955,-0.076529,-0.155271,-0.116442,11.342193
1047888791954,4.796985,-0.411397,-0.320930,-0.170810,0.319503,0.220991,11.405428
1047988809974,-1.447004,-0.712033,0.549411,-0.331104,0.391545,0.349449,11.275400
1048088827994,0.889147,0.742181,0.135903,-0.221523,0.352409,0.246300,11.426829
1048188846013,2.225603,0.068663,-0.886777,0.256688,-0.296553,-0.299183,11.401905
1048288864033,2.153587,0.035967,0.012989,0.291861,-0.364114,-0.139014,11.427954
1048388882053,-0.205451,-0.766193,0.132564,0.030053,-0.184349,-0.108139,11.415156
1048488900072,-2.327712,-0.953650,0.303799,-0.113163,0.233195,0.174315,11.534799
1048588918092,1.204572,0.561286,-0.150785,-0.177868,0.236797,0.153259,11.508258
1048688936112,2.476685,2.353390,-0.648953,-0.045156,0.099739,0.186984,11.538630
1048788954131,-1.103702,-0.254820,0.149229,0.050072,-0.042028,-0.111077,11.680934
1048888972151,-2.134811,-1.447422,-0.124799,0.291113,-0.257403,-0.165934,11.677543
1048988990171,1.322703,0.340678,-0.547911,0.007915,-0.121665,-0.032552,11.723945
1049089008190,2.779856,0.807658,-0.447587,-0.085517,0.188369,0.140255,11.714918
1049189026210,0.725722,-0.254973,-0.040390,-0.152761,0.145711,0.110851,11.762020
1049289044230,-1.769281,-0.781192,0.654091,0.026620,0.023850,0.085800,11.799221
1049389062249,-0.690901,-0.887196,0.554336,0.304173,-0.294010,-0.161437,11.791428
1049489080269,4.133292,2.243484,-0.079150,0.280207,-0.301358,-0.296779,11.817714
1049589098289,-0.233776,-0.831516,-0.446093,0.016656,0.019568,0.047295,11.691919
1049689116308,-4.382235,-2.888572,-0.247545,-0.359507,0.401387,0.193481,11.737502
1049789134328,-2.087747,-1.317669,-0.392109,-0.089307,0.126944,-0.071397,11.621945
1049889152348,6.144011,3.484919,-0.273433,0.291256,-0.377955,-0.210162,11.626508
1049989170367,3.908440,2.221875,0.186881,0.476690,-0.588449,-0.513400,11.551360
1050089188387,-3.221401,-1.202648,-0.029797,0.299153,-0.245988,-0.255185,11.499084
1050189206406,-2.661197,-0.616211,-0.740696,-0.416867,0.387849,0.325210,11.483234
1050289224426,2.156674,0.974259,-1.508485,-0.359144,0.469887,0.336353,11.352569
1050389242446,3.383030,1.518330,-0.745947,-0.071866,0.056343,0.038043,11.303974
1050489260465,-1.913028,-1.348097,-0.582353,0.191181,-0.219708,-0.138406,11.024284
1050589278485,-3.688474,-1.546950,-0.002737,0.021527,-0.114317,-0.034303,10.941016
1050689296505,-3.014989,-1.396630,0.239404,0.080366,-0.031927,-0.090376,10.901018
1050789314524,2.073135,0.503030,-1.145135,-0.143532,0.274122,0.122626,10.871142
1050889332544,0.745673,0.110640,-0.727082,-0.174701,0.093613,0.140242,10.788401
1050989350564,-0.657925,-0.800227,0.104323,0.060786,0.008184,-0.011942,10.675391
1051089368583,-1.429297,-0.220478,-0.299901,0.023739,-0.067067,0.033597,10.494993
1051189386603,-1.125334,0.562540,-0.263243,-0.193109,0.190419,0.113972,10.359791
1051289404623,-2.542605,-1.066088,0.374668,-0.259005,0.257995,0.205548,10.288743
1051389422642,-1.946667,-1.229954,0.143446,-0.018296,0.001433,-0.065705,10.195254
1051489440662,-0.110053,0.098805,-0.257427,0.049924,-0.027407,-0.104519,9.941771
1051589458682,1.267933,1.113397,-0.555243,-0.052375,0.124547,0.030939,9.815396
1051689476701,-0.939812,-0.393811,-0.593344,-0.138642,0.137183,0.110661,9.743989
1051789494721,-1.187794,-0.689412,0.041372,-0.127506,0.136780,0.087530,9.679767
1051889512741,-1.362773,0.139907,0.568764,-0.083647,-0.009506,0.011864,9.670320
1051989530760,-1.230369,0.965451,0.190266,0.014570,0.081869,-0.038355,9.440702
1052089548780,-0.574858,1.485828,-0.030842,-0.130512,0.144353,0.012834,9.243000
1052189566800,-0.113707,1.958547,0.098253,-0.059445,0.075111,0.059667,9.282020
1052289584819,-1.348939,0.784063,0.536889,-0.017753,0.022174,-0.017736,9.234391
1052389602839,-1.737283,0.136954,0.185030,-0.024351,0.010145,-0.044070,9.144675
1052489620859,-1.496339,1.043416,-0.374877,-0.104129,0.094504,-0.008511,8.982645
1052589638878,0.414848,1.260161,-0.179219,-0.212224,0.197708,0.134649,8.882582
1052689656898,0.878431,0.675419,-0.169643,-0.071256,0.020594,0.024029,8.784146
1052789674918,-2.181224,-0.234490,0.136849,0.056304,-0.136871,-0.143872,8.649340
1052889692937,-1.605109,-0.310586,0.336990,0.075235,-0.091671,-0.086029,8.527368
1052989710957,-0.005424,0.401292,-0.078624,-0.008048,0.039425,-0.078399,8.410088
1053089728977,0.393559,0.659012,0.066595,-0.156918,0.165676,0.143867,8.302095
1053189746996,-1.934251,-0.599506,0.051216,0.018670,-0.135371,-0.111619,8.082699
1053289765016,-2.323001,-0.438695,0.023062,0.048733,-0.085968,-0.083895,8.010516
1053389783036,-0.737241,-0.127823,-0.118255,-0.075649,0.064349,-0.010663,7.798499
1053489801055,1.362740,0.474742,-0.309245,-0.175783,0.229117,0.117779,7.770510
1053589819075,0.371560,0.012519,-0.180767,-0.172471,0.196018,0.109418,7.585871
1053689837095,-2.420907,-0.948209,-0.110333,0.026022,-0.013074,-0.074321,7.530063
1053789855114,-1.671833,-1.115702,-0.046516,0.139628,-0.189006,-0.194112,7.480185
1053889873134,0.064818,0.516646,-0.135560,0.022019,-0.057417,-0.083497,7.355419
1053989891153,1.657860,0.843336,-0.101068,-0.293949,0.354146,0.214443,7.196371
1054089909173,-0.989928,0.092550,-0.444262,-0.181199,0.152352,0.089987,7.191738
1054189927193,-3.103560,-1.531709,0.244787,0.124156,-0.173312,-0.138585,7.216287
1054289945212,-2.201083,-1.175648,0.183308,0.120596,-0.265961,-0.203381,6.992277
1054389963232,1.039766,0.007775,-0.163352,-0.277880,0.297758,0.142795,7.012926
1054489981252,2.872910,1.126463,-0.401824,-0.344336,0.382442,0.205174,6.997310
1054589999271,-0.296517,0.032301,-0.216978,-0.160883,0.128498,0.064878,6.922001
1054690017291,-2.842885,-2.073827,0.556111,0.100171,-0.126808,-0.173026,6.942894
1054790035311,-2.217933,-1.206931,-0.305938,-0.019826,-0.009519,-0.040650,6.877584
1054890053330,2.069519,1.031372,-0.430557,-0.254579,0.247781,0.191034,6.825974
1054990071350,-0.432229,-1.099603,-1.288735,-0.114481,0.198711,0.103005,6.736294
1055090089370,0.116266,-0.514243,-0.565635,-0.103035,-0.048295,-0.057964,6.757725
1055190107389,1.678252,0.280101,1.046253,-0.195090,0.156666,0.088529,6.729574
1055290125409,-2.924963,-2.257956,-0.043656,-0.322768,0.434790,0.198747,6.664776
1055390143429,0.543668,0.538642,0.876078,-0.344858,0.437797,0.322731,6.617491
1055490161448,1.445887,-0.039349,0.982393,-0.230494,0.263856,0.281358,6.588762
1055590179468,1.455898,-0.511683,-1.038411,0.085021,-0.026042,-0.106005,6.623936
1055690197488,0.861796,-0.097600,-0.503394,-0.045406,0.078418,0.082313,6.572183
1055790215507,1.280536,0.354760,0.322903,0.012988,0.023181,0.060056,6.573128
1055890233527,0.873851,0.507724,0.058885,0.185906,-0.120940,-0.135891,6.542307
1055990251547,0.165544,0.829193,0.573457,-0.008011,0.161704,0.124655,6.561452
1056090269566,1.332623,0.385804,-0.155411,0.001829,0.021290,0.125663,6.547841
1056190287586,2.148289,1.012118,0.592963,0.309272,-0.247193,-0.126214,6.631884
1056290305606,4.748284,1.957233,-0.007385,0.372727,-0.422716,-0.207865,6.592196
1056390323625,1.046965,0.033429,0.519383,0.232507,-0.177601,-0.112005,6.548055
1056490341645,0.625563,0.865469,0.782399,0.190057,0.050754,0.055783,6.522307
1056590359665,4.465204,2.437280,-1.649242,0.022233,0.004789,0.117212,6.539076
1056690377684,1.520782,1.780195,-0.521465,0.153680,-0.077169,0.078060,6.329477
1056790395704,2.600010,1.333804,-0.075825,0.119620,-0.274617,0.098615,6.524899
1056890413724,1.885306,0.758895,0.501858,0.196209,-0.254470,-0.006045,6.311975
1056990431743,1.775168,1.152216,0.391819,0.243021,-0.155672,-0.027185,6.431635
1057090449763,2.855899,1.611005,0.028641,0.223053,-0.176301,-0.004717,6.298707
1057190467783,1.706099,1.671000,0.494993,0.180251,-0.084443,0.106868,6.397899
1057290485802,2.081680,1.286655,-0.383348,0.174372,-0.113087,0.114598,6.242601
1057390503822,2.307376,1.240995,-0.348368,0.268124,-0.280448,-0.000666,6.316509
1057490521842,1.640936,0.891304,-0.288880,0.273406,-0.287966,-0.035720,6.269032
1057590539861,1.123451,0.954238,0.023366,0.267226,-0.371889,-0.081756,5.979615
1057690557881,2.264092,1.764182,0.284146,0.355496,-0.316454,-0.110845,6.114010
1057790575900,1.174568,1.384195,-0.831223,0.395582,-0.448549,-0.183719,6.139162
1057890593920,0.738493,1.103197,0.417733,0.334177,-0.332729,-0.002359,6.128172
1057990611940,3.441640,2.824732,-0.663472,0.237189,-0.163663,0.049923,6.077108
1058090629959,1.301213,1.360467,-0.109063,0.218359,-0.158904,0.128458,6.045762
1058190647979,1.465054,1.260569,-0.172054,0.274342,-0.326665,-0.006994,6.058415
1058290665999,1.375109,2.015098,0.809319,0.389902,-0.339262,-0.006150,5.981171
1058390684018,3.813729,4.004996,-0.805530,0.539966,-0.509069,-0.146949,5.943079
1058490702038,2.519982,2.867731,-0.402228,0.418336,-0.382207,-0.024945,5.929922
1058590720058,0.315725,0.518959,-0.146887,0.230764,-0.210592,0.120208,5.913517
1058690738077,-0.391246,-0.110098,1.011418,0.214164,-0.056533,0.196923,5.845655
1058790756097,2.210539,2.736658,0.098031,0.466728,-0.464761,-0.124864,5.862586
1058890774117,2.737240,2.910625,-0.550933,0.541058,-0.606008,-0.204300,5.836759
1058990792136,0.966711,1.762871,-0.273495,0.498089,-0.554766,-0.149204,5.736035
1059090810156,-0.169808,1.040958,-0.328408,0.325535,-0.367804,0.101905,5.798759
1059190828176,2.199211,3.115202,0.010925,0.239682,-0.160111,0.185052,5.717049
1059290846195,3.414050,4.023658,-0.342300,0.265761,-0.242486,0.160476,5.678026
1059390864215,2.490565,3.285540,0.166095,0.540360,-0.522134,-0.118796,5.742139
1059490882235,0.274863,-1.128888,1.182856,0.779011,-0.820974,-0.327679,5.612566
1059590900254,-0.946552,-1.014231,0.532035,0.344906,-0.265873,0.120663,5.564549
1059690918274,2.076288,3.982170,-0.805089,0.133560,-0.002787,0.359921,5.552019
1059790936294,2.906581,5.888746,-1.031961,0.260535,-0.164683,0.233308,5.557426
1059890954313,1.600150,3.832786,0.079651,0.492755,-0.499433,0.011836,5.500704
1059990972333,-0.456180,-0.138160,0.509377,0.682641,-0.667156,-0.234564,5.562218
1060090990353,-0.258482,0.586708,0.137359,0.491008,-0.420400,-0.061833,5.514295
1060191008372,0.371446,1.987996,-0.057219,0.264099,-0.100138,0.173582,5.499030
1060291026392,2.946563,5.587132,-1.195471,0.276449,-0.197959,0.147037,5.480609
1060391044412,1.196253,2.453249,0.038923,0.577501,-0.615484,-0.134308,5.544643
1060491062431,-0.041209,1.450774,-0.021169,0.608418,-0.737957,-0.196790,5.519998
1060591080451,1.313892,0.528309,0.050129,0.419107,-0.475946,-0.002196,5.582472
1060691098471,3.996880,-0.324688,0.136943,0.209793,-0.186357,0.127570,5.527144
1060791116490,4.228677,-2.549214,-0.535344,0.388061,-0.365194,-0.117827,5.600332
1060891134510,1.816476,-2.518517,-0.513969,0.586105,-0.540095,-0.089006,5.664508
1060991152530,-0.242766,-0.255738,-0.300285,0.502755,-0.494329,-0.127464,5.624424
1061091170549,-0.492792,-0.293494,-0.064550,0.330235,-0.306931,0.034373,5.732950
1061191188569,0.960757,-3.045663,-0.625425,0.136234,-0.069834,0.103984,5.661819
1061291206589,-0.122980,-2.349802,-0.320691,0.162148,-0.196938,-0.008121,5.616646
1061391224608,-0.279944,1.303894,0.099035,0.283561,-0.265196,0.018080,5.722525
1061491242628,0.260305,-1.173587,-0.024939,0.386635,-0.310771,-0.189661,5.815174
1061591260647,0.943781,-4.448953,-1.091902,0.323276,-0.146514,-0.279414,5.866911
1061691278667,-0.971108,-3.485395,-0.862912,0.052560,-0.185778,0.232337,5.950473
1061791296687,-0.288513,0.995168,1.894093,0.013450,-0.147005,-0.086794,6.129744
1061891314706,-0.384267,-4.253521,-0.740859,0.049766,0.053355,-0.134142,6.211807
1061991332726,-2.403806,-3.428893,0.150420,-0.404480,0.298833,0.331896,6.186850
1062091350746,-0.198592,4.929270,2.392947,0.120884,0.006621,-0.036201,6.378517
1062191368765,0.687018,6.738280,2.570554,0.067556,-0.089998,-0.048834,6.525876
1062291386785,-1.411379,-4.057331,-1.785617,0.229589,-0.346057,-0.172558,6.635789
1062391404805,-1.026960,1.856549,0.528606,0.194907,-0.292427,-0.201575,6.752908
1062491422824,-0.866211,3.350682,0.173352,0.068055,-0.085615,-0.041659,6.676966
1062591440844,0.412249,4.912338,0.684091,-0.260791,0.228471,0.145929,6.616818
1062691458864,-0.529728,-3.038932,-0.952940,-0.373585,0.724951,0.459798,6.876413
1062791476883,-1.666874,-7.632602,-0.428506,-0.378515,0.153158,0.200000,7.056622
1062891494903,-1.015493,4.044070,-1.285081,-0.225885,0.253996,0.035108,7.081023
1062991512923,0.069024,-3.716106,-0.252023,-0.384396,0.422866,0.277484,7.234720
1063091530942,0.846203,-2.433707,-0.004589,0.132183,-0.038631,-0.240070,7.330504
1063191548962,-2.975321,3.397707,-0.220598,0.198486,-0.164703,-0.336179,7.398325
1063291566982,0.446204,-3.574814,-0.179062,0.476206,-0.424363,-0.404366,7.522163
1063391585001,-0.195285,1.713304,0.291330,0.435679,-0.593639,-0.560220,7.617263
1063491603021,-0.336124,8.425434,0.751738,0.143026,-0.135557,-0.195064,7.701845
1063591621041,-1.010098,0.526567,-0.076386,-0.585772,0.708000,0.487537,7.830032
1063691639060,-0.018744,-4.053726,-0.720989,-0.462693,0.488303,0.272076,7.988497
1063791657080,-0.973085,0.300906,-0.085256,-0.006483,-0.025416,-0.039309,7.980812
1063891675100,-0.241222,6.092640,0.387108,0.272078,-0.373353,-0.417694,7.973541
1063991693119,-0.515146,4.961695,0.164529,-0.116025,0.049527,-0.052699,8.000563
1064091711139,-0.296824,-1.445456,-0.512600,-0.340407,0.439456,0.264566,8.255261
1064191729159,0.310718,-1.652432,-0.638446,-0.343813,0.407486,0.200118,8.564200
1064291747178,-0.220554,1.087984,-0.339970,-0.111972,0.119577,0.033817,8.409309
1064391765198,-0.747222,3.859298,0.261649,0.246812,-0.312520,-0.276292,8.635214
1064491783218,-0.360563,-0.490952,-0.668859,0.100099,-0.162642,-0.137988,8.669947
1064591801237,0.264076,-2.678963,-0.866321,-0.139263,0.085491,0.073367,8.755517
1064691819257,0.124323,-1.637678,0.133259,-0.243158,0.266941,0.218748,8.812536
1064791837277,-0.360595,3.477042,0.498997,0.132992,-0.160546,-0.102525,8.843730
1064891855296,-0.311843,3.714851,0.346294,0.237060,-0.252277,-0.226971,8.960930
1064991873316,0.433893,-0.076138,-0.159241,0.133056,-0.105319,-0.056748,9.017048
1065091891336,-0.040571,0.592324,-0.224965,-0.058393,-0.122248,-0.033023,9.116576
1065191909355,-0.364599,-0.116897,0.002306,-0.095153,0.142708,0.064886,9.283033
1065291927375,-0.539790,2.803503,0.577043,0.014671,0.037058,0.064185,9.310734
1065391945394,0.328384,-0.457991,-0.489918,0.200928,-0.177387,-0.109998,9.365324
1065491963414,-0.323499,-1.478734,-0.528494,0.139086,-0.195169,-0.137455,9.391203
1065591981434,0.019060,-0.282780,0.220470,-0.245035,0.122752,0.101810,9.470218
1065691999453,-0.994846,2.362052,0.903830,-0.145019,0.213567,0.200201,9.578144
1065792017473,-0.934024,2.069856,0.212098,0.001587,0.165362,-0.048723,9.548348
1065892035493,-0.744554,-0.435627,-0.225504,0.062593,-0.071871,-0.015343,9.767675
1065992053512,0.927632,-0.772621,0.209061,0.059864,-0.024898,-0.119045,9.836807
1066092071532,0.304725,-0.010840,0.347914,-0.084747,0.004759,0.122139,10.059269
1066192089552,0.608400,0.541418,0.444580,0.007488,-0.083617,0.038660,10.004384
1066292107571,0.170976,0.365135,0.577059,-0.110103,-0.005744,0.031917,10.073533
1066392125591,-0.686520,1.374523,0.788970,0.011562,0.075051,-0.037094,10.233031
1066492143611,0.342341,-0.787957,0.387656,-0.002245,0.077409,-0.013816,10.254302
1066592161630,-0.126979,2.620687,0.367366,0.060930,0.093249,-0.014642,10.304665
1066692179650,0.526960,2.605174,0.047969,-0.222999,0.389486,0.249374,10.476861
1066792197670,1.096608,-0.305697,-0.729709,-0.200463,0.267082,0.180168,10.484452
1066892215689,3.742866,-2.302741,-0.634685,0.117847,-0.128476,-0.145150,10.571494
1066992233709,0.828854,2.283690,0.618174,0.321933,-0.246475,-0.253528,10.800250
1067092251729,2.277416,4.600681,1.306123,0.112808,0.008626,-0.097886,10.795057
1067192269748,3.203258,1.652753,0.952649,-0.111650,0.238805,0.240159,10.767169
1067292287768,4.261433,-0.426465,0.362261,-0.112478,0.120999,0.100277,10.782432
1067392305788,3.528901,-0.248388,0.254248,0.056519,0.048405,0.008318,10.732351
1067492323807,4.118371,2.916157,0.168255,0.155785,-0.177979,-0.104223,10.808326
1067592341827,4.231222,2.435004,-0.066678,0.081614,-0.181212,-0.088624,10.586967
1067692359847,5.063260,0.546054,-0.357419,-0.135180,0.070996,0.036311,10.547788
1067792377866,6.016080,0.598995,0.131237,-0.268946,0.308851,0.277568,10.585628
1067892395886,3.326657,5.889509,0.633404,-0.086233,0.127671,0.081941,10.466208
1067992413906,2.344021,7.950972,0.794442,0.199702,-0.163115,-0.152002,10.207364
1068092431925,5.978818,-0.993404,-0.370266,0.238913,-0.358833,-0.295997,10.083472
1068192449945,5.911276,0.749498,0.061406,0.051908,-0.146308,-0.154180,9.713418
1068292467965,6.205552,0.065037,-0.045290,-0.315824,0.327178,0.214900,9.456572
1068392485984,6.824446,1.584907,0.446759,-0.189756,0.176421,0.125356,9.040366
1068492504004,5.494643,3.087888,0.643142,0.006480,-0.053036,-0.076658,8.785018
1068592522024,3.883121,1.927848,0.273262,0.057115,-0.121994,-0.085093,8.248821
1068692540043,4.207228,0.786477,0.494931,-0.156417,0.086392,0.068165,7.756326
1068792558063,3.801875,2.131506,0.371253,-0.235530,0.252311,0.102435,7.459038
1068892576082,2.949383,3.315426,0.552948,-0.236768,0.244389,0.107777,6.885428
1068992594102,2.092221,1.549935,0.223748,-0.174574,0.165153,0.034689,6.294806
1069092612122,1.717512,1.164037,-0.104881,-0.118175,0.096773,-0.063356,5.914878
1069192630141,0.973706,1.587557,0.012167,-0.205378,0.176854,-0.006623,5.249679
1069292648161,0.971170,2.728406,0.243654,-0.274042,0.286216,0.069116,4.926606
1069392666181,1.357455,2.124841,0.238609,-0.305033,0.322054,0.058999,4.398940
1069492684200,0.955421,1.793732,0.182219,-0.214739,0.244671,-0.053339,3.832649
1069592702220,1.746726,0.170938,0.092552,-0.238152,0.264130,-0.026360,3.504507
1069692720240,-1.209389,-1.449873,0.080302,-0.282794,0.289666,0.012535,3.319684
1069792738259,-0.983190,-1.901989,0.094765,-0.316660,0.343173,0.029094,3.252332
1069892756279,-0.649027,-2.489545,0.111416,-0.246800,0.293995,-0.041357,2.946598
1069992774299,-0.324866,-1.404924,-0.045125,-0.214019,0.199511,-0.066435,2.975885
1070092792318,-0.118401,-0.938212,-0.276754,-0.281751,0.241879,-0.022385,2.884372
1070192810338,-0.635587,-2.173650,0.063855,-0.365578,0.393848,0.022529,2.816618
1070292828358,-1.033407,-2.667568,0.043766,-0.354537,0.323966,0.014494,2.839793
1070392846377,-0.025266,-2.142435,0.138423,-0.259727,0.234753,-0.059607,2.849424
1070492864397,-0.219938,-0.355926,-0.192885,-0.249596,0.199205,-0.041652,2.744238
1070592882417,-0.621898,-1.821867,0.141286,-0.276195,0.284007,0.002744,2.736885
1070692900436,-1.143078,-2.598133,0.156533,-0.348505,0.384050,0.017056,2.754750
1070792918456,-0.476927,-2.289142,0.305504,-0.357772,0.346574,0.018173,2.740108
1070892936476,0.704783,-1.583735,-0.005012,-0.339494,0.329460,-0.002497,2.724948
1070992954495,0.545395,-1.060973,-0.121797,-0.270243,0.277265,-0.052312,2.742480
1071092972515,0.566405,-1.762219,-0.039536,-0.260992,0.258457,-0.003236,2.781078
1071192990535,0.920830,-2.550634,0.278568,-0.254674,0.316088,0.020967,2.859315
1071293008554,-0.122117,-1.784302,0.155908,-0.209096,0.239489,-0.004788,2.938373
1071393026574,0.849385,-1.684960,-0.191959,-0.174151,0.227736,-0.015799,3.011075
1071493044594,1.108352,-0.704776,-0.505471,-0.231726,0.197580,0.025675,3.017920
1071593062613,1.414010,-2.072731,0.026590,-0.149187,0.096032,-0.042534,3.204956
1071693080633,-0.042485,-1.057477,0.289868,-0.088902,0.091521,-0.077203,3.184501
1071793098653,0.489102,-1.486399,0.198463,-0.114109,0.082960,0.075067,3.383917
1071893116672,1.749205,-1.036470,-0.133609,-0.122314,0.111262,-0.052451,3.425013
1071993134692,-0.234914,0.334467,-0.340670,-0.209926,0.086534,0.083777,3.557333
1072093152712,1.315844,-1.918996,0.031926,-0.192665,0.058978,0.023636,3.730997
1072193170731,0.612732,-2.635691,0.446641,0.001885,0.007711,-0.022532,3.852014
1072293188751,2.184750,-0.545752,0.036076,0.041737,-0.162475,-0.120936,3.900900
1072393206771,2.955688,0.388414,-0.301389,0.065217,-0.016551,-0.109424,4.027906
1072493224790,1.492708,-0.764952,0.113979,-0.107423,0.159097,0.177169,4.170308
1072593242810,-0.844226,-2.352607,0.047396,-0.181091,0.208662,0.135878,4.374774
1072693260829,0.651456,-1.067281,0.118829,-0.067336,0.082981,0.077372,4.450545
1072793278849,1.835925,1.065142,-0.192285,0.100047,-0.097970,-0.122151,4.507340
1072893296869,1.951047,0.345568,0.376376,0.017711,-0.082484,-0.010206,4.809661
1072993314888,0.275863,-0.415584,0.553987,-0.084812,0.084129,0.112084,5.045735
1073093332908,1.217504,-0.542600,-0.249215,-0.072664,0.177796,0.085005,5.077704
1073193350928,1.889898,0.402772,-0.441832,0.099018,-0.130427,-0.050472,5.321601
1073293368947,1.245820,0.997609,-0.208294,0.012744,-0.018288,0.018818,5.463121
1073393386967,0.361189,-1.170765,-0.046271,0.002136,-0.084252,-0.018135,5.564553
1073493404987,-0.554817,-2.272964,0.176173,-0.141340,0.091291,0.094102,5.634419
1073593423006,1.362965,-1.282513,0.203492,-0.080716,0.024533,0.053016,5.805234
1073693441026,2.347740,0.534477,-0.082491,0.142899,-0.097121,-0.061634,5.944128
1073793459046,1.921914,-0.102669,-0.151461,0.159873,-0.135647,-0.171527,5.916451
1073893477065,0.062956,-1.028124,-0.707001,0.036074,0.084609,-0.002230,6.215872
1073993495085,-0.893698,-1.410376,0.455183,-0.186542,0.197669,0.100886,6.279017
1074093513105,1.080457,0.179446,-0.198683,-0.098968,0.088666,0.218678,6.375458
1074193531124,3.088803,0.203854,0.881050,0.182610,-0.168316,-0.212768,6.494182
1074293549144,1.822195,0.537810,-0.043688,0.349297,-0.321118,-0.230046,6.552617
1074393567164,-2.606369,-2.927466,0.182382,-0.209420,0.269274,0.148832,6.710497
1074493585183,-0.906278,-2.410173,-0.147970,-0.421053,0.488375,0.439868,6.960533
1074593603203,3.237780,1.917535,0.360700,-0.264663,0.321911,0.192650,6.888021
1074693621223,3.766543,3.120109,0.071189,0.167336,-0.173396,-0.118403,7.173210
1074793639242,0.704139,-0.350998,-0.624053,0.243168,-0.157964,-0.137264,7.128288
1074893657262,-2.232841,-4.060914,-0.305876,-0.095206,0.097419,0.007516,7.178262
1074993675282,-0.131020,-1.373184,-0.056078,-0.333321,0.319198,0.340543,7.316993
1075093693301,4.115727,2.725670,-1.018961,-0.380590,0.502809,0.208793,7.572316
1075193711321,4.097650,2.571890,-0.760134,0.108381,-0.149973,-0.085412,7.612317
1075293729341,-0.656191,-1.906478,1.125284,0.301541,-0.343152,-0.365384,7.627948
1075393747360,-1.874774,-3.453675,0.778109,0.027496,-0.121845,0.016117,7.757531
1075493765380,-1.201317,-2.219367,0.125974,-0.220876,0.242659,0.186931,7.770799
1075593783400,0.453454,-0.179211,-0.258316,0.006040,0.037155,-0.109363,7.926635
1075693801419,0.843491,1.319563,0.405335,0.177572,-0.100795,0.003471,7.963261
1075793819439,0.339351,0.461429,0.427054,0.115787,-0.133410,-0.247221,8.012952
1075893837459,-1.209335,-1.523403,-0.464598,0.020704,0.019928,0.091503,8.063812
1075993855478,0.206153,0.559326,-0.213335,-0.245392,0.228133,0.185780,8.221806
1076093873498,1.348359,2.004545,0.152218,-0.170025,0.090027,0.125731,8.308086
1076193891518,1.648530,1.475261,-0.272538,0.080328,-0.148421,-0.133893,8.375911
1076293909537,-1.949692,-1.757777,0.196286,0.226108,-0.257411,-0.225943,8.439215
1076393927557,-2.294185,-0.955143,-0.151276,-0.168043,0.216506,0.021258,8.531243
1076493945576,-0.742894,-2.289795,0.952872,-0.258085,0.309882,0.335279,8.570869
1076593963596,3.267097,3.482354,-0.595431,-0.082288,0.060920,-0.014662,8.598374
1076693981616,1.930945,2.955333,-0.928630,0.220963,-0.374306,-0.195648,8.643336
1076793999635,2.709709,2.383877,0.239215,0.600662,-0.625910,-0.306370,8.589711
1076894017655,-2.943660,-4.820734,0.720834,0.169824,-0.228482,-0.332400,8.596296
1076994035675,-2.026350,-3.496582,0.800053,-0.113270,0.383525,0.419908,8.661986
1077094053694,6.217252,2.748417,0.010623,-0.460945,0.550750,0.287898,8.679174
1077194071714,3.702966,0.690935,-0.598497,-0.245021,0.167915,0.091756,8.684704
1077294089734,-3.861320,-2.815311,-0.663859,0.184337,-0.207451,-0.061784,8.752692
1077394107753,-0.745016,-0.774688,-0.244562,0.257043,-0.444970,-0.377906,8.708061
1077494125773,2.257038,1.280415,-0.075134,0.174334,-0.248448,-0.157102,8.679638
1077594143793,3.330217,2.659406,-0.529794,-0.346291,0.366699,0.362342,8.755201
1077694161812,-1.798600,-1.493320,0.345704,-0.289396,0.300354,0.173743,8.816497
1077794179832,-3.863909,-2.444312,0.241818,0.069294,-0.059897,-0.005415,8.997895
1077894197852,0.350125,1.392466,-0.951161,0.285050,-0.325974,-0.306372,8.961005
1077994215871,1.966215,1.774397,-0.012643,0.055651,-0.133219,-0.091412,8.928744
1078094233891,1.318186,-0.809814,0.347526,-0.196940,0.169055,0.146632,8.874331
1078194251911,-2.817234,-2.890339,0.523515,-0.302547,0.410532,0.355707,9.006729
1078294269930,-0.976115,-0.487076,0.019856,0.009390,0.185170,-0.031399,8.888783
1078394287950,0.840041,0.459303,-0.244957,0.130203,-0.175968,-0.159885,8.967804
1078494305970,0.531389,1.007419,-0.029504,-0.014378,0.038845,0.097264,9.014445
1078594323989,0.565844,-0.207610,0.540782,-0.082637,0.078817,0.026302,9.188562
1078694342009,-0.308299,1.816772,0.376648,0.208643,0.028389,-0.012734,9.176352
1078794360029,-0.772051,0.628573,-0.048702,0.080783,0.055324,0.016350,9.155080
1078894378048,-0.272044,0.205235,0.156012,-0.064895,0.014701,0.040438,9.248267
1078994396068,-0.288234,0.877188,-0.325470,0.012324,0.002239,0.049479,9.113344
1079094414088,-0.354696,1.120423,-0.234466,-0.000918,0.007480,-0.004852,9.140930
1079194432107,0.682029,-0.405953,-0.264979,-0.034903,-0.018608,0.052641,9.133612
1079294450127,-0.490453,1.265260,-0.456426,-0.020952,-0.026886,-0.085960,9.139615
1079394468147,0.397613,-0.328787,0.271828,0.091257,0.009521,0.025820,9.063376
1079494486166,-0.244525,0.403287,-0.209865,0.059609,0.004683,-0.092916,9.139202
1079594504186,-1.237009,0.053242,-0.660141,-0.057583,0.016154,0.111107,9.163840
1079694522206,0.484841,0.966782,-0.089349,-0.145680,0.075918,0.007294,9.144258
1079794540225,0.026763,-0.764819,0.058156,-0.018830,0.025674,0.006972,9.130713
1079894558245,-0.891155,1.974624,-0.199553,-0.001028,-0.009359,0.034426,9.236903
1079994576265,-1.501694,-1.453628,1.018573,-0.081040,0.115278,0.016278,9.064149
1080094594284,-0.745877,2.231122,-0.102826,0.020983,-0.024162,0.001014,9.079640
1080194612304,-1.212757,-0.231828,0.419440,-0.122794,0.051665,0.055665,9.029074
1080294630323,-2.060464,0.269794,0.037401,0.073077,0.033698,0.010155,9.004294
1080394648343,-0.250013,1.256215,-0.027629,0.109293,-0.035429,0.046773,9.018042
1080494666363,-0.916645,1.445199,-0.189384,-0.004495,-0.061336,-0.100573,8.890300
1080594684382,-1.202422,0.428808,-0.528176,-0.106134,0.047278,0.139588,9.068479
1080694702402,-1.433543,-0.052813,0.066620,-0.119582,0.094789,0.057003,8.830032
1080794720422,-2.796920,-1.155850,-0.058378,0.031602,-0.039465,-0.056845,8.866102
1080894738441,-1.398558,0.544495,-0.389751,-0.017953,-0.048492,-0.051021,8.865205
1080994756461,-1.838921,1.055348,0.121406,-0.087928,0.080048,-0.039972,8.742869
1081094774481,-4.268448,-2.736408,0.482508,-0.271767,0.221240,0.116544,8.761648
1081194792500,-2.342903,-1.236921,0.021902,-0.114662,0.085296,-0.049456,8.594272
1081294810520,-0.212306,-0.063326,-0.419581,-0.074350,-0.010371,-0.203354,8.433303
1081394828540,0.085265,0.393776,-0.491480,0.011344,0.071285,-0.252224,8.319635
1081494846559,-1.906574,-1.621972,0.400477,-0.238603,0.241985,-0.009841,8.252239
1081594864579,-2.079608,-0.594170,-0.215491,-0.324164,0.329844,0.118348,8.160876
1081694882599,1.360365,0.962195,-0.534871,-0.138781,0.219407,-0.009640,8.106561
1081794900618,-2.319423,-2.226206,0.132331,-0.185401,0.209417,0.191629,7.981573
1081894918638,-1.560559,-1.630975,-0.683873,0.008533,-0.074181,-0.145086,7.855297
1081994936658,-0.728504,-0.048993,-0.654959,-0.146776,0.089734,-0.066334,7.893720
1082094954677,1.229809,1.335994,1.019665,-0.149098,0.155070,0.258583,7.801156
1082194972697,1.446702,0.500542,-0.111544,0.193566,-0.154239,-0.063945,7.801651
1082294990717,1.225299,0.535918,0.414493,0.353633,-0.233376,0.044071,7.811444
1082395008736,0.982775,3.244480,-0.248910,0.133933,-0.149445,-0.050281,7.662834
1082495026756,-0.777336,1.134959,-0.864773,0.160226,-0.287951,0.023448,7.770880
1082595044776,-0.221722,1.073454,-0.562557,0.172698,-0.338307,-0.074059,7.666851
1082695062795,2.542561,2.353813,-0.483285,0.089096,-0.263520,-0.088359,7.721846
1082795080815,0.956992,2.602000,-0.728745,0.025774,-0.041848,0.080124,7.599546
1082895098835,0.410300,1.364505,-0.229436,-0.053560,0.009909,0.139672,7.553167
1082995116854,-1.014080,0.372688,-0.152247,0.137390,-0.169106,-0.057401,7.813475
1083095134874,0.709179,1.009860,0.978022,0.153477,-0.218344,-0.073207,7.662308
1083195152894,1.450057,1.653859,0.399734,0.108427,-0.011400,0.035992,7.673977
1083295170913,1.011480,1.556179,-0.145732,0.128733,-0.022935,0.062327,7.437073
1083395188933,-1.507616,0.806246,0.271579,0.080741,0.065537,0.117038,7.351757
1083495206953,-1.631188,1.567200,0.242879,0.088696,-0.074313,-0.116154,7.434535
1083595224972,1.853476,0.564569,0.322894,0.055808,-0.244886,0.041021,7.471424
1083695242992,0.745417,1.128694,0.540211,0.189130,-0.142622,-0.185057,7.500570
1083795261012,-0.854899,-1.316911,0.182245,-0.067977,0.092133,0.035699,7.364874
1083895279031,0.880512,1.776600,-0.197555,-0.119464,0.236393,0.234615,7.380817
1083995297051,0.725131,0.642206,-0.151852,-0.130400,0.043128,0.057470,7.447858
1084095315070,-0.617823,-0.210535,-0.061455,-0.087202,-0.015704,0.046950,7.437608
1084195333090,-0.730688,-0.827588,0.360792,0.010176,-0.039667,-0.008680,7.418937
1084295351110,-0.211315,0.049899,0.312428,0.006532,0.102719,0.017643,7.319791
1084395369129,0.167959,-0.484460,-0.104674,0.002844,0.098047,-0.037684,7.191020
1084495387149,-0.184655,1.150891,-0.099603,0.058977,-0.029480,-0.006512,7.302379
1084595405169,-0.196185,-0.083450,0.370106,0.021989,-0.041851,-0.007999,7.330847
1084695423188,-0.851921,-0.168657,0.866107,-0.060502,0.029242,-0.040339,7.386283
1084795441208,-0.925370,-2.233080,-0.440756,-0.195229,0.189965,0.090053,7.162746
1084895459228,0.140116,-0.442016,-0.822258,-0.007611,0.128962,0.045550,7.217970
1084995477247,0.258100,0.442372,-0.582146,0.045570,-0.110463,-0.069651,7.224824
1085095495267,-0.193856,-0.425622,-0.574045,0.017370,-0.077604,-0.105358,7.238263
1085195513287,-1.255516,0.684542,-0.141631,-0.131022,0.121595,0.053526,7.242869
1085295531306,-1.203642,-0.778571,-0.122708,-0.062217,0.096214,0.044141,7.233502
1085395549326,-0.415234,0.033663,0.599656,-0.009124,-0.140643,-0.075308,7.241549
1085495567346,0.652948,1.391074,0.110261,0.076996,-0.114423,-0.143768,7.156996
1085595585365,0.592708,0.518131,-0.523624,0.026347,-0.003945,-0.064990,7.298292
1085695603385,-2.690120,-1.710799,-0.070424,-0.222446,0.355297,0.171053,7.246576
1085795621405,-0.563324,-0.156486,-0.716579,-0.279397,0.307281,0.213310,7.218124
1085895639424,-0.125671,0.581888,-0.553138,0.094990,-0.169545,-0.125780,7.218007
1085995657444,-0.005351,1.061244,-0.448992,0.035334,-0.111382,-0.049331,7.124258
1086095675464,-0.702892,0.202192,-0.183661,-0.014936,0.059566,0.019119,7.225243
1086195693483,-0.424693,-0.246945,0.893416,-0.066068,0.048652,0.081074,7.139091
1086295711503,1.153466,0.720860,-0.135590,-0.096413,0.094776,0.120597,7.230712
1086395729523,-0.426600,0.776088,0.138672,-0.114579,0.126088,0.003895,7.200431
1086495747542,-1.452463,0.260131,-0.234261,-0.103531,0.044141,0.112827,7.248890
1086595765562,0.123643,1.116477,0.261180,0.007542,-0.230163,0.010008,7.216529
1086695783582,1.174827,1.778090,0.253838,0.198800,-0.334507,-0.049408,7.125868
1086795801601,2.353349,-0.817916,-0.473060,-0.007239,-0.071252,-0.079747,7.183417
1086895819621,-5.311272,-4.819618,1.168800,-0.327976,0.459136,0.231546,7.056755
1086995837641,0.029662,1.289016,-0.414388,-0.471599,0.538247,0.534947,7.227346
1087095855660,2.245832,1.291606,0.118346,0.177407,-0.180883,0.003973,7.099737
1087195873680,-1.643355,-1.606998,0.247161,0.429342,-0.517662,-0.382789,7.098683
1087295891700,-2.273848,-1.729052,-0.517593,0.341371,-0.334730,-0.220176,7.079711
1087395909719,-0.274244,1.723431,-0.656681,0.002935,-0.063022,0.031995,7.105797
1087495927739,2.556418,4.176039,-0.291010,-0.178831,0.190423,0.224351,7.023541
1087595945759,1.052937,-0.207930,0.315594,0.062552,0.003720,-0.023021,6.918191
1087695963778,-0.991523,-0.143744,0.244825,0.250852,-0.286975,-0.175145,6.965869
1087795981798,-2.134692,0.669690,0.416518,0.163023,-0.306078,-0.130287,6.878739
1087895999817,1.822938,2.555737,0.094952,-0.075425,0.068762,0.093845,6.901933
1087996017837,1.756998,2.531819,0.286311,-0.116374,0.125087,0.191223,6.783033
1088096035857,-0.729539,0.710650,-0.108640,-0.005006,0.049263,0.067498,6.844214
1088196053876,-1.510321,-1.220835,0.156138,-0.089072,0.146888,0.170165,6.866155
1088296071896,-0.241393,-1.359956,0.183174,0.085098,-0.113971,-0.046890,6.736447
1088396089916,1.882935,2.275707,-0.588941,-0.085297,0.017757,0.059249,6.895265
1088496107935,0.161946,1.373981,-0.318895,-0.112850,0.184872,0.180110,6.722276
1088596125955,-0.985631,-0.650165,-0.040240,-0.105394,0.159085,0.101124,6.929414
1088696143975,-1.084329,-1.208574,0.271599,0.157483,-0.230808,-0.144220,6.773543
1088796161994,0.727281,1.161148,-0.293308,0.079041,-0.162705,-0.056430,6.840134
1088896180014,0.666768,2.311800,-0.198841,-0.075323,0.008860,0.089035,6.730578
1088996198034,-0.482445,0.301647,0.189213,-0.149622,0.175227,0.138736,6.754971
1089096216053,-0.382217,-0.725100,0.215056,0.005727,0.000949,-0.020001,6.840567
1089196234073,-1.705826,-0.625661,-0.100236,0.176234,-0.141152,-0.065435,6.692855
1089296252093,0.449597,-0.071305,0.195147,0.084499,-0.174425,-0.110610,6.810201
1089396270112,0.306349,1.432042,-0.041535,0.024109,0.012844,0.049861,6.758308
1089496288132,0.476517,1.083388,-0.018668,-0.037219,0.077913,0.090934,6.723213
1089596306152,-0.455871,-0.098119,0.001950,0.019284,-0.081517,0.000962,6.792301
1089696324171,-0.974949,-0.441317,-0.128182,0.166569,-0.180271,-0.076801,6.708308
1089796342191,-0.211763,0.350894,-0.200518,0.094531,-0.117572,-0.066987,6.732832
1089896360211,0.529347,2.327798,0.163027,-0.085922,0.058169,0.066674,6.680088
1089996378230,-0.207356,0.142307,-0.195387,-0.098454,0.151171,0.145557,6.664402
1090096396250,-1.650359,-0.033249,-0.122666,-0.071946,0.070983,0.070863,6.662015
1090196414270,-1.028273,0.014030,-0.419796,0.055750,-0.031187,0.004647,6.608113
1090296432289,-1.443940,-1.151799,-0.037574,-0.000312,0.013676,0.068073,6.508607
1090396450309,0.182012,-0.193397,0.129567,-0.097962,0.189211,0.193640,6.571444
1090496468329,-0.080871,0.692534,0.328053,-0.014346,0.051935,0.012941,6.542269
1090596486348,-0.288981,0.333881,-0.314380,0.040780,-0.041011,0.007343,6.430956
1090696504368,-1.090204,1.135540,-1.142185,0.037554,0.054385,0.024440,6.457772
1090796522388,-1.574962,0.521648,-0.983966,-0.134476,0.078840,0.050808,6.388642
1090896540407,-1.328906,-0.867795,0.106773,-0.025325,-0.020407,0.010306,6.379139
1090996558427,-2.632528,-1.750391,0.671126,-0.087301,-0.070992,-0.095629,6.372183
1091096576447,-2.061910,-1.115058,-0.015265,-0.261231,0.145169,0.184882,6.233786
1091196594466,1.328105,2.141450,-0.534625,-0.270821,0.404844,0.244112,6.271551
1091296612486,-1.182246,0.366415,0.266717,-0.029632,0.123173,-0.004321,6.208379
1091396630506,-3.467374,-2.297846,0.604635,0.275126,-0.265882,-0.253180,6.207990
1091496648525,-3.449340,-2.682988,-0.083771,0.210037,-0.190016,-0.265445,6.185773
1091596666545,0.967256,2.444142,-0.239313,-0.359052,0.342423,0.184220,6.055574
1091696684564,0.873038,2.012873,-0.169745,-0.427762,0.507703,0.271615,5.925421
1091796702584,-2.830128,-2.080954,0.219181,-0.317162,0.335580,0.093258,5.877595
1091896720604,-3.485175,-1.491315,0.033818,-0.133839,0.101435,-0.019089,5.858648
1091996738623,-1.956265,0.680492,-0.339889,-0.050260,-0.018649,-0.119830,5.742775
1092096756643,0.784437,1.260202,-0.784653,-0.245326,0.278757,0.057451,5.801781
1092196774663,-1.706849,-0.080230,-0.650937,-0.317139,0.433230,0.124693,5.749856
1092296792682,-2.864605,-1.105992,0.241300,-0.324625,0.347867,0.053677,5.680301
1092396810702,-2.004654,1.480798,0.548427,-0.229204,0.319831,0.071277,5.592808
1092496828722,-3.060214,0.871544,0.145602,-0.014214,0.177181,-0.034839,5.470040
1092596846741,-2.793583,1.767110,0.226885,-0.033185,-0.123193,-0.468950,5.394283
1092696864761,-3.017907,0.014953,0.061594,-0.196763,0.247611,0.130261,5.326023
1092796882781,-1.677030,2.286542,0.468379,-0.365929,0.457304,0.287896,5.314201
1092896900800,0.287303,2.228379,0.406051,-0.210493,0.196142,0.013666,5.270284
1092996918820,0.250472,1.675966,0.162756,0.019261,-0.061056,-0.169037,5.106281
1093096936840,-4.439091,-1.242792,0.361510,-0.068580,0.033518,-0.188314,5.076877
1093196954859,-0.787041,1.612557,0.051101,-0.325293,0.386478,0.054235,4.925831
1093296972879,-2.832676,-0.413790,0.458027,-0.198034,0.266570,0.072437,4.945354
1093396990899,-0.561138,-0.129667,0.086428,0.075983,-0.053031,-0.193388,4.685044
1093497008918,1.374096,1.626608,-0.315702,0.215074,-0.218545,-0.278673,4.501520
1093597026938,1.586543,2.097652,-0.440698,-0.065270,0.056885,0.039168,4.458109
1093697044958,0.396431,2.128611,-1.722545,-0.137643,0.143913,0.168285,4.143435
1093797062977,-1.144551,0.102327,-0.839277,-0.166051,0.067747,0.313042,3.983441
1093897080997,0.461827,0.109107,0.392556,0.021978,-0.147885,0.115544,3.953810
1093997099017,1.475379,1.753551,0.510245,0.193140,-0.327821,-0.094011,3.729728
1094097117036,-0.082002,0.886114,0.668203,0.108583,-0.201037,-0.081528,3.524775
1094197135056,-0.973745,0.622659,0.322638,-0.007991,-0.038922,0.017703,3.542363
1094297153076,1.216375,2.122458,-0.460755,-0.010137,0.034238,0.093855,3.491510
1094397171095,2.207198,2.311072,-0.572009,0.241671,-0.262317,-0.023414,3.291879
1094497189115,1.961793,2.357680,-0.834843,0.269691,-0.393948,-0.037096,3.303389
1094597207135,-1.962543,-0.220698,1.295645,0.293082,-0.360600,0.000896,3.216402
1094697225154,-2.002407,0.337560,0.967486,0.272725,-0.084729,0.094473,3.112883
1094797243174,0.113376,2.134677,0.387408,0.099854,-0.043770,0.150479,3.023562
1094897261194,-1.992332,-0.114537,0.172754,0.256479,-0.179469,-0.086830,2.993824
1094997279213,-0.607090,-0.044178,-0.186407,0.189902,-0.227451,-0.017416,2.944416
1095097297233,0.144729,1.294718,0.034720,0.100540,-0.087099,0.047445,3.011164
1095197315253,0.050610,0.661013,-0.241483,0.090112,-0.071427,0.077695,2.864109
1095297333272,0.410140,1.556055,-0.533646,0.261328,-0.248906,-0.053517,2.778348
1095397351292,0.595988,1.917234,-0.239824,0.253045,-0.285856,-0.079833,2.773948
1095497369311,-1.398504,1.042979,0.126383,0.141822,-0.151851,0.010128,2.800395
1095597387331,-1.899036,0.344261,0.344560,0.032238,-0.033797,0.123604,2.611206
1095697405351,-1.199465,0.588555,0.101855,0.097880,-0.075116,0.024100,2.645073
1095797423370,-0.548971,1.255499,-0.042770,0.171459,-0.113007,-0.062998,2.574938
1095897441390,-0.900759,1.376155,-0.178345,0.115452,-0.175447,-0.051766,2.417149
1095997459410,-1.166625,0.914356,-0.148669,0.066138,-0.073333,-0.021862,2.424697
1096097477429,-1.887841,0.877872,-0.266289,-0.019527,0.033168,0.019981,2.257393
1096197495449,-1.658849,1.112909,-0.209895,0.121636,-0.166033,-0.086757,2.221911
1096297513469,-0.101783,1.454960,-0.213777,0.080044,-0.087629,-0.003907,2.124410
1096397531488,-0.508479,0.116067,-0.059130,-0.020002,0.014081,0.005756,1.958037
1096497549508,-1.191448,-0.328858,0.040048,-0.077198,0.060955,0.096191,1.737383
1096597567528,-0.954719,0.255078,0.025859,0.037712,-0.013045,-0.043989,1.638442
1096697585547,0.448767,1.040888,-0.238197,0.091832,-0.104098,-0.086326,1.598974
1096797603567,0.648068,0.882443,-0.176843,0.035028,-0.078763,-0.036300,1.299280
1096897621587,-0.237154,0.341051,0.085282,-0.030550,-0.003947,0.036541,1.049789
1096997639606,-0.692136,-0.372054,0.018138,-0.035967,0.056865,0.043176,1.047957
1097097657626,-0.491185,-0.016842,-0.058042,0.021945,-0.020573,-0.010914,0.797130
1097197675646,0.382691,0.509185,-0.163853,0.054733,-0.072406,-0.039109,0.607427
1097297693665,0.531986,0.150039,-0.038882,0.028042,-0.052185,-0.046876,0.579446
1097397711685,-0.017842,-0.039832,0.030799,-0.042268,0.053902,0.033368,0.496920
1097497729705,-0.434382,-0.261821,0.008458,-0.037743,0.053749,0.045767,0.421703
1097597747724,-0.129878,0.507864,-0.177928,0.013289,0.012154,-0.009560,0.332027
1097697765744,-0.001499,0.771770,-0.176802,0.023155,-0.036346,-0.030551,0.317236
1097797783764,-0.202989,0.638231,-0.071027,-0.000755,0.011724,0.016547,0.340576
1097897801783,-0.266142,-0.032512,-0.112819,-0.023212,0.037468,0.022488,0.287320
1097997819803,0.125388,-0.291150,-0.115895,-0.012946,0.036889,0.008725,0.270351
1098097837823,0.212801,-0.109640,0.070661,-0.025542,0.001497,-0.002067,0.255324
1098197855842,0.145958,0.029744,0.152096,0.004513,-0.007924,-0.005166,0.255000
1098297873862,0.419633,-0.160145,-0.201420,0.002331,-0.006378,-0.002539,0.240319
1098397891882,0.045142,-0.132006,-0.032283,-0.003422,0.014307,0.015880,0.185072
1098497909901,0.116787,-0.236362,-0.022708,-0.030435,0.026495,0.010305,0.159411
1098597927921,0.386135,-0.042355,-0.118129,0.002016,0.001518,0.007302,0.092516
1098697945941,0.330621,0.056604,0.036418,0.011656,0.000864,-0.011690,0.051933
1098797963960,0.299897,-0.182561,0.013210,0.012547,-0.004220,-0.021996,0.035328
1098897981980,-0.010001,-0.239284,-0.032092,0.002198,-0.010165,0.009794,0.019214
1098998000000,0.313433,-0.014322,-0.101998,-0.039479,0.041573,0.023800,0.023789
