timestampNs,ax,ay,az,gx,gy,gz,speedMps
0,0.491376,-1.043661,-0.182159,0.103153,0.031262,0.112597,10.033889
100027218,-1.780692,0.940515,-0.137972,0.190484,0.005486,0.179373,9.973856
200054436,1.532223,-0.060385,-0.063314,0.242753,-0.017516,0.108651,9.851837
300081654,0.191541,-0.948858,-0.154082,0.056842,0.007647,0.037890,9.653829
400108873,1.458239,-1.279452,0.531365,0.267971,-0.068855,0.149634,9.579879
500136091,-0.238598,-0.476638,-0.577971,-0.120725,-0.055453,-0.077897,9.468572
600163309,-2.006450,0.177708,-0.091094,0.112667,-0.038813,0.080097,9.235897
700190528,-1.441443,-0.559616,-0.080441,-0.112734,-0.001160,-0.040142,9.104638
800217746,-1.105880,-0.282240,-0.120883,0.112471,0.000122,0.092135,8.914906
900244964,0.443090,0.164888,0.143917,-0.055956,-0.050170,-0.072736,8.871455
1000272182,0.311893,-0.422672,-0.699732,0.126961,-0.029464,0.035253,8.671340
1100299401,2.585287,-0.740748,-0.737140,0.388824,0.019708,0.312374,8.449431
1200326619,-4.257731,0.390905,-0.500373,-0.194444,0.030051,-0.023691,8.259722
1300353837,0.012419,-1.457123,1.198946,0.299619,-0.035888,0.182035,8.174589
1400381056,-4.638549,0.079566,0.893935,-0.446184,-0.079583,-0.240434,8.058402
1500408274,-0.662971,0.348672,-0.036440,-0.028536,0.002731,-0.018814,7.930576
1600435492,3.195362,-0.986644,-0.132263,-0.471297,-0.013328,-0.215794,7.799369
1700462710,-1.696758,-0.323309,-0.812754,0.369357,-0.123901,0.214370,7.654820
1800489929,2.916600,-2.079461,0.086538,-0.032727,0.006016,-0.066478,7.614568
1900517147,-0.160813,-0.729188,-0.252142,0.261131,0.026442,0.120206,7.301111
2000544365,1.461376,-0.573910,-0.369732,0.071858,-0.010649,0.065839,7.300458
2100571584,-1.787849,-0.402711,0.002159,0.216469,-0.017771,0.128271,7.180551
2200598802,1.024919,-0.748126,-0.448107,0.192949,0.006497,0.107365,7.081713
2300626020,-2.262332,-0.481330,-0.147253,0.153798,0.003901,0.087566,6.858226
2400653238,-1.143186,-0.854102,-0.478741,0.226390,0.016672,0.158229,6.752016
2500680457,-1.949249,-1.335732,-0.440680,0.044488,0.001833,0.012518,6.593747
2600707675,-0.249505,-1.620631,-0.325520,0.191882,-0.029399,0.117284,6.571725
2700734893,0.363750,-0.748164,-0.355609,0.127100,-0.006710,0.074627,6.383075
2800762112,0.631308,-0.636227,0.067245,0.133878,-0.043750,0.070702,6.122232
2900789330,0.762949,-1.089590,0.108399,-0.146079,-0.018541,-0.104973,6.014794
3000816548,-2.048484,-1.263641,-0.473403,0.032375,-0.007020,-0.001016,5.985255
3100843767,-0.151800,-1.615290,-0.478247,0.146001,-0.017868,0.082962,5.543418
3200870985,-1.982742,-1.462569,-0.493936,-0.085408,0.000973,-0.065468,5.486331
3300898203,0.358134,-1.248737,-0.087635,-0.138363,0.011198,-0.073253,5.287827
3400925421,-1.570047,-1.147988,-0.269199,-0.143723,-0.004386,-0.060532,5.046536
3500952640,0.696904,-1.381829,-0.304187,-0.069072,-0.029409,-0.043599,4.882119
3600979858,0.062263,-1.223231,-0.366306,-0.143376,0.032179,-0.084176,4.696398
3701007076,0.330890,-1.313034,-0.271960,0.032211,0.008694,0.028064,4.526603
3801034295,-1.110704,-1.028404,-0.358993,-0.085812,0.029903,-0.033511,4.299856
3901061513,-0.968479,-0.344391,-0.251695,0.130386,-0.019439,0.050604,4.097856
4001088731,0.606975,0.218537,-0.068594,-0.007267,0.006779,0.005665,3.896008
4101115949,-0.850273,0.225393,-0.184276,0.120211,-0.007511,0.074669,3.707309
4201143168,0.288370,-0.007645,-0.158191,0.071242,-0.020490,0.037054,3.466136
4301170386,-0.871256,0.330605,-0.052720,0.079451,-0.016650,0.050907,3.225549
4401197604,0.385024,0.597873,-0.066624,0.101059,0.002860,0.068395,3.010788
4501224823,-0.868773,0.663746,-0.044768,0.051126,-0.021326,0.043722,2.752452
4601252041,-1.168537,0.601527,-0.078171,0.101471,0.006526,0.052661,2.544715
4701279259,-1.080182,1.072452,0.011874,-0.057599,-0.000327,-0.036013,2.364898
4801306477,-0.912351,1.082298,-0.091141,0.035259,0.009859,0.029783,2.054854
4901333696,0.294995,0.981470,0.108009,-0.078268,0.010802,-0.047210,1.894333
5001360914,-0.936532,1.450771,0.026072,0.012627,0.000873,0.002851,1.698578
5101388132,-0.806108,1.497200,0.067420,-0.099714,0.018292,-0.050896,1.513805
5201415351,-1.469495,1.040039,0.021158,-0.009112,-0.015009,-0.015891,1.427517
5301442569,0.035984,1.120848,0.107167,-0.084400,-0.003029,-0.049834,1.330213
5401469787,-1.059007,1.078777,-0.007754,-0.048099,-0.009478,-0.031912,1.211695
5501497005,0.140188,0.585937,-0.051292,-0.068827,-0.000617,-0.032752,1.193503
5601524224,-0.682481,0.567972,-0.096938,-0.070727,-0.011828,-0.029575,1.093154
5701551442,0.013909,0.721486,-0.039803,-0.002560,-0.012068,-0.015399,0.974389
5801578660,-0.825609,0.608330,-0.153566,-0.035210,0.002472,-0.027077,1.005195
5901605879,-0.911871,0.421613,-0.011732,0.014508,-0.002860,0.029760,0.947476
6001633097,-0.856105,0.948783,-0.021708,-0.020208,-0.005401,-0.009532,0.911341
6101660315,-0.808711,1.002260,0.058681,-0.030702,0.000742,-0.017147,0.875184
6201687534,-0.353077,1.493338,0.104382,-0.008726,0.001047,0.004147,0.887002
6301714752,-0.710211,1.215345,0.039964,0.033201,0.016426,0.027396,0.938460
6401741970,-0.539172,1.414745,0.095571,0.017267,0.000571,0.004458,0.914450
6501769188,-0.880739,1.592535,0.033405,0.031489,0.001960,0.013418,0.946146
6601796407,-0.641193,1.369398,0.040191,0.016317,0.009545,0.014224,0.948125
6701823625,-0.790427,1.587405,0.080117,-0.002862,-0.001327,-0.000583,0.949467
6801850843,-0.751949,1.516011,0.123861,0.014703,0.007142,0.003307,0.815741
6901878062,-0.744602,1.250106,0.001108,-0.020575,0.002013,-0.006392,0.794963
7001905280,-0.783887,1.506125,0.033921,-0.001933,0.005261,0.019908,0.732581
7101932498,-0.476222,1.537438,0.024203,0.028665,0.002563,0.009523,0.608673
7201959716,-0.929190,1.304499,-0.074225,-0.007411,0.019106,-0.029647,0.638944
7301986935,-0.331225,1.417058,0.124288,-0.044798,0.007922,-0.012616,0.585515
7402014153,-0.797513,1.272209,0.156827,-0.039464,0.012592,-0.026440,0.557924
7502041371,-0.264957,1.263501,0.132847,-0.033196,-0.000813,-0.034150,0.644047
7602068590,-1.063490,1.303734,0.002875,-0.030703,-0.004620,-0.026771,0.547649
7702095808,-0.713160,1.406332,0.008083,-0.029861,-0.003034,-0.015984,0.672863
7802123026,-0.982738,1.208881,0.067484,-0.049045,0.010865,-0.014979,0.664083
7902150244,-0.365583,0.946222,0.002738,-0.003890,-0.007873,-0.001039,0.673378
8002177463,-0.303870,0.860976,-0.002912,-0.058322,-0.004998,-0.034513,0.689102
8102204681,-0.316335,1.029949,-0.037270,0.038248,-0.011292,0.005216,0.735780
8202231899,-0.481464,0.673572,0.116209,-0.013985,-0.022855,-0.021006,0.720330
8302259118,-1.186185,0.853687,-0.111446,-0.069130,0.008468,-0.037554,0.687285
8402286336,-0.590466,0.690508,-0.040488,0.030180,-0.004808,0.016514,0.737846
8502313554,-0.804901,0.899018,-0.099861,0.039293,-0.007458,0.029663,0.729377
8602340772,-0.235901,0.884557,-0.011807,0.046070,-0.000565,0.015564,0.749558
8702367991,-0.595582,0.793780,0.009939,0.037748,-0.009906,0.018414,0.732552
8802395209,-0.338950,0.739111,-0.039766,0.042198,-0.003718,0.022748,0.789835
8902422427,-0.752198,0.766260,-0.023399,0.001106,-0.001218,0.004683,0.706069
9002449646,-0.888393,0.662010,-0.011498,0.051228,-0.016974,0.016417,0.792596
9102476864,-0.284686,0.992959,-0.086912,0.054294,0.004608,0.029316,0.738359
9202504082,-0.772201,0.663514,-0.056453,0.010102,0.000273,0.012056,0.631329
9302531301,-0.309912,0.729946,0.021720,-0.025052,-0.000160,-0.008912,0.680602
9402558519,-0.617693,0.983225,-0.100631,-0.011600,-0.016975,-0.001718,0.585237
9502585737,-0.477348,0.853187,-0.037158,-0.012979,0.001658,-0.002555,0.551585
9602612955,-0.806458,1.355081,0.049299,0.002880,-0.004670,-0.008095,0.536328
9702640174,-0.784021,1.719810,0.053594,0.018887,0.022765,0.002817,0.470808
9802667392,-0.741229,1.197915,0.049855,-0.000001,-0.001166,-0.014064,0.427533
9902694610,-0.843980,1.063905,-0.076796,0.010922,-0.006156,0.019229,0.375922
10002721829,-0.904484,1.079703,0.118366,-0.013886,-0.004570,-0.011506,0.299108
10102749047,-0.716890,1.199207,0.084863,0.011772,-0.004615,0.013971,0.303623
10202776265,-0.483545,1.274908,-0.014089,-0.022787,0.000677,0.009380,0.185857
10302803483,-0.647794,1.359361,-0.005421,0.003106,-0.011363,0.022006,0.175963
10402830702,-0.510011,1.114120,0.086929,-0.015104,0.000232,0.009933,0.139766
10502857920,-0.820006,1.107054,0.010652,0.011680,-0.013673,0.028062,0.064571
10602885138,-0.507572,1.135728,0.024727,-0.007282,-0.006715,0.023146,0.049455
10702912357,-0.739305,1.238271,0.066851,-0.006873,-0.003991,0.014670,0.031516
10802939575,-0.601165,1.276762,0.053789,0.004445,-0.007628,0.016494,0.044592
10902966793,-0.638261,1.156962,0.089248,0.002832,-0.009651,-0.000088,0.030781
11002994011,-0.652501,1.072095,0.040913,0.023987,-0.009307,0.003356,0.020058
11103021230,-0.465607,1.368265,-0.019604,0.010846,-0.006276,-0.004380,0.021768
11203048448,-0.808282,0.987550,-0.033653,0.039322,-0.001361,-0.000602,0.015806
11303075666,-0.597089,1.098967,0.002554,0.020290,-0.004671,-0.004318,0.006504
11403102885,-0.761147,1.297268,-0.030640,0.024349,0.008970,-0.019279,0.018458
11503130103,-0.453024,1.114536,0.124269,0.030370,-0.005168,0.021247,0.005096
11603157321,-0.639265,1.122175,0.101924,0.002936,0.012001,-0.001823,0.008275
11703184540,-0.568130,1.133650,-0.022169,0.000286,-0.008447,0.003673,0.015257
11803211758,-0.522554,1.062111,-0.025429,-0.014543,0.000830,0.006360,0.023056
11903238976,-0.630702,1.188911,-0.087290,0.006521,-0.010064,0.019863,0.022858
12003266194,-0.459355,0.871557,0.035860,0.006871,-0.005730,0.009547,0.017044
12103293413,-0.606289,1.077907,0.020002,0.025394,-0.011787,0.001982,0.019634
12203320631,-0.549441,1.157944,-0.026630,0.032325,-0.004838,0.000897,0.009590
12303347849,-0.612308,0.850918,0.043564,0.026436,0.009757,-0.010148,0.029265
12403375068,-0.583857,0.898548,0.050023,0.023790,0.007787,0.008777,0.008056
12503402286,-0.582969,1.087860,0.060925,0.004521,0.010997,0.010660,0.008462
12603429504,-0.624409,0.942924,-0.008240,0.009392,0.000285,0.001161,0.020753
12703456722,-0.509245,0.881943,-0.003929,-0.019557,0.001853,0.005867,0.040879
12803483941,-0.581264,0.739760,0.040148,-0.023533,-0.001260,0.010814,0.011556
12903511159,-0.505352,1.080202,0.080170,-0.024693,0.001315,0.019304,0.023645
13003538377,-0.601091,1.035218,-0.108153,-0.004712,-0.006399,0.013795,0.016591
13103565596,-0.547893,0.679563,-0.004423,0.006562,-0.008279,0.010491,0.007014
13203592814,-0.545365,1.002007,-0.021977,0.013653,-0.003559,-0.004407,0.009039
13303620032,-0.608693,0.943292,-0.025827,0.025438,-0.014519,0.001044,0.012834
13403647250,-0.677416,1.052474,-0.088172,0.022023,0.009988,-0.012429,0.007309
13503674469,-0.484623,0.874480,-0.029948,0.034083,-0.004055,-0.007835,0.017169
13603701687,-0.422590,0.891298,0.062902,0.010715,0.008089,-0.005871,0.022984
13703728905,-0.409400,1.180076,-0.107225,0.006317,-0.009746,0.000159,0.020769
13803756124,-0.596336,0.731674,0.033405,-0.023478,-0.002387,0.002126,0.012101
13903783342,-0.661005,0.656911,0.048403,0.006523,-0.005669,0.013187,0.016258
14003810560,-0.459627,0.904085,-0.080504,-0.011865,-0.008118,0.018005,0.020423
14103837778,-0.618203,0.798471,-0.006799,-0.005449,-0.000824,0.000244,0.030727
14203864997,-0.611837,0.615420,0.109230,0.005574,-0.004152,0.003549,0.020639
14303892215,-0.465225,0.688562,0.027518,0.019458,0.007092,-0.001397,0.009948
14403919433,-0.447531,0.911299,0.018210,0.027459,0.004311,-0.001399,0.035632
14503946652,-0.511804,0.778047,-0.010612,-0.000312,0.021407,-0.003452,0.023538
14603973870,-0.428690,0.680211,0.027761,0.006853,-0.000729,0.005123,0.015077
14704001088,-0.407538,0.855207,-0.011810,-0.029679,-0.000873,0.007531,0.017144
14804028307,-0.613736,0.846262,-0.097414,-0.017891,-0.009948,-0.005108,0.021542
14904055525,-0.488419,0.682877,-0.027043,-0.008075,-0.009445,0.010902,0.012925
15004082743,-0.544306,0.666521,-0.004076,0.009249,-0.013859,-0.012525,0.035408
15104109961,-0.455764,0.935085,-0.078476,0.015522,0.003951,-0.008491,0.018649
15204137180,-0.493391,0.639396,0.007314,0.017407,-0.004535,-0.010332,0.013297
15304164398,-0.398268,0.638086,0.006415,-0.002158,0.005542,-0.004230,0.018472
15404191616,-0.425775,0.929774,-0.097997,-0.003065,0.004604,-0.006390,0.009145
15504218835,-0.500152,0.852190,-0.003604,-0.014808,-0.009540,0.008405,0.015082
15604246053,-0.446582,0.725172,-0.095941,-0.019883,0.004747,0.008633,0.017204
15704273271,-0.336766,0.640593,-0.043732,-0.016268,-0.020993,0.010831,0.022331
15804300489,-0.494379,0.837908,-0.044934,-0.009952,0.000684,-0.006382,0.006063
15904327708,-0.401621,0.725803,-0.081076,0.009342,-0.006203,-0.005637,0.006034
16004354926,-0.351861,0.451297,0.015426,0.013887,0.013273,0.000148,0.028115
16104382144,-0.393463,0.693479,0.007962,0.020421,0.008199,-0.014767,0.011111
16204409363,-0.362232,0.726744,-0.080901,0.013696,0.011639,0.010263,0.011589
16304436581,-0.403718,0.412662,-0.012530,-0.012636,-0.002830,0.001062,0.021501
16404463799,-0.333373,0.639022,-0.015121,-0.029647,0.001249,0.006291,0.012031
16504491017,-0.357316,0.666358,-0.041409,-0.006347,-0.009420,-0.001669,0.013540
16604518236,-0.420195,0.459557,-0.027322,-0.006046,0.001399,0.014916,0.006513
16704545454,-0.293897,0.558661,-0.023044,0.006468,0.000309,-0.007918,0.014861
16804572672,-0.430937,0.679307,-0.039431,0.007041,0.012843,-0.006456,0.012224
16904599891,-0.418728,0.489801,0.000489,0.007214,0.011418,-0.011303,0.017966
17004627109,-0.352191,0.502135,-0.045691,-0.006550,0.004462,-0.000449,0.015507
17104654327,-0.374369,0.601942,-0.001769,-0.000872,0.007418,0.010198,0.003560
17204681545,-0.449530,0.739942,-0.143829,-0.014599,-0.013253,-0.002870,0.013616
17304708764,-0.307096,0.505545,-0.070223,0.000952,-0.018351,0.022019,0.008566
17404735982,-0.391759,0.527445,-0.033603,0.017247,0.001906,-0.021196,0.018757
17504763200,-0.274118,0.592141,-0.052401,0.012642,0.002323,-0.003200,0.016627
17604790419,-0.370647,0.545465,-0.121656,0.022811,0.006264,-0.006961,0.026705
17704817637,-0.322246,0.312955,0.060083,-0.003755,0.019805,-0.001944,0.021851
17804844855,-0.306879,0.604324,-0.044700,-0.008542,-0.001353,0.002974,0.019812
17904872074,-0.229751,0.509413,-0.066497,-0.028361,0.000934,0.000701,0.015868
18004899292,-0.376904,0.443345,-0.017923,-0.016736,-0.010358,0.004125,0.010961
18104926510,-0.305702,0.520747,-0.014370,0.000954,-0.008977,-0.005603,0.007905
18204953728,-0.329857,0.290369,-0.034722,0.007664,-0.008299,-0.014404,0.005495
18304980947,-0.326108,0.328979,0.018753,0.010211,0.003548,0.001954,0.014654
18405008165,-0.307434,0.478367,-0.011349,0.009076,-0.000475,-0.013043,0.008250
18505035383,-0.293159,0.423042,-0.100545,-0.004002,0.016496,0.001958,0.011944
18605062602,-0.355026,0.263908,0.024662,-0.016819,-0.006051,-0.000233,0.011649
18705089820,-0.211913,0.483937,-0.042132,-0.015442,-0.008598,0.006464,0.006154
18805117038,-0.216337,0.388401,-0.097006,-0.009696,-0.001667,-0.001485,0.007200
18905144256,-0.197233,0.290491,-0.002584,0.013093,-0.009897,0.004728,0.012516
19005171475,-0.310879,0.497281,-0.063339,0.007578,0.008230,-0.021097,0.022538
19105198693,-0.253476,0.384400,-0.058423,0.010853,0.010319,0.002088,0.012954
19205225911,-0.317833,0.282801,-0.013340,0.003608,0.007820,-0.010435,0.010995
19305253130,-0.174622,0.476511,-0.041892,-0.009994,-0.003398,-0.001585,0.009370
19405280348,-0.183514,0.398779,-0.081044,-0.014929,0.005954,0.006112,0.018422
19505307566,-0.220575,0.513986,-0.123188,-0.012921,-0.014809,0.009268,0.024101
19605334784,-0.173332,0.300341,0.005517,-0.002362,-0.008105,-0.002043,0.008263
19705362003,-0.241129,0.375560,-0.082442,0.021238,-0.014781,-0.002518,0.012213
19805389221,-0.105552,0.540901,-0.133758,0.021124,0.012325,0.001344,0.016301
19905416439,-0.215278,0.237591,-0.070848,0.031377,-0.003092,-0.004628,0.005707
20005443658,-0.235026,0.185289,0.036993,0.021475,0.015238,-0.000449,0.018101
20105470876,-0.088453,0.269655,-0.012087,-0.009276,0.005101,-0.007351,0.019056
20205498094,-0.106849,0.269595,-0.016961,-0.022634,0.000612,0.011605,0.022448
20305525313,-0.105946,0.212631,-0.016289,-0.006891,-0.003067,-0.002601,0.030052
20405552531,0.004817,0.414608,-0.096697,-0.003731,0.000557,0.016504,0.012114
20505579749,-0.117488,0.253440,-0.038526,0.001240,0.003503,-0.006466,0.015217
20605606967,-0.247284,0.116201,-0.025586,0.020002,0.005653,0.000499,0.018390
20705634186,-0.041116,0.404179,-0.088018,-0.004665,0.015930,-0.010691,0.010219
20805661404,-0.155504,0.310028,-0.084066,-0.004745,0.008237,-0.000511,0.014581
20905688622,-0.116558,0.011937,0.016428,-0.018779,0.004784,0.000109,0.024973
21005715841,-0.000943,0.247478,-0.038152,-0.011247,-0.002513,0.013317,0.006111
21105743059,0.015571,0.227131,-0.091459,0.005403,-0.009179,0.009392,0.006271
21205770277,-0.257383,-0.048966,-0.004484,0.000880,-0.000204,-0.005610,0.008552
21305797495,0.029184,0.181721,-0.043820,0.002592,0.011860,-0.007517,0.003056
21405824714,-0.165172,0.186813,-0.092030,0.002391,0.013031,-0.008581,0.003169
21505851932,-0.149834,0.015781,0.021934,-0.006302,0.022658,0.002814,0.005179
21605879150,-0.090967,-0.017552,-0.001380,-0.020990,-0.005496,0.005980,0.008872
21705906369,-0.062985,0.180300,-0.049787,-0.013007,0.000454,0.009493,0.020829
21805933587,-0.077157,0.256232,-0.101446,-0.015376,-0.019712,0.005235,0.003468
21905960805,-0.026467,-0.053239,-0.037621,0.004882,-0.001129,0.013768,0.010894
22005988023,-0.038679,0.171755,-0.040858,0.018531,0.000386,-0.009550,0.024218
22106015242,-0.166842,-0.032396,-0.033300,0.016207,0.009128,0.002475,0.011410
22206042460,0.049119,0.222638,0.024557,0.013842,-0.002003,-0.017415,0.003895
22306069678,-0.008119,0.123295,-0.011724,-0.006325,0.011680,-0.009187,0.016523
22406096897,-0.098154,0.169428,-0.085209,-0.019073,-0.002832,-0.002116,0.010982
22506124115,0.038218,0.152710,-0.039493,-0.022234,-0.006344,0.008101,0.025737
22606151333,0.022206,0.175503,-0.006559,-0.017098,-0.005988,0.004183,0.019385
22706178551,-0.082115,0.322854,-0.175876,0.008100,-0.012518,0.013376,0.009880
22806205770,0.018626,-0.020482,-0.066218,0.014932,0.001445,-0.005043,0.008366
22906232988,0.001750,0.106423,-0.061767,0.023858,0.000301,0.000445,0.012744
23006260206,0.064582,0.178052,-0.146016,0.018591,0.010361,-0.012523,0.008056
23106287425,-0.007710,-0.018230,-0.039711,-0.004078,0.004861,0.008773,0.008737
23206314643,0.140466,-0.028105,-0.040882,-0.003194,0.003219,0.017158,0.018398
23306341861,0.085192,0.167326,-0.121292,-0.016001,-0.015518,-0.005792,0.011604
23406369080,-0.118642,0.091546,-0.106895,-0.001516,-0.004378,0.013752,0.017880
23506396298,-0.045687,-0.010297,-0.075667,0.003410,-0.007730,-0.004229,0.003891
23606423516,0.067893,0.232101,-0.147074,0.017220,0.012069,0.000660,0.015647
23706450734,0.078618,0.012183,-0.026012,0.009246,0.001621,-0.007452,0.008763
23806477953,-0.023550,0.065897,-0.089939,0.002008,0.013026,-0.011508,0.007916
23906505171,0.162189,0.041311,-0.069826,-0.014138,-0.000289,-0.016163,0.020716
24006532389,-0.017909,-0.037738,-0.076640,-0.020006,0.006873,0.001237,0.003255
24106559608,-0.107633,-0.191293,0.030183,-0.029366,-0.019027,-0.007532,0.006621
24206586826,0.004002,-0.221530,-0.026962,-0.023225,0.000315,0.002696,0.014291
24306614044,0.079874,0.038858,-0.032609,0.001073,-0.005425,-0.006472,0.020331
24406641262,0.042186,0.078156,-0.109352,0.002696,-0.002480,0.003587,0.024133
24506668481,0.041377,-0.190271,0.024179,0.016726,0.013555,-0.013519,0.011352
24606695699,0.095261,0.024817,-0.015150,0.013024,0.002869,0.000898,0.003986
24706722917,0.031831,-0.073686,0.026947,0.007529,0.022873,0.003119,0.015936
24806750136,0.053991,0.035490,-0.082209,0.003240,-0.001700,0.000384,0.003707
24906777354,0.002164,-0.161755,-0.000851,-0.010275,0.006196,-0.002437,0.027848
25006804572,0.068590,-0.127206,0.097804,-0.013115,-0.013174,0.001283,0.023563
25106831790,-0.021882,0.094816,-0.107735,-0.006542,-0.009151,0.020124,0.005464
25206859009,0.101583,0.019424,-0.124918,-0.001156,-0.017668,0.000356,0.026201
25306886227,-0.059676,-0.162047,-0.050317,0.015701,-0.007279,0.003829,0.015824
25406913445,0.093593,0.025315,-0.004674,0.024737,-0.008861,-0.014653,0.012156
25506940664,0.115846,0.126302,-0.144467,0.020256,-0.003067,-0.013640,0.014923
25606967882,0.022973,-0.080051,-0.042034,0.008554,0.003432,-0.008236,0.014392
25706995100,0.139071,0.116248,-0.091626,-0.005512,-0.010825,-0.000905,0.021461
25807022318,0.035686,0.008235,-0.053285,-0.014526,0.016399,-0.003392,0.026599
25907049537,0.229164,-0.072148,-0.050054,-0.021728,-0.017609,-0.000358,0.031920
26007076755,0.117524,0.128054,-0.087325,-0.016445,0.001012,0.007485,0.016315
26107103973,0.136562,0.063978,-0.099034,0.013111,-0.010255,-0.000594,0.008825
26207131192,0.059255,-0.278936,-0.053543,0.009939,0.013963,-0.000906,0.018037
26307158410,0.123382,-0.112922,0.007221,0.020400,-0.012619,-0.005994,0.006885
26407185628,0.154775,0.038155,-0.103140,0.022101,0.016172,-0.003789,0.006670
26507212847,0.007979,-0.179004,0.002588,0.016175,0.014808,-0.009646,0.013528
26607240065,0.088770,-0.128459,-0.052624,0.003598,0.007979,-0.003228,0.010639
26707267283,0.057434,-0.123488,0.039869,-0.000236,0.017149,0.004391,0.031017
26807294501,0.091693,-0.010979,-0.072843,-0.009578,-0.004458,0.008290,0.005588
26907321720,0.070884,-0.029983,-0.110201,-0.023699,0.001610,0.009910,0.013056
27007348938,0.022088,-0.278753,0.043504,-0.016580,-0.021047,0.000892,0.012688
27107376156,0.127568,0.006307,-0.052075,-0.013173,-0.007137,0.012117,0.008199
27207403375,0.103440,0.017649,-0.130159,0.011897,-0.013207,-0.003601,0.009918
27307430593,0.051284,-0.027290,-0.110445,0.019898,-0.007388,0.000492,0.009942
27407457811,0.167961,-0.074739,0.031770,0.027354,-0.002969,-0.010160,0.022372
27507485029,0.132588,-0.088161,-0.014459,0.006774,0.003138,-0.002574,0.013452
27607512248,0.114887,0.087241,-0.117824,-0.001791,0.009337,-0.006591,0.008807
27707539466,0.171339,-0.105228,-0.054721,-0.009161,0.003200,0.002469,0.017909
27807566684,0.283094,-0.141952,-0.010977,-0.008105,0.002481,0.020558,0.015417
27907593903,0.123972,0.037559,-0.120844,-0.011122,-0.009713,0.006167,0.007261
28007621121,0.064768,-0.116028,-0.138795,0.013231,-0.006581,0.001189,0.011026
28107648339,0.088368,-0.108178,-0.115211,0.024123,-0.005003,0.003613,0.010000
28207675557,0.206904,-0.007644,-0.120472,0.027466,0.004467,-0.009701,0.010000
28307702776,0.130897,-0.133062,-0.063190,0.010928,-0.001970,-0.011446,0.009529
28407729994,0.121613,-0.086896,-0.028816,0.001790,0.009718,-0.004365,0.004512
28507757212,0.168306,0.083817,-0.170530,-0.014607,-0.010092,-0.011886,0.011320
28607784431,0.096978,-0.172978,-0.059197,-0.022459,0.003518,0.006593,0.004840
28707811649,0.219334,-0.095717,0.014935,-0.008371,-0.009417,0.000559,0.015547
28807838867,0.230544,-0.006910,-0.092520,-0.006066,-0.005095,0.026370,0.008824
28907866086,0.059599,-0.001473,-0.099880,0.010417,-0.007464,0.002043,0.008602
29007893304,0.079239,-0.260347,0.053747,0.015862,-0.008560,-0.003838,0.015395
29107920522,0.103159,-0.017227,-0.057751,0.024128,-0.002455,-0.010252,0.019516
29207947740,0.091405,-0.140809,-0.061591,0.024005,0.006189,-0.010880,0.013734
29307974959,-0.008435,-0.297130,0.067179,0.008190,0.017531,0.001399,0.011546
29408002177,0.112747,-0.018470,-0.030302,0.006433,0.006996,-0.005964,0.007900
29508029395,0.113317,-0.071976,-0.071847,-0.017477,0.012703,0.002164,0.018019
29608056614,0.059941,-0.167863,-0.034767,-0.015777,-0.013466,-0.000878,0.008302
29708083832,0.179502,-0.000233,-0.034369,-0.017010,-0.005994,0.007902,0.010527
29808111050,0.159946,-0.051707,-0.009759,0.001768,-0.012597,0.001683,0.004294
29908138268,0.111486,0.107811,-0.150421,0.006936,-0.008886,0.006330,0.009477
30008165487,0.145661,-0.051057,-0.032600,0.019309,0.003651,-0.014480,0.016111
30108192705,0.108073,-0.102909,-0.057374,0.002601,0.005890,0.000656,0.015861
30208219923,0.156854,0.062601,-0.122936,0.001734,0.005709,-0.006564,0.012713
30308247142,0.110397,-0.115967,0.003150,-0.001633,-0.004125,0.017550,0.008477
30408274360,0.227858,-0.110480,-0.018418,0.004127,-0.005086,0.007893,0.005797
30508301578,0.050645,0.071950,-0.143206,0.002284,-0.010537,0.004786,0.025030
30608328796,0.062880,-0.206090,-0.025496,0.024367,-0.006481,-0.004836,0.004722
30708356015,0.113398,-0.077333,-0.014826,0.021447,-0.006272,-0.012154,0.013053
30808383233,0.066471,0.054075,-0.131473,0.012962,0.010422,-0.015359,0.004564
30908410451,0.167458,-0.132916,-0.095668,-0.008619,0.002004,-0.014368,0.012108
31008437670,0.124769,-0.130451,0.051213,-0.019521,0.013877,0.003030,0.013889
31108464888,0.149287,0.076682,-0.097415,-0.026914,-0.010882,-0.000559,0.013301
31208492106,0.088168,-0.135629,-0.090486,-0.024463,-0.000374,0.004957,0.007204
31308519324,-0.009761,-0.047722,-0.004613,0.010196,-0.011399,0.011881,0.010260
31408546543,0.104469,0.022753,-0.145199,0.004246,0.005994,-0.001610,0.012699
31508573761,0.010652,-0.123759,-0.083038,0.028353,0.000157,-0.005607,0.009675
31608600979,0.198668,-0.100843,0.047293,0.015929,0.003573,-0.002132,0.017458
31708628198,0.214901,0.038870,-0.141066,0.012260,0.003074,-0.008865,0.011111
31808655416,0.118141,-0.145732,-0.039177,-0.010719,-0.001464,0.002680,0.011111
31908682634,0.010835,-0.151951,-0.002842,-0.007038,-0.006376,0.009651,0.011280
32008709853,0.050240,-0.025911,-0.070694,-0.014345,-0.005553,0.016189,0.012523
32108737071,0.097712,0.020260,-0.085826,0.008020,-0.009185,-0.003710,0.006435
32208764289,0.008098,-0.225266,0.031650,0.008540,0.002106,0.009613,0.001549
32308791507,0.172700,-0.091837,0.001109,0.015165,0.012030,-0.006302,0.005842
32408818726,0.059595,0.011313,-0.153661,0.005417,0.019437,0.001020,0.003227
32508845944,-0.021200,-0.300511,0.016752,-0.010518,0.016460,0.012053,0.005098
32608873162,0.161544,-0.103362,-0.064640,-0.010257,0.004155,0.006480,0.007072
32708900381,0.093463,-0.111179,-0.067405,-0.017913,-0.001876,0.006090,0.017043
32808927599,0.041308,-0.203715,-0.031384,-0.003438,-0.017459,-0.006426,0.016989
32908954817,0.205438,-0.218968,-0.046129,0.014846,0.005788,-0.007682,0.005912
33008982035,0.099047,-0.100643,-0.016786,0.012683,-0.007209,-0.006917,0.004263
33109009254,-0.014158,0.005025,-0.158253,0.003874,0.007014,-0.000841,0.008131
33209036472,0.059597,-0.256439,-0.024619,0.000027,0.002013,0.002150,0.008814
33309063690,0.021522,0.018696,-0.078607,-0.015507,-0.004931,0.017343,0.009037
33409090909,0.096493,0.037371,-0.083843,-0.006300,-0.009701,-0.004613,0.018990
33509118127,0.167745,-0.128831,-0.028593,-0.015424,-0.004072,0.009844,0.019721
33609145345,0.208224,0.003891,-0.010043,0.019902,-0.004385,0.002308,0.017326
33709172563,0.124992,0.088260,-0.133357,0.022236,0.007698,0.002088,0.019353
33809199782,0.170307,-0.053098,-0.020001,0.023362,0.002685,-0.000854,0.002583
33909227000,0.069125,-0.050589,-0.011158,-0.005605,0.007515,-0.000700,0.010478
34009254218,0.002422,0.091897,-0.198353,0.003842,0.006617,-0.010687,0.025186
34109281437,0.114925,-0.143829,-0.020424,-0.010503,-0.004390,0.014524,0.016008
34209308655,0.101978,-0.050136,-0.015043,-0.011559,-0.004684,-0.008746,0.018258
34309335873,0.173245,-0.008167,-0.140464,-0.018695,-0.012423,-0.008686,0.049429
34409363091,-0.050403,-0.259848,-0.026356,-0.007756,-0.008977,-0.005460,0.042588
34509390310,0.112578,-0.163351,-0.002431,0.007508,-0.000216,-0.020247,0.027470
34609417528,0.075311,0.034950,-0.138652,0.004782,0.009298,0.000295,0.005018
34709444746,0.063751,-0.058507,-0.101129,-0.002818,0.002784,-0.009675,0.024282
34809471965,0.077576,-0.080583,0.063057,-0.017388,0.017386,0.005513,0.027398
34909499183,0.110816,0.017817,-0.089909,-0.015572,-0.006572,0.001724,0.022615
35009526401,0.111199,-0.011969,-0.089477,-0.010251,-0.009327,0.000495,0.033716
35109553620,-0.009927,-0.082468,0.045885,-0.000991,-0.016188,-0.004802,0.004091
35209580838,0.063683,0.015585,-0.081673,0.012144,0.008886,-0.010029,0.016098
35309608056,0.077520,-0.137465,-0.048372,0.010378,-0.003272,-0.012652,0.036170
35409635274,-0.033474,-0.049494,-0.041905,-0.003404,0.014774,0.002108,0.026694
35509662493,0.065588,0.074817,-0.178743,-0.028791,-0.001219,-0.005981,0.008231
35609689711,-0.029073,-0.180078,-0.047858,-0.028280,-0.000455,0.004016,0.026602
35709716929,0.123785,-0.029948,0.003980,-0.015755,-0.006621,-0.007879,0.013352
35809744148,-0.076003,0.272634,-0.108113,-0.028297,-0.002581,-0.000621,0.015624
35909771366,0.207020,-0.001453,-0.028310,0.005281,0.007517,-0.019265,0.011790
36009798584,0.283334,0.288092,0.024844,-0.008667,0.000762,-0.001128,0.018545
36109825802,0.391343,0.396750,-0.078456,0.004693,0.004541,0.001231,0.021773
36209853021,0.174850,0.482159,-0.116275,-0.008429,0.014689,0.001560,0.010794
36309880239,-0.013560,0.498454,0.006004,0.016799,-0.007158,0.018231,0.020718
36409907457,0.130950,0.712126,-0.034630,0.007495,0.000894,-0.001538,0.043321
36509934676,-0.025589,0.591615,-0.055270,0.006830,0.011165,0.007557,0.026759
36609961894,0.155293,0.403027,-0.025703,0.002970,-0.000582,0.007884,0.016688
36709989112,0.341875,0.612451,-0.041306,-0.007246,0.010250,-0.022694,0.030141
36810016330,0.033931,0.680475,-0.008587,-0.004219,0.002433,0.010237,0.013193
36910043549,0.168242,0.430215,-0.072744,-0.019641,0.003701,-0.009065,0.006638
37010070767,-0.097520,0.497666,-0.087621,0.002048,0.013238,-0.000847,0.008840
37110097985,0.372799,0.613859,0.014126,-0.021623,-0.003881,-0.010836,0.054570
37210125204,0.226762,0.661017,-0.099823,0.015160,0.008306,-0.002504,0.073821
37310152422,0.042231,0.681339,-0.068067,-0.043853,0.003276,-0.015956,0.128356
37410179640,0.026720,0.685987,-0.039336,-0.002993,0.004578,0.010439,0.162636
37510206859,0.376952,0.408411,0.039624,-0.025163,-0.002190,-0.021204,0.211221
37610234077,-0.049018,0.556990,-0.186862,-0.000580,-0.005546,0.011535,0.290106
37710261295,0.240375,0.451957,-0.197623,-0.028681,-0.005796,-0.023465,0.351545
37810288513,-0.041414,0.688481,-0.088532,-0.016297,0.017037,-0.011090,0.362860
37910315732,0.287993,0.187093,0.089735,-0.039608,-0.005267,-0.021722,0.493291
38010342950,0.048849,0.232153,0.022715,0.001211,-0.007804,-0.013697,0.521664
38110370168,0.271921,0.481052,-0.055638,-0.017667,0.002677,-0.010013,0.656663
38210397387,0.148174,0.521962,0.009205,-0.013893,0.006511,-0.007723,0.595477
38310424605,0.114891,0.277168,-0.064835,-0.000583,0.002442,-0.002442,0.779879
38410451823,-0.036003,0.156859,-0.210391,0.000517,-0.003335,-0.006870,0.849188
38510479041,-0.071422,0.201321,-0.107851,-0.017272,-0.001568,-0.004920,0.864449
38610506260,-0.169986,-0.148483,0.112131,-0.014485,0.000488,-0.003061,0.923706
38710533478,0.033330,0.128290,-0.108294,0.012598,-0.003271,0.013214,1.028102
38810560696,0.162557,-0.027579,-0.086960,0.004785,0.001361,0.004644,1.068641
38910587915,-0.251311,0.037642,-0.176534,0.041877,0.002094,0.011528,1.113771
39010615133,0.278026,0.094211,0.059228,0.032671,-0.001120,0.022038,1.160632
39110642351,0.140636,0.146184,-0.198908,0.018050,0.001062,0.011602,1.209741
39210669569,0.447149,-0.207887,0.030536,0.029929,0.008729,0.032784,1.229461
39310696788,-0.186458,0.137128,-0.063497,0.012344,0.004309,0.018634,1.279528
39410724006,-0.317769,-0.121367,-0.056148,0.029284,0.001235,0.005659,1.316516
39510751224,-0.274180,0.186019,-0.093696,-0.029058,0.011429,-0.000262,1.379538
39610778443,-0.095879,0.064108,0.045045,-0.013990,-0.009487,-0.002967,1.326678
39710805661,0.317124,0.232241,-0.075363,-0.029198,-0.002165,-0.036769,1.400637
39810832879,-0.007823,0.256968,0.030383,-0.017166,-0.015946,0.003631,1.418364
39910860097,-0.068427,-0.009985,-0.116747,-0.006859,-0.006685,0.007794,1.399870
40010887316,-0.005560,-0.037027,-0.089951,-0.026328,0.020222,0.007920,1.485524
40110914534,-0.055898,-0.043350,-0.141176,-0.007773,-0.001431,0.020312,1.448798
40210941752,0.169750,0.098765,0.108415,-0.013498,-0.012433,-0.001794,1.460851
40310968971,0.012262,-0.282674,-0.186347,-0.010182,-0.010827,-0.014239,1.552172
40410996189,-0.016817,-0.044764,-0.122689,-0.014084,-0.012481,0.001849,1.460243
40511023407,-0.088206,-0.359606,-0.061127,-0.024316,-0.016105,-0.008742,1.554051
40611050626,-0.270489,-0.753515,0.014555,-0.012760,0.002508,-0.000931,1.514662
40711077844,-0.036216,-0.151015,-0.059750,-0.027150,-0.005428,-0.011116,1.519053
40811105062,0.062454,-0.517111,-0.069740,-0.001219,-0.013697,0.009683,1.580090
40911132280,-0.116360,-0.044498,-0.028871,-0.013927,-0.014502,0.013771,1.609502
41011159499,-0.057662,-0.334414,0.014759,-0.006415,-0.005498,-0.002594,1.592449
41111186717,-0.035176,-0.479086,-0.124634,-0.005505,-0.012807,-0.001138,1.621018
41211213935,-0.236838,-0.290566,0.013903,-0.030086,0.004618,-0.015890,1.691031
41311241154,-0.241516,-0.491987,-0.124513,-0.014139,-0.011263,0.008527,1.677373
41411268372,0.110720,-0.296802,-0.040151,-0.018665,-0.000602,-0.017051,1.693607
41511295590,0.022071,-0.440416,-0.004423,0.001620,0.012988,-0.002545,1.681231
41611322808,0.050090,-0.546918,0.026917,0.015881,0.063263,-0.002447,1.731529
41711350027,-0.009350,-0.234248,-0.032049,0.067126,0.073749,0.000108,1.672533
41811377245,0.172578,-0.408997,0.043317,-0.002822,-0.091955,-0.001185,1.659574
41911404463,-0.195226,-0.371078,-0.050514,-0.058532,-0.055982,0.025609,1.639717
42011431682,0.003917,-0.546771,-0.030472,0.022953,-0.000114,-0.014198,1.623649
42111458900,-0.381152,-0.532735,-0.098002,-0.019953,-0.005369,0.000003,1.583724
42211486118,-0.075428,-0.814660,0.025599,0.059761,-0.023185,0.028963,1.582348
42311513336,-0.587559,-0.876821,-0.026933,0.039852,-0.069682,0.011983,1.534951
42411540555,0.273750,-0.636364,0.150214,0.027541,-0.049011,0.037848,1.548599
42511567773,0.193159,-0.953127,0.029805,-0.014929,0.124750,0.001679,1.477846
42611594991,0.335640,-1.037561,0.005296,0.064601,0.009992,0.035994,1.492850
42711622210,-0.106769,-0.937507,-0.058345,-0.028792,0.002079,-0.014005,1.499590
42811649428,-0.408176,-0.875603,-0.153565,-0.002746,-0.003482,0.007035,1.441392
42911676646,-0.127667,-0.969986,-0.079350,-0.035110,-0.014017,-0.027663,1.384609
43011703864,-0.450745,-0.954677,-0.040814,-0.014868,-0.006192,-0.014100,1.436275
43111731083,-0.023936,-0.999125,-0.072497,0.024643,-0.000432,0.002360,1.341795
43211758301,-0.417539,-0.981661,-0.090439,-0.051488,0.007235,-0.029277,1.343058
43311785519,0.252855,-0.971037,-0.021166,-0.031768,0.000616,-0.016607,1.308716
43411812738,0.217129,-1.058536,-0.028899,-0.048953,-0.004502,-0.022276,1.263864
43511839956,0.205015,-0.960665,-0.031113,0.038911,0.001549,0.007137,1.210952
43611867174,0.131221,-0.797427,-0.082964,0.002415,0.003686,0.000086,1.163495
43711894393,-0.489460,-0.916726,-0.068311,0.037473,0.006746,0.021491,1.185453
43811921611,-0.041227,-0.838255,-0.019862,0.003790,0.000666,0.012574,1.038159
43911948829,-0.320422,-0.594112,-0.149114,0.025112,-0.004768,0.029233,0.954375
44011976047,-0.001009,-0.659436,-0.037199,0.020171,-0.006917,0.012688,0.921943
44112003266,-0.238960,-0.318438,-0.024806,0.029488,0.002740,0.006596,0.908617
44212030484,0.197890,-0.229826,-0.111055,0.034423,0.008637,0.022227,0.755518
44312057702,0.174701,-0.390767,-0.042253,-0.004217,0.008211,-0.009867,0.678893
44412084921,0.232836,-0.255315,0.004557,0.013769,0.006958,0.012347,0.662509
44512112139,0.008523,-0.410911,-0.063705,-0.019734,-0.006236,-0.012918,0.507637
44612139357,-0.176231,-0.215215,-0.071635,-0.003555,-0.007836,-0.009453,0.543528
44712166575,0.110087,-0.484694,-0.027234,-0.036094,0.001493,-0.015555,0.357542
44812193794,-0.259440,-0.431880,-0.017805,-0.021328,-0.009097,-0.018653,0.429996
44912221012,-0.220035,-0.484907,-0.094869,0.004818,-0.003964,-0.006006,0.233288
45012248230,-0.085871,-0.133977,-0.116124,-0.023550,0.003231,-0.002602,0.179685
45112275449,-0.172334,-0.091358,-0.000633,-0.016405,-0.004938,-0.016743,0.232007
45212302667,0.171394,-0.125876,0.036561,0.010565,-0.007145,0.001244,0.162263
45312329885,-0.161527,-0.241313,-0.081379,0.010230,-0.000810,0.009602,0.125943
45412357103,0.050132,-0.198411,-0.080296,0.016862,0.002171,0.009046,0.107231
45512384322,-0.114325,-0.230605,0.013408,0.003758,0.003366,-0.000533,0.117242
45612411540,-0.006779,-0.112772,-0.095943,0.015525,0.007515,0.004272,0.076352
45712438758,0.126550,-0.207546,-0.046924,-0.026681,0.001055,-0.004377,0.077537
45812465977,-0.010067,-0.144578,0.083177,-0.005599,-0.015542,0.001518,0.071673
45912493195,0.009586,-0.053860,-0.109790,-0.003022,-0.003645,0.004060,0.055209
46012520413,-0.040704,-0.109757,-0.081925,0.014129,-0.004267,-0.014698,0.045411
46112547632,-0.006491,-0.134701,-0.023383,-0.000138,0.003250,-0.003977,0.019717
46212574850,-0.078868,-0.162019,-0.053534,-0.011511,0.002230,-0.005866,0.011118
46312602068,0.011486,-0.128548,-0.054732,-0.021897,-0.001979,0.002727,0.018644
46412629286,-0.055169,-0.213202,-0.017246,-0.007176,-0.001102,-0.005133,0.016699
46512656505,0.044781,-0.177227,-0.050014,0.008692,0.004600,0.005678,0.016266
46612683723,0.025229,-0.061387,-0.076169,0.014374,0.005482,0.003084,0.024507
46712710941,-0.136132,-0.244257,0.001814,-0.010030,0.013402,0.017099,0.019840
46812738160,0.019010,-0.129021,-0.028284,-0.008858,-0.005150,0.001110,0.011217
46912765378,-0.024261,-0.024458,-0.065468,-0.007160,-0.004522,0.004038,0.012476
47012792596,-0.075268,-0.173737,-0.026186,0.007989,-0.011401,-0.000928,0.016857
47112819814,0.009870,-0.125521,-0.005077,0.014480,-0.002429,-0.008182,0.024508
47212847033,-0.025577,-0.001617,-0.069056,0.019575,0.006021,-0.003182,0.038090
47312874251,-0.037210,-0.083536,-0.102287,-0.001828,0.015611,0.003563,0.011444
47412901469,-0.019433,-0.172927,-0.066572,-0.004772,0.009934,-0.000887,0.008808
47512928688,0.036348,-0.134968,0.010742,-0.028107,0.007981,0.003011,0.016762
47612955906,-0.045873,0.114986,-0.162045,-0.027307,-0.000995,-0.004641,0.033772
47712983124,-0.037305,-0.032708,-0.072115,-0.025891,-0.002095,0.013369,0.018452
47813010342,-0.016954,-0.030910,-0.053080,-0.015075,-0.004979,-0.003196,0.020569
47913037561,0.089343,0.061409,-0.113877,-0.003393,-0.012327,-0.002212,0.016293
48013064779,0.044115,-0.109790,-0.095935,-0.002114,-0.003100,-0.012562,0.010892
48113091997,0.033017,0.003304,-0.139492,0.017145,-0.007263,-0.007849,0.007162
48213119216,0.020475,0.126210,-0.099340,0.015062,0.009618,-0.015051,0.025901
48313146434,-0.115733,-0.095764,-0.124651,0.016251,0.001846,-0.007476,0.009106
48413173652,-0.064163,-0.002833,-0.148011,-0.005923,0.018535,-0.003722,0.027572
48513200870,0.043861,-0.121453,-0.071264,-0.005029,-0.005582,-0.004433,0.019292
48613228089,0.096900,0.050316,0.003171,-0.028150,0.001335,0.003160,0.021026
48713255307,0.018538,-0.034945,-0.084203,-0.010986,0.000775,0.002065,0.014742
48813282525,0.096177,-0.154941,0.015072,-0.016152,-0.009953,0.024615,0.011727
48913309744,-0.083703,0.067680,-0.075346,0.012941,-0.004896,0.010467,0.005311
49013336962,-0.052094,0.007680,-0.126184,0.016079,-0.009369,0.003825,0.019333
49113364180,-0.124632,-0.123066,-0.096001,0.010133,-0.001715,-0.016279,0.014480
49213391399,0.041025,-0.166939,0.024876,0.025895,0.004005,-0.010665,0.012562
49313418617,-0.088589,-0.030162,-0.019989,0.020895,0.014617,0.002471,0.021274
49413445835,-0.036012,0.034041,-0.031565,0.010727,0.004653,-0.006315,0.016272
49513473053,0.053958,-0.022931,-0.060929,-0.015211,0.008261,-0.006419,0.011832
49613500272,-0.010614,-0.072473,0.016534,-0.026127,-0.001075,0.003367,0.010699
49713527490,-0.022115,0.095194,-0.010498,-0.035801,0.000201,0.013050,0.009145
49813554708,-0.014636,0.047644,-0.108846,-0.018922,0.000886,0.011045,0.014869
49913581927,0.088064,-0.127315,0.001399,-0.024152,-0.008070,0.011446,0.008039
50013609145,-0.000772,0.060931,-0.060444,-0.014039,-0.000917,0.003080,0.016626
50113636363,0.017656,0.159590,-0.099527,-0.013361,-0.006994,0.000323,0.024217
50213663581,-0.109556,0.008214,-0.087571,-0.010678,-0.000766,0.020648,0.006831
50313690800,-0.071299,0.033745,-0.089383,-0.012742,-0.001430,0.001976,0.007746
50413718018,-0.062328,-0.150378,0.040370,0.004717,-0.015306,0.011742,0.020913
50513745236,0.070098,0.158272,-0.021774,-0.009049,0.000934,-0.000210,0.036827
50613772455,-0.111702,0.137750,-0.190533,0.012198,-0.013098,0.006261,0.025572
50713799673,-0.065478,0.084557,-0.095252,0.007869,-0.007162,0.004601,0.031971
50813826891,-0.017630,-0.009522,-0.084101,0.023078,-0.005574,-0.013568,0.006380
50913854109,0.063778,-0.025810,-0.075941,0.027803,-0.005403,-0.001768,0.008594
51013881328,0.042084,0.230097,-0.065448,0.013662,0.008984,-0.021021,0.015145
51113908546,-0.140812,0.005398,-0.102034,0.008501,-0.001877,-0.009933,0.031098
51213935764,-0.074103,0.076072,-0.111093,0.013112,0.010296,-0.006720,0.006519
51313962983,0.004867,-0.048826,-0.057513,0.019706,0.001134,-0.008519,0.006410
51413990201,0.089359,0.159807,-0.041624,-0.007944,-0.001123,0.014393,0.019729
51514017419,-0.018575,0.085074,-0.104875,-0.006039,-0.005130,0.009363,0.007513
51614044637,0.065966,-0.074151,0.000953,-0.009858,-0.012956,0.014337,0.014004
51714071856,0.011217,0.154647,-0.119865,-0.002754,-0.013197,0.001409,0.003222
51814099074,0.042943,0.172091,-0.101547,0.014631,0.004032,0.003144,0.015524
51914126292,-0.094938,-0.071695,-0.049904,0.013760,0.008801,0.001776,0.011238
52014153511,0.028755,-0.017672,-0.021603,0.020387,0.009615,-0.001115,0.008360
52114180729,0.071652,0.206801,-0.134240,0.010649,0.003780,-0.001602,0.015684
52214207947,0.056406,-0.082018,-0.047034,-0.007497,0.003095,0.005050,0.009318
52314235166,0.075128,0.028375,0.015270,-0.035597,0.005422,-0.001658,0.015798
52414262384,-0.164895,0.155449,-0.163129,-0.015958,-0.007747,0.005269,0.010196
52514289602,-0.004109,-0.025616,-0.066001,-0.036272,-0.004845,0.012214,0.015753
52614316820,-0.143914,0.020494,-0.072678,-0.009324,-0.006876,-0.010909,0.005245
52714344039,0.020082,0.208020,-0.067040,0.002328,-0.010145,0.001630,0.021573
52814371257,-0.163493,0.138144,-0.062164,0.010052,-0.005623,-0.015181,0.002109
52914398475,0.049025,0.041064,-0.112482,0.025102,-0.003733,-0.011199,0.007616
53014425694,0.110888,0.006541,-0.046702,0.000968,0.008830,-0.017431,0.007444
53114452912,-0.036380,0.106632,-0.061567,-0.003519,0.006096,-0.000747,0.019937
53214480130,0.058706,0.002440,-0.056321,-0.009477,0.002549,0.002341,0.010670
53314507348,-0.011309,-0.033776,-0.062662,-0.013725,-0.009538,-0.005471,0.023492
53414534567,-0.018785,0.156707,-0.063952,-0.015057,-0.005131,0.011886,0.009226
53514561785,-0.037969,0.114452,-0.110235,0.004200,-0.010896,0.000114,0.015059
53614589003,-0.056555,-0.116718,0.002034,0.000359,0.007552,0.005747,0.008889
53714616222,-0.067490,0.002459,-0.006776,0.020222,0.005941,-0.010100,0.009620
53814643440,-0.014378,0.127903,-0.080574,0.016518,0.011886,0.006121,0.013319
53914670658,-0.027694,-0.099158,-0.008408,-0.004956,0.014033,-0.007616,0.012771
54014697876,0.057969,-0.013844,-0.031654,-0.012313,0.006594,-0.001609,0.028032
54114725095,0.017482,-0.048186,0.015886,-0.009285,0.008189,-0.000543,0.020847
54214752313,-0.085486,-0.158699,-0.015197,0.015530,0.012574,-0.007581,0.007154
54314779531,-0.032661,0.022431,-0.030567,0.013843,0.011278,0.007154,0.003135
54414806750,-0.004862,0.138078,-0.076611,-0.002621,0.011440,0.009546,0.010165
54514833968,-0.064227,-0.076982,-0.047354,-0.006590,0.001561,-0.000053,0.011235
54614861186,0.003963,-0.100479,0.026883,-0.025223,-0.002144,0.007826,0.012688
54714888405,-0.071011,-0.042594,0.008685,-0.014706,-0.017433,0.000155,0.016655
54814915623,0.004861,0.093591,-0.044081,-0.008707,-0.003476,0.006349,0.016326
54914942841,-0.059749,-0.042442,-0.068323,0.007262,-0.005297,-0.001215,0.022727
55014970059,-0.039893,-0.081657,0.035330,0.009283,0.002813,0.003315,0.015778
55114997278,-0.073765,0.120776,-0.082308,0.017824,0.005389,-0.010326,0.013472
55215024496,-0.024233,-0.020875,-0.064905,0.001807,0.005002,-0.000479,0.010652
55315051714,-0.091970,-0.071729,-0.003890,-0.009998,-0.001971,-0.010842,0.007888
55415078933,0.020334,0.130445,-0.065706,-0.020583,-0.000737,0.008926,0.009081
55515106151,-0.046383,0.044991,-0.113023,-0.009623,-0.006357,0.004846,0.020943
55615133369,-0.077760,-0.045536,-0.040139,0.003543,-0.011983,0.006845,0.018781
55715160587,0.027709,0.057917,-0.025808,0.013687,-0.003125,-0.007160,0.014092
55815187806,-0.050927,0.144136,-0.133531,0.010714,0.008848,-0.001196,0.025942
55915215024,-0.114623,0.100421,-0.106285,0.008007,0.011209,-0.009872,0.024070
56015242242,-0.058979,0.003021,-0.113570,0.007378,-0.005504,0.006984,0.017534
56115269461,0.038982,0.103565,-0.074262,0.019046,-0.005929,0.005555,0.010000
56215296679,-0.026110,0.153619,-0.090907,0.017154,0.005247,-0.002834,0.009235
56315323897,-0.014039,0.017453,-0.060446,0.012987,-0.002192,-0.007066,0.006532
56415351115,-0.075732,0.084232,-0.017919,-0.017557,0.011705,-0.003054,0.012996
56515378334,-0.020678,0.098705,-0.083157,-0.029983,-0.007940,-0.008149,0.003354
56615405552,-0.123773,-0.048869,-0.036583,-0.021136,-0.002154,0.001177,0.012309
56715432770,0.017920,0.102975,-0.044232,-0.003208,-0.004926,0.007382,0.017046
56815459989,-0.044462,0.190783,-0.147610,-0.003978,0.014633,-0.001301,0.009564
56915487207,0.034169,-0.058244,-0.025136,0.010674,0.003787,-0.010601,0.023459
57015514425,-0.004453,0.120902,-0.050805,-0.013846,0.016814,-0.004738,0.020163
57115541643,0.053594,0.146533,-0.110089,-0.016733,0.000029,-0.004822,0.015302
57215568862,-0.084698,-0.038425,-0.083609,-0.032696,0.002573,-0.000922,0.015561
57315596080,-0.044374,-0.006323,-0.023303,-0.017047,-0.008997,-0.000212,0.007882
57415623298,-0.049721,0.185209,-0.126923,-0.007062,0.000731,-0.002728,0.008377
57515650517,0.000189,0.016540,-0.085084,0.012279,-0.004568,-0.006950,0.015329
57615677735,-0.013207,-0.071288,0.040942,0.005199,0.009987,-0.005506,0.010327
57715704953,0.089576,0.149329,-0.101485,0.004013,0.005268,-0.005330,0.007682
57815732172,-0.070331,-0.042755,-0.059119,-0.021791,0.005242,-0.006171,0.015325
57915759390,-0.063907,-0.057219,-0.029002,-0.011500,0.002095,0.001464,0.010323
58015786608,0.049204,0.161381,-0.102050,-0.013785,0.004839,0.014312,0.005453
58115813826,-0.071829,-0.016883,-0.048123,0.009710,0.004519,0.006378,0.004975
58215841045,0.072191,-0.009565,-0.023993,0.012591,0.002599,0.002570,0.021419
58315868263,0.157525,0.096754,-0.096229,0.016144,0.008285,-0.003670,0.022879
58415895481,0.001939,-0.005087,-0.058885,-0.003898,-0.003768,-0.003797,0.018942
58515922700,-0.144961,-0.098636,-0.015633,-0.008653,-0.004211,0.014351,0.006063
58615949918,0.102998,0.042637,-0.061039,-0.000406,-0.009359,0.008098,0.020660
58715977136,-0.065009,0.110333,-0.139733,0.005035,-0.014992,0.004128,0.012646
58816004354,-0.133393,-0.166716,0.022085,0.021108,0.000934,0.009551,0.007712
58916031573,-0.050561,-0.016794,-0.043856,0.015559,0.006675,0.000178,0.016556
59016058791,0.008631,0.047005,-0.106429,0.018733,0.011583,-0.004371,0.017952
59116086009,-0.044629,-0.118609,-0.024636,0.003368,0.003928,-0.005443,0.012564
59216113228,0.025817,-0.154569,-0.022536,-0.017511,0.003320,0.009496,0.012730
59316140446,0.022197,0.048536,-0.025672,-0.032834,0.002003,0.006920,0.025644
59416167664,-0.108536,0.092205,-0.170482,-0.014376,-0.015252,0.004420,0.017766
59516194882,-0.021980,-0.055789,-0.108567,0.003815,-0.003893,0.015936,0.014374
59616222101,0.027647,0.029334,-0.020087,0.023674,-0.006629,-0.006125,0.024511
59716249319,-0.011520,0.047487,-0.062907,0.012504,0.001146,0.000830,0.011628
59816276537,0.012778,-0.046956,-0.037420,0.010290,-0.000575,-0.017412,0.012758
59916303756,0.063678,0.005342,-0.021149,-0.015235,0.006680,-0.009570,0.025314
60016330974,-0.076076,0.110264,-0.101557,-0.018746,-0.006524,-0.000044,0.014676
60116358192,-0.052957,-0.048391,-0.017010,-0.019528,-0.005064,0.003093,0.004373
60216385410,-0.058375,-0.034189,-0.076065,-0.004828,-0.007728,-0.000139,0.013068
60316412629,0.036272,0.141838,-0.147942,-0.000076,-0.004179,-0.004565,0.021733
60416439847,-0.073001,0.062018,-0.071198,0.011347,0.005930,-0.008412,0.016142
60516467065,0.021059,-0.134313,-0.028417,0.002602,0.006712,-0.001340,0.020618
60616494284,0.132592,0.120283,-0.123387,-0.014701,0.004454,-0.014565,0.015722
60716521502,-0.027724,0.040708,-0.082252,-0.011658,0.000502,0.007583,0.025321
60816548720,-0.006388,-0.153891,-0.027826,-0.001991,-0.009474,0.000154,0.024324
60916575939,0.057192,0.121553,-0.132982,0.001389,0.004577,0.007226,0.010605
61016603157,-0.004447,0.009366,-0.034794,0.016593,0.002592,-0.000953,0.009854
61116630375,-0.042076,-0.096588,-0.085519,-0.000980,-0.002154,0.000206,0.016902
61216657593,0.065870,0.076929,-0.077621,-0.007569,0.003730,-0.010517,0.006621
61316684812,-0.124331,0.003759,-0.038429,-0.009967,0.000477,0.002219,0.004815
61416712030,0.019685,-0.134837,-0.060723,-0.000975,-0.005809,0.007881,0.005421
61516739248,0.061326,0.104007,-0.137998,0.001654,0.000265,0.000488,0.011521
61616766467,-0.075996,0.062266,-0.056619,0.004219,0.000673,-0.010784,0.007941
61716793685,-0.021900,-0.144093,-0.053055,-0.003424,0.003209,-0.000071,0.026516
61816820903,0.035336,0.113642,-0.117352,-0.011931,0.004078,-0.011798,0.018422
61916848121,-0.004196,0.041928,-0.011929,-0.021324,-0.001047,-0.001006,0.015596
62016875340,-0.040032,-0.144673,-0.074885,-0.015368,-0.005100,0.001911,0.014884
62116902558,0.020987,0.173366,-0.148768,-0.009811,-0.013824,-0.006269,0.020696
62216929776,-0.137479,0.094211,-0.062143,-0.004772,-0.002379,-0.009136,0.006693
62316956995,0.025067,-0.017442,-0.128971,0.011412,-0.004654,-0.007614,0.015518
62416984213,0.109781,-0.040421,-0.020267,0.002829,0.017320,-0.017180,0.019754
62517011431,-0.029642,0.096507,-0.054028,0.001658,0.003614,0.000490,0.027016
62617038649,-0.025923,-0.035194,-0.089649,-0.019320,0.007225,-0.003141,0.021093
62717065868,0.019115,-0.035069,-0.042956,-0.008542,-0.009749,-0.004451,0.015949
62817093086,0.050379,0.108394,-0.036954,-0.008136,-0.005639,0.014405,0.009734
62917120304,-0.033692,0.018698,-0.110332,0.016047,-0.002088,0.000529,0.009048
63017147523,0.045121,-0.132598,-0.003344,0.013261,0.028574,-0.021156,0.033912
63117174741,-0.075149,0.226415,-0.144826,0.013081,0.015918,-0.006082,0.014605
63217201959,-0.007058,0.021382,-0.117343,0.006161,0.008942,-0.010319,0.017004
63317229178,-0.031048,-0.163151,-0.040344,-0.006188,0.003238,-0.004652,0.011944
63417256396,-0.027474,0.051907,-0.033249,-0.014811,-0.004690,0.000297,0.015396
63517283614,-0.024952,0.056867,-0.127063,-0.001148,-0.013456,0.002493,0.028488
63617310832,-0.067790,-0.185445,-0.025383,0.008157,-0.002140,0.001632,0.012810
63717338051,-0.039470,-0.026719,-0.024522,0.019022,0.001183,-0.006981,0.016078
63817365269,-0.011267,-0.002252,-0.052955,0.010395,0.009313,-0.000220,0.012475
63917392487,0.001933,-0.076775,-0.098899,-0.003736,0.008593,-0.014225,0.014807
64017419706,-0.005252,-0.076678,-0.086999,-0.011980,0.009826,0.003928,0.013744
64117446924,0.048269,-0.023017,-0.006223,-0.001970,-0.002020,-0.001890,0.012522
64217474142,-0.098452,-0.011858,-0.101318,-0.019416,0.007312,0.008893,0.010534
64317501360,0.016642,-0.012923,-0.078717,-0.020137,-0.002915,0.005993,0.012715
64417528579,-0.088186,0.007338,-0.029078,-0.001060,-0.000443,-0.000957,0.012134
64517555797,-0.068582,-0.021898,-0.021179,0.009269,0.006302,-0.000437,0.015725
64617583015,-0.057948,-0.003239,-0.036616,0.009699,-0.001119,-0.009254,0.011563
64717610234,-0.038439,-0.073493,0.048462,-0.000262,-0.007867,-0.003681,0.017128
64817637452,-0.013904,0.003816,-0.050303,-0.003560,-0.010947,0.004377,0.011535
64917664670,-0.037787,-0.032441,-0.048423,-0.013406,-0.007378,-0.000553,0.024085
65017691888,-0.049885,-0.072344,0.029759,-0.000205,-0.011631,0.004455,0.023575
65117719107,0.001663,0.046301,-0.112571,-0.012788,-0.003116,0.000546,0.014828
65217746325,0.039595,-0.023181,-0.089052,-0.013198,-0.015659,0.000431,0.005000
65317773543,-0.142398,-0.061960,0.032309,-0.007767,-0.013475,-0.019952,0.006975
65417800762,0.021163,-0.028574,-0.085541,0.023816,-0.002393,-0.007808,0.015221
65517827980,0.094199,-0.112840,0.050743,0.008288,0.003011,-0.005109,0.012498
65617855198,0.042766,-0.000594,-0.001640,0.020323,0.008335,0.008242,0.016409
65717882416,0.034115,-0.022005,-0.051027,-0.012509,0.006760,0.000881,0.004652
65817909635,-0.075456,-0.033316,-0.083371,-0.022644,0.008499,-0.001915,0.004498
65917936853,0.027160,0.040123,-0.054044,-0.004469,0.000756,0.010709,0.012705
66017964071,-0.165743,0.004653,-0.064851,0.004800,0.001391,0.018033,0.022695
66117991290,0.039896,-0.114804,-0.069774,0.020781,-0.000613,-0.006903,0.031402
66218018508,0.111852,0.052055,-0.052485,-0.023236,-0.005657,-0.004104,0.012848
66318045726,-0.047691,-0.016212,-0.054126,0.002573,-0.000708,0.010753,0.005412
66418072945,0.034741,-0.108957,-0.080371,0.016183,-0.003993,0.008222,0.017366
66518100163,-0.034676,-0.090467,0.001606,0.024735,0.001682,0.013285,0.020341
66618127381,0.041807,0.059648,-0.085609,0.022993,0.002378,-0.005195,0.008056
66718154599,-0.090838,-0.146494,-0.014900,0.005763,0.005613,0.009197,0.009316
66818181818,-0.062371,-0.150008,0.032196,-0.010026,-0.007304,-0.007962,0.015202
66918209036,-0.045639,0.083401,-0.064941,-0.012927,-0.004760,0.006176,0.015555
67018236254,-0.013067,0.041560,-0.114141,0.003849,-0.009547,0.006755,0.012853
67118263473,0.058775,0.157149,-0.129855,0.006437,0.000541,0.005946,0.011234
67218290691,0.014431,0.020834,-0.090671,0.026438,0.003994,-0.003715,0.009529
67318317909,-0.020233,-0.105640,-0.066781,0.011931,0.002513,-0.006903,0.013720
67418345127,-0.016750,0.088406,-0.080279,0.007817,0.009187,-0.002111,0.003056
67518372346,-0.088640,0.059463,-0.073998,-0.012764,0.001881,0.002117,0.005046
67618399564,-0.033926,0.018526,-0.137848,-0.014026,0.007742,0.003351,0.013173
67718426782,0.143230,0.009131,-0.024671,-0.026958,-0.008680,-0.004175,0.012969
67818454001,-0.040532,0.083853,-0.069446,-0.013890,-0.002967,-0.001174,0.022574
67918481219,0.056128,0.009928,-0.100972,0.013484,-0.005438,-0.009328,0.007869
68018508437,0.065573,-0.074534,-0.027321,0.010967,0.001596,-0.008374,0.011585
68118535655,0.099879,0.035167,-0.024846,0.007306,0.001535,-0.013020,0.010721
68218562874,0.065531,-0.033684,-0.044199,-0.006529,0.013630,-0.005227,0.012239
68318590092,0.166268,0.027063,-0.075518,-0.016422,0.000045,-0.012769,0.005207
68418617310,-0.006615,0.037952,-0.077841,-0.032458,-0.003921,-0.000728,0.007766
68518644529,0.089029,0.076449,-0.093072,-0.010529,-0.009919,0.007970,0.013861
68618671747,-0.010732,0.000723,-0.063481,0.006806,0.002124,0.002357,0.010237
68718698965,-0.029310,-0.016272,-0.098598,0.021445,-0.004528,0.000532,0.017202
68818726183,-0.028973,0.058322,-0.112669,0.011054,0.004087,-0.004991,0.018199
68918753402,0.051092,-0.133456,-0.002046,0.006056,0.008118,-0.011312,0.003247
69018780620,0.038285,0.014568,-0.057088,-0.018554,0.003097,-0.000354,0.010245
69118807838,-0.158553,0.032949,-0.132696,-0.021101,0.002727,-0.008956,0.014021
69218835057,-0.051662,-0.200007,-0.052808,-0.026901,-0.006242,0.007596,0.007825
69318862275,-0.022376,0.030319,-0.105476,-0.016896,-0.008618,0.006660,0.020367
69418889493,-0.087397,0.093782,-0.098066,-0.003082,0.000328,-0.002565,0.020265
69518916712,-0.026344,-0.027721,-0.021302,0.021096,0.006174,0.004159,0.012267
69618943930,0.085233,-0.080451,-0.038201,0.022625,0.005506,-0.004122,0.008731
69718971148,-0.042512,0.009645,-0.034892,0.014779,0.018233,0.004644,0.008056
69818998366,0.036212,0.018804,-0.051372,0.009182,0.003758,0.004319,0.007475
69919025585,0.011272,-0.195560,0.020760,-0.017114,0.005238,0.011454,0.006903
70019052803,0.065727,-0.136506,0.066306,-0.008104,-0.012371,0.007114,0.013465
70119080021,-0.041632,0.014579,-0.094748,-0.014155,-0.009044,0.006436,0.006573
70219107240,-0.114380,-0.065361,-0.088893,0.011267,-0.014078,-0.000507,0.009034
70319134458,-0.120237,-0.147209,-0.001538,0.005601,-0.004315,-0.008675,0.021487
70419161676,-0.059445,0.068711,-0.075128,0.016840,-0.000051,-0.007569,0.003861
70519188894,0.048718,0.026898,-0.104840,-0.005654,0.004501,-0.010254,0.011358
70619216113,-0.093931,-0.067612,-0.072338,-0.011111,0.010791,-0.011822,0.007554
70719243331,0.022999,0.107157,-0.027102,-0.020588,0.002504,0.008543,0.004457
70819270549,-0.041000,0.056672,-0.116551,-0.011370,0.002913,0.005391,0.015000
70919297768,-0.098115,-0.057084,-0.055681,-0.007151,-0.003433,0.000727,0.014035
71019324986,0.011623,0.082631,-0.057929,0.007584,0.001208,-0.004388,0.010000
71119352204,-0.077771,-0.033479,-0.048003,0.010639,0.005761,-0.005803,0.011559
71219379422,-0.096510,-0.045667,-0.012016,0.003658,-0.004592,-0.012552,0.017463
71319406641,0.020912,0.116169,-0.063267,0.001793,-0.003634,0.001493,0.016941
71419433859,-0.059742,0.049532,-0.105156,-0.005006,-0.007332,0.008054,0.021869
71519461077,-0.082286,0.002529,-0.067474,-0.009504,-0.017815,-0.001955,0.011646
71619488296,-0.021104,-0.001729,-0.063657,-0.001179,0.002906,-0.001493,0.021269
71719515514,0.041814,-0.045714,-0.093877,0.012885,0.000082,-0.007808,0.016057
71819542732,-0.036850,-0.216981,-0.020256,0.013739,0.014050,-0.003144,0.024783
71919569951,0.030037,-0.087688,0.003232,0.011731,0.005937,0.001375,0.021171
72019597169,-0.029628,0.013128,-0.128232,-0.007967,0.010096,0.012754,0.010218
72119624387,0.005160,-0.139499,-0.054608,-0.009536,-0.003840,-0.003878,0.009912
72219651605,0.004387,0.119139,-0.174040,-0.019474,-0.002633,0.005343,0.007729
72319678824,0.031736,0.066886,-0.157870,-0.001325,-0.013053,0.008553,0.016156
72419706042,0.085050,-0.002350,-0.052336,0.012895,-0.002708,0.002853,0.006587
72519733260,-0.032105,-0.053716,-0.084138,0.020467,-0.010455,-0.004558,0.012233
72619760479,-0.099799,-0.128989,-0.092584,0.026336,-0.000275,0.000967,0.008120
72719787697,0.093641,0.055788,-0.082893,0.025027,-0.000412,-0.007089,0.009177
72819814915,0.008990,-0.024530,-0.067590,0.007684,0.004575,-0.001198,0.022699
72919842133,-0.102521,-0.151614,-0.039032,-0.004953,0.008498,0.009989,0.010101
73019869352,-0.017356,0.005862,0.013935,-0.002293,0.003304,0.007050,0.012792
73119896570,-0.022936,-0.020485,-0.024248,-0.006515,-0.002710,0.013876,0.005879
73219923788,-0.063837,-0.042154,-0.040106,-0.006845,-0.007377,0.008277,0.014719
73319951007,-0.018198,-0.164141,-0.060299,0.006105,0.004190,0.008037,0.017668
73419978225,0.052443,-0.003528,-0.076781,0.024345,0.004612,-0.002199,0.014890
73520005443,0.012877,0.025753,-0.032041,0.014348,0.015123,0.002459,0.012223
73620032661,0.003184,-0.096270,-0.030396,0.009936,0.004627,-0.007758,0.019664
73720059880,0.053715,0.002203,-0.010024,-0.009962,0.010044,-0.000857,0.016731
73820087098,-0.056134,0.154986,-0.175569,-0.005926,-0.011209,0.003064,0.025433
73920114316,-0.094547,-0.015094,-0.068326,-0.016871,-0.002027,0.006921,0.014777
74020141535,0.038051,-0.168759,-0.038889,-0.001697,-0.015325,0.005126,0.013106
74120168753,0.114258,0.012120,-0.099304,-0.000727,-0.005013,-0.003893,0.009776
74220195971,-0.087528,-0.051437,-0.014574,0.012336,-0.002843,-0.011675,0.008889
74320223189,0.012722,0.044735,-0.014256,-0.005980,0.001740,-0.017297,0.008889
74420250408,-0.106072,0.100954,-0.134108,-0.004930,0.011361,-0.017269,0.009508
74520277626,0.130609,-0.140336,-0.062594,-0.020603,0.008311,-0.013587,0.011944
74620304844,0.050213,-0.111969,-0.030345,-0.019638,0.003479,0.009126,0.012565
74720332063,0.160815,0.074767,-0.113636,-0.040274,-0.009338,-0.004628,0.013983
74820359281,-0.021140,0.102570,-0.147749,-0.035722,0.000893,-0.000797,0.009604
74920386499,0.106372,-0.012300,-0.108470,-0.009931,-0.010330,0.002167,0.011736
75020413718,-0.014022,-0.005741,-0.067119,-0.011254,0.002937,-0.005089,0.022425
75120440936,-0.023631,0.019727,-0.104704,0.019325,-0.010484,-0.007798,0.008680
75220468154,-0.079321,0.068894,-0.160231,0.016619,0.006897,-0.011392,0.009064
75320495372,0.032788,-0.211879,0.012031,0.011907,0.016696,-0.011250,0.001680
75420522591,0.082538,0.049192,-0.042802,0.000740,0.003401,-0.008225,0.006397
75520549809,-0.083236,0.095576,-0.118475,-0.005104,0.003086,-0.020539,0.016511
75620577027,0.001053,-0.055915,-0.056691,-0.009720,-0.004598,0.007159,0.017655
75720604246,-0.003967,0.003584,-0.008725,-0.014344,-0.011249,0.009571,0.016512
75820631464,-0.019330,0.050513,-0.036381,-0.003114,-0.012058,-0.000574,0.017425
75920658682,-0.031883,0.014725,-0.078956,0.007755,-0.004412,0.004577,0.013164
76020685900,0.045436,-0.146236,0.069060,0.013964,0.001995,-0.014546,0.006916
76120713119,-0.003649,-0.024546,0.027743,0.017142,0.009426,-0.006127,0.008159
76220740337,-0.058350,-0.087704,-0.018306,0.002539,0.002112,-0.012813,0.002955
76320767555,-0.048274,-0.108750,-0.065037,-0.012165,0.008116,-0.001254,0.008962
76420794774,-0.027994,-0.014446,-0.002926,-0.012413,-0.005607,0.003418,0.005809
76520821992,-0.087661,-0.040800,-0.071183,0.002198,-0.000482,0.016393,0.007443
76620849210,0.006535,-0.096713,-0.103328,0.010848,-0.001882,0.003201,0.003856
76720876428,-0.096288,0.014156,-0.048766,0.005502,0.006454,-0.008760,0.012967
76820903647,0.060085,0.101175,-0.032509,0.013538,-0.000249,-0.009558,0.018723
76920930865,0.026289,0.011102,-0.064519,-0.017287,0.007193,-0.001164,0.013307
77020958083,-0.040590,-0.040690,-0.056590,-0.009247,-0.007703,-0.005489,0.010645
77120985302,0.012625,0.000034,-0.011699,-0.006064,-0.008553,0.009550,0.010987
77221012520,0.036181,0.001627,-0.048632,0.003343,-0.009086,0.000321,0.017430
77321039738,0.023916,0.029732,-0.102077,0.010128,-0.004349,-0.003920,0.010717
77421066956,-0.028367,-0.151341,0.029973,0.011571,0.002378,-0.014564,0.007340
77521094175,0.037550,-0.042049,0.032171,-0.001516,0.008518,-0.012648,0.011300
77621121393,0.002995,0.141909,-0.109055,-0.002739,0.008767,-0.005001,0.009945
77721148611,0.074143,0.035088,-0.007628,-0.015091,0.008182,-0.003073,0.014770
77821175830,-0.072588,0.092361,-0.146515,-0.021352,0.009515,0.008092,0.019761
77921203048,-0.036329,0.050115,-0.090367,-0.020094,-0.010768,0.000934,0.021399
78021230266,-0.051769,-0.025699,-0.042876,-0.008559,-0.000576,0.000294,0.008371
78121257485,-0.060006,0.037324,-0.008433,-0.011815,0.009799,0.008644,0.020335
78221284703,-0.019403,0.061700,-0.063589,-0.025081,-0.007553,-0.006793,0.004534
78321311921,0.010884,-0.109720,-0.078377,-0.006829,0.000342,0.006581,0.009349
78421339139,0.078856,0.062085,-0.072904,0.004776,-0.001170,-0.002907,0.009967
78521366358,0.008859,0.051342,-0.144047,0.006576,0.014705,-0.000303,0.020221
78621393576,-0.019174,-0.152302,-0.032912,0.004436,0.010276,-0.006245,0.014389
78721420794,0.046065,0.056495,-0.072520,-0.013463,0.007029,-0.003084,0.006904
78821448013,0.104046,0.062144,-0.130766,-0.019431,-0.003672,-0.009126,0.017106
78921475231,-0.076054,-0.085420,-0.032561,-0.028448,-0.009479,-0.003317,0.024594
79021502449,-0.037661,0.009405,-0.009544,-0.015796,-0.011634,-0.004758,0.008889
79121529667,0.052349,0.100674,-0.097584,-0.001259,-0.002645,0.005197,0.012597
79221556886,-0.033610,0.023613,-0.108515,0.011543,-0.008834,-0.006964,0.023476
79321584104,-0.051286,-0.176909,0.044871,0.013176,0.007546,-0.002230,0.014968
79421611322,0.084140,0.056929,-0.070614,0.004950,0.004184,-0.002765,0.015647
79521638541,0.011402,-0.020812,-0.090879,-0.007539,0.018415,-0.001181,0.007375
79621665759,0.010555,-0.229166,-0.005745,-0.006708,0.014049,0.011554,0.017593
79721692977,0.163795,-0.112024,-0.057045,-0.002813,0.003147,0.022867,0.007382
79821720195,-0.036504,-0.094468,-0.056913,0.002153,0.003003,-0.010801,0.002367
79921747414,-0.139004,-0.057970,-0.144383,-0.002403,-0.000976,0.011883,0.005218
80021774632,-0.019660,-0.161017,-0.096879,0.005243,0.004850,0.009285,0.013024
80121801850,-0.079386,-0.027600,-0.084077,0.014397,0.002310,-0.019917,0.022193
80221829069,-0.043401,-0.192108,-0.025837,0.001480,0.001940,-0.012691,0.014535
80321856287,0.075507,0.017321,-0.004489,-0.010593,0.002681,-0.019678,0.011075
80421883505,-0.133187,0.067195,-0.094359,-0.026308,0.005290,0.004800,0.017612
80521910724,-0.144686,-0.155502,0.042678,-0.032833,-0.010340,-0.008247,0.013725
80621937942,-0.004969,0.005570,-0.055910,-0.030069,0.006245,0.001109,0.017391
80721965160,0.098664,-0.071691,-0.083731,0.011236,-0.006932,0.009895,0.021761
80821992378,-0.016728,0.062630,-0.126031,0.022958,-0.002625,0.007145,0.017996
80922019597,-0.012772,-0.019534,-0.010812,0.020605,0.005739,-0.004246,0.011348
81022046815,-0.031482,0.035628,-0.058012,0.002606,0.012254,-0.000659,0.023209
81122074033,0.009386,0.104045,-0.121788,-0.003321,0.005413,-0.004386,0.010245
81222101252,0.037997,-0.183734,-0.011288,-0.018497,-0.003243,0.011083,0.011725
81322128470,0.115261,-0.048912,-0.050014,-0.005056,-0.002305,0.003951,0.017208
81422155688,0.068404,0.011531,-0.091398,-0.016315,-0.005353,-0.008518,0.024950
81522182906,-0.097303,-0.134658,-0.076637,0.007117,-0.002869,-0.003749,0.010865
81622210125,0.044814,-0.092335,-0.038898,0.003679,0.000972,-0.016223,0.011111
81722237343,-0.061474,0.048478,-0.134125,-0.002409,0.004746,-0.010377,0.014135
81822264561,-0.000562,-0.092663,-0.067372,-0.015534,0.002480,-0.006443,0.010431
81922291780,-0.049598,-0.152401,-0.102666,-0.018305,0.000188,-0.008307,0.007374
82022318998,0.229899,-0.004725,-0.065600,-0.028564,-0.014618,-0.015982,0.009030
82122346216,0.062682,-0.111556,-0.050143,-0.018466,-0.005392,-0.006123,0.020386
82222373434,0.137729,-0.181529,-0.053211,0.014776,-0.003196,-0.009068,0.010863
82322400653,0.009961,0.074228,-0.105412,0.002515,0.004448,-0.012019,0.014231
82422427871,-0.180389,0.061824,-0.149907,0.016765,0.001941,-0.002077,0.023967
82522455089,-0.074060,0.037563,-0.126698,-0.006456,0.014482,-0.003149,0.007631
82622482308,0.022140,0.009660,-0.063573,-0.000008,0.000378,0.007057,0.012248
82722509526,0.115662,-0.048534,-0.062337,-0.012228,0.003704,0.015112,0.019312
82822536744,-0.095678,-0.071407,0.034151,0.015804,-0.011024,0.028048,0.014253
82922563962,0.173817,0.102999,-0.064976,0.012359,-0.008180,0.016741,0.006379
83022591181,-0.186316,0.032465,-0.091365,0.016376,-0.020733,0.004230,0.011739
83122618399,-0.079411,-0.164011,-0.035929,0.043554,-0.006522,0.012288,0.014580
83222645617,-0.085728,-0.027806,-0.097117,0.030116,0.006864,0.001028,0.014932
83322672836,0.042346,-0.096011,-0.018940,0.031786,-0.002085,-0.002915,0.008496
83422700054,0.008138,-0.114662,-0.056964,0.006939,0.005543,0.000355,0.008613
83522727272,0.078220,-0.221382,-0.023007,-0.002173,-0.005011,0.010095,0.007109
83622754491,-0.009779,-0.041174,-0.058269,-0.020699,-0.009977,0.000263,0.015780
83722781709,-0.115833,-0.187618,0.015947,-0.008836,-0.010961,-0.001832,0.007802
83822808927,0.078882,0.085021,-0.093634,0.002174,0.002327,-0.000505,0.007641
83922836145,0.002611,-0.031133,-0.104832,0.018092,0.002708,0.002491,0.009112
84022863364,-0.056059,-0.132541,-0.017323,0.020823,0.008576,-0.001935,0.009033
84122890582,-0.006584,0.076120,-0.058110,0.009994,0.007417,-0.006534,0.016854
84222917800,0.034030,0.019080,-0.067660,0.001146,0.003985,-0.003002,0.010000
84322945019,-0.148348,0.081458,-0.109886,-0.023069,-0.004866,-0.010076,0.010000
84422972237,-0.037458,-0.002638,0.003531,-0.018909,-0.009199,0.005034,0.009745
84522999455,-0.080945,0.043291,-0.074035,0.002540,-0.008424,-0.016803,0.011189
84623026673,0.028348,0.044680,-0.051315,0.011185,-0.000393,-0.009693,0.016138
84723053892,-0.078404,0.006956,-0.009222,0.004310,0.003250,-0.018749,0.007905
84823081110,-0.082888,0.014462,-0.091737,-0.003039,0.007351,-0.008480,0.011752
84923108328,-0.102991,-0.097199,-0.026365,-0.013255,-0.000315,-0.006670,0.011385
85023135547,0.041199,0.165735,-0.001513,-0.010702,0.003094,0.000438,0.004212
85123162765,0.005329,0.174728,-0.135230,-0.017056,0.000017,0.019037,0.006447
85223189983,0.048065,0.132690,-0.095742,-0.000502,-0.009406,0.014091,0.002722
85323217201,0.002234,0.042899,-0.074965,0.010333,0.002232,0.002242,0.011087
85423244420,-0.044526,0.013781,-0.056626,0.016926,-0.000140,0.000074,0.018528
85523271638,0.083905,0.067087,-0.076009,0.021494,0.004287,-0.004235,0.011164
85623298856,0.035779,0.164004,-0.045247,0.013216,0.001934,-0.012105,0.012411
85723326075,-0.033555,0.075951,-0.147660,0.007952,0.009508,-0.002270,0.004407
85823353293,-0.022531,-0.173287,-0.043809,0.001674,-0.001871,0.000337,0.006565
85923380511,-0.054962,0.063603,-0.099202,-0.012314,0.001647,0.002919,0.008510
86023407729,-0.006518,0.079853,-0.128252,-0.015541,-0.009823,0.005156,0.009545
86123434948,-0.029007,-0.132288,-0.027027,-0.003995,0.002872,-0.000588,0.010399
86223462166,0.087408,-0.011791,-0.057089,0.003834,0.002336,-0.010072,0.015253
86323489384,-0.022224,0.017660,-0.108389,0.007827,0.009482,-0.001337,0.006568
86423516603,0.045251,-0.226047,0.015340,0.001816,0.013718,-0.014509,0.008056
86523543821,0.012598,0.055067,-0.082315,-0.015403,0.008347,0.008320,0.009429
86623571039,0.014939,-0.027217,-0.106284,-0.015873,0.007470,0.011732,0.012972
86723598258,-0.056369,-0.144552,-0.074966,-0.017839,0.000777,0.006801,0.013081
86823625476,-0.059284,0.010066,-0.005652,-0.007045,-0.005166,0.008402,0.022071
86923652694,-0.090052,0.021343,-0.093522,0.000923,-0.003325,-0.008093,0.016524
87023679912,-0.017185,-0.127894,-0.039788,0.006880,-0.004997,-0.006035,0.008692
87123707131,0.084272,-0.044728,-0.002314,0.014075,0.004462,-0.002269,0.009965
87223734349,-0.053363,0.024409,-0.044398,0.003786,0.013980,-0.000393,0.023429
87323761567,0.033906,-0.006841,-0.106509,0.009272,0.007622,0.010873,0.045294
87423788786,-0.096610,0.304925,-0.251312,0.021546,0.021683,0.038748,0.037885
87523816004,-0.035011,0.318060,-0.121231,-0.003017,0.003075,0.032184,0.035610
87623843222,0.270173,0.412459,0.019858,-0.035633,0.010527,0.005504,0.041920
87723870440,0.046043,0.456803,0.014369,0.012838,0.009174,-0.002674,0.014188
87823897659,0.280727,0.555745,0.075442,0.048517,-0.009595,0.025584,0.011375
87923924877,-0.096511,0.683772,-0.050986,0.055658,0.000533,0.027916,0.020549
88023952095,0.237341,0.680992,0.055897,0.028981,0.003469,0.015263,0.015845
88123979314,-0.183381,0.725499,-0.030594,-0.015168,-0.006257,-0.008336,0.015933
88224006532,0.361833,0.606640,0.013743,-0.025656,-0.002325,-0.023023,0.016021
88324033750,0.325820,0.724779,0.060781,-0.038465,0.006624,-0.020143,0.009815
88424060968,0.440673,0.973078,-0.021451,0.006784,0.006718,-0.014208,0.021830
88524088187,-0.199370,0.813490,-0.309092,-0.017716,0.030918,-0.030433,0.035929
88624115405,-0.187971,1.364421,-0.209357,0.015147,0.080687,0.006938,0.060757
88724142623,-0.068784,1.996276,-0.120976,-0.001246,0.099704,-0.001995,0.094733
88824169842,0.545691,4.434529,0.426699,0.011988,0.095434,0.019109,0.116988
88924197060,-0.454085,-0.178408,-0.389733,0.016104,0.102930,0.017465,0.162470
89024224278,-0.190172,1.159046,-0.302068,0.016450,0.092601,0.023767,0.206063
89124251497,0.826807,3.871975,0.221166,0.026114,0.065131,0.024703,0.256306
89224278715,0.855384,3.855559,0.154900,0.009639,0.028958,0.010986,0.351725
89324305933,0.943656,4.336384,0.083815,0.009574,-0.032847,0.021994,0.416582
89424333151,-0.081385,2.032320,-0.208367,-0.004472,-0.043251,-0.025996,0.474564
89524360370,-0.182742,1.437446,-0.131245,0.022435,-0.009654,-0.018961,0.554139
89624387588,-0.009526,1.410905,-0.196270,-0.003100,-0.021586,-0.008580,0.677453
89724414806,0.233169,1.183168,0.177084,0.002645,-0.020358,-0.015798,0.887820
89824442025,0.699193,1.592404,-0.060182,-0.031012,-0.019970,-0.056669,1.087079
89924469243,0.181977,0.972056,-0.110171,-0.002215,0.009236,0.056078,1.375869
90024496461,0.094628,0.820609,0.250055,0.012719,0.009072,0.049918,1.688216
90124523679,0.509446,0.438447,-0.069975,0.012152,0.006717,-0.059987,2.037707
90224550898,0.873682,1.409412,-0.077489,-0.025893,-0.014257,-0.090953,2.324548
90324578116,0.846761,0.866743,-0.187971,-0.127206,-0.028156,-0.069504,2.613683
90424605334,0.507588,0.986560,0.127546,-0.111213,-0.058456,-0.103374,2.935197
90524632553,1.230217,1.259413,0.112366,-0.068436,-0.035169,-0.061974,3.169584
90624659771,-0.410351,1.402195,-0.117143,-0.084111,0.015710,-0.014174,3.375101
90724686989,-0.602826,1.456579,-0.021145,0.038756,0.021883,0.044303,3.598160
90824714207,0.118207,1.777535,0.085280,-0.034300,0.019616,-0.049529,3.742380
90924741426,0.020488,1.762232,-0.281907,-0.098409,-0.014034,-0.067984,3.926205
91024768644,0.617617,1.778719,-0.084599,-0.039677,-0.101428,-0.086987,4.054973
91124795862,0.714416,1.270625,-0.212557,0.048734,-0.075916,-0.011929,4.257416
91224823081,0.396980,1.150822,-0.203429,0.037729,-0.000904,0.025655,4.401959
91324850299,-0.745423,1.412671,-0.322865,0.165403,-0.034975,0.084831,4.546747
91424877517,0.078785,1.082623,-0.021040,0.114463,-0.057704,0.015640,4.703813
91524904735,-0.990479,1.654889,-0.846115,0.080443,-0.037912,0.023397,4.918111
91624931954,-0.014893,1.265095,-0.025940,-0.030659,-0.032337,0.004651,5.090761
91724959172,0.270611,0.898608,0.685647,0.046162,-0.100705,-0.056838,5.256443
91824986390,0.716291,0.437156,-0.171646,0.065592,-0.001171,0.095997,5.383974
91925013609,-0.302789,-0.225380,0.171042,-0.050509,0.027283,0.054878,5.695841
92025040827,-1.779559,0.123508,-0.560154,-0.196634,0.030812,-0.104489,5.805593
92125068045,-1.111863,-0.028595,-0.262587,-0.277838,0.067115,-0.118811,6.055841
92225095264,0.764557,0.008054,0.242214,0.018259,0.034033,0.077524,6.249080
92325122482,-1.760470,0.775459,-0.136104,0.174356,0.002665,0.144148,6.395524
92425149700,-0.211180,-0.174901,0.220946,0.125826,-0.038759,0.048850,6.578037
92525176918,-1.530866,0.293547,0.006701,0.192952,0.009536,0.159254,6.722920
92625204137,0.439872,0.176263,-0.477824,0.131107,0.073321,0.118450,6.887494
92725231355,-1.092620,0.424375,-0.392119,0.171545,0.010805,0.061711,6.999890
92825258573,0.779993,-0.282590,0.247024,0.098563,0.002735,0.055638,7.223269
92925285792,1.222858,0.092202,0.179213,-0.171952,0.017329,-0.068707,7.365457
93025313010,-0.166844,0.297590,-0.038732,-0.111904,-0.007548,-0.008865,7.481977
93125340228,1.021888,-0.434755,0.252563,-0.184529,0.035007,-0.076292,7.498889
93225367446,-0.339546,-0.544482,-0.114760,-0.110069,0.056473,-0.017676,7.567672
93325394665,-0.134937,-0.557827,-0.071370,-0.057983,0.014845,0.007812,7.561348
93425421883,-0.503802,-0.390647,-0.236137,-0.046589,-0.011171,-0.056403,7.608088
93525449101,0.300039,-0.320093,-0.263755,-0.038809,-0.007202,-0.040003,7.654113
93625476320,-0.127326,-0.015647,-0.526071,-0.028851,0.052614,0.069686,7.781640
93725503538,-0.609275,-0.832450,0.115724,-0.062156,0.024856,-0.005753,7.805891
93825530756,-0.162851,-0.502923,-0.110481,-0.055581,-0.028169,-0.042740,7.799562
93925557974,-0.076923,-0.202678,-0.102137,-0.005675,-0.015007,0.009684,7.861051
94025585193,-0.116950,-0.472501,0.506027,-0.087323,0.002673,-0.067331,8.008575
94125612411,-0.668604,-0.521398,0.060131,-0.073251,0.035911,-0.043878,8.046699
94225639629,-1.034663,-0.683191,-0.463862,-0.023448,0.009589,0.042534,8.051558
94325666848,-0.562524,-0.573147,-0.411107,-0.006558,0.033952,0.020297,8.151944
94425694066,-1.425766,-0.093276,-0.321004,-0.122675,0.026937,-0.068442,8.146021
94525721284,0.243891,-0.670475,0.154184,-0.073516,0.006969,-0.005439,8.161826
94625748502,0.517425,-0.231869,-0.098979,-0.061809,-0.000211,0.026198,8.215246
94725775721,-0.100454,-0.633448,-0.181738,0.185031,-0.016332,0.087070,8.129511
94825802939,1.407281,-1.103978,0.420814,0.086814,-0.062104,0.049361,8.226094
94925830157,0.984552,-0.662221,0.036617,-0.082932,0.011579,-0.044376,8.224513
95025857376,-0.393682,-1.017538,0.155122,-0.031048,0.039211,0.020684,8.217198
95125884594,0.753142,-1.135718,-0.095979,-0.082490,-0.015346,-0.050606,8.162469
95225911812,0.405849,-0.738425,0.307263,-0.048605,0.008418,-0.058354,8.233099
95325939031,-0.144787,-1.503036,-0.126941,0.003483,-0.017688,0.037757,8.245993
95425966249,-0.795016,-1.570425,-0.423503,0.057979,0.040406,0.020250,8.166492
95525993467,0.219178,-1.267171,0.033219,0.132960,0.070248,0.036855,8.181606
95626020685,-0.449422,-1.370649,-0.103136,-0.069516,0.019125,-0.039689,8.151923
95726047904,0.561367,-1.522814,0.117263,-0.078717,0.031088,-0.033315,8.102814
95826075122,-0.755784,-1.007396,0.320607,0.026536,0.056153,0.030837,8.136227
95926102340,0.638128,-1.639098,0.094301,-0.092887,-0.002260,-0.035867,8.142461
96026129559,0.036740,-1.087056,0.223142,-0.040672,-0.010568,-0.002873,8.061871
96126156777,-0.076933,-1.512064,-0.393924,-0.097607,0.006091,-0.060379,8.026900
96226183995,-1.422659,-1.149127,-0.572796,-0.070330,0.031872,-0.006792,7.957925
96326211213,-0.584843,-1.599977,0.010131,0.017895,0.032623,0.021647,7.858889
96426238432,0.663410,-1.378706,0.159241,-0.070819,0.020765,-0.048835,7.862825
96526265650,0.322379,-0.998704,0.110481,-0.026160,0.014630,-0.005486,7.843173
96626292868,0.752753,-1.510916,-0.043522,-0.089479,-0.001155,-0.062475,7.692308
96726320087,0.614748,-1.223575,0.143917,0.004612,0.009200,-0.010702,7.558999
96826347305,-0.847457,-1.393082,0.078559,-0.035866,-0.000372,-0.027537,7.630042
96926374523,-1.222849,-0.663925,0.000032,0.069168,-0.020281,0.020958,7.458431
97026401741,-0.759622,-0.973142,-0.128188,-0.002171,-0.041007,-0.003092,7.453143
97126428960,-0.616428,-1.296589,-0.427731,0.159380,-0.031609,0.074738,7.358126
97226456178,0.919985,-0.870698,0.421596,0.082603,0.010015,0.020368,7.226442
97326483396,0.205986,-0.544074,0.115652,0.099236,-0.029066,0.059043,7.184735
97426510615,0.503985,-0.960185,-0.215410,0.060999,0.007986,0.062591,7.095846
97526537833,-0.509187,-0.168029,-0.594642,0.184833,0.011080,0.109484,6.996527
97626565051,0.928712,-0.892750,-0.019319,0.086376,0.031992,0.062812,6.907756
97726592270,-1.210020,-0.523889,0.103965,-0.044702,0.017314,-0.066702,6.858145
97826619488,-0.540694,-0.957166,-0.086972,0.102560,0.050492,0.056557,6.693704
97926646706,-0.471412,-0.475287,-0.192813,0.045641,0.012733,0.048658,6.635000
98026673924,0.943330,-0.820012,0.369903,0.030813,-0.013515,-0.002443,6.641668
98126701143,-0.307372,-0.510286,0.006316,-0.019186,-0.011269,-0.064561,6.623657
98226728361,-0.726169,-1.169328,-0.152954,0.028785,-0.012316,-0.004363,6.515870
98326755579,-0.711848,-0.775982,-0.007217,-0.012674,-0.013753,0.007558,6.468768
98426782798,-0.020132,-0.542080,0.752745,-0.056589,-0.010162,-0.092176,6.404538
98526810016,-1.483428,-0.267563,-0.025222,-0.016667,-0.037631,-0.059057,6.397656
98626837234,-0.248253,-0.407615,0.311158,0.032228,-0.015550,-0.018597,6.345522
98726864452,2.340662,-1.058565,-0.157514,-0.242815,-0.015549,-0.136155,6.348288
98826891671,0.369646,-1.309108,0.075413,-0.169106,0.030082,-0.040589,6.330431
98926918889,0.668189,-1.307113,-0.030186,-0.290406,0.064072,-0.140747,6.242334
99026946107,-2.039225,-0.394162,-0.420522,-0.298398,0.051743,-0.125357,6.139040
99126973326,-3.286517,-0.019909,-0.464347,-0.180774,-0.003681,-0.091947,6.099647
99227000544,-2.023842,-0.262562,-0.011669,-0.225223,-0.008386,-0.124939,6.130585
99327027762,0.870797,-0.838915,0.022401,-0.036329,-0.051107,-0.006696,6.025307
99427054980,1.819845,-0.804949,0.244090,-0.125361,-0.037768,-0.073684,5.969901
99527082199,1.028978,-1.040927,-0.017947,0.154787,-0.043829,0.069293,5.957073
99627109417,0.464297,-0.939081,0.168478,0.012239,-0.003406,-0.007827,5.901179
99727136635,-0.936987,-0.635818,0.122885,0.154070,-0.018820,0.086479,5.895983
99827163854,-0.044141,-0.563018,-0.047509,0.021855,-0.002782,0.027050,5.750690
99927191072,-1.237626,-0.733335,-0.229004,-0.027750,0.020054,-0.004880,5.838459
100027218290,-0.243428,-0.750089,-0.207257,0.147151,0.007078,0.091792,5.825954
100127245508,-0.677360,-0.569005,-0.058463,0.114421,-0.023806,0.064794,5.703110
100227272727,0.576421,-1.020063,0.078093,0.118211,0.009295,0.083396,5.639141
100327299945,-0.013809,-0.679692,0.165968,-0.020742,0.028557,0.006842,5.676619
100427327163,-1.063635,-0.539978,-0.206658,0.040706,0.009112,0.011244,5.646997
100527354382,-1.070687,-0.378436,-0.249978,0.014750,-0.005721,0.019662,5.562870
100627381600,0.195455,-0.502660,0.107079,0.037282,-0.034884,0.043150,5.593459
100727408818,0.265429,-0.885342,-0.201305,-0.071405,-0.059752,-0.049943,5.549768
100827436037,-0.096463,-0.553646,0.271585,-0.064052,-0.032702,-0.062096,5.470093
100927463255,0.864141,-1.007831,0.701273,-0.063678,-0.012233,-0.049979,5.435116
101027490473,0.784754,-1.088694,-0.431117,-0.077905,-0.021621,-0.006547,5.419123
101127517691,0.644181,-0.666572,-0.379926,0.089630,-0.014288,0.103385,5.411073
101227544910,0.314161,-0.860205,-0.179043,0.022262,-0.036740,0.040567,5.345815
101327572128,-1.346329,-0.772412,-0.037082,0.207388,-0.012605,0.116478,5.341198
101427599346,-0.712256,-1.376704,0.677315,0.190916,0.059623,0.071359,5.286436
101527626565,-1.287039,0.023248,-0.324358,0.314042,-0.013762,0.184006,5.264498
101627653783,1.199589,-0.727854,-0.477951,0.283543,-0.025796,0.177451,5.226117
101727681001,-1.154505,-0.244669,-0.282595,0.235567,0.013416,0.164202,5.226178
101827708219,-1.891272,-0.140836,0.158033,0.265247,0.003830,0.172302,5.195872
101927735438,-1.247361,0.226914,0.428596,0.186479,0.011328,0.111425,5.141396
102027762656,-1.948649,0.025898,-0.013430,0.136463,-0.019464,0.096174,5.134674
102127789874,-1.482474,0.732158,-0.237553,-0.059923,-0.037456,0.001667,5.212544
102227817093,-0.044135,0.730751,-0.118869,0.052508,-0.013074,0.075983,5.172676
102327844311,1.451376,-0.193208,0.190868,-0.087451,-0.012915,-0.040124,5.111187
102427871529,1.034850,-0.234133,0.556857,-0.006198,-0.029234,-0.011384,5.108758
102527898747,0.333131,0.276287,0.478748,-0.171572,-0.027297,-0.106128,5.016668
102627925966,-2.638471,0.835786,-0.207703,-0.049539,-0.020792,-0.012057,5.013098
102727953184,-1.498194,0.401495,-1.331731,0.199621,0.029729,0.088687,5.018812
102827980402,1.202093,1.092089,-0.522509,0.078696,-0.000331,-0.084833,4.982901
102928007621,3.838213,0.199701,0.560493,-0.185737,0.049202,-0.324205,4.941690
103028034839,3.365967,-1.528744,0.372845,0.255496,0.015066,0.102999,5.000520
103128062057,6.632145,-2.220513,-1.064336,0.117439,0.121703,-0.112643,5.117621
103228089275,4.078752,0.905025,-0.860084,-1.337169,0.004229,-0.451495,5.119643
103328116494,9.723239,-1.998852,0.150724,-0.034012,-0.157141,-0.001498,5.226892
103428143712,-0.446608,1.231607,0.260222,-0.287978,0.044649,-0.061399,5.238505
103528170930,-10.384901,0.503092,-0.240640,-0.087240,0.140285,0.133939,5.283871
103628198149,-10.182393,-5.599533,-0.191941,-0.374038,-0.063629,-0.250898,5.366318
103728225367,1.283256,-2.264597,-1.973068,1.559317,-0.320527,0.707741,5.475217
103828252585,9.088624,3.064383,-0.064716,0.345358,-0.135086,0.449497,5.590197
103928279804,-2.605794,-2.161834,0.428354,1.639102,-0.039998,0.901937,5.637357
104028307022,12.703255,1.493643,2.184409,0.586293,-0.111651,0.551850,5.650879
104128334240,9.549847,1.261574,1.526829,-1.837537,-0.112771,-0.991148,5.856042
104228361458,9.146283,0.089609,1.170952,-1.243546,-0.032504,-0.850036,5.918984
104328388677,2.493953,0.276111,0.876618,0.064203,-0.137130,-0.066780,6.059979
104428415895,-5.613152,2.251186,0.288156,1.052729,-0.113391,0.600722,6.255146
104528443113,0.859313,0.101757,0.377099,0.237214,-0.090234,0.088492,6.318008
104628470332,-4.892888,1.783437,-0.812222,-0.062744,-0.034630,-0.126386,6.382842
104728497550,-1.270210,1.405949,-0.608615,0.694320,-0.050442,0.358346,6.646665
104828524768,-4.926443,1.132048,-0.963452,0.390472,0.045030,0.235261,6.713663
104928551986,2.240213,0.587338,-0.768383,0.764963,0.057323,0.465218,6.870362
105028579205,4.571459,-0.613533,-0.036271,0.585700,-0.007361,0.353435,6.871355
105128606423,1.553168,-1.531453,-0.251004,0.020644,0.010168,0.023879,7.002042
105228633641,-3.066772,-0.077509,-0.344650,-0.701731,0.018605,-0.444872,7.238055
105328660860,-4.577051,0.339635,-0.726364,-0.436796,0.058359,-0.265103,7.399947
105428688078,1.033758,-0.119104,-0.589038,-0.595053,0.048010,-0.354747,7.633396
105528715296,-2.749659,0.605138,-1.102610,-0.446427,0.112133,-0.192409,7.768650
105628742514,1.094646,-0.252569,-0.406307,-0.106597,0.066506,-0.005694,7.822107
105728769733,0.554762,-0.793211,0.290366,-0.112664,0.028051,-0.046620,7.995190
105828796951,0.399637,-0.511318,0.146158,-0.150780,0.030308,-0.049003,8.119062
105928824169,-0.976315,-0.270989,0.379103,-0.120051,-0.062349,-0.116191,8.225824
106028851388,-0.340001,-0.522574,0.270461,-0.024688,-0.100023,0.015036,8.311787
106128878606,-1.121154,-0.709498,-0.475427,-0.159088,-0.005203,-0.065286,8.360799
106228905824,-0.763870,-0.589669,-0.183217,-0.116974,-0.003241,-0.104832,8.509072
106328933043,0.510608,-0.887753,0.284493,0.089352,0.025773,0.023955,8.460889
106428960261,-0.579170,-0.430700,-0.166136,0.139473,-0.030770,0.061343,8.559747
106528987479,-0.065564,-0.678094,0.004203,0.118451,-0.041247,0.076840,8.425552
106629014697,-1.208619,-0.033394,-0.063540,0.152296,-0.008929,0.090114,8.504184
106729041916,-0.838945,-0.592506,0.138143,0.114659,0.027473,0.091148,8.575471
106829069134,-1.770398,-0.252093,-0.137339,0.018353,0.035562,0.010090,8.536785
106929096352,0.427265,-0.062192,-0.111222,0.267206,0.037688,0.184502,8.621883
107029123571,1.771041,-0.857446,0.306995,0.246587,0.004474,0.165391,8.546483
107129150789,-0.029544,-0.351184,0.078952,-0.104190,-0.003481,-0.059426,8.677730
107229178007,0.983233,-0.904107,0.040484,-0.287354,0.021619,-0.157793,8.614657
107329205225,-0.743903,-0.572586,0.184298,-0.219513,0.015305,-0.115954,8.529113
107429232444,0.946291,-0.526304,0.544258,-0.246696,0.015651,-0.167421,8.436983
107529259662,-1.757730,-0.145744,0.165436,-0.208267,0.016341,-0.071135,8.459741
107629286880,-1.749557,-0.221731,0.186540,-0.115644,-0.006144,-0.039980,8.487393
107729314099,-2.254283,-0.357098,-0.053332,-0.182333,-0.035188,-0.177060,8.496874
107829341317,0.662674,-0.889099,-0.024539,0.027822,-0.000346,-0.017141,8.444045
107929368535,0.607989,-0.621110,-0.057696,-0.210903,-0.004434,-0.104422,8.443116
108029395753,-1.049178,-0.264986,-0.096277,-0.187415,0.020175,-0.147584,8.445936
108129422972,0.050987,-0.531079,-0.138678,0.057995,0.008654,0.054729,8.471264
108229450190,-1.561700,-0.359115,-0.141926,0.281745,-0.008818,0.181066,8.398210
108329477408,0.349296,-0.512351,0.123119,0.166118,-0.027184,0.026387,8.403152
108429504627,-1.038353,-0.154335,-0.345516,0.175045,-0.007116,0.077678,8.430613
108529531845,-0.286251,-0.464659,-0.216860,0.159331,-0.001377,0.133837,8.384762
108629559063,-0.451487,-0.220937,-0.131543,0.057002,0.014022,0.040426,8.395000
108729586281,-0.021558,-0.492573,-0.166369,0.080860,0.019997,0.025086,8.362738
108829613500,-0.365994,-0.614221,-0.202093,0.021141,0.012217,0.032698,8.354077
108929640718,0.253452,-0.321463,-0.240865,0.033032,-0.012040,0.007800,8.332013
109029667936,0.023718,-0.685770,-0.287892,0.072716,-0.008782,0.004714,8.323439
109129695155,0.217994,-0.755142,-0.093751,0.076140,-0.010043,0.073496,8.334363
109229722373,-0.752112,-0.433227,-0.104945,0.038398,-0.008356,0.049247,8.300458
109329749591,-0.319505,0.030589,-0.174509,0.044639,-0.017724,-0.013581,8.292813
109429776810,-0.280784,-0.442475,-0.166571,0.005554,0.006831,-0.035374,8.288432
109529804028,0.254804,-0.776494,0.022789,0.065334,-0.018161,0.018888,8.290928
109629831246,0.983554,-0.206282,-0.097135,-0.024677,-0.038458,-0.043021,8.252940
109729858464,0.802914,-0.220862,-0.090109,0.027228,-0.004370,-0.003052,8.233768
109829885683,0.596698,-0.775311,-0.092750,-0.113199,-0.002717,-0.092537,8.249342
109929912901,-0.052822,-0.400061,-0.150245,-0.096701,0.023018,-0.064747,8.218060
110029940119,0.454451,-0.467948,-0.071198,-0.071777,0.003183,-0.079017,8.224968
110129967338,-0.288325,-0.233995,0.137551,-0.098522,0.016080,-0.084376,8.188537
110229994556,0.101799,-0.020624,-0.194176,-0.104750,0.016659,-0.069626,8.175554
110330021774,-0.587681,-0.040361,-0.206612,-0.063169,0.029785,-0.016050,8.165259
110430048992,0.419458,-0.239646,-0.029836,0.024592,0.021800,0.028776,8.111010
110530076211,0.841000,-0.391016,-0.116690,-0.003747,0.035388,-0.009613,8.123830
110630103429,0.018618,-0.382857,0.017733,0.119585,0.020688,0.098270,8.097614
110730130647,0.416223,-0.784297,-0.275650,0.077543,0.013053,0.063128,8.068667
110830157866,-0.275672,-0.580287,-0.593248,0.048271,0.050800,0.067613,8.114485
110930185084,0.274894,0.187396,-0.091721,0.024643,0.025888,0.041067,8.056141
111030212302,0.304785,0.221695,0.049866,-0.055753,-0.024610,-0.019539,8.012352
111130239520,0.859330,1.025968,0.075793,-0.038379,-0.012476,-0.009551,8.063148
111230266739,0.603311,0.123021,-0.022241,0.137956,-0.019620,0.067344,8.046549
111330293957,1.042036,0.649881,0.382670,0.130146,-0.016170,0.122270,7.982587
111430321175,-0.262967,0.764143,0.037909,0.179157,-0.037623,0.112090,8.007305
111530348394,0.628710,-0.041665,-0.058112,0.118543,-0.008540,-0.033778,7.994715
111630375612,-0.769133,-0.156349,-0.087611,-0.020856,0.008958,-0.033760,8.043489
111730402830,-0.998703,0.019339,-0.437076,-0.002713,0.013113,0.034466,8.053913
111830430048,0.778185,-0.587959,0.165542,-0.145883,0.026779,-0.091512,8.080837
111930457267,-0.091942,0.002679,0.126448,-0.117035,-0.025120,-0.045868,8.038538
112030484485,0.442420,0.077051,-0.094806,-0.198262,-0.032702,-0.100381,8.075159
112130511703,-1.404150,-0.237085,0.010226,-0.099950,0.005817,-0.039534,8.121365
112230538922,-1.803839,-0.398077,0.058717,-0.087462,-0.004084,-0.089195,8.216352
112330566140,-2.031764,-0.477647,-0.247263,-0.219761,0.010751,-0.129589,8.224527
112430593358,-0.645590,-0.464670,-0.006109,-0.179457,-0.011066,0.051265,8.310639
112530620577,0.416298,-0.286302,-0.117486,-0.082680,-0.020166,-0.009182,8.454454
112630647795,-0.499475,-0.062734,0.015837,0.062671,-0.032994,0.042261,8.503013
112730675013,0.404425,-0.259845,0.038930,-0.001467,-0.046471,0.093048,8.507896
112830702231,0.790922,-0.975351,0.384252,0.009756,-0.066894,0.055137,8.612767
112930729450,-1.289127,-1.364676,0.058728,-0.166369,-0.022624,-0.064949,8.530213
113030756668,-1.610917,-1.259217,-0.339953,-0.206205,0.017281,-0.159167,8.588026
113130783886,0.039792,-1.060117,0.309950,0.096528,0.015634,-0.005552,8.656593
113230811105,-1.681977,-0.192157,0.281171,-0.266420,0.004946,-0.144272,8.703105
113330838323,1.679781,-0.775611,-0.132349,-0.316468,-0.003968,-0.265239,8.653019
113430865541,-2.188911,-0.868899,-0.313663,0.076198,-0.010329,-0.002480,8.604603
113530892759,0.491182,-0.649275,-0.058661,0.133319,-0.006383,0.099829,8.635636
113630919978,1.787224,-0.737907,0.078944,-0.152218,0.013439,-0.077354,8.647668
113730947196,0.584659,-0.470312,-0.053797,-0.012989,0.029175,-0.063264,8.618262
113830974414,0.702075,-1.075726,0.071175,-0.121518,-0.006136,-0.079387,8.624615
113931001633,0.262157,-0.874488,0.171225,-0.115212,-0.000223,-0.077295,8.634839
114031028851,0.919398,-0.742208,0.276216,-0.159496,0.004545,-0.158910,8.535602
114131056069,-1.084528,-0.157063,0.140261,-0.092326,0.023744,-0.056160,8.523470
114231083287,-0.418813,-0.032216,-0.030906,-0.042036,0.013464,-0.030439,8.436597
114331110506,-1.352821,0.019001,-0.133725,-0.099582,-0.003630,-0.046859,8.370617
114431137724,-0.479127,-0.672349,-0.394006,0.022429,-0.015774,0.007322,8.378039
114531164942,0.704657,-0.304241,-0.440851,-0.074205,0.001963,-0.075554,8.350150
114631192161,0.873830,-0.335827,-0.165453,0.005623,0.019303,-0.005037,8.309590
114731219379,-0.518864,-0.447860,-0.037826,-0.030820,-0.000393,-0.046665,8.297608
114831246597,-1.285158,-0.748470,-0.298510,0.136714,0.016961,0.034801,8.228687
114931273816,-1.349445,-0.431750,0.080685,0.066867,0.015519,-0.047910,8.140275
115031301034,-2.303333,-0.072053,-0.071208,-0.036263,0.023964,-0.044667,8.158194
115131328252,-1.373108,-0.356304,-0.423059,0.108479,-0.021130,0.083795,8.036182
115231355470,1.053739,-1.286948,-0.067982,0.054792,-0.018762,0.037936,8.085949
115331382689,1.345636,-0.974762,0.279208,0.206417,-0.014415,0.148654,7.985406
115431409907,-0.367268,-0.485801,0.171071,0.195643,0.011994,0.094217,7.978615
115531437125,-1.753440,-0.256921,-0.180894,0.122665,-0.006170,0.077233,7.971422
115631464344,0.444244,-0.551065,-0.232338,0.119742,-0.001069,0.076606,7.909337
115731491562,-0.065226,-0.800483,-0.108304,0.004560,0.007707,-0.001354,7.879813
115831518780,0.498900,-0.566922,-0.022517,0.013096,0.003373,0.037932,7.823823
115931545998,0.193033,-0.549110,-0.013821,-0.093865,-0.006214,-0.037950,7.744563
116031573217,0.335525,-0.952972,0.112909,-0.030870,0.004005,-0.016115,7.769401
116131600435,-0.598796,-0.803226,-0.203649,-0.086544,0.010487,-0.039677,7.730094
116231627653,-0.643980,-0.419208,-0.186326,-0.033715,0.012759,0.013618,7.678117
116331654872,-0.528964,0.015252,0.120771,-0.026483,0.003232,0.033915,7.694168
116431682090,-0.292956,-0.623180,0.107205,0.040088,-0.007550,0.062217,7.591013
116531709308,0.249407,-0.942056,-0.007257,0.030757,-0.005504,0.000852,7.522535
116631736526,0.022541,-1.381692,0.060605,0.174580,-0.000545,0.088814,7.525256
116731763745,0.989870,-0.347071,0.221794,0.130051,0.001194,0.095879,7.455448
116831790963,-0.116615,-0.981042,0.047599,0.167769,-0.007152,0.079695,7.408582
116931818181,0.893496,-1.014521,0.078385,0.175539,-0.020540,0.065928,7.317260
117031845400,-1.202659,-0.561273,-0.323204,0.141011,-0.042641,0.033435,7.316767
117131872618,-1.332642,-0.458373,-0.207070,0.019087,0.002345,-0.004634,7.267669
117231899836,-0.691103,-0.573090,0.058609,-0.194540,0.013170,-0.127102,7.097164
117331927054,-1.251996,-0.243333,0.043601,-0.033689,0.007495,-0.032189,7.101310
117431954273,0.032149,-0.481520,-0.146673,0.008186,0.013458,0.024830,7.083734
117531981491,-1.196198,-0.387996,-0.200270,-0.145445,0.009332,-0.064265,6.986852
117632008709,0.753758,-0.515070,0.049237,-0.055511,0.001467,-0.024714,6.938439
117732035928,0.397896,-0.531481,-0.052521,-0.191046,0.002118,-0.099654,6.917425
117832063146,-0.756554,-0.247907,0.032253,-0.164165,0.014044,-0.098871,6.902477
117932090364,0.094509,-0.674128,0.023904,0.030836,0.013602,0.002218,6.770357
118032117583,-1.113159,-0.793789,-0.007118,0.140434,0.001967,0.079594,6.755052
118132144801,-0.460434,-0.315261,0.156540,0.038384,-0.004106,0.012618,6.712361
118232172019,-0.887820,-0.775321,0.004004,-0.009007,-0.010746,-0.029586,6.681735
118332199237,-0.513012,-1.084226,-0.165661,0.076691,0.008098,0.031293,6.639028
118432226456,-0.728209,-0.728717,-0.164150,0.016853,-0.000629,0.016077,6.599833
118532253674,0.091532,-1.185778,0.347123,0.025999,-0.008735,0.007863,6.560802
118632280892,0.209997,-1.211033,0.224078,-0.044256,-0.005393,-0.026410,6.496553
118732308111,-0.321165,-1.538904,-0.049522,0.008167,-0.028944,0.007882,6.481991
118832335329,-0.065715,-2.583251,-0.054008,0.003173,-0.020654,0.014820,6.454165
118932362547,0.023331,-3.205085,0.056534,-0.007453,-0.022404,-0.009145,6.407173
119032389765,0.066212,-3.366786,0.071427,0.003460,-0.000993,-0.005228,6.279574
119132416984,0.363291,-3.995767,0.033065,-0.017191,0.009686,-0.008198,6.350639
119232444202,0.091534,-4.691151,-0.030930,0.038126,0.010617,0.006046,6.269447
119332471420,-0.246551,-4.302298,-0.104964,0.018268,-0.020441,-0.000653,6.211165
119432498639,-0.485683,-4.284115,-0.075869,0.025329,-0.015019,0.002879,6.145639
119532525857,-0.326206,-4.179022,0.067661,0.003307,-0.010308,0.000627,6.107357
119632553075,-0.594044,-3.708725,0.029394,-0.003050,-0.002736,0.019656,6.010024
119732580293,-0.417039,-3.046098,-0.092104,0.004885,0.018408,0.009621,5.928594
119832607512,0.252703,-2.973763,-0.104304,-0.016807,0.021208,-0.004849,5.864699
119932634730,0.231089,-2.032182,-0.045771,-0.006834,0.017894,-0.017691,5.711211
120032661948,-0.027310,-1.280494,0.102777,-0.031085,0.032249,-0.050335,5.496379
120132689167,-0.581927,-1.299931,0.110868,-0.007102,0.029965,-0.030188,5.277861
120232716385,-0.285506,-1.675500,0.089852,0.014942,0.005405,-0.006378,4.868380
120332743603,-0.160797,-1.381048,-0.023973,-0.018227,0.011624,-0.005524,4.536332
120432770821,0.103404,-0.976125,-0.090523,-0.029916,0.022403,0.004050,4.139233
120532798040,-0.046787,-0.502527,-0.092607,-0.030804,0.020551,-0.004419,3.651591
120632825258,-0.152968,-0.287506,-0.042127,-0.004129,0.009194,-0.011319,3.265310
120732852476,-0.329067,-0.357659,-0.056545,-0.012098,-0.011968,-0.018907,2.802236
120832879695,-0.069314,-0.431184,-0.056473,-0.009524,-0.007689,-0.003182,2.415655
120932906913,0.129275,-0.436135,-0.023076,-0.018424,-0.003350,-0.008261,2.156302
121032934131,0.118641,-0.383046,-0.076252,0.023035,-0.005002,0.006955,1.838508
121132961350,-0.077440,-0.419764,-0.033332,0.017558,-0.003288,0.001000,1.596854
121232988568,-0.213952,-0.280397,-0.063134,0.039105,0.006063,0.025752,1.450011
121333015786,0.115699,-0.258487,-0.100454,0.030069,-0.006948,0.021638,1.288929
121433043004,-0.113466,-0.301914,-0.081187,0.048205,-0.011087,0.023263,1.186607
121533070223,0.019424,-0.434173,0.016283,0.031852,-0.011619,0.008865,1.068702
121633097441,-0.208840,-0.321381,-0.077238,0.035485,-0.009792,0.018186,0.951464
121733124659,-0.060620,-0.306391,-0.020926,0.015334,-0.009687,0.006078,0.893031
121833151878,-0.142548,-0.262190,-0.063128,0.022903,-0.004918,0.011704,0.857482
121933179096,-0.002301,-0.105437,-0.050640,0.008445,-0.001131,0.006946,0.819401
122033206314,-0.072212,0.049043,-0.056202,0.008645,-0.003924,0.007476,0.784127
122133233532,-0.009861,-0.099752,-0.021553,0.004161,0.003611,0.015645,0.753065
122233260751,-0.054912,-0.030835,-0.069360,0.001733,0.016368,0.001588,0.707678
122333287969,-0.025951,0.091456,-0.022843,-0.002160,-0.005087,-0.009251,0.637951
122433315187,0.069935,0.371806,-0.057239,-0.007009,-0.006615,-0.008392,0.624462
122533342406,-0.081731,0.309678,-0.070809,-0.010937,0.014039,-0.008745,0.553053
122633369624,-0.096233,0.315295,-0.085575,-0.021129,0.007619,-0.007952,0.529992
122733396842,-0.104467,0.507630,-0.071313,-0.018362,0.015862,-0.012388,0.506741
122833424060,0.168833,0.615082,0.014043,-0.010308,0.007039,-0.013864,0.421207
122933451279,0.071956,0.587042,-0.000329,-0.017425,0.005772,-0.011395,0.335538
123033478497,0.027290,0.484305,0.005079,-0.009942,0.004957,-0.006957,0.407216
123133505715,-0.042331,0.439225,-0.046366,-0.012885,0.000033,-0.001124,0.322389
123233532934,-0.033770,0.341659,-0.059925,-0.001564,0.000034,0.006122,0.260655
123333560152,-0.095145,0.478396,-0.069991,0.000518,0.005202,0.010950,0.290533
123433587370,-0.113976,0.553128,-0.082583,0.005917,0.000648,0.004456,0.271853
123533614589,0.003128,0.396092,-0.076122,0.013256,0.003455,0.001566,0.244040
123633641807,0.174024,0.395446,-0.003581,0.008196,-0.000270,0.007791,0.237046
123733669025,0.171223,0.388865,-0.035744,0.012638,-0.002824,0.006222,0.242256
123833696243,-0.073282,0.420798,-0.045117,0.008208,-0.002729,-0.011694,0.251603
123933723462,-0.273238,0.692682,-0.032869,0.003803,-0.003148,-0.003273,0.253291
124033750680,-0.149535,0.869897,-0.047911,-0.024431,0.002751,-0.009554,0.259236
124133777898,-0.097973,0.839672,-0.059214,-0.013278,0.009905,0.004246,0.312398
124233805117,0.061701,0.832443,0.009366,-0.022709,0.005247,-0.016062,0.353246
124333832335,-0.103068,0.832437,-0.021805,-0.006644,0.002843,-0.016544,0.333412
124433859553,-0.025379,0.962461,0.000205,-0.008171,0.006139,-0.002800,0.366650
124533886771,-0.006237,1.132776,-0.016614,-0.005384,0.007585,0.005973,0.378542
124633913990,0.079701,1.279432,0.052458,0.007043,0.008756,0.000995,0.336008
124733941208,0.054011,1.167447,0.032274,0.008500,0.006840,0.002325,0.401363
124833968426,-0.035665,1.176313,-0.038150,0.010844,0.010519,-0.006966,0.403409
124933995645,-0.096630,1.468238,-0.057009,0.006225,0.006362,-0.011674,0.336719
125034022863,-0.161396,1.449551,-0.049292,-0.003882,0.006240,-0.003387,0.385693
125134050081,0.020728,2.110953,0.031255,0.010261,0.026068,0.006362,0.411563
125234077299,0.007399,3.162555,0.201433,0.020544,0.031876,0.017377,0.419072
125334104518,-0.138651,2.763330,0.076016,0.014904,0.002846,0.018880,0.421921
125434131736,-0.100964,2.232759,0.014673,-0.001522,0.008589,-0.003860,0.518417
125534158954,-0.010839,2.590865,0.046802,0.007770,0.006093,-0.005826,0.539324
125634186173,0.240486,2.163168,0.132354,-0.026329,-0.003932,-0.018142,0.534463
125734213391,-0.044997,1.344860,0.053924,0.010332,0.014312,0.007253,0.654650
125834240609,0.224528,2.244816,0.031589,0.021189,0.010252,0.010746,0.667053
125934267827,-0.127970,3.100526,0.087456,-0.028194,-0.015068,-0.019123,0.718305
126034295046,0.174285,3.445725,0.271475,-0.032004,-0.034744,-0.018095,0.842100
126134322264,-0.155708,2.291994,0.028675,-0.002892,-0.062637,0.000634,0.901006
126234349482,-0.271685,0.301119,-0.370677,0.002143,-0.042771,0.007778,1.098257
126334376701,-0.105641,1.807102,0.094154,0.030803,-0.001755,0.013609,1.223639
126434403919,-0.242075,1.764167,0.093668,0.091575,-0.015959,0.044596,1.385018
126534431137,0.607747,1.667030,0.171501,0.076548,-0.012450,0.033917,1.611758
126634458356,0.467368,1.383199,0.064632,0.064188,-0.002894,0.042495,1.796798
126734485574,0.642174,1.444844,0.152600,0.060548,-0.005416,0.043360,1.988656
126834512792,0.025345,1.407361,0.023390,0.010243,-0.001858,-0.014636,2.193932
126934540010,-0.339631,0.983128,-0.074709,0.034071,-0.034080,-0.014004,2.334846
127034567229,-0.320089,0.557313,-0.081817,-0.000039,-0.028049,-0.011154,2.497992
127134594447,-0.004947,0.436667,0.014748,0.010701,-0.030148,-0.009194,2.684130
127234621665,0.600917,0.790753,-0.149193,-0.029978,-0.014690,-0.036477,2.817552
127334648884,0.694505,0.894453,-0.150050,-0.020036,0.010264,-0.034140,2.969130
127434676102,0.952264,1.123088,0.036230,-0.059488,0.014436,-0.076719,3.104826
127534703320,0.078132,1.376944,0.273392,-0.013409,0.004584,-0.053003,3.223974
127634730538,0.601881,1.318831,0.336961,-0.019729,-0.007199,-0.059844,3.330840
127734757757,-0.250973,0.772475,-0.026535,-0.005833,-0.000874,-0.041687,3.416751
127834784975,0.411279,0.818940,-0.263391,0.007481,0.005368,-0.044854,3.507441
127934812193,1.238699,0.321329,-0.193257,-0.042142,0.008693,-0.072931,3.583644
128034839412,1.034496,0.245428,-0.039956,0.010204,0.005863,-0.053082,3.642194
128134866630,0.835524,0.729089,0.167420,0.082267,-0.021780,-0.007033,3.697445
128234893848,-0.294041,0.483081,-0.144941,0.175142,-0.009082,0.051651,3.744098
128334921066,-0.019811,0.351568,-0.194181,0.144440,0.010779,0.029209,3.705833
128434948285,-0.025612,-0.012576,-0.121079,0.225216,0.025322,0.072652,3.704316
128534975503,0.750282,0.090068,-0.102423,0.202681,0.024925,0.031262,3.725041
128635002721,0.330743,0.106502,-0.166536,0.229929,-0.003781,0.041485,3.713432
128735029940,1.063058,-0.112963,-0.042465,0.224345,0.014889,0.023500,3.744684
128835057158,0.970729,0.170795,0.022372,0.172652,0.023294,0.017121,3.764695
128935084376,0.694901,0.281138,-0.043758,0.208548,0.026110,0.036060,3.840088
129035111594,0.246017,0.525853,-0.140220,0.199684,0.011933,0.042973,3.848856
129135138813,-0.067914,0.595921,-0.173568,0.139355,0.015557,0.022883,3.854825
129235166031,0.302744,0.893405,-0.073101,0.088505,0.034353,-0.015092,3.845743
129335193249,0.092797,1.041341,-0.122260,0.087837,0.046991,-0.031137,3.882345
129435220468,0.317014,2.027791,0.143595,0.077990,0.084472,-0.022397,3.821303
129535247686,0.385462,3.304786,0.353852,0.062357,0.077638,-0.018677,3.783383
129635274904,0.206592,2.792021,0.212216,0.015871,0.019885,-0.019974,3.730408
129735302123,0.103200,1.715109,0.047130,0.002584,-0.034961,-0.006467,3.696508
129835329341,0.476617,2.306312,0.016495,-0.012250,-0.049544,0.007738,3.701798
129935356559,-0.505092,1.220890,-0.257709,-0.040094,-0.029216,-0.015412,3.654350
130035383777,-0.755385,2.375396,-0.038962,-0.005712,-0.009452,0.000757,3.663697
130135410996,-1.265080,1.177553,-0.092859,-0.033174,-0.003532,-0.012840,3.624268
130235438214,-1.247760,0.071592,-0.139753,0.008869,-0.016596,0.042862,3.619040
130335465432,-0.422213,1.661167,0.053114,-0.049102,-0.003780,0.001711,3.636873
130435492651,-0.780264,2.040628,0.271873,-0.073520,-0.037352,-0.039437,3.625604
130535519869,-0.727444,1.567972,0.204982,-0.127362,-0.034965,-0.038074,3.711442
130635547087,-0.728250,1.025699,-0.328331,-0.223932,-0.009976,-0.075492,3.777820
130735574305,-1.001302,1.239395,-0.508064,-0.192426,-0.011259,-0.078850,3.991563
130835601524,-1.074901,0.857113,-0.197939,-0.252596,0.030148,-0.063918,4.163183
130935628742,-1.869161,1.059920,0.341525,-0.184919,0.075952,0.013987,4.335779
131035655960,-1.572119,1.665856,0.252816,-0.154805,0.015072,0.019061,4.517372
131135683179,-1.584921,1.427786,-0.149251,-0.244912,-0.045048,-0.026604,4.675899
131235710397,-1.299767,1.074704,-0.463665,-0.239488,-0.070268,-0.051375,4.794618
131335737615,-1.673682,0.896791,-0.115345,-0.223649,-0.049773,-0.092177,4.933466
131435764833,-2.859908,1.203453,0.533409,-0.151831,0.000223,0.008021,5.071513
131535792052,-2.682495,1.332353,0.829423,-0.236705,-0.000542,0.051651,5.194216
131635819270,-1.673379,1.351265,0.269585,-0.319579,-0.061314,-0.071162,5.331834
131735846488,-1.159901,1.187575,-0.062511,-0.315466,-0.080894,-0.126604,5.489426
131835873707,-0.884651,0.380504,-0.086716,-0.437466,-0.070694,-0.111810,5.575913
131935900925,-1.046960,0.560975,-0.061380,-0.251038,-0.040627,0.044719,5.603114
132035928143,1.546420,-0.605037,0.422505,-0.168560,-0.027459,0.065363,5.686229
132135955362,0.346908,-0.296208,0.212598,-0.427366,0.037928,-0.081461,5.861811
132235982580,1.504872,0.481460,-0.117062,-0.265364,0.062344,-0.061926,6.022465
132336009798,-1.851880,0.845936,-0.674711,-0.268457,0.039382,-0.085341,6.098886
132436037016,-2.163704,0.778345,-0.483862,-0.084346,0.038203,0.023197,6.175508
132536064235,-1.473130,0.999501,-0.027477,-0.307590,0.063891,-0.164860,6.330734
132636091453,0.069651,0.169958,0.365319,-0.297756,0.000832,-0.161965,6.371046
132736118671,1.842875,-0.570391,0.200940,0.003490,-0.056139,-0.030503,6.501679
132836145890,1.085879,-0.642087,0.019301,0.118933,-0.053996,0.021970,6.587957
132936173108,0.346734,-0.698617,-0.034859,-0.144139,-0.023356,-0.123793,6.692389
133036200326,-1.205064,-0.384097,0.161284,-0.114686,-0.025626,-0.177634,6.688531
133136227544,0.231122,-0.441152,-0.665323,0.084413,-0.002971,-0.026250,6.604645
133236254763,0.222583,-0.329600,-0.442779,0.089517,0.001672,0.002076,6.560573
133336281981,0.659164,0.254724,-0.401991,0.187900,-0.003721,0.056213,6.539603
133436309199,-0.387914,-0.198409,-0.381160,0.144429,-0.011798,0.038537,6.500446
133536336418,1.398177,-0.044296,0.050436,0.195906,-0.027461,0.063457,6.515854
133636363636,1.931996,1.340708,0.255017,0.060028,-0.013818,0.005106,6.510758
133736390854,1.748669,1.310242,0.406998,0.198813,-0.046752,0.054376,6.483889
133836418072,0.600001,0.313679,-0.161409,0.176778,-0.022205,0.025175,6.502503
133936445291,-0.541184,-0.233739,-0.572108,0.027883,0.026604,-0.041073,6.545225
134036472509,-0.345951,1.005636,-0.044075,-0.037517,0.023812,-0.069289,6.534992
134136499727,0.316516,1.198865,0.218463,0.081992,0.004653,-0.000887,6.482765
134236526946,1.021120,1.113385,-0.103858,0.155223,0.017811,0.003700,6.493077
134336554164,0.606245,0.955469,-0.697105,0.029586,0.027465,-0.027937,6.496945
134436581382,1.088699,2.034641,-0.028007,-0.093256,0.054166,-0.061641,6.456829
134536608600,-0.158056,2.653469,0.313217,0.064153,0.020615,-0.029731,6.456746
134636635819,-1.161513,1.829950,0.206622,-0.058023,0.015125,-0.101145,6.462102
134736663037,-3.485244,1.171301,-0.741102,-0.304062,0.010049,-0.165825,6.470112
134836690255,-3.190675,1.250027,-0.118393,-0.110530,-0.038446,-0.066587,6.478935
134936717474,-2.623482,2.115442,0.260748,-0.472591,-0.037423,-0.313868,6.549689
135036744692,-1.646710,1.803947,-0.077434,-0.386882,-0.013935,-0.225979,6.573885
135136771910,-3.591285,1.321758,-0.495457,0.083778,-0.055877,-0.007785,6.583704
135236799129,-1.272981,1.627337,-0.566969,0.471108,-0.067017,0.205785,6.674030
135336826347,0.846143,1.769779,-0.357381,0.294850,-0.076536,0.187714,6.752327
135436853565,-0.963209,1.611955,-0.505598,0.297650,-0.056487,0.157774,6.857108
135536880783,1.184982,0.768101,0.374120,0.240070,-0.047567,0.077275,6.891485
135636908002,0.986331,1.370436,-0.110913,0.247146,-0.033264,0.137623,6.865463
135736935220,1.277514,0.974528,-0.097391,0.272887,-0.012406,0.201695,7.096732
135836962438,-2.307781,-0.183415,-0.072863,0.296958,0.011792,0.150370,7.255174
135936989657,-2.479099,0.332579,0.021814,0.201678,0.020197,0.096949,7.276228
136037016875,-1.174017,0.526499,0.053502,-0.066765,-0.009044,-0.064872,7.346779
136137044093,1.975767,0.003806,0.210808,-0.009709,-0.029490,-0.042685,7.464162
136237071311,0.211063,0.086591,-0.178058,-0.266322,-0.003450,-0.173233,7.633546
136337098530,-1.753618,-0.239949,-0.099845,-0.170980,0.031177,-0.121984,7.755922
136437125748,-0.244860,0.124510,0.141328,-0.298717,0.018379,-0.197276,7.910747
136537152966,-2.076638,0.174844,-0.294363,-0.089350,0.019458,-0.010831,8.009869
136637180185,-1.226525,-0.576809,-0.221765,0.021220,-0.001289,-0.008807,8.110328
136737207403,-0.871911,0.065779,-0.186224,-0.078930,0.013735,-0.070804,8.202956
136837234621,0.011742,-0.638172,0.099951,0.093803,0.052490,-0.004697,8.337569
136937261839,-0.130332,-1.125543,0.073150,0.154869,0.012494,0.060283,8.435508
137037289058,-0.321493,-0.325063,-0.009167,0.013980,-0.033776,-0.037748,8.477472
137137316276,-0.994959,0.671503,-0.380070,-0.171485,0.050493,-0.134856,8.550060
137237343494,-0.759903,-0.248971,0.253499,-0.186474,0.012381,-0.129186,8.583287
137337370713,-1.857605,0.165741,0.579482,-0.073311,-0.056465,-0.050595,8.564961
137437397931,0.298882,0.619284,-0.302201,0.139603,-0.039515,0.060187,8.513329
137537425149,1.514141,0.335977,-0.148558,0.053867,-0.097868,-0.014890,8.432504
137637452367,0.402426,-1.432100,0.347245,0.170914,-0.086245,0.068789,8.415397
137737479586,0.223227,-0.998810,0.287222,-0.046877,0.000543,-0.017557,8.451210
137837506804,-0.593253,-0.020493,-0.293660,-0.053165,0.020261,-0.027075,8.465451
137937534022,0.349865,-0.310784,0.074944,0.177366,-0.007232,0.041396,8.438174
138037561241,-1.342398,-0.135483,-0.366099,0.110405,0.006687,0.060390,8.400417
138137588459,-1.409244,-0.040808,-0.385469,0.112392,0.019431,0.120121,8.387955
138237615677,-1.257300,0.016874,-0.219293,0.004837,0.033532,0.039677,8.344273
138337642896,0.286056,0.290833,0.184674,0.023300,0.046734,-0.024744,8.297495
138437670114,1.016968,0.119012,0.438680,-0.096789,0.019740,-0.057106,8.235528
138537697332,-0.347554,0.496343,0.026575,-0.096122,-0.027572,-0.029780,8.198176
138637724550,-0.151500,1.168320,0.100287,-0.064502,-0.024568,-0.075250,8.221065
138737751769,-0.397886,1.111730,0.316659,-0.103185,-0.035371,-0.013455,8.182232
138837778987,0.297355,0.226390,0.520948,-0.148851,-0.073397,-0.031574,8.180375
138937806205,-0.207136,0.734637,0.444511,-0.046259,-0.103232,-0.066462,8.111694
139037833424,-0.714691,2.097018,-0.435529,0.139003,-0.011787,0.088745,8.104947
139137860642,0.306442,2.054614,0.081279,0.038575,0.094507,0.057199,8.086496
139237887860,-1.040217,1.259881,0.074542,-0.002442,0.061093,-0.062218,8.096156
139337915078,-0.576491,0.105393,-0.521534,0.002415,-0.048261,-0.065660,8.137351
139437942297,-0.520567,0.268969,-0.295469,-0.006324,-0.076662,-0.050676,8.090423
139537969515,-0.000120,0.079985,0.100405,-0.024660,-0.023555,-0.002626,8.090459
139637996733,0.385056,0.579086,0.021903,-0.120316,0.009697,-0.078155,8.063556
139738023952,0.266849,0.346798,-0.128898,-0.156807,-0.022168,-0.070850,8.097804
139838051170,1.461388,-0.207597,-0.129756,-0.293995,-0.044410,-0.171533,8.195695
139938078388,1.191692,-0.311309,-0.075639,-0.256113,-0.005874,-0.184614,8.212372
140038105606,1.646444,-0.087910,0.051414,-0.232430,-0.013035,-0.140131,8.252158
140138132825,-1.999906,1.182376,0.134688,-0.193168,-0.009777,-0.095299,8.337797
140238160043,-3.198068,1.890073,0.332643,-0.100165,-0.059588,-0.091344,8.355473
140338187261,-2.967578,0.866535,-0.225954,-0.425994,-0.031128,-0.299153,8.406132
140438214480,1.270614,1.137974,-0.049230,-0.458799,0.047564,-0.179907,8.446247
140538241698,3.831240,-0.429974,1.361607,-0.276289,-0.039739,-0.208546,8.578370
140638268916,3.472503,-0.319254,0.831839,-0.089197,-0.012532,-0.147399,8.664814
140738296135,-0.156275,1.469966,-0.034036,-0.211169,-0.007406,-0.006767,8.669329
140838323353,-1.775391,1.662997,-0.447084,-0.145532,-0.057328,-0.049154,8.819366
140938350571,-2.458563,1.321115,0.044517,-0.050312,0.019893,-0.079307,8.908869
141038377789,-0.753146,-0.142609,0.394289,0.245015,0.035830,0.140082,8.942280
141138405008,0.498279,-1.338480,0.501511,0.226931,0.082166,0.116800,9.045584
141238432226,-2.497479,-1.058206,0.111122,0.413343,0.073263,0.210945,9.121649
141338459444,-3.243700,-1.283811,-0.531224,0.368461,0.065254,0.243466,9.125339
141438486663,-2.359902,-1.340387,-0.551762,0.392008,0.091734,0.252284,9.279744
141538513881,1.202961,0.202203,0.134850,0.303758,-0.014105,0.200841,9.331829
141638541099,3.607444,-0.114615,1.351452,0.253732,-0.114925,0.179287,9.314070
141738568317,3.406252,0.041753,0.834834,0.451304,-0.086475,0.273695,9.413719
141838595536,2.648883,-0.714296,0.322054,0.310538,-0.022095,0.172995,9.404303
141938622754,2.463601,-1.041323,0.515254,0.276482,-0.038250,0.293708,9.455905
142038649972,-2.000099,0.581052,-0.374169,0.098882,-0.016754,0.075956,9.514230
142138677191,-2.525278,-0.140616,-0.243629,0.378507,0.004707,0.203585,9.509640
142238704409,-2.124828,-0.366087,-0.301374,0.251438,-0.019537,0.172522,9.559308
142338731627,-0.771509,-0.493416,-0.257958,0.093432,0.013133,0.081042,9.550271
142438758845,0.746941,0.353925,-0.064948,0.075474,0.028679,0.032768,9.491004
142538786064,-0.051300,0.125886,-0.134549,-0.249391,0.003784,-0.139256,9.480956
142638813282,1.640779,-0.261648,-0.022665,-0.267073,-0.003476,-0.156749,9.455365
142738840500,0.322721,-1.450486,-0.389576,-0.270433,0.037243,-0.120578,9.371837
142838867719,0.829859,-1.021401,-0.034080,-0.211702,0.009013,-0.116561,9.389979
142938894937,-1.278053,0.008798,0.156051,-0.212633,-0.025429,-0.144867,9.393525
143038922155,-1.508526,0.320970,-0.416416,-0.127813,0.002847,-0.076019,9.303380
143138949373,-0.965061,0.231586,-0.491875,-0.137163,0.041279,-0.041904,9.318711
143238976592,0.267078,-1.084874,0.397158,-0.044894,0.015011,-0.030406,9.299070
143339003810,0.125763,-0.275642,0.214813,-0.184779,0.029127,-0.098722,9.235520
143439031028,0.706538,0.881920,-0.462508,-0.132231,0.054464,0.064824,9.234064
143539058247,0.701437,-0.338783,-0.156180,-0.048039,-0.025749,0.003745,9.230433
143639085465,-0.703919,-1.039846,-0.123812,-0.020411,0.001428,-0.088033,9.207962
143739112683,0.007988,-0.793828,-0.382492,0.100622,0.049566,0.058331,9.223447
143839139902,-0.964704,0.213097,-0.151420,0.081829,0.037143,0.049111,9.312822
143939167120,-0.817415,-0.001014,-0.089498,0.078947,0.030824,0.018343,9.248902
144039194338,-0.305201,0.830898,0.378553,-0.069689,-0.031888,-0.045680,9.182837
144139221556,0.600822,0.749156,0.422574,-0.115515,-0.075697,-0.081151,9.192334
144239248775,-0.278023,-0.368699,-0.099847,-0.096317,-0.036721,-0.072522,9.243843
144339275993,-1.030510,-0.535118,0.038264,-0.080487,-0.012118,-0.059662,9.245998
144439303211,-0.804934,0.006634,0.062564,-0.060581,-0.004441,-0.055302,9.184215
144539330430,-0.862734,-0.429064,-0.084672,-0.005753,0.031215,0.016550,9.204670
144639357648,-0.187441,-1.301443,-0.154638,-0.002209,0.032913,0.008806,9.279257
144739384866,-0.039634,-0.862193,-0.032208,0.018894,0.015834,-0.000579,9.197454
144839412084,-0.295495,0.566807,0.032546,0.004353,0.014975,0.015469,9.188917
144939439303,-0.795001,0.161808,-0.222372,0.024008,0.006375,0.023522,9.230765
145039466521,-0.369621,-0.511113,-0.133001,-0.001358,-0.041453,0.000537,9.198857
145139493739,0.834073,-0.677402,-0.212214,0.006832,-0.061937,-0.069931,9.332006
145239520958,1.547515,0.943712,-0.411844,-0.048659,-0.000919,-0.071779,9.322337
145339548176,0.929975,0.538218,0.167267,0.132766,0.035133,0.095153,9.371623
145439575394,-0.953366,-0.049923,-0.057259,0.101678,-0.028251,0.009247,9.441342
145539602612,-2.007820,-0.709608,-0.470602,-0.058596,0.021439,-0.064030,9.415933
145639629831,-0.581817,0.004994,-0.286301,-0.038357,0.023245,-0.000716,9.418463
145739657049,0.174425,-0.070540,0.159135,0.088681,-0.001778,0.072274,9.511596
145839684267,1.095890,-0.563738,-0.131201,0.152165,-0.002547,0.065353,9.488693
145939711486,1.623626,-0.305143,-0.317570,-0.061717,0.024427,-0.058174,9.474052
146039738704,-1.077939,-0.423838,-0.004586,-0.281390,0.010753,-0.155855,9.540547
146139765922,-2.679404,-0.505368,-0.714969,-0.230791,-0.024156,-0.068546,9.564664
146239793140,-0.773479,-0.588672,-0.644854,-0.345871,-0.006229,-0.166255,9.651314
146339820359,-1.192826,0.395197,-0.721310,-0.263198,0.039482,-0.128223,9.622063
146439847577,-1.162756,-1.639903,-0.464968,-0.383051,0.041031,-0.174754,9.592817
146539874795,-1.390276,-0.083516,0.047272,-0.309662,0.028736,-0.176489,9.672200
146639902014,2.637213,-0.096988,0.426125,-0.196505,-0.015991,-0.119615,9.666319
146739929232,1.988235,-1.690968,0.044742,-0.164531,-0.032869,-0.095214,9.683813
146839956450,0.981545,-0.566554,-0.179285,0.077980,-0.012826,0.056750,9.748056
146939983669,-0.466520,0.390784,-0.126482,-0.160178,0.006335,-0.089026,9.732840
147040010887,-0.539680,-0.550662,-0.041611,-0.153198,0.009436,-0.048275,9.725560
147140038105,1.232197,-0.485876,0.327513,-0.036637,-0.009331,-0.008977,9.738101
147240065323,1.096528,-0.361722,-0.062964,0.020370,-0.030568,-0.001086,9.774029
147340092542,1.001445,-0.364579,0.179071,0.143457,-0.046417,0.069286,9.853949
147440119760,-0.006926,-1.670933,0.038091,0.061064,-0.027701,-0.007072,9.862962
147540146978,0.133210,-0.947437,-0.305216,0.119630,0.017083,0.043152,9.851536
147640174197,-0.861587,0.191553,-0.343041,0.075005,0.055484,0.048950,9.804149
147740201415,-1.461804,-1.013544,-0.538791,0.134342,0.061983,0.106405,9.806695
147840228633,-1.024743,-0.737706,-0.564283,0.132339,0.041171,0.137806,9.833976
147940255851,0.680673,-0.875902,-0.100874,0.084379,0.017442,0.091307,9.860915
148040283070,0.369157,0.296004,0.442149,0.026599,-0.005746,0.029678,9.887633
148140310288,-0.121015,-0.142086,0.225154,0.037812,-0.035613,0.049763,9.839300
148240337506,-0.271250,-0.502321,-0.117784,-0.046424,-0.040199,-0.017606,9.873068
148340364725,-0.362909,-0.307176,-0.310709,-0.024477,0.013910,-0.012150,9.878945
148440391943,-0.649109,-1.058469,-0.391790,0.039825,0.054409,0.027599,9.840155
148540419161,0.084614,-0.158696,0.119258,-0.018002,0.040300,-0.015210,9.844951
148640446379,0.392788,0.665339,-0.085332,-0.062785,0.032702,-0.039102,9.901215
148740473598,-0.124574,-1.196698,-0.293155,-0.060005,0.010754,-0.014696,9.841180
148840500816,-0.186608,-0.371123,-0.112025,-0.037218,0.042082,-0.015129,9.822608
148940528034,0.223938,0.575807,0.013866,-0.035381,0.036412,-0.011057,9.877814
149040555253,-0.047110,0.655409,0.197952,-0.019141,-0.014377,-0.004275,9.839023
149140582471,-0.769066,0.139539,-0.065354,-0.037272,-0.032017,-0.032241,9.805646
149240609689,-0.356171,-0.356821,-0.200064,0.059826,-0.013599,0.034854,9.869194
149340636908,-0.139167,0.075246,0.131185,-0.055471,0.017191,-0.023494,9.898099
149440664126,-0.200881,-0.069078,-0.019063,-0.069663,-0.014242,-0.039537,9.868480
149540691344,0.483434,0.499933,-0.069936,0.089811,-0.030597,0.013337,9.835874
149640718562,0.514557,-0.346463,0.178935,0.038545,0.033739,0.022802,9.812242
149740745781,0.979857,-0.485226,0.132416,0.053048,0.087490,0.077699,9.807444
149840772999,0.639215,-1.092859,-0.092449,0.071158,0.005864,0.047987,9.847023
149940800217,0.185082,-0.860598,-0.295028,0.020571,-0.039574,-0.005120,9.814185
150040827436,-0.423828,0.414727,-0.637751,0.043567,-0.095190,-0.050102,9.847482
150140854654,-0.900981,0.915392,-1.068715,0.137495,-0.089112,-0.000215,9.873291
150240881872,1.038349,0.290796,0.164610,-0.008104,0.049352,-0.017028,9.880100
150340909090,-0.996167,-1.674119,0.577178,-0.038207,0.056543,-0.008992,9.898624
150440936309,-1.094292,-1.121411,-0.294011,-0.102094,0.026790,-0.085049,9.921111
150540963527,0.354358,0.152394,0.019562,-0.058298,0.022901,-0.062902,9.934197
150640990745,0.900302,1.259046,0.335135,0.038068,-0.029328,-0.065219,9.999739
150741017964,-0.034225,0.816803,0.016322,0.050315,-0.039014,-0.005712,10.071502
150841045182,-0.207759,0.026450,-0.222874,0.054783,-0.018979,0.096534,10.041913
150941072400,-0.709560,-0.945071,0.030608,0.009735,-0.059391,0.005060,10.006885
151041099618,-0.555298,-0.474970,0.540238,0.015954,-0.040702,-0.019781,10.084084
151141126837,-0.544363,-0.054121,0.027879,0.026856,0.049839,0.075097,10.108134
151241154055,-0.372733,-0.572080,-0.396706,0.031934,0.080743,0.066464,10.075043
151341181273,-0.226490,-0.705722,0.148451,0.091544,0.034071,0.051344,10.136406
151441208492,0.578265,0.093173,0.017357,0.033450,-0.036079,0.015335,10.158544
151541235710,-0.196591,-0.949544,-0.836772,-0.028562,0.016907,0.006156,10.235743
151641262928,-0.496961,-1.487288,-0.629915,-0.023837,0.097689,0.064632,10.287424
151741290146,0.276622,-0.135778,0.132697,-0.020387,0.054362,0.024088,10.259661
151841317365,0.319970,-0.468647,0.302641,0.017926,-0.058887,-0.055969,10.285472
151941344583,0.761780,-0.660789,-0.073510,0.013644,-0.053477,0.011621,10.307404
152041371801,0.558689,-0.378870,-0.116521,0.017337,0.020885,0.063249,10.311797
152141399020,-0.510947,-0.778311,-0.219392,-0.061350,0.052702,-0.029644,10.324552
152241426238,-0.383802,-0.168043,-0.409272,-0.107352,-0.028817,-0.150898,10.303528
152341453456,0.902208,-0.457111,0.088443,-0.080999,-0.021479,-0.107362,10.260540
152441480675,-0.695646,-1.293182,0.522325,0.049880,0.002156,0.007320,10.257682
152541507893,-1.315243,-0.733988,-0.023480,0.141479,-0.000441,0.101967,10.325357
152641535111,-0.938124,-0.032795,-0.067566,0.121897,0.102036,0.181826,10.253307
152741562329,-0.787301,0.273862,0.142136,-0.090811,0.038292,-0.049571,10.205871
152841589548,-0.460846,1.077734,0.054157,-0.010903,-0.067311,-0.118561,10.252193
152941616766,0.564207,0.066196,-0.267267,0.108243,-0.018918,-0.001499,10.254143
153041643984,0.032105,-1.078215,-0.344840,0.255970,0.042195,0.101358,10.263577
153141671203,-1.601032,0.397364,-0.888420,0.229042,0.021240,0.095812,10.259434
153241698421,-0.181009,1.308352,-0.588611,-0.024828,0.012969,0.018451,10.113505
153341725639,1.202693,1.080486,0.184046,-0.015584,0.018283,0.034003,10.123197
153441752857,1.016769,0.005562,0.766468,-0.066180,0.017318,-0.016017,10.155222
153541780076,0.681904,0.626142,0.365495,-0.206611,0.045590,-0.123601,10.110425
153641807294,-0.823708,1.762002,-0.167175,-0.147142,0.103548,-0.070387,10.137419
153741834512,0.333477,1.051437,0.703524,-0.064190,-0.001974,-0.051388,10.165782
153841861731,0.036623,1.261177,0.251992,-0.042720,-0.020433,-0.033194,10.106247
153941888949,0.319814,0.813993,0.092074,-0.001194,0.005257,-0.012285,10.156597
154041916167,-0.052226,0.100324,-0.226877,0.018492,-0.001009,-0.011886,10.146959
154141943385,-0.067955,0.413156,-0.280448,0.011436,0.055350,0.039584,10.116128
154241970604,-0.076174,0.087548,-0.239318,0.057499,0.131425,0.046529,10.191942
154341997822,0.088826,-0.989909,0.206016,0.132517,0.036082,0.067867,10.293185
154442025040,0.645433,-0.094024,0.078715,0.065249,-0.057602,0.040726,10.380952
154542052259,-0.278095,0.806585,-0.310315,-0.000911,0.032426,0.014851,10.378747
154642079477,-0.678904,0.445253,-0.495274,0.010909,0.047518,0.052582,10.445619
154742106695,-0.325866,0.913178,-0.589321,-0.009085,-0.017738,-0.022894,10.534972
154842133913,0.311978,0.593342,0.007673,-0.024219,0.010109,-0.085123,10.593940
154942161132,0.771106,0.458406,0.109318,-0.091051,0.017134,-0.074364,10.683139
155042188350,0.489945,0.245565,-0.006030,-0.118901,0.021154,-0.062994,10.843595
155142215568,0.535909,0.137636,-0.216471,-0.257576,0.008198,-0.163937,10.896918
155242242787,0.123777,0.073322,-0.347485,-0.244446,-0.024167,-0.154182,10.900600
155342270005,-0.023198,-0.003158,-0.251803,-0.332775,0.027786,-0.189858,10.984761
155442297223,-1.810078,0.827796,-0.563903,-0.349689,0.025987,-0.212724,11.069593
155542324442,1.634607,0.148916,-0.061662,-0.343365,0.018066,-0.211049,11.132415
155642351660,3.233805,-0.529139,0.094253,-0.240281,-0.013644,-0.101877,11.250346
155742378878,2.101390,-0.695782,0.153283,-0.049893,-0.018691,-0.031052,11.410471
155842406096,0.008953,0.219587,-0.286151,0.005891,-0.016626,-0.074590,11.478490
155942433315,-0.300800,0.291319,-0.439384,0.236118,-0.014647,0.084015,11.561985
156042460533,0.160409,-0.103396,-0.195721,0.088732,0.022060,0.046865,11.568095
156142487751,-0.836916,0.483533,-0.847216,0.142729,-0.007411,0.065152,11.624629
156242514970,-1.128713,0.361472,-1.121748,0.183350,0.042413,0.108783,11.697635
156342542188,-1.093097,0.194629,-1.054285,0.101279,0.121023,0.073509,11.747290
156442569406,2.246500,-0.033479,-0.924986,0.013585,0.093767,-0.093649,11.773349
156542596624,2.680308,-0.792114,-0.272518,-0.153064,-0.033537,-0.202793,11.867045
156642623843,2.818985,0.037146,0.502391,-0.255874,-0.065315,-0.273861,11.990082
156742651061,1.651258,0.685166,0.662765,-0.493170,-0.111861,-0.401132,12.041825
156842678279,-0.458793,0.226321,1.167236,-0.396262,-0.138793,-0.270632,12.082199
156942705498,1.650127,-0.039016,0.885916,-0.500420,-0.024811,-0.360622,12.097941
157042732716,-2.189260,1.036971,-0.156490,-0.310045,0.016039,-0.145511,12.126111
157142759934,-1.212708,0.881501,-0.525786,-0.130045,-0.029567,-0.088539,12.119222
157242787152,-1.678127,1.062428,-0.896265,-0.358939,0.026469,-0.239226,12.076246
157342814371,1.030657,-0.499461,-0.297330,-0.189266,-0.003695,-0.075142,12.170615
157442841589,1.977321,-1.207188,0.266146,0.340297,-0.032974,0.149814,12.276021
157542868807,1.444979,-1.029372,0.252563,0.482716,-0.061290,0.224170,12.068147
157642896026,1.938975,-1.447485,0.524955,0.409794,-0.094587,0.217630,12.136135
157742923244,-1.892551,-0.165119,-0.218100,0.493692,-0.021209,0.276650,12.333542
157842950462,-3.272204,0.110856,0.190585,0.464547,0.030650,0.307729,12.303113
157942977681,-3.045501,-0.296863,-0.051554,0.491997,0.048133,0.294626,12.414880
158043004899,-2.367238,-0.929459,-0.431378,0.496073,0.030600,0.244288,12.413718
158143032117,-2.170108,-0.189388,-0.373880,0.395995,0.030531,0.204988,12.418997
158243059335,1.967279,-0.921444,0.204719,0.145392,0.042634,0.056468,12.405143
158343086554,3.021909,-1.301261,0.421993,-0.106937,0.034629,-0.053905,12.380328
158443113772,0.846772,-1.259934,0.384219,0.258649,-0.024235,0.179421,12.463506
158543140990,-0.987695,-0.874832,-0.010824,0.262145,-0.034620,0.165803,12.472129
158643168209,-1.972212,-0.477727,-0.941492,-0.001798,0.035255,0.005851,12.464351
158743195427,-1.398454,-0.159440,-0.744967,-0.051291,0.017641,-0.064511,12.489121
158843222645,0.548373,0.216837,-0.203657,0.249176,-0.044162,0.102699,12.617509
158943249863,1.130762,-0.699108,0.113891,0.225362,-0.018837,0.079676,12.535974
159043277082,1.049227,-0.764122,0.060873,-0.190879,0.063802,-0.145326,12.533783
159143304300,1.503551,-1.393406,0.221334,-0.375132,0.059615,-0.200585,12.496800
159243331518,0.343248,-1.107456,-0.003855,-0.232717,0.024822,-0.105666,12.429250
159343358737,1.226476,-1.428288,0.149539,-0.186969,-0.004107,-0.118300,12.453885
159443385955,-1.370599,-0.691674,-0.074250,-0.107366,-0.016555,-0.035034,12.522985
159543413173,-1.360484,-0.510783,-0.007088,-0.008586,-0.020363,-0.026084,12.527494
159643440391,-0.648864,-0.415409,-0.197248,-0.031136,-0.015511,-0.052017,12.438900
159743467610,0.557541,-0.810447,-0.199221,-0.035458,0.025998,-0.050700,12.389529
159843494828,-0.253701,-0.726582,0.069191,-0.210127,0.036609,-0.153150,12.324855
159943522046,-0.818193,-0.205332,0.199289,-0.135780,-0.001328,-0.072686,12.344729
160043549265,0.123250,-0.719858,0.645970,-0.044190,0.007959,0.014341,12.402035
160143576483,0.881198,-0.599285,0.539386,0.042148,-0.012890,0.143168,12.353974
160243603701,0.382459,-1.052492,0.278790,0.224163,0.030562,0.135832,12.184998
160343630919,-0.505319,-0.444436,0.368053,0.281580,0.029290,0.086759,12.159975
160443658138,-0.011200,0.586614,-0.429214,0.084464,-0.151943,-0.059740,12.202505
160543685356,-1.465092,-0.124473,0.703638,0.004810,-0.162718,-0.137972,12.246165
160643712574,0.458133,-0.957952,1.105878,-0.058669,-0.103238,-0.016369,12.309558
160743739793,1.669301,-1.411776,-0.009521,-0.163444,-0.020211,-0.095819,12.241436
160843767011,0.802713,-0.664702,0.364362,-0.059509,-0.007288,-0.039153,12.167950
160943794229,-0.515031,-0.309042,-0.559563,-0.254047,0.013665,-0.078280,12.110119
161043821448,-2.325024,-0.425560,-0.605197,-0.069476,0.025298,-0.007054,12.107208
161143848666,-2.295358,0.514917,-0.600764,-0.087770,0.011927,0.029974,12.228363
161243875884,-1.441169,0.188523,-0.172457,-0.157981,0.000859,-0.039336,12.197364
161343903102,0.888283,-1.272325,0.605394,-0.070133,-0.003369,-0.048679,12.171837
161443930321,0.892692,-1.406172,0.150581,-0.006614,-0.004707,-0.003826,12.211198
161543957539,0.547288,-1.696769,-0.292364,0.205441,-0.032228,0.122989,12.153810
161643984757,0.395806,-0.940565,-0.619378,0.141754,-0.024023,0.082175,12.231090
161744011976,-1.300010,1.006280,-0.609993,0.224106,0.016031,0.126825,12.288228
161844039194,-1.331388,-0.042006,0.258638,0.157547,-0.047345,0.088340,12.280416
161944066412,-1.225725,-1.242515,0.209215,0.126099,-0.079005,0.050390,12.298258
162044093630,-0.297701,-1.611794,0.144762,0.111952,-0.028255,0.068976,12.246528
162144120849,1.384093,0.097729,0.182282,0.073713,-0.008843,0.099953,12.254465
162244148067,-0.181834,1.062703,-0.146994,0.218961,0.027623,0.135036,12.263267
162344175285,-1.029235,-0.348849,-0.408580,0.251109,0.033426,0.199400,12.246577
162444202504,-1.068714,-1.200916,-0.383573,0.314670,-0.028585,0.223298,12.373746
162544229722,-1.204578,-0.708090,-0.072380,0.447096,-0.021176,0.234290,12.379488
162644256940,1.191221,-0.685935,-0.137530,0.405508,-0.000868,0.176215,12.299353
162744284158,1.918290,-1.710795,-0.224078,0.402771,0.007630,0.189187,12.308411
162844311377,1.933256,-1.529468,-0.000164,0.266818,0.014465,0.112073,12.296941
162944338595,-1.065095,0.967848,-0.524190,0.118255,-0.040803,0.022649,12.262370
163044365813,-2.123136,1.307620,-0.866248,0.071941,-0.049368,0.058270,12.365553
163144393032,-2.008352,0.781255,-1.152484,-0.141401,0.066053,-0.080874,12.412935
163244420250,-0.069815,-0.324059,-0.758817,0.224147,0.110410,0.136106,12.371119
163344447468,1.451353,-0.549918,0.479082,0.187684,0.027896,0.151795,12.305557
163444474686,0.616983,-0.144986,0.387514,-0.193657,-0.069354,-0.107165,12.414312
163544501905,-0.310273,-1.033929,0.469622,-0.349394,-0.135385,-0.278896,12.522699
163644529123,-0.495190,-0.828878,0.339964,-0.354363,-0.119629,-0.328978,12.418975
163744556341,-0.327926,0.155589,-0.810177,-0.470078,-0.031007,-0.315251,12.318973
163844583560,-3.457442,0.165754,-1.205864,-0.345621,-0.003072,-0.234455,12.438528
163944610778,-2.381592,-0.147671,-0.983829,-0.245080,0.001910,-0.124823,12.443371
164044637996,-2.209628,0.464160,-0.356594,-0.139182,-0.015690,-0.038087,12.351692
164144665215,0.932150,0.359904,0.539422,0.170916,-0.099564,0.073641,12.347270
164244692433,1.374463,0.450121,0.146082,0.172119,-0.063296,0.112638,12.350593
164344719651,0.261688,0.211253,-0.433916,0.228373,0.026148,0.133632,12.318269
164444746869,1.165616,0.203251,-0.023597,0.153559,0.056615,0.044146,12.223309
164544774088,0.767819,0.267719,0.062693,0.119975,0.035199,0.089212,12.301010
164644801306,0.854007,-0.317800,0.120026,0.019116,0.010382,0.016952,12.489143
164744828524,-0.783163,-1.261395,0.234754,-0.080608,0.020543,-0.056726,12.426119
164844855743,-0.948708,-0.442940,-0.241280,-0.117629,0.030914,-0.064671,12.329887
164944882961,-2.031294,-0.362564,-0.573885,-0.218723,0.056808,-0.155823,12.339851
165044910179,-0.454979,0.070420,-0.416462,-0.298880,0.005228,-0.229826,12.341218
165144937397,1.151550,0.417363,0.360932,-0.390600,-0.082062,-0.250714,12.354745
165244964616,-0.402591,-0.157051,0.592115,-0.269712,-0.014714,-0.171258,12.391534
165344991834,0.454487,-0.932952,0.010783,-0.183620,0.008820,-0.089261,12.450110
165445019052,-0.849110,1.182418,0.055107,-0.057987,-0.019737,0.026206,12.478885
165545046271,-0.199199,0.435088,0.092478,0.127566,-0.011833,0.052497,12.468390
165645073489,0.483415,-2.017621,-0.318820,0.087559,0.026198,0.041747,12.476843
165745100707,-0.916110,-1.033778,-0.276352,0.114720,0.107790,0.049755,12.596098
165845127925,-3.307163,1.137661,-0.428476,-0.028267,0.083492,-0.074941,12.623600
165945155144,-3.912233,0.844800,-0.261963,-0.226782,0.052823,-0.122026,12.539280
166045182362,-0.450666,-1.007278,0.015982,-0.290396,0.045848,-0.075639,12.557022
166145209580,3.548316,-1.243372,0.825010,-0.688191,0.034816,-0.359023,12.631753
166245236799,3.697649,0.268997,0.891695,-0.485075,0.050730,-0.308471,12.630747
166345264017,3.308517,-1.629353,0.432491,-0.578699,0.088562,-0.293569,12.631149
166445291235,2.242579,-2.943298,0.073674,-0.325851,0.083926,-0.164844,12.580471
166545318454,3.435914,-2.124551,0.155282,-0.028798,0.013514,-0.035726,12.549671
166645345672,-0.340876,-1.890346,-0.037138,0.016991,0.060060,0.024094,12.599048
166745372890,-1.100904,-2.180920,0.145353,0.318190,0.086571,0.183273,12.591664
166845400108,-0.727624,-1.254260,0.186926,0.291114,0.009447,0.209578,12.527372
166945427327,-2.684303,-0.857930,-0.331354,0.382752,0.038973,0.283661,12.490780
167045454545,1.404042,-1.897060,-0.489147,0.407555,0.050737,0.284458,12.492222
167145481763,2.785529,-1.864833,-0.218552,0.387028,0.000238,0.314516,12.543077
167245508982,2.307519,-1.880157,0.429127,0.171170,-0.006432,0.131740,12.481500
167345536200,3.050478,-1.828605,0.639847,-0.042083,-0.003931,0.001026,12.493017
167445563418,2.514537,-2.955822,0.496745,-0.176590,-0.005757,-0.080091,12.559940
167545590636,0.363685,-3.198004,0.453611,-0.492745,0.124129,-0.208782,12.492134
167645617855,-0.927596,-1.627748,-0.133388,-0.315347,0.160708,0.004108,12.406775
167745645073,1.093540,-0.401845,-0.170421,-0.324136,0.114327,-0.101781,12.466155
167845672291,-0.056167,-0.040458,-0.394677,-0.222222,0.092580,-0.111245,12.467021
167945699510,-1.041538,-0.593290,-0.246724,-0.119190,-0.008949,-0.096848,12.350767
168045726728,0.018438,-0.933872,0.282493,-0.012487,-0.023898,-0.056468,12.407568
168145753946,0.797480,-1.069801,-0.019125,-0.038092,-0.016363,0.001844,12.378451
168245781164,0.346491,-0.150616,-0.589499,-0.059967,-0.027735,-0.011576,12.283921
168345808383,1.145016,0.453957,-0.128304,0.132653,-0.001787,0.047667,12.244488
168445835601,1.764299,0.776421,0.127946,0.057478,-0.014279,0.023102,12.278103
168545862819,0.005844,0.368412,-0.175854,0.039606,-0.009640,0.036902,12.244900
168645890038,-1.968089,0.091919,-0.483302,0.021801,0.040347,0.055581,12.155181
168745917256,-1.434240,-0.528590,-0.421196,-0.012294,-0.004174,0.041535,12.172652
168845944474,-0.194217,-0.466293,-0.692583,0.071951,-0.117164,0.086836,12.099823
168945971692,1.816793,0.762623,-1.009773,0.204686,-0.134292,0.053544,12.037463
169045998911,2.495822,0.448786,-0.310605,0.027993,-0.057219,-0.128823,12.114350
169146026129,-1.159750,-0.767336,-0.112498,-0.094474,-0.018395,-0.146584,12.046458
169246053347,0.268057,-1.954943,0.364408,-0.198681,0.025304,-0.139864,12.016207
169346080566,3.020533,-1.418448,0.710134,-0.466241,0.044924,-0.303157,12.017367
169446107784,2.071223,-0.658239,0.573346,-0.355639,0.058888,-0.189964,12.015178
169546135002,1.938317,-0.580712,0.317963,-0.568270,0.059712,-0.289433,12.055161
169646162221,-2.981777,-0.018787,-0.614270,-0.259694,-0.001643,-0.120027,11.981061
169746189439,-2.837148,-0.820641,-0.149603,-0.243831,-0.002833,-0.101677,11.970757
169846216657,-1.768659,-0.577608,-0.406227,-0.177993,0.062131,-0.129789,12.035945
169946243875,-1.855493,-0.146983,-0.569342,-0.028365,0.061266,-0.037663,12.035319
170046271094,-0.154043,0.387252,-0.393774,-0.103030,-0.031480,-0.020959,12.033952
170146298312,1.329891,0.626219,-0.229835,-0.113234,-0.040866,-0.107588,12.111669
170246325530,1.827595,-0.702112,-0.066799,-0.209774,0.053597,-0.121193,12.152742
170346352749,0.969079,-1.243792,0.052298,-0.256288,0.026462,-0.146660,12.134485
170446379967,-2.547317,-0.317327,-0.212613,-0.135325,-0.036099,-0.101892,12.098202
170546407185,-2.377797,0.386983,-0.668278,0.072848,0.010618,0.040150,12.063906
170646434403,-3.024777,0.060181,-0.494266,0.169167,0.063183,0.160717,12.117476
170746461622,-1.548003,-0.632601,-0.015980,0.438842,-0.011357,0.266447,12.234530
170846488840,-0.767549,-0.615579,-0.028898,0.340972,-0.009080,0.133443,12.216428
170946516058,-0.923790,-0.449153,-0.293614,0.419672,0.025004,0.262810,12.129511
171046543277,3.769527,-1.591369,0.190537,0.257684,0.013393,0.174915,12.153884
171146570495,-0.080188,-0.995704,-0.051166,0.201509,0.011245,0.087005,12.184441
171246597713,-1.411051,-0.136217,-0.188958,0.016439,0.046338,-0.000232,12.200635
171346624931,-0.504497,0.499166,0.019716,-0.275545,0.055089,-0.132224,12.146587
171446652150,-1.257208,0.695037,-0.207071,-0.220187,0.025136,-0.114022,12.110258
171546679368,-0.204675,0.210312,-0.094314,-0.277742,0.033350,-0.151003,12.118242
171646706586,-0.706022,-0.397710,0.050842,-0.189101,0.067619,-0.060402,12.074849
171746733805,-0.062175,-1.000597,-0.045166,-0.207100,0.083706,-0.082931,12.023837
171846761023,0.463622,-0.684538,-0.186264,-0.175026,0.060318,-0.109189,12.029282
171946788241,1.798857,-0.943320,0.377296,-0.261659,0.028374,-0.177517,12.013749
172046815459,-1.199363,-0.656486,-0.098340,-0.350251,0.018823,-0.211129,11.994486
172146842678,-1.040097,0.177164,-0.221211,-0.220450,0.033275,-0.108870,11.980107
172246869896,-0.194242,0.320078,0.224525,-0.140184,-0.001844,-0.124080,11.942806
172346897114,-1.505802,-0.346924,0.379884,-0.109108,-0.059117,-0.143919,11.921111
172446924333,-0.682150,-0.633588,0.441815,0.065013,-0.040440,0.049777,11.909771
172546951551,0.175191,-0.541348,-0.040147,0.109288,0.037953,0.082618,11.876338
172646978769,0.054820,-0.852078,-0.252432,0.048497,0.022560,0.006851,11.967632
172747005988,-1.133672,-1.476103,-0.019006,0.089798,-0.022484,0.032624,11.981780
172847033206,0.724136,-0.121331,0.005009,0.026228,-0.032822,-0.002866,11.903681
172947060424,1.006917,0.456849,-0.374115,-0.058583,0.027644,-0.013953,11.924819
173047087642,-0.811340,-0.430912,-0.179775,0.022163,0.007727,0.085779,11.889596
173147114861,-0.432186,-0.503065,0.223979,0.143710,-0.050714,0.118554,11.911602
173247142079,1.496123,-0.365041,0.638472,0.112834,-0.019419,0.064242,11.953460
173347169297,-0.237177,-0.348956,0.325831,0.066218,-0.004499,0.053506,11.960718
173447196516,-1.360505,-0.590868,0.361702,0.031274,0.084680,0.063704,11.894992
173547223734,-0.113268,-0.885530,0.349619,-0.100530,0.146312,-0.011279,11.874947
173647250952,-0.555216,0.078086,-0.683030,-0.096961,0.095485,-0.035476,11.928100
173747278170,0.042637,0.040880,-0.464064,-0.072790,0.041942,-0.037656,11.911339
173847305389,-0.398388,-1.549225,-0.218682,0.116572,-0.007530,0.031393,11.904098
173947332607,-0.733239,-2.088676,-0.234430,0.227416,-0.002759,0.053653,11.930482
174047359825,-0.296977,-1.614244,-0.070495,0.171220,-0.029079,0.071973,11.931312
174147387044,-0.835559,-0.803278,-0.458108,0.107659,-0.036079,0.081252,11.944075
174247414262,-0.186124,-1.513200,0.161838,0.117473,-0.036973,0.043349,11.949988
174347441480,0.150106,-1.433699,0.277620,0.097191,-0.053145,0.040338,11.994643
174447468698,0.553803,-0.775306,-0.077884,-0.000702,-0.010272,-0.016079,12.049503
174547495917,-1.231257,-1.415537,-0.256807,-0.038577,0.055846,-0.045004,12.087124
174647523135,-2.852179,-1.604374,-0.629483,-0.117138,0.066513,-0.154186,12.094076
174747550353,-2.067132,0.125025,-0.028195,-0.120557,0.025065,-0.085529,12.093452
174847577572,1.475205,0.481467,0.422876,-0.186114,0.003082,-0.068368,12.105387
174947604790,0.268909,-0.422162,-0.226697,-0.245551,-0.048981,-0.159637,12.201364
175047632008,-1.296919,0.119050,-0.245952,-0.282449,-0.054413,-0.102544,12.257332
175147659227,-1.483927,-0.381511,-0.408675,-0.455098,-0.013754,-0.271668,12.225602
175247686445,-2.302758,-1.118522,-0.440702,-0.087900,-0.001249,-0.079170,12.283960
175347713663,-2.138285,-0.213476,-0.148781,-0.233424,-0.005884,-0.096241,12.321261
175447740881,-2.450871,0.291071,-0.337356,-0.299228,0.003980,-0.179006,12.327804
175547768100,2.629918,-2.121773,0.245858,-0.169067,0.002870,-0.059617,12.357438
175647795318,2.499152,-2.435265,0.421657,-0.001333,-0.029015,0.032913,12.338443
175747822536,1.994817,-1.311062,0.425444,0.282669,-0.013237,0.144167,12.293130
175847849755,0.502243,-0.780933,-0.117336,0.203390,0.031367,0.114777,12.304873
175947876973,-0.693915,-0.106539,-0.020700,0.248460,-0.014767,0.155485,12.322524
176047904191,-0.923989,-0.030430,0.101877,0.259892,-0.019686,0.119946,12.272640
176147931409,-1.317912,-0.559624,-0.336320,0.406694,0.028023,0.235324,12.259379
176247958628,-1.203124,0.102085,-0.224554,0.282303,0.056510,0.234871,12.279796
176347985846,-0.921198,0.567650,0.089605,0.301987,0.054892,0.220979,12.243279
176448013064,1.758801,-0.198984,0.144654,0.170239,0.027323,0.151539,12.281145
176548040283,0.999782,-0.512866,-0.016627,-0.041330,0.013142,-0.014807,12.280235
176648067501,0.807785,-0.690575,-0.230776,-0.048983,-0.048634,-0.082931,12.174734
176748094719,0.433223,-0.371403,0.008248,-0.204096,-0.051700,-0.149521,12.154520
176848121937,0.377280,-0.421431,0.136241,-0.168460,0.051076,-0.142165,12.156483
176948149156,0.283238,-0.364763,0.213442,-0.187974,0.010237,-0.116762,12.100297
177048176374,-2.163853,0.624437,-0.033635,-0.282756,0.006685,-0.186984,12.061422
177148203592,-3.150542,-0.753934,-0.447784,-0.234931,0.032816,-0.191460,12.040287
177248230811,-2.188662,0.153179,-0.086052,0.014664,-0.003497,0.065185,11.980653
177348258029,-0.311908,0.137904,-0.404423,0.080695,0.023404,0.049039,11.980885
177448285247,-0.208251,-0.510598,0.062264,0.145995,0.016027,0.045831,11.899086
177548312465,0.546533,1.071513,0.589125,0.298929,-0.021050,0.181454,11.872270
177648339684,0.937203,0.207497,0.609892,0.172907,-0.056808,0.085757,11.890796
177748366902,-1.778724,-0.260656,0.352500,0.221018,-0.097094,0.098029,11.858833
177848394120,-1.447218,0.442173,-0.011810,-0.003620,-0.016449,-0.022249,11.898876
177948421339,-1.480910,0.689092,-0.454255,-0.261807,0.063383,-0.102829,11.913748
178048448557,-1.827619,-0.301671,-0.875040,-0.086473,0.087516,-0.007071,11.913855
178148475775,-1.518189,0.219540,-0.884552,-0.099839,0.104218,-0.007705,11.902103
178248502994,-1.882713,0.929846,-0.609925,0.000344,0.000982,0.027279,11.862003
178348530212,0.073329,0.299871,0.230112,0.108457,-0.042168,0.018387,11.928482
178448557430,0.632168,-0.117350,-0.158221,0.079082,-0.012758,0.039545,11.984521
178548584648,-0.136126,0.130625,-0.152356,0.094869,-0.060832,0.011165,11.919304
178648611867,0.038562,1.779902,-0.267821,0.019213,-0.126403,-0.122958,11.918581
178748639085,-0.253088,2.168861,-0.941797,-0.005888,-0.077622,-0.035787,12.024074
178848666303,-1.339113,0.853234,-1.181867,0.109982,-0.059191,0.057649,12.135966
178948693522,-0.550280,0.652867,-0.503004,0.216090,-0.047390,0.118504,12.120472
179048720740,-1.547919,-1.146168,-0.050416,0.287455,-0.025094,0.203002,12.089718
179148747958,-0.589602,-2.036518,-0.093096,0.494993,-0.074158,0.274788,12.144875
179248775176,2.376981,-0.856572,0.454341,0.331757,-0.036397,0.198887,12.232376
179348802395,-1.360078,0.363799,-0.017349,0.295201,0.001975,0.153871,12.291641
179448829613,-1.315390,0.482715,-0.272361,0.420393,0.018893,0.231197,12.358680
179548856831,0.447474,-1.162713,0.651364,0.138601,0.004870,0.119032,12.490239
179648884050,0.362678,-1.651043,1.186284,-0.099315,-0.047474,0.001312,12.532289
179748911268,0.324632,-1.267840,0.298495,-0.262248,-0.018308,-0.090218,12.559607
179848938486,-2.998308,-0.978130,-0.129415,-0.016589,0.032774,0.064296,12.644530
179948965704,-4.259572,-0.765804,0.219988,0.105392,-0.059156,0.031818,12.762447
180048992923,-2.942698,-0.528134,-0.709612,0.117818,-0.106711,0.000721,12.809109
180149020141,0.479804,-1.282701,-0.874162,0.250566,-0.038380,0.104157,12.830055
180249047359,1.730142,-0.803266,-0.652952,0.208653,0.001542,0.101685,12.896711
180349074578,0.924149,-0.572907,-0.052100,0.278008,-0.067130,0.122479,12.921713
180449101796,0.489884,-0.585399,0.979640,-0.028796,-0.055726,-0.091886,12.906890
180549129014,-0.360905,0.016393,0.187678,-0.122903,0.021661,-0.039191,12.935110
180649156232,-0.332378,-0.349116,0.422456,0.205418,0.014193,0.196308,12.859248
180749183451,1.113041,-0.947245,-0.171822,0.317502,0.028341,0.276049,12.850890
180849210669,0.551849,-1.761810,-0.274582,0.367034,0.108005,0.320320,12.899440
180949237887,-2.505840,-0.020447,-0.212349,0.537950,0.086576,0.323151,12.844607
181049265106,-2.483379,0.881683,-0.153004,0.275046,-0.077400,0.057538,12.828276
181149292324,-3.293709,-0.063540,0.061913,0.247394,-0.116115,0.067611,12.864812
181249319542,-3.199202,-0.628765,-0.222101,0.013953,-0.037761,0.006289,12.852433
181349346761,-5.251560,0.108599,-0.371854,-0.399608,0.006005,-0.194715,12.731267
181449373979,-2.828796,0.336016,-0.305989,-0.480116,0.008489,-0.249368,12.732343
181549401197,1.311298,1.114033,-0.096409,-0.892233,-0.056640,-0.505693,12.740599
181649428415,4.966827,-0.293019,0.515971,-0.635510,-0.091891,-0.365042,12.687529
181749455634,3.571429,-1.848401,0.689002,-0.510887,-0.000267,-0.307278,12.625104
181849482852,-4.279599,1.232859,-0.460961,-0.199168,-0.025190,-0.117032,12.479356
181949510070,-5.152873,1.101136,-0.513680,0.132988,-0.071041,0.063151,12.456456
182049537289,-4.895959,-0.178768,-0.468860,0.261940,-0.065802,0.124794,12.449695
182149564507,-0.801688,-0.457464,-0.198709,0.585263,-0.056323,0.317607,12.398835
182249591725,0.159519,0.016273,-0.049930,0.455390,-0.005259,0.247887,12.440397
182349618943,-0.696601,-0.500811,0.033650,0.524186,-0.048649,0.309449,12.500660
182449646162,1.295513,-1.999563,0.392067,0.262888,-0.032979,0.186515,12.389558
182549673380,-0.835329,-1.117766,-0.353964,0.027134,0.018031,0.074788,12.302611
182649700598,-1.306222,-0.171103,-0.450477,0.028352,0.029007,0.074353,12.297941
182749727817,-0.311610,0.123716,-0.586440,0.032037,0.049043,0.061617,12.267263
182849755035,-0.315555,-0.315719,-0.681455,0.085409,0.020811,0.112447,12.235373
182949782253,-0.383374,-0.139005,-0.243042,0.112462,-0.013479,0.078857,12.197332
183049809471,-0.076740,0.098238,0.162862,0.020827,-0.037608,-0.014465,12.191283
183149836690,-0.862458,-0.928366,-0.335238,0.043749,0.003187,0.035801,12.104165
183249863908,-0.733519,-2.015854,-0.401888,0.083166,0.053286,0.091312,12.047955
183349891126,-0.044746,-0.942024,0.560977,-0.007583,0.011127,0.038533,12.039987
183449918345,-1.089756,0.124353,0.149158,0.110552,-0.077887,0.066724,11.984129
183549945563,-0.344914,-0.445491,-0.092585,0.218257,-0.096758,0.088008,11.956906
183649972781,0.283894,-1.315009,0.339861,0.021048,0.032155,0.033224,11.902965
183750000000,-1.202747,-0.596846,-0.648022,-0.078167,0.047347,0.011912,11.810417
183850027218,0.601116,0.189855,-0.836470,-0.113232,-0.058290,-0.034958,11.804026
183950054436,0.418662,-0.688325,-0.132671,-0.229363,-0.025924,-0.111343,11.806534
184050081654,-1.193344,-0.399639,-0.034715,-0.035404,0.002179,-0.044313,11.783982
184150108873,-1.359765,-0.051039,0.136508,0.085448,0.001599,0.029961,11.781166
184250136091,-0.878712,-0.850276,-0.068482,0.077729,0.009506,0.079638,11.779929
184350163309,0.943899,-1.347332,-0.108601,0.052085,0.020319,0.020318,11.665685
184450190528,1.885307,-1.012041,0.230024,0.041460,0.024224,0.005600,11.632707
184550217746,1.944989,-0.402478,0.454777,-0.106452,-0.007484,-0.052164,11.678435
184650244964,-1.117771,0.031981,0.338711,-0.188590,0.003645,-0.146340,11.645855
184750272182,-1.024140,-0.046598,-0.029434,-0.272218,-0.034932,-0.155341,11.549608
184850299401,-1.870652,-0.374329,-0.077911,-0.468276,-0.053925,-0.305854,11.489652
184950326619,-3.008455,-0.715077,-0.226526,-0.244899,0.017783,-0.156136,11.488529
185050353837,1.573031,-1.349203,-0.240126,-0.329210,0.067570,-0.111160,11.404497
185150381056,1.867644,-1.024376,-0.494280,-0.131874,0.010636,-0.106725,11.395466
185250408274,1.663966,-1.064967,0.086354,0.048456,-0.021075,-0.024399,11.387500
185350435492,0.834139,-0.848147,0.687908,0.091236,-0.015116,0.143348,11.337652
185450462710,0.003266,-0.825046,0.464978,0.178211,-0.065693,0.085210,11.312667
185550489929,0.136481,-1.329225,0.203891,-0.096119,-0.043441,-0.139998,11.239695
185650517147,-0.189021,-1.481991,-0.400431,-0.012473,0.006404,0.038405,11.210011
185750544365,0.305658,-1.197745,-0.502744,0.112913,0.056239,0.049955,11.230767
185850571584,-0.455876,0.264907,-1.027854,0.069143,0.059871,0.002788,11.219657
185950598802,-0.548379,-0.491832,-0.764585,0.054241,0.007699,0.017077,11.194498
186050626020,0.206257,-1.039059,-0.072523,0.078092,0.007726,0.037174,11.145732
186150653238,-0.191123,0.050794,-0.113530,0.086518,0.021960,0.083245,11.049427
186250680457,-0.744012,-0.303138,0.226778,0.051245,-0.001143,0.005433,10.993441
186350707675,-0.484679,-0.967801,0.175516,-0.087440,-0.015464,-0.100651,10.985618
186450734893,-1.646387,-0.274079,-0.222756,-0.208696,0.006449,-0.127421,10.951949
186550762112,-1.263749,0.036223,-0.219224,-0.148662,0.022523,-0.124571,10.970838
186650789330,-0.924787,0.319614,0.049650,-0.175539,-0.014195,-0.089470,10.990012
186750816548,-0.373049,0.648298,-0.043208,-0.157671,-0.001449,-0.098666,10.894567
186850843767,-0.072472,0.211451,-0.002569,-0.053547,0.025517,-0.107674,10.822854
186950870985,-1.315832,0.329518,0.045633,-0.144516,0.031202,-0.027237,10.769849
187050898203,-0.037432,0.106921,-0.023618,-0.145377,-0.001987,-0.055773,10.733535
187150925421,0.577362,0.381264,0.085095,-0.080644,-0.057115,-0.072521,10.741047
187250952640,0.831401,1.104074,-0.173784,-0.075805,0.025098,0.103377,10.757738
187350979858,-0.101666,0.406195,-0.037874,-0.004313,0.104413,0.248610,10.734314
187451007076,-0.355063,0.061869,-0.167001,0.035698,0.002132,0.042565,10.674496
187551034295,0.245546,1.520095,-0.941510,0.016872,-0.141349,-0.181580,10.677077
187651061513,-0.736421,1.565596,-0.202908,0.020027,-0.025255,-0.067762,10.669866
187751088731,0.966989,0.377043,1.227749,-0.236874,0.121398,-0.066047,10.676372
187851115949,-0.055854,0.413094,0.828342,-0.415977,0.037559,-0.175044,10.705388
187951143168,0.862825,-0.357641,0.237305,-0.346513,-0.038428,-0.188324,10.703596
188051170386,2.745313,-1.127653,1.258999,-0.386388,-0.018335,-0.243311,10.717702
188151197604,2.017329,-0.874585,1.344402,-0.400641,0.121968,-0.152710,10.718431
188251224823,3.347315,-0.951371,0.049254,-0.187691,0.147219,-0.013547,10.735158
188351252041,1.070000,0.358684,-0.097225,0.211682,0.031635,0.046220,10.827673
188451279259,-0.357164,1.271181,0.511946,0.356377,-0.053003,0.168133,10.878505
188551306477,-0.718949,0.410552,0.930015,0.233045,-0.053526,0.135770,10.886549
188651333696,-0.768421,0.111474,0.158651,0.232998,0.014556,0.128179,10.957821
188751360914,1.096867,0.611134,-0.117700,0.149656,-0.013878,0.062390,11.002432
188851388132,1.830324,0.525876,0.146766,0.097769,-0.055853,0.023149,11.011848
188951415351,0.943100,1.031623,-0.169573,0.056844,0.002356,0.026845,11.170589
189051442569,-1.862753,1.387304,-0.459979,0.113447,0.000167,0.017849,11.257986
189151469787,1.448601,0.213167,-0.168860,-0.121132,-0.052014,-0.154948,11.227475
189251497005,2.723707,1.402565,-0.308492,-0.261569,-0.013661,-0.160022,11.297069
189351524224,3.109634,0.600139,0.033983,0.322265,-0.000484,0.176451,11.288862
189451551442,2.379547,-0.603274,0.362847,0.072140,-0.027612,-0.029617,11.321635
189551578660,0.591051,-0.353300,0.473581,-0.233571,-0.049375,-0.158603,11.447900
189651605879,1.145181,0.367334,0.095631,-0.130213,0.028215,-0.076386,11.482259
189751633097,-1.401692,0.830271,-0.531285,-0.011473,0.033222,-0.017404,11.543701
189851660315,-2.936911,0.309809,0.121526,-0.013992,-0.064045,-0.054950,11.619966
189951687534,-2.223497,0.027802,-0.016813,0.043046,-0.097757,-0.051760,11.692562
190051714752,1.211482,-0.107057,0.225675,0.100816,-0.059543,0.055459,11.716385
190151741970,1.264785,0.016874,1.077104,0.327907,-0.008512,0.204991,11.714464
190251769188,3.659298,-1.287071,1.671560,0.829631,-0.061890,0.390466,11.829952
190351796407,5.479905,-1.388639,0.993720,0.495881,-0.118019,0.177102,11.905182
190451823625,4.800717,-1.791090,0.826819,0.463363,-0.122058,0.158334,11.949273
190551850843,5.490322,-1.735340,0.809376,-0.074151,-0.040585,-0.135856,12.023045
190651878062,-2.415562,0.260294,-0.453219,-0.494118,0.054611,-0.266033,12.079615
190751905280,-3.237039,0.716164,-0.359572,-0.572784,0.026083,-0.272892,12.130228
190851932498,-3.275265,0.967533,-0.636914,-0.783794,-0.003129,-0.401039,12.188372
190951959716,-1.550525,-0.582823,-0.624703,-0.783963,0.052923,-0.430356,12.217683
191051986935,4.775069,-0.252739,0.285635,-0.944294,0.085889,-0.521139,12.210934
191152014153,4.700475,1.052611,0.330575,-0.524967,0.119898,-0.269906,12.263026
191252041371,3.238972,-0.102050,0.648001,-0.277522,-0.027692,-0.259410,12.333339
191352068590,0.018050,-0.939547,0.261935,-0.076149,-0.154849,-0.206463,12.330637
191452095808,-0.937524,-1.554782,-0.063201,0.138603,-0.052367,-0.010769,12.263693
191552123026,-0.396516,-0.677527,0.508612,0.015638,0.054224,-0.041995,12.235155
191652150244,-0.972625,0.322006,-0.398493,0.079638,0.035426,0.071693,12.177073
191752177463,-1.593774,0.486696,-1.212135,-0.001800,0.015612,0.099804,12.058173
191852204681,-1.378859,0.094585,-0.207286,-0.174972,-0.002578,-0.043341,12.079365
191952231899,-1.549622,-0.774132,0.194704,-0.129980,-0.027125,0.015232,12.166378
192052259118,1.501078,-0.830040,0.267268,-0.240408,0.039226,-0.063686,12.140492
192152286336,1.139461,-0.341689,-0.226486,0.154731,0.028251,0.073145,12.106334
192252313554,0.228513,-0.739307,-0.011272,0.431816,-0.027305,0.223205,12.085116
192352340772,0.378510,-0.097195,0.053860,0.297098,-0.053709,0.115195,12.126932
192452367991,0.465017,0.007647,-0.240877,0.318022,-0.073228,0.213065,12.110919
192552395209,-0.045567,0.292491,0.565636,0.139491,0.008724,0.178590,12.076094
192652422427,-2.885002,0.750032,0.501058,0.199970,0.005835,0.131829,11.949000
192752449646,-3.530557,-0.178657,0.065928,-0.099549,-0.071495,0.015215,11.944046
192852476864,-3.761035,0.492002,-0.500887,-0.205200,0.042926,-0.128424,12.052744
192952504082,0.490578,0.366426,-0.272282,0.314909,0.036252,0.170706,11.943646
193052531301,1.209896,0.450113,-0.277405,0.102945,0.002997,0.142010,11.836361
193152558519,0.245603,0.449066,-0.459717,-0.188483,0.005494,-0.150538,11.806532
193252585737,1.306159,-0.746505,0.035743,-0.176907,-0.054765,-0.129219,11.798889
193352612955,1.625115,-0.439259,-0.167792,-0.230375,-0.042877,-0.126478,11.730054
193452640174,1.799732,-0.718800,-0.498516,-0.185330,0.001604,-0.144905,11.728592
193552667392,-0.338586,1.109606,-0.313462,0.098454,-0.014547,0.052535,11.711955
193652694610,-0.512457,1.761409,0.085561,0.211172,-0.049528,0.085175,11.761788
193752721829,-0.805992,0.727562,-0.126732,0.238184,-0.004975,0.093453,11.750098
193852749047,0.378134,-0.452480,-0.392851,0.295845,0.014241,0.149778,11.647469
193952776265,-0.578988,-1.121040,-0.306241,0.305021,0.016963,0.148973,11.719805
194052803483,0.103906,-0.134346,0.109935,0.474807,0.002417,0.236129,11.658272
194152830702,3.018851,-0.293235,0.253617,0.241543,-0.026286,0.121361,11.557621
194252857920,2.796535,-0.692622,-0.200912,0.152271,0.033592,0.122312,11.593850
194352885138,2.160315,-1.118643,-0.055903,0.064092,0.072925,0.003820,11.656803
194452912357,0.001972,-0.318396,0.089958,0.010553,0.017118,-0.012700,11.682914
194552939575,-1.048311,-0.509817,-0.056234,0.000930,0.043142,-0.009517,11.586539
194652966793,-0.936394,-0.980796,0.028626,0.018865,0.021148,-0.038365,11.648221
194752994011,0.824963,-0.325657,0.193596,-0.093730,-0.035411,-0.052523,11.743828
194853021230,0.217975,-0.601594,-0.047380,-0.225669,0.004838,-0.140711,11.673379
194953048448,1.576651,-0.409064,-0.129171,-0.266472,-0.011346,-0.239322,11.689198
195053075666,2.101027,0.036169,0.324229,-0.439561,0.000324,-0.318563,11.664141
195153102885,-0.789471,0.351216,0.270459,-0.284245,0.034953,-0.177661,11.619297
195253130103,-1.433840,1.856655,0.173603,-0.214258,-0.032898,-0.170341,11.608244
195353157321,-1.054861,0.285387,0.090896,-0.061502,-0.044222,-0.073247,11.597449
195453184540,0.730577,-1.986134,0.238912,-0.053408,0.024079,-0.028166,11.613770
195553211758,2.158798,-0.745163,0.603747,0.071534,0.007343,-0.004556,11.558613
195653238976,2.346001,-1.245418,0.415604,0.041017,-0.031886,0.003155,11.504802
195753266194,-1.429292,-0.337352,0.199462,0.298003,-0.030084,0.152370,11.489664
195853293413,-2.759702,1.032280,-0.162685,0.577864,-0.079391,0.301506,11.503463
195953320631,-3.197093,0.848546,-0.356732,0.485164,-0.072993,0.245678,11.515965
196053347849,-3.117134,-0.175921,-0.152312,0.575788,-0.017876,0.358487,11.440778
196153375068,-3.149834,-0.570021,-0.910637,0.246680,0.039682,0.220085,11.372900
196253402286,-3.453870,-0.108209,-1.102694,0.145704,0.009237,0.011501,11.487825
196353429504,1.141575,-0.775827,-0.294495,-0.108163,-0.016662,-0.141777,11.447475
196453456722,0.174669,-1.430938,-0.419521,-0.386085,0.053738,-0.195588,11.281024
196553483941,1.577630,-1.575767,0.485133,0.004152,-0.006472,-0.060699,11.380131
196653511159,3.491154,-1.104200,0.939423,-0.343107,-0.055336,-0.275154,11.337737
196753538377,3.957649,-0.485940,0.767505,-0.201667,-0.108156,-0.133306,11.202598
196853565596,4.650637,-0.566915,0.434411,0.029821,-0.051535,0.017487,11.231862
196953592814,-1.899204,-0.069555,-0.541315,-0.554692,0.026725,-0.293760,11.192246
197053620032,-1.601454,0.023245,-0.088783,-0.157024,-0.055748,-0.136062,11.133221
197153647250,-1.105075,-0.191720,-0.065038,0.390605,-0.077972,0.168078,11.164275
197253674469,-2.448254,0.535860,-0.282543,0.420492,-0.001785,0.238130,11.150949
197353701687,-2.524887,0.448089,-0.618893,0.326778,-0.028432,0.185174,11.051684
197453728905,-2.407682,-1.130003,-0.372866,0.215329,-0.113594,0.163185,10.974922
197553756124,0.078550,-0.335935,-0.146747,-0.046386,-0.114317,0.077780,10.939918
197653783342,-2.950130,0.754157,-0.635874,-0.462782,-0.015429,-0.216515,10.940390
197753810560,-3.183716,-0.931522,-0.372660,-0.218502,0.025201,-0.125773,10.969134
197853837778,1.553696,-0.219514,0.309037,-0.048726,-0.103559,-0.085621,10.973121
197953864997,1.844016,1.565828,0.336845,-0.025769,-0.198352,-0.076835,10.908528
198053892215,0.795384,0.534450,0.037935,0.032797,-0.075927,0.031109,10.899884
198153919433,-0.444470,-0.663411,-0.132598,0.030013,0.076681,0.048829,10.854273
198253946652,0.405213,-0.676484,0.820712,0.187829,-0.015944,0.136679,10.762668
198353973870,-0.275736,0.707397,0.389926,0.132096,-0.090305,0.170522,10.708511
198454001088,-1.018889,0.595464,-0.140770,0.045646,-0.020859,0.112894,10.667550
198554028307,-1.418410,0.236616,-0.107960,0.088254,0.069396,0.136597,10.625128
198654055525,-0.633618,0.734439,-0.208941,0.174995,0.021577,0.167142,10.598506
198754082743,1.063063,0.712057,-0.194023,0.138302,-0.075543,0.047972,10.521671
198854109961,1.713509,0.674603,-0.447836,0.124838,-0.001460,0.134026,10.495040
198954137180,0.632368,0.247622,0.191423,0.180418,0.019871,0.131069,10.506852
199054164398,-2.587396,0.681517,-0.131378,0.214317,-0.028120,0.050576,10.395756
199154191616,-3.137027,1.846029,-0.584582,-0.117809,-0.048055,-0.057822,10.391759
199254218835,-2.955517,1.649476,-0.169408,-0.254331,-0.043403,-0.103175,10.455000
199354246053,-0.581832,0.219397,0.202051,-0.224576,0.007857,-0.109658,10.387192
199454273271,1.579878,-0.168765,-0.173900,-0.303356,-0.012582,-0.095710,10.376132
199554300489,1.913616,1.122334,-0.250008,-0.150686,-0.055943,-0.030681,10.457837
199654327708,0.732569,0.705711,0.194860,-0.050179,-0.034181,-0.032779,10.508678
199754354926,-0.623626,-0.241961,-0.331295,-0.084514,0.076928,0.015574,10.419347
199854382144,1.190081,0.448812,0.083358,-0.137523,0.161828,-0.046407,10.443862
199954409363,0.832569,1.354725,-0.053032,0.092564,0.036657,-0.012398,10.524625
200054436581,1.398006,0.356038,-0.019660,0.154218,-0.049025,0.095779,10.504113
200154463799,1.779169,-0.102357,0.363010,-0.069133,0.012901,-0.051268,10.551128
200254491017,1.559971,0.743094,0.428944,0.029454,-0.017774,-0.071788,10.576259
200354518236,1.427759,0.662291,0.302467,0.149759,-0.057187,0.057165,10.595158
200454545454,0.087985,0.217831,-0.175968,0.230677,-0.039907,0.059653,10.712778
200554572672,-0.651081,-0.630132,0.028749,0.203833,-0.040640,0.079842,10.747860
200654599891,-0.439454,0.746895,0.328616,0.217631,-0.040603,0.113055,10.723011
200754627109,0.216971,1.903126,-0.065302,0.035151,-0.052587,-0.123892,10.791332
200854654327,-0.823210,1.091149,0.028910,-0.260423,-0.002733,-0.141396,10.790905
200954681545,-3.538281,1.062217,0.189430,0.072428,0.046966,0.125132,10.845979
201054708764,-2.013665,1.388359,0.661986,0.200337,-0.060823,0.019735,10.931855
201154735982,-4.768608,1.046717,0.162437,-0.394246,-0.078064,-0.240559,10.999011
201254763200,-3.505796,1.223919,-0.272905,0.125641,0.014777,0.020995,11.043730
201354790419,-2.976153,2.122812,-0.441444,0.415571,0.070343,0.097841,11.043032
201454817637,-3.160137,0.899236,-0.801521,0.290424,0.065662,0.146069,11.107289
201554844855,2.158470,0.004427,0.041763,0.001641,0.089123,-0.019628,11.209280
201654872074,1.473017,0.370893,0.502994,-0.207829,0.009934,-0.141519,11.244215
201754899292,1.310935,0.238575,0.027753,-0.227418,-0.095941,-0.083656,11.205682
201854926510,0.710650,-0.160716,-0.178480,-0.356661,-0.027224,-0.242241,11.256287
201954953728,0.269391,0.219575,-0.677631,-0.328366,-0.074959,-0.311296,11.384375
202054980947,-1.704540,0.076665,-0.709946,-0.232070,-0.107096,-0.232698,11.308850
202155008165,-1.349698,-0.364012,0.461035,-0.431307,-0.012803,-0.231436,11.313072
202255035383,-3.763258,0.241387,0.151279,-0.706909,0.000397,-0.448502,11.448154
202355062602,-0.019173,-0.799375,-0.167570,-0.553636,0.025035,-0.455001,11.497083
202455089820,4.556720,-0.494454,0.134360,-0.692661,0.031663,-0.358476,11.506944
202555117038,4.826715,-0.481371,0.642184,-0.310427,-0.010170,-0.002595,11.533431
202655144256,-0.598338,-0.352911,0.076110,-0.241636,0.023124,-0.104551,11.558829
202755171475,-4.487088,0.908753,-0.374856,0.078758,0.025844,0.048524,11.611139
202855198693,1.574975,-0.183706,0.637499,0.162789,-0.043966,0.128841,11.690210
202955225911,3.395138,-0.304696,0.202554,0.261032,-0.141974,0.116170,11.763977
203055253130,3.205074,-0.558750,0.071575,0.231287,-0.123418,0.128814,11.751551
203155280348,-1.834937,-0.890681,-0.055621,0.311976,-0.000935,0.225712,11.772547
203255307566,-1.388436,0.005632,-0.563039,0.489603,0.065066,0.239462,11.805098
203355334784,-1.560549,1.020570,-1.025198,0.290443,0.018472,0.143170,11.740488
203455362003,-3.350627,0.706616,-0.387953,0.348241,-0.034824,0.243774,11.710820
203555389221,-3.711250,-0.045553,0.095531,0.102975,0.008235,0.025647,11.734343
203655416439,-3.410147,-0.926122,0.887234,0.356559,-0.049317,0.158129,11.761009
203755443658,3.315527,-1.250277,1.004829,-0.235812,-0.054240,-0.061596,11.761260
203855470876,0.918027,-0.463315,0.435805,-0.653746,-0.004690,-0.402849,11.748800
203955498094,1.766870,-1.648783,0.326026,-0.552144,0.003167,-0.394474,11.744170
204055525313,3.453649,-1.460516,0.617184,-0.851153,-0.001313,-0.492123,11.669299
204155552531,-3.455708,0.275496,-0.458346,-0.566508,0.002810,-0.309016,11.783324
204255579749,-3.777700,0.693372,-1.235266,-0.443091,0.027325,-0.167250,11.677641
204355606967,-2.578063,0.819898,-0.583752,-0.178715,-0.019127,0.005035,11.514103
204455634186,-2.285559,0.327653,-0.054604,0.027647,-0.048010,-0.027622,11.596841
204555661404,-2.413261,-0.264127,-0.337570,-0.265258,0.040783,-0.074394,11.464321
204655688622,-0.797674,-0.330070,-0.636848,-0.065952,0.032209,0.122494,11.402229
204755715841,0.181243,0.390051,-0.747533,0.115681,-0.013754,0.065526,11.452646
204855743059,-1.135846,-0.008335,-0.416202,0.040827,0.008550,0.001002,11.411905
204955770277,-0.054313,0.772977,0.215290,-0.034608,0.038889,0.059038,11.258699
205055797495,-0.919055,-0.067400,0.721654,-0.201278,-0.023085,-0.073907,11.249262
205155824714,-0.156597,-0.444645,0.073861,-0.073515,-0.047725,-0.068938,11.239318
205255851932,-0.080016,-0.032132,0.052217,0.069200,0.012742,0.145384,11.211531
205355879150,-0.166059,-0.438418,1.132876,0.028542,0.052101,0.243680,11.203450
205455906369,-0.011974,-0.086971,0.315656,-0.010808,0.027061,0.014657,11.150693
205555933587,-0.171045,-0.305854,-0.118515,-0.019545,-0.022846,-0.072096,11.151545
205655960805,-0.079148,0.471824,0.091144,-0.057112,-0.045860,-0.006000,11.104554
205755988023,0.232431,0.693396,-0.174153,0.034998,-0.069786,0.016961,11.140560
205856015242,2.388962,-0.424986,0.934299,0.005908,-0.114391,-0.027875,11.124011
205956042460,0.911096,-0.806532,1.315505,0.170909,-0.015255,0.102433,11.060601
206056069678,-2.162934,-0.463668,0.889534,0.313309,0.091087,0.187328,11.028303
206156096897,-0.568534,-0.751825,0.596244,0.002465,0.041737,0.021265,11.055860
206256124115,0.735094,-1.369338,0.497679,-0.086351,-0.015178,0.005413,11.031798
206356151333,0.926257,0.391747,-0.002388,-0.116039,-0.003935,-0.126449,10.930088
206456178551,1.358417,1.248009,-0.367266,-0.036960,-0.013187,-0.114487,10.952283
206556205770,1.719369,0.302813,0.078862,-0.042355,0.008594,-0.059898,10.944419
206656232988,0.002491,0.195092,0.277610,0.149274,0.007975,-0.025974,10.876900
206756260206,0.015077,-0.050001,0.393650,0.236458,-0.076573,0.087296,10.976671
206856287425,-0.675560,-0.671298,0.067764,0.209305,-0.063126,0.126465,10.928796
206956314643,-0.607775,-0.673335,-0.247743,0.185879,0.020041,0.067187,10.874125
207056341861,1.432581,0.279126,0.255384,-0.037480,0.048766,-0.087880,10.975740
207156369080,1.673594,0.280126,0.172445,-0.123299,0.027828,-0.115105,10.935668
207256396298,0.388362,-0.151857,-0.370905,-0.082325,0.024177,-0.056220,10.925912
207356423516,-0.663586,-0.180920,-0.302595,0.010546,0.014147,0.041944,10.862168
207456450734,-0.178810,0.626932,0.147696,0.022319,0.027050,-0.019959,10.903708
207556477953,0.606095,0.391226,0.552889,-0.085568,0.047594,-0.173029,10.879200
207656505171,0.031773,0.845365,0.525960,-0.238621,0.021944,-0.086797,10.812009
207756532389,-1.402552,1.093033,0.137498,-0.077940,-0.020855,0.022543,10.870418
207856559608,-1.422662,1.088987,0.243492,0.009618,-0.051317,-0.073141,10.851924
207956586826,-1.997081,1.146908,-0.094396,0.163013,-0.043443,0.126369,10.798653
208056614044,0.426100,-0.240587,-0.107004,0.204173,-0.004502,0.120882,10.846657
208156641262,1.142649,0.248594,0.241046,0.112338,0.019994,-0.020936,10.830121
208256668481,0.229561,1.256232,-0.303570,0.014101,0.077099,0.049197,10.759277
208356695699,-1.308252,0.869386,0.004424,0.153865,0.084215,0.158537,10.824153
208456722917,-0.751693,-0.247986,0.981545,0.235083,-0.067238,0.094634,10.791146
208556750136,-0.719540,0.682066,0.403567,0.249789,-0.137360,0.069407,10.782215
208656777354,-0.678581,1.038333,0.313335,0.300395,-0.084358,0.064776,10.816286
208756804572,-0.847270,0.686370,0.252558,0.186522,-0.059480,0.042733,10.700543
208856831790,0.051180,1.288426,-0.921637,0.074643,0.027974,0.060651,10.674470
208956859009,0.763633,0.482982,-0.251212,0.062745,-0.029814,-0.029086,10.684359
209056886227,0.555450,0.682658,0.142273,0.026432,-0.075165,-0.039287,10.824817
209156913445,0.281875,0.684456,-0.067260,-0.006967,0.019379,0.024898,10.875534
209256940664,0.141488,1.153798,-0.277316,-0.015375,0.086538,0.028714,10.630989
209356967882,-0.155670,1.174733,-0.057905,0.058446,0.071655,0.088363,10.657219
209456995100,0.757195,-0.220437,0.451684,0.047531,0.000036,0.123169,10.849436
209557022318,0.668548,-0.153052,0.861971,0.161304,-0.063315,0.124262,10.971076
209657049537,1.824489,0.087590,0.647675,0.220921,-0.030735,0.164270,10.955275
209757076755,0.396874,-0.168163,-0.142797,0.248203,-0.008896,0.189829,11.134849
209857103973,0.886439,0.188855,-0.219281,0.348074,-0.007979,0.193670,11.340773
209957131192,-0.152020,0.071963,-0.063919,0.219377,-0.025558,0.152778,11.266290
210057158410,-2.110199,-0.211949,-0.063518,0.240410,-0.023609,0.156596,11.281651
210157185628,-2.043618,-0.959725,-0.287538,0.035345,0.001411,0.059321,11.560754
210257212847,-1.508576,-1.088375,-0.126942,-0.050883,-0.008890,-0.026362,11.624486
210357240065,-0.498883,-1.853943,0.143757,-0.060842,-0.006181,-0.028223,11.541608
210457267283,-0.369335,-1.442447,-0.423162,-0.078394,0.038449,-0.088530,11.781055
210557294501,-0.106451,-0.810251,-0.029962,-0.067404,0.098547,-0.054265,11.821602
210657321720,-0.139730,-1.813285,0.145400,-0.134851,-0.020338,-0.076541,11.787293
210757348938,0.457375,-3.422314,-0.082005,-0.123026,-0.113949,-0.193697,11.965882
210857376156,-0.090512,-3.055826,-0.100999,-0.091020,0.003539,-0.061879,11.951910
210957403375,-1.710630,-1.964110,-0.045702,-0.130010,0.040782,-0.028432,11.661141
211057430593,0.043877,-1.616335,-0.045804,-0.114529,-0.024424,-0.113623,11.637734
211157457811,-0.221841,-1.597629,-0.269152,0.052963,-0.057306,-0.004103,11.669112
211257485029,-0.532040,-2.751418,0.001277,0.079495,-0.002180,0.038552,11.693140
211357512248,0.028936,-2.343589,-0.061589,0.018475,-0.000914,0.058137,11.688786
211457539466,-0.699077,-1.546347,-0.198426,-0.058843,-0.004786,-0.013405,11.673130
211557566684,-0.676416,-1.518014,0.078113,-0.082252,0.048927,-0.074813,11.728429
211657593903,-1.213899,-1.116565,0.051648,-0.117470,0.008384,-0.071319,11.437762
211757621121,-0.112593,-0.898567,-0.027069,-0.148417,-0.025971,-0.041253,11.063188
211857648339,0.515682,-1.528795,0.127833,-0.228791,0.016877,-0.122791,10.718527
211957675557,1.628498,-1.506903,0.056016,-0.115272,-0.002146,-0.059887,10.731152
212057702776,0.975431,-1.057640,0.054453,-0.212753,-0.000372,-0.122014,10.501824
212157729994,-0.296013,-0.950875,-0.357152,0.030893,-0.032184,-0.037640,10.401767
212257757212,2.183926,-1.969931,0.129228,0.081663,-0.049003,0.003348,10.151812
212357784431,0.800479,-2.032953,0.128764,0.261351,0.010957,0.123233,9.843385
212457811649,1.684688,-1.946627,0.005119,0.450128,-0.016897,0.229933,9.692636
212557838867,1.427640,-1.864920,0.215234,0.311786,-0.005768,0.159374,9.477240
212657866086,1.239355,-2.191162,0.172204,0.316552,0.009656,0.173108,9.297252
212757893304,0.157190,-1.963733,-0.050001,0.261999,-0.031374,0.135964,8.958077
212857920522,-1.834131,-1.454956,-0.370629,0.216863,-0.036516,0.090381,8.735238
212957947740,-0.663196,-1.807977,-0.051162,0.278563,-0.014351,0.095874,8.664776
213057974959,-1.039065,-1.509434,0.038975,0.171004,-0.013494,0.034309,8.596479
213158002177,0.146463,-1.385256,-0.054467,-0.120571,-0.004543,-0.063740,8.566300
213258029395,0.341299,-1.125778,-0.022679,-0.166639,0.024600,-0.101260,8.454902
213358056614,-0.003643,-1.106791,0.111289,-0.042334,0.046133,-0.055406,8.240198
213458083832,0.517708,-1.454811,0.223906,-0.047975,0.026497,-0.023268,8.200343
213558111050,-0.581206,-0.584848,0.084474,-0.128327,0.006057,-0.080479,8.082469
213658138268,-0.753391,-0.532662,0.060453,-0.074827,-0.004482,-0.057729,7.913141
213758165487,-1.053139,-0.428672,-0.226767,0.116602,-0.016748,0.033999,7.778381
213858192705,-0.320343,-0.830147,-0.213173,0.186929,-0.003000,0.085052,7.582643
213958219923,-0.996210,-0.499971,-0.157083,0.150129,0.030287,0.081725,7.377930
214058247142,-0.050180,-0.459127,0.031505,0.173902,-0.001941,0.092128,7.149199
214158274360,0.335987,-0.917542,0.003116,0.081298,-0.019851,0.024222,6.992089
214258301578,-0.939268,-0.773799,-0.196013,0.087851,-0.018913,0.062193,6.843579
214358328796,-0.798870,-0.454440,-0.168114,-0.019965,-0.023899,0.005018,6.657763
214458356015,-1.161310,-0.180979,-0.157445,-0.058102,-0.015874,-0.046133,6.657807
214558383233,-0.387280,-0.586048,-0.068105,-0.061587,0.003210,-0.044403,6.514577
214658410451,-0.291182,-0.568154,-0.052383,-0.086470,-0.003389,-0.050446,6.298604
214758437670,0.191877,-0.395008,-0.094594,-0.088196,-0.011850,-0.080333,6.194192
214858464888,-0.083469,-0.492099,-0.006219,-0.082578,-0.004752,-0.071381,6.077991
214958492106,-0.774120,-0.606173,-0.051432,-0.004782,-0.007046,-0.011433,5.953845
215058519324,-0.567740,-0.695707,-0.108326,-0.024477,-0.014017,-0.006184,5.810042
215158546543,-0.746412,-0.417966,-0.190919,-0.012878,-0.006388,0.010652,5.743733
215258573761,-1.057917,-0.118673,-0.230085,-0.043412,0.002720,-0.008648,5.634849
215358600979,-1.322945,0.023105,-0.300418,0.051606,-0.005976,0.055480,5.631986
215458628198,0.203762,-0.173121,-0.073643,0.106254,0.011659,0.043121,5.560089
215558655416,-0.098396,0.049561,0.037388,0.083656,0.015761,0.011442,5.444409
215658682634,-0.213081,-0.410005,-0.049675,0.111855,-0.008235,0.067076,5.346430
215758709853,0.397236,-0.308178,-0.163185,0.058992,-0.014699,0.042587,5.334491
215858737071,0.701721,0.137974,-0.292469,0.067816,0.015073,0.067934,5.245731
215958764289,0.368470,0.497618,-0.117529,0.053114,-0.000479,0.032065,5.146764
216058791507,-0.688863,0.487963,0.035968,-0.065261,-0.024014,-0.069454,5.021468
216158818726,0.294192,-0.117984,0.027349,-0.126433,-0.006052,-0.084461,4.996335
216258845944,-0.133972,0.121301,-0.184568,0.047754,0.005491,0.039629,4.892626
216358873162,0.452378,0.318711,-0.076742,0.055062,0.013262,0.027099,4.923721
216458900381,0.636182,0.258849,0.155417,0.124379,-0.002653,0.062364,4.801813
216558927599,1.140272,-0.177723,0.140326,0.119422,-0.022552,0.075874,4.634723
216658954817,-0.158308,-0.298966,-0.107312,0.144805,-0.008999,0.072967,4.667307
216758982035,-0.041883,0.019821,-0.192405,0.182219,0.001208,0.099480,4.719041
216859009254,-0.850066,0.277552,-0.092975,0.142729,0.017304,0.094658,4.653393
216959036472,-1.328938,0.271589,-0.092967,0.190812,0.014723,0.119616,4.595104
217059063690,0.771350,-0.214889,0.043321,0.169254,0.004200,0.100557,4.627345
217159090909,1.345527,0.117890,-0.097791,0.116656,0.012155,0.064728,4.509293
217259118127,0.683694,0.195749,-0.138917,-0.026816,0.016073,-0.021303,4.496176
217359145345,-0.654801,0.012471,-0.226358,-0.027885,0.007014,-0.013531,4.539556
217459172563,-0.417078,0.152454,-0.155990,0.067247,0.002790,0.035837,4.430104
217559199782,-0.340450,0.210405,-0.103407,0.018740,0.015181,0.004931,4.379211
217659227000,-0.019558,0.641693,0.027852,-0.048647,0.003377,-0.027923,4.353107
217759254218,0.110501,1.133361,0.069720,-0.044193,-0.019228,-0.021674,4.439034
217859281437,0.092717,0.389493,-0.164362,-0.027459,-0.015299,-0.024641,4.390303
217959308655,-0.022439,-0.293023,-0.114662,-0.030593,-0.000996,-0.015181,4.239967
218059335873,0.358528,-0.044019,0.105222,-0.018748,-0.000795,-0.004695,4.255447
218159363091,0.077340,0.144544,-0.039684,-0.044690,-0.011691,-0.037420,4.259834
218259390310,-0.326072,0.393307,-0.091722,-0.000270,-0.008813,-0.011516,4.204150
218359417528,-0.155523,0.799496,0.004642,0.022165,0.000198,-0.008070,4.207318
218459444746,-0.288930,0.564442,-0.023784,0.043452,0.007319,-0.000076,4.173361
218559471965,0.100422,0.081270,-0.088268,0.041626,-0.003390,0.008812,4.133602
218659499183,-0.161710,0.197837,-0.091414,0.050251,-0.022036,0.012307,4.129339
218759526401,0.146838,0.261222,-0.090006,0.085116,-0.024916,0.036620,4.033151
218859553620,0.309370,0.226988,-0.060873,0.053391,-0.014287,0.038014,3.998990
218959580838,-0.205254,0.562593,0.015377,0.048894,0.000821,0.017275,3.974652
219059608056,0.176036,0.229230,-0.045237,-0.011512,-0.000222,-0.034302,3.945710
219159635274,-0.260417,-0.111791,-0.155153,-0.025373,-0.000540,-0.022228,3.965995
219259662493,0.033594,0.701390,0.014709,-0.047439,-0.004270,-0.045710,3.863873
219359689711,0.173803,0.988787,0.087856,-0.042302,-0.013451,-0.040565,3.980600
219459716929,0.072531,0.489762,-0.109749,-0.035084,-0.014424,-0.020796,3.982392
219559744148,0.075376,0.320272,-0.062278,-0.027609,-0.000370,-0.025156,3.761239
219659771366,0.037043,0.696593,0.049678,-0.007506,-0.015221,-0.003852,3.745161
219759798584,-0.285401,0.785401,-0.025758,-0.022915,-0.005023,-0.019214,3.671748
219859825802,-0.154501,0.577876,-0.026878,-0.021474,0.005405,-0.022143,3.768366
219959853021,0.164948,-0.055034,-0.166279,-0.022390,0.015156,-0.013668,3.670425
220059880239,0.024333,0.188780,-0.196824,0.022910,0.012124,0.009750,3.561148
220159907457,0.142297,0.481187,0.020924,0.070056,-0.003692,0.036402,3.704595
220259934676,0.201707,0.125099,-0.028453,0.039325,-0.000742,0.033749,3.762412
220359961894,0.253921,0.066060,-0.023757,0.043642,0.006776,0.017845,3.715576
220459989112,0.169660,0.400548,-0.079029,0.014071,-0.018159,-0.003539,3.743213
220560016330,-0.214452,0.427370,-0.031019,-0.010385,0.002717,-0.012119,3.767609
220660043549,-0.149287,0.594757,0.077843,0.010706,0.011350,0.015399,3.731422
220760070767,-0.181121,0.237003,-0.144041,-0.019511,-0.016653,0.002764,3.688251
220860097985,-0.209434,0.006153,-0.294642,-0.025344,-0.018190,-0.017640,3.627982
220960125204,-0.463237,0.299994,-0.218311,-0.051451,-0.001551,-0.034376,3.672544
221060152422,-0.431861,0.569564,-0.112150,-0.063678,-0.002454,-0.044331,3.693038
221160179640,-0.009468,0.617695,-0.033823,-0.048345,0.013535,-0.025184,3.616718
221260206859,0.110931,1.125388,0.044094,-0.008452,0.029235,0.015942,3.683749
221360234077,0.043217,0.829598,-0.151161,-0.002566,0.007056,0.015383,3.601801
221460261295,0.057794,2.645805,0.057417,0.008689,-0.026323,0.021823,3.571915
221560288513,0.419404,4.524616,0.476824,0.013719,-0.045830,0.013235,3.591428
221660315732,0.129181,2.581510,0.087265,-0.010124,-0.035729,0.000366,3.635545
221760342950,0.110151,3.585416,0.319595,-0.005261,-0.003468,0.004640,3.569840
221860370168,0.158603,4.831898,0.626711,-0.067505,0.019584,-0.047550,3.556681
221960397387,-0.744939,1.416988,-0.146036,-0.052049,0.001355,-0.019216,3.554127
222060424605,0.082385,2.342137,0.200541,0.038396,-0.048117,0.034459,3.589655
222160451823,0.273730,3.504730,0.283744,-0.016883,-0.020094,0.005164,3.492136
222260479041,-0.341246,2.323841,-0.075959,0.017229,0.009408,0.040813,3.457048
222360506260,0.436718,1.976065,0.110308,0.004619,0.023787,0.013955,3.611547
222460533478,-0.029458,1.620257,0.396143,0.085086,0.011598,0.036915,3.673251
222560560696,0.734651,1.394826,0.257879,0.133160,-0.004586,0.082980,3.764158
222660587915,0.945607,1.979461,0.311274,0.032920,-0.004620,0.013609,3.925763
222760615133,1.109041,2.059763,0.215456,0.093003,-0.015295,0.046386,4.123261
222860642351,0.592587,1.909997,-0.054729,-0.020433,-0.015230,0.005972,4.312856
222960669569,-0.931707,2.009104,0.025713,-0.059483,0.045594,-0.003667,4.510677
223060696788,-0.429894,1.969596,0.163830,-0.006364,0.038310,0.057060,4.745998
223160724006,-0.362774,2.135910,0.398637,0.127211,0.008953,0.080469,4.933467
223260751224,0.614320,1.996414,0.138826,0.247970,0.001887,0.141748,5.139604
223360778443,0.891287,2.049895,0.315155,0.119486,0.029860,0.152301,5.298142
223460805661,0.614505,1.884316,0.507009,0.122339,-0.008754,0.052573,5.395472
223560832879,0.302799,1.816583,0.043690,-0.028653,0.010610,-0.009269,5.563918
223660860097,-0.677967,1.023583,-0.162129,-0.064238,-0.023312,-0.030492,5.756070
223760887316,0.109544,1.569621,0.220080,0.004624,0.000554,-0.003782,5.865253
223860914534,-0.711261,1.508256,0.189004,-0.140442,0.034519,-0.038492,6.028169
223960941752,-0.634626,0.511136,0.670390,0.064466,0.038487,0.010740,6.198382
224060968971,3.071338,0.251979,0.604642,0.017182,0.024031,0.082020,6.215715
224160996189,1.163777,0.524223,-0.271724,0.239457,-0.005425,0.219701,6.445512
224261023407,2.218000,1.960721,-0.155341,0.316705,0.032734,0.212867,6.548972
224361050626,0.011644,1.321567,-0.369183,0.353704,-0.010517,0.227827,6.641338
224461077844,0.667728,0.672741,-0.294576,0.389731,0.004312,0.224988,6.842482
224561105062,-1.218450,1.116792,-0.312275,0.369618,0.002459,0.231448,6.933841
224661132280,-2.031846,0.010835,-0.181324,0.462320,-0.009968,0.199520,7.072946
224761159499,-2.650538,-0.127825,-0.194821,0.161690,0.051581,0.037590,7.221086
224861186717,-1.789050,0.450647,-0.248506,0.114301,0.021350,0.086710,7.319993
224961213935,1.441098,1.002398,0.191577,0.283470,-0.016533,0.132141,7.439260
225061241154,0.333161,1.183242,0.370927,0.065728,0.025383,-0.064523,7.594864
225161268372,1.610881,0.451419,0.476460,-0.266839,0.066768,-0.195550,7.618303
225261295590,1.159227,0.657957,0.262474,-0.284322,-0.000423,-0.139960,7.612887
225361322808,0.561927,0.968052,-0.196210,-0.121806,-0.016185,-0.102460,7.586251
225461350027,0.150145,0.808551,-0.109968,-0.059974,-0.064637,-0.101131,7.608317
225561377245,-0.089172,0.906798,-0.311829,-0.069088,-0.081373,-0.048714,7.564914
225661404463,-1.374953,1.129672,-0.389643,-0.164552,0.007525,-0.090580,7.581658
225761431682,-0.908735,1.192869,-0.116645,-0.253458,0.042036,-0.126436,7.658482
225861458900,2.156886,0.821019,0.474285,-0.175250,0.023640,-0.062544,7.659922
225961486118,1.811866,0.682837,0.366615,-0.024783,-0.021739,0.018854,7.681636
226061513336,1.133955,0.747224,-0.206904,-0.105921,-0.019192,-0.045005,7.713116
226161540555,0.121288,0.489974,-0.340469,-0.115680,0.024776,-0.086201,7.759574
226261567773,-1.635304,0.653565,-0.431633,-0.077150,0.098910,-0.111849,7.761057
226361594991,-1.977427,1.062601,-0.350386,-0.071945,0.002889,-0.041469,7.835424
226461622210,-0.071978,0.929636,-0.586780,-0.159693,-0.041539,-0.078402,7.868174
226561649428,-2.099662,1.782307,-0.080350,-0.372745,0.001163,-0.165099,7.912456
226661676646,-2.835372,1.800564,0.504606,0.139605,-0.012849,0.124651,7.956427
226761703864,2.843242,0.957272,0.025225,0.208031,-0.025800,0.127392,7.966596
226861731083,0.183131,0.764792,-0.395527,0.465199,-0.040552,0.216737,8.001551
226961758301,2.631519,-0.252782,0.471513,0.752676,-0.053116,0.387584,8.043241
227061785519,3.213719,0.371827,0.385585,0.403780,-0.005377,0.260738,8.149108
227161812738,-1.440024,1.636464,-0.916668,0.550091,0.019253,0.304917,8.223281
227261839956,-5.050105,1.504248,-1.272403,0.148535,0.020854,0.024675,8.240073
227361867174,-3.468726,1.906898,-0.821090,0.295408,-0.015354,0.177389,8.301460
227461894393,0.600001,1.217009,-0.121900,-0.140252,-0.013184,-0.050325,8.406232
227561921611,-2.801787,1.274165,-0.298840,-0.087597,-0.000419,-0.033914,8.529387
227661948829,-2.766711,0.820143,-0.473991,-0.293611,0.020434,-0.186533,8.548603
227761976047,-3.360828,1.056551,-0.356740,-0.337723,0.040280,-0.182171,8.613668
227862003266,0.255253,0.557325,0.000532,0.175524,0.031615,0.107171,8.712708
227962030484,-1.214855,-0.000983,-0.237837,-0.108475,0.010933,-0.035871,8.824479
228062057702,0.761276,0.490623,-0.193831,-0.360596,0.003194,-0.210891,8.878103
228162084921,0.516896,-0.184708,0.077103,-0.350049,-0.018333,-0.236855,8.898625
228262112139,-2.194514,1.306918,0.088944,-0.172741,0.018093,-0.108782,8.951581
228362139357,-3.086186,0.758143,-0.401890,-0.236149,0.025137,-0.136963,8.991271
228462166575,-0.483380,0.877898,0.001831,-0.091514,-0.008071,-0.073982,9.055950
228562193794,1.897308,-0.518821,0.213998,-0.127221,-0.002897,-0.110973,9.081880
228662221012,1.498732,-1.725866,0.010049,0.110806,0.042311,0.060872,9.063290
228762248230,1.710841,0.030674,0.085921,0.100962,0.048047,0.031748,9.134712
228862275449,-0.624320,0.355573,-0.149580,-0.185565,0.036066,-0.123828,9.047952
228962302667,-0.938179,-0.096331,-0.399557,-0.089022,0.044470,-0.042209,9.036375
229062329885,-0.959196,0.218990,0.064516,0.114614,0.067407,0.088699,9.140007
229162357103,0.392394,-0.923179,0.106897,0.074888,0.026360,0.074943,9.065395
229262384322,0.057341,-1.388326,-0.149324,0.204941,0.044831,0.169296,9.077249
229362411540,0.962447,-0.240665,-0.681349,0.177234,0.036338,0.106289,9.089460
229462438758,-0.001694,0.141115,0.326166,0.163008,0.081676,0.116550,9.105519
229562465977,1.366504,0.782154,0.907145,0.237790,0.006734,0.202201,9.083635
229662493195,-0.091311,-0.767172,0.811484,0.112518,0.013277,0.094410,9.081421
229762520413,-1.734265,-0.087614,0.039926,0.153231,0.071165,0.147251,9.218026
229862547632,-0.880824,1.663474,-0.179252,-0.009397,0.072325,0.103374,9.186518
229962574850,-0.491815,1.344873,-0.151038,-0.110934,0.071203,-0.014618,9.137099
230062602068,0.280544,0.548075,0.273338,-0.044516,0.082834,-0.026937,9.246381
230162629286,-0.566378,0.001870,-0.287346,-0.066513,0.075504,-0.059391,9.257537
230262656505,2.880417,-1.461250,-0.102454,-0.478521,0.037864,-0.218553,9.263039
230362683723,-0.993001,1.135288,0.298685,-0.701876,0.021448,-0.418032,9.306525
230462710941,-2.660683,2.062127,-0.157362,-0.306798,-0.051045,-0.225102,9.313729
230562738160,-2.128438,0.025280,-0.315499,-0.168402,-0.035628,-0.114182,9.402887
230662765378,0.390713,-0.282324,0.141106,-0.186662,0.057334,-0.078034,9.398428
230762792596,1.329922,-1.053285,-0.020292,-0.308982,0.071688,-0.148953,9.442767
230862819814,2.058785,-0.482013,-0.072090,-0.149039,0.010978,-0.119818,9.555263
230962847033,0.601269,0.560071,-0.043188,-0.140299,-0.047016,-0.101513,9.514108
231062874251,0.172455,0.334140,-0.457635,-0.085733,-0.019270,-0.038517,9.583960
231162901469,1.360446,-0.117328,-0.027829,-0.087303,-0.029496,-0.060420,9.548569
231262928688,2.315579,0.005133,0.092463,0.016766,-0.063145,-0.033933,9.593923
231362955906,0.586659,-0.977895,0.005713,0.049079,-0.014940,-0.034287,9.802443
231462983124,0.537116,0.214748,-0.246704,0.026183,-0.030468,-0.070306,9.916923
231563010342,1.267363,1.199405,-0.193990,0.074453,-0.009300,0.012423,10.015802
231663037561,-0.115391,-0.179839,-0.160325,0.064407,-0.017828,0.024564,10.096809
231763064779,-0.719707,-0.649372,0.349410,0.104101,-0.028300,0.052193,10.118564
231863091997,0.100653,-0.978005,0.217076,-0.039658,-0.040180,-0.076439,10.115619
231963119216,-1.017760,-0.840005,-0.208601,-0.097278,-0.002327,-0.119053,10.145141
232063146434,0.244252,-0.226848,-0.251322,0.064382,0.060376,0.042844,10.170204
232163173652,1.114971,-0.157449,-0.565463,0.088902,0.063595,0.012931,10.112119
232263200870,1.798905,-1.275262,0.276029,-0.109247,0.014769,-0.186149,10.199353
232363228089,-0.395504,-1.125000,0.070371,-0.054097,0.059031,-0.001924,10.128145
232463255307,-0.950911,-0.676128,-0.019176,0.011304,0.038546,0.042389,10.113351
232563282525,0.001043,-0.371882,-0.148248,0.032199,0.053705,-0.000832,10.199814
232663309744,0.585987,-0.549597,0.012941,0.118869,0.046113,0.006236,10.109294
232763336962,2.417000,-0.984213,-0.705899,0.289161,0.087321,0.078263,10.042343
232863364180,2.641389,-2.314806,-0.148617,-0.019325,0.064754,-0.119071,10.106420
232963391399,-0.298592,-1.432886,-0.306244,0.053149,0.058658,-0.023852,10.067514
233063418617,-1.754184,-0.563956,-0.345467,0.126068,0.050933,0.037778,9.964346
233163445835,0.352044,-0.776311,-0.501641,0.295465,0.054491,0.112438,9.893871
233263473053,2.260932,-2.394868,-0.021180,0.111197,0.106258,0.010146,9.855953
233363500272,1.119087,-1.992613,0.033102,0.011592,0.046741,-0.053690,9.880331
233463527490,2.295029,-1.746390,-0.092193,0.013458,0.056777,-0.059927,9.850413
233563554708,2.407238,-0.735888,0.094247,-0.002647,0.008190,-0.114358,9.811882
233663581927,1.186568,-0.955336,0.365526,0.169130,-0.032794,-0.028319,9.781208
233763609145,1.017394,-1.735517,0.411540,0.199315,-0.029787,-0.019290,9.636546
233863636363,2.341669,-1.434161,0.028837,0.346416,-0.025641,0.022759,9.691162
233963663581,4.831834,-2.241636,0.175460,0.292771,-0.048443,-0.016902,9.667559
234063690800,3.431399,-1.965540,-0.196174,0.516727,-0.017820,0.114014,9.657766
234163718018,4.348862,-2.746460,0.078075,0.530894,0.021726,0.119418,9.624773
234263745236,1.318545,-1.254720,-0.100559,0.708515,-0.009806,0.244087,9.489119
234363772455,2.995067,-1.742103,-0.158675,0.740356,-0.000663,0.238184,9.469375
234463799673,1.528817,-1.412848,-0.216075,0.690585,0.030325,0.230265,9.456021
234563826891,2.627130,-1.347485,-0.044517,0.681262,0.042451,0.240185,9.336470
234663854109,1.514650,-1.026890,-0.317129,0.681820,0.007757,0.171615,9.322215
234763881328,3.294042,-2.147318,0.294542,0.736547,-0.017885,0.251737,9.314703
234863908546,4.483446,-1.933053,0.024369,0.666966,0.000638,0.188606,9.286826
234963935764,6.115053,-2.417332,0.009751,0.782793,0.022145,0.218535,9.223569
235063962983,3.369398,-1.618570,0.108064,0.693535,0.028891,0.170746,9.199284
235163990201,3.136987,-0.729901,0.087805,0.748821,0.015872,0.190214,9.132255
235264017419,3.901914,-0.215966,0.547494,0.403178,0.018366,0.007286,9.029172
235364044637,1.351905,-0.224181,-0.175912,0.499631,0.005156,0.056471,8.965069
235464071856,4.349760,0.498066,0.333128,0.794202,-0.043010,0.176910,8.904750
235564099074,2.823677,0.442242,0.330347,0.691466,-0.012365,0.134287,8.890327
235664126292,3.485717,4.661183,0.210871,0.131163,0.022714,-0.191185,8.840891
235764153511,2.140658,4.360197,-0.051852,0.123369,0.040758,-0.178049,8.788259
235864180729,-0.024962,6.775280,0.435981,-0.011554,0.117659,-0.248317,8.753648
235964207947,0.307099,4.383749,0.036167,-0.061848,0.070419,-0.264119,8.706332
236064235166,0.156679,1.587980,-0.258483,0.380457,0.013178,-0.025996,8.690870
236164262384,0.654142,0.378873,-0.330828,0.216253,0.017957,-0.131195,8.568993
236264289602,-0.934589,2.909502,-0.175645,0.057277,0.054911,-0.212062,8.581076
236364316820,-1.341865,1.603257,-0.482298,0.045693,0.112872,-0.183432,8.585556
236464344039,-1.617937,3.289732,0.750048,-0.031762,0.176187,-0.185826,8.581108
236564371257,-0.716297,1.718335,-0.211428,-0.067879,0.127455,-0.221256,8.502243
236664398475,-0.662930,5.424211,-0.106663,-0.452446,0.039646,-0.354218,8.539278
236764425694,0.493977,-1.896846,0.474238,-0.937373,0.009017,-0.767471,8.574775
236864452912,-1.303964,-4.262749,0.231458,-0.357024,0.013291,-0.421852,8.564833
236964480130,-1.292940,6.515441,1.106595,-0.722267,0.024161,-0.526352,8.668194
237064507348,-1.305765,5.913315,0.298826,-0.894287,0.076599,-0.653211,8.680239
237164534567,-1.036739,7.407128,0.502894,-0.686946,0.032534,-0.550736,8.625959
237264561785,0.318729,5.004529,0.133357,0.411173,-0.045384,0.112203,8.658421
237364589003,-1.933833,4.396983,0.446838,0.452978,-0.032897,0.172814,8.670109
237464616222,-0.554745,-1.165956,-0.094063,0.545929,-0.038447,0.271916,8.724048
237564643440,0.082757,1.060047,-0.072512,0.601332,-0.034504,0.319059,8.794866
237664670658,-0.815035,-1.138266,-0.043916,0.399022,0.001831,0.223645,8.881647
237764697876,-0.012751,-2.058259,-0.584075,0.469903,-0.011133,0.269854,8.984011
237864725095,1.923768,-2.742079,-0.819493,0.106613,0.044522,0.065507,9.073039
237964752313,-1.801855,-1.410467,-0.294366,0.207418,0.050175,0.117691,9.111118
238064779531,-1.358423,2.284691,0.172028,-0.049590,0.037715,-0.017070,9.165955
238164806750,0.961786,-0.448290,-0.128483,-0.015199,-0.012855,-0.001294,9.316728
238264833968,-1.612525,0.701162,-0.056796,-0.191899,-0.023186,-0.134811,9.448183
238364861186,-1.442859,-1.051960,-0.594593,-0.180839,0.021216,-0.115524,9.512243
238464888405,-0.593144,0.275085,-0.914097,-0.210546,-0.004198,-0.100513,9.615655
238564915623,-0.439353,-0.618899,0.097035,-0.334989,-0.000374,-0.207638,9.693530
238664942841,-0.689850,-1.126913,-0.257336,-0.125458,-0.005547,-0.136799,9.811383
238764970059,-1.575667,-0.827569,-0.451173,-0.110291,0.009392,-0.052811,9.882895
238864997278,-1.427920,-0.498010,-0.000652,0.024692,0.007856,0.027785,10.019411
238965024496,-1.726411,0.668035,0.161764,0.003996,-0.008623,-0.031446,10.121110
239065051714,-0.857265,-0.087997,0.109740,-0.061367,-0.016247,-0.062868,10.165632
239165078933,-0.070292,-0.068859,-0.193917,-0.088656,0.008209,-0.060533,10.269122
239265106151,-0.892809,-0.984629,-0.383110,-0.022690,-0.061889,-0.048917,10.410806
239365133369,-1.012080,0.081523,-0.337568,-0.149812,-0.063212,-0.100884,10.475947
239465160587,-1.300193,-0.862728,-0.660452,-0.270079,0.010332,-0.126147,10.566064
239565187806,0.052615,-1.902958,-0.369415,-0.087502,0.024365,0.008206,10.700539
239665215024,0.124314,-1.733630,-0.238957,-0.099332,-0.000050,-0.064165,10.743817
239765242242,-0.642730,-1.290469,-0.357881,0.043726,-0.028228,0.040718,10.851298
239865269461,-0.491407,-0.056359,-0.224254,0.026712,-0.006040,0.015206,10.992856
239965296679,-0.325832,-0.867730,-0.146720,0.097733,0.020600,0.041224,11.073583
240065323897,-0.579611,-0.854999,-0.230669,0.028715,0.011631,0.032667,11.200840
240165351115,-0.089619,-1.131050,-0.086723,0.097112,-0.010587,0.080198,11.286193
240265378334,-0.577172,-0.004315,0.135814,0.060046,-0.000339,0.047302,11.321269
240365405552,0.096581,0.925409,-0.140765,-0.037569,0.035289,-0.054214,11.448403
240465432770,-0.637800,-0.590836,-0.045915,-0.091922,0.037556,-0.100831,11.528903
240565459989,-0.475499,-0.679670,-0.244322,-0.084687,-0.010719,-0.062051,11.619441
240665487207,-0.533980,-2.070142,-0.054776,-0.221954,-0.030921,-0.150361,11.794920
240765514425,-1.303060,-0.373795,-0.384421,-0.073564,-0.087762,-0.107401,11.866274
240865541643,-1.312880,1.865038,0.232604,-0.199280,-0.073374,-0.138961,11.928663
240965568862,-0.258291,-1.235736,-0.512934,-0.408611,0.035107,-0.205061,12.079681
241065596080,-1.271648,1.096693,-0.954475,-0.156749,0.074257,-0.024126,12.172738
241165623298,-0.115422,-1.733052,0.203462,0.323543,0.097445,0.285994,12.236830
241265650517,0.090699,0.310115,-0.081721,0.408333,0.059138,0.255062,12.348567
241365677735,-0.019928,-1.975833,0.263853,0.339584,0.053727,0.235278,12.497696
241465704953,-0.780492,-1.098673,-0.213918,0.371096,0.063249,0.284676,12.533511
241565732172,-0.616395,-1.509427,-0.419759,-0.073762,-0.014161,-0.004922,12.643668
241665759390,-0.491934,-1.068024,-0.112902,-0.035916,-0.038570,0.014338,12.720542
241765786608,-0.379950,1.607866,-0.035489,-0.126336,0.021588,-0.082407,12.853598
241865813826,-0.663376,-0.822591,-0.151421,0.097342,0.000787,-0.038838,12.978853
241965841045,-0.266115,-0.074126,0.115680,0.175120,-0.029661,0.057934,13.041640
242065868263,-0.263889,-0.934970,-0.063055,0.134680,-0.026254,0.127167,13.157407
242165895481,-0.206716,-0.419255,0.052900,0.177472,-0.018593,0.064473,13.222068
242265922700,-0.951994,-1.600570,-0.334160,0.132702,-0.079354,-0.046726,13.321181
242365949918,-0.882467,-0.236406,-0.308189,0.244429,0.009753,0.115834,13.461952
242465977136,-0.017173,0.572423,-0.888368,0.149684,0.096857,0.155669,13.537674
242566004354,0.457731,-1.208232,-0.699114,0.170801,0.047608,0.090071,13.641050
242666031573,-0.812316,0.639527,-0.060132,-0.028881,-0.076102,-0.091128,13.745089
242766058791,-0.375934,0.260698,0.488842,-0.118731,-0.035652,-0.054541,13.830416
242866086009,0.314940,0.691035,0.225734,-0.225205,0.082468,-0.095119,13.925709
242966113228,0.380012,-2.106613,-0.429428,-0.323213,0.067710,-0.230492,14.016196
243066140446,-0.352920,-1.750222,-0.844574,-0.283792,0.169292,-0.075797,14.123634
243166167664,-2.025604,-0.444406,-1.707948,0.005226,0.184295,0.048774,14.229505
243266194882,-2.848131,-0.229512,-1.214290,-0.051853,0.089362,0.144221,14.354993
243366222101,1.079908,-1.751227,1.718877,-0.232686,-0.196008,-0.192490,14.444437
243466249319,-0.141234,-1.143771,0.648987,-0.108450,-0.153244,-0.207854,14.559412
243566276537,-1.621005,-1.641790,-1.736463,-0.278928,0.137098,-0.049151,14.634744
243666303756,-0.708576,-2.423661,-1.871319,0.034455,-0.023841,-0.073513,14.728453
243766330974,-0.073615,-5.974026,-1.164582,0.444151,-0.171436,0.166642,14.863226
243866358192,-0.616082,-1.544986,-0.048387,-0.330390,-0.035147,-0.161359,15.018575
243966385410,-0.704770,-3.094661,-0.432771,-0.452263,0.082175,-0.276357,15.122107
244066412629,-1.173855,-0.371880,-0.425991,0.082249,0.063059,0.088556,15.139012
244166439847,-0.459476,-2.069375,0.017577,-0.179234,-0.008233,-0.084902,15.196088
244266467065,-0.106495,1.004734,0.100757,-0.371909,-0.039501,-0.201046,15.367264
244366494284,0.701740,1.749253,0.412460,-0.423662,0.006942,-0.266496,15.491805
244466521502,0.226054,1.170807,-0.066828,-0.174310,-0.027706,-0.109577,15.603519
244566548720,-0.608788,-0.000946,0.208496,-0.103386,-0.011979,-0.068552,15.776436
244666575939,-0.336070,-1.683194,-0.408199,0.002404,-0.049499,-0.037521,15.799965
244766603157,-1.168426,-2.609211,-0.106478,-0.204011,-0.025738,-0.069632,15.837537
244866630375,-0.865111,-0.867722,0.033435,-0.062152,0.053093,0.069944,15.984288
244966657593,-1.240521,3.300236,-0.246604,-0.462497,0.002294,-0.110478,16.128414
245066684812,-0.972996,3.893960,0.075628,0.137407,0.005917,0.194481,16.208343
245166712030,0.470544,3.216324,0.068181,0.070432,-0.028173,-0.002038,16.279017
245266739248,-0.062664,-2.690520,-0.464285,0.350152,-0.095675,0.209153,16.384346
245366766467,-0.527485,-1.052364,-0.395565,0.330825,-0.026262,0.185448,16.500670
245466793685,-0.196060,-2.738630,-0.288991,0.491898,0.061402,0.259838,16.610507
245566820903,-0.685145,-0.127082,-0.151589,0.524395,-0.014108,0.304654,16.696784
245666848121,-1.090721,-2.477203,-0.245791,0.246275,-0.065038,0.077809,16.770038
245766875340,-0.275315,-1.384067,0.467742,0.260405,-0.093123,0.130962,16.902376
245866902558,-0.138204,2.156841,1.054532,0.397795,-0.065561,0.201296,17.004244
245966929776,-0.440928,1.005857,0.273243,0.146329,0.032716,0.083509,17.119712
246066956995,0.125130,2.114657,-0.168865,-0.180803,0.034802,-0.115340,17.162954
246166984213,-1.097224,1.028177,-0.349150,-0.427863,0.032161,-0.207888,17.250326
246267011431,-0.806196,4.382325,-0.228905,-0.285550,0.040502,-0.116995,17.405947
246367038649,0.722228,-0.050045,0.126343,-0.462186,-0.069486,-0.372212,17.485878
246467065868,-0.537075,-2.646361,-0.523253,-0.201145,-0.072732,-0.230926,17.579093
246567093086,-0.701144,-3.038352,-0.798217,-0.261967,0.016048,-0.177962,17.691387
246667120304,-0.970497,-2.347113,-0.036080,-0.342608,-0.013432,-0.140300,17.760505
246767147523,-1.347387,1.009092,0.438800,-0.142863,-0.017316,0.010263,17.842786
246867174741,-0.702203,0.413634,-0.099328,0.297351,-0.035348,0.130588,17.988451
246967201959,-0.880771,1.592132,-0.359922,0.230902,0.035595,0.112760,18.093730
247067229178,0.459484,-1.163586,-0.734960,0.317492,0.038563,0.178945,18.136917
247167256396,0.872312,-0.533136,-0.887111,0.235778,0.036376,0.103468,18.238775
247267283614,-1.788855,-0.696084,-0.594351,0.081040,-0.014262,0.090646,18.314167
247367310832,0.822480,-1.124375,-0.054126,0.149968,-0.012489,0.076094,18.400313
247467338051,1.703330,-0.966223,-0.026536,0.071391,0.004898,0.029813,18.585201
247567365269,-0.200635,-0.054923,-0.181950,-0.061118,-0.004914,0.007986,18.612210
247667392487,-0.314029,-0.345454,0.012441,0.044954,0.035847,0.034830,18.702508
247767419706,-0.308366,-0.390756,0.452134,0.018886,-0.041223,-0.034307,18.858823
247867446924,0.191703,-1.269259,1.056601,0.115974,0.062836,0.043804,18.908618
247967474142,-0.759545,-0.887800,-0.401426,0.218980,0.057001,0.166543,18.994731
248067501360,-0.458282,0.395917,-0.150048,0.154535,-0.069080,-0.021619,19.060299
248167528579,-0.964060,1.080526,0.427790,-0.090916,-0.085593,-0.218284,19.121278
248267555797,-0.612670,2.070534,0.499977,-0.241971,-0.110249,-0.327853,19.226818
248367583015,0.433248,-1.129302,-0.556567,-0.416490,0.073965,-0.222984,19.352467
248467610234,0.370314,-2.791500,-1.244678,-0.257162,0.058734,-0.014159,19.415674
248567637452,-0.544537,-4.425435,-0.454135,-0.418495,0.017962,-0.306325,19.453730
248667664670,-0.580082,0.288969,-0.207142,-0.293798,-0.010836,-0.218447,19.559044
248767691888,-1.544721,1.672387,-1.702864,-0.901165,0.071899,-0.501669,19.678833
248867719107,-2.478244,8.479239,-0.415046,-0.687416,0.220779,-0.099252,19.724405
248967746325,-1.050728,-2.942028,-0.080810,-1.318858,0.040126,-0.851977,19.811690
249067773543,0.214093,-9.059811,-0.971621,-1.267141,0.031616,-0.910402,19.922273
249167800762,1.355027,-7.272577,-0.989126,-0.909593,0.042896,-0.603852,19.999428
249267827980,0.920051,-6.644843,-0.665905,-1.205394,0.083834,-0.663836,20.081799
249367855198,-1.077735,3.885984,1.450961,-0.433612,-0.022403,-0.262916,20.210067
249467882416,-1.048627,2.202321,-0.273977,-0.461165,0.134953,-0.226558,20.248082
249567909635,0.100136,4.555109,0.123144,0.175416,0.066093,0.189874,20.313308
249667936853,-0.203244,0.740705,-0.079744,0.574786,-0.059053,0.363658,20.380646
249767964071,-1.001579,3.201566,-0.296655,0.677283,0.044640,0.384680,20.522678
249867991290,-0.748403,0.941589,0.017024,0.127194,0.054504,0.265523,20.585344
249968018508,0.630746,-2.670158,0.268065,0.031018,0.087214,-0.123770,20.663087
250068045726,0.398986,0.700856,-0.337258,0.526053,0.043408,0.344849,20.724217
250168072945,-0.207909,-4.179468,-0.919823,-0.166000,0.048601,0.062662,20.800024
250268100163,0.179370,-1.494493,0.620764,-0.559423,0.054399,-0.328515,20.828676
250368127381,-0.054953,-4.282941,-0.126256,-0.764264,-0.003716,-0.363266,20.943872
250468154599,0.386126,-0.989848,-0.580810,-0.226036,0.014730,0.043214,21.000706
250568181818,1.342928,3.741557,-0.185560,-0.398528,0.020706,-0.274942,21.077702
250668209036,-0.176569,4.093980,-1.803374,0.059580,-0.065051,-0.041237,21.089182
250768236254,0.669788,4.152515,0.616774,-0.058719,-0.120799,-0.102215,21.129233
250868263473,1.128638,-2.626534,0.328071,0.425691,-0.052694,0.193559,21.258105
250968290691,1.399635,-0.174712,0.088463,0.466021,-0.009565,0.257233,21.311118
251068317909,0.921056,-3.373534,-0.751041,-0.096297,-0.136976,-0.060568,21.362966
251168345127,1.077997,0.316640,-0.035540,0.343993,-0.206517,0.251666,21.420284
251268372346,1.642021,-2.906977,-0.100415,0.484394,-0.118867,0.182110,21.289680
251368399564,1.018411,0.305236,-0.322210,0.486189,0.023258,0.365968,21.390853
251468426782,0.940484,2.204301,-0.310426,0.123830,0.033425,0.145592,21.394380
251568454001,0.698969,4.302907,-1.095277,0.325124,0.109113,0.340418,21.378445
251668481219,2.329449,0.362254,0.453188,0.093810,0.207876,0.354691,21.417190
251768508437,1.353006,-0.484346,-0.842675,0.120140,0.092454,0.073960,21.442719
251868535655,0.685309,-0.040073,-1.365421,-0.110418,0.085653,-0.136939,21.436443
251968562874,2.503337,-2.731898,0.172952,-0.064915,-0.056041,-0.089143,21.505007
252068590092,1.081454,-3.835438,-0.101069,0.209492,-0.086651,0.181446,21.547844
252168617310,1.580063,-3.521447,-0.268830,-0.245371,0.060832,0.016397,21.486758
252268644529,0.990464,2.397790,-0.006422,0.164543,-0.014262,0.135343,21.489932
252368671747,1.863314,0.873695,0.745593,0.131856,-0.065386,0.054475,21.502329
252468698965,1.242331,1.442324,1.441112,0.301439,-0.224408,-0.038571,21.477639
252568726183,-1.091096,2.692173,-0.080610,-0.022480,-0.164337,-0.149256,21.448427
252668753402,0.400572,-1.311721,-0.634825,-0.067210,0.055481,-0.059023,21.382896
252768780620,3.054573,1.226999,-0.006322,-0.303339,0.155945,-0.128316,21.341851
252868807838,2.618860,-0.972544,-0.203519,-0.370981,0.058253,-0.124846,21.279189
252968835057,1.920639,-0.743598,0.386832,-0.256508,0.006969,-0.127266,21.296720
253068862275,2.365537,1.334919,-0.094595,-0.253636,-0.088242,-0.137179,21.269820
253168889493,1.828937,0.733470,-0.752674,0.116682,-0.139491,0.014242,21.217315
253268916712,-0.918843,3.350588,-0.142770,-0.114794,-0.111061,-0.010348,21.158260
253368943930,2.152912,-1.244090,1.114207,-0.584800,-0.121185,-0.396195,21.073133
253468971148,2.919654,-1.705397,0.517545,-0.173483,-0.061925,-0.268834,20.970128
253568998366,2.517840,-2.286486,-0.459788,-0.161964,-0.003414,-0.097387,20.894970
253669025585,-0.529649,0.093558,0.505518,0.107101,-0.046994,0.108424,20.831820
253769052803,0.570020,1.296531,0.232479,-0.056624,-0.063172,-0.046244,20.581385
253869080021,0.283489,2.612269,-0.098840,0.108493,0.070349,0.059356,20.538884
253969107240,1.330723,-1.165353,-0.352314,0.388312,0.050694,0.252148,20.523111
254069134458,1.458003,-2.193500,-1.102535,0.360234,-0.041070,0.195215,20.390585
254169161676,1.199705,-1.423173,-0.585588,0.071307,0.051486,-0.064148,20.318483
254269188894,-0.320648,0.257454,-0.170661,0.068036,0.035618,0.118499,20.222403
254369216113,0.592317,0.370053,0.443026,-0.108056,0.021446,0.101643,20.128516
254469243331,2.186778,-0.966286,-0.201190,-0.135898,-0.005911,-0.148052,20.047148
254569270549,2.089076,1.341094,0.036826,-0.209761,-0.025002,-0.167571,19.939589
254669297768,-0.035239,-0.549939,-1.157495,-0.397631,0.182776,-0.142634,19.872449
254769324986,3.717502,-5.251487,-0.060690,0.079237,0.217109,0.246482,19.777239
254869352204,2.986412,-7.168076,0.056734,-0.409134,0.088378,-0.172116,19.720883
254969379422,0.386952,-5.335206,-0.633372,0.373868,-0.044850,0.179867,19.648154
255069406641,1.865489,4.054459,0.666258,0.236670,-0.030675,0.107198,19.565824
255169433859,2.464846,-1.242351,-0.257309,0.618213,-0.005721,0.283574,19.467689
255269461077,1.583539,2.766559,-0.187776,0.787322,-0.006049,0.474886,19.390622
255369488296,0.805138,-2.008330,-0.060178,0.254684,0.015350,0.184398,19.318223
255469515514,1.358181,-4.334008,-0.072395,0.547942,0.034653,0.305439,19.272021
255569542732,1.095426,-4.495340,-0.261919,-0.024090,0.036712,-0.042201,19.211140
255669569951,1.329730,-2.885948,-0.778878,0.104362,0.032456,0.070514,19.065789
255769597169,1.001752,2.060830,-0.057079,-0.230443,0.029390,-0.110397,19.019677
255869624387,0.775690,0.476757,-0.079481,-0.221917,0.016545,-0.119084,18.971417
255969651605,0.453772,1.867836,0.059476,-0.260749,0.010767,-0.142706,18.938441
256069678824,0.886530,-0.674437,-0.205038,-0.363332,0.062053,-0.210950,18.898469
256169706042,0.245775,0.280035,0.544866,0.013463,-0.014960,-0.034825,18.823031
256269733260,1.108845,-4.240727,0.127421,-0.518543,-0.017401,-0.291371,18.782417
256369760479,0.881461,-0.842105,0.223950,-0.122301,0.067261,-0.053754,18.738324
256469787697,-0.018203,4.556774,-0.082648,-0.237971,0.036567,-0.143219,18.649443
256569814915,-0.377203,-0.711780,-0.455710,0.558252,0.004399,0.278186,18.651606
256669842133,-1.237203,5.268817,0.016490,0.585529,-0.052587,0.417859,18.592777
256769869352,-0.652051,-1.723550,0.418744,0.782836,0.051271,0.613950,18.524042
256869896570,-0.964528,2.697278,0.453558,0.879633,0.012057,0.614434,18.537373
256969923788,0.804919,-2.513401,-0.196207,0.288770,-0.024942,0.160395,18.522807
257069951007,0.840438,-3.723719,-0.138865,0.726569,-0.024333,0.411520,18.501201
257169978225,1.095331,-5.854052,-0.495889,0.290308,0.021665,0.194034,18.468370
257270005443,-1.000843,-1.628620,-0.297328,0.444732,0.030334,0.313456,18.470696
257370032661,0.077644,3.202098,0.077772,0.532801,0.012582,0.344860,18.498732
257470059880,-0.222449,5.206189,0.202754,0.561126,0.001540,0.326785,18.491903
257570087098,-0.042945,2.344582,-0.232897,-0.111396,0.036179,-0.057533,18.485779
257670114316,0.158771,-4.264363,-0.496966,0.052454,0.022676,0.053659,18.521753
257770141535,0.540474,-0.064128,0.290878,0.593812,-0.034326,0.315335,18.571431
257870168753,1.286439,-4.355790,0.175679,-0.071127,-0.056558,-0.125246,18.612035
257970195971,-0.203049,0.449684,0.079767,-0.542512,-0.067814,-0.410391,18.585033
258070223189,-0.699899,1.397965,0.595283,-0.669671,-0.048410,-0.374584,18.621556
258170250408,-0.783742,4.652900,-0.097779,-0.269823,-0.018477,-0.169529,18.633351
258270277626,0.302552,1.532820,0.516317,-0.307853,-0.037000,-0.250746,18.697214
258370304844,-0.525196,-2.455474,-0.752271,0.143002,-0.071701,0.041676,18.770247
258470332063,0.147960,-2.050845,-0.853635,0.039663,-0.007673,0.046526,18.778339
258570359281,0.846375,-2.907242,-0.437335,-0.339291,0.015285,-0.216161,18.874542
258670386499,-0.279800,1.424277,0.849222,-0.039969,0.024719,0.007707,18.939429
258770413718,-0.255295,-0.793022,0.000338,0.336211,0.021723,0.283807,18.947520
258870440936,-0.829391,1.756160,0.482348,0.395452,-0.019800,0.184326,19.027365
258970468154,-1.207293,1.559624,-0.926068,0.107094,0.109404,0.149004,19.099869
259070495372,-1.438097,2.864748,-0.536768,0.284534,0.100884,0.338942,19.149205
259170522591,0.932024,-1.248403,0.578237,0.181149,0.097412,0.233105,19.189110
259270549809,0.099972,-3.534216,-0.572927,0.562174,-0.001972,0.243421,19.255656
259370577027,0.638917,-7.254386,-0.612082,0.134566,0.064908,0.019086,19.269087
259470604246,-0.121088,-3.164751,-0.754734,0.417232,0.059706,0.276574,19.322268
259570631464,-0.905687,4.894627,-0.184194,-0.303469,0.027386,-0.225981,19.417331
259670658682,-0.813827,1.815207,-0.453544,-0.269158,0.038305,-0.134949,19.458917
259770685900,-0.237626,5.301493,0.672398,-0.665230,0.040203,-0.439449,19.511995
259870713119,0.679895,-1.653798,0.085046,-0.588647,0.011001,-0.422017,19.595586
259970740337,-1.766469,2.223873,-0.192286,-0.589236,-0.153404,-0.444366,19.624892
260070767555,0.734542,-4.476955,-0.466717,-0.671104,-0.033202,-0.479639,19.676238
260170794774,-0.039390,-0.742448,0.735975,-0.383180,0.019952,-0.072054,19.728802
260270821992,-2.689168,3.594546,0.234154,-0.665051,0.006053,-0.339558,19.800766
260370849210,-1.791748,5.895791,0.041977,0.002018,-0.052571,0.011568,19.886599
260470876428,-0.386513,4.302241,1.050422,-0.262154,-0.064546,-0.183799,19.914110
260570903647,0.281981,-3.626544,-1.272381,0.387567,-0.143576,0.063101,19.944740
260670930865,-0.094430,1.086751,-1.623431,0.436600,0.074833,0.312864,20.001670
260770958083,1.238746,-4.007899,0.355440,0.561232,0.153542,0.547426,20.047003
260870985302,-0.630727,2.672852,-0.180627,0.706951,0.070140,0.498454,20.126083
260971012520,-0.247483,1.730894,-0.068901,0.213190,-0.043779,0.122974,20.265536
261071039738,1.340942,5.090963,-0.265154,-0.171938,0.095105,0.008050,20.262765
261171066956,0.962794,0.222218,-0.020884,-0.699078,-0.059278,-0.486438,20.368805
261271094175,0.478727,-4.185619,-0.141053,-0.116275,-0.090308,-0.217651,20.305459
261371121393,-0.526022,-4.030911,0.003957,-0.226085,-0.149932,-0.206685,20.448941
261471148611,0.132715,-3.646754,-0.523957,0.355072,-0.111965,0.230742,20.550223
261571175830,-0.830039,3.447358,-0.064354,0.134631,-0.047395,0.135994,20.541415
261671203048,0.742921,-1.875946,0.781439,0.242793,-0.013534,0.168343,20.681437
261771230266,-0.559362,-0.218336,0.554216,0.183488,-0.023713,0.128249,20.656228
261871257485,-0.662470,-0.916035,-0.169822,0.143444,0.009103,0.232872,20.703891
261971284703,-0.466890,1.071292,-0.585243,0.083243,0.013345,-0.000755,20.733380
262071311921,0.393005,1.672912,0.107726,-0.100425,-0.039217,-0.003999,20.725606
262171339139,-0.495971,1.635451,-0.028173,0.019028,0.045992,0.098602,20.802123
262271366358,-0.400545,-0.497946,0.218283,0.204921,0.062063,0.072694,20.813272
262371393576,0.015137,-0.489876,-0.608473,0.247157,0.004661,0.098811,20.811346
262471420794,-0.169634,-1.217653,-0.732555,0.077573,-0.008417,0.059960,20.799010
262571448013,-0.705812,0.040820,-0.286864,0.259681,-0.014684,0.176555,20.848031
262671475231,1.710695,-0.105606,0.497666,0.136939,0.066038,0.184766,20.842800
262771502449,0.130535,-0.327806,-0.522011,0.096946,0.058022,0.096012,20.847635
262871529667,-1.576585,-0.170643,-0.954519,-0.042409,-0.048081,-0.181582,20.830443
262971556886,1.842495,-1.388148,0.773760,0.121630,-0.140258,0.034842,20.815943
263071584104,-1.503063,1.442973,-0.320887,-0.000198,-0.072942,-0.012693,20.851272
263171611322,-1.601737,1.365507,-0.535496,0.019808,0.056100,0.095195,20.855966
263271638541,-0.815386,1.233802,0.011487,-0.087832,0.071097,-0.021842,20.910648
263371665759,-0.598488,-0.174890,-0.337916,-0.119233,-0.030403,-0.103206,20.931102
263471692977,-0.599738,0.562697,-0.456403,-0.182548,-0.073850,-0.127965,20.952902
263571720195,-0.837226,-1.003970,0.373982,-0.141530,0.035870,-0.045102,20.961347
263671747414,-1.305910,1.458596,0.019389,-0.268514,-0.022877,-0.156457,20.973866
263771774632,0.114477,-0.533474,0.377805,-0.112719,-0.037325,-0.131797,21.024147
263871801850,1.313175,-0.024603,0.029897,-0.218096,-0.014465,-0.071653,21.027584
263971829069,2.061938,-0.133899,-0.551061,-0.033146,-0.004674,-0.112699,21.053669
264071856287,1.127331,0.354438,0.046230,0.073420,-0.019480,0.105608,21.105632
264171883505,-0.009455,0.175811,0.468458,0.108973,-0.055104,-0.018043,21.108731
264271910724,0.373705,-0.746892,0.017404,0.185800,-0.087303,-0.063031,21.163015
264371937942,0.967783,-0.436301,0.844274,0.180429,-0.045505,0.108965,21.156537
264471965160,2.120666,-0.742745,1.010335,0.027344,0.072263,-0.001216,21.166590
264571992378,0.381369,-0.047788,0.265488,0.097193,0.055546,0.086694,21.175000
264672019597,-0.543133,0.726195,-0.230360,-0.097799,0.001511,-0.043328,21.237617
264772046815,0.025542,-1.917516,0.096841,-0.002801,0.119310,0.049089,21.264146
264872074033,0.120678,-0.486255,0.689117,-0.201491,0.121342,0.004853,21.258593
264972101252,1.544366,-1.340506,-0.166848,-0.086887,-0.077817,-0.096134,21.238687
265072128470,0.872761,0.710164,0.108009,-0.215606,-0.101196,-0.224058,21.225533
265172155688,0.457741,1.237500,0.212615,-0.211770,-0.010102,-0.094909,21.176756
265272182906,0.725650,0.996976,0.762665,-0.150565,0.035115,-0.037477,21.156082
265372210125,-0.407842,0.068288,0.334441,-0.184045,0.027284,-0.077346,21.195518
265472237343,0.308547,-1.974721,-0.098262,0.044243,0.000191,0.050756,21.135262
265572264561,1.135526,-1.137575,0.529867,0.015772,-0.079903,-0.026479,21.117553
265672291780,0.057268,-0.914875,-0.133735,0.179359,-0.096897,0.031050,21.085196
265772318998,-0.124555,1.003827,0.249007,0.057919,0.018304,0.104270,21.016872
265872346216,0.308346,0.014833,-0.129252,0.073303,0.062799,0.102158,21.006159
265972373434,-0.352671,0.584551,-0.183022,0.060874,0.016507,0.063306,21.022263
266072400653,0.216898,-0.834762,-0.549763,0.074133,-0.044832,0.098163,21.007436
266172427871,0.423252,-0.346115,0.389524,0.143246,-0.034819,-0.006908,21.025350
266272455089,0.220859,-0.045611,0.005656,0.038632,0.021926,0.053500,20.987099
266372482308,-0.006036,1.172284,-0.024448,0.076856,0.004830,0.106495,20.966070
266472509526,-1.733793,-0.338437,0.041496,0.152382,0.054347,0.076258,20.947678
266572536744,-1.455544,0.686163,-0.666723,0.084889,0.068811,0.073306,20.957029
266672563962,-1.079996,-1.524297,-1.771465,0.229744,0.026789,0.206075,20.940480
266772591181,0.750009,0.318486,0.701689,0.284562,-0.115223,0.069213,20.842617
266872618399,-1.558201,0.459660,-0.789694,0.196683,-0.183246,-0.003268,20.921447
266972645617,-2.077602,0.985447,-1.009445,0.157517,0.039699,0.135624,20.980032
267072672836,0.699648,1.563971,1.050485,-0.091620,0.138538,0.002230,20.915457
267172700054,-0.438760,-0.168663,-0.384969,-0.057036,-0.059894,-0.091227,20.958762
267272727272,-0.923491,0.331531,-0.807250,-0.232016,-0.106815,-0.244095,20.955909
267372754491,1.067977,-2.505921,-0.401802,-0.134582,0.019966,-0.107186,20.958136
267472781709,0.827859,0.545942,-0.667377,0.163788,0.067454,0.178201,20.975388
267572808927,0.226058,0.451415,-0.638134,0.083923,0.037920,0.143961,21.006899
267672836145,0.501934,0.082821,-0.274530,-0.033352,0.016226,0.063646,20.995094
267772863364,-0.076983,1.386566,-0.533548,-0.107050,-0.080188,-0.130517,21.062844
267872890582,-0.512577,0.505125,-0.323835,0.032702,-0.113435,-0.070266,21.039278
267972917800,0.269584,0.983051,0.102256,-0.106274,0.032573,-0.055124,21.057269
268072945019,1.958656,-0.759717,0.715467,-0.165376,-0.022925,-0.195259,21.117715
268172972237,0.721607,-1.366388,-0.442686,-0.026842,-0.096467,-0.156184,21.140068
268272999455,-0.183618,-0.699234,-0.723326,-0.095970,-0.136885,-0.111399,21.158775
268373026673,-0.553854,-1.031697,-0.605892,-0.101016,0.023215,-0.053824,21.162160
268473053892,0.379841,0.561952,0.100137,-0.114302,0.064667,-0.032101,21.187289
268573081110,-0.268479,0.198653,-0.097731,-0.065934,0.001696,0.010505,21.206486
268673108328,-0.610788,-0.544351,0.303502,0.071518,-0.042735,-0.017458,21.187255
268773135547,-0.428251,0.050346,0.490871,0.125940,0.012402,0.133052,21.203064
268873162765,0.425719,-0.503009,-0.142019,0.047514,0.074338,0.148986,21.193654
268973189983,-0.345446,-0.076316,0.586209,-0.004788,-0.032834,-0.043843,21.173730
269073217201,-0.101957,-0.205086,-0.324123,-0.054693,-0.055975,-0.102396,21.204887
269173244420,-0.134758,0.051280,0.656131,-0.063572,-0.031148,-0.079690,21.235553
269273271638,0.860092,-0.530166,-0.909187,0.123250,-0.046807,0.084082,21.219963
269373298856,1.063689,0.087142,-0.929626,0.097428,0.024345,0.038923,21.208280
269473326075,1.694226,0.903697,-1.496410,0.061690,-0.119338,-0.108024,21.281696
269573353293,0.376557,-0.471994,-0.026070,0.174991,-0.025625,0.164403,21.276695
269673380511,1.895768,-0.769461,0.772409,0.052626,0.067224,0.174168,21.283345
269773407729,1.513142,-0.318999,-0.062188,0.082128,0.019449,-0.020162,21.318547
269873434948,0.006730,2.487907,-0.002817,-0.114224,-0.077033,-0.222659,21.339904
269973462166,-1.497123,2.189912,-0.261079,0.080992,0.067533,0.138305,21.341032
270073489384,-0.014855,1.740285,-0.097911,0.239085,0.005508,0.110159,21.306113
270173516603,1.219040,0.255055,0.065589,0.073925,0.004650,-0.078102,21.315331
270273543821,-0.700868,2.476768,-0.499425,-0.270892,-0.090795,-0.183793,21.312024
270373571039,0.571102,0.274264,0.797190,-0.286607,-0.013373,-0.174174,21.274131
270473598258,1.156132,1.064715,0.371953,-0.205876,0.100211,-0.071626,21.228825
270573625476,0.702323,-0.274624,-0.182978,-0.291780,-0.004885,-0.139461,21.182381
270673652694,1.136140,-1.752931,0.450927,0.026989,-0.004003,-0.035119,21.209691
270773679912,1.133921,-1.062956,0.572380,-0.033011,-0.063314,-0.003616,21.164331
270873707131,0.515878,-1.205468,-0.521113,-0.286138,0.020317,-0.196324,21.132614
270973734349,0.805554,1.579364,0.063167,-0.136141,0.042376,-0.112275,21.066215
271073761567,1.000711,0.548197,-0.302235,-0.214670,0.006465,-0.088343,20.995329
271173788786,-0.060004,0.258154,-0.295674,-0.030469,-0.020956,0.038094,20.964733
271273816004,0.609543,-2.080226,-0.387041,0.222964,0.014132,0.160294,20.940111
271373843222,0.507833,0.073953,0.056313,0.138360,-0.032515,0.065626,20.849572
271473870440,0.001228,-1.086321,-0.324181,0.099399,-0.033417,0.039450,20.831901
271573897659,-0.242683,-0.402867,-0.204052,0.134470,-0.025102,0.091898,20.833853
271673924877,0.042842,0.530853,0.495360,-0.098047,-0.007712,-0.003968,20.718472
271773952095,0.765094,-0.161794,-0.006463,-0.111845,0.008606,-0.064241,20.697982
271873979314,-0.130797,2.033252,-0.198850,-0.305779,0.028793,-0.154717,20.682806
271974006532,-0.368678,0.131871,-0.387456,-0.172187,0.034405,-0.118174,20.598732
272074033750,-0.310713,-0.208004,-0.486681,-0.168529,0.017090,-0.115230,20.587574
272174060968,-0.499114,-0.717020,-0.100590,-0.060298,0.000884,-0.077487,20.573717
272274088187,0.156948,0.886009,0.589907,0.001014,-0.019525,-0.068783,20.514465
272374115405,2.603924,0.950573,1.215382,0.130141,-0.115391,0.037673,20.481288
272474142623,1.065172,0.631515,-0.521429,-0.052537,-0.108219,-0.076598,20.449337
272574169842,0.440337,-2.530723,0.067324,-0.021514,0.035475,0.021883,20.453392
272674197060,-1.026176,0.773924,0.769154,-0.220379,-0.038584,-0.034240,20.424667
272774224278,-0.325497,-1.168266,-0.399843,-0.227720,0.029043,-0.203318,20.381923
272874251497,-0.394580,0.495109,0.226207,-0.258376,0.021628,-0.230920,20.399162
272974278715,-0.338111,1.944999,0.700317,-0.327654,-0.006525,-0.189850,20.345133
273074305933,0.534559,1.482010,0.927080,-0.154225,0.036954,-0.107722,20.322230
273174333151,-0.111709,0.928185,-0.262250,-0.299058,0.048969,-0.119092,20.268466
273274360370,-0.045406,1.865447,-0.370376,-0.079814,-0.014211,-0.038224,20.273134
273374387588,0.129333,-0.008995,0.063198,-0.120256,-0.047485,-0.111802,20.263134
273474414806,-0.004832,-1.239103,-0.255817,0.100850,-0.014759,0.054204,20.298699
273574442025,0.909254,-1.147332,-0.409461,0.186527,-0.004511,0.137638,20.246678
273674469243,1.212343,-2.160116,-0.131898,0.214100,-0.005801,0.157062,20.168037
273774496461,0.032072,-0.169105,-0.381348,0.362749,0.029318,0.216990,20.286707
273874523679,0.355407,-2.673979,-0.850498,0.121661,0.019236,0.088910,20.227486
273974550898,0.273124,0.033559,0.011525,0.310521,-0.007018,0.199568,20.225280
274074578116,-0.255987,2.242968,0.683440,0.335156,-0.054467,0.205934,20.195926
274174605334,0.030082,3.160244,1.040536,0.372617,-0.031025,0.285028,20.262560
274274632553,0.235717,-0.049235,0.404326,0.272080,-0.047491,0.168322,20.234855
274374659771,-0.105218,-2.248250,-0.232811,0.209206,0.013804,0.092705,20.197446
274474686989,-0.844848,0.789211,-0.569587,0.334916,0.022528,0.194671,20.233641
274574714207,0.088907,-0.443914,-0.909463,0.115885,0.033261,0.138776,20.203227
274674741426,-0.298646,0.827508,-0.282716,-0.171588,-0.039744,-0.053812,20.196153
274774768644,-0.678343,0.008541,0.701109,-0.136044,-0.043050,-0.091249,20.222150
274874795862,0.080433,-0.017046,0.233904,-0.013832,-0.025283,-0.003449,20.209847
274974823081,0.172524,0.437505,-0.328931,-0.060527,0.023739,-0.089378,20.211993
275074850299,0.172631,0.002765,-0.164522,-0.095669,-0.022708,-0.033391,20.210426
275174877517,-0.570532,0.636937,-0.297574,-0.037728,-0.058303,-0.039888,20.205977
275274904735,-0.461055,1.024154,0.921439,-0.154178,-0.172698,-0.074647,20.223726
275374931954,-0.109452,-1.463536,-0.514404,-0.269457,0.112999,-0.067573,20.212724
275474959172,-0.667870,1.457749,-0.697684,-0.209062,0.155196,0.031163,20.228808
275574986390,0.023814,-2.448759,0.088216,-0.372879,-0.090160,-0.278001,20.195493
275675013609,-0.110881,-1.265885,1.077761,-0.111744,-0.113031,-0.244376,20.202990
275775040827,0.021165,-2.358282,-0.281237,-0.269722,-0.032656,-0.162206,20.231678
275875068045,0.787861,1.811176,0.384844,-0.054912,0.060502,0.048272,20.244310
275975095264,0.609714,-0.929651,-0.013367,0.254112,0.119453,0.151722,20.256541
276075122482,-0.431188,1.119811,-0.763945,0.359360,0.041979,0.221156,20.266678
276175149700,-2.459508,1.439925,1.366739,0.147574,-0.086425,0.057452,20.208769
276275176918,-1.664434,2.441366,0.746023,0.243571,-0.020104,0.090087,20.228148
276375204137,0.037998,4.836092,1.003315,-0.552567,0.111658,-0.351179,20.248632
276475231355,0.667014,-3.624651,-0.292065,-0.337593,0.044337,-0.136428,20.301474
276575258573,1.607707,-2.684280,0.239932,0.388133,-0.043755,0.210007,20.264538
276675285792,1.485392,-4.521382,0.593975,-0.383512,-0.064102,-0.309741,20.207838
276775313010,0.108410,-0.188032,0.059245,-0.455741,0.016654,-0.305368,20.274079
276875340228,-0.414973,4.136633,0.326474,-0.562548,0.073932,-0.314328,20.226962
276975367446,0.953907,-1.437630,-0.109932,-0.334910,-0.016991,-0.215392,20.217292
277075394665,1.644415,-1.864414,0.195198,-0.348288,-0.049248,-0.280060,20.182781
277175421883,0.402644,-2.069200,-0.458000,0.041019,-0.041629,-0.003616,20.160991
277275449101,-0.332626,1.490280,1.031380,-0.142826,0.020508,-0.021207,20.158684
277375476320,1.009553,-0.320086,0.793210,-0.340426,-0.003185,-0.221082,20.167275
277475503538,-0.345109,1.852108,-0.085145,-0.004742,-0.004148,-0.014474,20.149656
277575530756,-0.347187,-0.686745,-0.254900,0.336922,-0.080722,0.208838,20.083260
277675557974,-1.053346,2.586295,1.033372,0.368568,-0.004566,0.318587,20.083618
277775585193,-0.216924,0.327706,0.648997,0.294652,0.023845,0.319156,20.124013
277875612411,-0.182505,1.669413,1.119996,0.290281,-0.096518,0.139054,20.121348
277975639629,-0.847727,1.007717,-0.513629,-0.024785,-0.148120,-0.122493,20.025547
278075666848,1.146122,-1.357872,0.514012,0.022582,0.030745,0.042271,20.019442
278175694066,-1.697112,-0.159201,-1.364745,0.123746,0.161925,0.162055,20.001923
278275721284,-1.063521,-1.176263,-1.643958,0.069966,0.107708,0.141954,19.985686
278375748502,-1.558599,-0.095493,0.544416,-0.042935,0.081529,0.068155,20.042813
278475775721,0.079552,0.751675,0.778343,0.119192,-0.033566,0.021675,20.041527
278575802939,0.730568,-0.659552,0.307374,0.121400,-0.049199,0.067189,19.978148
278675830157,-1.173397,0.645627,0.172876,0.013075,0.040594,0.087738,19.999390
278775857376,0.526621,-0.416551,-0.533877,-0.033899,0.118130,-0.036283,19.980126
278875884594,-0.329264,0.078501,-0.411695,-0.016140,0.056467,0.124769,20.099004
278975911812,0.282869,0.420232,-0.529803,0.074578,0.069319,0.009675,20.082223
279075939031,0.243301,-0.521100,-0.341407,0.075457,-0.003049,0.014787,20.047224
279175966249,-0.756427,-0.336930,-0.035745,-0.071661,-0.050481,0.023614,20.045110
279275993467,0.544468,-0.778865,0.450813,-0.054487,0.060724,-0.045074,20.023313
279376020685,-0.441542,1.665250,-0.057258,-0.157309,0.090890,-0.008523,20.129297
279476047904,-0.633915,-0.465347,-0.158708,-0.180180,-0.012457,-0.139319,20.145143
279576075122,-1.593589,1.488695,-0.469393,-0.178613,-0.017331,-0.201561,20.138255
279676102340,-1.042930,-1.209085,-1.013498,-0.337589,0.056096,-0.177922,20.256014
279776129559,-0.084253,0.535093,-0.396642,-0.117730,-0.005437,-0.134509,20.241245
279876156777,0.210053,1.164502,0.374965,-0.191682,-0.056240,-0.104731,20.247847
279976183995,-0.234151,0.631285,0.497280,0.110877,-0.037057,0.153287,20.309810
280076211213,-0.537789,0.633936,0.081284,0.089780,-0.008512,0.053381,20.277407
280176238432,0.649430,-0.791896,-0.416757,-0.136989,0.023457,-0.021377,20.308535
280276265650,0.040442,-0.162523,-0.249938,0.089239,0.024733,0.022041,20.448046
280376292868,-0.065045,-0.779528,0.454813,0.131567,0.053144,0.071767,20.380982
280476320087,0.152769,0.378421,0.152656,0.077091,0.015262,0.071612,20.439640
280576347305,0.075987,1.174942,0.373693,0.111096,-0.014925,0.013573,20.510683
280676374523,1.077244,-0.063871,0.445294,0.151495,-0.068535,0.066198,20.465123
280776401741,0.954467,0.440183,-0.697476,-0.065415,-0.037730,-0.055987,20.470714
280876428960,0.837533,-1.748351,-0.867562,-0.051592,0.046852,-0.032757,20.502470
280976456178,0.119895,-0.555391,-0.354224,-0.205661,-0.010057,-0.149743,20.523805
281076483396,0.453989,-1.468413,0.617666,-0.172562,0.024850,-0.080297,20.491301
281176510615,0.681326,1.379455,0.843461,-0.245314,0.097336,-0.121938,20.542696
281276537833,0.480788,0.211140,0.290257,-0.135474,0.064511,-0.021148,20.512195
281376565051,-0.051507,0.436605,-0.316271,-0.123341,0.030830,-0.043733,20.535227
281476592270,0.308472,-0.262927,-0.035026,-0.197210,0.020437,-0.142637,20.501840
281576619488,1.475802,-0.028006,-0.023810,-0.075454,0.011159,-0.017329,20.523173
281676646706,0.117343,-0.912504,-0.138238,-0.171819,0.005457,-0.098290,20.509405
281776673924,0.674690,-0.756847,0.210816,-0.037000,-0.001850,-0.093041,20.483628
281876701143,1.255114,-0.096736,0.436866,-0.043647,-0.040976,0.002831,20.453554
281976728361,1.073883,0.876520,0.534952,-0.015276,-0.005957,0.022708,20.376203
282076755579,0.621328,0.126311,-0.749196,0.006794,0.005541,-0.078035,20.460965
282176782798,0.645933,0.546295,-0.188265,-0.157999,0.031566,-0.110457,20.398570
282276810016,1.917769,-0.827196,0.352925,-0.106431,-0.069931,-0.120746,20.410752
282376837234,-0.082339,0.862890,-0.294839,-0.203415,-0.063824,-0.187523,20.396163
282476864452,0.440192,-1.514660,0.041049,-0.222210,0.004371,-0.041455,20.321867
282576891671,0.061864,1.165245,0.046799,-0.303852,-0.018083,-0.130170,20.285925
282676918889,0.923239,-2.443447,0.393995,-0.347099,-0.063605,-0.206248,20.350338
282776946107,0.384602,-1.444661,-0.338040,-0.212562,-0.096741,-0.109409,20.389493
282876973326,1.506835,-2.151238,-0.884919,-0.304960,0.045515,-0.194379,20.279540
282977000544,0.937983,0.363339,0.080003,-0.184855,0.026368,-0.039208,20.247994
283077027762,-1.093250,1.252151,0.089715,-0.155520,-0.048318,-0.093535,20.306660
283177054980,0.100854,0.055793,0.164723,-0.084011,-0.007992,-0.101302,20.209163
283277082199,0.140764,-0.072124,-0.015033,-0.041664,-0.005116,0.063135,20.107125
283377109417,1.344448,-0.591162,-0.098449,-0.018489,-0.030587,0.067144,20.220387
283477136635,1.167037,-0.490729,0.221874,-0.098257,0.023837,-0.051998,20.209004
283577163854,0.706090,-0.303778,-0.262221,-0.084917,0.001725,-0.025338,20.116725
283677191072,0.491857,-1.021192,-0.393687,-0.052319,0.017240,-0.036040,20.138703
283777218290,1.236156,0.150637,-0.413559,-0.091908,0.009688,-0.101824,20.015311
283877245508,1.110279,0.280437,0.177649,0.016612,-0.053431,0.051910,20.046881
283977272727,0.700100,0.160448,-0.311513,-0.056820,-0.025707,-0.002349,20.012462
284077299945,0.992071,-0.868167,-0.309044,-0.006150,0.011619,0.006246,19.962829
284177327163,0.605993,-0.549434,0.229224,-0.094299,0.001077,-0.039109,19.970884
284277354382,0.666737,-0.612947,-0.076617,-0.006749,0.017200,0.012969,19.863947
284377381600,1.939417,-0.172379,0.422114,-0.128880,0.050673,0.020803,19.804672
284477408818,1.138185,-0.485322,0.447138,-0.062901,-0.078453,-0.053475,19.879084
284577436037,-0.276244,0.253701,-0.257386,-0.189676,-0.019964,-0.171817,19.895957
284677463255,1.547547,-1.335912,-0.325372,-0.037152,0.059968,0.047896,19.842892
284777490473,1.674863,-2.187735,-0.108100,-0.078352,0.061875,0.028899,19.757453
284877517691,0.833530,-1.106716,0.042762,0.077436,-0.026622,0.050457,19.745558
284977544910,0.272822,0.908732,-0.228310,-0.120313,-0.062745,-0.090222,19.708421
285077572128,0.188156,1.225686,-0.570041,0.059271,0.023280,0.070565,19.673673
285177599346,0.807749,-0.052936,0.131072,-0.150953,0.030289,0.003132,19.590854
285277626565,0.058808,-2.261126,-0.412315,-0.053751,-0.029070,-0.023563,19.624090
285377653783,0.690611,-0.740236,-0.673891,-0.166538,-0.050574,-0.118539,19.584132
285477681001,1.871136,-2.101198,0.005084,-0.188695,-0.044061,-0.103270,19.494906
285577708219,1.128043,-1.353612,0.010265,-0.139931,0.021235,-0.051551,19.434387
285677735438,0.333471,-1.344975,0.016480,-0.161563,0.014007,0.021196,19.459548
285777762656,0.460385,-1.322101,-0.126370,-0.017265,0.011734,0.097745,19.353356
285877789874,1.127314,0.206158,-0.037762,-0.171152,-0.021565,-0.049754,19.355870
285977817093,2.031868,-0.559037,0.625834,0.005561,-0.002380,-0.045106,19.306884
286077844311,0.652862,0.543138,-0.365096,-0.001882,0.070271,0.113714,19.174098
286177871529,0.806911,-2.521331,0.670832,-0.149096,-0.075242,-0.129767,19.208816
286277898747,0.614922,-1.448603,0.918550,-0.053228,-0.094950,-0.087370,19.151672
286377925966,0.148826,-1.734452,-0.375762,0.071739,-0.071783,0.019729,19.043416
286477953184,0.677120,-1.018077,-0.076465,0.095736,0.048265,0.099177,19.088397
286577980402,0.676694,-1.792663,0.554048,0.007669,0.058400,0.060163,19.014479
286678007621,-0.064949,-0.951356,0.169655,0.021405,0.013054,0.047396,18.906798
286778034839,-0.372109,0.110461,0.036654,-0.144564,-0.007542,-0.060831,19.014380
286878062057,0.531413,-0.595044,0.207858,-0.075783,-0.028446,-0.007581,18.883928
286978089275,0.380972,0.854390,-0.601813,-0.243244,-0.027736,-0.065360,18.777727
287078116494,0.329780,-1.328429,0.296127,-0.194529,-0.019229,-0.113175,18.692976
287178143712,1.099190,0.119262,0.455929,-0.294025,-0.042406,-0.190155,18.701239
287278170930,1.120421,-1.911364,0.594546,-0.204861,-0.038871,-0.160637,18.658078
287378198149,0.795251,0.426805,0.477490,0.071522,-0.035563,-0.010867,18.572859
287478225367,-0.260387,-0.845781,-0.219053,-0.367332,-0.048327,-0.249248,18.483305
287578252585,1.595166,2.300925,-0.479296,-0.307406,0.034701,-0.162034,18.301297
287678279804,0.854330,-2.232775,-0.363455,-0.522718,0.001587,-0.289847,18.149564
287778307022,1.137956,-1.838523,-0.386351,-0.261348,0.037117,-0.165634,18.416044
287878334240,-0.605162,-3.208549,-0.102414,-0.456756,0.015072,-0.212979,18.304614
287978361458,0.454513,0.942389,-0.153160,0.054642,0.009854,0.052830,18.251111
288078388677,0.703256,1.301627,0.170408,-0.173000,-0.012621,-0.134583,18.167932
288178415895,0.159034,-2.314054,0.208856,0.041111,0.014710,0.085010,18.079871
288278443113,0.646941,0.899365,-0.048770,-0.201037,0.019104,-0.118861,18.019672
288378470332,1.125726,0.213267,0.178869,-0.077999,-0.058772,-0.041902,17.851769
288478497550,-0.406368,1.809544,0.188823,-0.300434,-0.025255,-0.211997,17.975478
288578524768,-0.059177,-1.627757,0.035871,-0.251851,0.010403,-0.127802,17.900052
288678551986,0.220709,0.071479,0.486116,-0.214967,0.005166,-0.112992,18.041286
288778579205,-0.347935,-1.071445,0.255016,-0.244049,0.038503,-0.081115,17.909903
288878606423,0.188827,-3.034167,-0.036092,0.020185,-0.026139,0.061278,18.063086
288978633641,-0.531298,-0.977451,-0.058951,0.001377,0.009573,0.069027,17.798060
289078660860,-0.163057,-2.240536,-0.193639,0.150140,-0.025067,0.116234,17.909948
289178688078,-0.128746,-0.574764,-0.162084,0.188969,-0.006687,0.148818,17.822250
289278715296,-0.540768,-2.174573,-0.190625,0.202669,0.024807,0.196807,17.773831
289378742514,-0.018952,1.580442,-0.672409,0.217303,0.062446,0.229045,17.927721
289478769733,-0.622741,-0.746295,-0.806665,0.193860,0.003117,0.163778,17.870663
289578796951,-1.904784,1.745401,0.268755,0.267683,-0.030399,0.221751,17.847172
289678824169,-1.170350,-1.223442,0.249432,0.088157,-0.089624,0.124178,17.868418
289778851388,-0.557140,-1.831481,0.642222,0.175677,0.013992,0.153740,18.114386
289878878606,-0.454099,1.095398,0.562351,0.216714,-0.068497,0.124755,18.152158
289978905824,-0.853652,-0.510140,-0.629607,0.004205,0.015525,-0.040556,17.917050
290078933043,-0.413095,1.433411,-0.892442,-0.258639,-0.005418,-0.107538,18.135446
290178960261,-0.318480,-0.282905,-0.706227,-0.225185,0.079716,-0.071928,17.963688
290278987479,-1.184012,1.641186,-0.030334,-0.130765,0.023902,0.015708,18.133482
290379014697,-0.660962,0.021024,0.625080,-0.213799,-0.094421,-0.154104,18.304976
290479041916,-0.209967,-0.852367,-0.210504,-0.031813,-0.055548,-0.109830,18.186124
290579069134,-0.808020,-1.016444,0.033233,-0.159246,-0.035046,-0.094737,18.569964
290679096352,0.648296,-0.442421,-0.003018,-0.056670,0.036002,0.032796,18.444655
290779123571,-0.384386,0.880306,-0.490543,-0.093793,0.082875,-0.053615,18.508542
290879150789,1.187658,0.216131,0.069278,0.049768,0.075413,0.077631,18.280087
290979178007,0.777986,0.555743,0.526771,-0.066315,-0.047597,-0.037122,18.401138
291079205225,1.259092,-0.900630,0.262780,0.193140,-0.030352,0.082098,18.443191
291179232444,0.353257,-0.941173,-0.211216,0.148243,-0.022367,0.141328,18.460039
291279259662,-0.895775,-1.640571,-0.377535,-0.057843,0.023508,-0.031501,18.588733
291379286880,0.025994,-0.873799,-0.059092,0.228867,0.001049,0.130774,18.533896
291479314099,0.144246,1.850131,0.549493,0.050110,-0.035554,0.028912,18.713362
291579341317,-0.759617,1.688732,0.510555,0.198580,0.013421,0.114582,18.883360
291679368535,0.211107,1.983256,0.079630,-0.085486,-0.035310,-0.084598,18.528951
291779395753,0.224067,-2.341653,-0.261231,0.098086,0.071818,0.024491,18.665532
291879422972,0.420111,-1.027758,-0.298676,-0.225109,0.030220,-0.080984,18.806367
291979450190,-0.250817,-1.653958,-1.191866,-0.269877,0.121367,-0.113011,18.900877
292079477408,-0.867379,-1.194718,-0.313654,-0.086492,0.009948,-0.015208,18.935895
292179504627,-0.337325,1.279604,0.302808,-0.159993,-0.038905,-0.117046,18.713412
292279531845,-0.207114,-0.092424,0.593056,0.075479,-0.034653,0.009996,18.755298
292379559063,1.552172,1.050990,0.287383,-0.089020,0.006174,-0.015964,18.828847
292479586281,1.027653,1.773997,0.223817,0.148940,0.009237,0.094371,18.832268
292579613500,0.670926,0.619296,0.340883,0.096170,-0.056784,0.041111,18.884181
292679640718,-0.789678,-0.639264,-0.550524,0.184490,-0.084763,0.009532,18.919514
292779667936,-0.681690,-0.217830,-0.206873,0.191942,-0.003114,0.079988,18.955982
292879695155,0.070391,0.693313,-0.012715,-0.031149,0.021703,0.003605,18.929797
292979722373,-1.508588,1.519924,0.021478,0.045218,0.022611,0.018550,18.899409
293079749591,-0.282021,1.090106,0.300987,-0.112079,0.025302,0.015881,18.926675
293179776810,0.786739,-0.675794,-0.257302,-0.080025,0.031337,-0.086129,18.867190
293279804028,1.709050,1.413654,-0.179505,-0.071641,0.015838,-0.035733,19.037539
293379831246,-1.240972,0.551834,-0.244031,-0.246468,0.064933,-0.152661,18.953278
293479858464,-1.154449,-1.156530,0.164644,-0.044585,-0.020923,-0.070705,19.059752
293579885683,-0.347756,1.667453,0.580021,-0.217501,-0.128886,-0.224654,18.849795
293679912901,0.898971,2.253330,0.290567,0.043070,-0.076920,-0.056478,19.026906
293779940119,0.026883,1.273116,-0.136722,-0.123250,0.015143,-0.103239,19.010335
293879967338,0.167218,-1.228682,0.075726,0.061417,0.071438,0.055425,19.016656
293979994556,-0.647222,-0.668788,-0.069404,-0.050979,-0.015817,-0.102885,19.010168
294080021774,-0.120580,-1.181522,-0.693054,0.188265,-0.004466,0.084217,18.996497
294180048992,0.750312,1.389277,0.347505,0.093140,-0.004899,0.034669,19.003673
294280076211,-0.265897,-0.012743,0.320624,0.173583,-0.030083,0.067389,19.084408
294380103429,0.161914,1.490258,0.308497,0.106088,-0.021682,0.068357,19.065617
294480130647,-0.818273,1.580987,0.597196,-0.036253,0.046155,-0.024282,19.046317
294580157866,-0.112869,1.302530,0.047258,0.009897,0.025721,-0.003836,19.085749
294680185084,-0.779682,1.473153,-0.118343,0.140134,0.023806,0.018001,19.131303
294780212302,-0.295320,-0.164137,-0.759442,-0.032759,0.026857,-0.022272,19.101454
294880239520,-0.462430,1.404145,-0.107112,-0.023689,0.017013,0.016449,19.166612
294980266739,-0.347952,0.430210,-0.177135,-0.070021,0.033844,-0.046705,19.230707
295080293957,0.980257,-0.022842,-0.413360,-0.032493,0.016435,0.010796,19.119942
295180321175,0.874415,0.462486,-0.198354,-0.055879,0.072422,-0.036904,19.229000
295280348394,0.339616,0.955556,0.206579,-0.067120,0.047700,-0.064851,19.279795
295380375612,-0.339810,1.020618,-0.186191,-0.010066,-0.016518,0.001233,19.247050
295480402830,0.585329,-0.103716,-0.554698,0.041903,-0.009283,-0.006949,19.295901
295580430048,0.183996,0.393043,-0.029962,0.043121,-0.007406,0.083655,19.244092
295680457267,0.596156,0.362256,-0.076506,0.012919,0.032793,0.027848,19.260238
295780484485,-0.095879,0.315137,0.595934,0.053680,0.025023,0.055051,19.282587
295880511703,0.447561,-0.720926,0.494508,0.090454,-0.037114,0.075307,19.348731
295980538922,0.129559,2.270195,0.096134,0.182201,0.036101,0.116063,19.339056
296080566140,0.429014,0.759485,0.282512,0.023904,-0.036454,0.014160,19.309557
296180593358,-0.135614,-0.365679,-0.563618,0.188400,-0.101730,0.045141,19.339484
296280620577,-0.181734,-0.995254,-0.643825,0.040097,-0.006537,-0.075232,19.318943
296380647795,-0.012901,0.840995,-0.152619,0.209257,0.028227,0.160378,19.322473
296480675013,0.262953,1.643060,0.139088,0.215170,0.016163,0.072126,19.373405
296580702231,0.381127,-1.416961,0.557619,0.284302,0.055125,0.192751,19.280984
296680729450,0.999407,2.672201,-0.344932,0.144023,-0.006272,0.125842,19.268221
296780756668,-0.245109,-0.748476,0.067185,0.390645,-0.030509,0.207201,19.333249
296880783886,0.466707,2.586825,0.186191,0.384278,0.010522,0.245429,19.207357
296980811105,-0.970142,-2.147858,-0.331390,-0.038541,-0.014163,0.008169,19.241007
297080838323,-0.030482,-0.584940,-0.145358,0.380690,-0.002024,0.239273,19.240103
297180865541,0.167514,0.930349,-0.060361,0.142849,-0.003305,0.132682,19.162434
297280892759,-0.292283,2.325697,0.033542,0.264518,0.033808,0.136885,19.138484
297380919978,1.265831,1.057149,-0.059440,0.238702,0.025401,0.134763,19.141890
297480947196,-0.382690,-0.928708,0.172888,0.078859,0.001549,0.024723,19.088866
297580974414,0.405196,1.602947,-0.169505,0.210143,0.045514,0.128010,19.017630
297681001633,0.117315,-1.102715,-0.186920,-0.030500,0.003174,0.025496,19.133492
297781028851,-0.089688,-1.508537,0.161462,0.033544,-0.055916,0.012395,19.070706
297881056069,0.615215,1.605210,-0.415911,-0.204594,-0.061079,-0.074625,18.968733
297981083287,0.707514,-0.374389,-0.562780,0.153399,0.024741,0.079783,18.982433
298081110506,0.855516,1.950945,0.260550,0.031213,0.032406,0.053316,18.981889
298181137724,1.927911,-0.271270,-0.066415,0.216846,0.054034,0.118244,19.055503
298281164942,1.219218,1.637572,0.478521,0.217833,-0.004428,0.149977,18.996625
298381192161,0.935461,-0.349670,0.286938,0.204981,-0.013529,0.141335,18.971672
298481219379,0.656589,1.045477,0.236645,0.124546,-0.025814,0.064757,18.969098
298581246597,-0.041937,-0.298486,-0.267344,-0.066818,0.014164,-0.006688,18.982881
298681273816,-1.068657,1.009333,-0.502778,0.051906,0.039824,0.000061,19.038939
298781301034,0.163870,-0.057411,0.389286,-0.031035,-0.052794,-0.100781,19.002330
298881328252,-0.639670,-0.342746,-0.011420,-0.065682,-0.024713,-0.131605,18.895776
298981355470,-0.786645,0.573716,-0.214439,-0.036846,0.058053,0.027118,18.921120
299081382689,-0.021227,0.554601,0.776763,-0.040650,0.140308,0.086694,18.828634
299181409907,-0.035082,-0.509764,0.470572,-0.174382,0.033067,-0.073761,18.735802
299281437125,-0.108383,2.210294,0.105423,-0.015325,-0.035810,-0.016075,18.750991
299381464344,-0.352469,2.262949,0.343615,-0.031156,0.079296,-0.010752,18.786568
299481491562,0.063535,2.322657,1.228641,0.331938,-0.058606,0.178456,18.762949
299581518780,-2.091092,2.170278,0.375773,0.014591,0.010998,-0.010518,18.692481
299681545998,-0.692414,-2.446710,-0.460795,0.224878,0.065174,0.208894,18.695044
299781573217,-0.889020,1.444937,0.670247,-0.056436,0.065744,-0.024395,18.683481
299881600435,-0.217670,0.257774,0.651069,0.231515,0.034971,0.184445,18.660507
299981627653,0.422435,2.271227,-0.080687,0.094998,0.026629,0.056767,18.666541
300081654872,-0.082064,-2.590457,-0.715263,-0.273445,-0.039257,-0.136704,18.638722
300181682090,-0.506358,1.619242,0.052878,0.189824,-0.126892,0.138828,18.757871
300281709308,1.918727,-0.558818,-0.298470,0.261072,-0.026669,0.162086,18.622692
300381736526,3.102463,0.930907,0.721931,0.304247,-0.046974,0.105605,18.789544
300481763745,1.481364,-1.254818,-0.098964,-0.073243,0.013594,-0.012379,18.726209
300581790963,-0.274279,-1.411489,-0.635925,0.031600,0.049237,0.000079,18.793505
300681818181,0.360230,1.816756,-0.218728,-0.103850,0.007494,-0.077786,18.855707
300781845400,-0.719388,-0.032342,0.091441,0.106153,0.015000,0.150924,18.797023
300881872618,-0.348137,-1.149735,0.505207,-0.010166,0.011964,0.014646,18.912941
300981899836,1.122628,0.110189,0.039931,0.157596,-0.057372,0.131423,18.920787
301081927054,1.066646,1.076953,-0.074495,0.231447,0.009889,0.128223,18.920890
301181954273,-0.001768,-0.098781,-0.462647,0.108950,0.041259,0.082663,18.967930
301281981491,-0.225755,2.306435,0.799273,-0.213683,0.037838,-0.124049,18.942758
301382008709,0.204398,-0.019208,-0.203017,-0.155549,0.006745,-0.130790,18.999696
301482035928,0.183995,3.002816,-0.084260,-0.344624,-0.038491,-0.276341,18.937778
301582063146,-0.727900,-1.346355,0.409781,-0.172662,0.017938,-0.086616,18.952113
301682090364,-0.932931,1.104427,0.065224,-0.343645,-0.013255,-0.202788,18.898233
301782117583,-0.672564,-1.518410,-0.326203,-0.159900,-0.004772,-0.115371,18.864471
301882144801,-0.509796,1.645502,-0.519438,-0.295129,-0.027953,-0.195359,18.950359
301982172019,-0.391176,-1.674271,-1.033759,-0.354588,0.024052,-0.196891,18.817982
302082199237,0.762794,1.644074,0.359323,-0.000678,0.046827,0.015519,18.994608
302182226456,0.285186,3.227797,-1.148260,-0.214549,-0.066408,-0.022542,18.910037
302282253674,-0.573005,4.312753,-0.419643,0.144312,0.079601,0.257749,18.892683
302382280892,0.825531,1.341831,0.122155,-0.283494,-0.061800,-0.253117,18.955111
302482308111,-0.869625,-1.973464,0.044497,0.169878,-0.075141,0.059141,18.949993
302582335329,-1.612774,-2.082507,-0.378011,-0.131838,0.042007,-0.107108,18.968982
302682362547,0.744184,-0.971119,0.810994,-0.067319,0.181757,0.016166,19.101551
302782389765,0.076657,-1.237849,-1.309443,-0.017563,0.004048,0.012153,19.128202
302882416984,2.135875,-0.643645,0.876085,-0.537137,0.044978,-0.318715,19.115693
302982444202,-0.459890,-2.772408,-0.343708,-0.050942,0.022415,0.032491,19.168247
303082471420,-1.381423,3.511376,-0.160865,-0.434684,-0.013391,-0.251926,19.209781
303182498639,-2.806357,0.162061,-0.576213,-0.404927,0.059019,-0.208211,19.237423
303282525857,0.208890,0.070854,-0.348331,-0.094486,-0.039332,-0.025629,19.240340
303382553075,1.318394,0.887516,0.120895,-0.014292,-0.020617,-0.058873,19.262243
303482580293,0.362164,-0.300877,-0.351982,0.175108,0.074576,0.188215,19.261210
303582607512,1.348436,2.143398,-0.457231,0.183122,0.002192,0.075930,19.366472
303682634730,-1.714062,0.506095,-0.938024,0.246045,-0.051145,0.047547,19.386593
303782661948,-0.565259,2.471033,-1.231856,0.244127,0.053604,0.268873,19.319982
303882689167,-0.079515,-0.390484,0.025908,0.049184,0.014690,0.015416,19.369736
303982716385,-0.424251,-1.653019,0.216443,0.097303,0.142728,0.184558,19.415223
304082743603,-0.059711,2.453764,-1.556860,0.152416,0.103638,0.187911,19.390456
304182770821,-1.208532,1.375880,-0.823776,0.272191,0.052345,0.082846,19.451945
304282798040,1.285759,3.524604,0.133300,-0.060818,-0.052860,-0.233120,19.322825
304382825258,2.010820,5.082224,-0.390465,0.490296,0.085129,0.349432,19.384163
304482852476,0.897704,0.949297,0.413586,-0.130754,0.082179,0.109675,19.479234
304582879695,-0.623353,-1.807073,-1.673218,-0.032847,0.013674,-0.137584,19.643263
304682906913,-1.946435,1.887712,-2.078290,-0.446332,0.051046,-0.181883,19.593515
304782934131,2.393927,-4.145758,-0.292916,-0.596286,-0.097832,-0.342184,19.635920
304882961350,0.902531,0.019218,-0.669462,-0.074601,0.036302,-0.048426,19.714425
304982988568,-0.557834,-5.295351,-0.212408,-0.690279,-0.003069,-0.395568,19.721370
305083015786,-1.831977,1.510177,-0.149431,-0.152891,-0.213929,-0.271219,19.701783
305183043004,0.378884,1.510623,0.163934,-0.087086,0.059641,0.088332,19.804397
305283070223,-0.734470,-3.843006,-0.580380,0.403086,0.103060,0.560862,19.840187
305383097441,1.020744,-1.362695,-0.815976,0.337764,0.046410,0.197589,19.836362
305483124659,-2.533766,-3.729125,-2.086417,0.591649,-0.104066,0.290644,19.802674
305583151878,1.040963,0.247247,0.892260,0.593320,0.102012,0.485802,19.794263
305683179096,-0.843605,4.200653,-1.323650,-0.233333,0.074774,0.072139,19.849804
305783206314,1.128313,4.791805,0.488065,0.338121,0.043840,0.426393,19.871743
305883233532,-1.468266,-0.831708,0.157137,0.193741,0.062561,0.146205,19.841520
305983260751,-2.156687,-3.675873,0.590768,0.454345,-0.258194,0.162935,19.839163
306083287969,0.365971,3.149259,0.664604,-0.299927,-0.070818,-0.223466,19.877480
306183315187,0.429664,-2.138167,0.201075,0.043170,0.016214,0.029479,19.710038
306283342406,1.227949,1.704030,-0.063205,-0.340834,0.022778,-0.177515,19.998415
306383369624,1.439943,2.472962,-0.410002,0.008466,0.020655,-0.076148,19.917853
306483396842,-0.831821,0.655727,-0.016228,-0.348606,-0.009474,-0.118692,19.894912
306583424060,-1.096678,-0.826697,1.713296,0.102397,0.080790,0.319508,19.800173
306683451279,1.620314,3.131455,-0.686150,-0.427679,0.037747,-0.240400,19.842772
306783478497,-1.314348,3.829995,-0.638798,0.288275,-0.096444,0.175131,19.843406
306883505715,2.102876,2.282202,0.175241,-0.037159,-0.069004,-0.053713,19.812580
306983532934,-1.750007,-2.010295,-0.368032,-0.476532,0.118715,-0.120343,19.870522
307083560152,-0.206134,1.413453,0.406555,0.235539,0.021427,0.244161,19.843829
307183587370,-2.109756,-4.404219,-1.088226,-0.054750,0.009913,-0.158344,19.897873
307283614589,-0.351171,-0.819644,0.707242,0.549614,-0.030271,0.436031,19.893277
307383641807,3.159260,2.702036,-0.937165,-0.226806,0.033210,0.059897,19.828198
307483669025,-1.072475,-2.016737,0.990293,-0.075009,0.201682,0.177436,19.711525
307583696243,-0.544839,0.751157,0.788886,-0.237414,0.047867,-0.000277,19.872685
307683723462,-5.863235,-0.449217,-0.317355,0.120357,-0.353202,-0.130709,19.861077
307783750680,-3.119956,-1.146431,-0.923203,-0.306573,-0.170530,-0.125249,19.822632
307883777898,-3.901489,-3.180005,-1.635714,-0.389209,0.069342,-0.200638,19.794371
307983805117,1.032683,0.000638,1.961213,-0.892842,0.211044,-0.383750,19.820263
308083832335,-6.437965,-8.566000,0.547162,-1.302918,-0.078992,-0.875803,19.839385
308183859553,1.215275,3.066117,-1.178700,-0.346871,-0.196184,-0.289675,19.832860
308283886771,5.147299,3.223326,0.949909,-0.884840,-0.048198,-0.537172,19.800819
308383913990,5.161472,5.780711,-2.153970,0.293638,-0.171648,0.221618,19.823438
308483941208,3.432730,1.743330,1.914634,-0.579623,-0.186512,-0.460074,19.797178
308583968426,-5.479467,-5.295528,0.957022,0.580160,-0.064060,0.239566,19.785047
308683995645,-1.334782,-2.012249,0.942331,0.097277,-0.155561,-0.098556,19.840353
308784022863,-3.352411,-2.775242,0.043600,-0.277120,0.044844,-0.099055,19.851111
308884050081,1.514053,2.330357,0.236672,-0.684895,0.045248,-0.388147,19.801381
308984077299,-2.447275,-0.621052,1.132894,-0.472753,-0.173256,-0.398294,19.730521
309084104518,2.054142,2.429993,-0.550431,-0.336256,-0.138739,-0.164590,19.763511
309184131736,2.117955,1.499184,0.875385,-0.683275,0.040787,-0.445172,19.754417
309284158954,2.398925,3.274666,0.794079,0.077339,-0.139319,-0.162091,19.692901
309384186173,1.071181,3.000855,-0.008121,-0.265866,0.105930,-0.031710,19.702991
309484213391,-6.435014,-2.493117,-0.481639,-0.826131,0.114177,-0.418928,19.674897
309584240609,-1.496704,0.482711,-0.313376,-0.117536,0.032170,0.032015,19.711945
309684267827,-3.567005,-6.760874,-0.905160,0.739827,0.023549,0.639503,19.718361
309784295046,3.773991,1.216476,0.540379,0.245565,-0.076174,0.059531,19.710329
309884322264,1.440734,-0.386834,0.430390,-0.348789,0.025516,-0.067634,19.747771
309984349482,3.526663,0.985249,1.198529,0.473320,0.079965,0.350963,19.750783
310084376701,1.095120,0.396087,-0.503342,0.296759,0.101551,0.333937,19.757500
310184403919,-1.806107,-1.296620,0.699073,0.124804,0.207977,0.227863,19.795229
310284431137,0.044914,-1.827750,0.596684,-0.151756,0.143550,-0.032579,19.829854
310384458356,-2.608316,-1.295285,0.279990,-0.055020,-0.185756,-0.106658,19.809662
310484485574,-1.581405,-2.188621,0.569908,-0.273796,-0.145284,-0.266885,19.842080
310584512792,-0.756067,1.121730,-0.511949,0.055277,0.229323,0.201295,19.849828
310684540010,1.484690,0.329735,0.044864,-0.242481,0.137840,-0.060856,19.856810
310784567229,1.635644,-0.411227,0.902140,0.143223,-0.118553,0.044432,19.859700
310884594447,-0.698032,-2.306476,-0.357760,-0.048680,-0.120154,0.179449,19.882089
310984621665,-0.886806,-0.995099,0.698942,-0.100448,-0.023274,-0.185441,19.862370
311084648884,-0.324095,-0.413697,-0.628671,-0.354443,-0.121210,-0.506790,19.835953
311184676102,-0.351336,-1.442248,-0.065388,-0.202532,0.000518,0.103452,19.837119
311284703320,-1.581542,-1.022126,-0.341133,-0.212125,0.173310,0.205904,19.792175
311384730538,-3.489736,-0.240063,0.603400,-0.399122,-0.009731,-0.347370,19.762706
311484757757,1.376121,-1.242313,-1.275422,-0.238359,-0.074510,-0.188067,19.687787
311584784975,-0.915146,-2.789151,0.669364,-0.120155,-0.134905,-0.267591,19.670761
311684812193,0.193937,-1.421160,-0.054089,-0.339920,0.037438,-0.255157,19.647148
311784839412,-3.264096,-1.484672,-0.147886,-0.361002,0.017364,-0.186867,19.520038
311884866630,1.713447,-0.056396,0.051121,-0.510563,-0.002095,-0.445061,19.486976
311984893848,-1.774775,-0.241424,-0.475848,-0.435576,-0.015017,-0.168788,19.458589
312084921066,1.867018,0.006356,-0.298208,-0.402760,-0.096854,-0.058097,19.374157
312184948285,1.144085,-0.623742,0.994928,-0.403611,0.027691,-0.302933,19.270804
312284975503,1.355863,-1.108222,0.477376,-0.002951,-0.060613,0.025975,19.252404
312385002721,0.488976,-0.948185,0.268742,-0.077546,-0.012142,-0.107399,19.194095
312485029940,0.977672,-0.729211,0.023226,-0.184933,-0.056028,-0.215125,19.105000
312585057158,0.622134,-3.704298,0.629961,-0.113249,-0.075175,-0.095549,18.959273
312685084376,3.332650,0.514634,-0.616035,-0.480403,-0.071746,-0.221606,18.992125
312785111594,0.980090,-0.225851,0.316191,-0.485995,-0.015432,-0.323530,18.924635
312885138813,5.274873,2.202033,1.386815,-0.005839,-0.155168,0.118857,18.769686
312985166031,0.776056,-0.339977,-0.457895,-0.364752,-0.074858,-0.228951,18.778120
313085193249,-4.607624,-2.011775,0.091612,0.262144,-0.009684,0.247960,18.759278
313185220468,-2.717652,-0.989340,0.158759,-0.163984,0.010274,-0.090136,18.564201
313285247686,-2.555746,-2.232558,-0.362540,0.414514,-0.025089,0.351354,18.479015
313385274904,5.447850,1.116386,0.432998,-0.135548,-0.021190,-0.147166,18.431626
313485302123,-4.439847,-3.640501,-0.333984,0.068878,-0.038947,-0.121092,18.402727
313585329341,-0.233254,-1.579660,0.144007,-0.866850,0.137254,-0.600796,18.369024
313685356559,-4.749640,-2.396914,-0.182569,-0.532309,0.028826,-0.177328,18.178001
313785383777,-2.625273,-1.943866,-0.702487,-0.126450,-0.073956,-0.028934,18.236476
313885410996,-4.189506,-2.632455,-0.728492,-0.520520,0.043125,-0.219193,18.082071
313985438214,-3.289749,-1.544327,0.028856,-0.688073,0.034816,-0.366335,18.058039
314085465432,5.940333,-0.523439,0.485095,0.084744,0.031151,0.130011,18.016156
314185492651,2.623900,0.344855,0.345257,-0.576660,-0.020342,-0.315409,17.957593
314285519869,6.184312,-0.741500,0.262561,0.749930,-0.027420,0.433104,17.785688
314385547087,3.632142,0.499718,0.688608,0.213868,0.044349,0.187322,17.733104
314485574305,5.464029,1.349937,0.619276,0.660794,-0.036724,0.399974,17.767397
314585601524,2.268004,1.794989,-0.232756,-0.403282,0.015840,-0.195942,17.624086
314685628742,-5.651030,-1.101967,0.094632,0.094209,0.142275,0.102911,17.607452
314785655960,3.410761,-2.829574,0.538750,-0.636695,0.009369,-0.289816,17.389752
314885683179,-2.119879,-1.443844,-0.448230,-0.405520,0.006324,-0.281186,17.512283
314985710397,-2.378075,-0.850051,-0.819012,0.146441,-0.002130,0.172974,17.300804
315085737615,-4.496489,-0.264676,-0.192205,-0.548297,-0.001651,-0.250870,17.214670
315185764833,-1.642372,-1.266627,-0.442464,-0.305145,0.005020,-0.219177,17.182168
315285792052,-2.946369,-2.431517,-0.506204,-0.495444,0.061511,-0.212360,17.050082
315385819270,-1.460073,-2.181709,-0.260364,0.130820,0.054092,0.209544,16.992177
315485846488,3.462092,-0.410200,0.047312,-0.190219,0.010724,-0.136318,16.961073
315585873707,-0.534404,0.021590,0.303115,-0.396107,0.006588,-0.184532,16.860814
315685900925,2.580985,-0.071584,0.092116,0.048961,0.015672,0.168329,16.812310
315785928143,-1.742359,-0.224966,0.690869,0.252569,0.061305,0.253120,16.664447
315885955362,2.248824,-0.108347,0.465137,0.316294,-0.043218,0.197536,16.647080
315985982580,-1.390267,0.608147,-0.642583,0.112477,0.070082,0.105911,16.505229
316086009798,-3.533234,1.045234,-0.623645,0.289061,0.017156,0.221075,16.521605
316186037016,0.640372,-0.968536,0.111115,-0.210090,0.138868,0.096297,16.330887
316286064235,-1.201487,0.810480,0.528051,-0.213924,-0.006873,-0.172661,16.189635
316386091453,-1.076555,-0.191966,-1.444995,0.043939,-0.169668,-0.068227,16.240818
316486118671,0.087605,-2.113900,0.087247,0.037615,0.014579,0.115647,16.072770
316586145890,-0.708689,-1.117056,0.889426,0.065726,0.252253,0.260388,16.146546
316686173108,0.398311,-0.351602,0.997740,0.032980,0.017244,0.029511,15.996694
316786200326,-3.208000,0.764492,-0.719865,0.470152,-0.109359,0.119539,15.960422
316886227544,-1.049086,-2.343736,1.381979,0.673617,-0.085326,0.342228,15.781404
316986254763,-5.603059,-0.797815,-0.028651,-0.177629,0.088800,-0.076257,15.791870
317086281981,-4.276942,-0.327944,-1.183847,0.191611,0.044648,0.149049,15.686608
317186309199,3.721817,-1.169805,0.091854,-0.497968,0.037388,-0.263016,15.615425
317286336418,-2.228406,0.348748,0.109124,-0.404523,-0.033796,-0.231072,15.663063
317386363636,4.554926,0.867714,0.612711,-0.413416,-0.028217,-0.292298,15.523447
317486390854,1.922362,0.038967,1.277724,-0.467188,-0.061427,-0.260956,15.501680
317586418072,1.829980,-1.379367,0.214389,-0.031821,0.050568,-0.020506,15.454415
317686445291,1.064502,-0.983007,0.301037,-0.218323,-0.093543,-0.080260,15.375147
317786472509,-2.547107,-1.246307,-1.341839,-0.299173,0.025084,-0.248535,15.318971
317886499727,0.011806,-0.359754,-0.793487,-0.077059,0.040716,-0.034375,15.208145
317986526946,-1.427555,0.556991,0.345471,-0.220769,0.151957,-0.118756,15.159978
318086554164,2.591817,0.574519,-0.457499,-0.031947,0.132032,-0.009375,15.133361
318186581382,1.687080,0.458115,-0.174739,0.216596,0.052182,0.217053,15.018406
318286608600,0.462816,-2.233767,0.300982,0.243507,-0.130886,-0.048448,14.874566
318386635819,2.769482,0.807700,-0.605744,0.102572,-0.124265,-0.143718,14.703387
318486663037,2.335688,0.653746,-1.325153,0.142398,0.141038,0.236777,14.718035
318586690255,1.302417,0.747725,-1.328475,0.252414,0.008630,0.033645,14.625158
318686717474,-1.304230,0.418133,-0.385213,-0.144305,-0.091294,-0.077979,14.599642
318786744692,-1.288367,0.828456,-2.523234,0.325285,-0.261328,-0.055440,14.525045
318886771910,4.219416,1.020179,-1.134412,0.441881,0.022195,0.325579,14.468093
318986799129,-0.049826,-2.072673,1.871380,0.265038,0.092701,0.201483,14.463522
319086826347,-1.187380,0.711360,-0.567344,0.405924,0.084674,0.366120,14.463889
319186853565,1.023661,0.208411,0.001416,-0.334093,0.055295,-0.029828,14.472574
319286880783,-2.260805,-0.563094,-0.056105,-0.207176,0.061559,-0.256611,14.530361
319386908002,0.383174,-0.412176,0.870605,0.039873,-0.018003,0.155110,14.555546
319486935220,-3.870362,2.587565,0.492909,-0.450612,-0.033060,-0.315908,14.497201
319586962438,1.831785,0.665789,-1.272225,-0.068001,-0.253069,-0.464698,14.523565
319686989657,-1.301399,-1.378204,1.312343,0.106290,-0.008812,0.381074,14.581083
319787016875,-2.580003,-1.929507,2.540072,0.121996,0.314323,0.680269,14.518550
319887044093,0.838333,2.231453,-1.839795,0.120414,0.136214,-0.063408,14.519420
319987071311,1.259247,-2.152221,1.428068,-0.141038,-0.179597,-0.234323,14.668165
320087098530,-0.626947,0.000933,0.492534,-0.059447,-0.190487,-0.117283,14.614998
320187125748,2.668936,-0.490143,-0.148068,-0.330918,-0.050563,-0.344383,14.608245
320287152966,-2.309559,0.197457,-0.192814,-0.434488,0.075971,-0.090809,14.692653
320387180185,2.470591,-1.236708,-0.210698,-0.368119,-0.014538,-0.202482,14.664800
320487207403,-1.650570,-0.471811,0.203139,-0.446214,-0.117899,-0.211495,14.689411
320587234621,-2.691637,-2.418849,-1.116182,-0.229867,0.121802,-0.176511,14.625070
320687261839,2.704877,-0.684247,0.064764,-0.308257,0.131226,-0.245419,14.652571
320787289058,-1.783778,1.157584,-0.602308,0.155385,0.003323,0.151608,14.610774
320887316276,0.821142,1.123006,0.221883,0.188262,-0.047169,0.073118,14.613591
320987343494,-1.419850,1.132471,0.236160,0.180837,-0.101112,0.045665,14.474280
321087370713,2.067272,-1.758014,0.379498,0.348457,0.024454,0.327144,14.484469
321187397931,1.823634,-0.309253,1.146146,-0.040738,0.157217,0.143220,14.488889
321287425149,0.341202,-0.228259,0.057576,-0.021297,0.023949,-0.041668,14.447848
321387452367,1.580740,1.161042,0.052876,-0.023624,-0.015151,-0.213231,14.302021
321487479586,-1.252972,-1.504269,1.036808,0.047832,0.113279,0.240666,14.364321
321587506804,-2.179432,-0.639744,0.928983,0.071627,0.132646,0.107611,14.379514
321687534022,-0.802998,-1.936489,-0.444973,0.126064,-0.000254,0.173169,14.268880
321787561241,2.045701,0.745022,-1.456824,0.003089,-0.197737,-0.146921,14.182034
321887588459,3.820518,1.577206,-1.459463,0.110767,0.152546,0.355891,14.111606
321987615677,-3.508327,-1.815817,0.754205,0.287415,0.194772,0.446180,14.129340
322087642896,3.016594,-3.399195,-1.144058,0.002966,0.077753,0.059819,14.108467
322187670114,-1.499793,0.008566,1.308022,0.322190,0.095198,0.260374,14.061165
322287697332,-1.479880,-1.522729,0.952742,-0.065912,-0.058517,-0.017481,14.060359
322387724550,-2.048911,-4.205634,0.213814,0.163687,-0.089566,0.049374,13.998729
322487751769,0.350827,-3.552739,0.275710,0.004680,-0.165993,-0.065330,13.902248
322587778987,-1.146610,-3.005039,-0.033479,0.089705,-0.030335,0.052904,13.888293
322687806205,0.372857,-3.400374,-0.431997,0.171070,0.004124,0.072683,13.827323
322787833424,0.116853,-2.112756,-0.332182,-0.100377,-0.031357,0.072979,13.756674
322887860642,-0.983639,-3.648024,0.213171,0.054292,0.107034,-0.031721,13.698024
322987887860,-0.083264,-3.080746,-0.261296,0.031692,0.005213,0.160849,13.626904
323087915078,0.214991,-2.607807,0.452888,-0.010576,-0.042992,-0.117046,13.574098
323187942297,-0.139845,-2.990361,0.143245,0.018281,0.018671,-0.144532,13.443226
323287969515,-0.126944,-2.355874,0.165856,-0.151648,0.004913,0.054273,13.301976
323387996733,-2.148299,-2.373959,0.044191,0.281581,0.047925,0.030732,13.184781
323488023952,2.628034,-1.171645,1.660126,0.259463,-0.103504,0.082421,13.006311
323588051170,-2.191695,0.897662,-1.679916,-0.230031,-0.109916,-0.315599,12.772566
323688078388,-3.300671,0.113312,-0.330715,-0.006246,0.010286,0.003722,12.470846
323788105606,1.356754,-2.514644,-0.827266,0.265287,0.204183,0.178802,12.056993
323888132825,-2.755617,0.009123,-0.929338,0.144600,-0.027800,0.094328,11.774273
323988160043,2.731991,0.274111,-0.017256,-0.434543,-0.047827,-0.119143,11.366661
324088187261,-1.493019,-1.475298,0.206952,-0.307620,-0.058751,-0.122066,10.994962
324188214480,1.893440,-2.367353,1.667885,0.243362,-0.088035,0.053437,10.881373
324288241698,-0.476521,-2.373716,0.288581,0.157054,0.004506,0.132463,10.544715
324388268916,1.825275,-1.074883,0.141356,0.004675,0.009371,0.000612,10.295395
324488296135,0.425804,-3.122734,0.418969,0.147827,0.041348,0.183234,10.077238
324588323353,2.495553,-2.733028,0.796496,0.389243,-0.028482,-0.007834,9.768574
324688350571,3.806246,-3.109388,-0.481951,0.131348,-0.061532,-0.067972,9.674419
324788377789,5.026438,-3.169807,0.789072,0.540444,0.005641,0.353859,9.512283
324888405008,-1.039330,-5.116177,0.837372,0.103216,0.120755,0.122142,9.355899
324988432226,-0.584183,-4.726731,-0.409761,0.370440,-0.037910,0.189101,9.286716
325088459444,-3.813303,-4.586898,-0.485627,0.062894,0.093904,0.026697,9.365019
325188486663,0.796595,-1.562585,0.856113,0.311290,0.016630,0.243883,9.259112
325288513881,3.882626,-3.141829,0.405371,0.488977,0.053376,0.187720,9.144803
325388541099,-0.473179,0.008860,-0.199823,-0.142226,0.077339,-0.033990,9.051520
325488568317,2.619669,-2.054342,0.210330,0.106667,-0.002792,0.048000,8.760153
325588595536,0.421984,-0.861303,0.106898,-0.253085,-0.046908,-0.194494,8.558264
325688622754,2.297797,-0.894577,0.761089,-0.159846,-0.056815,-0.054985,8.310956
325788649972,-2.779253,0.377087,-0.938358,-0.312872,0.049991,-0.278704,7.987676
325888677191,-1.555828,-1.279167,-0.621996,-0.047376,-0.059430,-0.051254,7.736189
325988704409,-2.570319,0.353905,0.123450,-0.356481,-0.000975,-0.236744,7.271773
326088731627,-0.509976,-1.088394,0.155032,0.217897,0.011160,0.000444,6.977275
326188758845,1.318419,-1.636459,-0.083853,-0.177289,0.002820,-0.064149,6.651328
326288786064,-3.386623,0.020545,-0.534962,0.339540,0.005849,0.078318,6.251839
326388813282,2.327182,-1.444253,0.525791,0.339246,-0.049605,0.238920,5.988519
326488840500,-2.683595,0.786587,-0.286820,0.356898,-0.058267,0.315673,5.677562
326588867719,1.496042,-0.461786,-0.179099,0.312170,0.047634,0.204184,5.527404
326688894937,-0.903665,1.185917,-0.447417,0.250371,-0.053101,0.186177,5.529106
326788922155,2.286950,-1.071212,0.341443,0.310404,-0.028212,0.079169,5.348821
326888949373,0.859191,-0.275554,-0.142611,0.125006,-0.084768,0.067048,5.340195
326988976592,-1.796333,-1.117456,-0.502152,0.233268,-0.022266,0.084629,5.214658
327089003810,-0.780641,0.175438,-0.089260,0.101583,-0.018641,0.036330,5.049560
327189031028,-0.572894,-0.192662,0.034403,0.224793,-0.003922,0.126422,5.064003
327289058247,-0.960055,0.094867,0.013246,-0.107859,0.032437,-0.111417,4.911214
327389085465,-0.463824,-0.980841,-0.029305,0.076024,-0.050389,0.036091,4.809045
327489112683,2.593767,-0.652551,-0.005975,-0.192916,-0.004765,-0.187536,4.755323
327589139902,0.264877,0.428687,0.139266,-0.012685,-0.010331,-0.005706,4.561073
327689167120,2.443959,-0.707215,-0.118262,0.234774,-0.035401,0.066230,4.586107
327789194338,0.514966,0.661009,0.429616,-0.157511,-0.025675,-0.043415,4.478717
327889221556,2.145855,-1.075877,0.168017,-0.141651,0.023093,-0.074324,4.475657
327989248775,-0.909602,-0.816470,-0.179791,-0.222875,-0.027604,-0.169032,4.361913
328089275993,-0.047286,0.573830,-0.146527,-0.054008,0.028223,-0.042265,4.361447
328189303211,-1.534678,0.569741,-0.244368,-0.216903,0.021549,-0.123112,4.311210
328289330430,0.654577,-0.376881,0.160563,0.002547,0.006583,0.025101,4.228077
328389357648,1.652373,-0.350362,-0.115469,-0.143475,-0.000869,-0.101021,4.127794
328489384866,0.683527,0.714996,-0.221999,0.130926,-0.047540,0.086697,3.967721
328589412084,1.380136,0.443436,-0.048647,0.003498,0.027556,-0.006818,4.093059
328689439303,-0.604207,0.581060,-0.022703,0.187762,-0.044046,0.059292,3.966897
328789466521,1.011491,-0.043373,-0.030295,0.123630,-0.035026,0.086050,3.820274
328889493739,-0.635360,0.338327,0.198748,0.099493,0.039865,0.053553,3.967083
328989520958,0.208386,0.549074,-0.391356,0.156460,-0.051478,0.076617,3.724511
329089548176,1.061253,0.968892,0.125978,0.110219,0.002503,0.009858,3.690406
329189575394,1.336756,-0.023769,-0.086164,0.100200,0.017590,0.080881,3.687263
329289602612,1.146381,0.943580,0.250710,-0.093257,0.038002,-0.037847,3.571457
329389629831,-0.442007,0.927869,-0.042280,0.031173,0.014258,0.001973,3.617062
329489657049,0.289830,0.324320,0.088790,-0.138615,0.023308,-0.075792,3.501109
329589684267,-0.735847,1.295124,-0.109723,-0.072167,-0.004839,-0.068547,3.491429
329689711486,0.517944,0.623301,-0.066179,-0.059247,0.023394,-0.054396,3.487459
329789738704,0.650276,0.853277,-0.091767,-0.099097,0.020498,-0.027061,3.439333
329889765922,1.026940,1.533513,0.107197,-0.022504,0.036105,0.011001,3.389006
329989793140,1.001365,1.174189,-0.004566,-0.065117,0.008271,-0.058089,3.436019
330089820359,-0.242519,2.090414,-0.347836,-0.129219,0.027573,-0.075735,3.437453
330189847577,1.234311,1.792045,0.379520,0.004728,-0.005383,-0.005461,3.256501
330289874795,-0.235945,1.503578,0.125440,0.130053,-0.018283,0.055430,3.359939
330389902014,0.820262,2.461370,-0.118306,0.100897,0.038895,0.059888,3.353411
330489929232,0.263574,1.763366,0.079436,-0.003270,0.029624,-0.046433,3.328629
330589956450,-0.285779,1.300291,-0.107018,0.068302,0.021159,0.060810,3.295376
330689983669,-0.154176,1.706999,0.105678,-0.021115,-0.035543,-0.038740,3.452165
330790010887,-0.462966,1.000033,-0.258961,0.061502,-0.062870,-0.011880,3.455498
330890038105,1.462502,4.391978,0.709374,-0.054211,-0.066197,0.010237,3.489904
330990065323,0.792047,5.026751,-0.221150,0.062864,-0.027891,0.039937,3.593961
331090092542,0.757547,1.132904,-0.552240,0.165362,-0.080740,0.113443,3.632028
331190119760,-0.949822,0.565558,-0.048830,0.152071,-0.044812,0.024313,3.735884
331290146978,-1.473694,1.537237,-0.117459,-0.005647,-0.057033,-0.016772,3.872399
331390174197,0.198573,2.306281,0.147948,0.119482,0.043864,0.010376,3.894127
331490201415,1.088663,1.798922,0.651520,-0.040065,0.042879,-0.068019,4.002239
331590228633,0.427080,1.214029,0.492515,0.034454,-0.062529,-0.020962,4.101611
331690255851,2.790765,2.545306,0.016778,-0.222143,-0.000999,-0.205692,4.187829
331790283070,-1.936345,0.573232,-0.774939,-0.065170,0.011286,-0.083198,4.301692
331890310288,1.882146,1.079191,-0.208595,-0.325187,0.070790,-0.207223,4.584739
331990337506,-2.712006,1.200812,-0.501840,-0.214721,0.028653,-0.177654,4.727815
332090364725,0.874104,2.686935,0.305864,0.164385,0.041848,0.076648,4.749036
332190391943,-0.970988,1.470596,0.080586,-0.129333,0.001271,-0.136209,4.985019
332290419161,1.402804,2.837890,-0.252565,0.117126,-0.015604,-0.024572,5.024568
332390446379,1.894629,2.070019,0.106953,0.045705,0.014242,-0.135550,5.020584
332490473598,0.929737,2.298883,0.235022,0.188761,-0.008653,0.050958,5.261514
332590500816,0.973575,2.068958,0.405592,0.144077,0.045130,-0.030361,5.295240
332690528034,-0.833916,1.695075,0.351171,0.270962,0.028770,0.129354,5.242549
332790555253,0.827323,1.907979,0.374880,0.229912,-0.030342,0.032637,5.353912
332890582471,-0.503291,2.125822,-0.593750,0.285215,-0.046229,0.065887,5.402344
332990609689,0.926385,2.331701,-0.101900,0.212773,0.045190,0.050931,5.453933
333090636908,0.589043,2.111149,0.283220,0.287183,0.072876,0.084149,5.537944
333190664126,0.540616,2.620257,0.100261,0.187627,0.000771,0.017346,5.512364
333290691344,-0.783901,2.237297,-0.044236,0.389207,-0.018339,0.098145,5.712189
333390718562,0.066588,2.461807,0.116734,0.274111,0.011012,0.119799,5.863589
333490745781,-1.016547,1.925607,-0.048884,0.152093,-0.028937,-0.075553,5.944248
333590772999,1.518981,2.742173,0.191090,0.339097,-0.008778,0.086482,6.044406
333690800217,0.100223,1.517718,-1.048564,0.192795,0.035202,0.016738,6.192864
333790827436,-0.532306,0.468825,0.138022,0.247189,-0.047376,0.026072,6.276831
333890854654,0.315448,1.778939,-0.168810,0.169276,0.102618,-0.000813,6.287674
333990881872,-1.318812,1.646025,0.711920,0.071500,0.065290,-0.019968,6.415290
334090909090,-0.579563,1.729228,0.013779,0.360977,-0.072485,0.103837,6.574268
334190936309,1.112766,4.554443,-0.028536,0.144192,-0.000134,0.011090,6.571712
334290963527,0.049637,2.466780,-0.116237,0.598969,-0.017045,0.215431,6.716552
334390990745,1.106792,4.221412,0.355418,0.437044,0.012167,0.069178,6.827410
334491017964,-1.122698,-0.100800,0.672355,0.592763,0.060546,0.220961,6.891555
334591045182,-0.164093,4.178852,0.316128,0.529377,-0.030819,0.168838,7.007969
334691072400,-2.315494,-1.278466,0.078624,0.589753,-0.013622,0.164443,7.020913
334791099618,-1.683282,0.938523,-0.219934,0.819869,-0.026723,0.412001,7.119296
334891126837,-1.853032,-4.269932,0.775058,0.417244,0.134119,0.195522,7.191918
334991154055,-1.824535,3.209733,-0.639174,0.644546,0.103134,0.412086,7.141591
335091181273,-1.025680,3.613437,0.469261,0.544997,-0.085434,0.050590,7.321006
335191208492,-1.007513,0.426715,-0.849660,0.102503,-0.013984,0.015676,7.312540
335291235710,-0.225560,1.875980,0.619357,0.065459,0.029685,-0.192449,7.429620
335391262928,-0.777385,0.951004,-0.173015,0.152490,0.012908,0.104257,7.557725
335491290146,-2.288142,0.190102,-0.665012,0.185973,0.044071,0.107484,7.557224
335591317365,-1.562444,-0.050090,-0.213755,0.080458,0.052883,-0.024829,7.507662
335691344583,-1.930829,1.858841,0.485605,0.181770,-0.043175,-0.119602,7.599729
335791371801,-2.222232,0.067221,-0.073296,0.085789,-0.040173,-0.027262,7.706860
335891399020,-1.289055,0.876113,0.604579,0.222648,-0.030204,0.139670,7.828329
335991426238,-2.278753,1.175780,-0.000423,0.022513,0.051225,-0.093264,7.949616
336091453456,-1.218700,-1.147550,0.018248,0.227647,0.022599,0.064356,8.013856
336191480675,-1.601486,0.449272,0.800562,0.099875,0.056132,0.103891,8.193719
336291507893,-0.845792,1.110487,1.051944,0.246993,0.054598,0.099269,8.287782
336391535111,-1.328398,1.105759,-0.402482,0.126902,-0.035219,0.060981,8.390095
336491562329,-1.904058,-0.908499,-0.721315,0.231517,-0.042353,0.073696,8.535469
336591589548,-1.007371,2.045735,0.201810,0.286308,-0.064111,0.037634,8.644988
336691616766,-1.956591,2.676976,0.266742,-0.230480,0.010158,-0.179257,8.697152
336791643984,-1.722177,-0.387700,0.053783,0.014304,0.063522,0.106193,8.859452
336891671203,-1.280889,1.478565,0.386258,0.216738,-0.050798,0.044977,8.951809
336991698421,-1.075291,0.152236,0.414298,0.086725,-0.092935,-0.122295,9.057210
337091725639,-1.529479,2.929251,-0.494195,-0.141296,-0.077870,-0.164582,9.186119
337191752857,-3.436121,-0.270070,-0.143831,0.420883,-0.045261,0.159246,9.256584
337291780076,-0.599756,3.310070,0.379464,0.263369,-0.000119,0.094974,9.417206
337391807294,-1.877545,-0.692142,0.021644,0.368813,0.072204,0.193176,9.518328
337491834512,-0.986794,2.045149,0.959638,0.347792,-0.106722,0.043716,9.611313
337591861731,-0.875477,-0.324964,0.499730,0.111896,0.027506,-0.025153,9.771481
337691888949,-2.330927,0.510285,-0.818291,0.218925,-0.026769,0.149128,9.822777
337791916167,-1.158918,-2.501311,-0.127846,0.169847,0.053571,-0.066181,9.846282
337891943385,-2.144016,1.826883,-1.105405,0.603985,0.041240,0.406353,10.004359
337991970604,-2.271548,3.575903,0.956946,-0.201410,0.003462,0.073816,10.200975
338091997822,-2.477829,0.836911,-0.056835,0.144697,0.048252,-0.178235,10.289776
338192025040,-0.356217,4.672164,-0.173549,-0.503975,0.003820,-0.403323,10.381490
338292052259,-1.758810,-2.582593,0.524588,-0.329298,0.043123,-0.198695,10.424943
338392079477,-2.188283,-3.257420,-0.842449,0.190009,0.053633,0.022056,10.565152
338492106695,-2.868410,-3.241187,0.320789,-0.571308,0.045046,-0.373397,10.686705
338592133913,-2.387462,-1.367654,0.629727,0.006063,-0.058795,-0.016823,10.696111
338692161132,-1.752567,3.679441,0.460518,-0.209355,-0.074219,-0.213627,10.841521
338792188350,-2.024260,0.713651,0.332938,0.129866,-0.035229,0.078804,10.993196
338892215568,-0.800192,2.591494,-0.146124,-0.170596,0.079370,-0.120342,11.086969
338992242787,-0.867027,-2.175505,0.317146,-0.275942,0.028486,-0.218993,11.142060
339092270005,-1.446539,2.231138,0.361744,-0.096110,0.048566,-0.013199,11.272470
339192297223,-0.894112,-1.165572,0.500214,0.421408,0.039770,0.073467,11.387403
339292324442,-0.153964,2.107820,0.431848,0.160209,-0.062979,0.172708,11.477151
339392351660,-1.214480,-1.934542,-0.047579,-0.131145,0.050473,-0.194995,11.528269
339492378878,0.089384,4.243486,0.918831,0.487838,-0.012490,0.269341,11.670513
339592406096,-1.384590,-3.384807,-0.465210,0.430616,-0.033695,0.219743,11.721730
339692433315,-1.461184,-1.490990,-0.524395,0.920109,0.036560,0.410218,11.802541
339792460533,-1.067643,7.812184,0.990018,0.601775,-0.077937,0.396493,11.962476
339892487751,-1.207365,1.434303,0.839643,0.806481,-0.039942,0.385295,12.132229
339992514970,-1.579274,6.290790,0.660907,-0.326158,-0.019497,-0.262437,12.037580
340092542188,-0.708927,3.258284,0.048833,0.301086,0.057064,0.228783,12.168730
340192569406,-0.357152,3.688645,0.261043,-0.430916,0.131787,-0.221976,12.273598
340292596624,-2.456402,-3.155470,-0.982718,-0.147762,-0.046312,-0.143820,12.340270
340392623843,-2.619171,2.736423,0.591872,-0.464556,-0.139500,-0.307097,12.508893
340492651061,-0.788748,-4.961514,0.540777,-0.416327,0.065351,-0.299694,12.521172
340592678279,-1.254047,0.876245,0.957455,-0.366278,0.039072,-0.147489,12.570025
340692705498,-1.041918,-4.836548,0.342037,-0.544533,0.006938,-0.256466,12.649083
340792732716,-1.150127,1.645548,-0.120247,-0.113295,0.015875,-0.170758,12.732792
340892759934,-0.651314,0.677429,0.167288,-0.420811,-0.040685,-0.260311,12.858704
340992787152,-0.765649,-0.781256,0.098672,0.227877,0.101166,0.281302,12.854911
341092814371,-1.851636,-2.140130,0.898045,-0.093628,-0.047037,-0.001312,13.106550
341192841589,-1.645239,-0.508628,-0.890249,0.294955,-0.033774,0.084432,13.116827
341292868807,-0.964330,1.536086,1.518203,0.141074,-0.094743,0.072002,13.160482
341392896026,-1.964916,-2.220517,-0.911988,-0.178289,0.140570,-0.003904,13.237432
341492923244,-0.994567,0.751846,-0.502040,0.152954,0.098257,0.168253,13.306295
341592950462,-0.594453,-2.621233,0.055832,-0.004695,-0.140887,-0.100589,13.469127
341692977681,-0.761831,-1.636080,0.400752,0.132871,-0.072956,0.022293,13.592684
341793004899,-0.862076,1.564528,-0.483548,0.032901,0.101831,0.247207,13.659498
341893032117,-0.605016,2.065482,-0.152783,0.322149,0.066175,0.334273,13.671383
341993059335,-1.602817,-0.098963,0.202769,-0.186754,-0.006715,0.004867,13.766038
342093086554,1.489258,-3.378255,-0.457609,-0.102720,0.042207,-0.036217,13.820375
342193113772,0.470785,-0.209873,-0.779957,-0.198298,0.017675,-0.093220,13.926314
342293140990,-0.033937,-3.670746,-1.882446,-0.323288,0.125636,-0.117231,14.093263
342393168209,-0.523867,2.446703,0.179444,-0.451117,0.139961,-0.287086,14.173065
342493195427,0.557444,-3.559390,-0.323692,-0.560649,-0.094953,-0.102572,14.253389
342593222645,-2.112146,-5.379340,0.259367,0.038326,-0.183488,0.207867,14.293588
342693249863,-0.353404,-2.568979,-0.002127,-0.082641,-0.009355,-0.087647,14.353874
342793277082,-0.543114,-2.823759,0.587980,-0.042479,0.033301,0.102541,14.482943
342893304300,-1.847339,-1.605065,-0.146596,-0.012275,0.008810,0.040458,14.528489
342993331518,1.058020,-2.222117,0.542906,-0.066625,-0.112445,-0.031274,14.508556
343093358737,-0.107082,-1.740652,0.353600,-0.127578,-0.011425,-0.059802,14.620012
343193385955,0.008917,-3.277987,0.307420,-0.180125,0.040852,0.017887,14.679418
343293413173,-1.081419,-1.361341,-0.007908,-0.080489,-0.019592,0.054049,14.593275
343393440391,0.278531,-1.892580,-0.681268,-0.142907,0.025976,-0.001633,14.618870
343493467610,-0.980221,-1.006351,0.148520,0.063807,0.010851,0.128424,14.669662
343593494828,-1.061397,-2.031801,0.091676,-0.019035,0.005922,0.070298,14.718764
343693522046,-0.143046,-0.558863,0.009895,0.132040,0.017735,0.091479,14.741688
343793549265,-1.376434,-0.700731,0.143335,-0.331078,0.012572,-0.015203,14.750591
343893576483,-2.331104,-2.407431,-0.500553,-0.240190,-0.023949,-0.103722,14.837149
343993603701,-0.993818,-1.895085,-0.233730,-0.004118,-0.121121,-0.089741,14.754132
344093630919,3.539519,-2.402223,-1.051474,-0.186046,-0.025218,0.024432,14.821920
344193658138,-2.972381,-1.741584,-0.274876,-0.087635,0.007338,-0.089179,14.864408
344293685356,-0.293193,-2.157087,-0.728833,-0.475023,-0.020694,-0.094113,14.956986
344393712574,-1.241131,-0.304296,-0.251146,-0.177826,-0.037679,0.056883,14.897457
344493739793,-0.214376,-3.120492,1.183652,-0.347712,-0.111726,-0.195461,15.007366
344593767011,-0.332094,-3.307003,-1.007725,-0.142636,-0.080114,-0.080036,15.069437
344693794229,1.008787,-4.585987,-1.041064,-0.283410,0.140402,-0.019503,15.041009
344793821448,-1.169332,-1.925670,0.070034,-0.228831,0.073019,-0.006049,15.140268
344893848666,-1.155289,-0.112345,-0.221109,-0.463718,-0.029218,-0.121755,15.051271
344993875884,-1.318865,-1.113159,-0.604814,-0.168328,-0.044012,0.019492,15.173558
345093903102,0.131939,-0.899477,0.176317,-0.179624,0.064932,-0.008915,15.200725
345193930321,-1.812180,-5.916367,0.156154,0.119901,0.069142,0.324375,15.243430
345293957539,0.537337,-2.829772,-0.009726,0.104584,-0.059913,-0.060506,15.300398
345393984757,-1.046942,-3.301151,-0.193910,-0.252012,-0.000420,0.079584,15.240188
345494011976,0.299770,-1.986477,-0.339150,-0.179892,0.025729,0.031330,15.303748
345594039194,0.439991,-4.610718,-0.726047,-0.321772,0.109558,-0.051655,15.419858
345694066412,-0.408852,-1.241847,0.026864,-0.084334,0.050079,0.113942,15.387489
345794093630,-0.889254,-3.690626,0.454336,-0.054362,0.104815,0.023461,15.360431
345894120849,-1.213989,-4.072757,0.423789,0.047075,-0.083769,0.067732,15.440983
345994148067,-2.026576,-1.457980,-0.485553,-0.032818,0.143688,0.059232,15.446896
346094175285,-2.673491,-3.626863,-1.232986,-0.272719,0.192661,-0.033397,15.459240
346194202504,-0.826051,-3.783192,0.580169,-0.097326,0.141812,0.021481,15.524110
346294229722,1.564129,-3.416617,0.522886,-0.003672,-0.059080,0.149029,15.515753
346394256940,-3.081985,-2.167425,-0.253742,-0.042337,-0.086388,0.000058,15.533851
346494284158,-1.602041,-5.444163,0.070580,0.342806,0.069431,0.302109,15.588690
346594311377,-5.143885,-4.277438,0.071840,-0.431154,0.080131,0.028278,15.613688
346694338595,-3.123166,-4.917094,0.243837,-0.131973,-0.083847,-0.053359,15.518827
346794365813,-0.199515,0.574489,-0.595246,-0.131383,0.065998,0.124179,15.575180
346894393032,-2.896411,-0.865643,-1.107308,-0.038509,-0.058653,0.193051,15.661221
346994420250,-1.195991,-2.692045,0.837870,-0.146126,-0.060546,-0.043513,15.548086
347094447468,-3.584240,-2.335643,-1.175662,0.012291,-0.154360,0.093696,15.557902
347194474686,-2.118073,-1.003258,-0.735753,-0.063827,0.115207,0.046842,15.601402
347294501905,-2.127617,-3.204756,0.739083,-0.215791,0.106780,-0.022155,15.464236
347394529123,-3.334125,-2.800632,-0.642544,-0.241333,-0.009110,-0.032324,15.481581
347494556341,-2.931225,-2.694141,0.005808,-0.250503,-0.002250,-0.085547,15.562378
347594583560,-2.107678,-2.743718,-0.000255,-0.175560,-0.070536,-0.061923,15.449766
347694610778,-2.291963,-2.851542,0.324623,-0.073300,-0.067192,0.093059,15.442004
347794637996,-2.213376,-4.209473,-0.816084,-0.110648,0.017062,0.053256,15.437213
347894665215,-0.885839,-4.190239,-1.078820,0.020974,0.132264,0.120746,15.365157
347994692433,-2.378766,-3.265648,0.403758,-0.002000,-0.044037,0.083697,15.155418
348094719651,-2.258924,-2.960808,-0.401937,-0.070149,-0.006147,0.125258,15.174410
348194746869,-5.343897,-3.543689,0.368997,-0.103935,0.005461,0.016377,15.091628
348294774088,-2.897909,-0.579224,0.033315,0.006937,0.015935,0.158143,15.002701
348394801306,-1.033112,-1.699434,0.828891,-0.277901,0.089902,-0.027459,14.930641
348494828524,-5.484157,-0.667123,-0.080362,-0.022658,0.085687,0.162656,14.797082
348594855743,-4.544077,-1.989024,-0.430716,-0.435866,0.116149,-0.139686,14.753902
348694882961,-4.053708,1.074567,0.224502,-0.297034,0.044265,0.007651,14.659961
348794910179,-2.726473,-3.012211,0.607584,-0.369853,0.097328,-0.082852,14.551653
348894937397,-7.009766,-0.677251,0.778739,-0.567600,-0.038205,-0.198021,14.534508
348994964616,-1.892656,-1.501707,-0.250488,-0.153381,-0.012359,0.005408,14.323120
349094991834,-4.431340,0.169318,0.958363,-0.604359,-0.031326,-0.340361,14.004276
349195019052,-6.705348,1.534683,-0.887888,-0.731984,0.031291,-0.222817,13.772415
349295046271,-2.190221,-2.322843,0.068036,-0.196874,0.037415,-0.023697,13.397823
349395073489,-5.170661,-0.441096,-0.075315,0.060747,0.017439,0.162850,13.252652
349495100707,-1.956166,0.087594,-0.461460,-0.007261,-0.046710,0.075947,13.087082
349595127925,-1.868781,0.559422,0.282911,-0.090080,-0.036062,-0.033734,12.910565
349695155144,-2.513195,-1.790068,0.415041,-0.195755,-0.072768,0.047974,12.770577
349795182362,-2.984007,1.251589,0.271879,-0.274864,-0.003268,-0.115495,12.608953
349895209580,-0.552264,-0.156925,-0.304156,-0.053909,-0.004490,0.179134,12.428676
349995236799,-4.392147,0.454646,0.214418,0.031154,0.075536,0.204637,12.375292
350095264017,-2.313661,0.291862,-0.479149,0.125364,0.055226,0.105414,12.238627
350195291235,0.411284,-1.158057,-0.055468,0.029477,-0.021914,0.195024,12.217651
350295318454,0.121208,-2.217108,0.303181,0.047374,-0.073838,0.155272,12.017835
350395345672,-0.469874,0.210656,-0.183121,0.087432,-0.005389,-0.005082,12.005142
350495372890,2.285218,-0.671560,0.152691,0.251026,-0.031962,0.294957,12.103287
350595400108,1.388945,-0.991144,-0.045112,0.318128,-0.015688,0.085982,11.840935
350695427327,-2.553208,-1.522071,-0.257659,-0.252698,0.015038,-0.083867,11.644888
350795454545,1.111148,0.042035,-0.565835,0.090124,-0.023546,0.098927,11.686490
350895481763,1.626031,-1.165945,0.736679,0.038234,-0.105295,-0.045158,11.648044
350995508982,-0.887235,0.801774,-0.957138,-0.199018,0.098704,-0.035119,11.617458
351095536200,-1.629194,-1.295883,0.706616,0.088682,0.133432,0.138793,11.511817
351195563418,-1.742211,-1.644664,0.647472,0.047780,0.074432,0.050026,11.406603
351295590636,-0.982787,-0.506251,-0.120494,0.157315,-0.082317,0.053229,11.466999
351395617855,-0.926428,-0.092842,0.093614,-0.092834,-0.012333,-0.105983,11.478499
351495645073,0.320730,-0.772982,-0.820026,0.080985,0.106573,0.147716,11.336484
351595672291,0.586796,-2.052115,0.777239,-0.075874,0.111079,0.083739,11.348071
351695699510,-0.995739,-1.258755,0.629853,-0.039166,-0.070625,-0.056264,11.544275
351795726728,-0.530837,0.376340,-1.343228,-0.183027,0.082956,-0.042765,11.244869
351895753946,0.718037,-1.604985,0.814249,0.180739,0.079620,0.182543,11.106631
351995781164,-3.813705,0.347267,0.757466,0.078496,0.080301,0.052468,11.295334
352095808383,0.583683,-0.106004,-0.667402,0.373887,-0.011965,0.215704,11.200629
352195835601,3.259986,-2.594545,0.984384,0.587557,-0.166411,0.144066,11.140473
352295862819,-1.751941,-0.855163,-0.323136,-0.129119,-0.030324,-0.116348,11.222468
352395890038,3.075536,-1.784838,0.928720,-0.274390,-0.001364,-0.184262,11.164582
352495917256,2.151825,-0.182463,-0.427233,-0.496987,0.028392,-0.189560,11.043114
352595944474,3.512417,-1.689865,-0.850748,0.315946,0.012231,0.221122,11.014069
352695971692,1.069413,-2.478144,0.398582,-0.025252,-0.085645,-0.188000,10.946675
352795998911,-2.023393,0.787853,-0.250608,0.316922,-0.007090,0.250082,10.922822
352896026129,1.088494,-2.387172,-0.588653,0.184606,0.071645,0.149871,10.852859
352996053347,-2.242609,2.858946,0.286992,0.206832,0.058652,0.173170,10.939383
353096080566,-1.846856,0.906419,-0.422060,0.461052,0.010961,0.223671,10.801871
353196107784,-2.454111,2.419299,-0.214639,-0.000471,-0.034599,0.058856,10.669035
353296135002,-0.622379,-1.719310,-0.250976,0.243011,-0.050675,0.068402,10.639054
353396162221,2.600163,0.080973,0.764531,0.246063,-0.062919,0.180531,10.560057
353496189439,1.518371,-0.423549,0.335974,0.061979,0.000012,0.042465,10.531027
353596216657,2.578313,-1.145484,-0.343247,0.053681,0.041648,0.028129,10.519309
353696243875,-0.657971,1.171627,0.094293,0.151928,0.026271,0.072259,10.453657
353796271094,-0.966554,1.620392,0.308504,0.126966,-0.015498,0.045691,10.422230
353896298312,-1.670163,-0.152459,-0.570845,0.077425,-0.095802,0.014548,10.087812
353996325530,-0.324170,-0.112121,0.005135,0.176006,-0.055581,0.054425,10.188718
354096352749,-1.036290,0.955912,-0.077221,-0.060274,0.053329,-0.024161,10.272011
354196379967,1.558641,-0.907426,-0.632305,0.170540,0.057100,0.178759,10.431082
354296407185,-0.177864,-0.780079,0.997087,0.087964,0.053397,0.079968,10.333842
354396434403,0.167738,0.728230,0.747812,0.037616,-0.129238,0.008104,10.429381
354496461622,0.215954,0.226578,0.070811,0.028694,-0.036985,0.011385,10.486109
354596488840,0.281015,0.773009,-0.214585,-0.013264,0.068740,0.055891,10.357796
354696516058,0.308350,0.325175,-0.234331,0.046358,0.082831,0.037233,10.359758
354796543277,0.131304,-1.305320,0.160687,0.051573,-0.024153,0.031477,10.375554
354896570495,-0.371944,-0.353304,-0.052425,-0.318091,-0.053681,-0.141840,10.363503
354996597713,-1.154269,1.715019,-0.614087,-0.242756,0.133349,-0.118523,10.496414
355096624931,-0.185011,0.567154,-0.183012,-0.214169,0.074336,-0.139229,10.486617
355196652150,-0.694567,0.460643,0.455475,-0.005576,0.043743,-0.022469,10.420334
355296679368,-1.895579,-1.727012,0.106730,-0.120508,-0.096121,0.001421,10.467201
355396706586,-0.501701,0.255806,-0.550229,0.062256,-0.010759,-0.025368,10.467008
355496733805,-0.065656,-0.509635,-0.159453,-0.111029,-0.010899,0.031648,10.617957
355596761023,-0.743225,0.788245,0.598936,0.025211,-0.078143,0.087645,10.546453
355696788241,1.156521,0.593483,-0.682944,-0.012934,0.094958,0.106702,10.542007
355796815459,-1.576450,1.095091,0.383435,0.089502,0.091571,0.208692,10.598151
355896842678,1.641653,0.476456,0.348256,0.163795,0.010414,0.045715,10.633895
355996869896,-1.214313,0.965311,-0.706503,0.045052,-0.070834,0.030415,10.685319
356096897114,-1.064248,-0.432650,-0.131865,0.107815,-0.002276,0.126217,10.706324
356196924333,2.142714,0.516940,0.406659,0.067318,0.004202,0.048269,10.747599
356296951551,0.913990,0.267860,0.929454,0.177143,-0.039844,0.161451,10.745119
356396978769,1.787906,-0.902351,0.425196,-0.074158,0.031053,-0.014113,10.822583
356497005988,-0.500201,1.217727,-0.353980,0.113916,0.029313,0.019584,10.897754
356597033206,2.269572,-1.435512,-0.215507,-0.327631,0.049127,-0.152680,10.816444
356697060424,-0.658064,0.005575,-0.303745,-0.261567,0.071745,-0.110039,10.931440
356797087642,2.618902,-1.659589,0.599836,-0.120457,0.114010,-0.120047,11.021300
356897114861,1.555435,-0.151924,0.060660,-0.205796,-0.011390,-0.021432,11.007433
356997142079,-1.015659,0.054063,-0.180163,0.270089,-0.001313,0.097282,11.050658
357097169297,2.928787,-0.542884,0.770178,0.153909,0.014191,0.046571,11.116994
357197196516,1.751598,0.196612,-0.455213,0.301054,-0.083564,0.187086,11.131578
357297223734,3.923251,-2.066689,-0.053447,0.406536,0.042580,0.039127,11.198111
357397250952,2.610253,-1.265766,-0.193927,-0.013138,-0.028175,-0.048253,11.266995
357497278170,-0.151985,-0.997218,0.259757,0.201187,0.112602,-0.036693,11.333201
357597305389,3.622188,-1.138914,-0.062612,-0.099415,-0.023054,-0.202203,11.292294
357697332607,-0.215227,0.268278,0.186834,-0.120753,0.003203,-0.142263,11.366003
357797359825,2.308085,-1.741009,0.387195,0.178071,0.087368,-0.092311,11.441887
357897387044,2.993777,-3.656130,-1.202567,0.324101,0.147859,0.098702,11.331082
357997414262,0.685904,0.379528,-0.391667,0.292676,0.055261,0.134963,11.436023
358097441480,-0.517187,3.206204,-0.274048,0.728570,-0.107151,-0.015268,11.481926
358197468698,5.884720,-3.753548,2.072627,1.207734,-0.197620,0.631737,11.444880
358297495917,-3.032119,-0.943727,-0.394374,-0.172971,-0.026151,-0.159633,11.515115
358397523135,4.800589,-4.270794,0.267377,-0.211911,0.190460,-0.457252,11.463307
358497550353,0.003963,-2.310739,-0.102413,-0.155826,0.041449,-0.107199,11.353826
358597577572,6.847557,-3.737960,0.057697,-0.068534,-0.011449,-0.145330,11.431884
358697604790,3.637049,-1.769568,0.179502,-0.306546,0.038445,-0.368242,11.341164
358797632008,8.429407,-3.290853,0.510275,0.406714,0.038922,0.122158,11.375230
358897659227,4.306591,-2.596789,0.063921,-0.171798,0.050069,-0.313559,11.349526
358997686445,-1.416262,-0.914627,-0.722698,-0.339492,0.016397,-0.355838,11.295161
359097713663,5.787718,-1.261267,-0.127350,0.306031,-0.065186,0.007564,11.173918
359197740881,-0.205065,-0.315907,-0.540151,-0.153173,0.083975,-0.312532,11.139617
359297768100,5.990331,-3.635263,0.512113,0.574374,0.108719,0.169607,11.241545
359397795318,0.159647,-0.234011,-0.652302,0.701957,0.082335,0.180779,11.197979
359497822536,8.115998,-1.070977,0.896451,0.888650,-0.019636,0.349703,11.077655
359597849755,5.629862,-1.536009,-0.533002,0.377901,0.023801,0.003575,11.009495
359697876973,7.302292,1.073439,-0.280237,0.680983,0.121248,0.245463,10.875922
359797904191,3.919443,-0.792717,0.455397,0.197300,0.044419,-0.083253,10.944580
359897931409,0.465549,0.650140,-0.910313,0.579993,0.053517,0.173308,10.810911
359997958628,3.561584,2.181020,0.490730,-0.032346,0.096500,-0.168897,10.768872
360097985846,3.365210,5.242780,1.058396,0.119315,0.070227,-0.159129,10.697560
360198013064,0.632631,7.066403,0.376095,-0.011100,-0.037438,-0.237209,10.643021
360298040283,0.796788,3.881310,-0.121817,0.317867,0.071308,0.006094,10.567597
360398067501,1.299527,5.117694,0.032312,0.153892,0.103460,-0.094131,10.460961
360498094719,-0.857159,3.578402,0.702908,0.197474,0.014787,-0.087281,10.473603
360598121937,-0.014942,2.842734,0.141402,0.395618,0.005977,0.043779,10.301358
360698149156,-0.171833,3.572089,-0.066741,0.190694,0.062422,-0.024667,10.310869
360798176374,-1.455064,2.061415,-0.236676,0.369265,0.026178,0.080115,10.180482
360898203592,0.266726,4.913468,0.361597,0.215412,0.098283,-0.161529,10.152414
360998230811,-1.178345,1.597126,-0.136891,0.539344,0.072730,0.164439,10.110742
361098258029,-0.262535,6.752740,0.333346,0.265864,-0.009921,0.016628,10.071789
361198285247,-0.587776,1.136203,0.355128,-0.102794,0.025707,-0.313874,9.986477
361298312465,0.053520,3.497205,-0.234446,0.401971,0.033308,0.028608,9.969161
361398339684,1.190630,0.771007,-0.213447,0.383743,-0.011631,0.054940,10.003308
361498366902,0.190794,1.354204,-0.235383,0.448965,0.066434,0.166931,9.773820
361598394120,-2.974459,0.252296,-0.049705,0.166471,0.026765,0.013922,9.830130
361698421339,-3.135493,1.735305,0.403248,0.284039,-0.044579,0.018545,9.920510
361798448557,-2.540137,1.537541,-0.000598,0.211075,0.005948,0.014456,9.888581
361898475775,-0.472105,0.949065,0.140072,0.150327,-0.030618,-0.040714,9.947962
361998502994,-1.457833,1.765527,0.148687,0.141058,-0.052589,-0.051555,9.954909
362098530212,-0.400086,1.146926,0.099091,0.161637,0.001330,0.048811,9.988391
362198557430,-1.998770,0.257218,-0.059991,0.088598,-0.032960,-0.012092,10.099492
362298584648,-1.631474,-0.414493,1.925512,0.065352,-0.094272,-0.114746,10.167930
362398611867,-0.737870,0.666823,0.686202,0.048684,-0.057374,0.017316,10.286401
362498639085,-2.220303,0.659167,-0.577397,0.092034,-0.016274,-0.001420,10.412176
362598666303,0.130048,1.824365,-0.155473,-0.137173,0.154781,-0.013430,10.450615
362698693522,-3.019018,-0.724264,-1.448706,0.015753,-0.039910,-0.109730,10.554739
362798720740,-1.216378,2.834285,-0.407163,-0.113342,-0.053140,0.016747,10.684448
362898747958,-1.610209,0.136475,0.465874,-0.154495,0.005606,-0.134258,10.791717
362998775176,-0.202016,-1.661251,0.448297,0.218908,0.028312,0.141943,10.869058
363098802395,0.102542,1.427393,-0.014741,0.051656,-0.056028,-0.012984,10.942181
363198829613,-0.035651,-4.054215,-0.335916,0.476199,-0.018517,0.272971,11.134675
363298856831,-2.422150,2.311739,0.109298,0.237090,-0.044196,0.204223,11.194336
363398884050,-0.983698,-2.436059,-0.549857,0.458369,0.011490,0.296728,11.230708
363498911268,-1.253250,2.840615,0.557093,0.353498,-0.064868,0.161385,11.419043
363598938486,-1.297950,-0.931253,-0.323603,0.268197,-0.052546,0.138220,11.498063
363698965704,-1.996941,3.674064,0.039071,0.454052,0.004594,0.243121,11.515933
363798992923,-0.884467,-0.093265,0.674677,-0.214081,-0.017607,-0.169628,11.591181
363899020141,-0.660008,-4.432607,0.208634,0.290141,0.076574,0.233460,11.775132
363999047359,-1.571393,-0.706487,0.298133,-0.566673,0.043845,-0.291388,11.892775
364099074578,-0.873429,-4.944662,-0.037013,-0.137619,0.006794,-0.111720,11.931592
364199101796,-1.603572,2.748377,-0.477862,-0.480806,-0.112289,-0.279449,12.112255
364299129014,-2.224451,-0.536414,1.178779,-0.380367,0.003453,-0.287923,12.149685
364399156232,-1.769634,3.947086,0.260262,-0.130944,-0.014684,-0.010358,12.292675
364499183451,-1.738197,-1.639501,-0.038598,-0.439831,0.003541,-0.268636,12.406021
364599210669,-1.346299,-3.240373,-0.732367,0.232665,-0.089995,0.087238,12.520210
364699237887,-2.636341,-2.588433,-0.508749,-0.283535,0.015973,-0.200953,12.631100
364799265106,-0.933725,-2.504549,-0.693575,0.431601,-0.035537,0.212603,12.786908
364899292324,-1.633417,3.409950,-0.046625,0.008813,0.002987,0.053357,12.873281
364999319542,-1.951142,-2.216384,-0.695429,0.603040,-0.012672,0.372580,12.963276
365099346761,-0.044680,4.053413,0.448305,0.313256,-0.060830,0.129398,13.055509
365199373979,-0.990360,-2.075845,-0.465634,0.347045,-0.025116,0.227556,13.113527
365299401197,-0.280352,0.871673,-0.680297,0.166851,0.048331,0.155831,13.226267
365399428415,-1.974069,-1.952375,-0.241911,-0.103802,-0.000964,-0.089054,13.315601
365499455634,-2.932304,-0.877485,-0.036009,0.145205,-0.061221,0.082947,13.428275
365599482852,-2.181549,-1.950235,0.140503,-0.058700,0.005542,-0.014792,13.547439
365699510070,-0.906759,-0.976788,-0.757911,0.151445,-0.002532,0.095920,13.687370
365799537289,-1.309417,1.794199,0.612681,0.215877,-0.157066,0.081452,13.787593
365899564507,-1.950576,0.968002,0.531598,0.091612,-0.048219,0.026634,13.874621
365999591725,-1.640719,-1.372874,-0.364234,-0.079390,0.009342,-0.028860,14.000596
366099618943,-0.021035,-0.892737,-0.533258,-0.008667,0.025856,0.083557,14.132553
366199646162,-1.182447,1.588354,-0.004073,0.013292,0.016141,0.062078,14.225782
366299673380,-0.960585,-3.190017,0.850624,0.135611,-0.027380,0.149307,14.400540
366399700598,-1.303094,1.856809,0.046347,0.257614,0.010441,0.143508,14.437945
366499727817,-0.095862,0.235169,-0.163821,-0.102923,0.014908,-0.006785,14.557729
366599755035,-0.323518,-1.489994,-0.011512,0.041701,-0.059556,-0.026339,14.707688
366699782253,-0.970149,0.319353,-0.179582,0.002732,0.020801,-0.004447,14.832783
366799809471,-1.315122,0.616237,0.241562,-0.074166,0.039369,-0.013050,14.922884
366899836690,-1.440507,-2.809156,-0.773642,-0.301829,0.073037,-0.180438,15.049793
366999863908,-0.656616,1.605951,-0.706921,0.194855,0.070406,0.079534,15.108809
367099891126,-3.519960,-4.653066,-0.141748,-0.160719,-0.093271,-0.018690,15.248736
367199918345,-2.917227,-0.790197,0.181825,0.604487,-0.087175,0.263841,15.317999
367299945563,-1.211972,-5.273416,-0.001549,-0.096369,0.091336,-0.187347,15.351926
367399972781,-2.273850,-0.040434,0.321603,0.351121,0.011055,0.352839,15.494961
367500000000,-2.213970,3.945390,-0.259562,-0.438422,-0.028595,-0.251183,15.546944
