timestampNs,ax,ay,az,gx,gy,gz,speedMps
0,1.120379,-0.401778,-0.296203,-0.006248,0.029275,0.002101,7.586111
100044286,0.616061,0.651682,-0.519408,0.049219,0.096220,0.060737,7.490011
200088573,0.275614,1.473710,-0.668942,-0.089998,-0.094619,-0.222880,7.513878
300132860,2.194533,-4.971445,0.956593,-0.054843,-0.445024,-0.505157,7.502196
400177147,-1.454709,3.911526,1.028716,-0.390341,-0.239306,-0.027058,7.690962
500221434,-2.784682,-0.144721,1.212398,-0.032513,-0.173902,-0.035801,7.607026
600265721,6.090757,-2.256935,-4.458506,-0.232896,-0.093737,-0.006400,7.643990
700310008,8.443333,1.007720,3.843325,-0.062241,0.944907,0.593356,7.682645
800354295,13.803081,-14.641444,2.808665,0.106344,-0.447816,-0.339925,7.908120
900398582,10.695202,-4.589379,-1.285460,-0.393597,-1.273795,-0.391911,7.925792
1000442869,-4.206568,0.292624,0.390046,0.365915,0.106028,0.021055,7.846062
1100487156,2.025166,-1.979848,-0.406157,0.170066,0.137102,0.047464,7.835555
1200531443,0.415677,-3.064932,-1.140152,0.008814,0.232237,0.195507,7.949862
1300575730,0.097777,0.191868,-0.006051,-0.091238,-0.098177,-0.145040,8.131812
1400620017,2.099791,0.174184,0.034388,-0.008849,-0.007914,0.051545,8.108455
1500664304,2.073095,0.337121,0.112666,0.019718,-0.101331,-0.129192,8.039852
1600708591,0.749659,0.485827,0.205773,0.095077,0.143501,0.043887,8.183712
1700752878,0.172232,1.082891,0.204408,0.125215,0.136057,0.084393,8.160102
1800797165,2.103222,1.596617,-0.163404,-0.033282,-0.004884,-0.069883,8.319577
1900841452,0.580600,-1.516446,0.347312,-0.124647,-0.351379,-0.179522,8.268122
2000885739,2.558438,2.562097,0.041077,-0.158559,-0.274088,-0.081504,8.406999
2100930026,2.270895,2.658534,-0.268131,0.020896,-0.042995,-0.010652,8.414265
2200974313,3.826960,3.730852,0.006068,-0.250044,-0.551820,-0.335205,8.543951
2301018600,3.465677,1.083501,0.227732,-0.277552,-0.517609,-0.285941,8.635897
2401062887,-0.530672,-6.568098,0.812569,-0.059697,-0.174391,-0.045586,8.723661
2501107174,2.166788,1.574353,0.079622,0.439926,0.740262,0.449382,8.780886
2601151461,-1.854852,-5.947853,1.362158,0.306563,0.336663,0.269173,8.862626
2701195748,3.327976,0.983950,-0.743619,0.290200,0.371719,0.264989,9.090397
2801240035,3.226513,4.308266,0.351467,0.269753,0.601763,0.318869,9.285167
2901284322,4.053351,0.344232,0.336993,-0.041172,-0.020002,-0.061882,9.388125
3001328609,4.714924,3.663861,0.066611,0.310946,0.508797,0.291991,9.482159
3101372896,3.165398,5.020153,-0.344306,-0.229792,-0.427238,-0.283679,9.726647
3201417183,3.567334,2.575158,0.351805,0.043782,0.001790,0.130262,9.848287
3301461470,-0.800596,-3.179115,0.699527,0.284322,0.457243,0.239378,10.079007
3401505757,4.249524,3.372647,0.231183,-0.169442,-0.353434,-0.214299,10.221038
3501550044,2.669348,-3.584653,0.937389,-0.053621,-0.328502,-0.098468,10.420029
3601594331,0.521938,-1.221924,1.035193,-0.298554,-0.460090,-0.218756,10.670439
3701638618,1.766996,4.036788,-0.136909,-0.083892,-0.333475,-0.163764,10.769124
3801682905,-0.065291,0.240878,0.751694,0.008628,-0.325218,-0.111273,10.951346
3901727192,4.324610,3.655388,-0.382396,0.185478,0.208542,0.218785,11.034663
4001771479,1.573350,0.260404,-0.063239,-0.033839,-0.080119,0.029755,11.300974
4101815766,1.821255,2.639229,0.257948,-0.048920,-0.275949,-0.128496,11.355746
4201860053,1.147628,-0.670258,0.361202,0.109007,0.093140,0.127029,11.399046
4301904340,3.366325,2.633077,0.251328,0.110317,0.127284,0.088291,11.556158
4401948627,0.449939,-1.936659,0.409475,0.207246,0.270632,0.227526,11.674885
4501992914,0.092992,-0.843424,0.228357,0.124405,0.162037,0.107329,11.768378
4602037201,0.233100,-2.640042,0.411438,0.144645,0.231116,0.207114,11.840870
4702081488,0.938830,-1.347931,0.005603,-0.101911,-0.349674,-0.134462,11.937337
4802125775,1.352342,3.756006,0.385604,-0.183257,-0.187026,-0.160145,11.994722
4902170062,0.231948,-3.286151,0.761183,-0.193162,-0.478943,-0.289097,11.986049
5002214348,1.101029,5.039934,0.174115,-0.212788,-0.517414,-0.363942,12.171240
5102258635,1.411628,0.196206,-0.591186,-0.115665,-0.378048,-0.231488,12.177691
5202302922,1.118368,4.904190,-0.747099,-0.326640,-0.559698,-0.361259,12.211151
5302347209,0.344164,-5.703654,0.924439,-0.069063,-0.125731,-0.145238,12.260209
5402391496,0.075381,-4.819349,1.227554,-0.412012,-0.779012,-0.516064,12.269181
5502435783,-1.708992,-7.355399,0.969587,0.159065,0.196824,0.148169,12.279352
5602480070,-0.636665,-2.116988,0.962434,-0.239718,-0.568840,-0.417368,12.209881
5702524357,-0.263488,7.411114,1.082331,0.352588,0.703470,0.411157,12.245733
5802568644,-0.683559,-2.027139,0.996372,0.224024,0.039157,0.085539,12.120678
5902612931,-0.415889,5.070000,0.138915,-0.262521,-0.501570,-0.382411,11.998236
6002657218,-0.254970,-2.431895,-0.645856,0.241119,0.360838,0.228847,11.967726
6102701505,1.910785,1.292866,1.007814,0.124523,0.250418,0.105848,11.740241
6202745792,0.129533,-2.828629,-0.808696,0.177152,0.420373,0.238908,11.673565
6302790079,0.522278,-2.502730,-0.634331,0.006530,-0.103559,-0.018876,11.483799
6402834366,-1.170590,-1.327026,-0.067133,0.043094,0.187600,-0.013448,11.445291
6502878653,-0.900670,-3.295618,-0.344372,-0.107175,-0.204512,-0.149941,11.556746
6602922940,0.664281,0.383511,-0.253247,-0.088522,-0.075293,-0.159994,11.447764
6702967227,0.855625,-3.277996,0.097254,-0.130238,-0.200123,-0.281908,11.476096
6803011514,-1.011824,4.398063,-0.735380,-0.151496,-0.348378,-0.258465,11.511041
6903055801,-0.626569,-1.161456,-0.466796,-0.173719,-0.061696,-0.288637,11.483226
7003100088,1.755260,-6.950835,0.599419,-0.251533,-0.471586,-0.157064,11.521039
7103144375,0.797257,-5.676526,0.581954,0.206869,0.652547,0.301523,11.434521
7203188662,-3.162652,-6.432346,-0.949480,0.065074,0.076885,0.026086,11.512746
7303232949,1.542326,4.451124,-0.733856,-0.205792,-0.499486,-0.484555,11.478666
7403277236,0.676846,0.482521,-1.001185,0.374011,0.632308,0.265923,11.497900
7503321523,3.086320,4.719982,-1.356805,0.320957,0.554706,0.278128,11.529829
7603365810,-0.080894,0.340051,-0.179681,0.346448,0.794203,0.342112,11.638757
7703410097,0.732790,4.555599,-0.214093,0.039442,0.057716,-0.041943,11.660698
7803454384,0.812197,1.711728,-1.232466,0.265437,0.534040,0.221053,11.714602
7903498671,-3.499237,-6.092257,0.739758,-0.332402,-0.485122,-0.359818,11.788539
8003542958,3.705122,4.630618,-1.457356,-0.036420,-0.074608,-0.166460,11.779243
8103587245,0.516088,-1.414331,0.808779,0.441285,0.544392,0.255725,11.791011
8203631532,2.396866,2.088086,-0.542098,-0.137609,-0.373229,-0.343721,11.850164
8303675819,-1.723976,-6.280768,0.356357,0.062652,0.196701,-0.039656,11.909266
8403720106,-0.713840,-0.987179,-1.250287,-0.299188,-0.350206,-0.371890,11.992544
8503764393,-3.503025,-4.115383,-1.194548,0.070368,0.231716,0.033387,12.009823
8603808680,1.753777,-2.120951,0.405578,-0.201902,-0.129751,-0.277129,12.059613
8703852967,3.050599,1.436842,-0.118599,0.271250,0.497161,0.185033,12.175640
8803897254,-0.464773,-1.876412,-0.480840,0.070357,0.179173,0.060555,12.168219
8903941541,1.929503,2.153857,-0.359082,-0.157398,-0.154499,-0.174292,12.276303
9003985828,-1.230370,-5.795429,-0.816923,-0.111611,-0.222859,-0.250112,12.311920
9104030115,2.037942,1.895574,-0.744074,-0.239566,-0.290873,-0.344079,12.406735
9204074402,1.135773,-1.238677,-0.987527,0.038820,0.017470,-0.114272,12.445124
9304118689,2.760314,1.023104,-1.206206,-0.238225,-0.217822,-0.231209,12.376729
9404162976,-1.845110,-0.927444,0.616878,0.070454,0.202409,0.019085,12.396350
9504207263,-2.159870,-2.828883,0.259391,-0.167492,-0.118728,-0.081937,12.521444
9604251550,-2.286225,-3.517043,1.960274,0.175417,0.291919,0.195947,12.617004
9704295837,-0.490121,-2.769856,0.709860,0.007748,0.021899,-0.106217,12.472433
9804340124,-0.759946,-0.020185,0.784715,0.104512,0.239524,0.059272,12.705243
9904384410,-0.034867,-0.759608,-0.583065,0.125577,0.163768,0.104113,12.685405
10004428697,1.837469,-0.346168,-0.449456,0.104076,0.140608,0.003877,12.676286
10104472984,1.240871,1.454319,-1.009748,0.176492,0.294266,0.133009,12.808055
10204517271,2.441182,-0.064344,0.354339,0.085924,0.013907,-0.016384,12.724184
10304561558,0.480246,0.565113,-0.783689,0.107069,0.238696,0.137001,12.713381
10404605845,0.201287,-2.548771,0.341233,0.070977,0.040221,0.035389,12.851139
10504650132,0.025239,0.236889,-0.470980,0.008988,-0.033417,-0.082391,12.915698
10604694419,-1.267280,-4.280060,0.947648,-0.061186,-0.104100,-0.157941,12.931317
10704738706,-1.094591,-2.083016,0.742114,-0.238099,-0.279581,-0.265288,12.963308
10804782993,-0.359426,-2.609409,0.359664,0.130967,0.117033,0.010241,13.071427
10904827280,0.600103,1.504815,0.823000,-0.014542,-0.293730,-0.242676,13.121851
11004871567,1.280456,-0.653011,-0.528369,0.192239,0.070966,-0.112171,13.125264
11104915854,-1.530617,-0.602632,0.219232,-0.082443,-0.074227,-0.127638,13.227564
11204960141,-0.513099,0.511351,0.133568,0.044602,0.195807,0.018732,13.218552
11305004428,0.724995,-0.969254,-1.149337,-0.030268,0.178104,0.147314,13.231851
11405048715,0.783698,1.523847,-0.523465,0.046811,0.377203,0.241438,13.305151
11505093002,-1.448281,-1.012358,-0.673776,0.223704,0.316009,0.141334,13.329610
11605137289,0.327578,0.790641,0.262532,0.138569,0.334542,0.210924,13.349063
11705181576,-0.325530,-2.378607,0.348953,0.167527,0.183157,-0.002180,13.461295
11805225863,-0.802331,0.243381,-0.646797,0.044561,-0.003425,-0.168310,13.486626
11905270150,1.105234,0.512146,0.929317,-0.025417,-0.016634,-0.002699,13.516155
12005314437,0.324873,1.657584,-1.833331,-0.094532,0.054229,0.002896,13.518007
12105358724,0.458519,1.105966,-1.343203,-0.095542,0.033335,-0.018797,13.544283
12205403011,0.012746,-0.441441,-1.023067,-0.047465,0.097739,0.040395,13.673078
12305447298,-0.389889,-1.555519,0.277823,-0.093501,-0.076123,-0.103689,13.659222
12405491585,-2.198407,-2.571979,0.135363,-0.033155,-0.299437,-0.182584,13.663185
12505535872,2.234588,2.515527,-0.554440,-0.244353,-0.253181,-0.276822,13.632775
12605580159,-0.747504,0.880594,-0.573807,-0.050060,-0.025096,0.090466,13.644604
12705624446,1.475375,2.567435,-0.533611,-0.156866,-0.265359,-0.166885,13.607469
12805668733,-1.115744,-1.009303,-0.299580,-0.172096,0.008362,-0.046814,13.641079
12905713020,-0.645697,1.276898,-0.104822,-0.243411,-0.117746,-0.124246,13.505620
13005757307,-0.374252,0.205119,0.147165,-0.113670,-0.101001,-0.104130,13.412185
13105801594,-1.408073,3.727203,-0.571443,0.022498,-0.137528,0.000240,13.362211
13205845881,0.363108,1.489102,-0.888706,0.048977,-0.034018,-0.020834,13.290835
13305890168,0.846693,3.211794,-0.607572,-0.154169,-0.126421,-0.050624,13.157152
13405934455,0.833257,0.592976,-0.059037,0.084331,0.232681,0.125493,13.090575
13505978742,-1.766969,0.520798,-0.763520,-0.019814,0.041554,-0.067396,13.033505
13606023029,2.435164,2.594749,-0.159585,-0.006092,0.147658,0.154669,12.950200
13706067316,-1.339516,-0.195200,-0.474015,0.238976,0.398540,0.227868,12.766405
13806111603,-0.147923,-1.070126,0.783328,-0.096717,-0.136964,0.026222,12.753777
13906155890,-0.433714,-1.743367,0.615485,0.139237,0.224216,0.166453,12.676907
14006200177,-1.506779,0.897123,0.995196,-0.209018,-0.363396,-0.148137,12.505084
14106244464,2.340705,2.742143,-0.315855,-0.098319,-0.036865,0.088949,12.472261
14206288751,-0.702109,2.285248,-0.045144,-0.263645,-0.372017,-0.093704,12.403779
14306333038,2.434928,2.625205,0.790400,-0.183071,-0.398057,-0.161046,12.425974
14406377325,0.531349,1.961868,-0.265937,-0.100847,-0.361487,-0.129543,12.355616
14506421612,4.179978,3.327195,0.267003,-0.248671,-0.523258,-0.260334,12.431117
14606465899,0.721203,-1.158312,0.726253,-0.027528,-0.148256,0.001804,12.322169
14706510186,0.332938,-1.301340,0.483839,-0.238152,-0.521930,-0.304928,12.215544
14806554472,3.758715,5.382305,-0.629227,-0.282603,-0.400916,-0.249157,12.308671
14906598759,2.148996,1.929973,-0.590562,-0.137339,-0.151242,-0.081839,12.263606
15006643046,3.979834,1.456629,0.003754,0.219069,0.266655,0.311694,12.121506
15106687333,-1.660809,-0.593370,0.025591,0.066815,0.181817,0.117539,12.168124
15206731620,1.470054,2.231570,0.107173,0.196812,0.273114,0.223915,12.143571
15306775907,-1.769342,-0.943732,0.898900,0.223495,0.274944,0.237368,12.174035
15406820194,0.200070,0.503796,0.127544,0.191324,0.170474,0.126477,12.276292
15506864481,-2.056656,1.121797,-0.039129,0.155745,0.130268,0.105412,12.181219
15606908768,1.243828,1.263897,0.052037,0.155495,0.230497,0.107128,12.146171
15706953055,0.694941,-0.898274,0.810947,0.191606,0.285970,0.092766,12.156459
15806997342,3.306222,2.805248,-0.868430,0.047781,0.059712,-0.042312,12.084027
15907041629,1.184381,1.502384,0.617500,0.171042,0.223705,-0.014036,12.092309
16007085916,-3.756299,-2.139592,-0.819824,-0.134448,-0.263184,-0.333106,12.023946
16107130203,0.377119,2.668355,-1.412962,0.032151,0.072836,-0.068194,11.936635
16207174490,-2.960742,-3.549080,0.185777,-0.340081,-0.414371,-0.442135,12.022119
16307218777,3.815134,0.218510,-0.560932,-0.119034,-0.386148,-0.291436,12.013248
16407263064,-6.292782,-7.619893,0.167393,-0.150691,-0.130860,-0.068267,12.053406
16507307351,3.646556,2.595601,-0.639938,-0.612668,-1.016439,-0.764071,12.037440
16607351638,8.406723,5.844263,-0.743687,-0.605325,-0.994509,-0.795353,12.107085
16707395925,-5.177508,-5.866760,-0.617048,-0.129384,-0.295911,-0.253394,12.281896
16807440212,2.680861,0.592638,0.327681,-0.408428,-0.806623,-0.747418,12.254423
16907484499,-6.785606,-7.270011,-0.035054,0.251176,0.582579,0.248958,12.227172
17007528786,-0.556771,1.088031,-0.157374,0.265236,0.684504,0.274816,12.280084
17107573073,3.270909,1.963613,0.553956,0.378637,0.784511,0.443359,12.302265
17207617360,4.366632,1.198182,0.200794,0.183527,0.166342,-0.058806,12.265017
17307661647,-3.347510,0.359480,0.095580,0.219593,0.450029,0.350574,12.212756
17407705934,-3.373633,-1.585349,-0.171154,-0.003222,0.047283,-0.077452,12.149595
17507750221,-4.510212,-1.813343,0.193032,0.214750,0.376239,0.266119,12.152006
17607794508,-1.500685,0.191159,1.315154,-0.123845,0.043397,-0.002460,12.076579
17707838795,2.299895,0.062117,-1.361727,0.125119,0.404739,0.108576,12.029905
17807883082,-0.842261,-0.784506,-0.286640,-0.232545,-0.291124,-0.243606,11.957032
17907927369,1.221690,0.884471,-0.054273,0.057374,0.130153,-0.100651,11.949005
18007971656,-2.894466,-2.029719,0.030146,0.171019,0.425367,0.157634,11.841497
18108015943,2.200136,-1.468062,0.154784,0.201274,0.209234,0.004506,11.808055
18208060230,-0.756879,-1.122144,-0.578871,0.138432,0.364987,0.174300,11.749395
18308104517,-2.097313,-0.849229,0.585076,0.166139,0.248696,0.123765,11.850305
18408148804,-1.001528,-0.156334,0.168490,0.093366,0.189896,0.153419,11.920928
18508193091,-0.481189,-1.004486,-0.585168,-0.005574,-0.057138,-0.039672,11.899562
18608237378,0.864247,0.430772,-0.318425,0.048762,-0.058836,-0.097347,11.934655
18708281665,-1.328559,-0.479248,-0.502161,-0.113864,-0.051018,-0.022001,12.009747
18808325952,3.361776,1.433072,-0.634787,-0.089385,-0.334492,-0.297438,12.130416
18908370239,3.003983,1.106797,0.041018,-0.085169,0.014860,0.057019,12.135256
19008414526,7.224626,0.421758,1.086839,-0.203501,-0.584358,-0.445865,12.156825
19108458813,0.908530,1.853000,-1.321528,0.333454,0.384086,0.259649,12.360336
19208503100,-3.724341,-4.053168,-0.036363,-0.068291,-0.310196,-0.231609,12.353574
19308547387,-1.825824,-1.685471,-0.107311,0.334855,0.609748,0.392545,12.377094
19408591674,0.294694,-1.098923,0.075827,-0.131339,-0.257039,-0.206144,12.454667
19508635961,7.315559,0.966086,0.131891,0.358602,0.559841,0.470741,12.600808
19608680248,2.842420,-0.556058,-0.109002,-0.053684,-0.024959,-0.061102,12.625258
19708724534,5.078391,-0.835969,1.695972,0.365870,0.731010,0.488282,12.675965
19808768821,-5.458486,-2.556396,0.352405,0.130867,0.081630,0.128103,12.758330
19908813108,2.412283,0.627865,-0.195927,-0.230642,-0.333354,-0.254738,12.851341
20008857395,-5.188224,-4.435329,0.828400,-0.289857,-0.532707,-0.370159,12.920217
20108901682,0.283184,0.730766,0.074824,-0.382403,-0.490037,-0.380428,12.967068
20208945969,-3.653354,-3.210496,0.735184,-0.082821,-0.111970,-0.017579,13.108927
20308990256,1.631397,0.686678,-0.606584,-0.282235,-0.404755,-0.264071,13.179825
20409034543,3.739228,1.202263,0.695042,0.162702,0.338255,0.104212,13.178332
20509078830,0.310688,-1.580888,-0.348849,0.042274,-0.052117,0.000910,13.196898
20609123117,5.172236,-0.336001,-0.533079,-0.202345,-0.349579,-0.215145,13.359004
20709167404,-1.132084,-2.518039,0.021633,0.267385,0.197312,0.072131,13.400009
20809211691,3.963832,-1.522951,-0.540941,0.393894,0.459839,0.240572,13.424187
20909255978,-2.904226,-2.125490,0.911171,0.260022,0.348565,0.333265,13.553133
21009300265,2.571382,0.760254,-0.593490,-0.112890,-0.106377,-0.085826,13.550840
21109344552,2.750665,-0.453882,-1.339073,0.197523,0.385633,0.158619,13.537646
21209388839,2.558100,-0.369007,-1.973702,0.225485,0.143288,0.050521,13.704915
21309433126,0.180882,-0.140777,1.583738,0.217986,0.157584,0.040983,13.756961
21409477413,-1.574580,-4.369964,-0.067120,-0.010062,0.110303,0.132738,13.637776
21509521700,-0.280594,-1.900876,0.278098,0.054522,0.264271,0.224631,13.795225
21609565987,1.342380,-0.536451,0.661763,0.068080,0.008610,0.063506,13.789810
21709610274,3.531143,1.495957,-0.280184,0.122338,0.232478,0.273795,13.895645
21809654561,0.968412,0.256309,-0.011236,0.001020,0.103260,-0.061908,13.917291
21909698848,3.406752,1.918850,-0.348381,0.031392,0.114919,0.045055,13.884778
22009743135,5.855377,1.491292,-0.161722,0.018393,0.005535,0.037154,13.825065
22109787422,1.658978,3.629810,-0.282364,0.277680,0.259854,0.101125,13.892637
22209831709,-2.156494,-1.319276,-0.907548,0.034339,-0.247589,-0.214002,13.908287
22309875996,-0.594300,0.269101,0.073882,0.122115,0.029594,0.136055,13.822387
22409920283,1.298361,0.559275,0.045417,-0.048736,0.116457,0.098930,13.772066
22509964570,1.513491,0.052444,-0.478345,-0.055040,0.022473,0.012813,13.846720
22610008857,-0.579952,0.175143,0.286455,-0.154726,-0.300111,-0.231165,13.778441
22710053144,2.524439,1.276602,-0.341463,-0.002911,-0.182745,-0.141694,13.765738
22810097431,0.314048,0.776880,-0.815570,0.106552,-0.004729,0.033641,13.937732
22910141718,0.046576,0.460428,-1.461225,-0.090290,0.075723,0.206108,13.963127
23010186005,0.418868,0.956779,-1.062365,-0.096175,-0.003655,0.056189,13.901184
23110230292,0.483802,-1.459226,0.834730,0.097463,0.078227,0.040325,14.033147
23210274579,0.048005,0.099229,-0.535741,0.077995,0.094994,0.079186,13.943512
23310318866,-1.092195,-0.356778,-0.104763,0.097478,0.205808,0.248818,13.985236
23410363153,3.889349,-1.030386,0.678037,0.094747,0.163851,0.196851,13.989604
23510407440,0.258177,1.913528,-0.228833,-0.023223,0.198922,0.180644,13.930158
23610451727,1.096613,0.829294,0.361824,-0.113503,0.027983,-0.003246,13.958845
23710496014,0.954647,-1.360159,-0.159681,0.005213,0.144272,0.037222,13.902321
23810540301,-0.765204,-2.205690,1.264908,-0.053268,-0.221158,-0.085567,13.874860
23910584588,1.842811,-0.180471,0.920586,0.127166,-0.012231,-0.181324,13.918434
24010628875,1.612082,1.339949,0.554709,-0.011795,-0.017668,-0.046243,13.933686
24110673162,0.543853,0.466883,-0.137596,0.006421,0.083117,0.046528,13.907084
24210717449,2.346992,-1.102143,-0.149639,-0.029250,-0.058966,-0.152616,14.010164
24310761736,2.101945,2.500060,0.172965,0.111032,0.039894,0.151023,14.155398
24410806023,-1.119764,-0.134113,-1.766612,-0.207151,-0.270177,-0.065305,14.107355
24510850310,2.157677,0.799150,-1.297928,-0.314674,-0.216153,-0.249961,14.149998
24610894596,-2.522578,-2.874325,-0.349862,-0.209039,-0.378670,-0.343917,14.091107
24710938883,1.639619,1.095104,0.832522,-0.279559,-0.336290,-0.244686,14.197312
24810983170,-1.673448,0.538066,1.185979,-0.191907,-0.322774,-0.329530,14.117028
24911027457,4.329413,2.362987,-0.267830,-0.186049,-0.333569,-0.204147,14.105712
25011071744,0.957660,-0.173511,-0.439565,-0.025797,-0.181694,-0.092230,14.127561
25111116031,-3.168370,-0.643161,0.144510,-0.261997,-0.309663,-0.312476,14.065806
25211160318,-0.204493,0.083271,0.234406,-0.059252,0.079683,0.045370,14.112741
25311204605,-0.064851,-2.911873,-0.578816,-0.094884,-0.188390,-0.073194,14.055511
25411248892,2.324102,1.011944,-0.765877,-0.079277,-0.250003,-0.168932,14.135624
25511293179,-0.863817,-2.481369,-0.239865,0.026920,0.071028,0.048805,14.179090
25611337466,0.301649,-1.109096,0.433776,0.109822,0.058588,-0.064656,14.171283
25711381753,1.064526,-2.012290,-0.123591,0.099396,0.066336,0.083685,14.183405
25811426040,1.929737,-3.500959,-0.202746,0.147916,0.036444,0.102737,14.321356
25911470327,-0.509687,-0.715078,0.714380,-0.000703,-0.119127,-0.215343,14.350863
26011514614,2.451623,-1.154930,-0.069607,-0.078850,0.033691,0.009814,14.382359
26111558901,0.570878,-0.778017,-0.506150,-0.086341,0.017269,0.014276,14.398655
26211603188,0.773410,1.904986,-0.013475,0.062504,0.254059,0.121818,14.456962
26311647475,-0.604963,1.568022,0.013303,0.075625,0.117725,0.046959,14.518962
26411691762,0.282527,1.058756,0.200352,-0.031377,0.105881,0.082701,14.575383
26511736049,1.607194,3.010340,-1.769254,0.143630,0.383196,0.199997,14.476678
26611780336,1.885774,2.632599,-2.010639,0.050400,0.293451,0.319045,14.409011
26711824623,-3.819459,2.405875,-0.158598,0.306076,0.238679,0.118177,14.525549
26811868910,-0.345717,0.924173,-0.965613,0.140661,0.202998,0.051717,14.370306
26911913197,1.435845,2.633535,-1.826900,0.267127,0.307204,0.083187,14.204583
27011957484,-1.902500,0.762436,-1.506929,0.058632,-0.065368,-0.220158,14.300689
27112001771,0.910673,2.781510,-0.220206,0.049186,0.244320,0.274922,14.011550
27212046058,-1.375232,2.437589,0.311077,-0.000445,0.009943,0.068114,13.727526
27312090345,-0.571827,2.967077,-0.312206,0.009578,0.107591,0.015612,13.594622
27412134632,0.390064,2.056137,-1.049889,0.061673,0.068262,0.107022,13.451574
27512178919,-0.551791,1.807289,-0.555347,-0.114576,0.064748,0.098563,13.095653
27612223206,-0.923760,2.211492,0.334166,0.097379,0.306608,0.221348,12.882030
27712267493,-4.114869,-0.358137,-2.135812,0.088941,-0.019962,0.002887,12.739343
27812311780,-2.710234,0.056134,-1.457887,0.294214,0.452974,0.318036,12.493552
27912356067,-1.669124,-0.833282,0.635459,0.022157,0.110607,-0.162503,12.127163
28012400354,4.643427,0.765635,0.652547,0.426387,0.496869,0.391132,11.955695
28112444641,0.852293,1.197989,0.417163,0.076609,0.118755,-0.031187,11.814631
28212488928,3.931439,2.134106,0.952593,0.362904,0.735078,0.360903,11.680004
28312533215,-3.045266,-0.460650,-0.331197,0.266852,0.368061,0.212159,11.648760
28412577502,0.313730,-0.067944,0.206349,0.179188,0.280590,0.058970,11.664065
28512621789,-2.903730,1.921204,-0.155349,0.162649,0.193893,0.112614,11.575434
28612666076,1.092542,4.536419,-1.111952,0.253366,0.409664,0.081491,11.484502
28712710363,-3.536917,2.286741,-0.697590,0.164248,0.364438,0.223878,11.445630
28812754650,1.606184,3.946988,0.244910,-0.015120,0.157084,0.010313,11.325155
28912798937,2.836854,1.357554,-0.192809,0.173684,0.380732,0.203009,11.145643
29012843224,2.265312,1.390377,0.073584,-0.062193,-0.155783,-0.073779,10.930742
29112887511,1.308230,1.951033,-0.216015,0.061306,0.134484,-0.005538,10.858809
29212931798,-2.261174,0.998468,0.875058,-0.119573,-0.136159,-0.144582,10.680899
29312976085,-0.473374,0.009331,-0.182312,0.044038,-0.132370,-0.192827,10.486774
29413020372,-3.593429,0.552886,-0.377338,-0.041452,-0.286899,-0.315013,10.406011
29513064658,0.844519,1.652887,1.118952,0.059123,-0.217576,-0.168946,10.354852
29613108945,-2.200936,2.172037,0.399948,0.016715,-0.176806,-0.227608,10.242932
29713153232,1.845310,1.943325,-0.329719,-0.133370,-0.202297,-0.125849,10.252771
29813197519,1.758133,2.968522,-0.137680,0.105820,0.175053,0.021573,10.220239
29913241806,1.381272,1.388833,-0.164855,-0.086508,-0.107562,-0.123034,10.105446
30013286093,0.805634,2.459940,0.118807,-0.053716,-0.170903,-0.123532,10.087232
30113330380,-2.372862,2.750101,-0.398797,-0.003791,0.002294,0.002268,9.841561
30213374667,1.152121,2.605844,-0.681309,-0.146669,-0.183122,-0.269813,9.666155
30313418954,-3.156976,2.677293,0.183566,0.209492,0.198549,0.168841,9.542568
30413463241,2.640634,1.939849,-0.245046,0.364955,0.609196,0.255635,9.362441
30513507528,-1.700459,3.568766,0.302635,0.272159,0.394600,0.243624,9.061198
30613551815,4.540461,2.847964,-0.641204,0.293972,0.472641,0.253048,8.846923
30713596102,2.123519,2.449424,-0.134090,0.274809,0.613236,0.254409,8.605522
30813640389,4.218494,1.298507,-0.277974,-0.040786,0.065405,-0.026335,8.530594
30913684676,-0.140511,0.592134,-0.362694,0.201916,0.487398,0.191989,8.251271
31013728963,-3.895300,-1.321659,-0.450265,0.186898,0.527222,0.288365,8.039449
31113773250,-0.131138,-0.894727,-0.131203,0.064203,0.234587,0.164820,7.861499
31213817537,2.192313,-0.863901,-0.043203,0.235230,0.455045,0.348783,7.681753
31313861824,-1.163389,-0.442506,-0.160195,0.210774,0.202588,0.149620,7.726648
31413906111,-1.078387,1.288064,-0.472777,-0.167883,-0.379043,-0.191069,7.779296
31513950398,2.669601,1.715932,0.208597,-0.181426,-0.254732,-0.299856,7.728728
31613994685,4.502152,-0.068335,-0.056124,-0.037874,-0.113678,-0.003313,7.715886
31714038972,3.788538,0.350046,0.490450,-0.246606,-0.497968,-0.339008,7.765791
31814083259,2.385850,1.526366,0.399906,-0.184668,-0.221304,-0.112035,7.823391
31914127546,-3.007093,-0.367899,0.308833,-0.123474,-0.270668,-0.118923,7.901993
32014171833,2.005602,0.824180,-1.535977,0.117912,0.038680,-0.155457,7.809694
32114216120,1.523588,0.530987,-0.398081,-0.021643,-0.010895,0.034843,7.798268
32214260407,2.581511,1.837408,0.468867,0.062954,0.140359,0.196482,7.769703
32314304694,-0.033173,2.250184,-0.311229,0.108586,0.099159,0.045218,7.695071
32414348981,1.743163,0.544767,0.057139,0.144035,0.119856,0.106952,7.656896
32514393268,0.170356,2.618463,-0.532575,0.015597,0.045516,-0.012210,7.643561
32614437555,1.924037,2.018720,-0.512210,0.167872,0.175958,0.148533,7.625776
32714481842,0.664762,1.042269,0.128400,0.082462,0.039707,0.056319,7.552285
32814526129,1.230841,1.628846,0.096119,-0.005875,0.175536,0.022152,7.431508
32914570416,0.738033,0.660228,-0.758946,0.146595,0.167963,0.266737,7.354318
33014614703,2.800536,0.820429,-0.477266,0.110631,0.168082,0.181312,7.220917
33114658990,-1.109718,0.967414,-0.385631,0.042127,0.182859,0.158835,7.130495
33214703277,-0.496681,2.789879,0.068363,0.004874,0.016671,0.050650,7.017108
33314747564,-1.296144,2.651889,0.006008,0.091064,0.190660,0.131912,6.997245
33414791851,1.424443,0.734663,-0.006237,-0.111792,-0.170826,-0.064462,6.855044
33514836138,3.702232,0.494631,0.223514,0.057706,0.045731,0.089223,6.708283
33614880425,2.412848,1.647094,-0.200706,-0.133765,-0.264820,-0.129462,6.558916
33714924712,2.525358,0.037178,-0.415396,-0.048039,-0.050480,-0.049831,6.381692
33814968999,-1.362804,1.494500,-0.211525,-0.228541,-0.340340,-0.173483,6.365707
33915013286,1.472371,0.924251,-0.098185,-0.118211,-0.098355,-0.030518,6.225751
34015057573,-2.486077,1.475607,0.042568,0.030375,0.144815,0.108071,6.050292
34115101860,2.152414,1.955315,-0.844288,-0.266729,-0.333984,-0.210857,5.997237
34215146147,-1.420892,0.580879,-0.249152,-0.145975,-0.243274,-0.136176,5.786087
34315190434,3.216859,0.150515,0.389755,-0.239806,-0.279527,-0.182908,5.650655
34415234720,1.308145,0.429810,0.848006,-0.060374,-0.042919,-0.011902,5.728745
34515279007,-2.052092,0.531064,-0.004721,-0.100575,-0.275224,-0.189468,5.656318
34615323294,1.481285,0.629542,-0.768032,-0.136759,-0.252197,-0.139411,5.531857
34715367581,0.171048,-0.050911,-1.231033,0.014047,0.079687,0.017273,5.487167
34815411868,3.323653,-0.766464,-0.969771,0.126848,0.178076,0.161217,5.530803
34915456155,-1.211441,1.375240,0.451224,0.250748,0.400998,0.134778,5.463460
35015500442,-3.131099,-0.417539,0.024080,-0.224687,-0.148922,-0.104268,5.590106
35115544729,-0.949536,0.224640,0.125304,0.180775,0.180214,0.156356,5.484431
35215589016,1.489115,1.634727,-0.646045,-0.057664,0.014125,0.012678,5.583158
35315633303,-0.423115,-2.500056,0.689472,-0.013285,0.253656,0.003984,5.529696
35415677590,-0.107777,-1.949864,0.765530,0.087822,0.171419,-0.008032,5.449734
35515721877,4.024597,2.378271,-0.727461,0.102911,0.029684,-0.035788,5.500478
35615766164,-1.736253,-2.255970,0.419694,-0.148438,-0.279881,0.024785,5.517144
35715810451,-2.408227,-0.117431,-0.816622,0.109801,-0.147890,-0.004055,5.507813
35815854738,-2.527854,1.058671,0.575209,-0.247247,-0.261787,-0.295283,5.672681
35915899025,3.697584,-2.403584,1.301971,-0.298861,-0.070958,-0.108572,5.787977
36015943312,4.191146,-1.213413,1.647549,-0.015714,-0.017188,0.085330,5.737196
36115987599,0.228598,-0.075223,-0.330695,0.055018,-0.152318,0.045033,5.616707
36216031886,-2.195382,0.181356,-0.935872,0.069811,-0.168045,-0.068088,5.666596
36316076173,-1.079494,1.111322,-0.395286,-0.195260,-0.274709,-0.276762,5.786928
36416120460,-0.094706,-0.355461,0.071867,-0.152723,-0.062127,-0.121322,5.877255
36516164747,2.601605,-0.928886,0.587633,-0.153031,-0.204913,-0.093576,5.999836
36616209034,3.485703,-0.860133,0.778539,0.017251,0.053898,0.108411,6.027211
36716253321,2.414503,0.312562,0.492283,0.015749,-0.158056,-0.023287,5.977057
36816297608,1.968570,-1.157811,-0.127413,0.047855,0.072040,0.130223,5.955583
36916341895,0.279332,-0.567973,-0.513722,-0.035815,0.015266,-0.035166,6.115615
37016386182,4.043548,-1.687837,-0.341531,-0.001760,0.128929,0.105880,6.153263
37116430469,0.558951,-0.833542,0.031815,0.069229,0.077383,0.097190,6.134498
37216474756,0.024454,-0.156960,0.615062,-0.123928,-0.137271,-0.015824,6.213752
37316519043,0.542629,0.036692,-0.091978,-0.000362,-0.001064,0.169186,6.227923
37416563330,2.178658,-1.171304,0.460621,-0.076622,-0.145141,0.027074,6.321275
37516607617,3.877443,-0.056193,-0.505813,0.008511,-0.017565,0.078960,6.424496
37616651904,4.335279,0.174328,0.066572,-0.156659,-0.350615,-0.161398,6.488281
37716696191,2.425246,-0.253475,-0.479777,0.006102,0.120028,0.210762,6.528673
37816740478,0.286650,-0.134910,-0.099169,-0.213847,-0.241413,0.028022,6.578827
37916784765,3.013424,-1.472775,0.184649,-0.211605,-0.231231,-0.002228,6.627462
38016829052,3.425572,0.555490,-0.310244,-0.044496,-0.262447,-0.152810,6.713194
38116873339,1.514874,1.222075,-0.323295,0.092423,-0.020345,0.033840,6.789138
38216917626,-1.270902,-1.431775,-1.056453,-0.043577,-0.151750,-0.042104,6.832435
38316961913,-1.389808,-1.486377,-0.794157,-0.038673,0.285724,0.333237,6.923144
38417006200,4.184378,-0.427659,0.288721,0.079577,0.172984,0.176156,6.963361
38517050487,7.752296,-0.123717,0.124975,0.075725,0.085283,-0.010269,7.040424
38617094774,1.937501,-1.088474,0.822226,-0.261311,-0.549692,-0.301145,7.044109
38717139061,2.222081,0.661182,0.344075,-0.185471,-0.290682,0.013553,6.997684
38817183348,0.139284,0.795794,-0.017577,-0.224631,-0.272572,-0.156835,6.989927
38917227635,2.191687,-0.846346,-0.072463,-0.129568,-0.207298,0.056341,7.162192
39017271922,-2.274216,-0.900211,0.199896,-0.182280,-0.274691,-0.048132,7.296206
39117316209,0.299986,-2.235350,0.336634,-0.316987,-0.525036,-0.335960,7.647529
39217360496,7.460471,1.439472,0.316156,-0.265439,-0.526438,-0.293173,7.724886
39317404782,-0.623195,1.381409,0.277814,-0.009991,-0.250074,-0.167861,7.758904
39417449069,3.353628,-0.491705,-0.376666,-0.169234,-0.278700,-0.137291,7.877106
39517493356,1.532449,-0.805338,-0.046133,-0.029611,-0.055198,-0.016067,7.993796
39617537643,0.524250,-1.051770,0.344890,-0.079874,-0.043750,0.022062,8.055048
39717581930,-0.051509,0.362027,0.960094,-0.123300,-0.040540,0.028433,8.214651
39817626217,1.668848,-0.812066,1.001746,-0.149177,-0.182591,-0.112728,8.338416
39917670504,-0.154893,-1.044446,0.580669,0.134739,-0.002459,0.027820,8.399344
40017714791,0.568390,-2.471208,0.586433,0.111416,-0.004576,0.002556,8.421571
40117759078,-0.224416,-0.425885,-0.072203,0.072283,0.137997,0.042581,8.602471
40217803365,-0.022263,-0.309797,0.106231,0.175138,0.046591,0.082615,8.796770
40317847652,1.688726,-2.130343,-0.199190,-0.017147,-0.277921,-0.040898,8.861076
40417891939,-1.587880,-1.953350,-0.084836,-0.071018,-0.173383,-0.144820,8.923942
40517936226,3.603609,-1.774299,0.162200,-0.191465,-0.316561,-0.100270,9.024913
40617980513,4.266968,2.392101,-0.125847,0.078847,0.150145,0.208170,9.129650
40718024800,1.238670,0.430975,0.713312,0.111131,0.005551,-0.110426,9.152940
40818069087,1.710680,0.748959,-0.863179,0.079520,0.128018,0.097513,9.302249
40918113374,0.658342,0.356646,0.063497,0.162167,0.295825,0.162519,9.486036
41018157661,-1.282372,-1.465476,-0.302469,0.083999,0.254512,0.283972,9.575001
41118201948,0.855283,-1.186147,0.459354,0.021741,0.083446,0.100537,9.571618
41218246235,-0.939353,-1.467018,-0.629836,-0.156287,-0.176468,-0.143793,9.593486
41318290522,0.488239,0.864333,-0.339770,-0.069590,0.043175,0.015920,9.682311
41418334809,1.978290,-1.164439,-0.140352,-0.061956,-0.059481,-0.030862,9.805126
41518379096,2.152349,1.471485,-0.915568,0.006597,0.000991,0.025041,9.855377
41618423383,-0.885371,-0.530524,-0.964675,-0.212023,-0.306695,-0.139744,9.759625
41718467670,3.882555,-0.533742,0.351899,-0.266893,-0.443793,-0.252674,9.939282
41818511957,2.617537,1.764912,-0.644935,-0.207343,-0.243731,-0.152968,9.955909
41918556244,1.608502,-0.341198,-0.273464,-0.086134,-0.151491,-0.172211,10.044138
42018600531,-0.011032,-0.711004,0.254291,-0.054343,-0.102143,-0.075196,10.075498
42118644818,1.137005,-1.672112,0.245999,0.040732,0.054275,0.134295,10.177805
42218689105,1.556471,1.792709,0.150194,-0.072043,-0.020089,0.031454,10.140563
42318733392,2.158308,1.718962,-0.096552,-0.033916,-0.016537,0.092036,10.244343
42418777679,0.774146,2.342957,-0.413946,-0.201750,-0.263414,-0.144832,10.233786
42518821966,3.141023,0.531680,0.217784,-0.019646,-0.125879,-0.034539,10.247140
42618866253,1.291374,0.848158,-0.938849,-0.010096,-0.201352,-0.019385,10.289749
42718910540,1.838050,0.483530,-0.247573,-0.064352,-0.130294,-0.060704,10.278216
42818954827,0.827263,-0.905355,0.283610,-0.172949,-0.271893,-0.079450,10.302224
42918999114,1.210556,0.933952,-0.250646,-0.106008,-0.308965,-0.085433,10.473371
43019043401,1.580538,0.301509,-0.083762,-0.061778,-0.205587,-0.071750,10.332630
43119087688,3.128954,1.592434,0.111516,-0.187945,-0.213419,-0.010014,10.376147
43219131975,1.636067,3.483358,0.689016,-0.233597,0.036363,0.146608,10.376452
43319176262,1.543765,1.151433,-0.277551,-0.071036,-0.271319,-0.128923,10.423450
43419220549,-0.134818,-1.579157,-0.568510,-0.070355,-0.399132,-0.274485,10.445409
43519264836,2.347725,5.037953,-0.376024,-0.023103,-0.200016,-0.025003,10.359147
43619309123,2.560080,5.082945,0.679311,-0.147224,-0.194019,-0.044248,10.456096
43719353410,2.743023,1.038361,-0.236025,-0.148371,-0.018531,0.074610,10.415448
43819397697,-1.258686,2.970876,1.015695,-0.150405,-0.243461,0.008359,10.425735
43919441984,0.368477,3.154081,-1.117484,0.041651,-0.102348,-0.016668,10.511314
44019486271,-0.103418,1.351535,-1.143263,-0.024330,-0.156413,0.039700,10.451525
44119530558,0.151004,-1.344950,0.245916,-0.246476,-0.169838,0.038562,10.512974
44219574844,0.522523,1.456770,-0.223613,-0.022536,0.137112,0.157634,10.593051
44319619131,0.464260,-0.997463,0.541454,0.098772,0.007414,0.139966,10.508183
44419663418,2.591379,-0.137918,-0.093716,0.110904,0.029547,0.138453,10.371985
44519707705,-1.632038,0.409000,-0.212977,0.067842,0.243629,0.146308,10.570336
44619751992,1.284680,1.426600,-0.085336,0.104875,0.037020,0.105983,10.651784
44719796279,0.645509,3.773387,0.030368,-0.037526,0.020318,0.048285,10.606575
44819840566,1.923844,0.860442,-1.334142,-0.033996,0.112555,0.180060,10.592045
44919884853,2.429376,0.867415,-0.429812,-0.146288,-0.089601,0.028166,10.665373
45019929140,1.097996,0.367258,0.868071,-0.236384,-0.059674,-0.013512,10.726349
45119973427,0.548866,1.131731,-0.420969,-0.120146,-0.045598,0.032678,10.730999
45220017714,-0.210908,0.685604,-0.130277,-0.010523,0.013897,0.114884,10.621993
45320062001,2.711542,1.056573,-0.039700,0.012513,0.128108,0.097164,10.823721
45420106288,-1.446152,1.039333,-0.520502,0.131999,0.263129,0.214963,10.763342
45520150575,-1.599412,-1.320849,-0.036326,0.053159,0.108628,0.054417,10.834950
45620194862,1.444609,-0.235652,0.389952,0.062507,0.220343,0.163892,10.907319
45720239149,-0.933518,-1.253411,0.150123,-0.081779,-0.148923,-0.034017,10.833843
45820283436,-2.316338,0.144002,0.087010,0.047862,0.027301,-0.007552,10.864327
45920327723,-2.038171,0.286636,-0.076114,-0.217789,-0.407098,-0.210510,10.968105
46020372010,2.677411,1.534827,-0.273184,-0.149827,-0.161331,0.084943,10.951414
46120416297,-0.119563,-1.551720,0.029736,-0.143425,-0.265854,-0.074771,10.941314
46220460584,-0.176600,3.059945,0.030129,-0.085334,-0.314923,-0.210379,10.935527
46320504871,1.424159,-0.125195,-1.026350,0.081865,-0.051987,-0.077126,10.967294
46420549158,-2.752573,0.767743,-0.748928,-0.038147,-0.091228,-0.055490,10.948325
46520593445,-0.868548,-0.565568,-1.257356,0.045208,-0.141585,-0.078520,10.912275
46620637732,-0.310868,-0.197559,0.098080,-0.018959,0.120362,0.012783,10.963889
46720682019,0.613900,0.274502,-0.424593,0.028873,0.209574,0.114951,10.920916
46820726306,0.661231,-1.582428,0.078850,-0.026130,0.106859,0.096015,10.773728
46920770593,-1.662310,0.320578,-0.066664,-0.109465,-0.101867,-0.079747,10.857728
47020814880,0.132256,1.225731,-0.349476,0.009698,-0.050212,-0.032196,10.885495
47120859167,-1.211268,1.531444,-0.336438,-0.079531,-0.115070,-0.084730,10.737079
47220903454,-1.121974,1.794600,-0.229920,-0.052388,-0.097287,-0.081254,10.703733
47320947741,-0.425953,-1.077960,0.382311,-0.069091,-0.078587,-0.071512,10.757411
47420992028,-1.043772,-0.627285,-0.039572,0.047821,0.080721,0.040699,10.698500
47521036315,-0.076227,0.553814,-0.586589,-0.000196,-0.028529,0.011906,10.551276
47621080602,-0.048699,0.520868,-0.625733,-0.025473,0.033794,-0.021389,10.538842
47721124889,-0.292935,-1.577059,-0.019537,-0.033463,-0.034639,-0.043541,10.543661
47821169176,-0.607966,-0.030687,0.071227,-0.017677,0.006933,-0.012053,10.419415
47921213463,0.397338,1.263209,0.057972,0.205174,0.475033,0.223786,10.379699
48021257750,-0.372251,-2.162554,-0.379239,0.109392,0.144408,0.037175,10.435793
48121302037,-0.484064,-1.458538,-0.342145,0.028111,0.041058,0.038355,10.223284
48221346324,-1.884926,0.417723,-0.245713,0.024443,0.026908,-0.049658,10.204963
48321390611,-0.094117,2.547933,-1.256535,0.196879,0.280646,0.132948,10.262957
48421434898,-0.919950,-1.662607,0.297646,0.160944,0.274689,0.069952,10.099473
48521479185,-2.445598,-2.284820,0.754045,0.099754,0.368522,0.311929,9.962530
48621523472,-1.782537,-1.221578,1.689064,0.112616,0.082598,0.137351,9.954137
48721567759,-0.364284,3.098074,0.199456,0.040357,0.095452,0.051659,9.847953
48821612046,-0.804429,0.422192,-1.704790,-0.032318,0.393978,0.196391,9.794983
48921656333,-1.832419,-0.177954,-0.782436,-0.027636,0.248131,0.052824,9.825628
49021700620,0.492074,0.163982,-0.135346,-0.127468,-0.014972,-0.073480,9.838319
49121744906,-0.846799,-1.075396,1.410544,-0.040322,-0.193752,-0.104275,9.662799
49221789193,-0.202936,-0.487403,1.984789,0.260300,-0.081468,-0.110739,9.441510
49321833480,0.279926,-0.104426,2.138001,0.312953,0.108088,0.126018,9.399818
49421877767,0.757787,0.722341,1.502160,0.069418,-0.214268,-0.038440,9.460314
49521922054,-1.926681,-0.205276,1.500394,-0.022096,-0.354308,-0.128305,9.559387
49621966341,0.379632,2.147267,0.420110,-0.045451,-0.246815,-0.087703,9.698849
49722010628,0.173649,1.208221,-0.099882,-0.176340,-0.020651,0.018431,9.525850
49822054915,0.442080,0.881283,-0.778554,-0.097130,-0.170989,-0.085766,9.719029
49922099202,-1.147126,-2.504633,-1.348300,-0.042699,-0.150194,-0.180049,9.487201
50022143489,1.736558,0.994055,-0.843173,-0.197937,-0.305032,-0.214255,9.316933
50122187776,4.375707,0.357076,-0.506463,-0.275954,-0.240324,-0.226701,9.364436
50222232063,0.623896,-0.723745,1.079585,-0.048347,-0.043106,0.048138,9.388582
50322276350,1.216826,0.982102,0.169645,0.014605,0.155669,0.181687,9.429504
50422320637,-1.053875,-2.624765,0.299545,-0.155517,0.012369,0.070741,9.529260
50522364924,1.554458,-0.201423,-0.280841,0.210721,0.470620,0.289586,9.597029
50622409211,-0.989023,-1.995967,-0.097307,0.168384,0.230270,0.209080,9.632424
50722453498,1.198052,2.658872,-1.004845,0.240363,0.396189,0.253835,9.551103
50822497785,-1.182862,-0.225698,-0.192192,0.024627,0.193316,0.191205,9.619123
50922542072,1.279088,3.424759,-0.258577,-0.036851,-0.125644,-0.067335,9.694455
51022586359,1.582781,-0.577735,-0.449324,0.083059,0.028827,0.046435,9.742316
51122630646,2.264839,0.738529,-0.719005,0.058679,0.046395,0.059017,9.794749
51222674933,-1.130139,0.204864,-0.559487,0.099156,0.169696,0.179470,9.799369
51322719220,-0.152343,-0.758367,-0.256141,-0.047511,0.001189,0.063120,9.808526
51422763507,-0.366753,-0.613158,-0.230416,-0.009589,0.135856,0.161926,9.830491
51522807794,0.691979,1.445230,0.249980,-0.083569,-0.038392,0.032420,9.971665
51622852081,1.947134,1.313732,-0.083735,0.055284,0.023916,0.050772,9.827539
51722896368,1.011342,1.919536,-0.302553,-0.130708,-0.283724,-0.118966,9.847750
51822940655,0.403964,2.632791,-0.796494,-0.096870,-0.041166,0.054945,9.859862
51922984942,-0.181585,0.506740,-0.781621,-0.103378,0.019345,0.036266,9.783191
52023029229,0.041724,1.351390,-0.624539,-0.128777,-0.101063,-0.041648,9.846976
52123073516,-1.722680,0.724997,-0.460591,-0.047994,-0.092981,-0.013530,9.860070
52223117803,-0.183825,0.276787,-0.466222,-0.149781,-0.218313,-0.121825,9.700166
52323162090,-1.262012,-0.292676,-0.207800,-0.067100,-0.056726,-0.026982,9.618703
52423206377,-0.235873,1.252710,-0.642945,-0.160579,-0.096663,0.031956,9.591932
52523250664,-1.749768,2.634627,-0.084262,0.003915,0.185734,0.188726,9.428396
52623294951,-2.910646,1.541596,-0.081629,0.004518,0.132280,0.217840,9.420457
52723339238,-1.726943,4.117821,-0.813105,0.305910,0.463986,0.373040,9.275502
52823383525,-3.343959,-0.013549,-0.452675,0.215210,0.279766,0.182129,9.185909
52923427812,-0.872341,5.182319,-1.246893,0.121739,0.086668,0.095922,9.081381
53023472099,-4.286551,-2.945165,-0.045775,0.353509,0.527030,0.293467,8.646935
53123516386,-2.333385,-5.259241,0.005490,0.035980,-0.028808,-0.057818,8.371604
53223560673,-4.423964,-2.247305,0.455068,0.161724,0.225680,0.257284,8.210410
53323604960,-2.720456,1.663884,-0.477462,-0.053980,-0.074949,-0.049574,7.685889
53423649247,-1.816289,3.071922,-1.243555,0.077311,0.387754,0.200818,7.522477
53523693534,-4.091328,-2.925638,1.132466,0.388264,0.614190,0.469584,7.437699
53623737821,0.894555,-1.071484,0.945872,0.089918,0.233907,0.105056,7.081212
53723782108,-2.864018,-4.963481,1.474895,-0.097145,-0.480786,-0.384576,6.662502
53823826395,-1.689636,0.345781,-0.541014,-0.103362,-0.275883,-0.162396,6.500338
53923870682,-4.619643,-3.140103,0.425767,-0.319001,-0.609554,-0.390993,5.943596
54023914968,-0.780341,1.821041,-0.056298,-0.095015,-0.322061,-0.234863,5.821550
54123959255,-3.270930,-1.804691,0.821867,0.263096,0.471043,0.240296,5.888443
54224003542,-1.402201,-1.730788,0.772953,0.054684,-0.003930,-0.074419,5.611207
54324047829,0.917181,2.956638,0.567932,0.185000,0.147387,0.077878,5.446087
54424092116,0.087140,0.689147,0.829923,0.049539,-0.265011,-0.186015,5.175796
54524136403,2.207362,4.054256,0.192020,0.271130,-0.054157,-0.045566,4.977434
54624180690,-0.156255,1.980756,0.068129,0.051197,-0.328238,-0.205769,4.925717
54724224977,-0.028428,2.150938,-0.394216,-0.025475,-0.152430,-0.030383,5.031458
54824269264,-2.006204,-0.138457,0.103610,-0.125306,-0.249784,-0.164617,5.076260
54924313551,-0.804904,1.406398,0.282731,-0.041647,-0.122847,-0.018701,4.693703
55024357838,-0.005015,-0.715048,0.436995,-0.065397,-0.042296,0.012610,4.769659
55124402125,0.309514,0.843086,0.187248,-0.114282,-0.188299,-0.118741,4.694096
55224446412,0.876891,0.744290,-0.169538,-0.001151,-0.063322,0.059527,4.569603
55324490699,1.185577,1.655065,-0.310470,-0.008592,-0.078450,0.156411,4.535987
55424534986,2.615293,1.048439,0.071049,0.039690,0.045861,0.261581,4.571948
55524579273,0.479815,-0.618028,0.868781,-0.008630,-0.085676,0.084997,4.491892
55624623560,0.207737,1.195644,-0.158247,0.007578,-0.104857,0.027966,4.660114
55724667847,1.309772,1.612739,-0.754566,-0.026358,-0.058227,0.102096,4.711547
55824712134,1.275979,3.604448,-0.707407,-0.094205,-0.169418,0.061246,4.840989
55924756421,1.059770,2.016131,0.180837,-0.034716,-0.123033,0.089112,4.713904
56024800708,-0.422679,0.826240,0.357585,-0.108313,-0.141329,0.042086,4.868299
56124844995,0.722481,1.060125,-0.372271,-0.262890,-0.284415,-0.144811,4.947094
56224889282,0.842276,-0.323430,-0.564458,-0.283541,-0.418857,-0.147338,4.930456
56324933569,0.688049,1.259106,-0.422806,-0.304855,-0.393687,-0.126682,4.925263
56424977856,0.647516,-0.006853,-0.061234,-0.216498,-0.202877,-0.008477,4.746770
56525022143,1.801910,0.716726,-0.289225,-0.207502,-0.283599,0.007941,4.929220
56625066430,2.611172,2.281360,0.007616,-0.121980,-0.108370,0.007132,5.119539
56725110717,2.114158,1.974796,-0.164928,-0.162510,-0.237171,-0.008220,5.189488
56825155004,1.640944,1.807009,-0.081902,-0.115048,-0.152328,0.049821,5.344499
56925199291,2.088687,0.266670,-0.016648,-0.110583,-0.212715,-0.091843,5.486424
57025243578,2.400232,1.336679,-0.087389,-0.052411,-0.133874,0.014419,5.652719
57125287865,1.452460,1.024879,-0.338779,-0.137015,-0.083791,0.110351,5.787294
57225332152,1.435731,2.441645,0.004652,-0.124311,-0.149816,0.086783,6.023828
57325376439,2.084210,1.720373,0.513439,-0.051477,-0.218118,-0.094305,6.195128
57425420726,1.738343,1.889830,0.100569,-0.052098,-0.199203,0.011558,6.430412
57525465013,1.603365,1.004977,-0.085792,-0.108630,-0.240613,0.062585,6.631017
57625509300,1.321100,1.256755,-0.103028,-0.080055,-0.226105,-0.034592,6.784986
57725553587,1.005048,2.206726,0.112604,-0.073755,-0.272805,-0.086044,7.006767
57825597874,1.444846,3.034680,-0.645383,-0.040113,-0.117219,0.004687,7.117927
57925642161,0.925975,2.092199,-0.357984,-0.173740,-0.186922,0.031927,7.343038
58025686448,0.707286,2.681248,-0.006336,-0.057365,-0.078241,0.044791,7.606139
58125730735,0.869994,1.064657,-0.378328,-0.032483,-0.197234,0.065560,7.683348
58225775022,0.582693,1.442377,-0.272477,-0.032149,-0.101387,0.098069,7.669102
58325819309,-0.255566,1.966221,0.423425,-0.077254,-0.237357,-0.106942,7.983243
58425863596,-0.047071,2.452710,0.054718,-0.130686,-0.288651,-0.005779,8.078352
58525907883,0.101676,0.591954,0.177931,-0.052631,-0.083970,0.060379,8.127356
58625952170,-0.453326,1.297302,0.309344,-0.118107,-0.051660,0.074608,8.345461
58725996457,0.232357,0.034861,-0.721354,-0.025976,-0.008910,0.070302,8.453487
58826040744,1.585636,-0.524608,0.137058,0.072017,0.144147,0.097954,8.461197
58926085031,1.969953,-1.630246,0.288881,-0.090264,0.013170,0.089603,8.714035
59026129317,1.128826,1.890256,-0.393713,-0.062409,-0.012287,-0.025369,8.720792
59126173604,0.444089,1.967231,-0.549457,0.177245,0.277354,0.197050,8.838532
59226217891,0.698094,2.205344,-0.465189,0.079531,0.147079,0.107028,8.824079
59326262178,0.954427,1.216414,0.245324,0.183632,0.259394,0.124812,8.975493
59426306465,2.017031,-1.402729,-0.429590,0.096137,0.102869,0.011844,9.109486
59526350752,1.802258,-1.442319,0.055170,0.082053,0.197350,0.059753,9.257151
59626395039,0.401983,1.011866,0.136253,-0.090591,-0.049863,-0.112112,9.312227
59726439326,1.869983,0.014268,0.053150,0.053988,0.040907,0.022209,9.401516
59826483613,1.565789,-1.439570,0.298244,-0.034323,-0.030148,-0.059981,9.530839
59926527900,1.700532,-0.832067,0.273745,0.008552,0.045009,-0.018458,9.655516
60026572187,2.158787,-0.609585,0.382726,-0.075345,-0.076568,-0.095994,9.705586
60126616474,0.177064,0.437002,-0.268202,0.072692,-0.064698,-0.021047,9.874601
60226660761,-0.419048,0.424706,-0.548155,0.117275,0.078086,0.003006,9.970296
60326705048,1.116094,-0.078003,-0.044839,0.038341,0.034233,-0.014801,10.002044
60426749335,0.658679,-0.645580,-0.348762,0.025858,0.093712,-0.079762,10.151960
60526793622,0.046087,0.853832,-0.416159,-0.052643,-0.128890,-0.194524,10.301048
60626837909,2.257951,-1.632359,0.104685,0.126097,0.097027,-0.087950,10.234320
60726882196,0.395021,-1.016475,0.282391,0.042792,-0.037205,-0.008244,10.264023
60826926483,0.306746,-1.157725,-0.540687,0.065396,0.068071,-0.040513,10.271904
60926970770,0.521183,0.268258,-0.567752,-0.156232,0.052887,-0.053985,10.332495
61027015057,0.115507,0.982345,0.123134,0.044058,0.207364,0.156419,10.381544
61127059344,1.393760,-1.010106,0.587951,0.149285,0.068693,-0.049293,10.456876
61227103631,0.567614,-0.792589,-0.206471,0.015238,-0.120445,-0.086500,10.476692
61327147918,-1.022505,0.911303,-0.154393,-0.077560,0.006013,0.052658,10.451279
61427192205,-0.045009,0.570946,-0.516131,-0.007574,0.101297,0.015048,10.497170
61527236492,0.742621,-1.157135,0.006874,0.026724,0.149162,0.127603,10.596678
61627280779,0.786582,-2.731562,0.841736,0.091315,0.109849,0.032281,10.679370
61727325066,0.477989,-2.159040,0.102030,-0.098553,-0.273119,-0.151868,10.685019
61827369353,1.014873,-2.949467,0.418221,-0.056368,-0.131640,-0.120036,10.699372
61927413640,1.460823,-1.896976,-0.251990,-0.048166,-0.172239,-0.097919,10.768484
62027457927,1.144719,-3.004973,-0.484174,0.094808,0.052000,0.073402,10.801592
62127502214,-0.352301,-0.626946,-0.254340,-0.127731,-0.183568,-0.181320,10.789477
62227546501,-0.607838,1.216370,0.158405,-0.090036,-0.161736,-0.072516,10.733654
62327590788,-0.847793,-0.533414,-0.153310,0.021962,0.023432,0.012690,10.805583
62427635075,-0.998671,1.740429,-0.567077,-0.103087,-0.148215,-0.132684,10.779831
62527679362,0.789899,-1.874624,0.022940,0.054586,0.044852,0.064540,10.758264
62627723649,2.394997,-2.560425,0.215876,0.155349,0.090976,0.104825,10.763889
62727767936,0.733365,-1.792287,1.043939,0.077899,0.058336,0.010821,10.791117
62827812223,0.255540,1.806493,-0.169743,0.268547,0.362266,0.121846,10.843635
62927856510,0.118137,1.421526,0.293308,0.148830,0.202996,0.086871,10.793325
63027900797,0.194305,-0.500515,-0.188935,0.067772,0.128194,0.069285,10.805874
63127945084,-0.314301,-1.544666,-0.310851,0.014665,0.101437,0.071110,10.837926
63227989371,1.713240,-1.195589,-0.070760,-0.126137,-0.120453,-0.052574,10.804905
63328033658,0.804396,0.245627,-0.877456,0.055423,0.022745,-0.005133,10.830926
63428077945,0.712979,-0.830708,-0.415499,0.007533,-0.066612,-0.032560,10.776502
63528122232,0.685534,-0.768714,0.188650,-0.152246,-0.000677,0.000206,10.735851
63628166519,1.175847,-0.066519,0.086267,-0.000501,0.136302,-0.028972,10.760674
63728210806,0.892099,-0.169729,-0.254818,0.047533,0.049450,0.023735,10.828290
63828255093,0.452095,-1.693523,-0.542473,-0.097505,-0.181080,-0.142801,10.833198
63928299379,0.680758,-0.499091,-0.624056,-0.108393,-0.133179,-0.168180,10.874973
64028343666,0.930309,-1.156129,-0.435367,-0.202074,-0.391090,-0.254288,10.914393
64128387953,0.412065,3.741752,0.172483,-0.095300,-0.183533,-0.198226,10.963164
64228432240,1.542103,1.124791,0.653738,0.237301,0.262738,0.160953,11.047218
64328476527,-0.554559,2.427605,0.805341,-0.027077,-0.048369,-0.114219,11.133089
64428520814,1.340771,0.927438,1.175426,0.070136,-0.011520,0.049196,11.158892
64528565101,0.742214,-0.955465,0.881118,0.155513,0.055681,0.053738,11.249039
64628609388,-0.709053,-2.680295,0.101480,0.013375,0.095652,0.170483,11.359624
64728653675,1.201664,0.642499,-0.113668,-0.270157,-0.230490,-0.066062,11.446804
64828697962,1.920594,1.734799,-0.947857,-0.175719,-0.144744,-0.032231,11.584446
64928742249,2.829081,-1.128647,-0.091295,-0.160883,-0.399621,-0.173666,11.621377
65028786536,1.102991,3.008177,-1.256561,-0.201852,-0.232032,-0.100899,11.582168
65128830823,0.609953,-1.739533,0.040707,-0.025071,-0.009375,0.011094,11.583304
65228875110,1.730748,-3.397109,0.062535,-0.051217,-0.197050,-0.145386,11.731415
65328919397,1.965510,-3.149555,0.268571,0.083615,0.158086,0.066516,11.857260
65428963684,0.033429,-0.550396,-1.079391,-0.075892,-0.068442,-0.040205,11.966386
65529007971,-0.812825,2.342361,-0.749544,0.194753,0.418643,0.258463,12.011438
65629052258,0.747989,-0.201243,-0.115524,0.085770,0.252567,0.132721,12.033087
65729096545,-0.904676,2.606290,0.125731,0.254039,0.396867,0.183217,12.135146
65829140832,-0.826782,0.419682,0.985044,0.156833,0.319292,0.152925,12.150276
65929185119,-0.465906,0.664276,0.899219,0.061909,0.224008,0.072759,12.109267
66029229406,0.324140,-1.187922,0.307845,0.102941,0.120375,0.134625,12.233094
66129273693,-0.958571,0.278638,-0.444913,-0.019003,0.005645,-0.035965,12.233899
66229317980,0.767192,-0.494034,-0.665462,0.041318,0.297802,0.347036,12.182947
66329362267,-0.998189,1.818663,-0.666626,0.099592,0.344959,0.373433,12.192712
66429406554,0.888467,-1.400351,0.472301,-0.062228,-0.119168,0.016301,12.241675
66529450841,0.046477,-0.603060,-0.448878,-0.171068,-0.430057,-0.002975,12.113812
66629495128,-1.565933,-6.895327,-0.280073,0.468271,0.832193,0.617855,12.091649
66729539415,-1.829562,3.215962,-1.392729,0.793480,1.566660,0.981392,12.166236
66829583702,1.997893,-6.928154,0.578050,0.505056,0.983695,0.655566,12.210941
66929627989,-1.348663,8.120702,-0.987408,0.235641,0.426403,0.251892,12.234869
67029672276,-1.928358,5.493598,-0.440269,0.377271,0.553962,0.481096,12.085965
67129716563,-1.478613,4.460180,-0.464269,-0.194014,-0.426166,-0.233478,12.064010
67229760850,-1.195186,2.484680,-0.805883,0.087952,0.353268,0.188511,12.234550
67329805137,1.085969,-5.577912,0.019634,0.031050,0.323316,0.212146,12.245376
67429849424,1.450466,-3.056625,1.099794,-0.452649,-0.613260,-0.421915,12.189420
67529893711,1.366541,-4.469302,1.310727,-0.223043,-0.479848,-0.283998,12.144959
67629937998,0.033416,-2.297354,1.914920,-0.238367,-0.368466,-0.020079,12.060105
67729982285,0.329841,-1.648654,1.329607,0.277049,0.339763,0.507041,12.060578
67830026572,1.076574,-3.976212,1.323248,0.159618,0.137161,0.406336,12.022850
67930070859,-0.627065,-2.501407,-1.575485,-0.093814,-0.088617,0.152144,12.110071
68030115146,-0.052748,-1.423054,-1.379286,-0.278496,-0.101394,-0.088777,12.072585
68130159433,3.714720,-6.209305,-0.305842,-0.269443,-0.045216,-0.087536,12.123267
68230203720,1.933908,-4.768487,0.128302,-0.102928,-0.283408,-0.132237,12.026990
68330248007,-0.790277,-1.103241,1.072660,0.101030,0.095338,0.016862,11.820431
68430292294,-0.376091,0.515846,0.892980,-0.031487,-0.193860,-0.232523,11.684487
68530336581,0.772257,1.938126,-0.850471,-0.197278,-0.216128,-0.146131,11.922567
68630380868,-0.042027,2.462327,-0.598854,-0.229463,-0.200942,-0.203442,12.187084
68730425155,1.056063,-3.158543,0.049085,-0.024690,0.072628,0.071324,12.026019
68830469441,-0.150457,-3.770541,-0.529607,-0.010471,0.045335,0.119227,11.848946
68930513728,-0.327929,-1.312414,0.183216,0.169312,0.541011,0.369663,11.924154
69030558015,1.515328,-2.892104,0.152668,0.125355,0.388865,0.243931,11.966391
69130602302,-1.075355,-1.892077,0.024635,0.147414,0.320681,0.232102,12.030301
69230646589,0.237264,-2.959536,0.138702,0.147643,0.312151,0.195919,12.042356
69330690876,0.450087,0.719774,-0.146308,0.036640,0.097638,0.052036,12.000318
69430735163,-1.085225,1.626219,-0.476534,0.089083,0.177699,0.118527,12.080362
69530779450,-0.751416,2.195587,-0.381446,-0.052511,-0.116705,-0.041223,12.210811
69630823737,0.614182,-1.193290,0.511852,0.040772,-0.112633,-0.069599,12.174949
69730868024,2.945432,-4.467433,0.920339,-0.306569,-0.567391,-0.460810,12.138124
69830912311,0.570306,-0.934349,-0.282849,-0.007726,-0.006287,-0.143579,12.212531
69930956598,-0.126386,-2.737131,-1.300759,0.067427,0.193460,0.028666,12.274258
70031000885,-0.125506,1.908638,-1.193263,-0.404880,-0.607953,-0.433964,12.347594
70131045172,2.157945,-3.437789,0.198069,-0.311264,-0.633571,-0.341573,12.339131
70231089459,-1.029556,4.050775,0.972528,-0.188618,-0.591061,-0.351520,12.351331
70331133746,-0.865452,2.959697,0.836525,0.034833,-0.178313,-0.136152,12.330846
70431178033,-1.329446,4.536426,0.166131,-0.082293,-0.295242,-0.163900,12.348910
70531222320,-0.049325,-0.234789,-0.319368,0.234462,0.422228,0.244513,12.485470
70631266607,0.242308,-4.363023,-0.751172,0.184068,0.184045,0.090007,12.595095
70731310894,-0.031422,-1.351294,-1.227587,0.538766,0.728020,0.475295,12.516047
70831355181,1.117623,-6.464460,0.087061,0.340939,0.541115,0.236075,12.405424
70931399468,0.008493,0.316605,0.369405,0.166104,0.436930,0.156324,12.387329
71031443755,-1.296029,5.467015,0.283939,0.184148,0.498841,0.228905,12.442050
71131488042,-1.510049,2.453874,-0.588309,-0.017712,0.043773,-0.108146,12.426661
71231532329,-1.246580,3.208581,-0.981621,0.263763,0.630007,0.388419,12.344504
71331576616,0.347431,-3.133711,-0.136344,0.300995,0.603528,0.336465,12.330349
71431620903,-0.346672,0.380528,-0.760702,0.208193,0.423905,0.215523,12.383463
71531665190,0.013534,-3.345010,0.713798,0.255912,0.378200,0.267141,12.299378
71631709477,-1.140915,0.733223,0.067139,-0.120380,-0.147495,-0.072236,12.194120
71731753764,-0.879663,-0.936523,-0.277051,-0.280528,-0.374696,-0.260013,12.223790
71831798051,-0.781816,2.734363,-0.793778,-0.278454,-0.258614,-0.182366,12.179702
71931842338,-0.380151,1.877484,-0.409037,0.043247,0.162458,0.091199,12.131007
72031886625,-0.457890,-0.271746,-0.134599,0.218649,0.257810,0.073593,12.121249
72131930912,-0.637344,-1.254032,0.075070,0.036429,-0.013416,-0.117137,11.990717
72231975199,0.096900,-1.009252,-0.342071,-0.220397,-0.245578,-0.178750,11.884237
72332019486,-0.001121,0.047529,-0.093917,-0.140927,-0.172540,-0.087691,11.930216
72432063773,0.000818,-3.318953,0.141821,-0.093099,-0.423150,-0.162314,11.960727
72532108060,1.739129,-2.613531,0.910565,-0.134415,-0.337458,-0.232933,11.877066
72632152347,2.283792,-3.579893,0.446639,0.113228,0.250192,0.196326,11.793704
72732196634,0.174501,-2.684548,0.667222,-0.007752,-0.191888,-0.114120,11.801016
72832240921,-0.232853,1.708777,0.782124,-0.024352,-0.215855,-0.245513,11.840286
72932285208,-1.255732,0.303149,0.094038,0.153134,0.139317,0.074903,11.700330
73032329495,-1.569865,3.204426,-0.849935,0.130552,0.175754,0.092485,11.727029
73132373782,0.524232,2.180914,-1.048862,0.050607,0.168337,0.117640,11.792248
73232418069,-0.291748,2.662523,-1.876485,0.004445,0.121512,0.133306,11.775242
73332462356,-0.774691,-1.837912,-0.721088,0.010705,0.087539,0.091837,11.703399
73432506643,0.729922,-1.065093,-0.177679,-0.090021,-0.171434,-0.130453,11.628190
73532550930,1.077451,-0.004605,0.035645,-0.081520,-0.141884,-0.139651,11.602587
73632595217,1.018144,-1.685074,0.654036,-0.176826,-0.371470,-0.233654,11.610554
73732639503,0.205586,2.735504,0.178678,-0.159697,-0.427519,-0.222240,11.600165
73832683790,-0.546616,4.163585,-0.133487,-0.109202,-0.291581,-0.218424,11.691499
73932728077,-0.027899,1.264387,-0.661167,-0.065752,-0.156736,-0.104964,11.700707
74032772364,1.025257,1.203569,-0.201381,0.114235,0.280697,0.118731,11.693447
74132816651,3.641579,-2.768472,0.445018,0.010922,-0.008043,-0.076277,11.777048
74232860938,1.654559,-0.212647,0.733057,0.080941,0.047649,-0.038742,11.829828
74332905225,0.227653,0.121425,0.228501,0.028146,-0.080023,-0.044935,11.711497
74432949512,0.059093,-0.632051,0.360732,-0.004908,-0.094263,-0.058505,11.785494
74532993799,2.474612,-2.554856,0.594967,-0.071081,-0.153533,-0.156305,11.787993
74633038086,0.744576,-2.616844,-0.435168,0.117089,0.025844,-0.010999,11.844929
74733082373,1.125443,-4.732144,-0.485457,0.089345,-0.076549,-0.015667,11.888220
74833126660,1.292935,-3.215635,-0.880701,0.264215,0.435798,0.242592,11.942411
74933170947,0.903367,-2.387599,-0.282526,0.121333,0.231574,0.125103,11.976217
75033215234,0.053230,1.239120,-0.006353,0.241469,0.351855,0.253076,12.051927
75133259521,0.263282,-1.019173,0.352029,0.173363,0.242069,0.122513,12.009745
75233303808,-0.483416,0.274748,-0.436758,0.148558,0.294841,0.174559,11.927943
75333348095,0.604086,-2.076674,0.050192,0.110135,0.304920,0.188961,11.992230
75433392382,0.580406,-1.690757,0.681467,0.091068,0.209163,0.159074,12.000505
75533436669,0.804810,-2.613935,0.594151,0.106071,0.178808,0.167094,11.915468
75633480956,-2.530651,0.285832,0.339394,-0.023325,-0.018932,0.040264,11.811365
75733525243,-0.745610,1.788190,-0.720909,0.074690,0.068686,0.115586,11.710239
75833569530,-0.390750,1.796330,-0.549001,-0.086800,-0.050008,-0.041012,11.737881
75933613817,0.191654,-1.311649,-0.145432,-0.047041,-0.007605,-0.009730,11.814594
76033658104,0.832844,-4.362355,0.659088,-0.134480,-0.358840,-0.193794,11.753567
76133702391,0.021566,-2.046703,0.789919,-0.050728,-0.084806,-0.002393,11.617983
76233746678,-0.483993,-2.609377,1.215329,-0.203119,-0.340388,-0.185317,11.593434
76333790965,-1.325541,0.585202,-0.098358,-0.037416,-0.019066,0.026250,11.691228
76433835252,0.122372,-1.370235,-0.341408,0.072511,0.102528,0.125289,11.726541
76533879539,-1.172185,-1.109072,-1.137585,-0.036105,-0.137739,-0.050929,11.704542
76633923826,-1.298271,-1.129410,-0.632611,-0.036750,0.018670,-0.054211,11.663075
76733968113,-0.274989,-0.644039,-0.171215,0.016377,-0.068056,0.056639,11.551443
76834012400,-0.538624,-0.369133,-0.001569,0.138017,0.027980,0.104846,11.377984
76934056687,-1.686702,-0.466875,0.366673,-0.019690,-0.014355,-0.112268,11.204419
77034100974,-2.276247,0.001593,0.305288,0.074594,0.241752,0.074723,11.107250
77134145261,-1.735381,0.247079,0.455629,0.063150,0.166218,0.018403,11.000496
77234189548,-0.808526,-0.070438,0.327564,-0.044672,-0.014384,-0.067921,10.950564
77334233835,-0.807196,0.343158,-0.590388,-0.000307,0.036651,0.130217,10.832705
77434278122,-1.432280,-0.670210,0.680051,0.013123,-0.043402,-0.029508,10.586470
77534322409,-0.559804,-0.323478,0.324443,0.051469,-0.080809,-0.094642,10.660290
77634366696,-0.354151,-0.691488,-0.150977,-0.116567,-0.155228,-0.069017,10.567552
77734410983,-1.897650,-0.567790,0.160736,-0.139622,-0.067583,-0.029005,10.512714
77834455270,-1.506110,-1.095996,-0.014253,-0.047904,-0.047449,-0.008207,10.353429
77934499557,-1.481348,0.155093,-0.302589,0.004173,-0.090931,-0.026510,10.206555
78034543844,-2.600204,0.722861,0.365256,-0.053122,-0.088483,-0.029786,10.118203
78134588131,-2.537356,1.344232,0.619852,-0.000985,-0.098561,-0.038319,10.040943
78234632418,-0.850575,-1.422657,0.135571,0.131544,0.046654,0.052919,9.928477
78334676705,-0.959879,-3.365160,0.601132,0.072305,-0.018560,-0.028974,9.753861
78434720992,-2.428282,-3.504260,0.791563,0.149304,0.214988,0.105593,9.576132
78534765279,-3.332950,-2.255106,0.043076,0.079019,0.124367,0.081697,9.458711
78634809565,-3.646643,1.167630,0.022729,0.209219,0.392976,0.205097,9.396906
78734853852,-3.577049,-0.072483,0.507934,0.025966,-0.043149,-0.042366,9.251696
78834898139,-3.783820,1.834539,-0.357640,-0.047135,-0.104229,-0.201551,8.910458
78934942426,-2.544396,-4.270186,0.447007,0.160542,0.323778,0.133076,8.634887
79034986713,-1.971526,-4.270351,0.795335,0.097010,0.110013,0.113126,8.331971
79135031000,-1.645672,-2.896787,0.302051,0.109069,0.305661,0.207723,8.130520
79235075287,-2.592296,-2.704022,0.450164,-0.021828,0.059658,0.026595,7.864380
79335119574,-2.567687,-1.804811,0.129768,0.129127,0.125817,0.107122,7.527390
79435163861,-2.316516,0.821197,-0.525981,0.053803,0.026368,0.052933,7.319455
79535208148,-2.558406,1.192798,-0.394203,-0.014306,0.104629,0.082309,7.153384
79635252435,-2.356931,0.064492,-0.160117,-0.139023,-0.157619,-0.071937,6.899603
79735296722,-2.273466,0.285743,0.084056,-0.040154,-0.066833,-0.074306,6.632248
79835341009,-2.796718,-0.981499,-0.045837,-0.008193,-0.063359,-0.069887,6.331816
79935385296,-3.176868,-0.496934,-0.046171,-0.029590,-0.038974,-0.017691,6.050238
80035429583,-2.500659,-0.310561,0.002999,0.043067,0.005915,0.017440,5.827343
80135473870,-2.813797,-0.647812,-0.191356,0.043582,-0.028348,0.020001,5.509341
80235518157,-3.351314,-1.298036,-0.282335,-0.016042,-0.044688,-0.035468,5.234158
80335562444,-3.367487,-0.983516,-0.150491,-0.017062,-0.033735,-0.069593,4.991930
80435606731,-2.548290,-0.393530,-0.194824,-0.005627,-0.039675,-0.067329,4.702742
80535651018,-2.396317,0.243615,-0.222339,0.008786,-0.021237,-0.028193,4.426639
80635695305,-2.079815,0.128903,-0.039638,-0.001186,0.031049,0.028054,4.120219
80735739592,-1.924781,-0.299376,0.227353,0.000045,0.038877,0.041401,3.802975
80835783879,-1.191462,-0.533814,0.229501,0.029455,0.048160,0.056220,3.501041
80935828166,-1.339100,-1.297316,-0.142754,0.000233,0.012956,0.031287,3.254591
81035872453,-1.616668,-1.443529,-0.381309,0.034511,0.008637,0.014858,3.074779
81135916740,-1.533183,-0.447188,-0.346547,-0.016289,-0.030208,-0.034021,2.909176
81235961027,-1.371683,0.960123,-0.180989,-0.037568,0.000365,-0.016660,2.720347
81336005314,-1.711369,1.245625,0.119936,0.041965,0.142231,0.122315,2.586094
81436049601,-1.956998,0.945350,-0.118234,0.098507,0.173499,0.127282,2.435132
81536093888,-1.615840,0.168204,-0.255840,0.112632,0.151107,0.078510,2.214604
81636138175,-1.168749,0.603297,-0.257243,0.053545,0.096884,0.055550,2.051096
81736182462,-0.631685,-0.731406,0.025187,0.053328,0.141015,0.075647,1.915137
81836226749,-0.777040,-0.638602,0.098451,0.043956,0.092105,0.037061,1.727631
81936271036,-0.552956,-0.766315,0.191447,0.059230,0.101406,0.072374,1.582458
82036315323,-0.376881,-0.387889,0.026519,0.036292,0.081757,0.062968,1.410312
82136359610,-0.358309,0.342332,-0.079464,-0.009525,0.006040,0.007767,1.318512
82236403897,-0.110279,0.295301,-0.013182,0.008992,0.017332,0.014727,1.250607
82336448184,0.162372,0.457895,-0.046487,-0.024526,-0.019365,-0.025666,1.147846
82436492471,0.050010,-0.212078,-0.045394,-0.026408,-0.020389,-0.020976,1.081689
82536536758,0.216500,-0.470073,0.017408,-0.033225,-0.051472,-0.028822,1.029151
82636581045,0.126746,-0.277684,0.016761,0.003480,-0.011925,-0.000175,0.996972
82736625332,0.041638,-0.506854,0.115063,-0.017721,-0.022193,-0.007364,0.962199
82836669619,0.107680,-0.454822,0.057925,0.015079,0.020022,0.021641,0.937112
82936713906,0.020329,0.017924,-0.095355,-0.031775,-0.051245,-0.028187,0.937346
83036758193,-0.032931,0.548312,-0.121464,-0.027915,-0.052366,-0.040836,0.893258
83136802480,0.076624,0.199029,-0.079448,-0.013505,-0.005412,0.007163,0.877860
83236846767,-0.026096,0.615693,-0.169696,-0.009199,-0.002036,-0.001641,0.856634
83336891054,0.152823,0.147812,-0.175569,0.043136,0.067597,0.041472,0.796069
83436935341,0.062373,0.380034,-0.147101,0.025264,0.034131,0.027939,0.776324
83536979627,0.051250,-0.293836,0.071801,0.023788,0.030258,0.015095,0.732808
83637023914,0.296104,-0.436250,-0.027290,0.005538,0.015659,-0.005360,0.662409
83737068201,0.313191,-0.358987,0.014118,0.011043,0.018849,0.025688,0.635724
83837112488,0.404294,0.091879,-0.051241,-0.018673,-0.021292,-0.007587,0.581730
83937156775,0.340891,0.305019,-0.115862,-0.002596,-0.004810,-0.002037,0.559004
84037201062,0.267322,-0.055626,-0.088286,-0.024575,-0.034390,-0.019282,0.539220
84137245349,0.345367,0.174645,-0.140927,-0.022169,-0.018461,-0.017371,0.495567
84237289636,0.474914,-0.076812,-0.054104,-0.017462,-0.029127,-0.010883,0.492659
84337333923,0.320996,0.254854,-0.099288,-0.006083,-0.006011,-0.017743,0.454082
84437378210,0.178072,0.152634,-0.022870,-0.000876,-0.006495,-0.010766,0.471887
84537422497,0.308249,0.191522,-0.021532,-0.005476,-0.018172,-0.014473,0.406475
84637466784,0.415836,-0.043416,-0.089195,-0.002669,-0.025991,-0.008647,0.378886
84737511071,0.264708,-0.017434,-0.072659,0.000473,-0.016443,-0.016771,0.404709
84837555358,0.281682,0.083161,-0.068675,-0.000477,-0.008647,-0.009277,0.303988
84937599645,0.411205,-0.021342,-0.042494,0.005085,0.007203,0.013477,0.272884
85037643932,0.375371,0.114515,-0.096951,0.010069,0.017796,0.013855,0.280635
85137688219,0.439160,0.004830,-0.077495,0.007255,0.025457,0.006204,0.225582
85237732506,0.360225,0.219381,-0.076548,0.005653,0.018393,0.016277,0.165625
85337776793,0.628911,0.173450,-0.062134,0.005564,0.021612,0.012602,0.126167
85437821080,1.042154,0.196805,-0.037000,0.002862,0.023617,0.008580,0.079442
85537865367,0.990605,-0.093992,0.029102,0.002343,0.024814,0.009008,0.044900
85637909654,0.899057,-0.014436,0.021739,0.012397,0.012720,0.012321,0.026473
85737953941,0.786597,0.210341,-0.055454,0.004829,0.000657,-0.001193,0.031253
85837998228,0.866757,0.205118,0.001541,-0.017755,-0.014419,-0.007650,0.021245
85938042515,0.963627,0.059067,-0.032688,-0.008697,-0.004630,-0.002697,0.008140
86038086802,0.853123,-0.139675,-0.006362,-0.009560,-0.019815,-0.016322,0.004589
86138131089,0.843599,-0.053406,-0.013884,-0.006232,-0.017504,-0.006156,0.006665
86238175376,0.902809,-0.079257,-0.003417,-0.009839,-0.022218,-0.016330,0.005282
86338219663,1.014344,-0.044140,0.006378,-0.011047,-0.016981,-0.017204,0.006978
86438263950,1.047270,-0.141746,0.000767,-0.002238,-0.018072,-0.009828,0.005058
86538308237,1.098635,0.146464,0.060036,-0.003901,-0.024232,-0.024752,0.008541
86638352524,1.164520,0.114804,0.010290,-0.011866,-0.017608,-0.007753,0.014520
86738396811,1.286385,-0.045757,0.038218,-0.001094,0.007827,0.006906,0.022666
86838441098,1.255370,-0.074937,-0.021450,0.010346,0.018285,0.010912,0.019683
86938485385,1.372916,-0.354361,0.002554,-0.005405,0.009618,0.009476,0.024626
87038529672,1.430909,-0.217265,0.020372,-0.007058,0.004857,0.005236,0.052609
87138573959,1.301597,0.018798,0.063616,-0.001768,0.004967,0.006072,0.083930
87238618246,1.358608,0.078595,0.018158,-0.003826,0.005336,0.012834,0.128498
87338662533,1.667857,0.269464,0.011382,-0.013897,-0.033125,-0.001415,0.143509
87438706820,2.146816,0.185547,0.112260,-0.026497,-0.052793,-0.021082,0.193905
87538751107,2.425780,0.346706,0.153506,-0.038024,-0.057559,-0.023560,0.244747
87638795394,2.175475,0.400999,0.057378,-0.058954,-0.087890,-0.026157,0.288208
87738839681,1.620249,0.731411,-0.079732,-0.070926,-0.109082,-0.013193,0.355387
87838883968,2.334371,0.670343,0.120675,-0.079808,-0.113322,-0.015250,0.476026
87938928255,3.367466,0.604860,0.209739,-0.066925,-0.146968,-0.035301,0.576434
88038972542,3.167916,0.124287,0.198454,-0.050575,-0.092860,0.009192,0.674135
88139016829,2.840150,0.588219,0.207740,-0.030887,-0.047735,0.050635,0.882592
88239061116,2.291218,0.676500,0.055635,-0.016854,-0.041358,0.044712,1.020454
88339105403,1.714352,0.483747,-0.151707,-0.027517,-0.060212,0.066297,1.192882
88439149689,1.893164,0.731376,-0.081558,-0.080031,-0.139402,-0.023319,1.357940
88539193976,2.064190,0.386500,0.201209,-0.074225,-0.171463,-0.041596,1.508390
88639238263,2.489760,0.490664,0.138843,-0.001905,-0.139372,-0.000289,1.713421
88739282550,3.283515,0.466503,0.133774,-0.016710,-0.178775,-0.022762,1.843608
88839326837,2.806749,0.360434,0.152912,-0.008158,-0.133562,0.012052,1.991519
88939371124,1.218413,-0.500920,-0.108654,0.029598,-0.078568,0.043280,2.178151
89039415411,2.204660,-0.374145,-0.069282,-0.009804,-0.051732,0.020628,2.313977
89139459698,2.809649,-0.391511,0.094447,-0.021187,-0.021477,-0.000812,2.492415
89239503985,3.088908,0.368272,0.368426,-0.022920,-0.057806,-0.040519,2.650411
89339548272,2.559964,0.161404,0.332627,0.000225,-0.023995,-0.018402,2.726170
89439592559,2.425086,0.009192,0.030499,0.037556,0.066813,0.003109,2.876368
89539636846,2.636464,-0.131580,0.025856,0.063783,0.162740,0.048886,3.064358
89639681133,2.134745,-0.251513,0.007712,0.068021,0.126636,0.023297,3.283450
89739725420,1.749807,-0.065929,-0.091188,0.078624,0.096114,0.008571,3.457202
89839769707,2.091259,-0.324351,0.269175,0.068786,0.124657,0.032759,3.600302
89939813994,2.453297,-0.156344,0.337934,0.010377,0.116934,-0.004749,3.759523
90039858281,2.021224,-0.184603,0.165253,0.015087,0.118731,0.013191,3.931864
90139902568,1.976399,-0.386457,-0.142659,0.033184,0.126345,0.041159,4.058944
90239946855,2.307881,-0.140789,-0.125716,0.064551,0.123663,-0.009041,4.171553
90339991142,2.203320,0.339353,0.117457,0.045226,0.128271,-0.012430,4.275380
90440035429,2.564552,-0.368338,0.165543,-0.000430,0.079631,0.003407,4.390662
90540079716,2.473228,0.195552,-0.088944,-0.007107,-0.005847,-0.050746,4.538289
90640124003,2.268845,0.344698,-0.066168,0.032831,-0.024684,-0.008063,4.659647
90740168290,2.396429,-0.317606,-0.223772,-0.003073,-0.053890,-0.049311,4.762133
90840212577,1.970046,0.146246,-0.096049,-0.081447,-0.031210,-0.096795,4.930543
90940256864,1.858953,-0.109016,0.262539,-0.079509,-0.027925,-0.087146,5.097010
91040301151,1.920349,0.719659,0.355770,-0.028647,0.032392,-0.042922,5.284457
91140345438,2.109875,0.861390,0.383991,0.047188,0.051259,-0.000864,5.461038
91240389725,1.935595,0.916677,0.011347,0.044644,0.066822,0.038934,5.541191
91340434012,1.763149,-0.057102,0.248378,0.006164,0.086786,0.049640,5.705221
91440478299,2.364987,-0.438707,0.198066,-0.000159,-0.023781,-0.050948,5.853927
91540522586,2.503243,-0.188140,0.031614,0.001927,-0.060067,-0.122214,6.059598
91640566873,2.358216,1.016244,0.045005,-0.026680,-0.053885,-0.094449,6.223104
91740611160,1.804654,0.423313,0.103954,-0.009627,-0.016435,-0.028353,6.311818
91840655447,1.541739,0.263570,0.319227,-0.036721,-0.052903,-0.010820,6.456734
91940699734,2.109557,0.095018,0.311367,0.014897,-0.080374,-0.070644,6.627583
92040744021,1.544718,-0.324944,0.034941,0.095609,0.081849,-0.005621,6.720667
92140788308,1.695261,-0.692035,-0.064794,0.070708,0.106891,0.081671,6.901980
92240832595,1.580128,-0.100334,0.291842,-0.011228,0.008467,0.048384,7.018049
92340876882,1.419091,-0.897388,0.471747,0.006163,0.038254,0.010903,7.179287
92440921169,1.386410,1.211993,-0.357719,-0.079673,-0.102333,-0.065945,7.267143
92540965456,1.127064,1.103264,-0.443194,-0.049808,-0.115897,-0.061456,7.354617
92641009743,1.015465,1.321256,-0.605082,-0.043293,0.014545,0.052053,7.443109
92741054030,1.399823,1.963346,-0.511000,0.021157,0.226001,0.165358,7.522998
92841098317,2.031200,0.655696,-0.158028,-0.013432,0.133074,0.100234,7.620988
92941142604,0.701285,1.574662,-0.300168,0.032222,0.075414,0.076763,7.673630
93041186891,0.387319,0.822788,-0.094620,-0.048129,-0.114801,-0.057483,7.702754
93141231178,0.743449,1.195455,-0.474808,0.055818,-0.031187,-0.053861,7.774590
93241275465,1.115591,-0.256958,-0.474819,0.059846,0.049667,0.013805,7.820782
93341319751,1.205486,-2.310163,0.875646,-0.041269,-0.049915,-0.036526,7.912920
93441364038,1.013653,-1.325902,0.488924,-0.058483,-0.076915,-0.122157,8.004382
93541408325,1.381260,2.080335,-0.070873,-0.043180,-0.126794,-0.076864,8.020657
93641452612,1.292307,2.622894,0.047608,0.040656,-0.084865,-0.028630,8.088038
93741496899,0.835807,0.953339,-0.618856,0.002043,-0.067808,-0.123084,8.167965
93841541186,0.428838,-0.165398,-0.447639,0.023890,0.072111,0.031992,8.245329
93941585473,1.111393,-0.042408,-0.231715,-0.016638,0.091031,0.136095,8.318256
94041629760,2.043827,0.156646,0.008668,0.052615,0.092211,0.109535,8.426433
94141674047,1.467898,-0.239865,0.334990,0.082004,-0.075368,-0.070569,8.414951
94241718334,0.930556,-0.049957,0.082335,-0.011555,-0.155394,-0.094614,8.421006
94341762621,1.123354,0.500264,0.214047,-0.059998,-0.086022,-0.055687,8.451000
94441806908,1.181475,0.080243,0.321808,-0.030872,-0.087513,-0.053803,8.527330
94541851195,1.445979,0.091774,-0.140243,-0.010127,-0.136492,-0.096036,8.664816
94641895482,0.998695,0.169520,0.098992,-0.001731,-0.050909,-0.037266,8.642954
94741939769,0.551567,0.461014,-0.351938,-0.056932,-0.076108,-0.028154,8.636932
94841984056,1.302825,-0.302625,-0.724190,-0.013187,-0.083169,-0.067475,8.755389
94942028343,1.447842,-0.258208,-0.803311,-0.046265,-0.137166,-0.072383,8.787037
95042072630,1.240732,0.366058,-0.908220,-0.119793,-0.260105,-0.182416,8.773958
95142116917,2.348575,0.724617,-0.809876,-0.056918,-0.324726,-0.260686,8.813730
95242161204,1.454455,0.068177,-0.220750,-0.152443,-0.464269,-0.305567,8.834884
95342205491,-0.107176,2.616204,-0.423597,-0.133035,-0.348943,-0.227209,8.865883
95442249778,0.788794,-2.250585,0.134574,-0.144180,-0.411801,-0.264273,8.924136
95542294065,0.782209,-3.900582,0.671325,-0.099520,-0.291272,-0.130596,9.050948
95642338352,0.846606,-1.497566,-0.132797,-0.032040,-0.164250,-0.055353,9.161053
95742382639,0.888045,2.910932,-0.206774,-0.026848,-0.123308,-0.053494,9.212679
95842426926,0.906398,0.403122,-0.204691,0.044559,0.077742,0.112627,9.221386
95942471213,0.943707,-5.092468,-0.344569,-0.032135,0.094869,0.056879,9.218341
96042515500,0.539508,-2.871542,0.210828,0.081455,0.359508,0.236720,9.254060
96142559787,0.947387,0.479091,-0.006632,0.059653,0.119484,0.097447,9.286876
96242604074,1.638775,2.871273,-0.035310,0.213730,0.261740,0.241316,9.331922
96342648361,1.313632,0.836999,0.155153,-0.051257,-0.115587,-0.018611,9.215735
96442692648,0.034610,1.162494,-0.350246,-0.129587,-0.050498,0.000140,9.236920
96542736935,-0.507612,0.536565,-0.253096,0.026030,0.321532,0.149657,9.369570
96642781222,0.446823,0.544437,-0.265086,0.108279,0.416912,0.230378,9.588729
96742825509,1.357549,-3.127946,0.485078,0.106858,0.298298,0.237453,9.447653
96842869796,0.312344,0.573424,0.335814,0.114965,0.112128,0.094228,9.260127
96942914083,-0.140413,2.148695,0.228023,0.120144,0.054629,0.071331,9.305966
97042958370,-0.410786,1.595979,0.294825,-0.059566,-0.184095,-0.126540,9.017509
97143002657,-1.555689,2.148331,-0.470955,-0.100497,-0.066550,-0.182630,9.117967
97243046944,-1.614838,1.083630,-0.685755,-0.161392,-0.198867,-0.200459,9.257591
97343091231,-0.791520,1.958161,-0.682057,-0.102784,-0.268197,-0.196022,9.160668
97443135518,1.110115,0.984968,-0.600275,-0.182670,-0.337791,-0.314480,9.170334
97543179805,0.242302,0.681091,-0.444844,-0.182280,-0.329101,-0.284929,9.169820
97643224092,-0.234900,-1.691778,0.256692,-0.142768,-0.255832,-0.212725,9.208457
97743268379,0.851877,-0.823628,0.157289,-0.078008,-0.116947,-0.109082,9.166869
97843312666,0.074789,-0.892119,-0.330896,-0.016948,0.008422,-0.028975,9.219862
97943356953,-0.001623,0.520637,-0.274391,-0.023734,-0.021391,-0.052500,9.279108
98043401240,1.732262,0.455249,0.567150,0.035638,0.047282,-0.033793,9.297652
98143445527,1.999582,0.001716,0.725707,0.008767,0.001955,-0.010197,9.355780
98243489813,1.515132,-0.511316,0.599737,0.009614,0.003800,-0.000878,9.394810
98343534100,1.717745,-0.364483,0.560878,-0.018312,-0.010233,-0.057590,9.368292
98443578387,0.486976,0.258459,-0.188210,0.015625,0.033347,0.002867,9.429818
98543622674,-0.381323,-0.795516,-0.311642,0.137057,0.163734,0.103819,9.523149
98643666961,1.505130,-1.036925,0.551590,0.112421,0.099912,0.003554,9.572676
98743711248,1.338361,-0.712790,0.094809,-0.001835,-0.170028,-0.162667,9.546584
98843755535,1.046609,-0.813516,-0.197564,-0.048783,-0.197973,-0.164794,9.539916
98943799822,-0.805431,1.962053,-0.245383,-0.017700,0.035612,-0.019393,9.583746
99043844109,-1.155441,1.713051,-0.191872,0.019664,0.143598,0.063684,9.648092
99143888396,0.319355,-2.253556,-0.031391,0.096417,0.220795,0.174788,9.712818
99243932683,0.648150,-1.739869,-0.022342,0.158013,0.409122,0.282293,9.741848
99343976970,0.532447,2.469047,0.263120,0.172966,0.326189,0.210941,9.724194
99444021257,-0.116942,1.584620,0.168853,0.203115,0.241404,0.146820,9.649251
99544065544,0.351082,0.942191,0.062355,0.082374,0.106090,0.031981,9.660456
99644109831,0.480755,-1.741705,-0.340469,-0.003307,0.066759,-0.007170,9.712292
99744154118,-0.755621,-3.320369,-0.392776,-0.081622,0.008006,-0.082110,9.757030
99844198405,0.202150,-2.728087,-0.001496,-0.043321,0.080416,-0.019948,9.788020
99944242692,1.193069,0.173435,-0.446189,-0.025600,-0.030590,-0.062249,9.765818
100044286979,1.799291,1.660264,0.090096,0.004656,-0.005252,0.004215,9.703881
100144331266,0.969855,-0.194024,0.721471,-0.048699,-0.146044,-0.101350,9.695221
100244375553,-0.266558,-0.447124,0.123484,-0.015446,-0.114259,-0.101775,9.731969
100344419840,0.478074,-0.640989,0.203360,-0.114301,-0.217576,-0.185612,9.788596
100444464127,1.233248,0.002748,-0.285030,-0.154020,-0.087102,-0.184649,9.849982
100544508414,1.193803,-2.709096,-0.051396,-0.193547,-0.036260,-0.118721,9.883269
100644552701,0.852207,-1.555372,-0.633924,-0.108986,-0.035602,-0.042252,9.916258
100744596988,1.764177,-0.300721,0.291225,0.042353,0.005278,-0.012673,9.969787
100844641275,0.644922,0.755300,0.350760,0.024787,-0.133170,-0.099653,9.909154
100944685562,1.750492,-1.015496,0.156569,-0.043927,-0.131609,-0.147836,9.911860
101044729849,2.395118,-2.060986,0.448610,-0.110677,-0.069582,-0.108846,10.052416
101144774136,1.851572,-1.362134,-0.317529,-0.065115,0.055208,0.022868,10.161871
101244818423,0.716576,-1.813757,-0.894498,-0.013422,0.054242,0.021234,10.249963
101344862710,-0.029240,-1.057158,-0.285423,0.013205,-0.073943,-0.058800,10.224298
101444906997,0.528630,-0.698711,0.163557,0.098880,0.058943,0.040618,10.216726
101544951284,0.286872,0.386280,-0.327544,0.060690,0.130958,0.055075,10.262952
101644995571,0.253125,0.324140,-0.474267,0.086561,0.156572,0.060775,10.315068
101745039858,-0.886080,0.228866,-0.381787,0.239234,0.315609,0.149423,10.380155
101845084145,-1.302258,-0.486034,-0.060397,0.088078,0.246765,0.068359,10.470682
101945128432,-0.397925,-0.084975,-0.670574,-0.034388,0.169182,0.034199,10.490882
102045172719,1.403288,-2.081287,-0.120467,0.079229,0.277450,0.093744,10.494845
102145217006,0.227136,-2.087963,0.524667,0.106562,0.224249,0.078689,10.497367
102245261293,-0.077570,-1.653024,-0.009676,0.030760,-0.004770,-0.000506,10.446287
102345305580,0.803078,-0.467514,-0.319158,0.035868,-0.068105,-0.081038,10.470809
102445349867,0.210815,1.094051,-0.447720,-0.000808,0.139948,0.005567,10.504696
102545394154,1.648923,-0.049416,-0.724488,-0.057039,0.158685,0.035649,10.538406
102645438441,0.749330,-0.416164,-0.189487,-0.091902,0.029436,-0.060728,10.665915
102745482728,-0.966012,0.647432,0.068399,-0.102099,-0.072520,-0.081847,10.677592
102845527015,-0.462758,0.511449,0.123913,-0.090028,-0.089733,-0.090895,10.600109
102945571302,-0.128944,-2.045818,0.079248,-0.074596,-0.108689,-0.056498,10.654922
103045615589,-0.622671,-0.255181,-0.204983,-0.083342,-0.204028,-0.149924,10.725974
103145659875,-0.005645,1.333178,-0.188184,-0.100433,-0.082530,-0.172771,10.770964
103245704162,1.287971,-0.383687,0.132108,0.004732,0.117683,-0.068619,10.885609
103345748449,0.877310,0.161448,-0.084568,0.074052,0.090805,0.002145,10.927387
103445792736,0.320369,1.233747,-0.383284,0.087784,0.074007,0.027662,10.884526
103545837023,-0.393298,1.759359,-0.640034,0.099038,0.213271,0.115604,10.909461
103645881310,-1.214749,1.418153,-0.614238,-0.026271,0.132526,0.166961,11.000836
103745925597,-0.652513,0.406878,-0.248537,-0.107280,-0.052822,0.032520,11.040971
103845969884,0.147264,-0.112086,-0.351245,-0.096573,-0.073375,-0.082698,11.041503
103946014171,-0.137332,-0.575662,-0.219466,-0.010404,0.082207,0.033513,10.994735
104046058458,-0.133673,-2.110476,0.205106,-0.015507,0.080239,0.072363,10.997501
104146102745,0.627187,-0.633014,0.349127,0.042923,0.021970,-0.042808,11.055117
104246147032,-0.483585,0.767914,-0.250123,0.125885,0.016397,-0.029038,11.062330
104346191319,-1.369020,1.090188,-0.693287,-0.040896,-0.087138,-0.073820,11.047321
104446235606,-0.602495,0.630444,-0.048497,-0.028148,-0.032040,-0.090095,11.066550
104546279893,-0.166307,-0.445203,0.797216,0.059035,-0.029174,-0.090450,11.109786
104646324180,0.297761,0.406302,0.421090,0.014030,-0.026403,-0.072250,11.136518
104746368467,0.622418,0.444268,-0.402455,-0.019019,0.029621,-0.024231,11.128737
104846412754,1.331771,-0.588379,-0.761848,-0.002349,0.057767,0.065336,11.082187
104946457041,0.365678,-0.549691,-0.063967,-0.002430,0.036308,0.026591,11.115278
105046501328,0.297436,0.169416,-0.078405,0.012715,0.104491,-0.132172,11.157994
105146545615,0.705352,-0.446201,-0.136104,0.114505,0.208241,0.075298,11.172199
105246589902,0.362361,0.112505,-0.159847,0.073129,0.093119,0.155522,11.207462
105346634189,1.238029,1.113913,-0.521947,0.110929,0.188650,0.085840,11.216476
105446678476,2.196770,1.189731,-0.425152,0.109078,0.103343,0.108993,11.221443
105546722763,1.506522,1.394414,-0.523781,-0.033074,-0.069222,0.051644,11.240381
105646767050,0.261907,1.764035,-0.925033,-0.113129,-0.164236,-0.049335,11.322747
105746811337,-0.082687,0.114531,-0.570415,-0.027891,-0.016776,0.028078,11.341439
105846855624,0.800249,0.090814,-0.062273,-0.013327,0.134398,0.063793,11.321490
105946899911,2.145951,3.545810,0.248510,0.077302,0.114871,0.072836,11.420660
106046944198,1.295458,4.284188,0.576929,0.114444,0.063572,0.086049,11.406719
106146988485,1.169142,4.308988,0.242740,0.053314,0.041189,0.072826,11.328089
106247032772,-0.025733,-0.959860,-0.140027,-0.016021,-0.054962,0.011585,11.446010
106347077059,-0.812964,-2.112645,-0.063663,-0.253157,-0.339565,-0.193190,11.530367
106447121346,-0.860452,-0.987954,0.329244,-0.078670,0.059680,0.084252,11.544724
106547165633,-0.575675,-2.113120,0.576539,-0.009506,-0.123016,-0.018750,11.545606
106647209920,-0.525272,-1.719587,1.014396,-0.068995,-0.289569,-0.224402,11.523103
106747254207,-0.958810,-2.900399,1.096454,0.004925,-0.110494,-0.003668,11.539298
106847298494,0.172215,0.960556,0.383429,0.106362,0.066134,0.233486,11.528870
106947342781,-0.380707,0.669684,0.329016,0.297100,0.425593,0.306382,11.632811
107047387068,-1.504699,-1.498154,0.421620,0.138489,0.179757,0.129825,11.731310
107147431355,0.032596,1.436602,-0.539801,-0.028811,-0.036148,0.012358,11.707547
107247475642,1.016598,1.371608,-0.969545,0.078961,0.119651,0.022432,11.707946
107347519929,0.218244,1.923819,-0.234166,-0.006551,0.041109,0.015993,11.687605
107447564216,0.276119,1.250938,0.767574,-0.113365,-0.001167,-0.027840,11.669175
107547608503,0.361316,0.826515,0.810248,0.099255,0.167743,0.138829,11.732173
107647652790,-0.220084,-1.726703,0.385688,0.200911,0.261945,0.199919,11.740513
107747697077,-1.061984,-3.599871,0.213657,0.098501,0.273459,0.087982,11.753694
107847741364,-0.130547,-1.560457,0.134581,0.113963,0.209015,0.034749,11.866725
107947785651,-0.102229,-1.450692,0.082135,0.107521,0.172301,0.025664,11.892258
108047829937,-0.073911,-1.340928,0.029690,0.101079,0.135587,0.016579,11.896355
108147874224,-0.045593,-1.231163,-0.022756,0.094637,0.098873,0.007494,11.929101
108247918511,-0.017275,-1.121399,-0.075202,0.088195,0.062159,-0.001591,11.970876
108347962798,0.011044,-1.011634,-0.127648,0.081753,0.025445,-0.010676,12.021545
108448007085,0.039362,-0.901869,-0.180094,0.075312,-0.011269,-0.019761,12.090721
108548051372,0.067680,-0.792105,-0.232540,0.068870,-0.047983,-0.028846,12.182929
108648095659,0.095998,-0.682340,-0.284986,0.062428,-0.084697,-0.037932,12.198706
108748139946,0.124316,-0.572576,-0.337431,0.055986,-0.121411,-0.047017,12.238902
108848184233,0.152634,-0.462811,-0.389877,0.049544,-0.158125,-0.056102,12.305746
108948228520,0.180952,-0.353046,-0.442323,0.043102,-0.194838,-0.065187,12.350696
109048272807,0.209270,-0.243282,-0.494769,0.036660,-0.231552,-0.074272,12.357568
109148317094,0.728236,0.820148,0.038647,-0.021278,-0.189288,-0.144401,12.284801
109248361381,1.533783,0.823553,0.235736,0.091481,0.007498,-0.021219,12.296665
109348405668,0.988369,-0.801404,0.226205,0.034019,0.073427,-0.015251,12.457703
109448449955,0.522841,1.177235,-0.234900,0.023532,0.173027,0.017679,12.587280
109548494242,0.029158,0.594818,-0.950367,0.104472,0.275320,0.178136,12.635162
109648538529,0.205881,0.687962,-0.457075,0.108275,0.278096,0.250488,12.668697
109748582816,-1.093084,-1.686760,1.085306,0.266357,0.384512,0.197132,12.715378
109848627103,-0.936329,-1.599478,0.855425,0.364994,0.426038,0.224787,12.746670
109948671390,-0.292317,-0.421547,0.340218,0.363835,0.409964,0.260976,12.805210
110048715677,-0.346767,-2.888315,0.888389,0.004189,-0.138996,-0.044647,12.893054
110148759964,-0.233393,0.483362,-0.081138,-0.268865,-0.579253,-0.347163,12.956866
110248804251,-0.151330,3.198202,-0.809632,-0.307654,-0.651801,-0.420185,13.033351
110348848538,-0.151330,3.198202,-0.809632,-0.307654,-0.651801,-0.420185,13.033328
110448892825,-0.696362,-1.932389,-0.102670,0.017967,0.013507,0.031865,13.028442
110548937112,-1.009268,-4.877895,0.303201,0.204909,0.395465,0.291389,13.108434
110648981399,-1.009268,-4.877895,0.303201,0.204909,0.395465,0.291389,13.151639
110749025686,-1.009268,-4.877895,0.303201,0.204909,0.395465,0.291389,13.149785
110849069973,-1.009268,-4.877895,0.303201,0.204909,0.395465,0.291389,13.103457
110949114260,-1.009268,-4.877895,0.303201,0.204909,0.395465,0.291389,13.207589
111049158547,-1.009268,-4.877895,0.303201,0.204909,0.395465,0.291389,13.330817
111149202834,-1.009268,-4.877895,0.303201,0.204909,0.395465,0.291389,13.312540
111249247121,-1.289380,-5.108304,0.919230,-0.065409,-0.344158,-0.255210,13.287839
111349291408,-1.165118,-5.184764,0.579708,0.102343,-0.113890,-0.074048,13.292110
111449335695,-0.213651,0.407696,-0.906705,0.201229,0.446396,0.288900,13.334253
111549379982,-0.118734,-0.248506,-0.248665,0.183062,0.454150,0.249390,13.361783
111649424269,0.487061,0.504783,-0.235337,0.119635,0.139325,0.041425,13.429367
111749468556,-0.833502,0.175554,0.594138,0.263829,0.278293,0.208136,13.418767
111849512843,-1.003156,-2.502127,0.742588,0.039731,0.096581,0.094689,13.318928
111949557130,0.042049,-2.209149,0.287272,0.084498,0.196363,0.049243,13.331126
112049601417,-1.014335,-2.532779,0.004429,0.122265,0.140084,0.079192,13.446938
112149645704,0.200812,0.296341,0.087930,0.065892,0.121289,0.143478,13.455447
112249689991,0.803140,-0.091777,-0.144552,0.045485,0.102495,0.122060,13.367099
112349734278,-1.333557,2.455493,-1.747047,0.028651,0.241887,0.161758,13.392646
112449778565,-0.055644,0.912671,-0.910135,0.031095,0.289836,0.095910,13.421489
112549822852,0.875127,-1.514174,0.256719,0.039694,0.059030,-0.075571,13.427814
112649867139,0.487251,-2.614783,0.883628,0.193758,0.195231,0.049323,13.425085
112749911426,0.801818,-1.039570,0.948088,0.000215,-0.004353,-0.025242,13.389589
112849955713,-0.644561,2.817156,-0.998793,-0.058145,0.142422,0.123588,13.408591
112949999999,0.111680,2.258594,-2.095362,-0.165079,0.042210,0.098645,13.527083
113050044286,0.994213,1.131395,-0.938149,-0.067950,-0.108852,0.005579,13.625558
113150088573,0.680537,2.171396,0.365499,0.122329,0.106591,0.114109,13.571984
113250132860,0.443475,0.256940,1.649915,0.193860,0.093481,0.104571,13.458458
113350177147,0.588453,-0.141885,0.310086,0.147021,0.117272,0.097642,13.463833
113450221434,-1.333148,0.130776,-0.943493,0.015714,0.178632,0.143475,13.611906
113550265721,1.107391,0.556679,-0.928857,-0.012795,0.173482,0.168337,13.748746
113650310008,1.459757,-2.136570,0.425037,0.104138,0.060951,0.140830,13.776382
113750354295,-0.093672,-0.202430,0.628253,0.188936,0.210120,0.158225,13.729837
113850398582,0.456075,-1.174974,0.413591,0.182144,0.332802,0.244085,13.723044
113950442869,-1.057702,0.745234,-0.556968,-0.018279,0.226649,0.208952,13.766212
114050487156,-0.130865,-1.548984,-0.419544,0.051684,0.236575,0.160506,13.927267
114150531443,-0.082027,-1.474673,-0.736088,0.033167,0.135741,0.004881,14.012989
114250575730,0.074308,-2.136859,-0.179349,0.132810,0.188948,0.063398,13.992360
114350620017,0.076144,0.235328,-0.146375,0.084012,0.124003,0.067485,13.976599
114450664304,-0.520509,2.826276,-0.063327,0.127018,0.247600,0.122583,13.944670
114550708591,-0.634151,2.741656,0.335029,0.021231,0.074360,0.087508,13.994636
114650752878,-0.761914,0.521302,0.152377,-0.013672,0.031738,0.103969,14.010581
114750797165,-0.616238,-0.749239,0.331147,-0.036280,0.045313,0.029869,13.983448
114850841452,-0.514161,0.221158,0.286149,-0.021481,-0.014161,0.036017,14.017110
114950885739,-0.178999,1.079739,0.040731,0.047445,-0.018795,0.072821,13.982839
115050930026,0.058499,2.245614,0.092532,0.132686,0.055554,0.025393,13.884830
115150974313,-1.000391,1.216310,0.045885,0.071610,0.073015,0.013278,13.819340
115251018600,0.126754,0.047814,-0.368105,-0.012620,0.018771,-0.015479,13.807511
115351062887,0.123443,1.577598,-0.267028,0.047073,0.088476,0.007728,13.799404
115451107174,-0.328388,1.112144,-0.002185,0.075287,0.032792,-0.022818,13.747385
115551151461,0.673591,0.490551,-0.165846,0.114353,0.001633,-0.038964,13.659523
115651195748,0.390083,1.090456,0.179664,0.116558,0.042169,0.022511,13.609859
115751240035,-1.045971,0.866643,0.033020,-0.041429,-0.103283,-0.004318,13.607162
115851284322,-1.359582,1.636660,-0.137872,-0.053229,-0.077863,-0.020072,13.640045
115951328609,-0.731392,0.059037,-0.080398,-0.041161,-0.114027,-0.085954,13.613169
116051372896,-0.288985,0.335824,-0.243839,-0.032496,-0.112534,-0.054006,13.591205
116151417183,-0.831631,-0.249997,-0.307472,-0.041804,-0.161731,-0.152393,13.569617
116251461470,-0.791585,2.135936,-0.214875,0.019812,0.013248,-0.043910,13.501170
116351505757,-0.933212,2.571176,-0.038713,0.010145,-0.057018,-0.043889,13.522789
116451550044,-1.250799,2.072301,1.050953,0.049735,-0.063988,0.003328,13.558735
116551594331,-0.163851,0.659312,1.930767,0.015558,-0.088863,0.026393,13.533981
116651638618,0.676160,0.222909,1.293191,0.050442,-0.099508,-0.034353,13.428180
116751682905,0.471174,-0.031063,0.362166,-0.025626,-0.082130,-0.074770,13.455679
116851727192,-1.249723,1.317134,-0.837174,-0.049068,0.002418,0.021752,13.575394
116951771479,-1.425478,2.603573,-0.688356,-0.069932,0.031129,0.032329,13.556357
117051815766,-0.106733,1.445862,-1.415378,-0.184708,-0.018740,-0.000423,13.496329
117151860053,-0.256541,0.889481,-0.383272,-0.129081,0.010942,0.034661,13.492389
117251904340,1.514229,2.164532,0.505913,-0.081685,-0.164011,-0.005409,13.435981
117351948627,-0.057587,1.845655,-0.581179,0.031150,0.040077,0.194197,13.432219
117451992914,0.146449,-2.115616,-0.222285,0.124343,-0.076590,-0.140125,13.491133
117552037201,-2.006937,-3.165363,0.295194,0.043582,-0.104454,-0.137707,13.464790
117652081488,-0.825248,-1.313728,-0.009995,-0.231905,-0.203773,-0.133133,13.488592
117752125775,-0.685031,0.840954,-0.396041,-0.170285,-0.068117,-0.133604,13.483406
117852170062,-0.184050,0.607275,0.064860,-0.053480,-0.016523,0.051672,13.487750
117952214348,-0.378651,0.389651,0.391668,0.013411,-0.042432,0.203531,13.491149
118052258635,-1.047124,-1.070046,0.624672,-0.085321,-0.229070,-0.193383,13.392516
118152302922,-1.558064,0.994869,0.223169,0.011180,-0.007934,-0.143079,13.334770
118252347209,-0.793080,1.073213,0.519332,0.074244,-0.092012,-0.011275,13.367225
118352391496,0.144938,1.350174,0.201559,0.138532,-0.026657,-0.020010,13.392088
118452435783,-0.279922,0.166626,0.128110,0.098048,-0.015259,0.071857,13.312081
118552480070,-1.708522,1.466706,0.219071,0.077238,0.259596,0.392193,13.301028
118652524357,-1.182309,0.381844,-1.225497,-0.111744,0.085707,0.192689,13.291202
118752568644,0.462203,2.741058,0.225007,0.034405,0.254384,0.220372,13.194978
118852612931,-2.207575,2.605156,1.379593,0.222354,0.157393,0.034978,13.181248
118952657218,-1.447136,-1.653710,0.850594,0.081370,-0.137168,-0.184095,13.069613
119052701505,-1.436301,-4.245620,0.830734,-0.029346,-0.217250,-0.153585,13.074933
119152745792,-0.035146,2.589646,-0.483653,0.059967,0.230489,0.171777,13.204905
119252790079,-1.531168,0.176674,0.423407,0.308956,0.411132,0.239198,13.091691
119352834366,0.919878,2.242633,-1.030090,0.358374,0.194392,0.119598,12.948473
119452878653,0.475842,4.707175,-0.726627,0.348018,0.396666,0.290012,13.000170
119552922940,-1.843852,-1.898597,0.220695,0.097075,0.123348,0.130912,12.919235
119652967227,-1.818272,-3.349116,-0.197642,0.049567,0.268375,0.282816,12.818921
119753011514,-0.974427,-1.298445,0.438038,-0.167171,-0.077057,0.120643,12.841724
119853055801,-1.184834,1.551539,0.217105,-0.121420,-0.190925,-0.050724,12.891230
119953100088,0.598140,0.611731,1.437757,-0.078165,-0.251912,-0.159635,12.800317
120053144375,1.230467,0.998479,-0.295802,-0.142526,-0.122741,0.019001,12.713703
120153188662,-1.719181,0.913721,0.901761,-0.332927,-0.111822,0.092546,12.739167
120253232949,-1.421891,4.320830,0.891142,-0.308968,-0.322989,-0.150055,12.658973
120353277236,-0.075660,3.179186,0.941159,-0.074433,-0.034470,0.027776,12.655158
120453321523,2.286132,-5.068525,2.405791,0.179129,-0.302108,-0.015534,12.620908
120553365810,-1.143083,2.337697,1.245322,0.506995,0.523543,0.426233,12.517206
120653410097,-6.359452,-5.073717,0.066232,0.495121,0.976197,0.741884,12.443743
120753454384,-2.363785,-3.754618,0.143050,0.296163,0.720342,0.576959,12.382924
120853498671,-0.009298,-8.214488,0.473637,0.623691,1.096981,0.758576,12.385740
120953542958,-0.808931,-2.721228,0.756060,0.079404,0.177269,0.173849,12.371662
121053587245,0.170361,6.423168,-0.049322,0.180858,0.303901,0.279066,12.234620
121153631532,-0.200424,4.810659,0.447474,-0.185825,-0.242540,-0.122793,12.104834
121253675819,0.256303,5.816839,0.150254,-0.178836,-0.148903,-0.102435,12.193602
121353720106,-0.795968,-1.551067,0.186097,-0.364287,-0.531292,-0.299731,12.212778
121453764393,1.099322,1.716357,-0.222235,-0.435587,-0.705582,-0.466841,12.100576
121553808680,0.272234,-1.484504,0.805709,-0.189187,-0.328205,-0.193365,12.020907
121653852967,-1.996214,-4.020567,0.789748,-0.300161,-0.474172,-0.325163,11.977670
121753897254,-1.928244,-4.583390,1.410334,0.039775,0.083746,-0.094920,11.979493
121853941541,-1.373078,-2.856809,-0.050604,-0.048312,-0.075769,0.003092,11.950987
121953985828,-0.239000,3.645198,-1.403022,0.120295,0.316556,0.282878,11.886854
122054030115,-1.922696,-3.159885,-0.674815,0.042572,0.321765,0.218903,11.759690
122154074402,-0.256995,0.075008,0.072696,0.240177,0.539441,0.373150,11.725161
122254118689,-0.563290,-3.537275,0.414916,0.410216,0.756349,0.494497,11.723267
122354162976,-1.502508,-3.785529,0.624222,0.247656,0.325319,0.169255,11.558608
122454207263,-0.461535,-0.345053,-0.059078,0.140575,0.103490,0.068536,11.382843
122554251550,-1.070988,0.053690,0.087635,0.076868,0.169392,0.148437,11.380815
122654295837,-0.535936,-1.373101,-0.510253,-0.081816,-0.091822,-0.115921,11.399344
122754340124,0.203991,-1.353012,-1.461815,0.188072,0.197130,0.075361,11.351054
122854384410,-1.061759,-2.634124,-0.145490,0.183795,0.152323,0.068959,11.254919
122954428697,-1.440408,-0.507269,-0.279716,0.119957,0.251951,0.072510,11.108638
123054472984,-1.251389,-0.084966,-0.358775,0.030524,0.233701,0.093579,11.103197
123154517271,-1.665631,-1.707173,-0.553817,-0.040788,0.033538,-0.047472,11.045790
123254561558,-1.299948,-0.834429,-0.279461,-0.022108,-0.001640,-0.061327,10.863029
123354605845,-0.928762,-2.260738,-0.080373,0.006052,0.033182,-0.017495,10.783050
123454650132,-0.461548,-1.366358,0.059465,-0.053895,-0.109784,-0.145422,10.753841
123554694419,0.539328,2.722724,-0.104933,0.208189,0.309795,0.107285,10.673347
123654738706,-1.831846,-0.924817,0.152155,0.256994,0.430847,0.213956,10.569758
123754782993,-1.003375,1.140766,-0.583360,0.144249,0.333817,0.120524,10.546304
123854827280,0.036092,2.186324,-1.006002,0.178228,0.511721,0.249199,10.578205
123954871567,1.103696,1.891822,-0.397290,-0.003312,0.060931,0.028327,10.538482
124054915854,0.594716,3.243874,-0.365688,-0.007929,0.009984,-0.027483,10.355466
124154960141,-1.847751,-1.986829,-0.503307,-0.201757,-0.299913,-0.328999,10.226260
124255004428,-0.416197,-0.369446,-0.703979,-0.239916,-0.258406,-0.205367,10.185817
124355048715,-0.851349,-0.040777,-0.252212,-0.113215,-0.052291,-0.079651,10.204301
124455093002,0.514305,1.266149,-0.330850,0.001788,-0.000592,-0.112810,10.144772
124555137289,-1.047074,0.647045,-0.256836,-0.096343,-0.145970,-0.134726,9.990863
124655181576,-0.982939,1.573447,0.565837,-0.114122,-0.238330,-0.265516,9.864597
124755225863,-0.091484,0.817472,0.696190,0.073681,0.017792,-0.087067,9.775471
124855270150,-0.515444,-0.684580,0.987326,0.051162,-0.086180,-0.107484,9.676987
124955314437,-0.917265,-1.372028,1.063868,0.180134,0.064359,0.001720,9.611957
125055358724,0.426362,2.350532,0.676346,0.038559,-0.151543,-0.040000,9.636028
125155403011,0.792430,2.436920,0.882509,0.164791,0.228895,0.231504,9.604849
125255447298,-1.304805,-3.241141,0.770938,0.196100,0.192927,0.185526,9.536710
125355491585,-1.636519,-1.064311,-0.183156,0.199492,0.391781,0.336841,9.497309
125455535872,-1.321336,-3.377693,-0.482752,0.115974,0.284717,0.228431,9.448375
125555580159,0.648485,-0.085155,0.184275,0.168975,0.404230,0.291452,9.316373
125655624446,0.190534,-1.119406,0.420248,0.180679,0.372020,0.206257,9.236056
125755668733,-0.296612,-0.027957,-0.116336,0.200309,0.342587,0.154358,9.167012
125855713020,-0.051526,-1.080131,0.782974,0.164983,0.181987,0.065867,9.150674
125955757307,-0.610028,-1.079766,1.320507,0.108651,0.000742,0.016340,9.145478
126055801594,-0.590674,-1.354185,0.251341,0.144634,0.013760,0.016998,9.202112
126155845881,-1.170818,-0.565352,-0.601432,0.094022,0.097370,0.077834,9.290657
126255890168,-0.572993,-1.161456,-0.795092,0.014466,0.136797,0.020274,9.309371
126355934455,-0.423304,-0.462025,-0.325952,0.004324,0.088383,-0.009843,9.206290
126455978742,1.186117,0.084997,0.382596,-0.009855,-0.044826,-0.159427,9.219308
126556023029,0.608415,-2.416149,1.073429,0.101803,0.047691,-0.118395,9.338107
126656067316,-1.523221,-0.946964,0.592904,0.081321,-0.028997,-0.062124,9.206079
126756111603,0.102636,0.213596,-0.119661,0.089599,-0.213223,-0.071196,9.104167
126856155890,1.447441,1.811127,-0.818290,-0.167323,-0.308136,-0.145985,9.278824
126956200177,-0.753784,-1.240592,0.182511,-0.144872,-0.256546,-0.092125,9.637375
127056244464,-0.428368,0.932069,0.163127,-0.405856,-0.476758,-0.335858,9.721087
127156288751,-1.921759,-2.765554,0.900474,-0.375199,-0.405416,-0.290246,9.709752
127256333038,1.424802,-0.141628,-0.170284,-0.370878,-0.432215,-0.311326,9.753980
127356377325,2.171788,1.014623,-0.249885,-0.197442,-0.327410,-0.242678,9.528796
127456421612,2.144934,3.968924,-0.198354,-0.225304,-0.390294,-0.216930,9.625182
127556465899,0.078964,0.893208,0.988211,-0.048149,-0.238653,-0.094977,9.620449
127656510186,-0.210175,-0.377996,0.717605,0.033102,-0.154468,-0.071436,9.553386
127756554472,-0.094371,0.457198,0.305436,0.102158,-0.007946,0.052314,9.689892
127856598759,0.067233,0.324892,-0.041772,-0.008463,-0.100098,0.005398,9.701628
127956643046,1.035199,0.094877,0.556168,0.005379,-0.012848,-0.026371,9.693982
128056687333,1.530248,0.531966,0.859223,0.017903,-0.066401,-0.049644,9.868725
128156731620,0.560882,0.033856,0.754497,0.081988,-0.020644,-0.083505,9.843601
128256775907,1.047954,1.476390,0.221842,0.134063,0.049920,0.055535,9.705291
128356820194,0.626968,2.034174,-0.239428,-0.125790,-0.137544,0.019508,9.833364
128456864481,2.487343,1.134845,0.146289,-0.148785,0.046704,0.066811,9.978492
128556908768,2.797767,-1.821334,1.045781,-0.089295,-0.035062,0.103834,9.904572
128656953055,0.036904,-0.437130,0.386180,0.073695,0.041645,0.139932,9.959252
128756997342,-0.054891,-2.784350,-0.126626,-0.065756,-0.291991,-0.191467,9.976040
128857041629,-0.191989,1.731285,-0.991352,-0.174963,-0.184453,-0.209313,9.949859
128957085916,-1.357973,2.562079,-0.794748,-0.097622,0.062424,-0.072930,10.102176
129057130203,1.595091,1.236784,-1.229004,0.001124,0.125137,0.045673,10.038726
129157174490,1.228898,3.179780,-0.833458,0.073671,0.170233,-0.022661,9.963516
129257218777,1.160271,3.727210,0.717665,0.080634,0.135710,0.036607,10.054919
129357263064,0.572140,-0.053592,-0.623907,0.005456,0.177200,0.236211,9.956367
129457307351,1.064394,0.980265,0.261004,0.124265,0.326037,0.232116,9.917655
129557351638,-0.031892,-3.117288,0.376294,0.267382,0.406303,0.388371,10.079254
129657395925,0.876846,0.253208,-0.561994,-0.033715,0.134317,0.147229,9.937622
129757440212,2.113571,3.894285,-1.827657,-0.029205,0.223586,0.161529,9.843390
129857484499,1.137118,2.252181,-1.911741,-0.120731,-0.212662,-0.026396,10.134387
129957528786,0.043955,4.743051,-0.413101,0.037144,-0.103170,-0.121210,10.155311
130057573073,-2.318935,0.010757,-0.101670,-0.215358,-0.298403,-0.149410,10.364640
130157617360,0.667166,1.969458,-0.724955,-0.287947,-0.354320,-0.247458,10.729814
130257661647,1.611992,-0.597258,-0.920184,-0.147576,-0.238879,-0.251718,10.873189
130357705934,-1.598546,-0.191160,-0.086329,-0.271836,-0.358077,-0.194860,10.923785
130457750221,-0.546335,0.177578,-0.278064,-0.042634,-0.147875,-0.138387,10.961160
130557794508,0.758460,1.881198,-0.185112,0.017343,-0.134455,-0.069721,10.917537
130657838795,2.426117,0.487641,1.330621,-0.159360,-0.115834,0.089142,10.872236
130757883082,1.597366,2.723072,0.996005,-0.187213,-0.319380,-0.150383,10.908268
130857927369,0.847679,3.163186,-0.320462,0.167313,0.053410,-0.007113,10.965749
130957971656,-1.599677,-0.967785,0.103764,0.134349,0.143466,0.192227,10.881641
131058015943,0.124612,2.116862,0.072036,-0.021362,0.203262,0.147611,10.725084
131158060230,-0.532856,0.449223,-0.256601,0.130171,0.307095,0.212887,10.801594
131258104517,1.373283,-1.277180,-0.315785,0.074703,0.075820,0.058985,10.867228
131358148804,0.832595,-2.569877,-0.342631,0.069142,0.269334,0.200325,10.842739
131458193091,0.336800,-0.076206,0.405136,-0.069992,-0.056626,-0.026471,10.965580
131558237378,1.499735,2.749743,0.732278,0.234401,0.007072,0.096997,10.989159
131658281665,-0.738504,2.532910,0.608339,0.043200,-0.192947,-0.070410,10.640661
131758325952,1.006861,2.750168,-0.520739,-0.145928,-0.026558,-0.056544,10.615207
131858370239,-1.878881,0.934788,-0.118776,-0.293494,-0.171340,-0.043592,10.529304
131958414526,-2.870811,-0.228800,-0.920854,-0.225656,-0.393607,-0.093109,10.270508
132058458813,-3.054156,-0.647241,-0.895978,-0.022970,-0.070387,0.017801,10.232340
132158503100,-2.593415,1.130215,-0.028135,-0.044671,-0.156851,-0.062973,10.320465
132258547387,-2.624096,3.006638,-0.085921,0.042390,-0.128321,-0.062225,10.163472
132358591674,-3.082975,3.954393,-0.857728,-0.116044,-0.243642,-0.134907,9.870591
132458635961,-3.637664,2.774694,-0.620216,-0.034036,-0.035647,0.109974,9.543323
132558680248,-3.836667,-0.814986,-0.185364,-0.130679,-0.143116,-0.091075,9.253773
132658724534,-4.935129,0.225212,-0.458075,-0.079316,0.119260,0.107087,8.885137
132758768821,-3.808257,-0.279933,-0.749530,-0.025271,0.109428,0.027619,8.535064
132858813108,-2.661794,1.497174,-0.223306,0.039255,0.194608,0.072662,8.025724
132958857395,-2.497448,-0.062820,0.190494,0.035705,0.200156,0.137683,7.628887
133058901682,-2.396516,3.123399,-0.353142,0.073698,0.227260,0.205736,7.303648
133158945969,-3.126391,0.155790,-0.134028,0.271053,0.379381,0.278324,7.077890
133258990256,-4.153346,-1.708384,-0.175436,0.100051,0.031698,0.017401,6.783592
133359034543,-3.225490,-2.540926,0.010510,0.099605,0.160146,0.112821,6.171551
133459078830,-3.974031,-0.833209,0.176892,-0.123073,-0.197885,-0.101830,5.845220
133559123117,-2.504292,3.168050,0.025580,-0.039365,-0.112803,-0.091055,5.567914
133659167404,-2.293159,1.073435,0.139004,-0.122178,-0.239151,-0.107559,5.049651
133759211691,-1.860736,2.605678,-0.101648,-0.118098,-0.256973,-0.123948,4.681569
133859255978,-1.950267,0.683173,-0.538908,-0.090159,-0.252707,-0.157915,4.610945
133959300265,-0.591525,1.545935,-0.934326,-0.166434,-0.209675,-0.167640,4.293371
134059344552,-1.572699,1.147016,0.561535,-0.135349,-0.042493,0.064597,3.849546
134159388839,-0.653664,0.688243,-0.588469,-0.205128,-0.252604,-0.130305,3.682973
134259433126,-0.701680,3.957641,-0.124801,0.108062,0.127079,0.084543,3.338991
134359477413,-0.649326,2.046533,-0.398817,0.009672,0.011054,0.057990,3.013100
134459521700,-0.529322,3.164209,-0.056741,0.077555,0.267519,0.191113,2.820004
134559565987,-1.279381,-1.588556,0.405395,0.119894,0.164104,0.160505,2.805817
134659610274,-0.321161,0.431522,-0.291273,0.203348,0.230413,0.116228,2.654857
134759654561,-0.750857,-1.278687,-0.215823,0.151112,0.276133,0.184755,2.426873
134859698848,-0.441828,1.280550,-0.304188,0.045024,0.103199,0.088561,2.309662
134959743135,-0.487290,0.851154,-0.038271,0.138989,0.184106,0.121288,2.198874
135059787422,-0.515359,-2.101435,0.325545,-0.092332,-0.189507,-0.083767,2.102886
135159831709,-0.293488,-0.142149,-0.077132,-0.095007,-0.100180,-0.052788,2.039702
135259875996,-0.260109,-1.607206,0.411898,-0.156522,-0.194058,-0.119485,1.964167
135359920283,0.496100,-0.412781,0.045775,-0.157291,-0.225079,-0.087927,1.919068
135459964570,0.507594,-1.250206,0.105272,-0.066715,-0.141647,-0.081579,1.886571
135560008857,0.328673,0.589652,0.062566,-0.046061,-0.154851,-0.084873,1.895393
135660053144,0.900787,0.696840,-0.197935,0.027452,0.001650,0.024565,1.881861
135760097431,0.749318,0.972418,-0.148902,-0.003522,0.029834,0.079540,1.740248
135860141718,1.338543,0.305261,-0.080809,0.015955,0.041508,0.001090,1.779615
135960186005,2.873245,0.239893,-0.054998,-0.045010,0.011460,0.000121,1.869756
136060230292,4.027215,-0.258671,0.218447,-0.013876,0.015063,0.012161,1.824578
136160274579,3.233293,0.947970,0.025590,-0.058600,-0.028997,-0.006292,1.987734
136260318866,3.845380,0.708435,0.018747,-0.071753,-0.029570,-0.019925,2.031766
136360363153,1.260363,-0.560400,0.075395,-0.132793,-0.127828,-0.139104,2.081306
136460407440,0.764393,0.210846,-0.229258,-0.114991,-0.098285,-0.019992,2.190376
136560451727,0.464142,-0.738360,-0.178863,-0.136219,-0.278304,-0.117559,2.367744
136660496014,1.756551,0.843389,-0.096092,-0.123582,-0.272346,-0.127718,2.729598
136760540301,1.819408,0.711771,-0.078695,-0.108347,-0.233556,-0.075334,3.000330
136860584588,0.980479,-0.423373,-0.146104,-0.107818,-0.261012,-0.121125,3.217135
136960628875,1.138469,-0.739579,-0.295232,-0.035416,0.006542,0.050772,3.311227
137060673162,1.465767,0.107819,0.070216,-0.089386,-0.044522,0.014819,3.470019
137160717449,1.596602,1.251224,-0.264002,0.001480,0.045028,0.073550,3.649042
137260761736,1.637693,1.937937,-0.365799,-0.074723,-0.045263,0.044282,3.816611
137360806023,3.219688,1.202554,0.164677,-0.017442,0.016687,0.051257,4.090326
137460850310,2.859456,-0.548168,0.259880,-0.051685,-0.138510,0.034330,4.174349
137560894596,2.984262,0.077584,0.194926,-0.009592,-0.118292,-0.027252,4.382065
137660938883,2.095640,-1.291458,-0.373282,-0.010911,-0.150821,-0.078359,4.619555
137760983170,1.973156,-0.443690,-0.223025,-0.081520,-0.184915,-0.047002,4.687197
137861027457,2.581303,-0.611263,0.132572,0.007572,-0.000498,0.071825,4.846382
137961071744,1.022506,-0.379523,-0.144822,-0.019152,-0.010401,0.007121,5.012609
138061116031,2.866622,0.614892,-0.251982,0.068296,0.114035,0.088567,5.253195
138161160318,2.759362,-0.172653,-0.106167,-0.002283,0.116439,0.121289,5.416621
138261204605,2.220057,1.186605,0.064845,0.094269,0.257023,0.180393,5.542099
138361248892,2.276278,-2.089002,0.067623,0.205245,0.137702,0.066336,5.610365
138461293179,2.498407,0.164461,-0.318982,0.251767,0.145540,0.010780,5.816515
138561337466,2.879201,-0.450896,-0.375718,0.183383,0.297453,0.085560,6.114360
138661381753,1.607601,-2.115266,0.556467,-0.091207,-0.050916,-0.100034,6.407643
138761426040,1.804601,-0.529906,0.409472,0.014131,-0.001719,-0.041487,6.522611
138861470327,3.661706,0.282723,0.158147,0.055497,0.065665,0.083695,6.602218
138961514614,3.291117,0.189802,0.150363,0.034392,0.079086,-0.079732,6.719526
139061558901,2.360263,0.847508,-0.337801,0.048818,0.132251,0.055762,6.854646
139161603188,1.824105,-1.444963,-0.146785,0.110563,0.144068,0.117597,7.002380
139261647475,1.646784,-0.235491,0.291546,0.060040,0.186661,0.111320,7.292830
139361691762,0.006584,-1.947224,0.687669,0.179649,0.273755,0.202056,7.536396
139461736049,1.064634,-0.176567,-0.341393,0.055051,0.038335,0.064188,7.650621
139561780336,3.567441,0.504401,0.282877,0.102718,0.064929,0.015633,7.845204
139661824623,2.894069,1.548393,-0.562793,-0.018348,-0.137117,-0.107756,7.959769
139761868910,1.303779,2.358920,-0.079556,0.062071,-0.082378,-0.092483,8.042616
139861913197,1.179755,-1.299075,0.235500,-0.137925,-0.224928,-0.160681,8.342416
139961957484,1.708329,2.490233,-0.231973,-0.249957,-0.344355,-0.188013,8.575819
140062001771,2.320615,-2.371747,0.432540,-0.219341,-0.246086,-0.189878,8.608761
140162046058,1.642627,-1.602523,0.140319,-0.253406,-0.445803,-0.307274,8.755115
140262090345,1.094100,-4.255377,0.028296,-0.121387,-0.315575,-0.156114,8.938824
140362134632,1.593736,1.664641,0.283663,-0.221404,-0.525543,-0.385783,9.026539
140462178919,0.969607,3.280884,-0.180049,-0.041655,-0.154871,-0.134394,9.097378
140562223206,0.392229,3.610890,-0.448493,-0.075344,-0.273174,-0.237158,9.230032
140662267493,0.853410,-0.101918,-0.027719,-0.059989,-0.059947,-0.032173,9.285718
140762311780,0.774635,-2.385788,0.011889,-0.055184,-0.148728,-0.126416,9.453302
140862356067,0.754343,-0.731801,0.273885,0.097969,0.033631,0.003307,9.696726
140962400354,0.133611,-0.422726,0.039876,0.055611,-0.018002,0.009429,9.685604
141062444641,-0.107236,1.857648,0.253045,0.102563,0.207135,0.155008,9.728487
141162488928,0.222659,-0.917151,0.730097,0.164001,0.229910,0.188239,9.820133
141262533215,0.188745,1.542733,-0.445869,0.027519,0.121335,0.167963,9.856433
141362577502,0.228064,0.250513,-0.696975,0.013966,0.026057,0.020612,9.885718
141462621789,0.430025,0.235591,-0.491641,0.042409,0.079652,0.039244,9.819885
141562666076,0.996378,0.237140,0.312389,0.087995,0.140322,0.057272,9.758222
141662710363,-0.511538,-0.801680,0.567397,-0.052004,-0.061241,-0.045696,9.687572
141762754650,-0.000402,-1.270621,0.609746,0.050925,-0.001943,-0.005947,9.558199
141862798937,0.342150,-2.528951,-0.018146,-0.114389,-0.249815,-0.160410,9.660053
141962843224,1.059493,1.337527,0.167696,-0.174715,-0.264743,-0.204782,9.693354
142062887511,1.663581,-0.302749,0.535043,-0.144096,-0.385180,-0.196805,9.492626
142162931798,0.706388,2.399459,-0.037288,-0.110478,-0.393339,-0.187637,9.439052
142262976085,0.735496,-1.899857,-0.226147,-0.107627,-0.325372,-0.163663,9.680343
142363020372,-0.909394,0.404760,-1.095160,-0.197392,-0.191629,-0.215378,9.664623
142463064658,-0.299330,0.452943,-0.821830,-0.105389,-0.103944,-0.060341,9.734919
142563108945,1.230798,0.137127,0.058290,-0.068568,0.008598,-0.019380,9.698782
142663153232,1.173453,0.536437,0.027874,0.008070,0.009941,0.009861,9.717800
142763197519,3.660706,-1.780776,0.621231,0.129011,0.142619,0.165525,9.813023
142863241806,-1.431968,0.901358,-0.061594,-0.014490,-0.022879,0.074350,9.728906
142963286093,1.392690,2.345513,-0.267280,0.136954,0.129535,0.061703,9.976213
143063330380,1.190412,1.797697,-0.270060,-0.011792,-0.151973,-0.097114,9.895753
143163374667,4.191577,0.023229,0.489326,0.105054,0.041161,0.105951,10.032122
143263418954,1.457207,-0.776012,0.571134,-0.012182,-0.098377,0.036881,10.209506
143363463241,2.906990,-0.172735,0.910150,0.025986,-0.054716,-0.060544,10.128497
143463507528,-0.320805,0.602996,-0.775834,0.068250,-0.097716,0.026796,10.276869
143563551815,0.235695,-0.333605,0.483842,-0.052239,-0.275836,-0.173984,10.309023
143663596102,3.487998,-1.904333,0.672668,0.124759,-0.225284,-0.076828,10.242336
143763640389,-0.395627,1.473638,-0.159327,-0.044551,-0.350139,-0.237782,10.248259
143863684676,1.836206,0.299490,-0.109751,-0.013520,-0.063283,-0.123284,10.204454
143963728963,3.355614,-0.565907,-0.124649,-0.093878,-0.079383,0.006023,10.572903
144063773250,2.264746,-0.533989,0.945089,-0.062672,-0.102963,-0.057989,10.512312
144163817537,2.736723,0.904484,0.118282,0.001874,-0.160554,-0.103372,10.332403
144263861824,-1.485803,2.710338,-0.454542,0.119236,0.083221,0.146282,10.375387
144363906111,-0.365728,-0.433433,-0.621475,-0.124858,-0.096391,0.056839,10.319437
144463950398,2.461253,-1.727010,-0.285642,-0.001078,0.171424,0.121186,10.359931
144563994685,1.167167,-2.730940,0.556700,0.049363,0.005555,0.066335,10.617272
144664038972,2.703192,0.149190,0.531845,0.214058,0.259403,0.203450,10.692975
144764083259,0.167677,-2.223248,-0.078838,0.217149,0.264054,0.173562,10.661100
144864127546,0.928409,0.511481,-0.399791,0.154764,0.288744,0.088996,10.756756
144964171833,1.145304,0.141383,-0.212100,0.124127,0.279682,0.152225,10.965820
145064216120,2.072211,1.111317,0.814724,0.066300,0.129444,0.080897,10.883436
145164260407,1.673031,-1.182592,0.453369,0.163986,0.244996,0.089225,10.907632
145264304694,0.187353,-2.775521,0.069969,-0.009628,-0.042523,-0.043838,10.901606
145364348981,2.022464,-1.539978,0.205074,-0.034636,0.080903,0.032594,10.884467
145464393268,2.304316,-2.574197,0.940681,-0.078931,-0.126104,-0.082153,10.900164
145564437555,1.237682,-0.216933,0.107451,-0.047912,-0.174147,-0.156935,11.102417
145664481842,0.803516,-0.975368,-0.405528,-0.025987,-0.050995,-0.140688,11.067971
145764526129,1.154248,-0.093051,-0.435250,-0.070878,-0.093886,-0.049698,11.078392
145864570416,0.982847,0.087971,-0.272084,-0.061199,0.019407,-0.014365,11.279796
145964614703,1.185169,1.856206,-0.149281,-0.077592,-0.133348,-0.045443,11.243518
146064658990,-0.337732,2.044062,-0.439312,0.155724,0.085474,0.088326,11.247205
146164703277,1.360811,-0.887022,0.669540,0.154122,0.130752,0.026292,11.257142
146264747564,-1.049492,2.293213,0.457661,0.012992,0.036800,-0.005017,11.349497
146364791851,1.939362,1.625735,0.417914,0.092514,0.268726,0.104836,11.451430
146464836138,2.293997,-1.687125,-0.258878,0.052318,-0.080509,-0.088491,11.547580
146564880425,0.514515,-0.220594,-1.109906,0.016225,0.029894,0.051509,11.571445
146664924712,1.089017,0.012385,0.434128,-0.103927,0.003025,-0.009781,11.578565
146764968999,0.641673,2.385097,-0.064932,-0.038593,0.025430,0.026970,11.640183
146865013286,-1.051387,0.927005,-0.259491,-0.227068,-0.299300,-0.253740,11.590873
146965057573,0.082944,2.247245,-0.498613,-0.127165,-0.290903,-0.095649,11.666715
147065101860,-0.537693,1.468475,-0.352672,-0.124051,-0.061693,-0.064731,11.817888
147165146147,-0.165579,0.540045,-0.822631,-0.111680,0.004145,-0.149551,11.882010
147265190434,1.166318,1.388647,-1.975204,0.099173,0.079582,0.090408,11.947066
147365234720,0.392712,0.177880,0.034468,0.007929,0.094973,-0.071620,11.950851
147465279007,0.795887,-0.016809,0.309245,0.032747,0.129359,0.183959,12.020538
147565323294,-0.228343,-1.062052,-0.064226,0.112333,0.101108,0.106126,12.025806
147665367581,1.022513,-0.513354,0.013166,0.090798,0.063161,-0.003369,12.100509
147765411868,1.569829,-2.100406,0.746462,0.145323,0.161366,0.141746,12.138029
147865456155,0.624809,-1.733558,0.304178,-0.031736,-0.163972,-0.152376,12.114747
147965500442,-0.372144,2.398767,-0.416360,0.019615,0.057243,0.111022,11.950730
148065544729,0.257296,-0.876151,0.407250,-0.054867,-0.099703,-0.042057,12.020370
148165589016,1.166571,-0.260263,-0.394281,-0.125260,-0.087738,-0.020294,12.111842
148265633303,-0.915836,1.590539,-0.357733,0.027588,0.101117,0.095379,12.112768
148365677590,-0.424235,1.087049,-0.383422,-0.051950,0.032185,0.000145,12.098142
148465721877,0.989709,0.699050,-0.148096,0.060564,0.152513,0.107818,12.103811
148565766164,0.053510,-2.131269,0.342714,-0.001383,0.053498,0.079955,12.059397
148665810451,1.949904,-1.236863,0.310059,0.213724,0.246231,0.277964,12.038905
148765854738,0.523463,-4.049101,-0.209065,0.112508,0.382652,0.158802,11.906393
148865899025,1.120727,-0.417399,0.367564,0.132885,0.362053,0.235778,12.027218
148965943312,3.674552,-1.712972,0.839408,0.172695,0.265789,0.237354,11.951361
149065987599,0.380332,1.529163,1.576194,0.143483,0.252633,0.156781,11.723820
149166031886,0.216625,-1.745299,0.931729,0.216518,0.068679,0.166414,11.727708
149266076173,-0.337531,1.908772,-0.301960,0.340207,0.330896,0.268587,11.802453
149366120460,-2.034795,-1.365153,-0.805021,0.102098,0.250688,0.194789,11.691442
149466164747,2.835262,-0.820055,0.710908,-0.105174,0.132899,0.077734,11.967035
149566209034,0.635453,0.966633,0.614729,0.014618,-0.157961,-0.147045,11.962628
149666253321,-2.519222,-3.494966,0.560481,-0.155100,-0.273470,-0.227793,11.828599
149766297608,1.967409,-5.751758,0.372765,-0.386875,-0.505066,-0.401342,11.726098
149866341895,4.136055,-2.497756,0.585127,0.121228,0.124280,-0.060780,11.872047
149966386182,-0.818527,-2.548446,0.618131,0.031595,-0.118016,0.064347,11.878061
150066430469,1.274196,3.761259,-1.141943,0.230134,0.425001,0.265699,11.928088
150166474756,0.457878,-0.748533,0.010846,0.131162,0.360365,0.300534,12.086348
150266519043,3.483153,3.432014,-2.294730,0.202839,0.244599,0.325114,11.965115
150366563330,4.542998,3.291343,0.060385,0.215987,0.283872,0.121750,11.977250
150466607617,0.629434,4.367951,-0.330342,0.016597,-0.137812,-0.028919,11.991421
150566651904,0.244930,8.269231,-2.007231,-0.014047,-0.251732,-0.243759,12.211706
150666696191,-0.830197,0.864422,-0.541268,-0.138858,-0.240687,-0.286466,12.164926
150766740478,1.486046,7.730540,-1.086639,-0.310348,-0.666256,-0.639749,12.106601
150866784765,1.339710,-1.593411,-0.159147,-0.108428,-0.310639,-0.333660,12.153765
150966829052,-0.562393,-0.846940,0.413824,-0.150659,-0.292720,-0.361252,12.159045
151066873339,0.820344,-2.185600,0.592739,-0.099838,-0.235590,-0.110163,12.110888
151166917626,0.622552,-1.039591,-0.383559,-0.199879,-0.039433,0.055843,12.107473
151266961913,-0.894245,1.751638,-1.492678,-0.010699,0.330592,0.269468,12.300256
151367006200,2.285760,1.864177,-0.491500,-0.075928,0.004813,0.205619,12.370265
151467050487,3.705728,5.259283,0.087872,0.290324,0.619318,0.460373,12.158849
151567094774,-0.701695,-1.897722,0.631606,0.299638,0.401719,0.330639,12.272653
151667139061,-3.342958,3.162803,1.496112,0.227123,0.367989,0.180663,12.149977
151767183348,0.355020,-0.666158,0.539766,0.149762,0.378822,0.227936,12.194157
151867227635,-2.111227,0.093749,-0.312336,-0.166345,-0.001290,0.144967,12.409124
151967271922,-0.315453,1.534933,-2.185019,-0.239377,-0.041852,-0.068428,12.493762
152067316209,1.272618,-3.077174,-1.444432,-0.348159,-0.351294,-0.147648,12.573374
152167360496,3.103329,-5.629439,-0.853016,-0.311855,-0.580051,-0.476500,12.461172
152267404782,1.824159,-2.207256,0.695713,-0.091162,-0.379923,-0.357652,12.344127
152367449069,-0.524622,3.320021,0.692121,-0.081186,-0.392295,-0.272155,12.300398
152467493356,-1.144780,-1.450178,0.333443,0.046093,-0.236327,-0.183862,12.231881
152567537643,-1.348565,-1.516982,-0.166304,-0.381108,-0.403435,-0.205785,12.114214
152667581930,0.864515,-3.201245,-0.480466,-0.165232,-0.049975,-0.068808,12.259590
152767626217,1.695614,0.082165,-0.539289,-0.268761,-0.494269,-0.195010,12.542735
152867670504,-0.058178,4.521645,-0.099908,0.102141,-0.015219,0.080187,12.354167
152967714791,-0.786144,-3.253622,-0.178278,-0.101832,-0.345906,-0.206073,12.035853
153067759078,-0.417243,2.978721,-1.641838,0.063338,0.230488,0.033593,12.090350
153167803365,0.551356,1.508574,-0.307449,-0.030648,0.074605,-0.093466,12.216253
153267847652,0.128671,0.271140,-0.649680,-0.033110,-0.102272,-0.179876,12.260285
153367891939,2.218643,1.754009,-0.575340,0.022585,-0.179454,-0.088543,12.037789
153467936226,-0.530187,-4.336204,0.909375,-0.244707,-0.552783,-0.447371,11.954176
153567980513,-1.581085,1.944556,1.245865,-0.246373,-0.636918,-0.275138,12.077524
153668024800,2.742635,1.555161,0.248180,0.025437,-0.151911,-0.133640,12.038922
153768069087,2.918540,1.615811,-0.474027,-0.162452,-0.258921,-0.191780,12.087248
153868113374,-0.518258,1.598996,-2.136622,0.140291,0.234970,0.033374,12.270957
153968157661,0.830417,-2.332987,-0.081057,0.116206,0.096347,0.012661,11.864006
154068201948,0.915038,3.638035,0.115815,0.336778,0.227710,0.027478,11.945228
154168246235,0.843312,0.155756,0.501315,0.281644,0.426350,0.234440,11.919477
154268290522,1.981113,-5.401985,2.010324,-0.068297,-0.278963,-0.167122,11.824872
154368334809,1.221833,-3.091898,1.230640,0.144510,0.083116,0.114612,11.879205
154468379096,-1.233772,-2.256188,0.059440,-0.104107,-0.379047,-0.276803,11.929899
154568423383,1.136889,4.075855,-0.575605,-0.049726,-0.172258,0.003329,11.972121
154668467670,0.715155,-0.031229,-0.625454,-0.036146,-0.286934,-0.057637,12.028786
154768511957,0.525081,2.255474,-0.560848,-0.049932,-0.207159,-0.132556,11.946620
154868556244,0.022945,0.440733,-0.370065,-0.122420,-0.219846,-0.056867,11.995217
154968600531,0.674080,1.145274,-0.083274,-0.106313,-0.213277,-0.199946,11.997157
155068644818,1.105953,-0.394527,0.427347,-0.106924,-0.092572,-0.077242,12.026679
155168689105,1.015528,0.090629,0.749966,-0.027942,-0.145740,-0.091441,12.081898
155268733392,0.583135,-1.871477,1.409354,0.011823,-0.201715,-0.196791,12.031648
155368777679,1.320634,2.468986,0.596438,-0.103788,-0.357456,-0.168255,11.973096
155468821966,2.124088,3.367582,-0.594726,0.048181,-0.098982,-0.051448,12.024616
155568866253,1.411389,5.289423,-0.665362,-0.250910,-0.468375,-0.284080,11.972015
155668910540,0.862813,5.285069,-2.026007,0.303783,0.472631,0.300646,12.087943
155768954827,0.687029,-3.000541,0.209827,0.276524,0.361479,0.187125,11.975555
155868999114,2.084305,2.965103,-0.951773,0.202212,0.368580,0.193681,11.918039
155969043401,-0.883328,-2.477508,0.330420,0.418946,0.540602,0.293904,11.892449
156069087688,-1.536543,-1.555621,-0.402588,-0.081523,0.080601,0.151762,11.891272
156169131975,-0.236399,-1.553225,0.468002,0.040604,0.212365,0.012818,11.904969
156269176262,1.853929,0.288295,1.126797,0.043269,-0.083990,-0.067807,11.940530
156369220549,1.016412,1.312150,1.336348,-0.036214,-0.128658,0.014878,11.894817
156469264836,-0.663378,0.380685,0.102682,-0.056608,-0.016452,-0.048911,11.886719
156569309123,-1.157187,0.374280,-0.874984,-0.080454,-0.048587,0.068800,11.932350
156669353410,1.174195,0.650190,-1.161506,-0.040398,0.113753,0.051945,12.094531
156769397697,1.417588,-0.497364,-0.417300,0.133346,0.224901,0.090312,12.118021
156869441984,2.354401,-0.444526,-0.389614,0.193376,-0.214940,-0.075043,12.064507
156969486271,0.355299,3.304596,0.538811,0.073011,0.091348,0.021049,12.041361
157069530558,1.400752,4.271023,0.384558,-0.050909,-0.214701,-0.234344,11.900346
157169574844,-0.567903,0.206934,0.048644,0.025997,0.101733,0.104943,12.013937
157269619131,1.725317,-3.291914,-1.017680,-0.121914,-0.237710,-0.353917,12.158846
157369663418,1.206771,-4.179945,-1.432406,0.008752,0.166906,0.196107,12.173021
157469707705,0.147142,-4.970304,-0.853091,-0.199450,-0.535937,-0.360388,12.139583
157569751992,1.343587,5.475633,-0.484206,-0.044806,-0.106562,-0.108496,12.072254
157669796279,1.361449,-0.511744,1.405516,-0.199242,-0.527626,-0.298394,12.041658
157769840566,-0.153133,4.770710,-1.119438,-0.187209,-0.395764,-0.227581,12.179346
157869884853,0.456955,0.456373,-0.124653,-0.256449,-0.229986,-0.123580,12.312603
157969929140,2.951986,3.316119,-1.304242,-0.377524,-0.326321,-0.197439,12.276873
158069973427,2.467432,-0.322251,-0.486627,-0.002120,0.014140,0.090750,12.188578
158170017714,-0.480095,-2.778579,0.077671,-0.240045,-0.396343,-0.214006,12.068532
158270062001,-1.078448,-1.516005,-0.375042,0.135035,0.363627,0.128881,11.946706
158370106288,0.681708,-2.806122,0.356331,-0.120443,-0.062256,-0.027620,11.896560
158470150575,0.304956,5.166507,-0.665588,0.286736,0.633604,0.340443,12.084278
158570194862,-1.507343,-1.526763,-0.191940,0.229164,0.389945,0.315061,12.287641
158670239149,0.103133,4.560219,-0.951955,0.361899,0.616562,0.400482,11.914722
158770283436,-0.707653,-0.317884,-0.839987,0.263115,0.693094,0.419895,11.874786
158870327723,-0.302718,5.783418,-0.666286,0.199864,0.559635,0.338220,11.976867
158970372010,0.511738,-3.483503,-0.354427,0.355779,0.767438,0.471506,12.043478
159070416297,-0.551116,3.152820,-0.295088,-0.030950,0.181834,0.106966,12.073865
159170460584,-0.215335,2.937645,-0.451376,0.148142,0.567538,0.432661,11.911690
159270504871,-0.877973,4.821309,-0.609562,-0.138167,-0.105767,0.012973,12.080290
159370549158,0.093128,1.077129,-0.053335,-0.057262,0.205960,0.203239,11.931706
159470593445,-0.098902,-2.287270,0.348142,-0.092104,-0.043483,-0.045906,11.860411
159570637732,-0.110712,-3.604116,0.274554,0.140787,0.252963,0.324214,11.870357
159670682019,0.762964,1.572014,0.665561,0.003984,0.139471,0.230843,11.913458
159770726306,0.495926,0.972209,-0.807985,0.143158,0.302888,0.179933,11.775757
159870770593,1.109871,5.934299,-1.228899,0.317597,0.327557,0.069752,11.790335
159970814880,-0.848491,-2.501562,0.041107,0.295775,0.554835,0.430185,11.909410
160070859167,1.021803,-5.098304,1.733733,-0.111900,-0.096224,-0.202666,11.646014
160170903454,-1.823843,-6.420350,0.397422,0.257506,0.436537,0.353262,11.585490
160270947741,-0.876367,-2.113184,0.710120,-0.277107,-0.363302,-0.148373,11.643038
160370992028,-0.972752,5.788040,-0.565984,-0.029181,0.196523,0.047246,11.498351
160471036315,-0.219933,0.847773,-0.454585,-0.347861,-0.590398,-0.300176,11.463093
160571080602,-1.139184,5.964608,0.368687,-0.089875,-0.431248,-0.325836,11.595047
160671124889,-0.800759,-0.136490,-1.905368,-0.186955,-0.379963,-0.264212,11.480302
160771169176,0.416580,4.447993,-2.494256,-0.495775,-0.521233,-0.360738,11.534876
160871213463,0.812084,-0.666813,-0.970297,0.005609,0.043122,-0.027070,11.585471
160971257750,-0.743326,-4.139077,-0.071529,-0.263864,-0.381620,-0.255290,11.630845
161071302037,-1.977760,-2.017098,-0.130028,0.111346,0.266235,0.250520,11.437161
161171346324,-0.949583,-1.736646,-0.601224,-0.208753,-0.193272,-0.130242,11.590360
161271390611,1.589284,2.341339,-0.432061,0.242643,0.365890,0.178742,11.643277
161371434898,0.470361,1.695515,0.152404,-0.038619,-0.091692,-0.029192,11.659646
161471479185,0.341702,3.872188,0.414223,0.367648,0.578875,0.304171,11.599392
161571523472,0.966028,-6.775686,1.280518,0.144820,0.018453,0.138360,11.559271
161671567759,-2.472244,2.837619,-0.409379,0.521189,0.869751,0.635503,11.449040
161771612046,-1.994420,-7.240106,0.363645,0.482819,0.969797,0.408091,11.467815
161871656333,-0.010354,-2.633076,0.396771,0.194126,0.602578,0.326831,11.465471
161971700620,-0.558125,8.722104,-1.876697,-0.441105,-0.570272,-0.545365,11.531082
162071744906,0.189786,6.704793,-0.256253,-0.316258,-0.687593,-0.421100,11.403870
162171789193,-0.211403,3.951562,0.639561,0.570104,0.651683,0.399699,11.229275
162271833480,-0.181543,-6.684557,1.952354,0.311937,0.253076,0.194963,11.181408
162371877767,-0.234318,-0.217593,0.107830,0.611449,0.850527,0.540201,11.205956
162471922054,-1.728073,-6.685231,0.476355,0.350529,0.605701,0.341970,11.225301
162571966341,0.211518,-0.238133,-0.910638,0.322055,0.599318,0.275180,11.258475
162672010628,-0.327268,-5.211441,0.658308,0.371884,0.571982,0.260363,11.143181
162772054915,0.695904,-0.028165,0.512200,0.211185,0.263245,0.106397,11.078077
162872099202,-0.060394,-0.034648,1.404030,0.160569,0.318533,0.135459,10.962394
162972143489,0.579217,-1.976976,1.139994,0.162064,-0.023861,-0.141754,10.813188
163072187776,-1.155136,-1.985077,0.594121,0.236031,0.314049,0.028498,10.805833
163172232063,-2.310300,-3.504182,0.327425,-0.125210,-0.015292,-0.114049,10.714152
163272276350,0.036252,-1.208545,-0.492794,-0.062146,0.159691,-0.080236,10.803986
163372320637,-1.879270,-2.948368,-0.558900,-0.065436,-0.122920,-0.237819,10.749024
163472364924,1.078792,-0.220492,0.033551,0.068237,-0.132383,-0.166918,10.605568
163572409211,-1.206520,-6.406932,0.952325,-0.107921,-0.270284,-0.269787,10.399570
163672453498,0.211392,-0.569778,0.938668,-0.079895,-0.332983,-0.210514,10.412187
163772497785,1.248799,2.536353,-0.635661,0.368628,0.391347,0.205490,10.522268
163872542072,-0.542275,-0.291598,-1.359869,0.043771,0.231422,0.037178,10.447064
163972586359,0.920013,1.482632,-0.842156,0.051387,0.555367,0.241174,10.454932
164072630646,0.904354,-4.578244,0.398380,0.095484,0.497965,0.147338,10.526722
164172674933,0.735478,-0.711318,0.124278,0.139679,0.304209,0.232416,10.427838
164272719220,-1.178981,-1.459406,0.157301,0.168161,0.199829,0.057868,10.297206
164372763507,-0.845369,-1.883508,0.567984,-0.050056,0.171484,-0.080693,10.165354
164472807794,1.637402,0.808880,-0.537759,0.132026,0.263231,0.190749,10.275087
164572852081,1.709459,-1.694445,0.386074,0.007039,-0.086132,-0.102713,10.523867
164672896368,0.244633,0.044527,-0.487625,0.175729,0.193462,0.015027,10.504991
164772940655,0.030141,-2.149984,-0.882085,0.129036,0.225014,0.041462,10.331713
164872984942,-1.922913,-3.073334,-0.822370,0.079067,0.354440,0.133328,10.396776
164973029229,-0.665710,-0.960172,-0.094058,-0.083518,0.036848,0.040525,10.586058
165073073516,1.851584,-0.265920,0.199764,0.101346,0.206777,-0.105828,10.607929
165173117803,-0.380097,-1.333810,-0.146501,-0.046914,-0.213890,-0.125904,10.524415
165273162090,1.532774,3.203702,-0.614581,-0.121273,-0.350599,-0.295773,10.627512
165373206377,1.573458,1.622280,-0.248699,0.099469,0.197300,0.049197,10.688218
165473250664,1.206478,-1.052880,-0.810453,0.055792,0.047459,-0.048977,10.758981
165573294951,1.231457,-1.395706,-0.931867,0.062295,0.043665,0.001931,10.851261
165673339238,0.567201,-2.482872,0.812302,0.059904,0.012896,0.027815,10.890779
165773383525,-0.043529,-1.343136,0.705235,0.070725,0.164116,0.140257,10.930561
165873427812,0.784698,-1.028956,0.240584,0.055945,0.071535,-0.012302,10.966512
165973472099,2.144095,-0.574687,-0.341951,0.121100,0.120619,0.062685,10.968469
166073516386,0.909367,-2.944942,-0.685112,0.071048,0.154240,0.122953,11.136628
166173560673,1.857998,2.686841,-1.469219,0.081802,0.270896,0.124526,11.143498
166273604960,3.296002,0.145310,0.277780,0.254356,0.378360,0.131230,11.224073
166373649247,2.359946,2.445403,0.207062,-0.051181,-0.213632,-0.230729,11.117816
166473693534,0.961448,2.321858,0.414447,0.164647,0.096294,0.077562,11.197341
166573737821,-1.637787,-1.961768,0.324269,-0.192262,-0.283903,-0.218119,11.116486
166673782108,0.476029,-0.287751,-0.456825,-0.154363,-0.146245,-0.126884,11.337342
166773826395,-1.086433,-1.878514,-0.789363,-0.107844,-0.045738,-0.109803,11.389904
166873870682,0.013317,-0.639530,0.063285,-0.023744,-0.139611,-0.079495,11.349966
166973914968,1.491143,1.354761,-1.131842,0.232146,0.317668,0.069128,11.256725
167073959255,-0.356316,-2.056876,1.406654,0.270737,0.281195,0.240459,11.145589
167174003542,-0.474515,1.047143,0.082043,0.029820,-0.202158,-0.121886,11.190331
167274047829,1.869637,2.233082,0.793794,-0.003215,-0.002869,0.170094,11.182790
167374092116,-2.459457,-1.114722,0.308280,-0.233660,-0.268100,-0.019379,11.222152
167474136403,-2.364184,0.358129,0.582283,-0.023650,-0.027463,-0.131576,11.272538
167574180690,-0.505699,-1.320671,-0.820396,-0.112264,-0.257763,-0.225357,11.289865
167674224977,1.305640,1.025372,-0.807886,-0.187039,-0.168013,-0.123063,11.322459
167774269264,2.064605,1.840682,0.316964,-0.136713,-0.162178,-0.060482,11.068574
167874313551,-1.043971,-1.380337,-0.312626,-0.151788,-0.382824,-0.287881,11.069217
167974357838,-2.945975,-2.460384,0.003691,0.130869,0.242526,0.125531,11.168653
168074402125,-1.229384,-2.190162,0.207060,-0.142055,-0.077474,-0.094433,11.011933
168174446412,4.125785,3.595040,-0.183581,0.346698,0.579868,0.310201,11.033339
168274490699,-0.487641,0.908511,-0.547622,0.152892,0.223426,0.159295,11.079119
168374534986,2.127702,5.354249,-1.112493,0.201113,0.509890,0.394344,11.058085
168474579273,-1.505236,-2.413192,-0.001841,0.133633,0.308253,0.094645,10.980317
168574623560,4.338281,2.964768,-0.543951,0.258483,0.372868,0.164636,10.983892
168674667847,-1.055946,-2.826246,0.985654,0.277680,0.408839,0.302908,10.989322
168774712134,-1.665849,-0.748151,0.865919,0.048174,-0.027070,-0.064903,10.790068
168874756421,-1.960545,-0.370173,0.421056,0.153363,0.159301,0.133200,10.785145
168974800708,-0.841633,0.367810,-0.864583,-0.016828,-0.093208,-0.027374,10.859926
169074844995,0.678596,2.055897,-0.913792,-0.039302,0.231492,0.006491,10.833149
169174889282,1.888168,0.692875,-0.964933,-0.062997,-0.105855,-0.060097,10.811191
169274933569,0.757741,1.008823,-0.531073,-0.021992,-0.033413,-0.071177,10.695031
169374977856,-0.975797,0.628318,-0.303090,-0.040763,-0.098974,-0.182081,10.500949
169475022143,-0.185815,1.871232,-0.283072,-0.091130,-0.062871,0.027781,10.513491
169575066430,-0.654999,-0.241606,0.608609,-0.085463,-0.069409,-0.013072,10.480994
169675110717,-2.778521,-1.133743,0.388125,-0.083667,-0.240704,-0.094728,10.390866
169775155004,-1.231674,0.725700,-0.311425,0.125815,0.126449,0.106251,10.394084
169875199291,1.601098,1.533613,0.324757,0.048042,0.089524,-0.005299,10.185604
169975243578,-0.814617,-0.210226,-0.377107,0.029122,0.058930,-0.095977,10.121413
170075287865,-1.808834,-0.070206,0.506338,0.091513,0.102385,0.077875,10.208379
170175332152,2.418891,1.576012,0.053937,0.206797,0.352230,0.191804,10.004674
170275376439,-0.393289,1.115795,1.104662,0.221536,0.332176,0.258805,9.925120
170375420726,-0.620152,1.133896,0.281631,0.244274,0.339285,0.141280,9.926193
170475465013,-3.333383,0.462185,-0.374991,0.184737,0.367171,0.246971,9.820665
170575509300,1.072566,0.642896,-0.172056,0.132394,0.208493,0.122009,9.770170
170675553587,-0.182902,0.529821,-0.398025,0.088178,0.260652,0.153145,9.754506
170775597874,-2.081957,0.353921,0.269120,0.011806,0.028349,-0.013965,9.689793
170875642161,-1.844679,-1.426091,-0.517530,0.029058,0.232300,0.062107,9.569354
170975686448,-2.264065,-3.466513,0.362273,0.120802,0.239502,0.033615,9.528745
171075730735,-1.654311,-2.273054,1.244073,0.230298,0.079342,-0.095254,9.533684
171175775022,-0.694878,0.407188,0.883798,0.094601,0.002868,-0.118266,9.481385
171275819309,-1.144714,0.449235,0.281929,0.148438,0.187814,-0.043294,9.355636
171375863596,0.337568,0.872704,-0.586258,0.013020,0.028529,0.014509,9.334598
171475907883,0.308702,0.792786,-0.527386,0.148912,0.439982,0.207013,9.401935
171575952170,-3.089807,-1.785201,-1.324934,0.018905,0.183532,0.036104,9.372576
171675996457,-2.213873,-0.484024,0.051936,0.176613,0.397538,0.129354,9.280948
171776040744,-3.620972,-2.130476,0.171791,0.106971,0.253333,0.043719,9.184072
171876085030,-0.255910,0.299832,0.685579,0.200096,0.539554,0.113436,9.170833
171976129317,-5.498083,-1.968064,1.315753,0.418283,0.544270,0.136392,9.088032
172076173604,1.966089,2.189829,-1.604427,0.112277,0.124243,-0.159607,9.070844
172176217891,1.436987,2.182197,-2.759958,0.018907,0.423995,0.139268,9.111998
172276262178,-3.420696,-0.270156,-0.615205,-0.274781,0.021850,-0.087063,9.124736
172376306465,0.987694,-0.426536,-0.934504,-0.186951,0.020340,-0.107727,9.061623
172476350752,-3.284813,-1.473077,-0.349162,0.045758,-0.027689,-0.181847,8.909815
172576395039,-0.016871,1.072942,-0.473158,0.028201,0.063819,0.033646,8.746020
172676439326,-2.624189,1.116714,-0.080700,-0.010678,0.102182,0.006048,8.760077
172776483613,-1.278243,0.270328,-0.046969,0.090008,0.065208,-0.084227,8.755291
172876527900,-1.471730,-0.195605,0.144378,0.095892,0.261333,-0.015085,8.788003
172976572187,-1.431834,0.301836,0.157434,0.184024,0.258272,0.057286,8.764692
173076616474,0.989136,1.386126,-0.163608,0.164247,0.331922,0.080937,8.701960
173176660761,-0.385496,0.201473,0.121102,0.294588,0.418294,0.145238,8.586452
173276705048,1.811465,1.036150,-0.450251,0.137784,0.064515,-0.020560,8.539918
173376749335,0.205838,1.449532,-0.577060,0.306009,0.497349,0.156349,8.617079
173476793622,-5.505904,-0.262471,-0.409993,-0.136176,-0.303417,-0.248689,8.572830
173576837909,1.231538,-0.912693,-0.578229,-0.117187,0.030763,-0.059791,8.612774
173676882196,-4.551825,1.287814,-0.487682,-0.252652,-0.270708,-0.348124,8.517283
173776926483,2.178716,1.146281,-1.305101,-0.175641,-0.101858,-0.146490,8.364461
173876970770,-2.138296,0.197421,1.063280,-0.341933,-0.327710,-0.298298,8.288265
173977015057,5.319607,0.889876,0.006935,-0.196217,-0.394082,-0.381722,8.245947
174077059344,-0.096277,1.639923,-0.283082,-0.108238,-0.409241,-0.253824,8.190709
174177103631,7.382027,2.415177,-0.966928,-0.360694,-0.641013,-0.514155,8.094486
174277147918,-0.107666,1.157742,0.015685,0.019359,0.064728,0.030532,7.976565
174377192205,-4.932524,0.487308,0.403276,-0.263194,-0.345498,-0.339566,8.007641
174477236492,-2.107157,0.100641,-0.758851,0.118705,0.299109,0.156504,7.848214
174577280779,-2.460735,0.618950,0.273002,0.004587,-0.081915,-0.134620,7.692426
174677325066,3.095478,2.288842,0.940691,0.016438,0.061696,0.010617,7.894779
174777369353,-2.560466,0.447496,-0.144042,-0.102605,-0.235057,-0.243772,7.761895
174877413640,-1.233555,1.625581,-0.494475,0.032108,0.086006,-0.001124,7.720044
174977457927,-0.449042,1.345690,-0.707428,-0.142460,-0.168664,-0.153082,7.487893
175077502214,3.370583,2.234000,-0.364725,-0.022271,0.066042,0.008180,7.546768
175177546501,-0.766791,1.624128,0.420058,-0.184777,-0.310848,-0.200349,7.302567
175277590788,3.056142,2.404416,0.389101,-0.106097,-0.272597,-0.142556,6.971958
175377635075,-0.288752,1.404258,-0.008964,-0.049856,-0.171971,-0.117972,7.215932
175477679362,3.116208,2.207818,0.003325,-0.141141,-0.328400,-0.190544,6.967529
175577723649,-1.200318,0.684583,0.066921,-0.037331,-0.036241,-0.092083,6.799185
175677767936,-1.861310,1.815562,0.180229,-0.150929,-0.215732,-0.136119,6.543425
175777812223,-1.707565,2.077826,-0.396685,0.061004,0.140505,0.100552,6.606014
175877856510,-0.208919,1.516564,0.096690,-0.067761,-0.037252,-0.112565,6.310652
175977900797,2.475556,1.226000,0.364681,0.088379,0.231860,0.146162,5.916193
176077945084,0.371458,1.309581,0.626823,0.095337,0.094734,0.050740,5.706399
176177989371,2.397271,0.948496,-0.281091,0.143820,0.226744,0.135249,5.566475
176278033658,0.155193,1.784012,-0.645066,0.133305,0.184016,0.158017,5.704717
176378077945,1.894600,2.201456,-0.385405,0.034820,0.123636,0.040249,5.733943
176478122232,-0.135672,1.586866,0.496868,0.076845,0.183385,0.118459,5.661834
176578166519,-0.071739,1.894046,0.351373,-0.064105,-0.004437,-0.008230,5.493019
176678210806,-1.370861,1.543697,0.315544,0.068900,0.207337,0.175690,5.393974
176778255093,-0.131157,1.356668,-0.261569,-0.048100,-0.124042,-0.003725,5.014821
176878299379,2.100260,2.089362,-0.630912,0.020917,0.062748,0.063828,4.816885
176978343666,0.779079,1.380685,0.099421,-0.091358,-0.109164,-0.047987,4.761709
177078387953,1.088878,0.826362,0.567577,-0.014954,-0.002928,-0.030344,4.602774
177178432240,0.058425,0.203103,0.411068,-0.055458,-0.168394,-0.117913,4.510130
177278476527,1.885725,0.930030,-0.140943,-0.001371,-0.126685,-0.052879,4.334362
177378520814,0.604697,1.157105,-0.511085,-0.025660,-0.106529,-0.019002,4.119653
177478565101,0.670307,0.848514,-0.622842,-0.027323,-0.084372,0.036239,4.134380
177578609388,-0.482806,-0.169311,-0.113168,0.007749,-0.058358,0.025202,4.102199
177678653675,0.339972,1.228568,0.358231,-0.060088,-0.090947,-0.060553,4.059175
177778697962,1.056579,0.591033,0.385284,-0.055582,-0.025228,-0.052054,3.995148
177878742249,2.056317,0.803437,-0.081985,-0.103067,-0.091675,-0.068998,3.944566
177978786536,1.548200,0.714213,-0.467351,0.030697,0.007915,0.052658,3.998905
178078830823,-0.227149,0.655188,-0.271235,-0.033717,-0.084463,0.009334,3.852099
178178875110,0.171014,0.830573,-0.382761,0.031253,0.076655,0.074683,3.855381
178278919397,-0.296751,0.236933,0.443047,-0.025427,-0.039232,-0.003157,3.807989
178378963684,2.046548,0.924536,0.073671,0.005864,0.065547,0.082451,3.762772
178479007971,0.448953,-0.172797,0.197253,0.018696,0.032785,0.026630,3.714618
178579052258,1.806198,0.256274,-0.185448,0.095779,0.027503,0.093514,3.529974
178679096545,0.636353,0.991055,0.126258,0.045638,0.103445,0.053020,3.600337
178779140832,1.048452,0.670688,-0.453108,-0.014051,-0.007505,-0.016921,3.478985
178879185119,0.262727,0.674985,-0.200132,0.041346,0.004679,0.016665,3.583182
178979229406,0.585710,0.516862,-0.121651,-0.008502,0.006999,-0.039044,3.575114
179079273693,0.578040,0.430327,0.200138,0.018341,0.008509,0.015848,3.456036
179179317980,0.377125,0.392550,0.043259,-0.003674,-0.014553,-0.029160,3.495476
179279362267,0.968775,0.429005,-0.106611,0.011900,0.023947,-0.000857,3.334490
179379406554,0.787301,0.310056,0.084604,0.010816,0.000616,-0.004073,3.365036
179479450841,0.653833,0.107568,-0.184628,-0.029126,0.012370,-0.030466,3.215726
179579495128,0.693941,0.423093,-0.234792,-0.004429,0.034006,-0.013950,3.264247
179679539415,0.618039,0.764929,-0.206581,0.021573,-0.012447,-0.028217,3.244972
179779583702,0.709330,0.888583,0.148236,0.016391,0.024907,-0.015859,3.170222
179879627989,0.414934,0.843848,0.237463,0.022491,0.013655,-0.016710,3.251212
179979672276,0.784077,0.221583,0.014597,0.031156,0.002880,-0.019264,3.058562
180079716563,1.082586,0.829336,0.034499,0.001649,0.015569,0.003522,3.071479
180179760850,0.932401,0.483245,-0.289648,-0.009104,0.012136,0.037399,3.066733
180279805137,0.266072,-0.012230,-0.169492,-0.017699,-0.008348,0.018534,2.973325
180379849424,0.100265,0.489362,-0.369630,0.033238,0.026461,-0.024392,2.894329
180479893711,0.189857,0.961733,-0.069172,-0.005848,0.046095,-0.013062,2.811203
180579937998,0.619624,0.994391,0.180842,-0.004418,0.018214,-0.058154,2.818758
180679982285,0.718461,0.663708,0.147849,-0.022571,0.048523,-0.003703,2.687475
180780026572,1.219745,0.445642,0.071735,-0.008002,0.068956,0.054718,2.589034
180880070859,0.341339,0.307701,0.145284,-0.008092,0.052314,0.071124,2.549034
180980115146,0.352062,1.040987,0.240265,0.001962,0.060488,0.052590,2.500550
181080159433,-0.187507,0.646675,-0.366014,0.039785,0.054959,0.052349,2.432998
181180203720,0.111776,0.005245,-0.183872,0.042190,0.072124,0.014697,2.275413
181280248007,-0.184144,0.871105,-0.091061,0.017635,0.037811,0.011275,2.357251
181380292294,1.195756,1.161426,-0.042961,0.030184,0.098434,0.050555,2.101073
181480336581,0.278038,0.682093,0.164834,0.077631,0.085786,0.039720,2.175717
181580380868,0.633595,0.684083,-0.034885,0.011598,0.035700,0.021359,2.033380
181680425155,0.298883,0.603425,-0.148074,0.027098,0.033407,0.025747,1.973915
181780469441,0.503976,0.569322,0.004066,0.026819,0.016863,-0.003966,1.795426
181880513728,0.479715,0.778260,0.023865,0.023154,0.027702,-0.009329,1.893060
181980558015,0.807683,0.816222,-0.073200,0.013750,0.004841,-0.007893,1.566895
182080602302,0.854588,0.214771,-0.084120,-0.000483,0.009851,0.009687,1.728972
182180646589,0.524638,0.151967,0.163487,-0.005401,0.023799,0.022433,1.577640
182280690876,0.380669,0.056160,0.040402,0.030985,0.015131,0.018028,1.346959
182380735163,0.425151,0.076535,-0.170134,0.024838,0.016877,0.008320,1.390455
182480779450,0.713626,-0.014341,-0.136543,-0.022138,0.010354,-0.009051,1.358604
182580823737,0.726218,-0.512416,-0.033768,0.006705,0.036706,0.012335,1.205343
182680868024,0.514383,-0.682885,-0.098381,0.010289,0.026709,0.004863,1.132409
182780912311,0.478838,-0.374087,0.124910,0.028249,0.054278,0.054661,1.208013
182880956598,0.415816,-0.691030,-0.028574,-0.001153,0.021790,0.023216,1.100099
182981000885,0.445073,-0.754166,-0.051771,-0.005027,-0.002201,0.030536,1.076525
183081045172,0.433631,-0.402656,-0.105653,0.022041,0.034045,0.021967,1.122630
183181089459,0.048229,-0.679857,0.030937,0.013622,0.039420,0.022176,1.232841
183281133746,0.116722,-0.818813,-0.077452,0.003216,-0.007359,-0.001120,1.138467
183381178033,-0.765439,-0.466327,0.082505,0.021027,0.042963,-0.009800,1.143582
183481222320,0.379296,-0.773033,-0.081837,-0.017874,-0.004886,-0.050223,1.268883
183581266607,-0.031354,-0.376811,-0.010047,0.026754,0.044235,-0.036014,1.287081
183681310894,0.536702,-0.824038,-0.054262,0.052625,0.083853,0.018378,1.270319
183781355181,0.683288,-0.386773,0.095040,0.047271,0.147169,0.009055,1.286605
183881399468,-0.133111,-0.642277,0.247886,0.046180,0.087757,-0.032921,1.320279
183981443755,0.127132,-0.883637,-0.160162,0.093182,0.160249,0.019758,1.413365
184081488042,-0.363095,-0.818733,-0.182048,0.055677,0.107928,0.033183,1.306749
184181532329,0.245872,-0.846697,-0.096325,0.077643,0.194049,0.036589,1.397863
184281576616,-0.809874,-1.335249,0.167220,0.093937,0.193972,0.040042,1.514734
184381620903,0.326268,-1.107216,0.036781,0.089965,0.193188,0.019140,1.388989
184481665190,0.085354,-1.753006,-0.045860,0.075184,0.220068,0.026614,1.538950
184581709477,0.472115,-2.220026,-0.253893,0.099681,0.206379,0.066353,1.638785
184681753764,-0.608450,-2.846526,0.053942,0.089759,0.272065,0.070019,1.645359
184781798051,-1.090194,-1.924937,-0.080350,0.081751,0.250667,0.017481,1.762496
184881842338,-0.648450,-0.633917,0.180840,0.137664,0.228344,0.029185,1.888918
184981886625,0.323143,-0.260706,-0.167495,0.147606,0.273512,0.047627,2.067378
185081930912,-0.691360,-0.632125,-0.346516,0.093790,0.211528,-0.003736,2.149510
185181975199,-0.740092,-2.267692,0.030306,0.093972,0.275472,0.029508,2.389531
185282019486,-0.303583,-0.743990,0.065304,0.167561,0.245653,0.043882,2.466201
185382063773,-0.041337,0.659721,-0.729034,0.095021,0.234694,0.020904,2.601651
185482108060,-0.384111,-1.313306,-0.438654,0.060358,0.284773,0.037873,2.607876
185582152347,-0.952175,-1.624641,-0.151586,0.047165,0.297487,0.060358,2.753440
185682196634,-1.673279,-1.292182,0.188936,0.057233,0.276382,0.022413,2.862371
185782240921,-1.045611,-0.807258,0.367772,0.088182,0.290950,0.021200,2.967755
185882285208,-1.133826,-0.907993,0.003189,0.090918,0.226635,-0.048946,3.196086
185982329495,0.406319,-1.536662,0.141555,0.060383,0.256863,0.000392,3.282962
186082373782,-0.322777,-1.983914,-0.564461,0.092754,0.256514,0.023392,3.358759
186182418069,-0.008731,-1.021371,0.173389,0.112667,0.190704,0.049262,3.480199
186282462356,-0.771132,-1.597469,-0.364492,0.196853,0.150685,-0.004508,3.552533
186382506643,-0.431615,-1.045763,-0.015047,0.086614,0.128183,0.031123,3.686816
186482550930,-0.263049,0.075559,-0.417044,0.017463,0.113486,-0.026137,3.836882
186582595217,-0.061218,-0.919093,-0.612451,-0.011660,0.159051,0.000316,3.971118
186682639503,-1.982518,-3.751374,0.029087,0.026491,0.176148,0.042009,4.147690
186782683790,-3.123491,-3.249102,0.226209,0.116165,0.202510,0.097110,4.228692
186882728077,-0.021633,-0.698921,-0.097393,0.028912,0.098064,0.011128,4.244864
186982772364,-0.376565,-0.504410,-0.504585,0.027145,0.198569,0.050243,4.347737
187082816651,-0.677727,-0.833008,-0.588021,0.012742,0.089876,-0.020006,4.629071
187182860938,-1.165855,-1.227667,-0.204448,0.072036,0.214003,0.094963,4.717811
187282905225,-0.655989,-0.463433,-0.138088,-0.001837,0.056932,0.010074,4.817808
187382949512,0.178115,-0.689750,0.323729,0.079127,0.229785,0.057662,4.905839
187482993799,0.247899,-0.875914,0.669678,-0.035053,-0.103138,-0.149732,4.988931
187583038086,3.444774,-2.003865,-1.622035,0.093108,0.190079,0.105404,5.217340
187683082373,-0.249736,1.437248,-0.666037,-0.148503,-0.142619,-0.023370,5.156335
187783126660,1.861957,-0.199812,0.000685,-0.059843,-0.118496,-0.152984,5.281395
187883170947,-1.242400,1.151841,0.823676,-0.014802,0.136727,0.009186,5.385965
187983215234,-0.691160,0.716745,0.314332,-0.051956,-0.005970,-0.142218,5.326217
188083259521,-1.807752,0.405330,0.008758,0.029515,0.202078,0.079454,5.157775
188183303808,-0.573318,1.007254,-0.279084,0.087590,0.023514,0.024316,5.182018
188283348095,0.893546,-1.104426,-0.026784,0.254119,0.387050,0.188372,5.041408
188383392382,-1.491041,1.311873,-0.429088,0.089863,0.207022,0.050644,5.053502
188483436669,0.989333,-0.408790,-0.133989,0.183662,0.360709,0.013739,5.081181
188583480956,-0.331369,0.472004,0.316858,0.107355,0.351980,0.118375,5.066681
188683525243,-0.489959,-0.743203,0.245006,0.144625,0.226076,0.152476,4.984403
188783569530,-0.488901,0.715259,0.329191,0.125158,0.247446,-0.017010,5.043405
188883613817,-0.485777,2.066137,-0.031633,0.108747,0.241903,0.036113,5.121463
188983658104,-1.554102,0.034281,0.077283,0.104913,0.157165,-0.043710,5.204998
189083702391,-2.132893,0.296593,-0.421759,0.018761,0.222230,0.081268,5.306776
189183746678,-1.224903,-1.972840,0.058659,0.083917,0.303047,0.097922,5.294578
189283790965,-0.259536,0.599063,0.438066,0.094011,0.248508,0.044453,5.351732
189383835252,0.993147,0.318837,-0.600883,0.235837,0.378118,0.122953,5.420245
189483879539,-1.093086,1.348002,-0.044624,0.180457,0.351576,0.167892,5.456974
189583923826,0.406090,-0.104463,-0.254287,0.112411,0.308526,0.036431,5.611375
189683968113,-0.139789,2.306167,0.327760,0.315891,0.458611,0.199565,5.709740
189784012400,-1.005954,1.171103,-0.134224,0.088287,0.047436,0.050695,5.718855
189884056687,-0.143152,2.005139,0.009534,0.236727,0.382188,0.258971,5.870058
189984100974,-2.809255,2.502229,-0.672042,0.002728,-0.163375,-0.158341,5.984859
190084145261,-0.378382,-2.719865,-0.252885,0.302362,0.270494,0.063830,5.984983
190184189548,0.535472,1.140721,0.323594,-0.113561,-0.182020,-0.220851,6.187507
190284233835,-0.222465,-3.419408,-0.152727,-0.154316,0.113045,-0.040396,6.194757
190384278122,-1.694067,2.016393,-0.004722,-0.131925,-0.107439,-0.154054,6.335673
190484322409,-1.240573,-2.212275,-0.659261,-0.117224,-0.150525,-0.187172,6.427000
190584366696,0.260886,2.971308,-0.624720,0.016618,0.150700,-0.123109,6.437248
190684410983,-2.743195,1.386475,-0.318255,-0.099469,0.008859,-0.187905,6.552541
190784455270,-1.899332,0.563613,0.929124,0.096058,0.286158,0.094997,6.696349
190884499557,1.022598,1.452344,-0.481100,-0.044844,0.178678,-0.028642,6.700346
190984543844,-2.625518,-0.303783,0.178564,0.109624,0.123624,-0.044537,6.753542
191084588131,1.186843,0.960278,-0.325588,0.102288,0.174190,0.046916,6.772348
191184632418,-0.633364,2.494118,0.139973,-0.126433,0.011007,-0.095163,6.922936
191284676705,-0.102957,-0.586310,-0.430845,0.026426,0.102454,-0.069785,7.025268
191384720992,0.374294,0.772178,0.189042,-0.089225,0.082114,-0.108283,7.036536
191484765279,-0.345677,-0.119433,-0.849126,-0.022171,0.272939,0.239488,7.139478
191584809565,1.982541,-0.003060,-0.769127,0.084841,0.235463,0.134000,7.118242
191684853852,0.140461,0.746706,-0.350303,0.056742,0.167062,-0.074906,7.100033
191784898139,2.319733,-0.715516,-0.227232,0.107644,0.046714,-0.026161,7.003724
191884942426,0.588130,0.434370,0.332635,0.084277,0.088578,0.003777,7.051595
191984986713,1.885011,1.143527,0.816795,0.063499,0.104162,0.019294,7.022215
192085031000,0.826215,0.034346,0.390168,-0.031567,-0.039059,-0.052534,6.994687
192185075287,2.012636,-2.463068,0.834891,0.186580,0.243539,0.155384,6.895638
192285119574,-0.233410,2.279695,1.108355,0.263626,0.223499,0.149929,6.889292
192385163861,0.777137,-1.740312,0.614189,0.217148,0.041121,0.063312,6.793882
192485208148,1.587685,0.780997,-0.003624,0.216348,0.198430,0.157527,6.731737
192585252435,1.659065,0.437823,0.576611,0.060078,0.050890,0.052374,6.670369
192685296722,0.189925,2.379616,0.830246,0.193964,0.178740,0.122534,6.687411
192785341009,0.623638,-0.718130,0.365296,0.016473,0.019427,-0.030096,6.676536
192885385296,0.730548,-1.748007,-0.028407,0.107409,0.188352,0.180900,6.518535
192985429583,1.921091,-2.486981,0.226324,0.026674,0.014070,0.053804,6.447569
193085473870,0.649539,0.582552,0.257950,0.145187,0.208684,0.193001,6.416020
193185518157,-0.208279,1.963790,0.510090,0.007951,-0.110231,-0.056062,6.371798
193285562444,0.138449,0.832911,0.690145,0.150836,0.111115,0.123675,6.287043
193385606731,0.489835,-0.305434,0.677388,0.092865,-0.140636,-0.037199,6.274840
193485651018,0.674591,-2.047540,0.273767,0.169520,0.052974,0.093989,6.384681
193585695305,1.241904,0.436864,0.313541,-0.069523,-0.233580,-0.164037,6.225714
193685739592,0.925456,-2.470869,0.334278,0.022704,-0.081988,-0.027431,6.304953
193785783879,0.439689,0.496978,0.453053,-0.050596,-0.208031,-0.111213,6.365947
193885828166,0.610510,-1.926084,0.196401,-0.029008,-0.222357,-0.061882,6.287227
193985872453,-0.326919,1.139788,0.057968,0.006384,-0.068891,-0.012582,6.340799
194085916740,-0.298447,-0.143800,-0.538152,-0.061034,-0.260670,-0.122143,6.321158
194185961027,-0.083589,0.442909,-0.120938,-0.019511,0.005589,0.066771,6.333303
194286005314,-0.404901,-0.265738,0.280907,0.010583,-0.094983,-0.028264,6.346384
194386049601,-0.204244,-1.357541,0.803951,0.017152,-0.053730,0.053067,6.433149
194486093888,1.222132,-1.732885,0.191823,0.050284,-0.164949,-0.062561,6.404854
194586138175,0.337865,-1.731511,-0.227629,-0.040789,-0.169438,-0.030514,6.386810
194686182462,1.033885,-2.132317,-0.199203,-0.041633,-0.132143,0.037209,6.490095
194786226749,0.771381,-3.227521,0.508986,-0.113709,-0.209716,-0.002724,6.516525
194886271036,1.439290,-2.464747,0.170315,-0.031642,-0.174439,0.090495,6.532674
194986315323,1.971342,-2.387269,-1.176862,-0.069816,-0.262446,0.011872,6.550585
195086359610,1.409472,-2.098306,0.072923,-0.109660,-0.261859,0.065817,6.540102
195186403897,3.447634,-5.274480,0.529269,-0.199164,-0.248259,0.071674,6.582938
195286448184,1.188150,-2.308313,0.243947,-0.125091,-0.108874,0.241854,6.593362
195386492471,1.152866,-2.112386,0.617356,-0.237956,-0.488359,0.060960,6.695277
195486536758,2.705656,-1.154496,0.145158,-0.060188,-0.332458,0.041487,6.582027
195586581045,1.460995,-1.427558,-0.856404,-0.256689,-0.467430,-0.136525,6.628564
195686625332,2.315584,-2.834128,0.961304,-0.366789,-0.504662,-0.002337,6.643220
195786669619,2.463292,-4.019855,0.409021,-0.196085,-0.395868,-0.024880,6.751504
195886713906,2.025885,-4.472574,-0.217344,-0.241657,-0.486086,-0.071076,6.664721
195986758193,3.149924,-3.308323,-0.326093,-0.128713,-0.485647,-0.051578,6.730586
196086802480,3.225526,-0.352987,0.619886,-0.038242,-0.336857,0.035875,6.697002
196186846767,1.112381,-3.376091,0.004552,-0.249655,-0.616907,-0.127550,6.848978
196286891054,3.744184,-3.656828,0.396864,-0.220368,-0.520255,-0.061726,6.893813
196386935341,1.866258,-2.432262,0.328340,-0.256364,-0.514620,-0.061845,7.100518
196486979627,1.991513,-3.822975,-0.359821,-0.316464,-0.405313,0.025771,7.037125
196587023914,0.794364,-1.486312,0.821775,-0.207045,-0.412295,-0.009982,7.170029
196687068201,2.032184,-1.780276,-0.037850,-0.101511,-0.372038,-0.181379,7.380109
196787112488,1.348549,-1.031145,-0.540713,-0.083409,-0.263729,-0.061986,7.341753
196887156775,0.934316,-1.035050,-0.050066,-0.188087,-0.316170,-0.052513,7.491490
196987201062,-0.783317,-0.046590,-0.104932,-0.126771,-0.080500,0.134884,7.565625
197087245349,0.364779,-1.745201,0.401900,-0.121288,-0.388507,-0.153674,7.815646
197187289636,2.240240,-2.845740,0.032478,0.103137,0.009846,0.094702,7.796070
197287333923,1.441614,-1.851187,0.149584,-0.124451,-0.222911,-0.117305,7.939920
197387378210,0.402118,-1.465120,0.530492,-0.048406,0.130077,0.099956,7.968983
197487422497,-2.178465,-0.261833,-1.047996,-0.036030,-0.141276,-0.039512,8.019782
197587466784,-0.276412,-0.551907,-0.574268,0.114169,0.284140,0.189905,8.209896
197687511071,-2.971347,1.927924,0.123589,0.057511,0.127179,0.047566,8.302474
197787555358,2.115614,-0.917566,-0.132510,0.135861,0.307946,0.184931,8.311944
197887599645,-1.669795,-0.419570,0.318786,0.159708,0.188288,0.138154,8.463540
197987643932,2.079366,-1.080601,-0.182578,-0.000603,0.113810,0.047915,8.367655
198087688219,-0.376818,1.273770,0.317398,0.150603,0.115752,0.084893,8.479964
198187732506,2.001223,-1.016673,-0.420648,-0.019660,-0.030409,0.073105,8.373524
198287776793,2.488606,1.431942,-0.698636,-0.059506,0.137010,0.033291,8.504356
198387821080,2.224275,0.435711,-0.250934,-0.128923,-0.150535,0.003791,8.390585
198487865367,1.841892,0.542571,0.150106,-0.063360,-0.124148,-0.030954,8.076863
198587909654,0.452492,0.356270,0.677108,-0.045557,-0.158004,-0.105026,8.227559
198687953941,2.205972,0.522103,0.034749,-0.019966,-0.228872,0.023148,8.104367
198787998228,0.854348,1.518768,-0.081138,-0.090938,-0.115972,-0.065426,8.303884
198888042515,1.330677,0.705673,0.064829,-0.106250,-0.253808,-0.110337,7.999327
198988086802,1.820006,0.397299,-0.030437,0.030211,-0.099356,0.035410,8.047359
199088131089,2.075016,0.753126,0.034750,-0.051371,-0.190772,-0.044819,8.003694
199188175376,1.620692,1.284001,-0.441912,-0.011415,-0.071338,0.075462,7.668882
199288219663,0.631871,0.373053,0.827535,-0.001903,-0.149646,-0.101671,7.564226
199388263950,1.734984,0.349589,-0.088445,-0.056025,-0.053363,0.012404,7.518844
199488308237,0.903633,0.910175,-0.748859,-0.110241,-0.199838,-0.103523,7.375294
199588352524,0.814360,1.676438,-0.456751,0.041362,0.064915,0.059388,7.189075
199688396811,0.013251,2.563260,0.034216,-0.109080,-0.133312,0.063675,7.144845
199788441098,2.642773,0.405380,-0.169764,0.030069,0.164697,0.110688,7.223261
199888485385,0.222524,1.457544,0.110483,-0.008618,-0.062304,0.102546,6.925173
199988529672,3.336243,2.872088,-0.427613,0.125739,0.192358,0.239363,6.777781
200088573959,-0.631453,2.668119,-0.692979,0.065392,0.099965,0.150453,6.607162
200188618246,2.268418,1.978524,-0.121297,0.135953,0.186705,0.182659,6.427432
200288662533,-1.755197,3.918149,0.421128,0.094381,0.291643,0.168642,6.229619
200388706820,-0.688377,4.417923,0.162300,-0.053450,0.009277,-0.020882,5.986163
200488751107,-0.738681,3.162636,-0.003134,0.104227,0.137001,0.084919,5.731740
200588795394,1.137848,3.870354,-0.420840,-0.050098,-0.098677,-0.077190,5.414471
200688839681,2.288928,3.212820,-0.133131,0.018974,-0.014481,0.042349,4.922259
200788883968,0.117364,3.496545,0.035921,-0.093102,-0.148539,-0.078314,4.846236
200888928255,1.766432,2.505213,0.056912,-0.029371,-0.079496,-0.055444,4.528194
200988972542,-0.792776,2.959363,0.041498,0.018599,0.085393,0.028629,3.905377
201089016829,1.008467,2.256404,-0.159358,-0.079635,-0.169413,-0.090324,3.754671
201189061116,-1.035447,2.586228,-0.147974,-0.050008,-0.033400,-0.026598,3.428833
201289105403,1.336749,1.214686,-0.050447,-0.140907,-0.173074,-0.135547,3.417722
201389149689,1.475509,0.410241,-0.135063,0.040467,0.072173,0.021779,3.069713
201489193976,1.047195,0.628734,-0.111526,-0.054950,-0.054918,-0.031816,2.391933
201589238263,0.821850,0.271436,0.034876,0.103302,0.139784,0.069979,2.203452
201689282550,-1.411137,1.043417,0.200195,0.012885,0.010645,0.009911,2.084597
201789326837,0.841526,0.650392,-0.218646,0.099317,0.150508,0.087606,1.917359
201889371124,-0.658766,0.918969,-0.154578,0.048952,0.135046,0.069634,1.848990
201989415411,1.374528,0.185608,0.064585,0.064440,0.075331,0.059720,1.636407
202089459698,0.178021,0.568553,-0.026768,0.066355,0.121346,0.070864,1.652201
202189503985,1.145648,0.165176,-0.291841,0.012461,0.022912,-0.003323,1.472715
202289548272,0.107722,1.001999,0.023258,0.067279,0.069017,0.023575,1.613044
202389592559,-0.645858,0.892660,0.022221,-0.022540,-0.055137,-0.064285,1.329072
202489636846,-0.166362,0.804718,-0.021132,0.035733,0.030599,0.033416,1.323519
202589681133,-0.357634,0.924338,0.000852,-0.041981,-0.091440,-0.053532,1.196907
202689725420,0.877989,0.603508,-0.112761,0.003860,-0.010970,0.009462,1.140820
202789769707,-0.207022,0.957921,-0.077113,-0.032260,-0.083537,-0.045618,0.911687
202889813994,1.025880,0.725116,-0.178585,-0.041483,-0.065215,-0.052914,1.068234
202989858281,0.130390,0.888699,-0.034792,-0.020666,-0.048246,-0.032447,0.908424
203089902568,0.904295,0.863572,-0.081412,-0.026935,-0.066192,-0.049512,0.654309
203189946855,-0.675977,1.006165,0.011569,0.038202,0.063564,0.053410,0.770222
203289991142,-0.315109,0.730605,0.002844,-0.018963,-0.013102,-0.004687,0.513388
203390035429,-0.312040,0.703403,0.103463,0.025135,0.015774,0.027011,0.274974
203490079716,-0.198418,0.389866,-0.120164,-0.003438,-0.019546,-0.024713,0.344777
203590124003,0.218594,-0.217973,-0.099060,-0.000846,0.007091,0.006572,0.232331
203690168290,-0.168102,-0.457033,-0.048723,-0.029852,-0.027322,-0.023275,0.140493
203790212577,-0.126269,-0.548820,0.005936,-0.025547,0.001113,-0.000269,0.067042
203890256864,-0.320867,-0.232428,0.012027,-0.006905,-0.030756,-0.005768,0.014872
203990301151,-0.008166,-0.064099,-0.117120,-0.006847,-0.011146,-0.015183,0.038094
204090345438,-0.384250,-0.350473,-0.073579,-0.004994,-0.009615,-0.000771,0.041864
204190389725,-0.058398,-0.247510,-0.051472,-0.009048,-0.021357,-0.003821,0.032152
204290434012,-0.092407,-0.209105,0.022011,-0.000984,0.008473,-0.004488,0.033623
204390478299,-0.036004,-0.297331,-0.075951,0.000579,-0.012070,-0.009310,0.019563
204490522586,-0.110634,-0.181541,0.030658,-0.005757,0.001409,-0.005374,0.023336
204590566873,-0.258523,-0.362069,-0.056045,-0.008974,-0.014629,0.006977,0.015839
204690611160,-0.151339,-0.283743,-0.057782,0.005266,0.012297,-0.004874,0.016007
204790655447,-0.162712,-0.332547,-0.066310,-0.001718,0.003396,0.002255,0.007801
204890699734,-0.242067,-0.442093,-0.016175,-0.007073,-0.001052,0.001694,0.005181
204990744021,-0.305651,-0.245342,-0.037030,0.004788,0.014594,0.004302,0.006008
205090788308,-0.212754,-0.394872,-0.028686,-0.010331,-0.011949,-0.004754,0.007876
205190832595,-0.032101,-0.315399,-0.011947,-0.008748,0.000397,0.006409,0.015373
205290876882,-0.212109,-0.418740,-0.008633,-0.004620,-0.013987,-0.014120,0.016111
205390921169,-0.063192,-0.364266,-0.043621,-0.013853,-0.023225,0.004025,0.007777
205490965456,-0.300849,-0.529058,-0.061308,-0.000173,-0.011428,-0.008831,0.006186
205591009743,-0.006634,-0.424686,-0.012369,-0.005816,-0.005711,-0.015751,0.005100
205691054030,-0.271204,-0.416695,-0.051920,-0.003864,-0.013084,0.005344,0.008541
205791098317,-0.075308,-0.356114,-0.020815,-0.004653,-0.024750,-0.017086,0.007118
205891142604,-0.163777,-0.570468,-0.036702,0.005491,0.007600,0.008637,0.021629
205991186891,-0.164754,-0.446893,-0.061172,0.001341,0.006761,-0.001149,0.013937
206091231178,-0.108101,-0.338390,-0.002824,-0.000555,0.007769,0.006545,0.017617
206191275465,-0.255566,-0.659721,-0.054534,-0.006229,-0.001465,0.000378,0.028958
206291319751,-0.291021,-0.527694,-0.033886,-0.001229,-0.014517,0.009065,0.012751
206391364038,-0.097181,-0.445718,-0.028964,0.002187,-0.011597,-0.010909,0.008319
206491408325,-0.136053,-0.601882,-0.044700,0.009772,0.012581,0.007261,0.017958
206591452612,-0.205318,-0.579126,-0.065646,0.006694,0.016739,-0.010162,0.028034
206691496899,-0.147253,-0.425719,-0.007310,-0.006731,0.006225,0.002726,0.028126
206791541186,-0.197115,-0.660283,-0.043592,-0.005258,0.005640,0.006275,0.037210
206891585473,-0.190353,-0.632217,-0.041537,-0.004995,-0.018698,0.010195,0.010580
206991629760,-0.195207,-0.641997,-0.079251,0.004368,-0.010372,0.000902,0.014419
207091674047,-0.217518,-0.687899,-0.002447,0.001525,0.002240,0.010593,0.004814
207191718334,-0.210090,-0.669090,-0.005345,-0.008377,-0.017278,0.007506,0.012296
207291762621,-0.167987,-0.625402,-0.068612,0.009230,-0.007503,0.005063,0.010252
207391806908,-0.136399,-0.460541,0.006684,0.002029,0.001891,0.007829,0.007195
207491851195,-0.282083,-0.649650,-0.005183,0.013198,0.019567,-0.003796,0.029142
207591895482,-0.201166,-0.719142,-0.102742,-0.009496,0.004152,0.000165,0.010690
207691939769,-0.176744,-0.733055,-0.016304,-0.001047,0.010366,-0.003160,0.021914
207791984056,-0.196243,-0.685738,-0.027768,-0.014776,-0.022093,0.003502,0.023822
207892028343,-0.106684,-0.679308,-0.053360,-0.005412,-0.015145,-0.000268,0.014686
207992072630,-0.270191,-0.601280,0.002250,-0.001479,-0.026958,0.012188,0.011331
208092116917,-0.202376,-0.780277,-0.047100,0.008893,0.001747,-0.012308,0.038746
208192161204,-0.283922,-0.759728,-0.054211,0.006056,-0.000056,0.000086,0.006807
208292205491,-0.179398,-0.535005,0.002856,0.003124,0.008855,-0.019232,0.025147
208392249778,-0.350562,-0.658630,0.013466,-0.002408,0.000922,-0.013465,0.018744
208492294065,-0.128920,-0.798128,-0.116700,-0.012144,0.004199,-0.015495,0.028054
208592338352,-0.097258,-0.474066,-0.004800,0.004111,0.003101,0.004894,0.047357
208692382639,-0.025569,-0.618507,-0.030623,-0.008609,-0.003966,-0.001348,0.063773
208792426926,-0.018497,-0.684083,-0.102489,0.014292,-0.004370,0.011665,0.095552
208892471213,-0.222429,-0.537006,0.065046,0.004008,-0.013410,-0.007088,0.038720
208992515500,-0.103319,-0.391049,0.034708,0.012901,0.022840,-0.016253,0.122807
209092559787,-0.326264,-0.606068,-0.000946,0.005155,0.011363,0.009827,0.039240
209192604074,-0.072677,-0.665000,-0.090117,0.005020,0.024136,-0.008414,0.039404
209292648361,-0.143175,-0.562477,-0.070874,-0.005307,0.008047,0.002737,0.045662
209392692648,-0.199223,-0.593333,0.036222,-0.018518,-0.006870,-0.008945,0.024740
209492736935,-0.161267,-0.588364,-0.092038,-0.001654,-0.008228,0.015377,0.012751
209592781222,-0.237600,-0.811923,0.016755,0.002684,-0.000179,-0.005933,0.039779
209692825509,-0.002846,-0.948279,-0.039333,-0.005842,-0.002844,-0.008990,0.026216
209792869796,-0.343198,-1.096569,-0.035404,-0.018326,-0.014913,-0.007581,0.029643
209892914083,-0.176378,-0.940139,-0.040061,-0.012366,0.001155,-0.006009,0.022515
209992958370,-0.356150,-0.937088,-0.009141,-0.017305,-0.031414,-0.004507,0.018329
210093002657,-0.146554,-0.735791,0.008680,-0.016710,-0.012792,-0.012763,0.080316
210193046944,-0.457312,-0.856695,0.032220,0.000072,-0.023659,-0.014201,0.110071
210293091231,-0.101826,-0.987785,-0.005651,-0.015824,-0.027158,-0.019998,0.123064
210393135518,0.111814,-0.946112,-0.081288,0.006690,-0.007917,0.003598,0.160367
210493179805,-0.047943,-1.023825,-0.043443,-0.023596,-0.018414,-0.010919,0.210422
210593224092,-0.223725,-1.122925,-0.027667,0.007090,-0.004448,0.005557,0.243928
210693268379,-0.177877,-1.104420,0.013892,-0.016165,-0.021607,-0.020039,0.253365
210793312666,0.096894,-1.174451,-0.118768,-0.007387,-0.012196,0.003202,0.281883
210893356953,0.135191,-1.149435,-0.081931,-0.028970,-0.052269,-0.011737,0.363242
210993401240,-0.181454,-0.943134,0.032188,-0.028555,-0.032663,0.008114,0.434270
211093445527,-0.272969,-0.971783,-0.005990,-0.046311,-0.051591,-0.013259,0.335320
211193489813,-0.104335,-0.989801,-0.052660,-0.027499,-0.014010,0.007299,0.523345
211293534100,-0.346062,-1.078355,0.117814,-0.000811,-0.046179,0.011133,0.578255
211393578387,-0.028222,-1.671318,-0.071215,-0.012238,-0.029111,0.022949,0.557717
211493622674,-0.214343,-1.457687,-0.001555,-0.014200,-0.023167,-0.012718,0.665598
211593666961,0.315042,-2.173679,-0.058687,-0.047279,-0.040538,0.010672,0.790139
211693711248,0.123112,-1.823324,0.029472,-0.040639,-0.022429,0.009208,0.812893
211793755535,0.113140,-3.632503,0.065571,-0.056491,-0.104131,-0.029992,0.896446
211893799822,0.067623,-3.152921,0.096475,-0.053462,-0.067783,0.026244,1.026750
211993844109,-0.099502,-2.022728,-0.038105,-0.066876,-0.123718,-0.018825,1.150480
212093888396,-0.403834,-3.431894,0.286911,-0.042628,-0.114464,-0.028082,1.267853
212193932683,-0.233527,-2.397087,-0.216841,-0.104796,-0.147147,-0.023976,1.466518
212293976970,0.536412,-1.572186,-0.454950,-0.082835,-0.121882,-0.012396,1.749595
212394021257,-0.343575,-1.591598,-0.008557,-0.070281,-0.128931,0.007305,1.801680
212494065544,0.034072,-2.704377,0.243558,-0.043305,-0.134242,-0.016160,2.041927
212594109831,0.077791,0.299473,-0.250172,-0.051227,-0.086998,0.009075,2.336398
212694154118,0.612005,-2.046480,0.095673,-0.090151,-0.117358,-0.071840,2.534874
212794198405,-0.240628,-1.362566,-0.037334,-0.008215,0.013752,0.014199,2.734508
212894242692,-1.540982,-2.038890,-0.011535,-0.030118,-0.092245,-0.013094,2.941141
212994286979,-0.021817,-1.213385,0.106893,0.080632,0.123767,0.172190,2.955937
213094331266,-0.066721,-1.174613,-0.021701,0.010398,0.011488,0.025725,3.202158
213194375553,0.971151,-0.875248,0.030343,0.075866,0.131771,0.119249,3.379218
213294419840,-1.771088,-0.844486,0.065804,0.062266,0.081654,0.051738,3.466523
213394464127,-0.276135,-1.423779,-0.134546,0.053681,0.073193,0.031505,3.640097
213494508414,-0.989953,-1.250649,-0.191662,0.060156,0.117893,0.087017,3.641599
213594552701,0.803636,-0.582360,0.126854,-0.002254,0.000172,0.047005,3.817872
213694596988,0.163527,-1.496934,0.123076,0.050676,0.006498,0.015210,3.877193
213794641275,0.290746,-1.355067,-0.180686,0.013491,0.006375,-0.003390,4.024854
213894685562,-0.418625,-0.809278,-0.183861,0.032488,0.075844,0.027500,4.034897
213994729849,-1.610142,-2.907673,0.333811,-0.023945,-0.094624,-0.092737,4.224460
214094774136,-0.868953,-2.636688,0.315397,0.041698,0.022689,0.012160,4.279491
214194818423,-0.685489,-0.379691,-0.061369,-0.055030,-0.062155,-0.055677,4.316184
214294862710,0.354489,-3.147467,0.167913,0.008220,-0.035555,-0.021701,4.477478
214394906997,-1.350690,-2.136883,0.080620,-0.063138,-0.222390,-0.160006,4.600000
214494951284,1.254282,-1.783803,0.098269,-0.059315,-0.116555,-0.109632,4.686820
214594995571,-1.505703,-1.846794,0.469777,-0.067832,-0.148880,-0.148319,4.816452
214695039858,0.907662,-0.694803,-0.204240,-0.047312,-0.087087,-0.064397,4.860016
214795084145,-0.783524,-1.036359,0.101886,-0.061124,0.044404,0.020802,4.953331
214895128432,-0.969056,-1.013311,-0.487242,-0.071839,-0.042934,-0.014341,5.020682
214995172719,-1.170167,-0.935697,0.306253,0.069833,0.158438,0.074840,5.212384
215095217006,-0.834102,-0.929825,-0.295271,-0.090903,-0.057618,-0.076386,5.284893
215195261293,0.831902,-1.040437,0.145093,0.012896,0.106579,0.025924,5.285145
215295305580,2.670586,-1.019508,-1.265945,-0.078590,-0.082336,-0.087347,5.337418
215395349867,0.597481,-0.289421,-0.282274,0.030600,0.194094,0.163644,5.483025
215495394154,-2.840266,-1.258466,0.285251,-0.000602,0.009851,0.076633,5.494770
215595438441,-2.054508,-1.516218,0.947056,0.056283,0.086594,0.039152,5.656185
215695482728,-1.154585,-0.482882,0.258456,0.087276,0.083102,-0.040445,5.660176
215795527015,-1.086376,-1.505513,-0.556550,0.099186,0.009903,-0.073817,5.678044
215895571302,-1.051646,-0.367137,-1.085367,-0.014556,0.202639,0.157994,5.740214
215995615589,1.227385,-1.905504,0.554183,0.113843,0.160873,0.135764,5.902680
216095659875,0.131171,-2.343245,-0.039134,0.190904,0.258748,0.122243,5.956767
216195704162,1.710063,-0.956975,-1.300098,0.038532,0.014118,-0.043304,6.030667
216295748449,-0.823094,0.717052,-0.647847,0.145548,0.166231,0.137058,6.070326
216395792736,-0.510657,-1.746791,-0.314030,0.108190,0.136191,0.038930,6.183170
216495837023,-2.824339,-0.889680,1.056730,0.179786,0.377954,0.248673,6.342193
216595881310,0.379031,-1.375567,0.606604,0.154195,0.249560,0.243948,6.398960
216695925597,0.714250,-0.818069,-0.444869,0.099291,0.155885,0.128187,6.460532
216795969884,-0.029536,-1.011503,0.984579,-0.059396,-0.157250,-0.121154,6.537965
216896014171,0.673484,-0.530020,-0.030096,0.092631,0.038008,0.085032,6.542978
216996058458,-2.087526,0.121037,0.111606,-0.143321,-0.228979,-0.119283,6.649520
217096102745,2.087972,0.018318,0.119555,-0.074382,-0.269735,-0.201746,6.749191
217196147032,-3.611206,-0.878874,-0.366582,-0.157447,-0.298643,-0.223118,6.837718
217296191319,-0.666147,0.452192,0.163420,-0.121556,-0.134759,-0.112568,6.812254
217396235606,-1.354725,-1.094147,0.833263,-0.056653,-0.016565,-0.026565,6.839982
217496279893,-0.174356,-2.416081,0.811711,0.028672,0.024379,-0.025706,6.865181
217596324180,1.954335,-1.414583,0.070498,0.088135,0.131459,0.114962,6.883235
217696368467,1.081284,-0.278205,-1.370852,0.008163,0.036214,0.016852,6.769317
217796412754,-1.088989,-1.592499,0.411541,-0.114016,-0.207790,-0.149170,6.932651
217896457041,1.587423,-1.001363,-0.270196,-0.275045,-0.164594,-0.092626,7.006409
217996501328,-0.168261,-1.762586,-0.293526,-0.180089,-0.135804,-0.119874,7.070811
218096545615,2.703294,-2.236911,0.314423,-0.175699,-0.326508,-0.195659,7.097192
218196589902,-1.639941,-1.367628,-0.055723,0.140241,0.099242,0.019591,7.103690
218296634189,-4.463329,-1.519272,0.185721,-0.096836,-0.184209,-0.119993,7.135832
218396678476,-1.973691,-1.064442,-0.156084,0.212946,0.375294,0.371011,7.230669
218496722763,-3.215476,-0.214854,0.505509,0.108405,-0.025030,0.050105,7.336522
218596767050,4.109029,0.235344,0.596694,0.238046,0.526838,0.254383,7.482194
218696811337,-0.376247,0.030466,1.918038,0.293628,0.241406,0.270091,7.586714
218796855624,1.475144,-1.596634,-2.449470,0.379643,0.361944,0.323607,7.612331
218896899911,-1.717929,0.361564,-0.260898,0.064028,0.289248,-0.046716,7.695420
218996944198,4.359485,-0.735418,-0.168450,0.095937,0.454023,0.393966,7.742488
219096988485,-3.474344,-3.163829,0.740331,0.102151,0.309354,-0.004964,7.878865
219197032772,-3.147205,-1.131793,0.611284,-0.031986,-0.089895,-0.147186,7.937232
219297077059,0.202643,2.025935,0.066797,0.225751,0.069846,-0.007833,7.831295
219397121346,-1.534031,-1.549061,-0.891969,0.208104,0.068838,0.082923,7.959979
219497165633,-4.470579,0.818763,0.626794,0.049073,-0.031352,-0.096285,8.091284
219597209920,-3.167598,-1.889671,0.042010,0.117543,0.193536,0.112162,8.267008
219697254207,-1.381493,-2.255065,-0.290493,-0.150625,0.031181,-0.080618,8.289504
219797298494,-0.691503,0.149152,1.149289,0.083027,0.387079,0.127453,8.435948
219897342781,-5.449878,0.326071,0.396905,0.379775,0.499314,0.457685,8.373753
219997387068,2.298966,-1.541090,-0.117071,0.011923,0.045721,0.059788,8.329202
220097431355,3.241976,-1.107240,1.008209,0.144522,0.251989,-0.024543,8.485840
220197475642,-0.427808,-0.459239,-0.363051,-0.153728,-0.132073,-0.309485,8.693616
220297519929,1.321391,1.611166,0.379331,0.092546,-0.026583,0.086960,8.688324
220397564216,0.616955,-2.956382,0.005305,0.233886,0.186808,0.137565,8.810011
220497608503,-0.040029,-0.700509,0.418232,0.075744,0.047366,-0.052482,8.646037
220597652790,0.136561,-1.259873,0.531493,0.144527,0.265414,0.029107,8.825586
220697697077,-0.303954,-1.549008,-1.530846,0.131691,0.149435,0.282991,8.916842
220797741364,-2.954111,0.133052,-1.151215,-0.039976,-0.200192,-0.009619,8.947397
220897785651,-0.849892,-0.152471,-0.031457,-0.014181,-0.025350,-0.089267,8.984182
220997829937,-2.070920,-1.769954,-2.453446,0.113154,0.056115,0.085824,9.315720
221097874224,-3.784264,-0.170414,-1.703951,0.004140,0.403250,0.011306,9.409239
221197918511,0.865973,-0.160883,0.827929,-0.158403,-0.109898,-0.158540,8.984078
221297962798,5.324392,0.391082,2.228962,0.084024,0.287989,0.126617,9.202219
221398007085,5.975716,-0.604559,1.985895,-0.067866,-0.294948,-0.263773,9.342249
221498051372,3.490919,-0.473354,-0.369120,0.042250,0.074961,0.095967,9.295974
221598095659,-4.458784,2.097027,-0.991785,-0.302594,-0.655757,-0.468713,9.326336
221698139946,2.139714,-1.155123,-1.646903,-0.281961,-0.234352,-0.357310,9.531130
221798184233,-5.111608,0.318383,-0.082133,-0.092477,-0.346181,-0.161829,9.692095
221898228520,-4.410744,0.522481,0.958321,-0.170074,-0.303574,-0.271165,9.313000
221998272807,0.463573,0.965742,0.369187,0.178173,0.341889,0.084240,9.484913
222098317094,-3.349262,1.925073,1.051780,0.038769,0.114625,0.204209,9.188188
222198361381,2.849502,-1.038084,-0.764522,0.396492,0.724344,0.359374,9.271581
222298405668,-4.163542,0.298630,-0.605844,0.354868,0.710216,0.338088,9.139115
222398449955,8.780756,-2.588154,-1.166223,0.541681,0.746937,0.387249,9.307318
222498494242,3.699678,-1.198305,-0.293372,0.788278,1.166604,0.872229,9.294131
222598538529,10.046153,-1.082572,-0.871710,0.236575,0.547223,0.262566,9.261590
222698582816,-6.205402,2.320425,0.278833,0.741206,1.282140,0.960140,9.229346
222798627103,-7.159555,1.940037,0.159730,0.115020,0.113866,0.176468,9.307791
222898671390,-12.208759,2.735512,0.404516,0.545497,1.054532,0.566823,9.229130
222998715677,-1.225680,1.027275,0.955853,-0.444297,-0.770110,-0.605562,9.020753
223098759964,10.913919,-2.684176,-0.242186,0.244996,0.433342,0.398581,9.137391
223198804251,4.810374,-1.271798,-0.927486,-0.619511,-1.260276,-0.762592,8.993702
223298848538,9.437671,0.622248,-1.307648,-0.299935,-0.240521,-0.220729,9.017755
223398892825,-10.490339,2.114526,-0.941060,-0.624742,-1.172968,-0.913919,8.982344
223498937112,0.545163,-0.105866,-1.117703,-0.258188,-0.446919,-0.201203,8.900871
223598981399,-7.008342,1.463210,-0.953586,-0.347097,-0.953473,-0.753577,9.002831
223699025686,6.259535,-1.356489,0.218859,-0.167955,-0.637376,-0.561595,8.924668
223799069973,-2.926981,0.285643,0.743987,-0.468417,-0.977242,-0.766537,8.759598
223899114260,7.096738,-1.096834,-1.390394,-0.484740,-0.739365,-0.469183,8.689502
223999158547,-8.415328,2.739419,0.988063,-0.509894,-0.761543,-0.442658,8.856632
224099202834,-4.513202,0.429351,-0.046485,-0.571735,-1.026284,-0.799093,8.597097
224199247121,-7.213091,1.633351,-0.040847,-0.066338,-0.035803,-0.030262,8.683220
224299291408,-0.277445,0.604640,1.383215,-0.271658,-0.633826,-0.453505,8.595630
224399335695,8.610163,-0.084619,-0.189933,0.295858,0.458191,0.310994,8.571270
224499379982,6.218167,-1.163095,-0.052364,-0.083549,-0.377782,-0.129388,8.429771
224599424269,4.433827,-1.994693,-0.583559,0.486265,0.766205,0.631048,8.303780
224699468556,-5.892210,2.905403,0.229364,0.011565,0.308824,0.184060,8.520781
224799512843,6.647954,-0.499410,0.589081,0.576762,1.196659,0.739736,8.410545
224899557130,-9.684291,1.166075,0.071751,0.469060,0.980408,0.740548,8.239647
224999601417,-1.842288,0.586233,0.082026,-0.043214,0.042818,0.075694,8.095574
225099645704,8.554261,-3.754781,-3.242898,0.333017,0.476098,0.192875,8.181636
225199689991,3.926380,-1.560697,-0.368098,-0.589956,-0.688164,-0.491136,8.186929
225299734278,4.726454,0.806370,-0.457840,-0.127783,-0.115438,0.126219,7.994402
225399778565,-3.545418,2.786167,-2.434746,-0.166224,-0.407760,-0.257326,8.154643
225499822852,0.683212,0.084890,-0.388226,-0.180842,-0.137876,0.002944,8.077083
225599867139,-1.246080,-0.777733,-0.094481,-0.286443,-0.317960,-0.134050,8.023127
225699911426,1.419722,-0.751640,0.505656,-0.180762,-0.453436,-0.262885,8.151830
225799955713,2.120340,-1.026980,0.541617,-0.095886,-0.103858,-0.001610,8.048102
225899999999,4.072938,1.386738,-1.681018,-0.234694,-0.379944,-0.501342,7.893889
226000044286,-7.130446,1.347106,0.540911,-0.236444,-0.434492,-0.473737,7.928907
226100088573,0.045109,0.725281,-0.959915,-0.135693,-0.512122,-0.163087,7.968878
226200132860,-5.184711,2.665285,-0.938182,-0.014027,0.213207,0.164012,7.955959
226300177147,0.101249,1.474103,0.094541,0.030236,-0.001759,-0.089083,7.842212
226400221434,10.058667,-2.763914,-2.196014,0.815771,1.027644,0.736833,7.992557
226500265721,-0.496089,1.834031,1.112593,0.403092,0.439230,0.137968,7.768270
226600310008,8.225908,-1.375196,-1.218378,0.651928,0.934461,0.579032,7.848873
226700354295,1.859001,2.398717,0.447638,0.429237,0.708552,0.445142,7.843765
226800398582,3.467297,-0.298387,-0.124423,0.004964,-0.013217,-0.045534,7.809770
226900442869,-0.297274,-0.489849,-0.001721,0.100482,0.193357,0.105690,8.029637
227000487156,-3.650557,0.983265,0.334023,-0.162267,-0.259230,-0.219134,7.948460
227100531443,-0.708595,0.139948,0.129465,-0.014851,-0.016532,-0.089607,8.030606
227200575730,-2.314070,0.063139,0.058937,-0.176148,-0.287043,-0.208591,7.936767
227300620017,1.618328,0.348798,0.188092,-0.092117,-0.073706,-0.118054,8.051128
227400664304,-1.416446,1.390839,0.261120,-0.123852,-0.174719,-0.151045,8.230345
227500708591,1.353182,-0.498686,-0.452411,-0.085343,-0.139278,-0.090589,7.990416
227600752878,0.684061,0.596026,0.054018,-0.005386,0.038028,-0.004666,7.891738
227700797165,0.474597,0.134816,0.274948,-0.002764,-0.025912,-0.033652,7.719276
227800841452,1.018920,-0.690118,0.020841,0.099649,0.250622,0.135003,7.870092
227900885739,-1.226418,0.480847,-0.248820,0.072019,0.139885,0.083962,7.749291
228000930026,0.426071,-0.125076,-0.237487,0.161414,0.227718,0.154424,7.668866
228100974313,-1.795288,0.398818,0.371915,0.172917,0.295377,0.117036,7.550394
228201018600,-1.451733,0.355298,0.355546,0.080695,0.115875,0.076030,7.787402
228301062887,-1.919584,0.183067,0.005039,0.167595,0.263317,0.110150,7.721775
228401107174,1.162919,0.449523,-0.244928,-0.024652,0.022952,-0.069891,7.525886
228501151461,3.131404,-0.883390,-0.591894,0.119367,0.294982,0.273744,7.604149
228601195748,2.419359,0.686699,-0.252208,-0.242442,-0.179075,-0.124806,7.531553
228701240035,0.664026,-0.095672,-0.402420,0.023961,0.069185,0.070985,7.566977
228801284322,-2.936331,1.203666,0.544627,-0.205366,-0.273716,-0.151637,7.479195
228901328609,0.186571,0.213562,0.549890,-0.049250,-0.139989,-0.177243,7.332184
229001372896,-3.866556,1.138182,0.008350,-0.172238,-0.356679,-0.241094,7.349314
229101417183,-0.105357,0.698643,0.076756,-0.102901,-0.284139,-0.243397,7.300354
229201461470,-4.137926,2.252847,0.141080,0.025032,-0.008132,-0.073270,7.324415
229301505757,0.127611,0.846051,-0.062170,-0.130476,-0.202433,-0.162823,7.283691
229401550044,2.704075,-0.225504,-0.285472,0.132620,0.281284,0.087718,7.198038
229501594331,1.767850,0.810448,-0.319537,-0.001429,-0.025825,-0.148149,7.194903
229601638618,-0.069010,0.939074,-0.582583,0.196802,0.328203,0.091220,7.069531
229701682905,-2.284927,1.781730,-0.131998,0.042656,0.131443,-0.002805,7.103900
229801727192,-0.262196,1.455533,-0.263007,0.279623,0.479909,0.211416,6.860036
229901771479,-2.018165,3.114885,0.398191,0.140886,0.317873,0.102597,6.796980
230001815766,0.659066,0.683418,-0.317765,0.222030,0.348821,0.127099,6.688166
230101860053,-0.001613,1.586983,0.063248,0.157775,0.207216,0.047161,6.525339
230201904340,0.644906,1.719966,0.002929,0.081741,0.174093,0.045634,6.337558
230301948627,-0.169133,1.750764,0.051976,0.095375,0.158042,-0.017917,6.308047
230401992914,0.891924,1.226508,-0.532551,0.108518,0.223979,0.055227,6.109193
230502037201,-0.239536,2.905371,-0.104605,0.091338,0.193083,0.094363,5.970878
230602081488,1.233378,3.209308,0.424878,0.086725,0.175467,0.079629,5.819595
230702125775,0.096179,3.133002,0.721006,0.108845,0.153895,0.068134,5.511544
230802170061,2.259372,2.962777,0.541195,0.007543,0.071024,0.009587,5.436085
230902214348,2.587577,2.450492,-0.258617,0.028599,0.107838,0.004120,5.165658
231002258635,1.245145,1.940260,-0.395564,-0.034181,-0.024281,-0.066120,4.877553
231102302922,1.245364,1.173743,-0.055057,-0.007666,0.037272,-0.004064,4.417042
231202347209,0.538394,1.748051,0.263394,-0.003346,-0.007626,-0.046787,4.152484
231302391496,1.415784,1.817295,0.242872,-0.008539,-0.041851,-0.049126,3.754325
231402435783,0.617524,2.201455,0.294143,-0.032086,0.030546,-0.032699,3.566249
231502480070,0.563410,1.857723,-0.286342,-0.039755,0.007602,-0.067734,3.482432
231602524357,0.472252,1.130880,-0.022574,0.014433,0.090187,0.038600,3.027450
231702568644,0.620040,1.151766,-0.037546,0.012114,0.021372,-0.020201,2.847881
231802612931,1.485341,0.457782,-0.095148,0.050309,0.082295,0.057849,2.613177
231902657218,1.222318,1.035363,0.100583,0.006872,0.027742,0.003991,2.359287
232002701505,1.032215,0.696631,0.274375,0.039466,0.120433,0.068113,2.365086
232102745792,-0.005534,1.506666,0.174268,0.058820,0.047673,0.032579,2.045035
232202790079,0.997552,0.657989,-0.134194,0.059927,0.113740,0.048716,1.933731
232302834366,0.264764,0.691839,-0.057581,0.050076,0.088595,0.033553,1.777410
232402878653,0.690169,0.339233,-0.009425,0.037012,0.064042,0.048353,1.579979
232502922940,0.278889,0.625944,0.040810,0.033719,0.065842,0.027018,1.442737
232602967227,0.837390,0.306524,-0.056080,0.018760,0.052494,0.025047,1.261388
232703011514,0.801173,0.171568,-0.152015,0.029971,0.059109,0.033893,1.106551
232803055801,0.717378,0.081237,-0.084466,-0.008915,0.006953,-0.006630,1.088609
232903100088,0.122030,0.285005,0.038332,0.005947,0.026156,0.025777,0.916892
233003144375,0.480204,-0.014565,0.110197,-0.028536,-0.022671,-0.015915,0.787140
233103188662,0.048287,-0.074820,-0.045949,-0.006069,0.011730,0.010870,0.844765
233203232949,-0.213542,-0.190656,-0.026361,-0.040137,-0.039955,-0.030668,0.594124
233303277236,0.231010,-0.697174,-0.036583,-0.037616,-0.023895,-0.017139,0.626603
233403321523,-0.080059,-0.395504,0.038903,-0.039376,-0.041101,-0.038425,0.636692
233503365810,0.634680,-0.744625,-0.126152,-0.022325,-0.056008,-0.041534,0.509131
233603410097,0.237236,-0.988695,-0.103145,-0.019049,-0.040021,-0.038041,0.539043
233703454384,0.230884,-0.770766,0.029212,-0.024029,-0.018792,-0.029436,0.510188
233803498671,-0.282546,-0.520607,-0.004378,-0.023554,-0.019189,-0.028181,0.464464
233903542958,0.056363,-0.617987,-0.034754,-0.011019,-0.029416,-0.016195,0.552270
234003587245,-0.323718,-0.651914,-0.036854,0.008086,0.028881,0.030710,0.427551
234103631532,0.076707,-1.282756,-0.053765,0.005989,-0.014663,0.007416,0.499228
234203675819,0.026922,-1.292060,0.047163,0.014845,-0.005552,0.001272,0.585253
234303720106,0.105634,-1.450839,0.003275,-0.028789,-0.034547,-0.020472,0.669867
234403764393,0.101180,-1.116276,0.039215,-0.018524,-0.024016,0.019164,0.622427
234503808680,0.349047,-0.574259,-0.145733,-0.052438,-0.072252,-0.014409,0.781688
234603852967,0.568747,-0.649564,-0.160317,-0.068480,-0.058401,-0.008468,0.728455
234703897254,0.268620,-0.743592,-0.193381,-0.038333,-0.095205,-0.022360,0.787919
234803941541,0.247755,-1.128848,-0.209306,-0.048185,-0.122656,-0.026248,0.816839
234903985828,0.141474,-0.814595,-0.117989,-0.049212,-0.107807,-0.027564,0.937705
235004030115,0.441457,-0.969493,-0.013489,-0.049515,-0.095835,-0.006660,0.982716
235104074402,0.259887,-1.418844,0.017465,-0.072298,-0.106336,0.012331,1.135473
235204118689,-0.153268,-1.932480,0.041418,-0.047363,-0.116133,-0.017120,1.038122
235304162976,-0.004500,-1.958569,0.066364,-0.042723,-0.128672,0.003701,1.263255
235404207263,0.032069,-1.891093,0.109451,-0.053788,-0.115205,0.017513,1.497004
235504251550,0.517720,-1.261105,0.062443,-0.073148,-0.121125,0.041253,1.484239
235604295837,-0.093679,-0.819000,-0.211851,-0.077702,-0.122697,0.066684,1.737436
235704340124,-0.122409,-1.300257,0.029886,-0.075971,-0.102584,0.053445,1.763304
235804384410,-0.370247,-0.774485,-0.086355,-0.041246,-0.086023,0.031089,1.687391
235904428697,0.053073,-1.406674,-0.006120,-0.041801,-0.096267,0.046513,1.782830
236004472984,-1.060464,-2.171222,0.092999,-0.010808,-0.041445,0.022788,1.817786
236104517271,-0.849613,-1.467876,0.119651,-0.024290,-0.061442,0.008356,2.149423
236204561558,-0.471205,-0.519683,-0.308992,-0.026204,-0.014131,0.051759,2.017356
236304605845,-0.147416,-0.761650,-0.058334,-0.006531,-0.061353,-0.001225,2.223600
236404650132,-0.175435,-0.591949,0.064050,0.012127,-0.014182,0.018481,2.458206
236504694419,-0.650387,-0.092802,0.166656,-0.001716,-0.012510,0.013257,2.325044
236604738706,-0.289292,0.317208,0.040607,0.032175,0.020143,0.018912,2.459293
236704782993,-0.451150,0.410173,-0.124120,0.040661,0.081487,0.017408,2.638790
236804827280,-0.385266,0.850345,-0.253071,0.038518,0.083817,-0.010366,2.492519
236904871567,-0.292901,0.190924,-0.343828,0.039805,0.143053,-0.023959,2.479468
237004915854,-0.129486,-0.429343,0.182797,-0.005721,0.116641,-0.055514,2.429186
237104960141,0.407656,-1.091103,0.178732,-0.011880,0.071744,-0.059055,2.386295
237205004428,0.613565,-0.638605,0.154687,0.037344,0.071008,0.013638,2.272245
237305048715,-0.067715,-0.063424,-0.294627,-0.016132,0.045853,0.002295,2.157751
237405093002,-0.598666,-0.051995,0.083495,-0.011769,0.061768,-0.017974,2.076852
237505137289,-1.515047,-0.398973,0.174113,-0.020560,0.048020,-0.051372,2.039874
237605181576,-0.342275,-3.056138,-0.029951,-0.000439,0.067594,-0.033383,2.054731
237705225863,-0.619296,-3.152769,0.009112,0.050393,0.190101,0.052196,1.995311
237805270150,-1.253071,-1.989232,0.025668,0.054724,0.124819,0.011462,2.026264
237905314437,0.173907,-1.075695,-0.467597,0.138602,0.254529,0.135713,2.126713
238005358724,-1.664043,-1.067546,-0.067405,0.130702,0.164398,0.107065,2.261065
238105403011,0.057688,-1.515893,-0.648474,0.169074,0.250873,0.122540,2.192311
238205447298,-1.181680,-1.172595,0.442874,0.047636,0.229526,0.102062,2.563324
238305491585,0.374203,-2.618829,1.062537,0.001898,0.110713,0.039113,2.809892
238405535872,-0.334615,-3.692486,0.063608,0.189329,0.098423,0.007619,2.753567
238505580159,0.664407,-2.838817,-0.857455,0.081436,-0.084861,-0.061033,2.965429
238605624446,1.826004,-2.278003,0.094430,0.122775,0.029311,-0.277259,2.963404
238705668733,-3.057275,-3.570502,-2.174273,0.038759,-0.124447,-0.276684,3.127528
238805713020,-1.716799,-3.514029,-1.671163,-0.235354,0.235046,0.344951,3.197088
238905757307,0.562127,-1.427457,0.362306,-0.127644,0.018773,0.087990,3.131162
239005801594,0.614234,0.115027,0.598363,0.064704,-0.038021,-0.243867,3.353978
239105845881,-3.964258,1.755773,0.811867,-0.315555,-0.333424,-0.403039,3.194809
239205890168,-0.023128,-1.285227,1.303948,-0.032342,-0.249286,-0.024399,3.238665
239305934455,-4.044599,-2.298000,0.512609,-0.034415,-0.306148,-0.268967,3.482945
239405978742,-1.881753,-1.121915,-1.840216,-0.170217,-0.332018,-0.076054,3.407990
239506023029,-2.019315,0.910413,-1.741026,0.141689,0.310461,0.298344,3.493603
239606067316,-1.028803,1.199213,-0.263042,0.060218,0.161387,0.001688,3.375588
239706111603,-0.148139,-3.406886,-0.921717,0.191082,0.549708,0.274488,3.820757
239806155890,-4.193978,-2.927853,0.042759,0.082884,0.332053,0.284677,3.653574
239906200177,1.326980,-3.238904,1.515206,0.122256,0.416341,0.148252,3.714460
240006244464,-0.641802,-1.787101,1.243087,0.265729,0.342740,0.166405,3.576422
240106288751,-1.500747,0.485261,0.738993,-0.393671,-0.315174,-0.320792,3.895592
240206333038,2.371523,-4.017879,-1.279470,-0.221330,-0.306818,-0.206362,3.871502
240306377325,1.420208,-3.898932,-0.379334,0.027777,0.001046,-0.020526,4.064486
240406421612,2.058424,-2.514528,-0.011132,-0.129050,-0.133452,-0.118031,4.166274
240506465899,-2.266918,-2.497077,0.094318,0.029118,0.304650,0.109024,4.290898
240606510186,-2.285177,1.321317,-0.324976,-0.094149,0.043331,-0.041993,4.536239
240706554472,-1.819306,-2.506703,-0.211622,0.138329,0.260706,0.119270,4.535014
240806598759,-1.641836,-0.785580,-0.014593,0.046066,0.145506,0.045399,4.667425
240906643046,-0.546041,-2.645385,-0.295770,0.071833,0.256403,0.173998,4.751772
241006687333,-1.818999,-0.870716,-0.164655,0.081441,0.231022,0.118279,4.858387
241106731620,0.122150,-1.885559,-0.260365,0.017963,0.167800,0.097397,5.032865
241206775907,-0.057243,-2.324709,-0.689266,0.088474,0.205630,0.103221,5.228569
241306820194,1.537633,-3.852519,-0.354648,-0.031527,-0.038798,-0.022311,5.112378
241406864481,0.305589,-2.052978,-0.211813,0.074273,0.055225,-0.019921,5.318409
241506908768,-1.849107,-0.458872,-0.598114,-0.023229,-0.218750,-0.148839,5.460827
241606953055,-0.886302,-0.774437,0.164538,0.042324,-0.112279,-0.012192,5.499247
241706997342,-1.727033,-0.134912,0.174551,-0.061418,-0.286703,-0.243561,5.675298
241807041629,1.994819,-2.181751,-0.179941,-0.095297,-0.246304,-0.222709,5.833145
241907085916,0.014831,-1.425880,-0.027225,-0.124666,-0.269241,-0.212858,5.920452
242007130203,1.649147,-2.837276,-0.234560,-0.100555,-0.273851,-0.203108,6.005076
242107174490,-0.706575,-1.281050,0.022807,0.072004,0.056417,-0.080032,6.176171
242207218777,-0.083384,-0.570836,-0.356684,-0.036001,-0.040256,-0.020856,6.182078
242307263064,0.869995,-1.357375,-1.124965,-0.031064,0.067906,0.001437,6.255319
242407307351,1.013123,-1.448911,-1.198010,-0.131307,-0.041402,-0.057521,6.356824
242507351638,0.928959,-1.427997,-0.389208,-0.072057,0.095743,0.074803,6.472977
242607395925,-0.197803,-1.585011,-0.293967,-0.053107,0.064360,-0.036988,6.533377
242707440212,0.291514,-1.708584,-0.509173,-0.014106,0.028060,-0.001980,6.524960
242807484499,0.930360,-1.820703,-0.941320,0.110293,0.057586,0.130817,6.670956
242907528786,-0.137354,-1.629734,0.196859,-0.010725,-0.058424,0.093278,6.658029
243007573073,-0.250527,-2.081445,-0.073322,0.019093,0.029165,0.104342,6.826386
243107617360,-1.004315,-1.632944,0.260572,-0.035512,-0.016965,0.069188,6.936435
243207661647,0.847859,-1.730960,0.273041,-0.072082,-0.131302,-0.019252,7.040652
243307705934,1.274397,-2.532398,0.156925,-0.016152,-0.261517,-0.037018,7.071259
243407750221,-0.732611,-1.056819,-0.252535,-0.000950,-0.199305,-0.096427,7.085058
243507794508,-0.732627,-0.922541,0.301291,-0.047581,-0.297889,-0.165747,7.345147
243607838795,-1.256544,-0.905763,-0.587057,0.026411,-0.171712,-0.090669,7.328527
243707883082,1.709677,-1.062196,-0.276679,-0.110882,-0.275819,-0.258944,7.390457
243807927369,1.210429,-0.738077,-0.578174,-0.028300,-0.192447,-0.149208,7.481943
243907971656,1.872963,-2.015205,-0.501093,-0.123761,-0.224447,-0.098278,7.546466
244008015943,0.090516,-1.382013,-0.322937,0.006677,0.121563,0.078064,7.623182
244108060230,0.259179,-0.504206,0.292326,-0.053160,0.060639,0.060904,7.654288
244208104517,-1.171293,-0.749025,0.242631,-0.017426,-0.058444,0.045506,7.740149
244308148804,0.349533,-1.355301,-0.168984,-0.011875,-0.130319,-0.107810,7.761535
244408193091,0.909063,-0.403289,-0.322123,0.142760,0.162853,0.084972,7.751295
244508237378,-0.469574,-0.334458,-0.255577,0.098710,0.184440,0.207167,7.926887
244608281665,1.192792,-1.361332,-0.440611,0.079297,0.214671,0.193832,7.866280
244708325952,-1.227617,0.113444,0.017114,0.004890,0.167478,0.172988,8.057154
244808370239,-0.400269,-1.123446,-0.544055,0.005274,0.067118,0.113253,8.042729
244908414526,-1.553444,-0.808760,-1.014830,-0.095873,0.085232,-0.021649,8.098774
245008458813,-0.437855,0.180891,-0.286348,-0.162897,-0.202438,-0.121573,8.156597
245108503100,0.953818,-1.517144,-0.756942,0.075704,-0.060352,-0.073172,8.213156
245208547387,-0.878557,-0.371867,-0.738928,0.005502,-0.108737,-0.111212,8.287265
245308591674,0.624959,-1.387733,-0.590653,-0.074367,-0.077964,-0.060695,8.368866
245408635961,1.190574,-1.933352,0.270145,-0.088467,-0.066979,0.060682,8.402324
245508680248,1.799100,-2.098509,-0.332752,-0.049244,-0.111743,-0.143929,8.331527
245608724534,0.144569,-0.581104,-0.542040,0.108094,0.226115,0.097532,8.445037
245708768821,-1.292502,1.137642,0.326654,0.020168,0.185229,0.138036,8.498387
245808813108,1.256301,-0.469319,-0.013485,0.307768,0.565665,0.369158,8.626282
245908857395,-2.575619,1.726158,0.182198,0.356332,0.443629,0.300888,8.629384
246008901682,-1.038242,0.568219,-0.506545,0.255996,0.403384,0.212269,8.639322
246108945969,-4.999169,3.006431,0.493255,0.112006,0.406084,0.213981,8.604764
246208990256,-1.706981,0.869549,1.731793,-0.345384,-0.614245,-0.430238,8.643917
246309034543,3.158294,-3.345603,-0.295409,0.074400,-0.293043,-0.236228,8.658569
246409078830,-2.022457,1.046308,0.113155,-0.240071,-0.697644,-0.451146,8.607270
246509123117,4.554438,-1.399398,-0.868579,-0.406331,-0.492283,-0.416662,8.627998
246609167404,1.689693,-0.306014,0.177484,-0.244996,-0.164425,-0.206554,8.616383
246709211691,1.518018,-1.834674,0.609782,-0.104137,-0.195456,-0.172520,8.691340
246809255978,0.172057,-0.362194,-0.021343,0.064553,0.020148,0.026658,8.609360
246909300265,-0.685870,-0.707867,-0.189387,0.077247,-0.083301,-0.079694,8.529058
247009344552,-0.817675,-0.552363,0.010425,0.106315,-0.019114,-0.015528,8.476614
247109388839,0.744277,-0.550398,-0.161131,-0.039756,-0.087803,-0.056067,8.538163
247209433126,2.302748,-1.510320,-0.583478,-0.141829,0.038977,0.034433,8.621582
247309477413,1.836168,-1.531426,-0.682188,-0.196338,-0.154440,-0.096990,8.669612
247409521700,-0.068886,-0.024343,0.178788,-0.005887,0.086373,0.084622,8.709615
247509565987,-1.602185,0.349599,0.522404,0.055747,0.037959,0.125119,8.766975
247609610274,-0.122234,-0.409133,0.338883,0.168715,0.341581,0.356715,8.722403
247709654561,-2.860372,0.335946,-0.046070,0.129734,0.266237,0.196839,8.746931
247809698848,0.576516,-1.024848,0.738340,0.342970,0.480173,0.299430,8.771789
247909743135,-2.542737,1.210269,0.563778,0.275735,0.427609,0.322158,8.837246
248009787422,3.425974,-2.317027,-0.276711,0.153963,0.287240,0.159545,8.864227
248109831709,3.823882,-3.191159,-1.551585,0.194895,0.358852,0.206369,8.925126
248209875996,4.080385,-2.254166,-0.615350,-0.223297,-0.183598,-0.114474,8.967486
248309920283,-0.811139,0.232532,-0.580459,-0.037286,0.017253,0.056608,9.023209
248409964570,-3.700982,1.319754,0.236348,-0.312930,-0.473638,-0.231848,9.070609
248510008857,-0.828892,0.104561,-0.206871,-0.242180,-0.235266,-0.173137,9.079392
248610053144,2.262395,-0.600175,-0.558272,-0.294516,-0.548818,-0.377430,9.108610
248710097431,3.743990,-1.077135,-1.025677,-0.228058,-0.440614,-0.232290,9.111945
248810141718,-0.604453,0.360192,-0.722893,-0.137611,-0.371616,-0.214312,9.162480
248910186005,1.637664,-1.892831,-0.696586,-0.316449,-0.498080,-0.280921,9.149378
249010230292,-4.101999,2.255245,0.276599,-0.120483,-0.290315,-0.136267,9.141047
249110274579,-1.111235,0.223871,1.612505,-0.069291,-0.360967,-0.214924,9.104695
249210318866,-4.136920,1.584792,1.569153,0.284918,0.248439,0.304054,9.005831
249310363153,1.560236,-1.829790,0.194830,0.103469,-0.008179,0.014911,9.010263
249410407440,7.167537,-1.818772,-0.015875,0.559515,0.973023,0.537658,8.984550
249510451727,1.107338,2.006484,-0.068554,0.424834,0.645548,0.403739,8.977905
249610496014,2.087261,-1.215226,-0.742382,0.309759,0.776285,0.449765,9.038414
249710540301,-8.588524,3.714015,0.906228,0.401204,0.861525,0.547727,9.046988
249810584588,-3.912062,1.838565,0.777511,-0.256326,-0.258103,-0.172217,8.950204
249910628875,-5.130438,2.357179,0.800918,0.072599,0.095067,0.127713,8.929388
250010673162,2.217158,-0.197919,0.381519,-0.528439,-0.881950,-0.583010,8.950985
250110717449,7.600389,-3.087724,-1.740181,-0.277222,-0.321224,-0.174225,8.897658
250210761736,0.209213,0.451508,0.571337,-0.528311,-0.791808,-0.544096,8.873104
250310806023,4.029080,-1.673834,-0.018466,-0.218010,-0.524399,-0.249207,8.922103
250410850310,-0.461995,-0.261078,-1.095805,-0.080329,-0.363725,-0.281046,9.027959
250510894596,3.487599,-0.718669,-1.285518,-0.290238,-0.383796,-0.238848,8.927780
250610938883,-2.090396,2.025888,0.994835,-0.036629,0.000774,0.036656,8.781688
250710983170,3.302473,-0.660435,-0.198489,-0.090956,-0.151222,-0.028267,8.734740
250811027457,2.867609,-0.526605,0.078527,0.212480,0.307986,0.231457,8.687327
250911071744,-0.062506,0.882231,0.693397,0.228977,0.228941,0.193175,8.549631
251011116031,2.950359,-0.354347,-0.902749,0.109372,0.165891,0.197989,8.338952
251111160318,-0.904498,0.350696,-0.309577,0.080175,0.250793,0.164353,8.357015
251211204605,-0.820973,-0.358380,0.298510,0.073899,0.269268,0.150748,8.350646
251311248892,-0.905628,-0.214154,-0.330973,0.073555,0.247350,0.108091,8.161807
251411293179,2.397829,-0.150942,0.474714,0.104160,0.162703,0.112533,8.069103
251511337466,-0.116100,1.546321,1.293845,0.154483,0.062202,-0.051117,8.033395
251611381753,4.277551,-2.414916,-0.785438,-0.224076,-0.308234,-0.220603,7.986827
251711426040,1.855257,-1.285143,-0.994420,-0.123206,-0.134563,-0.049489,7.916625
251811470327,-0.597450,0.168684,0.087432,-0.144943,-0.247088,-0.123075,7.966201
251911514614,1.922076,0.045928,-0.640975,0.016670,-0.006873,0.065808,7.837934
252011558901,3.598534,-0.967513,-0.601316,0.063638,0.124639,0.201979,7.843500
252111603188,-0.208749,-1.522820,0.714106,-0.014554,-0.157217,-0.079515,7.778889
252211647475,1.955056,-1.211692,0.156586,-0.055289,-0.175800,-0.010307,7.799984
252311691762,2.806116,-1.297215,-0.265325,0.047453,-0.023946,0.110070,7.934993
252411736049,2.080834,-1.991375,-0.398989,-0.020424,-0.098881,-0.073035,7.767562
252511780336,1.837113,-0.743170,-0.201879,-0.032873,0.028196,0.089418,7.929380
252611824623,-0.628372,-0.315152,0.711516,-0.042308,0.010159,0.039704,7.933647
252711868910,-0.465247,-0.535429,0.618795,-0.009035,0.041119,0.060704,7.952991
252811913197,0.961901,-0.557122,-0.661946,-0.042118,0.059442,0.130649,8.052571
252911957484,2.815315,0.092987,0.231390,0.104004,0.220696,0.212234,7.961615
253012001771,-0.217756,0.666008,0.658045,0.132764,0.107364,0.175499,7.932526
253112046058,3.847654,-0.577782,-0.086317,-0.143558,-0.246469,-0.070705,8.118101
253212090345,1.412315,-0.716704,-0.758366,-0.137694,-0.205067,-0.034334,8.137296
253312134632,-0.680805,0.125068,-0.026741,-0.236386,-0.440981,-0.180247,7.980808
253412178919,0.706999,0.009899,-0.108997,-0.128987,-0.339940,-0.159459,8.195364
253512223206,-0.600469,-0.008535,-0.026169,-0.117196,-0.379492,-0.205192,8.137454
253612267493,1.877359,0.491552,0.669951,-0.182776,-0.313299,-0.184976,8.169292
253712311780,-0.025333,0.815389,0.278177,-0.163162,-0.264147,-0.085488,8.198397
253812356067,4.588841,-0.208335,-0.593376,-0.266061,-0.441808,-0.174662,8.087918
253912400354,2.372613,-0.717871,-0.187211,-0.017487,-0.024866,0.080279,8.097623
254012444641,-0.572371,-0.572405,0.514255,-0.092704,-0.222863,-0.085895,8.156981
254112488928,0.534865,-1.024886,0.526973,-0.013745,-0.022747,0.108197,8.049786
254212533215,0.492723,-1.017202,0.166331,-0.003205,-0.063628,0.172380,8.085193
254312577502,3.918169,-0.339460,0.057459,0.058747,0.012088,0.171357,8.051086
254412621789,2.786484,0.612214,-0.614305,-0.009863,-0.067983,0.106364,8.106160
254512666076,1.014472,0.138212,-0.384761,0.051736,0.040314,0.100851,8.151877
254612710363,-0.250560,-0.639287,-0.295159,-0.020776,-0.059577,-0.041255,8.221910
254712754650,4.490834,-1.874047,-1.038168,-0.103895,0.003778,0.106263,8.192666
254812798937,3.028280,0.085889,-0.222080,-0.172788,-0.229575,-0.038064,8.196399
254912843224,0.653526,-1.413044,0.932125,-0.104068,-0.185301,-0.066857,8.237289
255012887511,2.255938,0.484017,1.981365,0.088780,-0.018727,0.171682,8.220822
255112931798,2.184164,1.041049,1.011476,0.201876,0.258467,0.330685,8.239996
255212976085,-1.479324,-0.709506,-1.223845,-0.236375,0.342713,0.418934,8.282012
255313020372,1.813193,0.768904,1.742460,-0.130933,0.230009,0.330359,8.285451
255413064658,-3.725995,0.055715,1.564555,0.253775,0.150093,0.086001,8.262576
255513108945,4.553550,0.687088,-1.134932,-0.334313,-0.540148,-0.274214,8.232920
255613153232,8.451370,1.362829,-0.985559,-0.282724,-0.154754,-0.077459,8.276594
255713197519,6.461806,1.660715,-0.537061,-0.621356,-0.888905,-0.503085,8.270134
255813241806,4.869667,1.031561,0.059708,-0.349404,-0.789106,-0.342825,8.291626
255913286093,-1.421863,-1.583517,0.095347,-0.439190,-0.949177,-0.565759,8.298322
256013330380,3.948524,-0.264027,-0.191555,-0.391972,-0.766943,-0.420065,8.312520
256113374667,-3.564207,-1.009543,0.881949,-0.053984,-0.154191,0.039208,8.275555
256213418954,5.388569,1.746339,-1.126830,-0.199478,-0.327651,-0.207678,8.350813
256313463241,7.361454,2.117789,-0.742556,0.291553,0.365292,0.310032,8.355359
256413507528,4.324196,1.166869,-1.041662,0.075313,0.057521,0.146785,8.392217
256513551815,4.941562,1.032160,-0.918760,0.252391,0.344079,0.260188,8.366424
256613596102,3.458399,1.353771,-0.498035,0.184200,0.248943,0.202530,8.400590
256713640389,4.329233,1.668654,-0.478933,0.052341,0.169392,0.169280,8.433762
256813684676,-1.377163,-0.826012,-0.406657,-0.020309,0.225428,0.228509,8.424781
256913728963,-2.036850,-0.919866,0.437738,-0.192852,-0.161130,-0.035622,8.454546
257013773250,-2.019891,-0.930369,0.238741,-0.016481,-0.010443,0.008408,8.409433
257113817537,0.036348,-0.222992,0.624050,-0.341850,-0.553727,-0.283594,8.419015
257213861824,3.010105,1.644516,-0.054423,-0.170754,-0.272468,-0.048900,8.439709
257313906111,-0.385932,-0.529486,0.032556,-0.116468,-0.321492,-0.199764,8.531806
257413950398,2.292003,0.338950,0.223851,-0.064479,-0.191060,-0.059483,8.536382
257513994685,0.650543,1.434821,0.682520,0.056828,0.057592,0.108714,8.535529
257614038972,-0.526823,0.269750,0.563040,0.088949,0.012924,0.029419,8.527721
257714083259,0.832661,0.636694,0.242161,-0.027775,-0.087397,-0.032184,8.581768
257814127546,1.772014,0.853030,-0.006335,-0.061746,-0.087676,-0.006098,8.613598
257914171833,0.746001,0.905320,-0.112057,-0.142958,-0.188851,-0.121238,8.562488
258014216120,0.666064,0.442168,-0.268467,-0.125723,-0.121842,-0.086175,8.608614
258114260407,-1.239204,-0.435524,0.338644,-0.158628,-0.272354,-0.166058,8.659474
258214304694,0.510399,0.607017,-0.025781,-0.122849,-0.216214,-0.214634,8.687453
258314348981,0.122314,-0.221795,-0.250835,-0.131322,-0.370205,-0.276657,8.659070
258414393268,1.623843,0.609974,0.300674,-0.161012,-0.322657,-0.255839,8.700635
258514437555,-1.276961,-1.533975,-0.049991,-0.187223,-0.367211,-0.280883,8.762325
258614481842,0.556571,0.006190,-0.544562,-0.155334,-0.360302,-0.276376,8.758567
258714526129,-1.826323,-2.040511,-0.165755,-0.135404,-0.289326,-0.215054,8.795872
258814570416,1.718524,0.440564,-0.552435,-0.274522,-0.290695,-0.105484,8.835140
258914614703,1.967600,1.755184,0.588717,-0.149723,-0.219379,-0.092014,8.893073
259014658990,2.061907,1.161332,0.610271,-0.033232,-0.335982,-0.223341,8.857838
259114703277,-1.772704,-1.492104,0.115711,0.113477,-0.021895,-0.010473,8.932564
259214747564,0.296004,0.578404,-0.021945,-0.049956,-0.103710,-0.036292,8.974138
259314791851,1.667559,1.925189,0.340019,-0.014404,0.005021,0.068238,9.009437
259414836138,0.818776,0.008334,0.294473,-0.036059,-0.140239,-0.071039,9.068489
259514880425,0.235439,0.251267,-1.427266,-0.024617,-0.013314,0.038169,9.052522
259614924712,0.245460,-0.168004,-1.676602,-0.054644,0.050455,-0.104032,9.152779
259714968999,0.364073,-0.679385,-0.550032,-0.023761,0.157126,0.112212,9.042577
259815013286,-1.236185,-1.835709,0.290046,0.032272,0.166613,0.216213,9.134610
259915057573,-0.300312,-0.868904,0.574537,0.022760,0.106877,0.120595,9.101852
260015101860,-1.081091,-0.455557,0.153086,0.172731,0.099656,-0.036400,8.976494
260115146147,1.134743,0.032100,-0.651210,0.111465,0.070971,-0.004332,9.063494
260215190434,1.703420,1.552911,0.792979,0.002612,0.174750,0.025241,9.196484
260315234720,1.329924,1.267734,-0.036928,0.016041,-0.044951,-0.107995,9.240285
260415279007,-0.959237,-0.311673,0.036499,0.238945,0.224501,0.251292,9.241010
260515323294,-2.557572,-2.963954,-0.191364,0.089348,0.167164,0.149088,9.218034
260615367581,-1.847276,-0.989060,0.341310,0.199871,0.478252,0.411381,9.310957
260715411868,2.413351,2.470877,0.014324,0.366045,0.643519,0.512137,9.351379
260815456155,1.061600,0.905676,0.717116,0.434275,0.995905,0.765562,9.440524
260915500442,1.371176,1.548503,0.914866,0.307155,0.898179,0.754177,9.395709
261015544729,-5.834056,-4.791245,0.079816,0.430772,0.981608,0.681659,9.498162
261115589016,-1.302429,-0.578289,0.294509,0.437370,0.797900,0.634406,9.516832
261215633303,-2.926974,-1.763674,0.045236,0.414038,0.706310,0.484134,9.467830
261315677590,4.657281,3.113764,-0.816123,0.314220,0.543714,0.333060,9.636552
261415721877,3.479175,2.068090,0.031216,0.352768,0.630913,0.479876,9.600370
261515766164,3.404906,2.008618,-0.341040,0.056362,0.185323,0.156017,9.661036
261615810451,-0.846199,-0.936938,-0.359134,0.077946,0.434955,0.298024,9.721274
261715854738,-0.104265,0.238552,0.395007,-0.161206,-0.161179,-0.094444,9.739154
261815899025,2.503230,2.027986,-0.189659,0.085079,0.034621,0.047091,9.790724
261915943312,1.042197,0.847176,-0.024846,-0.241739,-0.370122,-0.218135,9.771076
262015987599,1.723255,0.903023,-0.390561,-0.265977,-0.370860,-0.211818,9.875453
262116031886,-0.629782,-1.056747,-0.166570,-0.344696,-0.561030,-0.378160,9.896160
262216076173,1.025318,0.667717,-0.187287,-0.268742,-0.513387,-0.353471,9.921720
262316120460,-3.786136,-2.269345,0.383503,-0.234229,-0.418069,-0.287599,9.991936
262416164747,-1.080856,-1.271582,0.096741,-0.195822,-0.288509,-0.117682,9.990601
262516209034,-2.246815,-1.867456,0.367557,-0.008918,-0.084374,-0.048950,10.019922
262616253321,0.531534,0.368579,-0.481389,-0.062203,-0.115238,-0.117059,10.058741
262716297608,1.852879,-0.036311,-1.807570,0.043082,0.154040,0.072304,10.095294
262816341895,0.771511,-0.181157,-1.304322,-0.288971,0.020159,-0.050452,10.086014
262916386182,-0.883785,-1.358643,0.758299,-0.057382,0.136074,0.018034,10.122399
263016430469,-0.965644,-0.940373,-0.544631,0.181906,0.015166,-0.006815,10.180502
263116474756,-0.713370,-0.082691,-0.095282,0.198566,0.161417,0.067990,10.177289
263216519043,-1.065378,0.825708,-0.207822,0.030974,0.078259,-0.008362,10.162923
263316563330,-0.254320,0.362062,-1.090747,0.031099,0.029144,-0.002548,10.244175
263416607617,-0.159098,-0.507574,-0.674550,-0.072243,0.100599,-0.004442,10.271171
263516651904,0.839338,0.950216,-0.190734,0.106310,0.256148,0.050952,10.253286
263616696191,0.537749,0.115691,-0.461943,0.125554,0.154526,0.165545,10.259814
263716740478,-0.438586,0.029334,-0.323828,-0.066560,-0.202062,-0.132842,10.253030
263816784765,0.645415,1.019908,0.187703,0.065467,-0.144250,-0.241810,10.229111
263916829052,0.298611,0.571596,-0.449037,0.052350,-0.044402,-0.045660,10.246071
264016873339,-0.061047,0.787293,-1.241363,-0.106073,0.063195,0.229316,10.215303
264116917626,1.094900,2.496797,-0.061611,-0.028418,0.193225,0.178594,10.278573
264216961913,-1.474495,1.796544,0.302056,-0.145158,-0.098898,-0.083358,10.274733
264317006200,-0.393370,-0.107566,-0.184086,-0.103940,-0.211495,-0.157485,10.300127
264417050487,1.354283,0.884254,-0.540079,0.022138,-0.181724,-0.132288,10.228807
264517094774,-0.104584,0.092381,0.276616,-0.068281,-0.241929,-0.202857,10.280731
264617139061,0.250156,0.012976,0.467526,-0.045259,-0.153647,-0.112057,10.277175
264717183348,-1.275861,-0.358077,-0.304163,0.051144,-0.071948,-0.127337,10.279390
264817227635,-1.153925,0.963305,-0.683585,0.100582,0.142842,0.076994,10.327081
264917271922,-1.153925,0.963305,-0.683585,0.100582,0.142842,0.076994,10.310273
265017316209,-1.367590,0.376149,-0.764335,0.078915,0.060004,-0.007971,10.311519
265117360496,-1.604707,-0.358846,-0.189465,-0.009892,-0.124576,-0.157623,10.362497
265217404782,-0.820919,0.545842,0.876017,-0.042397,-0.024235,-0.005457,10.265380
265317449069,-0.602026,0.024169,0.009730,0.092832,0.127110,0.095880,10.235663
265417493356,-0.635652,0.342261,-0.047189,0.146820,-0.035292,-0.034295,10.294663
265517537643,1.074253,0.978020,-0.855460,0.100945,-0.019176,-0.008680,10.329739
265617581930,0.589097,0.677167,-0.249185,-0.033003,-0.051465,-0.012242,10.290251
265717626217,0.805682,1.307480,-0.091540,0.014843,0.043417,0.063955,10.213669
265817670504,0.637762,0.422688,-0.374729,0.005218,-0.003852,-0.006959,10.173588
265917714791,0.591160,0.895723,-0.157329,-0.024509,-0.115306,-0.031816,10.115231
266017759078,0.388771,1.078486,-0.118165,-0.076644,-0.086883,-0.008393,9.987303
266117803365,0.517674,0.366006,-0.353212,-0.103228,-0.084316,-0.025316,10.083282
266217847652,0.808030,0.693282,-0.423777,-0.087951,-0.061359,-0.022832,9.939067
266317891939,1.004565,2.002207,-0.755308,-0.000320,-0.019936,-0.004219,10.014947
266417936226,0.486543,0.900735,-0.705315,-0.134652,-0.040463,-0.030850,9.929072
266517980513,-1.336976,-0.743476,0.416308,-0.198739,-0.170726,-0.057494,9.904743
266618024800,-0.245850,0.328262,0.363000,0.001376,-0.232394,-0.209218,9.949043
266718069087,-0.385359,0.311508,1.000448,-0.002020,-0.174539,-0.104335,9.905897
266818113374,-0.276460,-0.452104,0.844902,0.021132,-0.207076,-0.185615,9.888111
266918157661,-1.076882,-1.259815,0.406579,-0.155935,-0.337464,-0.212531,9.830912
267018201948,0.977828,1.425849,-0.173146,-0.100895,-0.230456,-0.041065,9.739903
267118246235,1.819429,1.312117,-0.915956,0.049688,0.032575,0.078309,9.747467
267218290522,0.452710,-0.214265,-0.034109,-0.083520,-0.028636,0.023162,9.695143
267318334809,0.525395,-0.532996,0.369631,-0.061682,-0.044265,0.030466,9.650551
267418379096,0.484412,-1.254948,0.277911,0.080120,0.010387,0.184905,9.638662
267518423383,-0.236069,-1.307390,0.308997,0.254379,0.339088,0.264392,9.597866
267618467670,-1.140115,-1.437539,-0.057115,0.121910,0.120700,0.199539,9.598610
267718511957,1.635069,1.122411,0.240809,0.010764,-0.034214,0.097116,9.602041
267818556244,1.494420,0.686091,-0.058053,0.006700,-0.147025,-0.059872,9.696429
267918600531,0.276020,-0.286571,-0.319131,0.053101,-0.143417,-0.028634,9.751268
268018644818,-1.365979,0.144886,1.015731,-0.012326,-0.172661,-0.129415,9.703733
268118689105,-0.758149,-0.357170,0.283322,0.090344,0.030847,0.026737,9.677643
268218733392,0.297768,-0.350422,0.199896,0.093441,0.001726,0.095577,9.747095
268318777679,1.754419,0.061744,-0.192187,0.148448,0.099034,0.134735,9.775507
268418821966,0.177126,-0.414276,0.249483,0.031787,-0.028687,0.057156,9.784020
268518866253,0.099849,-0.211576,0.090670,0.019581,-0.083792,-0.002321,9.757444
268618910540,-0.200234,-0.734793,0.156471,-0.051158,-0.129783,-0.143845,9.719188
268718954827,0.190995,0.611696,-0.124177,0.021583,0.050883,-0.030556,9.866042
268818999114,0.448825,0.185256,-0.219730,0.034165,0.012059,0.040144,9.831588
268919043401,0.441605,-0.367403,-0.210804,0.034654,-0.012774,-0.001765,9.893022
269019087688,-0.069670,-0.350357,0.224370,0.026538,0.006679,0.035554,9.811475
269119131975,0.529093,-0.184618,0.317968,-0.032688,-0.152471,0.040873,9.916851
269219176262,-0.161237,-1.102967,0.208331,-0.161284,-0.221844,-0.163884,9.868024
269319220549,0.259462,0.022439,-0.040285,-0.175801,-0.333917,-0.212508,9.951666
269419264836,1.351276,1.280090,-0.232255,-0.115460,-0.259792,-0.191191,10.038216
269519309123,-0.936691,-1.656292,-0.407710,-0.142904,-0.197808,-0.135201,10.054336
269619353410,-0.225786,-0.635473,-0.295952,-0.132224,-0.087803,0.000632,10.110180
269719397697,-0.156970,-1.024351,-0.039138,-0.139565,-0.215074,-0.097145,10.093502
269819441984,0.520665,0.778317,-0.228363,-0.063523,-0.151856,-0.045657,10.161985
269919486271,-0.370437,0.305572,0.078050,-0.069930,-0.110993,-0.046113,10.109030
270019530558,0.448300,-0.146440,-0.120315,-0.018801,-0.115994,-0.063120,10.138608
270119574844,-0.387402,-1.428988,0.171067,-0.005600,-0.004779,0.032583,10.229425
270219619131,-0.376360,-1.283961,0.315498,0.044851,0.038972,0.068814,10.173706
270319663418,0.433725,-0.067820,-0.050984,0.017351,-0.019004,0.021688,10.182990
270419707705,0.734456,1.167633,-0.089882,0.018686,-0.011578,-0.010839,10.167593
270519751992,-0.553275,1.384701,-0.143443,0.071997,0.066659,0.065218,10.214907
270619796279,-0.745544,-0.479755,-0.105042,-0.038972,0.058287,-0.000399,10.262231
270719840566,-0.909372,-0.817223,-0.117563,-0.092279,-0.056388,-0.026927,10.257125
270819884853,-0.083936,-0.196166,-0.622626,-0.048513,-0.095336,-0.079853,10.245250
270919929140,0.103774,-0.325401,-0.044590,0.053062,-0.017749,-0.081833,10.215150
271019973427,-0.868635,0.113357,0.355292,-0.004867,-0.029389,-0.083674,10.173108
271120017714,-0.275184,-1.217074,0.016441,-0.066694,-0.143263,-0.085689,10.183669
271220062001,0.074247,-1.764656,-0.289347,-0.033477,-0.179630,-0.141506,10.204366
271320106288,-0.254394,-1.786850,-0.189802,-0.038649,-0.194639,-0.102535,10.229803
271420150575,1.616271,0.494615,-0.091157,0.127480,-0.000302,0.070525,10.188565
271520194862,1.859942,2.114238,-0.544272,0.234927,0.163426,0.144282,10.269435
271620239149,-0.580208,-0.119595,-0.242587,0.078435,-0.049652,-0.184157,10.240633
271720283436,-1.059985,-1.172063,-0.233337,0.000114,-0.106233,-0.083089,10.328649
271820327723,-1.217426,-0.267340,0.382859,-0.023827,0.061741,0.069733,10.346474
271920372010,-0.667210,0.064024,0.313422,0.070536,0.140827,0.112538,10.349329
272020416297,-0.411457,0.976138,0.176931,0.101598,0.057663,0.033734,10.442282
272120460584,1.132675,1.472874,-0.582632,0.076636,0.042487,0.001906,10.270188
272220504871,0.674452,0.788966,0.131597,-0.069182,-0.033504,-0.011058,10.329606
272320549158,-0.491983,0.085790,0.221977,0.037001,0.045299,0.053910,10.278436
272420593445,-1.180296,-1.328390,-0.024366,0.047593,-0.088728,-0.034607,10.233091
272520637732,-0.776944,-0.819571,-0.116841,-0.012267,-0.032949,-0.004595,10.139773
272620682019,-0.339056,0.393683,-0.146410,-0.018367,0.030662,-0.005576,10.076542
272720726306,0.615802,1.613935,-0.402069,0.038901,0.058333,0.058610,10.042068
272820770593,-0.191808,0.622921,-0.194060,0.027501,-0.012013,0.034351,9.899899
272920814880,-1.867883,-0.940504,0.056893,0.073019,0.032048,0.070109,9.824295
273020859167,-0.882594,0.224765,0.533660,0.008395,-0.072233,0.005304,9.760704
273120903454,0.567128,2.063562,0.043888,0.120923,0.106597,0.100439,9.706733
273220947741,0.167652,1.417344,0.015545,0.063379,0.050105,0.058484,9.644861
273320992028,-0.128344,0.721215,-0.079192,0.148446,0.286022,0.186302,9.560635
273421036315,-1.410885,0.275535,0.140775,0.062396,0.192285,0.125601,9.500215
273521080602,-0.563413,1.281342,-0.273154,0.121286,0.310913,0.184215,9.425934
273621124889,-2.997861,-1.226059,-0.165194,0.042600,0.230744,0.153687,9.333897
273721169176,-3.102926,-0.467627,0.686974,-0.056336,0.077390,0.062494,9.265127
273821213463,-2.434302,-1.029696,0.583200,0.056463,0.086330,0.043691,9.099428
273921257750,-1.161043,0.300527,-0.105366,-0.068068,-0.129246,-0.086485,9.087287
274021302037,-0.575522,1.434844,-0.292586,-0.059454,-0.080582,-0.076476,8.929898
274121346324,-1.197111,0.735291,0.254532,-0.153087,-0.191849,-0.152505,8.791367
274221390611,-0.306613,0.881378,0.161760,-0.093339,-0.172667,-0.096542,8.754875
274321434898,-0.674009,0.379173,0.056101,-0.111982,-0.203558,-0.142141,8.662910
274421479185,-0.178205,0.818947,-0.236848,-0.111624,-0.178105,-0.157694,8.552530
274521523472,-1.720023,-0.772420,0.152216,-0.068050,-0.153637,-0.124546,8.443087
274621567759,-0.237408,-0.487409,0.254785,-0.001410,-0.137531,-0.131742,8.402681
274721612046,0.052296,0.688084,-0.068901,-0.041322,-0.137156,-0.115315,8.260099
274821656333,0.639647,1.539403,-0.483487,-0.015253,-0.110101,-0.071106,8.172880
274921700620,-0.059274,-0.154445,0.078980,0.107347,0.139999,0.035157,8.113947
275021744906,-0.832502,-0.318419,0.114208,-0.008402,0.057082,0.053783,8.034792
275121789193,-1.056147,-0.283194,-0.156001,0.027379,0.085646,0.044900,7.986253
275221833480,-2.353767,-0.945132,0.915805,0.039594,0.125961,0.056161,7.931274
275321877767,-1.205430,-0.331843,0.295796,0.070005,0.079040,0.000539,7.870554
275421922054,-0.536333,-0.054876,-0.256719,-0.020967,-0.023741,-0.084253,7.797889
275521966341,-1.119436,-0.909943,-0.205109,0.054788,0.056933,-0.053588,7.732551
275622010628,-0.630837,-0.609951,-0.157089,0.081660,0.049755,-0.105535,7.719146
275722054915,-0.116762,-0.879951,-0.556458,0.027697,0.002863,-0.115423,7.716591
275822099202,-0.637632,-0.592570,-0.258490,0.012030,0.101099,-0.099052,7.682455
275922143489,-1.847088,-1.746028,0.012408,0.005711,0.150518,-0.020037,7.695048
276022187776,-1.783525,-2.247161,0.116569,0.069052,0.212935,0.017857,7.696069
276122232063,-1.694586,-2.009080,-0.066405,0.135006,0.202407,-0.022596,7.669514
276222276350,-1.282785,-1.463291,-0.640419,0.138145,0.177141,-0.051080,7.725226
276322320637,-1.800681,-1.119632,-0.302824,0.102430,0.144493,-0.074414,7.705912
276422364924,-1.823383,-1.205850,0.027096,0.059211,0.234578,-0.007446,7.746809
276522409211,-0.039725,-0.392919,-1.044381,0.037643,0.205878,-0.031241,7.752463
276622453498,-0.189057,0.270644,-1.460319,0.055294,0.215394,-0.083363,7.724595
276722497785,-1.591537,-1.172957,-1.359932,0.158481,0.437999,0.085869,7.692318
276822542072,-0.762080,-1.125692,-0.641507,0.078069,0.339846,0.026128,7.725551
276922586359,-1.190862,-1.075774,-0.086702,0.174933,0.407210,0.078405,7.727798
277022630646,-3.218486,-1.790235,-0.462300,0.174547,0.440228,0.226220,7.749410
277122674933,-5.045796,-1.323771,0.117477,0.196488,0.373097,0.128277,7.680869
277222719220,-5.863795,-1.595033,0.762781,0.227805,0.426202,0.117303,7.647317
277322763507,-2.181538,-1.840094,-0.327642,0.124518,0.289917,0.031703,7.722963
277422807794,0.951676,-1.280577,-0.335654,0.275323,0.446962,0.223126,7.756237
277522852081,-0.558518,-1.309313,-0.215247,0.105469,0.068427,-0.026568,7.706289
277622896368,-1.661429,-0.089868,-0.049991,0.125440,0.161856,0.007639,7.644863
277722940655,-3.452638,1.619355,0.997481,0.070409,-0.015770,-0.184147,7.610648
277822984942,-1.833704,1.450687,0.114816,0.289373,0.137516,-0.063542,7.667391
277923029229,-5.494176,0.366821,-1.188172,0.188423,0.323524,-0.049705,7.667290
278023073516,-7.269380,0.895167,0.729639,-0.084592,0.173570,-0.378253,7.651561
278123117803,-3.449699,-2.154784,-0.951700,-0.114594,0.143365,-0.199658,7.609560
278223162090,0.462745,-3.332860,-0.397218,-0.213566,-0.080295,-0.256788,7.566921
278323206377,1.540776,-0.657884,1.862229,0.066757,0.095261,-0.212856,7.504882
278423250664,0.737713,0.577608,1.519013,0.123632,0.053505,-0.106875,7.477582
278523294951,-6.666340,1.074876,2.104153,0.093794,0.369570,0.098640,7.429801
278623339238,-9.396764,1.828743,0.303993,0.131004,0.313260,-0.038816,7.526249
278723383525,-5.814362,2.899624,0.172539,0.496600,0.749003,0.293738,7.637073
278823427812,-4.203710,2.498898,0.498660,0.363341,0.547390,0.208799,7.677750
278923472099,2.504051,-0.974925,-0.063348,0.241709,0.584051,0.135884,7.720448
279023516386,5.150203,-0.569914,0.765495,-0.097204,0.145420,-0.123588,7.708417
279123560673,4.884745,-1.631011,-2.043917,0.050224,0.656155,0.289963,7.707547
279223604960,-4.261640,0.158265,-0.832457,0.010616,0.645131,-0.014996,7.730863
279323649247,-6.763153,2.637504,1.209885,-0.615880,-0.482650,-0.551121,7.699730
279423693534,-1.746691,-0.649721,-0.430965,-0.329405,-0.430570,-0.526810,7.719739
279523737821,-2.062935,-0.073286,0.731233,-0.154504,-0.286686,-0.363623,7.707702
279623782108,0.287734,-0.825464,0.492408,-0.053758,-0.122420,-0.012653,7.639951
279723826395,-0.024410,-0.219848,0.210852,-0.111129,-0.197276,-0.152978,7.720832
279823870682,0.931301,-1.157793,-0.497154,-0.076226,-0.145072,-0.256195,7.782625
279923914968,-2.959943,1.697310,0.299547,0.029859,-0.020329,-0.102016,7.806944
280023959255,-0.936765,0.764056,0.439875,-0.122165,-0.174061,-0.149578,7.831636
280124003542,0.859606,-1.950783,-0.585235,-0.120557,-0.092148,-0.122018,7.903732
280224047829,0.632412,-1.703858,-0.429055,0.026067,0.095038,0.025120,7.882686
280324092116,-0.777933,-0.587912,-0.271862,0.097182,0.233910,0.113568,7.895084
280424136403,-1.180785,-0.022029,-0.044220,0.003987,0.083501,0.000238,7.950201
280524180690,0.598785,-1.083792,0.355211,0.120812,0.168655,0.085641,7.976355
280624224977,-0.076882,-0.630221,0.163087,0.151454,0.104714,0.066766,8.022631
280724269264,1.443816,-0.629562,-0.721250,0.124536,0.065882,0.052772,8.042068
280824313551,0.957296,0.433384,-0.060678,0.028545,0.004289,-0.037157,8.070955
280924357838,0.767007,-0.535464,-0.222622,-0.062799,-0.034493,-0.067501,8.113750
281024402125,0.752197,-1.307726,-0.668110,-0.054038,-0.034594,-0.012002,8.130960
281124446412,0.921044,-0.593021,0.036885,-0.039985,-0.091176,0.015999,8.173557
281224490699,1.263447,-0.660031,-0.210993,0.009707,-0.021221,0.013147,8.213310
281324534986,0.463270,-0.917530,-0.054586,0.014945,-0.014497,0.041496,8.211514
281424579273,-0.617449,-0.690242,0.479533,-0.035104,-0.064247,-0.016104,8.273432
281524623560,-0.284404,-1.409286,0.444382,-0.075990,-0.118969,-0.028821,8.336250
281624667847,0.756946,-1.786063,-0.124870,-0.092237,-0.140974,-0.089688,8.390711
281724712134,1.135096,-0.948478,0.209677,-0.030791,-0.173554,-0.131049,8.397310
281824756421,1.892720,-0.743117,-0.499313,-0.008366,-0.133290,-0.096825,8.432396
281924800708,0.165564,0.712519,-0.413887,-0.055834,-0.118487,-0.057025,8.481014
282024844995,-1.789008,1.020992,-0.641411,-0.174601,-0.071433,-0.051141,8.607291
282124889282,-1.581636,0.321741,-0.858232,-0.012543,0.182748,0.125430,8.635580
282224933569,0.129725,-0.666428,-0.042606,0.071097,0.141354,0.151609,8.630109
282324977856,1.832853,-1.727818,-0.167845,0.148391,0.263315,0.279805,8.682137
282425022143,1.961572,-2.087597,-0.512783,0.131512,0.223757,0.190722,8.730967
282525066430,3.754415,-2.574788,-0.325415,0.215911,0.335115,0.258574,8.738888
282625110717,2.083315,-1.654360,-0.106858,0.229505,0.296605,0.276458,8.840664
282725155004,1.642619,-1.334208,-0.087554,0.349363,0.533178,0.434790,8.920946
282825199291,-0.230232,-0.786653,0.155449,0.259358,0.448229,0.401644,8.943694
282925243578,2.688376,-2.748554,0.154368,0.273060,0.448401,0.333773,8.957514
283025287865,-0.732565,-0.637660,0.743691,0.264778,0.380376,0.231811,9.009116
283125332152,5.230659,-3.272460,0.267968,0.042909,-0.103644,-0.047084,9.110177
283225376439,9.088169,-5.572089,-0.246350,0.132213,-0.013364,0.091385,9.180054
283325420726,6.872346,-4.376105,-0.045936,-0.218945,-0.536176,-0.302068,9.203919
283425465013,2.444985,-2.192068,0.440462,-0.121278,-0.331410,-0.126283,9.300598
283525509300,-0.866283,-1.327877,0.064444,-0.216262,-0.566243,-0.249747,9.370864
283625553587,0.868312,-1.836972,-0.128715,-0.179375,-0.403139,-0.041405,9.448329
283725597874,-1.972097,-0.092116,0.358341,-0.235066,-0.529306,-0.215350,9.526850
283825642161,-1.680295,0.067778,0.280276,-0.254767,-0.514648,-0.126662,9.622075
283925686448,-0.809571,-0.337765,-0.092139,-0.254943,-0.548916,-0.236617,9.771170
284025730735,4.651049,-2.521619,-0.491063,-0.283228,-0.473618,-0.273709,9.785315
284125775022,4.492316,-2.359007,-0.688057,-0.170042,-0.239151,-0.035288,9.925132
284225819309,4.248998,-2.268933,-0.492187,-0.113576,-0.201753,-0.050092,9.985967
284325863596,1.350396,-1.571932,-0.445402,0.061492,0.138267,0.131122,10.104934
284425907883,0.381422,0.481046,0.134041,-0.049792,0.092153,0.146138,10.192353
284525952170,1.327293,-0.299829,-0.423263,-0.031734,0.167747,0.176192,10.292958
284625996457,0.367158,-1.320724,-0.897197,0.010000,0.062825,0.006683,10.341823
284726040744,1.088194,-1.013655,-0.536387,0.020694,0.079498,0.118214,10.469467
284826085030,1.496292,-0.889703,-0.243746,-0.005855,0.071294,0.211852,10.559927
284926129317,3.484800,-1.955240,0.094675,0.019228,0.035044,0.143304,10.605257
285026173604,3.288967,-2.019626,-0.246031,0.013370,-0.005866,0.036251,10.679045
285126217891,3.662258,-1.287317,-0.187542,-0.008565,-0.022699,0.067579,10.780952
285226262178,0.583005,0.298750,0.147469,-0.069464,-0.122387,0.071248,10.894318
285326306465,0.377477,1.122217,0.108197,-0.190557,-0.290106,-0.143566,10.981720
285426350752,0.653202,0.610977,-0.036078,-0.115941,-0.238407,-0.095110,11.031345
285526395039,0.328158,0.418763,-0.010991,-0.235189,-0.458068,-0.218481,11.083658
285626439326,0.314690,-0.123536,-0.461059,-0.109937,-0.335803,-0.294298,11.137366
285726483613,-0.665961,0.396406,0.091849,-0.085673,-0.331744,-0.239460,11.144159
285826527900,2.839045,-0.741076,0.266542,-0.119099,-0.236500,-0.096822,11.171827
285926572187,3.349153,-0.016656,0.019314,0.057660,0.033797,-0.018323,11.119285
286026616474,2.704664,-0.020845,-0.470079,0.105422,0.044322,-0.009662,11.129386
286126660761,2.053745,-0.847874,-0.411327,0.196267,0.270342,0.123819,11.137277
286226705048,1.571207,0.351677,0.787114,0.037205,0.261227,0.138091,11.134201
286326749335,1.846647,-0.487505,-0.048390,0.046467,0.205214,0.108515,11.086459
286426793622,-1.026591,-0.227570,0.622037,0.067471,0.134335,-0.032239,11.068790
286526837909,-1.356218,1.437081,1.904555,0.135205,0.101586,0.009883,11.074993
286626882196,-1.437471,1.269018,0.931474,0.225737,0.078643,0.085827,11.080831
286726926483,0.717125,-0.085512,-0.236156,-0.066939,-0.108042,-0.008662,11.092883
286826970770,1.572080,-0.246493,-0.701060,-0.114263,0.056864,0.091438,11.088020
286927015057,0.339897,0.305092,-0.712276,0.013861,0.132955,0.123990,11.158486
287027059344,-0.910845,1.040645,-0.408448,0.031486,0.050013,0.135533,11.124196
287127103631,-0.465492,1.023608,-0.528807,-0.012204,0.004142,0.064755,11.048299
287227147918,-0.684513,0.817523,-0.058112,-0.042852,0.052968,0.019561,10.989659
287327192205,-0.477331,1.763796,0.145956,-0.077695,-0.116167,-0.031880,10.962123
287427236492,-0.957189,2.428047,-0.227083,0.037601,-0.098174,-0.025634,10.838399
287527280779,-0.141527,1.947789,-0.169170,0.048561,0.044416,-0.019428,10.743304
287627325066,-0.127972,1.098455,-0.038703,-0.092430,-0.020086,-0.114559,10.684857
287727369353,-1.295075,1.063568,0.422716,-0.076533,-0.073963,-0.044664,10.589391
287827413640,0.351413,1.070877,0.301348,0.018032,0.036919,0.053137,10.460723
287927457927,1.215465,1.474618,-0.213571,0.036829,0.123568,0.074988,10.359369
288027502214,0.986093,1.604072,-0.502134,0.028232,0.128535,0.125211,10.270427
288127546501,0.992777,1.165013,-0.708131,-0.036787,0.087859,0.016401,10.144303
288227590788,0.775477,0.705831,-0.456923,-0.096056,0.029682,-0.047437,10.054985
288327635075,1.137085,0.526169,-0.036148,-0.072330,0.000884,0.016230,9.920524
288427679362,1.714270,0.119313,-0.479527,0.038926,-0.029975,-0.016952,9.772832
288527723649,1.872791,0.222851,-0.432403,0.088308,0.030406,-0.000654,9.688698
288627767936,-0.302863,0.965143,-0.414425,-0.015029,0.026854,0.050480,9.561948
288727812223,-1.985962,0.813196,-0.475150,-0.101667,-0.056880,-0.011438,9.537768
288827856510,-0.854990,0.348753,-0.395301,-0.109768,0.019360,0.039554,9.516572
288927900797,0.850011,0.575854,0.122296,-0.079909,-0.048072,-0.043561,9.421630
289027945084,1.076604,-0.424515,0.104251,-0.045294,-0.079101,-0.079553,9.380128
289127989371,-0.162088,-0.017925,-0.052264,-0.153814,-0.232565,-0.144134,9.308208
289228033658,1.103040,-0.032500,-0.392070,-0.107936,-0.141535,-0.067470,9.254455
289328077945,0.523904,0.110659,-0.001605,-0.123214,-0.126464,-0.080199,9.254147
289428122232,1.401664,0.361625,-0.123987,-0.075493,0.029899,0.089193,9.252492
289528166519,-0.987740,0.449152,-0.002595,-0.037331,0.003181,0.087691,9.224759
289628210806,-3.080407,-0.189210,-0.427591,0.111967,0.031412,0.027314,9.181332
289728255092,-2.795088,-0.145476,-0.010841,0.215647,0.239886,0.155994,9.186284
289828299379,0.552108,-0.030283,0.377807,0.144754,0.232860,0.184440,9.203790
289928343666,3.514949,-0.536117,0.524612,0.272059,0.350681,0.234582,9.187741
290028387953,1.514074,-0.304214,0.567532,0.239751,0.195786,0.061512,9.196013
290128432240,1.619440,-0.060036,-0.260526,0.324524,0.383367,0.205573,9.197881
290228476527,0.098423,-0.139565,-0.082951,0.260808,0.280444,0.179118,9.174584
290328520814,0.519757,-0.341197,-0.305535,0.136086,0.224951,0.135694,9.259743
290428565101,-1.876918,0.178477,0.014349,-0.078652,-0.002441,0.000102,9.264092
290528609388,-0.742211,0.006488,-0.007302,-0.179698,-0.203429,-0.118262,9.216958
290628653675,-1.331937,-0.289898,-0.353703,-0.082416,-0.148638,-0.184587,9.245685
290728697962,-0.279497,-0.514271,-0.235054,-0.096464,-0.137215,-0.128602,9.263051
290828742249,3.402678,-1.447812,-0.367093,-0.181647,-0.177257,-0.101464,9.308365
290928786536,2.766740,-1.226544,-0.298666,-0.224380,-0.333944,-0.202991,9.364474
291028830823,0.936768,-1.022143,-0.566940,-0.082630,-0.222042,-0.166038,9.355824
291128875110,-0.074924,-0.872859,-0.890487,-0.227030,-0.387656,-0.249202,9.398421
291228919397,1.221035,-0.342398,-0.073262,-0.251778,-0.277060,-0.254888,9.450890
291328963684,-0.882928,0.867240,0.434276,-0.247346,-0.356166,-0.236653,9.445538
291429007971,-0.018491,1.312081,-0.262160,-0.168160,-0.280537,-0.128599,9.485081
291529052258,-0.902855,0.835433,-0.368585,-0.193867,-0.259886,-0.189899,9.523306
291629096545,0.736270,0.443758,-0.379136,-0.091892,-0.105126,-0.109005,9.457428
291729140832,-0.786821,0.201860,-0.145398,-0.059726,-0.031487,-0.003633,9.393759
291829185119,0.425076,-0.593944,-0.211921,0.027982,0.060106,0.067237,9.394896
291929229406,1.728894,-0.294079,-0.424568,0.067463,0.092176,0.083465,9.289817
292029273693,0.615231,0.182853,-0.062867,0.003637,0.094096,0.083249,9.271189
292129317980,-0.729928,0.521561,0.252690,0.101688,0.145181,0.120842,9.291871
292229362267,0.442388,-0.319252,0.232409,0.150970,0.050992,0.094896,9.223143
292329406554,0.777777,-0.672624,0.141955,0.094030,0.105502,0.107970,9.181080
292429450841,-1.746089,-0.217228,0.390023,0.071490,0.127831,0.085324,9.139129
292529495128,-1.737759,0.078989,0.148152,0.100525,0.156987,0.127792,9.098407
292629539415,0.238446,0.339790,-0.090008,0.084121,0.178679,0.108686,9.086365
292729583702,0.667173,0.253954,0.160491,0.219397,0.391981,0.229886,9.063276
292829627989,-0.412196,0.114394,0.261271,0.267149,0.348729,0.298585,9.002636
292929672276,0.689705,0.024744,-0.019138,0.321004,0.406261,0.302291,8.927571
293029716563,-0.194708,0.294450,0.190164,0.249943,0.316688,0.178602,8.947205
293129760850,1.518898,-0.200582,-0.045791,0.251737,0.328310,0.201676,8.914547
293229805137,1.820262,-0.232496,-0.235122,0.206991,0.289001,0.121182,8.904170
293329849424,1.361012,0.092638,-0.123623,0.241141,0.336946,0.149410,8.878380
293429893711,-2.668576,0.431414,0.308859,0.193958,0.293071,0.188046,8.860330
293529937998,-3.270637,0.203384,0.311016,0.145907,0.211819,0.117333,8.856394
293629982285,-2.550149,0.437630,0.167051,0.162010,0.154756,0.094246,8.781846
293730026572,1.964145,-0.208008,-0.122408,0.125271,0.041873,0.025620,8.818398
293830070859,3.279389,-0.421166,-0.077032,0.083515,0.072611,0.020901,8.765048
293930115146,2.422535,-0.099223,-0.236525,-0.077055,-0.103843,-0.099372,8.753204
294030159433,-1.190399,-0.189232,-0.141438,-0.080402,-0.177896,-0.172202,8.728121
294130203720,-2.878651,-1.186927,-1.040921,-0.272254,-0.421828,-0.335295,8.675220
294230248007,-2.364792,-0.278692,-0.605765,-0.350326,-0.326299,-0.285685,8.623331
294330292294,-3.518901,0.666188,0.615981,-0.390658,-0.525934,-0.394430,8.606838
294430336581,-2.657660,-0.795628,-0.267599,-0.124161,-0.267207,-0.176062,8.585275
294530380868,-3.831401,-0.608394,0.146343,-0.027598,-0.156604,-0.116334,8.573488
294630425155,1.212649,-0.532929,0.242634,-0.059105,-0.056178,-0.078912,8.550462
294730469441,2.972310,-0.145950,0.131215,0.085981,0.196105,0.095428,8.529158
294830513728,3.096986,-0.596545,-0.237224,0.158697,0.173450,0.129748,8.548571
294930558015,1.043666,0.595299,-0.628019,0.309246,0.520280,0.283654,8.595619
295030602302,-2.904010,1.625151,0.085960,0.123013,0.311769,0.078560,8.623689
295130646589,-1.890699,1.118288,0.639275,0.101988,0.173984,0.057211,8.582513
295230690876,-1.468693,0.931679,-0.029639,0.176361,0.092003,0.115373,8.560583
295330735163,0.397663,1.044189,-0.079792,0.112788,0.125969,0.041740,8.518715
295430779450,-0.343767,1.156423,0.578226,0.112385,0.138715,-0.011314,8.438825
295530823737,-2.128454,0.762098,-0.239691,0.269566,0.232759,0.058396,8.409149
295630868024,-3.420667,1.514685,0.247267,0.390337,0.519359,0.240282,8.305532
295730912311,-3.005242,1.570138,0.486999,0.294003,0.407244,0.208129,8.213320
295830956598,2.312246,-0.243083,-0.422972,0.314830,0.512037,0.231715,8.101661
295931000885,2.164627,-0.323713,-0.674501,0.207900,0.268134,0.100474,7.976152
296031045172,-0.372720,0.338893,-0.285044,0.145816,0.137363,0.027956,7.865377
296131089459,-1.201614,1.028995,0.225496,0.121673,0.177160,-0.002662,7.734568
296231133746,1.947070,-0.143134,-0.746489,0.032892,0.094493,-0.055629,7.654603
296331178033,0.502379,0.035278,-0.561500,-0.009885,0.087509,-0.087445,7.571153
296431222320,-4.325243,1.183646,0.188546,-0.056056,0.095542,-0.050107,7.466107
296531266607,-3.385097,1.270339,0.337723,-0.072930,0.082469,0.021609,7.375820
296631310894,-0.845039,0.515587,0.203598,-0.127679,-0.054944,-0.110452,7.209644
296731355181,-0.006727,-0.160944,-0.531581,-0.123809,-0.062910,-0.134807,7.094111
296831399468,0.223614,0.286502,-0.734856,-0.204542,-0.177821,-0.233899,7.014939
296931443755,1.072965,-0.558661,-0.869749,0.061540,0.224858,0.013335,6.950673
297031488042,0.187031,-1.224600,-0.579177,0.075770,0.224074,0.015452,6.874623
297131532329,-0.714553,-1.129096,-0.244525,-0.087157,-0.064932,-0.161266,6.826870
297231576616,-1.143738,-0.691480,-0.471801,-0.072826,-0.062965,-0.139931,6.822036
297331620903,-0.447752,-0.815098,-0.299734,0.033567,0.139308,-0.037692,6.712308
297431665190,-3.267717,1.285884,0.026863,0.056619,0.270750,0.019909,6.730439
297531709477,-3.982699,1.399645,-0.246563,0.042892,0.298255,0.060375,6.795706
297631753764,-3.448633,-0.321953,-0.283964,0.168247,0.364007,0.079203,6.820852
297731798051,-2.284690,-0.851393,0.211550,0.079089,0.251751,-0.042091,6.787437
297831842338,-1.065383,-0.053025,0.629711,0.100774,0.268469,-0.003403,6.817246
297931886625,-0.957473,0.373802,0.029086,0.144683,0.316438,0.072956,6.895758
298031930912,-2.756962,-0.379153,0.041117,0.225521,0.458520,0.170757,6.939560
298131975199,-2.275737,-0.476110,0.437900,0.299128,0.456200,0.149587,7.000383
298232019486,-2.292679,0.026773,-0.173799,0.302014,0.579259,0.242224,7.056606
298332063773,-4.549781,0.781347,-0.294691,0.177742,0.547367,0.221898,7.113536
298432108060,-4.921233,2.112230,0.185880,0.177077,0.542598,0.207092,7.232877
298532152347,-4.003506,2.203885,0.305286,0.106268,0.411117,0.101960,7.320712
298632196634,-1.220902,-0.836217,0.292274,0.113016,0.225198,0.003481,7.322665
298732240921,-1.283440,-1.542349,0.043163,0.149306,0.141584,-0.037327,7.415074
298832285208,-1.542653,-1.373984,0.078495,-0.057520,-0.069303,-0.178316,7.493890
298932329495,-1.779211,-0.515708,0.135368,-0.048490,-0.053734,-0.142486,7.521812
299032373782,-1.775463,0.048405,-0.004096,-0.092556,-0.161450,-0.210097,7.646383
299132418069,-1.789699,-0.225281,0.208746,-0.053991,-0.090411,-0.152393,7.674682
299232462356,-2.674337,1.642227,0.500766,-0.072229,-0.138228,-0.176175,7.831933
299332506643,-2.087149,1.242079,0.315676,-0.006016,-0.049107,-0.136216,7.882891
299432550930,-1.801922,1.164008,0.123078,0.008142,-0.000992,-0.077476,7.979811
299532595217,-0.515199,-1.231933,-0.144317,0.041767,0.067852,-0.013279,8.030336
299632639503,-0.190784,-1.423699,-0.024587,0.163313,0.205817,0.052292,8.153969
299732683790,-0.477202,-1.142932,-0.181221,0.114128,0.111916,0.015252,8.273133
299832728077,-0.553918,-2.012570,-0.137218,0.081922,0.117957,0.050244,8.341708
299932772364,-0.270106,-0.842929,0.297435,-0.012894,-0.028901,-0.003638,8.495076
300032816651,0.610333,-1.758284,-0.062240,-0.079349,-0.149533,-0.088655,8.597846
300132860938,-0.842643,-1.760662,0.152149,-0.122760,-0.233637,-0.143366,8.613091
300232905225,-0.724695,-2.049405,0.282319,-0.159338,-0.349525,-0.223643,8.725425
300332949512,-1.022382,-0.837262,-0.050374,-0.212689,-0.384378,-0.215712,8.854961
300432993799,-2.099434,1.112994,-0.118261,-0.302656,-0.516469,-0.301994,8.980701
300533038086,-1.592585,1.547846,-0.531854,-0.274015,-0.421146,-0.285140,9.069234
300633082373,-0.635436,0.425184,-0.093685,-0.244374,-0.424166,-0.248889,9.209248
300733126660,0.979940,-3.721186,-0.036302,-0.139590,-0.373218,-0.252480,9.323626
300833170947,0.615820,-4.095933,-0.417886,-0.121195,-0.248336,-0.176494,9.378098
300933215234,0.701437,-3.143447,-0.315109,-0.039330,-0.130910,-0.126268,9.471544
301033259521,-1.181229,-0.393005,0.405487,0.061857,0.091415,0.076593,9.587305
301133303808,-1.563725,-0.419975,0.921814,0.061349,0.188967,0.210527,9.730603
301233348095,-1.298704,-0.179405,0.228563,0.147404,0.232132,0.159376,9.886691
301333392382,-0.803829,-0.279873,-0.282354,0.103731,0.145293,0.048269,10.045458
301433436669,-0.537187,-1.010519,-0.381310,0.067994,0.226997,0.078394,10.163672
301533480956,-0.187415,-1.239303,-0.225773,0.060869,0.182483,0.088682,10.275319
301633525243,-0.182136,-1.904060,0.331747,0.126115,0.103825,0.080694,10.433696
301733569530,-0.285387,-2.001307,0.587395,0.079747,0.063889,0.024476,10.525159
301833613817,-0.356813,-2.065579,0.181755,0.080850,0.162498,0.098696,10.709868
301933658104,-1.294535,-0.924181,0.094311,0.035361,0.079695,0.139683,10.856908
302033702391,-1.296918,-0.662838,0.389050,0.053457,0.045440,0.017579,10.973797
302133746678,-1.965916,-0.261097,0.395669,0.007416,-0.101924,-0.161504,11.124193
302233790965,0.198452,-2.332143,0.406201,-0.118876,-0.294410,-0.212668,11.217190
302333835252,0.826367,-2.321821,0.414450,-0.115969,-0.215385,-0.194582,11.371590
302433879539,0.540092,-2.166502,0.403497,-0.128187,-0.337760,-0.227757,11.470378
302533923826,1.052333,-2.407377,-0.155903,-0.078543,-0.311206,-0.207333,11.556443
302633968113,0.402777,-1.592708,-0.326398,-0.084273,-0.241608,-0.158296,11.676139
302734012400,-0.522650,-1.583813,0.453553,-0.071367,-0.189104,-0.073805,11.795887
302834056687,-0.869742,-0.120188,0.027537,-0.010992,-0.128528,-0.077965,11.909099
302934100974,0.926787,-0.015468,-0.691730,-0.044942,-0.094308,-0.044450,12.003138
303034145261,1.830997,0.047531,-0.841543,-0.086621,-0.003454,0.006795,12.095053
303134189548,0.943400,-0.364634,-0.862275,-0.069751,-0.031494,-0.001291,12.212050
303234233835,-0.251078,-1.035336,-0.212491,-0.022834,-0.044214,0.019573,12.277893
303334278122,-0.381889,0.163685,0.044995,0.046349,-0.101857,-0.032919,12.270775
303434322409,0.734439,0.956494,0.158546,-0.014627,-0.186535,-0.062150,12.234539
303534366696,0.817902,0.447691,0.268008,-0.049684,-0.074937,-0.021615,12.214296
303634410983,0.030992,0.113826,-0.335180,-0.057343,-0.045476,-0.012855,12.183297
303734455270,1.691641,-1.831219,-0.534952,-0.048519,0.055608,0.154684,12.238940
303834499557,3.493627,-1.943484,-0.082238,0.001845,0.110527,0.148391,12.203799
303934543844,2.423003,-1.928584,-0.157585,0.088025,0.135341,0.126722,12.128148
304034588131,0.622060,-1.529276,0.005427,0.082505,0.166763,0.162217,12.101695
304134632418,0.493272,-0.863004,0.366506,0.054473,0.151598,0.123698,12.107218
304234676705,-0.580727,-0.352531,0.392598,0.075849,0.148646,0.201629,12.045524
304334720992,1.158975,-0.368786,0.217052,0.030387,0.179974,0.227586,12.025259
304434765279,2.207829,0.342899,-0.460386,0.033275,0.348397,0.253574,11.998929
304534809565,1.150385,0.019034,-0.476572,0.000787,0.271716,0.276076,11.966871
304634853852,1.887739,-1.816882,-0.091713,0.046538,0.228488,0.164069,11.911958
304734898139,0.824452,-0.417440,-0.212651,-0.017925,0.081202,-0.055667,11.843103
304834942426,-0.527399,-0.362923,-0.180415,-0.066869,-0.044055,-0.066232,11.780635
304934986713,-0.050706,-0.195870,-0.012674,-0.032904,0.076067,0.001106,11.745531
305035031000,0.060281,0.641025,0.382761,-0.014404,0.110702,0.066449,11.721631
305135075287,1.591373,0.057358,0.622237,0.030653,0.215666,0.231389,11.686430
305235119574,1.232693,-0.393626,0.054331,0.224070,0.386653,0.322236,11.655658
305335163861,2.866976,1.714046,-0.446469,0.078536,0.312539,0.301934,11.676660
305435208148,3.183545,1.388728,-2.263619,-0.216158,0.640157,0.424067,11.719681
305535252435,-5.301345,1.156091,-2.427819,-0.229103,0.291666,0.184616,11.763349
305635296722,-7.785217,2.402820,-0.185086,0.083570,0.110333,-0.017758,11.774184
305735341009,-4.517311,3.621497,0.120668,0.078892,-0.094775,-0.249298,11.770378
305835385296,0.163338,-1.239263,0.121543,-0.235550,-0.474125,-0.362271,11.709132
305935429583,2.010945,-3.723457,0.136035,0.055733,0.257699,0.146699,11.744210
306035473870,-2.882836,1.039010,0.090808,0.287164,0.470096,0.258530,11.904436
306135518157,-3.991307,2.814366,0.876411,0.145847,0.121251,0.005466,11.933756
306235562444,-0.446740,1.537242,0.670576,-0.100065,-0.215159,-0.169470,11.895990
306335606731,1.620413,-2.340646,-0.198521,-0.027643,-0.002317,0.023303,11.981937
306435651018,2.258146,-3.036962,-0.634262,-0.029024,0.068163,0.040223,12.152733
306535695305,1.064812,-3.234231,-0.311673,-0.013359,0.156320,0.031123,12.260703
306635739592,-1.291924,-1.370315,0.026524,0.172091,0.321718,0.197846,12.298908
306735783879,-0.424595,-1.295123,0.366801,0.175785,0.255800,0.178897,12.320602
306835828166,0.164949,-0.940429,0.343584,0.192724,0.399353,0.249673,12.377387
306935872453,-0.891280,1.231953,-0.165815,0.120170,0.234840,0.167380,12.434942
307035916740,-0.982250,0.803788,-0.139962,0.108660,0.187007,0.150897,12.528560
307135961027,-1.044111,0.086427,0.153215,0.031652,0.046754,0.058786,12.615166
307236005314,0.959544,-2.387317,0.271412,-0.027375,-0.128704,-0.042001,12.669558
307336049601,1.811774,-2.175679,0.132266,-0.063508,-0.106849,-0.077837,12.732435
307436093888,0.692899,-1.702313,0.138533,-0.061366,-0.126641,-0.123795,12.812197
307536138175,-0.627480,-0.837145,0.061320,-0.089437,-0.197304,-0.134969,12.886703
307636182462,-0.223282,-0.506500,-0.141122,-0.145728,-0.230968,-0.173216,12.976709
307736226749,-0.526207,-1.191021,-0.289613,-0.065292,-0.124680,-0.118325,13.051629
307836271036,-0.571284,-1.075538,-0.228288,-0.082873,-0.108611,-0.080784,13.124776
307936315323,-0.403941,-1.327290,0.494954,-0.024648,-0.104512,-0.042262,13.173793
308036359610,-0.165659,-1.381351,0.251613,-0.007910,-0.145297,-0.039852,13.250528
308136403897,1.524093,-1.325145,-0.247040,0.019262,0.000700,0.006235,13.308717
308236448184,1.346574,-0.376755,0.204687,0.062089,0.080310,0.046168,13.386103
308336492471,0.581475,-0.760160,-0.241519,0.098176,0.079001,0.094827,13.476782
308436536758,0.621819,0.176326,-0.466085,0.008347,0.058248,0.023746,13.569860
308536581045,0.744059,1.260581,-0.127632,-0.053331,0.086698,0.003242,13.578188
308636625332,0.321428,1.073250,-0.073827,0.029261,0.110477,0.111488,13.547054
308736669619,1.111574,-0.582393,-0.212290,0.149293,0.208968,0.248168,13.576156
308836713906,1.328114,-0.229254,0.384976,0.194600,0.308750,0.286179,13.515846
308936758193,1.717094,-0.693066,0.616582,0.229632,0.312171,0.237743,13.456030
309036802480,-0.226185,0.808928,0.755495,0.157291,0.265696,0.249564,13.407664
309136846767,-0.466822,1.332873,0.215714,-0.152292,-0.211395,-0.054119,13.339299
309236891054,2.864260,-2.099831,-1.258322,-0.251453,-0.413694,-0.291402,13.343339
309336935341,0.930596,0.615896,-1.361960,-0.101916,-0.208204,-0.198865,13.317888
309436979627,-1.205381,3.410637,0.061129,0.250212,0.175832,-0.006009,13.276529
309537023914,-1.639500,2.615059,-0.216354,0.169107,-0.094001,-0.215036,13.220308
309637068201,3.219477,-2.875710,0.174092,0.077405,-0.102131,-0.140883,13.140918
309737112488,5.185801,-3.315313,0.898314,-0.081221,-0.250541,-0.211330,13.045531
309837156775,3.481540,-2.374430,0.238961,-0.221888,-0.486086,-0.362771,13.013528
309937201062,1.722519,-0.155866,-0.156859,-0.237354,-0.490289,-0.328397,13.014553
310037245349,1.819579,-0.866942,-0.893601,-0.438617,-0.709372,-0.469972,12.884727
310137289636,2.061341,-1.264838,-0.609046,-0.271194,-0.436969,-0.319562,12.855294
310237333923,-0.427045,1.945344,0.832058,-0.099125,-0.304269,-0.249712,12.839054
310337378210,1.178048,-0.393449,0.329090,0.048878,-0.088827,-0.140632,12.687984
310437422497,1.032384,0.696100,-0.468061,0.134685,0.210049,0.119048,12.652712
310537466784,0.378672,2.104281,-0.357859,0.009165,0.151706,0.150216,12.589369
310637511071,0.024421,1.222361,-1.203495,0.010601,0.175766,0.082656,12.554485
310737555358,-0.579593,0.777127,-0.637164,-0.058337,-0.122706,-0.152616,12.544173
310837599645,2.616839,-1.853084,0.757637,-0.032545,-0.151236,-0.050289,12.421565
310937643932,3.396431,-2.861175,0.482520,-0.092060,-0.290249,-0.170461,12.308610
311037688219,3.092757,-3.160688,-0.088771,-0.166897,-0.358621,-0.290784,12.283784
311137732506,1.229603,0.661296,0.466832,-0.344973,-0.461597,-0.297896,12.295730
311237776793,3.267801,-0.937872,0.270454,-0.493786,-0.824181,-0.576796,12.269487
311337821080,0.830030,1.492367,-0.300618,-0.388040,-0.751801,-0.531597,12.245761
311437865367,-2.603566,6.118739,0.684851,-0.635101,-1.102083,-0.780387,12.124308
311537909654,-3.355832,6.713393,1.024174,-0.299397,-0.521397,-0.519671,12.070546
311637953941,0.048786,0.999880,0.965796,0.002666,-0.273945,-0.256397,12.106808
311737998228,3.929184,-5.303368,0.064157,0.255100,0.047650,0.036185,12.035152
311838042515,-1.489000,1.175281,0.136318,0.388307,0.446857,0.291951,11.950281
311938086802,-0.812006,1.095900,0.040864,0.302551,0.512589,0.369894,11.910028
312038131089,-0.245750,2.292159,-0.655844,0.447663,0.809643,0.582004,11.894000
312138175376,-0.603765,6.585533,0.536077,0.274695,0.457715,0.343751,11.883762
312238219663,0.314928,6.717513,0.229614,0.212351,0.427383,0.328821,11.872025
312338263950,1.336401,6.209152,-0.206788,0.089701,0.194936,0.108382,11.796368
312438308237,4.654606,2.404340,-0.360088,-0.048203,0.058595,-0.006639,11.690359
312538352524,5.523091,1.391615,0.307143,-0.090671,0.123010,0.087948,11.464797
312638396811,4.184071,2.399588,-0.183306,-0.165217,0.058651,0.017908,11.016155
312738441098,3.822808,2.331415,0.124091,-0.135958,0.090989,0.019387,10.562355
312838485385,4.495650,2.215507,1.560330,0.049508,-0.000557,-0.091180,10.030177
312938529672,4.643280,1.812089,0.353712,0.118624,-0.041432,-0.114606,9.506685
313038573959,4.198880,2.159840,-0.114919,0.104791,0.137715,-0.032852,8.990099
313138618246,3.902663,3.358958,0.364359,-0.027366,0.006383,-0.127304,8.501978
313238662533,3.871447,2.589345,0.047800,-0.115464,-0.087251,-0.121806,8.034240
313338706820,3.991772,1.846963,0.036288,-0.065131,-0.059197,-0.056332,7.560858
313438751107,4.189218,1.886275,0.396060,-0.077828,-0.157916,-0.100322,7.055738
313538795394,3.985400,1.654547,-0.088153,-0.086975,-0.146107,-0.080615,6.627351
313638839681,3.987751,1.477701,0.265388,-0.076083,-0.153148,-0.027168,6.181262
313738883968,3.401079,0.679158,0.496834,0.003621,-0.116179,0.022774,5.744032
313838928255,2.897244,0.589824,0.279455,0.013740,-0.129630,-0.032552,5.351314
313938972542,3.239186,1.077649,0.004475,0.011696,-0.103536,-0.034088,4.922844
314039016829,2.737821,1.698832,0.005941,-0.006240,-0.081630,-0.013915,4.502184
314139061116,2.780471,1.749004,0.099291,-0.018851,-0.053180,0.002388,4.203676
314239105403,3.123663,1.810449,-0.024192,0.018412,-0.016630,0.035820,3.882594
314339149689,3.090366,1.780772,-0.032457,0.017704,-0.025774,0.039520,3.536803
314439193976,2.847971,1.653796,0.026668,0.007881,-0.015699,0.033371,3.285126
314539238263,2.104239,1.226072,0.097178,-0.001912,0.004419,0.023538,2.976411
314639282550,1.360366,0.825695,0.105330,0.004305,0.022495,0.003097,2.554206
314739326837,0.873408,0.620631,0.152815,-0.009840,0.002997,-0.035790,2.251536
314839371124,0.994266,0.552089,0.123910,0.002269,0.002166,-0.026081,1.916320
314939415411,1.649083,0.577465,-0.071284,-0.012079,-0.035260,-0.034995,1.632582
315039459698,1.819797,0.207084,-0.188958,-0.035478,-0.055424,-0.032982,1.479441
315139503985,1.364380,0.465570,-0.073155,-0.020889,-0.046074,-0.010388,1.370907
315239548272,1.354568,0.666788,-0.036979,-0.020865,-0.050469,-0.021745,1.260054
315339592559,1.492121,0.825385,-0.010449,-0.015397,-0.024275,-0.022866,1.080005
315439636846,1.353348,0.898758,0.014845,-0.007432,-0.019561,-0.021971,0.915224
315539681133,1.355279,0.941316,0.001151,0.001162,-0.007800,-0.004275,0.791069
315639725420,0.803409,0.320735,-0.188182,-0.000906,0.004531,0.005191,0.603769
315739769707,-0.073068,-0.700987,-0.217166,-0.016813,0.012301,-0.000229,0.389265
315839813994,-0.368177,-0.869536,0.016723,-0.025553,0.010030,0.004053,0.272997
315939858281,-0.061894,-0.593294,0.138660,0.000838,0.008873,0.004096,0.144925
316039902568,-0.018113,-0.526484,-0.048663,0.004806,0.011433,0.006702,0.074850
316139946855,0.008787,-0.534496,-0.173977,-0.002192,0.011192,0.014521,0.064157
316239991142,0.091671,-0.444540,-0.030631,0.002280,0.001753,0.010876,0.028719
316340035429,-0.036665,-0.539436,-0.047724,0.005700,-0.005637,-0.000458,0.038764
316440079716,-0.014812,-0.612250,-0.103488,0.010936,-0.000881,0.003257,0.010878
316540124003,0.041812,-0.518750,-0.069422,0.011197,0.011624,0.001765,0.012641
316640168290,-0.093963,-0.551493,-0.060743,0.007445,0.015456,-0.002533,0.025717
316740212577,-0.175176,-0.666502,-0.068984,0.008988,0.016646,-0.005110,0.023107
316840256864,-0.079771,-0.588305,-0.022481,0.004886,0.010266,0.001278,0.020714
316940301151,-0.155090,-0.638091,-0.051022,0.001643,-0.006373,0.004070,0.024598
317040345438,-0.231710,-0.752282,-0.075050,-0.002106,-0.015625,0.004881,0.029021
317140389725,-0.199572,-0.729809,-0.053620,-0.001404,-0.013428,0.004542,0.016212
317240434012,-0.183060,-0.648987,-0.061386,0.001180,-0.002338,0.005666,0.011727
317340478299,-0.214327,-0.619538,-0.017841,0.005296,0.011449,0.004296,0.017526
317440522586,-0.278127,-0.668734,-0.026318,0.014030,0.017651,0.001909,0.013101
317540566873,-0.212990,-0.610287,-0.017561,0.006092,0.019286,-0.004291,0.009578
317640611160,-0.245800,-0.693060,-0.013188,0.002850,0.017743,-0.004038,0.007690
317740655447,-0.335930,-0.781830,-0.015464,-0.001844,0.003029,-0.000012,0.010452
317840699734,-0.308128,-0.789673,-0.019075,-0.009536,-0.008170,0.001243,0.011111
317940744021,-0.279219,-0.772930,-0.019426,-0.010241,-0.018637,0.011340,0.014733
318040788308,-0.350956,-0.825469,0.003542,-0.003275,-0.019828,0.003607,0.019207
318140832595,-0.392269,-0.866314,-0.023495,0.001981,-0.010055,0.004539,0.018850
318240876882,-0.322443,-0.687241,-0.000251,0.002010,-0.001563,-0.002906,0.015912
318340921169,-0.281165,-0.695194,0.045420,0.001499,0.016635,-0.008452,0.008750
318440965456,-0.375769,-0.775321,0.011865,0.008958,0.019992,-0.003155,0.013089
318541009743,-0.397624,-0.807842,-0.050866,0.005777,0.007083,-0.000592,0.019894
318641054030,-0.315382,-0.781327,-0.018279,-0.003627,-0.002172,-0.001096,0.017743
318741098317,-0.346389,-0.838117,-0.010529,-0.000156,-0.005362,0.007560,0.018889
318841142604,-0.489710,-0.886721,-0.010577,0.008762,-0.004444,0.007415,0.014432
318941186891,-0.387704,-0.864383,-0.005025,0.017007,0.005027,0.002458,0.016636
319041231178,-0.442077,-0.846571,0.026177,0.019905,0.014432,0.004809,0.025224
319141275465,-0.597581,-0.911510,-0.022868,0.016749,0.018179,-0.008390,0.020459
319241319751,-0.577785,-0.970609,-0.067274,0.002684,0.018096,-0.007805,0.016061
319341364038,-0.521404,-0.888082,-0.000005,-0.003096,0.007493,-0.004949,0.009808
319441408325,-0.496452,-0.892913,-0.009297,-0.010912,-0.001322,-0.000825,0.016862
319541452612,-0.545141,-1.021680,-0.082452,-0.011325,-0.010330,0.005521,0.023388
319641496899,-0.470888,-0.939663,-0.072692,-0.006052,-0.017761,0.005805,0.019382
319741541186,-0.510998,-0.853912,0.052453,-0.003966,-0.012257,-0.000246,0.015675
319841585473,-0.588134,-0.956231,0.042079,0.004583,-0.007221,0.002212,0.016892
319941629760,-0.576251,-0.971322,-0.035895,0.011121,0.008675,-0.001558,0.014867
320041674047,-0.561812,-0.887946,0.025165,0.013151,0.015377,-0.008688,0.007732
320141718334,-0.669423,-0.872721,0.033449,0.008620,0.012841,-0.009111,0.014635
320241762621,-0.642465,-0.958983,0.000349,0.001720,0.005667,-0.010919,0.019835
320341806908,-0.441449,-0.970308,-0.032559,-0.003150,-0.007046,0.000782,0.014223
320441851195,-0.497309,-0.967506,-0.044066,-0.010827,-0.016210,0.001404,0.006796
320541895482,-0.574699,-1.010880,-0.045850,-0.004535,-0.015595,0.007062,0.004354
320641939769,-0.561072,-0.949370,0.006200,0.003782,-0.008713,0.007985,0.014203
320741984056,-0.498731,-0.824922,0.062676,-0.000782,0.007224,0.001428,0.019364
320842028343,-0.578027,-0.927438,0.020374,-0.000250,0.014265,0.003539,0.011924
320942072630,-0.502243,-0.972456,0.010015,0.000537,0.017434,0.010481,0.018215
321042116917,-0.539968,-0.911692,0.016839,-0.001384,0.010164,0.002967,0.015613
321142161204,-0.544645,-0.917067,-0.037369,-0.011942,-0.001944,0.007834,0.010515
321242205491,-0.399026,-0.743781,-0.017192,0.000255,-0.001788,0.010077,0.013537
321342249778,-0.482567,-0.734119,0.092144,0.001583,0.012534,0.016595,0.010122
321442294065,-0.554827,-0.747128,0.165161,0.026414,0.016337,0.022790,0.011515
321542338352,-0.590471,-0.779391,-0.011672,0.030252,-0.002004,0.001890,0.014655
321642382639,-0.567635,-1.035896,-0.075951,0.002186,0.007474,0.002572,0.032199
321742426926,-0.573685,-1.190650,-0.091725,-0.009816,0.003156,0.007731,0.058468
321842471213,-0.676567,-1.209753,-0.036606,-0.002109,0.000855,-0.003839,0.056184
321942515500,-0.715275,-1.145442,0.054925,-0.002717,0.011492,-0.006196,0.067307
322042559787,-0.820307,-1.072552,0.054298,0.011166,0.003776,-0.001208,0.062416
322142604074,-0.690414,-1.031215,0.016297,0.005873,0.015806,0.001864,0.044624
322242648361,-0.694477,-0.903789,0.046528,0.010483,0.017885,0.014663,0.034432
322342692648,-0.716446,-1.017839,0.020451,0.017762,0.019027,0.021695,0.037262
322442736935,-0.976610,-1.221317,0.014461,0.017456,0.012440,0.011061,0.046363
322542781222,-0.924571,-1.250329,0.008557,0.007106,0.011621,0.001153,0.057112
322642825509,-0.952084,-1.429215,0.008323,0.005861,0.015067,0.011542,0.086900
322742869796,-1.547211,-2.093659,0.164253,0.006082,-0.011254,0.005432,0.122667
322842914083,-1.017792,-1.612126,0.068341,-0.015566,-0.016510,0.002383,0.184162
322942958370,-0.967192,-1.716979,0.051233,-0.028087,-0.025330,-0.003591,0.224975
323043002657,-1.797977,-2.636562,0.247423,-0.018840,-0.057894,-0.007939,0.248465
323143046944,-1.675768,-2.849938,0.156934,-0.020973,-0.088812,-0.014255,0.303326
323243091231,-2.176447,-3.372351,0.128901,-0.043537,-0.109868,-0.012141,0.430762
323343135518,-0.661907,-2.000196,-0.107294,-0.091387,-0.113719,-0.011066,0.579029
323443179805,-0.449213,-1.543998,-0.199540,-0.119671,-0.125916,-0.016514,0.704031
323543224092,-0.201474,-1.623137,-0.387932,-0.090103,-0.161079,0.003391,0.921717
323643268379,-0.310888,-1.894144,-0.271576,-0.064633,-0.153247,0.026783,1.126685
323743312666,-1.680442,-2.651595,0.057255,-0.071205,-0.121995,0.036825,1.261491
323843356953,-1.570795,-2.957770,0.298769,-0.054525,-0.075241,0.087806,1.438930
323943401240,-2.242263,-2.361910,0.321634,-0.044375,-0.058646,0.063101,1.637878
324043445527,-1.999128,-2.123290,0.046083,-0.031014,-0.025690,0.026788,1.846258
324143489813,-1.897992,-1.962085,-0.247051,-0.013126,0.009886,0.069563,2.030686
324243534100,-2.100374,-2.569917,-0.070868,0.037101,0.053123,0.095710,2.268174
324343578387,-2.065159,-2.796343,0.196747,0.052064,0.048801,0.090344,2.524101
324443622674,-1.514638,-2.507089,0.289894,0.039765,0.072702,0.106990,2.710739
324543666961,-1.947246,-2.133765,0.372557,0.068579,0.072723,0.049673,2.905575
324643711248,-1.854254,-2.496088,0.075622,0.101389,0.099180,0.033410,3.131025
324743755535,-2.323874,-2.459281,-0.097573,0.053600,0.134138,0.059515,3.332683
324843799822,-2.085145,-2.357439,0.262310,0.010980,0.098443,0.041196,3.506422
324943844109,-1.749781,-1.531936,0.591555,0.071348,0.092983,0.071605,3.742870
325043888396,-1.106164,-0.939187,0.446852,0.091615,0.045034,0.100480,3.883298
325143932683,-0.458261,-0.459127,0.045621,0.043445,0.048595,0.029132,4.017186
325243976970,-0.683332,-1.031812,-0.010566,-0.013389,0.026960,-0.056102,4.330270
325344021257,-1.119970,-1.918178,0.022818,-0.014638,0.015313,-0.011577,4.477700
325444065544,-1.454218,-1.464958,0.240382,-0.055758,-0.045373,-0.022515,4.569137
325544109831,-0.968748,-1.888208,0.267724,-0.111676,-0.112959,-0.062369,4.636956
325644154118,-2.637210,-1.084624,0.544122,-0.054108,-0.035593,-0.005197,4.718331
325744198405,-2.870488,-1.461300,0.522749,-0.085674,-0.116648,-0.083583,4.790824
325844242692,-1.246233,-2.759413,0.376340,0.011234,0.059783,-0.024350,4.865320
325944286979,-0.906125,-2.274028,0.222935,0.102852,0.102072,0.003613,5.026233
326044331266,-1.168871,-2.092916,-0.014434,0.046602,0.035259,-0.003343,5.231423
326144375553,-2.516742,-1.437535,-0.192979,-0.024177,-0.016402,-0.015310,5.396719
326244419840,-2.737205,-1.369611,-0.107712,-0.054479,-0.038240,-0.008841,5.580979
326344464127,-3.328357,-0.747861,0.777248,-0.040814,0.052391,-0.005389,5.848073
326444508414,-2.730756,-1.219483,0.301696,-0.028221,0.019185,-0.073590,6.086785
326544552701,-1.690134,-2.173351,-0.268359,0.059223,0.042129,-0.048965,6.250763
326644596988,-1.231409,-2.192866,-0.350819,0.063222,0.033438,-0.023432,6.388534
326744641275,-1.694282,-1.722638,-0.376768,0.011017,0.050273,-0.005569,6.647599
326844685562,-1.495805,-1.825413,-0.545469,0.029051,0.101556,0.003635,6.857439
326944729849,-2.769862,-1.029011,-0.074289,-0.050655,-0.024879,-0.094052,6.982253
327044774136,-2.019379,-1.625461,0.325923,-0.100445,-0.138325,-0.152426,7.180651
327144818423,-0.754535,-2.997162,0.078817,0.037292,0.004113,-0.021035,7.371211
327244862710,-0.078894,-3.064945,-0.329598,0.006873,-0.064929,-0.079728,7.497022
327344906997,-0.597725,-2.156969,-0.350302,0.010740,0.005024,0.022549,7.644555
327444951284,-2.675731,-1.113588,-0.450667,-0.056374,-0.067572,-0.088962,7.866074
327544995571,-3.177993,0.240072,-0.514157,-0.039997,0.007158,-0.087478,8.113349
327645039858,-0.795462,0.199554,-0.398405,-0.015830,-0.035915,-0.055694,8.261758
327745084145,-0.051581,-2.323165,-0.370778,0.034095,0.012551,0.047199,8.337839
327845128432,-0.006263,-1.990363,0.006624,-0.008506,0.001093,0.056452,8.538513
327945172719,-0.496916,-1.892752,-0.242461,0.071544,0.106642,0.036064,8.607756
328045217006,-1.478773,-0.422165,0.293975,0.196746,0.202800,0.041919,8.664741
328145261293,-0.627908,-0.794402,0.238012,0.141836,0.213085,0.113873,8.762610
328245305580,-0.948030,-0.763184,-0.138870,0.101402,0.194244,0.029875,8.861774
328345349867,-0.560930,-0.896977,-0.215580,0.101826,0.140882,0.019858,9.097152
328445394154,-0.569443,-0.974784,-0.141895,0.044778,0.094857,0.065941,9.109562
328545438441,-1.544249,-0.276336,-0.671456,0.004225,-0.081099,-0.073431,8.945390
328645482728,-0.274178,-1.672426,-0.137869,0.011210,-0.162519,-0.135864,9.119907
328745527015,-0.154439,-1.581072,-0.006491,-0.142500,-0.338791,-0.233836,9.448842
328845571302,0.858599,-2.657184,-0.359707,-0.117793,-0.308374,-0.212479,9.476803
328945615589,-1.280640,-0.566997,0.000353,-0.114088,-0.350305,-0.283032,9.519127
329045659875,-1.837120,-0.859122,0.060688,-0.126361,-0.213681,-0.152691,9.585525
329145704162,-2.755970,0.333429,0.556748,-0.214630,-0.277814,-0.194149,9.737137
329245748449,-1.022918,-1.565026,0.298418,-0.117133,-0.314165,-0.244624,9.778095
329345792736,-1.097275,-0.739870,-0.019916,-0.104165,-0.285447,-0.232034,9.877897
329445837023,-0.127404,-1.876683,-0.127353,-0.198098,-0.322339,-0.232612,9.920064
329545881310,0.506771,-2.060743,-0.229003,-0.197923,-0.226131,-0.135975,9.955275
329645925597,1.003802,-2.517671,-0.554127,-0.202919,-0.270065,-0.109056,10.133574
329745969884,0.205779,-2.675108,-0.426314,-0.035566,-0.069309,0.003912,10.169177
329846014171,-0.884159,-0.889745,0.223415,0.021231,0.023588,0.023989,10.166419
329946058458,-0.492149,-0.886208,0.265179,0.040409,0.079638,0.108500,10.244472
330046102745,-1.865027,-0.607615,0.073365,0.050007,0.080536,0.122529,10.408044
330146147032,-1.331776,-1.187848,-0.185293,0.101432,0.095872,0.083623,10.424097
330246191319,-0.999929,-1.406778,0.087723,0.100265,0.071875,0.036795,10.460025
330346235606,-0.200474,-1.368152,-0.191845,0.064370,0.079072,0.033213,10.683778
330446279893,0.324448,-1.955652,-0.612752,0.106508,0.234797,0.108727,10.738354
330546324180,-0.291001,-2.809979,-0.784835,0.006241,0.026155,-0.011590,10.799090
330646368467,0.237812,-2.370218,-0.778943,-0.045543,-0.054628,-0.035618,10.904531
330746412754,-1.742800,-1.090624,-0.354188,-0.085000,-0.081079,-0.157204,10.940139
330846457041,-0.683665,-1.528111,0.126262,-0.102453,-0.182297,-0.146691,10.963209
330946501328,-1.448192,-0.398327,0.238618,-0.063680,-0.187320,-0.103364,11.087991
331046545615,-2.631108,-0.784179,-0.074184,-0.131309,-0.252863,-0.160105,11.149963
331146589902,-2.923017,-0.609455,0.173465,-0.027860,-0.164523,-0.120664,11.187628
331246634189,-1.465230,-1.429898,0.357049,-0.078028,-0.147013,-0.109824,11.306713
331346678476,-0.148620,-2.822372,-0.081692,0.020721,-0.011468,0.008722,11.427789
331446722763,0.383809,-2.339180,0.068802,0.030890,-0.050110,-0.040889,11.478889
331546767050,0.596222,-2.185962,-0.283382,0.089644,0.139043,0.059219,11.520979
331646811337,-1.440489,-0.478780,-0.791165,0.080373,0.195880,0.093207,11.621422
331746855624,-1.331399,-1.287709,-1.107026,0.082355,0.123274,0.006063,11.708183
331846899911,-1.492958,-0.700334,-0.431741,0.081873,0.157637,0.076878,11.778363
331946944198,-1.672250,-0.089621,0.108754,0.054654,0.115394,0.015848,11.798671
332046988485,-2.099572,0.273377,0.441562,0.146265,0.168992,0.103099,11.846684
332147032772,-0.722853,-0.668209,-0.031132,0.137686,0.022952,0.064878,11.946577
332247077059,1.000375,-2.647683,-0.395711,0.061490,0.117311,0.094108,11.991694
332347121346,0.444845,-1.920489,-0.252638,-0.095415,-0.034247,-0.001802,12.025329
332447165633,0.028070,-2.402936,-0.222298,-0.109851,-0.028034,-0.052104,12.135032
332547209920,-1.152998,-0.330187,0.957739,-0.256231,-0.175412,-0.110131,12.254144
332647254207,-0.375932,-1.600397,1.878085,-0.137331,-0.357131,-0.236666,12.237768
332747298494,-1.084014,0.263124,1.728429,-0.078618,-0.302037,-0.213637,12.272133
332847342781,-1.679467,1.208229,0.518167,-0.229212,-0.476547,-0.298382,12.324242
332947387068,-3.291524,2.117611,0.600454,-0.110102,-0.258027,-0.192205,12.400558
333047431355,-0.934828,0.608393,0.109951,-0.172914,-0.360339,-0.251634,12.515560
333147475642,2.745993,-2.570961,-0.844792,-0.017267,-0.009162,0.022253,12.560505
333247519929,1.615586,-2.583226,-0.961959,-0.009984,0.027722,0.022279,12.623637
333347564216,1.900753,-3.011588,-0.973746,0.154058,0.308208,0.207335,12.673452
333447608503,-1.139776,0.850455,0.007707,0.199263,0.311698,0.174711,12.699148
333547652790,0.321745,-0.317594,0.056363,0.242478,0.410911,0.222606,12.715958
333647697077,-1.963493,0.961665,0.093096,0.279934,0.527553,0.383825,12.671958
333747741364,-0.646550,1.077255,-0.094992,0.261369,0.457627,0.342745,12.667578
333847785651,-1.239072,2.605830,-0.425884,0.234933,0.528830,0.342986,12.702040
333947829937,1.832576,-0.432098,-0.659982,0.081312,0.332410,0.210519,12.682462
334047874224,0.883828,-0.185239,-0.521498,0.066656,0.371442,0.210005,12.628882
334147918511,-1.285257,0.596140,-0.127283,0.020336,0.216670,0.123989,12.602188
334247962798,-1.460517,1.049041,0.177191,0.119563,0.228597,0.139434,12.592680
334348007085,0.009048,-0.293324,0.111998,0.081595,0.149097,0.201216,12.538950
334448051372,0.911767,-1.302538,-0.153939,0.082273,0.125688,0.066063,12.461202
334548095659,-0.302673,-0.114966,0.608697,0.000195,-0.080820,-0.081970,12.436759
334648139946,-0.222037,-0.553621,0.247080,-0.139218,-0.138953,-0.029204,12.430066
334748184233,0.421221,-0.837775,-0.719157,-0.007067,-0.107422,-0.043646,12.446351
334848228520,1.530031,-1.186933,-0.865873,-0.079808,-0.202400,-0.125179,12.471422
334948272807,-0.379992,0.661424,0.453812,-0.293148,-0.381817,-0.150824,12.411784
335048317094,-1.245289,1.528357,0.965277,-0.280203,-0.389597,-0.210935,12.421438
335148361381,1.764087,-2.415146,-0.237732,-0.229507,-0.401928,-0.368602,12.502949
335248405668,-1.620305,-0.142923,0.032851,-0.166431,-0.353002,-0.322738,12.530221
335348449955,-1.579179,1.790126,0.806614,-0.066411,-0.376689,-0.240829,12.507982
335448494242,-1.512472,2.224226,0.557648,0.080690,-0.292181,-0.114720,12.524947
335548538529,0.668632,0.354041,0.751089,0.019965,-0.307089,-0.241034,12.586157
335648582816,1.749451,0.006134,1.236622,-0.080337,-0.202506,-0.157416,12.600799
335748627103,2.810687,-1.826785,0.907378,-0.144461,-0.345431,-0.190400,12.589916
335848671390,0.476588,0.106062,0.796765,-0.000838,-0.071548,-0.072673,12.578860
335948715677,-2.377683,3.399140,0.641887,-0.013498,-0.139381,-0.107208,12.525999
336048759964,-1.875701,2.408452,0.068217,0.179023,0.114317,-0.042283,12.521598
336148804251,-1.945182,3.432322,0.284672,0.161649,0.219028,0.107051,12.535571
336248848538,0.073860,1.380411,0.102874,0.094622,0.206719,0.161016,12.415856
336348892825,-2.777011,2.471954,0.643928,0.257529,0.483806,0.300831,12.258798
336448937112,0.221957,-0.731350,1.172638,-0.015180,-0.075891,0.017073,12.187198
336548981399,3.133434,-3.457185,0.685367,0.025889,-0.118161,-0.062247,12.115678
336649025686,-1.265441,2.065101,1.469607,-0.126726,-0.357975,-0.325580,11.999961
336749069973,2.067740,-0.290745,0.307453,-0.279109,-0.637266,-0.416935,11.937619
336849114260,1.296317,0.892365,-0.222427,-0.104545,-0.201368,-0.165662,11.926609
336949158547,-2.197162,2.565978,-0.295577,-0.266021,-0.272237,-0.207170,11.888080
337049202834,-4.116706,1.514376,-0.081212,-0.001531,0.132118,0.131146,11.854012
337149247121,-3.204450,1.691810,0.190829,0.065782,0.065643,0.070968,11.801786
337249291408,2.559239,-2.101364,-0.797408,0.230015,0.335909,0.230251,11.729282
337349335695,2.041910,-0.539299,-0.682095,0.215623,0.351430,0.239616,11.723445
337449379982,2.556502,-3.269730,-0.870212,0.187728,0.388372,0.278261,11.673837
337549424269,0.802986,-1.694846,-0.170954,0.308642,0.557746,0.399998,11.579796
337649468556,2.493321,-2.960801,-0.355462,0.096088,0.135948,0.110572,11.570738
337749512843,2.418206,-1.543451,-0.123046,0.232652,0.317342,0.192163,11.529652
337849557130,-1.986989,2.989331,0.493819,-0.033631,-0.142600,-0.001115,11.380202
337949601417,2.313965,-1.352880,-0.283382,-0.120464,-0.042044,-0.061902,11.330677
338049645704,1.678172,-1.926021,-0.262952,-0.298963,-0.319969,-0.298788,11.337717
338149689991,3.015305,-3.539054,-0.633614,-0.279351,-0.399144,-0.222914,11.340209
338249734278,0.796832,-1.941718,-0.053488,-0.216468,-0.349170,-0.135290,11.365047
338349778565,1.294983,-2.140265,-0.215081,-0.231442,-0.428923,-0.201322,11.364546
338449822852,0.196263,-0.744927,-0.192115,-0.141211,-0.176527,-0.063579,11.376515
338549867139,-1.827499,0.396548,-0.505668,-0.197263,-0.256999,-0.135773,11.379446
338649911426,-2.605144,1.729573,0.032249,-0.122537,-0.098433,0.032223,11.449319
338749955713,-1.612526,0.343599,-0.757417,-0.300650,-0.310545,-0.066436,11.376655
338849999999,3.367302,-4.671339,-0.690477,0.081285,0.268627,0.250545,11.350000
338950044286,-1.861133,0.972944,0.957054,0.133076,0.331414,0.340818,11.475007
339050088573,0.370109,-2.808389,0.563140,0.372083,0.650375,0.609847,11.490569
339150132860,-2.127204,1.361452,1.204668,0.623857,0.923465,0.586688,11.472989
339250177147,-4.764289,2.799269,1.466222,0.234230,0.331447,0.136533,11.488615
339350221434,-4.459832,2.968208,0.568247,0.242652,0.429762,0.325409,11.527912
339450265721,-4.497714,3.699619,1.168380,-0.295318,-0.349182,-0.265847,11.541605
339550310008,2.626596,-3.523951,0.344641,-0.299350,-0.444053,-0.184185,11.612850
339650354295,1.732099,-1.232621,0.498195,-0.338614,-0.661578,-0.329587,11.677981
339750398582,2.768000,-3.616482,-0.341822,-0.346882,-0.619134,-0.376844,11.678405
339850442869,0.074296,-1.875779,0.338958,-0.335462,-0.635591,-0.308985,11.692699
339950487156,-1.141449,-1.520994,0.749083,-0.390102,-0.862840,-0.513836,11.750902
340050531443,-4.012336,2.503327,0.548053,-0.300467,-0.646701,-0.426417,11.758319
340150575730,0.900667,-1.673826,-0.324369,-0.413110,-0.767894,-0.545826,11.747689
340250620017,3.619296,-4.199203,-0.073847,-0.197725,-0.402320,-0.234626,11.786668
340350664304,4.671065,-4.253425,-0.380182,-0.247858,-0.467851,-0.359208,11.803400
340450708591,1.817824,-1.948187,0.226371,-0.129194,-0.159135,-0.132758,11.832002
340550752878,-1.210949,0.615131,0.231832,-0.186053,-0.179994,-0.109477,11.873600
340650797165,-1.714826,0.108187,0.450989,0.030038,0.032446,0.087096,11.871362
340750841452,-0.702354,-0.856550,0.714398,0.033954,-0.071891,-0.044095,11.899666
340850885739,0.975607,-1.715385,0.297071,0.047831,-0.014133,-0.026966,11.929312
340950930026,1.768110,-1.325118,-0.275970,0.006678,-0.063960,-0.077387,11.973865
341050974313,0.388807,-1.568650,-0.734009,-0.061210,-0.078260,-0.103264,12.011712
341151018600,0.024559,-0.545506,-0.268278,-0.075591,-0.108769,-0.135034,12.067316
341251062887,-0.242165,-1.334896,0.246618,0.047755,-0.075840,-0.081927,12.116626
341351107174,-0.053191,-0.965910,0.841366,0.095486,-0.013476,-0.047640,12.105068
341451151461,0.041579,-0.383132,0.215789,0.078980,0.005935,-0.048962,12.081485
341551195748,-1.052046,-0.627544,-0.045510,0.078167,0.090275,0.046939,12.089815
341651240035,1.011132,-1.624097,0.027119,-0.005187,0.107953,0.116240,12.171619
341751284322,0.270125,-1.722739,-0.301299,0.026966,0.084000,0.113733,12.221026
341851328609,1.103288,-2.275510,-0.015336,0.201891,0.174347,0.184820,12.217923
341951372896,-0.484171,-0.213151,0.963369,0.140034,0.122573,0.195089,12.180662
342051417183,-0.402606,-1.048843,0.815358,0.173293,0.233918,0.160595,12.228126
342151461470,-1.596239,-0.190002,0.990505,0.274337,0.281829,0.200960,12.317383
342251505757,1.719818,-0.634269,0.080681,0.105034,0.195466,0.246246,12.277434
342351550044,0.176049,-2.518543,-1.301802,0.044066,0.147225,0.156806,12.357993
342451594331,-2.252070,-2.803865,-0.690730,-0.030937,-0.028565,0.121986,12.482948
342551638618,0.860937,-2.635344,-0.290872,-0.055717,-0.224088,-0.158211,12.458070
342651682905,1.157456,-0.847672,0.130698,-0.114109,-0.243245,-0.216861,12.488730
342751727192,2.841414,-2.386535,0.025372,-0.217604,-0.415310,-0.347962,12.535402
342851771479,-1.599844,-0.011756,0.511744,-0.248168,-0.348826,-0.207292,12.572528
342951815766,-4.227468,0.354378,0.110133,-0.215042,-0.545459,-0.346289,12.676888
343051860053,-6.189197,2.471175,-0.255502,-0.111656,-0.269536,-0.174067,12.662858
343151904340,-2.242113,0.878820,0.451858,-0.154627,-0.374167,-0.290799,12.638760
343251948627,2.734325,-1.126241,0.867992,-0.101338,-0.090817,-0.023650,12.650375
343351992914,3.535569,-1.604175,1.329627,-0.075437,-0.289198,-0.203900,12.696901
343452037201,0.960003,-0.963793,0.566513,0.183380,0.046040,-0.043268,12.670276
343552081488,-3.023908,1.258985,0.532775,0.031743,-0.008757,-0.070594,12.627805
343652125775,-1.264096,1.154556,0.312214,0.063614,0.239769,0.078572,12.755428
343752170061,-1.542434,-0.046873,-0.000285,0.110817,0.296915,0.180633,12.801572
343852214348,0.739729,-1.556931,-0.524901,0.072037,0.238572,0.181962,12.774120
343952258635,0.917963,-1.442601,-1.206040,0.129879,0.242026,0.193653,12.783369
344052302922,-0.044340,-1.143858,-0.778840,-0.142484,-0.145682,0.044582,12.714742
344152347209,2.020661,-2.694654,-0.473713,0.025891,0.050744,0.101869,12.751242
344252391496,2.611992,-2.341273,0.053221,0.059136,-0.121478,-0.102967,12.833847
344352435783,0.273771,-0.528286,-0.405552,0.079802,-0.166461,-0.128652,12.716636
344452480070,0.078274,-0.377199,0.669692,0.072273,-0.010478,-0.010929,12.639916
344552524357,2.419487,-2.621638,0.999200,0.105961,0.017532,-0.070950,12.658549
344652568644,-0.146978,-1.528304,-0.335568,0.100134,0.344766,0.208927,12.615901
344752612931,-1.921366,0.593136,-0.268814,0.041313,0.230804,0.119501,12.618201
344852657218,-3.874292,2.208603,-0.588353,0.179981,0.457820,0.317470,12.598188
344952701505,-0.884115,0.331292,-0.502507,-0.014091,0.229217,0.204359,12.628238
345052745792,1.427689,-1.683454,-0.573661,0.126666,0.417539,0.334239,12.618577
345152790079,1.685634,-1.010471,0.755843,-0.020320,0.109147,0.157544,12.657974
345252834366,-0.272645,-1.582677,0.480432,0.010979,-0.009802,0.030049,12.579336
345352878653,-2.199199,1.407804,1.061036,-0.100027,-0.204123,-0.306340,12.377368
345452922940,-0.731536,0.144751,-0.484904,-0.134154,-0.134860,-0.177547,12.389771
345552967227,1.494676,0.603382,-0.930639,-0.286577,-0.204997,-0.237436,12.475429
345653011514,0.476957,-1.310677,-0.669121,-0.186238,-0.106753,-0.090705,12.414395
345753055801,-1.606303,-0.198561,0.879720,-0.116360,-0.292581,-0.117613,12.336524
345853100088,-0.909168,-0.241486,1.434579,-0.107019,-0.391235,-0.239452,12.326415
345953144375,-0.706840,0.409459,0.957148,-0.124561,-0.342733,-0.338042,12.314281
346053188662,0.806931,-1.789269,0.990585,-0.087631,-0.158724,-0.171348,12.271811
346153232949,-1.233896,-0.810392,0.908882,-0.179250,-0.316011,-0.169941,12.307707
346253277236,0.140085,-1.758897,-0.067234,-0.198529,-0.344301,-0.199234,12.396311
346353321523,-1.524247,0.471626,0.401471,-0.233171,-0.240836,-0.007199,12.333981
346453365810,-3.706521,1.610179,0.393242,-0.358268,-0.406491,-0.300745,12.438125
346553410097,-5.320815,1.155638,0.672033,0.022749,0.020958,0.102781,12.515150
346653454384,-2.530100,1.303059,0.595243,-0.027582,-0.103995,-0.093566,12.451562
346753498671,4.478814,-3.344366,-0.976877,0.236054,0.422163,0.276780,12.476477
346853542958,0.449667,-2.124651,-0.473824,0.240545,0.397108,0.297310,12.450005
346953587245,3.306981,-3.598940,-0.841037,0.348611,0.518491,0.482985,12.504373
347053631532,-0.994307,-0.562613,0.636253,0.365994,0.659991,0.535951,12.583430
347153675819,2.806471,-2.279465,0.291158,0.310002,0.532123,0.389479,12.529523
347253720106,-1.664660,0.723961,0.833672,0.424466,0.709403,0.519267,12.511263
347353764393,-4.148527,2.159332,0.363690,0.078327,0.182642,0.153019,12.570031
347453808680,-3.407737,1.442862,0.250756,0.080677,0.244588,0.179600,12.599467
347553852967,-4.411205,0.428922,0.765299,-0.222425,-0.283781,-0.126387,12.652357
347653897254,1.683356,-3.279396,-0.117187,-0.164028,-0.322347,-0.258805,12.653675
347753941541,-4.218119,-0.271167,1.351443,-0.287512,-0.652611,-0.439195,12.666844
347853985828,1.154558,-1.351244,0.740495,-0.415646,-0.729725,-0.522047,12.623534
347954030115,1.401400,-2.627051,-0.649111,-0.139237,-0.405763,-0.281054,12.701824
348054074402,3.061207,-3.659764,-1.891991,-0.304223,-0.479970,-0.304793,12.798448
348154118689,3.395388,-3.753215,-1.608787,0.116800,0.195906,0.124221,12.814347
348254162976,-1.505168,0.849229,-0.576094,0.099305,0.228218,0.225580,12.918595
348354207263,1.592959,-0.448340,-0.743778,0.259984,0.459864,0.316968,12.944584
348454251550,-2.347874,1.050331,0.529997,0.299070,0.501822,0.365679,12.897188
348554295837,-1.751378,0.689271,1.155224,0.160399,0.305267,0.266543,12.876777
348654340124,-1.660985,1.193668,1.053994,0.172396,0.275323,0.172283,12.829415
348754384410,-1.878607,1.832027,0.349284,-0.121251,-0.179989,-0.136452,12.822080
348854428697,1.392614,-0.515363,-0.588466,-0.218530,-0.245394,-0.136623,12.806629
348954472984,0.196114,-1.203588,-0.344930,-0.159816,-0.259885,-0.191192,12.823240
349054517271,0.984155,-3.160021,-0.243293,-0.223047,-0.272119,-0.127098,12.878529
349154561558,0.543613,-1.297440,0.126087,-0.056274,-0.162341,-0.084724,12.819626
349254605845,1.567064,-0.308755,0.589949,-0.046466,-0.231485,-0.143554,12.677912
349354650132,0.063718,0.356315,0.369876,0.015266,-0.091524,-0.044622,12.581186
349454694419,-1.063531,-0.242597,-0.639121,-0.098161,-0.221145,-0.200745,12.549165
349554738706,-2.788309,1.927144,-0.825013,-0.074489,-0.113428,-0.161236,12.575475
349654782993,-0.119144,0.835808,-0.337276,-0.131785,-0.225660,-0.039201,12.467540
349754827280,0.779606,-0.546071,-0.099958,0.004432,-0.050368,0.025247,12.377997
349854871567,0.216714,0.304850,0.316606,-0.041852,-0.085375,0.097508,12.417826
349954915854,1.966913,0.393187,0.388636,0.098009,0.244379,0.196316,12.366355
350054960141,-2.253387,1.457316,0.465200,0.103153,0.109464,0.037372,12.390303
350155004428,-0.311925,0.052456,-0.726461,0.149743,0.065075,-0.082274,12.272916
350255048715,1.373576,-1.055464,-0.758337,0.045566,0.141138,-0.028073,12.052563
350355093002,-0.521614,1.796670,0.327412,-0.215807,-0.103499,-0.104525,12.038003
350455137289,-0.394104,-0.140343,0.673051,-0.089054,-0.139208,-0.036247,11.960024
350555181576,0.778954,-0.457539,0.674144,0.159563,0.090656,0.135939,11.849202
350655225863,-1.169397,1.691021,1.335107,0.124304,0.101581,0.057199,11.820696
350755270150,-0.794460,-0.529129,0.225336,0.078846,0.095353,0.015966,11.729858
350855314437,0.388330,-0.491129,-0.580733,0.026713,0.163656,0.061509,11.676063
350955358724,-2.783044,0.910410,0.145608,-0.196226,-0.189140,-0.203748,11.693304
351055403011,0.607252,-1.648295,-0.720236,-0.209594,-0.319844,-0.202287,11.583038
351155447298,-2.508514,2.090462,0.277744,-0.116779,-0.223256,0.026749,11.388622
351255491585,-0.987661,-0.655542,-0.282201,-0.230871,-0.324418,-0.338205,11.369559
351355535872,1.270325,-2.101892,-0.218570,-0.039820,0.033533,-0.141304,11.418426
351455580159,2.230620,-1.886563,-0.689267,-0.232717,-0.121988,-0.132085,11.221209
351555624446,2.229033,-0.375890,-0.797593,0.031927,0.306607,0.025118,11.191362
351655668733,-0.317164,3.373025,-0.616452,0.075846,0.269762,0.204083,11.193316
351755713020,0.689983,1.716748,0.241267,0.245562,0.661160,0.665861,10.873859
351855757307,-4.637838,3.538477,-0.895288,0.174014,0.650531,0.440791,10.668032
351955801594,0.254518,-1.697395,-1.790611,0.532766,1.038054,0.610193,10.631000
352055845881,0.623653,-2.186275,-0.999549,0.831134,1.446851,0.932578,10.752277
352155890168,4.422519,-5.554378,-1.078445,0.160145,0.485384,0.387733,10.705844
352255934455,-0.158492,-3.354311,-1.255291,0.098681,0.421764,0.245740,10.477011
352355978742,-3.659709,1.086106,0.626024,-0.131356,0.004666,0.007253,10.548942
352456023029,-1.894089,4.188890,1.809906,0.156074,0.178411,0.006555,10.637009
352556067316,-1.438837,1.279161,-0.758332,0.199001,-0.047488,-0.268383,10.687269
352656111603,1.079046,-0.265595,0.434404,0.086090,0.087851,0.061837,10.905148
352756155890,1.248172,0.549279,2.607077,-0.169139,0.053682,0.071458,10.890215
352856200177,-0.334363,-0.019007,1.669310,-0.075795,-0.062761,-0.112611,10.875768
352956244464,-1.325368,-1.292859,-0.989279,0.209719,-0.019278,-0.203413,11.104186
353056288751,1.168781,-2.058809,-0.771952,0.285292,0.342508,0.187108,11.176060
353156333038,2.672967,-3.699655,-0.559054,0.188531,0.276678,0.319932,11.187034
353256377325,-0.341661,-1.349491,0.640341,0.338795,0.466361,0.294731,11.236275
353356421612,-2.912012,2.819258,1.065092,0.074268,-0.066876,-0.156878,11.282771
353456465899,-2.276933,2.430258,1.541990,0.195075,0.034075,0.034577,11.255008
353556510186,-2.227892,2.851325,0.821212,-0.038575,-0.255220,-0.160564,11.317853
353656554472,0.609406,-2.470024,0.249749,-0.060328,-0.197256,-0.174554,11.431105
353756598759,-1.186939,-1.313880,0.474704,-0.071177,-0.354656,-0.343604,11.552318
353856643046,1.382979,-2.623834,0.152697,-0.185847,-0.470181,-0.276563,11.603815
353956687333,-0.407845,-2.162956,0.469493,-0.043065,-0.228969,-0.200634,11.654608
354056731620,0.873846,-1.725367,-0.129693,-0.139893,-0.288855,-0.178393,11.723491
354156775907,-0.283064,-1.577856,-0.434354,0.041214,0.035415,0.016549,11.809920
354256820194,-2.534203,0.042908,0.005568,-0.064694,-0.016510,-0.086921,11.893259
354356864481,-2.295857,-0.790001,0.099472,0.116519,0.189588,0.096584,11.953220
354456908768,-2.804747,-0.417469,0.280131,0.029650,0.120515,0.054839,12.051820
354556953055,-0.168914,-1.782262,0.298823,0.161722,0.271142,0.161278,12.132365
354656997342,-1.437117,-0.054766,0.753996,0.173016,0.182867,0.214397,12.110033
354757041629,0.008935,-1.410083,1.033311,0.205556,0.269210,0.149504,12.144919
354857085916,-0.546058,-0.444570,0.713432,0.163444,0.299771,0.207288,12.276507
354957130203,1.027647,-0.032396,-0.027890,0.144398,0.266315,0.201762,12.383759
355057174490,-0.096369,0.988353,-0.770915,0.026979,0.173417,0.078806,12.406978
355157218777,1.968794,-0.321290,-0.601452,0.043352,0.373431,0.218605,12.481023
355257263064,1.493983,0.630701,-0.230503,0.083404,0.245530,0.155244,12.536693
355357307351,1.472871,-1.420579,0.084072,0.131045,0.280296,0.141694,12.484984
355457351638,0.593277,-1.813943,-0.083917,0.204103,0.334045,0.217265,12.422439
355557395925,1.453750,-1.739752,-0.187282,0.053588,0.019069,0.036161,12.334185
355657440212,1.837136,-0.816619,0.129352,0.066913,0.012880,-0.016744,12.353455
355757484499,0.634749,0.431805,-0.151153,0.004709,-0.075439,-0.103780,12.398134
355857528786,-0.530027,0.049442,0.307403,-0.070318,-0.119841,-0.104465,12.325140
355957573073,0.083961,-0.222255,0.636873,0.036796,-0.039736,-0.003048,12.318180
356057617360,1.271232,-0.448301,0.608379,0.088043,0.043931,0.035021,12.320551
356157661647,-0.630567,-0.516702,0.795946,0.121503,-0.016534,0.023283,12.283993
356257705934,0.500410,-2.075690,0.888699,0.131011,-0.024791,0.019756,12.287482
356357750221,0.424302,-1.274920,0.804753,0.150792,0.072577,0.076094,12.255866
356457794508,-0.892447,0.661112,0.275985,0.001236,-0.160963,-0.119121,12.257911
356557838795,-1.772129,0.401413,0.553293,0.054120,-0.008927,0.036576,12.271019
356657883082,-1.988023,-0.051247,0.520940,-0.089296,-0.292719,-0.114108,12.255499
356757927369,2.265900,-2.243728,0.307828,-0.044964,-0.234462,-0.161482,12.273171
356857971656,0.470890,-1.020225,0.948042,-0.181061,-0.502452,-0.335091,12.279533
356958015943,3.520603,-3.765197,0.093538,-0.203552,-0.474662,-0.271211,12.295151
357058060230,-0.781795,0.225515,0.361704,-0.193484,-0.415379,-0.229693,12.300332
357158104517,-0.551651,0.026723,0.303471,-0.200921,-0.470058,-0.226132,12.352954
357258148804,-1.148135,2.088040,0.286165,-0.096240,-0.127566,-0.019485,12.367385
357358193091,-1.305168,0.671809,-0.065941,-0.145319,-0.243725,-0.102142,12.370520
357458237378,1.847007,-1.752789,-0.335746,0.000440,0.052625,0.052320,12.398571
357558281665,1.757744,-1.516413,-0.762026,-0.070706,0.010601,-0.036803,12.426510
357658325952,0.304452,-2.291849,-0.185378,-0.034924,0.102245,0.059615,12.426530
357758370239,-1.691372,-1.854622,-0.508735,0.061688,0.096866,0.013484,12.421948
357858414526,-0.790157,-2.242154,-1.183020,-0.038095,0.049240,-0.025386,12.520061
357958458813,-0.271263,-1.675152,-1.283003,-0.045892,0.084416,-0.029235,12.513871
358058503100,-0.330931,-0.062559,-1.119919,-0.128620,0.032861,-0.034825,12.512322
358158547387,-0.163457,-0.231783,-1.334435,-0.121575,0.060875,0.023098,12.637015
358258591674,1.618494,-0.340579,-0.856359,-0.072644,0.104497,0.093738,12.713997
358358635961,-0.653352,0.105944,-0.602379,-0.090210,0.010640,0.011237,12.723889
358458680248,-1.528230,-0.330764,-0.149531,-0.003111,0.153554,0.120627,12.693408
358558724534,-1.001411,1.328175,-0.667545,0.008513,0.094145,0.073931,12.701307
358658768821,0.065440,-0.414408,-0.728781,0.008842,0.173004,0.084023,12.717863
358758813108,-1.085830,0.455201,-0.261068,0.099759,0.222441,0.090943,12.817269
358858857395,0.357039,-1.827697,-1.245174,0.085244,0.137558,0.084889,12.884802
358958901682,0.302935,-1.419859,-0.336830,0.138214,0.185975,0.089582,12.882599
359058945969,0.553503,-2.387187,-0.566214,0.021763,-0.043972,-0.093120,12.936107
359158990256,0.662510,-1.997940,-0.448101,-0.000704,0.004916,-0.002524,12.949459
359259034543,-0.486110,-0.748536,-0.075396,-0.093850,-0.071244,-0.026038,12.738242
359359078830,-0.556451,-1.185001,-0.448244,-0.113271,-0.195607,-0.036691,12.793257
359459123117,-0.611922,0.994065,-0.385702,-0.156126,-0.235634,-0.140268,13.023703
359559167404,1.235099,-2.369149,-0.275767,-0.150891,-0.283869,-0.152415,12.997934
359659211691,0.821171,0.124286,-0.182525,-0.174161,-0.275151,-0.095379,12.928286
359759255978,3.369196,-1.030643,-0.425256,-0.163368,-0.265529,-0.118543,13.112809
359859300265,0.114837,-0.336032,-0.868942,-0.006579,-0.139004,-0.015334,13.399090
359959344552,-0.513605,0.992930,-0.555879,-0.115649,-0.204597,-0.097387,13.280941
360059388839,-1.546221,1.544342,-0.001757,-0.038094,0.065929,0.036250,13.409363
360159433126,-0.556852,0.711559,0.369036,-0.022348,-0.174810,-0.073253,13.298791
360259477413,1.828066,-1.441258,-0.478648,0.181990,0.130111,0.090725,13.227909
360359521700,0.766934,-1.936460,-1.870033,-0.018391,0.097905,0.131904,13.243072
360459565987,0.186206,-1.552306,-1.290428,-0.000312,0.253829,0.272616,13.154922
360559610274,0.569255,-1.775439,-1.129782,0.069526,0.244277,0.021781,13.248510
360659654561,1.340187,0.220881,-0.350136,-0.002046,-0.066193,-0.160834,13.254647
360759698848,-0.267192,-0.240792,-0.274046,0.074725,0.170140,0.087246,13.043813
360859743135,-1.373143,1.702535,-0.942415,-0.139661,-0.138163,-0.046039,12.938651
360959787422,-0.693131,-0.170206,-1.379696,-0.110142,0.024246,-0.123671,13.042085
361059831709,-2.948173,0.551703,-0.383982,-0.145508,-0.273112,-0.268840,13.149555
361159875996,1.236047,-1.971977,0.751266,-0.009462,-0.224248,-0.142384,12.959892
361259920283,0.084355,-0.744494,1.238905,-0.054123,-0.352644,-0.279684,12.958809
361359964570,1.563957,-2.505626,1.123263,-0.134011,-0.258112,-0.187769,12.942233
361460008857,0.581837,-0.534643,0.854769,-0.180413,-0.280873,-0.118571,13.023634
361560053144,1.911941,-2.353343,0.628059,-0.191040,-0.399238,-0.167621,13.300375
361660097431,0.235542,-0.319085,0.263845,-0.056965,-0.152494,-0.091826,13.262920
361760141718,-0.075274,0.604976,-0.370309,-0.029007,-0.244217,-0.203446,13.272037
361860186005,1.324158,-1.475746,-0.133042,-0.074133,-0.227708,-0.104235,13.355198
361960230292,-0.228134,-0.205951,-0.609937,0.036649,0.184693,0.143611,13.551670
362060274579,1.409428,-0.694981,0.174968,0.021576,0.105575,0.123562,13.552210
362160318866,3.189817,-0.911800,0.208658,-0.043127,-0.173750,-0.104044,13.606890
362260363153,0.758753,-0.395959,0.074087,0.082262,-0.026345,-0.016270,13.667434
362360407440,0.167355,1.078034,0.571110,-0.045432,-0.057376,-0.007822,13.613657
362460451727,-0.219250,1.049201,0.424424,0.019988,0.075315,0.039708,13.623016
362560496014,-1.164637,1.561075,0.036410,0.075336,0.044108,0.046613,13.616666
362660540301,0.623895,0.550154,-0.157321,0.107595,0.138489,0.049573,13.552306
362760584588,-0.715291,1.556022,0.169183,0.157064,0.233699,0.095703,13.504947
362860628875,1.345201,-1.345475,-0.344495,0.106302,0.158101,0.160541,13.474521
362960673162,-0.850021,0.359812,0.151420,0.204098,0.338608,0.195095,13.446271
363060717449,-0.977596,1.290394,0.453796,0.019920,0.110183,0.062151,13.350432
363160761736,-1.761771,1.872394,0.759592,0.154861,0.235020,0.180699,13.370277
363260806023,-0.678597,1.285603,0.391165,-0.018630,-0.024777,-0.004085,13.251166
363360850310,-0.059642,-1.822046,-0.033594,0.033354,0.038605,0.060759,13.279969
363460894596,-1.879936,-1.429400,0.127280,-0.089417,-0.163041,-0.036443,13.303440
363560938883,1.294941,-0.703579,-0.482732,-0.133998,-0.268861,-0.156983,13.287505
363660983170,-0.355997,-0.109572,-0.360532,-0.064684,-0.173260,-0.178678,13.286272
363761027457,1.133727,-1.851478,-0.180946,-0.106330,-0.262990,-0.254976,13.278729
363861071744,-0.109255,0.701219,-0.143474,0.018408,-0.188682,-0.168431,13.285861
363961116031,-0.262162,0.380964,0.675169,-0.043689,-0.230227,-0.130238,13.306035
364061160318,-0.322792,1.070808,0.489397,0.072672,0.055266,0.014083,13.238625
364161204605,-0.037957,0.219231,0.365850,0.036942,0.005915,0.018099,13.261824
364261248892,0.372470,0.394912,-0.210258,0.007752,0.117135,-0.000947,13.351440
364361293179,-0.906581,1.240040,0.014809,0.069611,0.166260,0.071400,13.336665
364461337466,-0.908795,-0.431064,-0.586647,0.029132,-0.043315,0.023636,13.329594
364561381753,-1.513401,-1.345149,-0.046173,-0.021925,-0.165722,-0.118438,13.386787
364661426040,-2.639674,-0.011874,0.170696,0.035225,-0.195302,-0.160756,13.363982
364761470327,0.782911,-2.222972,0.380259,-0.130874,-0.328036,-0.262341,13.348507
364861514614,0.022059,-1.778158,-0.157192,-0.048658,-0.156232,-0.160575,13.385374
364961558901,2.444443,-2.752463,0.038254,-0.155228,-0.326692,-0.255708,13.418018
365061603188,-0.809868,-1.511357,0.055204,0.002562,-0.057305,-0.054598,13.477338
365161647475,-1.774235,1.043478,0.228329,-0.182017,-0.321298,-0.176419,13.537681
365261691762,-1.307459,0.475757,0.043345,0.174343,0.290365,0.234742,13.610948
365361736049,-1.650619,0.221310,-0.109559,0.082664,0.036436,0.051728,13.681356
365461780336,2.390548,-1.734441,-1.129352,0.199432,0.308144,0.208137,13.755887
365561824623,-0.495948,-1.536452,-0.740015,0.102933,0.177434,0.158250,13.802825
365661868910,1.359318,-3.334019,-0.023640,0.201237,0.401359,0.327436,13.855940
365761913197,-1.678243,-0.341738,0.323382,0.254511,0.324525,0.172989,13.920203
365861957484,0.594233,-1.744139,0.191773,0.208446,0.230112,0.086184,13.903988
365962001771,-1.614773,0.492604,0.723891,0.204358,0.307494,0.178342,13.924090
366062046058,-2.536697,0.119255,0.149772,0.061563,0.100268,0.031301,13.953524
366162090345,-2.363247,0.727265,-0.036916,0.080497,0.205189,0.110890,14.025714
366262134632,0.467927,0.213023,-0.571975,0.009156,0.029613,0.029553,14.047832
366362178919,1.913537,-1.215911,-0.474565,-0.003177,0.126620,0.043951,14.080943
366462223206,0.834925,-0.097099,0.395980,-0.135304,-0.068809,-0.095077,14.108370
366562267493,0.333739,-2.041590,0.253625,-0.057787,-0.127669,-0.070407,14.116704
366662311780,-1.580948,-0.692480,0.580853,0.048831,0.063979,0.122238,14.135618
366762356067,-1.040258,-1.489602,0.296546,0.126223,0.191352,0.196364,14.152030
366862400354,-0.722575,-0.105871,0.645890,0.124878,0.104120,0.050038,14.192478
366962444641,-0.125897,0.622776,-0.358075,0.078587,0.035774,0.003300,14.256386
367062488928,0.185467,-0.179691,-0.734820,-0.058287,-0.047862,0.001557,14.278299
367162533215,-0.278307,0.241002,0.863480,-0.163857,-0.097720,-0.140258,14.299735
367262577502,1.015703,-2.664800,-0.715439,0.031980,0.144452,-0.015707,14.349002
367362621789,0.679378,-1.963562,-0.710404,-0.020783,-0.090138,-0.027003,14.369304
367462666076,1.582291,-0.470742,-0.482767,-0.020996,0.013527,-0.002702,14.429814
367562710363,-1.204616,0.254851,0.109008,-0.172997,-0.151454,-0.075259,14.462279
367662754650,0.492788,-0.790025,0.387777,-0.024329,-0.153184,-0.162093,14.533388
367762798937,-0.933290,0.264650,-0.265080,0.015997,-0.141968,-0.079254,14.610263
367862843224,-1.391617,0.574457,-0.069665,-0.101801,-0.217736,-0.089572,14.637506
367962887511,0.048280,-0.550278,0.218468,-0.021519,-0.110740,-0.167791,14.694875
368062931798,-1.631173,-0.586494,0.249665,0.058736,0.040424,0.019319,14.794637
368162976085,0.658384,-0.741383,0.483966,0.044782,-0.049233,0.183081,14.877859
368263020372,-0.039924,-1.786797,0.864932,0.054222,-0.041029,-0.072648,14.858941
368363064658,-0.648212,0.312482,0.373687,0.049212,-0.037928,-0.114882,14.906806
368463108945,-1.487006,0.940304,0.203679,-0.004055,-0.076703,0.039295,15.022575
368563153232,0.099774,-0.566827,-0.672193,0.038945,-0.008075,-0.045414,15.084648
368663197519,-0.007666,-0.342489,-0.378797,0.022093,-0.012733,-0.036824,15.150356
368763241806,-0.200603,0.270895,0.670120,-0.032767,-0.025313,0.028429,15.216727
368863286093,-0.731359,1.296855,0.026001,-0.071793,-0.144091,-0.085264,15.174889
368963330380,-0.805740,0.930112,0.244129,-0.014957,-0.071973,-0.136331,15.173721
369063374667,-0.936217,-0.802071,0.169292,-0.059680,-0.103317,-0.110644,15.224344
369163418954,-0.406376,-0.698065,-0.066248,0.037974,-0.064651,-0.086443,15.220981
369263463241,0.494495,-1.202998,-0.711748,-0.080650,-0.107759,-0.060456,15.196901
369363507528,1.136151,0.272109,0.104687,-0.029343,-0.000230,0.008544,15.178004
369463551815,0.990993,-0.408366,-0.013459,-0.012656,-0.020670,-0.039554,15.193354
369563596102,-0.359229,-1.205421,0.105952,0.063850,-0.034230,0.002877,15.148168
369663640389,0.237162,-0.039092,0.515241,0.004454,-0.179795,-0.057850,15.148058
369763684676,-0.475166,-2.056284,-0.159981,0.069006,-0.041698,-0.115344,15.149077
369863728963,-0.900471,-0.586255,-0.549708,-0.022429,0.055347,0.067448,15.138889
369963773250,0.478912,-0.229126,-0.466028,-0.068830,-0.019045,0.119448,15.147923
370063817537,1.336199,-0.230147,-0.437236,-0.118637,-0.011593,-0.041534,15.137633
370163861824,0.375608,0.943175,0.085746,-0.113786,-0.073108,-0.060450,15.135985
370263906111,0.706799,-1.068648,0.084469,-0.099168,-0.163051,-0.094510,15.111952
370363950398,0.681723,-0.021761,0.970182,-0.036373,-0.038362,-0.055738,15.056320
370463994685,1.020356,-0.154154,0.539457,0.010834,-0.109647,-0.080529,14.983404
370564038972,1.064543,-0.700010,-0.156570,0.054209,0.040829,0.012792,14.977414
370664083259,0.811618,-0.016186,-0.464038,-0.041459,0.084204,-0.001342,14.969529
370764127546,0.507265,-0.572355,-0.615609,-0.043944,-0.027620,0.007851,14.938817
370864171833,1.104340,-0.640429,-0.331536,-0.065696,-0.031760,-0.022610,14.869588
370964216120,0.187849,-1.306195,-0.182235,0.070327,0.031726,0.104528,14.838193
371064260407,0.107250,0.761836,0.359463,0.033878,0.040847,0.047946,14.788909
371164304694,0.621048,0.126730,0.451170,0.002792,-0.069512,-0.056896,14.746285
371264348981,-0.859536,-1.192802,0.069983,0.011719,-0.013839,-0.021008,14.738592
371364393268,-1.315704,1.023607,-0.189620,0.043582,0.171717,0.083990,14.682366
371464437555,-0.261783,0.559659,-0.554637,-0.034226,-0.032092,-0.029922,14.656123
371564481842,1.041593,-0.046349,-0.051694,-0.035315,0.031395,-0.020345,14.659605
371664526129,0.754428,-0.677401,0.100697,-0.034835,0.016550,-0.012541,14.616086
371764570416,0.518217,-0.595189,0.835561,0.086125,0.003496,0.003290,14.608804
371864614703,-0.104775,-0.096901,0.288023,0.035649,-0.005342,-0.024837,14.601902
371964658990,0.295509,0.356472,-0.042970,0.022737,0.016707,0.057985,14.631851
372064703277,-0.587813,0.511819,0.009176,0.009943,0.045123,0.019617,14.649101
372164747564,-0.917453,0.169030,-0.590950,-0.038374,-0.050647,-0.052231,14.676081
372264791851,-1.662607,-0.346416,0.102404,-0.001747,0.121752,0.032109,14.719841
372364836138,-2.431294,1.028965,0.137010,0.042577,0.040817,0.007066,14.742204
372464880425,0.443908,-0.732091,0.190467,0.089822,0.140424,0.097265,14.755843
372564924712,0.300886,0.024642,0.726780,0.096680,0.114990,0.006288,14.791590
372664968999,-0.209683,0.299307,-0.204435,0.063464,-0.014754,-0.073233,14.837292
372765013286,0.070526,0.787454,-0.033256,-0.009787,-0.050025,0.016597,14.920055
372865057573,0.270140,0.546336,0.222849,0.030564,0.108948,0.099120,14.973641
372965101860,-0.691055,0.596204,-0.191883,0.021648,0.117593,0.064899,14.962802
373065146147,0.453290,-1.056549,0.207155,0.073061,0.135264,0.034543,15.023605
373165190434,1.110494,-0.778698,-0.110002,0.044495,0.199715,0.135290,15.058142
373265234720,1.187943,-1.828900,-0.289116,0.005191,0.072599,0.001313,15.043064
373365279007,-0.026743,-0.250971,-0.053660,0.109575,0.211212,0.117524,15.052431
373465323294,-0.621892,2.064514,-0.388914,-0.021620,-0.037257,-0.051316,15.102120
373565367581,-2.232188,-0.191027,-0.217671,-0.002703,0.023790,0.047645,15.077587
373665411868,-1.861721,1.167650,0.481230,-0.079604,-0.097556,-0.093794,15.086307
373765456155,0.102616,0.514159,-0.146840,-0.075758,-0.008318,0.001911,15.097343
373865500442,-0.110140,0.541504,-0.411492,-0.076906,0.052429,-0.000414,15.084064
373965544729,-1.189827,-0.741444,-0.348348,0.083129,0.146173,0.003716,15.119672
374065589016,-1.752874,1.452123,-0.240177,-0.035541,-0.206656,-0.153072,15.128540
374165633303,0.975682,-1.099357,-0.771092,-0.112466,-0.193585,-0.079731,15.088581
374265677590,-1.042540,1.554183,0.392799,-0.067996,-0.118607,-0.073437,15.052685
374365721877,0.405332,1.015393,-0.334016,-0.149630,-0.050247,-0.072453,15.067336
374465766164,-0.024132,0.688213,-0.647853,-0.171549,-0.132081,-0.100306,15.090596
374565810451,1.009693,-1.497286,-0.081796,-0.071686,-0.185845,-0.187623,15.076916
374665854738,0.365332,-1.558476,-0.195825,0.038503,-0.081244,-0.102726,15.076274
374765899025,2.042130,-1.360717,-0.473397,-0.108006,-0.197629,-0.061267,15.038826
374865943312,0.784790,-0.292329,-0.296508,0.068641,0.027301,0.040307,15.039475
374965987599,-1.104081,0.428785,1.038064,-0.016184,-0.022662,0.030890,15.025999
375066031886,-0.752226,-0.626963,0.879466,0.076415,0.152059,0.162676,15.024244
375166076173,0.152145,0.930439,-0.543042,0.058157,0.084143,0.013218,14.996962
375266120460,0.157938,0.197897,-0.691544,-0.029047,0.041031,-0.004312,14.984041
375366164747,-0.873778,-0.765340,-0.020986,0.008510,0.044018,0.060182,15.039594
375466209034,0.999912,-0.807212,-0.157356,0.119549,0.107268,0.105301,15.030529
375566253321,0.211804,0.157043,0.074604,0.116277,0.103566,0.073655,14.929128
375666297608,0.619217,0.439714,-0.248226,0.069632,0.054908,0.030292,14.894311
375766341895,-0.044176,0.165225,-0.379415,-0.009359,0.025164,0.013462,14.889394
375866386182,-0.337045,0.327668,0.975913,-0.103005,-0.045699,-0.084749,14.898277
375966430469,0.360227,-1.417271,-0.210385,-0.025956,-0.121227,-0.049184,14.896327
376066474756,0.234756,-0.752825,-0.349491,0.060619,0.034947,0.050603,14.803496
376166519043,-0.727281,0.548376,0.645183,0.054722,0.062254,0.102496,14.800279
376266563330,-0.281819,-0.569826,0.718683,0.097840,0.047261,0.083937,14.810387
376366607617,-0.812842,0.478315,0.118514,0.124209,0.095956,0.070254,14.748384
376466651904,-0.342135,-0.085984,-0.277184,0.021188,0.018910,0.048113,14.690747
376566696191,-0.098390,1.050369,-0.614322,-0.104644,-0.012043,-0.064657,14.656102
376666740478,0.636903,0.044324,-0.277678,-0.089907,-0.038440,-0.089220,14.689492
376766784765,0.989411,-0.928187,-0.131592,0.001399,-0.080525,-0.049692,14.630227
376866829052,-0.318276,-2.086378,1.184288,0.047156,0.014353,0.050569,14.547861
376966873339,-0.085285,-0.688351,0.657120,0.019900,-0.028005,-0.033083,14.524901
377066917626,0.036261,-0.926660,0.237889,-0.009597,0.068669,0.048659,14.501955
377166961913,-0.731743,0.112049,-0.688425,0.013496,0.018111,0.009493,14.542635
377267006200,-0.396584,-0.549187,-1.298647,0.036574,0.084797,0.010634,14.524502
377367050487,-0.187363,0.190598,0.188032,0.090169,0.034536,0.025070,14.467482
377467094774,0.001242,-0.380796,-0.439301,0.167707,0.017613,-0.029324,14.447950
377567139061,0.368132,-0.573261,-0.278941,0.056792,-0.009374,-0.109963,14.352950
377667183348,-0.635531,-0.486250,-0.359098,0.002923,0.000435,-0.091105,14.358638
377767227635,0.691672,-0.273699,-0.262192,-0.092096,-0.040526,-0.069464,14.326745
377867271922,0.145805,0.800658,0.482948,-0.062605,-0.067202,-0.141968,14.278707
377967316209,-0.464274,-1.245423,-0.328297,-0.145037,-0.060585,-0.012048,14.248694
378067360496,0.729282,-0.453438,-1.049358,-0.069711,0.031470,0.059845,14.209325
378167404782,0.226750,-0.459441,-0.808101,-0.100867,0.026700,-0.046034,14.183579
378267449069,0.747516,-0.303640,0.028908,-0.093422,0.066048,0.002641,14.174683
378367493356,-0.300976,-0.434313,-0.178368,-0.036741,0.014406,0.051201,14.150745
378467537643,-0.558190,-0.739998,-0.130064,-0.035046,-0.054953,0.002843,14.044697
378567581930,0.140293,-0.689571,-0.165282,-0.050306,-0.105904,-0.019420,14.032117
378667626217,0.969076,-0.932545,0.134124,0.027532,0.027129,0.096223,14.002032
378767670504,0.472067,0.124966,-0.222885,0.018071,0.054980,0.036856,13.917029
378867714791,0.963894,-0.941070,-0.322724,0.015062,0.189142,0.108914,13.905190
378967759078,-1.585270,0.226176,-0.293033,0.032877,0.091348,0.099174,13.868528
379067803365,-0.741213,0.181309,0.097812,0.060784,0.169899,0.170470,13.826038
379167847652,-0.924782,0.795368,0.335175,0.066548,0.005178,0.062026,13.718297
379267891939,0.459866,-1.159041,0.310660,0.061114,0.134088,0.146941,13.664589
379367936226,-0.803277,-1.026832,-0.033192,-0.018403,0.015901,0.015872,13.646014
379467980513,1.113397,-0.534297,0.231697,0.056919,0.193956,0.142765,13.610375
379568024800,-2.324538,0.122331,0.139366,0.066165,0.074620,0.020036,13.528353
379668069087,0.109983,-0.652460,-0.018881,0.194392,0.303503,0.175011,13.454513
379768113374,-1.928965,1.730511,0.047037,0.194331,0.377320,0.204449,13.432919
379868157661,0.162373,1.687221,-0.534750,0.076887,0.202175,0.092646,13.372685
379968201948,3.185204,-1.415406,-0.133672,0.177950,0.447283,0.241040,13.317719
380068246235,-2.422713,1.919515,-0.329802,-0.006682,-0.001758,-0.095646,13.296090
380168290522,-2.776802,3.922188,-0.769522,0.135053,0.400549,0.272938,13.209996
380268334809,-0.669434,2.927156,-0.257352,-0.112693,-0.282338,-0.191066,13.088614
380368379096,2.463953,-2.431033,-0.032014,-0.024672,-0.004047,0.045928,13.018470
380468423383,1.656257,1.289136,-0.156008,-0.195928,-0.308293,-0.210593,12.947250
380568467670,2.810061,-1.876675,0.016218,-0.205442,-0.340742,-0.190334,12.847699
380668511957,1.943907,0.462940,-0.906166,-0.034380,-0.179899,-0.181417,12.693993
380768556244,1.737656,1.165056,0.693647,0.006342,-0.135062,-0.142979,12.470926
380868600531,-0.721403,2.915882,-0.418635,-0.029956,-0.415341,-0.419760,12.194376
380968644818,4.334061,-1.543859,-0.764988,-0.125124,-0.240624,-0.184199,11.931444
381068689105,4.117271,1.606091,-0.568454,-0.152928,-0.262909,-0.116173,11.639356
381168733392,5.889714,0.029671,-0.424249,-0.086659,-0.308852,-0.327916,11.341281
381268777679,-2.314239,5.638178,0.354097,-0.312418,-0.750106,-0.493442,11.041565
381368821966,1.394227,2.124304,0.076698,-0.471141,-1.014656,-0.576388,10.683318
381468866253,-0.824617,2.889499,0.377215,-0.047363,-0.266905,-0.195390,10.327831
381568910540,2.510148,-1.049941,0.212649,-0.149513,-0.447910,-0.190548,10.036393
381668954827,3.805327,-0.175842,1.174347,-0.205785,-0.320703,-0.060450,9.795034
381768999114,5.712045,-0.782507,-0.026891,-0.228242,-0.502702,-0.356231,9.517658
381869043401,4.272866,-0.380951,-1.519382,0.014910,-0.129403,0.029700,9.227459
381969087688,1.061691,4.075880,1.206279,-0.208847,-0.203876,-0.068157,8.949665
382069131975,3.876934,-1.404930,0.406402,-0.024787,0.116929,0.156523,8.796636
382169176262,0.268753,0.382916,-0.701227,0.038830,0.215124,0.312105,8.585484
382269220549,1.581622,0.654733,0.558966,-0.081305,-0.043612,0.213913,8.304260
382369264836,1.136519,1.095603,-0.043711,-0.035297,-0.103237,0.109980,8.052997
382469309123,5.819019,-1.899492,-0.360006,0.099477,0.256960,0.295702,7.845958
382569353410,3.806239,-0.972412,-0.173523,0.211487,0.359359,0.328584,7.718106
382669397697,4.023467,0.223852,-0.136975,-0.022765,-0.111182,0.101705,7.558899
382769441984,2.089821,1.707046,-0.106812,0.085977,0.018274,0.100610,7.309629
382869486271,0.405103,2.862465,0.300916,-0.063698,-0.203174,-0.058674,7.084676
382969530558,1.146849,2.048747,-0.004989,-0.064995,-0.074798,0.021777,6.880518
383069574844,0.790292,2.900912,-0.548628,-0.130104,-0.196929,-0.039338,6.637161
383169619131,1.948206,2.503462,-0.686586,-0.102793,-0.157235,-0.059948,6.328893
383269663418,0.222674,2.303128,0.117752,-0.035882,-0.104453,-0.035261,5.989324
383369707705,1.313256,0.649200,0.420523,-0.105763,-0.165466,-0.068119,5.701049
383469751992,1.433018,0.831121,-0.013815,0.001807,-0.052712,-0.009727,5.384536
383569796279,1.975563,1.238710,-0.812219,-0.058516,-0.118052,-0.061085,4.988800
383669840566,1.381557,2.073547,-0.823726,0.008160,0.003793,0.020500,4.728665
383769884853,0.155541,2.051090,-0.386333,0.008407,-0.041081,-0.030215,4.519306
383869929140,0.048175,2.099024,0.132491,0.024334,0.019468,0.020528,4.318304
383969973427,1.389949,2.660681,-0.069576,-0.008058,-0.067426,-0.092034,4.073210
384070017714,1.911000,2.010977,-0.073303,0.029085,0.057702,-0.004119,3.769582
384170062001,1.427670,2.108553,-0.383442,0.009790,0.024240,0.021594,3.474212
384270106288,0.949825,1.603252,-0.370425,0.014669,0.053154,0.013852,3.215765
384370150575,0.498746,1.888946,-0.412039,0.012785,0.032235,0.024233,2.919606
384470194862,0.914279,1.151235,-0.335385,0.035697,0.080739,0.049989,2.648148
384570239149,-0.179310,0.662570,-0.049918,0.014177,0.074596,0.027001,2.383995
384670283436,0.163489,0.242757,-0.010315,0.006407,0.041705,0.027488,2.058678
384770327723,-0.267165,0.544497,0.012580,0.025606,0.058351,0.043331,1.867090
384870372010,-0.003590,0.254551,-0.143709,0.008769,-0.001002,0.007140,1.563955
384970416297,0.224833,-0.064064,-0.170281,0.014370,0.030272,0.003233,1.458399
385070460584,0.166616,-0.108106,-0.175108,-0.004484,-0.023745,-0.025323,1.410223
385170504871,0.264485,-0.285952,-0.141043,-0.004650,-0.013792,-0.004657,1.251404
385270549158,-0.421139,-0.190027,-0.006036,-0.035378,-0.039649,-0.029789,1.152343
385370593445,-0.264514,-0.496665,-0.057782,-0.027104,-0.023368,-0.005968,1.063622
385470637732,-0.466141,-0.316744,0.050070,-0.027369,-0.024919,-0.015571,1.037421
385570682019,-0.358473,-0.630463,-0.063359,-0.012980,-0.036920,-0.003862,0.933651
385670726306,-0.294834,-0.651056,-0.029364,-0.009635,-0.021173,-0.005357,0.929685
385770770593,-0.360053,-0.763967,0.057897,-0.000673,-0.021615,-0.011318,0.896572
385870814880,-0.478940,-0.890278,-0.028377,-0.011259,-0.043070,-0.002846,0.892241
385970859167,-0.256439,-0.501150,-0.099994,-0.017182,-0.047652,-0.004734,0.891212
386070903454,-0.563261,-0.311612,-0.077101,-0.024477,-0.054253,-0.015264,0.882344
386170947741,-0.204632,-0.250183,-0.141161,-0.011533,-0.042499,-0.004437,0.787768
386270992028,-0.274734,0.010880,-0.049028,-0.026551,-0.053884,-0.000593,0.914662
386371036315,-0.348796,-0.285965,-0.097563,-0.021410,-0.029642,-0.008644,0.887427
386471080602,-0.414442,-0.434281,-0.057987,-0.008894,-0.036575,-0.015595,0.855997
386571124889,-0.469446,-0.809080,-0.061386,-0.038572,-0.046873,-0.012490,0.794284
386671169176,-0.508405,-0.662738,-0.018547,-0.020013,-0.031896,-0.024187,0.659127
386771213463,-0.477228,-0.868346,-0.072055,-0.023779,-0.043298,0.000269,0.667619
386871257750,-0.361229,-0.929193,0.065112,-0.031537,-0.050552,-0.002916,0.674044
386971302037,-0.454072,-0.715683,-0.105394,-0.024845,-0.040663,0.033356,0.608043
387071346324,-0.820389,-0.683207,0.108046,-0.042075,-0.062084,0.002001,0.653253
387171390611,-0.780223,-0.698403,-0.003838,-0.033046,-0.059271,0.003445,0.633914
387271434898,-0.640992,-0.045785,0.091388,-0.063669,-0.106893,-0.026686,0.674331
387371479185,-0.143671,-0.567300,-0.202265,-0.029289,-0.079856,-0.005741,0.644446
387471523472,-0.352445,-0.305928,-0.117406,-0.043147,-0.111417,-0.034312,0.653056
387571567759,0.041624,-0.317551,-0.153377,-0.036805,-0.075755,-0.015952,0.711519
387671612046,-0.739441,0.117096,0.112672,-0.064867,-0.095430,-0.027107,0.571061
387771656333,-0.319029,-0.300077,-0.052333,-0.038687,-0.096244,-0.021426,0.601209
387871700620,-0.859861,0.053410,-0.050499,-0.025618,-0.066601,-0.029563,0.565558
387971744906,-0.707955,-0.440130,-0.013827,-0.056603,-0.088641,-0.046284,0.434309
388071789193,-0.989430,-0.406881,0.014081,-0.034649,-0.045261,-0.010236,0.480036
388171833480,-0.619450,-0.687054,0.032389,-0.027242,-0.066541,-0.025747,0.371818
388271877767,-0.347071,-0.924251,-0.099960,-0.010420,-0.017787,0.001234,0.234849
388371922054,-0.299733,-0.907141,-0.080306,-0.021993,-0.054802,-0.029142,0.269983
388471966341,-0.629308,-0.731829,-0.002361,-0.002312,-0.003477,0.012528,0.261527
388572010628,-1.069582,-0.524188,0.069750,-0.006197,-0.033058,-0.021081,0.207050
388672054915,-0.755949,-0.464617,0.062751,0.008426,0.002989,0.009437,0.222735
388772099202,-0.865438,-0.539401,-0.070546,-0.014858,-0.007426,0.011766,0.242210
388872143489,-0.690843,-0.714815,0.020719,-0.004451,0.004145,0.014002,0.220551
388972187776,-0.638332,-0.688259,0.008794,-0.001410,-0.003374,0.009169,0.200283
389072232063,-0.708646,-0.781799,0.027414,-0.006931,-0.030813,-0.000672,0.170027
389172276350,-0.755439,-1.151304,0.011561,-0.009590,-0.007556,-0.004332,0.127476
389272320637,-0.728949,-1.076024,0.030124,-0.000806,-0.023005,-0.006513,0.123638
389372364924,-0.610097,-0.991652,0.017483,-0.006401,-0.007215,0.012916,0.109657
389472409211,-0.883111,-1.032396,0.099507,-0.007221,-0.035689,-0.003954,0.109492
389572453498,-0.855041,-1.161342,0.010469,-0.001160,-0.021751,0.005356,0.151190
389672497785,-0.764089,-0.897963,0.023498,-0.003230,-0.034426,-0.006848,0.181215
389772542072,-0.567325,-0.807650,-0.027250,0.014149,-0.016063,-0.005592,0.204475
389872586359,-0.718105,-0.816142,-0.050130,-0.002903,-0.028344,-0.000108,0.214740
389972630646,-0.618926,-0.694504,0.005402,0.004710,-0.023974,0.009099,0.218936
390072674933,-0.644971,-0.479221,0.050546,-0.007825,-0.029772,-0.000133,0.248262
390172719220,-0.610054,-0.540055,-0.105047,0.003722,-0.017302,-0.002302,0.279291
390272763507,-0.632557,-0.601012,-0.029261,-0.005320,-0.019837,-0.002312,0.244095
390372807794,-0.550961,-0.641672,-0.061642,-0.007325,-0.023365,0.008568,0.257785
390472852081,-0.633959,-0.451740,0.049912,-0.011345,-0.023541,-0.000395,0.279817
390572896368,-0.709309,-0.548098,0.018259,-0.000305,-0.011375,-0.001122,0.227192
390672940655,-0.620199,-0.524639,-0.005717,0.001735,-0.014546,-0.008475,0.202464
390772984942,-0.560929,-0.475136,-0.059268,-0.007135,-0.008551,-0.001405,0.185703
390873029229,-0.754474,-0.404799,0.021787,-0.014871,-0.015776,0.000405,0.173509
390973073516,-0.578582,-0.522149,-0.038304,0.001428,-0.009543,0.001204,0.154264
391073117803,-0.670963,-0.459943,-0.008222,-0.007129,-0.002393,-0.011741,0.125308
391173162090,-0.637501,-0.889717,0.000577,-0.005286,-0.005268,-0.008915,0.093573
391273206377,-0.812728,-0.995296,0.030601,-0.020877,-0.007865,-0.014649,0.041076
391373250664,-0.670539,-0.855421,0.034542,0.000795,0.004330,-0.006063,0.022762
391473294951,-0.727540,-0.776593,-0.027792,-0.005877,-0.014960,-0.001878,0.018280
391573339238,-0.575067,-0.548678,-0.024588,-0.010994,-0.009471,-0.003973,0.037520
391673383525,-0.703123,-0.664714,0.037580,0.016198,0.011360,0.006482,0.014831
391773427812,-0.679101,-0.727715,0.029805,-0.005725,-0.003240,-0.009608,0.027549
391873472099,-0.458714,-0.716446,-0.054464,0.010318,0.006651,0.013137,0.019784
391973516386,-0.631725,-0.673447,0.036459,-0.005321,-0.000110,0.005601,0.008171
392073560673,-0.632917,-0.752247,-0.015628,0.013444,0.008885,0.003933,0.008972
392173604960,-0.669993,-0.678500,0.028665,0.000870,0.011105,0.001419,0.023903
392273649247,-0.520429,-0.639368,-0.043553,-0.003536,-0.001996,0.007306,0.023161
392373693534,-0.629425,-0.704848,0.002573,0.000730,0.007086,0.009430,0.009238
392473737821,-0.579071,-0.770475,-0.022653,0.010951,0.000508,0.003565,0.010940
392573782108,-0.495528,-0.621716,0.012964,-0.000334,0.009399,-0.002386,0.017360
392673826395,-0.540701,-0.646935,0.005660,-0.003846,-0.005250,0.003554,0.008635
392773870682,-0.601832,-0.685132,0.006617,-0.010505,-0.003106,0.003690,0.007873
392873914968,-0.468561,-0.565123,-0.056022,0.005185,-0.005824,-0.000402,0.010531
392973959255,-0.450627,-0.688660,-0.051063,-0.009568,-0.002565,-0.007927,0.011727
393074003542,-0.456030,-0.590639,-0.050717,-0.001518,-0.002839,0.006331,0.009067
393174047829,-0.449480,-0.406178,0.028651,-0.006724,-0.009473,0.000275,0.014638
393274092116,-0.545881,-0.545154,-0.028827,0.010707,0.012566,-0.004621,0.007271
393374136403,-0.481709,-0.427864,0.028181,-0.005254,-0.013321,0.005329,0.007596
393474180690,-0.450120,-0.644600,-0.032988,0.007120,0.013416,0.005797,0.014865
393574224977,-0.287159,-0.387975,0.037242,0.018571,0.007115,-0.002517,0.022924
393674269264,-0.487214,-0.789432,-0.023605,-0.000149,-0.000185,0.000725,0.020461
393774313551,-0.451798,-0.747480,-0.088471,0.001914,0.002829,0.003798,0.022605
393874357838,-0.537418,-0.929032,0.001694,0.001478,0.002747,0.007942,0.015007
393974402125,-0.505075,-0.846865,-0.057417,-0.019063,-0.003687,0.001477,0.011324
394074446412,-0.364927,-0.728625,0.031130,0.004883,0.001954,0.012367,0.005114
394174490699,-0.567079,-0.786239,0.026300,0.000239,-0.005965,0.008162,0.031403
394274534986,-0.250302,-0.801153,-0.006403,-0.001764,-0.012270,0.010096,0.046908
394374579273,-0.270309,-0.744599,-0.086401,-0.002588,-0.007432,0.022672,0.103373
394474623560,-0.169169,-0.978345,-0.056436,-0.012967,-0.038288,0.000408,0.119664
394574667847,-0.398201,-0.912810,-0.041988,-0.006377,-0.013625,0.005819,0.130919
394674712134,-0.550148,-0.605182,0.069303,-0.020622,-0.062716,-0.007822,0.182733
394774756421,-0.549576,-0.749140,-0.009867,-0.017503,-0.031397,0.013429,0.209479
394874800708,-0.254012,-0.914672,-0.017309,-0.032266,-0.052898,-0.004389,0.277259
394974844995,-0.262060,-0.901388,-0.063190,-0.016620,-0.044657,0.020731,0.334232
395074889282,-0.455317,-0.805859,-0.041958,-0.041752,-0.068821,-0.001357,0.336958
395174933569,-0.068995,-0.706985,-0.025157,-0.004153,-0.042253,0.013696,0.374478
395274977856,-0.214122,-0.740088,-0.043930,-0.041992,-0.074520,0.013723,0.413465
395375022143,0.136027,-0.631856,-0.079711,-0.020249,-0.042679,0.027995,0.445910
395475066430,-0.460244,-0.763460,-0.824505,-0.195926,-0.056602,0.104344,0.491422
395575110717,-1.732198,-2.072304,-1.177354,-0.286500,-0.037049,0.251813,0.526422
395675155004,1.105728,-0.265694,0.808987,0.160162,-0.224066,-0.217077,0.515935
395775199291,-0.772331,-1.722479,-0.998801,0.099549,-0.168986,-0.111780,0.612981
395875243578,-0.514191,-1.201815,-0.475638,-0.090106,-0.124082,0.055971,0.596573
395975287865,0.365710,-1.172113,0.198230,-0.084028,-0.129548,0.006403,0.592130
396075332152,-0.779763,-1.573677,0.238762,-0.125138,-0.111967,0.040358,0.641310
396175376439,0.470944,-1.974450,0.025029,-0.075702,-0.238549,-0.054873,0.686890
396275420726,0.437731,-1.360116,-0.197808,-0.167183,-0.291360,-0.015894,0.742197
396375465013,0.824599,-1.949809,-0.359617,-0.212047,-0.339740,0.001900,0.820461
396475509300,0.988303,-0.670974,-0.436941,-0.181071,-0.329101,0.027477,0.884739
396575553587,0.476455,-2.034494,-0.185456,-0.242085,-0.373594,-0.027308,1.047058
396675597874,1.035299,0.068283,-0.549165,-0.267605,-0.344561,-0.013241,1.204617
396775642161,1.027512,-2.048037,-0.172114,-0.269085,-0.445318,-0.047420,1.376996
396875686448,1.061999,-1.240372,-0.020020,-0.215849,-0.483591,-0.051065,1.575427
396975730735,1.416054,-1.012449,0.100609,-0.209851,-0.503926,-0.051263,1.587976
397075775022,1.657310,-0.859709,-0.478829,-0.224794,-0.505967,-0.028324,1.749552
397175819309,1.081144,0.644995,0.069436,-0.248120,-0.471858,0.046396,1.879977
397275863596,0.841350,1.167692,0.094333,-0.315269,-0.505521,-0.008177,2.121786
397375907883,1.871117,0.627116,-0.503332,-0.330322,-0.618342,-0.129511,2.175930
397475952170,2.292148,0.483865,-0.512818,-0.286681,-0.578047,-0.060957,2.281875
397575996457,1.634087,0.039537,-0.433486,-0.186536,-0.552221,0.053563,2.370986
397676040744,1.786831,0.897736,-0.705359,-0.166150,-0.507030,0.079309,2.515001
397776085030,0.556488,0.501789,0.052486,-0.193998,-0.485987,0.083243,2.656869
397876129317,0.508811,0.275045,0.237811,-0.255606,-0.510107,0.029700,2.745351
397976173604,1.113577,0.049069,-0.247275,-0.240580,-0.462571,-0.003570,2.884933
398076217891,0.335537,0.217237,0.216479,-0.214531,-0.464731,-0.122961,2.994616
398176262178,0.690978,0.692815,-0.238131,-0.207372,-0.513829,-0.087752,2.991736
398276306465,0.257857,0.715017,0.473574,-0.215874,-0.536023,-0.041543,3.072489
398376350752,0.840854,0.432677,-0.343608,-0.248636,-0.487282,-0.055675,3.158748
398476395039,1.392184,-0.080221,-0.108137,-0.204509,-0.413867,-0.028326,3.230421
398576439326,1.679869,-0.605142,-0.238073,-0.147383,-0.427209,-0.011422,3.148423
398676483613,1.710142,-0.380593,0.273802,-0.162485,-0.323932,-0.006890,3.283983
398776527900,-0.592046,0.261371,-0.267391,-0.140887,-0.359321,-0.036524,3.498047
398876572187,-0.160062,1.035546,-0.552903,-0.105457,-0.251637,0.028522,3.427029
398976616474,0.500977,-0.264840,-0.323746,-0.125131,-0.319018,-0.057196,3.504925
399076660761,1.150980,0.871346,0.073673,-0.097305,-0.119568,0.071283,3.428842
399176705048,0.441902,0.051295,0.031795,-0.040639,-0.144333,0.042072,3.742516
399276749335,0.327581,0.847537,0.253585,-0.139819,-0.185173,0.125821,3.946977
399376793622,1.451084,-0.177894,-0.220236,-0.218767,-0.290251,0.063859,4.155063
399476837909,1.827567,-1.488666,-0.166950,-0.068263,-0.149614,0.032715,4.335671
399576882196,0.777482,-0.738341,-0.289270,-0.029982,-0.134595,0.037232,4.493056
399676926483,0.718373,-1.018278,0.066610,-0.059147,-0.072498,0.004443,4.648980
399776970770,1.128674,-0.394466,0.039350,-0.053183,-0.088563,-0.031977,4.898166
399877015057,1.175484,-0.741489,-0.166998,-0.060779,-0.038067,-0.016400,5.092228
399977059344,1.399023,-0.943760,-0.046623,0.006042,-0.007305,-0.047758,5.129399
400077103631,1.252212,-1.113393,0.208151,-0.007285,-0.018819,0.057898,5.256110
400177147918,1.502512,-1.156129,-0.861435,0.057869,-0.060001,-0.030575,5.332463
400277192205,1.274413,0.294069,-0.642049,0.041196,-0.017042,0.004611,5.437377
400377236492,1.426699,0.365516,-0.554555,0.104410,0.170280,0.063636,5.648866
400477280779,1.577042,0.192218,-0.000132,-0.024688,-0.112501,-0.067471,5.928672
400577325066,1.083217,0.506422,0.479384,0.038523,-0.030413,-0.035010,6.084783
400677369353,0.841010,-0.376094,0.133772,-0.004146,-0.037665,0.004010,6.158177
400777413640,1.006666,-0.304476,-0.610804,-0.046321,-0.071805,-0.014819,6.440527
400877457927,0.936687,-0.440690,-0.329220,-0.017631,0.006918,-0.014567,6.587095
400977502214,0.741140,-0.242017,-0.233059,-0.059612,-0.041636,-0.046129,6.634070
401077546501,1.940371,-0.542230,-0.521570,0.070997,0.058074,0.006445,6.812547
401177590788,0.683554,-0.909418,-0.051750,0.048999,0.090807,0.041730,6.938027
401277635075,0.947098,-0.980556,0.320540,0.053922,0.028347,-0.039824,7.161851
401377679362,0.909514,-0.233801,-0.500349,0.036747,0.076398,0.071479,7.263587
401477723649,1.201585,-0.189374,-0.305547,0.056850,0.041133,-0.000894,7.338938
401577767936,0.670175,-0.924958,0.305124,0.061650,-0.003504,0.002064,7.478997
401677812223,1.005217,-0.882798,-0.411261,0.064325,-0.006466,-0.045654,7.618287
401777856510,0.244478,-0.874246,-0.528736,0.020098,0.123110,0.073078,7.762461
401877900797,-0.169837,-1.181003,-0.286090,-0.021239,-0.054712,-0.039664,7.926566
401977945084,1.100961,-1.025283,-0.062647,0.026400,-0.079427,-0.018611,8.000696
402077989371,0.303279,-0.011902,0.171592,-0.013573,0.145732,0.122723,8.135894
402178033658,0.871768,-1.144609,-0.365498,-0.013199,0.050610,0.058683,8.273205
402278077945,1.741194,-0.803789,-0.140356,-0.091611,-0.016794,0.067561,8.434026
402378122232,0.689950,0.719979,-0.104718,0.124669,0.126471,-0.061587,8.423370
402478166519,0.000100,-1.621567,-0.028497,0.010512,-0.039581,-0.121173,8.547660
402578210806,-1.077777,-0.847669,0.553317,-0.007086,-0.002689,0.038631,8.619568
402678255092,-0.564624,0.378856,0.029661,-0.025136,0.037911,0.017740,8.816701
402778299379,1.394378,-0.633017,-0.017345,0.037875,-0.059842,0.015826,8.926961
402878343666,0.868525,-0.447448,-0.577407,0.018109,0.029997,-0.033631,9.070799
402978387953,-0.065820,-0.788426,-0.036928,0.085552,0.074925,0.004725,9.280742
403078432240,0.519111,-0.733959,0.064687,0.075859,-0.093851,-0.097513,9.219955
403178476527,-0.639659,0.273856,0.356800,0.089434,-0.021400,0.016056,9.186948
403278520814,-0.017991,-1.035136,-0.512802,0.039881,-0.092150,-0.022802,9.363437
403378565101,0.195573,0.364710,0.219057,0.061814,0.084647,-0.029666,9.479598
403478609388,0.078914,-1.524107,-0.646794,-0.163546,-0.232379,-0.099723,9.500458
403578653675,0.495122,1.619045,-0.169888,-0.100747,-0.095728,-0.204515,9.620621
403678697962,-1.099505,-1.774187,0.539514,-0.173176,-0.230275,-0.158069,9.626167
403778742249,1.099150,1.606979,-1.119881,-0.129528,-0.163854,-0.184114,9.672477
403878786536,0.415838,-1.671120,-0.891250,-0.145064,-0.176866,-0.186372,9.708173
403978830823,0.689806,1.773560,-0.028648,-0.085627,-0.237290,-0.117619,9.764472
404078875110,-0.106735,-0.055453,-0.410099,-0.099126,-0.152969,-0.081552,9.889138
404178919397,1.006688,2.427574,-0.400704,-0.156297,-0.325884,-0.188104,9.981367
404278963684,0.299588,-2.004400,-0.222624,-0.005977,-0.102400,-0.035102,10.029641
404379007971,-0.570553,-1.036819,-0.098962,-0.201660,-0.167938,-0.140076,10.121672
404479052258,-0.212600,-1.886147,-0.360566,0.077194,0.122985,0.018310,10.195273
404579096545,-0.240026,-2.330291,-0.203460,-0.061439,0.004992,0.052622,10.224708
404679140832,1.449788,2.039370,0.067578,0.058744,0.219922,0.219817,10.353975
404779185119,1.324562,-0.756162,-0.551326,-0.020023,0.083200,-0.008307,10.420158
404879229406,0.880764,0.684162,0.518300,-0.048256,0.050034,0.047565,10.504157
404979273693,1.625928,0.334250,-0.887896,0.068413,0.186589,0.137781,10.582684
405079317980,1.404193,0.854549,-0.620883,0.002915,-0.099221,-0.108642,10.643223
405179362267,-1.074400,-0.008172,-0.048322,0.052205,0.086023,0.135316,10.763682
405279406554,-0.330572,-1.684869,-1.200870,0.003167,-0.046957,-0.066997,10.872233
405379450841,-0.052275,-0.907404,-0.439944,-0.069951,0.038115,0.045044,10.915346
405479495128,0.795353,-2.237588,-0.929023,-0.065806,-0.156335,-0.091451,11.044329
405579539415,-1.154787,0.709578,-0.240977,-0.062155,-0.226092,-0.088654,11.115881
405679583702,-1.814931,-2.712420,-0.503278,0.009672,-0.093623,-0.152900,11.165019
405779627989,-0.525723,-1.338394,0.049990,-0.122835,-0.186440,-0.015338,11.251531
405879672276,0.931138,5.212852,-0.181328,0.188256,0.458531,0.464935,11.364283
405979716563,0.579032,1.217004,-1.919383,-0.136199,0.006933,-0.155756,11.438321
406079760850,1.550547,5.773680,0.275384,0.233486,0.816805,0.249220,11.495644
406179805137,-0.788361,-3.557444,0.271494,0.360337,0.533286,0.544947,11.537315
406279849424,2.453151,7.943346,-0.876246,0.480001,0.675349,0.439597,11.570507
406379893711,-2.016791,-6.097143,0.753352,0.553426,0.993873,0.685203,11.622439
406479937998,-0.783877,-1.547157,0.725762,0.141510,0.316288,0.335751,11.716269
406579982285,-3.606938,-7.189160,0.096367,0.414071,0.962900,0.620043,11.791377
406680026572,0.262305,0.698965,0.197160,-0.159194,0.058499,-0.016212,11.888139
406780070859,1.371430,2.990048,-0.547184,0.250752,0.462040,0.452492,11.872190
406880115146,0.736422,3.586173,0.376421,-0.115951,-0.142239,-0.026479,11.955188
406980159433,0.785877,1.871537,0.084480,0.146289,0.180085,0.076211,11.985181
407080203720,-1.346595,-3.527971,0.273132,-0.157064,-0.266378,-0.168114,11.966894
407180248007,-0.512664,0.586598,-0.841201,-0.102382,-0.079689,-0.033558,12.067827
407280292294,-0.841136,-3.680241,0.685603,-0.281488,-0.272134,-0.254787,12.251351
407380336581,-0.194456,0.689118,-0.581657,-0.235468,-0.314768,-0.107541,12.233764
407480380868,-1.416974,-2.804094,0.200413,-0.045649,0.091520,0.097167,12.160607
407580425155,-0.737741,-0.874827,-1.550637,-0.265208,-0.259298,-0.155415,12.277025
407680469441,0.305823,2.362466,-0.684086,0.023441,0.317598,0.132446,12.329900
407780513728,-0.358385,0.280202,-0.278873,0.001301,-0.005907,-0.021595,12.342157
407880558015,-0.231894,-0.206002,0.193541,-0.047948,0.064329,0.016946,12.343889
407980602302,2.591577,-0.325990,-0.638375,0.065940,-0.051219,-0.081147,12.369861
408080646589,-0.992381,-2.180202,0.675711,-0.250496,-0.418969,-0.191560,12.407474
408180690876,0.513076,3.896033,-1.290895,-0.236186,-0.175546,-0.276550,12.544105
408280735163,-3.189808,-2.827292,0.267272,-0.429886,-0.587910,-0.413413,12.547640
408380779450,0.402092,3.179244,-1.102263,-0.336154,-0.327803,-0.411108,12.708953
408480823737,-2.042142,-6.371789,1.393529,-0.313928,-0.579725,-0.420361,12.666494
408580868024,1.333634,0.472295,0.609846,-0.154461,-0.496868,-0.437857,12.742414
408680912311,-1.017132,-4.049019,0.257334,-0.174898,-0.308124,-0.132055,12.555527
408780956598,1.290759,2.419939,-1.496241,-0.343516,-0.345149,-0.280664,12.736837
408881000885,-1.458688,1.713052,0.045370,-0.119889,0.045810,-0.020683,12.927013
408981045172,2.715011,-0.227223,-0.135814,-0.058313,-0.182826,-0.171447,13.054567
409081089459,-1.493111,-1.369746,1.019069,0.109519,0.207869,0.285422,12.709564
409181133746,-0.225275,-0.066171,0.039325,0.055102,0.122328,0.119721,12.919351
409281178033,4.763257,-1.812081,0.645802,0.159586,-0.015936,0.053137,12.628392
409381222320,-3.882352,-0.083902,-0.184049,0.043501,-0.153098,-0.135878,12.730232
409481266607,-0.833952,0.402269,0.442852,-0.142973,-0.257604,-0.223479,12.769669
409581310894,-2.270414,-0.910859,-0.192982,-0.084188,0.026394,0.029884,12.813610
409681355181,-0.606840,0.889110,-0.063686,-0.252240,-0.423308,-0.215242,13.045356
409781399468,2.031500,5.282312,-0.857615,0.200572,0.316535,0.307792,12.898944
409881443755,0.475230,2.708616,-0.857110,-0.142287,-0.231757,-0.201865,12.845745
409981488042,0.231196,3.430674,0.239565,0.153839,0.417005,0.275701,12.861997
410081532329,-1.876097,-3.972395,0.934946,0.035280,0.192176,0.241383,12.903480
410181576616,0.936946,6.324841,0.067800,0.092387,0.418994,0.123607,13.068526
410281620903,-0.909837,-3.993597,1.245226,0.407742,0.665922,0.521227,13.037912
410381665190,-1.089609,-4.426083,2.649722,-0.008202,-0.169547,-0.093219,12.989482
410481709477,-1.211925,-3.666703,2.144335,0.320156,0.373983,0.193776,12.924748
410581753764,-1.727806,-4.159171,2.649206,-0.401526,-0.741148,-0.504497,12.983933
410681798051,0.897813,8.451790,-0.373560,-0.111358,-0.386778,-0.201604,13.072028
410781842338,-0.840623,-4.085074,-0.272089,-0.474940,-0.839587,-0.452636,13.167397
410881886625,1.104467,9.497975,-2.331321,-0.494901,-0.761942,-0.449084,13.202287
410981930912,2.163343,-2.499816,-2.073492,-0.289654,-0.620361,-0.397229,13.184718
411081975199,6.743792,4.918490,-1.242049,-0.611222,-0.827885,-0.628591,13.184099
411182019486,0.247458,-2.878164,0.894872,0.024513,0.220101,0.228182,13.187506
411282063773,-3.433080,-10.319064,2.866616,-0.637097,-0.603479,-0.413057,13.136310
411382108060,-2.141220,-6.698395,2.629129,-0.006691,0.416962,0.521294,13.208705
411482152347,-0.298105,-2.816880,-0.478948,-0.329381,-0.700409,-0.515321,13.256611
411582196634,0.212799,8.108791,0.226134,0.398000,0.523078,0.428977,13.252324
411682240921,0.166267,0.955117,0.036953,-0.010074,-0.111326,-0.020821,13.296832
411782285208,1.518926,4.704645,-0.629033,0.274018,0.573507,0.294994,13.455972
411882329495,-0.695847,-2.337129,-0.287651,0.214372,0.461688,0.359668,13.509324
411982373782,0.280861,5.122671,-0.277345,0.240502,0.415925,0.248136,13.504050
412082418069,-1.002976,-3.200166,0.909377,0.323478,0.522323,0.325159,13.357713
412182462356,-0.990677,-1.646294,0.999918,0.010586,0.104260,0.049533,13.482936
412282506643,-2.227471,-2.526172,0.457459,0.180517,0.382059,0.271529,13.570428
412382550930,-0.345960,0.137151,-0.221963,-0.047619,-0.099732,0.062888,13.607627
412482595217,-1.498801,2.745811,-0.137318,0.011127,0.116843,0.037396,13.661007
412582639503,-0.754294,-0.133469,1.395952,-0.279798,-0.397292,-0.327181,13.633923
412682683790,0.394983,3.642578,-1.856670,-0.186988,-0.087713,0.013429,13.635987
412782728077,-1.858950,-2.448485,0.038057,0.185111,0.317425,0.243923,13.620591
412882772364,0.072257,-0.624127,-0.414074,-0.056860,0.028595,-0.138073,13.661779
412982816651,-0.876513,-5.084159,0.450481,-0.294578,-0.470158,-0.320822,13.650407
413082860938,0.920486,0.371975,0.985638,-0.034053,-0.186334,-0.095012,13.582124
413182905225,0.126356,-1.388663,1.215843,-0.104299,-0.144080,0.001614,13.450519
413282949512,1.050463,2.678937,0.273233,-0.189414,-0.374217,-0.262586,13.476572
413382993799,-1.148844,2.139416,-0.273830,0.049895,-0.055044,-0.100490,13.548498
413483038086,0.720601,3.212771,-0.737557,-0.252066,-0.367122,-0.247015,13.573567
413583082373,-1.802265,-2.240685,0.717787,-0.076305,-0.150236,-0.057757,13.640038
413683126660,-3.063036,-1.521978,-0.834482,-0.102910,-0.226346,-0.231997,13.560000
413783170947,1.239583,4.504587,-0.942090,-0.007789,0.417435,0.161120,13.605107
413883215234,-0.539468,-3.062288,1.792808,0.378106,0.433495,0.373852,13.613895
413983259521,2.132220,-0.576268,1.348150,0.367312,0.433855,0.237225,13.489785
414083303808,-1.246733,-5.745315,1.074569,0.403848,0.582022,0.509042,13.701490
414183348095,-0.932737,4.574975,-1.142968,0.216631,0.243160,0.206350,14.040607
414283392382,1.092344,2.062467,-0.532148,0.257086,0.575005,0.323293,14.214943
414383436669,-1.622722,5.261036,-0.377061,-0.283353,-0.327864,-0.302117,13.971058
414483480956,2.012403,2.305908,-0.506111,0.105092,0.279439,0.239980,13.776138
414583525243,2.228383,4.243200,-0.079926,-0.225150,-0.493832,-0.395155,13.806523
414683569530,0.401693,0.527408,-0.438034,-0.139888,-0.076637,-0.039294,13.879108
414783613817,-1.151318,-3.670043,0.425325,-0.252522,-0.338512,-0.227859,13.846749
414883658104,0.178612,0.496289,-0.741964,-0.140311,-0.236172,-0.123943,13.856414
414983702391,-0.979397,-0.638879,-0.365289,-0.188741,-0.084582,-0.066916,14.009037
415083746678,2.269009,1.041542,-0.539008,-0.049353,-0.125704,-0.117645,13.930813
415183790965,-0.628730,0.453467,0.496071,0.019213,-0.056642,0.005431,14.036617
415283835252,-0.499656,0.988714,0.925472,0.013158,-0.208145,-0.176811,14.055056
415383879539,0.488724,-0.016781,-1.334569,0.164921,0.129010,0.072389,14.086742
415483923826,-1.037628,-2.371582,-0.024387,-0.061458,-0.051553,0.003288,14.080467
415583968113,1.261064,-0.967295,0.140605,-0.043442,0.017197,0.002108,14.178817
415684012400,-0.897143,-0.183803,0.751696,0.104726,-0.115403,-0.044348,14.178686
415784056687,0.030400,2.552260,0.800633,0.232230,0.278316,0.218874,14.132972
415884100974,-1.111239,-1.714631,0.850021,0.206552,0.114214,0.046273,14.221716
415984145261,0.299247,0.542344,-0.699257,0.117563,0.011111,-0.092229,14.265244
416084189548,-0.239907,1.886253,-0.886029,0.038574,0.302137,0.194450,14.328933
416184233835,1.248338,0.612162,-0.185020,-0.137305,-0.158074,0.053416,14.368546
416284278122,0.047267,1.974639,-0.947287,-0.075480,-0.031221,-0.071891,14.340178
416384322409,-1.618356,-0.899702,0.037367,-0.131248,-0.055915,-0.133277,14.423364
416484366696,-1.000304,0.927268,0.120018,-0.047054,-0.097427,-0.055198,14.425705
416584410983,-0.885829,-1.562523,0.184668,-0.004288,-0.077614,-0.101027,14.455179
416684455270,-0.245781,-0.679924,0.104649,-0.016923,-0.194022,-0.110750,14.518353
416784499557,-1.290927,-1.133296,0.745864,0.075569,0.044502,0.038543,14.528185
416884543844,0.447670,-0.222249,0.598746,0.017224,-0.022430,-0.016048,14.512791
416984588131,-0.320083,1.132511,0.670249,0.033189,0.064068,0.121827,14.602107
417084632418,-0.454655,-0.227371,0.058692,0.011787,0.021585,-0.047673,14.650391
417184676705,-1.118460,0.385841,-0.464109,0.030493,0.119149,-0.017401,14.706917
417284720992,-0.765944,-0.280452,-0.125990,0.011561,0.035223,0.097279,14.610916
417384765279,-1.218660,-1.120274,0.261501,-0.072276,-0.097485,-0.079010,14.654812
417484809565,0.926067,0.283156,-0.586996,-0.054027,0.083677,0.030856,14.713463
417584853852,-0.683747,1.112760,-1.380935,0.117556,0.196631,0.211613,14.664197
417684898139,-0.862972,-2.914435,0.225820,0.133680,0.349764,0.301912,14.632664
417784942426,0.416625,-1.072875,1.077061,0.026873,-0.049949,0.014365,14.753943
417884986713,0.408539,0.987884,1.618710,0.148273,0.030093,0.058182,14.825215
417985031000,-0.952231,-0.960244,0.090470,0.054092,-0.049213,-0.103242,14.740355
418085075287,-1.122824,-2.004457,-0.863672,-0.108179,-0.215875,-0.191089,14.897584
418185119574,-1.451001,1.490237,-0.799767,-0.136791,-0.093975,-0.120004,14.998752
418285163861,-1.097721,0.779516,0.686420,-0.003962,-0.137305,-0.047987,14.954808
418385208148,1.696325,0.846441,-1.492819,-0.209050,0.070256,0.082576,14.898136
418485252435,-2.810146,-0.951995,1.723204,-0.256719,-0.064668,-0.129414,14.939494
418585296722,-0.944102,-1.150863,1.038946,0.171525,0.003967,0.015018,14.937867
418685341009,-1.063373,0.372710,-0.511061,0.015398,-0.027326,0.058830,15.065782
418785385296,-1.719101,-1.326290,-0.351891,-0.130372,-0.037369,-0.165046,15.032555
418885429583,-0.840216,-0.422882,-0.121947,-0.029947,0.039102,0.027903,15.089738
418985473870,0.039119,1.537077,-1.437611,-0.139618,-0.092172,-0.162775,15.180412
419085518157,-1.495926,0.475197,0.531668,-0.165786,-0.007277,-0.130149,15.037581
419185562444,-1.392691,1.536358,0.756747,-0.021041,-0.145838,-0.081529,15.106894
419285606731,0.855837,0.910372,-2.000220,0.225703,0.126326,-0.051037,15.075972
419385651018,-0.518770,-1.379613,0.918760,-0.025677,0.023715,0.252739,15.220562
419485695305,2.963911,0.771010,0.717229,0.072013,0.025434,0.079870,15.178269
419585739592,-0.834917,0.965069,0.578747,0.128463,0.117541,0.009670,15.316989
419685783879,0.909718,-3.966975,0.836557,-0.059408,-0.443332,-0.339174,15.305963
419785828166,2.333533,2.590300,-0.768471,-0.244454,-0.311413,-0.018045,15.212503
419885872453,0.571899,0.397628,0.984663,0.120311,0.144761,0.107567,15.255542
419985916740,-0.972980,-0.849079,0.365438,0.227202,0.255944,0.241381,15.461654
420085961027,1.558657,4.405522,-1.541952,-0.071581,0.212005,0.272082,15.252482
420186005314,-0.324900,0.161688,-0.601597,0.352398,0.427463,0.131031,15.465099
420286049601,-1.266803,-4.726573,0.599464,-0.128100,-0.311464,-0.272575,15.586902
420386093888,-2.533157,-1.022699,-0.093936,0.084043,0.108818,0.157612,15.293410
420486138175,-1.292950,-4.608702,0.767468,-0.213909,-0.376918,-0.314930,15.261117
420586182462,-0.641223,1.918295,-1.868126,-0.126407,0.012713,0.123365,15.393163
420686226749,-1.597961,-0.806389,-0.991609,-0.154346,-0.198067,0.030533,15.300117
420786271036,0.345149,3.111023,0.371366,-0.189250,-0.281861,-0.399516,15.282903
420886315323,0.356942,-0.176508,0.750851,-0.112442,-0.124130,-0.177201,15.275143
420986359610,0.193529,2.971852,1.002861,-0.039229,-0.312587,-0.233810,15.113404
421086403897,-1.007970,0.082449,0.319793,0.162908,0.099445,0.060884,15.152858
421186448184,-2.405846,-2.868054,0.599886,-0.054780,-0.112374,-0.090522,15.129197
421286492471,-1.236916,0.175304,-0.448593,0.051139,0.234141,0.136064,15.196687
421386536758,0.323839,-0.901632,-0.591554,-0.048223,-0.011161,-0.069565,15.150845
421486581045,-1.505395,0.522002,0.821313,-0.106211,0.014054,0.014773,15.013035
421586625332,0.985361,2.207679,-0.112693,-0.109170,-0.241476,-0.041998,14.974768
421686669619,-0.932715,1.002378,1.445623,0.086888,0.115069,0.050274,14.907905
421786713906,0.325292,-0.005301,-0.743707,0.152050,0.185893,0.148967,14.964777
421886758193,0.518801,1.944663,-1.739948,0.052299,0.068136,0.135729,14.898605
421986802480,-0.401171,-0.937870,-1.075876,0.079794,0.322742,0.108696,14.976399
422086846767,-0.692742,-1.136928,-1.002790,-0.138143,-0.162779,0.054850,14.945612
422186891054,0.848211,2.210435,-0.564492,-0.155976,-0.181028,-0.192000,14.847653
422286935341,-0.026819,-0.453306,1.871234,-0.138180,-0.202947,-0.148418,14.819158
422386979627,0.143965,2.932648,0.932907,0.048979,0.047982,0.081794,14.814287
422487023914,-0.942187,1.829162,-0.112490,-0.065298,0.024265,0.088127,14.849665
422587068201,-0.017752,-5.194790,0.289952,0.324049,0.491543,0.407278,14.922962
422687112488,-1.820223,-3.327623,-0.011743,-0.067615,-0.254472,-0.021461,14.957495
422787156775,-0.451001,1.467744,-0.818568,-0.072682,-0.126257,-0.239028,14.944406
422887201062,-2.577977,-3.975611,-0.523386,-0.189286,-0.230786,-0.282941,14.886233
422987245349,-0.308039,1.794034,-0.069122,-0.209204,-0.435943,-0.349418,14.885811
423087289636,0.908281,2.663667,-1.088559,0.051587,0.082929,-0.049596,14.857363
423187333923,0.768989,2.136192,-0.214868,-0.110425,-0.156628,-0.199165,14.682754
423287378210,0.327547,-0.295094,0.169589,0.074227,0.048049,0.132809,14.826744
423387422497,-3.171605,-2.473519,1.218846,-0.162895,-0.094266,-0.023702,14.751304
423487466784,-1.188147,-0.996955,0.105354,0.073375,0.335592,0.255140,14.616192
423587511071,-1.079655,-2.264970,-0.306623,0.049320,-0.022809,0.000770,14.710952
423687555358,-1.041480,2.876623,-0.280277,0.103672,0.394941,0.191171,14.700678
423787599645,-1.784831,-2.431881,0.038540,0.169971,0.293908,0.088550,14.649738
423887643932,1.250074,3.756969,-1.944961,0.179112,0.319448,0.142323,14.675435
423987688219,1.768939,1.019761,-0.070261,0.354691,0.461181,0.242833,14.608144
424087732506,0.058791,2.755588,0.836944,0.018316,-0.083782,-0.031629,14.598787
424187776793,-1.792184,0.043425,1.349208,0.271298,0.148846,0.130935,14.602546
424287821080,-2.347639,-1.652660,0.347521,0.036340,0.045257,-0.114038,14.604763
424387865367,-2.451697,-5.192065,0.650788,0.216645,0.417917,0.288245,14.653326
424487909654,-1.648405,-1.586730,-2.730417,-0.056762,-0.313456,-0.280132,14.639732
424587953941,-1.137097,1.240687,2.091276,-0.028784,-0.190717,-0.019102,14.543860
424687998228,-1.520436,-2.530555,5.073005,0.181096,-0.294626,0.009712,14.425513
424788042515,-0.546261,1.421543,2.475783,-0.004141,-0.352705,-0.168033,14.317688
424888086802,-1.078280,2.999106,2.708435,0.147175,0.177476,0.205300,14.251169
424988131089,-1.450803,2.558530,0.130950,-0.079965,-0.145390,-0.144994,14.279141
425088175376,-0.896677,0.677882,-1.769296,0.059170,0.323095,0.077935,14.373044
425188219663,-0.940483,-3.242038,-0.838331,0.063307,-0.006204,-0.010838,14.235027
425288263950,-0.935011,1.267212,-1.169237,0.151082,0.069551,0.039578,14.018122
425388308237,0.050524,0.737410,-0.172587,0.007145,0.094984,0.031984,13.830291
425488352524,-1.045823,0.228853,0.048606,-0.103969,0.028960,0.090616,13.819688
425588396811,-0.761570,-0.131618,-0.250981,-0.006506,0.107495,-0.013783,13.964265
425688441098,-1.406333,-1.002729,-0.990600,-0.139316,-0.147251,-0.110803,14.043982
425788485385,0.081912,2.738835,-0.940207,0.060890,0.052522,0.100122,13.942321
425888529672,0.511403,0.761989,-0.251678,-0.040350,-0.185418,-0.098541,13.955352
425988573959,1.383031,-0.548405,1.517896,0.043752,0.188681,0.197835,13.944865
426088618246,0.359302,-1.502576,-0.040174,-0.004376,-0.084811,0.038137,14.031674
426188662533,-1.011719,-0.347454,-0.235576,-0.066896,0.019214,-0.008170,14.061527
426288706820,-2.580628,-0.365767,-0.240343,-0.185831,-0.196496,-0.193284,14.048858
426388751107,-1.314992,1.856852,-1.732267,-0.310130,-0.025875,0.032771,14.060257
426488795394,0.279525,-0.015513,-0.910423,-0.215564,-0.143000,-0.103919,14.085870
426588839681,0.254191,1.764425,-1.014944,-0.076563,-0.124666,-0.114090,14.094318
426688883968,0.502666,0.258571,0.451221,-0.037526,0.031944,0.008415,14.029325
426788928255,-1.218921,-0.036687,1.111714,0.031682,-0.016867,0.040178,14.019135
426888972542,0.468770,0.432213,0.513798,0.038493,0.030604,0.067986,14.081170
426989016829,-0.360720,-3.120579,0.973473,-0.051871,-0.119864,-0.188037,14.073805
427089061116,-0.292106,1.713867,-0.855795,0.155240,0.321082,0.202253,14.133545
427189105403,-0.802187,-1.911310,0.958932,0.147122,0.208668,0.138557,14.199772
427289149689,1.045445,2.781670,-1.039025,0.273492,0.371063,0.221671,14.025178
427389193976,1.385247,-2.829413,0.039763,0.006344,0.202071,0.334474,14.100178
427489238263,-1.035137,3.530622,0.725125,-0.017919,0.186203,0.303785,14.025433
427589282550,-0.705468,0.513858,-1.008928,-0.093759,0.023185,-0.182166,13.901661
427689326837,1.834935,0.770755,0.027624,0.008254,0.018909,-0.114997,14.257769
427789371124,-0.357765,0.181267,-0.222359,-0.016950,-0.063240,0.068545,14.243108
427889415411,-0.920291,0.642611,-0.031167,-0.064810,-0.151043,-0.114762,14.075908
427989459698,-0.991074,2.126679,-0.687806,-0.091848,-0.082413,-0.061266,14.083037
428089503985,0.350905,0.480202,-0.291043,-0.045826,-0.012980,0.043942,14.146775
428189548272,-0.105439,-0.174660,0.644345,0.044086,-0.052325,0.035618,14.237219
428289592559,-1.222194,-0.617186,1.655817,0.164803,-0.027057,0.023512,14.054320
428389636846,-1.182490,-1.841332,1.351647,0.079713,0.029708,0.096498,13.913674
428489681133,-0.831777,1.594154,1.293738,0.000515,0.049377,0.127520,13.880320
428589725420,-1.581922,-0.635213,0.432380,0.117378,0.086426,-0.042827,13.888773
428689769707,-0.768540,1.936300,-1.058639,-0.068460,-0.012247,-0.073733,13.793996
428789813994,1.791722,2.797984,-1.569150,0.148823,0.405536,0.299095,13.677025
428889858281,1.470634,3.602277,-1.146757,-0.128808,-0.112471,-0.158205,13.560665
428989902568,-0.165343,1.519946,1.077858,0.202048,0.192613,0.036459,13.494947
429089946855,-1.387680,-4.170806,0.636676,-0.135207,-0.497426,-0.451329,13.366711
429189991142,0.786951,1.318195,1.050608,-0.068411,-0.144916,-0.015779,13.335057
429290035429,-1.106153,-2.223318,1.516123,-0.150873,-0.491015,-0.217217,13.258276
429390079716,-0.371751,2.290639,-0.099012,-0.082554,-0.413022,-0.199920,13.189697
429490124003,-2.080790,-2.252982,-0.072513,-0.097107,-0.190161,-0.054510,13.144252
429590168290,0.117594,4.758233,-0.224507,-0.289398,-0.518076,-0.204228,13.032800
429690212577,-0.806013,0.768406,-1.068176,0.070388,0.195298,0.190873,12.986780
429790256864,-2.902508,-2.360027,-0.631417,-0.197168,-0.222341,-0.194001,12.891796
429890301151,-1.420366,-0.582511,-0.550947,0.011360,0.298956,0.213140,12.659954
429990345438,-0.647708,-0.647244,-0.006483,-0.069551,-0.035768,-0.001061,12.698349
430090389725,-0.237199,2.624333,-0.024201,-0.006013,-0.041797,0.015628,12.638212
430190434012,-0.969108,3.297556,0.224902,0.000574,-0.122602,-0.002741,12.520581
430290478299,1.642277,1.857349,-0.193736,-0.088282,-0.044173,0.122297,12.483756
430390522586,-0.172315,1.263718,-0.304210,-0.110054,-0.072907,0.045013,12.445656
430490566873,0.275316,1.488022,-0.108298,-0.023761,0.003444,0.133600,12.464586
430590611160,0.735962,-0.297979,0.143508,-0.063319,-0.005339,-0.018668,12.369034
430690655447,0.952564,1.254399,0.468680,-0.015289,-0.032554,-0.000890,12.287372
430790699734,-0.069961,-0.358017,0.349801,0.091383,0.119011,0.174783,12.322578
430890744021,0.300653,2.912948,-0.866784,-0.046028,-0.114322,0.136456,12.342321
430990788308,-0.587010,1.776075,0.293622,-0.001718,-0.020949,-0.133482,12.419294
431090832595,2.138385,1.243910,-0.147480,-0.079447,-0.078088,-0.062652,12.369669
431190876882,0.150894,-1.557861,-0.799460,0.004959,0.217006,0.215057,12.416648
431290921169,1.126240,-1.337875,0.635902,-0.118989,-0.116061,-0.088157,12.442907
431390965456,-1.144148,-2.192197,0.260716,0.160504,0.258168,0.162619,12.365911
431491009743,0.528703,-0.236577,-0.629965,-0.131552,-0.408284,-0.311035,12.506452
431591054030,0.045067,6.639388,-0.629769,0.056901,0.261399,0.284852,12.593954
431691098317,-0.357335,4.087707,-0.067194,-0.199417,-0.306875,-0.102494,12.604654
431791142604,0.718748,2.716005,-0.349441,0.046728,-0.027398,0.107510,12.644242
431891186891,0.865367,-3.745689,1.008345,-0.197662,-0.436789,-0.277220,12.664520
431991231178,1.529588,2.730801,0.367375,-0.178665,-0.403165,-0.212025,12.695254
432091275465,0.505734,-5.388732,1.433686,-0.346227,-0.572619,-0.316247,12.815699
432191319751,0.005102,2.871019,-0.106094,-0.173886,-0.642971,-0.590484,12.794222
432291364038,-1.251377,-4.790182,0.568024,-0.382896,-0.540305,-0.348349,12.850498
432391408325,-0.143148,7.651378,-1.897628,-0.354838,-0.662456,-0.415940,12.944726
432491452612,-0.332109,1.863543,-0.638707,-0.283130,-0.271352,-0.075809,12.964995
432591496899,0.186693,4.662600,-0.611866,-0.421381,-0.480384,-0.289217,13.016434
432691541186,2.202469,-2.704011,0.273344,0.043923,-0.027384,0.110699,13.070442
432791585473,1.541366,-6.607202,2.069614,-0.177455,-0.499521,-0.418183,13.096879
432891629760,0.970080,-3.160349,1.093310,0.295145,0.317649,0.134101,13.068855
432991674047,0.826607,-3.653492,0.625582,-0.131197,-0.155559,0.010467,13.247422
433091718334,-0.330413,6.121895,0.407976,0.220962,0.608949,0.420163,13.373187
433191762621,1.877263,-2.561305,-1.054526,0.177496,0.158728,-0.025501,13.421545
433291806908,1.558457,3.423248,-1.626436,0.214202,0.220210,0.091774,13.474474
433391851195,0.262625,-1.095991,-0.380647,0.136589,0.278909,0.117364,13.492667
433491895482,0.400210,-0.419835,-1.485591,-0.037943,0.027973,-0.018208,13.558216
433591939769,1.599988,0.182882,-1.277128,-0.109524,0.052357,0.197257,13.639484
433691984056,0.564884,-1.792433,1.462780,-0.185683,-0.244958,-0.082732,13.726086
433792028343,0.829969,3.109341,-0.179257,0.122109,-0.113046,-0.118909,13.822272
433892072630,0.465709,-0.811824,1.190775,-0.107306,-0.386153,-0.258958,13.879617
433992116917,-1.713009,2.619024,-0.988789,-0.220216,-0.208039,-0.076641,13.957582
434092161204,0.530458,0.534391,0.274129,-0.121483,-0.019711,-0.002336,14.085746
434192205491,-0.619748,1.675551,-0.193146,-0.043848,-0.165776,-0.061302,14.117113
434292249778,1.180624,-1.554782,-0.642447,0.068632,-0.057977,0.082498,14.076608
434392294065,-0.472527,-3.297610,1.561004,-0.312794,-0.438890,-0.309389,14.084080
434492338352,-0.080671,-2.174641,0.591308,0.014904,0.169094,0.014793,14.052682
434592382639,0.312070,-1.792228,-0.138820,-0.020218,-0.046844,0.113509,14.107226
434692426926,-1.579912,5.190335,-1.325807,0.376921,0.408674,0.468040,14.072150
434792471213,0.076315,0.378322,-0.330885,0.062266,-0.036842,-0.079148,14.105107
434892515500,0.208720,2.983731,-1.685424,0.300515,0.395469,0.200538,14.071820
434992559787,0.661295,-4.398493,0.147126,-0.090785,-0.018363,0.129647,14.020038
435092604074,-1.699709,5.214701,-0.359964,0.274273,0.306631,0.345096,13.997590
435192648361,-0.443199,-0.043632,0.503545,0.088202,0.050472,-0.073416,14.047840
435292692648,0.400197,1.160183,0.568783,0.003673,0.050654,0.100485,14.030574
435392736935,0.741308,-0.304741,-0.256831,0.004392,0.106330,0.006937,14.045633
435492781222,-1.323968,1.651188,-1.019859,-0.131387,0.023882,0.075888,14.081222
435592825509,0.956622,1.093667,-1.815538,-0.202178,-0.034085,-0.005599,14.109932
435692869796,1.238561,-1.777410,-0.380430,-0.189611,-0.180899,-0.200097,14.085889
435792914083,0.444071,0.535678,0.455585,0.006755,-0.241429,-0.066369,14.008783
435892958370,1.313803,-1.087625,-0.761408,0.082980,-0.211180,-0.182039,14.043079
435993002657,1.252629,-3.244260,1.074608,0.089158,-0.180328,-0.211485,14.038619
436093046944,1.434062,-0.883813,2.772061,-0.077401,-0.260842,-0.165346,14.146869
436193091231,-0.162659,1.868552,1.727163,0.127210,-0.187324,-0.197480,14.172584
436293135518,-0.943727,1.301587,-0.575375,0.086449,0.082850,0.073416,14.191740
436393179805,-0.680027,-0.714990,0.120245,0.134591,0.148294,0.097418,14.268376
436493224092,-0.152881,1.133067,-1.227979,0.004261,0.122779,0.079798,14.376435
436593268379,0.871750,-0.693605,-1.723349,0.051049,0.105257,0.144800,14.284144
436693312666,0.981147,-0.163773,-1.128162,-0.007113,-0.048544,0.022414,14.191149
436793356953,-0.756106,1.648836,0.620388,0.012655,-0.031608,-0.118950,14.187853
436893401240,0.692029,-1.961528,1.009028,-0.189846,-0.178441,-0.128871,14.242280
436993445527,-0.842001,0.267862,-0.670401,-0.103281,-0.090131,0.086870,14.269472
437093489813,0.818304,-1.475077,-2.113503,-0.092914,-0.016887,-0.033467,14.291627
437193534100,-1.740732,0.341452,0.323655,0.097640,0.127139,-0.052598,14.320077
437293578387,-0.859370,0.879283,0.390451,-0.012363,-0.032362,-0.030153,14.379131
437393622674,0.052609,-0.738977,0.169562,0.064658,0.129309,0.185940,14.234039
437493666961,0.478589,-1.239489,1.824929,-0.090944,-0.080650,-0.045098,14.217384
437593711248,-1.924550,-0.698413,0.896581,0.106648,0.027131,-0.009304,14.298421
437693755535,-0.868356,0.168484,-0.573664,0.067203,0.122189,0.077148,14.370559
437793799822,0.050807,-0.299819,-0.694834,0.132369,0.209314,0.145598,14.348684
437893844109,0.849846,0.043835,-0.541351,0.040779,-0.017174,-0.081211,14.314099
437993888396,1.102674,-2.039957,0.761501,0.212751,0.072657,0.119850,14.312988
438093932683,-2.249329,-0.470797,-0.730961,0.186573,0.074011,0.085560,14.214426
438193976970,-1.041853,-0.894390,-1.070370,0.101550,0.226061,0.039084,14.222152
438294021257,-1.026841,2.519824,-1.977221,0.023354,0.129047,0.010355,14.326479
438394065544,-0.914024,-0.632036,-0.665544,0.124276,0.259074,0.063574,14.240819
438494109831,-0.613576,-0.381410,-1.631985,0.118200,0.223721,0.037115,14.152131
438594154118,-1.121297,-3.646014,-0.186875,0.120777,0.370892,0.326629,14.035790
438694198405,0.232323,-0.481547,0.901228,0.024747,-0.035434,0.039045,13.946204
438794242692,-2.134228,-0.713814,1.009155,-0.039667,0.027965,0.054198,13.858125
438894286979,-1.469532,-0.772104,0.846702,-0.101675,-0.068984,-0.109835,13.843627
438994331266,-0.869437,0.326074,-0.774684,-0.135619,-0.028474,0.064675,13.841221
439094375553,-1.404113,0.174848,-0.382702,-0.073369,-0.127937,-0.030203,13.786321
439194419840,-0.664320,0.748756,-0.312384,-0.108995,-0.116329,-0.202682,13.574283
439294464127,-0.325806,-1.405226,0.286001,0.016776,-0.064065,-0.036004,13.540165
439394508414,-1.632338,-2.444810,0.450061,-0.145942,-0.196029,-0.078613,13.463282
439494552701,-0.892896,-1.574551,0.719811,-0.041607,0.197634,0.101374,13.170503
439594596988,-0.960039,-2.137351,-0.645287,-0.015466,0.021278,0.060836,13.164400
439694641275,-2.106250,1.379857,0.928234,0.057203,0.416266,0.241839,13.308802
439794685562,-0.252108,-2.801693,0.764310,0.189261,0.318103,0.216329,13.072603
439894729849,-0.050126,1.073573,0.249515,0.101121,0.182253,0.155378,12.791014
439994774136,-0.296247,0.529510,0.887713,0.236719,0.236929,0.098268,12.812968
440094818423,-1.616990,1.075663,0.636666,-0.071917,-0.124693,-0.122603,12.665134
440194862710,0.985718,0.006142,0.363652,-0.003379,0.079547,0.112619,12.494887
440294906997,-0.659011,-1.408970,-0.159860,-0.004880,-0.122293,-0.050296,12.556237
440394951284,-1.454937,-0.626239,-0.058772,-0.000011,0.058079,-0.017534,12.316819
440494995571,-1.268743,0.383454,-0.182060,-0.025630,-0.061387,-0.016233,12.364844
440595039858,-0.763619,1.913786,0.085125,0.035056,0.123185,0.044371,12.213088
440695084145,-0.430286,1.468519,-0.182749,-0.152152,-0.185977,-0.174564,12.030943
440795128432,-1.354187,1.608598,-0.063584,-0.039462,-0.068601,0.032861,12.128435
440895172719,-1.100113,-1.808036,0.201714,-0.203664,-0.203368,-0.168449,11.895957
440995217006,-1.451610,0.919799,0.711996,-0.026776,-0.145644,-0.094885,11.804012
441095261293,2.064181,-3.217693,1.745333,-0.063141,-0.326873,-0.191421,11.714265
441195305580,-2.383614,0.579660,2.484988,-0.221236,-0.380696,-0.195657,11.681408
441295349867,-0.881653,-4.852217,0.893312,-0.071317,-0.099904,-0.136891,11.571407
441395394154,0.896002,0.518792,-0.208886,-0.037561,-0.257530,-0.044852,11.550742
441495438441,0.552640,6.864479,-0.850775,0.197707,0.356337,0.453605,11.567232
441595482728,0.184096,2.938191,-1.424049,-0.094510,-0.097844,-0.201140,11.590070
441695527015,-0.143286,5.788530,-1.604526,0.416269,0.711523,0.443206,11.446759
441795571302,0.056048,-2.640347,-0.546205,0.161582,0.283523,0.137788,11.414249
441895615589,0.276113,2.928627,-1.048031,0.167809,0.314646,0.094110,11.514249
441995659875,-0.265885,-0.686469,-0.708613,0.061697,0.243136,0.291982,11.565922
442095704162,0.263856,-0.216364,0.456465,-0.013197,0.171000,0.100925,11.517279
442195748449,-0.949893,0.303981,-0.065398,0.145277,0.058169,0.151613,11.633622
442295792736,0.100148,2.466583,-1.339624,0.208603,0.212894,0.098893,11.732819
442395837023,0.096208,0.410580,-0.686584,0.005639,0.266301,0.255359,11.707395
442495881310,0.023943,2.825370,-1.160479,0.130243,0.403851,0.245477,11.742333
442595925597,0.489040,-5.054266,-0.450944,0.206162,0.520681,0.395055,11.783325
442695969884,0.640482,0.261607,-0.813557,0.147680,0.263909,0.094272,11.774337
442796014171,0.916048,-5.873021,0.008420,0.270495,0.520262,0.297807,11.805627
442896058458,-0.068552,1.366648,-0.164165,-0.061946,-0.289317,-0.307073,11.792536
442996102745,0.435357,0.984747,-0.266334,-0.027708,0.178927,0.113759,11.806360
443096147032,-0.436455,2.837517,-1.528713,-0.001412,-0.058874,-0.154261,11.841664
443196191319,1.446978,-3.988846,0.444337,0.291397,0.387115,0.288983,11.916001
443296235606,-0.444464,-2.633220,1.093315,-0.016714,0.143683,0.022645,11.872910
443396279893,0.005995,-5.647514,1.452981,0.330551,0.309119,0.311133,11.807459
443496324180,-0.131328,0.077423,0.983183,-0.180380,-0.591103,-0.537924,11.793495
443596368467,-2.472789,6.583734,-0.375830,0.010235,-0.058479,0.199232,11.693742
443696412754,-2.000864,1.672467,-0.104884,-0.267100,-0.419469,-0.325707,11.678484
443796457041,-0.724578,2.769103,-0.553060,-0.190176,-0.103685,-0.261046,11.767814
443896501328,2.061800,-5.749465,-1.259813,-0.218762,-0.557659,-0.567139,11.673538
443996545615,1.389160,-0.797094,0.319915,-0.140650,-0.323109,-0.207643,11.523304
444096589902,-1.102038,-3.841132,0.781293,-0.283960,-0.587111,-0.436709,11.383635
444196634189,-1.454411,4.763360,0.169474,-0.252720,-0.518397,-0.345109,11.320103
444296678476,-0.905187,1.496288,0.199494,0.054583,0.243673,0.168686,11.355653
444396722763,0.947720,1.190779,-0.546977,-0.130926,0.055730,-0.005519,11.431367
444496767050,0.814305,0.686794,-0.732606,0.292757,0.362279,0.196755,11.293577
444596811337,-0.584071,-2.276835,0.893880,0.269744,0.081124,0.103271,11.171909
444696855624,-0.436138,-0.727149,1.512794,0.241864,0.183098,0.099446,11.093531
444796899911,-1.217409,0.154961,-0.721505,-0.054527,0.052103,-0.048709,11.032971
444896944198,-3.237394,-0.353161,0.540520,0.082222,0.057541,0.126215,10.968905
444996988485,-2.451868,-3.576026,0.055578,0.016617,0.003458,-0.191411,10.926263
445097032772,-4.370366,1.884560,0.187935,0.120853,0.409718,-0.017357,10.784302
445197077059,-1.622172,-1.522285,1.383708,0.193083,0.305080,0.236725,10.697484
445297121346,-1.973473,-1.623899,0.231556,0.250381,0.056773,0.018477,10.571710
445397165633,-3.112083,-2.084590,0.776316,0.162352,0.204431,0.067699,10.200715
445497209920,-0.664827,1.146818,0.285928,0.203584,0.157132,-0.072145,9.698010
445597254207,-2.855377,-0.634046,1.913705,0.258170,0.357467,0.124404,9.430217
445697298494,-1.380935,3.307023,1.076781,-0.005281,-0.090964,-0.146170,9.301432
445797342781,-2.278163,-0.381054,1.080341,0.129182,0.094358,0.086797,9.028470
445897387068,-0.481681,-4.171173,2.805155,-0.018943,-0.367484,-0.267265,8.788194
445997431355,0.235560,-1.019071,2.159811,0.205348,-0.192118,-0.154398,8.578421
446097475642,-1.165148,1.327626,0.286699,-0.001159,-0.389041,-0.288986,8.194796
446197519929,-1.773620,1.782952,-0.077559,-0.054329,-0.185821,-0.090616,8.094252
446297564216,0.135739,-0.902126,0.565731,-0.038533,-0.043154,-0.064163,7.976764
446397608503,0.701556,0.181755,0.613846,-0.094546,-0.090984,-0.089491,8.015101
446497652790,0.862588,-2.087905,0.808161,-0.026461,-0.140930,-0.029320,7.949653
446597697077,0.141917,-0.871966,0.434745,-0.003739,-0.277232,-0.233226,7.675318
446697741364,-0.638634,-2.657375,0.565790,-0.009222,-0.143638,-0.104304,7.688437
446797785651,0.602325,1.271777,-0.222401,-0.152132,-0.232297,-0.241258,7.685086
446897829937,0.186393,-3.067455,0.014391,-0.054775,-0.026741,-0.132990,7.991262
446997874224,-0.060097,-1.918408,0.399972,-0.050288,-0.174906,-0.199064,7.981471
447097918511,1.935777,1.643986,-0.304932,0.196444,0.299818,0.103428,7.999607
447197962798,0.899135,0.177768,-0.592127,0.084569,0.202248,0.108470,8.087078
447298007085,1.379875,1.638937,0.047048,0.013032,0.189450,0.117212,8.022462
447398051372,1.937938,-1.684575,0.214914,-0.008457,0.119590,0.072424,8.196514
447498095659,0.395076,0.338987,-0.326703,0.102602,0.222547,0.019046,8.213624
447598139946,1.664939,-0.899881,1.160263,0.246075,0.259665,0.102737,8.369005
447698184233,3.179496,2.901415,-0.818498,0.288415,0.251468,0.009652,8.360217
447798228520,1.114309,2.144520,1.137320,0.255259,0.422045,0.372795,8.452226
447898272807,2.143490,3.750263,-0.064866,-0.392643,-0.609528,-0.339450,8.528685
447998317094,1.744801,3.967375,-0.333538,-0.141538,-0.255056,-0.242152,8.603738
448098361381,0.505584,-8.250432,0.430460,-0.447720,-0.961969,-0.598128,8.882324
448198405668,4.200334,2.747470,-0.299911,-0.503376,-0.773972,-0.494178,8.923300
448298449955,-0.027691,-8.573386,1.426769,-0.269519,-0.518913,-0.358360,9.082503
448398494242,1.517236,-1.856134,0.672361,-0.399714,-0.887995,-0.515937,9.204287
448498538529,-1.119176,-7.780839,1.002607,0.063474,0.023406,0.047211,9.347897
448598582816,2.850834,6.417328,-0.588518,-0.328567,-0.569434,-0.378477,9.550999
448698627103,1.729148,-6.073207,0.290037,0.292376,0.507186,0.379132,9.744294
448798671390,0.433201,-0.047289,0.265257,-0.021963,-0.127824,-0.188411,9.873299
448898715677,3.864640,4.607786,-1.147051,0.447211,0.603252,0.332121,10.000314
448998759964,2.105299,0.297116,-0.897592,0.140469,0.281193,0.234351,10.162978
449098804251,1.959075,3.007950,-0.050853,0.233051,0.444767,0.275962,10.331046
449198848538,1.465303,-2.499263,1.341247,0.266277,0.343627,0.158935,10.572214
449298892825,3.417642,2.725361,0.324053,0.199433,0.306540,0.208038,10.702462
449398937112,1.237669,-5.369286,1.034549,0.270962,0.470867,0.404559,10.886923
449498981399,2.278328,-2.589282,1.118519,-0.157505,-0.213790,-0.129554,11.075029
449599025686,2.644973,3.978512,-0.161237,0.186864,0.223961,0.129848,11.337437
449699069973,2.169544,1.556791,-0.466759,-0.145158,-0.201209,-0.165872,11.483651
449799114260,2.082117,-1.043768,-0.806090,-0.203264,0.094150,-0.022727,11.751507
449899158547,0.665739,-5.697743,1.512859,-0.316341,-0.272801,-0.355426,11.875909
449999202834,1.216961,0.316115,-0.209977,-0.057031,-0.255167,-0.194987,11.969258
450099247121,1.310799,0.002330,-1.159542,-0.273866,-0.416742,-0.356367,12.133758
450199291408,2.689578,4.234065,-0.341617,-0.167558,-0.455755,-0.300041,12.368335
450299335695,3.341076,-0.089216,-0.428538,-0.016547,0.021744,0.055063,12.606474
450399379982,3.198091,-0.075064,-0.503657,-0.180731,0.017589,0.021370,12.770100
450499424269,-0.314964,-0.946741,0.017833,-0.036101,0.154088,0.170768,12.940961
450599468556,0.844125,-4.811398,0.875670,-0.049730,0.026942,-0.052896,13.152763
450699512843,1.407250,-0.443010,0.394932,0.142466,0.311074,0.134298,13.236540
450799557130,0.934744,-2.917675,-0.148048,0.062595,0.263218,0.212374,13.502707
450899601417,1.795795,0.205679,-0.212054,-0.099773,0.114979,0.173951,13.635584
450999645704,-0.154335,-2.103335,-2.015095,-0.107605,0.205953,0.064776,13.733542
451099689991,0.386163,-3.694516,-1.835805,-0.104379,-0.074879,-0.109153,13.954315
451199734278,0.353267,-3.527288,-0.569356,0.017836,0.045914,-0.019010,14.103493
451299778565,0.920986,-4.921399,-0.274540,-0.228129,-0.295854,-0.315926,14.196738
451399822852,0.730663,0.523761,0.524014,-0.026054,-0.135198,-0.034396,14.204986
451499867139,-0.103344,-1.130586,0.336910,0.043795,-0.164301,-0.067547,14.497666
451599911426,-0.014697,0.038718,0.311727,-0.110386,-0.061256,-0.055009,14.543848
451699955713,0.453078,-1.552549,0.065348,0.015007,0.102433,0.059017,14.773787
451799999999,-0.047687,-0.602074,0.031014,0.021283,-0.067963,-0.088918,15.003889
