timestampNs,ax,ay,az,gx,gy,gz,speedMps
0,0.572463,1.022202,2.057150,-0.129442,0.236677,-0.021605,19.138056
100069396,-1.615576,0.190504,-0.235774,0.223674,0.178462,-0.185037,19.146863
200138792,2.646753,1.259981,0.388273,0.045292,0.040716,-0.093972,19.028843
300208188,-1.766178,-0.555605,-0.414899,0.363679,0.032282,-0.144417,18.996138
400277585,4.378443,0.345600,-0.685013,0.294757,0.067101,-0.290653,19.008489
500346981,0.929282,-0.478187,-0.678789,0.026295,0.052398,-0.090939,18.864879
600416377,2.865602,0.278170,0.043101,0.317943,0.113464,-0.186896,18.829763
700485773,-0.361801,0.178978,-0.223757,-0.047449,-0.048704,-0.015579,18.772925
800555170,0.179703,-1.104749,-0.196254,0.096023,-0.027878,0.008039,18.745800
900624566,1.180828,-0.988730,-0.404070,0.088825,-0.000414,-0.091277,18.690368
1000693962,1.390960,-0.992775,0.394087,-0.122505,0.059739,0.055321,18.749479
1100763358,0.928353,-0.276671,0.210102,-0.036184,0.086534,-0.040644,18.834059
1200832755,1.470308,0.381729,0.704916,-0.199133,-0.028652,0.133103,18.855794
1300902151,2.616338,-1.299632,-0.955143,0.144423,0.144170,-0.198131,18.819364
1400971547,2.251895,2.390734,1.495920,-0.186614,0.121458,0.078299,18.963501
1501040943,-0.988607,-3.320640,-0.832701,0.249706,0.186713,-0.115709,19.009878
1601110340,2.410779,-0.775626,0.379918,0.249203,-0.025438,-0.114432,19.104435
1701179736,-1.572912,-0.224414,1.032379,0.120205,0.053284,-0.019719,19.152666
1801249132,-1.585976,-0.908729,-0.670430,0.356592,-0.001852,-0.096276,19.121076
1901318528,-0.531404,-1.291149,-1.723330,-0.022893,-0.059697,-0.093344,19.206770
2001387925,-0.069796,0.181371,-1.221157,0.130853,0.089531,-0.062380,19.258178
2101457321,2.727575,-1.739598,-0.662101,-0.311283,0.001810,0.255060,19.406720
2201526717,-0.035805,-1.519723,1.350109,-0.146821,-0.000899,-0.023292,19.521771
2301596113,3.409873,-0.624462,0.699375,-0.346556,-0.057488,0.114297,19.438698
2401665510,-1.590748,-1.472292,0.905851,-0.233682,-0.087232,0.229430,19.428494
2501734906,3.743794,0.674390,-0.521479,-0.332589,-0.031560,0.161515,19.523643
2601804302,-2.088611,-0.711589,-0.262819,-0.249085,-0.063434,0.260611,19.731644
2701873698,1.711823,2.325488,1.019589,-0.163451,-0.221148,0.391852,19.822647
2801943095,-1.892857,1.159063,-0.216949,-0.234941,-0.123934,0.130838,19.904103
2902012491,0.708905,-1.462477,-0.052467,0.171362,-0.048501,0.064726,19.955033
3002081887,1.395960,-2.215300,-1.225003,-0.103967,0.083470,-0.029729,19.867109
3102151283,2.405562,0.130083,-0.261887,0.034633,0.108376,-0.177484,20.109396
3202220680,-0.036013,-1.508827,-0.002261,0.068734,-0.117204,0.211200,20.084387
3302290076,0.118300,0.401795,-0.157980,0.217445,-0.018655,-0.046071,20.193592
3402359472,0.483873,-0.229238,-0.082982,0.123127,-0.025087,-0.011083,20.263843
3502428868,-0.057154,-0.184257,-0.841822,-0.067044,0.057646,0.071591,20.265932
3602498265,-0.651523,-1.282029,-0.285142,0.064281,0.110440,-0.126882,20.428755
3702567661,-1.065148,-1.093983,-0.577428,0.039760,0.081149,-0.022548,20.533335
3802637057,0.423031,-0.978004,1.033863,0.051086,0.103701,-0.089835,20.586639
3902706453,1.537097,0.318829,-0.432978,-0.043541,-0.021169,0.148143,20.608923
4002775850,1.227490,-0.799246,0.053794,-0.009415,0.078863,-0.035671,20.711218
4102845246,-0.038196,1.149224,-0.295641,-0.181863,-0.029738,0.113405,20.757137
4202914642,-1.610685,-0.405733,-0.162769,-0.159311,-0.105461,0.191767,20.868080
4302984038,-2.459483,0.594130,0.073588,-0.208971,-0.036751,0.263154,20.868682
4403053435,0.492527,-0.441150,-0.293950,0.009689,0.063280,-0.004198,20.861766
4503122831,0.816475,1.415113,0.292503,-0.081579,-0.110631,0.052385,20.855296
4603192227,2.073018,1.454709,0.168780,0.047742,-0.025033,0.033604,20.831472
4703261623,0.200243,0.486765,-1.370725,-0.282224,-0.111380,0.143443,20.873991
4803331020,-1.517475,-0.491602,-0.709316,-0.190037,-0.049303,0.151195,20.812536
4903400416,-0.681615,0.887098,-0.980655,-0.145832,0.192846,-0.084999,20.851339
5003469812,-1.934372,-1.478395,1.076403,0.133543,0.235287,-0.184933,20.778927
5103539208,-0.124189,0.658099,0.340980,-0.032308,0.012363,-0.043375,20.779361
5203608605,1.147820,-0.682290,-0.984389,-0.053790,0.067495,-0.001589,20.758667
5303678001,0.223054,1.810116,1.713977,0.072480,-0.269625,0.120256,20.671949
5403747397,2.735482,2.645755,1.496025,-0.202465,-0.308923,0.300096,20.696783
5503816793,-2.236154,-2.066029,-1.560539,-0.115121,0.081866,-0.030718,20.771302
5603886190,3.461241,1.244731,0.652605,0.249118,0.313305,-0.241381,20.771480
5703955586,-1.806295,1.378508,1.332015,-0.295190,0.086643,0.138511,20.652198
5804024982,3.752731,0.665518,-0.397844,0.320546,-0.068231,-0.162195,20.540489
5904094378,-1.159140,-1.276496,-1.509493,-0.363809,-0.109765,0.152118,20.622953
6004163775,3.086167,-0.301380,-1.750342,-0.097116,-0.074442,0.082316,20.574214
6104233171,-1.379794,0.483274,0.460614,-0.336916,0.014873,0.130468,20.557122
6204302567,-3.185901,-0.998221,0.599071,0.109852,0.041633,-0.170421,20.574670
6304371963,3.174862,-1.664879,1.029783,-0.102651,-0.148650,0.311550,20.459074
6404441360,0.164661,-0.716007,1.344085,0.428132,0.137467,-0.129546,20.521002
6504510756,3.210353,-0.832571,-0.028667,0.158951,0.055752,-0.148007,20.458037
6604580152,-3.569772,-1.118128,1.567607,0.461234,0.122337,-0.331405,20.446183
6704649548,-0.351078,-1.089469,-0.631023,0.160174,-0.080674,-0.051905,20.574948
6804718945,-2.752704,0.202077,1.130640,0.196414,-0.023708,-0.089866,20.572906
6904788341,-1.027047,-0.749186,-0.294022,0.252536,-0.125376,-0.025779,20.548746
7004857737,-1.000940,0.585132,0.342036,0.008352,-0.101100,-0.013539,20.472434
7104927133,0.120997,-0.452404,-1.039203,0.093888,-0.047043,-0.053436,20.655810
7204996530,0.893124,-0.417936,-0.282680,-0.189432,0.018672,-0.004377,20.645600
7305065926,0.616984,0.273363,1.523830,-0.176280,-0.005384,0.161928,20.565744
7405135322,0.616234,0.629418,0.757223,0.025108,-0.030580,-0.004482,20.632023
7505204718,-0.575062,-0.310117,-0.761959,-0.076797,-0.169372,0.022191,20.547357
7605274115,-2.085612,-0.253469,-0.349100,0.104604,0.070657,-0.098726,20.668173
7705343511,1.163822,1.062383,-1.246435,0.188797,-0.053051,-0.014225,20.794733
7805412907,-1.213355,1.040432,1.022012,0.049759,-0.048705,-0.122414,20.789519
7905482303,-0.011559,-0.313456,-0.518113,0.192737,-0.085584,0.057648,20.786426
8005551700,-0.064355,-0.378069,-0.495044,0.053026,-0.048902,-0.106524,20.869558
8105621096,-0.525691,1.636297,-0.390413,-0.191385,0.066401,0.016547,20.744221
8205690492,-2.327144,2.494148,-0.904986,0.344057,0.010744,-0.050763,21.060969
8305759888,-0.898999,-1.074369,-0.983969,-0.158740,-0.099844,-0.005430,20.958665
8405829285,-3.023910,-2.104207,-0.550957,0.437765,0.048104,-0.169972,20.905874
8505898681,1.035247,-0.786364,0.500288,0.251005,0.099506,-0.179744,20.922540
8605968077,-1.344807,0.203768,2.313778,0.412481,0.393255,-0.648388,20.961862
8706037473,4.651871,0.041992,-1.431526,0.387063,-0.199130,-0.115547,20.942502
8806106870,0.842733,-0.786248,0.548631,0.062795,-0.139106,0.112276,20.924610
8906176266,1.238325,-0.142853,0.155067,0.097965,0.115599,-0.094693,20.785290
9006245662,0.138387,0.122046,-1.645824,0.287450,0.088223,-0.262503,20.845844
9106315058,-3.493559,-0.958656,1.400158,0.171036,0.083741,-0.264673,20.992576
9206384455,1.592401,0.134345,-0.808599,-0.273692,-0.038509,0.006312,21.002707
9306453851,-0.840086,-0.917834,-0.257219,-0.063791,-0.055873,0.233505,21.018407
9406523247,1.273896,0.300712,0.193017,-0.205515,-0.116114,0.256790,21.090285
9506592643,-1.250932,0.515973,0.034631,-0.201623,-0.055360,0.027266,21.180424
9606662040,0.794107,-0.176382,-0.799960,-0.141068,-0.102922,0.258481,21.178819
9706731436,-1.319502,0.366919,-0.066903,-0.200121,-0.032326,-0.086578,21.444724
9806800832,-0.855425,0.635143,1.171367,0.030225,0.118907,0.155356,21.262380
9906870229,-1.339076,0.123212,1.348487,-0.206259,0.037978,0.075753,21.307290
10006939625,-0.796063,-0.679781,-0.194196,-0.179915,0.021986,-0.160006,21.476260
10107009021,0.351434,-2.972848,0.011073,-0.401639,-0.014002,0.334927,21.527252
10207078417,2.747766,1.275616,-1.948027,-0.267922,-0.183286,0.244178,21.780175
10307147814,-2.450632,-0.624475,-1.968907,-0.427575,-0.106970,0.171815,21.750293
10407217210,-2.049053,-2.430586,-0.521403,-0.156742,0.039894,0.055657,21.680569
10507286606,-3.930638,-3.141319,0.619009,-0.419075,-0.162818,0.261267,21.904189
10607356002,-1.739074,-1.586631,1.612733,-0.463487,-0.050863,0.201451,22.005071
10707425399,2.353197,-2.079606,0.452734,-0.202790,-0.042660,0.166212,21.806253
10807494795,-2.886100,-0.453342,0.517602,0.461515,-0.011608,-0.148141,21.851795
10907564191,-1.101410,-5.364666,-0.040771,0.155651,-0.050836,0.081825,21.943208
11007633587,-2.347549,-0.611100,-0.833489,0.345932,0.133675,-0.268418,22.218174
11107702984,1.948870,-0.902496,-1.046550,0.363386,0.093282,-0.228447,22.402801
11207772380,-4.809493,-1.369396,0.540156,0.310991,-0.042336,-0.119495,22.427093
11307841776,-2.521391,-1.241392,-0.100519,0.075046,-0.066794,-0.042318,22.481666
11407911172,-3.209990,-0.460301,0.797996,0.045795,-0.034133,-0.020968,22.564505
11507980569,-1.860409,-0.238609,-0.944944,-0.048641,-0.062542,-0.070498,22.633149
11608049965,-1.933137,-1.034757,0.089269,-0.065979,-0.037842,-0.040859,22.828766
11708119361,-1.505909,-2.670535,-0.716855,0.023315,0.001374,-0.084024,22.948556
11808188757,-2.011171,-0.263160,-0.029235,0.019936,-0.011444,-0.024993,23.175615
11908258154,-4.412411,-0.174305,0.475093,-0.337311,-0.084014,0.095312,23.233291
12008327550,-0.638271,-1.774711,-0.107633,-0.146029,-0.031035,0.222830,23.325709
12108396946,-0.920797,-2.744643,-0.516961,0.043493,-0.112705,-0.059444,23.475170
12208466342,-0.994571,-0.391927,0.167413,0.079714,0.178490,-0.146763,23.593637
12308535739,-4.454206,-3.712934,-0.701104,-0.341508,0.153546,0.185461,23.697786
12408605135,-0.600168,-5.858060,0.056524,-0.534725,0.203987,0.363876,23.940486
12508674531,-1.339642,1.654481,-0.122134,-0.408849,-0.070020,-0.051564,23.926205
12608743927,-0.713277,0.908665,-0.282746,-0.128454,0.013476,0.031793,23.953584
12708813324,-1.892879,-0.157292,-0.403476,-0.263029,-0.037155,0.172655,24.123176
12808882720,-0.049765,0.679016,-0.092582,0.056818,0.014595,0.041444,24.279193
12908952116,0.488735,0.993349,-0.852903,-0.025521,-0.090878,0.008755,24.157119
13009021512,-1.338221,1.124169,0.108271,0.167834,-0.029685,-0.070959,24.172797
13109090909,-0.081473,2.106982,-0.529727,0.013045,-0.010037,-0.022118,24.300227
13209160305,-4.004714,0.689692,-0.237917,0.325700,0.116463,-0.260438,24.165252
13309229701,-0.274185,0.837391,0.336104,0.368133,0.035531,-0.190159,24.085429
13409299097,-1.943227,1.605189,-0.175789,-0.154656,-0.040731,0.104870,23.937609
13509368494,-0.568691,1.078665,-0.076926,0.068409,0.016411,-0.053469,23.815987
13609437890,1.604789,0.447966,0.273650,-0.095807,-0.042579,0.116525,24.068631
13709507286,0.338983,0.136047,-0.009337,0.028148,0.017476,-0.061485,23.821373
13809576682,1.152314,1.397347,-0.071414,0.141098,0.051029,0.025959,24.045483
13909646079,-1.732152,1.843716,-0.160558,-0.328541,-0.044864,0.242002,23.953169
14009715475,0.913184,2.876447,-0.855390,-0.133675,-0.103372,0.082544,23.820286
14109784871,-1.409495,2.085628,-0.115307,-0.305758,-0.080623,0.060921,23.723686
14209854267,-1.597604,1.934346,0.986865,-0.019111,-0.080239,0.155568,23.819544
14309923664,-0.469595,2.865415,0.591153,-0.063552,-0.041330,-0.058694,23.714822
14409993060,-0.043326,2.141864,0.568348,0.108449,-0.145207,-0.026622,23.777123
14510062456,-2.976749,3.344664,-1.565719,-0.567024,-0.168093,0.275138,23.589774
14610131852,-10.046801,4.523718,1.941699,0.344935,-0.044865,-0.263108,23.253658
14710201249,-6.398305,4.324310,0.957077,-0.589777,-0.047317,0.393045,23.137442
14810270645,-3.414372,3.810516,0.871394,0.510065,0.117051,-0.324175,22.969502
14910340041,5.209134,2.329568,-0.464243,-0.186069,-0.084361,0.086286,22.689412
15010409437,-4.390655,1.317262,-0.040336,-0.583507,-0.154999,0.430904,22.538524
15110478834,3.341802,2.384442,0.170833,0.083952,-0.027093,0.002683,22.206913
15210548230,-1.369337,2.269738,-0.188502,0.241774,0.002835,-0.162535,21.775596
15310617626,1.086934,1.549690,-0.463740,-0.017569,0.058540,-0.116057,21.790554
15410687022,0.197132,1.554993,0.193926,0.053857,-0.044979,-0.013063,21.491741
15510756419,1.222647,-0.229969,1.014207,0.032972,0.029637,0.016979,21.248722
15610825815,1.023889,-0.031645,-0.464020,-0.090788,0.070353,0.062083,20.973505
15710895211,-2.843529,1.224410,0.825283,0.199515,0.073148,-0.205367,20.883077
15810964607,-0.483984,1.895826,0.114241,0.078672,-0.041996,-0.027196,20.573314
15911034004,0.270058,-0.069472,0.292948,0.088947,0.087296,-0.079406,20.504912
16011103400,-0.843599,-0.535667,-0.577612,-0.083115,0.079393,-0.030560,20.450565
16111172796,0.771300,0.974797,-0.114738,-0.020385,-0.100384,0.063175,20.346682
16211242192,-0.571737,0.589145,-0.601250,-0.039201,0.041011,0.025288,20.353712
16311311589,-1.303353,0.128866,0.100441,-0.151583,-0.021739,0.002762,20.242153
16411380985,-0.362374,0.500015,-0.885138,-0.107149,0.007741,-0.036887,20.297397
16511450381,-0.934619,0.707185,-0.250390,-0.099095,-0.101539,0.094591,20.220638
16611519777,0.775362,0.536515,0.540840,0.087972,-0.052691,-0.003316,20.199864
16711589174,2.827835,1.276057,-0.484713,-0.115598,-0.035510,0.048833,20.159101
16811658570,1.444470,1.840743,-0.426535,0.190272,-0.000821,-0.096285,19.977578
16911727966,1.077539,0.589005,-0.559693,-0.011327,0.042694,0.157295,20.034414
17011797362,-1.220391,-0.985337,-1.064435,0.199851,0.213416,-0.125279,20.029050
17111866759,2.612722,1.026895,1.796984,0.284897,-0.072439,-0.094734,20.013539
17211936155,-0.464971,0.857947,1.783778,0.375509,0.060262,-0.174650,19.941430
17312005551,2.556895,0.447625,-0.974584,0.228015,0.026984,-0.099604,19.858828
17412074947,-0.935836,2.551063,-0.579186,0.327872,0.018666,-0.169631,19.772852
17512144344,1.753882,1.213527,-0.940912,0.345573,-0.035474,-0.086001,19.743528
17612213740,-3.364018,-1.812843,-0.268317,0.073315,-0.044183,-0.074988,19.748539
17712283136,-3.382531,1.184143,0.190837,0.431511,0.077812,-0.289249,19.759011
17812352532,-3.440721,0.052351,0.308683,-0.145676,0.034973,0.035774,19.740587
17912421929,-0.812338,-0.288454,1.023038,0.149460,0.016869,-0.139211,19.662864
18012491325,3.114170,0.259984,-0.259298,-0.517054,-0.071099,0.257317,19.688052
18112560721,-1.373523,0.901397,0.666644,-0.263735,0.045702,0.044900,19.716008
18212630117,3.494392,-0.220720,-1.344212,-0.460931,-0.003193,0.135399,19.680838
18312699514,1.502211,-1.014584,0.268489,-0.435162,-0.139929,0.268532,19.770595
18412768910,1.594342,-0.990919,-0.353322,-0.000929,-0.013742,-0.026228,19.734606
18512838306,-4.421364,0.792642,-0.734416,-0.583716,-0.266134,0.360320,19.781559
18612907702,2.768118,-1.137170,0.492650,-0.534275,-0.177348,0.308531,19.750307
18712977099,1.956331,1.085642,0.404595,-0.822893,-0.372234,0.693011,19.769601
18813046495,8.436653,-1.021203,-0.486840,-0.287862,-0.099295,0.093318,19.676502
18913115891,3.037511,0.679797,-0.568136,0.468390,0.088242,-0.471664,19.801394
19013185287,-4.958535,0.313249,-0.807986,0.726841,0.206073,-0.583035,19.833164
19113254684,-6.597057,-1.359804,-0.940744,0.798547,0.261621,-0.645522,19.737533
19213324080,0.926458,0.585717,0.495227,0.862752,0.152732,-0.564958,19.874193
19313393476,5.526877,-1.278456,-0.445746,0.807917,0.202178,-0.441440,19.808577
19413462873,0.936035,-0.771475,-0.267290,0.732436,0.172864,-0.308653,19.836084
19513532269,7.376183,-0.096265,-0.712190,0.705238,0.117908,-0.433477,19.816552
19613601665,-7.756064,1.263766,-0.853847,-0.003523,-0.107877,0.086077,19.817032
19713671061,5.571796,-0.199490,-0.519688,-0.117004,-0.044918,0.123787,19.885212
19813740458,-5.386530,2.305443,0.510046,-0.785520,-0.161414,0.332763,19.906149
19913809854,5.281073,-1.157059,-0.001884,-0.911700,-0.242724,0.577167,19.875690
20013879250,0.993613,-0.865747,-1.898349,-0.878899,-0.192747,0.583396,19.885012
20113948646,4.614388,-0.506553,-1.991359,-0.827000,0.016251,0.385550,19.909253
20214018043,-3.793109,3.022385,1.257427,-0.713778,0.117289,0.325224,19.879716
20314087439,-2.562111,-0.439592,0.345363,-0.731371,-0.086941,0.397021,19.950307
20414156835,-4.164199,0.206779,-0.191158,-0.623329,-0.167552,0.503162,19.900775
20514226231,3.913937,-0.147355,0.037834,-0.374400,-0.184990,0.522276,19.885087
20614295628,1.358084,1.246776,-0.701535,-0.356174,-0.049272,0.159076,19.873055
20714365024,3.305242,-0.287088,-0.997940,-0.239793,-0.112776,0.108458,19.864464
20814434420,-0.021899,-0.102877,-0.543883,0.001217,-0.026776,0.120411,19.827178
20914503816,-0.272691,-0.095632,-0.378106,0.108650,0.039447,0.051001,19.737407
21014573213,0.796118,0.169222,-0.450854,0.003205,-0.008524,-0.020657,19.764230
21114642609,-1.833383,0.149351,0.283835,-0.180409,0.007575,0.111827,19.755126
21214712005,-2.544172,2.104150,1.512178,-0.493021,0.001301,0.236740,19.680048
21314781401,1.445257,-1.132770,0.262894,-0.468554,0.055387,0.224134,19.781140
21414850798,-0.397740,0.665714,1.228024,-0.287895,0.049229,0.208310,19.756373
21514920194,0.920243,-0.101321,-0.843204,0.052634,0.011124,-0.144963,19.754171
21614989590,3.484197,0.746680,0.388389,0.070335,0.103924,-0.226599,19.795284
21715058986,5.193515,0.593604,0.312199,0.344211,0.170841,-0.259777,19.651586
21815128383,0.719422,0.315323,-0.136608,0.514504,0.154010,-0.363979,19.765945
21915197779,-3.244844,-0.732594,0.036053,0.613217,0.115803,-0.356352,19.808784
22015267175,4.364855,-1.665517,0.144768,0.636842,0.172801,-0.318237,19.752214
22115336571,0.176444,0.012590,0.642173,0.297727,0.169639,-0.323806,19.810628
22215405968,1.722196,-0.431208,-0.600561,0.042778,0.153670,-0.155393,19.784779
22315475364,0.542227,-0.932499,0.350067,0.018856,0.038946,0.047496,19.921528
22415544760,2.091423,-0.287969,-0.016531,-0.194085,-0.076747,0.182030,19.893024
22515614156,-0.511242,-0.834281,-0.363950,-0.099717,-0.094668,0.096877,19.913722
22615683553,-1.520810,0.188162,0.752167,-0.252188,-0.075260,0.048814,20.000162
22715752949,1.223644,0.041645,-0.379641,-0.112552,-0.070337,0.146282,20.024131
22815822345,-1.763502,0.324302,0.223210,0.094435,-0.047300,0.140528,19.976691
22915891741,-0.121691,-1.313911,-0.391787,0.280533,0.016724,-0.158967,20.005785
23015961138,-1.424258,-0.473576,1.295582,0.408861,0.025121,-0.282514,20.027707
23116030534,2.692064,-0.727033,-0.001990,0.462022,0.082434,-0.284500,20.047332
23216099930,1.056095,-0.721178,-1.784292,0.468856,0.046341,-0.377250,20.086791
23316169326,2.739829,-1.094588,-1.154354,0.587988,-0.009940,-0.286938,20.010185
23416238723,-3.568147,-0.626306,-0.377440,0.637328,0.058903,-0.278402,20.149795
23516308119,-3.294476,1.454902,-0.413589,0.566986,0.102114,-0.312266,20.231955
23616377515,-2.898606,1.365800,0.370320,0.305309,0.077404,-0.224332,20.266357
23716446911,-1.594021,-0.033006,1.454645,0.301023,0.030960,-0.124942,20.292041
23816516308,6.340299,2.506982,0.915075,0.027230,-0.077803,0.118379,20.281951
23916585704,-3.363764,-0.550675,0.922650,-0.265780,0.007014,0.207415,20.200909
24016655100,2.899484,-0.986547,0.175684,-0.510034,-0.027091,0.252024,20.459119
24116724496,-1.703983,-0.397061,0.279933,-0.600636,-0.092382,0.170124,20.470325
24216793893,3.932771,-0.788320,0.113497,-0.341829,-0.018241,0.037463,20.497322
24316863289,0.970028,-1.308191,0.117230,0.231340,0.023383,0.012291,20.572794
24416932685,-1.530109,1.080575,1.453640,0.390050,0.054567,-0.253753,20.392543
24517002081,3.435554,-0.301403,0.404373,0.870742,0.328209,-0.622491,20.765402
24617071478,-6.467906,-1.579333,-1.343182,0.857937,0.312162,-0.617015,20.902994
24717140874,2.410308,-0.798866,0.118663,0.777184,0.259355,-0.493686,20.616274
24817210270,2.771360,-0.968105,-1.244331,0.548628,0.158038,-0.272056,20.793337
24917279666,8.716750,-1.259872,-1.057897,0.372081,0.141235,-0.292009,20.932624
25017349063,-2.003311,-0.818523,-0.378280,-0.094413,0.057910,-0.141123,20.792005
25117418459,3.632788,1.089697,0.249192,-0.210737,0.123556,0.006051,20.862076
25217487855,4.728528,-1.177152,-0.926336,-0.491804,-0.161341,0.420214,21.081554
25317557251,2.032458,-0.379330,0.724400,-0.262477,-0.287860,0.389802,21.064699
25417626648,0.027618,-1.013572,-0.778125,-0.166141,-0.065834,0.001600,21.008398
25517696044,1.361363,1.671644,1.093694,-0.022212,0.098244,-0.174054,21.253450
25617765440,3.960725,0.688131,0.597277,-0.052027,0.182730,-0.212677,21.118397
25717834836,-1.335378,1.145131,0.404046,0.152496,0.172590,-0.161669,21.054234
25817904233,-0.786507,-1.049256,-0.046184,0.239481,0.064299,-0.275480,21.376390
25917973629,-3.128944,-0.035044,-0.232178,0.507746,-0.043609,-0.180325,21.296158
26018043025,2.061249,-0.636912,-1.058804,0.598296,-0.073873,-0.231207,21.298851
26118112421,5.007454,0.159953,-1.333864,0.666007,0.060806,-0.311081,21.564334
26218181818,4.281430,1.142713,-0.424539,0.457571,0.216687,-0.473037,21.499343
26318251214,3.623784,-0.704685,-2.043204,0.194963,0.088559,-0.204013,21.456589
26418320610,-0.120880,2.230732,1.715565,0.052620,-0.076137,0.134685,21.577559
26518390006,4.173205,1.332518,-0.149349,-0.104773,-0.093609,0.163168,21.479725
26618459403,-1.628375,-0.084974,-0.427502,-0.425938,0.002903,0.055248,21.584868
26718528799,-3.426912,1.484508,0.753875,-0.500082,0.019851,0.089070,21.724632
26818598195,-0.438733,-0.324594,-1.560096,-0.158219,-0.123063,0.123703,21.712160
26918667591,2.055945,-1.651127,-1.355390,-0.004408,-0.170157,0.123573,21.942782
27018736988,2.639260,-0.225932,-0.577066,0.313592,0.130847,-0.233705,21.929833
27118806384,-0.957290,-0.863494,-0.748114,0.587819,0.230659,-0.405345,21.702009
27218875780,3.598027,-1.068884,-1.155140,0.588899,0.118623,-0.398514,21.850296
27318945176,-0.705362,-0.533189,0.030734,0.514898,0.078240,-0.271060,21.872845
27419014573,2.253571,-1.238453,0.170343,0.426944,0.102592,-0.249685,21.901259
27519083969,5.804894,0.018921,0.980756,0.223937,-0.047730,-0.120489,22.032366
27619153365,3.790137,-0.120964,1.017502,-0.232397,-0.065084,0.018745,22.064475
27719222761,2.740610,-0.910980,-1.316756,-0.374666,0.017341,0.174234,22.081701
27819292158,-2.539714,-0.059515,-0.577897,-0.568510,-0.164632,0.418916,22.066950
27919361554,1.577319,0.212327,-1.819357,-0.581471,-0.246016,0.679160,22.083653
28019430950,-3.661199,-2.449909,-0.449980,-0.478613,-0.215113,0.404500,21.931992
28119500346,1.205909,-1.326472,-0.685489,-0.054914,-0.047829,0.154979,21.937532
28219569743,-1.421580,-1.703466,0.306454,-0.130997,-0.014053,0.030553,22.157397
28319639139,-3.613059,-1.374750,0.568236,0.029936,0.114440,-0.099302,22.072784
28419708535,-1.705841,-0.030339,-0.398304,0.120842,0.028391,-0.031618,22.179352
28519777931,-3.483016,0.542964,0.226999,0.311546,0.117030,-0.399432,22.229082
28619847328,0.213173,0.086772,0.980543,0.129043,0.136987,-0.271572,22.104139
28719916724,-1.155466,0.588128,0.519826,0.145072,0.092428,-0.130449,22.212086
28819986120,-0.040507,-0.805889,-0.682702,0.062555,-0.040247,0.043894,22.227506
28920055517,-2.232078,-0.319307,-0.022000,-0.111896,-0.110704,0.186840,22.213891
29020124913,0.475172,-2.324352,0.223100,-0.137387,-0.095833,0.155491,22.300578
29120194309,0.260866,-0.141632,0.797671,-0.122456,-0.117277,0.133897,22.330931
29220263705,1.625985,-0.326349,0.346017,-0.305974,-0.054566,0.061719,22.389836
29320333102,0.954977,-0.231952,-0.477048,-0.290756,-0.021352,0.164907,22.371065
29420402498,-1.808012,0.938381,-1.066454,-0.121008,-0.089655,0.121522,22.388563
29520471894,0.885695,-0.908945,-0.856371,0.113528,-0.085715,0.059914,22.523941
29620541290,-0.833263,-0.568786,0.357967,0.076086,0.035412,-0.008794,22.605647
29720610687,0.329958,-0.970050,0.147989,0.215039,0.086945,-0.094592,22.541563
29820680083,-1.307280,0.442145,0.583988,0.243376,0.105697,-0.157071,22.468628
29920749479,1.394361,0.508390,0.327847,0.273818,0.059562,-0.098522,22.471095
30020818875,2.029815,-0.259431,-0.636267,0.189348,-0.024125,-0.062039,22.442435
30120888272,1.317349,0.032389,-0.291135,0.071006,-0.034117,-0.008605,22.598018
30220957668,2.304526,0.510345,0.082009,-0.045206,0.015340,0.077069,22.584742
30321027064,-0.546069,0.279010,0.306578,-0.180174,-0.035946,0.119565,22.692541
30421096460,1.553969,-0.461209,-0.201830,-0.221505,-0.081560,0.234913,22.730946
30521165857,-1.493532,-0.429244,0.027498,-0.285003,-0.035837,0.201715,22.740488
30621235253,1.272608,0.094669,-0.751076,-0.268146,-0.082598,0.229241,22.891061
30721304649,-1.435379,0.491103,0.084348,-0.278240,-0.112001,0.208901,22.559878
30821374045,1.761754,-0.158618,0.831547,-0.241723,-0.070661,0.098759,22.817570
30921443442,0.801346,0.183842,0.195332,-0.095206,-0.014730,0.027721,22.849934
31021512838,-1.151107,-0.358864,0.731983,0.001728,0.062240,-0.108765,22.885783
31121582234,0.732113,0.964874,0.597346,-0.028288,0.110724,-0.129080,22.800850
31221651630,-0.107007,1.261753,0.417666,0.121884,-0.055751,0.127093,22.925037
31321721027,-0.969770,0.202122,0.976238,0.178008,-0.043697,-0.002498,22.931474
31421790423,-1.394657,0.039580,0.081268,0.224714,0.027983,-0.136188,23.011009
31521859819,1.490010,-0.228242,1.156319,0.153364,0.106865,-0.120600,22.954939
31621929215,0.442893,0.850094,0.508069,0.244750,-0.040135,-0.089522,23.064259
31721998612,1.963570,0.139410,-0.660786,0.332841,0.018034,-0.135439,23.134960
31822068008,-0.461415,0.031808,-0.245108,0.243393,0.176224,-0.120132,23.164989
31922137404,0.324356,-0.553687,-0.721495,0.071669,0.115161,-0.174878,23.125520
32022206800,-0.405142,-0.900090,0.085820,-0.033851,-0.042443,0.006548,23.208041
32122276197,0.414915,1.757216,0.312769,-0.078032,-0.023362,0.050305,23.270621
32222345593,0.543986,1.700203,0.345240,-0.101890,-0.084755,0.055841,23.261278
32322414989,0.924884,0.398117,-0.314864,-0.034535,-0.116912,0.196410,23.380681
32422484385,2.811698,-0.169821,-0.321895,-0.300798,-0.127424,0.382662,23.419869
32522553782,0.260133,-0.608002,0.083325,-0.316941,0.029672,0.117386,23.379482
32622623178,0.613977,-0.106462,0.796623,-0.066131,0.006750,0.067472,23.359875
32722692574,-1.319174,-0.995684,-0.110616,-0.056614,-0.022959,0.081978,23.351467
32822761970,-0.014002,0.525694,0.037516,-0.040919,-0.025983,-0.037844,23.500211
32922831367,0.634191,0.397389,0.446793,-0.078917,0.002426,0.014626,23.523131
33022900763,2.161034,-1.231252,-0.373018,-0.033396,0.013227,0.103186,23.487935
33122970159,0.762167,-0.044012,-0.574868,0.046511,-0.019500,0.021568,23.648908
33223039555,1.191151,0.008389,0.091945,0.178079,0.002839,-0.019518,23.658936
33323108952,1.380260,0.372291,0.756841,0.193255,-0.003993,-0.069056,23.752562
33423178348,1.365480,0.942771,0.400627,0.082382,0.002419,-0.014658,23.778096
33523247744,1.714731,0.950580,0.388090,0.111601,-0.016731,-0.016764,23.744750
33623317140,0.996279,-0.112978,-0.400328,0.070722,0.019988,0.035055,23.831617
33723386537,0.820473,0.144297,0.064235,0.021717,0.052597,-0.040200,23.794762
33823455933,1.193043,0.034877,1.092499,0.004079,0.081918,-0.047208,23.922592
33923525329,1.096086,-0.793158,0.500562,0.079837,0.043465,0.050088,23.986600
34023594725,1.082637,-0.281875,-0.191921,0.015791,-0.033780,-0.015305,24.021754
34123664122,1.168472,1.334815,-0.252552,0.014729,0.002516,-0.035235,24.065125
34223733518,0.654426,0.114927,0.285198,0.006753,0.052895,-0.037455,24.078822
34323802914,0.387939,0.600663,0.010708,0.045114,0.007021,0.018228,24.124923
34423872310,1.682611,0.860916,0.538159,-0.121255,-0.071617,0.200289,24.102735
34523941707,2.426300,-0.313839,-0.397231,-0.293364,-0.062441,0.126269,24.128168
34624011103,1.047687,0.430257,0.207354,-0.186936,-0.025184,0.113155,24.129915
34724080499,1.831413,-0.151667,0.413104,0.033192,0.057078,0.013397,24.021116
34824149895,0.299160,0.382047,-0.503851,0.133386,-0.006064,-0.064065,24.106029
34924219292,1.412226,0.635014,-0.405441,0.275131,0.011577,-0.087605,24.178146
35024288688,2.289558,-0.035862,-0.186694,0.196368,0.042540,-0.044086,24.119713
35124358084,1.185394,0.895360,-0.017945,0.099519,0.043303,-0.089093,24.113033
35224427480,0.390426,-0.474215,-0.152583,0.179283,-0.001872,-0.064001,24.141484
35324496877,-0.701189,0.535273,0.352244,0.208788,0.039604,-0.100978,24.024809
35424566273,1.040221,-0.310381,0.928344,0.139830,0.026934,-0.023484,24.027087
35524635669,-0.065212,-0.071768,0.407405,0.052753,-0.016510,0.019617,23.991331
35624705065,1.154237,-0.109444,-0.343811,0.073359,-0.006465,-0.022887,24.022543
35724774462,1.170657,0.311959,-0.039736,-0.005894,0.076567,-0.115885,24.024651
35824843858,0.693055,-0.744688,-1.214052,-0.029157,-0.001737,0.004655,24.116813
35924913254,0.839120,0.821524,-0.214192,-0.063257,-0.049087,0.121076,24.071464
36024982650,1.523557,0.238786,0.525973,-0.132049,-0.027077,0.086293,23.933828
36125052047,0.384543,-0.830556,0.335684,-0.130325,-0.048609,0.108124,23.897223
36225121443,-1.095634,0.168754,0.694564,-0.066212,-0.060688,0.087484,23.918153
36325190839,1.091538,0.647452,0.590711,0.042464,-0.015577,0.006998,23.954614
36425260235,-0.122211,-0.530657,0.658085,0.072934,0.008169,-0.020502,23.943379
36525329632,0.789239,-0.304269,-0.706367,0.014168,0.061714,-0.052260,24.121388
36625399028,1.003051,0.572792,0.315091,0.028408,0.044789,-0.067732,24.135957
36725468424,1.482249,-0.777313,0.450323,0.071207,0.040454,-0.012728,24.144233
36825537820,-0.938185,0.635902,-0.487981,0.200467,0.049976,-0.025194,24.155734
36925607217,-2.150785,1.809162,0.186033,0.268158,-0.044989,-0.184008,24.106479
37025676613,-1.698846,0.090763,-0.629970,0.171206,-0.024137,-0.132166,24.108606
37125746009,-0.750953,-1.068241,0.124791,0.043403,0.014587,0.036354,24.016398
37225815405,1.180972,0.257029,0.170698,0.061064,-0.031443,-0.014215,24.056915
37325884802,0.730587,0.287163,-0.274291,0.062222,-0.012445,-0.099013,24.079762
37425954198,0.068963,0.297610,-0.254931,0.045320,0.010248,-0.056745,24.030229
37526023594,-0.288594,-0.207474,-0.082420,-0.081546,-0.005091,-0.012674,24.128591
37626092990,0.047565,-0.075118,0.036718,-0.055115,-0.055094,0.048025,24.076508
37726162387,-0.656263,0.139568,-0.358442,0.020973,-0.041899,-0.003763,24.106895
37826231783,-0.259488,-0.198625,-0.198901,0.081136,0.030932,-0.135428,24.191736
37926301179,-0.037028,-0.894792,-0.261953,0.051568,0.091594,-0.123893,24.177921
38026370575,-0.127212,0.435651,-0.672748,0.033025,-0.023129,-0.020118,24.441715
38126439972,-0.555451,-1.271605,-0.180757,-0.061051,-0.012803,0.047448,24.330344
38226509368,-0.927850,-1.217818,0.343349,-0.183348,-0.007385,0.053512,24.384588
38326578764,-1.236364,0.147959,-0.363630,-0.164877,-0.100089,0.146736,24.390828
38426648160,1.130407,-0.362866,0.160715,-0.086988,0.091825,-0.000748,24.445283
38526717557,0.309227,-1.357836,-0.368008,-0.007405,0.167847,-0.093098,24.472674
38626786953,0.004864,1.149301,0.087460,0.055154,-0.055537,-0.006088,24.403576
38726856349,-0.139181,-0.609596,-1.094861,0.001002,-0.087080,0.037278,24.379188
38826925746,-0.698004,-0.224985,-1.162375,-0.152906,0.064913,0.052106,24.326989
38926995142,-1.171554,1.148709,-0.222283,-0.175124,0.068305,0.068078,24.395233
39027064538,-0.136439,0.878725,0.518734,0.059411,-0.037231,0.019707,24.499495
39127133934,0.657600,0.756874,1.039457,0.034302,-0.030635,0.000030,24.618047
39227203331,-0.730176,-0.038066,0.290714,-0.041168,0.011489,-0.002699,24.549839
39327272727,-1.539504,0.644742,-1.014384,-0.097363,-0.057181,0.085423,24.491313
39427342123,-1.048398,0.147039,-1.108029,-0.119025,-0.001518,0.145068,24.399443
39527411519,0.439979,0.459419,-0.650797,-0.235212,0.120395,0.012929,24.393242
39627480916,0.312566,0.474214,1.184834,-0.175024,0.060311,0.047106,24.233969
39727550312,0.089982,0.535759,0.431993,0.012122,-0.136290,0.117020,24.242545
39827619708,-0.368370,-0.016915,-1.384312,0.263905,-0.090962,0.036881,24.291523
39927689104,2.435937,2.560898,0.413570,0.041644,0.048419,-0.059928,24.217038
40027758501,0.223693,1.105458,0.609831,-0.145781,0.027853,-0.062369,24.125819
40127827897,-0.835687,0.448741,-0.986374,0.043243,-0.033119,0.060569,24.106627
40227897293,0.795914,0.509564,-0.224423,0.097665,-0.030547,-0.074618,24.079771
40327966689,-0.243384,1.078613,-0.080636,0.010105,0.021627,-0.083934,24.067838
40428036086,-0.412497,1.320423,0.387005,0.070181,-0.024215,0.057366,23.981885
40528105482,0.050917,1.624391,0.008526,0.013317,-0.023207,0.025591,23.941880
40628174878,0.077340,1.509652,0.434128,-0.086216,-0.001701,0.024175,23.890131
40728244274,0.079072,0.434741,0.541671,-0.091465,0.015226,0.090038,23.937053
40828313671,-1.075162,0.670361,0.011600,-0.142424,-0.013181,0.030093,23.827371
40928383067,-0.159518,0.601333,-0.667937,-0.095337,-0.002596,-0.005639,23.750223
41028452463,1.346484,0.352447,-0.864076,0.079236,-0.000930,-0.022823,23.738944
41128521859,0.702862,0.353291,-0.406060,0.092747,0.065284,-0.128230,23.667167
41228591256,0.515139,0.978719,-0.437327,0.162130,0.051300,-0.125158,23.663156
41328660652,-1.197836,0.217146,0.170562,0.201639,0.056268,-0.067193,23.579472
41428730048,-0.305149,0.541715,0.584265,0.078836,0.086854,-0.103051,23.530873
41528799444,0.252509,0.275299,-0.590047,0.181891,0.066380,-0.092508,23.449137
41628868841,0.783820,0.180744,-0.910389,0.106770,-0.009795,-0.055733,23.341872
41728938237,-0.033609,-0.159667,-0.126431,0.038763,-0.024884,-0.059597,23.479082
41829007633,0.709669,0.254897,0.528198,-0.030039,-0.003689,0.003279,23.556187
41929077029,0.246032,0.761596,0.678753,-0.121561,-0.021719,0.074349,23.642302
42029146426,0.190956,0.750571,0.135905,-0.129331,-0.057055,0.094827,23.548464
42129215822,0.518513,-0.407878,-0.110149,0.042687,-0.103890,0.055180,23.462513
42229285218,-0.321678,-1.174169,-0.922274,0.010284,-0.081118,0.085550,23.396567
42329354614,-0.997419,-0.214357,0.012252,-0.043802,0.013621,0.077598,23.389857
42429424011,-0.343835,-0.057169,0.413103,-0.014957,-0.034863,0.029781,23.361617
42529493407,1.476792,0.298071,0.485030,0.085483,-0.120238,0.097651,23.677253
42629562803,0.242272,-0.368794,-0.033900,0.123524,-0.043524,0.045422,23.927232
42729632199,-0.196566,0.413657,-0.650573,0.031906,0.025819,-0.160122,23.694179
42829701596,0.488304,-0.315686,0.240127,0.032289,-0.006401,-0.063967,23.527104
42929770992,-0.737272,-0.719725,0.194395,-0.008719,-0.056049,0.048040,23.753946
43029840388,-1.209229,0.285657,0.528578,0.068441,-0.063158,0.055177,23.941796
43129909784,-0.908844,-0.103468,-0.012276,0.115448,-0.018926,0.008042,23.788911
43229979181,-0.686921,-0.617813,-0.218915,0.027845,0.015067,-0.014276,23.763655
43330048577,-0.349191,-0.368415,-0.337233,-0.020816,-0.022061,0.097629,23.872657
43430117973,-0.303912,-1.048597,-0.244131,0.066308,-0.052763,0.071247,23.854448
43530187369,-0.100641,-0.470156,-0.571452,0.068170,-0.075198,-0.121714,23.892434
43630256766,-1.032654,-1.444644,0.319856,-0.003311,-0.072912,0.036712,23.879720
43730326162,-1.420590,-0.640820,0.282373,-0.133111,-0.048809,0.191757,24.071015
43830395558,-0.964451,-0.282123,0.011265,-0.043195,0.000564,-0.004174,24.037174
43930464954,-0.953801,-0.714604,0.216360,0.004045,-0.013625,-0.092069,24.115654
44030534351,-1.184683,-0.424448,0.673820,-0.082357,-0.116377,0.071744,24.161957
44130603747,-0.244735,0.371257,0.100903,-0.046223,-0.065153,0.141954,24.212943
44230673143,-0.134455,0.365518,0.121382,-0.083378,-0.046840,0.033131,24.298654
44330742539,-0.627999,0.120313,-0.064640,0.007551,-0.070719,0.018188,24.412516
44430811936,-1.264712,-1.338024,0.947522,0.005340,-0.001445,-0.041620,24.420183
44530881332,-1.231742,0.015285,0.206113,0.043754,0.036764,-0.049599,24.469250
44630950728,-0.209823,0.680068,-0.428836,0.163491,-0.003104,-0.030330,24.607123
44731020124,0.621166,-0.785252,-0.825964,0.212050,-0.029367,-0.096477,24.618446
44831089521,-0.015410,0.717689,-0.043021,0.050444,0.139178,-0.180810,24.679273
44931158917,-0.815888,-0.200520,-0.573106,-0.100386,0.142751,-0.072953,24.705519
45031228313,-0.904756,-0.251078,1.107135,-0.111710,-0.003281,0.035004,24.705210
45131297709,-0.244430,0.249764,0.469858,-0.092965,-0.065279,0.036431,24.664580
45231367106,0.301475,0.488589,-0.272411,-0.121919,-0.039434,0.066158,24.716622
45331436502,0.144975,0.606052,-0.807031,-0.138775,-0.010452,0.082286,24.734517
45431505898,0.378440,-0.147233,-0.295674,-0.051838,-0.013315,0.019147,24.719890
45531575294,-0.622945,-0.128141,0.036507,-0.050388,-0.018119,0.043777,24.654578
45631644691,-0.718024,-0.007061,0.241694,-0.029863,-0.021617,0.120423,24.632151
45731714087,-1.159627,0.992367,0.209099,0.008669,-0.008656,0.033162,24.627912
45831783483,-0.824070,2.053733,-0.032194,0.026644,-0.048193,-0.105261,24.515919
45931852879,-0.205556,2.691562,0.163990,0.069479,0.012872,-0.051803,24.424028
46031922276,0.718831,1.850791,0.142990,0.157332,0.153778,-0.104551,24.432460
46131991672,-0.845329,2.269972,0.067299,0.156705,0.067828,-0.177027,24.531984
46232061068,-1.284306,1.380015,-0.051907,0.181329,-0.038778,-0.075960,24.441020
46332130464,0.243544,1.092642,-0.154427,-0.019123,-0.012052,-0.016513,24.323027
46432199861,-0.599658,1.159211,0.256174,-0.193640,0.133659,-0.127781,24.250048
46532269257,-0.306602,1.544102,-0.847035,-0.082447,0.102745,0.005458,24.201157
46632338653,-0.060103,0.372780,-0.153733,-0.002557,-0.128436,0.111885,24.110688
46732408049,0.540463,2.017534,0.597733,0.028719,-0.108096,0.126624,24.010807
46832477446,-0.877961,1.102108,-0.111157,-0.082239,0.032219,0.033115,23.913663
46932546842,-0.316019,1.614883,0.387815,-0.024625,0.081294,-0.081596,23.784565
47032616238,-0.524614,3.020596,0.369591,0.025055,0.052137,-0.070960,23.765711
47132685634,-1.498906,3.412964,0.308688,0.141033,0.041011,-0.061968,23.660029
47232755031,-0.465409,2.869597,0.006216,0.166624,0.057838,-0.166770,23.545243
47332824427,-1.635389,0.953113,-0.151493,0.239337,0.074395,-0.135196,23.396751
47432893823,-1.372421,1.797775,-0.231904,0.261468,0.031299,-0.140255,23.213579
47532963219,-2.573704,2.417420,0.410492,0.148745,0.030078,-0.115690,23.052159
47633032616,0.386974,2.226750,-0.375010,0.043553,0.016576,-0.040670,22.747317
47733102012,-0.623228,2.281114,-0.141864,0.004775,0.028232,-0.031879,22.489627
47833171408,-2.467794,1.870959,-0.108815,-0.115610,0.065150,-0.087132,22.194603
47933240804,-0.735460,1.341745,-0.827313,-0.147353,0.043779,0.040879,21.891624
48033310201,-1.655815,0.712456,0.516695,-0.097833,0.004759,0.064697,21.650050
48133379597,-1.047643,0.701155,0.503294,-0.194711,0.073408,-0.019000,21.431656
48233448993,-0.434986,1.065421,0.614818,-0.183489,0.090224,0.003457,21.232882
48333518390,0.115274,0.525827,-0.223822,-0.083793,0.027390,0.013948,21.064995
48433587786,-0.762539,1.198229,-0.223807,0.014254,0.064962,-0.087088,20.869169
48533657182,-0.852884,0.548021,-0.628226,0.053636,0.060433,-0.103637,20.732434
48633726578,-0.123336,0.639127,-0.299805,0.064814,-0.007271,-0.048363,20.644726
48733795975,-0.267263,-0.115967,-0.345722,-0.013438,-0.037855,-0.038576,20.511046
48833865371,1.114436,0.107204,-0.345204,-0.090620,-0.099915,0.075608,20.412181
48933934767,1.667711,1.075805,0.225998,-0.196516,-0.194139,0.343040,20.277012
49034004163,-1.900931,0.591691,-0.617143,-0.204888,-0.163298,0.327146,20.198238
49134073560,-2.700481,0.557991,-0.096038,-0.451560,-0.081328,0.184097,20.150745
49234142956,1.680373,-0.289212,0.062168,-0.550084,-0.131930,0.340022,20.082445
49334212352,0.866607,0.620709,-0.227672,-0.522560,-0.232960,0.558871,20.063595
49434281748,-2.655549,-1.207587,-0.727350,-0.391053,-0.220113,0.362208,20.000755
49534351145,-0.116049,-0.819611,-0.462950,-0.303017,-0.142073,0.132598,19.987553
49634420541,-2.039803,0.533482,1.238021,-0.188925,0.017322,0.077736,19.955743
49734489937,-0.976056,-0.476165,0.475758,-0.057611,0.112019,-0.054708,19.936885
49834559333,-0.821764,-1.274838,-0.024953,-0.038708,0.009251,-0.074165,19.974497
49934628730,2.327994,0.273187,-0.218998,0.126921,-0.093345,0.080871,19.891605
50034698126,-0.567823,0.062791,-0.931411,0.204338,-0.066996,0.038370,19.841666
50134767522,-0.069682,0.481663,-0.498367,0.176828,0.027380,-0.151284,19.880579
50234836918,-1.798555,0.455029,-0.313345,0.181172,0.079849,-0.117404,19.929173
50334906315,-1.047676,-0.799425,0.232232,0.220427,0.099909,-0.137808,19.828092
50434975711,-1.692022,-0.412348,0.066999,0.235839,0.089822,-0.180288,19.829161
50535045107,0.457318,-0.382209,-0.208656,0.154446,0.049312,-0.084998,19.859220
50635114503,0.524413,-1.486218,-0.494627,0.116517,-0.000120,-0.045588,19.891442
50735183900,0.394129,0.144870,-0.233464,0.071645,-0.101582,-0.010631,19.819150
50835253296,-0.295320,-0.194916,0.416745,0.103943,-0.121324,0.031403,19.941364
50935322692,-1.274761,-3.327133,-0.277172,0.160354,-0.119138,0.011009,19.961565
51035392088,-1.880472,-2.732708,0.112108,0.130175,-0.003444,-0.087796,19.912541
51135461485,-1.342587,-1.962204,-0.498127,0.129776,0.026864,-0.112798,19.904962
51235530881,-2.609003,-1.360294,-0.104763,0.084419,-0.009391,0.026107,19.857670
51335600277,-2.615604,-0.452924,0.213223,-0.046962,-0.047162,0.034551,19.996616
51435669673,-2.733456,-1.046738,0.608882,-0.299829,-0.118648,0.157267,20.006920
51535739070,0.111632,0.315411,0.526340,-0.461794,-0.163258,0.248771,19.991056
51635808466,2.054710,2.661528,-0.073421,-0.480756,-0.211677,0.319591,19.962135
51735877862,-0.914994,0.638299,-0.040599,-0.225839,-0.192407,0.170012,19.995450
51835947258,0.843964,-0.433947,-0.720665,0.042865,-0.078450,-0.092906,20.020405
51936016655,1.549778,2.040064,-1.100993,0.198281,0.009042,-0.222501,20.037360
52036086051,3.214130,1.756397,-1.094447,0.432946,0.187990,-0.348087,20.065517
52136155447,-0.958406,-1.119677,-0.417241,0.565252,0.255641,-0.461506,20.097962
52236224843,-5.538058,-2.394156,-0.071478,0.687906,0.258798,-0.580755,20.099770
52336294240,-2.687117,-0.578814,0.349765,0.557976,0.201674,-0.431918,20.090005
52436363636,-2.019090,-0.093739,0.641600,0.328123,0.118223,-0.218531,20.133056
52536433032,0.988936,-0.293464,-0.336208,0.103561,0.024197,-0.063399,20.173963
52636502428,-1.651752,-0.778425,-0.302121,-0.234720,-0.052670,0.160624,20.256545
52736571825,2.864588,0.076395,-0.684784,-0.381958,-0.029345,0.202327,20.326237
52836641221,1.633431,-0.395480,0.099934,-0.418666,-0.005405,0.210135,20.386160
52936710617,2.257995,-0.021268,-0.346339,-0.259147,0.007948,0.071189,20.321356
53036780013,0.912487,0.175001,0.073592,-0.043277,-0.013790,-0.034803,20.309653
53136849410,-2.921756,-0.409698,-0.231387,0.067672,-0.003244,0.001579,20.406771
53236918806,-0.998827,-0.538275,-0.658071,0.112936,0.051290,-0.066575,20.449506
53336988202,-1.227839,-1.280227,-0.222638,0.119671,0.058890,-0.092616,20.488056
53437057598,-0.544112,-1.144753,-0.276462,0.055477,0.033856,-0.058529,20.495467
53537126995,-0.761337,-0.183755,0.090968,0.002623,0.002900,0.027299,20.496196
53637196391,0.561877,0.759634,0.362770,-0.060094,-0.051809,0.004141,20.487993
53737265787,0.309868,-0.226641,-0.525445,-0.030078,-0.079386,0.018307,20.527827
53837335183,-0.576603,-0.461546,-0.803833,0.005519,-0.097765,-0.005216,20.613380
53937404580,-0.794079,1.065556,0.007791,0.034861,-0.036890,-0.001826,20.667447
54037473976,-1.411448,0.426067,0.766795,0.170204,-0.036728,0.029747,20.640674
54137543372,-2.860255,-1.696393,0.846066,0.423205,-0.071434,-0.016553,20.701680
54237612768,-4.587599,-2.779200,-1.070189,0.484841,-0.026154,-0.140421,20.743679
54337682165,-4.187387,-0.791634,-0.501186,0.463247,0.005119,-0.287951,20.752012
54437751561,2.951312,-0.644395,-0.336615,0.165148,0.002528,-0.150084,20.718255
54537820957,3.202018,0.420368,-0.182939,-0.131962,-0.105379,0.080102,20.783232
54637890353,3.071100,-0.535498,0.015019,-0.306336,-0.108707,0.162763,20.839744
54737959750,-1.061033,-1.531224,-0.019459,-0.441390,-0.121750,0.239429,20.826383
54838029146,-2.280161,0.146891,-0.042488,-0.449882,-0.177922,0.331404,20.848310
54938098542,0.540613,0.954392,0.481028,-0.512569,-0.176879,0.357466,20.859311
55038167938,0.640017,-0.223452,0.194634,-0.473499,-0.089907,0.221695,20.868344
55138237335,1.582798,-0.097775,-0.144659,-0.352888,-0.090018,0.175513,20.917590
55238306731,-0.304903,0.499966,-0.039752,-0.133715,-0.032373,0.073338,20.972853
55338376127,1.472078,-0.167434,-0.170661,0.141413,0.046892,-0.149037,21.029650
55438445523,-2.269356,-0.218986,0.357731,0.328428,0.024317,-0.208386,21.001903
55538514920,-2.730671,1.072986,0.318338,0.361008,0.041478,-0.214382,21.027435
55638584316,-2.789464,0.574485,0.330440,0.414842,0.020936,-0.179547,21.028202
55738653712,0.520481,-1.033902,0.203468,0.343211,0.020329,-0.129423,20.992960
55838723108,0.202087,0.082915,-0.159782,0.252788,0.053396,-0.106245,21.049558
55938792505,-0.671315,0.245483,-0.114456,0.179942,0.041137,-0.053544,21.051197
56038861901,0.263410,0.005735,-0.517046,0.051395,0.046691,-0.106066,21.067228
56138931297,-0.404658,-0.787530,-0.985606,-0.066540,0.064052,-0.015701,21.038238
56239000693,-0.493924,-1.217332,-0.238457,-0.029875,0.075882,-0.001720,21.006094
56339070090,-0.904642,-0.461244,0.557238,-0.053975,0.019717,-0.126014,20.968076
56439139486,-0.090069,-0.118074,-0.115110,-0.115895,-0.022101,-0.006253,20.941429
56539208882,-0.301697,0.366286,-0.368741,-0.210100,-0.038434,0.180305,20.977079
56639278278,0.845778,-0.057160,-0.558461,-0.245865,-0.051891,0.168588,20.979000
56739347675,0.294879,-0.619930,-0.372034,-0.285838,-0.060496,0.149567,20.962268
56839417071,1.001140,-0.247018,0.005119,-0.347197,-0.029171,0.171984,20.983239
56939486467,-1.381400,-0.249824,0.323889,-0.259901,0.040579,0.102960,20.979716
57039555863,-1.387468,-1.025393,-0.163236,-0.176150,0.010184,0.053815,20.936316
57139625260,-1.173837,0.115919,-0.141964,-0.107948,-0.069850,0.103725,21.002240
57239694656,0.446585,0.320650,-0.496307,-0.030960,-0.097280,0.076081,20.997042
57339764052,-0.231869,-0.232146,-0.766774,0.044514,-0.132191,0.045291,20.976340
57439833448,-0.300703,-0.238027,-0.015695,0.050289,-0.049560,0.054250,21.090265
57539902845,0.081261,-0.518838,0.339287,0.102375,0.050851,0.005448,21.097487
57639972241,-0.941579,-0.949685,0.711069,0.157235,0.010064,-0.030312,21.093873
57740041637,0.145753,-0.820471,0.046637,0.151051,-0.008688,-0.144158,21.146074
57840111034,0.006159,0.196339,-0.250114,0.066499,-0.028362,-0.075740,21.141301
57940180430,-0.546476,-0.576684,-0.027965,-0.014880,-0.036047,0.017208,21.167107
58040249826,0.521321,0.106190,0.021387,0.040630,0.009674,-0.038448,21.323181
58140319222,0.126637,0.568720,-0.241078,0.147593,0.049365,-0.052594,21.342657
58240388619,-0.406712,0.026392,0.327418,0.158972,0.065198,-0.109555,21.271309
58340458015,-0.171264,-0.045014,0.085152,0.154145,0.053183,-0.079840,21.308478
58440527411,-0.056934,-0.365940,-0.252371,0.182928,0.036698,-0.062412,21.313557
58540596807,1.527193,-1.225186,-0.692188,0.102637,-0.016019,-0.057383,21.306255
58640666204,1.170465,0.133316,-0.577295,0.013624,-0.017159,0.049561,21.404454
58740735600,1.273149,0.593531,-0.811806,-0.011001,-0.064654,0.076475,21.419024
58840804996,-1.198637,-0.493865,-0.141431,-0.131593,-0.101606,0.036325,21.375285
58940874392,0.351902,-1.170587,0.701651,-0.176423,-0.011490,0.061691,21.409369
59040943789,1.190921,-0.416007,0.495173,-0.219791,0.013244,0.131582,21.498975
59141013185,0.849407,0.287464,0.530628,-0.085080,0.030254,0.044986,21.463600
59241082581,1.225487,0.201267,0.134614,0.153973,0.118636,-0.105683,21.455706
59341151977,1.384236,-0.090194,-0.704449,0.211388,0.066736,-0.133467,21.484465
59441221374,1.450555,-0.025901,-0.772021,0.281848,0.017818,-0.134566,21.488011
59541290770,-1.499341,-0.476588,-0.047197,0.268997,0.103651,-0.186546,21.480818
59641360166,-3.944824,-0.811510,0.848814,0.172602,0.159499,-0.248756,21.527996
59741429562,-1.761343,-0.037866,0.834859,0.092545,0.064259,-0.178251,21.490233
59841498959,0.264397,0.005161,-0.387258,0.023633,-0.039466,0.013836,21.420374
59941568355,0.365444,-0.753527,-0.710068,-0.033447,-0.068668,0.099785,21.418963
60041637751,-0.594584,-0.130647,-0.331398,-0.160318,-0.068420,0.079573,21.392063
60141707147,-0.217052,0.310202,-0.316249,-0.136249,-0.099859,0.103195,21.380596
60241776544,-0.325248,-0.040470,-0.303998,-0.188290,-0.170188,0.208950,21.465696
60341845940,-0.024497,-0.181704,-0.106504,-0.194378,-0.116207,0.158646,21.480854
60441915336,-1.230878,0.172785,-0.308154,-0.135808,-0.043087,0.072762,21.436960
60541984732,0.406833,-0.169665,-0.120411,-0.053457,-0.062528,0.018949,21.447462
60642054129,0.521996,-0.660609,0.011307,-0.001601,-0.088429,-0.053767,21.534489
60742123525,0.183258,-0.159803,-0.063131,0.052610,0.010517,-0.077447,21.588650
60842192921,1.243617,0.634184,0.205316,0.127493,0.058336,-0.090086,21.563797
60942262317,1.013160,-0.517865,-0.372302,0.204904,0.022710,-0.151329,21.599243
61042331714,-0.151258,-1.271982,-0.314706,0.239629,0.029317,-0.132295,21.633722
61142401110,-0.679274,-0.341683,0.168889,0.230114,0.067794,-0.076427,21.611841
61242470506,-0.685462,0.550175,-0.404906,0.216155,0.097626,-0.150328,21.674802
61342539902,-1.153991,0.465170,-0.616075,0.174808,0.067092,-0.203454,21.730925
61442609299,0.133216,0.197807,-0.020317,0.075470,0.039461,-0.132350,21.736664
61542678695,-1.054380,-0.112229,0.539863,-0.069626,0.010905,0.013108,21.724618
61642748091,1.032294,-0.512970,0.223487,-0.203264,-0.036511,0.109470,21.727243
61742817487,0.508070,-0.464416,0.199399,-0.339244,-0.070710,0.241537,21.784876
61842886884,-0.765115,-0.031247,0.252081,-0.311349,-0.075080,0.221537,21.789324
61942956280,0.174034,-0.866664,0.104884,-0.180807,-0.057922,0.118362,21.725035
62043025676,0.282163,-0.813810,-0.325136,-0.150788,-0.035295,0.060048,21.775955
62143095072,0.240290,-0.757729,-0.279857,-0.093452,-0.033051,0.094278,21.837654
62243164469,-1.616724,-1.198534,-0.020780,0.063913,0.007733,0.021861,21.854688
62343233865,-1.009957,-0.004991,-0.274771,0.208635,0.063540,-0.158978,21.864409
62443303261,-0.607966,0.358131,-0.085018,0.300933,0.012928,-0.193944,21.868537
62543372657,1.357114,-0.740479,-0.055037,0.351103,0.019781,-0.183416,21.882924
62643442054,1.342403,-0.580632,-0.186310,0.256336,0.020722,-0.125573,21.962994
62743511450,1.256204,0.000200,-0.564859,0.160519,0.054680,-0.062453,21.932642
62843580846,0.495043,0.123459,-0.449878,0.122922,0.097600,-0.068770,21.972400
62943650242,-0.105373,0.734159,-0.174992,0.062921,0.021920,-0.062676,22.031915
63043719639,-0.283086,-0.240803,-0.050358,-0.071074,0.000538,0.045151,21.966451
63143789035,-1.404304,-0.087832,-0.058705,-0.243516,0.049787,0.123984,22.055369
63243858431,-1.295223,-0.275077,-0.423387,-0.289498,-0.019946,0.124027,22.082969
63343927827,-0.836253,-0.054131,-0.123306,-0.218145,-0.096423,0.177891,22.064516
63443997224,0.792868,-0.204945,0.542741,-0.150782,-0.042904,0.118043,22.137541
63544066620,0.745416,0.573430,0.600939,-0.051146,0.020087,-0.002938,22.186521
63644136016,0.661218,0.417331,-0.258104,0.126999,-0.048120,-0.040765,22.107851
63744205412,-0.926497,-0.237291,-0.527315,0.198637,-0.040087,-0.129754,22.150200
63844274809,-2.572522,0.874385,0.388609,0.038474,0.032281,-0.126862,22.198437
63944344205,-0.151573,-0.717725,-0.638806,-0.100065,0.000158,0.027095,22.108900
64044413601,1.119632,-1.356499,-0.090115,-0.121725,0.049518,0.085536,22.176589
64144482997,0.418231,0.457965,1.792456,0.016375,0.110894,-0.030128,22.219704
64244552394,1.333735,0.013305,1.110725,0.139247,0.114502,-0.097723,22.189419
64344621790,1.642462,-1.270656,0.674689,0.125914,0.041428,-0.015011,22.171280
64444691186,1.061742,0.223585,0.554327,0.112027,-0.031376,0.034847,22.224882
64544760582,1.020598,-0.281257,-0.240123,0.045963,-0.007629,-0.028782,22.230587
64644829979,0.332615,-1.192066,-0.251613,-0.084499,-0.004383,0.042785,22.266496
64744899375,0.474594,-0.703070,0.038905,-0.120814,-0.007465,0.135373,22.354650
64844968771,1.297342,-1.134456,0.061168,-0.067850,-0.029471,0.159323,22.382343
64945038167,0.370472,0.436014,0.402005,-0.025875,-0.019129,0.128231,22.319232
65045107564,-0.624999,0.019861,0.541005,-0.075776,0.010967,0.038559,22.311932
65145176960,-0.348747,-0.406067,0.368670,-0.027560,-0.000062,-0.008550,22.379568
65245246356,0.365371,0.878701,-0.336505,0.084995,-0.073774,-0.015156,22.447694
65345315752,-0.281790,0.086087,-0.310831,0.100518,-0.076178,-0.015407,22.486595
65445385149,0.148656,0.207283,-0.086473,0.099918,-0.038314,-0.010252,22.509075
65545454545,-0.274204,-0.648818,-0.226561,0.084183,-0.028380,-0.021437,22.531111
65645523941,-0.650749,-1.480842,-0.016575,0.028773,-0.031609,-0.029127,22.592414
65745593337,0.599126,-0.864056,0.768957,0.015967,-0.026709,0.010368,22.632121
65845662734,1.403302,-0.772250,0.681626,0.050376,-0.051271,0.036163,22.577129
65945732130,1.450307,-0.741919,-0.050991,0.034699,-0.056955,-0.020911,22.592862
66045801526,0.319141,-0.959478,-0.133163,0.032064,-0.024206,-0.055153,22.697966
66145870922,-0.084331,0.135834,-0.389097,-0.015925,-0.001607,-0.010986,22.711694
66245940319,-0.396262,-0.156567,-0.690844,-0.053273,-0.075248,0.077134,22.760778
66346009715,0.641212,-0.346578,-0.561013,-0.045686,-0.086633,0.083022,22.808493
66446079111,1.286740,0.090781,-0.087851,0.039660,-0.036396,0.059397,22.824281
66546148507,0.969554,-0.773825,-0.045186,0.040912,0.015381,-0.007245,22.812479
66646217904,0.985101,-0.612025,-0.536542,0.028231,0.056221,-0.070516,22.852630
66746287300,0.770100,0.281462,-0.832995,0.102825,0.013835,-0.033896,22.921427
66846356696,1.678096,0.113077,-0.802526,0.167085,0.006890,-0.026084,22.925355
66946426092,2.247695,-0.076675,-0.698054,0.250413,0.027575,-0.087794,22.963529
67046495489,0.623878,-0.245606,-0.163568,0.223601,0.024437,-0.172258,23.026801
67146564885,0.425856,-0.810712,0.413018,0.220863,0.047484,-0.142590,22.981701
67246634281,1.576827,0.449369,0.301543,0.209168,0.098576,-0.086399,22.978629
67346703678,0.739564,0.480700,-0.174182,0.099255,0.077636,-0.065111,23.087612
67446773074,-0.030864,-0.159486,-0.264709,0.137889,0.019400,-0.011245,23.168579
67546842470,-0.386253,-0.265533,0.055297,0.186495,-0.029006,-0.081874,23.206956
67646911866,0.228411,-0.163691,-0.525844,0.164036,-0.021015,-0.124719,23.169590
67746981263,0.713782,-0.662330,-0.858264,0.162409,0.006185,-0.064590,23.179978
67847050659,1.417259,-1.617068,-0.578385,0.142949,0.135942,-0.106633,23.300514
67947120055,1.743190,-1.817124,-0.470067,0.081331,0.258484,-0.193708,23.303232
68047189451,2.243614,-0.905204,0.172947,0.010971,0.055792,-0.015781,23.318474
68147258848,1.702689,1.840253,0.985974,0.018141,-0.234344,0.227686,23.392493
68247328244,0.506350,0.535956,0.156064,0.023297,-0.162198,0.099349,23.410867
68347397640,-0.542096,-0.609897,0.156129,-0.097090,0.041025,-0.027308,23.433971
68447467036,0.580364,-0.237469,1.538587,-0.047278,0.079476,-0.034900,23.477157
68547536433,1.423549,-0.636825,1.598427,0.083181,0.115069,0.020267,23.568858
68647605829,0.617526,0.611198,0.603480,0.008807,0.080681,0.031194,23.586487
68747675225,0.399740,0.749259,-0.382404,-0.070680,0.008821,0.004092,23.554192
68847744621,0.712547,-0.444823,-0.576754,-0.010244,-0.055835,0.050090,23.477982
68947814018,1.800561,-0.591259,-0.336734,0.159873,-0.055905,0.056075,23.471578
69047883414,1.982353,-0.234320,0.182846,0.139114,0.010098,-0.066351,23.620870
69147952810,1.888089,-0.122487,0.243267,0.033843,0.038564,-0.053446,23.652811
69248022206,0.895171,0.536107,0.397108,0.029103,-0.037043,0.045512,23.633697
69348091603,0.210366,0.056019,0.738720,0.012240,-0.045302,-0.011631,23.698660
69448160999,1.205251,-0.831711,0.512174,-0.109432,0.024734,-0.004887,23.720535
69548230395,0.921151,0.286053,0.150968,-0.167130,0.020082,0.059303,23.709455
69648299791,0.128123,0.094500,0.394714,-0.101359,0.098794,0.013587,23.745781
69748369188,1.354454,-0.513133,0.274973,-0.255110,0.072773,0.012730,23.787844
69848438584,0.592191,0.846527,-0.192444,-0.233362,-0.063571,0.126082,23.801702
69948507980,0.592782,1.137717,-1.256730,-0.137981,-0.083608,0.172325,23.745996
70048577376,0.969131,1.152956,-1.392571,-0.299651,-0.022745,0.188666,23.691948
70148646773,0.089065,-0.026795,-0.146371,-0.253786,0.051822,0.181108,23.890857
70248716169,0.037695,-1.901436,-0.031879,-0.147579,-0.044385,0.118356,23.924101
70348785565,0.875728,0.187364,-0.296513,-0.124627,-0.147408,0.129976,23.865301
70448854961,1.837663,0.469169,-0.704074,-0.113277,-0.063759,0.147946,23.901872
70548924358,0.725077,-0.459644,-0.952414,-0.102958,0.089959,0.026011,23.829330
70648993754,0.815803,0.528381,-0.544397,-0.076779,0.079454,-0.029585,23.901692
70749063150,0.616075,0.858452,0.115898,-0.068901,-0.030304,0.061096,24.002302
70849132546,1.430308,0.014781,0.735169,0.021838,0.049225,0.044194,24.017423
70949201943,0.993980,-0.763293,0.800867,0.074251,0.110590,-0.083843,23.929007
71049271339,0.339202,-0.009191,0.914224,0.047100,0.078474,-0.013135,23.938031
71149340735,-0.090443,-0.440958,0.795467,0.022052,-0.033300,0.099869,24.054472
71249410131,0.021498,-0.281172,-0.011098,-0.045510,-0.107020,0.089549,24.048233
71349479528,0.459796,-0.242039,-0.094772,0.016674,-0.039656,0.046088,24.142873
71449548924,0.995824,0.274886,0.495781,0.099963,-0.015271,-0.015402,24.210406
71549618320,1.008463,-1.051408,0.169113,0.018796,0.010604,0.010254,24.180850
71649687716,0.040971,-1.370223,-0.356804,0.006010,-0.036914,0.104859,24.158713
71749757113,0.733457,0.167609,0.280449,-0.101166,-0.008080,0.079031,24.126496
71849826509,-0.413264,-0.227250,0.066701,-0.167306,0.080635,-0.007944,24.201844
71949895905,-0.477994,0.628630,-0.378627,-0.006832,0.045080,0.010145,24.264043
72049965301,1.879972,0.858156,0.063569,0.089563,-0.032660,0.052540,24.269991
72150034698,1.543677,-0.189248,-0.099327,0.027401,-0.056950,-0.000980,24.274022
72250104094,-0.215002,-0.329988,-0.171652,-0.107349,-0.082195,-0.007164,24.320115
72350173490,0.123233,-1.130278,0.656055,-0.005677,0.000381,0.057323,24.346847
72450242886,1.038753,-1.819861,-0.156590,0.252106,0.130217,-0.131970,24.340521
72550312283,1.046582,0.537513,-0.766773,0.191816,-0.027260,-0.226004,24.397722
72650381679,2.242503,1.824269,0.477620,0.040801,-0.140912,0.072252,24.332292
72750451075,1.867497,0.061966,0.341149,-0.012256,0.052885,0.068572,24.308172
72850520471,0.155233,-0.273919,0.001610,-0.186486,0.256610,-0.183944,24.472881
72950589868,2.703847,-0.160149,0.156353,-0.330050,0.131163,0.055521,24.520489
73050659264,3.637284,0.555940,0.058963,-0.075646,-0.044427,0.294921,24.485066
73150728660,0.073341,1.593262,-0.569472,0.075083,0.039179,0.011119,24.552424
73250798056,1.417647,0.164043,-0.580670,-0.197283,0.127246,-0.083666,24.666817
73350867453,1.981260,-1.957043,-0.725335,-0.253060,-0.024971,0.082920,24.628882
73450936849,-0.291303,-1.300536,0.829766,-0.106637,-0.202984,0.168890,24.621887
73551006245,2.235834,1.311657,2.937749,0.153923,-0.084036,0.110338,24.686704
73651075641,3.742845,-0.058152,-0.088677,0.064292,0.210547,-0.063736,24.637686
73751145038,2.980072,0.415829,-0.277539,-0.231741,0.268599,-0.075628,24.703240
73851214434,3.768864,2.639387,1.188811,-0.206384,0.041419,0.075254,24.790326
73951283830,1.431613,1.859727,-0.072640,-0.194434,-0.104097,0.190580,24.817010
74051353226,-0.581317,0.802770,0.238177,-0.178662,-0.082703,0.107400,24.859242
74151422623,-0.393557,-0.493562,0.303450,0.007244,-0.043351,0.031954,24.917367
74251492019,-0.785019,-0.536507,-0.203001,0.168022,-0.034468,0.030101,24.942830
74351561415,0.905697,-0.585346,0.054596,0.244010,0.057858,-0.044796,24.982243
74451630811,1.607737,-0.475516,0.443334,0.268741,0.160701,-0.130919,24.982669
74551700208,-1.001732,0.227385,0.536079,0.124919,0.118479,-0.129232,24.970786
74651769604,-0.865895,0.828412,0.202864,-0.001215,0.022972,0.054136,25.076765
74751839000,-0.684674,0.461052,-0.090187,-0.090799,-0.002025,0.166380,25.142592
74851908396,0.522183,-0.121234,-0.432079,-0.260053,0.034472,0.207799,25.137214
74951977793,0.931667,0.137095,0.151340,-0.574802,-0.114496,0.408368,25.192951
75052047189,4.694325,0.718052,0.219671,-0.387691,-0.219789,0.292662,25.270773
75152116585,6.686689,1.497355,-0.343134,0.280091,-0.028180,-0.122239,25.241550
75252185981,4.148144,1.699986,0.172635,0.531053,0.110428,-0.308935,25.224149
75352255378,2.077780,1.135221,0.708759,0.438249,0.141709,-0.330270,25.221347
75452324774,-2.384393,1.402173,0.880336,0.500775,0.133825,-0.308238,25.179212
75552394170,-1.274079,1.611635,0.675570,0.527136,0.028263,-0.223193,25.129436
75652463566,1.035525,0.587538,0.301390,0.250551,0.033055,-0.148162,25.101512
75752532963,0.504369,0.170991,-0.445922,0.081776,0.059017,-0.046598,25.021004
75852602359,-0.563609,1.112008,-0.051528,0.159995,-0.008710,-0.074277,25.012887
75952671755,0.599634,1.850896,0.417410,0.149262,-0.061137,-0.113833,25.012922
76052741151,1.310504,0.544600,-0.057993,0.056259,-0.090843,0.038050,24.862929
76152810548,0.695381,0.421663,-0.070978,0.034297,-0.082344,0.100703,24.826088
76252879944,0.662218,0.627325,0.478956,-0.048579,0.034065,-0.021007,24.848848
76352949340,0.728149,-0.075410,-0.228053,-0.090381,0.124648,-0.072508,24.769697
76453018736,0.793532,-0.216215,-0.142186,-0.014323,0.021669,0.005810,24.683122
76553088133,0.526922,0.845780,0.728942,0.065038,-0.020602,0.007089,24.621594
76653157529,0.789274,1.389481,0.726046,0.032640,0.035670,-0.009742,24.579766
76753226925,0.405383,0.814421,-0.000762,-0.058547,0.049915,0.033812,24.573378
76853296321,0.502641,0.356938,-0.463219,0.063798,0.022061,0.072532,24.521502
76953365718,1.801251,1.465083,0.197972,0.152822,0.047872,0.028981,24.454304
77053435114,1.849760,2.368215,0.973799,0.053096,0.118335,-0.087428,24.341667
77153504510,1.226500,0.632664,1.077804,-0.065340,0.072963,-0.039446,24.352212
77253573907,0.542708,0.288794,0.581971,-0.137865,-0.106599,0.215926,24.305827
77353643303,1.330805,0.382773,-0.421288,-0.111059,-0.175772,0.324828,24.195081
77453712699,2.012171,0.256624,-0.614907,-0.073432,-0.021787,0.092876,24.126732
77553782095,2.413132,1.175777,0.388071,-0.019992,0.085350,-0.027677,24.101455
77653851492,1.650534,0.378884,0.258945,0.106492,0.001730,0.069777,24.057215
77753920888,-0.589547,1.039759,0.521617,0.216434,-0.009963,-0.069279,23.955096
77853990284,-0.745311,1.420380,0.848512,0.133443,0.042839,-0.183534,23.901998
77954059680,-0.226266,1.774436,0.537934,0.181101,-0.002936,-0.009098,23.773577
78054129077,0.539613,1.633402,-0.004979,0.193016,-0.042026,0.046488,23.760684
78154198473,1.410931,0.906092,-0.029545,0.223397,0.030629,-0.130662,23.763306
78254267869,0.735319,1.784904,-0.239556,0.203619,0.060008,-0.125760,23.638657
78354337265,-0.508748,1.477330,-0.047820,0.250860,-0.003661,-0.082632,23.601639
78454406662,1.472626,0.617107,-0.033606,0.392901,0.027760,-0.230038,23.486197
78554476058,1.147885,0.289353,-0.951895,0.350139,0.130236,-0.232434,23.483952
78654545454,-0.209232,0.053761,-0.693033,0.157538,0.095700,-0.112989,23.368333
78754614850,0.232963,0.344051,-0.205194,0.090704,0.021359,-0.062889,23.207489
78854684247,0.874892,0.866451,0.324278,0.142764,0.040356,-0.039132,23.151323
78954753643,-0.083344,0.600700,0.330189,0.070120,0.113324,-0.032288,23.103028
79054823039,0.541760,0.661719,-0.032943,-0.062283,0.072727,-0.021928,23.135467
79154892435,-0.019215,-0.016450,-0.331182,-0.146287,-0.068345,0.110221,23.053760
79254961832,-0.471430,-0.119208,0.205049,-0.157352,-0.137617,0.180319,22.942254
79355031228,1.682748,1.549122,0.012104,-0.169206,-0.091063,0.139197,22.871583
79455100624,2.935718,1.628873,-0.718871,-0.232781,-0.042456,0.185473,22.821622
79555170020,2.795574,0.836037,-0.627737,-0.111898,-0.048089,0.125613,22.722858
79655239417,0.441033,0.600017,-0.425720,0.045207,-0.012718,-0.003194,22.621883
79755308813,-0.457259,1.010787,-0.043033,0.080170,0.059781,-0.043735,22.504900
79855378209,-0.608710,1.024581,0.600841,0.085369,0.036722,-0.050414,22.449130
79955447605,0.401635,0.766509,0.447093,0.145784,-0.001019,-0.057729,22.506465
80055517002,0.820178,2.140338,-0.322689,0.187349,0.023950,-0.016666,22.528402
80155586398,0.230816,2.822564,-0.757393,0.134876,0.015226,-0.014486,22.526176
80255655794,-0.495007,1.347855,-0.618471,0.093124,0.021032,-0.046237,22.381304
80355725190,-0.771408,0.367794,0.387148,0.072559,0.023523,-0.050183,22.202969
80455794587,-0.433898,0.537290,0.243919,0.056215,0.008775,0.035659,22.193927
80555863983,1.293691,0.749632,0.143769,0.124370,0.052361,-0.044604,22.274787
80655933379,1.765339,0.958934,-0.372232,0.090306,0.153011,-0.144455,22.248501
80756002775,0.847947,1.185380,-0.801248,-0.045512,0.120356,-0.000281,22.160176
80856072172,0.318124,0.794189,-0.064665,-0.034315,0.046308,0.079549,21.942389
80956141568,0.256565,1.347231,0.231608,-0.020744,0.034673,0.035666,21.616575
81056210964,0.743301,1.663880,-0.176970,-0.050554,-0.021752,0.022602,21.408260
81156280360,-0.178679,1.301527,-0.783184,-0.002165,-0.066854,0.031898,21.379215
81256349757,-0.307377,1.811612,-0.608406,0.018515,-0.049246,-0.000523,21.566842
81356419153,1.448264,2.267272,-0.520879,0.041966,-0.028108,-0.069045,21.778752
81456488549,1.690501,0.997481,-0.253248,0.160431,-0.048704,-0.037107,21.888234
81556557945,1.410133,1.480400,-0.038094,0.230642,-0.087363,-0.021874,21.947140
81656627342,2.386070,2.671741,-0.032919,0.267369,0.065995,-0.151999,21.929293
81756696738,1.552800,1.178649,0.281154,0.298848,0.140836,-0.248777,21.708703
81856766134,-1.599672,0.820080,-0.148643,0.387761,0.098515,-0.269596,21.431653
81956835530,-2.265615,1.449769,-0.346513,0.507749,0.061416,-0.319744,21.289324
82056904927,-1.893166,1.107209,-0.141667,0.441135,0.173033,-0.328770,21.395528
82156974323,1.590505,1.401935,0.442734,0.237284,0.219302,-0.272077,21.564891
82257043719,0.806980,0.989365,0.786959,0.099788,0.101695,-0.132048,21.525747
82357113115,0.999766,1.244338,-0.542894,-0.092869,0.005747,-0.006306,21.541703
82457182512,-0.860970,0.478262,-0.171375,-0.399640,-0.101780,0.193036,21.422295
82557251908,-2.831888,-0.192463,0.876625,-0.540735,-0.115366,0.427943,21.254343
82657321304,1.100275,0.511158,0.562996,-0.418999,-0.061169,0.294206,21.294805
82757390700,2.325627,-0.237593,-0.221840,-0.258520,-0.026421,0.045010,21.313244
82857460097,1.961991,0.576265,-0.421481,-0.061885,0.009752,0.005374,21.280098
82957529493,-0.529650,1.539569,-0.491171,0.039074,0.030294,0.010950,21.278337
83057598889,-0.381379,0.912751,-0.349954,0.116256,0.039464,-0.086945,21.367054
83157668285,0.462651,0.764687,0.180753,0.123077,0.030644,-0.091683,21.423763
83257737682,1.527166,0.508934,-0.185561,0.190246,0.002810,-0.054972,21.449510
83357807078,1.706024,-0.117898,0.333079,0.203403,0.017828,-0.038895,21.424865
83457876474,0.318843,0.659533,0.932258,0.120620,0.062005,-0.044888,21.251564
83557945870,-0.091026,1.648660,0.722333,0.061839,0.035045,-0.006297,21.319814
83658015267,-0.220467,1.163877,0.302243,0.003171,0.023963,0.027273,21.452241
83758084663,-0.351180,-0.424588,-0.059612,0.003737,0.055653,-0.024847,21.283505
83858154059,-1.244767,-0.855408,-0.131149,-0.012478,0.064891,-0.024286,21.204114
83958223455,-1.490671,0.088411,-0.107727,-0.011711,0.069755,-0.020921,21.201989
84058292852,-0.547217,1.000083,0.130496,0.028557,0.116086,-0.097449,21.133525
84158362248,-0.325937,0.513519,0.186167,0.032103,0.083265,-0.070785,21.097219
84258431644,-0.302791,-0.432600,0.014029,0.060387,0.021511,0.037361,21.165446
84358501040,0.728535,0.110731,0.190819,0.055604,-0.009228,0.038845,21.244407
84458570437,0.764518,1.226104,0.605549,-0.040252,0.002563,0.003328,21.141542
84558639833,-0.048514,0.320525,0.626889,0.035930,0.007165,-0.006010,21.179284
84658709229,0.609822,-0.040990,0.916908,-0.032325,0.017609,-0.042634,21.210681
84758778625,1.265738,1.311843,-0.238117,-0.192615,0.015875,0.006202,21.173397
84858848022,-0.050984,1.206793,-0.051235,-0.176340,0.068473,0.017827,21.100296
84958917418,0.841227,0.360191,0.019137,-0.144835,-0.030085,0.067569,21.000922
85058986814,0.091316,1.075278,-0.023396,-0.052992,-0.121387,0.111986,20.838285
85159056210,1.466857,1.168936,-0.014916,-0.023330,-0.120111,0.060327,20.753961
85259125607,0.089125,-0.415023,0.060332,-0.034213,-0.103501,0.074354,20.891581
85359195003,-1.118755,-0.330063,0.656218,0.089608,-0.115945,0.095520,21.073339
85459264399,-0.350622,-0.098300,1.264648,0.178247,-0.102606,0.005529,21.058615
85559333795,-1.723726,-0.617712,0.061096,0.287814,0.060748,-0.144004,21.013693
85659403192,-2.954285,-0.899265,-0.716422,0.361954,0.212402,-0.281711,20.972026
85759472588,-1.518146,-0.074665,0.070891,0.273541,0.115488,-0.219294,20.926288
85859541984,1.494251,0.361511,-0.067979,0.197343,-0.028102,-0.021810,20.893128
85959611380,0.052471,0.085426,-0.514860,0.051310,-0.079652,0.089446,20.840681
86059680777,1.978708,0.859409,-0.019467,-0.159999,-0.066834,0.119000,20.845288
86159750173,0.591985,-0.140429,0.016707,-0.313573,-0.024904,0.161200,20.920601
86259819569,1.437821,-0.918418,-0.479677,-0.423627,-0.044452,0.214783,20.999265
86359888965,1.063026,0.492184,-0.284915,-0.415194,-0.040149,0.180273,20.970715
86459958362,-2.642098,0.731774,0.290600,-0.379865,-0.057628,0.151666,20.919898
86560027758,-2.281551,0.622417,0.485808,-0.123798,0.024403,0.062779,20.852251
86660097154,-2.060758,1.065844,0.137390,0.073680,0.102505,-0.094378,20.761305
86760166551,0.154411,0.787872,-1.198952,0.255558,0.079472,-0.168541,20.748671
86860235947,-0.658459,0.203526,-0.999946,0.355347,0.028882,-0.179363,20.785979
86960305343,0.053031,0.482372,-0.379484,0.283116,0.050074,-0.188866,20.757557
87060374739,1.429668,-0.435384,-0.030708,0.100768,0.066896,-0.090283,20.716311
87160444136,0.988695,-1.113441,-0.292886,-0.000422,-0.008255,-0.055584,20.755739
87260513532,0.405783,-0.456623,-1.325981,-0.048628,0.065194,-0.061568,20.718026
87360582928,-1.029603,1.107375,0.166885,-0.102631,0.144902,-0.067418,20.639735
87460652324,0.299239,0.705446,-0.119795,-0.018916,0.076111,-0.149897,20.660512
87560721721,0.601627,0.798571,-0.118091,0.097116,0.046146,-0.160657,20.689236
87660791117,-1.396401,-0.222903,0.311192,0.238128,0.114956,-0.153033,20.651161
87760860513,-1.457496,-0.413480,0.372364,0.319442,0.046806,-0.193601,20.669897
87860929909,-1.645157,0.490516,0.863749,0.345155,-0.068922,-0.104203,20.660821
87960999306,0.489653,0.303088,-0.641604,0.492178,-0.086068,-0.048827,20.551037
88061068702,-0.863908,-0.456784,-1.331342,0.510167,0.065813,-0.259520,20.490513
88161138098,2.320869,1.627840,-0.993440,0.417784,0.155166,-0.422459,20.537723
88261207494,0.708924,1.226207,-0.589051,0.277706,0.167231,-0.152331,20.587172
88361276891,1.247725,-0.654056,-0.628805,0.078126,0.109301,0.062575,20.506651
88461346287,-0.997641,-0.046643,0.013922,-0.145258,-0.034843,0.065946,20.443436
88561415683,-2.248386,-0.404183,-0.358239,-0.358409,-0.078082,0.169462,20.422258
88661485079,2.174458,1.340514,-1.054769,-0.441900,-0.134883,0.257944,20.462007
88761554476,1.610340,1.654534,-0.378044,-0.418332,-0.218409,0.239657,20.369583
88861623872,2.146859,0.775370,-0.797798,-0.233418,-0.128730,0.164847,20.294512
88961693268,-0.526639,-0.542517,-0.242440,-0.169747,-0.035413,0.099261,20.259609
89061762664,0.079458,0.683310,-0.181944,-0.023579,0.005525,-0.031931,20.168491
89161832061,-1.778923,1.173695,-0.089110,0.192981,0.047745,-0.102039,20.096397
89261901457,-2.273495,1.074174,0.322204,0.197509,0.046550,-0.161546,20.021141
89361970853,-0.150046,0.268137,-0.086269,0.180293,0.007348,-0.133617,19.990931
89462040249,-0.837205,0.181543,-0.337115,0.112651,0.018329,0.000508,19.951839
89562109646,-0.280788,1.257848,-0.033990,0.038800,-0.008123,0.030264,19.876423
89662179042,-0.124829,1.428928,-0.691469,0.082472,-0.085689,0.070368,19.787041
89762248438,0.794100,0.135069,-0.260028,-0.010161,-0.126707,0.104897,19.684367
89862317834,-1.078279,-2.244969,0.158835,-0.161299,-0.016408,0.054783,19.595939
89962387231,-1.014969,0.030586,0.476657,-0.275646,0.041016,-0.000163,19.576996
90062456627,-0.771244,1.214276,1.047855,-0.281801,0.035237,0.038169,19.746657
90162526023,-1.324539,0.963086,-0.214657,-0.195644,0.039307,0.084214,19.497286
90262595419,1.113502,1.475702,-1.286972,-0.123200,-0.003314,-0.073735,19.332706
90362664816,-1.260373,0.580631,-0.202932,0.020275,0.033068,-0.132946,19.260018
90462734212,-1.975176,1.112354,0.438644,0.281243,0.107608,-0.189208,19.179677
90562803608,-3.444849,1.114333,0.950504,0.441248,0.130787,-0.307531,19.068378
90662873004,0.422154,1.216810,0.244386,0.494794,0.113450,-0.272779,18.967211
90762942401,-1.462361,1.116158,0.003270,0.567177,0.108873,-0.343685,18.883373
90863011797,-3.330517,-0.878970,-0.491578,0.631107,0.098233,-0.430036,18.760672
90963081193,0.441554,-0.038053,-0.374458,0.440387,0.075695,-0.283387,18.685058
91063150589,3.998784,2.149683,-0.375206,0.286663,0.107440,-0.160992,18.599716
91163219986,-2.152537,0.852554,-0.274377,0.113293,0.090566,-0.152100,18.510641
91263289382,-3.625635,0.857446,0.292595,-0.101350,0.032588,-0.080425,18.417832
91363358778,-3.763547,0.093560,0.463380,-0.234977,-0.018966,0.049625,18.299570
91463428174,-1.638638,0.998859,0.019234,-0.280260,0.001705,0.039433,18.291641
91563497571,1.350417,0.329070,-1.049559,-0.249298,0.011340,0.093593,18.218643
91663566967,-0.330231,-0.561296,-0.347543,-0.134807,-0.018399,-0.037315,18.102264
91763636363,0.146032,0.382566,-0.078935,0.202935,0.021810,-0.173015,18.096818
91863705759,1.578760,1.450324,-0.796746,0.357469,0.087529,-0.161289,18.056554
91963775156,-0.210727,1.154209,-0.833606,0.260136,-0.007726,-0.118960,18.036112
92063844552,1.422060,0.944566,-0.909642,0.147228,-0.063217,-0.020163,17.983645
92163913948,0.984877,1.387515,-0.273408,-0.180424,-0.104509,0.141695,17.776722
92263983344,2.444546,0.738981,0.238482,-0.488120,-0.142753,0.279122,17.581137
92364052741,0.743452,0.613833,0.598859,-0.629668,-0.141417,0.341378,17.392846
92464122137,-4.630428,-0.772748,0.708720,-0.706780,-0.172060,0.342570,17.489939
92564191533,-4.065140,0.364003,0.470541,-0.495217,-0.096221,0.248747,17.562218
92664260929,-5.129013,0.624877,0.986791,-0.236953,-0.055900,0.074284,17.525862
92764330326,1.904654,0.515173,-0.853855,0.201240,0.096589,-0.236718,17.441041
92864399722,-5.689604,-1.813396,0.189513,0.892894,0.167351,-0.515136,17.290200
92964469118,-0.764450,-0.583736,0.036341,1.472602,0.236005,-0.848558,17.225128
93064538514,8.163558,1.321093,-0.971867,1.341397,0.290477,-0.797491,17.161027
93164607911,5.218472,0.909702,-0.758890,0.462573,0.205327,-0.264662,17.233009
93264677307,4.261430,0.972160,-1.248242,-0.174743,0.058490,0.032898,17.122231
93364746703,-4.310165,-0.888862,-0.516553,-0.584414,-0.037691,0.263045,17.094747
93464816099,-2.849215,-1.932423,-0.205988,-0.762309,-0.138232,0.502562,17.015312
93564885496,-4.579099,-1.078950,0.083036,-0.794613,-0.211378,0.479021,16.893397
93664954892,0.895650,-0.427989,0.017005,-0.849415,-0.218998,0.482342,16.802652
93765024288,2.887544,-0.213248,-1.085829,-0.915055,-0.109084,0.535741,16.765873
93865093684,-2.085322,0.228515,-0.483300,-0.787971,-0.119878,0.470937,16.704471
93965163081,-5.131425,-0.139435,-0.117282,-0.570513,-0.230526,0.360866,16.681563
94065232477,-0.471220,-1.094522,0.130201,-0.524838,-0.211925,0.371484,16.653495
94165301873,-4.145263,-2.905629,0.768270,-0.412159,-0.103558,0.275022,16.510042
94265371269,-1.022143,-1.591677,0.342471,0.022347,-0.017828,-0.016569,16.536573
94365440666,4.265618,0.537978,-0.686542,0.356884,0.068857,-0.214635,16.432871
94465510062,1.040998,-0.655319,-0.287640,0.546502,0.132654,-0.194090,16.329744
94565579458,1.612771,-0.738625,-0.904418,0.490868,0.135090,-0.213420,16.313501
94665648854,-0.987316,-1.795542,0.063919,0.269872,0.011937,-0.205110,16.192943
94765718251,-1.144264,-2.015210,-0.256676,0.101080,0.005970,-0.138980,16.144802
94865787647,-1.992968,-1.559402,-0.007779,-0.003462,0.049462,-0.049821,16.284799
94965857043,-1.228415,-0.169427,-0.009661,-0.034434,0.010211,-0.003914,16.230224
95065926439,-2.997975,0.684965,0.769246,-0.294661,-0.006631,0.056510,16.265550
95165995836,-3.264220,-0.257445,1.055657,-0.484535,-0.079955,0.133786,16.138206
95266065232,-0.184726,-0.879472,0.137822,-0.345742,-0.123534,0.130505,16.105570
95366134628,-1.446255,-0.794428,-0.156463,-0.152379,-0.117131,0.019814,16.150624
95466204024,-0.102963,1.036561,-0.518374,0.044980,-0.024785,-0.078391,15.995120
95566273421,-1.729320,-0.744406,0.239803,0.113524,0.033432,-0.171997,15.979507
95666342817,-2.603733,-0.665654,0.291418,0.168772,0.074264,-0.155558,16.060329
95766412213,-1.355520,-0.689717,-0.122019,0.105275,0.082571,-0.066414,15.985746
95866481609,-0.204662,-1.030814,-0.500936,0.057750,-0.016777,-0.064285,15.899546
95966551006,-0.869532,-0.964409,-0.032573,0.151447,-0.023162,-0.103727,15.898303
96066620402,-0.870371,-0.745749,-0.379897,0.122994,0.031142,-0.159907,15.851057
96166689798,-0.067174,0.060845,-0.578856,0.076013,0.112222,-0.102745,15.867701
96266759195,1.456520,-0.363174,-0.735864,0.117947,0.060931,-0.117814,15.882026
96366828591,0.222803,-0.092293,-0.356048,0.099282,0.008652,-0.154559,15.855965
96466897987,-1.566695,-0.164213,-0.075827,-0.038154,-0.046955,0.035576,15.842398
96566967383,-1.122143,-1.544536,-0.725919,-0.169301,-0.046859,0.138770,15.804837
96667036780,-0.941070,-0.985986,0.488216,-0.191703,0.074500,0.071714,15.866830
96767106176,0.111561,-0.305663,0.178172,-0.277491,-0.016955,0.092000,15.885979
96867175572,0.020523,-0.358680,-0.372154,-0.273151,-0.054041,0.157938,15.860623
96967244968,0.639851,0.815586,-0.808486,-0.213431,-0.044439,0.142241,15.911521
97067314365,-1.882199,0.037765,-0.055458,-0.234277,-0.077468,0.184940,15.878669
97167383761,-3.673025,-2.084588,0.121127,-0.250021,-0.064261,0.133273,15.985715
97267453157,-3.152315,-1.891715,0.051584,0.073312,0.000912,-0.097735,15.934651
97367522553,-2.991455,-1.666049,0.642530,0.341238,0.088385,-0.199695,15.913130
97467591950,1.046080,-0.658392,0.006463,0.443707,0.112535,-0.284968,15.936759
97567661346,-1.044122,1.403805,0.110262,0.353083,0.034716,-0.226439,15.949397
97667730742,-0.545857,0.677204,-0.228079,0.253216,0.028644,-0.132235,15.996032
97767800138,-1.830244,-0.441762,-0.153586,0.252203,0.024052,-0.141077,16.093328
97867869535,-3.514133,-0.491659,0.356911,0.176218,-0.058790,-0.078851,16.100778
97967938931,-1.657058,-0.180601,0.333663,-0.207304,-0.085869,0.197821,16.156959
98068008327,-2.610907,-0.976956,0.152251,-0.346226,-0.109421,0.274845,16.139749
98168077723,-1.558133,-0.489800,-0.583402,-0.302992,-0.080981,0.151641,16.118759
98268147120,-2.025048,-0.412861,0.314013,-0.311828,0.008043,0.165045,16.057910
98368216516,-0.325900,-0.109547,0.224143,-0.196701,0.036033,0.076190,16.076072
98468285912,1.729201,0.364241,-0.514246,-0.105191,-0.024584,-0.063219,16.073397
98568355308,2.542625,1.306556,-0.027828,0.214125,0.026322,-0.082715,16.025678
98668424705,1.722320,0.238164,-0.198954,0.359060,0.100875,-0.193477,15.948827
98768494101,1.931902,-0.498554,-0.041433,0.353909,0.153441,-0.229389,15.942991
98868563497,1.345497,0.233446,0.130230,0.357333,0.173426,-0.209911,15.972863
98968632893,0.834064,-0.346318,-0.438907,0.263247,0.034483,-0.151600,15.995099
99068702290,0.409423,-0.622695,-0.111052,0.256353,-0.003981,-0.111617,15.963325
99168771686,-2.659173,-1.067847,0.333948,0.241310,0.002078,-0.146763,15.922041
99268841082,-0.599168,-0.970101,-0.557800,0.051105,0.024202,-0.110554,15.945532
99368910478,-2.375672,-0.845364,0.930756,-0.075255,0.085280,0.055559,15.899666
99468979875,-0.265933,-1.022433,0.539822,-0.118885,-0.011863,0.011871,15.945715
99569049271,-1.245513,-1.206409,0.944435,-0.186637,-0.050019,0.102948,15.884330
99669118667,0.888455,-0.821122,-0.298986,-0.292134,0.030539,0.205357,15.881304
99769188063,0.751882,-0.218350,-0.284860,-0.318728,-0.031251,0.152776,16.042838
99869257460,1.614688,-0.467517,-0.423087,-0.269580,-0.094459,0.106119,15.989976
99969326856,0.731313,-0.994584,-0.195636,-0.106171,-0.036571,0.104694,15.997561
100069396252,-1.860814,-0.304043,0.079281,0.041671,0.043975,0.000188,16.012130
100169465648,1.138157,0.330788,0.498189,0.380175,0.135269,-0.261872,16.035503
100269535045,-3.208955,-0.970497,0.716303,0.426701,0.175598,-0.362645,16.068143
100369604441,-4.118918,-1.172514,1.144979,0.356381,0.153186,-0.233514,16.047749
100469673837,-4.195449,-1.345029,0.559050,-0.022026,0.009478,-0.161059,16.096932
100569743233,-1.040675,-1.429933,0.987794,-0.195063,0.054271,0.019831,16.095992
100669812630,2.055656,-0.021169,0.151729,-0.239584,-0.025084,0.113170,16.152344
100769882026,1.601215,-0.064394,-0.672249,-0.366042,-0.158555,0.182870,16.182721
100869951422,2.492221,-0.637893,-0.768979,-0.482318,-0.093982,0.323846,16.227164
100970020818,-1.796510,-1.549129,0.005725,-0.503711,-0.063528,0.306815,16.221604
101070090215,0.707312,-0.980972,-0.055567,-0.428809,-0.090401,0.195043,16.268546
101170159611,-0.754342,-0.658797,-0.144073,-0.333965,-0.054894,0.162090,16.344896
101270229007,1.262982,-0.380045,-0.311260,-0.250559,-0.033937,0.180265,16.316419
101370298403,-1.034368,-1.183445,-0.225535,-0.295476,-0.110870,0.175128,16.318238
101470367800,1.439328,-0.464307,-0.444347,-0.156620,-0.030805,0.125051,16.385718
101570437196,-1.451687,-0.106519,0.175385,-0.013299,0.001675,0.048512,16.440914
101670506592,-1.986710,-0.158721,0.415403,0.215301,0.044592,-0.079634,16.524395
101770575988,0.986658,-0.486029,-0.526844,0.297119,0.012343,-0.129248,16.533500
101870645385,0.386897,-0.301702,-0.245676,0.305318,0.079158,-0.112100,16.555417
101970714781,2.279913,0.259240,-0.098578,0.344086,0.154100,-0.166214,16.589270
102070784177,1.834919,0.082664,0.335460,0.198359,0.094484,-0.197299,16.539265
102170853573,1.675299,0.789370,0.050387,0.165637,0.083118,-0.109981,16.606322
102270922970,-2.200946,0.385892,0.480406,0.141665,0.064076,-0.137395,16.602911
102370992366,-1.407761,0.285753,0.066797,0.038322,0.026514,-0.105572,16.575462
102471061762,-1.795196,-0.244446,0.041331,-0.000176,0.040609,-0.022778,16.596575
102571131158,0.515996,-0.180717,-0.326741,-0.004799,0.053271,-0.021263,16.592125
102671200555,-0.656766,0.302843,-0.261119,-0.078556,-0.006014,0.032476,16.569695
102771269951,0.719510,0.142395,0.213356,-0.165872,-0.029925,0.109695,16.560878
102871339347,-0.557401,-0.431236,0.368397,-0.255483,-0.031232,0.112373,16.505703
102971408743,-2.091454,0.314454,0.066297,-0.319935,-0.048506,0.125861,16.481905
103071478140,-1.028508,-0.131100,0.084642,-0.213620,-0.044588,0.104615,16.484685
103171547536,-2.043435,-0.782520,0.262682,-0.073859,-0.038195,-0.009009,16.437419
103271616932,-0.741917,-0.462994,0.483975,0.080034,0.095333,-0.089110,16.463214
103371686328,-2.318815,-1.887356,0.144702,0.181757,0.152236,-0.119004,16.413009
103471755725,0.447552,0.197543,0.520932,0.339084,0.097348,-0.240856,16.426175
103571825121,-2.085745,0.509339,0.369602,0.446944,0.117812,-0.320732,16.417604
103671894517,1.028934,0.504627,0.290191,0.381646,0.138745,-0.214944,16.471962
103771963913,1.704554,-1.364161,-0.232641,0.247708,0.112711,-0.129734,16.454566
103872033310,0.827078,-0.070099,-0.432666,0.042314,0.030434,-0.073464,16.447460
103972102706,1.592715,-0.325010,-0.102724,-0.076675,0.022216,0.063326,16.492170
104072172102,1.176800,-0.684985,-0.004165,-0.119926,0.008192,0.087863,16.513869
104172241498,1.727963,-0.041518,0.440335,-0.123088,0.030104,0.068690,16.550626
104272310895,0.327403,1.283026,0.053077,-0.071304,-0.009386,0.077696,16.550230
104372380291,-0.177770,-0.410776,0.000863,-0.005235,-0.005354,0.060514,16.511625
104472449687,0.218870,-0.378703,-0.254602,0.037456,-0.047751,-0.006564,16.617022
104572519083,0.021118,0.474864,0.000872,-0.019649,0.015168,0.011747,16.574317
104672588480,0.217102,1.153786,-0.101739,-0.032593,-0.000359,0.058669,16.631847
104772657876,-0.153572,0.350773,0.958606,-0.029297,-0.060170,0.031979,16.663084
104872727272,-0.876845,0.110354,-0.534176,-0.079452,-0.047297,0.101142,16.574672
104972796668,1.431435,1.158602,1.669046,-0.108390,-0.303163,0.252761,16.600991
105072866065,1.191995,1.198211,-0.421689,-0.162281,-0.141128,0.210051,16.723651
105172935461,0.321858,0.814531,-0.334910,-0.256598,-0.038838,0.177116,16.636310
105273004857,-0.381690,-0.174855,-2.052504,-0.263711,-0.125805,0.190371,16.663816
105373074253,-1.805823,-1.587958,-0.310234,-0.553366,-0.182843,0.299597,16.584342
105473143650,-6.172178,-1.042340,1.896148,-0.814973,-0.100965,0.354335,16.700837
105573213046,2.348974,0.247970,0.495683,-0.265392,-0.083079,0.160438,16.647423
105673282442,-0.399632,0.505327,0.295550,0.058571,-0.033478,0.010094,16.703637
105773351838,2.742254,0.758458,0.054517,0.246884,0.036785,-0.182496,16.544507
105873421235,-0.669537,-0.836496,-0.245426,0.375678,0.051264,-0.293206,16.582593
105973490631,2.316357,-0.314449,-0.531907,0.482067,0.096202,-0.279180,16.598468
106073560027,-0.221069,0.326849,-0.279887,0.443567,0.098208,-0.314672,16.601851
106173629424,-1.198245,0.398147,0.494787,0.329477,0.038044,-0.237853,16.741507
106273698820,-2.266399,0.307342,0.484245,0.271027,0.064894,-0.177262,16.593879
106373768216,0.335884,-0.002417,-0.024868,0.263399,0.022001,-0.094282,16.608108
106473837612,-1.448417,0.235050,-0.180752,0.282327,-0.001957,-0.163901,16.704509
106573907009,-2.915881,-0.600087,0.350360,0.251554,0.090408,-0.170981,16.668109
106673976405,-1.989681,-0.231588,0.852440,0.081396,0.102620,-0.064892,16.638930
106774045801,-2.837899,0.408784,0.105259,-0.289205,-0.089311,0.096765,16.692263
106874115197,0.230021,0.022056,-0.320587,-0.534289,-0.165280,0.269590,16.680034
106974184594,-3.317385,-0.002055,-0.375418,-0.451361,-0.136846,0.220918,16.717109
107074253990,-0.469915,0.026605,0.450696,-0.279453,-0.107946,0.043987,16.722751
107174323386,2.335160,0.365882,-0.322018,-0.065520,-0.045646,-0.021779,16.719715
107274392782,-2.465910,-0.582043,0.375972,0.159726,0.046669,-0.087092,16.746864
107374462179,0.661278,-0.607216,-0.343454,0.368379,0.029665,-0.216649,16.706883
107474531575,-2.125690,-0.255282,-0.045847,0.512620,0.124777,-0.293817,16.720641
107574600971,1.406026,0.195025,-0.193255,0.496418,0.155350,-0.380900,16.644491
107674670367,-2.050838,1.076405,0.265772,0.263587,0.111579,-0.202434,16.621637
107774739764,-0.274389,-0.894131,-0.154281,0.184723,0.050521,-0.158519,16.627626
107874809160,-0.724906,0.075864,-0.222644,0.049990,0.028985,-0.083590,16.607277
107974878556,0.627987,-0.226376,-0.065286,0.032945,0.083969,0.023119,16.668223
108074947952,-1.430472,0.061354,0.619634,0.138137,0.025083,-0.162382,16.562034
108175017349,0.095244,0.025209,-0.125751,0.088226,-0.023888,-0.135754,16.650169
108275086745,-1.800655,-0.274513,0.514690,-0.023881,0.043258,0.071426,16.720169
108375156141,-1.137864,-1.487589,0.339856,-0.141658,0.022202,0.054247,16.582334
108475225537,-1.604848,-0.203829,0.137305,-0.199783,0.006106,0.099590,16.663444
108575294934,-0.881752,0.742694,-0.196234,-0.188468,0.011333,0.134450,16.652568
108675364330,-1.135664,-0.828396,0.542815,-0.024782,0.033327,-0.092361,16.675613
108775433726,-0.278157,0.300864,-0.231094,0.013359,0.000403,-0.113089,16.667935
108875503122,-2.005695,0.265887,-0.007855,-0.097087,-0.038396,0.110726,16.703267
108975572519,-0.760818,-1.422912,-0.202235,-0.217630,-0.079707,0.144175,16.803223
109075641915,-2.874181,-2.055702,0.623969,-0.309009,-0.058470,0.169123,16.713866
109175711311,1.460347,-0.586523,-0.333060,-0.419636,-0.084517,0.245822,16.762338
109275780707,0.381733,-1.220045,0.313342,-0.277901,-0.078647,0.134145,16.805998
109375850104,-2.110618,-0.611582,-0.040306,-0.164408,-0.064174,0.070189,16.665310
109475919500,-0.915961,-0.499353,0.376550,-0.053378,-0.001549,0.000212,16.656849
109575988896,-2.145079,0.271261,0.081754,0.055919,0.048397,-0.074991,16.769363
109676058292,-0.907422,-0.809502,-0.220400,0.137050,0.005439,-0.120314,16.804914
109776127689,-0.584881,1.280445,0.084536,0.195840,0.025020,-0.115503,16.855594
109876197085,-0.449094,-1.209210,-0.516093,0.271847,0.049858,-0.169118,16.828356
109976266481,-0.513614,0.036118,-0.045331,0.269799,-0.010592,-0.222060,16.770723
110076335877,0.200092,-0.699359,0.482228,0.085218,0.053940,-0.067179,16.937182
110176405274,-0.442702,-0.818212,0.723575,-0.063900,0.067018,0.024083,16.827935
110276474670,0.002167,0.259857,-0.204491,-0.119715,-0.059349,0.012621,16.939028
110376544066,0.260349,-0.737792,-1.306475,-0.185526,-0.134430,0.166664,17.075426
110476613462,-1.386461,1.358525,-0.564582,-0.150565,-0.122793,0.168301,16.788681
110576682859,-0.906077,2.972692,0.852961,0.144854,-0.069070,-0.023285,16.929920
110676752255,-1.117578,-0.594228,0.569758,0.324035,-0.000415,-0.092535,17.001944
110776821651,-0.140748,2.982798,0.887176,0.297735,0.029482,-0.109116,16.994262
110876891047,-0.872629,1.833094,1.388582,0.091819,0.069024,-0.039043,17.062001
110976960444,-1.100273,-0.797924,-0.986671,-0.131846,0.069462,0.023351,17.007592
111077029840,-2.050388,3.908604,-0.288289,-0.207152,-0.103797,0.038952,17.098191
111177099236,-1.731791,1.785566,-0.493508,-0.347228,-0.051812,0.205466,17.152718
111277168632,-1.401307,2.434902,-0.271150,-0.378807,-0.044896,0.284244,17.185898
111377238029,-0.415642,1.364134,0.062326,-0.460581,-0.170627,0.271777,17.231006
111477307425,-1.230710,3.128004,0.290468,-0.432231,-0.198185,0.309738,17.261271
111577376821,0.056520,-1.121196,-0.688945,-0.229522,-0.102344,0.241928,17.263935
111677446217,-0.440352,-1.253724,-0.407625,-0.109998,-0.118524,0.127058,17.312535
111777515614,0.791173,-2.840881,-0.010502,0.020017,-0.072805,-0.007356,17.386588
111877585010,1.031648,1.174056,0.497664,0.022802,0.026727,-0.072529,17.351950
111977654406,0.585371,-0.107013,-0.499479,0.231776,0.045836,-0.175027,17.395185
112077723802,-1.232340,3.678597,-0.677372,0.412853,0.023731,-0.313272,17.469590
112177793199,-0.213981,0.104286,-0.794495,0.502141,0.116937,-0.300051,17.473578
112277862595,-0.338130,-3.121185,-1.296825,0.466466,0.159288,-0.278841,17.472379
112377931991,-0.636780,-2.882711,-0.718992,0.299214,0.026887,-0.229393,17.578264
112478001387,0.983582,-1.151496,0.850730,0.245876,0.042100,-0.090525,17.577505
112578070784,-0.890327,2.096211,0.426174,0.188762,-0.016626,-0.053054,17.560431
112678140180,-0.987832,2.189905,-0.335874,0.230004,0.006962,-0.049261,17.644010
112778209576,-0.061892,1.875645,-0.139022,0.178899,-0.023717,-0.089751,17.598319
112878278972,0.498948,-2.508487,-0.951892,0.059512,-0.036005,-0.078308,17.701091
112978348369,0.522414,2.464860,0.683725,-0.110997,0.023908,0.034042,17.749146
113078417765,-0.044286,0.283420,0.239261,-0.248051,-0.024738,0.123946,17.661350
113178487161,-0.433438,3.782965,0.293177,-0.432497,-0.064670,0.272393,17.736400
113278556557,0.657211,-0.896810,-0.802147,-0.517543,-0.149260,0.306083,17.745123
113378625954,-0.295967,2.339032,-0.507489,-0.528175,-0.152104,0.372958,17.647178
113478695350,0.656693,-2.103955,-0.514382,-0.452549,-0.132051,0.368652,17.703919
113578764746,0.222495,-1.635639,-0.688408,-0.298492,-0.119038,0.204982,17.753679
113678834142,0.521261,-1.995555,-0.170957,-0.053699,-0.123815,0.113048,17.633225
113778903539,-0.310238,-1.272812,-0.954376,0.149885,-0.053346,-0.055859,17.649519
113878972935,-0.538475,2.104759,0.126730,0.212836,0.028402,-0.090893,17.602948
113979042331,-0.915833,1.858700,0.319995,0.257610,0.035359,-0.131442,17.639200
114079111727,1.533291,1.961290,-0.353364,0.338382,0.079771,-0.199551,17.641848
114179181124,1.328516,-1.478056,-0.858702,0.364012,0.026769,-0.180404,17.597759
114279250520,0.652116,1.362467,-0.961871,0.267137,0.015154,-0.204851,17.529048
114379319916,1.501454,-2.222957,-0.998219,0.258204,0.006406,-0.188621,17.620971
114479389312,-0.201370,-0.456432,-0.374443,0.138788,0.050870,-0.071595,17.579203
114579458709,1.360165,-2.304404,-0.909649,0.081223,-0.011093,-0.051563,17.689790
114679528105,1.495128,2.023783,-1.000106,0.034978,-0.121320,0.126494,17.518713
114779597501,-0.848452,1.293634,-0.318134,-0.138364,-0.075269,0.188030,17.346715
114879666897,-0.429273,-3.712723,0.125692,-0.384576,0.025907,0.259785,17.438710
114979736294,3.122234,-3.205576,-0.422701,-0.374976,-0.003375,0.243461,17.405325
115079805690,0.272572,-0.973782,-0.004143,-0.256608,-0.058225,0.165824,17.432782
115179875086,-1.233574,3.429094,-0.676886,-0.437371,-0.099317,0.224671,17.383317
115279944482,-0.224098,-2.515892,1.499000,-0.216246,0.095469,0.055609,17.215273
115380013879,-0.142428,5.064295,1.870008,0.077128,0.138870,-0.214826,17.393871
115480083275,0.681164,1.447393,1.317894,0.568450,0.160293,-0.264574,17.520131
115580152671,1.872547,6.032447,-0.398412,0.743389,0.180315,-0.361693,17.315187
115680222068,2.311829,-3.440427,-1.525166,0.736657,0.081980,-0.404733,17.200725
115780291464,1.763225,-1.699975,-1.721702,0.670327,0.096457,-0.344124,17.277554
115880360860,0.066822,3.582340,-1.208952,0.413703,0.020548,-0.234383,17.264731
115980430256,0.744597,-0.241984,-0.684495,0.168177,0.025465,-0.145156,17.310625
116080499653,1.853686,4.044276,-0.065988,-0.298867,-0.095152,0.211102,17.232209
116180569049,0.303609,0.128868,-0.116484,-0.497565,-0.171627,0.301012,17.174639
116280638445,-1.317074,4.607373,-0.015631,-0.591866,-0.171058,0.303144,16.919268
116380707841,-0.513148,-1.312206,0.539221,-0.557665,-0.152051,0.348497,17.126336
116480777238,-0.031946,-1.346704,0.315560,-0.266611,-0.064932,0.125136,17.106081
116580846634,0.415884,4.066059,0.602986,-0.037190,-0.050644,0.015721,17.095768
116680916030,0.618921,0.957722,-0.270998,0.396226,0.042126,-0.143874,17.015566
116780985426,-0.413638,4.319266,0.080537,0.564818,0.068519,-0.296836,16.944145
116881054823,1.537243,-1.220174,-0.733621,0.600285,0.076248,-0.307353,16.933521
116981124219,-0.016180,2.095306,-0.470569,0.511839,0.063787,-0.219352,16.917664
117081193615,0.433000,-1.649670,-0.546978,0.233478,0.037072,-0.085243,16.800218
117181263011,1.317729,-2.627275,-0.163804,-0.028637,-0.020765,0.013869,16.678856
117281332408,0.788461,-1.966353,-0.062667,-0.121550,-0.059546,0.088921,16.658526
117381401804,1.428501,-1.327762,-0.361241,-0.104987,-0.032311,0.120456,16.612535
117481471200,-1.403203,0.351369,-0.229076,-0.109692,-0.038506,0.060079,16.480643
117581540596,-1.876428,0.399104,-0.027316,-0.170592,-0.081264,0.103627,16.529613
117681609993,1.891808,1.016931,-0.121191,-0.235385,-0.042918,0.152308,16.490724
117781679389,0.925711,-1.721976,-0.185367,-0.192920,-0.077485,0.135804,16.355536
117881748785,0.644717,-0.932755,-0.781629,-0.096604,-0.065083,0.093845,16.350991
117981818181,0.178415,-1.299763,-0.714141,-0.056861,0.024174,0.000691,16.385429
118081887578,0.616535,-0.790006,-0.330646,0.011712,0.003658,-0.037035,16.321658
118181956974,-0.517422,-0.701563,-0.530692,0.112429,-0.010474,-0.018746,16.273328
118282026370,1.289616,-0.496070,-0.395764,0.094063,-0.031886,-0.069087,16.220085
118382095766,0.770351,-0.401080,-0.131821,0.055664,0.011732,-0.043848,16.204983
118482165163,0.824240,-0.345262,0.124023,-0.052165,-0.018270,0.036361,16.134961
118582234559,0.718568,-1.263885,0.079737,-0.044809,0.046672,0.040158,16.120000
118682303955,-0.337329,-0.377512,-1.109282,0.062563,0.006978,-0.068656,16.081363
118782373351,-2.197374,-2.923601,-1.901999,0.211251,-0.096884,-0.031369,15.993886
118882442748,2.771404,0.612282,-0.907011,0.293820,-0.033013,0.105735,16.005112
118982512144,1.101369,-0.951726,0.032957,0.052782,0.001118,-0.017561,15.962291
119082581540,-0.097453,-0.605338,0.598648,0.066950,-0.035700,0.074324,15.921435
119182650936,-0.108095,0.126339,-0.376062,0.108948,-0.037668,-0.102344,15.853012
119282720333,0.268004,-1.446494,0.538018,0.068489,-0.008493,-0.154083,15.786232
119382789729,-0.234083,0.604851,0.778134,-0.144541,0.079921,0.065298,15.813865
119482859125,0.965711,-0.331328,0.360709,-0.098653,-0.025043,0.054892,15.813659
119582928521,-0.825777,-1.757129,-0.448613,-0.048171,-0.020713,0.041972,15.810332
119682997918,-0.617275,-1.954326,-0.785036,-0.046189,0.078575,0.028791,15.742679
119783067314,-0.429449,-1.038810,-0.246306,-0.006349,-0.027102,0.051454,15.748041
119883136710,-1.945879,0.399191,-0.169604,0.103386,-0.041663,0.006388,15.826075
119983206106,-1.232207,-0.302045,0.514232,0.099541,0.019413,-0.061366,15.737103
120083275503,0.056929,1.003376,0.364865,0.148367,0.105752,-0.054021,15.786895
120183344899,0.445815,0.262787,0.474169,0.042535,0.068663,-0.103128,15.807593
120283414295,0.334629,0.177460,-0.099904,-0.009943,0.016775,-0.034123,15.735670
120383483691,-1.239607,0.791423,-0.918586,-0.114149,-0.025299,0.076319,15.791145
120483553088,1.194169,-0.903642,-0.098457,-0.117188,-0.107096,0.102697,15.873467
120583622484,-0.006968,1.864268,-0.937890,-0.180233,-0.026565,0.036086,15.946409
120683691880,0.555827,-2.288154,0.163456,-0.061183,-0.015505,0.108423,16.018267
120783761276,0.875921,-2.202160,0.654496,-0.005170,0.038102,0.009461,16.018366
120883830673,0.562044,-4.089585,0.106054,0.308967,0.043911,-0.177715,16.081313
120983900069,1.697236,-2.369604,1.004686,0.512250,0.132746,-0.158121,16.071282
121083969465,-2.002532,2.159457,-0.002365,0.463322,0.087186,-0.232854,16.037555
121184038861,-1.555078,-1.253921,-0.135675,0.415523,0.046889,-0.302649,16.121119
121284108258,-1.032003,2.275096,0.080514,0.330465,0.089604,-0.083801,16.158148
121384177654,-0.090248,-1.134660,0.979548,0.111624,0.095437,-0.037560,16.242849
121484247050,0.102885,3.158686,0.877256,-0.171219,0.092107,0.071259,16.182233
121584316446,-0.624397,-2.531037,0.013131,-0.258894,-0.032055,0.234846,16.162903
121684385843,1.395558,-2.609596,-0.344929,-0.392672,-0.150647,0.239018,16.057400
121784455239,-1.133598,2.464126,0.165583,-0.474602,-0.095063,0.274065,16.114769
121884524635,0.669541,-0.450670,0.541562,-0.449218,0.000284,0.207148,16.111984
121984594031,-0.832296,1.490094,0.270910,-0.323223,-0.062143,0.152180,16.090325
122084663428,0.679340,-0.106928,0.339536,-0.165339,-0.015296,0.058517,16.036146
122184732824,-1.498105,2.102501,0.593152,-0.066581,0.057137,0.032478,16.087199
122284802220,-1.248986,-1.579508,0.774287,0.161336,0.105397,-0.107466,16.047881
122384871616,-0.148568,-2.773512,-0.428282,0.264926,0.073089,-0.245258,16.040775
122484941013,0.473351,-4.141860,-0.400397,0.447538,0.045083,-0.301598,16.056212
122585010409,-0.127048,-0.795501,-0.341722,0.493957,0.108120,-0.286594,16.134690
122685079805,1.485368,-3.010654,0.418009,0.366864,0.142151,-0.254057,16.200758
122785149201,-1.279018,0.433975,-0.926962,0.377000,0.244458,-0.243313,16.120593
122885218598,0.365185,0.958282,1.227114,0.209485,0.168074,-0.243504,16.127252
122985287994,0.028047,-1.343296,0.198977,0.179411,-0.010133,-0.145964,16.120687
123085357390,-0.165532,-2.340389,-0.101557,0.126105,-0.011608,-0.031454,16.164176
123185426786,-1.271159,-0.968025,-0.259574,0.110850,0.013769,-0.036402,16.161741
123285496183,-1.704626,0.675252,0.528416,-0.000166,0.042561,-0.024370,16.242884
123385565579,-1.867867,0.833270,0.559119,-0.042769,0.047183,0.045640,16.268116
123485634975,-0.514955,1.418585,0.616579,-0.152949,0.024086,0.135873,16.219571
123585704371,0.234434,-1.216955,-0.253675,-0.211157,0.036535,0.080198,16.375616
123685773768,-0.620431,0.814124,-0.211539,-0.259364,-0.038948,0.083118,16.221978
123785843164,0.308760,-2.357531,-0.080704,-0.171138,-0.016654,0.194869,16.380084
123885912560,0.629437,-0.557281,0.344977,-0.108894,0.057128,0.064787,16.510626
123985981956,-0.935144,1.320236,0.632965,0.006093,0.179781,-0.059761,16.375760
124086051353,0.706547,-1.150690,1.472084,0.249915,0.213943,-0.096699,16.467280
124186120749,-0.881192,3.666153,0.065675,0.440755,0.154425,-0.390819,16.473193
124286190145,0.510704,-4.189853,-0.301937,0.553587,0.141263,-0.337963,16.533120
124386259541,-1.327974,4.004649,0.530770,0.137137,0.013215,-0.021534,16.654235
124486328938,0.310271,1.934483,-0.234950,-0.134801,-0.104953,0.103399,16.721104
124586398334,0.982881,-4.895341,0.421386,-0.438777,-0.107608,0.282623,16.708249
124686467730,1.142767,-1.204451,0.196339,-0.563875,-0.141391,0.415301,16.798433
124786537126,0.652195,-4.538320,-0.004570,-0.524037,-0.167861,0.372332,16.690942
124886606523,0.634837,-2.470911,0.514269,-0.505259,-0.131362,0.311367,16.722224
124986675919,0.078119,-2.532138,-0.446171,-0.383650,-0.059196,0.295424,16.716999
125086745315,-1.163675,1.615087,-0.072623,-0.213955,-0.016073,0.146999,16.888491
125186814712,0.074182,-1.574902,-0.276914,-0.003093,-0.010426,-0.013448,16.908971
125286884108,-0.760517,1.797746,0.496793,0.123877,0.003351,-0.038879,16.841203
125386953504,-0.222741,-0.786182,0.258580,0.263216,0.071559,-0.135994,16.963232
125487022900,-1.926835,0.828354,1.542429,0.245084,-0.004536,-0.087329,16.987407
125587092297,-0.357338,-0.410149,0.910314,0.283494,0.042794,-0.114787,16.864433
125687161693,-1.674496,-1.973834,-0.441891,0.263089,0.030950,-0.083948,16.915840
125787231089,-0.130828,0.413647,-0.086378,-0.011602,-0.033747,0.048235,16.967061
125887300485,0.592981,-2.042925,-0.509372,-0.153828,-0.029948,0.092035,16.890848
125987369882,-0.040586,-0.870261,0.399757,-0.123251,-0.007147,0.149611,16.975967
126087439278,0.721283,-1.408661,0.718971,-0.136288,-0.078808,0.095324,16.940208
126187508674,0.466110,-0.055498,-0.073903,-0.185984,-0.088783,0.138738,16.898781
126287578070,0.324990,0.721420,-0.133282,-0.040750,-0.075807,0.191569,16.869562
126387647467,-0.788818,1.695751,-0.304950,-0.032740,-0.128985,-0.000131,16.984435
126487716863,-0.323713,0.981197,0.146277,0.052911,-0.103082,0.021723,16.909008
126587786259,1.922813,-1.804951,-0.383439,0.333884,0.082640,-0.060639,16.940736
126687855655,0.043217,0.818602,0.135745,0.346449,0.069818,-0.177999,16.944260
126787925052,0.527188,-2.087516,0.329846,0.382795,0.126373,-0.187063,16.997621
126887994448,-1.688336,2.129021,-0.162584,0.405633,0.120747,-0.204617,17.074418
126988063844,-0.249199,-0.726580,-0.212042,0.312346,0.030047,-0.215387,17.008301
127088133240,-1.232200,-2.867994,0.760903,0.219687,0.013891,-0.068266,16.956682
127188202637,-0.934997,-3.521126,-0.182208,0.063797,0.075697,0.001054,16.971202
127288272033,1.075642,0.052105,0.310103,0.044109,-0.018219,0.029550,16.971437
127388341429,-0.784152,1.307091,-0.081348,-0.071321,-0.041886,0.098141,16.971847
127488410825,0.721480,-1.810800,0.468225,-0.117327,0.013920,0.061978,16.962367
127588480222,-1.594595,-0.289929,0.525446,-0.195317,-0.007953,0.030092,16.961111
127688549618,0.600704,-1.283931,-0.495271,-0.084349,0.020770,0.046802,17.002680
127788619014,-1.922566,-2.080949,0.357691,0.028574,0.004431,0.004292,17.074520
127888688410,0.341069,-1.523943,0.012577,0.131938,0.032648,-0.020661,16.969485
127988757807,1.025319,-1.086577,-0.001611,0.097471,0.084391,-0.076360,17.119202
128088827203,-3.786199,1.028436,-0.647199,0.311234,0.250841,-0.182781,17.145428
128188896599,-1.562938,-3.390820,1.240108,0.321742,0.188060,-0.356484,17.187843
128288965995,-2.522665,1.335764,0.767161,0.197427,0.255991,-0.209536,17.148573
128389035392,1.512349,-2.086350,-0.064965,0.106975,0.131865,-0.052939,17.283781
128489104788,0.933975,-3.311153,-0.018740,-0.285228,-0.032644,0.126870,17.302844
128589174184,0.008719,2.814823,0.612846,-0.454997,-0.061158,0.241695,17.298597
128689243580,0.999744,0.563513,0.085785,-0.485764,-0.048354,0.322645,17.316648
128789312977,0.143008,3.602401,-0.050511,-0.457362,-0.000086,0.262776,17.443927
128889382373,-0.959404,0.406404,0.017627,-0.134268,-0.029421,0.144753,17.400790
128989451769,-2.922563,1.262706,0.322268,-0.000487,0.006982,0.048510,17.440603
129089521165,0.128634,-3.027976,0.625942,0.073298,0.017601,-0.022651,17.498829
129189590562,-1.069359,-0.995850,0.331322,0.018832,-0.068193,0.036461,17.532873
129289659958,1.864269,-1.994960,-0.463831,0.210351,0.014024,-0.089906,17.603356
129389729354,-0.658919,-0.169153,0.846468,0.231000,-0.033171,-0.114647,17.653982
129489798750,1.226791,-1.004121,0.586685,0.118768,0.110223,-0.053566,17.685080
129589868147,1.292339,-0.089053,-0.033310,0.025680,0.037548,0.007509,17.688804
129689937543,0.679072,-0.976382,-0.299513,-0.099952,-0.044908,0.074132,17.761838
129790006939,0.398458,-1.778976,-0.049146,-0.056383,0.047718,0.085940,17.697994
129890076335,-0.100427,-0.287574,-0.258310,0.028585,-0.014511,0.018762,17.773821
129990145732,1.456872,0.100060,-0.437533,0.005409,0.026924,0.014577,17.779299
130090215128,1.360152,-1.253070,-0.760906,-0.213982,-0.073379,0.100975,17.841288
130190284524,2.058266,-4.430213,0.004309,-0.048446,-0.120699,0.068223,17.788367
130290353920,0.206489,-1.670606,0.069824,0.213648,-0.016719,-0.074817,17.782948
130390423317,-1.031031,3.113297,0.677150,0.423732,0.041152,-0.200742,17.841831
130490492713,-1.570412,0.614834,0.723991,0.435528,0.063896,-0.216495,17.868919
130590562109,-0.992282,1.241083,-0.037825,0.447740,0.099200,-0.184765,17.865577
130690631505,0.680275,-2.614864,-0.780348,0.361071,0.005362,-0.164280,17.946568
130790700902,1.276384,-0.067646,-0.434164,0.290559,-0.012153,-0.031535,17.971377
130890770298,-0.674252,-0.037011,-0.452579,0.204287,-0.040785,0.020383,17.929435
130990839694,-0.783071,1.174567,-0.360067,0.095919,0.048673,-0.009252,17.921467
131090909090,1.147650,-0.608458,-0.150198,0.056636,0.024188,-0.022911,17.973636
131190978487,-0.806967,0.525538,-0.200326,-0.031491,-0.014665,0.024103,17.918995
131291047883,0.681451,-1.514304,-0.375038,-0.176501,0.010985,0.074692,17.924942
131391117279,1.418549,-2.364667,0.089000,-0.300135,-0.070336,0.156478,17.905104
131491186675,0.308338,1.305095,0.025319,-0.333665,-0.045705,0.193555,18.006907
131591256072,0.796289,-1.581972,-0.487264,-0.083622,-0.073388,0.122122,18.026070
131691325468,-0.181461,0.825150,0.356369,0.095282,-0.045381,0.041574,18.021617
131791394864,0.385721,-3.398499,0.873508,0.273283,0.104981,-0.182199,18.065793
131891464260,1.750128,-1.974475,0.480127,0.404299,0.127374,-0.240024,18.059075
131991533657,1.972582,-3.652447,0.072446,0.435950,0.152572,-0.221914,18.092889
132091603053,1.515323,-2.382685,-0.273280,0.505461,0.022349,-0.227059,18.100691
132191672449,-0.132255,0.217863,-0.591223,0.121789,-0.053657,-0.010621,18.087360
132291741845,2.339849,-1.556642,-0.476463,0.085143,-0.172016,0.138098,18.059353
132391811242,-0.775208,-0.757155,-0.815152,0.096291,-0.100267,0.110527,18.117642
132491880638,2.815998,-1.580511,-1.733227,0.162510,-0.114075,0.005988,18.142197
132591950034,1.427574,-0.843915,-1.510263,0.032304,-0.012369,0.018430,18.070329
132692019430,2.702109,-1.868245,-0.580810,-0.037639,-0.074578,0.086691,18.068490
132792088827,1.121522,-1.058660,-0.204528,-0.125927,0.019696,0.113959,18.194232
132892158223,1.369958,-1.964433,-0.375355,-0.084113,0.033925,0.010648,18.123082
132992227619,0.912101,-1.585748,0.328323,0.030573,0.050960,0.039603,18.199885
133092297015,0.779559,0.904164,1.024044,0.070939,0.022000,-0.014704,18.152592
133192366412,1.891121,-0.643818,0.400121,0.191477,0.070362,-0.033455,18.165503
133292435808,0.917495,1.237067,-0.154466,0.311793,0.057252,-0.146087,18.244745
133392505204,-0.288417,-1.047447,-0.670633,0.292414,-0.007311,-0.055302,18.269612
133492574600,-2.194279,1.329198,-0.216509,0.116499,0.032982,-0.062201,18.222767
133592643997,1.126333,-1.421595,-0.040329,0.022476,0.046913,-0.090917,18.282968
133692713393,1.452496,-2.293309,-0.219889,-0.028163,-0.051489,0.036145,18.271316
133792782789,0.354204,-1.893640,-0.674911,-0.012621,-0.052102,0.062261,18.125156
133892852185,3.059843,-3.936957,0.339719,-0.196977,-0.112996,0.127763,18.188171
133992921582,1.650934,-0.327880,-0.303954,-0.158099,-0.054339,0.185578,18.110259
134092990978,3.875851,-5.656575,-1.162291,0.112296,0.014241,0.000233,18.147801
134193060374,0.857433,-1.215147,-0.414114,0.314840,-0.014688,-0.093216,18.181614
134293129770,0.730113,0.604697,-1.014480,0.364857,0.079566,-0.160358,18.227867
134393199167,3.328587,-3.468251,0.117610,0.454175,0.056884,-0.225956,18.187100
134493268563,2.207708,1.101628,0.844534,0.624654,0.081428,-0.303526,18.335968
134593337959,2.912483,-5.100321,0.334782,0.637643,0.091304,-0.366886,18.286275
134693407356,-1.099448,-0.561471,0.624228,0.307602,0.098641,-0.156172,18.281944
134793476752,3.403146,-4.293150,-0.074969,0.085256,0.044488,-0.117180,18.239880
134893546148,2.854748,-1.976363,0.126424,-0.359214,0.052835,0.197326,18.353098
134993615544,-2.771660,1.871340,0.756424,-0.535517,-0.050177,0.283136,18.397517
135093684941,1.724630,-2.795143,-1.368022,-0.377185,-0.098379,0.192423,18.465579
135193754337,-2.318635,2.642378,-0.542746,-0.192439,-0.149936,0.115413,18.411924
135293823733,1.217459,-0.909797,-0.616858,0.064451,-0.017373,0.077298,18.409880
135393893129,-0.518802,2.738158,0.794332,0.089165,0.048833,-0.031003,18.510413
135493962526,2.125491,-2.413515,0.324372,0.238809,0.047304,-0.094473,18.598640
135594031922,-3.269769,0.436586,1.740684,0.321538,0.025346,-0.162145,18.519260
135694101318,4.244715,-2.949573,-0.329934,0.545815,0.046348,-0.265116,18.487750
135794170714,1.667521,0.109052,0.254295,0.796597,0.109615,-0.426141,18.514362
135894240111,5.778088,-4.196673,-0.398004,0.794199,0.173923,-0.422156,18.629199
135994309507,1.112976,-1.892523,0.338718,0.647103,0.149171,-0.403497,18.631396
136094378903,-2.099012,4.606124,-0.465726,-0.114352,0.033820,0.088467,18.661260
136194448299,0.979063,-1.534051,-1.151929,-0.364888,-0.145054,0.307133,18.613995
136294517696,-6.881242,3.988348,-0.347746,-0.668074,-0.184085,0.333808,18.640254
136394587092,1.083227,-0.211127,0.378269,-0.612202,-0.135275,0.304415,18.580463
136494656488,-4.633323,4.064662,1.527911,-0.619873,-0.092818,0.202580,18.533560
136594725884,2.906949,-0.610700,0.736164,-0.344741,-0.018955,0.158570,18.488484
136694795281,2.146905,-3.882541,-0.602409,0.032691,-0.092197,-0.009977,18.566687
136794864677,1.437367,-1.441865,-0.875089,0.320166,-0.119520,-0.059005,18.644895
136894934073,2.687585,-2.469298,-0.015425,0.474180,0.091161,-0.301403,18.610124
136995003469,-2.856838,2.031355,0.517959,0.524996,0.098176,-0.282948,18.880663
137095072866,0.782546,-0.322481,-0.467430,0.393044,0.012465,-0.081089,18.787515
137195142262,-3.465934,1.476938,-0.157424,0.215128,0.022999,-0.160240,18.972229
137295211658,1.853871,-0.684510,0.100815,0.074303,0.036273,-0.127766,18.838334
137395281054,-1.142499,-2.029595,-0.454303,-0.162189,0.010129,-0.041287,18.813908
137495350451,1.105732,-1.648589,-0.133678,-0.101601,-0.094439,0.169054,18.989454
137595419847,2.430331,-1.109037,-0.878459,-0.142147,-0.068492,0.076053,19.044705
137695489243,1.154058,0.562599,-0.213681,-0.065805,0.056412,-0.145565,19.082222
137795558639,-4.475772,-2.443591,-0.078149,-0.120742,0.008237,0.162604,19.177589
137895628036,-1.905970,-0.039478,-0.702400,-0.116249,-0.065499,0.184960,19.190710
137995697432,-0.033277,-2.947339,0.322246,-0.248668,-0.042143,0.057839,19.301163
138095766828,-1.655526,0.566305,0.303259,-0.163087,-0.006978,-0.020059,19.397888
138195836224,0.138142,-2.239809,0.013084,0.012985,0.029390,0.083341,19.473023
138295905621,-1.547373,0.969960,-0.168235,0.110701,0.004523,-0.024213,19.622634
138395975017,-0.676119,-0.450496,0.266402,0.095915,-0.003975,-0.062302,19.573437
138496044413,-1.188985,0.558604,-0.382744,0.042228,0.001457,0.012649,19.771737
138596113809,0.213144,-0.962022,-0.056162,0.108406,0.063299,-0.223174,19.823251
138696183206,-1.932818,0.084130,0.643917,0.029300,0.034177,-0.202885,19.838359
138796252602,0.065836,-1.948122,-0.121570,0.185271,0.045982,-0.046836,19.987278
138896321998,-1.559569,1.292630,0.141758,0.193403,-0.012720,-0.119885,20.057538
138996391394,-0.435747,-0.201040,0.043385,0.136225,0.000990,-0.103138,20.116764
139096460791,-1.761458,1.968410,-0.247182,0.243859,0.043967,-0.062755,20.144076
139196530187,-0.434959,1.058848,-0.906792,0.112328,-0.075451,-0.092093,20.362193
139296599583,0.462641,-1.769454,0.168454,0.186617,-0.073030,-0.016215,20.372952
139396668979,-1.889534,2.285816,1.243753,0.009499,0.007027,0.021935,20.441529
139496738376,2.656301,-0.822280,0.666400,-0.109329,-0.052712,0.052810,20.564006
139596807772,-2.924848,2.168202,1.553405,-0.286975,-0.109099,0.159926,20.629905
139696877168,2.309673,-2.281539,-0.004526,-0.516219,-0.038708,0.214354,20.867410
139796946564,-3.680794,3.790492,-0.124936,-0.655723,-0.164817,0.425330,20.852648
139897015961,-0.777664,3.687307,-0.927786,-0.467799,-0.183659,0.303566,21.011212
139997085357,1.319649,-2.256547,-0.881314,-0.220189,-0.190211,0.143699,20.950039
140097154753,1.730440,-1.950246,0.162230,0.224460,-0.112777,0.042409,21.014984
140197224149,1.149702,-1.783010,-0.498240,0.413751,-0.002006,-0.226647,20.953749
140297293546,-3.952337,3.874103,0.607448,0.472586,0.172798,-0.309072,21.082480
140397362942,0.476680,-0.695054,-0.018972,0.505460,0.260516,-0.419498,21.008221
140497432338,-3.254174,5.396760,1.184225,0.510201,0.121100,-0.388316,21.005029
140597501734,1.243881,-1.615710,-0.018334,0.551247,0.150999,-0.346761,20.907498
140697571131,-3.404572,2.767956,-1.332924,0.338464,0.162473,-0.354782,20.976281
140797640527,1.618518,-1.764340,-0.363027,0.191777,0.078775,-0.249040,20.916488
140897709923,-0.353584,0.545098,-0.159038,-0.130572,-0.047752,0.049468,20.948113
140997779319,1.341475,-1.013555,-0.442408,-0.160682,0.111366,0.094919,21.124077
141097848716,-3.090991,1.123345,-0.776468,-0.569293,0.150915,0.089145,21.163118
141197918112,-1.739236,4.113707,2.466199,-0.582141,0.119925,0.245190,20.947653
141297987508,-2.785693,4.658424,1.066572,-0.659705,-0.104288,0.342784,20.947955
141398056904,-0.451278,3.194032,-0.621645,-0.796962,-0.183186,0.427977,20.861711
141498126301,2.854099,-2.047024,-1.265138,-0.522950,-0.153465,0.344445,20.710903
141598195697,-0.802754,1.857362,0.380895,-0.285834,-0.130915,0.177156,20.755244
141698265093,2.075711,-3.194792,-0.623173,0.034270,-0.069027,-0.056821,20.815889
141798334489,0.909063,1.678597,-0.457893,0.322386,0.073505,-0.191794,20.797278
141898403886,2.801687,-2.217313,-1.128169,0.377238,0.043742,-0.205623,20.701547
141998473282,-0.054715,3.001584,0.247989,0.513837,0.080911,-0.250326,20.680305
142098542678,-3.936322,4.052672,0.241078,0.426944,0.255118,-0.471066,20.727355
142198612074,-2.540494,4.308457,-0.234993,0.323984,0.250531,-0.640873,20.489469
142298681471,-1.723430,-0.177433,1.034993,0.126190,-0.001686,0.032074,20.716916
142398750867,1.846591,0.082645,-0.422301,0.048600,-0.073933,0.177476,20.533471
142498820263,-1.835357,2.430891,0.104450,-0.044779,0.029105,-0.234264,20.449035
142598889659,0.281510,-0.025168,-0.301178,-0.055180,0.046524,-0.073956,20.476624
142698959056,-3.170593,3.259659,0.146705,-0.283720,-0.161812,0.367192,20.381009
142799028452,1.198164,0.486723,0.655923,-0.375995,-0.175951,0.211323,20.546423
142899097848,0.353563,-1.394554,-0.502321,-0.367812,-0.006818,0.236700,20.406291
142999167244,1.182026,-0.444862,-0.564497,-0.238373,-0.032992,0.124937,20.287928
143099236641,-0.450647,1.229096,0.154533,-0.129615,-0.071635,-0.047475,20.283912
143199306037,-1.004470,3.550037,0.091221,0.032951,0.035149,-0.016555,20.296026
143299375433,0.206567,1.963552,-1.879868,0.065668,-0.020932,-0.001391,20.193699
143399444829,0.747997,1.748007,0.600768,0.021242,-0.087017,-0.025325,20.147200
143499514226,-2.104571,0.960626,-0.292386,-0.074266,-0.184410,0.138598,20.190897
143599583622,1.464861,-1.067118,1.191377,-0.353173,-0.010020,0.098480,20.059439
143699653018,-0.957144,2.763505,0.435261,-0.225649,0.057011,-0.066118,19.980274
143799722414,2.290238,-1.618314,-0.325690,-0.169481,-0.004893,0.053174,20.082769
143899791811,1.316284,-0.036479,-1.416363,0.086808,-0.042954,-0.098616,19.955267
143999861207,0.878875,-1.199601,-1.189065,-0.026534,-0.184849,0.038375,19.966096
144099930603,-2.517711,2.905868,0.860674,-0.031017,-0.053297,0.154951,19.853967
144199999999,0.853771,3.161925,-2.955433,0.196317,0.417392,-0.528120,19.970000
144300069396,-3.612500,7.752380,-0.007257,0.261377,0.293042,-0.620389,19.911074
144400138792,0.870043,-0.356275,1.566024,0.765368,0.146452,-0.216215,19.856791
144500208188,5.729582,-6.074087,-4.420567,1.037498,0.028251,-0.421996,19.746352
144600277585,2.445681,-0.819295,-0.779680,0.620085,0.141435,-0.328327,19.861422
144700346981,1.612984,-5.446186,-0.258605,0.614499,0.290788,-0.258532,19.674056
144800416377,-2.887978,4.691578,-0.592932,0.119242,0.103207,-0.145620,19.721599
144900485773,1.337434,2.811219,-1.121602,0.064843,-0.017151,-0.194131,19.638919
145000555170,-2.633141,5.102200,0.331328,-0.524071,-0.070682,0.333012,19.644545
145100624566,0.142277,-2.842370,-1.083962,-0.575485,-0.119558,0.440453,19.563442
145200693962,1.661068,0.460401,0.516303,-0.537594,-0.272157,0.539954,19.624645
145300763358,3.991750,-2.680733,0.689648,-0.541385,-0.317065,0.511510,19.572600
145400832755,-4.162030,3.715043,-0.097194,-0.319216,-0.222484,0.391799,19.404817
145500902151,0.603211,-0.267869,1.331945,-0.307748,-0.114171,0.305971,19.383850
145600971547,-1.482922,3.441935,0.912933,-0.356477,-0.104345,0.257114,19.470604
145701040943,2.214148,-2.822618,-0.917254,-0.251796,-0.123557,0.217909,19.418516
145801110340,-0.932284,2.945662,0.315766,-0.623122,-0.168896,0.351918,19.382266
145901179736,-2.394012,2.497438,0.906543,-0.577984,-0.149536,0.447784,19.311437
146001249132,-1.814032,3.483850,1.537077,-0.508679,-0.109327,0.299860,19.269215
146101318528,-0.046593,1.585776,0.571907,-0.215265,-0.027079,0.095647,19.292876
146201387925,1.336393,-0.391731,-0.944815,0.036881,0.044173,-0.058693,19.131865
146301457321,0.693243,2.602645,-0.176531,0.365827,-0.032127,-0.128392,18.989687
146401526717,0.961969,-1.113159,-1.455836,0.155289,-0.002109,0.015775,19.103342
146501596113,0.644636,-2.654465,-0.219963,-0.104288,-0.049175,0.192950,19.319164
146601665510,-1.336720,5.105875,0.739845,-0.215147,-0.062992,0.212930,19.333409
146701734906,2.146039,-0.622167,-0.455650,-0.347843,-0.042186,0.193782,19.172173
146801804302,-1.823449,3.101515,0.116231,-0.382734,-0.107074,0.118739,19.072148
146901873698,1.816342,-1.039500,-1.561181,-0.825375,-0.142996,0.490956,18.913780
147001943095,-3.488484,7.198956,1.190510,-0.825937,-0.176668,0.493311,18.753496
147102012491,0.739567,-0.348497,-1.578375,-0.397659,0.025096,0.021426,19.023265
147202081887,-3.140975,7.460003,0.882376,0.105358,0.039363,-0.096214,18.789751
147302151283,2.242637,0.636777,0.597084,0.827533,0.191329,-0.340153,18.778396
147402220680,5.682018,-6.325909,-0.744668,0.910924,0.183207,-0.433661,18.791761
147502290076,2.716355,-0.214891,0.106335,0.762900,0.172805,-0.292964,18.696154
147602359472,4.878227,-3.958711,-0.677623,0.641853,0.154188,-0.243308,18.614528
147702428868,0.166096,3.952364,0.588820,0.391000,0.083258,-0.267399,18.593394
147802498265,3.273707,-2.121469,-0.074038,0.230346,0.140893,-0.118018,18.527168
147902567661,3.209970,-2.920545,-0.498450,-0.048213,0.075437,0.049234,18.459073
148002637057,3.768835,-2.377765,0.000760,-0.097013,0.036212,0.089733,18.419963
148102706453,1.443070,-0.350501,-0.118333,-0.128223,0.034324,0.100042,18.271264
148202775850,0.753240,0.889845,0.143868,-0.259074,-0.060924,0.294287,18.134446
148302845246,1.594272,-0.932349,-0.078588,-0.272136,-0.033824,0.244924,18.044811
148402914642,0.303283,1.776453,0.799145,0.102133,-0.059477,0.132569,17.969030
148502984038,2.375586,-1.305856,1.017243,0.477172,0.147254,-0.105025,17.868455
148603053435,0.409164,1.645953,1.127946,0.486185,0.192681,-0.213517,17.753567
148703122831,4.060481,-2.450888,0.145525,0.394520,0.106600,-0.138687,17.701437
148803192227,3.163194,-1.048108,0.092821,0.441465,0.106208,-0.086395,17.496590
148903261623,1.231568,-1.678592,0.254579,0.427906,0.190386,-0.129070,17.509218
149003331020,-1.738794,1.563294,0.579303,0.577508,0.241113,-0.244995,17.453583
149103400416,4.217921,-2.714775,0.393749,0.629973,0.196115,-0.290541,17.465290
149203469812,1.751678,-0.182680,0.064295,0.605674,0.112390,-0.198459,17.359788
149303539208,-0.920143,0.112791,0.125311,0.165143,0.082784,-0.020415,17.269420
149403608605,1.786088,0.149949,-0.143975,0.029847,0.081171,0.014887,17.282445
149503678001,-0.516978,-0.503419,-0.276349,-0.044778,-0.024849,0.112464,17.243051
149603747397,2.654513,-0.777227,0.102333,-0.105706,-0.031770,0.150686,17.219425
149703816793,-0.488215,-0.518023,-0.321138,-0.065028,0.021275,0.014093,17.175115
149803886190,-0.158879,0.252441,0.150195,0.040648,-0.105752,0.012299,17.149568
149903955586,1.975495,0.176197,0.005116,0.135750,0.048553,-0.029594,17.134109
150004024982,-1.663936,0.391409,-0.055617,0.286732,0.077049,-0.105345,17.021678
150104094378,2.269527,0.250984,-0.147718,0.368502,0.039175,-0.283168,17.108294
150204163775,-3.330304,0.956748,0.701233,0.452022,0.136571,-0.238784,17.116850
150304233171,0.269081,-1.309261,-0.155877,0.312112,0.084432,-0.199376,17.183307
150404302567,-1.870362,1.881542,-0.156517,0.097641,0.013067,0.009278,17.141175
150504371963,2.027448,-0.334221,-0.801686,-0.009310,-0.037393,0.071871,17.065596
150604441360,1.593495,-1.390640,-0.529025,-0.218018,-0.064255,0.109075,17.269194
150704510756,0.650615,-2.985063,-1.025643,-0.280302,-0.013507,0.171546,17.197112
150804580152,-0.465434,-1.051475,-0.406206,-0.326348,-0.149276,0.172947,17.423995
150904649548,-3.366190,1.436205,0.322366,-0.424760,-0.053706,0.122834,17.304843
151004718945,-2.115587,-1.227847,-0.647737,-0.161889,-0.174531,0.126681,17.432096
151104788341,-0.583215,1.104145,-0.275803,-0.056575,-0.114621,0.043147,17.535912
151204857737,0.143942,-0.617571,-0.230982,-0.076014,-0.062002,0.038829,17.533645
151304927133,-0.175157,0.836737,0.138158,-0.041738,-0.044909,0.016113,17.576060
151404996530,1.706679,0.884366,-0.497341,-0.018493,-0.040302,0.019803,17.749349
151505065926,-0.467032,0.318249,-0.712646,0.022873,-0.031029,-0.027902,17.709316
151605135322,-0.967081,-1.913898,-0.498763,0.141154,-0.038577,-0.106610,17.879738
151705204718,0.153964,1.570041,-0.179420,0.172727,0.013168,-0.162764,17.815287
151805274115,-0.151838,-1.210160,-1.572908,-0.052984,-0.032583,0.064993,18.040209
151905343511,-2.823811,-0.509953,-0.319711,-0.104169,-0.054709,0.112875,18.076707
152005412907,-0.372596,0.863568,-0.422508,-0.172474,-0.004110,0.013199,18.047844
152105482303,-0.652468,-1.142582,-0.646799,-0.016507,0.005210,0.075666,18.214671
152205551700,-2.545039,1.745776,0.246564,-0.269130,-0.090838,0.070920,18.144551
152305621096,-0.463421,0.267644,-0.163107,-0.314181,-0.012173,0.085708,18.194463
152405690492,0.378232,-0.048491,0.013588,-0.238026,0.062142,0.041978,18.285890
152505759888,-2.067106,1.658165,0.755245,-0.073246,-0.036862,-0.029715,18.252592
152605829285,1.915664,-2.241364,0.203734,0.334161,0.047323,-0.310777,18.299663
152705898681,-4.599796,1.121513,-0.159393,0.501784,0.075230,-0.312621,18.377835
152805968077,-0.687859,-1.405198,-0.909327,0.409713,-0.029808,-0.227512,18.423288
152906037473,-3.562914,2.165539,1.581543,0.314309,-0.080383,-0.154399,18.429427
153006106870,-1.168386,0.512213,-0.435724,0.084499,-0.003964,-0.170165,18.468293
153106176266,-3.720423,1.577803,-0.550717,0.066240,-0.041126,-0.191858,18.479974
153206245662,-2.357517,1.920837,-1.340751,-0.013614,-0.099328,-0.085840,18.594571
153306315058,-2.044144,1.322394,-0.471093,0.070637,-0.128966,-0.073411,18.492730
153406384455,-1.139084,1.855402,-1.238629,0.000508,-0.096361,-0.009930,18.622488
153506453851,-1.235131,3.286793,-0.663102,-0.075764,-0.102291,0.034681,18.609313
153606523247,0.164310,2.539060,-0.707809,-0.234885,-0.020965,0.060663,18.706707
153706592643,-3.818048,0.048043,-0.496419,-0.221174,0.099490,-0.100889,18.576834
153806662040,2.279587,0.217494,0.523729,-0.412635,0.083697,-0.081589,18.648961
153906731436,2.841088,-0.575305,-1.027095,-0.087448,-0.098664,-0.010209,18.693807
154006800832,-0.759241,-0.119948,-1.656629,0.016732,-0.097063,0.001013,18.762832
154106870229,1.473288,-1.708089,-1.299818,0.208988,-0.030292,-0.095295,18.768950
154206939625,-0.483003,1.955355,-1.499968,0.379576,-0.031648,-0.184593,18.692496
154307009021,-2.577734,5.040948,0.021982,0.397397,0.042573,-0.286423,18.766672
154407078417,-3.774330,1.110380,-0.631195,0.255355,0.016119,-0.200859,18.753913
154507147814,-0.937443,0.413951,0.528232,0.091400,0.070566,-0.225516,18.641612
154607217210,-0.620244,2.719311,-0.022971,0.130966,0.068617,-0.241331,18.741002
154707286606,0.238213,1.109560,-1.260215,0.247565,0.008883,-0.347805,18.722493
154807356002,1.219100,0.374202,-2.266538,0.384961,0.030249,-0.414713,18.637719
154907425399,-0.318776,1.282146,-2.300132,0.313896,0.037825,-0.328185,18.593144
155007494795,-1.925453,0.282147,-0.058655,0.138046,0.008763,-0.125548,18.569105
155107564191,-0.823045,-1.132814,0.397823,0.245041,0.074491,-0.087442,18.555177
155207633587,-1.746892,4.251983,2.268858,0.437904,0.034495,-0.065921,18.509228
155307702984,0.085011,-1.328600,0.234701,0.506216,0.135931,-0.229645,18.376428
155407772380,-2.308440,0.877719,0.967978,0.573339,0.150296,-0.246323,18.346318
155507841776,-1.875896,4.802964,0.171762,0.410078,0.042153,-0.193347,18.337255
155607911172,-2.209596,1.599482,0.408976,0.192240,-0.049302,-0.120429,18.320824
155707980569,-2.282481,1.693225,-0.183923,-0.025313,0.001671,0.098472,18.344920
155808049965,1.753709,0.371066,0.410253,-0.225627,-0.080810,0.081930,18.245141
155908119361,3.603665,2.007258,0.153522,-0.378350,-0.201445,0.305899,18.168983
156008188757,-0.766862,1.742343,1.681393,-0.563413,-0.123702,0.311593,18.074635
156108258154,-4.913895,3.431604,0.417237,-0.445768,-0.179106,0.237308,18.015635
156208327550,1.683220,-0.015326,-0.657879,-0.304178,-0.136801,0.095044,17.896084
156308396946,2.348693,-1.035505,-0.276764,-0.177263,0.020962,0.048864,17.958601
156408466342,-3.195797,1.756528,1.091190,0.063639,0.029015,-0.057377,17.902122
156508535739,3.261506,-1.557163,-0.146000,0.421482,0.162525,-0.311606,17.819671
156608605135,-3.508865,3.809731,0.424259,0.556013,0.169128,-0.394836,17.833232
156708674531,0.651537,-1.601350,-0.408870,0.666367,0.131084,-0.373208,17.666438
156808743927,-2.646068,4.332084,0.822791,0.560435,0.122232,-0.391199,17.658998
156908813324,-1.194810,0.139574,0.162943,0.305226,0.071161,-0.169425,17.632709
157008882720,-1.426253,4.388117,0.799263,-0.020651,0.095999,-0.118426,17.582326
157108952116,1.271915,-0.270334,-0.894092,-0.059003,-0.005934,-0.065900,17.505874
157209021512,0.680328,-0.210633,-0.766735,-0.072466,0.007776,-0.008341,17.407643
157309090909,1.885717,-1.478120,-1.345488,-0.041042,-0.062916,0.038767,17.343510
157409160305,0.651938,1.672241,-0.634301,-0.272390,-0.117684,0.203659,17.247140
157509229701,-2.223932,1.869442,0.363532,-0.232361,-0.066623,0.238147,17.227262
157609299097,-1.541369,2.441855,1.215635,-0.259174,0.039403,0.188009,17.120078
157709368494,0.543669,0.471944,0.680443,-0.336062,-0.030223,0.147655,17.104951
157809437890,-1.448404,-0.420195,0.124942,-0.460051,-0.042263,0.171032,17.047617
157909507286,-2.218622,3.709902,-0.052667,-0.441534,-0.096655,0.239750,16.962018
158009576682,0.157273,-0.141138,-0.506551,-0.239389,-0.116777,0.118398,16.923242
158109646079,-1.859791,2.964969,0.184788,-0.062139,-0.014973,0.037349,16.923258
158209715475,-0.873824,0.194867,-0.672507,0.220886,0.187027,-0.160425,16.904704
158309784871,-1.731160,3.353819,-0.171711,0.452923,0.207037,-0.294190,16.876550
158409854267,-1.707051,-0.812292,-1.432465,0.442729,-0.083587,-0.277641,16.798843
158509923664,3.009218,-3.339578,-0.016396,0.426040,0.131437,-0.176861,16.709536
158609993060,1.482317,-0.593291,0.351852,0.165827,0.081956,-0.165931,16.725450
158710062456,2.206938,-1.839848,0.035874,0.018703,0.012503,-0.106201,16.657951
158810131852,-2.571704,2.176036,0.384941,-0.165913,-0.003623,0.109883,16.658445
158910201249,1.972022,-2.312865,-0.508914,-0.411794,-0.070445,0.228454,16.578465
159010270645,-2.960434,3.720381,0.365892,-0.803515,-0.205110,0.322591,16.539482
159110340041,-0.860426,4.245761,0.493359,-0.705661,-0.185704,0.387965,16.551858
159210409437,-2.210996,2.363756,-0.392368,-0.133540,-0.086768,0.122012,16.558687
159310478834,-1.100353,3.159302,0.097345,0.161948,-0.019288,-0.050010,16.607647
159410548230,1.597765,-4.127580,0.284032,0.428475,0.129909,-0.174776,16.466691
159510617626,-1.125435,0.535338,0.907278,0.527532,0.088891,-0.220474,16.444870
159610687022,1.600887,-1.671204,-1.167333,0.486541,-0.005593,-0.167921,16.422123
159710756419,-1.985348,1.153167,0.766809,0.511901,-0.041528,-0.176778,16.445982
159810825815,2.491509,-0.702650,-0.358269,0.428404,0.028414,-0.129082,16.365523
159910895211,-1.182135,1.693984,-0.433013,0.216394,0.124993,-0.127639,16.391187
160010964607,0.196591,1.037746,0.156544,0.083160,0.040532,-0.109736,16.362406
160111034004,-0.467923,3.504826,0.030348,0.185558,0.158536,0.007823,16.384059
160211103400,1.777790,-2.752366,0.550292,-0.066480,0.143882,0.014642,16.383006
160311172796,3.791469,-3.628818,-1.181063,-0.771424,-0.178087,0.299308,16.245101
160411242192,-1.210260,0.924521,0.072985,-0.828996,-0.266744,0.487288,16.298738
160511311589,4.469349,-4.435801,-1.527582,-0.588032,-0.233609,0.344899,16.277612
160611380985,-0.866512,1.467532,0.162298,-0.321850,-0.082900,0.235477,16.249563
160711450381,3.949564,-3.838825,0.019008,0.112870,-0.007371,-0.019025,16.182002
160811519777,-1.868909,2.398177,0.679840,0.313187,0.070920,-0.194339,16.218103
160911589174,-1.405751,3.830111,0.700081,0.523264,0.105741,-0.310006,16.176457
161011658570,-1.251800,3.469870,0.358823,0.506926,0.006593,-0.264517,16.045266
161111727966,-0.199374,1.480718,-0.412279,0.547544,-0.000307,-0.259778,16.119993
161211797362,2.205145,-3.534353,-0.734085,0.502234,0.025855,-0.233394,16.101794
161311866759,-0.966572,-0.516248,0.332519,0.263686,0.099704,-0.113138,16.121442
161411936155,4.015421,-4.080866,-0.925602,0.067774,0.026338,0.066896,16.001272
161512005551,0.352934,0.286037,-0.126182,-0.422162,-0.104232,0.272559,16.039273
161612074947,3.963773,-2.315305,-0.828033,-0.505665,-0.110336,0.331147,16.108872
161712144344,-0.798766,2.349967,-0.027592,-0.627230,-0.141610,0.223872,15.874433
161812213740,-3.340853,4.864161,-0.232254,-0.657902,-0.175872,0.271817,16.023429
161912283136,-0.352708,1.319144,0.065123,-0.177993,-0.103134,0.174627,16.018980
162012352532,-2.991567,2.790927,0.252139,0.093717,-0.049363,-0.145834,15.946919
162112421929,3.844660,-2.775190,-0.404191,0.706854,0.059828,-0.378429,15.782038
162212491325,-2.259770,3.048466,0.569549,0.773369,0.197946,-0.285067,15.681559
162312560721,-1.150136,2.015503,0.265437,0.499905,0.151864,-0.355130,15.710121
162412630117,-2.178666,1.838868,-1.649967,0.158146,0.117560,-0.109419,15.662172
162512699514,-1.891089,3.938588,0.426327,-0.476555,-0.062943,0.110224,15.521857
162612768910,-0.045860,1.088944,1.534064,-0.413783,-0.105888,0.198331,15.586027
162712838306,0.342952,-1.176205,0.836080,-0.100846,0.091044,0.015161,15.558247
162812907702,0.956836,-1.178022,-0.003011,-0.196779,0.099115,-0.002875,15.546431
162912977099,-0.090966,1.389667,0.741195,-0.286397,-0.025114,0.246602,15.485333
163013046495,1.857507,-0.377556,-0.292189,-0.237792,-0.060011,0.103670,15.426356
163113115891,0.019007,0.762279,0.281220,0.022974,0.020769,0.129440,15.509244
163213185287,-0.714763,1.688888,-0.742690,0.101474,0.135798,0.030062,15.480854
163313254684,0.518613,0.704519,0.008601,0.062103,-0.035953,-0.035551,15.539698
163413324080,-0.866050,0.340159,-0.228335,0.001462,-0.012694,0.050644,15.485828
163513393476,-2.082315,0.997008,-0.688693,-0.214814,-0.151349,-0.005699,15.359214
163613462873,0.540518,1.015071,-0.594444,-0.140440,-0.056477,0.214366,15.345336
163713532269,-0.913407,0.503887,0.344729,-0.205937,-0.035863,0.099681,15.342593
163813601665,1.079567,-0.770686,-0.389285,-0.271565,0.065324,-0.007745,15.382270
163913671061,1.011680,0.526844,0.445803,0.025441,0.044840,-0.032976,15.309706
164013740458,-0.514627,0.579272,0.973974,0.028731,-0.031687,-0.146961,15.216951
164113809854,0.425166,0.541541,0.450011,0.013636,0.005915,-0.074883,15.287762
164213879250,0.567921,1.478074,0.644278,0.042318,-0.047943,-0.159319,15.308624
164313948646,0.925061,1.796587,0.468806,0.066881,-0.080829,-0.038231,15.307398
164414018043,-0.176549,1.573226,-0.178206,0.287457,0.155272,-0.085209,15.190666
164514087439,0.974400,-2.512045,-0.992978,0.223963,0.050052,-0.282690,15.362083
164614156835,-1.283896,0.051791,0.081822,0.086620,0.008888,0.043333,15.293018
164714226231,1.500369,-1.925909,-0.372586,-0.056422,0.000169,0.108045,15.243315
164814295628,-0.451677,-0.513955,0.204829,-0.365537,-0.105491,0.085327,15.276155
164914365024,-2.574713,2.433803,0.428452,-0.389377,-0.068928,0.194014,15.303838
165014434420,0.382321,-1.125217,-1.046815,0.104762,-0.035685,0.076985,15.243556
165114503816,1.415655,-0.441782,-0.355805,0.238939,0.069229,-0.220503,15.223991
165214573213,0.074622,1.205169,0.442684,-0.085597,0.010657,0.045901,15.299210
165314642609,-0.687993,0.621270,0.906801,0.049558,-0.062463,0.165911,15.318927
165414712005,1.257765,-0.125267,-0.175349,0.257940,-0.127654,-0.290094,15.294414
165514781401,-1.778209,0.539540,-0.466740,0.268304,0.042289,-0.117905,15.317208
165614850798,-0.431310,-0.849721,-0.038667,0.257990,0.018039,-0.090934,15.298265
165714920194,1.887448,-0.939086,2.090103,-0.158604,-0.120017,0.105971,15.287788
165814989590,0.327187,2.095562,0.359783,-0.083572,0.076810,0.237359,15.324525
165915058986,-4.040619,-0.066815,-2.145380,0.020969,0.270611,-0.065065,15.340584
166015128383,0.975049,1.116289,0.857913,-0.130991,-0.051657,0.086185,15.315305
166115197779,-1.558428,0.785498,1.303422,-0.067463,-0.088941,0.201755,15.281559
166215267175,0.258879,0.056778,0.393211,-0.058878,0.069802,-0.046278,15.309042
166315336571,0.284848,-0.093509,-1.176973,-0.187557,0.021141,0.008918,15.347986
166415405968,-0.394816,-0.022898,-0.537368,-0.224234,-0.033402,0.151110,15.314779
166515475364,0.577598,-1.442716,-0.155118,-0.319276,-0.083833,0.113258,15.287659
166615544760,0.331771,1.955872,-0.248129,-0.241971,-0.125482,0.156973,15.318478
166715614156,0.619650,0.120018,-0.328259,-0.096145,-0.162099,0.104211,15.410810
166815683553,-1.400266,1.044282,0.728732,-0.105461,-0.049278,0.040009,15.256802
166915752949,-1.829368,1.368278,-0.329186,-0.092209,0.016665,0.080944,15.258697
167015822345,0.019817,0.311552,-0.953862,-0.017427,-0.172032,0.126670,15.170121
167115891741,0.692590,1.685978,-0.392206,-0.156324,-0.140820,0.070236,15.210728
167215961138,-1.350832,2.476955,-1.136442,-0.141949,-0.184533,0.172015,15.172122
167316030534,-1.207274,1.213758,0.392927,0.013607,-0.090612,0.029445,15.187973
167416099930,-1.326745,2.758593,1.614953,-0.155869,0.095694,-0.154025,15.246120
167516169326,-0.195358,-1.326121,0.687378,0.029108,0.188697,-0.094851,15.160225
167616238723,-0.276544,0.816221,0.200802,0.152213,0.041277,-0.079468,15.232897
167716308119,-1.469642,1.927764,0.044573,0.189092,-0.008766,-0.334374,15.109602
167816377515,0.493030,-0.151624,-0.661620,0.233765,-0.001794,-0.280637,15.084873
167916446911,-1.200149,2.355063,-0.041418,0.016828,0.027514,0.014294,15.192259
168016516308,-0.712764,0.205786,0.096683,-0.144545,0.004112,0.074879,15.161545
168116585704,-0.976870,-0.712161,0.785621,-0.111095,0.007220,0.165146,15.226989
168216655100,0.567400,-1.407708,1.166841,-0.045950,0.126848,0.049255,15.095086
168316724496,-1.050867,0.584593,1.698669,-0.292077,0.087727,-0.143829,15.120442
168416793893,0.192750,-1.936735,1.057017,-0.177386,0.031636,-0.113265,15.044888
168516863289,-1.448467,-0.972033,-1.506479,0.116566,-0.188973,0.183515,15.175306
168616932685,2.282144,0.348362,-1.469322,0.361249,-0.007219,-0.275292,15.290738
168717002081,1.882891,-2.759190,-1.035328,0.460840,0.064355,-0.212261,15.311427
168817071478,0.161605,0.149927,0.024460,0.283266,0.108004,-0.081060,15.268693
168917140874,-3.084767,2.176970,1.521214,-0.069532,0.006320,0.078705,15.249007
169017210270,-1.324288,1.027646,0.841100,-0.071884,-0.018409,0.190180,15.293865
169117279666,-1.939694,2.180191,0.602371,-0.349031,-0.065190,0.135513,15.252216
169217349063,-0.098606,-0.056789,-0.313801,-0.318971,-0.020243,0.192946,15.274985
169317418459,-0.176827,1.513251,-0.592842,-0.270619,-0.088825,0.194362,15.457928
169417487855,0.203260,-1.223781,0.309636,-0.267094,-0.175799,0.198170,15.518550
169517557251,-0.541074,0.397307,-0.502903,-0.176920,-0.118403,0.251933,15.561522
169617626648,-0.021136,0.068686,0.577358,-0.118330,-0.050594,0.105598,15.577806
169717696044,-1.967099,1.908554,-0.050301,-0.086077,-0.100746,0.126101,15.609187
169817765440,-1.631224,2.185886,0.173376,0.064832,0.010563,0.041719,15.673750
169917834836,0.000228,-0.168359,-0.674690,0.282991,0.002094,-0.211333,15.702852
170017904233,-2.062079,4.457772,-0.209414,0.103469,0.027367,-0.140036,15.769477
170117973629,-2.935891,3.235687,0.099360,-0.326758,-0.017770,0.084463,15.834134
170218043025,-2.012615,-0.173297,-0.851609,-0.486633,-0.029746,0.153662,15.855417
170318112421,-0.268314,2.452133,0.836653,-0.353509,0.055089,0.110783,15.833092
170418181818,0.750852,-0.818288,-0.349140,-0.068227,0.001242,0.082940,15.960202
170518251214,-0.872692,1.049089,0.039380,-0.045921,-0.002242,-0.060025,15.922024
170618320610,0.249101,1.483297,0.545984,-0.014175,-0.049604,0.044340,15.937103
170718390006,0.507764,0.679415,-0.649752,-0.247642,-0.060961,0.071077,15.986469
170818459403,0.385089,-1.772272,-0.636303,-0.236169,-0.071535,0.219206,16.014976
170918528799,-1.584843,1.769323,0.175832,-0.103245,-0.006798,0.007778,16.135742
171018598195,-1.434258,2.696218,-0.170008,-0.000601,0.028888,-0.145281,16.131800
171118667591,-2.025901,2.133395,0.778206,0.101584,0.085062,-0.089641,16.095327
171218736988,-0.332841,1.419193,0.952202,0.030506,0.026881,-0.120518,16.178187
171318806384,-0.068116,-0.526517,-0.563829,-0.026104,0.001282,0.010140,16.218116
171418875780,0.359124,-0.808602,-0.756573,-0.048339,-0.009505,-0.020225,16.172659
171518945176,-1.127098,-0.014282,-0.087721,-0.079243,-0.065446,0.059515,16.176686
171619014573,-0.304536,-1.384236,0.699137,-0.134539,-0.126726,0.010630,16.307973
171719083969,0.151242,0.617974,0.766560,0.025082,0.000332,-0.022215,16.240835
171819153365,1.991394,-1.307445,0.837737,0.107665,0.093776,-0.170157,16.304999
171919222761,-0.479396,1.422917,-0.482748,0.123606,0.001444,-0.096819,16.182468
172019292158,-0.844539,-1.135821,-1.184710,0.176370,-0.083900,0.007803,16.181929
172119361554,0.005536,0.642263,0.005739,0.175824,0.024800,-0.026784,16.234316
172219430950,1.174166,-2.215687,-0.035491,0.369757,0.294229,-0.127528,16.381970
172319500346,1.282656,0.027964,-0.602842,0.312378,0.189934,-0.124256,16.228510
172419569743,2.246712,-2.830328,-0.333108,0.346327,0.049901,-0.239809,16.220476
172519639139,-1.005395,2.547624,2.336936,0.580400,0.114975,-0.178553,16.197053
172619708535,-1.690994,4.740855,1.218126,0.194181,0.150818,-0.153823,16.207263
172719777931,-0.242541,-2.149478,-0.472723,-0.234419,0.017221,0.136688,16.217647
172819847328,-1.764398,4.022104,-0.974184,-0.671978,-0.191659,0.498287,16.286917
172919916724,-0.318278,0.238008,-0.224356,-0.734667,-0.300199,0.451550,16.207748
173019986120,-0.992540,5.722017,0.936637,-1.106362,-0.210820,0.653767,16.180835
173120055516,1.537435,-3.179326,-0.457876,-1.246014,-0.155843,0.761200,16.196847
173220124913,-1.073800,4.812470,1.077428,-0.515993,-0.191587,0.443110,16.288620
173320194309,3.199542,-2.750968,0.347555,-0.366622,-0.119448,0.315571,16.284581
173420263705,0.942618,-1.782654,-0.401676,-0.178676,-0.073463,0.136832,16.374516
173520333102,3.623359,-7.679322,-2.197686,0.633055,0.093409,-0.481366,16.328324
173620402498,-0.264382,-2.125433,0.500846,0.992886,0.237340,-0.538069,16.325261
173720471894,-2.657487,4.986783,1.263609,1.067563,0.280448,-0.514129,16.333204
173820541290,0.830007,-0.730159,0.919173,0.854985,0.190355,-0.413647,16.379854
173920610687,-0.319374,4.049323,0.779639,0.557968,0.108704,-0.239878,16.380978
174020680083,1.486566,-0.943074,0.487135,0.391885,0.165248,-0.193095,16.326262
174120749479,-0.271631,2.878225,0.222509,0.113461,0.115172,-0.168191,16.278964
174220818875,1.691138,-4.451115,-0.333790,-0.119850,0.009572,-0.000302,16.352171
174320888272,0.412373,-3.877065,0.692867,-0.483054,-0.138504,0.304329,16.444527
174420957668,0.649721,-3.734963,0.134415,-0.506087,-0.179468,0.376009,16.427442
174521027064,-0.073637,-1.118454,-0.419240,-0.455470,-0.140457,0.254694,16.335198
174621096460,-1.698440,3.075581,0.511911,-0.372347,-0.048240,0.193985,16.283342
174721165857,0.041255,0.298900,-0.012581,-0.122944,0.010699,0.087762,16.378813
174821235253,-1.779365,3.100866,-0.287900,0.092587,0.070334,-0.129554,16.478299
174921304649,0.290212,-0.901442,-0.804165,0.387004,0.123712,-0.344519,16.468832
175021374045,-0.711549,4.216835,-0.418439,0.444127,0.106033,-0.333081,16.433395
175121443442,3.631920,-6.917028,-0.623392,0.881989,0.270497,-0.651712,16.418265
175221512838,-0.607275,-3.090350,-0.540331,1.196360,0.325057,-0.796639,16.499748
175321582234,2.208570,-6.325173,-0.588963,1.068069,0.230750,-0.845205,16.562942
175421651630,-2.720802,3.511489,-0.826428,0.924761,0.304607,-0.704471,16.514984
175521721027,-2.228709,3.596258,-0.193548,1.101345,0.261200,-0.672140,16.541337
175621790423,-1.894223,8.065037,0.982410,0.932671,0.201514,-0.617336,16.546181
175721859819,0.401659,0.080256,1.128697,0.242387,0.216990,-0.229654,16.690850
175821929215,1.242097,-3.488819,0.669301,-0.062131,0.090644,-0.031729,16.706194
175921998612,-1.957317,4.255954,0.826834,-0.533118,-0.074916,0.329929,16.777926
176022068008,-0.199830,-0.169435,-0.369139,-0.907016,-0.151940,0.538018,16.840777
176122137404,-3.903321,5.893694,-0.802999,-1.145514,-0.312889,0.718922,16.727875
176222206800,2.013514,-1.020817,-0.873352,-1.053439,-0.312368,0.706636,16.805538
176322276197,-1.027432,3.390675,0.195465,-0.980478,-0.272000,0.725584,16.912388
176422345593,3.134802,-4.241000,2.288754,-0.999859,-0.219990,0.704567,16.955614
176522414989,-3.677066,8.749565,1.216169,-0.484199,-0.220649,0.329182,16.902160
176622484385,-1.511874,8.563202,1.497590,0.606607,-0.046974,-0.279637,16.942246
176722553782,-2.024240,4.583115,-0.756995,0.779155,0.112281,-0.422659,16.971569
176822623178,0.213258,2.543189,-0.067358,0.869183,0.160385,-0.516159,16.896955
176922692574,2.464715,-3.793952,0.028647,0.810750,0.210374,-0.492892,16.918331
177022761970,0.252700,3.321155,0.520078,0.501017,0.117788,-0.287030,16.923941
177122831367,1.290969,-2.750530,0.285084,0.265060,0.061043,-0.203035,16.884960
177222900763,-0.270269,0.384747,0.039372,0.017259,0.084797,-0.058419,16.736631
177322970159,1.624804,-1.937253,-0.122403,-0.111567,0.052799,-0.011167,16.721891
177423039555,-1.874521,3.643623,0.280497,-0.371026,-0.022649,0.071534,16.737640
177523108952,0.244736,-0.542270,-0.360369,-0.467568,-0.059669,0.155314,16.699383
177623178348,1.434330,-1.264473,-0.599130,-0.415371,-0.078535,0.116030,16.648094
177723247744,0.719077,0.740507,0.054423,-0.344922,-0.103296,0.093675,16.615199
177823317140,0.282592,0.361300,0.519936,-0.390191,-0.145469,0.161004,16.563264
177923386537,-0.820261,2.627182,-0.051066,-0.473328,-0.158648,0.282694,16.541761
178023455933,1.742422,-2.191696,0.174496,-0.512938,-0.110818,0.095565,16.522583
178123525329,-0.029993,3.458326,0.504551,-0.068666,-0.001074,0.003783,16.474686
178223594725,0.200700,-1.774981,-0.342199,0.405080,0.013533,-0.171251,16.538184
178323664122,-0.182866,-0.989307,-0.929796,0.194767,0.008903,-0.143407,16.529324
178423733518,0.241558,-0.761582,-0.801337,0.075342,-0.012586,-0.006278,16.573131
178523802914,0.646338,1.319074,-0.285360,0.120644,0.015096,-0.002799,16.571986
178623872310,-1.374383,3.416911,0.101674,0.156423,0.042421,-0.163948,16.547491
178723941707,-1.944668,5.604967,0.187214,0.231156,0.003301,-0.187012,16.524522
178824011103,-2.431270,-0.338113,-1.558836,0.336620,-0.079029,-0.182966,16.556230
178924080499,0.189566,-3.102134,-1.966803,-0.191345,-0.131729,0.095894,16.583887
179024149895,-1.952071,6.676360,1.734742,-1.134180,-0.136049,0.523910,16.538641
179124219292,0.582189,-2.367743,-0.065606,-0.902775,-0.171468,0.357753,16.650369
179224288688,1.476178,-4.084583,-0.006972,-0.336138,-0.096969,0.224670,16.595511
179324358084,1.040707,-1.535689,0.725482,-0.127485,-0.064464,0.122841,16.565403
179424427480,-0.226614,0.839076,-0.290660,0.133680,-0.032707,-0.185188,16.551964
179524496877,-1.247354,5.492963,-0.007137,0.353870,0.032177,-0.305096,16.623643
179624566273,-0.010904,2.355776,-0.519340,0.493210,0.088817,-0.338599,16.624601
179724635669,-0.696228,4.624452,0.323478,0.473300,0.047375,-0.379790,16.676001
179824705065,-0.005362,-2.217097,-0.728272,0.546286,0.102375,-0.376974,16.586359
179924774462,0.056849,-0.040942,0.030170,0.232460,0.000344,-0.110012,16.580813
180024843858,0.678018,-2.916105,-0.320256,-0.128768,-0.076904,0.017413,16.530414
180124913254,-0.397022,-0.774913,0.104964,-0.350662,-0.011924,0.171962,16.506498
180224982650,-0.175155,0.884631,0.380626,-0.171306,0.034245,0.092361,16.522992
180325052047,-0.711005,0.263657,-0.018322,-0.043686,-0.088357,0.079828,16.478783
180425121443,-0.174894,-0.384818,-0.219295,-0.033669,-0.058901,0.121366,16.447809
180525190839,-0.322506,-0.304847,-0.353227,-0.083137,-0.046812,0.039924,16.500413
180625260235,-0.553304,-2.090023,-0.463817,-0.269075,-0.095338,0.107953,16.485066
180725329632,-1.023714,1.222962,0.285416,-0.471273,-0.168019,0.284938,16.511013
180825399028,-1.559264,2.712621,0.656551,-0.500050,-0.141048,0.246430,16.491823
180925468424,-0.571139,-1.612651,-0.345806,-0.346829,-0.103038,0.132869,16.555646
181025537820,-0.949183,1.817519,-0.490704,-0.220054,-0.137398,0.064042,16.576997
181125607217,-0.179388,-1.232252,-0.703591,0.153856,0.083975,-0.135538,16.579368
181225676613,-1.440641,3.593594,-0.252019,0.284415,0.109075,-0.252251,16.641367
181325746009,-0.238899,3.382818,-0.110820,0.521123,0.044439,-0.332900,16.729322
181425815405,-0.884944,3.557577,0.066452,0.442323,0.121003,-0.304039,16.822207
181525884802,0.241207,0.495651,0.389036,0.262506,0.079195,-0.195967,16.855386
181625954198,2.178787,-1.522360,-0.159456,0.199113,0.039737,-0.146032,16.890019
181726023594,1.176211,-0.728900,0.155342,0.073927,0.054867,-0.036639,16.921079
181826092990,0.186722,-1.327687,0.117129,-0.124935,-0.060934,0.100933,16.956718
181926162387,1.365338,0.671310,-0.116109,-0.418240,-0.219636,0.421639,17.030991
182026231783,0.690553,-2.414042,0.615807,-0.613482,-0.164936,0.498557,17.133028
182126301179,-1.557788,6.304424,1.970091,-1.004434,-0.123331,0.464119,17.113921
182226370575,-0.230764,5.202605,0.394173,-0.738581,-0.119294,0.352528,17.088939
182326439972,-1.127371,3.108281,-0.755331,-0.235370,-0.121530,0.042501,17.058863
182426509368,0.111513,0.785681,-0.467737,-0.014245,-0.099317,-0.020701,17.055515
182526578764,0.861982,-2.920677,-2.111307,0.370047,-0.054721,-0.139027,17.046128
182626648160,-0.557511,2.537351,0.270868,0.358631,-0.075543,-0.198229,17.057948
182726717557,0.608924,2.787283,0.979444,-0.170484,-0.041529,-0.018170,17.007820
182826786953,0.867962,3.148075,1.181463,-0.446585,-0.046366,0.129110,16.892817
182926856349,0.317678,5.174118,1.371472,-0.135812,0.017948,-0.000879,16.857244
183026925746,0.134081,1.750882,0.459328,0.007278,0.099705,-0.149015,16.877831
183126995142,1.908354,-3.482672,-0.145572,-0.088020,0.048263,-0.117964,16.868420
183227064538,2.152499,-3.440930,-1.182130,-0.101150,-0.074540,0.177626,16.886780
183327133934,-2.178852,4.059411,-0.666263,0.144229,-0.167314,0.017640,16.927499
183427203331,0.587805,6.250939,2.080667,0.462180,0.053378,-0.281216,16.821701
183527272727,-0.396635,4.097006,1.650739,0.612501,0.251952,-0.348752,16.801338
183627342123,-0.126461,2.322743,1.248588,0.637245,0.131776,-0.391384,16.821210
183727411519,0.517627,-2.706848,-0.344837,0.515007,0.080055,-0.295083,16.760857
183827480916,-0.772538,0.435269,-0.365545,0.277415,0.050738,-0.125786,16.778013
183927550312,0.320955,-2.506058,-0.370765,0.112558,0.046307,-0.013442,16.883724
184027619708,-0.478902,-0.270962,-0.067592,-0.055809,-0.042578,0.010646,16.951328
184127689104,0.564530,-3.050447,-0.226230,-0.212179,-0.033935,0.109567,16.991843
184227758501,-0.193889,3.276619,0.961550,-0.486056,-0.080598,0.220934,16.989541
184327827897,-0.752080,2.798975,1.191902,-0.513342,-0.054360,0.260764,16.836128
184427897293,-0.732365,2.173814,0.857545,-0.432330,0.018962,0.206114,16.921907
184527966689,-0.548862,0.633111,-0.007755,-0.290944,0.013981,0.093281,16.921474
184628036086,-0.926938,-1.031430,-0.482407,-0.005689,0.037742,-0.061958,16.998201
184728105482,0.443214,0.466767,-0.011292,0.143115,0.041428,-0.079861,17.071191
184828174878,0.675045,-0.842061,-0.362560,0.097771,0.044973,-0.077167,17.007250
184928244274,0.361643,0.093889,-0.362394,0.035992,0.045840,-0.070117,17.091092
185028313671,0.484786,0.293645,0.011446,-0.002112,0.005961,-0.051256,17.094256
185128383067,0.759151,-0.598138,-0.115285,-0.166984,-0.012768,0.054420,17.188410
185228452463,0.458641,0.656725,-0.058634,-0.174110,-0.034197,0.054373,17.137300
185328521859,0.065930,0.709796,0.483683,-0.177962,-0.012826,0.056080,17.252190
185428591256,-0.066544,1.638964,0.482453,-0.202366,-0.005562,0.071963,17.286619
185528660652,0.566451,0.109080,-0.466283,-0.078472,0.032125,-0.045426,17.262036
185628730048,2.062352,-1.384601,-0.301172,0.214594,0.023334,-0.205910,17.280563
185728799444,1.189086,0.573009,-0.174294,0.321793,0.012095,-0.180121,17.329864
185828868841,0.764262,-2.317555,-0.668415,0.323593,-0.020593,-0.165854,17.342595
185928938237,0.964446,-1.741142,-0.073397,0.331166,-0.000086,-0.107706,17.219001
186029007633,1.195873,-2.251474,0.013701,0.163036,0.018874,-0.028989,17.252566
186129077029,0.955071,0.173548,-0.022322,0.082851,0.000892,-0.004094,17.249462
186229146426,0.473360,1.028848,-0.381549,-0.040714,-0.035439,0.110104,17.233909
186329215822,-0.426933,0.206888,0.219482,-0.137803,-0.044932,0.142052,17.186104
186429285218,1.054758,0.451149,0.213454,-0.194180,-0.081028,0.151003,17.242270
186529354614,1.188024,-0.580287,0.312880,-0.126471,-0.077245,0.101571,17.238652
186629424011,-0.319717,0.930019,-0.150254,-0.009844,-0.023742,0.042027,17.219800
186729493407,0.885580,-0.394032,-0.096872,0.089260,-0.009983,-0.054128,17.199672
186829562803,1.622137,-0.243783,-0.782874,0.008629,-0.002158,-0.073943,17.219008
186929632199,0.555067,0.753207,-0.842090,-0.144313,-0.015263,-0.050808,17.241510
187029701596,0.114054,1.421847,0.677487,-0.251541,-0.028329,0.024299,17.185566
187129770992,0.361729,0.745693,-0.325004,-0.129640,-0.002191,0.036991,17.191894
187229840388,-0.195545,2.483795,0.716939,-0.172574,-0.061148,0.053794,17.205237
187329909784,0.339970,0.057645,-0.308907,-0.117714,-0.073465,0.110869,17.229509
187429979181,0.117801,1.424096,-0.280504,-0.217177,-0.036310,0.191850,17.190450
187530048577,0.317600,3.362256,0.920560,-0.645626,-0.066068,0.322837,17.264275
187630117973,0.296832,0.349280,0.588253,-0.620984,-0.100522,0.323599,17.244606
187730187369,0.354704,-3.934351,-0.457779,-0.379494,-0.090268,0.240820,17.232200
187830256766,0.690735,-1.393342,-0.805506,-0.091470,-0.087920,0.086788,17.308131
187930326162,0.069764,-2.490962,-0.762012,0.131507,-0.031929,-0.042317,17.347095
188030395558,-0.146135,-0.227800,-0.415913,0.144311,-0.021986,-0.062905,17.341277
188130464954,0.072651,-1.048760,-0.286443,0.148351,0.005829,-0.114615,17.402186
188230534351,-0.463465,0.590009,0.054513,0.168832,0.014753,-0.125128,17.408965
188330603747,-0.167334,-0.384046,0.291950,0.204501,0.034579,-0.143258,17.394095
188430673143,-0.139093,1.070236,-0.048308,0.284073,0.080419,-0.197703,17.475961
188530742539,0.577043,-2.418195,0.071793,0.370591,0.073545,-0.270522,17.501765
188630811936,-0.023480,-0.936733,-0.454770,0.314431,0.065727,-0.192986,17.548282
188730881332,-0.054701,2.353465,-0.848597,0.201113,0.066089,-0.136393,17.638569
188830950728,-0.051971,1.308510,-1.087196,0.069409,0.071165,-0.064106,17.738775
188931020124,0.179382,-0.198013,0.015453,-0.112565,0.003003,0.035421,17.763631
189031089521,-0.491086,-1.674264,-0.553658,-0.195229,-0.053945,0.127873,17.745646
189131158917,-0.249266,-0.632458,-0.241839,-0.322595,-0.193788,0.270030,17.846251
189231228313,1.596326,-3.704858,0.079826,-0.504984,-0.231564,0.362042,17.927012
189331297709,-0.133083,-2.627229,-0.702864,-0.562303,-0.225979,0.362693,17.943278
189431367106,0.632095,-5.549750,-0.467579,-0.379388,-0.098358,0.261517,17.998393
189531436502,0.689634,0.473888,0.211173,0.032623,0.033405,0.008683,18.078604
189631505898,1.241029,0.673691,-0.036875,0.248012,0.032488,-0.058334,18.115406
189731575294,0.449841,-2.537107,0.237480,0.340334,0.046258,-0.080111,18.189808
189831644691,0.157379,0.164460,0.619344,0.246184,0.046436,-0.085267,18.229539
189931714087,1.374647,-1.649803,-0.122116,0.303015,0.092165,-0.143526,18.259497
190031783483,0.456286,-0.985571,-0.545363,0.281302,0.046053,-0.162111,18.317237
190131852879,0.871706,-1.921747,-0.379176,0.215612,0.034928,-0.078435,18.355437
190231922276,1.531369,-0.925333,0.449653,0.092935,0.024586,0.063352,18.395355
190331991672,0.806695,-1.778283,0.059086,-0.020005,0.018412,0.064773,18.386158
190432061068,1.186053,0.628605,-0.028342,-0.141920,0.000537,0.036343,18.329377
190532130464,1.127174,1.266494,0.438452,-0.087226,0.046289,0.031985,18.240144
190632199861,1.232726,-0.458040,-0.227238,-0.017233,0.002895,-0.035509,18.219787
190732269257,1.246835,-0.445303,-0.368230,-0.018655,0.063972,-0.022329,18.241551
190832338653,1.312395,0.885311,-0.334694,-0.045748,0.071541,0.016004,18.219515
190932408049,0.671665,0.881342,0.218876,-0.207197,-0.054797,0.127386,18.104852
191032477446,0.740530,1.737433,0.241545,-0.362429,-0.110101,0.233426,18.000114
191132546842,1.062823,2.930751,0.154763,-0.324710,-0.073243,0.176949,17.984758
191232616238,1.668635,0.596769,0.573891,-0.045663,0.011162,-0.025721,17.899656
191332685634,0.827085,1.135449,0.145515,0.082575,0.045596,-0.083563,17.882952
191432755031,0.827385,-1.159507,0.175604,0.115349,0.052088,-0.062817,17.905064
191532824427,1.573518,0.031224,0.972123,0.224200,-0.059909,-0.069713,17.749334
191632893823,1.715928,-2.979164,-0.355420,0.378161,0.101962,-0.188323,17.671685
191732963219,1.519397,0.349332,-0.306730,0.458109,0.122215,-0.256311,17.683330
191833032616,1.006917,1.883012,0.823758,0.484145,0.004218,-0.302679,17.630119
191933102012,0.429780,-0.072804,0.472979,0.325697,0.052973,-0.128245,17.511456
192033171408,1.054648,1.775860,0.306537,0.030424,0.021741,0.058897,17.465131
192133240804,0.670299,0.357670,0.292038,-0.117781,-0.048473,0.085383,17.376485
192233310201,0.543052,1.070355,0.133758,-0.300176,-0.032957,0.260532,17.306297
192333379597,1.181210,-1.170895,-0.161828,-0.372580,-0.075456,0.243079,17.253633
192433448993,2.101738,0.985849,-0.348938,-0.433073,-0.177460,0.174610,17.145072
192533518390,2.551868,-2.801121,-0.450437,-0.320956,-0.100216,0.173411,17.125328
192633587786,1.949532,-2.116738,-0.041963,-0.039000,-0.031229,0.010151,17.090500
192733657182,1.753506,-1.784708,-0.256266,0.095539,-0.024243,-0.076553,17.022681
192833726578,2.064051,-0.819308,0.251499,0.177769,0.071021,-0.069775,16.924528
192933795975,-0.237508,-0.501876,-0.106113,0.146497,0.015921,-0.119719,16.822375
193033865371,0.272168,-1.016116,-0.208853,0.079849,-0.009084,-0.027537,16.790567
193133934767,0.760351,-0.581504,-0.290364,0.060514,0.037571,0.047923,16.759667
193234004163,0.927555,-0.479130,-0.102265,-0.009605,-0.012884,0.050377,16.668285
193334073560,1.478921,-0.206785,0.037899,-0.105906,-0.104135,0.124885,16.678231
193434142956,0.720283,0.011414,0.022166,-0.059340,-0.021787,0.114437,16.604339
193534212352,-0.462136,-1.209792,-0.405833,0.045499,0.012523,0.026676,16.613476
193634281748,0.587939,-0.916847,-0.217085,0.103436,0.019653,-0.029534,16.649186
193734351145,0.376769,-0.741613,0.139514,0.014222,-0.001836,-0.005998,16.482769
193834420541,1.463436,0.273091,-0.254150,0.112098,0.034826,-0.002919,16.552373
193934489937,1.676553,-0.988969,-1.002289,0.453903,0.098254,-0.203550,16.563288
194034559333,2.683339,-2.283642,-0.259163,0.338742,0.025144,-0.192039,16.482608
194134628730,0.660101,-1.395199,-0.797388,-0.013227,0.055650,0.098948,16.468514
194234698126,0.745165,-2.999915,-0.513934,-0.201841,0.101710,0.132746,16.542373
194334767522,-1.146468,1.403919,0.660058,-0.366002,-0.052397,0.123486,16.563660
194434836918,-0.150607,1.043228,0.269966,-0.363723,-0.032720,0.179628,16.526782
194534906315,-0.568390,0.570169,0.034082,-0.256716,0.066305,0.133601,16.493785
194634975711,0.556112,-0.617055,-0.410035,-0.110983,-0.039943,0.047608,16.415519
194735045107,1.094753,-2.515110,0.417501,0.057235,-0.058702,0.038687,16.520065
194835114503,2.226443,-1.548492,0.118478,0.073795,0.014634,-0.024637,16.490235
194935183900,0.947748,-1.791003,-0.086736,0.143423,0.065137,-0.068925,16.423035
195035253296,1.650034,0.469572,-0.481621,0.302857,0.050771,-0.133924,16.460179
195135322692,1.484502,-1.370172,-0.280961,0.413827,-0.002241,-0.176813,16.470002
195235392088,0.852312,-0.810443,-0.077203,0.290988,0.032340,-0.075922,16.456803
195335461485,1.478767,-2.379038,0.026183,0.113635,0.054190,0.046031,16.489805
195435530881,2.230732,-3.474848,0.289762,-0.004107,0.022244,0.084711,16.499187
195535600277,1.029035,-2.458345,0.507116,-0.180160,-0.008821,0.191940,16.501728
195635669673,1.841866,-3.371991,-0.051040,-0.253453,-0.000252,0.223188,16.465326
195735739070,1.024090,-0.262005,0.265682,-0.182130,-0.021598,0.147936,16.492368
195835808466,0.516831,-0.718309,0.176546,-0.034131,-0.026410,0.052541,16.491416
195935877862,0.559385,-1.964742,0.343224,0.157146,0.068472,-0.039330,16.494779
196035947258,0.472683,-1.471739,0.265301,0.212943,0.061238,-0.052795,16.542021
196136016655,1.046623,-1.875770,0.058298,0.127113,0.041012,-0.100675,16.534770
196236086051,0.664060,-1.393479,-0.194408,0.197123,0.035531,-0.039019,16.606247
196336155447,0.455674,-1.452803,-0.182748,0.228454,-0.011846,0.012833,16.611362
196436224843,0.208478,0.436263,-0.015978,0.091176,0.023136,-0.039990,16.597709
196536294240,0.492852,0.839998,0.499294,-0.020722,0.036040,0.045032,16.661779
196636363636,-0.444693,1.012725,0.420949,-0.241943,-0.019589,0.138455,16.703106
196736433032,1.460419,-0.251007,0.028588,-0.261978,-0.057632,0.148524,16.656586
196836502428,2.258074,-1.343574,-0.443237,-0.157305,-0.100957,0.128013,16.665147
196936571825,0.811906,-0.531466,-0.628887,-0.027474,-0.050509,0.053792,16.785883
197036641221,0.904979,-1.519559,0.002788,0.114731,0.054194,-0.049893,16.727114
197136710617,1.114750,1.501017,0.888483,0.282750,0.023393,-0.122029,16.813066
197236780013,1.384423,1.647692,1.079244,0.489162,0.004035,-0.163337,16.831142
197336849410,0.858540,0.560867,0.291782,0.284300,0.044744,-0.072122,16.860731
197436918806,-0.635989,2.323644,-0.128466,-0.008813,0.011182,0.074319,16.942957
197536988202,-0.110493,0.350531,-0.156346,-0.120934,-0.048259,0.085411,16.987434
197637057598,-0.976735,0.407087,-0.027809,-0.264181,-0.084259,0.176726,16.924155
197737126995,0.555930,-2.104222,-0.288795,-0.280770,-0.064579,0.223254,17.042896
197837196391,0.775343,-2.438073,-0.443866,-0.360122,-0.095222,0.205111,17.017694
197937265787,1.421429,-2.403841,-0.343895,-0.307922,-0.087644,0.171261,17.050106
198037335183,0.748900,0.309486,-0.027261,-0.211099,-0.076042,0.117825,17.059058
198137404580,-0.571523,0.894283,0.344611,-0.093915,-0.047082,0.044964,17.176641
198237473976,-0.483459,-0.003398,-0.012186,0.080932,0.012525,-0.009947,17.200705
198337543372,-0.059865,-0.011074,0.229512,0.128027,0.041197,-0.064903,17.163007
198437612768,1.144947,-0.742713,0.087011,0.092087,0.070840,-0.099260,17.203967
198537682165,0.227793,0.915890,-0.470987,0.120661,0.005769,-0.103373,17.288043
198637751561,0.193751,0.453769,-0.861143,0.209254,-0.026327,-0.193366,17.298905
198737820957,-0.159101,1.340412,-0.084296,0.336473,0.053005,-0.204076,17.352445
198837890353,0.272919,0.461360,0.252847,0.524778,0.151453,-0.304133,17.335421
198937959750,-0.581842,1.882648,0.472521,0.505425,0.133544,-0.348862,17.371751
199038029146,1.164002,-2.343832,0.240998,0.371448,0.134779,-0.282911,17.416267
199138098542,0.916092,-2.007266,-0.222412,0.179725,0.092247,-0.167426,17.435056
199238167938,1.190810,-1.765990,-0.130091,-0.050364,0.018772,-0.028360,17.488586
199338237335,0.737013,-0.247443,0.258341,-0.163714,-0.049255,0.081568,17.494879
199438306731,0.827690,-0.371984,-0.078068,-0.316196,-0.047739,0.234681,17.572135
199538376127,1.172063,-1.625092,-0.391721,-0.282045,-0.046035,0.284714,17.600117
199638445523,-1.248479,2.975363,0.442874,0.165325,-0.029737,0.078008,17.585012
199738514920,-0.537162,2.224014,0.514328,0.594346,0.107285,-0.239447,17.630824
199838584316,0.548214,0.740127,0.482823,0.596783,0.071086,-0.281442,17.647679
199938653712,-0.469015,3.917682,1.268623,0.351705,-0.042620,-0.152427,17.671271
200038723108,-0.536974,2.375890,0.000463,0.064490,-0.015970,0.023478,17.678711
200138792505,0.099835,-0.049122,-0.858178,0.034207,-0.025721,0.052234,17.655199
200238861901,1.751837,-3.990497,-1.176585,0.033126,-0.062153,0.123256,17.672225
200338931297,2.106679,-2.068969,0.134004,-0.431298,-0.015917,0.221208,17.668058
200439000693,1.384375,-2.417410,0.408900,-0.500592,-0.014711,0.244318,17.631677
200539070090,0.428661,-2.152522,-0.099704,-0.211866,0.001895,0.139235,17.531364
200639139486,-0.028763,-0.183185,-0.551234,0.097849,-0.012580,-0.024169,17.468719
200739208882,1.062190,-1.785568,-0.453851,0.215977,-0.042494,0.038859,17.457921
200839278278,1.323038,-0.941483,0.198228,-0.117430,-0.030894,0.092432,17.434834
200939347675,0.450019,2.304052,0.079884,-0.355078,-0.053700,0.198031,17.394798
201039417071,0.027553,2.621962,-0.596062,-0.367593,-0.093308,0.260212,17.340265
201139486467,1.493536,2.011131,-0.238980,-0.363023,-0.064834,0.184913,17.326359
201239555863,1.822774,-0.558756,0.135953,-0.351778,-0.114583,0.208323,17.306996
201339625260,1.628191,-2.520416,-0.376072,-0.234106,-0.180897,0.223743,17.252528
201439694656,0.620860,-1.442112,-0.784417,0.088546,-0.093419,0.012692,17.291828
201539764052,0.970259,-1.763618,-0.541613,0.500445,0.073561,-0.199195,17.295163
201639833448,2.335884,-1.390851,0.282137,0.451191,0.148658,-0.213465,17.283936
201739902845,0.948695,-2.177099,0.236837,0.190906,0.177052,-0.151430,17.273422
201839972241,0.230295,-3.053103,-0.556319,-0.106594,0.097323,0.017719,17.275040
201940041637,1.780040,-3.150006,-0.252891,-0.494422,-0.017555,0.169740,17.310836
202040111034,1.021145,-2.149002,-0.055688,-0.416996,-0.070204,0.253207,17.327813
202140180430,-1.312602,2.398066,0.334362,-0.433735,-0.088740,0.190936,17.340583
202240249826,-1.512042,3.390922,0.387339,-0.280562,-0.050035,0.147931,17.365323
202340319222,-0.651550,1.601507,-0.291182,0.000482,0.008060,0.086522,17.416895
202440388619,1.646545,-2.276695,-0.708985,0.116825,0.096728,-0.127716,17.395842
202540458015,1.910846,-4.235114,-0.823761,0.281461,0.177920,-0.245045,17.370360
202640527411,1.511659,-3.831675,-1.196399,0.612646,0.188004,-0.377136,17.381899
202740596807,0.779943,-3.097989,-0.503479,0.892074,0.171307,-0.560165,17.419931
202840666204,-1.513410,3.604153,0.461513,0.866183,0.160253,-0.521634,17.479650
202940735600,-1.230998,2.968303,0.596423,0.653150,0.133807,-0.406435,17.477872
203040804996,-0.108473,0.830525,0.579644,0.377888,0.103608,-0.229190,17.483458
203140874392,1.740194,-2.872334,-0.088370,0.103746,0.043543,-0.049361,17.547799
203240943789,2.091391,-2.652808,-0.318369,-0.159477,-0.042704,0.145832,17.595212
203341013185,1.283037,-1.614081,-0.650024,-0.297004,-0.078146,0.179158,17.638618
203441082581,-0.345972,0.809779,-0.509563,-0.330021,-0.110289,0.169312,17.688115
203541151977,0.488441,0.561299,0.246419,-0.192786,-0.057598,0.127099,17.693575
203641221374,0.922807,-0.507718,0.387496,-0.042633,0.012734,0.023055,17.744924
203741290770,0.603404,-0.082850,0.416536,0.008325,0.009807,0.031968,17.754009
203841360166,0.587936,-0.605958,0.192556,-0.009229,-0.017458,0.069412,17.769008
203941429562,0.127365,-0.695471,0.049100,-0.080907,-0.031489,0.098719,17.785190
204041498959,0.878262,-1.541794,-0.196021,-0.088193,-0.007998,0.076501,17.795993
204141568355,1.404336,-0.687877,-0.347203,0.020593,0.015702,-0.022777,17.813402
204241637751,2.016031,-1.665957,-0.465073,0.161916,0.024122,-0.069688,17.802670
204341707147,1.639045,-1.981401,-0.362598,0.268533,0.049638,-0.130192,17.788219
204441776544,1.652697,-1.634012,-0.488824,0.343652,0.083318,-0.176844,17.767487
204541845940,1.006619,0.947402,-0.111314,0.348071,0.093070,-0.183643,17.717629
204641915336,0.320778,1.347413,0.786853,0.330515,0.072489,-0.171443,17.688219
204741984732,0.551338,1.129580,0.703910,0.212185,0.018923,-0.072856,17.659964
204842054129,0.931794,0.743068,-0.027591,0.037293,-0.016316,-0.005572,17.630509
204942123525,1.172877,0.119599,-0.372444,-0.065643,-0.064438,0.062490,17.607445
205042192921,1.161802,0.214784,-0.296159,-0.083043,-0.016091,0.093146,17.533958
205142262317,1.038884,-0.366114,-0.332818,-0.094529,0.022943,0.060910,17.489395
205242331714,1.351270,-1.230956,-0.174628,-0.231158,0.043219,0.079877,17.493822
205342401110,2.106770,-2.077620,-0.633039,-0.277352,0.007496,0.123473,17.458728
205442470506,0.385789,2.409809,0.317604,-0.301602,-0.154535,0.181729,17.366273
205542539902,-1.243422,2.786969,1.093276,-0.129233,-0.069098,0.185796,17.305162
205642609299,-0.825335,2.499461,1.399540,0.208426,0.077646,0.022900,17.308710
205742678695,-1.033502,4.325163,1.356103,0.232459,0.007580,-0.036040,17.240348
205842748091,-0.685759,2.217258,0.097546,-0.098101,-0.041320,0.133977,17.200312
205942817487,-0.741515,2.071614,-0.274971,-0.460615,-0.058799,0.212613,17.132842
206042886884,-0.781372,2.967421,0.321999,-0.546831,-0.167801,0.242619,17.038332
206142956280,0.475632,3.269774,1.476619,-0.366307,-0.169133,0.261657,17.040709
206243025676,-1.965344,4.488454,0.622791,-0.043087,0.040273,0.022913,16.906432
206343095072,-0.033576,1.875959,-1.288592,0.262627,0.201759,-0.300648,16.829349
206443164469,2.967316,3.303544,0.151612,0.189968,-0.000518,-0.122471,16.773684
206543233865,-1.058687,5.160529,0.753816,-0.271850,-0.276079,0.209662,16.689013
206643303261,0.086578,-0.494424,0.410454,-0.714501,-0.344718,0.444336,16.601095
206743372657,1.338327,-2.460920,1.536666,-0.963581,-0.276678,0.627905,16.552022
206843442054,0.468845,3.587359,2.139380,-0.867665,-0.084269,0.520179,16.483518
206943511450,2.202573,4.687006,1.325507,-0.565835,0.057117,0.238374,16.419574
207043580846,0.544742,1.621938,1.359035,-0.028400,0.050538,-0.109309,16.361702
207143650242,-0.710716,0.094736,-0.257805,0.184932,0.082376,-0.261053,16.287888
207243719639,1.083694,1.890655,-0.491772,0.216027,-0.013653,-0.198709,16.244514
207343789035,-0.311062,3.727358,2.144095,0.480233,-0.155175,-0.218287,16.177354
207443858431,-1.183180,4.039857,0.728148,0.520960,0.044618,-0.364966,16.091944
207543927827,0.381746,1.326444,0.033173,0.398088,0.141792,-0.397034,16.048871
207643997224,-1.063885,2.454315,0.512255,0.443127,0.041123,-0.268802,15.986434
207744066620,-1.360696,4.597758,0.424093,0.425196,0.004871,-0.197324,16.021011
207844136016,-0.785521,4.012932,0.705284,-0.097835,0.013387,-0.020920,16.064562
207944205412,-1.023328,5.146933,0.785076,-0.576275,-0.048468,0.251041,15.951637
208044274809,-0.496326,2.752748,0.126723,-0.631893,-0.107640,0.312551,15.791747
208144344205,-0.359453,3.296438,0.521176,-0.574039,-0.086130,0.313345,15.719748
208244413601,0.489325,0.693441,0.129100,-0.433981,-0.073214,0.261833,15.576528
208344482997,0.155784,-0.511317,-0.484120,-0.314774,-0.080168,0.174919,15.527764
208444552394,0.240838,0.064061,0.014783,-0.239969,-0.036007,0.077396,15.592103
208544621790,-0.487115,2.053300,0.490617,-0.205281,-0.011105,0.011670,15.492687
208644691186,-0.613989,2.259256,0.210436,-0.090763,0.014752,-0.035947,15.458904
208744760582,-0.624273,1.700137,-0.081997,0.067438,0.046181,-0.047978,15.448757
208844829979,-0.611822,0.803873,-0.077523,0.188977,0.025826,-0.112606,15.391713
208944899375,-0.698932,-0.024328,0.272507,0.317255,0.026540,-0.204473,15.356695
209044968771,-0.483213,0.447931,0.123041,0.327915,0.024406,-0.190267,15.347640
209145038167,-0.361881,-0.333489,-0.043746,0.279982,0.012301,-0.195331,15.319964
209245107564,-0.782274,0.068026,0.007778,0.199008,0.045875,-0.170712,15.276779
209345176960,0.747902,-0.133335,-0.324867,0.131196,0.023845,-0.016873,15.273848
209445246356,0.270346,1.680813,0.149072,0.046290,-0.016486,0.028505,15.285562
209545315752,-1.576985,2.859330,0.754770,-0.041611,-0.010387,0.010624,15.307554
209645385149,-2.348302,1.940848,0.614403,-0.073788,-0.058476,0.105847,15.272950
209745454545,-2.036038,-0.634998,-0.416490,-0.286157,-0.042363,0.077400,15.261086
209845523941,-0.427524,0.922856,-0.325563,-0.403456,0.024935,0.014837,15.369922
209945593337,-0.826393,2.358943,0.557260,-0.035954,-0.047715,0.046591,15.385639
210045662734,-0.097916,-0.431292,-0.319244,0.326306,-0.117038,-0.064321,15.352039
210145732130,-0.732151,0.138341,-1.255085,0.178162,-0.047873,-0.042356,15.219142
210245801526,-1.476714,1.580239,-0.008825,-0.140995,0.060429,0.094424,15.232307
210345870922,-0.034166,-0.936349,0.108307,-0.288821,-0.007520,0.141830,15.421654
210445940319,0.161519,-1.325243,-0.198601,-0.309953,-0.127151,0.187753,15.506393
210546009715,-0.135847,-0.838045,-0.231774,-0.259106,-0.155385,0.219342,15.561535
210646079111,-0.734149,1.406484,0.010467,-0.312853,-0.177668,0.232056,15.604607
210746148507,-0.749872,2.463027,0.031531,-0.378932,-0.127116,0.248068,15.603133
210846217904,-0.830716,2.558932,0.084050,-0.278106,-0.028645,0.167239,15.571147
210946287300,-0.141474,0.645385,0.456641,-0.170441,-0.043729,0.074264,15.687382
211046356696,1.478673,0.477464,0.767464,-0.027976,-0.088099,0.066594,15.693228
211146426092,0.179770,0.298933,0.085206,0.341410,-0.010410,-0.170679,15.756069
211246495489,1.651032,-3.781601,-0.865778,0.721992,0.110135,-0.484035,15.801955
211346564885,2.840186,-3.330589,-0.568368,0.805116,0.180331,-0.504527,15.834932
211446634281,2.080459,-2.399857,0.220572,0.727484,0.162414,-0.407616,15.814478
211546703677,0.191619,2.797821,0.034793,0.443665,0.093754,-0.248052,15.677590
211646773074,-0.298499,4.067100,-0.396325,0.238885,0.077391,-0.143719,15.571798
211746842470,-0.858615,4.921254,0.551145,-0.023691,0.035788,-0.090974,15.584476
211846911866,-0.088414,2.616288,0.529554,-0.496319,-0.079101,0.155034,15.539531
211946981263,1.644636,-1.844032,-0.012467,-0.557784,-0.131510,0.297828,15.466283
212047050659,1.796340,-1.984283,-0.027973,-0.459986,-0.108470,0.288222,15.562414
212147120055,1.059479,-0.978725,-0.041603,-0.362625,-0.048032,0.217412,15.467817
212247189451,0.606064,1.742384,0.007477,-0.232655,-0.008335,0.138048,15.374022
212347258848,0.443378,2.084231,-0.476617,-0.107579,-0.033516,0.106566,15.344053
212447328244,-0.906420,1.669599,0.062816,0.108000,-0.034966,0.013599,15.293026
212547397640,-0.045768,-0.115557,0.129031,0.170888,-0.008454,-0.050906,15.445699
212647467036,1.050406,-0.745682,-0.598054,0.190586,0.022378,-0.078222,15.504040
212747536433,0.696560,-0.347362,-0.408906,0.214948,0.017221,-0.065483,15.351906
212847605829,0.346774,-0.507358,-0.045852,0.099847,-0.000195,0.037146,15.305955
212947675225,0.079482,0.463905,0.146961,0.010463,-0.001079,0.076923,15.262676
213047744621,0.336063,1.557657,0.409305,0.049413,0.017777,-0.005825,15.146570
213147814018,0.610937,1.073408,0.333543,0.098948,0.014678,-0.035182,15.162768
213247883414,-0.419444,0.860361,0.366611,0.040983,-0.002593,-0.007428,15.148651
213347952810,-0.913915,1.256926,0.559824,-0.073396,0.022894,-0.013065,15.056807
213448022206,-0.394243,1.396675,0.329531,-0.039380,0.026913,-0.048111,14.998054
213548091603,-0.255975,1.979190,0.077987,0.008383,0.015707,-0.090641,14.963145
213648160999,0.519920,0.802265,-0.251772,-0.094784,-0.027170,0.004818,14.941025
213748230395,0.704461,-0.036533,-0.555483,-0.069245,-0.099598,0.062048,14.900310
213848299791,-0.526400,-0.408096,-0.521157,0.043112,-0.065825,-0.010860,14.829652
213948369188,-0.882801,-1.006061,0.064969,0.118041,0.045380,-0.053105,14.773856
214048438584,-0.873085,0.189116,-0.020719,0.052086,0.061775,-0.031694,14.848457
214148507980,-0.619749,0.615762,-0.274102,-0.023807,0.019364,-0.020785,14.805140
214248577376,-0.940009,0.792345,-0.149812,-0.112083,0.025598,0.005755,14.733040
214348646773,-1.176279,1.894155,-0.035117,-0.280222,0.021979,0.044897,14.781052
214448716169,-1.152733,1.416317,-0.068298,-0.321207,-0.041133,0.124939,14.752073
214548785565,-0.967573,2.329983,0.442420,-0.197117,-0.081700,0.172719,14.812398
214648854961,-0.181236,1.140055,0.463403,0.019557,-0.000504,-0.007632,14.878668
214748924358,-1.115526,0.085027,0.075834,0.158048,0.068672,-0.136286,14.874616
214848993754,-0.360771,0.975672,0.198876,0.226562,0.070412,-0.124434,14.860263
214949063150,0.104914,-0.700050,-0.156764,0.192150,0.045264,-0.133010,14.919040
215049132546,-0.646128,-1.431148,-0.628987,0.123035,0.009879,-0.082248,15.014088
215149201943,0.596810,-1.584098,-1.224569,0.087110,0.013340,-0.005617,15.014773
215249271339,0.593219,-0.531717,-0.764524,-0.004697,-0.002921,-0.015480,15.031937
215349340735,-0.624187,0.229401,0.323927,-0.015956,-0.018231,-0.014169,15.055761
215449410131,-1.228045,-0.070207,0.963258,-0.142367,0.059316,-0.022670,15.060313
215549479528,-0.174286,1.073761,0.714567,-0.216045,0.108632,-0.061413,15.101315
215649548924,0.868302,0.192892,-0.687962,0.013750,0.050906,-0.042845,15.128413
215749618320,0.968588,-0.280010,-0.418125,0.133099,-0.034859,-0.038186,15.119563
215849687716,1.119469,1.204407,0.227587,0.075873,-0.038179,-0.002239,15.136738
215949757113,1.258904,-0.494403,-0.431099,-0.040663,0.039999,0.058940,15.179399
216049826509,0.921446,-0.704481,-0.148546,-0.209609,-0.009253,0.120709,15.182522
216149895905,0.406266,-0.842681,0.169136,-0.238084,-0.055334,0.164899,15.209929
216249965301,0.296983,-1.143293,0.195541,-0.210987,0.010285,0.102589,15.174493
216350034698,0.444203,0.625303,0.075199,-0.126439,0.015394,0.047710,15.135994
216450104094,0.188520,0.614106,-0.448148,0.033017,-0.035270,0.035720,15.130897
216550173490,-0.115101,0.472768,-0.145596,0.091189,-0.061239,-0.015627,15.101969
216650242886,0.335179,0.348614,0.468865,0.080593,-0.041466,-0.034055,15.080837
216750312283,0.518573,-0.505042,0.379253,-0.013105,-0.020622,-0.007945,15.032931
216850381679,0.634197,-0.124255,0.005173,-0.063234,-0.014214,0.014043,15.005498
216950451075,1.028651,-0.821330,-0.556902,-0.004066,-0.039264,0.007192,14.962179
217050520471,1.264527,-0.700777,-0.519145,0.082980,-0.039850,0.001716,14.913893
217150589868,0.580768,0.628706,-0.180681,0.118126,-0.001807,-0.047501,14.914180
217250659264,-0.178556,0.900517,-0.001112,0.125199,0.030984,-0.084428,14.905696
217350728660,-0.056628,1.105082,0.084998,0.131626,0.072513,-0.089693,14.923610
217450798056,0.528546,-0.414229,0.135892,0.141236,0.076471,-0.101638,14.917368
217550867453,0.717279,-0.909312,-0.038453,0.155989,0.014284,-0.077544,14.839958
217650936849,1.378299,-0.457662,-0.241526,0.041932,-0.067065,0.012081,14.793801
217751006245,1.153953,-0.530798,-0.526521,-0.143679,-0.091423,0.107029,14.781944
217851075641,-0.720106,0.583790,-0.261400,-0.201425,-0.068401,0.095583,14.809610
217951145038,-0.271427,0.936337,0.177041,-0.124138,-0.035571,0.071129,14.790507
218051214434,0.460099,0.209907,-0.037001,-0.094328,0.028521,0.064419,14.740258
218151283830,0.377017,-0.934781,-0.173788,-0.061295,0.018720,0.020597,14.709814
218251353226,-0.124051,-0.833444,-0.046759,-0.001093,-0.019139,0.016804,14.703349
218351422623,-0.524032,0.159891,-0.083380,-0.027093,-0.012224,0.054134,14.717889
218451492019,-0.594426,0.097591,-0.116456,-0.004512,-0.022613,0.020702,14.726242
218551561415,-1.150127,-0.619816,-0.006171,0.076381,-0.024289,-0.039336,14.740729
218651630811,-1.444497,-0.748499,-0.011435,0.096154,-0.016576,-0.038127,14.767194
218751700208,-0.528600,-0.428737,0.084183,0.087729,-0.004416,-0.031126,14.796854
218851769604,-0.542589,0.009475,-0.128893,0.121349,0.029331,-0.079957,14.804961
218951839000,-0.605230,-0.287535,-0.361081,0.165186,0.063073,-0.159522,14.836144
219051908396,-0.888459,0.148735,-0.021475,0.184862,0.079642,-0.182178,14.882693
219151977793,-0.198564,-0.298326,0.076320,0.241925,0.114130,-0.190267,14.928232
219252047189,0.300766,0.080332,0.150263,0.217257,0.112559,-0.209006,14.967533
219352116585,0.018323,-0.166636,0.160492,0.146427,0.053046,-0.163394,14.989492
219452185981,-0.494196,-1.229960,-0.025043,0.146127,0.063435,-0.091825,15.049577
219552255378,-1.101344,-1.739212,-0.195826,0.115102,0.074161,-0.100123,15.099645
219652324774,-0.410387,-1.106315,-0.421037,-0.007721,0.035371,-0.064180,15.142696
219752394170,-0.586571,1.016351,-0.206303,-0.112144,-0.000518,0.062933,15.210511
219852463566,-0.192558,-0.518825,-0.106843,-0.198360,-0.072749,0.104944,15.241020
219952532963,0.234973,-1.072501,0.278588,-0.283633,-0.084324,0.128349,15.298126
220052602359,0.402805,-0.496876,0.515549,-0.164579,-0.002919,0.099044,15.344213
220152671755,-0.335879,-0.466699,-0.418408,-0.031169,-0.061196,0.047848,15.398963
220252741151,-0.809589,-0.105961,-0.174128,0.081884,-0.080374,0.051986,15.474652
220352810548,-0.084639,-0.127422,0.314288,0.131355,0.016221,-0.044956,15.509230
220452879944,-0.222391,0.457143,0.216533,0.129179,0.015487,-0.073131,15.551028
220552949340,-1.281546,-0.196894,-0.024963,0.037616,-0.036017,0.021650,15.642690
220653018736,-1.826540,1.206850,0.343718,-0.176823,-0.021447,0.108074,15.711126
220753088133,-1.129017,1.508639,0.404439,-0.305615,-0.048277,0.104803,15.733272
220853157529,-0.282227,-0.892987,-0.399167,-0.208147,-0.061488,0.089447,15.763605
220953226925,-0.570414,-0.804763,-0.363933,-0.092483,-0.018117,0.058215,15.877435
221053296321,-0.746805,-0.327652,-0.136305,-0.139586,-0.046080,0.053081,15.904430
221153365718,-0.557020,0.298203,0.068632,-0.201169,-0.079327,0.207374,15.916501
221253435114,-0.184870,-0.985696,-0.412331,-0.079069,-0.039725,0.106450,15.979514
221353504510,0.592736,-0.262078,0.010237,0.106337,0.071472,-0.106353,16.004243
221453573907,-0.049105,1.250795,0.722310,0.219589,0.094008,-0.059987,16.103635
221553643303,-0.949362,0.746361,0.408881,0.247613,-0.000874,-0.045162,16.143329
221653712699,0.100493,0.949702,0.219568,0.105946,0.016686,-0.074880,16.144542
221753782095,0.492905,-0.694632,-0.287713,-0.055436,0.009037,-0.005272,16.231849
221853851492,-0.821129,0.635333,0.229993,-0.243847,-0.076551,0.172775,16.260168
221953920888,-1.804841,1.718837,0.157978,-0.179728,0.001476,0.193727,16.380731
222053990284,0.240611,-1.561978,0.081267,0.131112,0.107794,-0.022599,16.510643
222154059680,1.522860,-1.757382,0.837809,0.240865,0.083924,-0.095699,16.375248
222254129077,0.832901,-0.299352,0.588569,0.085972,0.016843,-0.036125,16.246972
222354198473,-0.399586,1.083326,0.071258,-0.004076,0.056575,-0.021529,16.329334
222454267869,-0.621098,1.492796,-0.151197,0.091343,0.131657,-0.132868,16.379016
222554337265,-1.011990,2.579622,0.629262,0.232283,0.108521,-0.210699,16.308095
222654406662,-0.135484,0.553892,0.677175,0.293143,0.106756,-0.156792,16.325958
222754476058,-1.058388,-0.684959,-0.641059,0.252584,0.159405,-0.282498,16.372177
222854545454,-0.912092,-0.369189,-0.956318,0.330883,0.124233,-0.306058,16.324798
222954614850,-0.388598,2.374142,0.554705,0.547373,0.077380,-0.334379,16.347070
223054684247,-0.672459,2.374548,0.595431,0.626017,0.142472,-0.436133,16.320009
223154753643,-0.787073,2.322223,0.328989,0.527600,0.141487,-0.364505,16.301356
223254823039,0.038012,0.276636,0.009953,0.455003,0.070711,-0.299480,16.370340
223354892435,0.242577,1.568418,0.475387,0.315276,0.127077,-0.201876,16.358520
223454961832,-0.205048,-0.056968,0.334471,0.098979,0.135703,-0.106210,16.337479
223555031228,0.255840,-2.388922,-0.378056,-0.202913,-0.016667,0.044197,16.292609
223655100624,-0.222667,-2.790304,-1.125549,-0.443176,-0.094492,0.235843,16.284245
223755170020,-0.489230,-1.813932,-1.194024,-0.514386,-0.083893,0.244353,16.321331
223855239417,-0.214709,0.537697,-0.551305,-0.448476,-0.053001,0.169407,16.324219
223955308813,0.457279,-1.006824,-0.430312,-0.331422,0.019816,0.171431,16.302828
224055378209,-0.238717,-1.491089,-0.550973,-0.217979,0.074914,0.153303,16.315129
224155447605,-0.291261,-0.017033,-0.541917,-0.084841,0.042327,0.010818,16.352501
224255517002,-0.381473,1.219080,-0.237632,-0.103891,-0.073116,0.023989,16.306090
224355586398,0.600692,-0.331553,0.518591,-0.081591,0.017363,0.034517,16.286219
224455655794,0.823347,1.227836,0.690963,-0.011235,0.063980,-0.060959,16.357527
224555725190,-0.201093,2.110084,-0.057288,0.144192,0.016631,-0.090368,16.408089
224655794587,-1.359920,1.342992,-0.061552,0.241694,0.035145,-0.140927,16.378973
224755863983,-0.507638,0.019117,0.159770,0.185299,0.056250,-0.170390,16.329336
224855933379,0.426995,-1.571183,-0.150125,0.205792,0.064040,-0.128719,16.333466
224956002775,0.472011,-1.520384,0.079458,0.167092,0.006219,-0.052514,16.328199
225056072172,0.874310,-1.953942,-0.139534,0.067150,0.029789,0.014921,16.300730
225156141568,0.410653,-0.142033,0.565235,-0.092576,0.035359,0.032478,16.253269
225256210964,0.332135,-0.038076,0.601232,-0.189209,-0.045954,0.063564,16.212906
225356280360,0.459979,-0.172584,0.427213,-0.118954,0.001604,0.063670,16.246585
225456349757,-0.222084,0.059943,0.163856,-0.054307,0.078836,-0.031314,16.232244
225556419153,0.324356,-0.312539,-0.333192,0.000269,-0.010632,0.023249,16.191566
225656488549,0.946273,0.821559,0.019331,0.105190,-0.067581,0.115336,16.234972
225756557945,-0.332048,2.459599,-0.076729,0.069836,-0.032281,0.083201,16.240476
225856627342,0.211940,0.113043,-0.566361,-0.154266,0.019021,0.133661,16.226540
225956696738,0.976143,-2.025784,-0.286188,-0.137451,-0.048645,0.116541,16.232786
226056766134,0.806058,-0.610565,0.279989,-0.010819,-0.101672,0.069531,16.141749
226156835530,-0.193304,3.840296,0.780945,-0.291958,-0.075196,0.253981,16.123102
226256904927,-0.803508,3.944910,0.841460,-0.700131,-0.111264,0.445239,16.101361
226356974323,-1.784292,5.181079,0.730295,-0.910367,-0.210328,0.507069,16.089030
226457043719,0.129500,0.149066,-0.014699,-0.809133,-0.183612,0.449034,16.059697
226557113115,0.500457,-0.078247,0.171406,-0.431109,-0.068730,0.222918,16.065214
226657182512,0.368733,0.100950,0.825585,-0.149061,-0.067508,0.072978,16.081733
226757251908,0.428608,-1.331163,-0.622564,-0.042041,-0.134372,0.034904,16.026866
226857321304,0.263956,-2.099867,-1.370328,0.193952,-0.059558,-0.036843,15.998977
226957390700,0.533255,-0.942147,-0.865594,0.341069,0.062853,-0.151694,15.993618
227057460097,-0.245645,1.799320,0.199026,0.297468,0.039469,-0.100966,15.931074
227157529493,-0.142113,0.954511,0.615936,0.096220,-0.049052,0.033098,15.921169
227257598889,1.118838,-1.756735,-0.431214,-0.013149,-0.038548,-0.031579,15.924200
227357668285,1.089412,-0.606824,-0.438352,0.095385,-0.048809,-0.084137,15.855866
227457737682,0.789427,1.060588,0.071833,-0.015028,-0.036318,0.075633,15.796736
227557807078,0.268745,1.335596,-0.246592,-0.065252,0.023230,0.081311,15.822409
227657876474,-0.059855,0.760381,-0.334099,0.037039,0.043712,-0.034305,15.763361
227757945870,-0.189305,0.012022,-0.475540,0.033111,0.051097,0.001452,15.745889
227858015267,0.489440,-0.428458,0.099574,-0.005615,-0.035735,0.078700,15.761467
227958084663,0.158832,0.346378,0.926851,0.014053,-0.015615,0.012506,15.681742
228058154059,0.084639,-0.320081,0.335784,-0.051384,0.060949,-0.039035,15.634535
228158223455,0.814318,-0.547927,-0.210387,0.021981,0.064139,0.047424,15.595376
228258292852,0.941468,0.109934,0.090152,-0.041013,0.039395,-0.021397,15.594957
228358362248,-0.018971,1.667421,0.465970,-0.124095,0.017923,-0.105995,15.620188
228458431644,-0.926086,2.347707,0.449495,0.069753,-0.027179,-0.016139,15.531047
228558501040,0.045219,0.683759,0.425260,0.083615,-0.039258,-0.033092,15.509526
228658570437,0.435918,-0.420761,0.325715,-0.007060,0.024550,-0.001489,15.505969
228758639833,-0.976309,-1.530859,-0.570630,-0.046816,0.057442,0.078847,15.418236
228858709229,-1.136899,-0.393343,0.126832,-0.138654,0.014639,-0.000934,15.391502
228958778625,-0.041211,-0.594680,0.343101,-0.185836,-0.055685,0.004006,15.440462
229058848022,-0.099806,-1.080360,0.057639,-0.082211,-0.028361,0.030941,15.443716
229158917418,-0.519535,0.685321,-0.127697,0.073741,0.018906,-0.081767,15.484518
229258986814,-0.823217,1.021039,-0.234690,0.051734,0.041390,-0.085856,15.479649
229359056210,-0.428192,0.152569,-0.302143,0.001066,-0.013006,0.001896,15.535177
229459125607,0.403189,-0.877354,-0.490378,0.088750,-0.011384,-0.042053,15.599763
229559195003,-0.724683,0.399639,0.617114,0.026098,0.012324,-0.058468,15.664553
229659264399,-1.165378,1.097275,1.255272,-0.133852,-0.005286,-0.026322,15.727687
229759333795,-1.108270,-0.841915,1.179305,-0.063003,-0.021424,0.087015,15.752657
229859403192,-0.060725,2.251990,1.575704,-0.139118,-0.019195,0.142301,15.849105
229959472588,0.158201,1.735979,0.414621,-0.452974,-0.068252,0.185531,15.870682
230059541984,-0.515645,1.968496,-0.227450,-0.475783,-0.095297,0.195014,15.947591
230159611380,-0.941279,1.892641,0.804450,-0.050033,-0.049567,0.017985,16.070547
230259680777,-0.509489,0.798014,0.711225,0.120328,0.034411,-0.078673,16.169936
230359750173,-0.690350,2.234011,0.626468,0.166409,-0.008388,0.017357,16.216043
230459819569,-1.202152,0.555619,0.123540,0.092806,-0.058373,0.049444,16.227028
230559888965,-1.716038,1.983333,0.178957,-0.285109,-0.088421,0.202261,16.257510
230659958362,-1.736741,2.081281,-0.150390,-0.438240,-0.124836,0.262395,16.338677
230760027758,-0.917306,-2.385843,-0.999982,-0.368853,-0.049948,0.199037,16.472653
230860097154,-0.451538,-0.295279,-0.318621,-0.190003,0.017284,0.091617,16.587143
230960166551,-0.103904,-2.894244,-0.798854,0.214230,0.065311,-0.161325,16.569407
231060235947,0.084852,-1.172056,0.081118,0.488812,0.200829,-0.354670,16.668918
231160305343,3.770874,-4.758606,-0.654403,0.827624,0.269532,-0.570183,16.738791
231260374739,1.566625,0.598863,-0.728775,1.172811,0.236767,-0.825941,16.806946
231360444136,-1.044870,6.804151,0.142652,1.315010,0.272874,-0.840524,16.933708
231460513532,-0.560504,8.985478,1.110230,1.190386,0.307615,-0.746521,16.986147
231560582928,-0.940573,4.628587,0.464740,0.789868,0.092100,-0.460134,17.060410
231660652324,0.418423,-5.725787,-0.738337,0.406829,0.018541,-0.130233,17.136765
231760721721,0.326967,-3.370695,-0.224472,-0.210798,-0.037468,0.210450,17.218014
231860791117,0.482732,-5.384621,-0.195783,-0.739740,-0.131329,0.403230,17.237961
231960860513,-0.088005,-1.503420,0.300100,-0.955004,-0.161985,0.528086,17.349764
232060929909,0.245140,-3.835991,-1.041569,-1.075997,-0.204303,0.547917,17.515302
232160999306,1.545550,-3.178759,-0.448582,-0.695802,-0.045203,0.144151,17.493073
232261068702,-2.507367,8.057235,0.119415,-0.198278,0.188943,-0.216718,17.556357
232361138098,-4.142212,10.189128,-0.114583,0.217726,0.216883,-0.439261,17.676287
232461207494,-2.966261,6.072524,1.285631,0.379180,0.104766,-0.468547,17.702694
232561276891,-0.412015,-4.409865,-0.163047,0.628148,0.122168,-0.398495,17.813362
232661346287,-0.369222,-2.863507,-0.382804,0.815942,0.127680,-0.430381,17.799115
232761415683,0.412129,-2.791757,-0.293159,0.714291,0.122016,-0.396278,17.827229
232861485079,-0.045124,-1.524829,-0.186009,0.354808,0.133884,-0.277488,17.990245
232961554476,0.012379,-1.508928,-0.067842,0.105033,0.112483,-0.163859,18.079663
233061623872,0.814444,-0.920401,0.182017,-0.065101,-0.009437,-0.005826,18.141928
233161693268,-0.673494,1.557262,-0.147511,-0.206256,-0.132102,0.119351,18.158146
233261762664,-1.085066,1.502208,-0.597732,-0.268695,-0.122652,0.175173,18.204475
233361832061,0.729832,-0.027985,-0.745833,-0.142437,-0.090152,0.135644,18.282858
233461901457,1.263246,-0.917055,-0.469193,-0.014022,-0.080255,0.083666,18.354019
233561970853,0.541242,-0.943214,0.418920,-0.085346,-0.069364,0.120786,18.397809
233662040249,-0.282929,-0.663542,0.167461,-0.212291,-0.070238,0.137748,18.400645
233762109646,-0.306679,2.939200,0.660662,-0.399140,-0.104053,0.185463,18.411639
233862179042,0.344955,2.186939,0.630990,-0.469342,-0.083093,0.191643,18.483290
233962248438,-0.158517,1.842307,-0.050217,-0.431075,-0.074797,0.170649,18.508661
234062317834,0.720919,-1.898746,0.135795,-0.237924,-0.059180,0.092403,18.517210
234162387231,0.892812,-2.449498,0.173135,-0.029648,-0.026681,0.062749,18.591238
234262456627,1.424655,-3.678712,0.069061,0.137090,0.025943,-0.119496,18.630000
234362526023,0.847146,-1.097006,-0.035479,0.305565,0.107253,-0.280256,18.570600
234462595419,1.374298,-2.581007,0.326760,0.392161,0.174549,-0.354250,18.527523
234562664816,-1.431196,3.330391,0.694838,0.398095,0.210819,-0.415205,18.560654
234662734212,-1.769107,2.097772,-0.006547,0.665347,0.253924,-0.479718,18.551688
234762803608,-2.052834,5.019669,0.601157,0.922727,0.272516,-0.551552,18.566900
234862873004,-0.313656,0.542703,0.027534,0.818516,0.235701,-0.574620,18.560573
234962942401,1.450165,-4.996902,-1.030262,0.770273,0.214690,-0.500484,18.519124
235063011797,2.313757,-5.402221,-0.767147,0.475337,0.203341,-0.280237,18.507039
235163081193,1.011871,-4.195008,-0.826099,0.052594,0.179067,-0.117331,18.572671
235263150589,-0.186036,2.130076,0.523546,-0.381151,-0.016045,0.166418,18.651750
235363219986,0.496761,-0.365574,0.899363,-0.546464,-0.153215,0.418545,18.663467
235463289382,0.060463,2.126014,0.312292,-0.629314,-0.213343,0.411918,18.697249
235563358778,-0.353352,1.830287,-0.267973,-0.595624,-0.174080,0.311930,18.733783
235663428174,-0.896534,4.786141,0.613460,-0.558863,-0.124859,0.332935,18.801896
235763497571,0.865822,-2.628560,0.282446,-0.473424,-0.055457,0.294251,18.831829
235863566967,1.256153,-3.330659,0.049035,0.009612,0.021275,-0.010050,18.827123
235963636363,-0.739264,5.399951,0.209017,0.500925,0.089376,-0.301116,18.853333
236063705759,-1.510968,5.724915,0.044862,0.698759,0.134245,-0.402242,18.866411
236163775156,-0.932337,6.265235,0.144064,0.894783,0.202949,-0.481975,18.845159
236263844552,1.329631,-1.419180,-0.810499,0.991778,0.231386,-0.574101,18.830165
236363913948,0.606070,2.754927,-0.353707,0.896806,0.158068,-0.575108,18.888774
236463983344,1.335511,-2.941138,-0.613021,0.597604,0.117921,-0.415746,18.831524
236564052741,2.648392,-5.941072,-0.390511,-0.193004,-0.018227,0.119607,18.787117
236664122137,2.511122,-8.275165,-0.468797,-0.753318,-0.154450,0.526023,18.787905
236764191533,1.283047,-6.408833,-1.108952,-1.105486,-0.223068,0.728154,18.811074
236864260929,-0.430771,3.842059,1.524269,-1.033093,-0.177173,0.609154,18.758776
236964330326,0.440851,-0.440279,0.031932,-0.696760,-0.066291,0.294626,18.657614
237064399722,1.199145,4.262496,0.632707,-0.192678,0.040145,-0.000460,18.719260
237164469118,1.778557,-0.127768,0.209946,0.228506,0.040241,-0.149811,18.742075
237264538514,0.084818,4.060857,1.120056,0.536520,0.062254,-0.275124,18.636618
237364607911,0.031469,0.243835,0.144584,0.754022,0.124593,-0.356751,18.705606
237464677307,0.527340,-4.238835,-1.036355,0.808450,0.137798,-0.459411,18.645856
237564746703,1.979312,-5.604492,-0.828579,0.755093,0.166287,-0.448145,18.640824
237664816099,0.936904,-1.890719,-0.196125,0.655144,0.198910,-0.396258,18.539606
237764885496,-0.419344,3.260880,0.862604,0.510824,0.180575,-0.315327,18.573172
237864954892,-0.432910,3.081034,0.248506,0.369612,0.140917,-0.253421,18.556954
237965024288,0.151284,1.832406,-0.136027,0.308624,0.128479,-0.190309,18.624235
238065093684,1.019709,-3.018626,-0.039759,0.243745,0.066999,-0.166959,18.624083
238165163081,1.198421,-1.739852,-0.562126,0.019974,-0.053335,0.033490,18.578032
238265232477,1.607945,-2.638631,-0.110493,-0.223656,-0.143494,0.204330,18.592107
238365301873,0.051492,0.354033,0.751988,-0.292076,-0.150548,0.248996,18.616405
238465371269,0.766178,1.492972,1.313242,-0.224491,-0.096305,0.182993,18.592912
238565440666,0.177471,1.404344,-0.154786,-0.111741,-0.096293,0.202432,18.522592
238665510062,0.847083,-2.980465,-0.898071,-0.037085,-0.134984,0.231133,18.549027
238765579458,-0.348183,-0.368683,-0.668873,-0.260458,-0.106786,0.204015,18.739272
238865648854,1.172670,2.107446,-0.903981,-0.446312,-0.181288,0.260999,18.722133
238965718251,-0.249959,3.854811,-0.719419,-0.430336,-0.192142,0.319729,18.802333
239065787647,-0.054756,1.913414,-0.661202,-0.346975,-0.156509,0.218046,18.907579
239165857043,0.934144,2.146152,-0.181213,-0.210036,-0.003207,0.033457,18.988675
239265926439,0.216467,0.671873,-0.684795,-0.033784,0.063296,-0.050593,18.839081
239365995836,1.227096,-1.797595,-0.645566,0.125985,0.068435,-0.123430,18.580010
239466065232,0.873074,-1.454863,-0.531749,0.225923,0.075868,-0.170807,18.476465
239566134628,1.004367,-0.423507,-0.252371,0.199340,0.087177,-0.181318,18.523159
239666204024,0.890289,0.774943,-0.282229,0.165409,-0.002049,-0.172609,18.582472
239766273421,-0.221758,2.266965,-0.369440,0.105005,-0.033464,-0.123992,18.643711
239866342817,0.764637,-0.564355,-0.113308,0.184122,-0.009305,-0.073974,18.587333
239966412213,1.140950,-2.441077,0.107127,0.280248,0.048615,-0.124361,18.505068
240066481609,1.672764,-1.943840,0.112345,0.369256,0.107266,-0.200359,18.523224
240166551006,2.177579,-1.833458,-0.635661,0.376714,0.103388,-0.212364,18.479832
240266620402,0.621310,1.188384,-0.436450,0.274937,0.039666,-0.174298,18.436767
240366689798,0.014784,0.390547,-1.198510,0.264472,0.029097,-0.132366,18.412957
240466759194,-1.180045,5.156550,-1.098022,0.192159,0.061464,-0.011357,18.434672
240566828591,1.328383,0.289378,1.125158,-0.123825,0.066797,0.187084,18.438676
240666897987,0.417209,5.917019,1.552175,-0.674295,-0.102899,0.341306,18.328063
240766967383,0.747194,0.503309,-0.063833,-1.052417,-0.198925,0.514729,18.279459
240867036780,2.184491,-5.418353,-1.433667,-1.056131,-0.261795,0.644053,18.217426
240967106176,2.483265,-5.958493,-1.166387,-0.987755,-0.263113,0.661210,18.204192
241067175572,1.775966,-4.087291,-1.095038,-0.707113,-0.227928,0.465400,18.235821
241167244968,0.207907,3.709915,0.128086,-0.363788,-0.180913,0.314509,18.234243
241267314365,1.012468,-0.041293,0.698854,0.143915,0.057578,0.014854,18.191033
241367383761,0.120185,0.854648,-0.367660,0.438402,0.164853,-0.206337,18.172307
241467453157,-0.646029,2.998847,-0.228876,0.365778,0.076907,-0.184957,18.198364
241567522553,-0.838265,-0.255568,-0.180244,0.059330,-0.042947,-0.026217,18.146214
241667591950,-1.138097,2.042633,0.011720,-0.322649,-0.131981,0.166917,18.113686
241767661346,-0.401614,-0.357673,-0.135776,-0.416595,-0.112031,0.246421,18.119070
241867730742,0.211495,-1.929695,-0.042289,-0.319798,-0.102133,0.170767,18.140194
241967800138,2.010120,-2.047461,-0.346107,-0.208397,-0.120187,0.165249,18.107644
242067869535,0.963816,0.607133,-0.516119,-0.187015,-0.080072,0.174653,18.107097
242167938931,-0.643906,2.267747,-0.000963,-0.172032,-0.122670,0.127588,18.158762
242268008327,-0.095046,3.052703,0.455018,-0.090823,-0.126953,0.073107,18.091234
242368077723,0.346922,1.854463,-0.167005,0.031733,-0.025062,0.059744,18.036384
242468147120,1.029982,-1.859153,-0.355844,0.324124,0.059237,-0.124096,18.061423
242568216516,1.715548,-2.073167,-0.317638,0.433476,0.070587,-0.197512,18.030254
242668285912,1.339021,-1.574738,-0.663200,0.202555,0.025892,-0.080403,18.010406
242768355308,1.363476,-2.370159,-0.753267,-0.090838,-0.071261,0.078485,17.989845
242868424705,1.555653,-2.798078,-0.893735,-0.293952,-0.135773,0.147133,17.953961
242968494101,0.829238,0.569753,-0.655148,-0.454958,-0.111769,0.213229,17.945369
243068563497,0.871918,2.771864,-0.324233,-0.471933,-0.064141,0.237874,17.916091
243168632893,1.752855,-0.811079,-0.826625,-0.259421,-0.023435,0.133572,17.884214
243268702290,0.420928,0.371427,-0.843049,-0.036520,0.061957,0.013237,17.807981
243368771686,0.046598,0.529102,-0.329244,0.147432,0.032087,-0.052603,17.816870
243468841082,0.609104,-1.161211,-0.155165,0.157609,0.042336,-0.082964,17.799815
243568910478,0.503367,-1.616227,-0.022258,0.262806,0.086142,-0.136869,17.776998
243668979875,1.245406,-1.394379,-0.224818,0.353616,0.122835,-0.230338,17.840186
243769049271,-2.001711,1.303011,0.529817,0.222555,0.078002,-0.268120,17.792703
243869118667,-1.593645,0.473461,-0.767288,0.002358,0.077647,-0.148701,17.784359
243969188063,0.594677,-3.210167,-0.766328,-0.203004,0.032061,0.003459,17.797456
244069257460,-0.290468,1.084346,-0.505498,-0.101318,0.016487,0.034020,17.766890
244169326856,-0.975817,1.852852,0.159226,0.059897,0.069841,-0.107377,17.854928
244269396252,-1.900457,6.787017,0.622602,0.161542,0.048055,-0.175595,17.788966
244369465648,0.602816,-1.383195,0.154720,0.317443,0.103758,-0.348013,17.746175
244469535045,-0.397710,2.738879,-0.975546,0.425134,0.129482,-0.361928,17.819969
244569604441,1.491473,-3.436965,-0.836761,0.657154,0.142062,-0.500067,17.764106
244669673837,-0.528532,-2.225183,-1.284568,0.695034,0.085749,-0.434315,17.776238
244769743233,-0.056606,0.365070,-0.851943,0.265386,0.000643,-0.066211,17.911776
244869812630,1.699705,1.614131,-0.846977,-0.060431,-0.010129,0.012965,17.813729
244969882026,-0.120608,-2.393005,-0.876485,0.348992,0.120347,-0.318008,17.757765
245069951422,-1.210728,4.030087,0.872536,0.653956,0.270355,-0.422793,17.794532
245170020818,0.991360,0.193719,0.452000,0.632208,0.214656,-0.397070,17.764931
245270090215,2.488250,-4.425643,-1.731077,0.508581,0.102822,-0.271482,17.822432
245370159611,2.325722,-4.229815,-2.137221,0.164571,-0.038581,-0.095998,17.877412
245470229007,1.020220,-2.899035,-1.075532,-0.220121,-0.104408,0.051444,17.800524
245570298403,1.577435,1.282462,0.909959,-0.259456,0.032924,0.108642,17.801967
245670367800,2.985021,1.118302,0.848767,-0.250001,0.051174,0.067710,17.738501
245770437196,0.942677,2.805552,0.799541,-0.330974,-0.047702,0.242673,17.673303
245870506592,0.532692,0.515482,-0.187181,-0.346283,-0.093861,0.212889,17.553457
245970575988,0.727531,1.135709,-0.276881,-0.247745,-0.092083,0.135691,17.437725
246070645385,1.343387,0.244635,-0.602289,-0.215640,-0.108259,0.122232,17.470851
246170714781,-0.011678,1.838353,0.422426,-0.218150,-0.078755,0.089026,17.464534
246270784177,-0.630820,0.875757,0.829055,-0.106790,-0.042086,0.011628,17.300891
246370853573,1.264546,4.592522,0.648846,0.043683,-0.121600,-0.085621,17.193621
246470922970,0.561327,2.466548,0.410407,0.388101,0.058459,-0.211409,17.092060
246570992366,0.505242,-2.425608,-0.903993,0.528648,0.075571,-0.332302,17.039519
246671061762,-0.189584,-1.850968,-0.350773,0.601890,0.096147,-0.371275,17.004901
246771131158,1.331902,-2.622456,0.320144,0.453318,0.152449,-0.317352,16.997445
246871200555,0.946061,1.715012,0.646381,0.308708,0.071167,-0.216759,16.986824
246971269951,0.961558,-0.769130,0.336314,0.100170,-0.026906,-0.106548,16.860786
247071339347,-0.132247,1.030208,0.394448,-0.127824,0.007845,0.158269,16.825618
247171408743,-0.088730,0.540527,-0.157882,-0.185500,-0.027429,0.175070,16.866815
247271478140,-0.904612,1.875537,-0.191603,-0.239181,-0.092867,0.238232,16.839614
247371547536,0.340044,-0.705015,-0.036331,-0.229413,-0.089080,0.283722,16.842334
247471616932,-0.640799,-0.211217,0.203299,-0.368905,-0.057942,0.323722,16.784749
247571686328,-0.747895,2.147960,0.187311,-0.410534,-0.054493,0.284476,16.738180
247671755725,-1.428499,1.562373,-0.150679,-0.212218,-0.092724,0.131824,16.787405
247771825121,-0.093108,1.443055,1.243444,-0.182943,-0.116588,0.147436,16.787056
247871894517,2.101675,-2.285594,0.159784,-0.138891,-0.046824,0.035633,16.755089
247971963913,1.027806,-0.597351,0.432026,0.079631,-0.018095,-0.036444,16.735317
248072033310,0.837748,-1.340010,-0.454956,0.230400,-0.021091,-0.049452,16.790739
248172102706,0.210702,-0.278413,-0.557691,0.108430,0.018227,-0.031703,16.803875
248272172102,0.710441,0.033439,-0.061462,0.064715,0.049681,-0.023715,16.857738
248372241498,0.984104,1.352286,0.373608,0.129466,0.040119,-0.058064,16.857525
248472310895,0.661108,1.181612,-0.136592,0.179973,0.009055,-0.110353,16.826593
248572380291,-0.326932,1.102161,-0.508876,0.091431,0.020537,-0.085421,16.798553
248672449687,0.406854,0.412551,0.113243,0.027955,0.057719,-0.004129,16.841826
248772519083,1.494956,-0.484069,0.659881,0.054366,-0.009551,-0.031722,16.926983
248872588480,1.089533,-0.808460,0.894808,-0.024307,0.027708,0.001144,16.904762
248972657876,0.586235,-0.995131,0.425613,-0.144298,0.062377,0.059755,16.921053
249072727272,-0.025890,1.105398,0.201734,-0.184376,-0.014839,0.028487,16.924596
249172796668,-0.188817,0.812176,0.199721,-0.338729,-0.009455,0.205433,16.938501
249272866065,-0.606395,3.068976,-0.311865,-0.544577,-0.066024,0.322369,16.969693
249372935461,0.182278,-1.057769,-0.420006,-0.491261,-0.123969,0.301753,16.905953
249473004857,0.073413,3.060309,1.055506,-0.317317,-0.104190,0.226623,16.881931
249573074253,0.113769,0.395036,0.960183,-0.036581,0.030234,0.014957,16.897670
249673143650,0.811829,-1.486940,0.491857,0.133128,0.020485,-0.042855,16.852465
249773213046,-0.422660,0.732042,0.555543,0.153082,0.020407,-0.109302,16.822907
249873282442,-0.485776,0.708829,0.609788,0.218867,0.018955,-0.158876,16.754563
249973351838,-0.275587,-0.983091,0.096639,0.354890,0.054490,-0.191130,16.780827
250073421235,0.031433,-1.851990,0.149238,0.390478,0.077382,-0.190989,16.800520
250173490631,-0.580378,1.085117,-0.278443,0.235733,0.086603,-0.173650,16.826833
250273560027,-0.766565,0.043020,-1.339268,0.183068,0.165001,-0.207350,16.818334
250373629424,0.680312,0.985923,-0.090751,0.153274,0.016666,-0.129120,16.771448
250473698820,-0.250207,0.131547,-0.563303,0.031388,-0.087674,0.017988,16.820407
250573768216,-0.030013,-0.798303,-0.365916,-0.405357,-0.099116,0.188251,16.863752
250673837612,0.636873,-2.986232,0.308145,-0.581328,-0.087099,0.329347,16.899005
250773907009,-0.601843,2.051706,-0.199302,-0.449691,-0.140022,0.277062,16.933319
250873976405,-0.901787,-0.654772,-1.288849,-0.385475,-0.182482,0.227852,16.945027
250974045801,0.532874,-2.286586,0.437856,-0.213897,-0.021097,0.091922,16.971204
251074115197,-0.300666,1.415037,0.950515,-0.078489,0.054574,-0.070131,17.034145
251174184594,0.597114,0.389734,0.643142,0.064832,0.133597,-0.024704,17.104160
251274253990,-0.200303,2.291473,0.524928,0.074345,0.115298,-0.043714,17.152471
251374323386,0.382242,-1.669085,0.957513,0.144943,0.210490,-0.200124,17.166772
251474392782,-0.181879,0.860577,-0.041568,0.221568,0.206181,-0.294784,17.172395
251574462179,0.780991,-2.990698,-0.380521,0.471779,0.148263,-0.349652,17.227667
251674531575,0.050747,-1.346844,-0.338198,0.559139,0.101021,-0.347967,17.330994
251774600971,-0.452093,2.984608,-0.309783,0.474277,0.092864,-0.317641,17.408491
251874670367,0.395980,-1.650303,-0.429418,0.393878,0.129317,-0.281760,17.390569
251974739764,1.072785,-4.730115,-0.801639,0.396998,0.080271,-0.243065,17.444079
252074809160,-0.313623,-0.438155,0.381346,0.267972,0.073397,-0.173861,17.477956
252174878556,-0.990822,3.828399,1.112561,-0.070902,0.010462,0.029179,17.484232
252274947952,-0.515715,1.470454,0.097585,-0.226777,-0.065178,0.097578,17.534549
252375017349,-0.447897,1.231324,-0.000043,-0.247898,-0.102196,0.175902,17.653010
252475086745,0.465368,-0.935125,-0.085834,-0.164490,-0.028067,0.052458,17.709470
252575156141,0.532944,-1.542469,-0.339013,-0.078796,-0.013364,0.013925,17.770389
252675225537,0.418678,-1.062330,-0.370475,-0.046847,0.010793,0.082721,17.836116
252775294934,-0.331783,0.979259,0.450447,-0.099766,0.012586,0.117981,17.915945
252875364330,-0.022171,-0.959735,0.111310,-0.037517,-0.013423,0.045479,17.958088
252975433726,-0.506940,-1.217200,0.023538,0.011320,0.042509,-0.076710,17.989935
253075503122,-0.643611,0.347408,0.456450,-0.032396,0.037948,-0.036422,18.051537
253175572519,-0.406866,1.780685,0.213053,-0.154104,-0.016483,0.092177,18.151389
253275641915,-0.712289,1.348951,0.083769,-0.145127,-0.042906,0.102756,18.172803
253375711311,-0.070181,0.817578,0.192244,-0.206092,-0.027518,0.080064,18.224109
253475780707,0.160223,-0.573015,0.202656,-0.207164,-0.014710,0.092763,18.288053
253575850104,0.222489,-0.225876,0.207950,-0.157816,0.010577,0.052472,18.328760
253675919500,1.887075,-3.078434,0.506170,-0.180489,-0.105445,0.104513,18.412864
253775988896,-0.087193,1.035815,-0.443102,0.040057,-0.128296,0.001602,18.467340
253876058292,1.178648,-5.574861,-0.718289,0.544002,0.075172,-0.261469,18.469339
253976127689,-0.299858,1.409769,-0.172960,0.848904,0.146977,-0.470855,18.532499
254076197085,-0.859861,5.813391,1.415332,0.963033,0.191126,-0.531649,18.563004
254176266481,-0.418062,4.974266,1.266691,0.657836,0.158708,-0.362277,18.627760
254276335877,-0.797219,5.316071,1.388284,0.163467,0.051526,-0.083848,18.594994
254376405274,1.350140,-1.214822,0.724540,-0.004780,-0.051492,0.037652,18.559788
254476474670,2.145214,-0.025717,1.202926,-0.189537,0.033195,0.035056,18.553889
254576544066,1.128268,-1.018517,-0.443135,0.005558,0.037058,-0.001672,18.590035
254676613462,0.553786,0.821787,-0.175055,0.202153,-0.015177,-0.051269,18.601111
254776682859,0.483296,-1.699950,-0.795528,0.270530,0.016908,-0.128183,18.522724
254876752255,0.162919,1.015991,-0.267497,0.283283,0.109780,-0.232967,18.509762
254976821651,0.362061,1.227068,-0.204826,0.328903,0.146733,-0.236253,18.527566
255076891047,0.195101,-0.200715,0.056095,0.292764,0.138145,-0.213082,18.436685
255176960444,-0.805890,2.401891,-0.017322,0.264285,0.188604,-0.190259,18.324040
255277029840,1.130430,-1.205855,0.209655,0.292097,0.124119,-0.233495,18.320500
255377099236,1.288570,-1.657697,-0.093327,0.295367,0.100782,-0.224648,18.374703
255477168632,1.377664,-1.180598,0.141787,0.131341,0.037420,-0.054007,18.294786
255577238029,-0.339293,0.340659,0.703032,0.062655,0.069908,-0.058478,18.265443
255677307425,1.446585,-1.371842,1.207687,0.350603,0.112740,-0.182735,18.206160
255777376821,0.833695,4.288055,0.227623,0.159181,0.122613,-0.021776,18.165031
255877446217,0.085000,2.340753,-0.243286,-0.262098,-0.000728,0.201526,18.069638
255977515614,1.366560,-6.505397,-1.962153,-0.785443,-0.220697,0.498178,18.048626
256077585010,-0.922740,-2.217232,-1.844698,-0.698445,-0.219157,0.445291,17.971553
256177654406,-0.401948,-2.740364,-0.284883,-0.218647,-0.014677,0.136561,17.941123
256277723802,-0.130190,-1.455855,1.448327,0.029629,0.120000,-0.063594,17.874551
256377793199,0.411853,-3.049003,0.516682,0.157549,0.034458,-0.115737,17.789123
256477862595,0.950063,-1.171488,-0.086578,0.359770,0.037011,-0.185399,17.730204
256577931991,0.997832,2.518812,0.061194,0.390143,0.034828,-0.191614,17.682304
256678001387,0.325932,-0.050499,-0.530008,0.227501,0.012073,-0.114717,17.688411
256778070784,0.839902,0.184225,-0.707348,0.045323,0.014375,-0.027620,17.733609
256878140180,-0.004568,0.316499,-0.067262,-0.057175,0.010033,0.013584,17.656007
256978209576,1.061725,-0.958613,0.032941,0.088518,0.025601,-0.096166,17.520749
257078278972,-0.093591,-0.384711,0.328615,0.112088,0.045018,-0.109091,17.430421
257178348369,0.363614,-0.431360,0.436058,0.079196,0.016901,-0.033659,17.361439
257278417765,1.058965,-0.229366,-0.466383,0.074623,0.084920,-0.051867,17.313181
257378487161,0.968105,-1.520051,0.209507,0.178044,0.057728,-0.131354,17.286665
257478556557,1.118021,-2.337267,0.020666,0.238545,0.062825,-0.132083,17.263833
257578625954,2.913644,-2.362159,0.047783,0.220074,0.096226,-0.105565,17.148157
257678695350,0.005640,-2.444703,-0.494653,0.259026,0.099623,-0.062172,17.146255
257778764746,1.536903,0.536110,-0.442098,0.086704,-0.028577,-0.019078,17.080813
257878834142,3.271818,-2.354296,-0.516007,-0.044958,-0.062407,0.053344,16.982277
257978903539,-0.789787,0.607221,-0.440005,-0.217728,-0.141340,0.250153,16.937440
258078972935,1.268262,-0.734659,-0.191974,-0.383915,-0.121081,0.339057,16.891625
258179042331,1.030096,2.324158,0.611448,-0.400065,-0.021925,0.316033,16.831929
258279111727,0.294109,-0.321933,0.926362,-0.279311,-0.039596,0.253375,16.819768
258379181124,2.617394,-4.395633,-0.038902,0.043786,-0.034042,0.101821,16.748737
258479250520,1.900861,-2.752019,-0.472415,0.202893,-0.035237,0.011647,16.695878
258579319916,2.907832,-3.600419,0.038172,0.329250,0.087007,-0.142035,16.688487
258679389312,2.007014,0.361476,0.291997,0.430157,0.114182,-0.174525,16.669042
258779458709,2.853488,-2.013410,0.486070,0.452554,0.093353,-0.195128,16.682209
258879528105,0.864991,0.850048,-0.382146,0.450682,0.188419,-0.191254,16.606754
258979597501,0.695369,-0.341902,-0.081805,0.365308,0.052906,-0.131201,16.559800
259079666897,-0.028533,0.953347,-0.537252,0.129416,-0.019834,-0.002232,16.463873
259179736294,0.561353,-0.713135,0.069074,0.002648,0.006841,0.080922,16.466582
259279805690,1.994583,-2.598027,-0.725852,-0.116332,0.003703,0.043767,16.420295
259379875086,-0.050918,-2.972446,-0.243040,-0.155973,-0.044169,0.065651,16.369448
259479944482,2.921208,-3.193442,-0.421329,-0.152805,-0.074462,0.201758,16.330465
259580013879,0.206888,-0.746200,0.562447,-0.140093,0.029756,0.139766,16.298162
259680083275,-1.510746,-1.623580,0.878084,-0.096201,-0.036152,0.077143,16.239890
259780152671,1.322411,-0.296161,-0.316861,-0.038733,0.006393,0.086397,16.190208
259880222068,-0.330851,-1.456178,0.125952,0.082033,-0.035353,-0.027309,16.217211
259980291464,0.817835,-0.827580,0.099951,0.156827,0.042368,-0.043016,16.186634
260080360860,-0.889543,-1.287652,0.299092,0.138128,-0.028470,-0.037131,16.171364
260180430256,0.280029,-0.977012,0.386045,0.119106,-0.031521,-0.041971,16.118614
260280499653,-1.076634,-1.590168,0.459761,0.017353,0.040904,0.017314,16.126907
260380569049,-0.616677,-1.451745,0.996301,0.049419,0.117619,-0.045513,16.079575
260480638445,2.064417,-2.542459,0.081179,0.240903,0.102378,-0.183071,16.032225
260580707841,0.844430,-1.699722,-0.590602,0.343535,0.032611,-0.183281,16.033753
260680777238,-1.138804,0.101529,-0.723786,0.248342,-0.033776,-0.051300,16.044862
260780846634,-0.743747,-0.957680,-0.895101,0.098527,0.082602,-0.030570,16.057499
260880916030,0.774550,-1.348119,-0.701291,0.098485,0.067417,-0.119549,16.122260
260980985426,-0.991089,-1.758806,-0.194562,0.109730,-0.029675,-0.053795,16.140319
261081054823,-1.136479,0.474162,0.598877,-0.112333,-0.009575,0.130068,16.264269
261181124219,0.318235,-1.769068,0.318670,-0.160824,0.003596,0.108817,16.244381
261281193615,-0.320081,-2.108588,-0.144056,-0.062185,-0.007374,0.052986,16.221553
261381263011,-0.867855,-0.833230,0.032288,0.002299,0.021418,0.114215,16.383221
261481332408,-0.518071,0.458932,0.035965,-0.104847,-0.021290,0.039770,16.181858
261581401804,0.485261,-1.481124,-0.592976,-0.174538,-0.056315,0.047927,16.337006
261681471200,-1.291830,0.428985,0.114040,-0.259446,-0.081048,0.217070,16.426641
261781540596,0.971758,-1.785425,-0.489624,-0.242468,-0.105217,0.199559,16.428637
261881609993,0.764589,-1.371621,-0.439909,-0.148939,-0.020201,0.139208,16.462082
261981679389,-1.023356,-1.463450,-0.139068,-0.006698,-0.003018,0.096352,16.494504
262081748785,-0.771250,-0.456433,-0.332053,-0.015741,-0.052653,0.024468,16.730486
262181818181,-1.727640,0.417887,0.093511,-0.045945,-0.051101,0.075967,16.672399
262281887578,-2.194038,-0.588934,-0.004461,0.184697,0.011391,-0.044929,16.759286
262381956974,0.010431,1.097527,0.008351,0.149582,0.033046,0.004921,16.830786
262482026370,-0.655090,0.424210,0.588168,0.067420,0.082091,0.074746,16.740173
262582095766,-0.743571,1.557297,0.779765,-0.061155,-0.006394,0.019622,16.704145
262682165163,-0.854494,0.465311,0.428952,-0.118246,-0.020007,0.052184,16.933456
262782234559,0.475968,0.085012,-0.117672,0.023968,0.024450,0.049981,16.936376
262882303955,1.926050,-1.423285,0.195473,-0.015985,-0.074408,-0.026112,16.956518
262982373351,-1.522218,0.202377,-0.039443,-0.202898,-0.034856,0.135044,17.023920
263082442748,-2.418233,2.870123,0.155142,-0.364833,-0.033819,0.211823,16.994120
263182512144,-0.403646,0.539921,-0.352249,-0.280857,-0.117453,0.125470,17.083098
263282581540,-1.410348,0.657401,0.382322,-0.008954,-0.113418,0.081881,17.201381
263382650936,-0.184276,1.912118,0.110675,0.122665,0.015198,-0.035525,17.204725
263482720333,0.391144,0.195803,-0.424280,0.035167,0.048496,-0.092239,17.277168
263582789729,0.819061,1.053619,-0.460247,-0.097107,-0.057587,0.045355,17.302944
263682859125,-1.351971,1.798660,-0.193223,-0.140147,-0.140576,0.062151,17.350573
263782928521,1.268461,-0.402274,-0.222928,-0.178838,-0.014751,0.130271,17.324295
263882997918,-0.643385,1.450529,0.134268,-0.128410,-0.001242,0.131656,17.325244
263983067314,0.061579,-1.482741,-0.312437,0.025466,0.007363,-0.045078,17.345173
264083136710,0.897046,1.090896,0.646790,0.075477,0.085777,-0.085359,17.307321
264183206106,0.577291,-1.316584,-0.292019,0.223400,0.060797,-0.130757,17.271616
264283275503,-0.608119,0.775208,-0.111982,0.315804,0.050868,-0.168107,17.320240
264383344899,-1.836048,1.224497,0.518329,0.181098,0.044166,-0.100379,17.361902
264483414295,-0.805953,0.657642,0.191023,0.139559,0.013135,-0.082784,17.325422
264583483691,0.309290,-0.349844,-0.585621,0.128995,0.046400,-0.041966,17.331090
264683553088,-0.504482,0.698623,-0.068727,0.168762,-0.031099,-0.008185,17.414193
264783622484,0.234046,0.842933,0.131529,0.126908,0.108047,-0.065740,17.396551
264883691880,-0.146848,1.099868,0.807062,0.148092,0.017429,-0.064498,17.416735
264983761276,-0.840401,-0.221197,0.093494,0.054554,-0.001831,-0.075244,17.446375
265083830673,0.489036,-0.357652,0.122345,-0.048028,-0.047981,0.017335,17.431783
265183900069,-1.797376,1.222649,-0.034210,-0.175056,-0.088085,0.121118,17.468374
265283969465,0.923411,-0.468212,0.136402,-0.157712,-0.043285,0.066719,17.451620
265384038861,1.051320,-1.119706,-0.454603,0.045762,0.013130,0.021281,17.525147
265484108258,-2.405498,0.717431,-0.038087,0.300325,0.026753,-0.074623,17.581120
265584177654,-0.956041,-2.429816,-0.478230,0.305132,0.054359,-0.140926,17.524119
265684247050,1.154401,-1.879077,-0.455695,0.076758,0.067241,0.005468,17.576768
265784316446,0.024576,-2.410183,-0.397334,-0.084136,0.017886,0.101633,17.631984
265884385843,1.145725,-2.906989,-0.170480,-0.327935,-0.036038,0.270814,17.607183
265984455239,-1.387144,2.485498,0.383789,-0.402742,-0.091195,0.285482,17.704803
266084524635,-0.237357,-1.321527,-0.825826,-0.220436,-0.091474,0.095026,17.705340
266184594031,-1.138322,1.323547,0.208631,-0.056682,-0.054886,0.038712,17.773849
266284663428,-0.588211,2.238403,-0.123427,0.200242,0.058060,-0.109042,17.884307
266384732824,-1.198715,0.815736,-0.110179,0.167562,0.058505,-0.200420,17.932542
266484802220,-2.677231,0.516591,-0.010600,0.051152,0.137336,-0.042517,17.953367
266584871616,-2.014446,-1.303966,0.205231,0.087844,0.068323,-0.025307,18.048527
266684941013,0.033017,-0.116977,0.108073,0.043276,0.059689,-0.109061,18.104167
266785010409,-0.584815,0.227097,-0.498250,0.018474,0.114885,-0.032782,18.098360
266885079805,-1.178308,-0.080084,-0.081832,-0.055925,-0.038649,-0.004987,18.186154
266985149201,-0.562823,1.233087,-0.620409,-0.129311,-0.088203,0.127696,18.228435
267085218598,-0.626786,1.336086,0.299217,-0.225431,-0.067550,0.267821,18.296970
267185287994,-0.586540,2.645530,0.125409,-0.305433,-0.080052,0.232347,18.373680
267285357390,-2.773900,1.415957,-0.070654,-0.219093,-0.097276,0.172092,18.455894
267385426786,-1.387157,2.177513,0.122624,-0.127919,-0.048095,0.131831,18.459513
267485496183,-0.581844,-1.569201,-0.300508,0.006117,0.000007,0.007953,18.532390
267585565579,-0.977779,2.065632,-0.165908,0.190196,0.079084,-0.133412,18.628902
267685634975,1.686663,-2.387197,-0.982694,0.410573,0.114388,-0.347574,18.637822
267785704371,0.236483,0.175205,0.193753,0.501897,0.094302,-0.392925,18.775024
267885773768,0.882804,-3.218320,-0.044896,0.484334,0.193039,-0.342582,18.826409
267985843164,-1.088143,1.253555,-0.014260,0.451349,0.111370,-0.318772,18.740022
268085912560,-0.127594,2.420760,0.624537,0.395421,0.162693,-0.269542,18.831436
268185981956,-1.478933,3.489003,0.729994,0.342719,0.055971,-0.213403,18.912659
268286051353,-0.119305,0.765459,0.041119,0.162593,-0.007395,-0.054570,19.132925
268386120749,0.128318,-1.822209,-0.808938,0.168280,0.033510,-0.018135,19.086804
268486190145,0.813545,-1.878870,0.213806,0.078306,0.016699,-0.009049,19.173008
268586259541,0.582618,0.185658,-0.611695,0.030104,0.048105,-0.013078,19.221715
268686328938,-1.548775,1.620868,0.308451,-0.082038,-0.008643,-0.036483,19.142294
268786398334,-1.483003,0.840404,-1.006582,-0.098771,-0.021399,0.117520,19.185048
268886467730,0.048412,1.542233,1.225018,-0.171577,0.059038,0.119371,19.312542
268986537126,-1.216699,-0.367494,-0.227701,-0.118790,0.049853,-0.017852,19.196017
269086606523,-0.920711,0.546019,-0.190281,-0.139858,-0.064632,0.013716,19.181977
269186675919,-0.557000,0.331125,-0.360948,-0.033504,-0.038734,0.001693,19.267083
269286745315,-0.453594,-0.310101,-0.462365,-0.033940,0.013975,-0.071577,19.133497
269386814712,0.445274,-0.506883,-0.378673,0.046708,-0.028709,-0.033944,19.117863
269486884108,0.416592,0.003305,0.208416,-0.012189,0.005575,0.049858,19.101512
269586953504,-0.337961,0.066939,-0.177947,-0.055302,0.051201,0.038009,19.054688
269687022900,0.437498,1.627509,0.199722,-0.056426,0.034296,0.011526,19.100269
269787092297,-0.311094,-1.063992,-0.088765,-0.040273,0.047079,0.014718,19.070557
269887161693,-0.177338,0.562550,-0.231815,0.055704,0.018184,0.016221,19.165236
269987231089,0.410749,-0.137818,-0.643664,0.040574,0.068082,-0.009262,19.114577
270087300485,0.295279,1.672391,0.344666,0.074370,0.041329,-0.006718,19.255108
270187369882,0.814700,0.240534,0.058898,0.180244,0.076676,-0.106021,19.270877
270287439278,1.817783,-0.730101,0.010794,0.238870,0.104925,-0.196320,19.245468
270387508674,0.228711,-0.322934,-0.071003,0.173982,0.000158,-0.142886,19.286671
270487578070,0.552876,-0.166239,-0.142298,0.169882,0.051837,-0.175656,19.171176
270587647467,0.769105,0.878731,-0.374207,0.069496,-0.013349,-0.150261,19.123212
270687716863,-0.542042,0.866105,-0.441442,0.085479,0.054630,-0.138131,19.249733
270787786259,0.125608,0.104577,-0.342137,0.075728,0.005538,-0.052975,19.125891
270887855655,0.015689,0.295040,-0.358385,0.089120,0.059283,-0.088671,18.635107
270987925052,-0.009644,1.319524,0.823990,0.080050,0.057207,-0.157719,18.799582
271087994448,-0.115180,1.030325,0.501237,0.082776,0.035643,-0.096524,19.092406
271188063844,-0.184327,1.364545,0.382647,-0.030677,-0.016711,0.031271,19.247676
271288133240,-0.288661,0.210441,0.454215,-0.042238,-0.011245,0.054264,19.211009
271388202637,-1.074398,0.759734,0.420964,-0.066234,-0.008921,0.015246,19.235740
271488272033,1.530767,0.341241,-0.935248,-0.152326,-0.050571,0.091734,19.135054
271588341429,0.296075,0.822142,-0.628052,-0.148098,-0.018555,0.099777,19.099026
271688410825,-1.640262,-1.099129,-0.647130,-0.193236,-0.058579,0.078421,19.117231
271788480222,-1.007143,0.235678,-0.170091,-0.045773,0.053265,0.006441,19.236007
271888549618,-1.441078,1.154754,-0.342374,-0.011898,0.070291,-0.058047,19.083605
271988619014,0.375777,-1.522568,-0.193746,0.123455,0.027965,-0.159015,19.193150
272088688410,-0.139844,0.104106,-0.235877,0.076526,0.097907,-0.154421,19.148904
272188757807,0.593707,-0.171974,0.725393,0.079011,0.157451,-0.183284,19.285589
272288827203,-0.902846,0.188969,-0.117957,-0.092275,0.044302,-0.041789,19.188414
272388896599,-0.929101,-0.212901,0.129363,-0.180638,-0.060589,0.033667,19.086968
272488965995,-0.775114,-0.893434,-0.287350,-0.315987,-0.041056,0.122480,18.967375
272589035392,0.875156,2.536386,0.315642,-0.332048,-0.067874,0.173478,18.920995
272689104788,0.631574,-0.217117,-0.327598,-0.321243,-0.099681,0.142781,18.913479
272789174184,-1.584390,3.237557,-0.121464,-0.189414,-0.111508,0.163021,18.508056
272889243580,-0.611760,0.937668,-0.050450,-0.066397,-0.050924,-0.003736,17.798486
272989312977,-2.316537,2.812771,0.777076,-0.021775,-0.006191,-0.036001,17.864519
273089382373,0.656967,-0.566038,-0.399478,0.167571,-0.038263,-0.038377,18.565720
273189451769,1.127137,0.327997,-0.020903,0.147740,0.004631,-0.124795,18.895670
273289521165,1.152884,-1.688961,-0.609794,0.323445,0.060176,-0.229863,19.415626
273389590562,0.637914,-0.002201,0.448281,0.384618,0.037952,-0.196337,19.460364
273489659958,-1.868237,3.584356,-0.076842,0.319949,0.165854,-0.321367,19.351297
273589729354,-1.961461,0.834639,-0.423332,0.246474,0.160220,-0.256469,19.496912
273689798750,-1.045560,1.958953,0.091911,0.154712,0.028904,-0.014847,19.501530
273789868147,0.678981,-1.237494,-0.491486,0.079448,0.019243,-0.087348,19.492761
273889937543,-0.853377,1.259515,0.323631,-0.130554,-0.025017,0.051610,19.587378
273990006939,-0.554927,-1.799624,-0.063860,-0.085120,-0.055452,0.148150,19.659310
274090076335,-0.550061,-1.348394,-0.108841,-0.303280,-0.066181,0.126024,19.679623
274190145732,-0.641191,-1.660550,-0.035982,-0.271077,-0.036223,0.127161,19.744213
274290215128,-0.075016,0.433361,0.504098,-0.206456,-0.026484,0.218279,19.746600
274390284524,-2.577631,2.437265,0.217013,-0.182763,-0.007320,0.092852,19.788495
274490353920,-2.025412,1.063911,-0.589529,-0.042140,-0.054314,0.043985,19.876131
274590423317,-0.326036,1.258958,-0.042251,-0.002406,-0.083754,0.095542,19.906601
274690492713,-0.195197,-2.200550,0.063756,0.095206,0.029259,-0.145920,19.947097
274790562109,-0.571578,-0.962203,0.333829,0.088559,0.056449,-0.124087,20.021548
274890631505,-1.278377,-1.351366,0.170619,0.159448,0.060752,0.049015,20.010007
274990700902,-0.909908,0.278954,-0.655427,0.211312,0.064568,-0.111653,20.047863
275090770298,0.100433,-0.037267,-0.512174,0.185200,0.055857,-0.177652,20.095565
275190839694,0.094812,2.392574,0.741137,0.259843,0.076215,-0.082041,20.094449
275290909090,2.254530,0.568702,0.504223,0.145809,0.132979,-0.125181,20.182273
275390978487,2.677994,1.613207,0.869473,0.108415,0.139172,-0.207657,20.247467
275491047883,-1.132966,-0.389731,-0.145058,0.122723,-0.032085,0.004684,20.223971
275591117279,-0.614129,-0.560556,-0.159141,-0.065476,0.014312,-0.017183,20.258317
275691186675,0.132947,-0.488676,-0.452869,-0.080810,-0.041769,-0.006732,20.293860
275791256072,0.965839,-0.412331,0.332303,-0.157517,-0.157042,0.184878,20.266779
275891325468,-1.933158,1.215637,-0.295457,-0.149978,-0.115588,0.141098,20.278602
275991394864,0.299653,-0.049651,-0.068123,-0.163946,-0.077549,0.110530,20.218816
276091464260,0.453420,0.756421,0.138466,-0.104713,-0.033941,0.087807,20.134295
276191533657,-0.143895,1.349958,-0.296288,-0.085753,-0.034962,-0.014051,20.132538
276291603053,0.871598,2.103585,-0.237241,-0.145591,-0.074220,0.017195,20.129239
276391672449,-0.063196,0.475485,-0.690953,-0.063121,0.035328,0.029518,20.077705
276491741845,0.165160,1.455299,-0.246548,-0.132177,-0.035791,-0.005933,20.027949
276591811242,-0.683343,0.978282,0.390783,-0.094959,-0.052908,0.044346,20.003741
276691880638,0.459472,0.593668,0.297782,-0.084839,-0.087804,0.142422,19.997350
276791950034,0.522745,-0.780845,-0.395664,-0.057689,-0.021527,0.103992,19.959398
276892019430,0.921641,1.722378,0.034557,-0.020128,-0.031851,0.028889,19.908057
276992088827,0.981990,-0.465672,0.097138,0.003738,-0.085963,0.029678,19.903121
277092158223,1.053157,1.378557,0.314074,0.078356,-0.065757,0.037927,19.897424
277192227619,0.047825,-1.055047,-0.509565,0.077003,0.031279,-0.042331,19.848013
277292297015,0.558735,0.550882,0.040785,0.129736,0.140115,-0.129127,19.771077
277392366412,0.734299,2.015764,0.162610,0.166694,0.088247,-0.137747,19.894313
277492435808,-0.420453,2.201691,0.165945,0.175822,0.009653,-0.087435,19.759927
277592505204,-1.043876,1.525608,0.057819,0.299439,0.005323,-0.117350,19.838762
277692574600,-2.384755,1.752103,-0.391186,0.275583,0.021230,-0.157693,19.807024
277792643997,0.678729,-0.744920,-0.346724,0.260289,0.098218,-0.229174,19.752163
277892713393,0.230064,-1.076218,-0.665607,0.242309,0.158189,-0.191964,19.800851
277992782789,1.543830,-2.983438,-0.490630,0.293227,0.142419,-0.251148,19.817113
278092852185,0.558459,0.275163,0.341140,0.221648,0.081219,-0.207818,19.664849
278192921582,0.238844,1.979504,0.236480,0.084208,-0.002458,0.060353,19.844319
278292990978,0.063982,0.815517,-0.061713,-0.028488,-0.035476,0.059765,19.801286
278393060374,0.217447,0.140432,-0.281987,-0.037965,-0.037017,0.018279,19.818400
278493129770,0.786978,-1.109454,0.550886,-0.006552,-0.068224,0.068107,19.807065
278593199167,0.754173,-0.929253,-0.361729,-0.023228,-0.010844,0.028104,19.930894
278693268563,0.398018,0.992559,-0.743902,0.055499,0.011021,-0.014088,19.936373
278793337959,-1.660169,0.454585,0.197907,0.089537,0.009089,-0.021476,19.926777
278893407355,0.990624,-0.353470,-0.264800,0.028019,0.101310,-0.076541,19.939084
278993476752,-0.347690,-0.179008,-0.429974,-0.073918,0.074154,-0.125457,19.983103
279093546148,0.101555,-0.909061,0.013238,-0.219501,-0.015852,0.044934,20.038341
279193615544,0.201284,1.799002,0.007260,-0.142609,-0.040214,0.107925,20.025042
279293684941,1.125863,-0.298015,0.064834,-0.238565,-0.052508,0.063348,20.033257
279393754337,0.557612,2.870067,0.203791,-0.235966,-0.024349,0.050450,20.073474
279493823733,1.580845,-0.887701,-0.654836,-0.175548,0.020695,0.123536,20.134230
279593893129,-0.295130,1.460973,0.287561,-0.160563,-0.045885,0.020756,20.133361
279693962526,0.226230,-0.991447,-0.430618,-0.032320,0.001876,-0.000701,20.144279
279794031922,-0.316701,0.741273,-0.005703,0.049186,-0.006565,0.054060,20.193844
279894101318,-0.644769,0.988841,0.303580,0.057835,-0.040121,0.011114,20.176294
279994170714,-0.625360,0.687956,0.345670,-0.008917,-0.000736,0.020725,20.209006
280094240111,0.738560,-0.210169,0.154091,-0.064770,-0.071449,0.067682,20.226032
280194309507,1.590433,0.163823,0.465924,-0.131451,-0.097401,0.105967,20.259167
280294378903,0.008368,-0.441138,-1.661699,-0.135249,-0.078966,0.180684,20.273171
280394448299,1.095481,1.991848,-0.037776,-0.037819,-0.037138,0.057592,20.309045
280494517696,0.268336,-0.703299,-0.367479,0.095790,0.011072,-0.079487,20.247574
280594587092,-0.838052,2.367609,0.390500,0.157175,0.085215,-0.149778,20.278045
280694656488,-1.363456,0.580105,0.105292,0.279716,0.114645,-0.219102,20.242137
280794725884,-1.027115,3.239884,-0.115123,0.319389,0.163079,-0.166641,20.231580
280894795281,1.233537,0.930095,0.150607,0.317817,0.131667,-0.259810,20.186347
280994864677,0.994510,-2.656288,-0.843258,0.285967,0.075083,-0.248854,20.145943
281094934073,0.322668,-0.932457,-1.353410,0.152949,-0.029156,0.000729,20.191356
281195003469,-0.311716,-2.602165,-0.997207,0.062250,-0.068235,0.018181,20.206292
281295072866,0.040085,2.010576,0.450718,-0.209528,-0.034990,-0.009830,20.194532
281395142262,1.801384,-0.231733,0.014229,-0.189143,-0.023057,0.052070,20.188339
281495211658,-0.576706,2.128710,0.191036,-0.247983,-0.050259,0.134715,20.193610
281595281054,0.467085,-0.030890,0.162214,-0.257287,-0.067163,0.119941,20.215856
281695350451,0.872221,1.390732,0.164731,-0.133534,0.013915,0.138568,20.218004
281795419847,-0.406228,0.171648,-0.021732,-0.033275,0.066189,0.030815,20.245621
281895489243,1.171884,-3.278273,-0.680991,0.120105,0.009383,-0.028450,20.308217
281995558639,-1.644118,1.892066,0.216240,0.212602,0.003993,-0.015238,20.291999
282095628036,0.115030,1.430628,-0.139327,0.194145,0.074418,-0.069398,20.316878
282195697432,-0.200740,1.480683,0.358059,0.210969,0.077936,-0.127393,20.357132
282295766828,0.748393,-0.873529,0.136898,0.084413,0.055676,-0.105887,20.291852
282395836224,-0.308296,0.781710,0.326100,0.099580,-0.012683,-0.028975,20.470978
282495905621,0.433168,-0.443003,-0.796698,0.045172,-0.042072,-0.023590,20.309189
282595975017,1.134142,0.059863,0.006652,0.038299,-0.034593,0.066429,20.418981
282696044413,0.258334,-0.824818,-0.412156,-0.044474,-0.065263,0.086435,20.376934
282796113809,0.490739,1.504553,0.006737,-0.073736,-0.090355,0.001083,20.382743
282896183206,-0.386105,1.365939,0.191687,-0.087806,-0.064249,0.087407,20.403094
282996252602,-0.994532,2.381000,0.279322,-0.149284,-0.082447,0.106050,20.424209
283096321998,-0.495608,-0.243289,-0.232224,-0.155891,-0.090631,0.082045,20.395033
283196391394,1.498854,-0.756410,-0.040139,-0.206712,-0.079073,0.233792,20.428697
283296460791,1.203784,-1.314276,-0.199929,-0.320642,-0.049057,0.173820,20.494575
283396530187,-0.228006,0.448609,-0.226381,-0.325816,-0.114429,0.162145,20.505793
283496599583,-0.608683,2.101906,-0.341243,-0.235281,-0.083995,0.211075,20.509868
283596668979,-0.326461,1.815260,-0.179063,-0.159435,-0.051078,0.155293,20.475092
283696738376,-0.122896,0.394431,-0.043064,-0.210489,-0.056119,0.115985,20.457497
283796807772,-0.133446,-1.278649,-0.230919,-0.211689,0.000153,0.056905,20.410423
283896877168,0.726641,0.270085,0.083152,-0.044241,0.054518,0.031122,20.422613
283996946564,0.297630,-0.565020,0.167406,0.039253,0.055925,0.012947,20.395857
284097015961,0.617701,-0.349567,-0.618652,0.132242,0.055879,-0.114405,20.390149
284197085357,1.222418,-1.485494,-0.184344,0.203003,0.065128,-0.118599,20.370583
284297154753,0.506799,0.665051,-0.492413,0.149908,0.072070,-0.097232,20.402925
284397224149,-0.390111,0.022388,-0.654627,0.184718,0.075598,-0.063746,20.407940
284497293546,-1.183348,1.606274,-0.076433,0.246900,0.094419,-0.069134,20.436163
284597362942,0.914346,-1.436742,0.472987,0.234311,0.117249,-0.158300,20.402867
284697432338,1.352779,0.957645,-0.080309,0.279881,0.002967,-0.161487,20.418454
284797501734,0.630365,-1.022683,-0.347612,0.157092,-0.024707,-0.094519,20.474682
284897571131,-0.744054,1.063012,0.220966,0.272310,-0.015558,-0.017677,20.451718
284997640527,0.150845,2.060948,-0.005167,0.233731,0.112980,-0.124093,20.473351
285097709923,1.484608,1.602401,0.183242,0.105002,0.064248,-0.200826,20.594126
285197779319,-0.751082,-1.428450,-0.424409,0.157468,0.043712,-0.076424,20.461955
285297848716,2.568676,-1.272277,-0.353581,-0.007045,-0.010333,-0.060194,20.505095
285397918112,1.443663,-1.935485,-0.138029,0.069122,0.046861,-0.023209,20.517807
285497987508,1.902278,-0.117207,-0.213845,-0.070779,0.009011,0.004720,20.483760
285598056904,0.426276,0.939634,-0.675952,-0.029899,-0.013407,0.049082,20.565314
285698126301,-1.144406,1.455009,0.169587,0.073573,-0.004143,-0.062316,20.526876
285798195697,0.545162,-1.712584,-0.009044,0.165810,0.035255,-0.030075,20.612305
285898265093,0.670488,0.704803,0.507109,0.111549,-0.000355,-0.027346,20.631631
285998334489,1.868746,-1.001733,-0.421367,0.069857,0.007320,0.003589,20.498373
286098403886,-0.774468,0.467507,0.213803,-0.098274,-0.055439,0.032248,20.631690
286198473282,-0.298395,0.418411,-0.335531,-0.032315,-0.052358,0.088734,20.720600
286298542678,-0.859274,2.117309,-0.070895,-0.125741,-0.082321,0.147648,20.577141
286398612074,0.563527,-0.489406,-0.109102,-0.126079,-0.071693,0.108173,20.714153
286498681471,1.314433,-0.685992,-0.256251,-0.080904,-0.051656,0.092604,20.381416
286598750867,0.694835,-0.028435,-0.022795,-0.094288,-0.085376,0.079568,20.646589
286698820263,0.984260,-1.924017,-0.927915,0.047207,-0.059407,-0.027127,20.640118
286798889659,1.500899,1.579358,0.069385,0.009834,-0.035092,-0.028201,20.700433
286898959056,1.059226,-0.684258,0.054375,0.048229,0.043085,0.000693,20.877038
286999028452,1.362009,0.284569,0.228940,0.106410,0.023431,-0.026236,20.724570
287099097848,0.218386,0.441073,-0.478366,0.022278,0.054643,0.046235,20.906387
287199167244,0.555219,-0.234902,-1.105097,-0.032179,-0.022775,0.070900,20.913840
287299236641,0.066220,1.662801,1.393976,-0.140754,0.036200,-0.027241,21.023049
287399306037,-0.359943,2.432045,-0.821162,-0.248972,-0.011943,0.028909,20.496739
287499375433,-1.175640,0.907951,-0.719803,-0.094867,-0.111828,0.099411,20.623072
287599444829,0.420848,0.628243,0.905948,0.030965,-0.135658,0.100597,20.565327
287699514226,1.412434,0.190118,-0.624826,0.124062,-0.137353,0.094730,20.620839
287799583622,0.696648,1.577585,-0.173094,0.147471,-0.038541,0.025587,20.514335
287899653018,0.272338,-1.246860,0.904691,0.065832,0.045712,-0.110929,20.516103
287999722414,0.858556,0.689504,-0.023452,0.063873,0.068798,-0.139426,20.409187
288099791811,-0.610215,0.243842,0.258314,0.152281,0.117460,-0.086119,20.502860
288199861207,-0.223253,0.262025,-0.195971,0.017662,0.146794,-0.246383,20.571017
288299930603,1.262395,-0.251456,-0.319805,0.087637,0.033276,-0.083647,20.412055
288399999999,0.108560,-0.156769,-0.175897,0.011116,-0.028652,-0.059799,20.486111
