timestampNs,ax,ay,az,gx,gy,gz,speedMps
0,-0.370958,-1.125122,-2.400036,-0.125635,-0.245162,0.241840,31.065000
100133422,1.843164,5.814365,3.485174,-0.279292,-0.260962,0.396818,31.091104
200266844,-0.760503,0.333386,-2.004360,-0.407632,-0.124219,0.287892,31.085967
300400266,-2.337321,2.674574,2.570559,-0.044582,0.295799,-0.126099,31.031504
400533689,-3.722993,3.701323,2.873865,-0.414209,0.334544,0.006290,30.922291
500667111,0.877286,-2.804902,-2.335218,0.124653,0.251755,-0.226263,30.986572
600800533,2.493256,-2.369776,-2.094141,-0.221632,-0.256298,0.349113,30.930591
700933955,-2.655793,4.706391,2.642590,0.217072,-0.201866,0.082488,30.865429
801067378,2.068460,0.552902,-1.681983,-0.009433,0.211240,-0.079863,30.792691
901200800,0.524889,-0.554824,-1.722979,0.308846,0.176889,-0.259359,30.758025
1001334222,-0.507808,2.610839,-0.486054,0.103072,0.094138,-0.219316,30.686944
1101467645,-2.688266,-2.445374,0.266634,-0.237907,-0.293634,0.354896,30.685917
1201601067,2.317438,1.057672,-0.010107,0.366677,-0.348699,0.047995,30.615472
1301734489,-0.823957,-0.965380,0.099100,0.204205,-0.327273,0.103344,30.523559
1401867911,-2.519195,2.981550,-0.540352,0.279691,0.149083,-0.219512,30.441872
1502001334,-1.067985,3.315756,-0.496938,-0.008344,0.175144,-0.010612,30.435693
1602134756,2.224846,6.246442,0.061250,0.571559,0.029218,-0.405278,30.319810
1702268178,-0.459494,1.099019,0.530936,-0.285064,0.083583,0.119175,30.309227
1802401601,-3.536669,-3.153762,1.987826,0.155777,-0.236209,0.036588,30.226328
1902535023,-3.291195,2.093150,0.860447,-0.509663,-0.082929,0.431405,30.157273
2002668445,1.004754,-3.792963,-0.919437,-0.260018,0.006697,0.177815,30.199995
2102801867,-2.525964,4.500248,-1.214073,-0.287405,0.015607,0.260608,30.127830
2202935290,-2.912867,-0.425833,0.037338,-0.346368,0.123453,0.104934,30.090964
2303068712,-4.265530,2.704594,-0.083440,-0.057176,0.118479,-0.074788,30.082701
2403202134,-1.415318,0.026218,-0.006401,-0.391495,-0.040171,0.278929,29.975898
2503335557,2.046033,-3.560140,0.202336,0.380464,-0.106115,-0.201802,30.002222
2603468979,0.681675,-3.464834,0.096568,-0.477706,-0.046877,0.336921,29.976976
2703602401,-0.654509,-1.879881,0.827523,-0.711610,0.172667,0.300823,29.949256
2803735823,3.163858,-3.562027,1.103485,-0.279276,0.004944,0.186755,30.007479
2903869246,-3.041326,-0.853189,0.322235,-0.390849,-0.093861,0.379816,29.911610
3004002668,-5.619580,6.980155,1.261962,-0.639679,-0.182357,0.548476,29.857880
3104136090,-1.110513,-0.863438,-1.874425,-0.731076,0.082089,0.430788,29.924842
3204269513,-4.722602,5.448171,-1.028539,-0.331365,0.006658,0.165988,29.876408
3304402935,1.832979,-1.982869,0.940184,-0.732694,0.117559,0.402518,29.882970
3404536357,-2.352661,-3.481674,-0.846573,-0.550827,-0.082696,0.395810,29.882056
3504669779,-2.124273,-2.998452,-0.721402,-0.425580,-0.126040,0.291506,29.902035
3604803202,-0.219714,-1.544475,0.594183,0.626987,-0.020071,-0.293359,29.902648
3704936624,4.223956,4.174219,-1.052654,0.103180,-0.152921,0.032034,29.884021
3805070046,-2.212619,-0.953008,-0.892214,0.335700,-0.097647,-0.014627,29.995396
3905203468,-2.030417,2.802231,0.142135,0.256130,0.174686,-0.235108,29.932761
4005336891,1.093101,2.619237,0.462770,-0.143869,0.105685,0.008152,29.985665
4105470313,-0.130111,1.740526,0.011855,0.116271,0.037685,-0.088857,30.032491
4205603735,-0.252276,-0.501048,0.135232,0.066735,-0.031054,-0.137816,30.043174
4305737158,-3.511269,3.785835,0.181749,-0.034636,-0.195903,0.095017,30.065212
4405870580,-4.302162,2.504189,-0.049192,0.048498,-0.185542,0.053227,30.084776
4506004002,-1.729796,-1.117531,0.228608,-0.074014,0.069413,0.088150,30.051868
4606137424,-1.901099,2.613391,0.502348,0.317295,0.080207,-0.149091,30.081469
4706270847,1.030510,3.037665,1.149822,0.191526,0.198962,-0.207815,30.086439
4806404269,-2.940554,-2.028936,-1.209959,0.406392,0.190198,-0.358806,30.080437
4906537691,2.070644,1.824459,0.984257,0.475264,-0.106013,-0.245792,30.104036
5006671114,0.372100,1.680932,0.978426,0.255960,-0.045365,-0.106623,30.119390
5106804536,-1.456390,2.301627,-1.509688,0.148362,-0.074155,-0.128475,30.129947
5206937958,-1.085865,2.729933,1.387644,0.084422,0.147833,-0.120711,30.025692
5307071380,1.949439,4.180297,0.820560,0.122077,0.112436,-0.104396,30.117082
5407204803,-0.367830,-0.804396,-1.237936,-0.107958,0.094188,0.017027,30.119329
5507338225,-2.817010,0.167834,1.579162,0.131425,0.018950,-0.079608,30.123899
5607471647,-1.692340,2.563137,0.571302,0.002580,-0.008007,-0.030973,30.110000
5707605070,1.332786,-0.559716,-0.461606,0.130940,-0.089588,0.032445,30.109768
5807738492,-1.840113,2.616199,0.889001,-0.082508,-0.151623,0.142274,30.112985
5907871914,0.016794,0.384293,-0.391911,0.081551,-0.020188,0.023526,30.181611
6008005336,1.377431,1.846876,-0.498454,-0.055260,0.104590,0.004075,30.145703
6108138759,1.082725,-0.287635,1.004452,0.007301,0.154069,-0.038307,30.189070
6208272181,0.414312,1.089612,0.177436,-0.006204,-0.124791,0.078727,30.190858
6308405603,1.020604,0.641291,-0.287749,0.087495,-0.113954,0.021121,30.192002
6408539026,-0.776797,0.691880,-0.071396,0.220716,-0.085402,-0.119781,30.237230
6508672448,-0.377999,1.660285,-0.310972,0.079328,-0.128146,0.062369,30.259015
6608805870,1.289888,0.618972,0.619271,0.152180,-0.118670,0.053534,30.241959
6708939292,0.915530,2.002806,-0.364620,0.056548,0.156349,-0.124672,30.293094
6809072715,-0.186706,1.311111,0.407686,0.096101,0.215999,-0.151589,30.289536
6909206137,-0.744618,3.199193,1.131915,0.164097,-0.069808,-0.045229,30.335639
7009339559,0.271635,0.825030,-0.771601,0.113289,-0.159167,0.077275,30.341477
7109472981,-0.477662,2.963478,1.305952,0.231030,-0.153400,-0.036103,30.345286
7209606404,0.695223,2.224786,1.033940,0.121093,-0.043498,0.008130,30.417795
7309739826,0.409235,-1.474389,-0.882875,0.170283,0.184864,-0.212043,30.356223
7409873248,1.047138,-2.204795,-1.104730,0.152774,0.027064,-0.026178,30.417345
7510006671,-1.247051,3.347058,0.018510,0.164975,0.031064,-0.068272,30.449000
7610140093,0.799914,-3.980577,-1.146392,0.268701,0.010326,-0.154584,30.445127
7710273515,1.959729,-2.578045,-1.206137,0.251971,-0.188691,0.095775,30.405654
7810406937,-4.908824,3.053881,1.942845,0.074311,-0.191377,0.042111,30.436495
7910540360,2.413865,-1.430213,-1.430842,0.008971,0.265917,-0.114747,30.422411
8010673782,1.512962,-1.375135,0.073970,-0.088518,0.303873,-0.134848,30.407872
8110807204,-1.717156,2.537266,2.935564,-0.216248,0.146579,-0.025879,30.331734
8210940627,0.452317,3.715818,0.826284,0.236543,-0.007267,-0.280253,30.316446
8311074049,0.157182,2.939549,1.604326,-0.032271,-0.221659,0.081625,30.209310
8411207471,-2.144877,0.264490,1.622582,0.241373,-0.189479,-0.074653,30.250348
8511340893,-1.120901,2.587046,-1.240134,0.050211,-0.053769,-0.105714,30.365360
8611474316,0.588582,1.176538,1.061721,-0.050787,0.098871,-0.087785,30.304391
8711607738,0.066939,-2.366648,-0.676171,0.163902,0.109571,-0.204128,30.239688
8811741160,-3.665691,-1.891621,-0.692977,0.134788,0.077329,-0.201475,30.301478
8911874583,-4.439151,2.140544,1.532786,0.180163,-0.146080,-0.040432,30.266094
9012008005,-2.564858,-0.609981,2.277194,0.019214,-0.110091,0.024306,30.194963
9112141427,-1.046019,0.339543,-1.545952,0.096749,-0.033050,-0.005176,30.158899
9212274849,0.409410,2.462352,0.910627,-0.154379,-0.054258,0.097657,30.161693
9312408272,-0.062385,1.555408,-2.992607,-0.186857,0.285012,-0.034190,30.132231
9412541694,0.110219,2.007153,-1.670449,-0.217651,0.263049,-0.012630,30.086722
9512675116,-1.039867,0.610521,1.465157,-0.031962,-0.051267,0.164143,30.051921
9612808539,-1.399772,-0.157877,-0.842936,0.190150,-0.097144,-0.047569,30.015228
9712941961,-1.315909,-1.810404,-1.271288,-0.287766,-0.137726,0.186754,29.963634
9813075383,-2.096427,-0.288505,-0.308000,-0.117146,0.031276,-0.052842,29.965448
9913208805,1.668790,0.936763,-0.607744,0.136787,0.001660,-0.081812,29.901284
10013342228,-0.495655,0.173784,-0.162434,-0.009709,0.110642,-0.075842,29.882935
10113475650,-0.017325,1.341583,0.957858,-0.007890,0.203251,-0.203221,29.791832
10213609072,-0.164075,-0.103648,0.267730,0.307342,0.143186,-0.322887,29.800335
10313742494,1.902376,3.042010,0.409484,0.312908,-0.114535,-0.033344,29.845986
10413875917,0.550336,2.250222,-0.031022,-0.105449,-0.087939,0.071956,29.780109
10514009339,0.709139,0.747617,-0.072151,0.140654,-0.041203,-0.026376,29.865367
10614142761,-2.005789,0.184483,0.075578,-0.045414,-0.052412,0.051706,29.814470
10714276184,1.972550,-1.247303,-1.079148,0.198947,0.020880,-0.085981,29.828885
10814409606,1.694626,-2.876720,-0.475669,0.028151,0.056153,0.009413,29.861727
10914543028,-2.001602,0.319750,-0.685019,0.188934,0.026973,-0.130360,29.846869
11014676450,-4.842404,2.027557,-1.613349,-0.693657,0.158520,0.403262,29.844254
11114809873,1.114501,-0.625253,0.146327,-0.349276,0.034093,0.130595,29.890034
11214943295,0.788043,6.872273,-0.091914,-1.107403,0.025749,0.595225,29.854059
11315076717,0.266256,-1.899280,-0.405479,-0.974934,0.031416,0.623557,29.923126
11415210140,5.435118,7.840845,-0.299261,0.293052,0.040023,-0.194916,29.988393
11515343562,0.009115,3.560077,-0.497769,-0.224413,0.140977,0.089974,30.013812
11615476984,-1.082528,-6.311839,0.320856,0.946761,-0.041780,-0.550947,30.074947
11715610406,1.097752,1.732179,-0.270326,0.417301,0.014309,-0.204985,30.041722
11815743829,-0.047513,-4.926838,0.302424,0.514929,0.011962,-0.293795,30.120601
11915877251,-0.718858,1.323643,0.578678,0.353521,-0.166384,-0.135868,30.079027
12016010673,2.990391,2.285921,-0.244553,0.133504,-0.012895,-0.118408,30.038393
12116144096,1.292986,5.191895,0.064326,0.473243,0.034150,-0.433221,30.165461
12216277518,-2.335361,-2.983988,-0.996112,0.228565,-0.032707,-0.268358,30.184936
12316410940,-2.708839,1.271670,0.031043,0.424273,0.051493,-0.204504,30.182701
12416544362,2.032877,2.020046,1.863434,-0.133951,-0.004893,0.079171,30.250574
12516677785,-1.076719,0.179977,1.526530,0.104238,0.009363,0.090015,30.243568
12616811207,-1.021925,-1.820408,0.094894,-0.117500,0.008147,0.104049,30.276154
12716944629,-2.227057,0.494195,-0.994991,0.120353,-0.080390,-0.120744,30.309913
12817078052,-0.790968,-1.691200,-1.078516,-0.236292,-0.039746,0.233192,30.368236
12917211474,2.155385,2.975233,-0.552419,-0.071174,0.129215,0.063052,30.431092
13017344896,-3.139980,0.920435,-0.104915,-0.314275,0.066927,0.129603,30.393295
13117478318,-1.242535,-1.398273,-0.116767,-0.130029,0.047148,0.211849,30.462284
13217611741,3.459443,2.955863,0.301217,-0.876783,0.117681,0.507153,30.473771
13317745163,-0.441605,-5.291904,1.429323,-0.632284,0.054949,0.401494,30.531879
13417878585,0.653950,4.849486,-1.264335,-0.261478,0.050059,0.187743,30.576217
13518012008,3.178917,3.483089,-0.507028,-0.577461,0.193208,0.234196,30.557415
13618145430,2.390440,3.309165,-0.222509,0.211706,0.113958,-0.183148,30.679226
13718278852,0.050207,-0.328845,-0.224295,-0.210445,-0.081195,0.184160,30.610723
13818412274,-2.221798,-4.361541,0.475927,0.510033,-0.052357,-0.273672,30.648887
13918545697,-1.187049,-0.478322,-0.832478,0.232711,-0.025564,-0.130140,30.669820
14018679119,-1.792779,-3.404034,-0.915902,0.526761,0.068660,-0.387331,30.704790
14118812541,-1.046895,4.756645,-0.250047,0.256511,0.177027,-0.300514,30.776287
14218945963,2.361161,-0.227981,-1.230200,0.292760,0.159855,-0.197652,30.745835
14319079386,1.613681,1.882580,-0.352530,0.255337,-0.056486,-0.030354,30.792175
14419212808,1.002901,0.294091,0.750990,-0.248345,-0.075334,0.251076,30.788275
14519346230,-0.099595,-4.206300,-0.435595,0.059842,0.043210,-0.114609,30.865489
14619479653,0.116359,-0.797677,-1.768756,-0.103625,0.047149,-0.009132,30.894672
14719613075,-0.347347,-0.224852,-0.947841,0.010329,-0.023339,-0.089766,30.870616
14819746497,1.035886,-0.671291,-0.885946,-0.023056,0.030211,-0.017647,30.899048
14919879919,0.362106,-0.298790,0.854313,0.075295,-0.123684,0.079727,30.951899
15020013342,0.389633,-0.339977,-0.054491,-0.024995,-0.106199,0.099973,30.887900
15120146764,-0.214159,-0.850008,1.049477,-0.102156,0.213900,-0.049946,30.958246
15220280186,1.166102,-1.238291,-1.500494,-0.175416,0.120252,-0.052461,30.965816
15320413609,0.317782,-3.334982,-0.919320,-0.276479,-0.099318,0.188105,30.945794
15420547031,0.048510,-1.155103,0.652222,0.386138,-0.094652,-0.096666,30.956537
15520680453,0.015294,1.401432,-1.077742,0.235601,0.001003,-0.197613,30.980309
15620813875,-0.713482,-1.814041,-0.811509,0.400429,0.013727,-0.338505,30.978233
15720947298,0.662797,2.716844,0.325038,0.270438,-0.012380,-0.233313,31.042432
15821080720,-0.365298,-0.335366,-1.508048,0.097210,-0.000630,-0.101236,31.023869
15921214142,0.584121,0.255111,-1.296926,0.093467,-0.145052,0.053433,31.107136
16021347565,-0.092527,-0.818912,-0.798305,-0.022629,-0.074511,0.113570,31.029943
16121480987,-0.633824,-1.675910,-0.055018,-0.104170,0.139246,0.041589,31.091683
16221614409,0.663969,0.302863,-0.751456,-0.312539,0.120828,0.078292,31.115451
16321747831,-1.957260,3.319544,0.805856,-0.403014,0.011509,0.246531,31.109793
16421881254,-0.227354,3.433412,0.272839,0.071146,-0.056898,-0.028611,31.095442
16522014676,1.654289,-0.908235,-0.773234,-0.237119,-0.067082,0.202433,31.097547
16622148098,-2.271826,-2.074366,1.251824,0.297718,-0.060984,-0.066046,31.135410
16722281521,-2.635090,-0.616838,0.083756,0.033351,0.000980,-0.106642,31.116518
16822414943,1.003347,-3.707741,0.222877,0.391776,-0.041893,-0.252919,31.089780
16922548365,-2.078724,0.236460,-0.349922,0.297231,-0.219737,-0.081579,31.144185
17022681787,-1.988732,-2.803852,0.231411,-0.065520,-0.117305,0.022338,31.242227
17122815210,-1.790501,-0.702049,-0.241310,0.106585,0.188898,-0.213356,31.228169
17222948632,3.503181,-2.128710,-0.240276,0.275995,0.156360,-0.258987,31.275215
17323082054,1.336910,0.154055,-0.536105,0.271316,-0.028688,-0.091600,31.244529
17423215476,-2.601787,-1.448153,-0.085041,0.258215,-0.005270,-0.097139,31.233934
17523348899,1.335284,-0.971399,-0.781040,0.276245,0.089035,-0.215172,31.242534
17623482321,0.395288,-6.194419,0.808496,0.371604,0.148632,-0.279005,31.229947
17723615743,-0.939615,1.168684,1.372652,0.402599,0.042951,-0.323647,31.223582
17823749166,0.058089,3.215461,-0.915398,-0.509940,-0.055460,0.217815,31.196316
17923882588,0.398089,1.007939,-0.071559,-0.258579,-0.207034,0.291782,31.226019
18024016010,-1.331584,1.324950,-1.534089,-0.365460,-0.197057,0.267408,31.250577
18124149432,0.750772,-2.961145,0.554647,-0.386022,0.138951,0.121002,31.382454
18224282855,-0.784593,-1.074184,-0.378607,-0.190544,0.092353,0.120441,31.067025
18324416277,1.511423,-2.206750,0.246071,-0.243860,-0.126400,0.198679,30.839081
18424549699,-1.640823,1.568070,0.670550,-0.142353,-0.126511,0.133999,30.883383
18524683122,0.512045,0.971735,-2.078394,-0.264609,-0.141307,0.180932,30.833999
18624816544,0.546252,3.209824,-1.896657,-0.240483,-0.007072,0.083982,30.712887
18724949966,-0.329883,-3.430942,0.340495,-0.474311,0.153470,0.099778,30.679605
18825083388,-0.707272,-7.746643,-0.311770,0.491597,0.120865,-0.346352,30.513722
18925216811,-0.635876,-4.261772,0.153178,-0.414856,-0.124708,0.225127,30.465197
19025350233,-0.248157,-4.778262,1.294200,-0.594485,-0.142123,0.389670,30.523298
19125483655,-2.115351,2.447320,-1.238695,0.701974,-0.283974,-0.317254,30.365797
19225617078,-2.537098,-4.404190,-0.277087,0.859027,-0.193117,-0.472923,30.408677
19325750500,1.047826,5.272308,-0.509096,0.747049,0.066405,-0.562299,30.435586
19425883922,0.032077,-0.298397,0.097720,0.281979,0.155823,-0.274734,30.410461
19526017344,-0.555542,-6.762029,1.259075,0.494801,0.006500,-0.292987,30.267227
19626150767,-1.456645,-4.775953,1.403996,-0.161221,-0.071574,0.106495,30.295259
19726284189,-0.943434,-1.093658,-0.418948,0.017628,-0.026235,0.039181,30.246606
19826417611,0.227910,3.914337,0.026859,-0.809802,0.088735,0.371403,30.244507
19926551034,-0.260877,-1.242292,0.336941,-0.135263,0.097907,-0.017130,30.195577
20026684456,-0.845804,5.441571,-2.111684,0.175656,0.041782,-0.259947,30.097769
20126817878,-1.347189,0.794951,0.242196,-0.549101,0.119937,0.203482,30.071838
20226951300,-1.051396,3.181683,1.469539,-0.186476,0.111729,0.090551,30.070641
20327084723,-0.821621,-1.346021,1.605482,-0.177119,-0.135413,0.148743,29.976394
20427218145,-1.055988,-3.649474,0.346687,0.314687,-0.147278,-0.184983,29.956946
20527351567,-0.919401,-0.883662,-1.544607,0.211541,-0.077478,-0.136621,29.987293
20627484989,-3.130454,-3.750351,-1.187201,0.491492,-0.051818,-0.257108,29.972062
20727618412,-1.203295,-2.846711,-1.033667,0.612746,-0.012870,-0.288715,29.906308
20827751834,-2.531222,-1.784363,1.473744,0.363304,0.080891,-0.207090,29.803370
20927885256,-3.060619,-1.233120,3.180664,-0.168005,0.155913,-0.012078,29.773253
21028018679,-0.522828,-0.756116,0.380838,-0.001468,-0.027643,0.041149,29.740545
21128152101,-1.633364,-3.306614,-0.211385,-0.353465,-0.078668,0.176654,29.709882
21228285523,-2.415870,-0.760049,-0.516223,-0.208907,-0.101594,0.104406,29.624048
21328418945,-1.953879,-0.030840,-0.204588,0.044351,-0.214905,-0.029432,29.571576
21428552368,-1.865036,-0.037026,-0.099862,0.203866,-0.098651,-0.117818,29.442158
21528685790,-1.641908,1.141104,1.186338,0.054873,0.081587,-0.120164,29.334800
21628819212,-2.761890,0.167657,2.217556,-0.041132,0.166189,-0.005061,29.197592
21728952635,-1.818720,1.988197,0.520349,0.326102,0.002853,-0.176952,29.142898
21829086057,0.109676,-3.065431,0.106025,0.136114,-0.044019,-0.144293,29.050763
21929219479,0.684771,-1.255465,-1.029233,0.320824,0.013889,-0.176340,28.954497
22029352901,-1.017148,1.155349,-1.266884,0.175494,-0.086166,-0.143247,28.870877
22129486324,-1.557623,0.569680,0.462107,-0.115099,0.135456,0.003620,28.741981
22229619746,-0.534797,1.034258,-0.036650,-0.111519,0.152073,0.067133,28.671408
22329753168,-0.161444,0.123507,-0.020065,0.124386,0.016637,-0.034867,28.577184
22429886591,-1.344532,-0.973063,-0.308106,-0.104851,0.041443,0.055839,28.508308
22530020013,-1.367437,-1.067891,-0.846317,-0.120705,-0.007619,0.018351,28.487765
22630153435,-0.551251,-0.620002,-0.416061,-0.042760,-0.002640,-0.030259,28.404777
22730286857,-1.638419,0.651428,0.925714,-0.061137,-0.017977,0.050557,28.290620
22830420280,-2.685563,2.230839,1.259857,0.032731,-0.033760,-0.055085,28.222227
22930553702,-1.266266,0.601464,0.415565,-0.052627,-0.074331,0.036805,28.153830
23030687124,-1.707308,-2.112260,1.081878,-0.059638,0.026279,-0.001549,28.033290
23130820547,-1.373741,-2.471350,0.853971,-0.134130,0.072081,-0.027017,27.972115
23230953969,-1.490272,-0.968682,-0.012985,0.164248,-0.107213,-0.070601,27.903743
23331087391,-1.930071,0.907178,-0.386992,0.067910,-0.112804,0.027321,27.858659
23431220813,-1.002424,0.507028,0.155154,0.276460,-0.095389,-0.128711,27.777668
23531354236,0.491554,1.777767,-0.389529,0.151890,0.032735,-0.061828,27.698263
23631487658,0.307747,0.733477,-0.231555,0.165290,0.015770,-0.066978,27.653921
23731621080,-0.052577,1.287681,0.115415,0.168189,-0.098780,-0.039366,27.590313
23831754503,-2.235911,-1.232279,1.000590,0.010180,-0.049001,0.074842,27.531921
23931887925,-1.315477,-2.418591,0.562958,0.119163,-0.079733,-0.053787,27.453192
24032021347,0.185806,-0.889224,0.534606,0.100195,-0.023945,-0.088424,27.376944
24132154769,-1.539011,-3.733354,0.400604,0.482473,-0.046859,-0.285372,27.322907
24232288192,-1.921499,-0.500963,-0.093514,0.330805,-0.051746,-0.171906,27.190233
24332421614,-2.233836,-1.398468,-0.150506,0.364845,-0.016833,-0.230516,27.134900
24432555036,-1.372387,2.061730,0.172424,0.281025,0.042037,-0.105984,27.080583
24532688458,-1.617381,1.578223,0.239635,-0.073417,-0.024273,0.031335,27.008908
24632821881,0.344733,0.892723,0.088662,0.228032,-0.009689,-0.087193,26.937128
24732955303,-0.085658,-0.147558,0.138214,0.213535,0.068349,-0.147720,26.892642
24833088725,-1.133409,-2.509572,0.076363,-0.100873,0.084060,0.012414,26.819677
24933222148,-0.598015,-1.120151,-0.457974,-0.367503,-0.013447,0.158135,26.750390
25033355570,0.700125,-1.714491,-0.380715,-0.188489,-0.042338,0.138616,26.719895
25133488992,-0.173956,-0.159985,0.407952,-0.080505,0.103304,0.026123,26.653479
25233622414,-0.277261,-1.112459,-0.125319,-0.148421,0.046374,0.026105,26.575463
25333755837,-1.643790,-0.604368,0.453252,-0.130169,0.022589,0.041504,26.517209
25433889259,0.114265,-1.881397,-0.095360,-0.164887,0.002464,0.143378,26.495901
25534022681,1.664943,-0.849001,-0.779635,-0.307466,0.044429,0.120980,26.503754
25634156104,0.271514,-1.088681,-0.156514,-0.332911,0.058729,0.117884,26.466954
25734289526,0.687819,1.757836,-0.132169,-0.276822,0.113038,0.094747,26.439389
25834422948,0.695530,-1.165891,0.395420,-0.344763,0.083687,0.216929,26.444717
25934556370,1.163421,-2.392289,-0.556604,-0.337370,-0.092293,0.299799,26.462767
26034689793,2.323589,-0.345880,-0.649908,-0.020264,-0.071458,0.147265,26.517491
26134823215,1.617434,-1.628389,0.457333,0.247186,0.037556,-0.124254,26.577128
26234956637,0.123529,-0.869443,0.081791,-0.135435,0.013477,0.038657,26.587714
26335090060,1.102212,-1.542355,-0.844266,-0.155227,-0.055682,0.107690,26.583820
26435223482,-0.578700,0.699236,0.024877,0.202632,-0.068878,-0.151623,26.623357
26535356904,0.076606,0.792554,-0.064959,0.330550,-0.017219,-0.185765,26.752879
26635490326,-0.177521,2.756053,-0.888187,0.282245,0.004582,-0.300452,26.738366
26735623749,-1.165277,0.322359,-0.494592,0.212837,0.026863,-0.235845,26.741735
26835757171,-0.484057,0.220738,-0.151538,0.217611,-0.044522,-0.076060,26.821109
26935890593,-1.427560,-3.494795,0.564452,0.164217,0.047835,-0.063961,26.864206
27036024016,-1.252871,-1.033862,-0.419682,0.462172,-0.028720,-0.222700,26.872842
27136157438,0.040509,0.123867,-0.654557,0.175299,-0.028550,-0.103139,26.830818
27236290860,-0.161883,-2.473847,-0.223519,-0.194560,-0.065841,0.144712,26.836734
27336424282,-0.604581,-0.987840,0.902240,-0.232252,-0.038206,0.140986,26.853363
27436557705,0.316410,-0.991483,1.198065,-0.247464,0.168701,0.079427,26.773330
27536691127,-0.463992,1.269532,-0.113278,-0.142686,0.075317,0.070707,26.693949
27636824549,-1.524387,0.427935,0.800425,-0.132360,-0.064119,0.074192,26.706780
27736957971,-0.595679,-1.286659,0.333834,-0.254057,-0.002256,0.135829,26.643332
27837091394,-0.754350,-3.195693,-0.628847,-0.362099,-0.015398,0.222931,26.601201
27937224816,-0.920456,-0.987487,-0.503442,-0.271572,0.003957,0.083936,26.544803
28037358238,-1.211204,0.683392,-0.295699,-0.121999,-0.026445,-0.008973,26.421378
28137491661,-1.726642,0.791238,-0.182051,0.039010,-0.029521,-0.092982,26.324176
28237625083,-1.417236,1.747957,0.230698,-0.095804,-0.026695,0.071309,26.219218
28337758505,-1.147038,1.397397,-0.081518,-0.125446,0.030934,0.061440,26.096069
28437891927,-0.913865,-0.880297,-0.175787,-0.506571,-0.017398,0.254154,25.989784
28538025350,-0.761186,-2.814033,0.258460,-0.354381,-0.011423,0.270279,25.931299
28638158772,-0.331330,-1.361245,0.605893,-0.442434,-0.003043,0.246950,25.799988
28738292194,0.517585,-1.951669,0.283247,-0.391922,0.066759,0.140057,25.703998
28838425617,0.219264,2.902560,0.050006,-0.181360,0.059132,0.103690,25.636614
28938559039,-1.057484,1.788035,0.465873,-0.449556,0.067260,0.251405,25.547225
29038692461,-1.459659,0.244041,0.315038,-0.287756,0.078021,0.183315,25.486832
29138825883,-2.036150,-0.313806,0.509042,0.212462,-0.052693,-0.112703,25.441318
29238959306,-2.413864,-1.842723,0.250946,0.372129,-0.021936,-0.264770,25.359590
29339092728,-1.984897,-0.314997,-0.008745,0.210867,0.012645,-0.105231,25.262318
29439226150,0.151217,-2.552172,-0.354795,0.143535,-0.044436,-0.056313,25.127686
29539359573,-0.173190,-2.596874,-1.049761,0.111852,-0.050144,-0.006460,24.909002
29639492995,0.127753,-1.570003,-0.759691,0.084387,0.005623,-0.038169,24.634291
29739626417,-0.690323,1.422308,-0.218530,0.055050,0.022458,-0.089723,24.459019
29839759839,-0.987163,0.976780,-0.213406,-0.164252,0.052980,0.057432,24.320719
29939893262,-0.529916,0.251343,-0.040052,-0.151714,0.088076,0.031015,24.246736
30040026684,-0.567179,1.332613,-0.321531,-0.281620,0.062413,0.172515,24.214873
30140160106,-0.283826,-0.112738,0.156415,-0.168797,-0.052012,0.175317,24.156466
30240293529,-0.786222,0.700611,-0.147413,-0.156764,-0.000071,0.133161,24.112982
30340426951,0.294687,-0.412941,-0.553981,-0.142800,0.100421,-0.035940,24.086714
30440560373,1.336324,-1.297615,-0.457933,-0.210105,0.043658,0.070036,24.006343
30540693795,0.350850,-1.816699,-0.135152,-0.114130,0.000523,0.143764,23.931707
30640827218,0.293428,0.945836,-0.410703,-0.040425,0.027791,-0.009552,23.974880
30740960640,0.207710,0.621911,-0.451186,-0.266445,0.008739,0.156887,23.979623
30841094062,0.621349,-1.207591,-0.580506,-0.112706,-0.008106,0.086288,23.951001
30941227484,0.658747,0.281058,-0.254630,0.065566,-0.028835,-0.044729,23.949315
31041360907,-1.038862,0.136086,0.683341,0.004149,0.000258,-0.035443,23.970528
31141494329,-0.931256,0.136645,-0.361929,0.011324,-0.012382,0.010427,23.996327
31241627751,0.976110,-0.450249,-0.410595,0.011823,-0.020046,-0.007410,24.020137
31341761174,0.601173,-0.603676,0.483946,-0.076215,-0.006027,-0.062134,24.087917
31441894596,-0.025609,-0.671177,-0.306232,0.010083,-0.066484,-0.015777,24.144494
31542028018,0.351811,-0.001480,-0.380314,-0.025922,-0.076938,-0.043475,24.157102
31642161440,0.368813,-0.723366,-0.399730,-0.092323,0.002477,0.029215,24.213419
31742294863,-0.449347,-0.587849,-0.741622,-0.000407,-0.004323,0.055315,24.309581
31842428285,-0.205645,-0.236564,0.024808,0.027200,-0.014256,-0.022471,24.359482
31942561707,-0.526681,-0.630448,-0.091470,-0.074676,0.018345,0.069339,24.419794
32042695130,-0.758045,-0.393192,-0.256579,-0.085724,-0.060771,-0.001613,24.422129
32142828552,0.851913,-0.485585,-0.436146,-0.017700,-0.140025,0.040389,24.450293
32242961974,0.336950,-0.230651,-0.095870,0.004825,0.006142,-0.045524,24.490930
32343095396,0.166369,0.221550,-0.481742,-0.046756,0.112156,-0.148866,24.472903
32443228819,1.068115,0.496323,-0.278527,-0.027073,0.034964,-0.065120,24.516875
32543362241,0.575037,-0.295951,0.090479,-0.082620,-0.054049,0.014511,24.590661
32643495663,0.420082,-0.838746,-0.063412,0.001539,-0.099314,0.006263,24.637564
32743629086,0.343664,-0.069382,0.543214,0.014911,-0.063796,0.010971,24.731670
32843762508,0.444620,0.858238,0.247734,0.039851,-0.002283,-0.017583,24.825480
32943895930,1.333855,0.406702,0.067158,0.048585,0.024867,0.000713,24.921091
33044029352,1.646069,0.060718,-0.182189,0.059907,0.003771,-0.049617,25.026231
33144162775,0.367377,0.413641,-0.032510,0.047231,-0.014336,-0.114169,25.124746
33244296197,-0.019470,0.010598,0.337495,-0.020428,0.034936,-0.030134,25.215359
33344429619,0.260759,-0.041391,0.082061,0.000635,-0.011544,0.000214,25.305110
33444563042,1.318677,-0.485446,-0.269819,0.061761,-0.040306,-0.038223,25.399442
33544696464,2.121004,-1.192890,-0.718165,0.007206,0.028743,-0.020296,25.512851
33644829886,1.926783,-0.983060,-0.291104,-0.039913,0.020778,-0.025221,25.607712
33744963308,1.842011,1.245408,-0.133743,-0.102630,0.006436,-0.071909,25.657789
33845096731,0.687146,0.840577,-0.197308,-0.273376,0.054985,0.076898,25.747836
33945230153,1.143790,-0.150661,-0.053959,-0.167895,0.061108,0.073752,25.871904
34045363575,1.786053,-0.015446,0.159802,-0.127597,0.055335,0.046987,25.949446
34145496997,1.294965,0.288064,0.630791,-0.151551,0.009765,0.129415,26.059014
34245630420,1.418881,0.069809,0.362637,-0.286287,-0.023002,0.168459,26.182885
34345763842,1.737164,-0.376465,0.131413,-0.191923,0.008090,0.083801,26.265434
34445897264,1.350602,1.634605,-0.224636,-0.169219,0.013888,0.067879,26.357419
34546030687,1.598019,-0.519541,-0.280546,-0.310932,-0.016436,0.192620,26.470594
34646164109,2.105443,-0.993975,-0.762830,-0.224291,-0.063963,0.189400,26.592978
34746297531,1.604438,-0.172106,0.330531,0.044882,-0.091830,0.017425,26.664579
34846430953,0.974095,-1.324378,1.885198,0.041399,-0.000890,-0.026665,26.758346
34946564376,1.026542,-1.746736,0.531967,0.021571,0.149641,-0.130125,26.874026
35046697798,0.119529,-0.230398,-0.485130,0.184252,0.010868,-0.148727,26.986428
35146831220,-0.590051,1.556479,0.180411,0.087014,-0.138207,-0.002504,27.098976
35246964643,1.004406,0.421023,0.106201,-0.075522,0.010381,0.004474,27.219210
35347098065,1.557239,-1.262930,0.282040,0.027055,0.080159,-0.059847,27.323847
35447231487,1.302439,-1.399401,0.441005,0.216259,0.016949,-0.119898,27.416401
35547364909,-0.054158,0.072006,0.444542,0.121183,-0.037973,-0.070835,27.522366
35647498332,-0.039825,2.134197,-0.073464,-0.020668,-0.064389,-0.001566,27.619963
35747631754,0.850048,2.975858,-0.264206,0.085884,0.004952,-0.054229,27.736324
35847765176,0.481400,2.267522,-0.052057,0.230286,0.039230,-0.163804,27.872933
35947898599,0.143964,3.779838,-0.044697,-0.185906,-0.056078,0.093565,27.991006
36048032021,0.973066,3.210104,0.178100,0.026760,-0.088306,0.016074,28.063546
36148165443,1.313364,2.719509,0.293415,0.184956,0.030333,-0.093107,28.180481
36248298865,-0.238422,2.460280,0.225548,0.073865,0.051695,-0.022481,28.296931
36348432288,-1.026819,2.966369,-0.510958,-0.145240,0.054603,0.153181,28.376046
36448565710,2.047629,-0.441908,-0.649628,-0.284229,0.070093,0.171995,28.495793
36548699132,1.535474,-2.526700,-0.199800,-0.346110,0.075713,0.189841,28.613880
36648832555,0.580153,-2.292813,0.126858,-0.523929,0.049036,0.281268,28.692645
36748965977,2.018703,-0.922530,0.427481,-0.447656,-0.048341,0.242215,28.780847
36849099399,2.812928,-1.289761,0.788979,-0.733528,0.020325,0.378347,28.894465
36949232821,2.903638,-1.402099,0.625631,-0.573179,0.106459,0.230468,28.985104
37049366244,0.164804,3.838461,-0.405783,-0.504878,0.081595,0.201233,29.077256
37149499666,-1.236207,4.033803,-0.871619,-0.265385,0.097472,0.037569,29.182636
37249633088,-0.015652,2.035410,-0.466338,-0.173933,0.003020,0.052966,29.293521
37349766511,1.888373,-2.542546,0.622367,-0.025306,-0.100328,0.042596,29.400380
37449899933,0.196853,-0.963917,0.564719,0.073929,0.004702,-0.051896,29.468966
37550033355,0.987204,-0.924679,0.014813,-0.471583,0.082582,0.243003,29.578108
37650166777,2.657675,-0.340444,-0.443277,-0.162449,0.004759,0.024123,29.690670
37750300200,2.161291,0.646311,-0.601615,0.443159,-0.006874,-0.294285,29.798494
37850433622,0.270091,0.223486,0.886029,0.401701,0.102805,-0.350990,29.935134
37950567044,0.117325,0.672156,1.165377,0.287178,0.106975,-0.354411,29.979795
38050700466,0.363173,-0.071075,0.341388,0.169479,-0.047642,-0.100046,30.010110
38150833889,-0.440152,0.105301,0.768723,0.024388,-0.059446,0.011161,30.112438
38250967311,0.488025,-0.884659,0.698610,0.091901,0.014719,-0.082747,30.176305
38351100733,-0.518200,0.745862,-0.204635,0.084319,0.030414,-0.043687,30.266311
38451234156,-1.193329,1.512559,0.000381,0.095868,0.065370,-0.136486,30.332239
38551367578,-1.503575,1.536715,-0.128558,-0.042082,0.022889,-0.077035,30.395999
38651501000,0.603907,-0.070191,-0.369748,-0.179143,0.006585,0.127282,30.467542
38751634422,0.162978,0.535936,1.037956,-0.313287,-0.038825,0.228557,30.460713
38851767845,0.870999,-0.560552,0.893744,-0.486034,-0.073308,0.323455,30.497058
38951901267,0.575005,-0.262631,-0.043662,-0.292352,0.016780,0.153509,30.567034
39052034689,-1.169744,2.690760,0.144374,-0.269871,0.119475,0.062655,30.622508
39152168112,0.606263,1.617007,1.300797,-0.024745,0.174838,-0.058155,30.690623
39252301534,0.092983,0.917653,0.417966,0.198648,-0.055885,-0.048761,30.788019
39352434956,-1.375564,-0.110666,0.465483,0.063772,-0.242329,0.128942,30.806842
39452568378,-1.579581,-1.224682,1.727622,-0.083691,0.053423,-0.014111,30.876924
39552701801,2.460288,-1.291214,-0.483221,-0.016659,0.308781,-0.251874,30.988945
39652835223,1.500104,-0.247048,-0.153626,0.013341,0.089833,-0.137051,31.033949
39752968645,-1.963513,2.048283,2.094611,-0.036649,-0.073756,0.013515,31.073358
39853102068,1.034548,1.756776,0.516116,-0.067303,-0.140466,0.082162,31.153912
39953235490,2.758537,-2.191062,-0.339258,0.150829,-0.089965,-0.083093,31.249285
40053368912,2.606221,-1.104251,-0.303349,0.270637,-0.016279,-0.248393,31.303496
40153502334,0.120950,-0.728450,0.366052,0.143920,-0.057344,-0.115426,31.353522
40253635757,-1.218259,-3.367069,0.677911,0.174660,-0.010728,-0.048868,31.440638
40353769179,-0.891893,-3.398145,-0.774027,0.022731,-0.093156,0.041329,31.517700
40453902601,0.146817,-2.607405,-0.490228,0.027649,-0.121055,0.025041,31.569134
40554036024,2.626418,-0.189254,-0.001565,-0.020361,0.005884,0.056075,31.632225
40654169446,3.298037,2.381092,-0.996722,0.155519,-0.102204,-0.000492,31.698046
40754302868,2.200705,3.789788,-0.005431,-0.183837,-0.180490,0.216666,31.761185
40854436290,1.035294,-1.899774,0.697049,-0.467298,-0.062617,0.271865,31.831432
40954569713,0.128766,0.861981,-0.049557,-0.680513,-0.043826,0.302214,31.915679
41054703135,0.637518,-2.297957,-0.672054,-1.117171,-0.081947,0.695521,31.959224
41154836557,0.268251,-4.691543,-0.086416,-0.865104,-0.110341,0.641640,31.990053
41254969979,-0.762237,-6.281933,-0.022086,-1.008405,-0.067737,0.623478,32.081533
41355103402,-0.975073,-1.881000,-0.023350,-0.682435,-0.069600,0.214433,32.134189
41455236824,-2.637720,9.779542,-1.123110,-0.945579,-0.103223,0.504987,32.202065
41555370246,-1.591741,9.532055,-0.698458,-0.075740,-0.135957,0.098031,32.247353
41655503669,0.117293,7.574121,1.233497,0.315910,-0.038268,-0.219953,32.285696
41755637091,2.107868,-2.260191,0.566004,-0.825921,-0.070423,0.578812,32.377981
41855770513,1.577617,-1.767055,-0.432894,-0.231871,-0.128863,0.218267,32.446673
41955903935,0.472762,-4.178377,-0.431150,0.856993,-0.053625,-0.474394,32.509959
42056037358,-0.137549,-0.586459,0.977307,1.280481,0.038812,-0.754990,32.582648
42156170780,-1.047698,5.931040,0.303928,0.669891,0.017390,-0.469685,32.630999
42256304202,-1.138103,6.255579,0.309334,0.509421,0.057390,-0.351481,32.656261
42356437625,0.323042,2.751036,-0.583275,0.101810,0.248035,-0.132183,32.638506
42456571047,0.343544,-4.656687,-0.307530,-0.008405,0.140198,-0.096756,32.701184
42556704469,-0.193943,-2.681364,0.474694,-0.274296,-0.083004,0.244964,32.711131
42656837891,-1.183286,-2.663041,0.242368,-0.484185,0.091428,0.302788,32.689262
42756971314,-1.465108,-1.393154,-0.850541,-0.014895,-0.005471,0.049996,32.619698
42857104736,-0.297882,-0.496199,0.967103,-0.020262,0.109675,0.059821,32.552621
42957238158,-1.876345,0.272866,2.866812,-0.282726,0.358354,-0.024834,32.509933
43057371581,-0.422973,-2.041994,-0.119901,-0.420055,-0.047381,0.223922,32.472032
43157505003,-0.344735,-0.690965,-1.209541,0.021160,-0.177891,0.112149,32.439595
43257638425,-1.443608,-2.011785,-0.860012,0.369351,0.025788,-0.211623,32.406711
43357771847,-1.407017,-3.196164,0.257470,0.459917,0.003225,-0.335837,32.350246
43457905270,-1.786500,-1.374767,1.564510,0.028580,-0.073032,-0.048755,32.305656
43558038692,0.701296,-3.539752,0.484325,-0.223620,-0.091875,0.203527,32.264361
43658172114,0.199603,-0.084019,0.115903,-0.502958,0.013510,0.302152,32.205743
43758305537,-2.596381,4.018783,0.218499,-0.814456,0.068494,0.439352,32.174633
43858438959,-2.474008,6.389611,-0.439765,-0.400423,-0.024357,0.222695,32.158312
43958572381,0.560672,2.633519,-0.706775,-0.541109,0.038266,0.258356,32.112579
44058705803,1.837476,-5.389462,0.263504,0.061746,0.088382,-0.119668,32.009141
44158839226,1.718808,-3.936758,-0.544517,0.202509,-0.042028,-0.169643,31.984420
44258972648,0.425881,-3.609641,0.409971,0.328913,-0.154648,-0.178720,31.966013
44359106070,1.091679,-0.870353,-0.964513,0.291292,-0.088361,-0.149986,31.914097
44459239492,0.880431,0.506113,-2.518185,0.123690,-0.001581,-0.055653,31.917678
44559372915,-1.601185,0.718608,-0.304489,0.081244,0.070470,-0.149901,31.843545
44659506337,-0.639702,0.073238,-0.379374,0.054182,-0.010730,-0.088727,31.788345
44759639759,-0.613462,0.179678,-1.109834,0.156491,-0.190826,0.048225,31.782998
44859773182,-0.960068,0.380153,-0.543714,-0.021963,-0.165185,0.109350,31.756024
44959906604,0.120718,-1.317998,0.768426,-0.211872,-0.049186,0.160228,31.639604
45060040026,1.492536,-1.102881,1.454899,-0.118506,0.023240,0.108878,31.593293
45160173448,0.246617,-1.919922,-0.143815,-0.116626,0.030215,0.041285,31.572453
45260306871,-1.591632,-1.247175,0.746132,-0.104730,-0.010734,-0.033947,31.501313
45360440293,-3.369545,-0.938431,1.807143,0.032996,-0.169240,-0.019225,31.451868
45460573715,0.530313,-0.636920,-0.414246,0.025302,-0.181644,0.103139,31.391541
45560707138,0.275850,-0.605726,0.257809,-0.002063,-0.054808,0.073216,31.343643
45660840560,-2.021306,-0.821404,0.833313,-0.273171,-0.152008,0.208129,31.279482
45760973982,0.994271,-3.480917,0.871421,-0.401693,-0.009814,0.203212,31.217562
45861107404,-0.782282,-2.086700,0.270614,-0.408729,0.112162,0.120852,31.138214
45961240827,-0.792751,-2.013468,-0.535127,-0.403147,0.041325,0.181540,31.100250
46061374249,-2.610957,-0.009617,0.089733,-0.348183,-0.010778,0.235006,31.055592
46161507671,-1.412132,0.953103,-0.260505,-0.412455,-0.099807,0.363517,30.995678
46261641094,1.181896,1.685624,-0.719902,-0.184592,-0.077892,0.188913,30.924230
46361774516,-1.699264,-1.228935,0.903942,-0.192980,0.140975,0.042206,30.849903
46461907938,0.420234,-2.449351,0.303157,-0.045710,0.211242,-0.128004,30.808412
46562041360,1.364959,0.566814,-1.035471,0.182919,0.009710,-0.139322,30.773555
46662174783,-2.144469,-0.674867,-0.227841,0.067780,-0.075128,0.036130,30.674120
46762308205,1.217164,-2.626968,-0.622990,0.235705,-0.110943,-0.039848,30.624267
46862441627,2.593033,-2.002986,-1.322522,-0.234743,-0.095172,0.176088,30.594993
46962575050,-0.079751,1.507531,-0.739514,-0.447727,0.099602,0.177678,30.493685
47062708472,-2.271342,2.579302,-0.582229,0.147871,-0.036842,-0.084418,30.447721
47162841894,0.730418,-2.139536,0.298037,0.435497,-0.147734,-0.215411,30.390998
47262975316,-1.056116,-2.664904,0.166696,0.517636,-0.013103,-0.301680,30.356636
47363108739,-2.142130,-2.802103,-0.435419,0.104473,0.054941,-0.104594,30.301374
47463242161,0.185941,-1.614289,-0.115194,0.075062,-0.062131,-0.031060,30.230417
47563375583,-0.667675,2.627203,-0.622146,-0.266667,0.003857,0.126616,30.164925
47663509006,-0.480198,0.477634,-0.854754,-0.347368,-0.044178,0.179803,30.107011
47763642428,-4.252538,2.364460,0.348239,-0.421828,-0.113654,0.297189,30.068963
47863775850,-1.702979,1.294804,-0.474893,-0.612135,-0.059342,0.368511,29.979576
47963909272,-0.649027,4.546343,-1.021453,-0.440449,-0.003579,0.175668,29.963049
48064042695,-1.124700,1.705222,0.057200,-0.661304,0.041096,0.331578,29.920717
48164176117,-0.753464,-3.961409,0.310673,-0.139030,0.015727,0.025456,29.813540
48264309539,-0.478192,-4.547566,-0.207332,-0.260262,-0.030066,0.151914,29.774624
48364442961,0.560812,-3.662932,-0.418709,0.387067,0.075662,-0.286954,29.758568
48464576384,-0.814645,6.103128,-0.503649,0.424753,-0.011980,-0.209088,29.677855
48564709806,-1.244118,1.361181,1.745023,0.679628,-0.112376,-0.346246,29.648056
48664843228,-1.593365,2.007365,-0.374695,0.706598,-0.123772,-0.374373,29.621895
48764976651,-2.335464,1.748296,-0.150273,0.424477,-0.119669,-0.137981,29.574497
48865110073,-3.283278,3.767785,0.998622,0.492311,0.031364,-0.292714,29.535810
48965243495,-0.884491,2.135191,-0.659244,0.425427,0.074013,-0.264853,29.497791
49065376917,-1.811587,0.009737,0.271696,0.292778,-0.075062,-0.106620,29.457193
49165510340,-2.961914,1.854740,-0.078841,0.047844,-0.110444,-0.032082,29.444329
49265643762,-1.631319,0.825097,-0.584846,0.089651,-0.083265,-0.015353,29.399049
49365777184,-1.798769,0.872960,-0.488188,0.106002,0.034330,-0.071725,29.375731
49465910607,-0.786460,1.207530,-0.524744,0.024094,0.039947,-0.037796,29.332537
49566044029,-1.833377,2.264040,-0.282088,0.150189,0.000346,-0.117160,29.288169
49666177451,-1.215429,1.891316,-0.691862,-0.077901,0.095680,0.005565,29.255804
49766310873,-1.259387,-0.180869,0.654902,-0.073380,0.015461,0.005998,29.187346
49866444296,-2.017953,-1.429233,0.710114,0.037340,-0.053816,0.043919,29.130740
49966577718,-0.575879,-0.530118,0.136865,0.211678,-0.072354,-0.073400,29.112321
50066711140,0.676403,0.923503,-0.564379,0.035139,0.055406,-0.089067,29.074050
50166844563,-0.048763,0.971559,-1.123483,0.073038,-0.058384,-0.001588,28.997808
50266977985,0.373520,0.595586,0.865295,0.129598,-0.119260,-0.046403,28.939493
50367111407,0.470956,-1.959359,-0.138665,0.046758,-0.015105,-0.037441,28.892749
50467244829,0.219773,0.734858,-1.035536,-0.263847,-0.031277,0.227238,28.827818
50567378252,-0.409380,-1.454987,-0.110834,-0.446584,0.002897,0.238503,28.752045
50667511674,-1.940267,0.388414,0.003902,-0.382884,0.036082,0.228481,28.740447
50767645096,-2.378604,-1.593802,0.739491,-0.460414,0.079089,0.269827,28.686064
50867778519,1.159292,0.605365,-0.694847,-0.314602,0.065673,0.094697,28.644142
50967911941,0.453247,3.272924,-0.199557,-0.478650,0.072409,0.196756,28.568069
51068045363,-2.079633,-0.885740,0.629314,-0.471427,0.053688,0.272903,28.548609
51168178785,-0.975787,0.499671,0.625156,-0.316112,0.001313,0.155019,28.555000
51268312208,-0.056942,-1.071066,-0.051325,-0.271039,-0.008938,0.267993,28.528434
51368445630,0.630672,-0.917682,-0.662488,-0.105217,-0.048725,0.155539,28.505844
51468579052,1.954833,-0.990859,-0.254707,0.019904,0.048461,-0.044303,28.505112
51568712474,0.410917,0.514679,0.639092,0.070359,-0.028134,0.002617,28.467817
51668845897,-1.395458,0.731630,0.975161,0.123582,-0.077719,-0.017712,28.451339
51768979319,0.288712,1.329967,-0.615950,0.159526,-0.127167,-0.112710,28.424353
51869112741,0.200478,0.733337,-0.297067,0.039280,-0.004863,-0.038987,28.424423
51969246164,-0.271688,1.870575,-0.131061,0.172629,-0.004543,-0.114375,28.451543
52069379586,-1.215464,-0.082678,0.909750,0.144762,-0.058632,-0.089118,28.394430
52169513008,-0.424752,-1.007825,0.105286,0.261079,-0.064656,-0.051550,28.378130
52269646430,-0.887197,-0.944996,-0.552268,-0.043396,-0.086325,0.009383,28.398592
52369779853,-1.454577,-1.465065,-0.547947,-0.120883,0.010217,0.036188,28.402868
52469913275,-0.388412,-0.139055,0.434241,-0.075195,0.025302,0.038563,28.329895
52570046697,-0.043727,0.668223,1.162900,-0.050488,0.042978,0.020068,28.300445
52670180120,-1.052346,1.790979,0.268540,-0.081372,0.037073,0.055105,28.242823
52770313542,-1.470353,1.968559,-0.252098,-0.133344,0.012234,0.038004,28.231337
52870446964,-0.898287,1.446163,-0.703145,-0.034152,-0.046415,0.038859,28.230682
52970580386,-1.896269,-0.429085,0.479795,-0.119505,0.045097,0.079386,28.162377
53070713809,-0.942668,-0.243384,-0.106037,0.020833,0.094391,-0.005300,28.127929
53170847231,-0.172656,0.493254,-0.115091,-0.012208,0.106310,-0.071574,28.086821
53270980653,-0.498127,0.779170,-0.283045,-0.133872,0.106742,0.015104,28.015707
53371114076,-0.026280,-1.358185,-0.592742,-0.145164,0.001118,0.125218,28.053503
53471247498,0.409810,0.591643,-0.424960,-0.323453,0.034848,0.142430,28.048171
53571380920,-1.388385,-1.796316,0.474693,-0.414114,0.065088,0.223636,27.966118
53671514342,-1.200046,0.244226,-0.371375,-0.192562,0.024464,0.125001,27.952954
53771647765,-1.083538,1.447257,-0.047676,-0.243338,0.000627,0.127051,27.935404
53871781187,-1.279513,2.680722,0.018182,-0.072707,-0.063377,0.023556,27.910957
53971914609,-0.320094,1.210939,0.670030,-0.067817,0.052358,0.013351,27.890617
54072048032,-0.235072,1.440544,-0.136728,0.034496,-0.029797,0.023340,27.816554
54172181454,-2.372780,1.619510,-0.403550,-0.093139,-0.138945,0.085195,27.761929
54272314876,-0.704075,-1.997203,-0.777461,-0.168759,-0.021926,0.139770,27.731425
54372448298,-0.379957,-0.979360,0.230237,-0.387507,0.034702,0.195992,27.739989
54472581721,-2.195074,-1.132058,0.222754,-0.006678,0.022411,-0.051444,27.655384
54572715143,-0.950103,-1.834187,0.111129,-0.087998,0.001910,0.120809,27.594045
54672848565,-0.525464,-1.408318,-0.264269,0.096715,0.011664,-0.067777,27.608779
54772981987,-0.357845,0.993379,0.037946,0.111789,0.020963,-0.038849,27.566968
54873115410,-0.450968,0.780968,-0.045113,0.025784,0.090462,-0.079879,27.510076
54973248832,-1.541659,0.915462,0.000385,0.074154,-0.005729,0.023076,27.458673
55073382254,-1.198265,1.264686,-0.422884,0.032517,0.024908,0.030913,27.475168
55173515677,0.008688,0.534238,-0.332812,-0.069908,-0.039061,0.037131,27.404427
55273649099,-0.074900,1.126880,-0.473069,0.087314,-0.064719,-0.011691,27.387479
55373782521,-1.191564,0.362821,0.274887,0.108371,-0.104373,-0.014487,27.403832
55473915943,-0.127869,0.490920,-0.430711,0.083680,0.032870,-0.066558,27.353235
55574049366,-1.054601,0.593787,0.258241,0.189619,-0.015459,-0.093116,27.381404
55674182788,0.172490,2.618521,-0.489280,0.159876,-0.037342,-0.087052,27.360140
55774316210,0.263217,0.850572,0.857427,0.197120,-0.070471,0.002143,27.349215
55874449633,1.149804,3.317813,0.220496,0.347152,0.029259,-0.310284,27.376885
55974583055,-0.016080,-0.461275,0.009664,0.352527,0.011505,-0.153869,27.395641
56074716477,-0.315226,-0.301568,-0.069284,0.256776,-0.037339,-0.119026,27.392247
56174849899,-0.600272,2.367207,0.825003,-0.024303,-0.118295,0.056649,27.412455
56274983322,0.228440,2.265838,0.793227,0.087527,0.031414,-0.054223,27.405836
56375116744,1.328984,1.413884,0.103313,0.238131,0.007558,-0.172468,27.447642
56475250166,0.092540,-0.477882,-0.803185,0.026885,-0.040853,0.007581,27.487094
56575383589,-0.545739,-0.731715,-0.412167,-0.054307,0.008894,0.094957,27.477620
56675517011,-0.397387,-0.002930,-0.683225,0.066815,-0.047563,-0.030263,27.515786
56775650433,-0.020370,0.434737,0.655726,-0.000615,-0.073593,0.020717,27.527688
56875783855,0.463134,0.641007,0.649375,-0.002638,0.047106,-0.022818,27.523997
56975917278,0.189363,0.082704,0.031811,0.040756,-0.028494,0.008183,27.510824
57076050700,-0.341680,0.176994,-0.153798,0.046253,-0.062037,0.047329,27.528281
57176184122,-0.811127,1.399458,0.051563,0.055575,-0.101559,-0.008494,27.494580
57276317545,-0.505237,1.157349,-0.335915,0.014388,0.001207,0.023336,27.427886
57376450967,-1.046120,-0.593719,-0.014344,0.183853,-0.019419,-0.074247,27.458468
57476584389,0.353672,0.844504,0.095244,0.160046,-0.006774,-0.141764,27.427105
57576717811,-0.601030,-0.834538,0.843834,0.177963,-0.077440,-0.064942,27.437563
57676851234,0.228039,-0.474719,0.680965,0.208403,-0.006386,-0.161660,27.477235
57776984656,1.221692,0.858118,0.571923,0.052398,-0.013786,-0.003548,27.406966
57877118078,-0.128178,1.395705,0.031870,0.216936,-0.013125,-0.136474,27.390767
57977251501,-0.178750,2.190279,-0.081352,-0.042026,-0.049505,0.033543,27.429321
58077384923,-0.368473,-1.786133,-0.406715,0.145884,0.008425,-0.083273,27.382821
58177518345,-0.048469,0.343563,-0.222538,0.318779,0.013936,-0.233523,27.404870
58277651767,-0.387673,-2.588593,-0.652297,0.085801,-0.019033,-0.037316,27.394973
58377785190,0.342051,-0.252081,-0.825982,-0.325198,-0.025621,0.207213,27.389753
58477918612,-0.338601,-2.115585,-0.042859,-0.304735,0.074644,0.153295,27.407099
58578052034,0.081044,0.274674,0.075581,0.021784,0.004714,-0.056505,27.368365
58678185456,-0.659156,-0.828728,0.544219,-0.154763,-0.007123,0.084365,27.391295
58778318879,-0.187258,0.589192,-0.316404,-0.076775,0.048552,-0.000980,27.397195
58878452301,-0.008108,0.202229,-0.331976,-0.174541,-0.014714,0.050503,27.413981
58978585723,1.002201,-0.124230,-0.312643,0.023615,-0.058108,-0.002532,27.418889
59078719146,1.509124,0.076642,-0.755598,0.169495,-0.029758,-0.040031,27.410361
59178852568,1.779327,1.026530,-0.714583,-0.147326,0.002035,0.015858,27.435654
59278985990,0.017457,-0.446320,0.249456,-0.129956,0.033574,0.092039,27.445469
59379119412,-0.250179,0.906339,0.813772,-0.108006,-0.043798,0.099629,27.466550
59479252835,-0.341017,0.370167,-0.360282,-0.122628,-0.017037,0.050497,27.473485
59579386257,0.641614,0.459650,-0.324403,-0.081812,-0.019539,0.034559,27.462863
59679519679,0.276087,-0.019301,0.169444,-0.117284,0.024085,0.007686,27.531568
59779653102,0.147141,-1.002026,0.600387,0.044101,-0.014379,-0.030147,27.503757
59879786524,-0.334612,0.435312,0.039890,0.034528,-0.043557,0.005943,27.541368
59979919946,-1.398277,-0.377087,0.220148,0.123054,-0.046159,-0.064964,27.553889
60080053368,-1.061605,0.797817,-0.489195,0.076374,-0.084293,-0.021998,27.564340
60180186791,-0.408510,-0.123231,0.152140,0.104064,-0.040933,-0.049248,27.560485
60280320213,0.606805,0.315347,-0.017123,0.060171,-0.017091,-0.004583,27.506681
60380453635,0.031582,0.149598,0.216398,0.027669,-0.030909,-0.007573,27.528529
60480587058,-0.967022,0.535409,-0.099235,0.052182,-0.047018,-0.001204,27.475833
60580720480,-1.452816,-0.321549,0.029948,0.027464,-0.034326,-0.006610,27.456178
60680853902,-1.124058,-0.575570,-0.491956,0.082378,-0.032286,-0.001066,27.433214
60780987324,-1.378810,0.390711,0.239561,0.029923,0.048309,-0.090986,27.358316
60881120747,-0.486940,-0.054927,-0.206845,0.055669,0.007638,0.018909,27.261725
60981254169,-0.255801,0.384114,0.119640,-0.121506,0.001221,0.073076,27.253664
61081387591,-0.364714,-1.545062,0.061068,-0.029066,-0.009948,0.071993,27.209539
61181521014,-0.500818,0.439019,0.262446,-0.112093,-0.086083,0.081037,27.129596
61281654436,-0.450768,-0.524265,-0.388489,-0.104263,-0.032863,0.059326,27.086217
61381787858,-0.198355,0.577241,0.155005,-0.121945,-0.018292,0.094809,27.026838
61481921280,-0.579283,0.106536,-0.646785,-0.054140,-0.106784,0.099412,27.012497
61582054703,-0.275868,0.997034,-0.022327,-0.133947,-0.051976,-0.008826,26.915074
61682188125,-0.398157,0.873966,0.046385,-0.193290,0.000307,0.176314,26.861014
61782321547,-1.635331,1.875418,1.351073,0.007308,-0.022808,-0.022088,26.808612
61882454969,-0.438843,-0.185020,0.154786,-0.166941,0.022793,0.174546,26.767739
61982588392,-1.337438,-1.102821,-0.197833,-0.255489,-0.001878,0.099597,26.718899
62082721814,-0.995701,2.284111,-0.091249,-0.121134,-0.045312,0.015540,26.676911
62182855236,-0.807590,1.328706,-0.428329,0.151585,0.012634,-0.111752,26.583002
62282988659,0.006918,1.385523,-0.166338,0.047460,-0.013472,-0.041382,26.616407
62383122081,-1.122724,-0.861913,0.004250,0.183005,0.069393,-0.178011,26.542206
62483255503,-1.341162,0.198338,-0.220240,0.118208,0.057221,-0.051972,26.394335
62583388925,-0.990721,-1.253058,-0.459952,0.143703,-0.041101,-0.099079,26.416467
62683522348,0.160482,0.592310,-0.427723,0.204605,-0.015619,-0.084719,26.368341
62783655770,-0.894758,0.832849,0.317954,0.106450,-0.022071,0.010619,26.365310
62883789192,-0.861808,1.041627,0.383620,0.129055,0.035934,-0.121062,26.263139
62983922615,-0.539917,0.691098,0.159953,-0.009702,0.073250,0.035803,26.172421
63084056037,-0.536185,-0.317226,-0.075955,-0.003936,-0.024626,-0.050897,26.196014
63184189459,-0.181192,0.265499,0.013242,-0.008208,-0.048228,0.064961,26.156751
63284322881,-0.063099,0.527519,0.111391,-0.000853,0.022225,-0.053173,26.067949
63384456304,-0.783601,0.532109,-0.642377,-0.017366,0.121904,-0.138558,26.009185
63484589726,-0.360432,1.418934,0.372865,0.054787,-0.062988,-0.004737,25.974794
63584723148,-0.348893,0.387285,0.262175,0.122003,-0.136629,-0.059369,25.933522
63684856571,-0.058897,0.956237,-0.131981,0.103025,0.058055,-0.073323,25.929537
63784989993,1.282840,0.435919,-0.638465,0.037442,0.171391,-0.173086,25.833206
63885123415,0.089932,1.219416,0.713084,0.093975,-0.009975,0.012992,25.830535
63985256837,0.189431,0.305458,0.899545,0.240676,-0.043842,-0.050744,25.836371
64085390260,0.113232,2.832072,-0.174835,0.163415,0.008137,-0.089009,25.841214
64185523682,-0.328207,0.183110,-0.350314,0.185291,0.033058,-0.059867,25.894922
64285657104,-0.270787,2.432681,-1.013899,-0.027186,0.066455,0.077093,25.871530
64385790527,-0.535988,2.537644,-0.005560,-0.219954,0.091300,0.064453,25.879695
64485923949,-0.738105,2.335538,-0.222722,0.122980,0.003460,-0.040813,25.839937
64586057371,-0.486878,1.665513,-0.893359,-0.066168,-0.032881,0.015027,25.793374
64686190793,-1.308917,0.028864,0.300502,0.186043,-0.035670,-0.030460,25.875769
64786324216,-1.316820,1.761330,0.130091,0.072837,-0.031934,-0.129640,25.796003
64886457638,-0.401467,0.078843,0.170119,0.233690,0.016892,-0.164849,25.840671
64986591060,0.646033,2.284995,-0.855965,0.294197,-0.109166,-0.136946,25.855292
65086724482,0.887624,0.343251,-0.149005,0.144727,0.051317,-0.120760,25.852498
65186857905,-0.177677,1.877065,-0.261477,0.198915,0.016210,-0.112161,25.844948
65286991327,0.347425,1.425364,0.186382,-0.199590,0.016316,0.100656,25.896084
65387124749,0.294378,-1.274263,-0.053393,-0.022808,-0.008114,0.013117,25.897113
65487258172,-0.778326,-0.202596,0.830489,0.043728,0.117622,-0.067082,25.870661
65587391594,-0.162122,-1.435155,0.603177,-0.103155,0.062011,0.036102,25.916709
65687525016,0.639083,-0.026250,-0.289266,-0.107890,0.011037,0.007672,25.943339
65787658438,1.021816,-1.912507,0.015298,-0.248912,-0.014715,0.153240,26.038883
65887791861,0.468801,-0.736443,0.393442,-0.227676,0.100951,0.049948,25.955373
65987925283,0.082885,1.669960,0.604828,-0.091132,0.013071,-0.026302,25.971009
66088058705,1.208722,-1.182506,0.898052,0.235848,-0.025241,-0.051322,25.990899
66188192128,0.815737,2.271105,-0.484861,0.179976,-0.111315,-0.181013,26.042296
66288325550,0.465087,-0.038585,-0.576034,-0.004664,-0.053517,0.064610,26.028770
66388458972,0.267621,1.398255,-0.679718,0.133789,0.019541,-0.136371,26.073781
66488592394,0.578552,-0.639455,0.211700,-0.028418,-0.028786,-0.037749,26.049977
66588725817,1.596283,-1.138850,-0.210268,0.063398,0.101849,0.000750,26.022944
66688859239,0.655226,1.634957,-0.498121,0.069896,-0.055849,-0.132824,26.084917
66788992661,1.813784,-1.789912,0.246132,-0.132766,0.012873,0.146302,26.125933
66889126084,0.861897,0.686489,0.306853,-0.020070,0.049662,-0.067280,26.099796
66989259506,0.828930,-2.409587,0.668321,-0.266053,0.027925,0.119750,26.129831
67089392928,1.232737,0.715854,0.398840,-0.233530,-0.003263,0.128223,26.183055
67189526350,-0.611999,3.066369,-0.917998,-0.265553,-0.014967,0.076659,26.185407
67289659773,0.327974,-0.256837,-0.476324,0.559264,-0.001003,-0.333803,26.185000
67389793195,-0.973253,5.276935,-1.621782,0.411832,-0.133181,-0.214447,26.249601
67489926617,-0.356972,0.036669,-0.366463,0.354587,-0.051630,-0.155749,26.231715
67590060040,1.630380,-3.473990,0.415572,0.529005,-0.036675,-0.317808,26.273919
67690193462,1.832722,-1.333343,0.036107,0.026735,0.074575,-0.060913,26.287908
67790326884,0.375056,-2.649349,0.276145,0.418215,-0.081123,-0.196843,26.314231
67890460306,0.371152,-3.729818,-0.101167,-0.299483,0.048272,0.168673,26.322473
67990593729,1.853128,-3.518452,0.353782,0.097514,0.002957,-0.040687,26.321294
68090727151,-1.277377,2.890593,-0.162931,-0.566589,0.003558,0.267970,26.349085
68190860573,0.600425,-2.751698,0.885762,-0.458737,0.101637,0.254889,26.279256
68290993995,-1.834868,3.176858,-0.129503,-0.424483,-0.044923,0.203287,26.291154
68391127418,-0.923088,1.203107,-0.734839,-0.618932,0.085918,0.371159,26.269261
68491260840,-2.180602,3.763407,-0.775973,0.104589,0.035243,-0.031185,26.234243
68591394262,-1.093915,2.761481,-0.228390,-0.274493,-0.016768,0.139120,26.189984
68691527685,-1.151699,-3.645421,0.229567,0.459582,-0.032071,-0.191146,26.147466
68791661107,-2.540519,1.527609,-0.472368,0.320976,-0.045123,-0.207029,26.131158
68891794529,0.292101,-2.858388,0.237811,0.263234,-0.003418,-0.150450,26.085123
68991927951,1.175108,-1.209824,-0.376105,0.566825,-0.016052,-0.253848,26.003738
69092061374,1.314656,-2.657974,0.209685,-0.113604,0.090482,-0.049256,25.958330
69192194796,0.848435,0.083308,0.203516,0.333902,0.017917,-0.103302,25.918122
69292328218,-2.811122,4.249283,-1.509390,-0.522113,0.105910,0.222101,25.902946
69392461641,-0.297204,-0.462925,0.440338,-0.151552,0.066307,0.035678,25.827205
69492595063,-2.627895,2.293962,-0.311869,-0.289127,0.025363,0.129460,25.759895
69592728485,0.478624,-0.762825,-0.582079,-0.306773,-0.036366,0.298244,25.748561
69692861907,-1.113096,3.206655,-1.655130,-0.096187,-0.049049,0.178852,25.690533
69792995330,0.735431,0.938217,0.259950,-0.294419,0.029370,0.053692,25.647880
69893128752,0.644294,-1.637180,0.372618,0.157114,-0.025859,0.010156,25.604903
69993262174,-0.109098,0.442962,0.232100,0.024513,-0.012521,0.007412,25.559199
70093395597,-0.105936,-0.129633,-0.838655,-0.067372,0.108798,-0.067602,25.533541
70193529019,-1.419714,-0.200663,0.166731,0.006650,-0.060566,0.018671,25.445950
70293662441,0.156586,1.818302,0.094125,-0.077502,0.007195,0.018357,25.436358
70393795863,-0.491513,-0.347502,-1.143204,-0.233001,-0.078563,0.227004,25.404064
70493929286,-2.154572,-1.484858,0.614180,0.222147,-0.149660,0.063549,25.294969
70594062708,-1.389809,-1.091349,0.625729,-0.134803,0.101766,-0.080996,25.316274
70694196130,-1.150723,-1.024460,1.110449,-0.233315,0.013265,0.295037,25.289797
70794329553,-0.886375,0.859813,-0.121444,0.110640,0.017644,-0.090232,25.255040
70894462975,0.126709,-1.842449,-0.067011,0.062218,0.078713,-0.235185,25.227603
70994596397,0.681074,-1.490365,1.483021,0.201548,0.075243,-0.001030,25.261059
71094729819,0.973679,-0.859696,1.101031,0.140590,-0.139385,-0.098446,25.183325
71194863242,2.046928,-0.295471,-0.456343,-0.131771,-0.083181,0.156167,25.265320
71294996664,-0.108715,-0.083197,1.364784,0.094193,-0.198908,0.037717,25.198753
71395130086,-0.524298,-1.015120,1.439107,-0.123299,0.086014,0.089969,25.239658
71495263509,0.016900,0.184967,-0.868847,-0.176843,0.088242,0.133496,25.245914
71595396931,0.520496,2.073239,0.222842,-0.009149,0.097340,-0.144919,25.238426
71695530353,0.488357,1.090296,0.102496,-0.116982,-0.053272,0.196757,25.327748
71795663775,-0.066701,0.575716,-0.666905,0.188961,-0.134487,-0.089975,25.284113
71895797198,0.671526,2.274981,-0.300224,0.265213,-0.102326,-0.036454,25.346075
71995930620,1.186989,0.919782,0.557012,-0.056893,-0.129989,0.194913,25.327837
72096064042,-0.444795,2.262469,-1.290509,-0.076769,-0.008519,-0.045790,25.390453
72196197464,0.633505,-0.759252,1.505375,-0.287845,0.187188,0.260074,25.356447
72296330887,0.169430,-0.776562,-1.818431,0.156263,0.367668,-0.106982,25.412799
72396464309,2.612458,0.909260,-2.927544,0.101334,-0.411211,0.116044,25.453586
72496597731,-0.819632,0.352784,1.393214,0.201041,-0.204940,0.203139,25.405628
72596731154,-1.442132,-0.930348,0.884149,0.103962,-0.000058,-0.210538,25.466764
72696864576,-0.383196,0.934312,-1.000495,-0.134471,0.051908,0.022607,25.518397
72796997998,-0.605046,-1.231122,-0.327001,-0.069843,-0.012486,0.050687,25.479315
72897131420,1.744608,1.054488,-1.306515,-0.377995,0.124533,0.034813,25.619706
72997264843,-0.021764,-2.533058,0.024246,-0.611577,0.042828,0.294640,25.633615
73097398265,0.343505,-1.365605,0.228483,-0.561287,0.019961,0.239189,25.545419
73197531687,1.719216,5.050438,-1.150858,-0.057282,0.099463,0.153259,25.624061
73297665110,2.366641,-1.790822,0.135539,0.570948,0.122247,-0.357126,25.679827
73397798532,-0.050583,5.917659,-0.623484,0.618761,-0.132365,-0.287781,25.690891
73497931954,-0.827778,0.957563,-0.233419,0.380145,-0.032636,-0.035622,25.766464
73598065376,0.847963,5.264706,-0.685400,0.493227,0.010300,-0.352399,25.713030
73698198799,0.320113,-0.251681,-0.480419,-0.155429,0.109103,0.190530,25.755316
73798332221,1.287091,-5.045959,0.293081,0.176711,-0.174227,-0.098624,25.893776
73898465643,3.747451,0.673823,-1.137090,-0.457541,0.132029,0.324954,25.809407
73998599066,-2.242069,-2.013845,2.703089,-0.317238,0.291153,-0.066247,25.854342
74098732488,1.019288,2.529382,-1.457668,-0.504138,0.192780,0.133076,25.876666
74198865910,1.950650,-3.612998,-2.550020,-0.426389,-0.181549,0.396974,25.938186
74298999332,-0.306559,3.032945,0.018801,-0.027642,-0.164046,0.075995,25.992514
74399132755,2.538184,4.583506,-2.447573,-0.351593,0.155399,0.146672,25.925590
74499266177,1.561278,0.470438,-1.758466,0.510393,0.330724,-0.393394,25.926103
74599399599,-1.350692,5.553501,0.977031,0.357157,-0.093189,-0.171590,25.925007
74699533022,1.563612,-1.991702,0.334851,0.508708,-0.233953,-0.259409,25.926106
74799666444,0.753341,5.070571,-0.254183,0.721519,-0.126006,-0.218998,25.923896
74899799866,2.711328,-0.469283,-1.845352,-0.241516,0.167162,0.031296,25.939968
74999933288,0.937429,-3.724418,1.513327,0.288408,-0.062376,-0.102875,25.925010
75100066711,0.115566,0.198978,0.163554,-0.431876,-0.106157,0.288319,25.865073
75200200133,-0.314205,-5.502829,0.743267,-0.279800,0.197916,0.231021,25.974920
75300333555,1.202071,3.267623,-0.146160,-0.412050,0.131638,0.288313,25.935170
75400466977,0.948756,-5.632777,-0.676974,-0.618447,-0.225874,0.402548,25.986260
75500600400,-0.949457,4.383718,-1.226602,0.029394,-0.082098,0.222425,26.018331
75600733822,0.635887,4.834369,-0.306677,-0.618781,0.036961,0.106385,26.063860
75700867244,1.050777,3.741094,-0.915300,0.525247,-0.086768,-0.334102,26.059860
75801000667,0.070648,4.662467,1.755412,0.067942,0.172164,-0.026768,26.045081
75901134089,2.512447,-5.232627,1.054930,0.641225,-0.029596,-0.638565,26.162611
76001267511,0.383708,3.730669,-0.024842,0.601882,-0.037000,-0.132539,26.124333
76101400933,0.480245,-4.397524,0.711315,0.121695,-0.096034,-0.095282,26.160278
76201534356,3.055672,-3.310242,-1.327995,0.510378,0.081132,-0.318656,26.257732
76301667778,0.856188,-3.736074,-0.615405,-0.298322,0.162044,0.157126,26.237264
76401801200,2.583359,-2.312197,0.291641,0.315623,-0.103064,-0.183889,26.255711
76501934623,2.550669,6.321578,-0.565280,-0.857360,0.071978,0.467633,26.235942
76602068045,2.089412,-2.546187,1.450357,-0.359704,0.053775,0.238196,26.339897
76702201467,0.155474,6.736346,-0.822066,-0.660792,0.044935,0.296274,26.336211
76802334889,-0.982485,-0.110351,-0.929099,-0.604094,0.044357,0.419999,26.390512
76902468312,-0.047146,7.240692,-0.037625,-0.425510,-0.007378,0.195893,26.413281
77002601734,1.932104,-7.757530,0.555109,-0.974930,0.042199,0.538634,26.466111
77102735156,1.025501,-0.074755,0.851393,0.320410,-0.109561,-0.247959,26.464166
77202868579,0.231308,5.644216,-1.595099,-0.464516,0.021129,0.338362,26.398697
77303002001,0.985067,2.208917,-1.259481,0.594131,-0.068996,-0.345042,26.521254
77403135423,-0.261134,4.762696,0.741065,0.147801,0.188703,-0.018521,26.437992
77503268845,1.684073,-1.384133,0.018206,0.294722,0.138730,-0.220643,26.496565
77603402268,-0.696483,2.260575,0.639240,0.327536,0.019610,-0.086454,26.508847
77703535690,-0.561683,-0.392229,-0.382844,0.054935,0.150840,0.014532,26.478655
77803669112,0.277327,1.296332,0.007580,0.277331,-0.012848,-0.231226,26.547393
77903802535,1.077078,4.845751,-1.313678,0.110541,-0.126923,-0.067011,26.528141
78003935957,0.451723,1.171899,0.275050,0.422866,-0.099945,-0.220272,26.482959
78104069379,-0.912420,2.987249,-0.552478,-0.087614,-0.038130,0.054441,26.523579
78204202801,0.481559,2.428023,-1.216570,0.299630,-0.181283,-0.017649,26.418476
78304336224,1.042077,2.619446,0.193576,-0.391764,0.008673,0.301290,26.426104
78404469646,0.223258,-4.384424,0.231258,-0.233324,0.078083,0.075589,26.381665
78504603068,-0.788326,4.767008,-2.308039,-0.652213,0.077644,0.322705,26.350474
78604736490,-1.298306,-4.793331,-0.194025,-0.705157,0.187616,0.342802,26.314645
78704869913,1.093154,-2.761999,-1.639299,-0.149755,0.099397,0.003841,26.204848
78805003335,0.094494,-6.309546,0.078940,-0.655759,-0.071451,0.511479,26.152743
78905136757,-1.655694,-2.384887,2.940281,-0.855383,0.136751,0.440571,25.940127
79005270180,1.155938,5.355302,-1.076808,-0.263919,0.150477,0.152008,25.916894
79105403602,-0.282217,-5.867896,1.825435,0.662266,0.004744,-0.378264,25.829293
79205537024,-1.141823,-1.765663,-0.337146,0.292363,0.031130,-0.224327,25.876479
79305670446,3.000630,-5.429554,-1.514515,-0.207226,-0.196087,0.180810,25.727929
79405803869,-2.416218,-0.117018,0.327701,0.722583,-0.346360,-0.293757,25.672211
79505937291,1.065565,4.218645,-2.242882,0.375629,-0.073738,-0.199152,25.620892
79606070713,0.681879,-0.744114,-0.204592,0.066260,0.036033,-0.062381,25.522454
79706204136,-0.889895,2.584298,1.766315,-0.257450,0.013719,0.247523,25.478592
79806337558,-1.660149,-0.942632,1.605239,-0.163252,0.272969,-0.068825,25.410213
79906470980,-2.199620,1.802711,-1.725753,0.104514,-0.255330,0.104470,25.389053
80006604402,-0.615569,2.723180,-0.472448,-0.023614,-0.312021,0.079711,25.276523
80106737825,-1.073947,-1.656506,-0.205069,0.288559,-0.239568,-0.070460,25.288080
80206871247,-1.621303,1.520602,1.084540,0.343139,0.283295,-0.233921,25.145877
80307004669,-1.261069,1.264281,-0.157813,0.032486,0.205367,-0.146074,25.089377
80407138092,-0.968044,2.692260,0.203037,0.352266,0.002685,-0.100156,25.077740
80507271514,-1.991497,0.738870,0.677107,0.185257,-0.076225,-0.032870,25.031869
80607404936,1.370552,-1.671690,-1.917262,0.045786,0.045831,0.100719,24.998994
80707538358,-2.741885,1.680700,-0.295196,0.160779,0.009116,-0.276932,24.905707
80807671781,-0.465899,1.209918,-1.082765,0.097828,-0.197300,-0.027491,24.840163
80907805203,0.476775,1.457149,0.325628,-0.077714,-0.195859,0.264267,24.697185
81007938625,-0.540334,2.253576,-1.274132,-0.094230,-0.252321,0.275414,24.833569
81108072048,-2.022134,1.886018,1.467015,0.177049,-0.005283,-0.121435,24.737389
81208205470,-1.321806,-3.859084,0.254429,-0.204970,-0.150582,0.317428,24.632973
81308338892,-1.358491,-1.451136,0.748987,-0.183121,0.099185,0.030733,24.568351
81408472314,-0.594181,0.612467,-0.588226,-0.081809,0.130067,-0.123639,24.480843
81508605737,-0.868730,-1.507526,-0.241002,0.177486,-0.020988,-0.255325,24.446976
81608739159,-0.471010,-0.020194,-0.267498,0.015470,0.104442,0.306538,24.331134
81708872581,-0.356762,-0.350545,-0.896703,0.062677,0.165040,0.094508,24.222681
81809006004,0.367439,3.163100,-0.336313,0.158027,-0.191284,-0.239880,24.175111
81909139426,-2.478440,1.012862,0.212280,0.174309,0.078220,0.092953,24.133289
82009272848,2.547326,-1.519919,-0.045458,0.041196,0.173547,-0.218617,24.086461
82109406270,0.427086,-0.535452,0.638634,-0.167417,0.117861,-0.126545,23.977304
82209539693,0.272390,-3.025039,-0.552236,-0.119101,0.059493,0.297529,23.908165
82309673115,1.344261,0.672395,-0.958429,-0.001634,0.230370,0.013794,23.848488
82409806537,-3.521053,1.035355,0.568277,-0.025763,-0.161571,-0.035594,23.788930
82509939959,-2.413195,-1.606928,0.205272,0.143782,-0.097858,0.151867,23.699146
82610073382,-0.310177,-4.003617,1.374106,0.048253,0.206853,-0.201630,23.634219
82710206804,0.944914,-1.457967,0.035216,0.165737,-0.073857,0.149773,23.527432
82810340226,-1.825472,-1.457011,0.851713,-0.088784,0.090658,0.203720,23.505400
82910473649,0.184577,-0.417735,-0.770706,-0.076759,-0.048833,-0.053386,23.357959
83010607071,-1.475992,-0.703280,0.639585,0.077001,0.162464,0.158238,23.313193
83110740493,-0.172634,2.081287,-1.721583,-0.044227,0.255663,0.116430,23.207363
83210873915,-1.411611,0.884769,1.377670,-0.174282,-0.135898,0.079363,23.066735
83311007338,-2.096459,-0.014132,-0.189074,0.116975,0.044016,0.198073,22.962906
83411140760,-4.460606,-0.744713,-0.259981,-0.099839,0.043470,-0.179412,22.783846
83511274182,-0.662193,-0.756815,0.355541,-0.249743,-0.069592,0.012892,22.627159
83611407605,-3.345171,-0.769886,-0.200335,-0.143309,0.110577,0.057508,22.382484
83711541027,-0.122739,-0.545412,-0.661582,-0.258464,0.055005,-0.151476,22.151253
83811674449,-0.447454,0.423230,-0.999551,-0.192168,0.137616,0.315949,21.875427
83911807871,-1.071715,1.843690,-0.890140,-0.139442,0.176511,0.039162,21.647688
84011941294,-1.796846,-1.327250,0.901966,0.069756,0.207450,-0.242781,21.363890
84112074716,-1.118782,-0.871542,0.582963,-0.050700,0.149822,-0.196048,21.086487
84212208138,1.113681,-0.729288,-0.037129,-0.291000,0.178807,0.057741,20.870319
84312341561,0.115760,-1.198821,-0.989277,-0.154957,-0.202876,0.203310,20.621875
84412474983,-0.113355,3.879791,0.686311,0.241109,0.067997,-0.171637,20.421891
84512608405,-0.770844,-0.765353,-0.887182,-0.389186,0.061630,0.315525,20.345317
84612741827,0.703037,0.659631,-1.236583,-0.680224,0.107569,0.521123,20.190696
84712875250,-2.779870,-4.624922,-0.055384,-0.357313,0.130408,0.107525,20.044080
84813008672,-0.053117,-0.439459,0.375730,0.085799,-0.014554,0.142608,19.880438
84913142094,-0.721801,-4.746079,0.224130,-0.586860,-0.119361,0.484308,19.762138
85013275517,-0.128855,2.000972,-0.350954,-0.236014,-0.064458,0.101028,19.618468
85113408939,-1.574521,0.689104,-0.933609,-0.659306,0.041250,0.391009,19.556908
85213542361,0.464834,-5.099817,-0.284321,-0.319935,0.014067,0.265682,19.361234
85313675783,-0.713027,-0.456050,-0.062076,-0.247670,0.036747,0.046286,19.170436
85413809206,-0.616564,-4.177084,1.129492,0.500573,-0.062982,-0.312973,19.038659
85513942628,-0.773173,2.835395,0.480173,0.022759,-0.084743,0.101470,18.977456
85614076050,0.094326,-3.966332,-0.313496,0.690559,0.016721,-0.282736,18.897931
85714209472,0.289993,2.639905,-1.680359,0.337529,-0.149223,-0.221057,18.756659
85814342895,0.394264,-0.729839,0.836051,0.381223,-0.105871,-0.122122,18.667067
85914476317,1.010463,0.978016,0.958163,0.010571,0.040608,0.014519,18.590456
86014609739,0.113656,-0.981597,-0.054575,-0.094292,-0.063061,0.006431,18.453292
86114743162,1.222546,-0.843685,0.036502,-0.055531,-0.021843,0.027414,18.419699
86214876584,-0.774430,-1.691966,0.416362,-0.285877,0.108378,0.079811,18.323764
86315010006,-2.805199,2.011969,0.275386,0.267627,-0.039197,-0.307015,18.165907
86415143428,-3.646831,-2.780636,-0.387807,0.509938,-0.198680,-0.255740,18.071557
86515276851,-1.833581,2.024645,-2.652006,0.317498,-0.101670,-0.147722,17.976081
86615410273,-1.102672,-2.331479,-0.563359,0.303112,0.145711,-0.230711,17.873034
86715543695,-3.644495,-1.443703,0.389786,0.094971,-0.011919,-0.217754,17.708702
86815677118,-1.072053,-0.561708,1.039796,0.167596,0.013729,-0.027068,17.556548
86915810540,0.492869,-0.074444,0.577473,0.152407,0.048093,-0.099909,17.375005
87015943962,0.539551,-3.026649,-0.624615,0.270222,-0.017540,-0.234429,17.261041
87116077384,-1.780841,0.770535,-1.569547,0.360924,-0.177320,0.058535,17.142024
87216210807,-1.115700,2.052323,-0.761745,-0.091495,0.043413,0.158084,16.979208
87316344229,-1.674016,0.282523,0.966447,-0.017988,0.202389,-0.298037,16.801646
87416477651,0.420720,-0.344610,0.578768,0.088540,-0.068895,-0.122444,16.731701
87516611074,-2.549722,0.014333,-0.277483,0.052715,-0.166297,0.173055,16.582446
87616744496,-0.050427,-1.873094,-0.629983,0.058407,0.022396,-0.068809,16.501883
87716877918,-1.962926,0.161072,-0.463919,-0.016445,0.084262,-0.045947,16.366691
87817011340,-0.306970,-0.094742,-0.712884,-0.002499,0.004606,0.115946,16.246720
87917144763,-1.080707,0.525012,0.086091,0.109000,0.003177,-0.065159,16.137245
88017278185,-2.620571,-1.187084,-0.226769,-0.002053,0.077380,-0.005669,16.064458
88117411607,-1.166789,0.094707,0.061020,0.019419,0.051011,0.053435,15.924662
88217545030,-1.191086,-2.087916,0.110482,0.100969,-0.004707,-0.066804,15.712801
88317678452,-1.041794,-1.376481,0.097919,-0.011741,0.112399,0.002751,15.615821
88417811874,0.403358,-0.067278,-1.312891,-0.115600,0.073367,0.061847,15.444422
88517945296,0.700970,-1.098394,-0.748872,0.134768,-0.053188,-0.160425,15.190315
88618078719,-1.370036,-4.357159,0.352570,0.333045,-0.013657,-0.247498,15.134137
88718212141,-1.860373,-1.260295,-0.702335,0.283344,-0.036213,-0.189408,14.994382
88818345563,-1.361308,-3.215689,-0.060721,-0.070796,-0.014221,-0.071502,14.859116
88918478985,0.819989,-1.893699,0.025146,-0.096238,-0.086354,0.034531,14.702307
89018612408,-0.903965,-1.966883,0.895549,-0.205319,-0.044943,0.065623,14.645665
89118745830,-1.110414,-2.442072,0.577782,-0.321139,0.074431,0.084630,14.488112
89218879252,-0.250505,-0.429242,0.064072,-0.397778,0.018496,0.130157,14.387829
89319012675,0.941468,-2.661346,-0.566550,-0.381583,0.052362,0.209003,14.313099
89419146097,0.134330,-1.508052,-0.595619,-0.376987,0.015801,0.168295,14.165298
89519279519,-0.823734,-3.575580,0.541644,-0.374783,0.106624,0.103315,14.069722
89619412941,1.079081,-3.441156,-0.581731,-0.285965,0.025557,0.063892,13.934608
89719546364,1.078402,-3.944031,0.314938,-0.379067,-0.020848,0.140088,13.804857
89819679786,0.595596,-1.615561,-0.043458,-0.271369,-0.029289,0.115266,13.746293
89919813208,0.414021,-3.013137,-0.033226,-0.330118,-0.015319,0.098431,13.607355
90019946631,-0.352274,-3.399456,0.242536,-0.330602,0.050309,0.072468,13.462591
90120080053,1.040171,-2.280601,-1.080397,-0.282642,0.042743,0.079894,13.493223
90220213475,0.707746,-3.083292,-0.522752,-0.260310,-0.045791,0.051666,13.464804
90320346897,0.492318,-2.741853,-0.559786,-0.237311,-0.001994,0.001442,13.344518
90420480320,0.378551,-2.836444,-0.344771,-0.217532,-0.018588,0.018674,13.333068
90520613742,0.497032,-3.017199,-0.526954,-0.167983,-0.084267,0.005610,13.357343
90620747164,0.088564,-3.264846,-0.500160,-0.082894,-0.063634,-0.022133,13.304627
90720880587,0.678829,-2.536847,-0.642494,-0.184436,-0.070863,0.036423,13.311965
90821014009,0.798282,-1.981567,-0.536754,-0.267306,-0.104014,0.039473,13.287838
90921147431,-0.268923,-2.110435,-0.072989,-0.284889,-0.117225,0.051444,13.256221
91021280853,0.198879,-2.628334,0.683141,-0.131473,-0.047873,-0.028218,13.135794
91121414276,0.666314,-2.457417,0.099567,-0.184678,0.042463,0.060220,13.073669
91221547698,0.220619,-2.460085,0.748914,-0.165850,-0.043006,0.046332,13.075690
91321681120,0.418586,-1.360750,-0.277530,-0.168549,-0.015574,0.034272,13.050003
91421814543,-0.791029,-1.603195,0.070494,-0.256434,-0.003868,0.039026,13.030735
91521947965,0.461173,-2.509806,-0.393177,-0.179681,-0.027609,-0.074894,13.067822
91622081387,1.188836,-1.604163,-0.119830,-0.106011,0.019226,-0.043763,12.966231
91722214809,0.316687,-1.123528,0.285412,-0.100242,0.038285,-0.015720,12.904196
91822348232,0.003938,0.201423,0.199637,-0.147337,0.066901,0.018191,12.892754
91922481654,-0.670576,-2.027935,0.463911,0.008091,0.004251,-0.026281,12.816120
92022615076,-0.466756,-0.569033,-0.207546,0.054592,-0.081548,-0.069378,12.856645
92122748498,0.904039,-0.971002,-0.386635,0.051136,-0.075539,-0.078393,12.822116
92222881921,0.258773,1.658336,0.199082,-0.177231,-0.040859,0.062725,12.807919
92323015343,1.061276,1.017382,0.028523,-0.027082,0.010980,-0.077575,12.802035
92423148765,0.422432,3.172842,0.238302,-0.131028,0.003546,0.060804,12.713135
92523282188,-0.529317,2.769910,0.457296,-0.090070,-0.040838,0.057747,12.726282
92623415610,0.114208,3.401788,0.503143,0.021343,-0.013239,0.033603,12.758844
92723549032,0.684927,2.058068,0.070908,-0.031891,-0.000233,0.060878,12.654851
92823682454,0.052103,0.488810,-0.530695,0.282448,0.033046,-0.130171,12.663910
92923815877,0.073825,2.499418,0.193873,0.114697,-0.034624,0.040656,12.671867
93023949299,0.903750,2.892127,0.271394,0.111245,-0.031318,0.068676,12.556441
93124082721,-0.589830,3.693704,-0.080454,0.207208,0.024672,0.034178,12.619827
93224216144,-0.060058,4.080267,0.609172,0.153955,0.019787,0.067306,12.560255
93324349566,0.713152,4.146318,-0.140849,0.160820,-0.107773,0.108435,12.477388
93424482988,1.510671,4.755608,0.130831,0.065123,-0.079633,0.116651,12.562654
93524616410,1.040381,3.701599,-0.845798,0.145439,0.023599,-0.007520,12.584717
93624749833,0.702948,5.424687,-0.269373,0.213011,0.083694,-0.025320,12.477695
93724883255,-0.641132,6.571559,-0.626902,0.211782,0.086609,-0.015895,12.386098
93825016677,-1.485106,6.509413,-0.287112,0.434350,0.065129,-0.104732,12.352988
93925150100,-0.521358,7.461601,0.028326,0.097241,-0.023317,0.081130,12.360198
94025283522,0.776344,2.615157,0.017768,0.000391,0.008535,0.205793,12.326907
94125416944,-0.308377,7.700773,0.188406,0.720048,0.086760,-0.253131,12.240076
94225550366,-0.569578,1.135106,-0.475802,0.651894,0.066550,-0.246954,12.202629
94325683789,-0.225897,2.070269,-0.149815,0.585027,-0.024343,-0.144771,12.113269
94425817211,-0.486997,2.822186,-0.015803,0.288596,-0.034858,0.036642,12.042549
94525950633,-2.167732,3.500895,-0.555765,0.372245,-0.037643,-0.007497,11.952310
94626084056,-1.851753,4.410153,0.024966,0.117032,-0.032080,0.144386,11.926671
94726217478,-0.772647,2.714329,-0.323993,0.138501,0.031870,0.085392,11.770607
94826350900,-0.787196,4.363033,-0.088240,-0.001342,0.064156,0.153368,11.639834
94926484322,0.203510,2.370244,0.138567,0.107630,-0.029519,0.158490,11.517793
95026617745,-1.564019,4.110506,-0.266221,0.087469,-0.082150,0.162423,11.417702
95126751167,-0.537043,5.737577,-0.653610,0.120888,-0.040532,0.151247,11.284397
95226884589,0.279698,8.051522,-0.414688,0.253995,-0.005593,0.056385,11.270948
95327018012,-0.224559,4.528122,0.103661,0.193608,0.019770,0.085747,11.185266
95427151434,-0.238835,1.060766,-0.272722,0.734530,-0.010411,-0.207755,11.077282
95527284856,0.353501,4.506743,-0.454213,0.301451,-0.036748,0.050090,11.037562
95627418278,-0.235639,3.095868,0.603411,0.122936,0.111267,0.135125,11.077895
95727551701,0.286003,4.908329,-0.405370,0.361315,0.061796,0.010428,10.999663
95827685123,-0.215462,2.758594,-0.251412,0.237185,0.008145,0.159942,10.987585
95927818545,0.042225,3.901179,0.013952,0.430392,-0.049723,-0.013439,10.921895
96027951967,2.121006,2.968303,0.414774,0.501804,-0.008131,-0.091061,10.886558
96128085390,1.348738,4.475609,0.043071,0.412253,0.016174,-0.034235,10.921369
96228218812,1.076628,3.100954,0.149185,0.351972,0.038853,-0.005109,10.831987
96328352234,1.245389,2.744503,0.127322,0.383471,0.041054,-0.098508,10.817731
96428485657,0.826082,3.778930,-0.514923,0.320842,0.002441,0.001076,10.862528
96528619079,1.102583,3.792666,-1.027909,0.297237,-0.090142,0.083291,10.798082
96628752501,0.332400,3.352026,-0.712788,0.271694,-0.021142,0.031712,10.780931
96728885923,0.036968,1.584135,-0.550377,0.319465,0.083706,-0.207064,10.790944
96829019346,1.555044,1.999527,-0.047256,0.280949,0.057422,-0.031713,10.803859
96929152768,0.778507,2.213355,0.334143,0.335225,-0.164831,0.127813,10.846641
97029286190,0.933288,1.693923,0.103834,0.259383,-0.129927,0.046714,10.934496
97129419613,1.599141,1.304965,0.333320,0.262879,-0.001054,0.012065,11.023917
97229553035,2.731435,1.266799,0.169716,0.243310,0.024687,-0.083391,11.142288
97329686457,1.003304,1.996712,-0.579257,0.167349,0.000076,0.007826,11.191271
97429819879,2.432576,2.157740,-0.257280,0.148911,-0.017439,0.048351,11.247398
97529953302,2.265910,-0.041149,0.040206,0.210864,-0.049251,-0.007456,11.292729
97630086724,1.448824,-0.261982,-0.046053,0.405602,-0.018962,-0.125109,11.442129
97730220146,3.075703,-0.323938,0.167813,0.287922,-0.028267,-0.068684,11.534466
97830353569,2.773888,-0.713267,0.142607,0.149339,-0.069999,0.013810,11.590170
97930486991,2.134565,-1.730871,-0.063270,0.185539,-0.084442,0.104289,11.710131
98030620413,0.720404,-0.364017,-0.443983,0.095526,-0.021923,0.118275,11.866866
98130753835,0.335448,-0.772890,-0.621372,0.077456,-0.046913,0.119974,12.007141
98230887258,1.329111,-0.312367,-0.592919,0.269290,0.016410,-0.071610,12.087321
98331020680,3.645724,-1.098453,-0.753381,-0.096107,0.003932,0.115383,12.136878
98431154102,1.117810,-1.852368,-0.683876,-0.144342,-0.021050,0.228642,12.261760
98531287525,1.414247,-0.293391,-0.888466,-0.021123,-0.055769,0.103546,12.363840
98631420947,-0.167247,-0.461154,-0.094068,-0.028523,-0.041992,0.072992,12.470721
98731554369,-0.432650,-1.684057,-0.196181,-0.012258,-0.017870,0.017791,12.582315
98831687791,-0.715850,-1.370914,0.312531,0.014931,0.033802,0.008975,12.670245
98931821214,-0.857571,-0.009597,0.208450,0.067692,0.015260,-0.058486,12.755964
99031954636,-0.592681,-1.536235,-0.289829,0.084340,-0.004643,-0.056822,12.867503
99132088058,-0.789898,-0.088169,0.091580,0.075932,-0.007932,-0.032393,12.958603
99232221480,-2.054674,0.586222,0.758178,-0.136220,-0.120955,0.080200,13.106912
99332354903,-1.920644,-0.276180,0.446123,-0.357609,-0.047869,0.196901,13.231929
99432488325,-4.631476,-2.905444,0.199255,-0.251332,-0.045723,0.202928,13.318245
99532621747,-2.808738,-1.627826,-0.146760,-0.302011,-0.012707,0.125476,13.421096
99632755170,-2.330582,-0.310389,0.402614,-0.245142,-0.032173,0.011395,13.475060
99732888592,-0.790103,-2.091923,0.524808,-0.373417,-0.002600,0.120402,13.647210
99833022014,-1.639901,-2.431434,0.660770,-0.344325,0.080367,0.067158,13.733069
99933155436,-2.371232,-2.026740,1.089603,-0.230945,0.142156,0.067034,13.829142
100033288859,-4.110963,-1.328440,1.823294,-0.003169,0.085490,-0.241454,13.944673
100133422281,-3.755220,-1.532652,1.576203,0.064123,0.005923,-0.262635,14.078216
100233555703,-0.324548,-0.924588,0.144166,-0.057267,0.022710,-0.030502,14.250719
100333689126,-0.460972,0.058891,-0.185895,-0.184895,-0.016831,-0.077031,14.394398
100433822548,-1.302935,-1.034543,-1.091708,-0.106590,-0.056972,-0.035068,14.516290
100533955970,-2.640571,-2.431084,-0.643613,-0.095774,-0.027283,0.077352,14.624089
100634089392,-1.505412,-2.634519,0.110979,-0.225776,-0.001650,0.083918,14.695018
100734222815,0.315710,-1.425787,0.365840,-0.284642,0.107093,0.099150,14.767790
100834356237,0.688324,-0.599609,0.282927,-0.112676,0.041673,0.107834,14.870263
100934489659,-0.102151,-1.277008,0.357624,0.170184,-0.107494,-0.063905,15.080253
101034623082,1.844154,-2.286568,-0.946132,-0.114777,-0.119172,-0.039510,15.230101
101134756504,-0.588241,-3.671163,-0.057975,-0.049987,0.027449,-0.029116,15.326080
101234889926,-1.798584,-2.535719,-0.496277,0.341306,-0.085051,-0.223389,15.460780
101335023348,-3.240684,-2.915252,0.521485,0.248399,-0.040462,-0.201830,15.570958
101435156771,0.927331,1.524520,-0.065773,0.482529,-0.021506,-0.322643,15.702908
101535290193,1.423536,0.643275,-0.202811,0.368146,0.020480,-0.321466,15.774473
101635423615,1.553747,-3.805101,-0.011596,-0.232769,0.015685,-0.074609,15.905567
101735557038,1.268242,-3.284080,0.259362,-0.563484,0.030692,0.286510,16.079015
101835690460,-0.479692,-4.426605,0.004957,-0.332010,0.058910,0.190887,16.224650
101935823882,0.133189,-1.980943,-0.302885,-0.392184,0.020284,0.134595,16.287411
102035957304,0.859871,-3.241449,0.229772,-0.304122,0.046778,0.141879,16.413013
102136090727,1.661301,0.126555,-1.249754,-0.134548,-0.026251,0.036885,16.584560
102236224149,1.049812,0.450780,-1.135991,-0.299214,-0.040940,0.130709,16.658357
102336357571,0.583659,0.676276,-0.416465,-0.093537,0.050802,0.120636,16.718879
102436490993,-0.136999,0.138999,-0.211606,0.111844,0.070969,-0.089278,16.846594
102536624416,0.491678,-1.331017,-0.058410,0.070487,0.117055,-0.099420,16.899947
102636757838,1.697937,-0.453477,-0.180013,-0.069212,0.144322,0.113365,16.989338
102736891260,1.233553,-1.810150,-1.390348,-0.250862,0.103989,0.139723,17.172038
102837024683,0.703983,-3.619019,0.150053,0.209363,0.067281,-0.254325,17.296778
102937158105,-0.048827,-2.671244,0.811969,0.183421,0.108823,-0.128921,17.359602
103037291527,0.001223,-3.800008,1.222661,-0.533734,0.052492,0.292104,17.438167
103137424949,2.339194,-2.274792,0.641195,-0.809669,-0.042984,0.455010,17.479766
103237558372,2.548642,-5.571596,1.122059,-0.540960,-0.045457,0.289750,17.628952
103337691794,0.750412,2.392803,0.071286,-0.008785,-0.046556,0.056729,17.776097
103437825216,1.847746,1.658146,-0.521877,-0.591551,0.003995,0.357162,17.883094
103537958639,2.712524,-1.100723,-0.071990,-0.495595,0.010063,0.243383,17.899351
103638092061,2.290972,0.588354,-0.706049,0.264849,-0.045164,-0.159986,18.037192
103738225483,1.849568,-1.814705,-0.190704,0.597718,-0.030363,-0.305963,18.113146
103838358905,1.280834,-0.280101,0.052110,0.218949,0.002446,-0.127192,18.178327
103938492328,0.894818,-4.001814,0.794811,0.121393,0.091626,-0.145208,18.355035
104038625750,1.611468,-2.930161,0.155840,0.378878,0.089507,-0.309204,18.468876
104138759172,1.988595,-3.099288,-0.071237,0.164273,0.046255,-0.116234,18.512642
104238892595,0.307767,1.101908,-0.834737,0.068501,-0.009298,-0.068759,18.644682
104339026017,0.925859,0.246657,-0.343974,-0.161831,0.008025,0.080486,18.760000
104439159439,1.271245,-0.609893,0.473626,-0.179001,0.003005,0.082848,18.796623
104539292861,1.363729,1.077905,0.025448,-0.457193,0.041407,0.286979,18.927885
104639426284,0.362323,0.012252,0.155747,-0.308128,-0.038849,0.269830,19.053222
104739559706,0.919230,1.088122,-0.261260,-0.303926,-0.055032,0.226158,19.071791
104839693128,2.263657,-2.437815,0.466900,-0.226537,-0.037649,0.167704,19.215082
104939826551,1.131661,-2.248484,0.550418,0.018637,-0.062348,0.039669,19.337151
105039959973,1.364523,-1.352093,-0.002151,-0.083722,-0.026620,0.067096,19.389103
105140093395,1.360355,-1.186169,0.385549,0.092863,0.000666,-0.049135,19.478068
105240226817,1.497867,-1.700990,0.070228,0.047415,-0.019136,-0.010792,19.612722
105340360240,0.196240,-2.411708,0.224272,-0.169781,0.009258,0.109532,19.677035
105440493662,0.851301,-1.107526,-0.189994,-0.120370,0.069614,0.073234,19.783218
105540627084,1.549779,-0.267869,-0.229085,-0.333089,0.054443,0.137738,19.895557
105640760507,1.493967,-1.498394,0.568026,-0.194920,-0.063014,0.122922,19.973966
105740893929,1.021299,-0.039836,0.249661,-0.102976,-0.057287,0.149638,20.072051
105841027351,0.482562,-1.020084,-0.311295,-0.142077,0.006856,0.094356,20.175215
105941160773,0.007049,-0.661896,-0.233336,-0.072442,-0.038180,-0.011502,20.285887
106041294196,0.609826,-0.388288,-0.229191,0.058783,-0.050962,0.028602,20.367288
106141427618,1.206428,0.255233,-0.213530,0.150835,-0.039829,-0.028345,20.427752
106241561040,0.712215,0.705291,0.036635,0.164007,-0.032829,-0.091649,20.513172
106341694462,-0.118581,0.331855,0.710526,0.230144,0.040439,-0.169817,20.507261
106441827885,0.794546,0.465232,0.101315,0.226650,0.122012,-0.205765,20.658370
106541961307,1.498673,-2.046812,-0.510571,0.216982,0.063941,-0.132228,20.791949
106642094729,0.546876,-1.515068,0.051617,0.088938,0.043974,-0.046204,20.865740
106742228152,1.662791,-1.787433,0.059017,-0.091395,0.019796,0.091753,20.833250
106842361574,2.265165,0.400828,-0.003845,-0.095402,-0.025911,0.136678,20.806594
106942494996,1.058667,1.364840,0.165871,-0.273430,0.059392,0.156135,20.903408
107042628418,1.455309,0.103338,-0.039188,-0.184761,0.109512,0.108106,20.994695
107142761841,1.011209,0.680235,-0.359576,-0.256314,0.114452,0.127748,21.159055
107242895263,-0.728042,0.436775,0.354502,-0.211587,0.096604,0.053472,21.327688
107343028685,-0.453638,1.519412,-0.321660,-0.175091,0.039117,0.119369,21.470674
107443162108,0.365180,-1.401174,-0.100587,-0.000586,-0.114567,0.118957,21.573531
107543295530,0.414137,-2.514979,0.435734,0.046864,-0.067342,0.020464,21.685941
107643428952,0.721869,-2.957415,0.359644,0.110985,0.010810,-0.019862,21.754314
107743562374,0.764328,-1.283050,0.245148,0.339606,-0.047177,-0.167469,21.852972
107843695797,0.896339,0.185354,0.350195,-0.018905,-0.003242,-0.001524,21.960876
107943829219,-0.349836,-2.188125,0.062968,0.009561,0.040480,-0.012106,21.998589
108043962641,-0.433086,-1.417585,-0.253896,0.317857,0.084375,-0.213394,22.107990
108144096064,1.962488,0.633131,-0.357553,0.372948,0.079883,-0.239062,22.232585
108244229486,2.132511,1.145088,-0.213783,0.244092,-0.015781,-0.085877,22.358059
108344362908,-0.260211,-1.078288,-0.006888,0.082845,-0.048987,-0.013346,22.414457
108444496330,0.133529,-1.454041,-0.732152,0.134152,0.020400,-0.101325,22.439483
108544629753,0.577196,-1.993818,-0.041950,0.025551,0.054380,0.045814,22.560453
108644763175,0.696588,-0.669963,-0.062617,-0.243396,0.032425,0.197491,22.668836
108744896597,1.119664,0.420337,-0.533253,-0.366413,0.020217,0.197779,22.737232
108845030020,0.603431,-1.102757,0.022825,-0.101969,0.020222,0.004630,22.867777
108945163442,2.038642,0.821555,0.120806,-0.086278,0.088763,0.045740,22.947948
109045296864,2.272163,2.280446,-0.120904,-0.155347,0.106884,0.074020,23.007364
109145430286,1.021306,1.551827,-0.267737,-0.172783,0.037445,0.077326,23.107405
109245563709,-0.952359,-0.006550,0.022540,-0.059073,-0.046854,0.107017,23.205562
109345697131,-0.832548,-0.514430,0.323732,0.069554,-0.005822,0.026486,23.303932
109445830553,-0.723035,-1.015463,0.023184,-0.153851,-0.057721,0.165481,23.382301
109545963975,-0.127123,-0.629994,0.115238,-0.019489,-0.155549,0.123799,23.419020
109646097398,0.309966,-0.493557,0.059944,0.220402,-0.057495,-0.156844,23.434154
109746230820,0.303238,0.130831,-0.243428,0.288930,-0.005190,-0.142425,23.483125
109846364242,1.155415,0.713634,-0.849930,0.117741,-0.006180,-0.033202,23.572392
109946497665,-0.419021,-1.174192,-0.827289,0.123333,-0.080714,-0.091397,23.657247
110046631087,-1.009987,-1.571533,-0.877901,0.012595,-0.006677,0.002007,23.701136
110146764509,-0.630433,-2.327682,-0.610132,-0.243315,0.009832,0.175324,23.757207
110246897931,-1.345945,-0.736270,0.864605,-0.144565,-0.131120,0.154322,23.817220
110347031354,-0.152444,1.077527,0.796602,-0.022336,-0.059967,0.031785,23.853654
110447164776,1.487468,0.181299,-0.558626,-0.096211,0.090671,0.027250,23.882579
110547298198,-0.603119,-0.618114,-0.900694,-0.153499,0.066713,0.080755,23.975894
110647431621,-0.999349,-1.362098,-0.797116,-0.070657,0.031919,0.001550,24.046515
110747565043,0.015356,-0.150397,-0.364534,-0.202212,0.089806,0.059080,24.105141
110847698465,-1.112343,0.225967,-0.054966,-0.070154,0.032579,0.064284,24.160704
110947831887,0.400440,-1.199812,-0.487172,0.090651,-0.082408,0.014003,24.231938
111047965310,0.674462,-0.458303,-0.631837,0.062152,-0.015579,0.000083,24.279955
111148098732,-0.593206,0.630986,-0.115011,0.033919,0.090404,-0.020353,24.317586
111248232154,0.128754,0.292464,0.537267,0.004160,0.044644,-0.005752,24.414823
111348365577,0.819705,-0.660814,-0.049002,-0.070825,0.018542,0.028285,24.472108
111448498999,-0.667537,-0.594908,-0.457337,0.027118,0.041006,-0.046054,24.515443
111548632421,0.427978,-0.199522,-0.858810,0.244772,-0.073360,-0.080816,24.592206
111648765843,1.127168,0.046030,-0.257674,0.103791,-0.124868,0.001224,24.653567
111748899266,-0.333443,0.015027,0.312177,-0.101779,-0.029821,0.052062,24.719883
111849032688,0.608806,-1.229336,0.435500,-0.038257,0.021028,0.059417,24.781893
111949166110,0.321526,-0.885411,0.515018,-0.010513,0.011708,-0.006473,24.843389
112049299533,-1.008216,-0.465866,0.321972,0.011151,-0.010641,-0.055651,24.928118
112149432955,-0.746452,-1.011370,0.122554,-0.000884,-0.031948,0.008394,25.008605
112249566377,-0.507041,-0.949888,-0.209587,0.104693,-0.043611,-0.024190,25.075057
112349699799,0.221135,0.233811,-0.630577,0.299930,-0.073236,-0.113531,25.133925
112449833222,-0.034147,-0.643992,-0.433360,0.191095,0.020495,-0.092821,25.194854
112549966644,-0.424428,-1.389297,0.117510,0.238970,0.041835,-0.142916,25.250964
112650100066,1.245738,1.120553,0.146839,0.064299,-0.000684,-0.080442,25.312599
112750233488,1.018449,0.449484,0.939620,-0.199313,0.113195,0.018640,25.414690
112850366911,0.239562,-0.055762,0.687527,-0.032161,0.068690,-0.019465,25.496745
112950500333,0.217529,0.870604,-0.373722,0.036009,-0.021704,-0.045850,25.574507
113050633755,0.077580,0.319919,-0.312814,0.062010,-0.012649,-0.063369,25.599159
113150767178,-0.926486,-0.044506,-0.256016,0.145546,0.011237,-0.117124,25.641955
113250900600,-0.778941,-1.068930,-0.110919,0.173664,-0.024824,-0.170183,25.725926
113351034022,0.989247,-0.839164,0.021962,0.302351,0.000030,-0.130045,25.787931
113451167444,2.487205,1.548203,0.426237,0.132983,0.117924,-0.050986,25.823365
113551300867,1.191978,1.607975,0.591432,0.145961,0.031017,-0.080187,25.850239
113651434289,0.298948,-1.993916,-0.231988,-0.097620,0.000041,0.087144,25.876857
113751567711,0.269335,-1.949666,-0.207175,-0.307688,0.064097,0.202645,25.886781
113851701134,2.276322,-0.446412,-0.399787,0.237865,-0.008733,-0.104849,25.963084
113951834556,1.530151,0.590409,-0.454732,-0.082942,-0.000305,0.056265,26.058764
114051967978,1.873846,1.131591,-0.649026,-0.518753,0.085662,0.275353,26.121537
114152101400,1.825424,0.904303,-0.494571,-0.556198,0.090586,0.255116,26.152652
114252234823,-2.375175,1.288938,0.616738,-0.531488,0.088593,0.283199,26.110551
114352368245,-3.088990,2.097605,0.532694,-0.392060,0.087644,0.267622,26.092455
114452501667,-3.217117,3.045438,0.504055,0.145492,-0.081644,-0.038604,26.095076
114552635090,0.843968,1.087266,-0.439034,0.367859,-0.092951,-0.155016,26.048083
114652768512,1.666480,-0.956169,-1.126539,0.339281,0.035518,-0.157903,26.023750
114752901934,2.080911,-0.875088,-0.201778,0.548280,0.004430,-0.280085,25.974679
114853035356,1.779419,0.077534,0.162153,0.397336,-0.034603,-0.290631,25.903550
114953168779,1.906144,0.556322,-0.205783,0.444294,-0.037300,-0.256409,25.909763
115053302201,1.909634,0.667869,0.118177,0.229294,0.032796,-0.123310,25.923303
115153435623,-0.742659,1.586586,0.376310,0.046232,0.031438,-0.030833,25.902814
115253569046,-0.091608,1.735920,-0.240613,0.083705,-0.060844,0.036978,25.854307
115353702468,0.050693,0.357699,0.072155,0.020220,0.029814,0.032810,25.797475
115453835890,-0.005921,-0.753927,-0.054334,0.038820,0.107458,-0.024351,25.818432
115553969312,0.391667,-0.206541,-0.758317,-0.032556,0.085746,-0.013247,25.781246
115654102735,-2.064390,-1.550699,0.287261,0.189926,0.041334,-0.039546,25.749155
115754236157,-1.771191,-0.690508,0.399134,0.408478,-0.067856,-0.175331,25.761535
115854369579,-1.418115,1.140402,-0.274875,0.315190,0.023113,-0.239251,25.789623
115954503002,-1.109098,1.259410,0.111649,0.315472,0.109437,-0.271083,25.739130
116054636424,2.205235,0.237430,-1.224897,-0.075047,0.087615,-0.010651,25.760150
116154769846,1.150246,-0.212013,-0.969217,-0.264377,0.043380,0.182208,25.836674
116254903268,1.617839,-0.333720,-0.074252,-0.214732,0.044072,0.143880,25.789710
116355036691,2.144113,-0.581003,0.005933,-0.333552,0.085390,0.167357,25.804425
116455170113,2.754111,-0.266574,0.029828,-0.128613,-0.034159,0.045813,25.830805
116555303535,2.618629,-0.263858,-0.520159,-0.089952,-0.053560,0.078502,25.853595
116655436957,-0.892786,-1.258887,-0.555103,0.130213,0.044456,-0.007089,25.949951
116755570380,-0.482985,-1.295821,-0.734177,0.215772,0.006540,-0.104849,25.938069
116855703802,-1.246483,-0.086563,-0.201363,0.329826,-0.086673,-0.176877,25.925104
116955837224,-0.565783,0.920361,0.256026,0.073551,-0.058253,-0.062192,25.999075
117055970647,-1.784061,1.123598,0.489958,-0.406185,0.069779,0.232837,25.998385
117156104069,-1.350149,0.476992,0.638026,-0.027459,0.028578,0.057595,25.989501
117256237491,4.489886,-0.151117,-0.157335,-0.043174,-0.027774,0.066446,26.067000
117356370913,2.650326,-0.234655,-0.380431,0.296694,-0.024875,-0.095031,26.094033
117456504336,3.595888,-0.938284,-0.838542,0.584419,-0.099788,-0.312906,26.124973
117556637758,1.775579,0.175655,-0.003780,0.505924,-0.180185,-0.318364,26.169339
117656771180,2.697363,-0.487852,-0.038906,0.650052,-0.074811,-0.365435,26.163646
117756904603,2.320897,1.094384,-0.419595,0.308808,0.052632,-0.142589,26.173178
117857038025,-3.099290,1.266595,0.115338,0.216036,0.019779,-0.117911,26.218949
117957171447,-0.512184,-0.046950,0.395568,0.540536,0.019247,-0.280267,26.297845
118057304869,-0.633549,1.221655,0.402110,0.206087,0.021713,-0.123671,26.328065
118157438292,0.393430,0.559346,-0.071611,-0.335907,-0.012011,0.197414,26.325744
118257571714,-0.206659,-0.123463,-0.050886,-0.381301,0.011819,0.252687,26.315607
118357705136,2.241246,-0.614176,-0.212455,-0.436311,0.031215,0.224623,26.269736
118457838559,2.451862,0.199280,-0.163128,-0.588280,0.090749,0.363266,26.273451
118557971981,3.289858,-0.568287,-0.048833,-0.330478,0.053457,0.153155,26.240571
118658105403,2.001576,0.325355,0.036360,-0.427368,0.094026,0.177489,26.224837
118758238825,-2.780802,1.848446,-0.038583,-0.049108,0.151560,-0.030012,26.311346
118858372248,-2.212132,1.001914,-0.577070,0.113057,0.001506,-0.068198,26.348788
118958505670,-1.869715,1.255056,-0.506739,0.255322,-0.031835,-0.216025,26.314810
119058639092,1.934301,0.070041,-0.239588,0.320907,0.032838,-0.228195,26.302808
119158772515,1.121220,-0.694568,0.386565,0.432448,0.048895,-0.275977,26.286374
119258905937,2.653590,-0.497490,-0.407439,0.669365,-0.074755,-0.324378,26.232510
119359039359,1.603208,-0.237688,-0.289796,0.579542,-0.165403,-0.262008,26.201392
119459172781,1.066048,-1.954128,0.034950,0.623893,-0.078625,-0.310272,26.210230
119559306204,-0.007751,-1.660405,-0.819995,0.158288,0.081515,-0.050124,26.166492
119659439626,-5.078589,0.675864,-0.555739,0.111421,0.048343,-0.137840,26.174370
119759573048,-0.631974,-3.093367,-0.084086,-0.306593,0.099499,0.117919,26.108076
119859706470,0.113675,-2.453950,0.084864,-0.498919,0.052665,0.228452,26.074070
119959839893,1.798991,-1.164391,-0.119806,-0.456076,-0.052177,0.270466,26.060925
120059973315,0.440293,-1.279988,0.148084,-0.575641,0.045836,0.240420,26.011567
120160106737,2.633309,-1.477257,-0.294641,-0.398893,0.015790,0.138714,25.974187
120260240160,0.144000,-0.349527,-0.534340,-0.613900,0.011998,0.305376,25.934003
120360373582,-4.632683,1.940251,0.543051,-0.096066,-0.056784,0.044311,25.948646
120460507004,-2.528925,2.358319,0.823330,0.031190,-0.055495,-0.032351,25.933696
120560640426,-3.186226,1.414638,0.806484,0.302517,0.026601,-0.235072,25.871763
120660773849,0.190381,0.315347,0.256059,0.493263,-0.116223,-0.214881,25.889486
120760907271,-0.429205,1.274034,-0.036440,0.304593,-0.120802,-0.137529,25.890720
120861040693,-0.894818,0.465456,-0.006328,0.309328,-0.047635,-0.136583,25.866089
120961174116,0.561889,-0.534384,-0.324465,0.244736,-0.043503,-0.138757,25.869608
121061307538,-1.001936,0.131133,-0.371286,0.136479,0.003872,-0.105948,25.815566
121161440960,0.103628,-0.290664,-0.628255,-0.062697,-0.006479,0.130545,25.755869
121261574382,0.456965,0.813939,-0.244498,-0.269744,0.090109,0.075234,25.696448
121361707805,-1.181166,0.933675,0.569391,-0.125783,0.088317,0.056853,25.642687
121461841227,-0.552778,0.704258,0.070384,-0.033241,0.055317,0.016973,25.590527
121561974649,-0.978720,0.752608,0.091923,0.037782,-0.024917,-0.120893,25.585959
121662108072,-0.898048,0.651596,0.532962,0.115872,0.011642,-0.024688,25.588318
121762241494,-0.766823,1.234959,0.947478,0.047090,0.063193,0.028901,25.455979
121862374916,-0.209343,1.034996,-0.029923,0.064294,-0.041900,-0.063815,25.393270
121962508338,1.107795,0.871226,-0.228606,0.164870,-0.004079,-0.064273,25.389443
122062641761,-0.043781,0.457337,-0.589987,-0.018351,-0.012980,0.083890,25.321217
122162775183,-0.572668,1.236775,-0.831411,0.105247,-0.071969,0.013965,25.237221
122262908605,0.916347,0.763587,-0.174925,0.307783,-0.041927,-0.104326,25.271797
122363042028,0.293539,1.204399,0.627127,0.040521,0.048415,-0.034803,25.211874
122463175450,1.618618,0.367278,0.686368,-0.215275,0.025614,0.067354,25.031106
122563308872,1.622421,0.381768,-0.411649,-0.288083,-0.047071,0.195800,24.943062
122663442294,0.602369,0.589716,-0.765481,0.046727,-0.041612,-0.036295,24.930188
122763575717,1.327733,0.459089,-0.446733,0.111568,-0.016278,-0.044598,24.873310
122863709139,0.218783,0.386317,-0.586673,0.038972,0.015169,0.036456,24.833627
122963842561,-0.506612,1.100950,-0.456145,0.013204,0.026910,0.001585,24.837933
123063975983,-0.248360,1.490506,-0.757421,-0.018468,-0.028603,0.009628,24.713860
123164109406,0.967191,0.485249,-0.795404,-0.185824,0.003294,0.058674,24.538536
123264242828,0.783743,0.736785,0.159347,-0.220852,-0.001485,0.127825,24.520192
123364376250,1.343681,0.978872,0.465299,-0.147191,-0.035822,0.103660,24.570377
123464509673,0.414775,0.535244,-0.084185,-0.237328,-0.005362,0.120392,24.455121
123564643095,-2.674861,0.482466,-0.139754,0.080026,0.033749,-0.076396,24.438541
123664776517,-1.845517,-0.088110,-1.049128,0.153424,-0.132129,-0.018176,24.422286
123764909939,-1.293363,0.558340,-0.175550,0.160462,-0.140065,0.003246,24.334018
123865043362,-0.404448,0.072850,0.462753,0.072374,0.029621,-0.054924,24.204964
123965176784,-1.147787,-0.151309,0.605228,0.104198,-0.002803,-0.019017,24.216531
124065310206,-0.466909,0.192817,0.228421,-0.049156,0.034159,0.057876,24.251996
124165443629,-1.438712,0.776676,-0.226345,-0.130557,0.003567,0.077829,24.173251
124265577051,-0.891975,0.339050,-0.474062,-0.114715,-0.011809,0.044694,24.119271
124365710473,-0.995037,0.181197,-0.661287,-0.131421,-0.006000,0.073212,24.102469
124465843895,-1.379154,0.707589,-0.328622,0.033741,0.016219,-0.039512,24.031832
124565977318,0.503874,1.306345,2.279997,0.129696,0.138155,-0.138727,24.008502
124666110740,0.881945,-0.677267,1.481764,0.166475,0.000693,-0.032172,23.991485
124766244162,-0.712293,0.227415,0.027672,0.008295,-0.174509,0.173626,23.971351
124866377585,-1.183506,0.047924,0.494532,0.015285,-0.197414,0.147684,23.996814
124966511007,-0.813198,-0.380161,-0.185994,0.094964,0.023424,-0.055725,24.062567
125066644429,-1.955818,0.021335,0.422359,0.114745,-0.045341,-0.055666,24.038628
125166777851,-2.375854,-0.191071,0.118156,0.093769,-0.143409,-0.014689,23.973822
125266911274,-0.057303,2.484947,1.195316,0.014853,0.076196,-0.045963,23.930470
125367044696,0.277636,2.489772,1.779847,-0.064188,0.305649,-0.029275,24.032306
125467178118,-0.170348,0.926764,-0.603795,-0.106270,0.308174,-0.109725,23.998671
125567311541,-0.263955,-0.330675,-0.309162,-0.032844,-0.052292,0.061939,24.026425
125667444963,-0.442739,-0.950122,-0.663531,-0.148352,-0.106545,0.186235,24.019895
125767578385,-1.581185,1.619679,0.270612,-0.200263,0.096929,0.049582,24.017645
125867711807,-2.911779,0.144682,0.364141,-0.169576,0.014330,0.090050,24.131064
125967845230,-0.297939,-0.768998,-0.515949,-0.214050,0.019956,0.186632,24.026386
126067978652,-0.639244,-0.468813,-0.679277,-0.027591,0.079547,0.072303,23.985723
126168112074,-0.689658,0.102625,-0.469851,0.044755,-0.033242,-0.085021,23.979164
126268245496,-0.679520,0.374032,-0.084834,-0.003683,0.007697,0.089030,23.999599
126368378919,-0.477042,0.415130,0.152622,-0.051104,0.027316,0.060966,23.984638
126468512341,-1.175665,-0.782641,0.373220,0.142784,0.003336,-0.170503,23.979865
126568645763,0.183458,-0.494073,-0.326787,0.201955,-0.063002,-0.073780,23.968253
126668779186,0.050030,-0.979962,-0.463287,-0.010309,-0.027793,-0.001444,23.974867
126768912608,-1.143480,-0.565405,0.184152,-0.065069,0.002860,0.018061,23.897650
126869046030,-1.267791,-0.565590,0.503492,0.063745,-0.059076,-0.033263,23.808983
126969179452,0.746614,-0.107685,-0.913780,0.026410,-0.153886,0.080195,23.779770
127069312875,-0.063200,0.010683,0.454870,-0.077205,0.024639,0.019251,23.795620
127169446297,0.050911,0.349572,0.961582,0.001211,0.082799,-0.106831,23.826845
127269579719,-0.543634,-0.327795,0.595570,0.024153,0.022966,-0.074122,23.797323
127369713142,-0.807036,-0.846730,-0.489351,0.010563,-0.037473,0.042578,23.787746
127469846564,-1.190757,-2.302603,-0.844293,0.005392,0.019277,-0.007748,23.795962
127569979986,0.151705,-0.161990,-0.056633,0.060584,0.018666,-0.051427,23.865120
127670113408,1.107270,-0.845938,-0.641400,0.006761,-0.037879,0.075663,23.884930
127770246831,1.540002,-0.372493,-0.058503,0.100656,0.023259,-0.166804,23.865501
127870380253,0.248720,-0.256054,0.085550,0.014185,0.080873,-0.153765,23.932202
127970513675,-0.066588,0.525711,-0.168829,0.052565,-0.041324,0.047528,23.920747
128070647098,-2.160450,-0.135361,-0.153884,0.050972,-0.128121,0.082169,23.952509
128170780520,-1.302414,-0.544211,0.823229,0.155090,0.036300,-0.144955,23.970893
128270913942,-0.071692,-0.562781,-0.046993,-0.108685,0.074271,-0.091151,23.972167
128371047364,-0.013530,0.198237,-0.352053,-0.169825,-0.025832,0.086416,23.985094
128471180787,0.095546,0.653361,-0.691606,-0.070900,-0.021752,0.033700,23.915260
128571314209,0.329330,0.601311,-0.461076,-0.037368,-0.032820,-0.012210,23.825770
128671447631,0.028365,-0.950984,0.038380,-0.073386,-0.004617,0.060828,23.810478
128771581054,0.182932,0.955624,-0.627885,-0.217593,0.092676,0.088826,23.772531
128871714476,-0.482980,0.948978,-0.908873,-0.057327,0.092335,-0.092523,23.747346
128971847898,-1.821325,-1.009928,-0.654102,-0.173818,0.021897,0.146765,23.818730
129071981320,-2.346060,-1.660851,-0.236614,0.057537,0.027452,-0.006402,23.778274
129172114743,-0.592168,-0.807842,-0.107249,0.095697,0.019595,-0.017227,23.836848
129272248165,-0.933889,0.018009,-0.130530,0.038911,0.002946,-0.037542,23.853343
129372381587,0.172452,0.128450,-0.860357,-0.108229,-0.014044,0.008234,23.833876
129472515010,0.536665,-0.484348,-0.526411,0.104037,0.019000,-0.025520,23.821637
129572648432,1.178507,0.157536,-0.252978,0.171491,-0.029641,-0.078918,23.952683
129672781854,0.576218,0.734254,0.093415,0.095131,-0.021431,0.030627,23.921580
129772915276,-1.029739,-0.081953,0.598436,0.065152,-0.047878,0.023480,23.850198
129873048699,-0.659203,0.850235,0.252355,0.203563,0.025037,-0.139807,23.919818
129973182121,-0.531912,1.194761,-0.165153,0.053608,0.059886,-0.128990,23.935662
130073315543,-0.582910,-1.148090,-0.637522,0.003349,0.073762,-0.044834,23.941812
130173448965,0.791679,-1.447753,-1.097275,0.190617,-0.092218,-0.024836,23.875518
130273582388,0.548877,0.449926,1.157176,-0.041787,-0.164745,0.083330,23.909683
130373715810,0.225249,0.676746,-0.059601,-0.161337,-0.008328,0.073223,23.792484
130473849232,0.849583,-0.121142,-0.421056,0.089172,-0.018497,-0.072362,23.856086
130573982655,0.777299,0.088195,-0.318842,0.065603,0.028805,0.008282,23.825006
130674116077,-0.149253,0.158157,-0.884361,-0.004202,0.104216,-0.056362,23.846734
130774249499,-1.155654,0.277757,-0.798461,-0.047360,0.038485,-0.001884,23.766531
130874382921,-0.819452,0.755982,-0.327824,-0.042710,0.036699,0.066499,23.853515
130974516344,0.026620,-0.725037,0.259775,-0.037141,0.005186,-0.021668,23.823382
131074649766,-1.082980,-0.566214,0.329809,0.113923,-0.052646,-0.102687,23.708687
131174783188,-0.879584,0.085794,-0.229358,0.132164,-0.035543,-0.031313,23.749723
131274916611,0.105349,0.484435,-0.099184,-0.179318,-0.061300,0.088700,23.752246
131375050033,-1.038975,-0.198630,0.537511,-0.119824,0.052241,0.041330,23.855282
131475183455,-1.834889,0.411697,0.145659,-0.026244,0.084315,-0.039145,23.780005
131575316877,-0.964342,-1.791730,0.560999,-0.011452,0.099460,-0.048151,23.773182
131675450300,-0.992287,-0.587525,-0.045385,0.049558,0.017993,-0.008842,23.763355
131775583722,-1.892188,-0.606223,0.607539,-0.010578,0.056950,-0.017059,23.766812
131875717144,-0.441596,-0.753146,-0.722090,-0.203248,0.123193,-0.003806,23.764742
131975850567,-1.298917,-3.055015,-0.422170,-0.242887,0.021377,0.153769,23.716702
132075983989,-0.115173,-0.737079,0.800447,-0.093802,-0.056306,0.186795,23.742258
132176117411,-0.210161,-0.299483,1.155354,-0.186270,0.058288,-0.049384,23.705524
132276250833,1.473441,1.070100,0.836591,-0.121958,0.088571,-0.048263,23.712875
132376384256,0.205113,-2.244513,-1.013445,-0.197999,-0.131816,0.229324,23.755858
132476517678,-1.433147,-1.594687,0.014880,0.088768,-0.117820,-0.050864,23.796064
132576651100,0.474088,-1.608065,-0.166490,0.089521,-0.020004,-0.072782,23.714509
132676784523,-1.156996,-0.694786,0.373767,0.138827,-0.023774,-0.105497,23.743893
132776917945,-0.276610,-0.639491,0.316788,0.020822,0.063082,-0.017670,23.692526
132877051367,-0.101150,-0.691743,-0.571258,0.115695,0.041186,-0.108043,23.775322
132977184789,0.763158,0.651770,-0.730861,0.096382,-0.032160,-0.055683,23.680900
133077318212,-1.516838,-1.115535,0.132126,0.222221,-0.077625,-0.050776,23.699730
133177451634,-0.369721,-1.619843,-0.176060,0.202749,0.020915,-0.226552,23.699760
133277585056,0.157002,-1.882331,0.065982,-0.097476,0.103648,-0.011747,23.609656
133377718478,-1.544991,-0.746892,-0.883099,-0.059549,-0.023351,0.034299,23.650197
133477851901,0.284706,0.140268,0.166556,0.086268,-0.118860,0.076208,23.610500
133577985323,1.241970,0.920990,0.693589,0.182214,0.097162,-0.166391,23.634615
133678118745,1.213571,-1.438148,-0.047042,-0.117540,0.156712,-0.036343,23.589692
133778252168,-0.666286,-1.879721,-0.234616,-0.129026,-0.061267,0.083891,23.600625
133878385590,-0.576057,-0.258537,0.329936,-0.029250,0.031833,-0.000883,23.676207
133978519012,-0.287042,-0.289309,-0.116768,-0.066438,-0.008727,-0.017818,23.697399
134078652434,0.596359,-0.322842,0.494143,0.009838,0.045554,-0.013788,23.671183
134178785857,-0.062869,0.161458,0.392712,0.097526,0.063504,-0.074070,23.683585
134278919279,-0.245100,-0.897182,0.276196,0.144875,0.076464,-0.063607,23.648772
134379052701,0.627195,0.290336,-0.667058,-0.091562,0.029713,0.107121,23.660234
134479186124,-1.382151,-1.540776,0.068782,0.016284,0.026113,-0.076602,23.727040
134579319546,-0.005189,-1.004335,-0.130478,-0.113311,0.000423,0.033249,23.662855
134679452968,-0.397904,-0.436373,0.257052,0.087603,-0.005940,-0.004268,23.631571
134779586390,0.722585,0.803040,0.037255,0.170967,-0.059713,-0.115801,23.596391
134879719813,0.361222,1.059282,-0.287729,0.106925,-0.006943,-0.003168,23.600014
134979853235,1.774394,0.924664,-0.538138,-0.196366,0.026302,0.201745,23.542278
135079986657,-0.553795,-0.593239,-0.133452,-0.128932,0.064372,0.060977,23.586268
135180120080,-1.335275,-1.023899,0.173103,-0.172023,-0.005461,0.196010,23.547253
135280253502,-1.377664,-1.098483,0.079418,-0.056594,0.016151,-0.048891,23.529207
135380386924,0.286637,-0.073461,-0.452593,-0.124196,0.150164,-0.065541,23.511085
135480520346,0.745826,-0.672641,0.454925,-0.049951,0.062936,0.033955,23.454606
135580653769,-0.820982,-0.011232,0.308683,-0.033038,-0.061214,0.016338,23.458971
135680787191,-0.709624,-1.475027,-1.019744,0.002535,-0.023353,0.043699,23.459016
135780920613,-0.182547,-1.596712,-1.002145,-0.106343,0.010375,0.136325,23.491098
135881054036,-1.624710,-1.525322,1.042897,-0.081223,0.087228,0.024629,23.518477
135981187458,-0.057201,0.186221,0.498203,-0.134821,0.054303,0.132820,23.519673
136081320880,0.638767,-0.075173,-0.289367,-0.041081,-0.031722,-0.052770,23.477551
136181454302,-0.398514,0.197852,-0.006395,-0.067646,-0.030400,-0.029888,23.400403
136281587725,-0.491673,-0.496564,0.260072,-0.078019,-0.055289,0.109912,23.485398
136381721147,0.466850,0.226389,0.263051,0.025408,-0.066269,0.000822,23.473778
136481854569,0.097979,-0.391361,0.363181,-0.114987,0.038313,0.059675,23.449740
136581987991,-1.610134,-1.075781,-1.057487,0.098346,-0.000198,-0.091373,23.478906
136682121414,0.662851,-0.720128,-1.336674,0.178070,-0.184759,-0.020662,23.416308
136782254836,-1.562264,-1.157975,-0.428223,0.225075,-0.100080,-0.150024,23.438126
136882388258,0.741573,0.178616,0.170606,0.139890,0.108280,-0.166467,23.501265
136982521681,-2.499180,0.458680,0.661618,0.170371,0.021437,-0.078913,23.453686
137082655103,-0.081406,-0.980690,0.172912,0.138327,-0.086779,-0.131775,23.366722
137182788525,-0.138200,0.349437,0.042755,0.131093,-0.022977,-0.042794,23.490932
137282921947,0.617710,0.911280,1.091090,0.136214,0.044159,-0.126364,23.438690
137383055370,-1.178468,-0.461708,-0.356988,-0.080253,0.089427,-0.194346,23.410409
137483188792,-1.196726,-1.085716,0.385732,0.043825,0.015125,0.130862,23.436247
137583322214,-1.418533,0.056804,-0.251378,-0.272504,-0.012469,0.217194,23.432918
137683455637,-1.699086,-0.247709,0.510689,-0.173903,0.062679,-0.011513,23.445948
137783589059,0.469929,-1.534755,-0.710263,-0.195900,0.103052,-0.011784,23.453997
137883722481,1.109165,-0.442561,0.434053,-0.128684,-0.032594,0.143229,23.361277
137983855903,0.411801,0.594180,0.599837,-0.102830,-0.032274,0.129016,23.358196
138083989326,-0.469274,0.648374,0.357197,-0.160074,-0.015759,0.039433,23.272922
138184122748,-0.435460,0.465331,-0.339481,0.066471,-0.055623,-0.030781,23.297238
138284256170,0.439732,0.444912,-0.671545,-0.045052,-0.015012,-0.058703,23.240170
138384389593,-0.831804,-0.537191,1.034754,0.068242,-0.079475,-0.054572,23.210240
138484523015,-0.867820,0.322452,0.952420,-0.000609,-0.022235,0.018901,23.164683
138584656437,-0.798488,-0.358010,-0.667504,0.075450,-0.008230,-0.023103,23.137426
138684789859,0.127484,1.428028,-0.884213,-0.100382,-0.007586,-0.043978,23.092436
138784923282,-0.078606,-0.813468,0.007816,-0.016669,-0.028308,0.089359,23.164734
138885056704,0.234910,-1.284389,0.300137,0.086820,-0.020633,-0.069984,23.065952
138985190126,0.551810,1.163095,0.499031,-0.112816,-0.006712,0.050714,23.053684
139085323549,0.369512,1.737510,0.636991,0.084230,0.100122,-0.127923,22.974891
139185456971,-1.375537,-0.456032,-0.333869,-0.143039,0.082682,-0.141574,23.024254
139285590393,-0.825207,-1.861822,-0.156850,0.075893,-0.125597,0.129405,22.999100
139385723815,0.002187,-0.691816,-0.804002,-0.146806,-0.116637,0.149740,22.985198
139485857238,-1.158978,-0.752582,0.342437,-0.149932,0.099717,0.075287,22.974588
139585990660,0.280504,-0.345498,-0.973517,-0.076590,-0.002371,0.127943,22.942003
139686124082,-0.292062,-1.068485,-0.700686,-0.140628,-0.126922,-0.010480,22.952495
139786257505,1.059176,-0.601025,-0.891051,-0.016318,0.012840,0.037556,22.948051
139886390927,0.220499,1.833045,0.651780,-0.069992,0.010576,-0.002065,22.945265
139986524349,0.661810,-1.895743,-0.259300,-0.115432,-0.080923,0.086769,22.978648
140086657771,0.284974,0.571722,-0.379493,0.085979,0.002832,0.002308,23.002183
140186791194,-0.404234,-0.998682,-0.149789,0.113271,-0.079933,-0.002261,23.026698
140286924616,0.389585,0.363504,0.215483,0.105936,-0.002179,-0.084092,23.067426
140387058038,-1.045249,-1.959661,-0.337982,0.180653,0.046127,-0.196854,23.075716
140487191460,0.652225,0.455153,0.688791,0.162331,-0.077974,-0.027211,23.043657
140587324883,0.329532,-1.401524,0.539276,-0.083511,-0.013097,0.137796,23.045196
140687458305,0.520740,-1.464557,-0.535326,0.167230,-0.048381,-0.120679,23.023275
140787591727,-1.224168,0.159754,0.844359,0.097500,-0.058823,-0.203874,23.125110
140887725150,-1.182536,-0.697720,0.709549,-0.045596,0.092114,0.062381,23.229431
140987858572,0.523768,-0.738568,0.338855,-0.056236,-0.066033,-0.015512,23.270987
141087991994,-0.612737,-0.508300,-0.057008,-0.058790,-0.051611,0.020708,23.251291
141188125416,0.209348,-0.418381,-1.348116,0.070966,-0.032538,-0.099580,23.247076
141288258839,-1.984515,-0.392843,-1.969544,-0.181481,-0.004172,0.060329,23.258467
141388392261,-0.392882,1.479664,0.970502,-0.215793,0.025490,-0.000215,23.183884
141488525683,1.182086,-2.273561,-0.897056,-0.610295,0.280505,0.392633,23.211266
141588659106,2.122612,-0.221129,-0.164111,-0.259874,0.134616,0.207394,23.166364
141688792528,-1.429911,-2.716634,0.470406,-0.331342,-0.020072,0.189734,23.197244
141788925950,0.076196,0.007263,-0.366362,-0.272192,-0.118923,0.202191,23.187865
141889059372,-1.812480,-3.312246,0.071208,-0.509314,-0.040356,0.295734,23.244000
141989192795,1.174177,1.107557,-0.352528,-0.069486,-0.035254,0.132372,23.231290
142089326217,2.469892,1.432197,0.214775,-0.333987,0.063052,0.154551,23.316478
142189459639,1.617950,1.752359,-0.201117,0.184621,-0.003372,-0.110957,23.285942
142289593062,1.429449,-0.133343,-1.267159,-0.134498,-0.117595,0.197305,23.385885
142389726484,-1.272793,-2.348974,-0.024737,0.240975,-0.075041,-0.096453,23.407776
142489859906,0.126095,-0.080975,1.284557,0.114674,0.100026,-0.100197,23.453819
142589993328,-0.891760,-1.495383,1.073714,0.145407,0.001908,-0.025041,23.459889
142690126751,0.072034,-0.603402,0.287868,0.200660,0.027156,-0.199360,23.417690
142790260173,-0.888612,-1.256722,-0.374511,0.029316,0.006889,-0.112255,23.545688
142890393595,-0.111610,-0.659326,0.451977,0.097832,0.072518,-0.034189,23.636835
142990527018,0.108025,1.244525,-0.200960,-0.082402,0.009463,0.032022,23.600742
143090660440,0.009028,-1.842391,-0.595926,-0.027147,0.043853,-0.077575,23.504443
143190793862,0.621317,-0.434277,-0.684655,-0.165336,0.026856,0.018377,23.555781
143290927284,-0.768822,-0.767120,-0.203310,-0.079123,-0.049137,0.014402,23.650093
143391060707,0.833801,-0.196136,-0.527495,-0.187952,-0.041810,0.095061,23.682666
143491194129,-1.824899,-1.727885,0.566916,-0.169087,0.066845,0.078214,23.633070
143591327551,-0.555508,-1.478412,1.043150,0.049510,0.047549,-0.064490,23.639979
143691460973,-1.212830,-0.645711,0.068325,-0.078954,-0.010287,0.086192,23.656609
143791594396,-0.227836,-0.183006,0.115873,0.082970,-0.017182,0.018858,23.606661
143891727818,-0.211757,0.577422,-0.180662,0.008139,-0.058084,-0.045985,23.647808
143991861240,0.005608,-0.735823,-0.127081,0.179078,0.014471,-0.176243,23.783357
144091994663,0.658158,1.232183,0.018994,0.104218,-0.025049,-0.041882,23.681795
144192128085,-0.681779,-0.649609,-0.123718,0.201381,-0.007112,-0.123483,23.537591
144292261507,0.520337,3.588528,0.060011,0.363168,0.035556,-0.235977,23.508428
144392394929,-0.035766,-1.505930,-0.173242,0.040103,0.008230,-0.050583,23.506174
144492528352,-0.605822,-2.140203,0.001998,0.195087,-0.013085,-0.165824,23.425406
144592661774,-1.044740,-1.084370,0.003089,-0.131892,-0.033841,0.133293,23.305893
144692795196,-0.094031,-0.903628,-0.300053,0.070191,-0.030454,-0.059530,23.278385
144792928619,0.441872,1.581834,-0.158130,-0.263938,0.008794,0.152789,23.212927
144893062041,-0.526372,-0.907196,-0.369238,-0.113342,-0.054347,0.128247,23.257430
144993195463,-0.275750,0.213203,-0.066370,-0.021275,-0.050476,-0.039322,23.212442
145093328885,-0.325186,-0.786745,-0.829870,-0.043441,-0.019045,0.011164,23.111931
145193462308,0.282990,-0.597832,-0.612097,-0.129502,0.045900,-0.037746,23.140568
145293595730,0.126357,-1.229859,0.131935,-0.070444,-0.007563,-0.005551,23.150595
145393729152,-0.776880,-0.431312,0.452500,0.004639,-0.067689,0.018277,22.971984
145493862575,0.256301,-1.800833,0.200161,-0.024305,0.012454,-0.096219,22.948789
145593995997,-0.011294,-2.224237,-0.754780,-0.005919,0.082072,-0.128999,23.111504
145694129419,0.013077,-0.486701,1.107746,-0.073437,-0.026288,0.075460,23.175546
145794262841,-0.641512,-0.275549,0.238220,-0.014700,-0.042802,-0.004166,23.091434
145894396264,-0.397443,0.241299,-0.266125,-0.048008,0.009686,0.039196,23.166348
145994529686,0.610241,-1.062810,0.142580,-0.004421,0.006186,0.017522,23.134087
146094663108,-0.513488,-0.065703,0.638615,-0.000062,0.054752,-0.062571,23.147985
146194796531,0.614879,-0.737056,-0.306641,-0.108443,-0.012370,0.021932,23.221040
146294929953,1.403453,-0.606758,-0.578608,-0.096657,0.050278,0.070567,23.242931
146395063375,-0.705453,-0.887249,-0.936344,-0.057742,-0.006810,0.078896,23.351363
146495196797,-0.401377,-0.687275,0.302026,-0.006812,0.064310,-0.031806,23.279994
146595330220,0.662591,-0.223957,-0.139224,-0.150475,-0.033972,0.045528,23.338870
146695463642,0.237166,0.039305,-0.717267,-0.109585,0.009887,0.036794,23.371644
146795597064,1.344855,-1.269970,-0.390989,0.035462,0.042777,-0.074722,23.392175
146895730486,-0.412520,0.767902,0.858188,-0.044069,0.095283,-0.039631,23.382419
146995863909,1.052757,-0.079616,-0.020057,-0.118557,0.017169,0.071204,23.465293
147095997331,0.584534,0.305624,-0.335135,-0.115583,0.014178,0.046343,23.448889
147196130753,0.884148,-0.358226,-0.356742,0.057458,-0.026530,-0.077566,23.493184
147296264176,2.240121,3.098501,-1.145696,-0.091383,0.129452,-0.085008,23.525751
147396397598,0.236492,-2.875901,0.057713,0.001195,0.129595,-0.012431,23.564700
147496531020,0.160396,-0.784475,0.048258,-0.201956,0.056988,-0.053896,23.583272
147596664442,-1.186001,-0.100517,0.517284,-0.016236,0.049754,0.020764,23.616916
147696797865,0.316071,-0.422731,0.415611,-0.056920,0.002740,0.069385,23.660539
147796931287,1.349468,-3.958754,-0.974506,0.292195,0.056134,-0.310852,23.724142
147897064709,-0.432754,1.480182,0.974987,0.097329,0.155766,0.087171,23.725033
147997198132,0.752183,-0.103257,-1.300241,0.061178,-0.168307,-0.095562,23.815448
148097331554,0.509693,-1.645383,-0.929378,-0.163868,-0.083061,0.100692,23.803456
148197464976,-0.024525,-0.899427,0.440582,0.137893,-0.052645,0.040013,23.848810
148297598398,0.608110,-0.463429,0.243406,-0.051587,-0.046812,-0.012831,23.911541
148397731821,1.472685,0.361012,0.202225,-0.114215,0.002422,0.041619,23.957035
148497865243,-0.106430,0.550551,-0.578730,-0.203313,-0.088811,0.099204,23.944191
148597998665,-0.356077,1.713159,-0.617119,0.097305,-0.167892,-0.037672,23.968389
148698132088,-0.841542,1.087536,0.040935,-0.253809,0.069345,0.154311,24.054482
148798265510,0.028717,-5.433566,-1.244773,0.803937,0.001377,-0.279169,24.069759
148898398932,3.576249,3.311922,-1.124690,0.480797,-0.240000,-0.371348,24.026814
148998532354,0.595304,-0.144127,-1.300778,0.212050,-0.034640,0.025451,24.122454
149098665777,0.550114,0.301465,0.018532,0.306785,-0.093879,-0.255246,24.101415
149198799199,0.045669,-1.579341,0.448861,0.047925,-0.041403,-0.182432,24.101934
149298932621,0.830129,0.695053,0.392594,0.164487,0.037775,-0.002058,24.172297
149399066044,1.076291,1.562458,0.250051,0.069904,0.065086,0.139073,24.222589
149499199466,-0.071756,-1.851966,0.720113,0.271653,0.018272,-0.240259,24.153616
149599332888,0.189046,-1.445687,0.095958,-0.338082,0.009729,0.175720,24.179820
149699466310,-0.256198,-1.932272,-0.322237,-0.025565,-0.002967,-0.099306,24.276427
149799599733,0.661153,2.124675,0.658642,-0.255963,0.040477,0.084278,24.327851
149899733155,0.051241,-2.085018,0.616252,-0.225056,0.050889,0.208886,24.336090
149999866577,0.954146,0.627356,-0.425079,-0.058246,0.003172,-0.072318,24.368845
150099999999,-0.972152,1.081025,0.639481,-0.146149,-0.035263,0.034519,24.485000
