timestampNs,ax,ay,az,gx,gy,gz,speedMps
0,4.100977,0.057094,0.027152,-0.134084,0.072386,-0.158211,10.856111
100064020,-3.008448,-2.111969,0.327005,-0.063601,-0.721760,0.347252,10.559821
200128040,-5.422862,-0.513319,0.909072,-0.081099,-0.232960,-0.028540,10.280714
300192061,-1.237802,-0.087545,0.427814,-0.025008,-0.495129,0.229725,9.970437
400256081,-3.799827,-1.873199,0.020131,0.086859,-0.502524,0.208782,9.619081
500320102,1.324729,2.125332,-1.018900,0.023975,-0.018184,-0.019546,9.259975
600384122,-2.216227,0.621822,-0.094620,0.005425,-0.254856,0.069288,8.905228
700448143,0.590454,-1.611996,-0.042875,0.009497,0.188939,-0.148653,8.675461
800512163,0.323280,-0.752991,0.276477,-0.020468,-0.100128,0.133381,8.529947
900576184,-1.487331,-2.474028,1.639329,-0.074824,0.167806,0.029417,8.302778
1000640204,5.223002,-1.565892,-1.245782,0.118888,0.694554,-0.342049,8.110419
1100704225,2.488751,-0.920182,-0.800726,0.009203,-0.710342,0.320273,8.003140
1200768245,-1.016065,1.840029,-1.736725,0.186518,-0.472477,0.147703,8.014846
1300832266,4.686984,1.160689,-0.892246,0.213647,-0.165311,0.062737,7.995134
1400896286,-0.708152,-1.298660,-0.778695,-0.015729,-0.119884,0.111268,8.011818
1500960307,-0.124511,-3.434449,-0.601387,-0.013602,0.131444,0.046429,8.090432
1601024327,3.594065,-0.028439,-1.118426,-0.006037,0.425997,-0.389010,8.136260
1701088348,-4.315818,0.966565,-0.876823,-0.031509,-0.021577,-0.067854,8.258370
1801152368,9.949118,0.994501,0.757604,-0.127272,0.615605,-0.252208,8.286762
1901216389,-3.750918,-0.884986,1.663522,0.164150,-0.991908,0.741062,8.271608
2001280409,-10.825015,-1.700197,1.461367,-0.081584,-0.245540,0.064223,8.312894
2101344430,-1.653527,-1.082067,0.716532,0.080354,-1.192363,0.627010,8.388961
2201408450,-10.277484,-0.974165,0.249911,0.109309,-1.273477,0.776980,8.599225
2301472471,3.932630,0.894741,-0.120245,0.163092,-0.225447,0.206014,8.680624
2401536491,-4.047611,-1.224568,0.346978,0.118640,-0.713814,0.403258,8.648747
2501600512,5.116276,0.938762,-0.647528,0.087047,0.115805,-0.085411,8.693265
2601664532,-0.424499,-0.955178,-0.235073,0.129453,-0.549684,0.347458,8.710004
2701728553,6.025461,2.431242,-0.631614,0.045682,0.271300,-0.235398,8.942334
2801792573,-3.747824,-1.612855,0.317327,0.070255,-0.355685,0.258274,9.075035
2901856594,-5.500961,-1.624672,-0.077962,-0.137668,0.808881,-0.529404,9.078079
3001920614,-3.273484,-1.684059,0.530894,-0.069388,0.341742,-0.244765,9.138920
3101984635,-5.243960,-1.039877,0.008026,-0.154885,0.500945,-0.298239,9.183232
3202048655,3.801374,1.235461,-0.640689,-0.050947,0.614369,-0.356751,9.194426
3302112676,-2.954717,0.500979,-0.399403,0.058918,-0.069307,0.080515,9.312568
3402176696,2.102284,1.071104,-0.332104,-0.006035,0.248593,-0.107659,9.290260
3502240717,-1.533371,-2.256251,-0.231033,0.036535,-0.010220,-0.039417,9.304590
3602304737,1.631634,0.483451,-0.145841,0.028309,0.213141,-0.144762,9.420435
3702368758,-3.743754,-0.358112,0.495396,-0.004583,-0.111788,0.041045,9.440619
3802432778,-0.858512,1.445917,-0.837181,-0.053153,0.152891,-0.267920,9.512823
3902496798,-0.677334,0.890099,-0.211233,0.055101,-0.365395,0.186007,9.550525
4002560819,-2.572919,0.620281,0.328384,-0.034053,-0.339776,0.212968,9.647072
4102624839,4.358079,-1.425003,-2.167413,-0.082028,-0.435306,0.248555,9.656224
4202688860,-0.087253,-1.694278,-2.327848,-0.022470,-0.063975,-0.165682,9.814783
4302752880,-3.865436,1.627283,2.284983,-0.129229,0.026632,-0.379735,9.810691
4402816901,0.212226,2.483804,2.185721,-0.248041,-0.323874,-0.158985,9.944347
4502880921,3.353592,2.936059,1.378712,-0.269932,0.085559,-0.302877,9.990938
4602944942,0.218364,0.615409,1.180846,-0.105715,0.069211,-0.117489,10.063771
4703008962,0.225725,-1.318058,-0.284835,0.076675,0.146789,0.059100,10.186426
4803072983,0.580993,1.498573,-0.171599,0.052873,-0.056735,-0.009519,10.139489
4903137003,0.815915,1.502508,0.245655,-0.042584,0.103355,-0.044893,10.320721
5003201024,1.264867,0.481594,-1.554278,0.115126,-0.047943,0.116913,10.464078
5103265044,1.352078,1.388427,-0.638459,-0.022097,-0.080358,-0.095767,10.496696
5203329065,2.031016,-0.345971,0.206116,0.012252,0.420197,-0.219103,10.549876
5303393085,1.759432,1.513411,0.582061,-0.068684,0.248231,-0.143740,10.634453
5403457106,-1.233579,0.651271,0.267894,0.075372,-0.142408,-0.059516,10.620589
5503521126,-0.135096,1.151507,-0.554847,0.078504,-0.122787,0.203349,10.668515
5603585147,1.111425,1.679675,0.476671,0.166794,0.164753,-0.088338,10.681111
5703649167,-1.000751,1.588491,0.269546,-0.040497,-0.098474,-0.008080,10.682713
5803713188,-2.778755,-0.248286,-0.238361,-0.115249,0.278087,-0.281411,10.728383
5903777208,-3.059093,0.155340,-1.008856,0.018443,0.065084,-0.068502,10.816709
6003841229,1.911190,-1.161526,-1.144677,-0.077842,0.903884,-0.600030,10.826727
6103905249,8.219493,2.218376,1.353947,-0.183309,0.384788,-0.396052,10.701145
6203969270,3.282665,0.108283,0.821751,-0.211945,0.954479,-0.610965,10.824603
6304033290,8.586434,2.196503,0.097243,-0.170570,0.846091,-0.679701,10.814641
6404097311,-6.546458,0.001661,-0.829548,-0.084428,0.486316,-0.356946,10.809298
6504161331,5.229360,2.775700,0.069452,-0.209500,0.828380,-0.497438,10.879277
6604225352,-4.487172,2.176139,0.138179,-0.049689,-0.122809,0.033655,10.777199
6704289372,3.959852,0.776527,0.507831,-0.022219,0.083221,-0.000215,10.875651
6804353393,0.792781,0.150040,0.355492,0.073601,-0.450855,0.277590,10.976557
6904417413,3.584828,0.695223,0.576994,-0.050496,0.240486,-0.099938,10.964252
7004481434,-2.934414,-0.107711,-0.321133,0.069878,-0.151483,0.110847,10.881496
7104545454,1.163762,1.433298,0.552334,0.015019,0.223242,-0.107284,10.874722
7204609475,2.757603,1.633407,-0.301891,-0.034499,0.118250,-0.064992,10.927985
7304673495,1.706314,1.069432,-0.095142,-0.003841,0.216495,-0.192653,10.829598
7404737516,0.005104,-0.372327,-0.349309,0.040244,0.014517,0.076772,10.959595
7504801536,-0.016059,0.575198,-0.662456,-0.037970,0.181340,-0.027575,10.888706
7604865556,0.592532,-0.713795,0.074289,0.023537,0.052830,-0.091689,10.864853
7704929577,2.133531,0.429045,-0.236720,0.002418,0.137630,-0.084475,10.902862
7804993597,1.947310,-0.454303,0.465265,-0.000672,-0.012271,-0.076163,10.956710
7905057618,4.446127,0.721135,0.158856,-0.177690,0.593465,-0.419200,10.930043
8005121638,3.841055,0.740294,-0.230052,-0.096419,0.410925,-0.257665,10.910057
8105185659,-1.653182,1.759040,-1.154356,-0.032438,0.190306,-0.146271,10.908922
8205249679,5.073115,0.367599,0.244774,-0.026198,0.521688,-0.190112,10.866789
8305313700,-3.560610,-0.028762,0.436574,-0.082436,-0.433360,0.178600,10.831605
8405377720,-2.266907,1.995518,1.029385,-0.090324,0.197211,-0.022592,10.875265
8505441741,-0.843784,1.524002,-1.014051,-0.161155,-0.278499,-0.077784,10.786019
8605505761,2.369553,1.971220,-1.132794,0.019753,0.123966,-0.043195,10.677993
8705569782,-0.167593,1.989030,-0.940541,0.130883,-0.132227,0.216677,10.585479
8805633802,-1.592906,1.884991,-0.171224,0.071433,-0.085962,-0.066299,10.483412
8905697823,-0.890597,0.585198,-0.529805,0.146570,-0.153009,0.054247,10.365696
9005761843,-1.605279,0.262461,-0.503137,0.061440,-0.255761,0.155709,10.235086
9105825864,-0.227551,-0.389434,-0.178658,0.006269,0.033564,-0.045446,10.089590
9205889884,-1.326903,-0.037409,-0.289898,0.025526,-0.135139,0.083647,10.066652
9305953905,1.898469,0.090381,0.117423,-0.097772,0.165167,-0.205469,10.090128
9406017925,0.396243,-1.283898,0.003487,-0.014846,0.011261,0.012691,10.041181
9506081946,-0.952351,-1.428153,1.649424,-0.121239,0.276605,-0.114575,9.994513
9606145966,8.344130,3.771795,-1.760915,-0.207103,0.872954,-0.254206,9.926142
9706209987,-7.690218,-9.522865,-2.098669,-0.281076,-0.855388,0.480296,9.910422
9806274007,-5.842575,-0.286993,1.665950,-0.145404,0.261338,-0.281805,9.855668
9906338028,-6.504654,-0.980643,-0.361709,0.378097,-1.399465,0.596801,9.812588
10006402048,-6.246370,-4.279279,-1.510101,0.235803,-1.049319,0.319672,9.699410
10106466069,7.052865,0.689290,-0.841406,-0.063345,0.082041,-0.014711,9.644495
10206530089,0.966051,-0.582583,1.383334,0.148129,-0.865326,0.599502,9.610264
10306594110,7.800052,-0.179636,0.311492,0.046725,0.520097,-0.192720,9.450915
10406658130,-3.049336,-2.015251,0.906234,0.092994,-0.304267,0.137387,9.382532
10506722151,-2.554228,0.808847,0.537556,0.006268,0.453605,-0.259644,9.231378
10606786171,-4.228189,-1.076076,0.735062,-0.101867,-0.473094,0.154069,9.177303
10706850192,5.426459,0.270924,-1.085473,0.073116,0.317115,0.124652,9.116304
10806914212,2.208039,0.272265,-0.476451,0.127644,-0.234954,0.221284,8.998805
10906978233,4.960782,-0.747486,-0.255188,0.017291,0.642383,-0.367418,9.004508
11007042253,2.779122,0.098116,-0.059793,0.022092,0.348217,-0.179365,8.942864
11107106274,-0.090479,-1.730556,-0.663086,-0.126969,0.372787,-0.135920,8.905409
11207170294,3.385879,-0.322248,0.282637,-0.032539,0.289865,-0.129015,8.959759
11307234314,1.505597,-2.185113,-0.779841,-0.221526,0.298816,-0.233159,8.742770
11407298335,1.707873,-0.842642,-0.016842,-0.025615,0.170307,-0.097639,8.670337
11507362355,3.744237,0.038981,-0.656394,-0.035073,0.307442,0.091388,8.599986
11607426376,1.824314,-1.766819,1.264578,-0.038181,0.121151,0.118953,8.455173
11707490396,2.142866,-1.245180,0.632725,-0.267325,0.003716,-0.112084,8.396415
11807554417,-0.390835,-2.321653,0.145490,0.223466,-0.074681,0.207737,8.413133
11907618437,4.249830,-0.061148,-0.480671,0.074830,-0.068810,0.139191,8.399868
12007682458,-2.542019,-2.113958,0.551130,-0.004791,-0.342612,0.349262,8.347185
12107746478,2.344701,-1.434009,-0.462160,-0.158347,0.187629,-0.104181,8.288294
12207810499,5.573077,-0.644611,0.887575,0.065496,-0.458646,0.335104,8.148108
12307874519,11.200589,-0.551251,0.148161,-0.094987,0.455805,-0.327165,8.127952
12407938540,-5.162343,-2.747454,0.521504,0.084747,-0.226156,0.406633,7.999757
12508002560,2.888296,-2.354206,-0.093460,-0.126689,0.979059,-0.540428,7.993499
12608066581,8.652608,1.683563,0.688992,-0.124985,0.422098,-0.215956,7.959625
12708130601,3.200143,-1.358912,1.166902,-0.109670,0.967173,-0.408773,8.022967
12808194622,7.320106,1.870857,-1.316923,0.002275,0.896219,-0.510616,7.993035
12908258642,-4.224522,-4.138366,0.112950,0.022020,0.330045,-0.206473,7.910297
13008322663,3.622891,0.337060,-0.102502,-0.091728,0.951081,-0.428137,7.846982
13108386683,-3.553909,-1.632494,0.473550,-0.018423,-0.102013,-0.036051,7.718197
13208450704,4.769316,0.230987,0.148036,-0.117669,0.483744,-0.120600,7.633091
13308514724,4.908668,0.053728,-0.317791,-0.012824,-0.577280,0.407043,7.508259
13408578745,-2.040703,-2.635693,0.346615,-0.085974,-0.019307,-0.014326,7.404348
13508642765,-1.338065,-1.761167,0.314629,-0.015886,-0.478260,0.314353,7.168694
13608706786,0.393834,-0.719743,-0.011763,0.006035,-0.107352,0.193027,6.862346
13708770806,5.129844,1.570081,-1.127886,0.030175,-0.480671,0.264331,6.692227
13808834827,0.402009,-0.957509,-0.429336,0.090822,-0.453038,0.251909,6.708563
13908898847,5.626249,2.135135,-0.501013,0.046327,0.035469,0.050901,6.511523
14008962868,1.771444,-0.425489,0.268014,0.009126,-0.489817,0.204204,6.438078
14109026888,5.979257,1.527834,-0.283527,-0.019313,0.707835,-0.338183,6.464374
14209090909,1.283064,0.065999,-0.642090,0.037739,0.299503,-0.136393,6.529318
14309154929,-4.827692,-2.064547,-0.008161,-0.081927,0.643918,-0.439352,6.550184
14409218950,1.953929,0.266613,-0.768242,-0.105735,0.586172,-0.325237,6.626516
14509282970,-2.739763,-1.166094,0.816002,-0.037569,0.202642,-0.072085,6.580095
14609346991,4.765875,2.385759,-0.583703,-0.022224,0.508627,-0.283354,6.658989
14709411011,1.848188,1.532705,-0.528288,0.008523,-0.384198,0.195293,6.756108
14809475032,3.674309,0.273360,-0.375575,0.008141,0.032371,-0.042641,6.756399
14909539052,0.694806,-1.203334,0.549598,-0.030966,-0.351106,0.213721,6.824187
15009603072,-0.489908,2.141173,1.056256,-0.307555,-0.230624,-0.147407,6.718580
15109667093,2.453244,1.330455,-0.170423,-0.265846,0.778079,-0.603950,6.811714
15209731113,6.284983,0.328102,-3.029993,-0.057722,0.706315,-0.304697,7.010295
15309795134,-4.399448,-0.051940,-1.188834,-0.017094,0.442249,-0.130971,6.902104
15409859154,10.517318,6.280450,-0.554941,0.025097,1.603664,-0.869458,7.144390
15509923175,-4.910971,-2.528579,0.999012,0.146994,-0.490305,0.363175,6.998994
15609987195,-3.311059,-3.496672,0.148524,0.028077,0.494882,-0.265848,7.126013
15710051216,-5.326174,-3.131471,0.470826,-0.000838,-0.905006,0.615554,7.039830
15810115236,1.079305,-1.464145,0.879277,-0.137397,-0.337818,0.212341,7.098228
15910179257,6.701513,5.632519,0.698387,0.226036,-1.034426,0.752087,7.239757
16010243277,-3.745554,-0.093064,0.081143,0.389330,-1.184408,0.769327,7.318152
16110307298,10.565366,3.399938,-2.213254,0.016042,0.072848,0.012479,7.487059
16210371318,2.067656,3.638601,1.848015,-0.074873,-0.547284,0.262196,7.515338
16310435339,6.686644,4.933225,1.056481,-0.185465,0.901063,-0.712544,7.752879
16410499359,1.262323,1.199593,0.921339,-0.077082,0.411858,0.057132,7.792408
16510563380,-3.456357,-4.815048,0.395743,-0.155448,0.605461,-0.239982,8.003697
16610627400,4.151732,1.083274,0.079245,-0.087975,0.451827,-0.359044,8.058794
16710691421,-2.680861,-1.982276,-0.465069,-0.073200,-0.901469,0.454857,8.275045
16810755441,-7.687047,-3.149060,0.539980,-0.032509,-0.597290,0.219423,8.413974
16910819462,2.450734,-1.062274,-1.739859,0.221048,-0.725092,0.295631,8.473993
17010883482,-5.564865,-4.605982,0.899535,0.046862,-0.893359,0.348134,8.709914
17110947503,0.711465,-1.141549,-0.841054,-0.098992,0.230035,-0.196964,8.834266
17211011523,-2.647284,-4.379481,0.355356,0.010649,-0.138426,0.166961,9.000236
17311075544,0.341159,1.940511,2.939216,0.163981,0.727811,-0.356134,9.170207
17411139564,2.137328,1.092701,-1.023480,0.155773,0.090075,0.192606,9.360402
17511203585,3.177685,0.365131,1.832009,-0.302146,0.730800,-0.447896,9.480082
17611267605,3.755957,3.281981,-0.052585,-0.142152,0.625953,-0.359176,9.660669
17711331626,-2.626749,-4.145907,-1.081171,-0.324226,0.427123,-0.076606,9.774511
17811395646,9.967468,1.969503,-1.652873,0.085237,0.815505,-0.589145,9.910277
17911459667,0.259324,-0.043370,-0.009958,0.134712,-1.206801,0.671864,10.088435
18011523687,-7.479669,-3.483511,-1.241268,0.141515,-0.551899,0.353649,10.168604
18111587708,4.204844,0.814092,-1.597396,0.309316,-0.701288,0.270577,10.483412
18211651728,-8.629513,-5.544083,-0.151274,0.275419,-0.909243,0.954870,10.624957
18311715749,1.663400,-0.236618,2.256061,0.065040,0.066171,-0.019554,10.652484
18411779769,-3.373573,-3.670757,-0.240012,0.155434,-0.659832,0.489011,10.789007
18511843790,2.562409,0.722449,0.977376,-0.104902,-0.240132,0.223881,10.743195
18611907810,-0.606846,-2.489989,0.277375,0.187954,-0.402228,0.177508,10.953155
18711971830,1.251173,-0.626341,1.406195,-0.085010,-0.613129,0.088722,10.954487
18812035851,-7.658646,-1.343549,0.656805,-0.092060,-0.872498,0.414258,10.962165
18912099871,-2.538495,-0.293001,0.758565,-0.031655,0.534945,-0.320759,10.973406
19012163892,-10.701663,-3.673133,2.759974,-0.118846,-0.136376,-0.017387,10.903006
19112227912,-4.347084,-1.811752,1.717221,-0.370797,1.865865,-1.057321,11.066478
19212291933,11.091788,8.354471,-2.661330,0.010459,1.374304,-0.756340,11.096771
19312355953,-9.640897,0.050584,1.852111,-0.077326,0.092911,-0.044660,11.025700
19412419974,5.193664,1.780890,-1.088165,-0.023643,0.520183,-0.353586,10.941644
19512483994,3.692390,0.701588,-0.143877,0.112150,-0.629376,0.392087,10.972319
19612548015,-1.112556,-0.100120,2.353464,0.030159,-0.489570,0.281285,11.001077
19712612035,2.199466,1.297229,0.096072,0.019300,0.049930,0.108987,10.923649
19812676056,0.323423,0.608804,-0.073755,-0.085265,-0.139389,0.046658,10.824394
19912740076,-2.258806,0.559103,1.339870,-0.051835,0.213521,-0.122695,10.881928
20012804097,5.086203,-0.804236,-1.322562,0.115406,0.231666,-0.086005,10.947495
20112868117,5.619263,2.100942,-1.399312,0.018247,-0.947448,0.434122,10.760063
20212932138,1.088033,-1.583047,1.023644,0.148938,-0.658677,0.375848,10.843608
20312996158,4.032394,4.871065,-0.278237,0.053010,-0.556404,0.316722,10.805962
20413060179,-3.158373,0.862478,0.694634,-0.123263,-0.709668,0.395386,10.819625
20513124199,6.871968,4.833559,-1.099822,-0.018857,0.463658,-0.412683,10.999696
20613188220,-2.022054,-0.683637,-0.776237,0.181761,-0.108807,0.126639,10.980114
20713252240,-5.930193,-1.380014,1.377489,-0.099889,1.016661,-0.522373,11.031791
20813316261,-1.858288,0.460290,-0.435727,-0.102413,0.615275,-0.373757,10.997156
20913380281,-6.843223,-1.127220,1.171990,0.040404,0.789228,-0.247492,10.890250
21013444302,1.201507,2.104482,-0.274226,0.074406,0.848434,-0.440043,11.073250
21113508322,-6.909008,-6.646300,0.940497,0.116639,-0.925424,0.521212,11.047901
21213572343,-1.170597,0.253868,0.170507,-0.019394,-0.389192,0.196537,11.128499
21313636363,7.597545,3.317701,1.109230,-0.093167,-0.750034,0.478806,11.196098
21413700384,-1.183473,0.130036,1.306239,-0.047952,-0.507504,0.288824,11.198375
21513764404,4.256594,3.547943,-1.088225,0.061384,0.276961,-0.212653,11.190224
21613828425,2.709963,2.128722,-2.136572,0.111706,-0.140474,0.258070,11.318511
21713892445,-1.527282,-1.840117,-1.759040,-0.075745,0.618515,-0.139128,11.269873
21813956466,5.101206,1.817645,-0.633459,0.028207,0.529615,-0.429942,11.187393
21914020486,-0.672071,1.520114,0.135409,0.100019,-0.557371,0.164528,11.276301
22014084507,-3.628555,-2.164571,-0.788865,0.064711,-0.187725,0.273699,11.409241
22114148527,3.466699,1.489762,-0.329712,0.059915,0.057265,0.027563,11.478425
22214212548,-1.567136,1.171601,0.178437,-0.029923,-0.011878,-0.021264,11.398115
22314276568,-3.588886,-1.299629,-0.626871,-0.164836,0.362723,-0.246003,11.548262
22414340588,-1.819124,0.568411,0.460351,-0.079616,0.129216,0.008243,11.489316
22514404609,-0.094820,-0.045071,-0.213410,-0.063540,-0.006029,0.081747,11.605698
22614468629,1.259322,0.125421,0.987023,-0.028359,0.086829,-0.097925,11.653281
22714532650,0.729978,1.685082,1.231772,0.100630,-0.471836,0.184251,11.659410
22814596670,-0.624551,0.056895,0.967953,-0.093777,-0.473914,0.102660,11.619432
22914660691,3.869421,-0.829362,0.179053,-0.080840,-0.233828,0.181123,11.607722
23014724711,-1.464670,0.310827,-1.659107,0.179383,-0.451247,0.360943,11.523263
23114788732,3.264817,0.685186,-1.018864,0.057089,0.018554,0.050716,11.346399
23214852752,-0.839294,0.261552,-0.212507,0.027284,-0.190910,0.107425,11.520237
23314916773,-0.918192,-1.304016,-0.426875,0.066420,-0.124881,-0.032400,11.548530
23414980793,-1.278120,-1.630809,0.713931,0.067710,-0.278619,0.165849,11.566469
23515044814,2.898625,1.010899,-0.392483,-0.020416,0.163694,-0.083170,11.512915
23615108834,1.097929,2.901897,0.274806,-0.084038,-0.009749,-0.093800,11.464709
23715172855,0.872880,0.684661,-0.625992,0.027077,0.252170,-0.182983,11.427667
23815236875,2.204186,-1.076186,-0.145621,0.008927,0.261484,-0.096483,11.798677
23915300896,-2.523892,-1.934882,-0.083001,0.029482,0.148025,-0.172545,11.655108
24015364916,1.084667,-1.723757,0.586386,-0.026906,0.141040,-0.114748,11.511538
24115428937,-1.680465,-1.082257,0.361150,0.051556,-0.119690,0.114825,10.968156
24215492957,0.240231,-1.720391,0.451453,-0.027907,-0.080628,-0.157259,10.916753
24315556978,0.666862,-0.455386,-0.604650,0.027101,-0.258776,-0.031058,10.594992
24415620998,-1.402027,-0.957269,0.224263,0.017725,-0.169905,0.215641,11.168853
24515685019,0.162912,-1.230514,0.234800,0.001794,-0.072738,0.012268,11.068797
24615749039,-3.141908,-1.839679,0.326096,-0.017172,-0.272620,0.102192,11.391357
24715813060,1.507785,0.679835,0.104708,-0.054150,0.250806,-0.072920,11.429724
24815877080,2.362651,0.431093,-0.205128,0.005461,0.117791,-0.109712,11.286034
24915941101,0.833272,0.385069,-0.320310,-0.073581,0.352019,-0.261380,11.333321
25016005121,3.140561,1.387527,-0.202521,-0.063411,0.381079,-0.210325,11.335174
25116069142,-2.016165,0.037725,-0.788104,-0.005903,0.092291,-0.032935,11.132275
25216133162,2.631385,0.968200,-0.901814,0.017224,0.334174,-0.220142,11.348521
25316197183,-2.892414,-0.723108,-0.519331,0.069788,-0.155196,0.123628,11.143862
25416261203,-1.643623,-2.039365,-0.453800,0.072380,0.115966,-0.073325,11.067240
25516325224,-3.435621,-2.735741,-0.089427,0.208281,-0.406836,0.228007,11.088701
25616389244,-1.294909,0.166663,-0.359864,0.114622,-0.168631,0.098256,11.163153
25716453265,1.212435,0.014785,0.212920,0.072605,-0.294922,0.175295,11.098880
25816517285,1.623147,0.180067,0.166490,-0.000992,-0.162234,0.028379,10.903263
25916581306,-0.408383,1.835033,-0.694445,0.041883,-0.427538,0.166130,10.827150
26016645326,-3.299279,0.965153,0.352909,-0.027379,-0.408044,0.195889,10.900876
26116709346,-0.593849,1.015280,-0.058104,0.018210,-0.236048,0.083191,10.918528
26216773367,-2.936005,-0.414119,-0.130730,0.044013,-0.308386,0.194032,10.946827
26316837387,-1.104154,-0.108658,0.103365,0.043740,0.006339,0.010939,10.964641
26416901408,-1.798577,-1.002440,-0.140075,0.057442,-0.134633,0.023242,10.785117
26516965428,0.295518,-0.246389,-0.739572,-0.000929,-0.041445,-0.036745,10.740894
26617029449,0.290353,-0.585234,-0.086477,0.043767,-0.141813,0.001406,10.666117
26717093469,0.452252,-0.348086,0.043345,0.033305,0.076071,-0.125612,10.798418
26817157490,-1.279783,0.525344,-0.867783,0.077536,0.019943,-0.018741,10.839578
26917221510,-3.759707,0.960639,-0.016913,0.063505,0.019313,-0.079688,10.686862
27017285531,-1.695587,1.631943,0.427282,0.015182,-0.107461,-0.081403,10.638577
27117349551,-2.026131,1.294068,-0.077762,0.014087,-0.192215,-0.044298,10.671410
27217413572,-2.991850,2.333785,0.313828,0.015509,-0.313496,0.070516,10.704556
27317477592,-2.707579,3.490340,-0.156631,0.069475,-0.407848,0.104172,10.710487
27417541613,-5.316642,2.343550,0.146125,0.084118,-0.539312,0.196073,10.662117
27517605633,-2.413223,1.955058,-0.115674,0.086302,-0.252557,-0.025872,10.585978
27617669654,-4.502309,1.941885,-0.223254,0.110669,-0.405607,0.049040,10.638075
27717733674,0.731470,2.223398,0.209328,0.047329,0.041032,-0.242692,10.692440
27817797695,0.404802,1.624637,0.790777,-0.010656,-0.191757,0.035319,10.619308
27917861715,-0.280290,1.494470,0.327671,-0.114719,0.170199,-0.278843,10.601078
28017925736,0.635942,3.716341,0.078264,-0.113448,0.139970,-0.271314,10.535181
28117989756,-3.290552,1.898001,-1.129635,-0.085981,0.002076,-0.158080,10.563842
28218053777,1.974246,1.939184,-0.531707,0.040953,0.126818,-0.264377,10.625691
28318117797,-3.375676,1.827583,0.792444,0.119346,-0.606973,0.220949,10.622718
28418181818,-4.897011,-0.029906,-0.431437,0.112788,-0.387852,0.124123,10.646465
28518245838,-2.927807,1.002381,-0.089588,0.082352,-0.481229,0.161874,10.694761
28618309859,-2.178331,1.954178,0.790388,-0.024797,-0.392195,-0.043585,10.685137
28718373879,-1.414134,1.273586,-0.803886,0.053598,-0.468285,0.013563,10.712445
28818437900,-0.656430,1.693754,-1.187242,0.117644,-0.388500,0.030975,10.740241
28918501920,-1.027086,1.933706,-0.399472,0.210709,-0.495146,0.153408,10.791026
29018565941,-4.616329,1.010109,0.530016,0.243278,-0.556603,0.203631,10.854912
29118629961,-3.265420,1.518923,0.476200,0.146313,-0.568744,0.128148,10.874596
29218693982,-3.358509,1.859634,0.239423,0.078331,-0.559371,0.010267,10.913212
29318758002,-2.562027,1.806922,-0.434999,0.027686,-0.305866,-0.102909,10.874137
29418822023,-1.119487,1.981789,-1.028438,0.024495,-0.351769,-0.046101,10.946551
29518886043,-0.649807,1.698772,-0.157891,0.071312,-0.181536,-0.059985,11.059440
29618950064,0.534335,0.814846,0.053213,0.125494,-0.131016,-0.066041,11.137894
29719014084,-1.107724,1.179032,0.399559,0.114124,-0.212981,-0.030633,10.959129
29819078104,0.452022,0.590810,0.536365,0.060529,-0.181053,-0.028485,11.028668
29919142125,0.074595,0.239401,-0.015246,0.032777,-0.221469,0.011039,11.119561
30019206145,1.476882,-0.005330,-0.573719,0.050511,-0.116803,-0.014731,10.742611
30119270166,0.597008,1.481988,-0.146545,0.060372,-0.224686,0.055063,10.850559
30219334186,-1.085089,0.324392,0.272314,0.039911,-0.115014,0.037449,10.925070
30319398207,-0.778909,0.669013,0.575583,0.060295,-0.225383,0.088996,10.888078
30419462227,0.508334,0.364734,0.304257,0.046337,-0.143040,0.024537,10.750327
30519526248,1.191347,0.096507,0.167610,0.020212,-0.237037,0.090783,10.879632
30619590268,0.924814,-0.098567,-0.036101,-0.019232,-0.180443,0.086246,10.776963
30719654289,0.456694,0.640498,-0.335034,0.023126,-0.241557,0.104053,10.728170
30819718309,-0.886657,0.666841,0.311902,0.013201,-0.183049,0.055814,10.749898
30919782330,0.311432,0.125601,0.199297,0.050346,-0.241818,0.113253,10.681361
31019846350,-0.055545,0.903480,-0.081533,0.071812,-0.235184,0.124038,10.676459
31119910371,0.370083,-0.533164,0.490706,0.067615,-0.129337,0.082441,10.622009
31219974391,-0.753271,0.302758,0.174633,0.029180,-0.169081,0.042273,10.332257
31320038412,0.783328,-0.327657,-0.181897,-0.017956,-0.027968,-0.043707,10.365495
31420102432,1.071836,0.038951,0.009132,-0.030840,-0.108313,-0.029981,10.218111
31520166453,0.413037,0.161194,0.203393,-0.009024,-0.080166,0.013447,10.144779
31620230473,0.258000,-0.014802,0.339675,-0.033942,-0.146421,0.085927,10.108863
31720294494,1.025028,0.545005,0.543504,-0.051701,-0.061772,0.053091,9.756144
31820358514,1.445786,-0.184855,0.582542,-0.076566,-0.043687,0.015232,9.742606
31920422535,2.045995,-0.126612,0.303611,-0.104514,0.001485,0.003777,9.614155
32020486555,1.970296,-0.312921,-0.131081,-0.067057,-0.033691,0.070603,9.417897
32120550576,0.765021,0.140829,-0.074489,-0.066106,-0.072261,0.125060,9.206300
32220614596,0.778188,-0.010968,0.075471,-0.061995,-0.055395,0.114822,8.869127
32320678617,-0.296406,0.418554,0.351766,-0.061489,-0.044267,0.062903,8.500261
32420742637,0.067030,0.588244,0.376565,-0.034500,0.048930,-0.031984,8.134549
32520806658,0.645344,0.743682,0.046358,-0.030884,0.019856,-0.002577,7.832155
32620870678,1.218139,-0.252727,0.100458,-0.041033,0.085869,-0.063188,7.670174
32720934699,1.802792,-0.639389,-0.076453,-0.012780,0.049397,0.006766,7.435392
32820998719,0.819629,-0.331256,0.240362,-0.012414,0.031384,0.044636,7.231204
32921062740,0.565803,0.219274,0.150154,-0.019770,0.046181,0.010382,6.968518
33021126760,-0.081332,0.760148,0.134261,-0.020726,0.088152,-0.049589,6.725145
33121190781,0.455705,-0.267991,0.148636,-0.055217,0.056059,-0.066457,6.390587
33221254801,0.757188,0.359324,-0.064736,-0.040278,0.023628,-0.020476,6.321896
33321318822,1.242563,-0.459836,0.180429,-0.046220,0.077101,-0.025589,6.124502
33421382842,0.901879,-0.503378,0.621455,-0.049053,-0.139384,0.086983,6.022458
33521446862,-0.585422,0.000091,0.553412,-0.069737,-0.059042,0.049100,5.996115
33621510883,0.180726,0.148827,-0.055579,-0.073133,-0.131132,0.046657,5.753933
33721574903,0.342844,-0.081607,0.003218,-0.041055,-0.092140,0.032104,5.688667
33821638924,1.417535,-0.923276,0.072374,-0.042623,-0.065622,0.023395,5.507794
33921702944,1.246883,-0.974432,0.076626,-0.052053,-0.022235,-0.005181,5.504123
34021766965,0.579264,-0.705968,0.297576,-0.036217,-0.057179,0.054087,5.443857
34121830985,0.057339,0.412229,0.324150,-0.041103,-0.064741,0.048732,5.350857
34221895006,-0.014229,0.108458,-0.030778,-0.012611,-0.034316,0.000367,5.330573
34321959026,0.108614,-0.199228,0.096415,0.007229,-0.033050,-0.037047,5.239180
34422023047,1.053728,-1.316608,-0.070947,-0.016773,-0.010039,-0.024827,5.028628
34522087067,1.544293,-1.221230,0.035101,-0.004842,-0.023142,0.039150,4.976010
34622151088,0.653677,-1.174454,0.185884,-0.029246,-0.038728,0.056937,4.840113
34722215108,-0.140706,-0.212158,-0.234486,-0.002872,-0.020888,0.051194,4.762785
34822279129,0.380484,-0.382194,-0.310393,0.019732,-0.022933,0.001226,4.697615
34922343149,0.682271,-0.915972,0.150829,-0.011602,0.036163,-0.064932,4.697458
35022407170,1.889579,-0.541668,-0.226773,0.048234,0.018908,0.010618,4.585011
35122471190,1.450912,-1.127428,-0.071723,0.051795,0.108920,-0.023592,4.536736
35222535211,-0.822382,-0.909989,0.333526,0.035597,0.059972,-0.031565,4.442805
35322599231,-0.439937,-1.170588,-0.020370,0.024173,-0.122472,0.063202,4.451675
35422663252,1.475279,-1.156021,-0.597468,-0.000144,-0.085060,0.057209,4.453712
35522727272,1.419103,-1.449184,-0.332864,0.033717,-0.090752,0.020840,4.354457
35622791293,1.277073,-2.147758,-0.143465,0.017821,-0.109406,0.041094,4.358602
35722855313,-0.401606,-1.530088,0.558245,0.018603,-0.129367,0.019679,4.302110
35822919334,0.921417,-1.989004,0.538572,-0.030997,-0.012110,-0.075807,4.334338
35922983354,-0.704891,-0.754445,0.208839,-0.064939,-0.044461,-0.046382,4.277199
36023047375,-0.584403,-0.696153,-0.792615,-0.082888,0.134617,-0.157298,4.346092
36123111395,0.517606,-1.323568,-0.059471,-0.034047,0.093567,-0.120394,4.367864
36223175416,-0.474304,-0.960290,-0.452382,0.001457,-0.007937,-0.065737,4.294296
36323239436,0.925154,-0.687383,-0.129568,0.070102,-0.000246,-0.064871,4.348453
36423303457,0.950811,-1.251784,-0.499578,0.040392,0.020289,-0.003945,4.304407
36523367477,-0.028538,-0.942014,-0.398816,0.031666,-0.062073,0.066614,4.319612
36623431498,-0.605053,-1.035795,-0.313907,0.043325,-0.146718,0.044031,4.343061
36723495518,-1.451004,-0.884723,0.429564,0.037726,-0.130637,0.065879,4.274543
36823559539,0.807476,-0.781362,-0.007948,0.010724,-0.174438,0.106660,4.259640
36923623559,-0.977150,0.417078,0.062523,-0.043392,-0.213899,0.180715,4.226020
37023687580,0.411343,-1.452300,-0.225968,-0.009315,-0.021273,0.039530,4.245027
37123751600,0.412308,0.382241,-0.076932,-0.010266,-0.043390,-0.037084,4.211830
37223815620,-2.128826,-0.438938,0.229697,-0.047179,-0.022510,-0.001625,4.237354
37323879641,-2.070055,0.014204,0.590569,0.008526,-0.114298,0.076583,4.227032
37423943661,-2.016891,0.925182,-0.675173,0.041178,-0.427103,0.222270,4.195970
37524007682,0.421628,-0.270575,-1.051702,0.123682,-0.250060,0.117352,4.119712
37624071702,2.634724,-1.768902,-0.564287,0.223126,-0.462516,0.259759,4.128905
37724135723,0.899782,-1.141206,0.001039,0.211752,-0.422136,0.256766,4.121006
37824199743,2.749094,-2.494742,0.586932,0.131564,-0.435411,0.242195,4.117585
37924263764,-0.747771,0.220721,0.536763,0.000044,-0.462149,0.277390,4.124334
38024327784,1.586874,-1.043515,0.011165,-0.099837,-0.205757,0.101903,4.157569
38124391805,-1.453883,2.122850,-0.223351,-0.059406,-0.346359,0.169645,4.176910
38224455825,-0.048362,1.206941,-0.657661,0.001425,0.132329,-0.063882,4.185899
38324519846,-0.988555,1.280796,0.237762,0.059002,-0.118566,0.078364,4.256137
38424583866,3.467457,-1.964253,0.244826,-0.022204,0.327251,-0.170759,4.265992
38524647887,0.412937,-0.031954,0.077325,-0.048372,0.118471,-0.042570,4.297662
38624711907,0.411891,0.871769,0.231340,-0.104086,0.376071,-0.148440,4.359805
38724775928,1.450901,0.781247,-0.002212,-0.076550,0.292603,-0.068795,4.346934
38824839948,1.148523,2.121820,0.040680,-0.067796,0.378610,-0.214302,4.398522
38924903969,6.165133,-0.637469,-0.204391,-0.068618,0.479287,-0.293880,4.480734
39024967989,6.099612,-0.545732,0.213737,-0.067283,0.494958,-0.158247,4.496676
39125032010,6.009288,-1.156500,0.494130,-0.084545,0.550131,-0.067351,4.504760
39225096030,5.153535,1.017989,0.368259,-0.144611,0.524289,-0.036217,4.612990
39325160051,6.722706,0.531969,-0.299672,-0.177676,0.595656,-0.049158,4.676290
39425224071,4.145528,0.883102,0.166916,-0.118506,0.412416,0.039831,4.701306
39525288092,5.379240,0.848720,-0.159971,-0.118199,0.557523,-0.044902,4.758916
39625352112,5.580927,-0.283620,-0.592418,-0.058376,0.513175,0.033866,4.855649
39725416133,5.065299,-0.332535,-0.162441,-0.032966,0.555893,0.013016,4.824042
39825480153,5.118549,0.621944,0.917883,-0.045349,0.539131,0.025109,4.879971
39925544174,4.034199,1.091026,0.377287,-0.104619,0.530809,0.153951,4.879717
40025608194,4.999972,1.756207,-0.091398,-0.131137,0.408687,0.260193,4.981106
40125672215,1.917241,0.964250,0.799442,-0.198112,0.368216,0.198817,5.072847
40225736235,4.178324,1.183442,-0.175635,-0.244551,0.711648,-0.003828,5.163212
40325800256,2.594246,1.276356,0.230434,-0.185333,0.602599,0.049035,5.311966
40425864276,4.059727,2.492725,0.380634,-0.157565,0.473168,0.132523,5.390840
40525928297,1.384230,2.534039,0.615918,-0.159681,0.382542,0.245068,5.467039
40625992317,2.436436,1.968545,0.980569,-0.178819,0.463302,0.186591,5.589277
40726056338,4.766582,3.153773,0.441997,-0.150266,0.484014,0.146258,5.787731
40826120358,3.492794,2.167885,0.457850,-0.147697,0.483098,0.191188,5.887617
40926184379,4.840152,2.332934,-0.097194,-0.193393,0.572974,0.084614,5.974640
41026248399,2.105054,2.918177,-0.265871,-0.191109,0.475055,0.169564,6.099958
41126312419,1.857686,2.780406,-0.166261,-0.145760,0.667312,0.029265,6.120248
41226376440,1.882396,0.011420,0.169881,-0.005460,0.613434,0.010342,6.194252
41326440460,1.851481,1.780370,0.392031,-0.065470,0.738430,-0.089372,6.362422
41426504481,1.921808,1.939965,-0.039362,-0.090632,0.575321,-0.008535,6.411117
41526568501,3.254225,1.326527,-0.111849,-0.079590,0.582769,0.023548,6.483612
41626632522,2.827047,0.959536,-0.147407,-0.048680,0.499784,0.042422,6.596998
41726696542,2.583522,-0.160613,0.318366,-0.088153,0.517767,-0.073076,6.728008
41826760563,1.668714,1.056291,-0.129353,-0.108441,0.393407,-0.075840,6.796749
41926824583,2.280466,0.932077,-0.326600,-0.132466,0.273166,0.041865,6.908913
42026888604,2.319075,-0.313682,-0.353133,-0.063339,0.194957,0.145464,6.890335
42126952624,0.601294,-1.554413,-0.094924,0.008213,0.143002,0.132285,7.041050
42227016645,1.260438,-1.863200,0.140314,0.069203,0.125747,-0.024840,7.121073
42327080665,1.683603,-2.174977,0.162777,0.124732,-0.104024,0.063583,7.181244
42427144686,1.405695,0.115693,-0.525557,0.122595,0.000232,0.038861,7.206199
42527208706,3.888041,0.061066,0.812285,0.069221,-0.116912,0.149403,7.239997
42627272727,1.677497,-0.245527,0.490483,-0.063736,-0.099887,0.098085,7.282020
42727336747,2.063289,-2.919612,0.553653,-0.097597,-0.161843,0.073725,7.394240
42827400768,1.172119,-2.844022,0.573671,-0.065963,-0.160822,0.002433,7.619969
42927464788,0.396818,-1.971479,0.042156,0.037020,-0.293757,0.066551,7.583147
43027528809,0.565627,-1.977447,-0.153595,0.100923,-0.144001,-0.053210,7.529141
43127592829,0.910523,-2.290024,0.308860,0.037497,-0.083975,-0.090235,7.552962
43227656850,1.224634,-2.194896,0.210501,-0.017806,-0.199264,0.084874,7.386080
43327720870,1.977922,-1.398968,-0.424390,-0.024782,-0.107818,0.083136,7.462096
43427784891,0.834719,-1.673510,0.504230,-0.001840,-0.161365,0.040362,7.515883
43527848911,1.211927,-2.111963,0.489517,0.061171,-0.254953,0.068119,7.405036
43627912932,0.503392,-2.632961,-0.031095,0.018399,-0.146107,0.035410,7.314340
43727976952,-0.346071,-2.630037,-0.279174,0.001951,-0.018130,-0.054561,6.967905
43828040973,-1.078889,-2.169211,0.093447,-0.034709,-0.091205,-0.031466,6.882747
43928104993,1.984169,-0.016736,-0.287677,-0.011245,0.178498,-0.149023,6.669149
44028169014,1.609640,-1.481939,-0.134333,0.036888,0.125320,-0.117385,6.380266
44128233034,-0.495547,-2.770007,-0.074371,0.021897,0.116399,-0.073299,6.352343
44228297055,-0.321763,-2.108815,-0.177406,0.069905,0.038162,-0.018503,6.046716
44328361075,0.606421,-1.346515,1.143679,0.040331,0.058780,-0.032754,5.741907
44428425096,2.897767,0.741074,0.151239,0.011633,-0.187149,0.177594,5.581575
44528489116,0.700789,-2.635694,-0.603015,0.035118,-0.049008,-0.003891,5.420052
44628553137,0.392398,-3.100211,-0.697498,-0.030935,-0.095929,-0.025917,5.293205
44728617157,0.699408,-1.703069,0.122632,0.136619,-0.203015,0.117604,5.261645
44828681177,0.827608,-0.711148,0.482645,0.011429,-0.038763,0.076494,5.412459
44928745198,0.698161,-2.683042,0.120524,-0.024658,-0.149168,0.130278,5.284811
45028809218,1.018441,0.292666,-0.171294,-0.018196,-0.127590,0.076123,5.294030
45128873239,0.748541,1.238259,-0.350883,0.080500,-0.073209,-0.037765,5.175225
45228937259,0.063470,-0.313273,-1.233974,0.116860,-0.338046,0.114994,5.250160
45329001280,-1.236244,-1.536468,-0.986541,0.083654,-0.123087,0.203196,5.222046
45429065300,-1.147001,-0.935466,-0.140367,0.059842,-0.193959,0.186391,5.173127
45529129321,-0.599333,-0.201010,0.449992,-0.038262,-0.297766,0.031834,5.243563
45629193341,0.727014,0.600621,-0.562720,-0.040528,-0.411883,0.178775,5.168240
45729257362,-1.952193,-1.709903,0.449829,0.036560,-0.231984,0.156271,5.168321
45829321382,1.017487,1.927242,0.133033,0.049621,0.260748,-0.134394,5.219323
45929385403,1.168858,2.008211,-0.038572,0.042810,0.044251,-0.009799,5.161850
46029449423,-0.141466,1.211550,0.617961,-0.058307,-0.094118,0.006719,5.180603
46129513444,-1.811158,-1.065284,-0.408843,0.019481,0.001250,0.128072,5.200957
46229577464,-2.573858,-1.590808,0.761346,0.013084,0.454816,-0.199729,5.338435
46329641485,-2.947205,-2.708850,1.185449,-0.054392,0.343831,-0.225615,5.431286
46429705505,-2.428774,-0.115243,-0.057902,-0.040307,0.733028,-0.404439,5.600477
46529769526,1.604135,2.907631,-0.621669,-0.109212,0.556447,-0.462245,5.683701
46629833546,-1.199758,-1.276620,0.406930,-0.025094,0.065534,-0.170874,5.976028
46729897567,2.168639,3.969803,-0.650787,-0.004070,0.144531,0.060188,6.046988
46829961587,2.739909,5.483598,-0.409183,0.048562,-0.131488,0.283777,6.215586
46930025608,1.116302,3.210614,-1.445878,0.036770,0.155466,-0.036574,6.441830
47030089628,0.151560,2.537037,-1.471569,0.014331,0.356218,-0.171061,6.482728
47130153649,-0.403542,0.979611,-0.815302,0.057311,0.198399,0.070027,6.535021
47230217669,0.314170,0.652182,-0.377543,0.106820,0.214721,-0.011415,6.804499
47330281690,1.340740,0.687336,1.114843,-0.047604,0.203251,-0.120309,6.890078
47430345710,0.514760,1.559801,0.815903,-0.184482,0.238224,-0.110165,7.100639
47530409731,-0.708501,2.311239,0.197348,-0.094562,0.136058,0.024459,7.274741
47630473751,-1.364710,1.003567,0.222562,0.012019,0.102740,0.075581,7.425479
47730537772,-0.590715,2.087023,-0.013456,0.002901,0.193836,-0.009122,7.533833
47830601792,0.437557,1.940168,-0.583450,-0.025048,0.169078,-0.043208,7.649122
47930665813,1.493646,2.559965,-0.673679,-0.035270,0.286514,-0.151585,7.805176
48030729833,0.040829,2.921937,-0.840381,0.014984,0.121841,0.005906,7.998143
48130793854,-0.057347,1.267397,-1.053925,0.055313,0.230354,0.030670,8.204012
48230857874,1.399672,1.574489,-0.403049,0.077996,0.187970,0.020184,8.303569
48330921895,1.020124,2.402246,-0.459167,0.011906,0.222763,-0.072876,8.469641
48430985915,1.314915,1.762087,-0.335617,-0.021478,0.260378,-0.108279,8.639425
48531049935,1.645688,2.280487,-0.259442,-0.103494,0.137247,-0.022100,8.834761
48631113956,1.701156,3.719361,-0.025919,-0.111633,0.164686,0.059138,8.965000
48731177976,1.881120,3.348083,-0.437498,0.031817,0.380413,0.065495,9.031426
48831241997,2.523307,4.702533,-1.533860,0.012285,0.507689,-0.039829,9.226741
48931306017,0.553964,3.355242,-0.626537,-0.027504,0.412167,-0.163417,9.373369
49031370038,-0.039547,3.561558,-1.185316,-0.034607,0.455203,-0.110653,9.484747
49131434058,0.056813,5.069310,-0.476858,-0.058519,0.374663,0.058809,9.578880
49231498079,0.446315,1.759142,1.915124,-0.052130,-0.045201,0.331065,9.733832
49331562099,-0.090238,-0.118896,2.695037,-0.135228,0.706041,-0.016087,9.924597
49431626120,-0.666773,0.837822,2.296491,-0.153530,0.809734,-0.146652,10.059739
49531690140,0.375857,-0.531228,0.520789,-0.164880,0.621089,-0.284682,10.153425
49631754161,-2.111087,3.092018,0.911015,-0.128372,0.369746,-0.296560,10.270142
49731818181,0.408176,0.134588,0.053688,0.012806,-0.116264,0.104724,10.542866
49831882202,1.811967,-1.210900,-0.523626,0.148405,0.090564,0.031690,10.648458
49931946222,1.740885,-1.382037,0.512948,-0.045721,0.304796,-0.114969,10.666389
50032010243,0.653833,-1.983996,1.227483,-0.151699,0.220133,-0.167517,10.698850
50132074263,0.578844,-3.461995,1.684152,-0.073984,0.399520,-0.060035,10.770696
50232138284,1.162045,2.180581,1.430581,-0.018647,0.005950,0.009992,10.815202
50332202304,-0.842819,8.857650,0.849302,-0.021903,-0.435725,0.172633,10.747623
50432266325,-1.484094,5.584632,-0.334188,0.002072,0.856965,-0.498585,10.809211
50532330345,1.030456,-0.687831,-0.983576,0.087091,0.405723,-0.106704,10.907230
50632394366,-0.133272,-1.875300,-0.512109,-0.045799,0.533506,-0.232937,10.675653
50732458386,0.584380,2.745368,-0.295444,-0.133790,0.294296,-0.112262,10.782099
50832522407,-0.436715,-1.643439,0.293818,-0.034684,-0.178428,0.127030,10.954761
50932586427,0.936580,-2.489495,-0.492635,0.137046,-0.103921,0.185200,11.017815
51032650448,1.511566,-1.352617,-1.048506,0.173972,0.023605,0.105014,11.070452
51132714468,0.863466,0.541674,-1.168630,0.066628,-0.094565,0.055206,10.942952
51232778489,-0.018642,2.332372,-1.039604,0.064460,-0.173899,0.171974,10.928200
51332842509,0.118283,2.772552,-0.903735,0.133962,-0.090747,0.031142,11.089081
51432906530,1.314527,0.242301,0.081159,0.026376,-0.362601,0.162198,11.115381
51532970550,1.187587,-2.493900,1.242547,-0.128967,-0.215358,0.098120,10.740364
51633034571,0.266596,-1.045647,-0.051919,0.019120,-0.154002,0.071029,10.738333
51733098591,-0.114601,-4.024082,-0.002969,0.142663,-0.169601,0.195341,10.608226
51833162612,-1.381759,-0.568947,-0.328689,0.203344,0.222322,0.072698,10.585184
51933226632,0.599016,0.831185,-0.612369,0.099865,0.097536,-0.100016,10.364620
52033290653,1.140425,3.466265,-0.879012,-0.021271,0.351346,-0.140655,10.169220
52133354673,-0.647818,4.227149,-0.878231,-0.002601,0.186580,-0.063509,10.345722
52233418693,-0.296676,2.949630,0.422033,0.005364,0.327803,-0.136924,10.499060
52333482714,1.135366,0.199443,-0.176439,0.043598,0.099969,-0.013866,10.378395
52433546734,-1.297027,1.823728,0.188538,-0.048219,0.170977,-0.039632,10.406688
52533610755,-0.897709,2.504156,-0.868456,-0.099743,0.170872,-0.117645,10.148527
52633674775,-0.316813,-3.797921,-0.343937,-0.023662,-0.268359,0.149013,9.949612
52733738796,-0.289962,-2.889727,1.243671,-0.151338,0.056577,-0.016761,10.196650
52833802816,0.428629,-1.804743,1.261999,-0.180478,0.058159,0.059918,10.114722
52933866837,0.460683,3.720744,1.107168,-0.110069,0.062746,0.083716,10.109371
53033930857,-1.911108,4.956764,-0.485080,0.024473,-0.407222,0.300819,9.975549
53133994878,-1.756936,3.384786,-0.727552,0.064431,-0.118066,0.023852,9.961840
53234058898,-0.430399,2.031230,-1.338962,0.045143,-0.262635,0.123689,10.022544
53334122919,-0.619635,0.986933,-1.066135,-0.037364,-0.227597,0.132336,10.056801
53434186939,0.380010,2.381168,-0.685652,-0.070127,-0.457515,0.163958,10.111234
53534250960,-0.686887,-0.687179,0.568562,-0.091914,-0.318211,0.070762,10.175055
53634314980,-2.848956,2.103826,0.060073,0.006301,-0.188979,0.062268,10.250610
53734379001,-2.725281,1.298174,-1.462245,0.164816,-0.169820,0.182394,10.205750
53834443021,-2.731647,2.693803,-1.644500,0.243127,0.162326,0.060746,10.169106
53934507042,-1.130503,-1.371846,-0.177702,0.019741,-0.033246,0.148800,10.277498
54034571062,-4.858798,-0.894546,0.466116,-0.139982,0.168984,-0.048626,10.351258
54134635083,-4.787770,-3.224202,0.247164,0.015374,0.193472,-0.013107,10.505903
54234699103,-4.948210,0.271231,-0.804174,0.080208,0.650726,-0.243236,10.687181
54334763124,-5.351595,2.572766,-0.196019,0.121146,0.349869,-0.143064,10.712400
54434827144,-5.064319,-1.642174,1.472183,0.065793,0.187582,-0.020801,10.790682
54534891165,-3.867625,-1.501239,1.205658,-0.029091,0.203635,0.030502,10.760787
54634955185,-2.355272,-2.149744,1.073116,-0.143541,0.341888,-0.124193,10.828017
54735019206,-2.907301,-2.312986,0.352551,-0.090733,0.251250,-0.106857,10.995406
54835083226,-5.130093,0.974525,-1.198849,0.003967,0.454319,-0.170263,11.108658
54935147247,-3.907224,3.048895,-1.351458,0.125840,0.478375,-0.156058,11.229722
55035211267,-1.652593,2.376456,-0.804582,0.092269,0.501316,-0.225574,11.303768
55135275288,-1.706509,2.950684,-0.355974,-0.012302,0.433066,-0.178610,11.404803
55235339308,-0.572175,-0.320663,-0.014784,-0.073571,0.404103,-0.132288,11.458442
55335403329,-0.914521,-0.482685,0.145862,-0.069579,0.329379,-0.037134,11.470554
55435467349,-1.572018,-0.215969,-0.088736,-0.054853,0.089482,0.134681,11.570123
55535531370,-2.093743,2.375028,-0.174962,-0.049617,0.219931,0.066289,11.741288
55635595390,-1.918077,2.332329,0.042415,0.021138,-0.024460,0.160225,11.929901
55735659411,-1.359011,2.762658,0.184650,-0.045419,-0.004892,0.154054,12.036515
55835723431,0.248769,1.167067,-0.337409,-0.014741,-0.188854,0.245917,12.019083
55935787451,0.138321,-0.618060,-0.759023,0.066353,-0.037768,0.122412,12.182968
56035851472,-1.738423,0.762224,-0.693844,0.077641,0.041302,0.047650,12.296532
56135915492,-0.958086,-0.647766,-0.002459,0.041936,0.014158,0.086026,12.343670
56235979513,-0.251359,0.026764,0.273083,-0.040741,0.251168,-0.035679,12.437564
56336043533,-0.678425,0.611603,0.491490,-0.070444,0.180007,-0.100752,12.603355
56436107554,-2.434334,1.516924,0.184858,-0.091854,0.136808,-0.051294,12.723871
56536171574,-1.867487,1.989400,-0.285589,-0.034442,0.198090,-0.002041,12.779776
56636235595,-2.332734,2.326142,0.229567,-0.027532,0.486986,-0.188180,12.809022
56736299615,-1.124616,0.567711,0.285076,-0.054229,0.411963,-0.219855,12.854658
56836363636,1.253038,-1.019924,0.087005,-0.068216,0.421348,-0.250138,12.989091
56936427656,-1.483820,-0.457753,-0.272831,-0.068951,0.410136,-0.186715,13.161527
57036491677,-0.881234,-0.657588,0.067654,-0.047511,0.439369,-0.222366,13.207205
57136555697,-1.129178,1.043677,0.630111,-0.066186,0.377443,-0.188196,13.173682
57236619718,0.272250,-0.139988,1.332312,-0.117754,0.113210,0.010719,13.232379
57336683738,-0.621839,1.663782,0.628353,-0.132482,0.199195,-0.044385,13.271653
57436747759,-1.244582,1.613427,0.246130,-0.147146,-0.011107,0.041824,13.313362
57536811779,-1.922267,1.182932,-0.113547,-0.103609,-0.017066,-0.022455,13.228762
57636875800,-0.408363,0.309636,-0.311326,0.018254,-0.090705,0.108097,13.250117
57736939820,0.958971,-0.713716,-0.348497,0.132704,-0.010969,0.054308,13.333115
57837003841,0.528301,1.017458,-0.018822,0.009925,-0.023126,0.026524,13.325914
57937067861,-0.339880,1.011551,0.263462,-0.123044,-0.051714,0.080568,13.212690
58037131882,0.123749,0.494809,-0.279379,-0.090499,-0.107173,0.097484,13.168138
58137195902,0.270465,0.127123,0.427593,-0.023254,-0.100630,0.044427,13.152912
58237259923,-0.841854,1.036954,0.232492,0.007226,0.028453,0.049269,13.137203
58337323943,-0.142403,0.711431,-0.643267,0.009047,-0.172771,0.178268,13.169415
58437387964,-2.001826,1.093609,-1.017365,0.010503,-0.430052,0.201778,13.225994
58537451984,1.155477,-0.700667,-1.069862,0.134971,-0.572318,0.233495,13.033822
58637516005,2.972119,-0.762600,-0.807240,0.175215,-0.480368,0.175281,12.786933
58737580025,2.866801,-0.252419,-0.342984,0.173706,-0.621520,0.236292,12.572809
58837644046,4.130978,-2.774859,0.299113,0.073134,-0.540016,0.214103,12.481813
58937708066,4.671649,-1.024851,0.521717,-0.024331,-0.200222,0.069581,12.199485
59037772087,4.333321,-2.584734,0.914746,0.016688,-0.291033,0.131950,11.690965
59137836107,-4.342260,4.422007,0.384912,-0.054555,0.390765,-0.239580,11.434784
59237900128,0.345266,0.643826,-0.230415,-0.057217,0.169278,-0.028667,11.073795
59337964148,3.003130,-0.883592,-0.531271,-0.052062,0.227691,-0.153786,10.585973
59438028169,-1.999128,4.150979,-1.252794,0.036343,-0.769396,0.402809,10.462938
59538092189,-1.775903,2.651297,-0.924397,0.055640,-0.635350,0.250019,9.991460
59638156209,-1.044364,1.543452,-0.474890,0.144590,-0.775498,0.393732,9.636871
59738220230,3.058090,-0.413286,0.072925,0.136599,-0.643027,0.375329,9.492826
59838284250,-0.114468,0.228716,-0.653181,0.082519,-0.442027,0.241883,9.092661
59938348271,0.802473,-2.306285,-0.224222,0.026288,-0.531344,0.329447,8.910232
60038412291,0.102264,0.308823,-1.545818,0.060311,-0.352275,0.264356,8.960824
60138476312,2.511078,-0.998578,-0.473621,0.037586,-0.253075,0.239581,8.939164
60238540332,-1.117038,1.231276,0.118788,-0.044077,0.284092,-0.041212,8.907608
60338604353,-1.291535,2.042395,0.812907,-0.087879,0.264741,-0.130196,8.840685
60438668373,-1.374562,3.511407,0.934174,-0.166538,0.528682,-0.314040,8.770966
60538732394,-0.679720,0.419532,-0.125926,-0.048776,0.487262,-0.407744,8.676903
60638796414,0.655382,-3.444877,0.980223,0.028118,0.398417,-0.285958,8.628185
60738860435,-0.095534,0.311085,-0.000168,-0.041987,0.238695,0.023963,8.666633
60838924455,2.301050,1.194452,-0.305204,-0.101773,0.238934,-0.152158,8.482340
60938988476,-0.635264,2.884630,0.641847,0.031687,0.470238,-0.417087,8.393826
61039052496,-0.500690,1.465024,0.634162,0.085774,0.200193,-0.077052,8.381184
61139116517,-0.208230,0.551126,-0.293496,0.031930,0.092766,0.209056,8.287480
61239180537,-0.858153,1.262683,-0.805091,-0.081032,0.142653,0.066250,8.404806
61339244558,0.399039,-0.475717,-0.622541,-0.120634,0.188722,-0.141304,8.367168
61439308578,0.766997,-1.749665,0.178666,-0.202047,0.387032,-0.148304,8.213664
61539372599,-0.165394,-1.277807,0.385276,-0.151909,0.343582,-0.155799,8.210138
61639436619,2.150484,-1.576115,0.099790,-0.054548,-0.042419,-0.039243,8.206874
61739500640,-0.691182,1.231507,-0.364395,-0.066062,-0.085931,0.098920,8.173766
61839564660,-2.399454,2.127238,-1.296349,-0.007598,-0.411591,0.215327,8.198081
61939628681,-1.641050,3.807603,-0.197677,0.057957,-0.371247,0.061413,8.120499
62039692701,-0.108368,3.331825,0.063046,0.119613,-0.657366,0.314304,8.167681
62139756722,-1.428944,-1.038605,-0.710059,0.063724,-0.261566,0.243524,8.251945
62239820742,-4.070448,0.561285,-0.766980,-0.011541,0.323969,-0.121019,8.398251
62339884763,1.180454,-1.879596,-0.456348,0.057121,0.145489,-0.068923,8.401465
62439948783,2.098289,-2.704977,-0.514966,-0.076039,0.365332,-0.196400,8.414932
62540012804,2.938421,-1.720125,-0.155704,-0.050199,0.338061,-0.204679,8.385896
62640076824,1.260107,-0.219623,0.186712,-0.065664,0.561425,-0.348221,8.443380
62740140845,1.389165,0.812131,0.176827,0.033041,0.352624,-0.198693,8.540657
62840204865,2.422851,-2.310804,0.690481,-0.008814,0.041341,-0.002138,8.718668
62940268886,-2.099329,0.621888,0.396421,-0.078311,-0.019284,0.077396,8.924281
63040332906,-1.467694,-0.404029,-0.245940,0.015052,-0.416936,0.267372,9.040481
63140396927,-0.022139,-3.119996,-0.846364,0.181349,-0.188857,0.157849,9.029215
63240460947,-0.043262,-2.721654,-1.380278,0.209564,-0.089976,0.105315,9.043067
63340524967,0.866834,-0.413098,-0.406700,0.051577,-0.184872,0.051056,9.061419
63440588988,0.890280,-0.076231,0.603640,-0.124300,-0.284175,0.152665,9.036445
63540653008,0.628413,0.784360,1.026731,-0.127105,-0.163835,0.012004,9.154812
63640717029,0.518478,-0.927720,0.267563,0.149617,-0.235037,0.174275,9.303202
63740781049,0.847577,-1.451839,-0.590319,0.223456,-0.097815,0.212402,9.369336
63840845070,-1.319726,-0.981299,-0.909668,0.180675,0.076604,-0.076828,9.411714
63940909090,-1.643383,0.947320,-0.729929,0.055440,-0.030351,-0.138091,9.610227
64040973111,-0.902490,0.336796,0.345306,-0.085130,-0.046310,-0.008442,9.723505
64141037131,1.520616,-3.034616,1.064717,-0.103646,0.016288,-0.055686,9.747513
64241101152,1.175046,-2.779390,0.854201,-0.093808,0.281076,-0.188654,9.819648
64341165172,0.880733,-1.578662,0.097701,-0.097961,0.112566,0.065147,9.633491
64441229193,-0.462505,-2.499327,-0.744402,-0.031372,0.202914,-0.085848,9.787671
64541293213,-1.942383,-0.809740,-0.340513,0.070184,0.270058,-0.325156,9.971632
64641357234,-0.403139,-0.175209,-0.243679,0.056920,0.169701,-0.159617,10.010370
64741421254,-0.046673,0.963868,0.521908,-0.018568,0.140622,-0.087687,10.243276
64841485275,0.181755,-0.356837,1.516380,-0.147270,-0.043613,-0.048386,10.170892
64941549295,-0.006216,-0.349474,0.917267,-0.197649,-0.105585,0.056219,10.210221
65041613316,1.490677,-1.605184,0.147087,-0.054448,-0.132716,0.057687,10.184228
65141677336,1.236053,-1.512478,0.056060,0.039323,0.001622,-0.032557,10.341198
65241741357,1.451708,-0.903653,-0.300208,0.085230,-0.060743,-0.005798,10.621938
65341805377,0.300820,1.013435,-0.300831,0.091113,-0.110307,0.094175,10.608117
65441869398,-0.976581,1.688759,-0.178692,0.038517,-0.225745,0.165024,10.650282
65541933418,0.225839,0.112963,0.308009,-0.003489,-0.131600,0.004980,10.566272
65641997439,1.200328,-1.795446,0.708170,-0.004833,-0.175681,0.030192,10.720853
65742061459,0.162967,-2.107781,0.942964,-0.023317,-0.277392,0.161066,10.818615
65842125480,-0.652271,-1.531764,-0.033491,0.062217,-0.233744,0.116709,10.774877
65942189500,2.443389,-1.865017,-0.015814,0.127728,-0.015169,-0.021223,10.827098
66042253521,3.235700,-0.906428,0.757363,-0.060997,0.304786,-0.191366,10.851710
66142317541,1.624093,-1.741582,0.301632,-0.109136,0.317076,-0.166909,10.944915
66242381562,-0.627941,0.414386,-0.119073,-0.043343,0.520911,-0.302267,11.013609
66342445582,-0.487200,1.226685,-0.858904,0.022515,0.294033,-0.140041,11.181049
66442509603,-0.671021,-0.359575,-1.235996,-0.017364,0.276911,-0.150550,11.053556
66542573623,-3.521305,1.998983,-1.046722,0.021714,0.237882,-0.117008,10.957106
66642637644,-1.441602,1.910307,-0.099207,0.072859,-0.095293,0.054545,11.084203
66742701664,-0.917084,1.002796,0.397356,-0.011503,0.024915,-0.034876,11.104918
66842765685,0.173501,-0.612121,0.432541,0.003245,-0.070766,0.150002,11.188578
66942829705,0.337385,-1.868018,0.220564,0.019922,-0.066481,0.132271,11.259071
67042893725,0.759152,-1.152059,0.186781,0.027497,-0.140647,0.139945,11.159591
67142957746,0.385609,1.400226,-0.186362,0.023323,-0.223792,0.176108,11.098644
67243021766,-0.224062,0.932144,-0.057273,0.027934,-0.336541,0.205686,11.076159
67343085787,-0.906733,0.798077,-0.899148,0.126363,-0.196388,0.097895,11.185239
67443149807,-2.981017,0.813595,-0.852401,0.086531,-0.078920,0.080411,11.105735
67543213828,-2.418163,-0.236849,-0.801161,0.027538,-0.015951,0.020870,11.018870
67643277848,-0.311060,0.171576,-0.611799,0.048646,0.041006,-0.047734,11.019223
67743341869,2.539992,-1.847610,0.993060,0.021649,0.126048,0.013180,11.097412
67843405889,1.673113,-2.243850,2.274976,-0.063903,0.355084,-0.225756,11.068712
67943469910,2.513095,-2.373310,1.842359,-0.166457,0.313850,-0.255982,11.064616
68043533930,0.656396,-0.878253,0.806832,-0.134091,0.479905,-0.335722,10.918333
68143597951,-2.010537,0.098243,0.990024,-0.055941,0.308277,-0.234835,10.818895
68243661971,-0.522518,-1.057517,-0.189525,-0.044448,0.236745,-0.173234,10.927852
68343725992,-1.390308,0.810796,-1.630125,0.037069,0.182450,-0.133656,10.904069
68443790012,-0.479015,1.009681,-1.164286,0.086877,0.058102,-0.021330,10.869932
68543854033,-0.602935,2.445520,0.069362,-0.022660,0.000096,0.013472,10.704839
68643918053,0.628516,0.403680,0.989483,-0.135476,-0.308315,0.133126,10.597719
68743982074,0.348641,-0.746137,0.567921,-0.069718,-0.188017,0.097831,10.645253
68844046094,-0.513968,-0.153052,-0.457251,0.044774,-0.147375,0.106724,10.561485
68944110115,0.726961,-0.245360,-0.286048,0.012517,-0.054846,0.049342,10.660099
69044174135,0.727072,-0.070930,-0.233491,-0.103815,0.128018,-0.057710,10.514740
69144238156,0.142889,-0.100668,0.283486,-0.170232,0.095611,-0.101602,10.472586
69244302176,-0.524605,-0.070533,0.222953,-0.112441,0.078802,-0.074412,10.559152
69344366197,-1.285991,-0.513385,-0.586688,0.028599,0.173221,-0.062835,10.441446
69444430217,-1.029087,0.316138,-1.464003,0.092539,0.254892,-0.100385,10.387018
69544494238,-0.096579,0.499488,-1.111975,0.096594,0.168548,-0.054754,10.426483
69644558258,0.506633,-0.041676,0.590497,0.060661,0.040977,-0.017824,10.585909
69744622279,0.648455,-0.114640,1.044331,-0.086702,-0.094981,0.030300,10.581660
69844686299,0.290886,-1.988856,1.195084,-0.213525,-0.128787,0.038256,10.589503
69944750320,-0.262744,-3.677004,0.493596,-0.089942,-0.253761,0.099859,10.655189
70044814340,1.491562,-3.013713,-0.676739,0.069881,-0.497469,0.240564,10.540962
70144878361,0.599410,-0.565228,-0.617509,0.012499,-0.333207,0.204759,10.562725
70244942381,-2.174180,2.837719,-1.189306,0.004167,-0.303928,0.163934,10.705514
70345006402,-3.040060,1.831628,-0.961611,-0.025000,-0.108320,0.054565,10.743637
70445070422,-2.723576,-0.164786,-0.325197,-0.009230,0.191136,-0.098855,10.770571
70545134443,0.769988,-0.676074,0.980076,0.114483,0.158427,-0.086624,10.913622
70645198463,1.876862,-0.144890,1.499435,0.046787,0.237955,-0.096911,10.907004
70745262483,0.098758,-0.820408,0.826717,-0.036403,0.052545,-0.012502,10.869577
70845326504,-0.705304,-0.551270,0.234175,-0.020397,0.092156,-0.049957,11.026261
70945390524,-0.648563,0.122755,-0.067116,-0.037573,0.037005,-0.038114,11.119930
71045454545,-0.688650,-0.292978,-0.303726,-0.006036,-0.092769,0.047312,11.131768
71145518565,-0.973256,-0.393977,-0.522651,0.034843,0.036996,0.089438,11.133569
71245582586,-0.680129,0.045361,-0.017381,0.045075,0.092784,0.076100,11.132068
71345646606,-1.193818,-0.198844,0.691774,0.049154,0.029516,0.021194,11.157341
71445710627,0.346000,-1.958980,1.275833,0.041539,-0.162356,0.129493,11.320823
71545774647,-0.667851,-0.641812,0.540951,-0.037681,-0.046619,0.065752,11.407353
71645838668,-2.830968,0.081893,0.035214,-0.030421,0.048216,-0.029040,11.534522
71745902688,0.828082,-2.996314,-0.266531,-0.034900,0.205889,-0.159287,11.574421
71845966709,0.623194,-2.392056,-0.852966,0.047842,0.525623,-0.346341,11.556469
71946030729,1.419821,-2.554807,-0.414173,0.108989,0.477435,-0.307472,11.587099
72046094750,2.166955,-0.672486,-0.270240,-0.008510,0.557219,-0.289374,11.599341
72146158770,2.054466,0.600452,-0.152727,0.016316,0.182735,-0.054682,11.610085
72246222791,1.587947,-1.288887,0.427001,0.026716,-0.107123,0.045923,11.650691
72346286811,-1.807755,0.335749,1.685204,-0.001476,-0.145022,-0.029290,11.683868
72446350832,0.818963,-1.790814,1.996656,-0.034501,-0.511210,0.262530,11.626511
72546414852,0.592476,-2.534387,0.630651,-0.043190,-0.370681,0.278486,11.592836
72646478873,-0.226339,-2.290797,-0.258998,0.078297,-0.393496,0.238340,11.627226
72746542893,1.537082,-2.845342,-0.326833,0.134324,-0.205595,0.169875,11.752392
72846606914,2.221300,-3.145912,0.250714,0.063177,-0.112550,0.048286,11.799590
72946670934,2.476213,-2.667056,0.351991,-0.037043,0.047188,-0.141853,11.720165
73046734955,-2.028797,2.537987,-0.201029,-0.085834,0.483499,-0.278116,11.773475
73146798975,-2.494354,1.637354,0.327313,-0.086463,0.433695,-0.232204,11.837710
73246862996,-2.262765,0.465374,0.379702,-0.075818,0.658998,-0.375834,11.783820
73346927016,-2.406080,1.302810,-0.402913,-0.050247,0.302700,-0.089712,11.776415
73446991037,0.256999,-1.086480,-0.661893,-0.100317,0.117512,-0.088393,11.895092
73547055057,2.393650,-0.954379,-0.106824,-0.020382,0.044127,-0.168498,12.025226
73647119078,0.999964,-0.472433,0.308581,0.035826,-0.083603,0.007390,11.942162
73747183098,-0.952270,0.618886,0.321281,-0.039667,0.031041,0.014225,11.819045
73847247119,-0.297526,0.805383,0.452794,-0.014282,-0.086048,0.049936,11.851119
73947311139,-0.533461,0.444661,0.271880,0.008775,-0.093425,0.055933,12.013609
74047375160,-0.183482,0.570692,-0.494426,0.059145,-0.143720,0.076873,12.131543
74147439180,-0.308297,0.257583,0.413615,-0.011025,0.019050,-0.032886,12.052648
74247503201,-1.283322,0.557873,0.017126,-0.014829,0.215659,-0.049275,12.024410
74347567221,-1.684685,-0.747338,-0.908899,0.100283,0.122413,0.071659,11.968068
74447631241,-2.347434,-1.834013,-0.242155,-0.046535,0.019113,-0.014945,12.012952
74547695262,-1.396545,-0.796897,-0.361597,-0.120889,0.174956,-0.214223,12.100686
74647759282,-1.343161,0.508767,-0.198287,-0.023084,0.223681,-0.131368,12.085476
74747823303,0.184514,0.261879,-0.019867,0.030361,0.173452,0.027427,12.245367
74847887323,-0.576354,0.312391,0.196999,-0.018458,0.305630,-0.121357,12.122492
74947951344,-1.958390,1.556353,0.291541,-0.030269,0.041424,-0.068587,11.823260
75048015364,-0.882386,0.421356,-0.004182,0.008303,-0.208376,0.147544,11.784445
75148079385,-0.603642,-0.096624,0.048960,0.041901,-0.104058,0.116285,11.858638
75248143405,1.053451,-0.385143,0.223206,0.040517,-0.121228,0.059448,11.908649
75348207426,1.276024,-0.903603,0.274907,-0.022540,-0.107011,0.003899,11.801215
75448271446,0.385210,-1.418322,0.590209,-0.078199,-0.106400,0.016380,11.762625
75548335467,-1.431348,-1.863556,-0.044211,-0.077292,-0.141782,0.076706,11.729485
75648399487,-0.528762,-0.923740,-0.522733,-0.019011,-0.143003,0.006076,11.797678
75748463508,-0.006597,-0.435893,0.072685,0.038196,-0.078121,-0.076898,11.786634
75848527528,-0.797062,-0.666228,-0.362899,0.056793,-0.125396,0.061430,11.680951
75948591549,-0.046376,-1.316146,-0.695457,0.081733,-0.078336,0.147430,11.641317
76048655569,-0.366634,-1.065620,-0.286034,0.069570,0.056780,-0.012212,11.852960
76148719590,-0.118827,-0.192675,-0.200557,0.078011,0.006461,-0.062830,11.695783
76248783610,0.369112,-0.036136,0.376004,0.006909,-0.065371,0.024486,11.323109
76348847631,-0.267412,-0.548142,0.533121,-0.034688,-0.051815,0.008741,11.546195
76448911651,-0.977822,-1.508587,-0.046342,-0.021994,-0.054132,0.001065,11.498308
76548975672,-0.293653,-2.166153,-0.119868,0.018684,-0.201002,0.138905,11.315448
76649039692,0.508904,-1.496036,-0.215841,0.078200,-0.211000,0.150246,11.266893
76749103713,-0.042384,-0.123225,-0.086036,0.041080,-0.139188,0.075104,11.276434
76849167733,-0.376395,-0.610333,0.147143,0.013564,-0.224720,0.113755,11.158985
76949231754,-1.627953,-0.788880,-0.439110,0.048412,-0.122438,0.092278,11.208851
77049295774,-2.555309,0.012068,-0.612646,0.074563,-0.045426,0.049875,11.462872
77149359795,-1.539222,0.657033,0.033796,-0.003216,0.007905,-0.021880,11.326524
77249423815,-0.988017,-0.305720,0.360861,-0.033155,0.019978,0.020698,11.078189
77349487836,1.445263,-1.950066,0.296231,-0.072350,0.072837,0.072083,11.153219
77449551856,1.734990,-1.239073,-0.073343,-0.022228,0.248082,-0.099011,11.424552
77549615877,0.137577,0.009071,-0.425561,0.118880,0.155119,-0.093722,11.365654
77649679897,-1.342648,-0.389750,0.095450,-0.029215,0.070171,-0.005872,11.281050
77749743918,-1.134667,-0.905208,0.459272,-0.146615,0.017802,-0.029277,11.246674
77849807938,-0.469754,-0.630203,-0.150740,-0.094616,-0.011864,-0.015879,11.155481
77949871959,-1.097466,-0.738449,-0.547510,-0.031796,-0.114964,0.100716,11.186498
78049935979,-1.951117,0.950758,-0.651763,0.064782,-0.123230,0.104673,11.065725
78150000000,-2.288327,1.774481,-0.619057,0.092660,-0.294304,0.202571,11.018472
78250064020,0.782371,0.071573,-0.215273,0.037513,-0.418957,0.244319,11.088452
78350128040,0.834256,-1.133688,-0.443931,0.003465,-0.212661,0.078921,11.124158
78450192061,0.562453,-1.581743,-0.220779,0.012570,-0.235354,0.113156,11.059558
78550256081,1.643556,-1.382766,0.128591,0.005262,-0.188524,0.104930,11.011869
78650320102,-0.070279,-1.018968,0.093689,0.002667,-0.093436,0.033040,10.986501
78750384122,-1.191165,-0.063473,-0.114275,0.053565,-0.185584,0.093166,10.778688
78850448143,-1.071803,-0.374407,-0.193627,0.013239,-0.251340,0.133667,10.877881
78950512163,-1.034652,-1.367194,0.110830,-0.065531,-0.138179,0.073048,11.015646
79050576184,-1.133160,-1.630927,0.147261,-0.058533,-0.077448,0.000715,10.887834
79150640204,1.240634,-1.862636,0.035630,-0.060489,0.007486,-0.094038,10.892276
79250704225,0.966393,-0.120235,-0.046415,-0.012342,0.089120,-0.096293,10.883521
79350768245,-0.616188,0.629782,0.430773,-0.010487,0.096385,-0.057085,10.821991
79450832266,-0.160894,0.655881,-0.243858,-0.005005,0.147080,-0.073217,10.774733
79550896286,0.592096,-0.143341,-0.688390,0.028013,0.112735,-0.062694,10.750428
79650960307,1.222754,-1.078164,-0.057906,-0.020538,0.081051,-0.069432,10.835607
79751024327,1.581974,-1.113981,0.491623,-0.051408,0.074184,-0.070574,10.796495
79851088348,0.158758,-0.399392,0.286110,-0.075108,0.183981,-0.128978,10.732597
79951152368,0.313208,-0.531201,-0.233026,-0.042924,0.074817,-0.039197,10.654524
80051216389,0.870434,-0.817557,-0.035910,0.006411,-0.021432,-0.039059,10.695350
80151280409,0.181176,0.067115,-0.101351,0.058846,0.028964,-0.107628,10.679100
80251344430,0.639607,1.608892,-0.039354,0.018790,0.042096,-0.023865,10.590938
80351408450,0.692799,2.073524,0.157008,-0.042403,-0.062562,0.014034,10.642430
80451472471,1.569861,0.431836,-0.239125,-0.001257,-0.173637,0.087681,10.541201
80551536491,1.185080,1.101594,-0.225042,0.038664,-0.121770,0.156665,10.486135
80651600512,1.246259,1.038280,-0.113460,0.133675,-0.144709,0.127091,10.549895
80751664532,1.582584,0.226432,0.138666,0.080803,-0.086736,0.028186,10.553293
80851728553,1.193834,1.363928,0.812121,-0.040496,0.000255,-0.016671,10.537692
80951792573,-0.124560,0.302476,0.675074,-0.082255,0.077165,-0.055337,10.394440
81051856594,-1.301111,-0.076250,0.012593,-0.068908,0.183353,-0.071610,10.312001
81151920614,0.096404,1.105580,-0.384135,0.016030,0.033808,0.071899,10.313122
81251984635,-0.344502,1.757560,-0.279093,0.022492,-0.016571,0.028932,10.337734
81352048655,-0.863550,1.192505,0.057922,0.014641,-0.152544,0.082804,10.319599
81452112676,1.497541,-0.176408,0.264626,-0.000788,-0.312178,0.167822,10.233693
81552176696,1.187607,0.231927,0.195216,0.007144,-0.281916,0.105311,10.263070
81652240717,1.365776,-1.046723,-0.044116,0.045560,-0.382430,0.234189,10.270389
81752304737,1.563558,-0.683523,-0.682814,0.060098,-0.211851,0.114466,10.267033
81852368758,2.044638,-2.044232,-0.107196,0.093633,-0.238597,0.088905,10.184428
81952432778,1.102069,-2.182287,0.346710,0.043809,0.020888,0.028100,10.161127
82052496798,-1.874455,1.498854,-0.102838,-0.006599,0.211316,-0.080523,10.204057
82152560819,-1.668066,0.874015,-0.048388,-0.027988,0.142507,-0.051006,10.294883
82252624839,-0.232141,-0.293385,-0.036929,0.001079,0.201635,-0.076993,10.245121
82352688860,1.722967,-0.679979,0.172430,0.007978,0.093515,-0.042067,10.164194
82452752880,1.691842,-0.484941,-0.413094,-0.035000,0.142469,-0.133404,10.199974
82552816901,1.639193,-1.857210,-0.744922,0.008078,0.033524,-0.192224,10.122952
82652880921,0.591099,-3.931728,-0.682095,0.015695,0.041586,-0.139324,10.190998
82752944942,0.250064,-2.652332,-0.725854,0.089822,-0.080691,0.005121,10.284852
82853008962,2.341723,-1.310372,0.358255,0.079368,-0.351702,0.115716,10.111157
82953072983,0.595001,-2.161846,0.263566,-0.052820,-0.209809,0.017250,10.013892
83053137003,-1.633102,-3.721304,0.353786,-0.129275,-0.157260,-0.002473,10.258268
83153201024,0.795908,-3.182058,0.237109,-0.124925,-0.244658,0.106152,10.390369
83253265044,2.163412,-1.877600,-0.035191,-0.028088,-0.089934,0.012355,10.279011
83353329065,1.322869,-1.003761,0.051085,0.106070,-0.287530,0.018529,10.263774
83453393085,2.261458,-3.571751,0.726160,0.100862,-0.641403,0.277852,10.165404
83553457106,1.356898,-2.771511,-0.021339,-0.039978,-0.356927,0.236690,9.936318
83653521126,0.451768,-1.733349,-0.512979,-0.034180,-0.223646,0.043274,10.031635
83753585147,1.306286,-0.572632,0.013189,-0.036061,-0.187096,-0.016332,10.289597
83853649167,1.198085,2.491004,0.177606,-0.010453,-0.009490,-0.036929,10.146841
83953713188,0.214715,1.797798,0.194560,0.002724,0.070501,-0.133532,9.988869
84053777208,0.059335,0.762676,-0.150349,-0.052463,0.074181,-0.091679,10.169080
84153841229,0.908363,-0.609985,-0.469195,-0.062890,0.090641,-0.019276,10.318332
84253905249,-0.301373,-0.199724,-0.796189,-0.018259,0.083377,-0.115582,10.230933
84353969270,0.230229,0.359969,-0.361292,-0.010385,0.059868,-0.067807,10.192766
84454033290,0.379084,0.962500,-0.385204,-0.038610,0.217693,-0.061962,10.199789
84554097311,1.649607,0.334543,-0.405261,0.073792,0.070785,0.014470,10.097060
84654161331,2.752472,0.499267,0.083976,0.087968,-0.021500,0.063515,10.121566
84754225352,0.033143,1.691725,-0.139697,0.070234,-0.187840,0.139409,10.261219
84854289372,-0.794880,1.416329,0.133432,0.091833,-0.344433,0.203744,10.183388
84954353393,-1.780922,2.332424,-0.357827,0.147282,-0.439602,0.269958,10.265068
85054417413,-0.306388,-1.222644,-0.579518,0.123864,-0.724724,0.378586,10.221649
85154481434,-0.492204,-0.142059,-0.275800,0.004453,-0.384034,0.101758,10.144457
85254545454,0.163364,0.632801,0.107124,0.003396,-0.197156,0.060657,10.360303
85354609475,1.270119,-1.101058,0.108068,-0.019707,0.010180,-0.112359,10.423300
85454673495,-0.139578,1.276086,-0.506657,0.006930,0.169387,-0.171906,10.384223
85554737516,-0.527156,1.344188,-0.156416,-0.023716,0.298342,-0.054571,10.512464
85654801536,-1.446722,1.682010,-0.078252,-0.070449,0.424135,-0.263677,10.584672
85754865556,0.333098,-0.401186,-0.252477,-0.080354,0.158726,-0.221857,10.605148
85854929577,0.523893,-0.063467,-0.645579,-0.088597,0.168607,-0.151337,10.741236
85954993597,-0.214021,-0.283815,-0.892576,0.060463,0.071265,-0.103714,10.794684
86055057618,0.443804,-1.818477,-0.368256,0.078230,-0.114714,-0.071410,10.845089
86155121638,-0.368188,-1.072524,0.050685,-0.061220,-0.024533,-0.051029,10.872041
86255185659,-2.102198,-0.064998,-0.269188,-0.040792,0.103480,-0.151004,10.914480
86355249679,-0.122314,-0.380361,-0.367859,0.024783,0.078238,-0.144369,11.068836
86455313700,2.148775,1.700325,-0.737941,0.028268,0.184394,-0.125381,11.111398
86555377720,2.380434,0.364201,-0.652976,-0.010316,-0.016765,-0.073252,11.293085
86655441741,1.825542,-2.847290,-0.423139,0.004693,-0.114068,-0.022526,11.419535
86755505761,0.797860,-3.161969,-0.581465,0.133681,-0.152313,0.123133,11.310190
86855569782,-0.057109,-1.928031,-0.696040,0.151394,-0.134396,0.101832,11.237682
86955633802,-0.336917,-0.906586,-1.008488,0.035006,-0.063671,-0.029150,11.253061
87055697823,-0.227342,0.412902,-0.727609,0.050411,-0.010202,-0.043445,11.262749
87155761843,-1.474600,0.449702,-0.172681,0.086380,-0.092750,0.034657,11.354880
87255825864,-0.205626,-0.818454,-0.235718,0.099504,-0.334204,0.157639,11.411584
87355889884,2.618931,-0.682627,0.039649,0.089891,-0.208675,0.161697,11.442270
87455953905,-1.809634,-0.671980,-0.110578,0.041410,-0.002998,0.011506,11.335009
87556017925,-2.585034,-0.165873,-0.417558,0.078239,-0.190829,-0.044137,11.308539
87656081946,-0.301189,-1.631731,-0.307661,0.149590,-0.416134,0.180317,11.295646
87756145966,-2.720923,0.028865,-0.886785,0.113472,-0.087263,0.116772,11.334357
87856209987,-2.333434,1.814449,-0.664379,0.016615,0.027951,0.025493,11.454347
87956274007,-1.262674,2.396771,-0.478620,-0.068343,0.090464,-0.129942,11.356195
88056338028,-0.285570,1.142269,0.232054,-0.060729,0.062958,-0.101160,11.268474
88156402048,0.659172,-2.453450,0.431111,-0.052169,0.139238,-0.108109,11.116683
88256466069,-0.108645,-1.853972,-0.359036,-0.041039,0.251668,-0.111384,11.179380
88356530089,-2.127800,-1.556080,-0.318319,0.012489,0.181765,-0.020211,11.166861
88456594110,-2.239900,0.225417,-0.686282,0.118009,0.214223,-0.073895,10.933395
88556658130,-0.978119,-0.322726,-0.922297,0.117962,0.122971,-0.022151,10.950031
88656722151,-0.944709,0.522561,-0.257917,-0.022261,0.250885,-0.122992,10.779942
88756786171,-0.679238,0.444567,0.588470,0.008319,0.089725,-0.145471,10.771716
88856850192,-1.622439,1.709534,1.311852,-0.039065,0.093367,-0.078031,11.182249
88956914212,-0.771956,1.761718,0.494488,-0.155859,-0.163177,0.082369,11.070802
89056978233,-0.360559,-1.834660,0.649423,-0.085708,-0.420597,0.134153,10.990172
89157042253,-2.095466,-1.004229,0.117804,0.039660,-0.175365,0.050495,11.150407
89257106274,-1.606892,-1.180203,0.804455,-0.045764,-0.233778,0.079372,11.084664
89357170294,-0.575899,-3.165977,0.650152,-0.176409,0.026843,-0.048024,10.862666
89457234314,-0.528815,-1.433861,-0.932955,-0.074363,0.294429,-0.214520,10.300075
89557298335,-0.781195,-0.498486,-0.386127,0.054874,0.121536,-0.115533,10.261363
89657362355,-1.716703,-0.552885,0.583295,0.003258,0.124069,-0.108001,10.779587
89757426376,-0.811061,-0.106148,0.388595,-0.088640,0.087631,-0.106807,11.129847
89857490396,-0.645474,1.337030,-0.031498,-0.137835,0.157276,-0.117850,11.135244
89957554417,-1.611516,0.959840,-0.191785,-0.101119,0.015586,-0.005174,11.206666
90057618437,-0.305918,1.232626,-0.184342,0.032259,-0.076329,0.039806,11.285842
90157682458,-0.988000,0.810237,-0.389927,0.110428,-0.141177,0.127042,11.381370
90257746478,0.468529,-1.654440,0.497091,0.062198,-0.153748,0.065910,11.286639
90357810499,0.446581,-0.208267,-0.492216,0.043576,-0.135340,0.037112,11.243178
90457874519,-2.276479,1.177778,-0.868217,0.055379,-0.114214,0.093851,11.292125
90557938540,-0.067418,-0.425689,0.251733,0.022019,0.011909,0.006554,11.341653
90658002560,1.557273,1.141811,-0.460834,-0.015128,0.177435,-0.093195,11.420446
90758066581,0.111356,1.813087,0.044433,-0.032424,0.066771,-0.010560,11.355463
90858130601,-0.239440,0.275758,0.356700,0.008852,-0.099707,0.115994,11.410944
90958194622,-1.003446,0.978283,-0.039144,-0.008924,0.027594,0.058586,11.425797
91058258642,-0.577273,-0.209393,-0.302052,0.004575,-0.023686,0.057409,11.496879
91158322663,-1.093333,-0.534087,-0.234201,0.053249,-0.031359,0.034828,11.333565
91258386683,-1.166131,-1.123823,0.061332,0.051167,-0.037779,0.039308,10.969971
91358450704,-0.376573,-0.741899,0.067440,0.020661,0.144751,-0.032185,10.924292
91458514724,-0.928421,1.749711,-0.305567,0.000534,0.150732,-0.064113,10.966795
91558578745,-1.950412,2.566897,0.419325,-0.065888,0.232026,-0.125480,10.826806
91658642765,-1.898902,2.465456,0.713424,-0.102680,0.325507,-0.122297,10.751605
91758706786,-0.346405,0.776360,0.521688,-0.127182,0.157721,-0.032308,10.739603
91858770806,-0.446657,0.784362,-0.344022,-0.096219,0.202253,-0.060271,10.621693
91958834827,-0.404926,-0.023994,-0.526478,-0.007537,0.292539,-0.075557,10.534147
92058898847,-0.085351,0.527494,-0.556830,0.041241,0.279854,-0.030188,10.407058
92158962868,0.855624,-0.614016,-0.272309,0.055794,0.056763,0.159624,10.315465
92259026888,0.271068,0.129291,-0.096270,-0.001464,0.038202,0.070356,10.287396
92359090909,-0.461248,1.789960,0.285292,-0.027274,-0.144064,0.101346,10.263535
92459154929,-0.179013,1.898357,0.895246,-0.034157,-0.198174,0.199632,10.203212
92559218950,-0.589177,1.633084,0.730332,-0.032077,-0.280730,0.200654,10.209209
92659282970,1.278504,-1.414732,0.773461,-0.065181,-0.353382,0.213727,10.036174
92759346991,0.164190,-0.215036,0.485465,-0.093231,-0.302308,0.224233,9.689230
92859411011,1.434432,0.108158,0.683594,-0.092046,-0.360235,0.218216,9.684250
92959475032,2.614199,0.364312,1.165523,-0.101674,-0.013724,0.062327,9.769134
93059539052,1.775606,0.066662,0.569980,-0.078271,0.162465,-0.046460,9.639843
93159603072,1.326941,-0.394361,0.194350,-0.109470,0.231267,-0.140143,9.522667
93259667093,0.151659,2.526501,0.344377,-0.088693,0.402677,-0.203303,9.543590
93359731113,0.645725,1.332335,-0.127556,-0.015305,0.234816,-0.099913,9.428539
93459795134,0.370167,2.236391,-0.111498,-0.005086,0.319869,-0.159782,9.159366
93559859154,0.256820,3.601456,-0.771617,-0.004640,0.074341,0.020873,9.129521
93659923175,-0.561758,4.579399,-0.722599,-0.026523,0.064879,-0.003485,9.115037
93759987195,0.472037,3.024964,-0.216359,-0.007563,-0.051404,0.087438,9.093439
93860051216,0.448393,-0.191421,-0.403683,-0.044145,0.050930,0.042604,9.063571
93960115236,-0.434807,-0.631427,-0.633635,-0.011683,-0.051201,0.075421,8.944777
94060179257,1.049257,0.164689,-0.062530,0.031353,-0.106805,0.114506,8.898980
94160243277,-0.047730,1.072542,0.084991,0.044796,0.016258,0.020224,8.717847
94260307298,-1.219989,0.759601,-0.526676,-0.009671,0.018676,-0.010428,8.706467
94360371318,0.310995,3.119077,-0.186768,-0.076496,0.054936,-0.107521,8.563774
94460435339,0.354969,2.511425,0.019914,-0.059175,-0.073258,0.063571,8.475503
94560499359,-0.103090,3.195244,-0.264501,0.029317,0.074812,0.051588,8.528589
94660563380,0.524397,2.272377,-0.369656,0.060826,0.054297,0.034573,8.447304
94760627400,2.588035,-0.034524,-0.278933,0.040686,0.261001,-0.129398,8.391155
94860691421,2.621221,-0.623748,-0.455998,-0.009521,0.166810,-0.130680,8.324768
94960755441,0.075409,0.011943,-0.165539,-0.045319,0.144867,-0.046807,8.179078
95060819462,0.031318,1.037703,0.558874,0.038449,0.209794,0.017352,8.202077
95160883482,0.612766,0.422148,0.340709,-0.015608,0.078779,0.026668,8.178557
95260947503,-0.176548,0.207863,-0.083945,0.000131,0.059673,0.007446,8.181289
95361011523,0.497581,0.312618,0.152816,0.072278,0.102304,-0.069498,8.241702
95461075544,-1.149954,2.069943,-0.691443,-0.033133,0.304475,-0.130901,8.137771
95561139564,-0.016443,0.100445,-0.656417,-0.049990,0.246577,-0.078433,8.118514
95661203585,0.138523,0.413587,-0.080222,-0.101835,0.575962,-0.291789,8.139019
95761267605,1.531925,-1.960782,-0.063620,-0.087802,0.122241,-0.119627,8.033924
95861331626,1.138044,-0.151038,-1.129869,0.025727,0.064049,0.073071,7.886832
95961395646,-1.724790,2.785567,-0.779066,0.117681,-0.190815,0.223545,7.908177
96061459667,-2.503250,3.813549,-0.602755,0.169841,-0.159288,0.167878,7.969598
96161523687,-0.703946,2.966588,0.351807,0.038080,-0.404493,0.353608,8.050688
96261587708,2.870503,-1.361628,1.191741,-0.026484,-0.386392,0.196952,8.125023
96361651728,-0.893996,2.537895,0.665469,0.016078,-0.514886,0.218551,7.781708
96461715749,-1.555434,2.519803,0.159980,0.015506,-0.674143,0.413282,7.945754
96561779769,-2.145953,3.960507,-0.211634,0.009367,-0.578107,0.333207,8.299349
96661843790,0.619692,-0.520187,-0.157159,0.020400,-0.814595,0.504117,8.214279
96761907810,-1.278142,1.059548,-0.001313,-0.018991,-0.374175,0.241488,8.112182
96861971830,1.888492,-0.894506,-0.230412,0.159253,-0.503723,0.316993,8.096178
96962035851,3.466258,-2.043814,-0.377740,0.054152,-0.099662,0.024072,8.053046
97062099871,4.145255,-3.313388,0.574899,-0.008314,-0.069698,0.031847,7.987641
97162163892,2.655632,-1.759208,-0.229927,-0.082872,0.379852,-0.294581,8.148121
97262227912,3.594971,-4.508027,-0.439759,-0.093181,0.906357,-0.602527,8.133859
97362291933,5.599491,-7.250969,-1.047971,-0.051188,-0.501346,0.155787,8.092794
97462355953,-1.659423,2.587770,-2.320473,0.069473,-0.685085,0.206960,8.415001
97562419974,2.002880,-0.865693,-0.709666,0.127473,-0.978253,0.246887,8.534211
97662483994,7.636923,-7.048189,0.764807,-0.141835,0.443377,-0.476266,8.668255
97762548015,5.352846,-5.034805,-0.497988,-0.148093,1.076985,-0.702888,8.838003
97862612035,5.859523,-5.484235,-0.268025,-0.110365,0.861351,-0.603548,8.926232
97962676056,-1.047161,0.573852,-0.570167,-0.060977,0.951527,-0.579194,9.003226
98062740076,-0.332848,-0.640927,-0.244916,-0.085037,0.447962,-0.254394,9.117341
98162804097,-1.026610,1.573060,-0.113767,-0.116156,0.415256,-0.301171,9.257900
98262868117,-1.312675,1.629308,-1.064071,-0.103125,0.053096,-0.060368,9.385854
98362932138,-1.440148,2.537779,-1.273323,-0.024202,0.051743,0.027686,9.499925
98462996158,-0.336640,1.871693,-0.220486,0.055694,-0.231986,0.101912,9.542336
98563060179,2.671194,-2.959490,1.061468,0.060398,-0.388773,0.203775,9.597182
98663124199,2.229829,-3.396751,1.114223,-0.039229,-0.586438,0.340921,9.711652
98763188220,2.133070,-4.142067,0.743081,0.045141,-0.625194,0.348296,9.837055
98863252240,-2.103579,0.205592,-0.021768,0.128429,-0.678151,0.358755,9.876849
98963316261,-3.082330,-0.020040,-0.031407,0.017596,-0.757598,0.478763,9.956200
99063380281,-0.813304,0.527255,-0.320789,0.032664,-0.597939,0.369867,10.104065
99163444302,3.100293,-2.048298,-0.370746,0.007499,-0.704819,0.394366,10.143616
99263508322,0.884887,0.194619,-0.571715,0.027698,-0.513349,0.348493,10.220027
99363572343,3.445683,-3.309719,-0.413657,-0.059271,-0.155904,0.191437,10.264879
99463636363,2.024843,-2.013119,-0.238989,-0.124831,0.398178,-0.213498,10.380909
99563700384,5.471132,-4.648514,0.277181,0.060259,-0.248268,0.265924,10.459152
99663764404,2.782235,-1.615701,-0.607111,0.083631,-0.148585,0.081192,10.508927
99763828425,-1.571420,5.769096,0.188423,0.124460,-0.663835,0.314737,10.636014
99863892445,-0.533219,6.799233,0.322900,0.027290,-0.735885,0.506978,10.740566
99963956466,-1.943893,6.226826,0.464011,0.050997,-0.822378,0.535992,10.811714
100064020486,1.815040,-2.819967,0.213550,0.065744,-1.151652,0.685992,10.989349
100164084507,-0.271548,-0.145157,-0.191635,0.074502,-0.535262,0.413764,11.078204
100264148527,2.540281,-3.016548,-0.905841,0.212773,-0.675548,0.487688,11.140941
100364212548,-0.187255,-2.073332,0.258879,0.108682,-0.207891,0.165993,11.244920
100464276568,2.365747,-3.614455,0.264855,0.156679,-0.425405,0.318127,11.368163
100564340588,0.776728,-0.765359,-0.011654,0.118086,0.192992,-0.068528,11.492924
100664404609,-3.001048,3.293319,-0.113342,0.006071,0.133169,-0.131510,11.592644
100764468629,-4.407722,5.009399,-0.028648,-0.068007,0.709642,-0.539144,11.616905
100864532650,-2.263021,4.537899,-0.668828,-0.021802,0.795826,-0.435372,11.602121
100964596670,-0.003441,-4.354444,0.551718,0.040390,0.835483,-0.448701,11.654786
101064660691,0.429837,-5.030039,1.156816,0.079495,0.707543,-0.373253,11.713527
101164724711,1.327676,-2.306636,0.501745,0.045527,0.699070,-0.379278,11.746214
101264788732,-1.997845,3.258395,-0.499398,-0.016664,0.599905,-0.422574,11.796244
101364852752,-1.646840,4.112062,-0.485835,-0.092054,0.612542,-0.482184,11.739512
101464916773,-2.986530,2.491959,-0.137848,-0.077207,0.483655,-0.288657,11.793057
101564980793,1.709275,-1.184143,0.215809,-0.118969,0.304957,-0.251515,11.853484
101665044814,1.827349,-1.074964,0.691506,-0.129838,0.295056,-0.217931,11.832580
101765108834,1.708437,-3.319758,1.460712,-0.133094,0.219880,-0.079752,11.923063
101865172855,0.414749,-1.821913,1.173230,-0.091207,0.432509,-0.221295,12.021251
101965236875,0.364471,-3.902422,-0.077976,0.014827,0.067906,0.026100,11.989162
102065300896,-1.966118,0.897950,-1.065954,0.050211,0.358193,-0.125290,11.984125
102165364916,-2.573146,3.207927,-0.868623,0.151093,-0.137094,0.162359,12.004207
102265428937,-2.214894,4.278869,0.063603,0.014464,-0.105623,0.086067,11.954985
102365492957,-1.490735,1.630021,-0.329719,-0.038598,-0.340605,0.274614,11.958417
102465556978,1.047559,-3.170145,0.106081,0.002868,-0.291087,0.196971,12.098284
102565620998,1.579953,-4.100421,0.446704,0.060418,-0.403140,0.245287,12.133526
102665685019,1.750650,-3.086164,-0.205000,0.086454,-0.403185,0.246564,12.043065
102765749039,-0.098990,0.636850,0.181565,0.082684,-0.289090,0.185136,12.028362
102865813060,-0.144846,-0.834204,0.731562,-0.007185,-0.484825,0.229951,12.136540
102965877080,-0.681072,1.761364,0.074480,-0.013628,-0.245104,0.055953,12.102301
103065941101,-0.455662,0.118959,-0.561497,0.029391,-0.429429,0.206378,12.021339
103166005121,-0.307191,0.805287,-0.425275,0.035947,-0.099999,0.108177,12.023763
103266069142,1.146682,-1.197420,0.181297,0.023708,-0.171709,0.126441,11.945807
103366133162,0.931467,-0.145445,0.928925,0.045270,-0.354785,0.236961,11.909920
103466197183,1.652371,-1.358833,0.411936,0.030298,-0.183699,0.165475,11.833541
103566261203,0.384482,-1.912580,0.118427,-0.074794,-0.058294,0.012920,11.403028
103666325224,-0.970057,0.146832,-0.567469,-0.057340,0.015021,-0.095979,11.444508
103766389244,0.256421,-0.153610,0.047095,-0.034675,0.002405,-0.012328,11.826873
103866453265,-0.932591,1.281506,-0.170786,-0.049559,-0.164995,0.082838,11.713012
103966517285,-0.757300,-0.266822,-0.283368,0.006025,-0.223227,0.063247,11.767192
104066581306,-0.838586,1.108485,-0.076085,0.041050,-0.062332,-0.034757,11.887646
104166645326,-0.057651,0.450521,-0.702980,0.033486,-0.140108,0.078570,12.012280
104266709346,0.369988,2.046287,-0.956777,0.009946,0.118932,-0.047245,12.121053
104366773367,0.126294,1.195503,-0.612099,-0.017205,0.108282,-0.087584,12.093895
104466837387,1.618196,-0.307195,-0.870151,-0.094957,0.191566,-0.142443,11.985440
104566901408,1.824910,0.497836,-0.644097,0.026240,0.324039,-0.155406,12.170421
104666965428,1.890018,-1.133458,0.740235,0.012686,0.159342,-0.078710,12.291989
104767029449,0.762569,0.283869,0.102596,-0.045089,0.096422,-0.000221,12.399537
104867093469,-0.153150,-0.340366,-0.758634,0.002147,0.054283,0.096559,12.419808
104967157490,0.169200,0.000679,-0.862311,0.081909,0.105284,0.024297,12.452756
105067221510,1.116795,-0.446590,-0.427037,0.101794,0.199079,-0.067478,12.478725
105167285531,0.128924,0.644986,0.835301,-0.149287,0.242626,-0.138311,12.487476
105267349551,1.256753,-0.173638,0.896182,-0.266040,0.014792,-0.035205,12.686425
105367413572,0.282923,-0.865503,1.095625,-0.106896,-0.078114,0.001931,12.653587
105467477592,-1.808675,0.584423,-0.135394,0.018599,0.093420,-0.068715,12.594756
105567541613,-0.110655,-0.593622,-1.624164,0.173302,0.005076,0.082425,12.516937
105667605633,1.368515,-0.046193,-1.031954,0.086296,0.064968,0.016074,12.662926
105767669654,0.864754,-0.920770,0.833990,-0.087997,-0.014321,-0.171632,12.761262
105867733674,-0.860007,-1.023212,0.353190,-0.086602,0.137394,-0.253377,12.786431
105967797695,-1.426486,0.238611,0.082770,0.011549,-0.043745,-0.068971,12.749218
106067861715,-3.053008,4.266988,-0.698328,-0.041877,0.273590,-0.225949,12.786700
106167925736,0.395011,2.845638,-0.587474,0.004237,0.298173,-0.096846,12.874058
106267989756,1.017582,-1.881342,0.180494,0.001120,0.332145,-0.094887,12.734048
106368053777,-2.572195,0.852945,0.814996,-0.078582,0.496507,-0.196213,12.703961
106468117797,-0.621305,-0.405526,-0.067417,0.002379,-0.071704,0.072391,12.733756
106568181818,1.264687,-2.598553,-0.118012,0.020428,-0.283658,0.134669,12.830316
106668245838,1.005664,-0.471580,0.142160,-0.047991,-0.279781,0.190079,12.831614
106768309859,0.206359,-0.963843,-0.553001,-0.045765,-0.248995,0.112494,12.812703
106868373879,-0.932848,-1.225016,-0.757396,0.036341,-0.120774,0.009528,12.746011
106968437900,0.087527,-1.234276,-0.404724,0.080659,-0.216974,0.151507,12.695229
107068501920,-1.792789,0.444398,0.109929,0.060538,-0.147788,0.175710,12.753852
107168565941,-0.887476,-0.816626,0.407476,0.001151,-0.054972,0.070842,12.774715
107268629961,0.007454,-2.584381,0.665724,0.055217,-0.303193,0.166994,12.815944
107368693982,-0.177282,-3.233815,0.276464,0.074909,-0.358260,0.202883,12.794392
107468758002,-0.198820,-0.585031,-0.593675,0.072306,-0.042930,0.064457,12.790853
107568822023,-0.213062,0.232526,0.831969,-0.052024,-0.127411,-0.049630,12.835908
107668886043,-0.493727,-0.196357,1.867299,-0.153859,-0.122297,-0.146339,12.856500
107768950064,-0.474570,-0.924649,-0.885970,0.079440,-0.045601,0.020431,12.880847
107869014084,-1.101070,-1.324746,-0.570445,0.149460,0.168393,-0.037875,12.956674
107969078104,-0.123677,-0.476025,-0.750022,0.116399,0.062577,0.005447,12.941786
108069142125,-2.148423,0.325683,0.591540,0.109089,-0.075358,0.101153,12.938654
108169206145,0.587313,-0.727250,0.366223,0.072457,-0.201975,0.104429,13.011857
108269270166,-1.068742,0.832965,-0.184510,0.033154,-0.167999,-0.052170,13.117886
108369334186,-0.868042,-2.198969,0.792906,-0.082485,-0.316277,0.132533,13.153293
108469398207,-0.060557,-0.335244,-0.004648,-0.116893,-0.243559,0.095509,13.129021
108569462227,-0.473099,0.568554,-0.419045,-0.043052,-0.223729,0.163396,13.222828
108669526248,-0.525684,-1.999747,-0.390095,0.058936,-0.169648,0.188961,13.268310
108769590268,0.046772,-2.226411,0.056326,-0.016070,-0.105857,-0.062479,13.289513
108869654289,-0.035922,-0.216961,0.678582,-0.026528,-0.055854,-0.068559,13.346293
108969718309,-0.284691,0.309331,0.193906,0.050197,-0.054772,0.027373,13.386504
109069782330,-2.720651,0.593681,1.095698,-0.095594,-0.232469,0.109006,13.374065
109169846350,-2.046099,-1.566393,0.662702,-0.094946,-0.166255,0.191175,13.394297
109269910371,-0.095838,-2.287824,-1.120852,0.111284,0.214986,0.013842,13.486759
109369974391,0.037113,0.402625,-0.619832,0.043765,0.245400,-0.233133,13.528692
109470038412,1.482784,2.296362,-1.262267,-0.200362,-0.034472,-0.245207,13.612489
109570102432,1.881295,-0.244705,-0.654649,-0.102970,-0.163180,0.002717,13.740999
109670166453,-0.422052,0.047724,1.305182,-0.041075,0.032862,0.039717,13.858879
109770230473,-1.587566,0.845901,0.315319,-0.004451,0.223781,-0.054166,13.875752
109870294494,-0.107087,-1.239140,-0.592627,-0.040526,0.013070,0.032584,13.832375
109970358514,-0.895338,-1.220789,-0.938556,0.005805,0.027833,-0.099084,13.967629
110070422535,-1.755472,1.050541,-1.798972,0.014970,-0.250010,0.090607,14.183889
110170486555,0.814459,0.391778,-1.174526,0.039210,-0.134105,0.032698,14.257258
110270550576,1.189471,-2.576902,0.331559,0.041961,0.034901,0.022228,14.307557
110370614596,-0.101910,-1.030776,0.397166,-0.060288,0.188170,-0.142408,14.327729
110470678617,-0.713260,-0.260629,-0.308732,-0.049198,-0.023706,-0.053253,14.348474
110570742637,1.095085,-1.698097,-0.270108,0.004050,-0.144587,0.099995,14.410001
110670806658,1.164976,-1.971719,-0.228651,0.074316,0.110241,-0.096980,14.539531
110770870678,1.117190,-2.659688,0.153891,-0.011786,-0.122621,0.016897,14.625033
110870934699,-0.570115,0.315130,-0.306643,-0.069801,0.083786,-0.087146,14.449830
110970998719,-0.916237,0.797279,0.413974,-0.023404,-0.059520,0.074131,14.368153
111071062740,-0.539819,0.569996,1.146334,-0.033130,-0.047451,0.088236,14.480645
111171126760,0.032137,-0.764330,-0.015423,0.078749,-0.027088,0.058543,14.577523
111271190781,-0.425081,0.261766,0.319453,0.115178,0.047093,0.005692,14.528249
111371254801,-0.091608,0.557329,-0.395475,0.084957,0.061524,0.070087,14.406577
111471318822,0.548425,0.160763,0.019953,0.016951,-0.042080,0.047138,14.418812
111571382842,1.170249,-0.772333,0.004158,0.051059,-0.090383,0.080701,14.523953
111671446862,-0.252166,-0.443073,1.405434,-0.003333,-0.068177,0.098335,14.428657
111771510883,-0.825141,0.378851,0.243114,-0.044962,0.000799,-0.049430,14.299673
111871574903,-2.188941,-0.005364,-0.631345,0.032201,0.119347,-0.151019,14.359948
111971638924,-1.653111,2.590110,-1.608363,0.177377,0.124169,-0.029096,14.417603
112071702944,-1.044795,1.765684,-1.326980,0.104910,-0.045409,0.040939,14.306208
112171766965,0.979887,-1.180371,-0.159289,0.027423,-0.226495,0.165838,14.221012
112271830985,-0.413329,0.402012,0.368520,-0.054917,0.146044,-0.054232,14.218881
112371895006,-0.873794,0.062211,0.084731,0.005338,0.123354,-0.077707,14.171565
112471959026,-1.408601,0.877757,-0.327119,-0.000737,0.083520,-0.103169,14.154709
112572023047,-0.936464,-0.092994,-0.294973,0.007251,0.066731,-0.074032,14.128702
112672087067,-0.613857,-0.485222,-0.169203,-0.004637,-0.031516,-0.026924,14.063990
112772151088,-0.787418,0.825081,-0.231708,-0.029958,0.154529,-0.127878,13.983130
112872215108,-0.843156,0.120904,0.166646,-0.088123,0.063262,-0.024213,14.010551
112972279129,-1.333750,2.168368,-0.120842,-0.007607,0.160187,-0.119173,14.093646
113072343149,1.083588,0.280308,0.121786,0.096059,-0.139789,0.066254,14.071635
113172407170,0.566746,-1.356904,1.497698,0.053845,0.230995,-0.003283,14.001796
113272471190,0.426041,-2.233731,1.505335,-0.063471,0.151066,-0.057539,13.995030
113372535211,0.438586,-2.528889,0.179328,-0.007161,0.387093,-0.176811,14.020350
113472599231,-1.454086,2.474470,-1.459397,0.090140,0.565355,-0.197434,14.010511
113572663252,1.264189,-1.313225,-0.940086,0.040533,0.471431,-0.107249,14.008329
113672727272,-2.908110,3.163846,-0.853544,-0.034138,0.739259,-0.331551,14.023131
113772791293,-1.217809,0.378966,-0.233466,-0.013537,0.218312,-0.102907,14.071730
113872855313,-0.799172,-0.733635,0.431021,-0.153336,0.482688,-0.290626,14.093115
113972919334,1.498504,-3.768718,0.079156,-0.064758,-0.351189,0.228121,14.143208
114072983354,-0.118620,-1.983549,-0.254403,0.011242,-0.321171,0.235245,14.096845
114173047375,-4.595573,3.036284,-0.963315,-0.003475,-0.533017,0.334715,13.998588
114273111395,-2.716199,1.683211,-0.400329,-0.028560,-0.541700,0.407267,14.079154
114373175416,-3.401522,2.599789,-0.405968,0.030394,-0.231865,0.289534,14.192064
114473239436,0.672392,0.983448,0.337209,-0.019716,-0.332676,0.175487,14.194069
114573303457,-2.535822,3.676322,-0.578185,0.003907,-0.038518,-0.002435,14.155679
114673367477,0.263053,-0.005504,-0.442291,0.047544,-0.241601,0.256402,14.165584
114773431498,-1.414697,1.997283,0.755832,0.041520,-0.054321,0.238648,14.177339
114873495518,-0.936335,0.227184,0.970183,-0.082378,-0.191886,0.202177,14.068646
114973559539,-0.835273,2.217772,0.055375,-0.093856,0.085368,-0.032140,14.048096
115073623559,-1.388131,1.291021,0.220347,-0.020036,0.034847,0.061884,14.073406
115173687580,-0.884179,2.160848,0.159964,0.011150,0.079377,0.106468,14.070380
115273751600,-0.642630,1.961399,-0.710916,0.095105,0.166939,0.066044,14.072886
115373815621,-1.878478,1.576274,0.969601,0.134164,0.171019,0.140396,14.065363
115473879641,-3.996637,2.209146,0.653152,-0.028711,0.342857,0.022531,13.953382
115573943661,0.805899,0.662685,-0.857230,-0.005350,0.162974,0.053413,13.896514
115674007682,-1.364198,0.714118,-0.987120,-0.012694,0.220510,-0.144674,13.876021
115774071702,-0.307532,-0.062223,0.245977,0.002694,0.069685,-0.009782,13.883662
115874135723,-1.365506,2.619220,0.682586,-0.094240,0.296702,-0.070034,13.875494
115974199743,-1.613636,2.390777,0.779535,-0.076272,-0.019403,0.003207,13.831744
116074263764,-1.648102,2.750354,0.263573,0.018080,0.067585,0.030649,13.754931
116174327784,0.395005,1.342710,-0.767346,0.089934,-0.017144,0.206663,13.710757
116274391805,0.795639,0.351190,-0.075416,-0.018770,-0.003454,-0.003660,13.649535
116374455825,0.212159,0.905959,0.198207,-0.092195,-0.076647,-0.064399,13.638557
116474519846,-0.913472,2.070701,0.499859,-0.073053,-0.039709,0.085136,13.681269
116574583866,-3.560556,2.315889,-0.502019,0.061478,-0.096707,0.166098,13.641341
116674647887,-2.319572,1.563201,-1.135405,0.079451,-0.070244,0.043640,13.623056
116774711907,-0.465385,0.598504,-0.005806,0.042309,-0.079992,0.048646,13.416145
116874775928,-0.400004,0.392210,0.603176,-0.073610,-0.055309,0.150230,13.369167
116974839948,-1.741152,1.456496,-0.162687,-0.026493,-0.099016,0.167234,13.507914
117074903969,0.100138,1.007365,-0.274729,0.053741,-0.133571,0.104556,13.504089
117174967989,-2.033208,1.764781,0.012857,-0.017132,-0.059860,0.113068,13.362901
117275032010,-0.781516,0.772327,-0.154684,0.070859,-0.072464,0.102625,13.331532
117375096030,-2.580173,1.984488,-0.401604,0.119877,0.170589,-0.105177,13.302667
117475160051,-0.342367,1.492442,-0.256413,0.021916,0.050837,0.055362,13.264177
117575224071,1.904393,-0.680271,1.151073,-0.047827,0.159542,-0.070175,13.259597
117675288092,1.311668,0.467331,0.604407,-0.022969,0.217964,-0.039577,13.264876
117775352112,0.926987,-0.289192,0.576469,0.013097,0.082574,-0.050613,13.207295
117875416133,-0.030181,-1.428485,0.253565,-0.017511,-0.022410,-0.070454,13.101955
117975480153,2.273891,-1.103456,-0.116541,-0.019648,0.330232,-0.232795,13.150208
118075544174,1.302763,0.295783,-0.795004,0.032504,0.275185,-0.208391,13.189269
118175608194,1.458095,-1.761621,-0.172343,0.078679,0.111321,0.042684,13.138023
118275672215,1.723422,1.292730,-0.272893,0.049047,0.392138,-0.253889,13.044328
118375736235,1.180653,0.504873,0.548471,0.022214,-0.367628,0.009199,13.048822
118475800256,0.849891,-3.632905,1.336866,-0.127923,-0.584916,0.257381,13.106483
118575864276,-0.860016,-1.329487,-1.011205,-0.024180,-0.235137,0.266809,13.063571
118675928297,-1.801418,0.291172,-2.255176,0.175477,-0.187862,0.187441,13.011676
118775992317,-5.430696,3.533881,-0.916240,0.040754,-0.343053,0.200406,13.060216
118876056338,-1.591587,0.444377,-0.099343,-0.094632,-0.571703,0.270973,13.052269
118976120358,-3.132817,1.102146,0.656702,0.001522,0.233068,-0.124906,12.982993
119076184379,-0.103137,0.283254,0.110566,0.112775,0.120190,-0.005014,12.996690
119176248399,-0.323170,1.243326,1.212251,0.083071,0.044936,0.084823,13.056506
119276312419,1.425140,-0.881348,1.106584,-0.007766,-0.161096,0.044617,13.078940
119376376440,-1.332281,-1.491621,1.146661,-0.013073,0.080819,-0.095062,13.072625
119476440460,-0.289910,-0.444125,-0.757704,0.119304,-0.017638,0.208745,13.131152
119576504481,-2.022904,1.153213,-1.450234,0.125589,0.319242,-0.006935,13.140012
119676568501,-2.008083,0.613333,-1.336424,0.090658,0.227771,-0.067957,13.327728
119776632522,2.117273,-2.148870,0.406343,-0.007637,0.347380,-0.194154,13.447417
119876696542,1.731923,-1.657239,0.127817,-0.027533,0.170402,-0.100523,13.457589
119976760563,0.892504,-0.504442,0.881163,0.025750,0.152507,-0.061469,13.485704
120076824583,-2.923515,0.347227,0.724769,-0.074199,0.299671,-0.110616,13.647796
120176888604,1.608686,-1.969911,-0.472753,-0.038217,0.171223,-0.049026,13.744721
120276952624,0.294303,1.428919,-0.596399,0.081543,0.275327,-0.169651,13.863031
120377016645,0.524116,-1.281043,0.215620,-0.012066,-0.164039,-0.041217,13.863082
120477080665,-1.509084,-0.674926,-0.501737,0.011289,-0.021512,-0.041587,13.903349
120577144686,-1.686746,-1.289059,0.191423,0.081012,0.069323,-0.003524,14.052202
120677208706,-0.462525,-2.365661,0.555565,0.016091,-0.240615,0.151153,14.104384
120777272727,-0.882197,-0.144347,-0.279889,0.006737,-0.026303,0.106949,14.349962
120877336747,-2.153406,-0.232653,-0.085249,-0.006742,0.107499,-0.029556,14.435719
120977400768,0.556867,-0.077106,0.372272,-0.023036,0.130168,-0.198288,14.357224
121077464788,0.395786,-1.701431,0.694489,-0.004157,-0.046947,0.048703,14.429887
121177528809,-0.623031,-0.983134,1.247122,-0.061146,0.066546,-0.020409,14.613113
121277592829,-0.342835,-0.646820,0.743848,0.003142,0.082338,-0.043428,14.758064
121377656850,0.986144,-2.281649,-0.233390,0.085861,0.175429,0.005079,14.759765
121477720870,-1.218123,0.526055,-0.061224,-0.006778,0.274719,-0.186977,14.775261
121577784891,-3.566317,1.303274,-1.087826,0.050522,-0.230384,-0.000335,14.775678
121677848911,1.717406,-2.717319,0.058144,0.093628,-0.431084,0.226594,14.851089
121777912932,-0.012864,-1.458980,0.798080,-0.017701,0.215316,-0.114316,14.968932
121877976952,-1.284945,0.167237,-0.178885,0.027706,0.119881,-0.005226,14.928098
121978040973,-1.191611,0.336005,-0.079377,0.048750,0.210298,-0.021377,14.858162
122078104993,-0.870585,0.413656,-1.137773,0.155803,0.120673,-0.123271,14.951717
122178169014,0.272314,-1.159961,0.947178,0.072098,0.101647,-0.126363,14.946117
122278233034,0.043199,0.054262,0.549987,-0.044632,0.050638,0.017077,14.946108
122378297055,2.421650,-2.267392,0.593309,0.006536,0.031662,0.095803,14.977163
122478361075,-1.885165,-0.577239,0.931739,-0.091009,0.253065,-0.101213,15.090787
122578425096,0.927932,-1.616826,0.645668,-0.116110,0.089911,-0.063629,15.139606
122678489116,-3.193281,0.005970,-0.373684,-0.084260,0.375050,-0.206052,15.159826
122778553137,1.329416,-1.909555,0.669739,0.026818,-0.197176,0.225700,15.093191
122878617157,0.479628,-2.327850,0.691698,-0.072382,0.018298,-0.072913,15.130668
122978681177,1.137786,-3.585121,-0.321549,-0.039118,-0.085545,-0.018036,15.226322
123078745198,-0.722761,-0.499085,-0.410693,-0.014275,0.121283,-0.053699,15.243243
123178809218,1.397195,0.124424,-0.391746,-0.009346,0.043365,0.063620,15.328635
123278873239,-1.414522,1.546262,-0.492061,-0.060041,0.186021,-0.247360,15.358298
123378937259,-0.337287,-0.265805,0.402733,-0.023993,-0.043801,-0.081486,15.393110
123479001280,-1.036340,-0.662293,-0.654660,0.034981,0.088901,-0.077724,15.476337
123579065300,-0.551163,-0.265547,-0.547455,0.076237,0.215100,-0.177118,15.218504
123679129321,-0.706506,0.471397,-1.660385,0.134947,0.196938,-0.050377,15.258199
123779193341,2.084678,-1.272887,0.505643,0.073488,0.297749,-0.065802,15.462281
123879257362,2.108765,0.156919,0.714642,0.033905,0.357803,-0.203550,15.332148
123979321382,3.347464,-2.658529,0.488237,-0.002646,0.410490,-0.227525,15.272450
124079385403,-0.286314,0.469192,-0.802479,0.029553,0.267807,-0.194692,15.330854
124179449423,-0.228475,-0.349915,-1.249211,0.026308,0.212035,-0.098141,15.286695
124279513444,-1.735196,-0.202751,0.140122,-0.097042,0.224642,-0.124907,15.296511
124379577464,3.063853,-1.031260,-0.368169,-0.123566,0.098038,-0.196383,15.240941
124479641485,-1.582834,1.844865,0.221973,-0.084885,0.384380,-0.269188,15.256857
124579705505,0.495345,-1.014191,-0.169039,-0.062222,-0.140848,0.100836,15.238653
124679769526,1.285453,-2.044040,1.155657,-0.107512,-0.053955,-0.092150,15.247898
124779833546,2.001903,-2.527232,-0.088168,-0.075433,-0.479216,0.123691,15.243296
124879897567,1.255246,-0.432337,1.245808,-0.071502,-0.235032,0.132993,15.181854
124979961587,-2.849587,3.394241,0.007459,-0.020553,-0.748532,0.420953,15.212478
125080025608,-3.150601,1.010402,-0.060574,-0.022278,-0.548659,0.254929,15.070284
125180089628,-2.613628,0.399309,-1.104459,0.039939,-0.399618,0.218135,15.068875
125280153649,0.577279,-1.318398,-0.434326,-0.013944,-0.283549,0.185421,15.114125
125380217669,0.593478,-1.099766,-0.244722,0.028110,-0.329736,0.254225,14.990696
125480281690,2.067416,-0.949488,0.723251,0.017225,-0.320198,0.207865,14.906541
125580345710,-1.156087,0.286028,1.089626,-0.017289,-0.251901,0.099863,14.915761
125680409731,0.999485,-3.165911,0.715834,0.004879,-0.530293,0.346338,14.878449
125780473751,-2.341620,0.836272,-0.565968,0.040760,-0.124416,0.184781,14.782664
125880537772,-0.175542,0.290029,-1.268998,0.146168,-0.455413,0.270139,14.764405
125980601792,-3.944465,2.512714,-0.252743,-0.005649,0.114242,-0.101684,14.818958
126080665813,3.772077,0.555822,0.495476,-0.019820,-0.354721,0.180924,14.767412
126180729833,3.010600,-3.808076,1.068980,-0.109588,0.577292,-0.350100,14.686688
126280793854,3.964748,-3.213320,0.788202,-0.031617,0.296297,-0.197743,14.663705
126380857874,3.714463,-1.880494,-0.403965,-0.033806,0.963634,-0.495523,14.626457
126480921895,-5.871192,2.836221,-0.723703,-0.092652,0.829246,-0.511617,14.512857
126580985915,-0.202518,0.220437,-0.419667,-0.155939,0.742782,-0.460785,14.550370
126681049935,-5.720852,5.235022,-1.260350,-0.085971,1.147586,-0.638698,14.485526
126781113956,3.562095,0.527291,-0.361588,-0.023167,0.384902,-0.212401,14.431344
126881177976,-3.511516,5.216239,-0.104484,-0.113561,0.936378,-0.690527,14.279416
126981241997,5.348630,-1.934320,0.434151,-0.113031,-0.059008,-0.041065,14.380837
127081306017,4.319089,0.349823,1.022762,-0.065127,0.449947,-0.285071,14.397264
127181370038,5.989799,-3.160344,0.751727,-0.036043,-0.568831,0.305094,14.240190
127281434058,1.275733,0.637614,0.595398,-0.036561,-0.086234,0.035633,14.255444
127381498079,0.103332,1.568593,-0.393638,0.085551,-0.765253,0.459262,14.118663
127481562099,6.166525,-1.096382,0.370888,0.082200,-0.536876,0.392294,14.160898
127581626120,1.822039,0.421992,0.314064,0.064749,-0.467736,0.288333,14.098017
127681690140,3.836441,-1.978102,1.069118,-0.007015,-0.479495,0.319810,14.102919
127781754161,-2.409126,1.668602,0.443444,0.038064,-0.276847,0.213866,14.069677
127881818181,2.362996,-0.740224,0.682451,0.002951,-0.420596,0.169810,14.030657
127981882202,0.060085,1.050167,-1.419779,-0.001243,0.246869,-0.200471,13.825779
128081946222,-1.041760,2.545876,-0.781384,0.010610,0.071345,-0.027340,13.950845
128182010243,-1.431989,1.129541,-0.007260,-0.159472,0.147350,-0.125100,13.707626
128282074263,1.981187,1.597639,-0.279110,0.047431,-0.107372,-0.114224,13.814363
128382138284,3.214983,-0.109631,2.553016,-0.055132,0.404239,-0.244046,13.698243
128482202304,1.343585,-0.330581,1.589485,-0.047784,0.456519,-0.203866,13.826208
128582266325,4.881518,-1.828274,-0.125450,-0.053204,0.295805,-0.200303,13.745024
128682330345,-1.080785,0.737444,0.121051,-0.093754,0.382474,-0.165967,13.694386
128782394366,4.459188,-0.611235,-0.334255,0.025497,-0.044104,-0.037616,13.761442
128882458386,-0.947282,-0.292537,-0.460039,-0.074559,0.093704,-0.105009,13.675475
128982522407,-2.213283,1.448423,-0.607250,-0.015458,-0.564628,0.191169,13.574805
129082586427,2.727297,-1.759252,-0.346780,0.092436,-0.387217,0.225182,13.577096
129182650448,-0.481672,1.073774,-0.727495,0.047283,-0.117219,0.088758,13.480094
129282714468,2.266412,-0.148431,0.208381,0.061280,-0.282403,0.176254,13.569864
129382778489,0.648414,-0.098155,0.160144,0.014169,0.106286,0.016356,13.487053
129482842509,2.419092,-1.362230,-0.101383,0.017104,-0.157117,0.026318,13.534496
129582906530,-1.068836,-0.519108,0.071558,0.037218,0.210510,-0.134680,13.312605
129682970550,-2.797957,-0.521713,-1.150933,0.029782,0.134188,-0.162865,13.503812
129783034571,-0.776862,0.432994,-0.509063,0.013030,0.098477,-0.150286,13.288037
129883098591,-1.037397,0.376944,-0.651591,0.008686,0.224976,-0.104319,13.399394
129983162612,-0.318380,-0.375126,-0.698080,-0.068226,0.104265,-0.131923,13.347352
130083226632,-0.526415,0.303618,-0.133283,-0.101699,-0.083140,0.090248,13.149444
130183290653,-1.879281,0.209668,1.051613,-0.035228,0.060590,0.098678,13.157940
130283354673,-1.672725,-0.216875,-0.350789,-0.007509,0.053188,0.029774,13.225293
130383418693,-0.151411,-0.895069,0.558513,-0.067044,0.127713,-0.126909,13.233700
130483482714,-0.705888,0.183999,0.508400,-0.056529,0.049917,0.109373,13.146094
130583546734,-0.070673,-2.028896,-0.300479,-0.001777,-0.010038,0.196909,13.097327
130683610755,-1.386922,-2.061712,-1.224153,0.002276,0.212883,-0.162372,12.952224
130783674775,1.376212,-2.879228,-1.518790,0.132341,0.169762,-0.101212,12.979389
130883738796,-1.318307,-1.296169,-0.440594,-0.018279,0.165862,-0.194985,13.031869
130983802816,-5.731519,1.985017,-0.786379,-0.060492,-0.473768,0.273448,13.133114
131083866837,-1.902125,-0.421653,0.776774,0.028051,-0.500915,0.414760,13.173709
131183930857,-4.479029,-1.277095,0.063350,0.131053,-0.338563,0.393095,13.122568
131283994878,1.001025,-3.520414,-0.002388,0.076623,-0.477077,0.374664,13.117077
131384058898,-0.250878,-1.497092,-0.965453,0.096027,-0.305905,0.196054,13.167557
131484122919,2.448126,-3.563208,0.705438,0.016039,-0.554586,0.347490,13.263638
131584186939,-2.916384,-1.331143,-0.657978,0.105240,-0.145284,0.201992,13.248898
131684250960,3.117202,-3.845637,0.833794,0.006216,-0.479220,0.241882,13.270905
131784314980,-2.256619,0.074422,-0.158923,-0.081729,0.141027,-0.147614,13.374713
131884379001,0.023021,-0.482624,-0.063352,0.048362,-0.005208,0.028851,13.464778
131984443021,1.022400,-0.772880,-0.172048,0.071154,0.152729,-0.095954,13.543030
132084507042,0.496711,-0.881660,-1.249891,0.066693,0.022006,-0.035136,13.632700
132184571062,-1.159709,1.224911,0.052141,-0.030799,-0.191633,-0.026125,13.718125
132284635083,1.675415,-0.521758,1.862558,-0.061683,-0.473590,0.185149,13.742866
132384699103,-2.776176,-1.321896,-1.931618,-0.033948,0.058268,-0.003810,13.820288
132484763124,0.096497,-2.613612,-0.131739,-0.000313,-0.183671,0.423779,13.946671
132584827144,2.176862,-0.732270,-1.167350,0.158916,-0.113485,0.189576,14.178305
132684891165,-1.413751,2.438752,1.534955,-0.067691,-0.018697,0.147288,14.148198
132784955185,-0.286855,1.382308,1.205314,-0.170007,-0.666240,0.416404,14.253160
132885019206,2.655950,-3.162357,2.143301,-0.155031,-0.427905,0.155784,14.316398
132985083226,-0.938018,-0.942037,0.763932,0.003904,-0.175440,0.088335,14.369030
133085147247,-0.211408,-1.539456,-0.837997,0.095475,-0.119593,0.137616,14.520039
133185211267,0.011677,-1.147785,-1.422822,0.085433,0.008724,0.087549,14.653171
133285275288,-1.704907,2.858354,-0.543257,0.054188,0.200751,-0.022753,14.812649
133385339308,0.920693,0.059369,0.395355,0.028290,-0.262409,0.194291,14.853301
133485403329,3.048993,-1.944360,0.204450,-0.033757,-0.055039,0.058490,14.852553
133585467349,0.041916,-0.016249,0.716291,0.018651,-0.375485,0.181265,14.906786
133685531370,6.038677,-1.578508,-0.005528,0.071265,-0.548654,0.351307,15.051061
133785595390,2.766698,-2.227446,0.328345,0.045273,0.787218,-0.392549,15.063665
133885659411,7.075573,-3.780865,-0.163940,0.406764,0.082546,0.129135,15.057661
133985723431,4.773073,-1.420806,0.735194,0.031355,1.281550,-0.343967,15.195769
134085787451,-8.277660,5.243131,0.084143,-0.101753,1.300681,-0.662013,15.238668
134185851472,3.254233,-2.346952,0.907977,-0.113414,0.538708,-0.301824,15.264361
134285915492,-5.482947,2.958645,0.182979,-0.113679,0.995830,-0.491931,15.375450
134385979513,0.075815,1.895422,-0.228635,-0.043957,-0.194213,0.108349,15.347439
134486043533,-4.334380,3.872395,0.256061,-0.070556,0.273283,-0.270100,15.279770
134586107554,-0.436766,1.263926,0.119649,0.004435,-0.326428,0.046866,15.335537
134686171574,3.090585,-0.159852,0.186294,-0.046843,-0.065895,0.060806,15.310685
134786235595,-0.448712,1.031918,-0.074623,0.068020,-0.264507,0.172410,15.343806
134886299615,2.993617,0.634351,-1.222884,0.143915,-0.317071,0.297201,15.289590
134986363636,-0.608478,1.589403,-0.031956,-0.007405,-0.009278,0.096178,15.288636
135086427656,1.714738,-0.621782,-1.124928,0.083245,-0.189605,0.171675,15.299603
135186491677,-2.866062,1.994380,-0.072706,-0.036240,0.178669,-0.068955,15.291501
135286555697,-1.691779,1.887085,-0.723464,0.057287,-0.036491,0.098366,15.240711
135386619718,-2.185895,1.701034,-0.868306,0.061220,0.189895,0.050453,15.173144
135486683738,1.172070,-0.662511,0.969432,-0.081271,-0.105987,0.098444,15.056497
135586747759,2.406373,-0.664214,0.017283,-0.131380,0.359009,-0.158089,14.721684
135686811779,1.414895,0.669594,-0.270120,-0.075988,0.179519,-0.047606,14.550554
135786875800,0.735869,0.900301,1.510268,-0.204495,0.220878,-0.219990,14.546665
135886939820,-1.342741,1.357501,2.239902,-0.120844,0.340058,-0.275836,14.354240
135987003841,-2.384070,-1.461238,1.463444,-0.175248,0.212292,-0.288661,14.148334
136087067861,-3.120787,2.471172,0.284029,-0.028704,0.503034,-0.314179,13.942730
136187131882,0.128531,0.496202,-0.325847,0.063696,0.122954,-0.062203,13.730472
136287195902,-0.121330,-0.086713,-0.213466,0.060282,0.150196,-0.165655,13.458907
136387259923,1.759783,1.287383,-1.687169,0.003019,0.294043,-0.190929,13.301619
136487323943,-1.627321,-0.072560,-0.635744,-0.091129,0.222016,-0.205639,13.075282
136587387964,-2.262351,1.574388,-0.792038,-0.050780,0.191770,-0.252556,12.681369
136687451984,1.845255,0.655533,0.008363,-0.004924,0.146942,-0.050359,12.649051
136787516005,1.129345,0.147302,-0.292580,-0.065842,0.165641,-0.072582,12.505841
136887580025,-0.647353,0.566900,0.295372,0.004413,0.089830,0.014838,12.284539
136987644046,3.500414,-2.740744,0.689741,-0.071835,-0.250271,0.095467,12.330609
137087708066,1.989716,0.017228,0.927691,-0.037396,-0.168240,0.025458,12.284101
137187772087,-0.196758,-0.390858,1.006595,0.016091,-0.186174,0.025014,12.310245
137287836107,-0.403219,-2.013644,0.564050,-0.063552,-0.228655,0.032099,12.219356
137387900128,-3.804812,2.375216,0.263754,0.073162,-0.268435,0.164252,11.900902
137487964148,1.609998,-0.536796,0.447200,0.022420,-0.599348,0.370787,11.875749
137588028169,-0.972714,1.506780,-0.743209,0.062904,-0.180432,0.161363,12.081254
137688092189,1.729593,-1.621334,0.124571,-0.023825,-0.321301,0.136405,12.149509
137788156209,0.610283,-0.478708,-0.801534,-0.013875,0.079228,-0.075669,12.043091
137888220230,-0.470393,-0.090983,-0.862715,0.001256,0.076651,-0.080808,11.905282
137988284250,-0.148933,0.250206,-0.258707,-0.061073,0.117468,-0.001568,11.928617
138088348271,-1.054358,-0.584527,-0.181553,-0.039204,0.387339,-0.118949,11.820018
138188412291,3.021347,-1.529586,0.302588,0.076914,-0.216114,0.263776,11.860749
138288476312,-1.441504,-0.051756,0.174235,-0.044845,0.227135,-0.022264,11.968820
138388540332,-2.432127,0.034334,-0.125657,0.054562,-0.274449,0.255581,11.833147
138488604353,-4.784898,1.289178,-0.700683,0.000919,0.129015,-0.051563,11.995528
138588668373,0.242680,1.571006,0.171569,0.002094,-0.261669,0.142418,12.010022
138688732394,0.864419,-0.593466,0.229101,-0.005063,0.036631,-0.021251,12.020473
138788796414,-0.591085,-0.459680,0.098068,0.005333,-0.078579,0.027900,11.901329
138888860435,-3.557955,-0.926095,-0.494496,0.041680,0.254333,-0.140905,12.082345
138988924455,-2.185148,1.157609,-0.795791,0.032944,-0.085700,0.078158,12.196857
139088988476,-3.395627,0.228529,-0.592749,-0.051149,0.314984,-0.184463,12.154662
139189052496,0.957069,-0.172121,-0.911384,0.026689,-0.083793,0.101013,12.232655
139289116517,-0.365353,0.730229,-0.768140,0.025021,0.323490,-0.116736,12.244788
139389180537,2.433767,-1.440254,0.179321,0.009980,0.055302,-0.044780,12.517992
139489244558,-3.300901,0.755980,-0.694798,-0.035941,0.446648,-0.304899,12.547393
139589308578,0.513686,-0.300694,0.111472,0.025839,-0.085949,0.044047,12.568527
139689372599,-3.660641,0.300711,-0.539038,-0.065168,0.389512,-0.301429,12.630941
139789436619,1.579467,-1.726837,0.213745,0.062289,-0.328936,0.139473,12.711344
139889500640,2.051693,-1.130392,0.164527,-0.008486,0.158832,-0.145987,12.797816
139989564660,3.722083,-2.786528,0.645475,-0.034458,-0.370054,0.053881,12.905466
140089628681,-1.901045,-2.541630,0.231060,-0.119031,0.117402,-0.202698,12.900761
140189692701,-0.470173,-4.086169,-0.843092,-0.040034,-0.257507,-0.099055,12.977868
140289756722,-5.200905,-0.900551,-0.645353,0.049446,0.127501,0.113331,12.959269
140389820742,-0.222591,-0.650578,-0.529102,0.086483,-0.958454,0.761736,13.059405
140489884763,5.699770,-4.304409,0.427032,0.138914,-0.628254,0.108574,13.080100
140589948783,0.266829,-2.374302,-0.385594,0.100844,-0.530655,0.113520,13.024393
140690012804,4.108654,-3.271912,0.451699,0.043483,-0.554891,0.292687,13.090816
140790076824,0.613504,-0.852500,0.085148,0.032931,-0.133762,-0.019164,13.253020
140890140845,2.166389,-1.320393,-0.105324,0.036382,-0.293346,0.113723,13.181612
140990204865,-0.292973,-1.191491,-0.631289,-0.043134,-0.132554,-0.020139,13.124086
141090268886,0.496992,-1.725788,-0.137202,0.083473,-0.265917,0.111106,13.210161
141190332906,-0.711308,-1.181415,-0.657362,0.045598,-0.011302,-0.015995,13.135940
141290396927,0.503469,-1.586061,-0.279686,0.023048,-0.008709,-0.028135,13.139751
141390460947,2.848827,-3.925823,-0.828515,0.001087,-0.073097,-0.122051,13.158198
141490524967,-0.210594,-1.247915,-0.417390,0.064332,0.141029,-0.218197,13.247005
141590588988,4.227456,-2.999136,0.323836,0.082459,-0.301954,0.070244,13.139100
141690653008,2.020059,-2.255453,0.224090,-0.010225,-0.091764,-0.164026,13.208532
141790717029,3.613982,-2.994342,-0.017498,0.073929,-0.596109,0.200175,13.210645
141890781049,2.430040,-2.301238,-0.175852,0.110750,-0.430514,0.059331,13.182766
141990845070,-1.893433,-0.426237,-1.005897,0.195196,-0.447573,0.168077,13.132811
142090909090,-0.375907,-1.090935,-0.642564,0.134279,-0.360384,0.191290,13.187146
142190973111,1.310897,-1.517059,-0.196222,0.111248,-0.409275,0.130443,13.239300
142291037131,2.482203,-3.170188,-0.217949,0.087955,-0.442892,0.113655,13.105563
142391101152,1.417664,-2.179861,-0.099072,0.116384,-0.269992,0.095245,13.123071
142491165172,2.623473,-2.859127,-0.619168,0.152129,-0.387027,0.016336,13.127884
142591229193,0.452215,-2.060314,-0.117985,0.217785,-0.223267,-0.018810,13.036826
142691293213,-0.081922,-2.048246,-0.990822,0.088431,-0.335284,0.082619,13.061783
142791357234,1.615322,-3.242910,-0.178355,0.057586,-0.510352,0.136419,12.914261
142891421254,4.056036,-5.783500,1.922866,0.100401,-0.591891,0.298646,12.998786
142991485275,3.806180,-3.023175,0.790692,0.190410,-0.770992,0.433898,12.895478
143091549295,2.129222,-4.433678,0.771633,0.002185,-0.766720,0.395755,12.847363
143191613316,-2.467125,4.107756,-1.241601,-0.046124,-0.848833,0.400737,12.926341
143291677336,0.122983,-1.702299,-0.649186,-0.080873,-0.792115,0.423513,12.775491
143391741357,-0.969238,2.304475,0.359851,-0.188354,-0.703595,0.141458,12.708615
143491805377,1.311399,-4.249577,1.126376,0.114220,-0.794876,0.267567,12.655436
143591869398,-2.318082,2.145745,1.323173,-0.086549,-0.260721,-0.029210,12.704191
143691933418,3.406648,-2.767548,2.853462,-0.217926,-0.714967,0.250999,12.615168
143791997439,-0.622143,-0.745544,2.010839,-0.281969,0.206309,-0.112476,12.523380
143892061459,0.081762,-4.479924,0.440704,-0.320008,-0.101855,-0.066114,12.446042
143992125480,-0.193857,-3.209714,-1.238886,-0.229049,0.712644,-0.486021,12.446398
144092189500,-1.626158,4.029026,-0.392289,0.019524,0.617944,-0.364652,12.348353
144192253521,0.867436,2.537537,0.739293,0.027446,0.570546,-0.329261,12.318730
144292317541,-1.781787,4.149058,1.248165,-0.114037,0.438900,-0.180682,12.252322
144392381562,2.905132,-4.135740,-0.079587,-0.309137,0.055853,-0.095977,12.167650
144492445582,-1.897888,1.134043,-1.689654,-0.116700,0.512236,-0.270707,12.133377
144592509603,-0.445006,-3.957241,-0.430586,0.081017,-0.109004,0.169393,12.012647
144692573623,2.078376,4.671164,-0.372829,0.203003,0.539233,-0.147036,11.820737
144792637644,1.608498,3.987465,0.176052,0.177376,-0.316128,0.260789,11.623409
144892701664,-0.381239,5.245156,-0.908830,-0.030148,0.010627,-0.006809,11.384602
144992765685,-1.538405,4.032602,0.212489,-0.014179,-0.431828,0.270759,11.046130
145092829705,1.796572,-0.472692,-0.390313,0.051502,-0.347520,0.179787,10.806571
145192893725,0.969950,2.408324,-0.349940,0.090329,0.048456,0.054406,10.557766
145292957746,2.135709,0.301648,-0.347654,0.048290,-0.116274,0.044595,10.258286
145393021766,1.592877,0.608772,-0.797130,-0.034691,0.170439,-0.168553,10.143923
145493085787,1.690745,-1.365541,-0.286783,-0.004718,-0.092077,-0.028048,9.895956
145593149807,1.864316,1.592327,0.288345,-0.117601,0.400023,-0.215229,9.785682
145693213828,-0.541420,3.634867,-0.335329,0.025281,0.196725,-0.133681,9.621461
145793277848,0.518864,1.407644,-0.338331,0.009379,0.254181,-0.204254,9.608186
145893341869,0.841651,1.486320,-0.208396,0.017904,0.201725,-0.069451,9.381183
145993405889,0.741047,-0.000315,-0.216732,0.084181,0.105087,-0.104839,9.312589
146093469910,1.081289,-0.524759,0.034042,0.000953,-0.044379,0.038703,8.957598
146193533930,1.199092,-0.323850,-0.079060,0.006769,0.199101,-0.057498,9.041399
146293597951,0.236132,1.189913,-0.604859,0.054512,0.126456,-0.069396,8.786035
146393661971,0.372150,-1.813584,0.017244,0.003392,0.025369,0.031941,8.532860
146493725992,0.066959,1.375954,-0.053346,0.026559,0.159189,-0.155032,8.584375
146593790012,1.378024,-0.914905,-0.031623,0.015869,-0.118734,-0.052260,8.581594
146693854033,0.348179,1.071444,-0.609161,0.027046,0.070648,-0.026390,8.393403
146793918053,-0.531087,-1.281618,-0.565459,0.102348,-0.273493,0.132983,8.354762
146893982074,0.799155,-1.632664,-0.462312,0.054071,-0.113720,-0.039826,8.195113
146994046094,0.357321,-1.483545,-0.717120,0.046304,-0.294462,0.071107,8.193360
147094110115,0.905417,-1.641796,-0.658647,0.113019,-0.281445,0.017123,8.045404
147194174135,0.567004,0.795482,-0.456683,0.015737,-0.117598,-0.051206,8.010475
147294238156,1.386603,-2.153820,-0.344390,0.109276,-0.295538,0.098637,7.966482
147394302176,2.603033,-0.873322,0.407104,-0.039649,0.154679,-0.107124,7.845225
147494366197,-0.486797,0.914272,0.081323,-0.000473,0.058472,-0.108148,7.797426
147594430217,-0.160799,-0.677620,0.060905,-0.029444,-0.015676,-0.085436,7.661748
147694494238,0.712906,0.097086,-0.295763,0.073394,0.038100,-0.019393,7.481962
147794558258,0.581381,-0.988352,0.223110,0.065996,0.112589,-0.076943,7.410482
147894622279,-0.002217,-0.096724,-0.177927,0.034124,0.078043,-0.134481,7.386180
147994686299,2.496961,-0.254813,-0.440729,0.000965,0.229025,-0.163050,7.244023
148094750320,-2.566797,2.109715,0.587848,0.035634,0.487036,-0.220357,7.248218
148194814340,-1.147367,-0.908818,0.132166,0.093834,0.291467,-0.178537,7.107721
148294878361,-0.384039,3.548298,0.467283,-0.178387,0.472756,-0.195091,6.932118
148394942381,-0.037197,1.484327,-1.929658,-0.142310,-0.188497,0.092971,6.983713
148495006402,-1.716533,5.784662,-2.016060,0.086531,0.327351,-0.218686,6.946039
148595070422,0.641590,3.370317,-1.302850,0.172978,-0.684789,0.299919,7.053220
148695134443,2.094285,-2.268077,0.232156,-0.037586,-0.347010,0.242238,7.193134
148795198463,0.054260,-1.076005,1.596862,-0.061578,-0.771212,0.370701,6.762087
148895262483,2.418187,-7.565428,2.756822,0.007490,-1.039220,0.584372,6.903005
148995326504,0.043492,4.757654,2.056943,-0.146186,-0.360386,0.244247,6.587001
149095390524,2.058150,-2.284491,2.963572,-0.169722,-0.743462,0.413102,6.665442
149195454545,-2.426649,3.458524,1.083753,-0.209557,0.105539,-0.115619,6.931439
149295518565,0.733564,-0.210867,1.255422,-0.163098,-0.407115,0.301336,7.029856
149395582586,-1.347293,2.772563,-1.188009,-0.026003,0.114516,0.087389,6.990080
149495646606,2.368196,-1.396833,-2.413489,0.266978,-0.189114,0.196497,6.964941
149595710627,0.964436,0.803227,-1.049648,0.238161,0.274817,0.027101,7.051092
149695774647,1.431094,-1.334208,0.665109,0.144969,-0.007956,0.023526,7.065642
149795838668,2.931073,-1.225661,1.320126,-0.036610,0.293657,-0.148557,7.383177
149895902688,0.337905,-0.400692,0.812709,-0.039181,-0.172859,0.078504,7.445961
149995966709,0.869965,-0.487208,0.075984,-0.071696,0.428016,-0.076044,7.583209
150096030729,-2.890600,0.267938,-0.821430,-0.089162,0.304423,-0.123658,7.816695
150196094750,0.285153,0.023010,-0.926291,0.065295,0.139126,-0.111768,7.850135
150296158770,1.603759,2.048186,-0.655194,0.111203,0.022039,0.050057,7.901862
150396222791,1.008354,-0.753813,-0.243408,-0.063222,0.429893,-0.112139,8.162889
150496286811,-1.506352,4.231173,0.366681,-0.148358,0.649207,-0.418239,8.124912
150596350832,2.896602,-1.425522,0.356030,-0.087964,0.091815,-0.109058,8.306925
150696414852,0.146576,1.702494,0.418589,0.003490,0.251154,-0.160374,8.584922
150796478873,0.384576,2.222782,-0.213914,0.029647,0.085320,-0.053111,8.428038
150896542893,0.257415,0.079348,-0.269728,0.072687,-0.014774,0.054011,8.442326
150996606914,2.655286,-0.507007,-0.319292,0.002811,0.270668,-0.128786,8.483577
151096670934,0.170026,1.851735,0.062735,-0.027415,0.348883,-0.174014,8.519909
151196734955,0.093435,-2.240896,-0.038332,0.063359,0.070762,-0.041040,8.494778
151296798975,1.144204,1.936495,0.264602,-0.057221,0.294086,-0.149987,8.395208
151396862996,1.735703,-1.084031,0.396964,-0.054622,-0.022082,0.015477,8.468628
151496927016,0.419800,2.476964,-0.824263,0.127419,0.264694,-0.120743,8.495343
151596991037,-1.492292,1.312693,-0.006609,0.074469,-0.291518,0.130687,8.539757
151697055057,0.651591,1.334810,-0.206883,0.048435,-0.286246,0.234735,8.535180
151797119078,-1.786586,0.972053,0.065917,0.014026,-0.326855,0.215181,8.472952
151897183098,0.203088,-2.942355,-0.074771,0.088487,-0.303175,0.126782,8.460313
151997247119,1.070228,2.603361,-0.480676,0.057977,-0.258194,0.024556,8.529964
152097311139,0.836116,-4.664655,0.353677,0.007236,-0.617238,0.346897,8.483289
152197375160,-0.217805,-0.667528,0.416310,0.006593,0.165447,-0.031969,8.526845
152297439180,1.410058,-4.390887,0.469144,-0.033320,-0.365805,0.137910,8.549438
152397503201,-0.243260,0.395073,-0.018841,-0.092517,0.367713,-0.222404,8.539166
152497567221,-0.804992,3.834550,-0.918013,0.045215,0.140412,-0.100782,8.641334
152597631242,0.238668,-2.464542,-0.308578,0.079788,0.112152,-0.076425,8.621651
152697695262,2.015084,1.548584,0.136185,-0.054549,0.213870,-0.130247,8.698182
152797759282,-0.947063,-0.161241,-0.822776,-0.015910,-0.211886,0.021130,8.811337
152897823303,0.350970,-2.200480,-0.556521,-0.050099,-0.215690,-0.060772,8.726935
152997887323,0.649194,-0.506120,0.321264,-0.088730,-0.171806,-0.078243,8.726903
153097951344,0.989898,-1.265593,-0.534429,0.168384,-0.024590,0.084005,8.959035
153198015364,1.598072,-0.631306,-1.767989,0.077554,-0.091239,0.007628,9.134599
153298079385,-2.124960,-0.232456,-0.220390,0.021065,0.055321,0.018743,8.999655
153398143405,0.062606,-0.679173,-1.598163,-0.028907,-0.246354,0.003918,9.083365
153498207426,3.098936,-1.935645,-0.686919,0.106574,-0.224414,-0.005601,9.140105
153598271446,0.122797,1.299834,-0.691592,0.086603,-0.045015,0.098473,9.180420
153698335467,0.388754,0.867454,0.449669,0.013678,-0.092210,-0.175617,9.379694
153798399487,0.111245,1.350749,-0.702520,-0.081945,0.210935,-0.407336,9.333856
153898463508,-0.584847,1.493740,-0.255181,-0.032166,0.192859,-0.099881,9.489503
153998527528,4.410434,-2.906271,-0.436530,-0.030988,-0.006471,-0.050170,9.608262
154098591549,1.620301,-0.747181,-1.106060,0.121116,0.162841,-0.211703,9.610000
154198655569,1.165076,-0.726724,-1.323061,0.119177,-0.054844,-0.037200,9.476815
154298719590,3.407468,0.577725,-0.058762,0.053633,-0.099107,-0.035477,9.424543
154398783610,-0.937601,-1.353032,-0.087183,-0.142468,0.127959,-0.016058,9.483159
154498847631,-0.435912,5.570239,-0.906397,-0.071547,0.499319,-0.447534,9.428699
154598911651,-2.068804,-2.500160,-0.189487,0.108362,-0.455191,-0.017624,9.604998
154698975672,0.818528,8.271404,0.468396,-0.171338,0.413207,-0.219815,9.823866
154799039692,1.470762,-2.371631,-1.526845,0.060519,-1.338482,0.567720,10.005208
154899103713,0.917828,-6.070356,0.145804,-0.127661,-0.366122,-0.116201,9.949409
154999167733,-0.130063,-3.308439,-1.559138,0.050625,-0.931136,0.493652,9.985801
155099231754,-3.714685,-2.990466,0.299831,0.066286,-0.475377,0.234906,9.961303
155199295774,0.878183,0.455214,-0.310233,0.032387,-0.470714,0.157259,10.162461
155299359795,0.236182,-0.188077,-0.033145,0.007517,-0.268816,0.143019,10.330869
155399423815,-1.409662,-0.416528,0.122642,-0.009831,-0.569446,0.346494,10.323935
155499487836,-3.358345,-2.382436,-1.277127,0.114711,-0.289227,0.088473,10.439405
155599551856,-2.052747,-4.714013,0.290993,0.000763,-0.110211,0.060036,10.522683
155699615877,3.716703,1.481660,-1.885422,0.151910,0.217787,-0.090247,10.557921
155799679897,1.891161,-0.982178,-0.805938,-0.023083,-0.460783,0.336288,10.708406
155899743918,1.957551,4.780685,-0.478627,0.156063,0.132716,-0.216592,10.826642
155999807938,0.192925,2.513402,-0.387996,0.243273,-0.817749,0.449625,10.866036
156099871959,-1.643089,-8.254137,-1.016942,0.086877,-0.597173,0.415424,11.035893
156199935979,1.153753,-0.865500,-1.680227,0.202943,-0.579024,0.373128,11.086912
156300000000,-2.272530,-5.590846,1.901450,-0.112877,-0.786847,0.293600,11.151111
