timestampNs,ax,ay,az,gx,gy,gz,speedMps
0,0.334359,-0.184097,-0.107918,-0.076955,0.007968,-0.017697,0.008889
100062111,0.109006,-0.008506,0.084349,0.014436,0.017005,0.031381,0.033872
200124223,0.635682,0.581687,-0.472598,-0.018004,-0.044800,0.001026,0.006120
300186335,0.115930,-0.363478,-0.227126,-0.011341,-0.025702,0.022874,0.013044
400248447,-0.071917,0.126163,-0.071065,0.019603,0.010897,0.009202,0.006992
500310559,-0.059562,-0.419366,-0.235860,-0.017620,-0.014975,0.009001,0.026102
600372670,0.161018,0.166436,-0.018053,0.007569,-0.003421,0.015282,0.023021
700434782,-0.023665,0.037000,-0.032627,-0.009140,-0.001935,-0.016012,0.013885
800496894,-0.247526,-0.019515,-0.154479,0.004724,-0.013966,0.027083,0.013021
900559006,0.068254,-0.001675,-0.058207,-0.016467,-0.002440,-0.008626,0.006133
1000621118,0.109709,-0.048199,0.012527,0.004610,-0.018680,0.004549,0.010007
1100683229,-0.045578,0.149765,0.004165,-0.016962,-0.030236,-0.029162,0.011164
1200745341,-0.045245,0.023416,0.027343,0.035984,-0.013494,-0.008853,0.018831
1300807453,0.007713,-0.095065,-0.113033,0.012408,0.000954,-0.016386,0.011046
1400869565,-0.304342,0.181206,-0.153930,0.138387,-0.115255,0.171546,0.003046
1500931677,-0.062592,0.042950,-0.088041,0.009624,-0.005086,0.025699,0.002141
1600993788,-0.143998,0.038308,-0.105992,-0.017729,-0.008031,-0.035896,0.022964
1701055900,-0.143881,-0.148475,-0.204763,-0.040112,0.025757,-0.037591,0.013933
1801118012,-0.117360,-0.118076,-0.049191,-0.011876,0.011710,0.019213,0.018077
1901180124,0.243949,0.151322,0.147772,-0.013473,0.014795,0.011371,0.020059
2001242236,-0.264440,0.315458,-0.031576,-0.022384,0.022828,-0.004516,0.024765
2101304347,-0.203000,0.255722,-0.123242,-0.039134,0.036001,0.033166,0.006187
2201366459,0.210654,-0.243747,0.134636,-0.025273,-0.045947,-0.014335,0.012328
2301428571,-0.236713,0.108652,-0.048655,-0.008705,0.015292,0.033685,0.039901
2401490683,-0.000419,0.085345,-0.005259,-0.009771,-0.004702,0.032217,0.032964
2501552795,-0.038554,0.085372,-0.022136,-0.045280,-0.005219,0.006978,0.026819
2601614906,-0.193830,0.223318,0.007006,0.004054,0.007091,0.011843,0.018844
2701677018,-0.027220,-0.059303,-0.043208,0.003250,-0.005165,0.002468,0.016092
2801739130,0.020360,-0.183708,-0.087785,-0.014325,0.013399,-0.010676,0.015193
2901801242,-0.075737,0.153598,0.063773,-0.005022,-0.004397,0.013000,0.025931
3001863354,0.016035,0.140009,-0.058746,-0.015105,-0.003539,0.002318,0.016033
3101925465,-0.047597,0.073641,-0.092332,0.000823,-0.006469,0.013617,0.011886
3201987577,-0.075770,0.071293,-0.056303,-0.009410,0.007504,0.004754,0.009010
3302049689,-0.061769,0.064929,0.047859,-0.000126,-0.007431,0.026860,0.014772
3402111801,-0.050680,-0.097960,-0.137832,-0.028932,0.000135,0.015559,0.004311
3502173913,-0.108752,-0.119103,-0.007857,-0.023178,0.007526,0.022301,0.023545
3602236024,-0.188089,0.084579,-0.144612,-0.019974,-0.007209,-0.004384,0.008323
3702298136,-0.054354,-0.020044,-0.106749,-0.001430,-0.011498,0.008926,0.019860
3802360248,-0.082085,-0.079311,0.057349,0.007637,0.010718,-0.010651,0.013915
3902422360,-0.163579,0.325375,0.074429,0.003976,-0.001515,0.011801,0.015000
4002484472,0.100873,-0.047483,-0.046339,-0.003481,-0.006390,-0.022037,0.015152
4102546583,0.015727,-0.325660,-0.234763,0.036401,-0.009399,-0.008189,0.021309
4202608695,-0.144763,-0.015625,-0.032901,0.012695,0.016331,-0.022837,0.028215
4302670807,-0.104085,0.215822,0.003786,-0.004336,-0.007381,-0.016967,0.003590
4402732919,-0.030350,-0.152053,-0.042809,0.019631,0.000128,-0.031875,0.022592
4502795031,0.068119,-0.204111,0.009675,0.040512,-0.006421,-0.010348,0.006274
4602857142,-0.036328,0.166276,-0.015299,0.008341,-0.020680,-0.036130,0.011746
4702919254,-0.089037,0.055172,-0.018539,0.034169,-0.007913,-0.031226,0.005495
4802981366,-0.044390,-0.165771,-0.009204,-0.012592,-0.018805,-0.061341,0.021679
4903043478,-0.056684,-0.033540,-0.138451,-0.035327,0.005465,-0.014212,0.013233
5003105590,0.103776,-0.188220,-0.165056,0.017142,-0.000472,-0.029007,0.018708
5103167701,0.027921,-0.134203,-0.028353,0.024551,0.038222,-0.023946,0.014191
5203229813,0.091165,-0.123401,0.001197,-0.028686,0.011244,0.039747,0.047570
5303291925,0.135454,0.824048,0.084947,0.140426,0.050866,-0.025557,0.007918
5403354037,1.214720,-1.410050,-0.507033,-0.087972,0.063384,-0.048282,0.004392
5503416149,-1.283797,1.476372,0.420891,0.018908,-0.016697,-0.060323,0.018794
5603478260,1.058147,-1.205144,-0.364186,0.126346,-0.015679,0.078656,0.016005
5703540372,0.608919,-1.139697,-0.399109,0.182870,-0.046325,0.105451,0.013124
5803602484,0.324217,-0.556620,-0.137618,0.075888,0.001871,0.035407,0.015400
5903664596,0.589955,-0.646060,-0.175497,0.155820,-0.019654,0.085951,0.025409
6003726708,-0.184413,-0.162261,-0.124016,0.136419,-0.005319,0.069936,0.007172
6103788819,0.792403,-0.550417,-0.109397,0.089137,0.003477,0.026952,0.013245
6203850931,-0.512733,0.472511,0.071208,0.140649,-0.021245,0.085813,0.018173
6303913043,0.445454,-0.505868,-0.078253,0.006563,-0.001923,0.000306,0.021068
6403975155,-0.774922,0.568737,0.008419,0.102622,-0.013667,0.033083,0.019525
6504037267,0.511905,-0.203816,-0.065349,-0.052956,-0.010462,-0.034599,0.008661
6604099378,0.259370,-0.383772,-0.098658,0.035543,-0.001993,0.001585,0.022805
6704161490,0.442683,-0.423405,-0.122109,-0.068097,-0.012075,-0.061775,0.017696
6804223602,0.009376,-0.138980,-0.198863,-0.006660,0.002202,-0.016471,0.034320
6904285714,-0.522072,0.352704,0.030519,-0.047599,0.006113,-0.045084,0.018341
7004347826,0.423575,-0.342734,-0.035151,-0.037389,-0.009260,-0.040086,0.006063
7104409937,-0.158254,0.112063,-0.008862,-0.017639,-0.007348,-0.035513,0.004865
7204472049,0.199990,-0.298478,-0.112702,-0.029807,-0.004240,-0.034547,0.002441
7304534161,-0.425572,0.218422,0.140881,0.021404,0.000526,-0.009084,0.012778
7404596273,-0.006478,-0.185680,-0.186381,-0.012817,0.009566,-0.032840,0.007596
7504658385,-0.324234,0.320899,-0.018931,0.034604,-0.005861,0.031808,0.020451
7604720496,-0.084358,-0.400305,-0.166496,0.001494,0.017260,-0.027446,0.006800
7704782608,0.247889,-0.044939,-0.064963,0.040077,0.002266,0.012054,0.004181
7804844720,0.221305,-0.121537,-0.089652,0.020447,0.009361,0.003995,0.010242
7904906832,-0.038534,-0.228896,-0.219765,0.025078,0.003830,0.021526,0.015095
8004968944,-0.327434,0.171358,-0.019306,0.008957,0.011442,0.024664,0.017041
8105031055,-0.095193,-0.085764,-0.110699,0.004471,0.015203,0.026234,0.019099
8205093167,-0.135369,0.351540,0.020092,0.014647,-0.004916,0.033310,0.022334
8305155279,0.133246,-0.084860,-0.045169,-0.003176,0.004886,0.019095,0.008946
8405217391,-0.065535,0.182044,-0.038282,0.021347,-0.023220,0.027565,0.009681
8505279503,0.041035,-0.145405,-0.065672,-0.027041,-0.012901,0.010901,0.004681
8605341614,0.090988,0.064230,-0.019570,0.002567,-0.008746,0.010609,0.019052
8705403726,0.238646,0.078876,0.040381,-0.028863,-0.023055,0.004359,0.021029
8805465838,-0.015634,0.006921,-0.018748,-0.018546,-0.007371,0.006925,0.005167
8905527950,-0.168543,0.094323,-0.162442,-0.027917,-0.015975,-0.010632,0.008777
9005590062,-0.019286,-0.142270,-0.173857,-0.025046,-0.012595,0.005727,0.020552
9105652173,-0.292303,0.065936,-0.110116,-0.011549,-0.020309,0.002083,0.010938
9205714285,0.163810,0.082385,0.068965,-0.021779,-0.024837,-0.008704,0.009087
9305776397,-0.115494,0.364933,0.076667,0.005885,-0.018836,0.015449,0.024827
9405838509,0.079153,-0.120400,-0.076992,0.001054,-0.009387,-0.022507,0.004424
9505900621,0.015258,0.104387,-0.057692,0.032389,-0.017891,0.015167,0.013400
9605962732,-0.131735,-0.004370,-0.062187,0.017945,0.003017,-0.023614,0.018773
9706024844,-0.162403,0.000912,-0.063672,0.037521,-0.004352,0.000923,0.017246
9806086956,-0.087666,-0.101948,-0.133392,0.014049,0.012201,-0.006597,0.021454
9906149068,0.082171,0.068489,-0.059645,0.011891,0.003423,-0.006974,0.013411
10006211180,-0.057254,-0.003159,-0.069788,-0.004926,0.014054,0.009527,0.007353
10106273291,-0.040107,-0.089857,-0.125118,-0.012333,0.010361,-0.004562,0.025031
10206335403,-0.126591,0.003834,-0.065911,-0.011060,0.006329,0.019109,0.008713
10306397515,-0.050927,-0.028646,-0.047951,-0.027476,0.006983,0.007747,0.007124
10406459627,0.034115,0.141535,-0.039155,-0.020677,0.007625,0.012620,0.021693
10506521739,-0.029962,0.058793,-0.011621,-0.031253,0.009005,0.009832,0.018255
10606583850,-0.005630,0.070314,-0.078405,-0.023593,-0.005596,0.007796,0.020252
10706645962,-0.097575,-0.007384,-0.028279,-0.025270,-0.006228,0.012656,0.007649
10806708074,0.130625,0.057140,-0.072199,-0.029599,0.004503,0.002493,0.002615
10906770186,0.082055,0.135925,0.031568,-0.018152,-0.012614,0.006641,0.011944
11006832298,-0.112020,-0.090814,-0.066588,-0.020164,0.003544,0.007362,0.011337
11106894409,0.021855,0.027190,-0.108114,-0.008870,-0.006572,0.008685,0.003879
11206956521,-0.064069,-0.172964,-0.240302,-0.011225,-0.006506,0.014859,0.014169
11307018633,-0.030233,0.016847,-0.090996,0.008448,-0.003248,0.007948,0.003329
11407080745,0.104452,0.211875,0.106720,0.002957,-0.022884,0.009053,0.007023
11507142857,0.033112,-0.089526,-0.042518,0.009463,0.001921,0.013135,0.009048
11607204968,-0.075247,-0.072835,-0.112895,0.011545,-0.017809,0.005381,0.021884
11707267080,0.179750,0.142449,0.047702,0.011739,-0.008771,0.000028,0.021111
11807329192,-0.136828,0.011700,-0.032665,0.021413,-0.008860,0.000414,0.020073
11907391304,-0.074640,0.072316,0.039185,0.020656,-0.016522,-0.000399,0.007622
12007453416,-0.095955,-0.203561,-0.257356,0.017419,0.012231,-0.012701,0.016774
12107515527,-0.050054,-0.023341,-0.109702,0.020443,-0.003654,-0.010267,0.024624
12207577639,-0.024869,-0.066697,-0.130459,0.020360,0.000138,-0.011610,0.019011
12307639751,-0.051926,0.194987,0.012374,0.008974,0.015187,-0.015920,0.007326
12407701863,0.031214,0.060236,-0.028510,0.012999,-0.006790,-0.007358,0.011495
12507763975,-0.048225,0.050125,-0.099393,0.011496,0.017587,-0.003541,0.007340
12607826086,0.065923,0.042354,0.021223,0.005630,0.002960,-0.006150,0.020705
12707888198,0.127877,0.010637,-0.027646,0.007639,0.007788,0.014916,0.007053
12807950310,0.092265,0.060520,0.058274,-0.006170,0.006634,-0.018921,0.017327
12908012422,-0.006750,-0.073166,-0.106363,0.006801,0.005922,0.006681,0.009468
13008074534,-0.197521,-0.002608,-0.132757,-0.000806,0.012545,0.010450,0.015371
13108136645,-0.069792,-0.168137,-0.124163,-0.011117,0.002455,0.003620,0.007690
13208198757,-0.142814,0.058973,-0.020557,-0.002471,0.017987,0.020634,0.016430
13308260869,0.046247,-0.166004,-0.203851,-0.015101,0.012663,0.007328,0.020665
13408322981,0.053155,0.071910,-0.003803,-0.004183,-0.000734,0.019235,0.028217
13508385093,0.087214,-0.058820,-0.096126,-0.034535,0.008845,0.007921,0.028416
13608447204,-0.005443,0.208920,0.126443,-0.007337,-0.012108,0.012804,0.010689
13708509316,-0.095357,-0.008357,-0.090575,-0.021585,-0.008642,0.015105,0.007198
13808571428,-0.010259,0.121109,-0.012904,-0.012456,0.003897,0.005018,0.019079
13908633540,-0.129759,-0.231254,-0.215348,-0.021399,-0.020630,0.011151,0.021279
14008695652,0.115614,0.082744,-0.053591,-0.021419,-0.000220,0.005996,0.021486
14108757763,0.096678,0.096614,-0.049054,-0.012747,-0.004474,0.002891,0.004562
14208819875,-0.072450,0.023556,-0.040465,-0.013518,-0.014045,0.015215,0.001494
14308881987,-0.059366,-0.008449,-0.106493,-0.003328,-0.008158,-0.000868,0.016944
14408944099,-0.036521,-0.042048,-0.128637,-0.002334,-0.020608,0.012513,0.016671
14509006211,0.056289,0.187269,-0.005915,0.004407,-0.009014,0.008132,0.013714
14609068322,-0.014234,0.132555,0.038086,0.021430,-0.016829,-0.004452,0.012322
14709130434,-0.038706,0.153987,0.059809,0.021695,-0.016253,0.016346,0.014818
14809192546,0.013868,-0.016252,-0.110211,0.021790,-0.007371,-0.001092,0.004702
14909254658,-0.107541,-0.159796,-0.193574,0.025455,-0.017797,-0.000885,0.029811
15009316770,-0.027712,-0.160296,-0.133490,0.017377,-0.001370,-0.001278,0.011425
15109378881,0.031368,0.197671,-0.032103,0.035654,-0.010732,-0.015308,0.036007
15209440993,-0.049555,0.178078,0.069286,0.022437,-0.011717,0.006204,0.032535
15309503105,-0.121547,0.052114,-0.072447,0.025793,0.002235,-0.003722,0.008889
15409565217,-0.000657,-0.023085,-0.104958,0.030933,-0.011935,-0.004851,0.008411
15509627329,0.023161,-0.114565,-0.136930,0.031366,-0.005868,0.005479,0.004771
15609689440,0.081214,0.063646,-0.028622,0.027357,-0.004414,-0.023912,0.013836
15709751552,-0.020094,0.091290,-0.038533,0.037378,-0.013510,0.000935,0.020624
15809813664,-0.043999,0.038660,-0.085220,0.023183,0.006765,-0.022863,0.015811
15909875776,-0.076656,0.021838,-0.097997,0.033680,-0.005898,-0.013717,0.012864
16009937888,-0.048249,-0.123876,-0.164719,0.010031,0.006690,-0.009854,0.012188
16109999999,0.170214,0.229580,-0.006608,0.018260,0.013899,-0.017530,0.020861
16210062111,0.085533,0.073837,-0.083613,0.004668,-0.001907,-0.001022,0.011307
16310124223,-0.017278,0.161562,0.042991,0.001887,0.014213,-0.003649,0.013449
16410186335,-0.071631,-0.020365,-0.084055,-0.000609,-0.000253,0.000327,0.015530
16510248447,-0.086124,0.035764,-0.047751,-0.005908,0.003892,0.014265,0.003653
16610310559,0.091040,0.135057,-0.014581,-0.005219,0.008611,-0.013865,0.008173
16710372670,-0.068030,-0.031500,-0.098392,-0.009161,-0.006908,0.010210,0.003702
16810434782,-0.092066,-0.030307,-0.116689,-0.014092,0.010439,-0.004617,0.017556
16910496894,-0.075237,-0.145563,-0.162401,-0.014132,-0.008269,-0.000158,0.005878
17010559006,0.094934,0.137718,-0.033099,-0.008255,0.003353,0.008573,0.004857
17110621118,0.081216,0.033153,-0.072887,0.002088,-0.000753,-0.004783,0.013144
17210683229,-0.128401,0.019457,-0.138583,0.004067,-0.008659,0.024110,0.014423
17310745341,-0.071740,0.007150,-0.026027,0.006849,0.001270,-0.005218,0.020083
17410807453,-0.135855,0.037226,-0.092589,0.011115,-0.007893,0.024805,0.030540
17510869565,0.159235,0.204464,0.053029,0.007163,0.005446,0.011496,0.032615
17610931677,-0.056974,0.044798,0.005790,0.022837,-0.012477,-0.001957,0.015788
17710993788,0.023521,0.133018,0.020027,0.016747,-0.010625,0.006910,0.037720
17811055900,-0.016060,-0.019616,-0.141287,0.031422,-0.000612,-0.009548,0.032113
17911118012,-0.071535,-0.098441,-0.134218,0.015796,-0.013246,-0.005395,0.008580
18011180124,-0.013152,-0.009800,-0.046049,0.016751,0.007808,-0.002761,0.008223
18111242236,0.088737,0.148032,0.004102,0.015529,-0.005730,-0.013230,0.023095
18211304347,-0.028193,0.077106,-0.014075,0.024402,-0.002483,0.003218,0.008495
18311366459,-0.067844,-0.035424,-0.105050,0.013162,0.003682,-0.008367,0.012860
18411428571,-0.025001,-0.065318,-0.127552,0.019958,-0.007746,-0.007501,0.020794
18511490683,0.000288,0.054053,-0.038358,0.006472,0.001953,-0.003986,0.025221
18611552795,0.108735,0.163598,0.030271,0.010298,0.002911,-0.014999,0.013324
18711614906,-0.068275,0.128058,-0.004383,0.011524,-0.002513,-0.007261,0.022147
18811677018,-0.043334,-0.085541,-0.243888,0.007416,0.020198,-0.017475,0.010316
18911739130,-0.016631,-0.018951,-0.135155,0.008527,0.004011,-0.008331,0.020752
19011801242,-0.082264,-0.081117,-0.150451,0.002447,0.022554,-0.004919,0.017564
19111863354,0.104904,0.241508,0.064302,-0.002153,0.021165,-0.013137,0.014383
19211925465,0.014724,0.116069,-0.019022,-0.010109,0.010209,0.005018,0.017559
19311987577,-0.014262,0.074368,-0.075472,-0.012652,0.016040,-0.001775,0.013789
19412049689,0.025412,-0.086863,-0.085578,-0.010972,0.005721,-0.002344,0.014261
19512111801,-0.050187,-0.036610,-0.093057,-0.024341,0.012808,0.006909,0.021710
19612173913,0.206073,0.140820,0.046106,-0.020925,-0.000502,-0.003682,0.011234
19712236024,-0.045394,0.083825,-0.064932,-0.019930,-0.000864,0.004244,0.006111
19812298136,0.051365,0.016965,-0.044886,-0.018503,0.004938,-0.001668,0.005735
19912360248,-0.137333,-0.079100,-0.184192,-0.025714,-0.000046,0.001286,0.004154
20012422360,0.058988,0.043916,-0.076588,-0.039151,0.003478,0.010344,0.013187
20112484472,-0.038408,0.112849,-0.081374,-0.021214,0.003193,0.004375,0.019690
20212546583,0.030799,0.032274,-0.025412,-0.029054,-0.004461,0.006021,0.005527
20312608695,0.066946,0.055293,-0.095881,-0.013867,-0.006258,0.013038,0.018100
20412670807,0.081971,-0.021141,-0.083666,-0.017630,-0.014129,0.005042,0.024316
20512732919,0.014280,0.021211,-0.035289,0.002921,-0.013596,0.016782,0.012086
20612795031,0.029599,0.175554,-0.003907,0.008037,-0.010666,-0.001482,0.013802
20712857142,0.026393,0.132956,0.034179,0.023480,-0.016216,0.012903,0.020817
20812919254,-0.046488,-0.008765,-0.108244,0.026771,-0.007235,-0.001224,0.030946
20912981366,0.011779,-0.103492,-0.088278,0.032405,-0.007727,-0.000726,0.010318
21013043478,-0.071739,0.094629,0.001249,0.021095,0.000957,-0.002975,0.005906
21113105590,-0.064887,-0.100488,-0.119146,0.026623,0.002421,-0.014154,0.011944
21213167701,-0.012978,0.001789,-0.093679,0.011518,-0.003247,0.000662,0.014176
21313229813,0.161159,0.263181,0.040767,0.017013,0.010494,-0.015130,0.026647
21413291925,0.052635,0.185645,0.003518,0.013430,-0.002461,0.002014,0.012351
21513354037,0.061285,0.019874,0.035830,-0.002903,0.013641,-0.000780,0.015260
21613416149,-0.036894,-0.128330,-0.099280,0.003492,0.002365,-0.001701,0.018174
21713478260,-0.000612,0.005435,-0.027170,-0.016807,0.003653,0.001419,0.025550
21813540372,0.134310,0.051534,-0.036043,-0.016219,0.016114,-0.012522,0.023562
21913602484,-0.042277,0.011263,-0.048104,-0.018061,0.003106,0.006206,0.032831
22013664596,-0.018339,-0.043235,-0.042182,-0.024863,0.016281,-0.007771,0.025807
22113726708,-0.103963,-0.075289,-0.189713,-0.025236,0.003541,-0.005073,0.024041
22213788819,0.048962,0.016452,-0.061509,-0.031626,0.012377,0.005801,0.024579
22313850931,-0.036487,0.021566,-0.109529,-0.019884,0.007903,0.002390,0.021136
22413913043,0.108562,0.079139,0.014027,-0.029137,-0.010748,0.005307,0.014836
22513975155,0.087665,0.125353,-0.031084,-0.015895,-0.001710,0.006432,0.007798
22614037267,0.075801,-0.064970,-0.123954,-0.024531,-0.020562,0.003834,0.013056
22714099378,-0.020618,0.102484,0.015976,0.007934,-0.016626,0.013360,0.012899
22814161490,0.149145,0.177665,0.053021,-0.013509,-0.016342,-0.005592,0.011826
22914223602,0.095108,0.226031,0.099019,0.010535,-0.020947,0.009758,0.012652
23014285714,0.031558,-0.080455,-0.057875,-0.006158,-0.006072,0.003786,0.020794
23114347826,-0.057543,-0.159603,-0.149404,0.024366,-0.015279,-0.004992,0.015324
23214409937,0.018742,-0.130466,-0.084471,0.020754,0.004548,0.006572,0.024609
23314472049,0.052887,0.088380,-0.041110,0.026338,-0.006180,0.000317,0.028045
23414534161,0.009805,0.041438,-0.052207,0.021475,0.007667,-0.001014,0.020593
23514596273,0.002892,-0.062942,-0.145024,0.015606,0.014406,-0.004808,0.006233
23614658385,-0.066408,0.039598,-0.050760,0.010021,0.002075,0.000384,0.007962
23714720496,0.153433,0.138494,0.062362,0.001765,0.010812,-0.002861,0.011844
23814782608,0.087865,0.253361,0.093458,0.007520,0.011940,0.000918,0.002669
23914844720,0.008653,-0.056847,-0.076485,-0.005891,0.007599,0.007711,0.017767
24014906832,-0.127438,-0.191800,-0.181019,-0.000764,0.015540,-0.010778,0.014745
24114968944,0.002799,-0.116670,-0.106009,-0.001871,0.012507,0.008493,0.006362
24215031055,0.008622,0.141373,-0.028547,-0.004452,0.023362,0.013936,0.003807
24315093167,-0.004824,0.074755,0.019797,-0.007689,0.013956,0.002481,0.007133
24415155279,-0.029538,0.030398,-0.007602,-0.003283,0.012075,0.015571,0.002702
24515217391,0.128501,-0.012619,-0.101966,-0.014900,0.018794,0.010040,0.007579
24615279503,0.117098,0.259624,0.072062,-0.012713,0.003531,0.013708,0.013827
24715341614,-0.006648,0.035170,0.049364,-0.030150,0.011850,0.013151,0.025693
24815403726,0.000458,0.127486,0.047412,-0.008496,0.005096,0.007833,0.008056
24915465838,0.035326,-0.185875,-0.121674,-0.025031,-0.000531,0.010454,0.008829
25015527950,0.069690,0.001843,-0.110897,-0.000648,0.006829,-0.005593,0.012279
25115590062,0.168109,0.002256,-0.071002,-0.013268,-0.003684,0.001236,0.007752
25215652173,-0.019462,0.025044,0.000995,-0.014424,-0.003608,0.009153,0.008111
25315714285,0.025412,0.092191,-0.027172,-0.008574,-0.001564,-0.005739,0.018452
25415776397,-0.038639,-0.037605,-0.102171,-0.001537,-0.017647,0.016816,0.017513
25515838509,0.001321,0.074600,-0.021177,-0.002204,-0.012761,-0.001964,0.023108
25615900621,0.071273,0.032680,0.006786,0.016934,-0.014308,-0.000266,0.011465
25715962732,0.015171,0.048911,-0.006241,0.010386,-0.009073,0.006126,0.004652
25816024844,0.015395,-0.073608,-0.110062,0.020990,-0.005191,-0.014305,0.014480
25916086956,-0.021005,-0.057936,-0.094733,0.003286,-0.004660,-0.004062,0.021006
26016149068,0.065977,0.049469,-0.030446,0.016138,0.000984,-0.020977,0.015932
26116211180,-0.016633,0.075076,-0.035785,0.009442,-0.002275,-0.016656,0.016441
26216273291,0.020524,-0.039761,-0.112865,-0.002082,0.012390,-0.011957,0.020634
26316335403,0.011945,-0.043806,-0.083533,0.013159,0.004699,-0.013823,0.006203
26416397515,0.011972,-0.039054,-0.077823,0.001290,0.010194,0.002731,0.020515
26516459627,0.142604,0.149451,-0.006511,0.000767,0.011455,-0.005704,0.029444
26616521739,0.088814,0.098927,-0.017904,-0.005289,0.011255,-0.001341,0.011111
26716583850,0.026509,0.035700,0.015493,-0.005158,0.017057,-0.001198,0.011249
26816645962,0.000046,-0.138436,-0.091577,-0.002516,0.007819,-0.014694,0.011944
26916708074,-0.023982,-0.106592,-0.071709,-0.001080,0.008421,-0.005560,0.011295
27016770186,0.061560,-0.092134,-0.130531,-0.003383,0.021451,-0.018908,0.008708
27116832298,0.053331,0.176122,0.001847,-0.009176,0.011975,-0.010681,0.011103
27216894409,0.062272,0.051672,-0.038028,-0.009057,0.018451,-0.004961,0.009150
27316956521,-0.054845,0.046335,-0.050115,0.000168,0.017917,-0.017380,0.019341
27417018633,0.005632,-0.024366,-0.042821,-0.002945,0.004306,0.001905,0.014740
27517080745,-0.037667,-0.033640,-0.071900,0.000598,0.014578,-0.002776,0.009242
27617142857,0.057515,0.024378,-0.024484,0.003224,0.006210,-0.007131,0.014476
27717204968,0.108557,0.030757,-0.033915,-0.001282,0.004327,0.008032,0.013856
27817267080,0.093437,0.048091,0.036910,-0.005006,0.013784,-0.015149,0.020465
27917329192,-0.033647,-0.071932,-0.093729,-0.012916,0.008605,0.003267,0.007526
28017391304,-0.162410,-0.125598,-0.135959,-0.012880,0.021082,0.004566,0.007609
28117453416,-0.073452,-0.118672,-0.131596,-0.013159,0.009250,-0.006929,0.020679
28217515527,0.163224,0.113073,-0.013735,-0.029121,0.007115,0.002435,0.021116
28317577639,0.019007,0.083124,0.057938,-0.020092,0.013529,0.003209,0.009276
28417639751,-0.015853,0.018849,-0.040343,-0.018280,-0.004537,0.009230,0.019214
28517701863,-0.083329,-0.036571,-0.074598,-0.015742,-0.003766,0.010215,0.038741
28617763975,0.004928,-0.064369,-0.077467,-0.017453,0.000884,0.001863,0.033960
28717826086,-0.019623,0.107099,-0.009884,-0.013956,-0.004920,0.018776,0.013911
28817888198,0.121579,-0.011942,-0.019200,-0.020662,0.005501,-0.009386,0.011423
28917950310,0.000135,-0.003608,-0.084188,-0.006245,-0.002436,0.001572,0.021410
29018012422,0.023578,-0.096072,-0.087851,-0.023210,0.009722,0.010647,0.017491
29118074534,-0.083007,-0.031692,-0.146834,-0.012025,0.013788,0.007024,0.030123
29218136645,0.103523,0.208500,0.070106,-0.014017,-0.004162,0.010947,0.013610
29318198757,0.060406,0.037823,0.024156,-0.014792,0.007818,0.012007,0.014999
29418260869,0.072432,0.091184,0.051811,-0.008002,-0.009570,0.005100,0.009442
29518322981,0.086768,0.071882,0.003744,-0.005551,-0.006272,0.012466,0.009540
29618385093,-0.038521,0.081656,-0.036465,-0.002980,0.010052,0.004577,0.019988
29718447204,-0.023826,-0.067892,-0.157455,-0.010940,-0.009107,0.008896,0.014641
29818509316,-0.071787,-0.062228,-0.120731,-0.012088,0.002899,0.003901,0.013415
29918571428,-0.028231,-0.079218,-0.093236,-0.009312,0.001189,0.002045,0.015206
30018633540,0.196914,0.210830,0.067727,-0.000538,-0.014636,0.009995,0.015542
30118695652,0.093502,0.099328,0.004789,-0.013594,-0.006598,-0.002926,0.012692
30218757763,-0.029116,-0.002177,-0.019890,-0.001393,-0.017225,0.002894,0.009756
30318819875,-0.094526,-0.112392,-0.119051,-0.007135,-0.015796,0.002517,0.003889
30418881987,-0.052771,-0.085298,-0.099754,0.005229,-0.013406,-0.015565,0.003889
30518944099,0.059280,0.074479,-0.035440,0.012335,-0.019355,0.002881,0.004310
30619006211,0.004784,0.022643,0.004367,0.009897,-0.008112,-0.013532,0.006481
30719068322,-0.021152,0.016375,-0.017176,0.018207,-0.011963,-0.012067,0.011287
30819130434,-0.085895,-0.070024,-0.173280,0.012699,0.001364,0.007666,0.022715
30919192546,-0.125398,-0.079819,-0.117695,0.015920,-0.009757,-0.005756,0.013215
31019254658,-0.104000,-0.052922,-0.126019,0.017280,-0.009705,-0.002039,0.013728
31119316770,0.118477,0.201796,0.063896,0.007037,-0.003422,-0.004518,0.015148
31219378881,0.044321,-0.029308,-0.020269,0.015873,-0.008272,-0.013011,0.020444
31319440993,0.020192,0.017420,0.023335,0.008081,-0.009302,-0.010683,0.007461
31419503105,0.010572,-0.154349,-0.127986,0.017017,-0.001893,-0.020277,0.012080
31519565217,-0.007399,0.047186,-0.092668,0.014216,-0.004192,-0.011679,0.009795
31619627329,0.097101,-0.015533,-0.071859,0.007462,0.003640,-0.013766,0.014382
31719689440,-0.090109,0.112387,0.000071,0.022141,-0.000952,-0.013799,0.005694
31819751552,-0.016850,0.064028,-0.082629,0.007490,0.010183,-0.000323,0.012836
31919813664,-0.100373,0.016105,-0.147710,0.011917,0.010341,-0.006304,0.013761
32019875776,-0.049533,-0.037628,-0.063313,0.011001,0.004671,-0.000612,0.020669
32119937888,0.163482,0.072279,-0.000960,0.002166,0.010702,0.007211,0.017338
32219999999,0.034132,0.108186,-0.009878,0.003165,0.007314,-0.005060,0.014111
32320062111,0.047265,-0.056027,-0.051782,-0.013963,0.013233,0.004236,0.023102
32420124223,-0.147928,-0.111404,-0.131656,-0.004450,0.007223,0.005539,0.011111
32520186335,0.034871,-0.032416,-0.032208,-0.018378,0.001194,0.001669,0.012289
32620248447,-0.065894,0.084873,-0.076971,-0.016229,0.017815,0.011594,0.015538
32720310559,-0.088317,-0.009128,-0.070315,-0.022932,0.000013,0.004648,0.010395
32820372670,-0.081523,-0.003997,-0.064497,-0.008600,0.003121,0.009382,0.011775
32920434782,-0.034868,-0.104594,-0.100496,-0.003638,-0.006273,0.004492,0.014744
33020496894,0.087887,0.150641,-0.014009,0.001855,-0.007753,0.013805,0.025644
33120559006,0.039170,0.044775,-0.033639,0.001041,-0.008640,-0.000108,0.013056
33220621118,-0.027681,0.050109,-0.021883,0.007565,-0.012261,0.004108,0.016779
33320683229,-0.065744,-0.032647,-0.036405,0.005028,-0.002455,0.000204,0.028009
33420745341,-0.031083,0.034728,-0.011915,0.019111,-0.005608,-0.005750,0.015074
33520807453,0.080040,0.075525,-0.021415,0.018868,-0.003118,0.001790,0.012961
33620869565,-0.002816,-0.022530,-0.043840,0.017807,-0.000695,-0.018029,0.020000
33720931677,-0.035136,-0.010691,-0.070461,0.012893,0.003019,-0.008068,0.020000
33820993788,-0.027919,-0.120807,-0.094714,0.001785,0.009257,-0.010274,0.017492
33921055900,0.076654,0.125924,0.016439,0.010003,0.011032,-0.010704,0.010805
34021118012,0.083628,0.069828,0.006280,-0.001202,0.012235,0.006817,0.022578
34121180124,-0.138576,0.028926,-0.089415,0.001544,0.010695,-0.004071,0.023996
34221242236,-0.110250,-0.088173,-0.107784,0.000177,0.018181,0.001449,0.012075
34321304347,-0.097241,-0.049568,-0.112208,0.010816,0.014764,0.008651,0.023297
34421366459,0.036117,0.038544,-0.010232,0.007327,0.004424,-0.006966,0.019153
34521428571,0.054794,0.040382,0.008864,0.000874,0.010075,0.001779,0.015575
34621490683,0.068167,0.060542,0.065985,0.005019,0.014689,-0.005617,0.029963
34721552795,-0.066145,-0.090090,-0.142377,0.002719,0.009415,0.000705,0.032392
34821614906,-0.138822,-0.081425,-0.110327,-0.001984,0.021095,0.002160,0.023522
34921677018,-0.096799,-0.183206,-0.176558,-0.001085,0.019030,-0.001007,0.009546
35021739130,0.072301,0.166611,0.034433,-0.008227,0.006320,0.010383,0.007633
35121801242,-0.013417,0.048857,0.033652,-0.010513,0.014429,0.005584,0.019355
35221863354,-0.132014,0.023082,-0.043484,-0.012634,-0.002453,0.017306,0.016760
35321925465,-0.004081,-0.055960,-0.065232,-0.017664,0.004549,0.015265,0.026285
35421987577,0.084692,0.071931,-0.032517,-0.006650,-0.008400,0.006364,0.012811
35522049689,0.084375,0.151607,-0.008037,-0.006898,-0.006934,0.011715,0.015497
35622111801,-0.130960,-0.019136,-0.050055,0.008315,-0.009258,0.002328,0.026520
35722173913,-0.083643,-0.176595,-0.165414,0.012720,-0.015749,0.003226,0.022220
35822236024,-0.017092,-0.057441,-0.092178,0.012782,-0.004204,-0.006012,0.023208
35922298136,-0.021028,0.104917,-0.036254,0.025130,-0.004781,-0.008733,0.011941
36022360248,-0.070659,-0.026447,-0.070939,0.014346,0.005999,-0.010790,0.010478
36122422360,-0.058764,-0.056645,-0.047744,0.009805,0.003791,-0.018872,0.016896
36222484472,-0.079115,-0.061765,-0.103672,0.000348,0.008649,-0.004190,0.014060
36322546583,0.065614,0.211475,-0.022412,0.000857,0.011105,-0.012522,0.022419
36422608695,0.016705,0.108890,-0.034329,0.004601,0.007678,-0.013594,0.003746
36522670807,-0.097126,0.110194,-0.008433,0.001841,0.009810,-0.003953,0.010141
36622732919,-0.039134,-0.019857,-0.083798,0.004160,0.003091,-0.017130,0.023699
36722795031,-0.084959,0.015618,-0.082027,0.021869,-0.000713,-0.003694,0.020966
36822857142,-0.002991,-0.188095,-0.104849,0.004388,0.006616,-0.018483,0.014587
36922919254,0.152862,-0.021614,-0.026524,0.014923,-0.004991,-0.009821,0.016944
37022981366,0.248973,-0.127648,0.037002,-0.002194,-0.003648,-0.027686,0.018796
37123043478,-0.142092,0.088202,-0.012444,0.018151,0.012621,-0.029656,0.023592
37223105590,-0.099415,0.242215,-0.082783,-0.009824,-0.000921,0.012516,0.017092
37323167701,0.061526,0.147118,0.073565,-0.017568,-0.025325,0.039649,0.013621
37423229813,-0.083168,0.110333,0.035835,-0.026735,0.040307,0.031612,0.018008
37523291925,-0.197520,-0.031509,-0.224351,-0.026253,0.016888,0.003238,0.007782
37623354037,0.025279,0.177951,0.018939,0.041717,-0.003686,0.014535,0.017204
37723416149,-0.255548,0.063266,-0.038494,0.036164,-0.011716,-0.000052,0.016169
37823478260,-0.289184,0.060437,-0.124147,0.036916,0.004005,0.027546,0.009543
37923540372,-0.152982,-0.066180,-0.118450,0.019411,0.022494,0.014474,0.006421
38023602484,0.077389,0.075895,0.020678,0.018097,0.005608,-0.001980,0.005110
38123664596,-0.173134,-0.006861,-0.060445,0.000951,-0.002323,-0.007667,0.018779
38223726708,-0.160166,-0.059115,-0.093978,0.001765,0.002630,0.000859,0.020386
38323788819,-0.036652,0.101560,-0.054041,-0.007051,0.006698,0.012826,0.020170
38423850931,-0.060840,0.020617,-0.045930,-0.017310,-0.005500,0.006648,0.026017
38523913043,-0.118460,-0.012006,-0.077618,-0.011124,0.020160,0.022699,0.020664
38623975155,-0.074842,-0.047790,-0.060178,-0.018823,0.005587,-0.001721,0.012323
38724037267,0.080195,0.041127,0.029410,-0.014727,0.002237,-0.005264,0.010267
38824099378,-0.078304,-0.038416,0.009231,-0.018090,0.008499,-0.000561,0.011781
38924161490,-0.078248,-0.017249,-0.037433,-0.021171,0.000578,-0.005293,0.011473
39024223602,-0.126685,-0.100003,-0.140830,-0.015578,0.004092,0.002765,0.006850
39124285714,-0.160656,-0.052238,-0.108563,-0.013151,0.009191,0.004874,0.017325
39224347826,-0.082716,-0.031661,-0.075456,-0.021398,0.005351,0.015019,0.019353
39324409937,0.018552,0.148392,-0.013293,-0.014960,0.002356,0.010338,0.013211
39424472049,-0.076956,0.029770,0.003695,-0.019352,-0.003232,0.001153,0.011315
39524534161,-0.069777,-0.004806,-0.028081,-0.016396,0.001944,-0.003779,0.012967
39624596273,-0.050845,-0.009614,-0.074862,-0.016805,0.007003,-0.009214,0.016316
39724658385,0.063078,0.093183,0.031398,-0.022050,-0.004411,-0.005663,0.016739
39824720496,-0.066400,-0.000306,0.026180,-0.016555,0.025753,0.022208,0.015836
39924782608,-0.213695,0.009663,-0.058495,-0.017407,0.003065,0.009983,0.013004
40024844720,-0.162542,-0.052574,-0.106115,-0.021837,-0.012945,-0.002641,0.009429
40124906832,-0.046271,0.120955,-0.067504,-0.008950,-0.011894,0.000025,0.019435
40224968944,-0.182384,0.055565,-0.040740,0.006349,0.036470,0.013659,0.020980
40325031055,-0.213030,-0.070626,-0.173650,-0.015065,0.024879,-0.005877,0.005767
40425093167,0.045411,-0.032710,-0.010227,-0.007609,-0.000983,-0.006279,0.013680
40525155279,-0.073217,0.152572,-0.006298,0.016852,0.041443,-0.014493,0.016060
40625217391,-0.151237,-0.048168,-0.033141,0.019400,-0.008935,-0.003807,0.024720
40725279503,-0.149916,-0.023509,-0.006607,0.010669,-0.016214,0.042035,0.021642
40825341614,-0.053989,0.002112,-0.033647,0.014603,-0.017655,0.008569,0.016267
40925403726,-0.142698,0.003379,-0.009050,0.017908,-0.007416,0.018066,0.018730
41025465838,-0.088045,-0.005425,0.050474,-0.006016,-0.007198,0.016673,0.014010
41125527950,-0.080648,-0.039519,0.044889,-0.014305,0.013442,0.009822,0.010047
41225590062,-0.094812,-0.063378,-0.013540,-0.016578,0.012475,-0.007348,0.008224
41325652173,-0.130340,-0.101893,-0.114218,-0.003743,0.014179,0.010139,0.014795
41425714285,-0.223438,-0.157243,-0.086786,-0.009888,0.009164,-0.003008,0.018698
41525776397,-0.122401,-0.083353,-0.048288,-0.006341,0.011249,0.007045,0.008116
41625838509,-0.128122,0.089144,-0.001364,-0.007025,0.014905,0.013466,0.014965
41725900621,-0.181318,-0.100488,-0.086247,-0.008849,0.004502,0.008291,0.016473
41825962732,-0.210816,-0.105341,-0.083309,-0.011874,0.008065,0.011599,0.010430
41926024844,-0.075692,-0.123086,-0.062431,-0.019398,0.008276,0.003284,0.006617
42026086956,-0.113864,0.111525,0.028495,-0.011857,-0.011740,0.010109,0.007766
42126149068,-0.123679,0.000464,-0.071679,-0.016539,-0.004929,0.002802,0.006436
42226211180,-0.117825,-0.011685,-0.024768,0.000049,-0.017546,0.007614,0.004709
42326273291,-0.097818,-0.057571,-0.043960,0.002133,-0.011911,0.009827,0.003670
42426335403,-0.059482,-0.160791,-0.066379,0.008422,-0.000454,-0.009799,0.005396
42526397515,0.084943,-0.469025,-0.151470,-0.007935,0.004535,-0.017398,0.009305
42626459627,0.123375,-0.354859,-0.047784,0.022530,-0.001262,-0.031008,0.005693
42726521739,0.150374,-0.144105,-0.021481,0.052977,0.003009,0.004602,0.015522
42826583850,0.093097,-0.070475,-0.031832,0.035260,-0.002670,0.015573,0.011526
42926645962,-0.140978,-0.108336,-0.043374,0.032214,0.004303,-0.003996,0.013808
43026708074,-0.235795,-0.091722,-0.076569,0.017888,0.008757,0.017561,0.032417
43126770186,-0.159487,-0.178067,-0.109675,-0.005692,0.009225,-0.001820,0.015383
43226832298,-0.147459,0.090973,-0.033732,0.003770,0.010258,0.000729,0.011111
43326894409,-0.153411,-0.015517,0.027371,-0.005240,0.001857,-0.002325,0.014846
43426956521,-0.266374,0.069480,-0.104552,0.001668,0.006353,0.004360,0.022005
43527018633,-0.561991,0.225345,-0.146427,-0.030668,0.003224,-0.004973,0.016065
43627080745,-0.071288,0.092360,0.052357,-0.058441,-0.009387,-0.025492,0.020590
43727142857,-0.258300,0.343436,0.063521,0.007584,-0.008248,0.013594,0.015060
43827204968,0.046516,-0.196159,-0.025902,-0.011319,-0.011519,-0.001775,0.011663
43927267080,0.017383,-0.375822,-0.203743,0.039634,-0.019480,0.025700,0.014445
44027329192,0.045335,-0.308294,-0.111112,0.018140,-0.005381,0.015685,0.008102
44127391304,-0.142163,-0.027952,-0.111227,0.024208,-0.006945,0.009607,0.008534
44227453416,-0.425020,0.428141,-0.053649,-0.028027,0.018276,-0.006078,0.022522
44327515527,-0.091612,0.223138,0.129058,0.074634,0.015720,0.050850,0.019430
44427577639,-0.775483,0.680647,0.094885,0.101292,-0.008767,0.047344,0.016915
44527639751,-0.484357,0.221433,-0.037933,0.138041,0.005296,0.068452,0.020025
44627701863,-0.419947,0.238405,0.019335,0.107968,-0.004656,0.051684,0.013076
44727763975,0.333946,-0.288378,-0.036250,0.074096,0.005770,0.045797,0.010832
44827826086,-0.172323,0.238961,0.044182,0.081626,0.009334,0.046403,0.017746
44927888198,0.267758,-0.525937,-0.185873,0.002996,0.011777,0.021615,0.013923
45027950310,-0.098945,-0.263618,-0.113518,0.027349,0.010128,0.015025,0.007742
45128012422,0.178241,-0.378679,-0.086626,-0.033979,0.012699,-0.008148,0.010310
45228074534,-0.267520,0.282680,0.049749,-0.008425,0.008370,0.012066,0.006111
45328136645,-0.361562,0.228082,-0.026608,-0.064809,0.009889,-0.018726,0.012520
45428198757,-0.264181,0.091642,-0.024373,-0.038739,0.005847,0.007265,0.020743
45528260869,0.033482,-0.135917,-0.075665,-0.066524,0.006235,-0.014619,0.003690
45628322981,-0.000091,0.012726,0.020433,-0.055331,-0.004752,-0.007061,0.012505
45728385093,-0.186346,0.146879,-0.004946,-0.049656,-0.004945,-0.009792,0.011900
45828447204,-0.063167,-0.030433,-0.019672,-0.041252,-0.019315,-0.012350,0.012229
45928509316,-0.255877,0.089282,-0.051007,-0.023640,-0.011653,0.006359,0.006076
46028571428,0.013571,-0.035103,-0.073858,-0.026708,-0.010146,-0.011899,0.003968
46128633540,-0.151985,-0.079474,-0.126281,0.004455,-0.017561,0.006059,0.010475
46228695652,-0.149827,0.165340,0.055729,-0.006824,-0.013084,-0.004405,0.010961
46328757763,-0.192487,0.143279,0.007571,0.030465,-0.015013,0.004117,0.019786
46428819875,-0.144519,-0.091112,-0.110806,0.016829,-0.006209,0.010443,0.032972
46528881987,-0.118992,-0.201400,-0.108383,0.034226,-0.008773,0.007990,0.035835
46628944099,-0.135074,-0.079679,-0.092127,0.024396,-0.013719,0.004713,0.023523
46729006211,-0.017171,0.052875,0.012796,0.026161,-0.003279,-0.001753,0.030579
46829068322,-0.111120,-0.041579,-0.043721,0.035898,-0.000667,-0.007382,0.012658
46929130434,-0.058730,0.009490,-0.025847,0.018635,-0.001797,-0.007609,0.011071
47029192546,-0.086902,0.121890,-0.039392,0.022478,0.006424,-0.022302,0.016084
47129254658,-0.090258,-0.067443,-0.015404,0.000543,0.005651,-0.015502,0.006571
47229316770,-0.041237,-0.220842,-0.111925,-0.007015,0.013770,-0.021365,0.016557
47329378881,-0.026803,-0.190266,-0.087906,-0.013511,0.010621,-0.024699,0.025000
47429440993,-0.211309,-0.129901,-0.164012,-0.033240,0.011750,0.004350,0.023201
47529503105,-0.294023,-0.067121,-0.227563,-0.056012,0.010307,-0.001923,0.018643
47629565217,-0.104095,-0.063880,-0.100214,-0.012393,0.033474,0.009426,0.017481
47729627329,0.006316,-0.268388,-0.089326,-0.030074,0.005509,-0.003113,0.012490
47829689440,0.098544,-0.286880,-0.021924,-0.032947,0.007620,-0.024379,0.006033
47929751552,-0.054303,-0.175914,-0.052961,-0.056673,0.042695,-0.016806,0.012847
48029813664,-0.011931,-0.135665,-0.064953,-0.050456,0.029354,-0.025857,0.016365
48129875776,-0.465685,-0.005310,0.080975,-0.053715,0.016249,-0.010837,0.013506
48229937888,-0.473217,-0.197102,0.152120,-0.052402,0.041125,-0.021022,0.008503
48329999999,-0.088864,0.086831,0.086856,-0.010262,0.041135,0.007582,0.009500
48430062111,-0.043010,-0.311529,-0.240028,0.003119,-0.039229,0.024949,0.015157
48530124223,-0.217412,-0.118956,-0.388872,0.022880,-0.064901,0.007678,0.004558
48630186335,-0.395685,-0.117543,-0.303833,0.015796,0.039768,0.023897,0.009968
48730248447,0.144629,-0.268941,-0.056915,-0.006160,0.004155,0.022130,0.014688
48830310559,0.143171,-0.008471,0.119692,0.022211,-0.029807,-0.021400,0.010473
48930372670,-0.084203,-0.270380,0.025862,0.023460,-0.005678,-0.016362,0.025502
49030434782,-0.373414,0.252498,-0.003335,0.008286,-0.025709,0.053360,0.026546
49130496894,-0.355805,0.109764,-0.090696,0.003605,-0.023521,-0.011454,0.020347
49230559006,-0.371527,0.273994,-0.014895,-0.007699,-0.000671,-0.003349,0.026944
49330621118,-0.062978,0.021660,-0.035291,-0.071331,0.012749,-0.046448,0.018809
49430683229,0.262396,-0.373979,-0.012819,-0.039726,-0.004499,-0.060198,0.019179
49530745341,-0.051676,-0.210418,-0.061178,-0.042681,-0.000847,-0.047937,0.023634
49630807453,0.093919,-0.436461,-0.225254,-0.030063,-0.006642,-0.018303,0.013691
49730869565,-0.104779,-0.037736,-0.196251,0.015274,-0.037892,0.030132,0.008862
49830931677,0.031538,-0.068081,-0.028603,-0.024523,-0.019135,-0.012681,0.015704
49930993788,-0.076561,-0.036943,-0.029363,0.006218,-0.009987,-0.007116,0.007919
50031055900,-0.303960,0.131537,-0.079487,0.022164,0.023703,-0.007707,0.013238
50131118012,-0.437944,0.323341,-0.049572,-0.021620,0.014547,-0.036261,0.014555
50231180124,-0.022652,0.051649,0.033554,-0.060031,0.012880,-0.048704,0.011717
50331242236,0.311288,-0.275808,-0.007023,-0.031834,-0.001135,-0.040586,0.009931
50431304347,0.130967,-0.055607,0.112682,-0.048933,-0.009476,-0.029917,0.007143
50531366459,0.005169,-0.328623,-0.235960,-0.069585,0.015212,-0.025247,0.012277
50631428571,-0.290761,0.154258,-0.021046,0.020378,0.002401,-0.013364,0.012444
50731490683,-0.234118,-0.013834,-0.080171,0.008541,0.012167,0.028275,0.025688
50831552795,-0.262787,-0.149405,-0.209603,-0.000719,0.038301,-0.000715,0.015467
50931614906,-0.089274,-0.240482,-0.217005,-0.010224,0.070721,0.003685,0.022402
51031677018,0.181039,0.014279,0.180226,-0.003850,0.030390,0.018961,0.028064
51131739130,0.084268,0.005909,-0.001774,-0.009366,0.009189,-0.020168,0.026798
51231801242,-0.180807,0.280147,0.043869,0.002634,0.012582,0.005045,0.024752
51331863354,-0.362798,0.189957,-0.039914,-0.009823,0.001507,0.018864,0.009157
51431925465,-0.104792,0.072053,0.014175,0.005945,0.009135,-0.001796,0.017081
51531987577,0.028185,-0.180010,-0.131212,-0.047278,0.046327,-0.018175,0.025488
51632049689,-0.276077,0.158951,0.008338,-0.053772,0.012593,-0.019189,0.023458
51732111801,-0.080713,-0.132374,-0.066149,-0.058857,0.009626,-0.010129,0.013550
51832173913,-0.265125,0.192283,-0.035332,-0.026607,0.004911,-0.000737,0.012744
51932236024,-0.085320,0.176025,-0.073787,-0.030286,0.002398,0.014639,0.004605
52032298136,-0.185916,0.265056,-0.020246,0.006215,-0.005001,0.024839,0.011584
52132360248,0.042710,-0.047253,0.005052,0.007375,-0.015449,0.012473,0.022426
52232422360,0.108212,-0.279347,-0.082422,0.038881,-0.009942,0.030491,0.017509
52332484472,0.044232,-0.176263,-0.052519,0.036043,-0.010728,0.012763,0.008737
52432546583,0.024439,-0.056625,-0.071953,0.050715,-0.012151,0.021934,0.006382
52532608695,-0.253271,0.139032,-0.021884,0.053455,-0.011327,0.009641,0.011202
52632670807,-0.152716,-0.022650,-0.098409,0.043766,-0.006559,0.007399,0.017096
52732732919,-0.217426,-0.012794,-0.118188,0.037834,-0.000862,0.008857,0.011111
52832795031,-0.029923,-0.000492,-0.076429,0.033214,-0.000595,-0.001303,0.015028
52932857142,-0.161012,0.047780,-0.095913,0.035937,-0.002552,0.007387,0.022417
53032919254,-0.110400,-0.107225,-0.136409,0.017733,0.003519,-0.008122,0.019465
53132981366,-0.104675,-0.038301,-0.067375,0.026815,-0.006241,-0.006003,0.016111
53233043478,0.037446,0.078230,-0.042136,0.011725,0.001008,-0.007681,0.013725
53333105590,-0.030020,0.124301,0.026691,0.015755,-0.005554,-0.019839,0.010268
53433167701,-0.141807,0.026342,-0.084725,0.009812,-0.003312,-0.013940,0.014714
53533229813,-0.057316,-0.051509,-0.173087,0.009119,0.013889,-0.020380,0.015379
53633291925,-0.114588,-0.044567,-0.144450,0.020687,-0.000127,-0.010802,0.008335
53733354037,0.009492,-0.048601,-0.072076,0.016719,0.001862,-0.009701,0.007038
53833416149,0.133935,0.117304,0.000540,0.020839,0.009348,-0.009162,0.009069
53933478260,0.056365,0.043386,-0.001686,0.014750,0.000454,0.000056,0.008999
54033540372,-0.078879,0.045952,-0.011520,0.021820,0.006724,0.004662,0.014615
54133602484,-0.135265,-0.003140,-0.089638,0.015809,-0.003141,-0.002966,0.010373
54233664596,-0.085100,-0.045016,-0.067178,0.006517,0.003245,0.000045,0.012420
54333726708,-0.051493,-0.029340,-0.087551,0.008976,0.009175,-0.008472,0.011253
54433788819,-0.078875,0.016037,-0.073489,-0.001933,0.004066,-0.003193,0.004640
54533850931,-0.109815,0.007902,-0.081908,-0.007836,0.018383,-0.008021,0.006769
54633913043,-0.104921,-0.080859,-0.141375,-0.015723,0.010327,-0.009870,0.009751
54733975155,-0.094737,-0.083475,-0.075758,-0.014828,0.006251,0.003299,0.016453
54834037267,-0.041202,0.002528,-0.053584,-0.017512,0.007681,-0.003728,0.020314
54934099378,0.045371,0.130873,0.029717,-0.026463,-0.001558,0.005285,0.016326
55034161490,-0.055672,0.025203,-0.029763,-0.025702,0.002274,0.003370,0.016896
55134223602,-0.026804,-0.015672,-0.028143,-0.024512,-0.003777,-0.000999,0.009633
55234285714,-0.094798,-0.097871,-0.114653,-0.016696,-0.000061,0.011006,0.010579
55334347826,-0.073258,0.006634,-0.107086,-0.016790,0.004080,0.004668,0.028816
55434409937,-0.055489,0.004016,-0.047348,-0.018119,-0.006139,0.008435,0.027126
55534472049,-0.070959,-0.001162,-0.039758,-0.016148,0.003777,0.008631,0.010670
55634534161,-0.025819,-0.032413,-0.095104,-0.007989,-0.002725,0.011026,0.014343
55734596273,-0.072956,-0.094216,-0.151526,-0.012241,-0.004323,0.016916,0.014757
55834658385,-0.155067,0.031873,-0.120227,-0.008337,-0.010020,0.018008,0.011469
55934720496,-0.153636,0.286301,-0.084755,0.000647,-0.021858,0.039790,0.016142
56034782608,-0.017286,0.223463,0.012404,0.018227,-0.012038,0.050660,0.007536
56134844720,-0.151218,0.047183,-0.070998,0.032877,0.000160,0.015414,0.008097
56234906832,0.017884,-0.160659,-0.103418,0.038655,-0.007000,0.025130,0.013598
56334968944,-0.079997,-0.020020,-0.075670,0.032462,-0.016070,0.033018,0.014415
56435031055,-0.027687,-0.041713,-0.073337,0.019305,-0.012563,0.013083,0.016944
56535093167,-0.332152,0.171028,-0.100056,0.015424,-0.014076,0.036138,0.015580
56635155279,-0.203782,-0.098335,-0.156232,0.006762,-0.018171,0.003802,0.010224
56735217391,-0.117446,0.006022,-0.098175,0.023101,-0.006455,-0.003006,0.008522
56835279503,0.116979,0.057180,-0.000246,-0.005061,0.000921,-0.016434,0.013236
56935341614,0.032758,-0.038919,-0.085030,0.030418,-0.001301,-0.007575,0.012454
57035403726,-0.215336,0.125160,-0.053032,0.078099,0.001397,0.012210,0.017633
57135465838,-0.216518,0.104868,-0.035700,0.011103,-0.011846,-0.004093,0.013963
57235527950,-0.084608,0.170463,-0.035006,0.033758,-0.002165,-0.002014,0.006086
57335590062,-0.113094,0.237130,0.008386,0.025154,0.010786,-0.001260,0.009440
57435652173,0.060105,-0.195410,-0.089494,-0.007130,0.006875,-0.016423,0.010855
57535714285,0.094191,-0.293922,-0.189256,-0.003294,0.022466,-0.013321,0.011468
57635776397,0.036871,-0.294831,-0.187871,-0.032150,0.020561,-0.026213,0.016409
57735838509,-0.053681,0.092287,-0.002018,-0.021653,0.014924,-0.010003,0.015551
57835900621,-0.178362,0.306547,0.173784,-0.029928,0.021527,-0.015513,0.011959
57935962732,-0.185276,0.231989,0.117736,-0.029241,0.013104,0.001815,0.010400
58036024844,-0.236281,0.031264,-0.139371,-0.041527,0.016772,-0.001325,0.008910
58136086956,-0.066659,-0.206487,-0.182009,-0.034810,0.019512,-0.028625,0.006103
58236149068,-0.085760,-0.052870,-0.100516,-0.043108,0.011542,-0.009211,0.009461
58336211180,-0.026569,0.069293,-0.030137,-0.041562,0.015323,-0.010352,0.010536
58436273291,-0.155467,0.125636,-0.020134,-0.037219,0.018938,-0.008186,0.009164
58536335403,-0.175227,-0.018029,-0.092774,-0.032191,0.015498,-0.000369,0.009294
58636397515,-0.103363,-0.041156,-0.091656,-0.025587,-0.005880,-0.006318,0.007527
58736459627,0.012387,0.008731,-0.062037,-0.031163,0.003910,-0.002367,0.018406
58836521739,-0.032382,0.076048,-0.041293,-0.021192,0.002629,-0.002091,0.031229
58936583850,0.058112,-0.002972,0.010358,-0.018715,0.003560,-0.001946,0.023279
59036645962,-0.018991,-0.037589,-0.072819,-0.014679,-0.000595,0.013761,0.015407
59136708074,-0.032373,-0.080995,-0.116655,-0.011381,0.007216,0.002883,0.013460
59236770186,-0.053266,-0.005469,-0.084482,-0.002255,-0.003123,0.010271,0.010012
59336832298,-0.013433,0.121272,-0.045378,-0.005537,0.001271,0.008997,0.014195
59436894409,-0.068687,-0.020530,-0.066940,0.010407,-0.002028,0.000652,0.013239
59536956521,-0.101162,-0.077080,-0.070378,0.004126,0.000803,0.006309,0.008696
59637018633,0.019192,0.034500,-0.028197,0.014033,-0.007431,-0.002710,0.012018
59737080745,-0.057410,0.043655,-0.046127,-0.002091,-0.005279,-0.003286,0.010344
59837142857,-0.144900,-0.023132,-0.104873,0.007810,0.002423,0.002748,0.011984
59937204968,-0.117383,-0.028080,-0.053895,0.005343,-0.002069,0.003137,0.007584
60037267080,0.032145,-0.009045,-0.093298,0.007415,-0.006886,0.001680,0.012669
60137329192,-0.012897,0.007040,-0.103722,-0.001207,-0.008177,-0.000606,0.010156
60237391304,0.058353,0.042425,-0.037650,0.007569,-0.007828,0.000987,0.006589
60337453416,0.005868,0.033619,-0.025561,-0.000094,-0.010469,0.003364,0.008094
60437515527,-0.101023,-0.047385,-0.085576,0.010058,-0.008823,-0.010211,0.005244
60537577639,-0.132173,-0.079439,-0.134857,-0.000726,-0.009337,0.000360,0.014943
60637639751,-0.134065,-0.096041,-0.137297,0.002499,0.003166,-0.001179,0.020504
60737701863,-0.067919,0.037531,-0.015370,-0.005302,-0.004621,-0.002214,0.012637
60837763975,-0.026632,0.052699,0.022703,-0.001084,-0.006235,0.001348,0.017294
60937826086,-0.060763,0.060628,-0.028549,-0.003624,-0.005676,-0.003246,0.020017
61037888198,-0.063724,-0.098692,-0.105412,0.007559,0.000824,-0.002491,0.014210
61137950310,-0.012590,-0.120112,-0.060847,0.000944,0.007211,0.001774,0.022587
61238012422,0.031561,-0.029119,-0.021500,0.009360,0.004410,-0.001089,0.024578
61338074534,-0.102436,0.020249,-0.089662,-0.000047,0.012326,0.011250,0.019024
61438136645,-0.203956,0.014898,-0.096922,0.017401,0.007097,0.009371,0.014077
61538198757,-0.078363,-0.036819,-0.032171,0.013661,0.001856,0.016730,0.020799
61638260869,-0.009745,0.000664,-0.055532,0.022383,0.003317,0.013848,0.019319
61738322981,-0.083164,-0.103256,-0.099922,0.011765,-0.000637,0.013350,0.009283
61838385093,-0.182194,-0.099769,-0.103518,0.012838,0.003691,0.015020,0.014170
61938447204,-0.078965,-0.046795,-0.081097,0.004602,-0.003195,0.006394,0.023549
62038509316,-0.037462,0.153568,-0.018871,0.000212,0.002817,0.003962,0.012647
62138571428,-0.076007,0.102452,-0.004029,-0.014454,0.004106,0.005963,0.010496
62238633540,-0.132212,0.010908,-0.030471,-0.018629,0.003026,-0.001663,0.014558
62338695652,-0.122823,-0.079475,-0.077870,-0.024709,0.000484,-0.000257,0.018557
62438757763,-0.117967,0.046119,-0.061052,-0.028177,0.006982,-0.005553,0.022188
62538819875,-0.124417,0.056646,-0.073227,-0.020281,-0.006579,-0.002025,0.021193
62638881987,-0.128581,-0.026235,-0.072078,-0.022880,-0.000463,-0.004562,0.013488
62738944099,-0.149388,-0.011680,-0.078646,-0.015025,-0.003740,-0.013307,0.012707
62839006211,0.049923,0.088649,-0.048355,-0.018370,0.003619,-0.003550,0.016533
62939068322,-0.027000,0.077545,-0.007216,-0.019887,-0.000399,0.001629,0.014584
63039130434,-0.028365,-0.058611,-0.025357,-0.011354,0.006093,-0.004560,0.014891
63139192546,-0.024288,-0.057050,-0.089872,-0.009674,0.003628,0.015100,0.008904
63239254658,-0.059007,-0.117195,-0.084595,-0.003812,0.007024,0.009762,0.011617
63339316770,-0.158207,-0.084853,-0.111503,-0.003101,-0.006280,0.002444,0.012640
63439378881,-0.054740,0.072847,-0.065414,-0.000056,0.004886,0.004727,0.014562
63539440993,-0.079330,0.024447,-0.082607,-0.000861,0.001857,0.000163,0.012793
63639503105,-0.125349,-0.036645,-0.086475,-0.009195,0.001658,-0.002558,0.011440
63739565217,-0.145143,-0.088263,-0.050270,-0.017509,0.006632,-0.002139,0.015132
63839627329,-0.078756,-0.014511,-0.052930,-0.013004,0.007135,-0.004647,0.016037
63939689440,-0.005028,0.025009,-0.054333,-0.016927,0.000119,0.006728,0.013528
64039751552,-0.075204,-0.030240,-0.043935,-0.015863,0.005548,-0.005560,0.014914
64139813664,-0.075782,-0.065166,-0.042317,-0.014419,-0.002101,-0.002396,0.008557
64239875776,-0.088552,-0.112131,-0.101339,-0.007035,0.003796,0.004496,0.011600
64339937888,-0.015006,-0.057942,-0.130697,0.001243,0.000057,-0.003938,0.012174
64439999999,-0.000347,-0.026932,-0.083361,-0.004709,-0.001600,-0.001220,0.009444
64540062111,-0.104478,0.023398,-0.032853,0.004669,-0.000960,-0.000729,0.013218
64640124223,-0.146349,0.024023,-0.059064,0.014547,0.000859,0.001755,0.008555
64740186335,-0.142234,-0.027798,-0.105631,0.010618,-0.005951,-0.000269,0.008837
64840248447,-0.034468,-0.034692,-0.063912,0.015484,-0.006162,-0.020773,0.009217
64940310559,0.079298,0.040891,-0.005405,0.004943,-0.004027,-0.004100,0.007272
65040372670,-0.018696,0.068600,-0.027332,0.007048,-0.001076,-0.001891,0.006448
65140434782,-0.103419,-0.104306,-0.090485,0.009584,-0.010471,-0.007696,0.006944
65240496894,-0.217585,-0.200461,-0.145491,0.006304,-0.001606,0.000762,0.011444
65340559006,-0.069097,-0.090208,-0.094867,0.005459,-0.002223,0.000851,0.016816
65440621118,-0.028273,0.073682,-0.040124,0.013458,-0.006210,0.000042,0.015451
65540683229,-0.073467,0.083455,0.013228,0.008666,-0.008343,0.003514,0.012382
65640745341,-0.067196,-0.115691,-0.048922,0.012888,-0.005161,-0.007502,0.006605
65740807453,0.001115,-0.123335,-0.081205,0.004337,-0.003703,0.001545,0.008945
65840869565,0.085664,0.067390,-0.001195,0.005417,0.003940,-0.002898,0.013396
65940931677,0.016681,-0.012878,0.006687,-0.003799,-0.002223,-0.004403,0.013548
66040993788,0.018517,-0.036511,-0.009552,-0.004597,-0.003402,0.002275,0.015447
66141055900,-0.128028,-0.071290,-0.109916,-0.008752,-0.004959,-0.001470,0.014783
66241118012,-0.189814,-0.118627,-0.137019,-0.000483,-0.012917,-0.005758,0.007747
66341180124,-0.089513,-0.034699,-0.085952,-0.006622,-0.007773,-0.001154,0.009772
66441242236,-0.002770,0.107392,-0.009113,0.004683,-0.003803,-0.007408,0.016260
66541304347,-0.077157,0.030352,-0.058718,0.004047,-0.004519,0.003187,0.015187
66641366459,-0.182252,-0.048176,-0.114455,0.013831,-0.003380,0.009635,0.011111
66741428571,-0.036976,-0.089203,-0.054016,0.008081,-0.007376,0.001689,0.013183
66841490683,0.145320,0.069828,0.020346,0.009837,-0.002447,0.005271,0.021067
66941552795,0.077233,0.076992,0.007319,0.006458,-0.002393,0.006859,0.019745
67041614906,-0.108571,-0.067672,-0.101528,0.018242,-0.013978,-0.000456,0.008056
67141677018,-0.178692,-0.138171,-0.148078,0.005798,-0.006242,-0.001486,0.007592
67241739130,-0.080299,-0.071056,-0.089000,0.006761,-0.000277,-0.007788,0.007408
67341801242,-0.022881,0.043132,-0.048650,0.000526,-0.001234,0.000077,0.007591
67441863354,-0.069315,0.004195,-0.042539,0.014332,0.001988,-0.005087,0.011131
67541925465,-0.078591,-0.034477,-0.063861,0.014498,-0.003701,-0.001490,0.014848
67641987577,-0.075308,-0.025484,-0.073237,0.010859,0.003898,0.008432,0.012761
67742049689,-0.058176,0.029160,-0.014316,0.017306,-0.003474,0.005298,0.010969
67842111801,-0.030236,0.071839,-0.020083,0.010955,-0.000170,0.001008,0.009869
67942173913,0.025279,0.021036,-0.018609,0.005532,0.008649,-0.007593,0.018575
68042236024,-0.024739,-0.048691,-0.030241,0.011555,0.007603,-0.006053,0.019134
68142298136,-0.088395,-0.116133,-0.085064,-0.001136,0.008435,0.005988,0.018278
68242360248,-0.082083,-0.085699,-0.115219,0.008729,0.000731,-0.001005,0.027585
68342422360,0.023949,0.098899,-0.081614,0.000577,-0.001661,0.004424,0.027416
68442484472,-0.046883,0.103575,-0.062208,-0.000204,0.004945,0.000154,0.019913
68542546583,-0.075410,0.050642,-0.019759,-0.006263,0.007401,-0.012613,0.007234
68642608695,-0.066751,-0.095969,-0.101330,-0.005934,0.005352,-0.006228,0.011391
68742670807,-0.036506,-0.056866,-0.091400,-0.015672,0.010110,-0.005815,0.014903
68842732919,0.036112,0.031652,-0.031553,-0.007021,0.004669,-0.007745,0.007225
68942795031,-0.098961,-0.042659,-0.045789,-0.011388,0.010560,0.002735,0.010391
69042857142,-0.094277,-0.120390,-0.077515,-0.007366,0.004674,-0.000985,0.016944
69142919254,0.007622,0.012618,-0.027878,-0.013127,0.005168,0.002116,0.013764
69242981366,-0.015595,0.013872,-0.062005,-0.005281,0.006934,0.001180,0.013189
69343043478,-0.037534,-0.019060,-0.044698,-0.000187,0.000281,-0.000424,0.016533
69443105590,-0.057658,-0.079148,-0.064706,0.001543,0.003507,0.004372,0.012783
69543167701,-0.106943,-0.041000,-0.094955,0.000943,-0.001261,0.000719,0.013050
69643229813,-0.009131,0.130294,-0.064713,0.006652,0.004309,0.002790,0.014586
69743291925,-0.031570,0.087437,-0.020478,0.001550,0.005776,0.013334,0.012404
69843354037,0.019281,-0.025301,-0.012604,0.003106,0.006375,0.008333,0.007168
69943416149,0.058219,-0.067720,-0.101084,0.004865,0.002326,0.014742,0.010000
70043478260,-0.045600,-0.126067,-0.118207,0.005458,0.005254,0.008843,0.009155
70143540372,-0.089228,-0.052379,-0.115551,0.001936,-0.000665,0.004565,0.009386
70243602484,-0.008805,0.107268,-0.061682,0.000869,0.005512,0.004349,0.010142
70343664596,-0.078016,0.045923,-0.090530,-0.005142,0.011921,-0.001574,0.006342
70443726708,-0.109516,-0.035905,-0.072127,-0.007978,0.005377,-0.002934,0.002570
70543788819,-0.121948,-0.110610,-0.052943,-0.021078,0.010734,-0.005501,0.006810
70643850931,-0.041247,0.002172,-0.048169,-0.018271,0.008550,-0.007068,0.017441
70743913043,0.034258,0.048308,-0.048826,-0.025072,0.000491,0.004227,0.021226
70843975155,-0.012675,-0.045287,-0.075289,-0.022637,0.000561,-0.008913,0.011438
70944037267,0.027451,-0.086677,-0.065272,-0.022734,-0.004318,-0.007221,0.006837
71044099378,-0.028312,0.005152,-0.042745,-0.013230,-0.002269,-0.004271,0.015261
71144161490,0.046845,0.107194,-0.016382,0.003213,-0.005282,-0.006081,0.015847
71244223602,0.026677,0.034153,-0.028923,0.004331,-0.001240,0.004708,0.017846
71344285714,-0.075020,-0.064851,-0.069572,0.005317,-0.004649,-0.001481,0.018599
71444347826,-0.637895,-0.048512,-0.147946,0.010659,-0.000177,0.001189,0.013300
71544409937,-0.141138,-0.348958,-0.061990,0.089454,0.016103,0.052155,0.019441
71644472049,0.860929,-0.499572,0.070774,0.143194,0.038208,0.076361,0.025000
71744534161,0.132170,-0.111553,-0.084729,0.057042,0.019755,0.022570,0.020547
71844596273,-0.061053,-0.061334,-0.126029,0.069891,-0.018025,0.011351,0.013637
71944658385,-0.052727,0.107804,0.042416,0.109540,0.012767,0.044500,0.007106
72044720496,0.085246,0.511464,0.373748,0.097851,0.050475,0.069467,0.007819
72144782608,-0.085277,0.402459,0.175358,0.044038,-0.008903,0.026913,0.012006
72244844720,0.370562,-0.535863,-0.198063,-0.011462,0.005810,-0.020614,0.008813
72344906832,0.415189,-0.846284,-0.347810,-0.037382,0.065717,-0.017154,0.013731
72444968944,0.319480,-0.629372,-0.214063,-0.070230,0.065779,-0.008123,0.013822
72545031055,-0.017412,0.153257,-0.045685,-0.029641,0.000054,-0.018259,0.009124
72645093167,-0.085896,0.307060,0.059330,0.029888,-0.003259,-0.012957,0.008056
72745155279,-0.179259,0.220991,0.026057,-0.003473,-0.003194,-0.002152,0.007554
72845217391,0.045568,-0.132418,-0.064601,-0.014836,-0.009584,-0.029180,0.017370
72945279503,0.367069,-0.349727,0.020436,-0.030311,-0.019633,-0.054421,0.019561
73045341614,0.329874,-0.249817,0.000710,-0.071324,0.006786,-0.027900,0.014249
73145403726,0.121617,0.558636,-0.262213,-0.097956,0.022415,-0.045819,0.018011
73245465838,-0.458225,0.975507,-0.444804,-0.140667,-0.036036,-0.095946,0.012829
73345527950,-0.512408,0.286971,-0.167179,-0.111653,-0.059745,-0.088481,0.008451
73445590062,0.219643,-0.028991,0.115821,-0.050483,0.015534,-0.014586,0.006503
73545652173,0.010366,0.068595,0.056774,-0.011393,0.015152,0.014246,0.010550
73645714285,-0.095554,-0.038078,-0.082142,-0.016044,-0.003413,-0.017745,0.008000
73745776397,-0.034063,0.016544,-0.043832,0.010991,-0.017784,0.008724,0.009233
73845838509,0.334431,-0.140806,0.003497,0.053009,-0.022221,0.040482,0.020730
73945900621,0.388933,-0.203274,0.015162,0.038242,-0.006395,0.022039,0.019126
74045962732,-0.051341,0.166154,0.048157,0.010294,-0.003708,0.011163,0.008703
74146024844,-0.274920,0.263799,-0.019751,-0.011237,0.001428,-0.000642,0.017147
74246086956,-0.174595,0.139111,-0.034286,-0.049382,-0.010422,-0.017487,0.015543
74346149068,-0.161232,0.077762,-0.067094,-0.056687,-0.008625,-0.031889,0.009850
74446211180,0.028219,0.089180,0.011226,-0.042044,0.002567,-0.031938,0.012458
74546273291,-0.008083,0.097081,0.000177,-0.040696,0.008197,-0.025515,0.012156
74646335403,0.107787,-0.260402,-0.105621,-0.024025,-0.002415,-0.026642,0.010081
74746397515,0.001441,-0.350900,-0.153471,-0.004322,-0.002953,-0.004761,0.009404
74846459627,-0.034826,-0.254589,-0.119619,0.003957,-0.000934,0.000517,0.006774
74946521739,-0.080605,0.036797,0.006621,0.006704,-0.015926,-0.006441,0.008095
75046583850,-0.031212,-0.017957,-0.033957,0.021608,-0.014308,0.001109,0.016218
75146645962,-0.224684,-0.048105,-0.141289,0.034448,0.011375,0.018797,0.015650
75246708074,-0.149722,0.093068,-0.046653,0.016328,0.008543,0.020465,0.013372
75346770186,0.125327,-0.022136,0.009342,0.000882,0.001231,0.002245,0.022016
75446832298,0.167097,-0.191684,-0.038307,-0.011014,0.003344,-0.004224,0.019723
75546894409,0.145642,-0.150397,-0.065139,-0.028394,0.023186,-0.004653,0.005190
75646956521,-0.074300,0.028628,-0.055456,-0.029694,0.013031,-0.011849,0.005205
75747018633,-0.150815,0.104281,-0.051367,-0.029256,0.000794,-0.016990,0.011762
75847080745,-0.126881,0.027920,-0.085304,-0.023154,-0.001619,-0.014996,0.013561
75947142857,-0.095479,-0.041921,-0.107320,-0.021322,-0.000637,-0.012707,0.010111
76047204968,-0.027445,-0.015938,-0.064937,-0.010036,0.001074,-0.007069,0.009498
76147267080,-0.012473,0.082908,-0.010845,-0.004602,-0.000312,-0.006925,0.015838
76247329192,0.063992,-0.022639,-0.049215,-0.000725,0.001324,0.002248,0.012960
76347391304,0.060666,-0.052235,-0.091679,-0.001820,0.001900,0.009441,0.006258
76447453416,-0.010241,-0.071140,-0.085047,0.008658,-0.001875,0.006265,0.011789
76547515527,-0.072322,0.031773,-0.037807,0.008855,-0.002302,0.019882,0.015000
76647577639,0.021720,0.170171,0.026229,0.011282,-0.001385,0.013277,0.011696
76747639751,-0.026382,0.108685,-0.001557,0.010903,-0.003575,0.005785,0.008453
76847701863,-0.051391,-0.082299,-0.092207,0.004796,0.005577,0.005906,0.014189
76947763975,-0.048102,-0.222874,-0.165174,0.000628,0.008042,-0.002889,0.014295
77047826086,-0.017468,-0.122871,-0.137513,-0.005647,0.002449,0.000627,0.011908
77147888198,0.038772,0.040848,-0.002702,-0.016197,0.004161,0.001568,0.019437
77247950310,-0.026833,0.055377,0.025772,-0.012249,0.005293,-0.002336,0.021058
77348012422,-0.021454,0.045179,-0.042750,-0.015134,0.007784,0.010197,0.015155
77448074534,-0.037384,-0.067760,-0.115999,-0.012993,0.004272,0.002146,0.012046
77548136645,-0.057843,-0.109218,-0.102123,-0.015391,-0.000486,-0.001638,0.009178
77648198757,0.002025,0.005446,-0.044087,-0.009399,0.006449,0.002693,0.005937
77748260869,-0.021196,0.010890,-0.066603,0.007274,-0.004069,0.003044,0.012307
77848322981,-0.007087,-0.048788,-0.070970,-0.000247,-0.007517,0.008129,0.017116
77948385093,-0.022001,-0.066819,-0.081223,0.001617,-0.006792,0.001400,0.017993
78048447204,-0.009951,0.052379,-0.079017,0.009863,-0.006206,-0.000128,0.013271
78148509316,0.051608,0.053332,-0.061224,0.006680,-0.003145,0.000774,0.008537
78248571428,-0.044058,-0.075528,-0.081690,0.012714,-0.008527,-0.004749,0.008143
78348633540,0.000286,-0.053368,-0.081275,0.012126,-0.007033,0.004685,0.011349
78448695652,0.047640,0.033852,-0.043928,0.010133,-0.001970,0.008122,0.020896
78548757763,0.041760,0.093561,0.028876,0.009205,-0.007052,0.007200,0.026327
78648819875,0.033716,0.018027,-0.000810,0.006598,-0.006595,0.009200,0.024007
78748881987,-0.071389,-0.087713,-0.092677,0.009010,-0.007331,0.003821,0.012100
78848944099,-0.090568,-0.180087,-0.137257,0.009852,-0.010054,0.005593,0.005544
78949006211,-0.000283,-0.055148,-0.099090,0.006562,-0.007077,0.004059,0.008561
79049068322,0.027896,0.102131,0.000090,0.012139,-0.005291,-0.005127,0.009067
79149130434,-0.073373,0.127233,0.020401,0.009347,-0.005850,0.008332,0.007490
79249192546,-0.049658,0.103003,-0.016521,0.008990,-0.001432,0.010871,0.009012
79349254658,0.001880,-0.150013,-0.111821,0.013525,-0.008415,0.012802,0.011505
79449316770,0.016225,-0.241496,-0.121395,0.009874,-0.006164,0.023690,0.017987
79549378881,0.089549,-0.054068,-0.081436,0.008407,-0.002236,0.017073,0.013591
79649440993,0.017355,0.117414,-0.043598,0.012965,-0.010866,0.012539,0.015288
79749503105,-0.109289,0.059243,-0.018531,0.002160,-0.002379,0.010043,0.020482
79849565217,-0.082574,-0.024927,-0.055255,0.001047,0.004250,-0.000678,0.013476
79949627329,0.009937,0.006675,-0.068044,-0.001035,-0.000910,0.006553,0.014986
80049689440,0.047456,0.036290,-0.080191,-0.005476,-0.004432,0.004801,0.017497
80149751552,0.009714,0.065897,-0.028094,-0.003192,-0.004935,0.004361,0.024965
80249813664,0.030600,-0.002794,-0.032524,-0.004452,-0.004412,0.017779,0.030007
80349875776,0.013444,-0.016492,-0.081418,0.006620,-0.002529,0.006807,0.017526
80449937888,0.014040,-0.097692,-0.115237,0.016930,-0.008431,0.006062,0.011938
80549999999,0.041193,-0.051004,-0.059303,0.011531,-0.004883,0.005599,0.013472
80650062111,0.023093,0.032769,-0.006978,0.018636,-0.002585,-0.007696,0.007497
80750124223,-0.057408,-0.011733,-0.084584,0.015333,-0.000520,0.002215,0.006949
80850186335,-0.018811,0.024839,-0.082689,0.024119,-0.002668,0.004686,0.010980
80950248447,0.095521,0.074515,-0.035796,0.018932,-0.005136,0.008385,0.007472
81050310559,0.058318,0.105081,-0.038409,0.002883,-0.002188,0.006292,0.007535
81150372670,0.009982,0.046839,-0.076024,-0.001749,0.002146,-0.000079,0.010537
81250434782,-0.028925,-0.007652,-0.139776,-0.002114,0.002566,0.004869,0.009036
81350496894,-0.003720,-0.000493,-0.076277,0.001386,-0.000736,-0.003049,0.012525
81450559006,0.066864,0.007255,-0.021098,-0.002296,0.000896,0.002268,0.012472
81550621118,0.115285,0.058810,0.020429,-0.001775,0.010031,0.004698,0.015625
81650683229,0.086713,0.012858,-0.013197,-0.000150,0.004695,0.008363,0.022097
81750745341,-0.083050,-0.056890,-0.110656,0.001063,0.001082,0.017255,0.018968
81850807453,-0.175036,-0.117101,-0.158958,0.003060,0.003871,0.008561,0.009919
81950869565,-0.046633,0.016093,-0.094911,0.006926,-0.000662,0.008641,0.007543
82050931677,0.056169,0.115799,0.024435,0.005762,0.005686,0.008963,0.016649
82150993788,0.003081,0.048523,0.019415,0.004050,0.005909,0.000677,0.025039
82251055900,-0.022120,-0.031884,-0.060969,0.001181,0.000578,0.008130,0.015173
82351118012,0.031099,-0.081008,-0.101302,-0.006578,0.008531,0.005107,0.010137
82451180124,0.108289,0.041987,-0.054256,-0.009976,0.004328,0.002196,0.020660
82551242236,0.095874,0.053415,-0.004741,-0.012160,0.002701,0.009173,0.030124
82651304347,-0.030351,0.003066,-0.074861,-0.008650,0.000162,0.001236,0.028302
82751366459,-0.008555,-0.022387,-0.123990,-0.014214,-0.001245,0.001368,0.014810
82851428571,-0.042539,-0.032274,-0.112509,-0.013070,0.001130,0.000573,0.008484
82951490683,-0.035911,0.026781,-0.068983,-0.006902,-0.004541,-0.005882,0.010462
83051552795,0.012376,0.080053,-0.001801,-0.002765,-0.004341,0.000101,0.011944
83151614906,0.029494,0.021306,-0.034439,-0.005594,-0.003483,0.002166,0.014525
83251677018,0.047018,-0.062081,-0.080101,-0.002648,-0.003356,0.005535,0.008762
83351739130,0.009930,-0.090389,-0.093892,-0.000336,0.002758,0.011848,0.008297
83451801242,0.091380,-0.000211,-0.035548,0.000939,-0.005721,0.009365,0.012410
83551863354,0.044277,0.064320,-0.015654,-0.005488,-0.008165,0.012538,0.012593
83651925465,-0.072311,-0.049369,-0.105152,-0.006904,-0.004483,0.005483,0.015000
83751987577,-0.007832,0.027149,-0.070200,-0.008702,-0.002988,-0.002267,0.021210
83852049689,0.049421,0.031542,-0.024675,-0.015643,0.000125,0.001976,0.017547
83952111801,-0.039134,-0.100568,-0.092666,-0.020192,0.003376,-0.007173,0.011060
84052173913,-0.031181,0.029638,-0.032369,-0.022277,-0.002535,-0.002268,0.016679
84152236024,0.037489,0.076709,-0.029508,-0.017719,-0.004256,0.005535,0.027255
84252298136,0.042718,0.004386,-0.079553,-0.009928,-0.003083,0.000108,0.025027
84352360248,0.033024,-0.035770,-0.065866,0.004093,-0.004488,-0.002784,0.009672
84452422360,0.019771,-0.035640,-0.067648,0.012485,-0.003561,-0.009148,0.008735
84552484472,-0.035468,-0.092938,-0.108630,0.009713,-0.003711,0.000881,0.011265
84652546583,-0.069313,-0.165937,-0.120568,0.009354,-0.001169,0.004360,0.013122
84752608695,0.028107,-0.024451,-0.084307,0.005910,-0.003150,-0.001338,0.022790
84852670807,0.033611,0.090519,-0.058026,0.009040,-0.004014,0.004797,0.020155
84952732919,0.014900,0.037546,-0.044627,0.013012,-0.000681,-0.003398,0.010858
85052795031,-0.041792,-0.038047,-0.059684,0.013606,0.001498,-0.004781,0.016808
85152857142,0.004943,0.012032,-0.056604,0.004333,0.005372,-0.002237,0.020806
85252919254,0.122452,0.120853,-0.029165,0.016011,0.003626,-0.011346,0.014381
85352981366,0.081747,0.081318,0.002684,0.010163,0.006373,0.001129,0.014202
85453043478,-0.015922,-0.059662,-0.061946,0.012397,0.007491,0.002375,0.020186
85553105590,-0.098181,-0.099099,-0.117934,0.014261,0.005066,0.003202,0.023498
85653167701,0.015172,-0.016111,-0.041310,0.010067,0.000130,0.008164,0.016504
85753229813,0.077205,0.010118,-0.037263,0.016307,0.003139,-0.000952,0.008374
85853291925,-0.063863,-0.027560,-0.082139,0.019577,-0.001025,0.007177,0.009165
85953354037,-0.158359,-0.098428,-0.141968,0.015539,0.003820,0.004268,0.006813
86053416149,-0.055221,-0.033216,-0.086499,0.026380,-0.000470,-0.004310,0.008842
86153478260,0.053847,0.037003,0.006117,0.021230,-0.003497,0.005341,0.017157
86253540372,0.045139,0.061875,0.041106,0.018854,0.002821,-0.000327,0.021041
86353602484,0.006022,0.018794,-0.065601,0.033550,0.004297,0.004048,0.027305
86453664596,-0.044026,-0.090630,-0.122311,0.029469,-0.004853,0.023808,0.021808
86553726708,-0.104172,-0.141890,-0.085333,0.024369,-0.002599,0.004107,0.012459
86653788819,-0.015054,-0.031749,-0.068304,0.024653,0.000381,0.001632,0.007611
86753850931,0.040994,0.045718,-0.055967,0.020532,0.003657,0.007463,0.005086
86853913043,-0.012733,-0.053742,-0.064765,0.022089,0.001178,-0.005217,0.008807
86953975155,-0.028197,-0.085419,-0.086245,0.016144,0.002779,0.006774,0.007213
87054037267,-0.017578,0.001827,-0.085155,0.016859,0.002626,0.007442,0.009293
87154099378,-0.036522,0.055854,-0.071009,0.016986,0.005502,-0.000872,0.025310
87254161490,-0.001880,0.030003,-0.028158,0.013535,0.007539,0.011149,0.023566
87354223602,0.057526,-0.004214,-0.030130,0.007641,0.002599,0.000693,0.018257
87454285714,0.012897,-0.009518,-0.080572,0.003404,-0.001726,-0.010757,0.018175
87554347826,-0.060895,-0.109984,-0.145999,-0.004159,0.010635,-0.005469,0.017114
87654409937,0.027950,-0.015632,-0.052650,0.008142,0.010731,-0.007256,0.026597
87754472049,0.114790,0.057497,0.021229,0.004994,0.001857,-0.002437,0.027608
87854534161,0.058063,0.012197,-0.028276,-0.007324,0.000139,0.000885,0.024116
87954596273,-0.139647,-0.072044,-0.122411,-0.002212,0.007506,0.010620,0.027730
88054658385,-0.191825,-0.114296,-0.163558,-0.001810,0.003319,0.010468,0.018006
88154720496,0.022825,0.058176,-0.065060,0.002793,0.000140,-0.005139,0.016264
88254782608,0.083123,0.067883,-0.025052,-0.000880,0.002009,0.008654,0.015903
88354844720,0.027869,-0.022846,0.003033,-0.006311,0.007739,0.007463,0.014418
88454906832,0.005506,-0.105020,-0.076196,-0.005552,0.002041,0.006537,0.027969
88554968944,0.014412,-0.033982,-0.070567,-0.005347,0.002832,0.019369,0.026186
88655031055,0.010347,0.024824,-0.058242,0.004397,-0.003519,0.007545,0.012552
88755093167,0.036774,-0.040195,-0.068877,0.005248,0.000199,0.006671,0.020145
88855155279,0.000690,-0.103444,-0.090305,0.005804,0.004145,0.013051,0.019582
88955217391,0.005524,0.030116,-0.068118,0.008469,0.002404,0.005485,0.016019
89055279503,0.060199,0.163405,-0.015246,0.001351,-0.001202,0.011453,0.018311
89155341614,0.001783,0.090057,-0.008946,-0.000842,0.000176,0.009793,0.019250
89255403726,0.045572,-0.066997,-0.058291,0.006679,0.001189,0.013076,0.021111
89355465838,0.041359,-0.142365,-0.104517,0.001834,0.003463,0.023311,0.017722
89455527950,0.069982,-0.061254,-0.081369,0.006472,-0.008611,0.008851,0.016697
89555590062,-0.024981,0.022829,-0.054491,-0.004434,-0.007372,0.003259,0.012497
89655652173,-0.053478,-0.057043,-0.076222,0.006194,-0.000904,0.004705,0.006355
89755714285,0.077369,-0.062677,-0.087521,0.009290,-0.005152,0.005565,0.009488
89855776397,0.050439,-0.022738,-0.022021,0.005980,-0.009722,-0.002979,0.011971
89955838509,-0.031747,-0.036875,-0.065312,-0.003578,-0.014546,-0.010839,0.012197
90055900621,-0.062127,-0.110850,-0.149509,-0.004336,-0.003877,-0.005796,0.011969
90155962732,-0.013190,-0.051306,-0.111082,-0.001519,-0.004346,-0.003172,0.014376
90256024844,0.003938,0.083127,-0.001905,-0.004192,-0.008485,-0.007139,0.025348
90356086956,-0.026300,0.164446,0.050200,-0.003060,-0.007677,-0.007786,0.019013
90456149068,-0.010401,0.098383,-0.036658,0.007913,-0.006968,-0.005314,0.008889
90556211180,-0.046913,-0.132200,-0.151356,0.003253,-0.014656,0.002663,0.010138
90656273291,-0.054211,-0.209399,-0.142592,0.003912,-0.008227,-0.009270,0.010486
90756335403,0.038464,-0.033004,-0.100269,-0.001231,-0.012812,-0.008466,0.012817
90856397515,-0.006283,0.139483,-0.031376,-0.000586,-0.007948,-0.005603,0.014373
90956459627,-0.084715,0.107397,-0.021072,0.001729,0.007234,-0.010350,0.011066
91056521739,-0.047078,0.066672,-0.044079,0.013721,-0.003904,0.001908,0.016268
91156583850,0.004509,-0.066744,-0.087191,0.007109,-0.000114,-0.009109,0.015815
91256645962,-0.035357,-0.079453,-0.092300,0.015852,0.003863,-0.017486,0.012685
91356708074,0.050705,-0.006536,-0.034611,0.010213,0.006827,0.007007,0.007746
91456770186,0.048829,0.003502,-0.061326,0.015214,0.008023,0.001609,0.011571
91556832298,0.031019,-0.001104,-0.110188,0.008301,0.004810,0.003387,0.012372
91656894409,-0.046301,-0.046673,-0.118185,0.003859,0.005975,0.016294,0.009162
91756956521,-0.007134,0.030572,-0.060780,0.004932,0.006327,0.007610,0.011107
91857018633,0.035886,0.128552,-0.025328,0.004870,0.000490,0.005489,0.012578
91957080745,-0.000607,0.055767,-0.066574,-0.001590,0.004968,0.001746,0.009092
92057142857,-0.054017,-0.060728,-0.071683,0.003338,0.003711,-0.007181,0.004841
92157204968,-0.060152,-0.076981,-0.051004,-0.007496,0.001564,-0.003998,0.015330
92257267080,0.025108,0.071350,-0.042042,-0.009250,0.011112,-0.010539,0.022775
92357329192,-0.000369,0.070194,-0.053734,-0.017478,0.005428,0.003081,0.013345
92457391304,-0.008588,0.036440,-0.040479,-0.020241,0.004706,0.001179,0.010452
92557453416,-0.034880,-0.053481,-0.045535,-0.014683,-0.000118,-0.000241,0.013056
92657515527,-0.001448,-0.002538,-0.094066,-0.017061,0.006517,0.008048,0.013056
92757577639,0.090424,0.078048,-0.064495,-0.010734,0.001393,0.002169,0.011936
92857639751,0.028401,-0.000918,-0.065607,-0.011057,-0.003824,0.003520,0.011111
92957701863,-0.067545,-0.060257,-0.077610,-0.004275,-0.002814,0.000581,0.018484
93057763975,-0.075410,-0.148755,-0.109324,-0.001591,0.001941,0.001646,0.012336
93157826086,0.028596,0.037495,-0.065445,-0.003713,-0.004939,0.003235,0.005656
93257888198,0.064200,0.115305,0.020183,-0.008359,0.001933,-0.006409,0.004693
93357950310,-0.057767,0.108995,-0.000181,0.001964,-0.002245,0.012075,0.008851
93458012422,-0.029275,-0.014860,-0.069738,0.002788,0.001590,0.019480,0.010638
93558074534,0.044035,-0.113039,-0.124495,0.007605,-0.006256,0.010690,0.005501
93658136645,0.137818,-0.047183,-0.100168,0.003862,-0.006500,0.018756,0.013552
93758198757,0.045264,0.041468,-0.045314,0.009252,-0.002329,0.009233,0.010603
93858260869,-0.037202,0.078263,-0.085260,0.006348,-0.000302,0.005997,0.007101
93958322981,0.006396,0.036264,-0.106270,0.008264,-0.002044,0.008950,0.012268
94058385093,-0.008201,-0.027462,-0.107006,0.014724,-0.003896,0.001335,0.016808
94158447204,0.019009,0.032505,-0.058115,0.018782,-0.002757,0.006842,0.011908
94258509316,0.008164,0.035510,-0.034517,0.011863,0.003636,0.002717,0.005157
94358571428,0.007330,0.016002,-0.032275,0.014124,-0.002899,0.003258,0.004540
94458633540,0.057453,0.042418,-0.057857,0.001732,-0.000800,-0.003975,0.010863
94558695652,0.137331,0.096223,-0.054067,0.000073,0.006631,-0.010441,0.012065
94658757763,0.062849,0.092200,-0.022129,-0.007926,0.003534,-0.002918,0.010000
94758819875,-0.040881,-0.034271,-0.046145,-0.005724,0.002144,-0.010587,0.011797
94858881987,-0.134641,-0.044015,-0.048807,-0.012140,-0.006167,-0.002507,0.007658
94958944099,0.026099,-0.011378,-0.075645,-0.016392,0.002195,-0.007715,0.008146
95059006211,0.095667,0.016028,-0.051946,-0.011082,-0.002931,0.001652,0.006358
95159068322,0.040764,-0.022795,-0.088401,-0.015451,-0.001891,0.011284,0.008306
95259130434,-0.060298,-0.081613,-0.111077,-0.009830,-0.007403,-0.003339,0.012601
95359192546,-0.000436,0.028762,-0.081614,-0.012814,0.000903,0.001413,0.016508
95459254658,0.059519,0.137560,-0.061998,-0.005481,-0.003610,-0.001714,0.013622
95559316770,0.000914,0.094279,-0.042520,-0.004256,-0.006130,-0.012785,0.014119
95659378881,-0.000763,0.046266,-0.026588,-0.010516,-0.002164,-0.002608,0.016450
95759440993,0.036827,0.048906,-0.040256,-0.012334,0.012892,-0.004899,0.007690
95859503105,-0.016263,-0.011021,-0.063656,-0.007010,-0.003832,0.002557,0.016820
95959565217,0.008569,-0.006322,-0.056719,-0.010927,-0.001083,0.006702,0.012715
96059627329,0.086642,0.085293,0.033371,-0.006728,-0.013940,0.001627,0.007196
96159689440,0.050275,0.006411,-0.034714,-0.012628,-0.009526,0.003230,0.007016
96259751552,-0.083640,-0.086305,-0.099053,-0.007791,-0.000180,-0.003249,0.003838
96359813664,-0.168443,-0.166172,-0.132150,-0.006175,-0.002159,-0.002548,0.015517
96459875776,0.001515,-0.013446,-0.078357,-0.004127,-0.003896,-0.000102,0.019731
96559937888,0.032982,0.081748,-0.007458,-0.010860,0.004821,-0.009397,0.016944
96659999999,-0.009823,0.019210,-0.037295,-0.008095,-0.003660,-0.001252,0.021778
96760062111,-0.093399,-0.029817,-0.063957,-0.012185,0.004680,-0.000801,0.013655
96860124223,0.021309,-0.021734,-0.077924,-0.010067,-0.001822,-0.003037,0.004775
96960186335,0.147259,0.130911,-0.020638,-0.019344,-0.004793,0.006663,0.005728
97060248447,0.048768,0.079682,-0.015276,-0.004121,-0.005126,-0.002156,0.016651
97160310559,-0.093084,-0.086970,-0.135027,-0.007836,-0.009947,0.000480,0.023056
97260372670,-0.057180,-0.153604,-0.151420,-0.002102,-0.007963,-0.005001,0.024900
97360434782,0.030747,0.003100,-0.073014,-0.003085,-0.008902,-0.013358,0.024768
97460496894,-0.039016,0.117640,-0.028696,-0.000240,-0.005733,-0.002658,0.017335
97560559006,-0.092036,0.091565,-0.006236,0.000077,0.003228,-0.008595,0.019616
97660621118,-0.051967,0.026834,-0.071561,0.007654,-0.000241,-0.006713,0.022205
97760683229,0.002641,-0.055213,-0.079951,0.001541,0.008739,-0.004572,0.015043
97860745341,0.016096,-0.022892,-0.058375,0.017575,0.001534,-0.008694,0.011617
97960807453,0.072694,0.048016,0.003255,0.007672,0.008411,0.001545,0.011438
98060869565,0.013570,0.017242,-0.022156,0.008525,0.010432,-0.000774,0.024469
98160931677,-0.001241,0.052091,-0.050940,-0.001646,0.007232,-0.000280,0.025778
98260993788,-0.053649,-0.114517,-0.127071,0.003996,0.004183,-0.005066,0.016706
98361055900,0.036952,0.006231,-0.067892,-0.002680,0.006897,-0.004392,0.013380
98461118012,0.104513,0.085232,-0.031272,0.003646,0.000292,0.003747,0.008132
98561180124,-0.004275,0.027966,-0.050009,0.002643,0.005442,-0.006119,0.009928
98661242236,-0.114869,-0.026228,-0.048969,0.008837,0.002900,-0.005304,0.014246
98761304347,-0.136117,-0.066186,-0.078368,0.000995,0.008906,0.003511,0.012616
98861366459,0.025841,0.122061,-0.024037,0.012315,0.009688,-0.005201,0.009236
98961428571,0.052840,0.041602,-0.005092,-0.000647,0.003812,0.007289,0.012321
99061490683,-0.001888,0.012360,0.000074,-0.001084,0.008332,0.004119,0.021832
99161552795,-0.004193,-0.089393,-0.033066,-0.003089,0.002437,0.004612,0.020469
99261614906,0.041202,-0.022432,-0.093093,-0.008979,0.006750,0.009858,0.018827
99361677018,0.154714,0.041988,-0.101081,-0.010798,0.003273,0.000782,0.020685
99461739130,0.023020,0.031943,-0.048357,-0.011146,0.003920,0.002839,0.019225
99561801242,-0.117486,-0.043794,-0.050227,-0.009311,-0.001330,-0.000525,0.025437
99661863354,-0.191682,-0.119283,-0.100957,-0.011809,0.001158,-0.011115,0.029313
99761925465,-0.049127,-0.035639,-0.091061,-0.018125,0.001913,0.000039,0.019600
99861987577,0.081102,0.033902,0.034585,-0.021786,0.009436,-0.007326,0.010790
99962049689,0.053801,0.047112,0.058864,-0.021999,-0.002409,-0.003872,0.023195
100062111801,0.017662,0.046383,-0.035854,-0.026267,0.010054,-0.000568,0.023835
100162173913,-0.092290,-0.097108,-0.118790,-0.024447,0.007068,-0.003722,0.018889
100262236024,-0.154347,-0.142656,-0.115908,-0.017400,0.002510,-0.002023,0.015777
100362298136,0.007821,0.011128,-0.046326,-0.014946,0.002970,-0.003964,0.017696
100462360248,0.017673,0.063389,-0.027136,-0.002494,0.002038,-0.015717,0.009953
100562422360,-0.034941,-0.014707,-0.027906,-0.022315,0.005137,-0.000742,0.013252
100662484472,-0.048623,0.006495,-0.048749,-0.015413,0.011269,-0.008153,0.011425
100762546583,-0.031337,-0.046908,-0.054407,-0.014043,0.006805,-0.004266,0.004512
100862608695,-0.078212,-0.060439,-0.051364,-0.004612,-0.005511,-0.002810,0.011751
100962670807,0.033136,0.021846,-0.009306,-0.009843,-0.001641,-0.012123,0.016422
101062732919,0.009138,-0.006681,-0.048449,-0.011134,-0.009920,0.002353,0.020990
101162795031,-0.022401,-0.035727,-0.076655,-0.017972,0.007348,0.000504,0.023889
101262857142,-0.116213,-0.104313,-0.126180,-0.009561,-0.003655,0.001751,0.014460
101362919254,-0.038257,-0.052520,-0.070784,-0.020444,-0.005768,0.006877,0.008889
101462981366,0.046110,0.022716,-0.033207,-0.007287,-0.005713,-0.007787,0.008889
101563043478,0.018900,0.084688,-0.016600,-0.012881,-0.000702,-0.002882,0.015193
101663105590,-0.009581,0.077635,-0.034674,-0.008853,-0.003989,-0.002725,0.013280
101763167701,0.135665,0.036188,-0.014492,-0.016667,-0.000090,-0.013553,0.010000
101863229813,0.183242,0.168702,0.046015,-0.013236,-0.007633,-0.001645,0.009297
101963291925,0.072032,0.069829,0.009118,-0.016759,0.006753,0.002211,0.020317
102063354037,-0.079937,-0.071426,-0.131234,-0.008247,-0.008970,-0.002574,0.021313
102163416149,-0.010562,-0.124113,-0.135349,-0.011975,-0.004920,0.004454,0.014180
102263478260,-0.104594,-0.105014,-0.123275,-0.002094,-0.013769,0.003133,0.010710
102363540372,-0.003345,0.067497,-0.011303,-0.006855,-0.010413,-0.000300,0.013883
102463602484,0.049125,0.167228,0.036226,-0.011062,-0.007646,0.000456,0.026182
102563664596,0.025544,0.079941,0.016913,-0.011256,0.006815,-0.009314,0.016736
102663726708,-0.003384,-0.074063,-0.083090,-0.009291,-0.003683,0.004735,0.015667
102763788819,-0.053756,-0.058188,-0.123773,-0.010502,0.003323,0.005022,0.014861
102863850931,-0.088861,-0.155872,-0.124990,-0.014820,-0.001641,-0.002717,0.020281
102963913043,0.048493,-0.056618,-0.086935,-0.015973,-0.004242,-0.006094,0.023757
103063975155,0.123008,-0.021962,-0.061361,-0.026207,0.006415,-0.008051,0.021101
103164037267,-0.009548,-0.006839,-0.057135,-0.011940,0.000734,-0.017970,0.017510
103264099378,-0.106946,0.120995,-0.035904,-0.023597,0.006473,-0.008744,0.021097
103364161490,-0.071067,0.090315,-0.063560,-0.011429,0.010723,-0.011558,0.013017
103464223602,-0.085989,0.015804,-0.048062,-0.008697,0.002298,-0.005908,0.006944
103564285714,0.079622,-0.014420,-0.048660,0.005656,-0.001015,-0.000156,0.009623
103664347826,0.107193,0.089515,0.031685,0.007062,0.006821,0.000792,0.009145
103764409937,0.018721,-0.063815,-0.049096,0.021918,-0.005443,0.005342,0.020938
103864472049,-0.074110,-0.090981,-0.081280,0.006367,0.004182,0.003561,0.016415
103964534161,-0.064870,-0.173424,-0.106611,0.014042,0.007704,-0.004760,0.010000
104064596273,-0.027653,-0.008524,-0.071087,0.002687,0.005969,0.009112,0.008026
104164658385,-0.000124,0.083074,0.016957,0.006415,-0.008336,0.000560,0.013410
104264720496,-0.054289,0.088926,0.033625,-0.005052,-0.002067,0.001914,0.016944
104364782608,-0.043484,0.037843,-0.059736,-0.008975,-0.004520,0.006396,0.011186
104464844720,-0.087874,-0.126363,-0.120854,-0.010455,0.005789,-0.010616,0.015080
104564906832,-0.101536,-0.087990,-0.079487,-0.011277,-0.010137,0.000686,0.022134
104664968944,0.077740,-0.043116,-0.101980,-0.015334,0.006552,-0.001057,0.017392
104765031055,0.033080,0.045498,0.000916,-0.016431,0.002768,0.002458,0.015334
104865093167,-0.005009,0.005441,0.064625,-0.011103,0.003673,0.013356,0.012133
104965155279,0.013578,0.000184,-0.073031,-0.005155,-0.000367,0.006292,0.006742
105065217391,0.081024,0.150744,-0.031363,0.002739,0.002983,-0.004117,0.008261
105165279503,0.081115,0.084195,0.036303,-0.012347,0.007062,0.013598,0.010725
105265341614,0.059149,0.054000,0.084767,0.002297,0.012809,-0.000852,0.011656
105365403726,0.066794,-0.045305,-0.028921,-0.010906,0.002187,0.005714,0.019757
105465465838,-0.102019,-0.135676,-0.147720,0.004223,0.005974,0.009033,0.013523
105565527950,-0.117760,-0.127270,-0.157684,-0.001917,0.003606,0.003103,0.011878
105665590062,-0.011364,0.014520,-0.065554,0.005561,-0.005069,0.001409,0.014618
105765652173,0.004737,0.050361,0.025928,-0.012110,0.005313,-0.001629,0.024118
105865714285,0.002511,0.048948,-0.000666,0.000189,0.013316,-0.009440,0.025603
105965776397,-0.086645,-0.025894,-0.092856,-0.010389,0.002879,0.008841,0.023341
106065838509,0.064128,0.017875,-0.065864,-0.012718,0.007162,-0.004128,0.012448
106165900621,0.155790,0.113514,-0.021222,-0.016707,0.000942,0.002478,0.016830
106265962732,0.036699,0.044042,-0.006748,-0.012237,0.010623,0.009498,0.016081
106366024844,-0.116119,-0.149368,-0.119599,-0.000827,-0.005657,0.003576,0.013056
106466086956,-0.082238,-0.126002,-0.107204,-0.007665,-0.005312,0.009957,0.015626
106566149068,0.035024,0.010823,-0.074036,0.000386,-0.001384,0.003353,0.018966
106666211180,0.014878,0.067397,-0.040212,-0.002937,0.001053,0.006572,0.022023
106766273291,-0.016760,0.028337,-0.062193,0.006696,-0.004238,0.004605,0.012378
106866335403,-0.118703,-0.041024,-0.083360,0.002375,-0.000226,-0.004737,0.012288
106966397515,0.075666,0.050166,-0.022947,0.002103,0.001246,0.007471,0.020902
107066459627,0.098159,0.106116,-0.027424,-0.009539,0.001561,0.007956,0.027212
107166521739,0.043282,0.045312,0.031699,0.000517,-0.009292,0.002304,0.015030
107266583850,-0.095370,-0.086396,-0.053579,-0.020556,-0.003419,0.006827,0.006021
107366645962,-0.074115,-0.099408,-0.061817,-0.002863,-0.002950,-0.003396,0.009073
107466708074,-0.057408,-0.095678,-0.098241,-0.013990,-0.009869,0.002241,0.009073
107566770186,-0.041632,-0.026960,-0.038491,-0.003280,-0.001395,-0.005455,0.007314
107666832298,-0.018558,0.059501,-0.006163,0.006266,0.000622,-0.003077,0.007687
107766894409,-0.072701,0.022372,-0.083471,0.004540,-0.003697,0.007788,0.007312
107866956521,-0.075222,-0.089507,-0.079732,0.013614,-0.003378,-0.004099,0.009734
107967018633,-0.118456,-0.132988,-0.102688,0.019560,-0.015635,0.004382,0.021164
108067080745,0.067686,0.030627,-0.010840,0.020226,-0.000696,0.001735,0.014558
108167142857,-0.023714,0.042522,-0.014012,0.025841,0.000729,0.001165,0.014298
108267204968,-0.020856,0.012049,0.000053,0.022901,0.000868,0.008190,0.014331
108367267080,-0.077785,-0.048076,-0.060447,0.021352,0.000096,0.003644,0.007637
108467329192,0.000679,-0.034706,-0.069813,0.009255,0.004092,0.006533,0.010985
108567391304,0.084984,0.059388,-0.020094,0.010753,-0.001136,0.013909,0.012017
108667453416,0.056804,0.012689,-0.001599,0.006899,0.005834,-0.003770,0.011673
108767515527,-0.060280,-0.021399,-0.081547,0.015041,-0.001088,0.002603,0.012695
108867577639,-0.103985,-0.054552,-0.140469,0.003484,0.005820,-0.003251,0.014370
108967639751,-0.089459,-0.019460,-0.074544,0.017156,0.000260,-0.014130,0.015752
109067701863,0.045564,0.003045,-0.008680,0.005190,0.005085,0.001741,0.020813
109167763975,0.070651,0.060762,0.029623,0.011352,0.000545,0.002168,0.015526
109267826086,-0.010851,0.069108,-0.051235,0.003185,0.006497,0.005284,0.006481
109367888198,-0.153615,-0.082952,-0.125895,0.008823,0.004840,0.012111,0.010112
109467950310,-0.155631,-0.159690,-0.155028,0.016383,0.011464,0.000008,0.023814
109568012422,0.034021,0.005403,-0.064564,0.027276,-0.002756,0.008143,0.030967
109668074534,0.090762,0.106047,-0.015359,0.018856,0.006990,0.005036,0.020410
109768136645,0.039484,0.010794,-0.007206,0.023571,-0.004557,0.003493,0.011593
109868198757,0.011156,-0.037259,-0.074187,0.009959,0.007393,0.009292,0.015494
109968260869,0.059802,0.085822,-0.049382,0.017189,0.005076,0.005455,0.013315
110068322981,0.024209,0.129643,-0.043105,0.012772,0.005384,0.008422,0.011111
110168385093,0.076904,0.092150,0.028238,0.010403,-0.002401,0.011873,0.013011
110268447204,0.077531,-0.017483,-0.073505,0.006684,0.004373,-0.000345,0.014649
110368509316,0.053699,-0.019942,-0.100252,0.013323,-0.003580,0.002916,0.017664
110468571428,-0.221617,-0.554783,-0.342133,0.025726,0.051306,-0.023723,0.007270
110568633540,-0.237917,0.254740,0.127929,0.014025,0.011055,0.003931,0.003279
110668695652,0.213175,0.077529,0.124861,-0.049378,-0.015574,0.001715,0.018391
110768757763,0.077241,-0.067533,-0.036890,-0.010475,-0.009053,-0.005956,0.019461
110868819875,-0.205008,0.131867,-0.013719,0.001691,-0.000757,0.031124,0.016944
110968881987,-0.136565,0.090162,-0.018697,0.020463,-0.005007,0.012200,0.019049
111068944099,-0.154834,0.356022,0.061183,0.058330,0.002549,0.017946,0.010999
111169006211,-0.098745,0.230860,0.048593,0.027801,-0.006672,0.013146,0.011161
111269068322,-0.170622,0.217716,0.011829,-0.017376,-0.001660,-0.019806,0.013631
111369130434,-0.163886,0.007784,-0.032295,-0.017951,-0.010416,-0.009252,0.013889
111469192546,0.003791,-0.296299,-0.136339,-0.059179,0.001240,-0.020486,0.017349
111569254658,0.149800,-0.294594,-0.089940,-0.012881,-0.036864,0.002518,0.019658
111669316770,-0.015133,-0.101597,-0.105993,-0.033878,-0.012978,0.008267,0.022696
111769378881,-0.018105,0.106663,0.040529,-0.014418,0.006738,0.001834,0.026780
111869440993,-0.179364,0.102221,-0.051499,0.003995,0.009245,0.018164,0.022462
111969503105,-0.068779,-0.114601,-0.093942,0.002523,-0.010868,0.023401,0.017876
112069565217,0.018675,-0.021702,-0.096393,-0.004283,0.008913,0.002722,0.012114
112169627329,0.103643,0.064173,-0.086049,-0.004232,-0.002336,0.009832,0.012128
112269689440,-0.013398,0.076228,0.003323,-0.008777,0.004182,0.010193,0.006667
112369751552,-0.111331,-0.045889,-0.109776,-0.008016,-0.009478,0.002887,0.010283
112469813664,-0.134007,-0.092017,-0.130387,-0.015850,-0.000018,0.005061,0.011698
112569875776,-0.064582,-0.126995,-0.114620,-0.016780,0.003772,-0.006596,0.018099
112669937888,0.087762,0.033108,-0.016219,-0.022205,0.007171,-0.012707,0.011980
112769999999,0.002036,0.026943,0.033331,-0.027714,0.001453,-0.003622,0.011556
112870062111,-0.028367,-0.015076,-0.021005,-0.028102,0.007472,-0.016102,0.012277
112970124223,-0.079619,-0.083680,-0.054919,-0.019260,-0.003426,0.002138,0.009217
113070186335,0.001429,0.034077,-0.027103,-0.017858,0.005979,0.008260,0.016439
113170248447,-0.013613,0.004859,0.000973,0.002698,-0.006880,-0.002095,0.017854
113270310559,-0.033879,-0.182236,-0.065116,-0.014380,-0.004002,0.006302,0.013429
113370372670,0.011460,0.021886,-0.070986,0.006448,-0.000239,-0.003720,0.016831
113470434782,0.092907,0.087523,-0.020263,-0.000176,-0.006262,0.004358,0.014780
113570496894,0.005450,0.011139,0.002481,0.010220,-0.004969,-0.002513,0.010118
113670559006,-0.151409,-0.100007,-0.084002,-0.001469,-0.010216,-0.005884,0.005361
113770621118,-0.197826,-0.164357,-0.113683,0.010847,-0.003319,0.003686,0.020956
113870683229,-0.057330,0.013448,-0.085576,0.002075,-0.007665,0.004967,0.019613
113970745341,0.010458,0.019104,0.018892,0.017372,-0.004550,0.002514,0.015325
114070807453,-0.075131,-0.013473,-0.017183,-0.001686,0.009016,-0.004826,0.010083
114170869565,-0.044759,-0.037080,-0.062274,0.013830,-0.002409,-0.011428,0.012977
114270931677,-0.040522,-0.045997,-0.093494,-0.006642,0.014006,-0.001863,0.007907
114370993788,0.072867,0.103119,-0.010613,0.012051,0.013104,-0.007665,0.008550
114471055900,-0.015540,0.042668,-0.036804,-0.008692,0.002209,0.005438,0.012763
114571118012,-0.075430,-0.007526,-0.105739,0.010314,0.000777,-0.001301,0.008357
114671180124,0.003093,-0.076925,-0.078647,-0.010993,0.003043,0.006024,0.008088
114771242236,-0.009282,-0.136781,-0.122935,-0.006198,0.010565,0.005144,0.004733
114871304347,0.044794,-0.005987,-0.034387,0.000640,-0.001237,0.006279,0.007215
114971366459,0.037762,-0.047516,-0.018063,0.003468,-0.005322,0.002019,0.005321
115071428571,-0.011597,-0.005197,-0.028143,-0.011510,-0.001342,-0.000371,0.008254
115171490683,-0.030527,0.005133,-0.041272,-0.002346,0.014359,0.000592,0.017943
115271552795,-0.101466,0.061830,-0.081701,-0.023802,0.008040,0.002426,0.010378
115371614906,0.047479,-0.020176,0.041082,-0.026745,0.013382,-0.010677,0.007504
115471677018,0.012930,-0.040232,-0.058879,-0.011690,-0.006076,0.009704,0.014427
115571739130,0.104771,-0.068244,-0.051726,-0.010598,0.013585,0.012799,0.011963
115671801242,-0.086990,-0.111868,-0.133392,0.011101,-0.012686,0.016820,0.013590
115771863354,-0.127665,-0.018395,-0.017753,0.001844,-0.008624,0.017775,0.015798
115871925465,-0.064130,0.023220,-0.003268,0.018231,-0.008039,0.008828,0.013913
115971987577,-0.103831,0.086476,-0.038135,0.007941,-0.011636,0.020069,0.016655
116072049689,-0.111251,-0.009454,-0.074957,0.000528,-0.001126,0.006011,0.015053
116172111801,0.000283,-0.211570,-0.151421,0.001385,0.012201,-0.000975,0.018296
116272173913,0.014438,0.019031,-0.102098,0.023743,0.015746,0.028151,0.017193
116372236024,-0.095717,0.242994,0.110334,0.020112,0.028396,0.037190,0.009489
116472298136,-0.109809,0.214490,0.175738,0.018497,-0.008964,0.017129,0.014174
116572360248,-0.084249,0.071756,-0.057359,0.010933,-0.001427,0.010831,0.009708
116672422360,-0.043477,-0.217717,-0.139421,0.001329,0.003448,0.014414,0.004732
116772484472,-0.055511,-0.208992,-0.144009,-0.001945,0.012650,0.001476,0.003889
116872546583,0.117019,-0.008129,-0.053329,-0.017262,-0.002374,0.006810,0.009733
116972608695,-0.061282,0.053399,0.025842,-0.028247,0.007607,-0.010228,0.009726
117072670807,-0.051783,-0.022314,-0.026373,-0.027025,-0.003514,0.003311,0.020597
117172732919,-0.114030,-0.030549,-0.075617,-0.027719,0.006204,0.001437,0.017727
117272795031,0.000356,0.074298,-0.044579,-0.016900,-0.009769,-0.006376,0.018640
117372857142,0.059281,0.205584,0.019629,0.004964,0.001111,-0.006880,0.030119
117472919254,-0.046501,0.026862,-0.005106,0.020391,-0.006598,-0.006358,0.034699
117572981366,-0.144940,-0.082806,-0.125076,0.000801,-0.001277,-0.001013,0.024864
117673043478,-0.045186,-0.173116,-0.099561,-0.000359,-0.005664,-0.005501,0.018068
117773105590,-0.021500,0.078391,-0.061002,-0.006311,-0.000992,-0.008704,0.013289
117873167701,-0.108943,0.038401,-0.050254,-0.000157,-0.001537,0.001463,0.025155
117973229813,-0.127650,0.007271,-0.041338,-0.005301,-0.001653,-0.009858,0.015354
118073291925,-0.102197,-0.092133,-0.068624,0.011095,-0.004291,-0.006475,0.013665
118173354037,0.045298,0.070838,-0.022812,-0.004630,0.003462,-0.007441,0.009906
118273416149,0.061182,0.096614,-0.003099,0.008240,0.001052,-0.012504,0.007240
118373478260,-0.050068,-0.006074,-0.046298,0.011434,-0.023197,0.002361,0.010006
118473540372,-0.188967,0.114606,-0.002979,0.052965,-0.024532,0.001533,0.005187
118573602484,-0.110417,-0.040548,-0.079867,0.020447,-0.002770,0.014886,0.019207
118673664596,-0.180695,0.238324,-0.017888,0.038629,0.012950,0.009978,0.026432
118773726708,0.184179,-0.152384,-0.072420,0.002677,0.005370,0.005636,0.018138
118873788819,-0.006693,-0.196497,-0.132055,-0.001822,0.004961,0.000259,0.031193
118973850931,0.094471,-0.392502,-0.173088,-0.035703,0.009553,-0.019693,0.021559
119073913043,-0.210555,0.037653,-0.041590,-0.022213,-0.000989,-0.030628,0.010773
119173975155,-0.100689,0.083153,-0.032398,-0.048841,0.009419,-0.025922,0.028205
119274037267,0.144759,-0.213493,-0.095338,-0.030303,0.006207,-0.041083,0.017313
119374099378,0.067444,-0.110584,-0.043661,-0.046660,0.002849,-0.013583,0.014816
119474161490,-0.032950,0.042288,0.005343,-0.022978,0.005606,-0.019894,0.010755
119574223602,-0.169126,0.007986,-0.071177,-0.013474,0.001556,-0.006382,0.009714
119674285714,-0.067561,-0.187899,-0.130221,0.019168,0.013373,0.020111,0.008556
119774347826,-0.068174,0.057992,-0.078464,0.017917,0.013240,0.008238,0.019827
119874409937,0.067902,-0.079529,-0.033443,0.021288,0.001552,0.007380,0.012107
119974472049,-0.087246,0.038677,-0.068209,0.017460,-0.002970,0.014092,0.005780
120074534161,-0.024170,0.133728,-0.031278,0.033750,0.002511,0.000646,0.020735
120174596273,-0.163886,0.240940,0.017760,0.011641,0.001998,0.028340,0.017823
120274658385,0.024988,0.079611,-0.002250,0.026514,0.006924,0.018051,0.020185
120374720496,0.099478,-0.196736,-0.089776,0.017012,-0.003852,0.021448,0.021322
120474782608,0.055990,-0.176429,-0.090246,0.014068,0.005398,0.021684,0.018826
120574844720,0.185691,-0.019866,-0.016361,-0.003393,0.000659,0.001156,0.011195
120674906832,0.060368,0.043477,-0.083615,-0.000518,-0.007441,0.003589,0.012010
120774968944,-0.035002,0.082425,-0.076011,-0.025456,0.006386,-0.003589,0.015346
120875031055,-0.091586,-0.069745,-0.119183,-0.011500,-0.010969,-0.007253,0.012360
120975093167,0.095517,-0.018998,-0.061220,-0.034565,0.002152,0.000285,0.014031
121075155279,-0.000405,0.143881,0.076896,-0.009699,-0.003896,-0.011710,0.012704
121175217391,0.007766,0.025435,0.006869,-0.022630,-0.006773,-0.002450,0.018004
121275279503,-0.078320,-0.014753,-0.025546,-0.007610,-0.000328,-0.006053,0.013308
121375341614,0.001539,0.173261,-0.026657,0.012695,-0.010580,0.012496,0.009437
121475403726,0.242237,0.008791,-0.027459,0.045562,-0.009988,0.022708,0.004490
121575465838,-0.092417,0.201619,0.053257,0.010060,0.002066,0.022013,0.012908
121675527950,-0.175437,0.069056,-0.096319,0.007657,-0.010606,0.005674,0.019888
121775590062,-0.108879,0.010031,-0.083662,-0.024127,0.001096,-0.003316,0.008093
121875652173,0.119086,-0.139852,-0.103890,0.011769,-0.007825,-0.004501,0.009353
121975714285,0.074397,0.014641,-0.000783,-0.007532,-0.010573,0.010268,0.005643
122075776397,-0.133873,0.047085,-0.049286,0.003367,-0.005174,-0.015164,0.014624
122175838509,-0.215826,0.089092,-0.056379,-0.011439,-0.010045,-0.017037,0.012789
122275900621,-0.016177,0.137419,-0.021663,-0.005384,0.002200,-0.012147,0.011744
122375962732,0.113457,-0.047451,-0.024990,-0.012342,-0.007002,-0.015762,0.012788
122476024844,0.033057,0.023051,-0.015421,-0.008308,-0.002475,-0.009097,0.010733
122576086956,0.272619,0.074884,0.008054,-0.009669,-0.004724,-0.008751,0.012959
122676149068,-0.096358,0.243351,-0.036071,-0.025038,-0.003934,-0.028689,0.013889
122776211180,-0.150452,0.308731,0.021150,-0.025200,-0.012590,-0.026774,0.006268
122876273291,-0.184431,0.119156,-0.034269,-0.059932,0.003666,-0.040086,0.004736
122976335403,0.231286,-0.346955,-0.080681,-0.040656,-0.011767,-0.009503,0.010301
123076397515,-0.288488,0.315854,0.017491,-0.005674,0.004031,-0.021113,0.010459
123176459627,-0.007200,-0.030765,-0.050645,0.026779,-0.016524,-0.012274,0.010850
123276521739,-0.276282,0.355958,-0.012249,0.029717,-0.001510,0.017928,0.007923
123376583850,-0.018189,-0.035125,-0.012308,0.055001,-0.006904,0.017509,0.023112
123476645962,-0.201144,0.166148,0.044077,0.059095,-0.012943,0.023824,0.024223
123576708074,0.140509,0.007370,-0.012766,0.054938,-0.012771,0.032739,0.022203
123676770186,0.141528,-0.110525,-0.077197,0.047828,0.002703,0.005810,0.028982
123776832298,0.157825,-0.163885,-0.099038,0.043160,-0.013422,0.018304,0.024068
123876894409,-0.012388,-0.257522,-0.157118,0.021932,0.005545,-0.006674,0.018100
123976956521,-0.110074,0.112434,-0.110742,-0.021722,-0.006828,-0.004941,0.022289
124077018633,0.126805,0.014045,-0.001253,-0.019585,0.011272,-0.012536,0.012336
124177080745,-0.034540,0.015540,-0.121731,-0.044434,0.003041,-0.021194,0.007390
124277142857,0.058509,-0.139337,-0.063778,-0.026798,-0.001665,-0.023031,0.009302
124377204968,0.042259,0.091953,-0.017463,-0.047784,0.000351,-0.018234,0.020080
124477267080,0.071979,0.138498,0.028154,-0.014646,-0.029453,-0.006779,0.012109
124577329192,-0.112192,0.155196,-0.037547,-0.039881,-0.010447,-0.006475,0.019844
124677391304,-0.028447,-0.208695,-0.171784,-0.023609,0.032387,-0.019019,0.012952
124777453416,0.120567,-0.249019,-0.082322,0.012454,0.008935,0.022152,0.003761
124877515527,-0.812990,0.927795,0.143058,0.185473,0.021486,0.070903,0.004313
124977577639,0.168460,-0.258156,-0.162041,0.145901,-0.021609,0.098743,0.020516
125077639751,-0.630786,0.540311,-0.063145,0.081218,-0.007412,0.068937,0.014864
125177701863,0.260983,-0.474723,-0.189622,-0.008148,-0.001452,0.000702,0.032881
125277763975,0.549000,-0.305553,-0.016615,-0.069385,-0.002865,-0.028051,0.036729
125377826086,0.791855,-0.564637,-0.062850,-0.118899,0.006588,-0.064883,0.019681
125477888198,0.226212,-0.065950,0.069622,-0.140323,0.021948,-0.091685,0.011971
125577950310,-0.528361,0.520728,-0.012534,-0.143386,-0.004574,-0.059607,0.018906
125678012422,-0.272991,0.321293,-0.071206,-0.128450,0.009705,-0.068186,0.017861
125778074534,-0.487918,0.344482,-0.032691,-0.083565,-0.015326,-0.041118,0.027138
125878136645,0.311330,-0.295991,-0.038440,-0.062598,0.001432,-0.020168,0.024574
125978198757,-0.030206,0.215489,0.077773,-0.016956,-0.007350,-0.010822,0.015236
126078260869,0.372286,-0.346753,-0.104582,0.026109,-0.004699,-0.004405,0.021534
126178322981,-0.012339,-0.091852,-0.102414,0.044730,-0.005541,0.039663,0.018450
126278385093,0.334501,-0.417619,-0.158908,0.075976,0.007807,0.031980,0.031097
126378447204,0.000591,0.118853,-0.025283,0.067228,-0.011669,0.059545,0.031078
126478509316,0.034702,0.012235,-0.070774,0.065730,-0.000590,0.050540,0.013426
126578571428,0.179452,-0.458534,-0.198143,0.041716,-0.006185,0.027605,0.018492
126678633540,0.178325,-0.327666,-0.136203,0.030444,0.001020,0.023013,0.021111
126778695652,0.278176,-0.173328,-0.089602,-0.003279,0.002722,0.002718,0.025702
126878757763,-0.277273,0.246831,-0.021206,-0.013185,0.004979,-0.012723,0.017537
126978819875,-0.006215,-0.028669,-0.087162,-0.045376,0.001675,-0.009723,0.032297
127078881987,-0.266530,0.229348,-0.052745,-0.049364,0.014409,-0.030600,0.025112
127178944099,0.047848,0.028427,-0.046355,-0.052635,-0.001211,-0.013775,0.016462
127279006211,-0.097000,0.284952,-0.026009,-0.020264,-0.005657,-0.031971,0.010172
127379068322,0.060359,-0.026418,0.053859,-0.026634,-0.013273,-0.024769,0.009767
127479130434,-0.103483,-0.104375,-0.176938,0.003346,-0.002244,-0.016460,0.023408
127579192546,-0.126005,-0.068252,-0.165064,0.010890,-0.001430,-0.006827,0.007146
127679254658,0.044107,0.022607,-0.008312,0.016399,0.005856,0.014782,0.009209
127779316770,0.056848,-0.024659,0.016419,0.019468,-0.005967,0.004910,0.012653
127879378881,-0.072083,-0.033738,-0.108666,0.008522,0.002183,-0.002037,0.013717
127979440993,0.010324,-0.122318,-0.123225,0.006364,-0.004639,0.006574,0.013889
128079503105,-0.037972,-0.019903,-0.155768,0.033072,-0.011900,0.001764,0.013226
128179565217,-0.129600,0.287958,0.076354,0.054870,-0.029149,0.013105,0.015487
128279627329,-0.117991,0.195588,-0.070850,0.043185,0.009235,0.016658,0.007264
128379689440,0.136750,0.141025,0.010594,0.067277,-0.003271,0.016538,0.006550
128479751552,0.115405,-0.076052,-0.002060,0.037305,0.004169,0.017456,0.013369
128579813664,-0.081212,0.051899,-0.076250,0.043339,-0.002969,0.003811,0.005467
128679875776,0.061835,-0.083307,-0.100951,0.032750,0.018660,0.020907,0.015703
128779937888,-0.191373,0.084974,-0.061303,0.046082,0.014560,0.026499,0.014226
128879999999,-0.014080,-0.156647,-0.131993,0.004171,-0.010919,-0.004688,0.009056
128980062111,-0.127894,-0.087338,-0.155749,0.015249,-0.015470,0.004334,0.012059
129080124223,-0.063041,-0.321955,-0.216111,-0.005508,0.015253,-0.007084,0.013056
129180186335,0.018005,0.093376,-0.048112,0.016493,-0.005040,-0.008615,0.027534
129280248447,-0.063667,0.164462,0.063794,-0.016376,0.009904,-0.012573,0.023086
129380310559,-0.145890,0.183302,0.035603,-0.002521,0.007215,-0.025229,0.022673
129480372670,-0.056188,0.029012,-0.054952,-0.023639,0.006758,-0.003197,0.015018
129580434782,0.113686,-0.139052,-0.118562,-0.009457,0.007089,-0.011157,0.034728
129680496894,0.275741,0.101098,0.040258,-0.006839,-0.001481,-0.001385,0.040000
129780559006,0.007173,-0.017285,-0.061036,-0.015519,-0.010628,-0.005052,0.016727
129880621118,-0.059585,-0.095686,-0.139127,-0.009612,0.005287,-0.006799,0.016710
129980683229,0.038988,-0.025960,-0.026916,0.010208,-0.003249,0.000524,0.009091
130080745341,-0.063216,0.076818,-0.053698,-0.003890,-0.002948,-0.006259,0.019056
130180807453,0.013351,-0.073528,-0.082637,0.022955,0.013529,0.004306,0.017231
130280869565,0.126976,-0.116356,-0.079903,0.009145,-0.002305,0.021632,0.010271
130380931677,0.186465,-0.060196,-0.075511,0.002455,0.006196,-0.003096,0.007315
130480993788,0.088640,-0.005349,-0.022087,-0.013489,-0.008826,0.010439,0.016619
130581055900,-0.146153,0.140522,-0.067436,0.000799,0.003932,-0.022245,0.013260
130681118012,0.039882,0.009974,-0.102878,-0.018275,-0.014327,-0.016274,0.010367
130781180124,-0.129244,0.149210,-0.033935,-0.020868,0.007491,-0.029441,0.016540
130881242236,0.070245,-0.065346,-0.028910,-0.026660,-0.001386,-0.025500,0.009029
130981304347,0.006730,0.254025,0.126364,-0.013508,-0.003225,-0.023374,0.014397
131081366459,0.135668,-0.163253,-0.076609,-0.031848,0.002634,-0.015162,0.013625
131181428571,-0.110504,-0.054466,-0.136202,-0.008446,-0.003540,-0.020058,0.025948
131281490683,-0.197250,-0.139945,-0.231338,-0.010229,-0.005103,0.007574,0.015081
131381552795,-0.033191,0.075615,-0.077963,0.004116,-0.001864,-0.018502,0.017608
131481614906,0.216301,0.011187,0.099609,-0.019218,-0.020586,-0.014369,0.022290
131581677018,-0.071863,0.100448,-0.021706,-0.015537,-0.004094,-0.026021,0.022148
131681739130,-0.031224,0.087420,-0.081768,-0.005695,-0.007212,-0.015290,0.009684
131781801242,-0.136830,-0.063595,-0.116547,-0.004546,-0.000703,-0.007294,0.031485
131881863354,-0.090763,0.069282,-0.051364,-0.013411,-0.003051,-0.008626,0.028758
131981925465,-0.045666,0.033716,-0.018921,-0.006099,-0.006167,-0.012599,0.013973
132081987577,0.063974,-0.069718,-0.095965,-0.013039,-0.013629,-0.004320,0.007012
132182049689,0.079736,-0.079796,-0.089783,-0.005589,-0.001344,-0.024207,0.010214
132282111801,0.080149,-0.195900,-0.130769,-0.003599,-0.016326,-0.015180,0.014304
132382173913,-0.073609,0.155885,0.003983,-0.004016,0.002757,-0.019051,0.017511
132482236024,-0.020961,0.010715,-0.010233,0.017769,-0.007077,-0.015996,0.012345
132582298136,-0.071379,0.117126,-0.048876,0.000713,0.007508,0.003904,0.014312
132682360248,-0.027615,-0.060377,-0.099204,0.020348,-0.002208,-0.007333,0.005849
132782422360,-0.060351,0.044607,-0.070535,0.003409,0.006120,0.009411,0.014650
132882484472,0.016481,0.072467,0.001527,0.019873,0.001111,0.007925,0.010300
132982546583,0.144169,0.121865,-0.092542,0.021151,0.013971,0.011322,0.013016
133082608695,0.129546,-0.074823,-0.091103,0.025328,0.000361,0.014034,0.026280
133182670807,-0.009735,-0.149292,-0.114526,0.003658,0.008592,-0.004779,0.036467
133282732919,0.001867,0.030666,-0.095348,0.014240,0.000499,-0.011034,0.020590
133382795031,-0.035451,0.050273,-0.004570,-0.005949,0.015319,-0.000570,0.019474
133482857142,0.019757,-0.248940,-0.172540,0.028958,0.000899,-0.009458,0.014937
133582919254,-0.007035,-0.037833,-0.133516,-0.001813,0.011637,0.017310,0.018956
133682981366,-0.065832,0.148105,0.028159,0.022615,-0.008768,-0.010375,0.021614
133783043478,-0.092310,0.219692,0.025026,-0.047578,0.007610,-0.003264,0.010411
133883105590,0.106018,-0.005072,-0.020764,0.013494,0.001461,0.011650,0.008056
133983167701,0.096354,-0.269418,-0.151634,-0.005480,0.004566,-0.000204,0.022148
134083229813,0.117632,-0.097980,-0.044172,-0.009479,-0.000941,0.005057,0.020839
134183291925,0.049447,-0.119223,-0.051655,-0.034420,0.011063,-0.004543,0.020925
134283354037,-0.112672,0.057051,-0.102088,0.004800,-0.007351,-0.008884,0.010923
134383416149,-0.046247,-0.061845,-0.086193,-0.018698,-0.003492,0.008635,0.008194
134483478260,-0.051453,0.006349,-0.080296,0.005634,-0.004294,-0.011425,0.010606
134583540372,0.037168,0.061788,-0.003910,-0.005551,-0.012223,0.004200,0.005078
134683602484,-0.230774,0.132540,0.003332,0.039768,-0.001160,-0.003887,0.018984
134783664596,-0.069458,0.040802,-0.093691,0.013059,-0.022332,0.003684,0.008698
134883726708,0.070015,-0.100338,-0.052819,0.026200,0.013704,0.002573,0.028671
134983788819,0.063307,-0.081194,-0.080078,0.038156,0.001466,0.010345,0.017927
135083850931,0.146561,0.094059,0.094809,0.008433,0.015334,0.014600,0.023385
135183913043,-0.283184,0.050794,-0.259261,0.014274,0.042827,0.031884,0.025932
135283975155,0.269656,-0.274397,-0.108446,0.003544,-0.003870,0.003777,0.016781
135384037267,-0.243734,-0.091115,-0.234561,-0.027947,-0.006313,-0.003376,0.017568
135484099378,-0.166669,0.236755,-0.007227,-0.034421,0.007704,-0.030743,0.022961
135584161490,-0.223141,0.324477,-0.007473,-0.060037,-0.008113,-0.019067,0.017343
135684223602,-0.126117,0.201200,0.036672,-0.046723,0.010101,-0.040399,0.004179
135784285714,0.264508,-0.051596,-0.006530,-0.034163,-0.011793,-0.013917,0.004520
135884347826,0.165671,-0.064381,-0.048414,-0.014079,-0.008151,-0.023436,0.011795
135984409937,0.190003,-0.220117,-0.074549,-0.025067,0.003238,-0.025098,0.011414
136084472049,-0.019342,0.142973,-0.021835,-0.035321,0.011697,-0.014090,0.026128
136184534161,0.200472,0.017169,0.037639,-0.015761,0.003477,0.023067,0.015504
136284596273,-0.403663,0.324973,0.024969,0.048883,-0.006955,0.003612,0.007886
136384658385,-0.050992,-0.156431,-0.161866,0.055887,-0.024661,0.041057,0.014705
136484720496,-0.406629,0.068653,-0.175158,0.073583,0.011188,0.025569,0.006698
136584782608,0.175458,-0.048345,-0.051641,0.093331,-0.010516,0.023007,0.021957
136684844720,0.212999,-0.091497,0.041753,0.064463,-0.001863,0.033818,0.012273
136784906832,0.230538,-0.215852,-0.061993,0.053423,0.003243,0.017868,0.009057
136884968944,0.035898,-0.179483,-0.074041,0.017546,-0.001387,0.015294,0.016678
136985031055,-0.228707,0.431049,-0.055386,0.044040,0.025418,0.044055,0.023016
137085093167,-0.061369,0.342552,0.013816,0.000452,0.013626,-0.000594,0.014670
137185155279,-0.223984,0.195529,0.036628,-0.044525,0.006807,-0.002553,0.012109
137285217391,0.098039,-0.372977,-0.216861,-0.042262,0.026512,-0.029966,0.011944
137385279503,-0.034104,-0.158299,-0.180815,-0.037782,-0.026488,-0.016255,0.005075
137485341614,-0.021156,-0.176966,-0.222644,-0.012928,0.018650,-0.006835,0.010052
137585403726,-0.158934,0.336537,0.060025,-0.036053,-0.012867,-0.018183,0.017754
137685465838,-0.142164,0.178540,-0.012034,-0.006794,-0.002605,-0.018847,0.025061
137785527950,0.050710,-0.075233,-0.083782,-0.011216,-0.002175,0.020015,0.014945
137885590062,0.029453,-0.216562,-0.166010,-0.016483,0.019363,-0.001252,0.007825
137985652173,-0.085902,-0.115519,-0.150011,-0.037090,0.010741,0.001220,0.011227
138085714285,0.208542,-0.037083,-0.040764,-0.026935,0.013397,-0.014934,0.015516
138185776397,-0.090158,0.031590,0.009711,-0.030474,0.000741,0.002332,0.004913
138285838509,0.006063,-0.040642,-0.006320,-0.020845,0.023892,-0.007403,0.012355
138385900621,-0.004950,-0.077493,-0.005533,-0.011425,-0.008238,0.007435,0.026058
138485962732,-0.021518,-0.075046,-0.194023,-0.032786,-0.001235,-0.007950,0.026384
138586024844,-0.010137,0.129203,0.034758,-0.022640,0.004808,-0.004891,0.016553
138686086956,-0.043782,-0.065514,-0.168521,-0.017015,0.004001,-0.006826,0.018348
138786149068,0.009338,-0.039736,-0.016003,-0.010078,-0.000402,0.006312,0.025111
138886211180,0.010746,0.077453,-0.073550,-0.004936,0.024066,-0.005120,0.009587
138986273291,0.045151,0.190629,0.023597,-0.004416,-0.008057,0.025225,0.011258
139086335403,-0.044042,0.028641,-0.092517,-0.012587,0.012496,0.006054,0.004270
139186397515,-0.023608,-0.209316,-0.107804,-0.000313,-0.008113,0.012978,0.003056
139286459627,-0.025409,-0.111738,-0.068562,-0.021474,0.009832,0.017909,0.003056
139386521739,0.101102,0.062447,-0.062761,0.008205,-0.000677,-0.001933,0.010746
139486583850,0.000503,0.153560,-0.040283,-0.005364,0.001766,0.008581,0.013628
139586645962,-0.037919,-0.081568,-0.123361,-0.001899,0.000542,-0.000304,0.004502
139686708074,-0.027548,0.038338,-0.086320,-0.015091,0.022459,-0.010409,0.010763
139786770186,0.053068,0.045220,-0.013002,-0.021123,-0.008027,0.016674,0.015560
139886832298,-0.092923,0.057234,-0.016801,-0.028189,0.019111,-0.008869,0.008151
139986894409,0.105282,0.049011,0.040273,-0.018293,-0.008999,0.009193,0.006220
140086956521,0.017031,-0.086021,-0.108272,-0.036073,0.003948,0.003475,0.021570
140187018633,0.037878,-0.056961,-0.099643,-0.024164,0.007097,-0.016158,0.031866
140287080745,-0.064782,-0.190179,-0.141579,-0.015426,0.011431,-0.008811,0.018300
140387142857,0.013848,0.000088,-0.088025,-0.017012,0.000299,0.008220,0.029183
140487204968,0.039424,0.102412,0.035075,0.022764,-0.004851,-0.006370,0.017061
140587267080,-0.024404,0.012113,-0.118211,-0.017586,-0.007806,0.011518,0.011606
140687329192,-0.162884,0.078915,-0.045436,-0.034110,0.013638,-0.004795,0.011111
140787391304,0.168843,-0.032026,-0.059499,-0.024169,-0.004087,-0.008158,0.007470
140887453416,0.073059,-0.119067,-0.111237,-0.042008,0.003031,0.002868,0.009617
140987515527,0.009821,-0.192647,-0.130373,-0.015541,0.002200,-0.016163,0.002950
141087577639,0.062523,0.037293,-0.060342,0.012601,0.000004,0.007092,0.009972
141187639751,-0.044273,-0.015847,-0.037936,-0.001422,-0.002261,0.001756,0.004051
141287701863,-0.019893,0.034845,0.029923,0.008151,-0.004159,-0.011961,0.015236
141387763975,0.083959,0.169695,0.073355,-0.003647,-0.005768,0.010172,0.010850
141487826086,-0.029250,0.001014,-0.070676,0.019995,0.009204,-0.014166,0.024150
141587888198,-0.020406,-0.063990,-0.081106,0.013855,-0.018103,0.008981,0.019764
141687950310,0.113209,0.029934,-0.045754,0.012299,0.007882,-0.005682,0.022553
141788012422,0.090530,0.035256,-0.084228,0.021679,-0.015541,-0.003185,0.026478
141888074534,0.072369,0.135338,0.128415,0.015421,0.010679,-0.008137,0.015446
141988136645,0.052270,0.027401,-0.095939,0.011838,0.002683,0.000262,0.012175
142088198757,0.086770,0.041382,-0.072491,0.015894,-0.000738,-0.001836,0.006800
142188260869,-0.142924,-0.141854,-0.150177,0.012609,-0.003862,0.013586,0.016653
142288322981,0.052744,0.018680,-0.082464,0.015473,-0.003148,-0.012034,0.016338
142388385093,0.047052,0.062822,-0.044600,0.006687,-0.022273,0.011433,0.013410
142488447204,-0.069112,-0.049934,-0.050286,0.013093,0.008911,-0.016664,0.018215
142588509316,0.024573,-0.013821,-0.093366,0.004659,-0.012911,-0.005134,0.014463
142688571428,0.022287,-0.077342,-0.130246,0.007894,0.000206,-0.005492,0.014873
142788633540,0.114329,0.071053,-0.010481,-0.003105,-0.002833,-0.000305,0.004413
142888695652,-0.045518,0.045464,0.028198,0.011458,-0.007104,-0.003148,0.016360
142988757763,-0.026572,0.164490,0.121551,-0.006129,-0.007915,0.008293,0.024219
143088819875,-0.025269,-0.073967,-0.111124,0.009011,0.005931,-0.016055,0.028454
143188881987,-0.022650,-0.188333,-0.161383,0.005153,-0.023781,0.013776,0.008644
143288944099,0.025863,-0.206672,-0.137892,0.005383,0.009627,-0.021491,0.020194
143389006211,0.075060,0.058560,-0.037951,0.013388,-0.010198,-0.006463,0.025653
143489068322,-0.037718,0.155830,0.094427,0.008431,-0.001280,-0.004446,0.017947
143589130434,-0.014846,0.008826,-0.063356,0.015844,-0.001443,-0.016177,0.014221
143689192546,-0.040906,0.010611,-0.023569,0.002001,-0.004456,0.007195,0.011411
143789254658,0.077554,0.044172,-0.075913,-0.007388,0.006351,-0.009703,0.012847
143889316770,0.016024,0.176799,0.014439,-0.007596,0.010690,-0.008705,0.013056
143989378881,-0.024587,0.009787,-0.049207,-0.018470,-0.003564,0.006479,0.011318
144089440993,-0.049868,-0.251221,-0.139229,-0.015222,0.015509,-0.016791,0.014589
144189503105,-0.005260,-0.040269,-0.043188,-0.012036,-0.013660,0.015106,0.009530
144289565217,0.051549,-0.063982,-0.037880,-0.023864,0.009950,0.002184,0.009884
144389627329,-0.151788,-0.370151,-0.309009,0.017853,-0.001038,0.011381,0.010000
144489689440,0.159018,-0.300212,-0.152722,-0.001062,0.017484,0.038609,0.008256
144589751552,0.066442,-0.200228,-0.135671,0.048834,-0.014215,0.011955,0.008803
144689813664,-0.115299,0.320922,0.038113,0.028380,0.005075,0.033378,0.009887
144789875776,-0.065798,0.046598,-0.179368,0.049914,0.011153,0.042670,0.006505
144889937888,-0.207993,0.365294,0.158888,0.028501,0.007671,0.028649,0.015105
144989999999,0.165084,-0.102210,-0.085159,0.013628,-0.007147,0.030329,0.005111
145090062111,-0.124639,0.203918,-0.030959,-0.008890,0.023489,0.005033,0.007641
145190124223,0.081204,-0.361871,-0.191940,-0.015850,-0.014153,0.008148,0.013313
145290186335,0.135957,0.028873,-0.036725,-0.040405,0.005840,0.001587,0.006874
145390248447,0.266699,-0.163359,-0.021786,-0.034537,-0.002713,-0.021039,0.023158
145490310559,-0.116751,-0.004730,-0.111332,-0.047792,0.002691,-0.023489,0.013209
145590372670,-0.194470,0.120723,-0.026901,-0.045068,0.003578,-0.014190,0.018220
145690434782,-0.188516,0.005641,-0.141150,-0.047959,0.009186,-0.028934,0.024415
145790496894,-0.021302,0.213949,0.045978,-0.023210,-0.005778,0.005237,0.018715
145890559006,0.098897,-0.128407,0.009940,-0.027978,0.016440,-0.007390,0.005226
145990621118,-0.067952,0.085950,0.096801,-0.000479,-0.017517,0.009114,0.009427
146090683229,0.159715,-0.223204,-0.150337,-0.011576,0.005085,0.015897,0.016297
146190745341,-0.006378,-0.034048,-0.056486,0.026190,-0.007195,0.001664,0.010643
146290807453,0.208061,-0.142855,-0.054705,0.004011,-0.003479,0.022406,0.021855
146390869565,-0.070951,0.030545,-0.100162,0.030138,-0.001555,0.008234,0.006649
146490931677,-0.049796,-0.112603,-0.091749,0.012293,-0.002276,0.010851,0.008536
146590993788,0.175772,0.058340,0.031800,0.023269,-0.000444,0.021126,0.013439
146691055900,0.109268,0.022906,0.021448,0.002304,0.004665,0.010741,0.014901
146791118012,0.045597,0.034853,-0.030156,0.018350,-0.005763,0.012867,0.005888
146891180124,-0.134676,-0.054738,-0.065451,-0.012053,-0.000015,0.016574,0.006773
146991242236,-0.292740,-0.139219,-0.183724,0.052624,-0.021862,0.002572,0.013281
147091304347,-0.021034,-0.002871,0.025062,0.027381,0.010842,0.013069,0.005773
147191366459,-0.118746,0.250196,0.016045,0.081312,-0.026643,0.005882,0.019720
147291428571,-0.230683,0.078746,-0.148464,0.022681,0.000743,0.020850,0.004603
147391490683,-0.337043,0.056772,-0.152955,0.046658,-0.001743,0.022681,0.012205
147491552795,0.130614,-0.026409,0.029561,0.026502,0.012499,0.015558,0.018396
147591614906,-0.064856,0.094570,0.017264,0.014311,-0.002654,0.012975,0.013545
147691677018,-0.228686,0.145433,-0.105942,-0.015850,0.022466,-0.000767,0.029608
147791739130,-0.566203,0.263433,-0.207601,0.060162,0.010637,0.026713,0.013528
147891801242,0.081080,0.154818,0.068419,0.007462,0.026737,0.012685,0.020360
147991863354,-0.254216,0.548246,0.069300,0.016238,0.005894,-0.012777,0.005290
148091925465,0.049712,-0.011603,0.072705,-0.046722,0.021594,-0.004510,0.012315
148191987577,0.194193,-0.482406,-0.256783,-0.029189,0.016684,-0.031103,0.021232
148292049689,0.137305,-0.378369,-0.171284,-0.061343,0.011013,-0.025489,0.021944
148392111801,0.213426,-0.224636,-0.080247,-0.037115,0.005616,-0.016499,0.013757
148492173913,-0.147717,0.042291,-0.123138,-0.027553,-0.021462,0.001798,0.021249
148592236024,-0.156065,0.092761,0.026451,0.024451,-0.008023,-0.012750,0.025788
148692298136,-0.026156,-0.135618,-0.160891,-0.029898,0.018912,0.010730,0.016881
148792360248,-0.002804,0.026150,-0.029640,0.009351,0.001021,0.009325,0.026117
148892422360,-0.098174,0.138945,-0.012592,-0.034150,0.017943,-0.007546,0.014108
148992484472,0.082155,-0.200719,-0.118157,0.008968,0.003552,-0.004709,0.014854
149092546583,-0.066021,-0.097429,-0.115332,-0.009270,0.000061,0.014010,0.010373
149192608695,0.322311,-0.276553,-0.001448,-0.089706,0.013590,-0.025941,0.020290
149292670807,0.009122,0.372113,0.158726,-0.012903,-0.018285,0.015950,0.021111
149392732919,0.182052,-0.276774,-0.029526,0.027240,-0.000052,0.008193,0.003337
149492795031,-0.032421,-0.112034,-0.160507,0.024045,0.007661,0.019427,0.022308
149592857142,0.129659,-0.480480,-0.300434,0.049264,-0.003286,0.010941,0.009187
149692919254,-0.086696,0.018027,-0.041858,0.009718,0.004168,0.021424,0.011669
149792981366,-0.095567,0.268955,0.105176,0.042939,0.015692,-0.013372,0.019435
149893043478,-0.062636,0.265270,0.098794,-0.008346,-0.003775,0.021025,0.004234
149993105590,-0.083674,0.132582,0.009157,0.015635,0.007393,-0.004877,0.012366
150093167701,-0.015488,-0.394840,-0.186264,-0.028408,0.002434,-0.007558,0.030654
150193229813,-0.065283,-0.048044,-0.023056,-0.009767,-0.006510,-0.011143,0.014334
150293291925,0.118487,-0.140986,-0.113763,-0.027353,0.019891,-0.013264,0.013833
150393354037,-0.109123,0.060249,-0.015984,-0.007070,-0.024973,0.008911,0.013889
150493416149,0.025846,-0.214913,-0.068350,-0.035726,0.000835,0.003102,0.003769
150593478260,-0.017817,0.013284,-0.060714,0.007580,-0.006790,-0.006009,0.010586
150693540372,-0.046650,0.010061,0.072912,-0.038967,-0.004471,0.009033,0.017607
150793602484,-0.252456,0.329966,0.043060,-0.006333,0.002552,-0.026833,0.015195
150893664596,0.107391,0.029592,0.047660,-0.018663,0.001191,-0.005838,0.005634
150993726708,-0.042202,-0.054195,-0.067834,0.004876,-0.003023,0.006859,0.023745
151093788819,0.064960,0.060552,0.002338,-0.023835,0.001179,-0.014064,0.004419
151193850931,0.109677,0.088144,0.078920,-0.003771,-0.011520,0.001674,0.034079
151293913043,-0.000520,-0.131653,0.009029,-0.037501,0.003758,0.011160,0.027502
151393975155,-0.094971,-0.010988,-0.170873,0.009064,-0.020173,-0.014990,0.024073
151494037267,-0.013013,-0.274202,-0.233547,-0.025299,-0.002470,0.006058,0.023105
151594099378,-0.157461,0.025128,-0.073813,0.000602,-0.008607,-0.006709,0.010770
151694161490,0.067821,0.089225,0.089413,-0.019737,-0.002539,-0.008164,0.011046
151794223602,-0.059943,0.239141,0.096178,0.016867,-0.011444,0.011586,0.027862
151894285714,-0.016238,-0.049702,-0.064664,-0.014607,0.010131,0.004315,0.019460
151994347826,-0.128647,-0.261472,-0.158468,0.015498,-0.020152,0.008327,0.021772
152094409937,-0.055226,-0.183627,-0.097228,-0.023515,0.003086,0.020874,0.014339
152194472049,0.048912,0.031839,-0.032744,0.019501,-0.014991,-0.005609,0.020712
152294534161,-0.036580,0.063569,-0.019554,-0.019775,-0.010543,0.009155,0.013496
152394596273,-0.038468,-0.095658,-0.050502,0.009624,-0.003850,-0.011279,0.010165
152494658385,-0.069872,-0.029510,-0.117613,-0.015953,-0.008250,-0.009755,0.021306
152594720496,0.066225,0.069901,0.017276,0.006535,-0.004345,0.000535,0.007736
152694782608,0.031618,0.149368,-0.017174,-0.022310,0.007659,-0.006576,0.009841
152794844720,0.043492,0.050748,0.076378,0.006677,-0.010648,-0.000239,0.032657
152894906832,-0.032873,-0.129875,-0.138460,-0.027166,-0.003225,0.003018,0.017017
152994968944,-0.024663,-0.098525,-0.066445,0.014145,-0.006311,-0.011742,0.014001
153095031055,-0.026878,-0.104935,-0.126259,-0.017156,-0.014575,0.009551,0.021544
153195093167,-0.016198,0.051929,0.052999,0.013717,0.004548,-0.025848,0.021152
153295155279,0.064142,0.050207,-0.033407,-0.006469,-0.016775,0.000651,0.018997
153395217391,-0.079123,-0.258413,-0.173134,0.002431,0.004758,-0.008945,0.011483
153495279503,0.055727,0.116388,0.001419,0.004448,-0.001454,-0.009214,0.011111
153595341614,-0.002377,0.050981,0.053401,0.014444,-0.001575,0.012442,0.002371
153695403726,-0.055624,0.037279,-0.028452,-0.004808,0.011244,-0.016075,0.003800
153795465838,-0.072020,-0.097789,-0.095795,0.019529,-0.002326,-0.009386,0.016352
153895527950,0.031254,-0.072160,-0.109694,-0.019098,0.015352,0.001605,0.013229
153995590062,0.063783,0.091994,-0.052941,0.025918,0.001836,-0.025813,0.008276
154095652173,-0.080274,0.033296,0.008339,-0.017034,0.005320,0.009918,0.024263
154195714285,-0.054666,-0.060798,-0.139654,0.012702,0.013941,-0.008213,0.004794
154295776397,-0.018415,-0.035523,-0.083380,-0.013397,-0.005749,0.004022,0.009742
154395838509,-0.164645,-0.217831,-0.185360,0.016072,-0.004697,-0.000050,0.015857
154495900621,0.112138,0.226601,0.059004,-0.010606,0.013598,-0.013911,0.013181
154595962732,0.070974,0.099970,-0.030384,0.021970,-0.009252,-0.004521,0.018653
154696024844,-0.045040,0.095966,0.032334,-0.016592,0.011957,-0.002371,0.014088
154796086956,-0.222046,0.203698,0.035019,0.007716,-0.012540,0.008077,0.017893
154896149068,-0.315750,0.206236,-0.021338,0.000675,-0.006169,0.025254,0.018056
154996211180,0.019661,0.078195,-0.036671,0.025903,0.015763,-0.008367,0.001753
155096273291,0.185539,-0.301177,-0.063612,0.011731,-0.011911,0.044014,0.023040
155196335403,-0.260928,-0.289938,-0.430931,0.017375,0.021129,0.017425,0.033522
155296397515,-0.376157,0.278175,0.079040,-0.053088,0.017897,-0.070070,0.034960
155396459627,0.289172,-0.069075,-0.028161,-0.044544,0.019688,-0.022367,0.018655
155496521739,-0.218360,0.378103,0.088972,0.003763,-0.013892,0.001097,0.006527
155596583850,0.163213,-0.361562,-0.357269,-0.003555,0.003873,-0.014796,0.024355
155696645962,0.064518,-0.078488,0.056960,0.035861,-0.008519,0.036787,0.012382
155796708074,0.075026,-0.336474,-0.184004,0.034156,0.003042,0.022835,0.007109
155896770186,0.065784,0.169693,0.081357,0.037391,-0.018736,0.016685,0.027374
155996832298,-0.155130,0.050818,-0.064328,-0.003760,0.000914,0.012433,0.028862
156096894409,-0.165109,0.227063,0.002994,0.037460,-0.017577,0.027414,0.014355
156196956521,-0.030070,-0.116414,-0.064027,-0.009361,0.001792,0.027222,0.017929
156297018633,0.150917,-0.210806,-0.116953,0.021683,-0.012829,0.008959,0.016978
156397080745,0.227205,-0.024375,0.069634,0.010222,0.003814,0.025486,0.004270
156497142857,0.022114,-0.018825,0.033041,0.009612,0.011128,-0.001103,0.014683
156597204968,-0.108454,-0.071479,-0.273908,-0.018073,-0.067073,0.017345,0.003389
156697267080,-0.121339,-0.274542,-0.357309,-0.003013,0.022217,-0.030441,0.013593
156797329192,-0.065549,-0.012391,-0.041910,-0.031076,0.022208,0.001586,0.006319
156897391304,0.017189,-0.160029,0.407562,-0.178925,0.002420,-0.041175,0.028295
156997453416,-0.555607,0.506014,0.057414,-0.083250,0.033299,-0.080895,0.028889
157097515527,0.130779,-0.019126,0.018157,-0.031203,-0.011529,-0.002845,0.026993
157197577639,0.047267,0.226135,0.149724,0.013999,0.035918,-0.018461,0.022066
157297639751,-0.117498,-0.120465,-0.168820,0.053660,0.021265,-0.027689,0.017062
157397701863,0.111312,-0.084455,-0.022531,-0.004322,0.011287,0.024860,0.018030
157497763975,0.031442,-0.290948,-0.192394,0.008659,0.017733,-0.029874,0.025931
157597826086,-0.732539,-0.107977,-0.507682,-0.119829,-0.083042,-0.028814,0.016329
157697888198,-0.138378,-0.153208,-0.222294,-0.010877,0.033080,0.002984,0.024812
157797950310,-0.337496,-0.153382,-0.230616,-0.022423,-0.017912,0.000279,0.017110
157898012422,0.219033,-0.022576,-0.006462,-0.012514,-0.011550,-0.009111,0.022934
157998074534,0.066180,-0.142607,-0.160199,0.049942,-0.021424,0.022474,0.011341
158098136645,-0.204123,0.109029,-0.163093,0.042755,0.024361,0.001117,0.011111
158198198757,-0.090579,-0.070434,-0.093108,-0.002723,-0.019397,0.027463,0.018749
158298260869,0.084301,-0.029519,-0.028620,-0.009134,0.026120,-0.012655,0.010155
158398322981,0.243447,0.119419,0.077603,-0.033823,-0.034283,-0.001405,0.006176
158498385093,-0.004847,-0.019095,0.077629,-0.019046,0.022217,0.002245,0.033440
158598447204,-0.084952,-0.151503,-0.208776,-0.003004,-0.019694,0.011852,0.017208
158698509316,0.064537,-0.094891,-0.032514,-0.009424,0.015477,0.009737,0.018039
158798571428,-0.176149,-0.228123,-0.236603,-0.002589,-0.000025,0.013544,0.009020
158898633540,-0.035148,0.247101,0.100893,0.004808,0.000005,0.009359,0.020944
158998695652,-0.003720,0.100809,-0.038393,-0.005219,0.002237,0.009103,0.039754
159098757763,-0.109061,0.245388,0.114959,0.003044,0.030703,-0.008577,0.028204
159198819875,0.055158,-0.245313,-0.116523,-0.013914,-0.006060,0.021834,0.005272
159298881987,-0.160194,0.005931,-0.034608,-0.004962,0.019385,-0.004331,0.015987
159398944099,0.213974,-0.147938,-0.091975,-0.026205,-0.009468,-0.002426,0.007041
159499006211,-0.144958,0.004900,-0.008043,-0.032536,0.017706,-0.000121,0.006119
159599068322,-0.029422,-0.077035,-0.003474,-0.027348,0.007994,-0.006278,0.013816
159699130434,-0.093382,-0.057713,-0.189549,-0.020598,0.006332,-0.007093,0.008106
159799192546,-0.097572,0.067370,0.016217,-0.031234,0.000972,0.001333,0.013842
159899254658,-0.083676,-0.019939,-0.088499,-0.018998,0.026272,-0.015273,0.032913
159999316770,-0.091372,0.248086,0.054026,-0.019406,-0.012879,0.025122,0.018986
160099378881,0.101719,-0.093458,-0.032063,-0.022068,0.024224,-0.005306,0.016128
160199440993,-0.024285,0.055489,-0.042740,0.012663,-0.022472,0.013790,0.008101
160299503105,0.155748,-0.137738,0.013907,0.029869,0.020512,0.003054,0.008056
160399565217,-0.110034,0.109633,-0.072514,0.038265,-0.011370,0.005189,0.011928
160499627329,0.048165,-0.035355,0.064284,0.022657,0.003873,0.021837,0.006963
160599689440,-0.225411,-0.145499,-0.117429,0.026363,-0.001924,0.000067,0.006944
160699751552,0.133016,-0.080283,-0.075214,0.018041,0.001829,0.014663,0.008053
160799813664,0.168366,0.402407,0.126930,0.007910,-0.040805,0.003819,0.013878
160899875776,-0.098041,0.112687,-0.002531,0.023605,-0.004465,-0.030059,0.016941
160999937888,-0.061349,0.049276,-0.059561,0.017985,-0.014991,0.013272,0.001121
161099999999,-0.005368,-0.140984,-0.021288,0.022232,0.010371,-0.006997,0.013056
161200062111,-0.241059,0.058587,-0.041593,0.039901,-0.012284,0.008252,0.018881
161300124223,0.026178,0.160779,0.041190,-0.027443,0.023966,-0.017180,0.006956
161400186335,0.003717,-0.073125,0.029195,-0.006763,-0.017414,-0.002123,0.016098
161500248447,-0.112846,-0.007700,0.004111,0.017913,-0.002188,-0.012823,0.008899
161600310559,-0.060989,-0.234868,-0.193213,-0.005684,-0.008631,0.018070,0.013040
161700372670,-0.001730,0.068961,-0.002907,0.020057,0.007192,-0.023569,0.008070
161800434782,0.113076,0.005303,-0.031900,0.013680,-0.016369,0.011597,0.011941
161900496894,-0.152391,0.142509,0.038059,0.017138,0.007476,-0.011783,0.011090
162000559006,-0.106566,-0.013964,-0.128227,0.020568,0.000302,-0.008168,0.007035
162100621118,-0.078925,0.036075,-0.062372,0.011174,0.000570,0.015403,0.023018
162200683229,-0.010572,-0.012272,-0.042393,0.025240,-0.003949,-0.000078,0.016958
162300745341,0.014517,-0.048379,-0.011686,0.001792,0.004576,0.003279,0.018852
162400807453,-0.405290,0.401431,0.069379,0.024608,0.000191,0.013172,0.013882
162500869565,0.060404,-0.106775,-0.060152,-0.103220,0.021547,-0.063747,0.013002
162600931677,0.375292,-0.602297,-0.134583,-0.073722,0.000874,-0.046709,0.007009
162700993788,0.205493,-0.298063,-0.085021,-0.059736,0.009757,-0.043898,0.013812
162801055900,0.241509,-0.280099,-0.062336,-0.010593,-0.008269,-0.023184,0.006120
162901118012,-0.370095,0.468482,0.083766,0.001442,0.017704,0.004592,0.006935
163001180124,0.046536,-0.195693,-0.135227,0.047959,0.002429,-0.001944,0.006157
163101242236,-0.361685,0.267268,-0.028068,0.024304,0.010271,0.036403,0.010048
163201304347,0.067918,0.069094,-0.041242,0.068005,0.069422,0.036657,0.013983
163301366459,-0.162965,0.350288,0.106239,0.038530,-0.008237,0.033159,0.021138
163401428571,0.142713,-0.048831,0.054148,0.061650,-0.009843,0.015969,0.022913
163501490683,-0.065625,-0.295445,-0.153497,-0.014703,0.005587,0.020825,0.013159
163601552795,-0.036348,-0.079597,0.011549,-0.003650,0.006204,0.015491,0.020078
163701614906,-0.253023,0.158847,-0.040982,-0.041935,-0.014340,-0.003001,0.024937
163801677018,0.215298,-0.130669,0.038775,0.073049,-0.035737,0.064373,0.021125
163901739130,-0.623797,0.315579,-0.022079,0.047850,0.011774,0.031653,0.021684
164001801242,0.328728,-0.264270,-0.064767,0.020919,0.001737,0.025445,0.007090
164101863354,0.047382,-0.385217,-0.156135,0.005505,0.014693,0.018158,0.014886
164201925465,0.157551,-0.265098,-0.149869,-0.024443,-0.007424,-0.016047,0.008948
164301987577,0.037155,0.106637,0.069300,-0.064048,0.004177,-0.021324,0.012044
164402049689,-0.475708,0.491717,0.088605,-0.070721,0.014158,-0.034153,0.016660
164502111801,-0.075802,0.212855,0.038093,-0.098543,0.020387,-0.048979,0.003014
164602173913,-0.438726,0.187751,-0.070074,-0.061789,-0.017291,-0.034396,0.001238
164702236024,0.643419,-0.187361,-0.309495,-0.049893,0.042717,-0.021018,0.007392
164802298136,0.047516,-0.129391,-0.159253,-0.044208,0.002302,-0.030234,0.026600
164902360248,0.110724,-0.267800,-0.152637,-0.091518,-0.009649,-0.011059,0.011853
165002422360,-0.260576,0.208440,0.024650,-0.012193,0.008887,-0.033531,0.008419
165102484472,-0.016565,-0.252814,-0.122462,-0.034551,-0.007027,-0.002736,0.022780
165202546583,-0.134436,0.435492,0.057920,0.010869,0.002284,-0.007973,0.012022
165302608695,-0.013682,-0.053842,-0.017253,0.003782,0.001310,-0.002253,0.015080
165402670807,-0.206840,0.273299,0.032173,0.036435,-0.008965,0.029601,0.018107
165502732919,0.011820,-0.260116,-0.055025,0.012999,-0.001314,0.023801,0.020273
165602795031,0.170434,-0.144695,-0.175752,0.057104,-0.011742,0.018974,0.029635
165702857142,0.234013,-0.101924,-0.049849,0.025471,-0.023744,0.040987,0.016921
165802919254,-0.098757,-0.154904,-0.092727,0.046797,0.010841,-0.009409,0.016338
165902981366,-0.115242,0.204271,-0.012077,0.012057,-0.018340,0.022857,0.023715
166003043478,-0.093349,-0.125539,-0.170420,0.025758,0.003174,-0.001362,0.018174
166103105590,-0.124267,0.094847,-0.042431,0.010593,-0.002747,-0.002689,0.021668
166203167701,0.109753,-0.003828,-0.004845,0.016143,-0.002730,0.016231,0.013056
166303229813,-0.059979,0.155560,0.033707,-0.003370,-0.005278,0.010522,0.012993
166403291925,0.041942,-0.028532,-0.055031,0.014051,-0.005928,-0.005915,0.011404
166503354037,0.173051,0.082876,-0.021928,-0.007117,-0.009826,0.018597,0.019460
166603416149,-0.126013,-0.080817,-0.058284,0.011285,0.003470,-0.023986,0.003860
166703478260,-0.014054,0.058253,-0.013759,0.003594,-0.014439,-0.003915,0.003577
166803540372,-0.130116,-0.267181,-0.197060,0.006043,0.011977,-0.006735,0.017633
166903602484,0.105858,0.078465,-0.078172,-0.014710,-0.002890,0.003218,0.006211
167003664596,0.048159,0.053851,-0.064733,-0.002016,0.019353,0.003800,0.008970
167103726708,-0.090285,-0.037965,-0.083924,-0.007459,-0.010966,0.006184,0.011215
167203788819,-0.114472,-0.017286,-0.083091,0.001343,0.003092,0.000740,0.014268
167303850931,-0.097232,-0.092797,-0.106583,0.007510,0.001183,0.004442,0.023621
167403913043,0.018863,0.240182,-0.001446,0.008681,0.005813,0.007988,0.017107
167503975155,-0.044878,-0.061738,-0.068656,0.002641,-0.009543,0.007159,0.020912
167604037267,-0.006530,0.038962,-0.117243,-0.006875,0.010925,-0.005324,0.015539
167704099378,-0.037300,-0.104750,-0.090269,0.008658,-0.010687,0.008115,0.002229
167804161490,0.107565,-0.006890,-0.036713,-0.020373,0.005186,-0.003819,0.008681
167904223602,0.056881,0.009843,0.038744,0.015253,-0.014684,-0.000832,0.005461
168004285714,0.154399,-0.113501,0.027826,-0.028091,-0.008850,0.010973,0.040552
168104347826,-0.225147,-0.076618,-0.261738,-0.002513,-0.017139,-0.023166,0.027101
168204409937,0.029365,-0.447966,-0.416653,0.097850,-0.057342,0.014210,0.006368
168304472049,0.318864,-0.243195,0.060592,0.104721,0.007530,0.045044,0.012665
168404534161,-0.383877,0.436428,0.036409,0.086595,-0.012385,0.045630,0.027514
168504596273,0.148478,-0.170442,-0.034229,0.045392,-0.013594,-0.008158,0.016290
168604658385,-0.474285,0.268318,-0.100088,0.044515,-0.016864,-0.000810,0.019767
168704720496,0.465468,-0.545399,0.611505,-0.004136,0.090875,0.043809,0.014712
168804782608,-0.054532,0.297939,0.023105,-0.001808,-0.015888,-0.003739,0.008796
168904844720,0.105784,-0.126481,-0.063787,-0.046718,0.005964,-0.027231,0.007523
169004906832,-0.091529,-0.269687,-0.231826,-0.002005,0.038398,-0.003950,0.018753
169104968944,0.080521,-0.009360,-0.033080,-0.026878,0.002289,0.002399,0.016705
169205031055,-0.022887,0.004340,-0.046802,0.003598,-0.004792,-0.005577,0.027147
169305093167,-0.102610,0.087713,-0.133882,-0.015196,0.011360,-0.009979,0.010764
169405155279,0.010939,-0.077381,-0.137532,0.010843,-0.011002,0.004949,0.024126
169505217391,-0.211360,-0.021108,-0.129672,-0.000265,0.027822,-0.001791,0.008476
169605279503,0.157461,0.178680,0.052125,0.033605,-0.000814,-0.005581,0.016258
169705341614,-0.115336,0.106572,-0.017008,-0.006559,0.005503,0.020125,0.018147
169805403726,0.069017,-0.004217,-0.013585,0.023303,0.013563,-0.005941,0.005000
169905465838,0.014476,-0.132726,-0.069985,-0.002922,-0.005316,0.025944,0.005486
170005527950,0.097964,-0.025243,-0.019916,0.003808,0.009363,0.013909,0.014058
170105590062,0.007191,0.020827,-0.004244,0.003756,-0.007124,0.002072,0.016774
170205652173,-0.076503,0.010450,-0.111024,0.015165,0.003012,0.000814,0.013386
170305714285,0.007347,-0.027966,-0.107687,-0.008616,0.001836,-0.011454,0.005857
170405776397,-0.152225,-0.127602,-0.146195,0.004129,-0.005577,0.002361,0.020000
170505838509,0.019089,0.037264,0.000451,-0.014739,0.000359,-0.000512,0.019530
170605900621,-0.068141,0.077325,-0.034444,0.011021,-0.008365,-0.009158,0.012010
170705962732,-0.026603,-0.018590,-0.125156,-0.008884,-0.015785,0.014950,0.013171
170806024844,-0.040555,-0.113234,-0.103538,0.018575,-0.005518,-0.020230,0.015117
170906086956,-0.109250,-0.244201,-0.170464,0.001901,-0.020027,0.006284,0.016944
171006149068,-0.222834,-0.120880,0.166498,-0.007064,0.031252,-0.011239,0.016142
171106211180,0.165658,-0.180420,-0.083546,-0.034884,0.006999,-0.015035,0.005700
171206273291,0.211710,-0.136398,0.118940,-0.042506,-0.012180,-0.034131,0.031487
171306335403,0.175346,-0.331280,-0.176502,-0.068306,-0.014633,-0.037700,0.009446
171406397515,-0.350375,0.153298,-0.079756,-0.023252,-0.001539,-0.026586,0.029609
171506459627,-0.094575,-0.028751,-0.063671,-0.031790,-0.009133,-0.019161,0.023512
171606521739,-0.259843,0.279060,0.018939,-0.030970,-0.019142,-0.043204,0.017929
171706583850,0.241258,-0.230326,-0.086759,0.026524,-0.032767,0.000125,0.015782
171806645962,0.267932,-0.324243,-0.107310,-0.059026,-0.006410,-0.101652,0.011831
171906708074,0.213669,-0.359681,-0.178104,-0.042713,-0.030388,-0.034900,0.022019
172006770186,-0.257706,0.548297,0.176919,-0.017939,0.021205,-0.023632,0.024278
172106832298,0.012250,-0.197357,-0.112986,0.015523,-0.014042,-0.052739,0.039669
172206894409,-0.305641,0.559428,0.104728,-0.058523,-0.011838,-0.012054,0.020000
172306956521,0.014649,0.041720,0.027914,0.084455,0.000914,0.009429,0.019865
172407018633,-0.286470,0.651573,0.126758,0.065411,-0.016354,0.052769,0.017841
172507080745,0.035970,-0.085721,-0.050261,0.091889,0.002909,0.035321,0.015138
172607142857,0.550250,-0.743546,-0.234945,0.104023,-0.021569,0.026153,0.016528
172707204968,0.727481,-1.242269,-0.377261,0.156350,-0.038036,0.102695,0.011251
172807267080,0.321426,-0.246503,0.032706,0.115684,0.003958,0.038134,0.013924
172907329192,-1.226129,1.457199,0.223577,0.089268,0.010748,0.003271,0.023677
173007391304,-0.102295,0.243780,0.096780,-0.059376,-0.012856,0.002784,0.008649
173107453416,-0.958966,1.102634,0.055931,-0.057476,0.013790,-0.063454,0.030000
173207515527,0.529920,-0.504849,-0.268456,-0.184442,-0.014973,-0.063078,0.029248
173307577639,-0.519457,0.383853,-0.017998,-0.090817,0.003672,-0.033034,0.019705
173407639751,0.425753,-0.261518,-0.046547,-0.073734,-0.001092,-0.056510,0.015114
173507701863,0.143976,-0.243510,-0.152496,-0.060587,0.005758,-0.024576,0.004361
173607763975,0.273817,-0.347340,-0.163395,-0.027221,0.011712,-0.016872,0.019375
173707826086,-0.026147,-0.320133,-0.187792,0.051077,-0.017473,0.027811,0.014053
173807888198,-0.133140,0.334202,-0.008299,-0.006322,0.001207,0.029880,0.036698
173907950310,0.157405,-0.052147,-0.081430,0.066945,-0.008994,0.022449,0.011972
174008012422,-0.344509,0.397308,0.059027,0.034864,-0.002908,0.052202,0.022033
174108074534,0.059563,-0.195286,-0.004655,0.079281,0.017739,0.044745,0.023773
174208136645,-0.150841,0.249827,0.030264,0.014225,0.018817,0.019245,0.030001
174308198757,0.200037,-0.349611,-0.154791,0.010206,-0.013155,0.019808,0.008124
174408260869,0.088956,0.100173,-0.035619,-0.006379,0.006404,0.005595,0.009394
174508322981,0.470517,-0.146506,0.079764,-0.004371,0.005538,0.002604,0.014260
174608385093,-0.078168,0.014327,-0.081671,-0.046829,0.014529,0.003962,0.006344
174708447204,-0.309754,0.102738,-0.118772,-0.013011,-0.016699,-0.032728,0.008889
174808509316,-0.296895,-0.069876,-0.220604,-0.054239,0.002853,-0.009085,0.009078
174908571428,-0.014435,0.135566,0.012871,-0.026747,0.004210,-0.019903,0.011540
175008633540,0.221500,-0.055309,0.031623,-0.047290,0.012572,-0.019985,0.016447
175108695652,0.067563,0.147751,0.061366,-0.023901,-0.007541,0.004483,0.019662
175208757763,-0.030046,-0.127233,-0.131431,-0.031083,0.022877,-0.002631,0.017157
175308819875,-0.113909,0.012409,-0.082772,-0.011303,-0.021528,0.015155,0.026194
175408881987,0.093628,0.066801,-0.067705,-0.011863,0.004860,0.005615,0.007043
175508944099,-0.062575,0.108413,-0.080131,-0.006774,0.018412,0.009578,0.007608
175609006211,-0.025985,0.024863,-0.010170,0.010477,0.001153,0.002343,0.003406
175709068322,0.069912,0.019287,-0.050057,0.001160,0.002164,0.010481,0.008582
175809130434,0.100234,-0.041263,-0.047395,0.022942,0.017852,-0.019144,0.024366
175909192546,-0.039292,-0.055974,-0.049658,-0.005093,-0.010142,0.024414,0.018694
176009254658,0.014354,0.051322,-0.081232,0.019222,-0.006028,-0.004110,0.023972
176109316770,0.114520,0.101310,0.024910,-0.016908,0.013590,-0.013160,0.014924
176209378881,-0.125122,0.047624,-0.037092,0.014678,-0.013355,-0.006784,0.022838
176309440993,0.052281,0.023289,-0.055090,-0.015730,0.020520,-0.024779,0.002416
176409503105,-0.101922,-0.026384,-0.157412,0.004925,-0.006740,-0.028245,0.007235
176509565217,-0.010784,-0.140878,-0.083801,-0.018043,0.008700,-0.003439,0.009708
176609627329,0.219173,0.040042,-0.019280,-0.002987,0.000541,-0.019702,0.006757
176709689440,0.626438,-0.114812,-0.052841,-0.042944,-0.008542,-0.041415,0.006749
176809751552,-0.051304,-0.091319,-0.037054,-0.015475,0.000298,0.006233,0.022947
176909813664,-0.267169,0.238360,-0.084994,0.010690,0.011189,-0.008474,0.020881
177009875776,0.040404,-0.038106,0.039219,0.007874,0.006948,0.032417,0.012867
177109937888,-0.308920,0.082998,-0.177615,0.038341,0.026875,0.033127,0.027398
177209999999,0.198847,0.036178,0.032444,0.032419,-0.011812,0.021448,0.013889
177310062111,-0.098228,0.286210,-0.017035,0.044589,-0.002259,0.019454,0.013498
177410124223,0.189151,-0.097861,0.020706,-0.001335,0.018420,0.011054,0.011125
177510186335,-0.038717,-0.194184,-0.184467,0.020609,0.010363,-0.008162,0.021394
177610248447,-0.081997,-0.193542,-0.200657,-0.052253,-0.003542,0.031153,0.023291
177710310559,0.176697,-0.231435,-0.107736,-0.040604,0.006900,-0.021430,0.018056
177810372670,-0.130334,0.218312,-0.029639,-0.040529,-0.001912,-0.011508,0.017422
177910434782,-0.069347,-0.235897,-0.357343,-0.004178,0.040985,-0.022495,0.012147
178010496894,0.002625,0.135772,0.049025,-0.014472,0.028854,-0.031649,0.013277
178110559006,-0.152946,-0.119555,-0.113064,0.009633,0.007679,-0.005009,0.009199
178210621118,-0.018332,0.042915,-0.007487,-0.014902,0.001889,-0.009666,0.019538
178310683229,0.064564,0.142584,-0.029315,0.027542,0.007897,-0.029617,0.024050
178410745341,-0.010206,-0.113527,-0.058422,-0.018255,0.000282,0.031029,0.015574
178510807453,0.108012,-0.016049,0.057828,0.020653,0.013439,0.001699,0.012402
178610869565,0.000365,-0.157208,-0.152160,-0.025301,0.006067,0.021799,0.022391
178710931677,-0.352001,0.260261,-0.083658,0.061892,0.002992,0.048473,0.018038
178810993788,-0.350549,0.312817,-0.075066,0.094281,0.018195,0.028585,0.025418
178911055900,-0.076772,0.148229,0.043546,0.109056,0.012626,0.058493,0.011827
179011118012,0.545146,-0.477106,-0.105051,0.051197,0.012676,0.047706,0.004292
179111180124,0.041909,-0.066218,-0.110801,0.058414,0.005138,0.002343,0.021254
179211242236,0.314649,-0.445080,-0.115598,-0.030028,0.013794,0.020384,0.007413
179311304347,-0.138736,0.361272,0.000373,-0.026883,0.017824,-0.018525,0.011771
179411366459,0.389128,-0.051127,-0.015326,-0.079540,0.005904,-0.024036,0.016155
179511428571,-0.313560,0.354499,0.030219,-0.062002,0.005212,-0.030983,0.009778
179611490683,-0.067860,-0.057836,-0.142521,-0.067623,0.017788,-0.043652,0.008726
179711552795,0.046691,0.208514,0.258936,0.046392,-0.027241,0.008458,0.014467
179811614906,-0.438684,-0.067192,-0.423119,0.006475,0.059223,0.013991,0.017986
179911677018,0.457729,-0.214636,-0.048754,0.077338,-0.000268,0.048109,0.012863
180011739130,0.006553,0.148071,0.056980,0.015151,0.008686,0.037039,0.026698
180111801242,0.215099,-0.210207,-0.027739,0.047966,-0.003649,0.043526,0.029931
180211863354,0.060686,-0.250547,-0.207534,0.034742,0.000708,0.035654,0.022034
180311925465,0.520461,-0.408501,0.035936,0.070703,0.014300,0.010189,0.027233
180411987577,-0.384378,0.392158,-0.113957,0.041152,0.024392,0.032749,0.014267
180512049689,-0.293908,0.203333,-0.026598,-0.001511,-0.006961,0.013405,0.009257
180612111801,-0.628763,0.206104,-0.235419,-0.009873,0.015776,-0.020240,0.011944
180712173913,0.439386,-0.645209,-0.218671,0.084663,-0.022622,0.080108,0.012181
180812236024,-0.087293,0.286693,0.132821,0.060656,-0.009024,0.074168,0.013277
180912298136,0.246188,-0.114418,0.112884,0.054516,0.011010,0.004533,0.010631
181012360248,0.216516,-0.368995,-0.174823,-0.045586,-0.000336,0.010464,0.022300
181112422360,0.252900,-0.522913,-0.266537,0.084511,-0.011674,0.074364,0.016944
181212484472,-0.272583,0.290701,-0.042793,0.036648,0.007902,0.028809,0.018817
181312546583,-0.143578,0.278174,-0.011009,0.052328,-0.008894,0.043117,0.029331
181412608695,-0.251814,0.302943,0.147806,0.046400,0.007577,0.047555,0.010200
181512670807,0.110017,-0.403779,-0.187067,0.004913,-0.037827,0.039281,0.005438
181612732919,0.017291,0.075677,0.163373,-0.027029,0.054721,0.080276,0.017491
181712795031,0.078932,-0.283570,-0.253553,-0.009888,0.005706,-0.023782,0.024385
181812857142,-0.000513,0.086864,0.028532,-0.043801,0.003077,-0.005906,0.010052
181912919254,-0.021976,-0.059566,-0.153894,-0.002906,0.025595,0.000173,0.030968
182012981366,0.131593,-0.089883,0.011324,-0.007715,-0.004103,-0.022389,0.027800
182113043478,-0.409206,0.152218,-0.161856,-0.050114,-0.034191,0.001438,0.013056
182213105590,-0.166441,-0.078756,-0.151840,-0.009917,0.001388,-0.008767,0.012509
182313167701,0.063341,0.097099,0.020316,0.007792,-0.019033,0.023072,0.009840
182413229813,-0.118405,-0.098501,-0.095026,-0.010669,0.015475,0.031572,0.018096
182513291925,-0.052501,0.008901,-0.040888,0.009081,0.002505,-0.004356,0.029117
182613354037,-0.076512,-0.086681,-0.166757,-0.000734,0.000269,0.015267,0.016111
182713416149,-0.006620,-0.176405,-0.078707,-0.010793,0.008601,0.012099,0.016111
182813478260,-0.050226,-0.184910,-0.127211,-0.008285,0.021013,-0.014646,0.016785
182913540372,0.171605,0.104495,-0.002861,-0.027351,0.000010,0.018815,0.021638
183013602484,-0.133996,0.029154,-0.016175,-0.021672,0.016246,-0.004875,0.025000
183113664596,0.005245,-0.011744,0.001039,-0.021926,-0.004524,-0.004593,0.024734
183213726708,-0.047122,-0.088145,-0.090157,-0.019515,0.004637,-0.000529,0.024009
183313788819,-0.029539,-0.072821,-0.104822,-0.018015,0.004907,-0.004917,0.028353
183413850931,0.063534,0.034880,-0.031098,0.004277,-0.005682,0.008456,0.017632
183513913043,-0.056467,-0.032379,-0.038499,-0.009747,-0.001745,0.008802,0.015966
183613975155,0.067776,0.008577,-0.038677,0.019950,-0.008330,-0.000685,0.020120
183714037267,-0.035705,-0.136814,-0.187139,-0.007326,-0.009018,0.016218,0.010020
183814099378,-0.023387,-0.025190,-0.013589,0.020709,0.003347,-0.011714,0.016944
183914161490,0.040414,0.102911,0.042301,0.000270,-0.010905,0.005505,0.016826
184014223602,-0.014576,0.189838,0.063761,0.010165,0.009090,-0.008028,0.015953
184114285714,-0.053086,-0.066358,-0.122329,0.006994,0.002360,-0.005686,0.015437
184214347826,-0.048054,-0.302622,-0.183401,0.015883,-0.011406,0.014906,0.016621
184314409937,-0.045627,-0.179080,-0.103907,0.004892,-0.007181,0.003762,0.007615
184414472049,0.103524,0.006136,-0.048206,0.021834,0.000670,0.003171,0.006889
184514534161,-0.152600,0.111027,-0.058420,0.009160,-0.003247,0.028629,0.018056
184614596273,-0.013039,-0.039894,-0.080526,0.031441,-0.003869,-0.010266,0.018177
184714658385,-0.045251,0.024608,-0.109385,0.005093,-0.010322,0.016473,0.019500
184814720496,0.057154,-0.108366,-0.032056,0.018553,0.006937,0.000570,0.022442
184914782608,0.003035,0.056579,-0.019930,0.004620,-0.004174,0.001065,0.019792
185014844720,0.057565,0.006552,0.044715,0.001344,-0.009199,0.003742,0.023351
185114906832,0.054620,-0.155293,-0.119109,-0.019882,0.001214,-0.004927,0.017036
185214968944,0.086750,-0.072443,-0.077694,0.005677,-0.009587,-0.011965,0.032297
185315031055,-0.001876,-0.250860,-0.131137,-0.007329,-0.001938,0.011561,0.015441
185415093167,0.053791,0.136489,0.050880,0.019634,0.026534,-0.002368,0.010131
185515155279,0.028988,0.089895,0.004779,-0.012881,-0.020976,-0.009152,0.024856
185615217391,-0.162869,-0.007607,-0.214870,0.033734,0.006878,-0.003899,0.008762
185715279503,-0.104868,-0.042761,-0.085120,0.034419,-0.023139,0.014101,0.021945
185815341614,-0.156613,0.012810,-0.126130,0.025386,0.002761,0.010626,0.037227
185915403726,0.121656,0.030265,-0.031031,0.019973,-0.012305,0.003352,0.026344
186015465838,-0.146589,0.214415,0.052803,-0.003532,0.012057,-0.004124,0.017417
186115527950,-0.045049,0.288781,0.186838,-0.040494,-0.023452,-0.034897,0.020173
186215590062,-0.061294,-0.171986,-0.169426,-0.014896,-0.001396,-0.017799,0.018296
186315652173,0.146979,-0.262522,-0.210272,0.002663,-0.022842,-0.004723,0.005403
186415714285,0.099518,-0.048121,-0.132911,0.005240,0.024426,-0.002052,0.018361
186515776397,0.059998,-0.106985,-0.006692,0.027926,-0.000587,0.008816,0.017151
186615838509,-0.060512,0.061074,-0.077672,0.014063,0.010195,0.005921,0.002912
186715900621,0.116995,-0.189467,-0.149286,0.011763,-0.007027,0.023797,0.008365
186815962732,-0.080384,0.103099,-0.015023,0.006904,0.004762,0.018592,0.009690
186916024844,0.013846,0.151140,0.070249,0.001691,0.007741,-0.000031,0.010771
187016086956,-0.041404,0.206565,0.058734,-0.004247,0.005535,0.002592,0.024017
187116149068,0.020475,-0.070204,-0.045852,-0.025975,0.010551,0.000621,0.018440
187216211180,-0.001897,-0.387272,-0.234268,-0.009551,0.020378,-0.021647,0.014310
187316273291,-0.003042,-0.209407,-0.111526,-0.031503,-0.007580,0.012738,0.008074
187416335403,0.049764,-0.075490,-0.142315,-0.022412,0.016449,-0.009287,0.022119
187516397515,-0.135719,0.144386,0.042894,-0.030499,-0.004221,-0.001768,0.013557
187616459627,-0.113161,-0.066558,-0.058692,-0.012224,0.004487,0.003094,0.014602
187716521739,0.003977,-0.066368,-0.054216,-0.018775,0.022510,-0.001115,0.006118
187816583850,0.247511,-0.313007,-0.107984,-0.035447,0.012683,-0.027949,0.005768
187916645962,0.193825,-0.191543,-0.055079,-0.037986,0.011964,-0.008240,0.021856
188016708074,0.094748,0.059382,0.009257,-0.039090,0.015315,-0.021663,0.008942
188116770186,-0.181624,0.086971,-0.048739,-0.037967,-0.005478,-0.011132,0.021518
188216832298,-0.069528,0.058297,-0.046135,-0.033819,0.016444,-0.020290,0.014731
188316894409,-0.016853,-0.158389,-0.103668,-0.013309,-0.008596,-0.001003,0.020578
188416956521,0.125434,-0.102887,-0.080713,-0.039807,0.004046,-0.010230,0.025874
188517018633,0.228408,-0.172331,-0.018083,-0.021493,-0.009396,-0.026092,0.011584
188617080745,0.626846,-0.404397,0.124942,-0.078206,-0.053192,-0.044873,0.016973
188717142857,-0.038563,-0.208087,-0.211071,0.078774,-0.034095,0.029256,0.031421
188817204968,0.413658,-0.348657,-0.058477,0.069302,-0.008292,0.042089,0.027694
188917267080,-0.202636,0.131792,-0.123859,0.084132,0.007845,0.054288,0.020745
189017329192,-0.061540,0.250282,-0.024671,0.083234,-0.010736,0.055327,0.016203
189117391304,-0.265872,0.241368,-0.093895,0.077101,0.001881,0.044480,0.021413
189217453416,0.246831,-0.192813,-0.010066,0.008827,-0.000649,0.033963,0.018743
189317515527,-0.010631,0.262496,0.100250,-0.035156,-0.020411,-0.014594,0.017326
189417577639,-0.059642,0.270965,0.148610,-0.030084,0.000598,-0.009650,0.013742
189517639751,0.046334,-0.183011,-0.096727,0.030836,-0.000187,-0.001394,0.013056
189617701863,0.155971,-0.177872,-0.076844,0.016292,-0.021666,0.009100,0.015514
189717763975,0.034731,0.004720,0.065784,-0.006328,0.008143,-0.003768,0.025020
189817826086,-0.069471,-0.003434,0.030723,-0.012149,0.003125,0.007911,0.015715
189917888198,0.071753,-0.147209,-0.068825,0.018521,-0.001742,0.000811,0.011951
190017950310,0.133372,-0.224274,-0.089969,0.004008,-0.000808,0.008454,0.005898
190118012422,0.028884,-0.006786,-0.019133,0.042370,0.009610,0.007884,0.017838
190218074534,0.134783,-0.042723,0.055071,-0.022352,0.018254,-0.002238,0.012503
190318136645,0.078374,-0.229573,-0.146608,0.004202,0.007897,-0.014688,0.013275
190418198757,-0.073847,-0.010781,-0.121653,-0.010638,0.011717,0.007868,0.024770
190518260869,-0.235973,-0.161162,-0.206079,0.015167,0.011047,-0.011459,0.014210
190618322981,0.189280,-0.414693,-0.159644,0.068847,0.002601,0.023413,0.029951
190718385093,-0.072740,-0.139276,-0.139990,0.018521,0.008625,0.025542,0.014783
190818447204,0.124617,-0.430093,-0.191598,-0.016203,0.012626,-0.004069,0.011297
190918509316,-0.106569,0.236860,-0.011053,-0.012246,0.013151,-0.001676,0.023641
191018571428,-0.139816,0.147946,0.067146,-0.031459,0.002993,-0.009806,0.030905
191118633540,-0.075243,-0.071814,-0.071254,0.000638,-0.014130,-0.015579,0.026480
191218695652,-0.129360,0.103321,0.009265,-0.018367,0.016886,0.004440,0.011267
191318757763,-0.031014,-0.010718,-0.067078,-0.024009,0.024871,-0.004937,0.014029
191418819875,-0.080870,0.247045,0.046453,-0.015536,-0.009257,0.014026,0.021905
191518881987,0.310386,-0.278509,-0.030285,0.027315,0.008590,0.006461,0.018465
191618944099,0.110395,-0.174754,-0.164267,0.008639,-0.004332,0.030998,0.024263
191719006211,0.214531,-0.329878,-0.155255,0.017104,-0.000232,0.013736,0.019210
191819068322,-0.130653,-0.007686,-0.105937,0.020847,0.010195,0.016984,0.012223
191919130434,-0.034815,0.342725,0.051046,0.030046,0.005130,0.014287,0.017529
192019192546,-0.067640,0.201638,-0.015688,0.009306,0.001256,0.022778,0.016908
192119254658,-0.043613,0.078141,-0.003675,0.010278,0.009408,0.000041,0.008168
192219316770,0.115938,-0.198426,-0.090971,-0.013401,-0.000168,0.016984,0.021818
192319378881,-0.008609,-0.056000,-0.050900,-0.014390,0.014582,-0.003094,0.003889
192419440993,0.186401,-0.144071,-0.082876,-0.024465,-0.010070,-0.005777,0.007021
192519503105,-0.098346,0.009576,-0.018680,-0.023032,0.007807,-0.004467,0.017670
192619565217,0.003724,-0.130496,-0.064250,-0.028455,0.005660,-0.011107,0.009414
192719627329,-0.076971,0.000465,-0.094820,-0.021002,0.009508,-0.012601,0.012274
192819689440,-0.003857,0.007477,-0.043327,-0.020417,-0.001263,0.000374,0.002478
192919751552,0.011147,0.073437,-0.038426,-0.021491,0.012515,-0.011654,0.009208
193019813664,-0.033416,0.030149,-0.019430,-0.016518,-0.005604,0.012301,0.012513
193119875776,-0.036363,-0.030573,-0.083440,-0.010691,0.007271,-0.003771,0.008766
193219937888,-0.042493,0.020056,-0.054328,0.002809,-0.005691,-0.001524,0.015668
193319999999,-0.037398,0.169280,0.018587,-0.024396,0.011847,-0.024279,0.013889
193420062111,0.032569,-0.194369,-0.131339,-0.004802,0.003529,-0.025476,0.013889
193520124223,0.022282,-0.153938,-0.081481,-0.007707,0.009785,0.002209,0.014895
193620186335,-0.086120,-0.166330,-0.197400,0.021314,0.015686,-0.002659,0.016870
193720248447,0.071363,0.018605,-0.032793,0.000371,-0.006707,0.012553,0.013782
193820310559,0.027280,0.032292,-0.020736,0.034869,0.001231,0.004559,0.030178
193920372670,0.003947,-0.106936,-0.053418,-0.003807,-0.000496,0.014608,0.016682
194020434782,-0.125105,-0.084929,-0.180989,0.017748,0.003667,-0.001371,0.010894
194120496894,-0.082664,-0.163992,-0.257957,-0.015717,0.011860,0.000342,0.021147
194220559006,0.052558,-0.094432,-0.031872,0.007483,-0.000348,0.004241,0.018455
194320621118,0.265137,-0.034084,0.046277,0.001343,0.011100,0.017092,0.021833
194420683229,0.277717,0.048070,0.011061,0.027588,-0.006904,-0.002111,0.029751
194520745341,0.016771,-0.095212,-0.129749,0.007628,-0.001914,-0.043847,0.028042
194620807453,-0.001174,-0.170100,-0.182463,0.004970,0.001952,-0.011917,0.012241
194720869565,0.094649,-0.284376,-0.175608,-0.023629,0.009721,-0.013977,0.024188
194820931677,-0.057217,0.113246,-0.084888,-0.025370,-0.001980,-0.037778,0.019018
194920993788,-0.229413,0.370543,-0.238600,-0.072505,-0.012638,-0.052306,0.010645
195021055900,-0.171075,0.164427,-0.119761,-0.008632,-0.025117,-0.034371,0.007661
195121118012,-0.331490,0.226300,-0.168225,0.062274,0.022534,0.034365,0.004933
195221180124,0.025091,-0.088622,0.022492,-0.014481,0.002572,-0.017336,0.011297
195321242236,0.244786,-0.330756,-0.086474,-0.054593,0.007652,-0.030137,0.008889
195421304347,-0.057010,0.188770,0.044626,-0.044964,0.010104,-0.025462,0.007646
195521366459,-0.256351,0.222174,-0.058616,-0.058214,0.004501,-0.029326,0.003886
195621428571,-0.138956,0.194219,-0.043888,-0.041973,0.009790,-0.027420,0.007837
195721490683,0.050353,0.000516,-0.066625,-0.035011,-0.000125,-0.017689,0.012783
195821552795,0.595080,0.010995,-0.016860,-0.002100,0.009939,-0.009988,0.019787
195921614906,0.160592,0.051816,0.001330,-0.002384,-0.004446,0.003687,0.019813
196021677018,0.177645,-0.324155,-0.152353,0.044316,-0.002553,0.009215,0.006972
196121739130,-0.231455,-0.077657,-0.138651,0.033424,0.005737,0.040486,0.005894
196221801242,0.142729,-0.238277,-0.135675,0.059537,0.003161,0.025307,0.016717
196321863354,-0.150277,0.351602,0.042703,0.043404,-0.009904,0.044716,0.015002
196421925465,-0.162485,0.092776,0.037646,0.045208,0.002644,0.029891,0.005679
196521987577,-0.174216,0.244386,0.074728,0.015362,-0.002882,0.015211,0.021761
196622049689,0.070888,-0.196112,-0.144650,0.007928,0.000248,0.014654,0.018416
196722111801,0.132339,-0.246798,-0.133909,-0.016370,0.013986,0.003451,0.011591
196822173913,0.275953,-0.156671,-0.015891,0.010438,0.025280,-0.001052,0.021542
196922236024,0.041205,-0.239692,-0.248519,-0.004395,0.015990,-0.044512,0.020585
197022298136,-0.508845,0.098249,-0.222877,-0.015133,-0.027117,0.002005,0.011511
197122360248,-0.085857,-0.146571,-0.187991,-0.046580,0.024658,-0.011343,0.010248
197222422360,-0.054478,-0.076516,-0.159012,0.021925,-0.012978,0.017224,0.009990
197322484472,0.022548,0.166950,0.095967,0.002507,-0.009997,0.014020,0.008110
197422546583,0.181567,0.027350,0.004637,-0.017598,-0.005352,-0.033077,0.018382
197522608695,0.128934,-0.075055,-0.090583,-0.122883,-0.044400,-0.105580,0.025227
197622670807,-0.780800,0.645419,0.037067,-0.142655,0.015719,-0.076988,0.008448
197722732919,-0.126070,0.080283,-0.043266,-0.145852,-0.004032,-0.057726,0.006060
197822795031,-0.539945,0.550157,-0.043740,-0.090014,-0.019351,-0.097270,0.006918
197922857142,0.211107,-0.247881,0.001944,-0.070763,-0.018487,-0.046532,0.016127
198022919254,-0.218331,0.291797,-0.001524,-0.002100,-0.003192,-0.028701,0.003947
198122981366,0.413150,-0.587045,-0.122227,0.018626,-0.012760,-0.001709,0.007391
198223043478,0.246321,-0.122313,-0.105950,0.069853,-0.010142,0.026231,0.010745
198323105590,0.433596,-0.276519,-0.062974,0.080634,-0.009375,0.039047,0.014441
198423167701,-0.179790,0.047794,-0.032295,0.092475,-0.002924,0.050776,0.007720
198523229813,-0.332531,0.267144,-0.051147,0.089642,-0.016173,0.046555,0.013507
198623291925,-0.194619,0.127782,-0.072763,0.076091,-0.006944,0.028699,0.011959
198723354037,-0.164084,0.093393,-0.047284,0.042991,-0.006583,0.026134,0.005448
198823416149,0.201900,-0.201026,-0.049002,0.022995,-0.004800,-0.008535,0.013692
198923478260,-0.078335,-0.006361,-0.008448,-0.003443,-0.014607,-0.004291,0.007947
199023540372,0.190245,-0.419849,-0.195306,-0.024640,0.008087,-0.032821,0.020358
199123602484,-0.207234,0.086557,-0.053197,-0.006663,-0.017885,-0.009416,0.013150
199223664596,-0.055108,0.038684,-0.053537,0.033531,-0.013836,0.008080,0.027668
199323726708,0.150816,0.051029,-0.008050,0.024979,-0.006514,0.013523,0.025518
199423788819,0.018032,-0.125207,-0.047297,0.029024,-0.009911,0.004291,0.011574
199523850931,0.085168,-0.255424,-0.079662,-0.005504,-0.003951,0.001281,0.012062
199623913043,0.140404,-0.617034,-0.247993,-0.043488,0.035410,-0.042069,0.009885
199723975155,-0.295484,0.458350,0.171125,0.011300,0.010315,-0.003135,0.014987
199824037267,-0.135874,0.098456,-0.001179,-0.004693,0.002926,0.004981,0.020577
199924099378,-0.067588,-0.082757,-0.078320,-0.020189,0.003853,0.017616,0.018420
200024161490,-0.170175,-0.281063,-0.469810,-0.019012,-0.002974,0.004337,0.017414
200124223602,-0.027467,-0.499433,-0.456115,0.047506,-0.031644,0.025285,0.018889
200224285714,-0.128710,0.203493,0.119399,0.026985,-0.008486,0.007389,0.017202
200324347826,-0.269828,0.284000,0.078424,-0.017837,0.030534,0.020763,0.012688
200424409937,-0.206793,0.270066,0.061485,-0.033689,0.029438,0.003753,0.015746
200524472049,-0.143096,0.076538,-0.112561,-0.054380,0.001495,-0.020242,0.019483
200624534161,-0.092914,0.075078,-0.005999,-0.052732,0.003877,-0.025843,0.026342
200724596273,-0.114454,0.047748,-0.045269,-0.048253,0.008195,-0.005987,0.027740
200824658385,0.047705,-0.153343,-0.147626,-0.043602,0.015520,-0.013099,0.009163
200924720496,-0.065807,0.090664,-0.040355,-0.022691,-0.014205,0.001194,0.009519
201024782608,0.069770,-0.180943,-0.029569,-0.018626,0.008526,0.007581,0.009019
201124844720,0.145084,-0.129912,-0.082817,0.016510,-0.009182,0.016000,0.011461
201224906832,0.095397,-0.297392,-0.180407,0.019150,-0.007685,0.020285,0.010484
201324968944,0.023720,-0.096771,-0.083759,0.016218,0.005068,0.011409,0.011182
201425031055,0.169822,-0.120958,-0.054838,-0.044666,0.019734,-0.005740,0.008889
201525093167,-0.015148,-0.104281,-0.161051,-0.002660,-0.009354,0.011240,0.009934
201625155279,0.126770,-0.202226,-0.116294,0.003549,0.009923,0.010142,0.012287
201725217391,-0.160753,-0.049561,-0.129746,0.011956,-0.004840,0.027903,0.008459
201825279503,-0.122016,0.155945,-0.018382,0.012219,0.009566,0.020440,0.004451
201925341614,-0.147054,0.099626,-0.049236,0.021439,-0.002064,0.022254,0.005337
202025403726,-0.078238,-0.073352,-0.107017,0.012244,0.001813,0.023184,0.009618
202125465838,0.041792,-0.253067,-0.131817,0.006150,0.004873,0.013783,0.030445
202225527950,-0.033055,-0.154648,-0.122819,-0.000427,0.006175,0.004572,0.030391
202325590062,0.043649,0.069205,-0.018495,-0.002232,-0.003057,0.019390,0.014883
202425652173,-0.207046,0.069910,-0.001638,0.009381,0.006467,0.014169,0.012238
202525714285,-0.109482,0.078926,-0.014973,0.015483,-0.007755,0.030362,0.024802
202625776397,0.150456,-0.288445,-0.112102,-0.002741,0.005824,0.019264,0.030693
202725838509,0.130536,-0.066469,-0.052719,0.027189,-0.004356,0.015879,0.019008
202825900621,0.284483,-0.151830,0.046773,-0.004351,0.001511,0.020692,0.011979
202925962732,-0.212422,-0.069778,-0.138090,0.015986,0.010460,0.011628,0.024949
203026024844,-0.213547,0.030208,-0.073953,-0.001879,-0.002876,0.005157,0.006807
203126086956,-0.095914,-0.075950,-0.114425,0.008776,0.006174,0.000630,0.014046
203226149068,0.005190,0.173467,-0.004388,-0.007537,0.004847,-0.014640,0.018983
203326211180,0.007669,-0.045248,-0.026641,0.003068,-0.000136,0.001077,0.015019
203426273291,0.011903,-0.083389,-0.100504,0.006584,0.016872,0.016744,0.010631
203526335403,0.060877,-0.026451,-0.031213,0.027765,-0.009834,0.007617,0.006725
203626397515,-0.048435,-0.150572,-0.096208,0.021315,0.023466,0.014946,0.007944
203726459627,-0.023171,0.076178,0.018776,0.048679,0.008769,0.015542,0.010410
203826521739,0.199230,-0.233756,-0.085137,0.034705,0.004595,0.021791,0.011528
203926583850,-0.017833,-0.098817,-0.139636,0.029732,0.000754,0.014969,0.029683
204026645962,0.049950,-0.252895,-0.164116,0.014085,-0.006527,-0.003543,0.017369
204126708074,-0.148570,0.003958,-0.079928,0.011075,-0.012622,-0.003376,0.020996
204226770186,-0.045994,0.189639,0.020307,-0.008592,0.011904,-0.019766,0.011197
204326832298,-0.095989,0.197363,0.015963,-0.005849,-0.004572,-0.013851,0.010881
204426894409,-0.055717,0.015662,0.015373,-0.021318,0.004956,-0.019652,0.025009
204526956521,0.113326,-0.196384,-0.110256,-0.010773,-0.002083,-0.018546,0.022889
204627018633,0.024507,-0.118133,-0.115962,-0.017053,0.001652,-0.009162,0.008138
204727080745,0.002716,-0.204700,-0.118878,-0.006306,-0.001229,-0.009202,0.007992
204827142857,-0.103318,0.052726,-0.016143,-0.003563,0.001495,-0.008180,0.013056
204927204968,-0.053275,-0.130180,-0.074522,0.011466,-0.004113,0.005704,0.014416
205027267080,-0.117357,-0.057608,-0.136761,0.007001,0.009416,-0.006464,0.016919
205127329192,-0.056881,0.010714,-0.030879,0.019154,-0.000580,0.002329,0.020493
205227391304,-0.023070,0.037753,-0.048401,-0.003191,0.011584,0.002206,0.035849
205327453416,-0.093575,0.019813,-0.041517,0.007464,0.007989,-0.004856,0.030839
205427515527,-0.053698,-0.155617,-0.174369,-0.026026,-0.002953,0.013783,0.027552
205527577639,-0.167693,-0.087565,-0.204739,-0.022256,-0.003516,-0.005822,0.016350
205627639751,0.124135,0.058152,0.055334,-0.027735,-0.006713,-0.017061,0.022543
205727701863,0.205800,-0.013816,0.071999,-0.015136,0.004126,-0.004253,0.011956
205827763975,0.129650,-0.084068,0.098327,-0.037677,-0.014820,-0.020570,0.008283
205927826086,-0.365834,0.315761,-0.046886,-0.135857,0.010725,-0.081144,0.024471
206027888198,-0.489087,0.193626,-0.139861,-0.108382,0.002808,-0.051756,0.019992
206127950310,-0.261792,0.263105,0.003459,-0.086372,-0.000269,-0.013130,0.021118
206228012422,0.022355,0.059264,0.047927,-0.035322,0.005660,-0.015074,0.011889
206328074534,0.252804,-0.295581,-0.065474,-0.007807,0.017040,-0.014561,0.012797
206428136645,0.152165,-0.393846,-0.189175,-0.001692,-0.005841,0.011715,0.015315
206528198757,0.107877,-0.338285,-0.247167,0.080831,-0.040004,-0.014751,0.027792
206628260869,0.323715,-0.169866,0.016315,0.036301,-0.021430,0.022531,0.019662
206728322981,0.320977,-0.125034,0.016574,0.022635,0.014229,0.008528,0.010045
206828385093,-0.129625,0.003210,-0.038655,-0.007229,0.002031,-0.010747,0.019448
206928447204,-0.319068,0.101792,-0.170163,-0.011161,-0.013929,0.000511,0.019715
207028509316,-0.148820,-0.012710,-0.120532,-0.034750,0.002136,-0.012885,0.023335
207128571428,-0.083929,-0.011064,-0.075797,-0.022092,-0.008093,-0.018899,0.019405
207228633540,0.085760,-0.037022,0.005612,-0.027947,-0.010812,-0.007042,0.011624
207328695652,-0.095941,0.009950,-0.020542,-0.002586,0.001293,-0.030481,0.017780
207428757763,0.045180,-0.165965,-0.067922,0.000658,-0.010072,-0.003524,0.039388
207528819875,-0.092650,-0.148655,-0.075889,0.040639,-0.016079,0.005997,0.031615
207628881987,-0.159412,0.068102,0.017236,0.025871,-0.019480,0.004344,0.026611
207728944099,-0.029237,-0.013378,-0.005419,-0.001989,0.009573,-0.008070,0.020724
207829006211,0.016088,-0.152673,-0.097618,0.001130,0.010787,-0.011519,0.013550
207929068322,-0.152181,0.038817,-0.070965,0.023308,0.006297,0.008479,0.011453
208029130434,-0.057901,-0.096741,-0.068844,0.039680,-0.004843,0.012546,0.015890
208129192546,-0.019017,-0.110466,-0.089202,-0.023591,-0.020130,-0.001375,0.015136
208229254658,0.117518,-0.264022,-0.037953,-0.032185,-0.033544,-0.026859,0.008056
208329316770,-0.118129,-0.193652,-0.107964,0.001647,-0.002425,-0.018159,0.008056
208429378881,-0.027439,-0.132467,-0.074562,0.023432,-0.007255,-0.003215,0.008300
208529440993,-0.197738,-0.097015,-0.073218,0.013640,0.012674,0.001153,0.008644
208629503105,-0.145578,-0.483438,-0.087425,0.027126,0.011889,-0.012863,0.012153
208729565217,-0.034038,-0.194191,-0.180180,-0.002517,0.030108,0.003654,0.021041
208829627329,0.113194,-0.101052,0.010763,0.023428,-0.005610,0.020359,0.019794
208929689440,-0.170078,0.108376,-0.000208,-0.000067,0.009233,-0.022696,0.020213
209029751552,-0.087548,-0.050855,-0.128854,0.001737,0.004546,-0.018297,0.014871
209129813664,0.026639,-0.154731,-0.116442,-0.006863,0.002913,-0.023515,0.011944
209229875776,0.111553,-0.056974,-0.036075,0.016125,-0.008186,-0.007590,0.009538
209329937888,-0.017593,-0.034281,-0.073867,-0.001367,0.010780,-0.004164,0.009294
209429999999,-0.120578,0.070406,-0.081903,-0.006372,-0.000342,-0.011720,0.020778
209530062111,-0.131715,-0.030394,-0.138108,0.011881,0.021126,0.039268,0.013212
209630124223,-0.027790,-0.048140,-0.070011,0.030415,-0.000178,0.019981,0.004036
209730186335,-0.084686,-0.050301,-0.066842,0.017325,0.007703,0.001732,0.012830
209830248447,0.091286,0.032709,-0.029454,0.004410,0.009700,0.033656,0.021944
209930310559,0.043875,0.060432,0.021007,0.014759,0.012112,0.010320,0.021692
210030372670,-0.013682,-0.172447,-0.095281,-0.000186,-0.000949,0.026166,0.017146
210130434782,-0.107326,-0.062783,-0.084337,-0.002955,0.005141,0.011496,0.009577
210230496894,0.049626,0.081268,-0.001962,-0.007910,-0.006599,0.002770,0.011192
210330559006,0.000547,-0.003440,0.001208,-0.010753,0.004411,0.001713,0.008812
210430621118,-0.027702,-0.045905,-0.073800,-0.000126,-0.001549,-0.007095,0.015522
210530683229,-0.157748,-0.036401,-0.041873,0.004251,0.003711,0.006307,0.024179
210630745341,-0.282494,0.165283,0.023144,0.028896,0.007383,0.021179,0.032648
210730807453,-0.026121,0.066466,0.000174,0.012917,0.000659,0.002904,0.029008
210830869565,-0.192204,-0.097328,-0.201382,-0.052348,-0.029978,-0.022423,0.010569
210930931677,-0.234133,-0.001396,-0.177516,-0.053483,0.003256,-0.029488,0.007148
211030993788,-0.117035,-0.118280,-0.150324,-0.047730,-0.015648,-0.018329,0.010136
211131055900,0.235191,-0.067883,-0.007518,-0.042411,-0.004499,-0.016681,0.007319
211231118012,0.062757,0.030510,-0.020999,-0.023404,0.002198,-0.017619,0.011556
211331180124,0.086904,-0.032138,0.002604,-0.012528,0.007805,-0.006426,0.017165
211431242236,0.028800,-0.080160,-0.063684,-0.006975,0.006277,0.002484,0.021684
211531304347,0.216544,-0.239285,-0.048824,0.028791,0.010995,0.006026,0.015111
211631366459,-0.003482,-0.120470,-0.025886,0.035532,-0.005195,0.038555,0.003251
211731428571,0.063223,-0.020534,0.002451,-0.009133,0.000931,-0.019028,0.010825
211831490683,0.483093,-0.217561,0.094985,-0.084737,-0.035659,-0.059710,0.016388
211931552795,-0.436060,0.122512,-0.146626,-0.080289,-0.008057,-0.053954,0.007338
212031614906,-0.073290,0.060587,-0.034495,-0.089307,0.010734,-0.052052,0.014128
212131677018,0.365594,-0.356427,-0.014506,-0.066740,-0.002657,-0.040501,0.019272
212231739130,0.225568,-0.176574,-0.013556,-0.055327,0.004275,-0.025573,0.010141
212331801242,0.024179,-0.055119,-0.032966,-0.023202,0.007388,-0.018567,0.007437
212431863354,-0.259236,0.110681,-0.045745,-0.002376,-0.014201,0.014103,0.006377
212531925465,-0.024882,0.043857,-0.007662,0.015232,-0.004551,0.012857,0.006678
212631987577,-0.148184,0.113621,-0.007713,0.031779,-0.012628,0.029294,0.009310
212732049689,-0.021208,-0.078202,-0.114839,0.028732,-0.004701,0.027997,0.016378
212832111801,-0.111075,0.015935,-0.085587,0.042978,-0.009045,0.012068,0.018550
212932173913,0.074470,-0.204934,-0.087020,0.017852,-0.005517,0.019282,0.019710
213032236024,0.021524,-0.147722,-0.006364,0.020536,-0.001241,-0.003113,0.019209
213132298136,-0.015431,-0.181433,-0.107397,-0.003041,-0.000224,-0.002083,0.020609
213232360248,-0.042749,-0.084366,-0.158616,0.003294,0.001822,-0.009626,0.008596
213332422360,-0.202383,0.192760,0.070128,0.003190,-0.025383,-0.007107,0.016381
213432484472,-0.096573,0.189637,0.155837,0.027592,-0.059463,-0.004542,0.017937
213532546583,0.154304,-0.227687,-0.171106,0.024119,0.006024,-0.032771,0.022893
213632608695,0.038076,-0.213229,-0.138235,0.040460,0.017915,-0.009497,0.029614
213732670807,0.154589,-0.296463,-0.098648,-0.004356,0.006947,-0.010862,0.027481
213832732919,0.068398,-0.183205,-0.090329,-0.010149,-0.000575,-0.023277,0.017727
213932795031,0.003135,-0.003590,-0.038928,-0.004660,0.004695,0.008292,0.012053
214032857142,-0.015882,0.010916,0.017958,0.011141,0.004050,0.005423,0.008722
214132919254,-0.077117,-0.103380,-0.041820,-0.013688,0.007824,-0.003281,0.010683
214232981366,-0.103791,-0.208705,-0.161655,-0.021219,-0.005123,-0.013234,0.016335
214333043478,-0.381550,0.129596,-0.188068,0.019566,-0.007482,-0.015038,0.012193
214433105590,-0.148353,0.111433,-0.043410,0.110106,0.009980,0.038976,0.016958
214533167701,0.261630,-0.405901,-0.061019,0.065120,-0.000433,0.059321,0.009739
214633229813,-0.027421,-0.069747,-0.066920,0.053320,-0.000978,0.015878,0.004994
214733291925,0.216451,-0.393995,-0.138511,-0.001427,0.000906,0.019877,0.008889
214833354037,0.076152,-0.068350,-0.056711,-0.018070,0.005136,-0.002469,0.018895
214933416149,0.185283,-0.152883,-0.046008,-0.046899,-0.002322,-0.016608,0.028214
215033478260,-0.255287,0.127130,-0.050450,-0.041761,-0.002416,-0.026808,0.008618
215133540372,-0.225053,0.084192,-0.145563,-0.049795,-0.006464,-0.033177,0.009615
215233602484,-0.102930,-0.052888,-0.129748,-0.044167,0.001266,-0.032864,0.010040
215333664596,0.045860,-0.218181,-0.134313,-0.042114,-0.001655,-0.032598,0.021683
215433726708,0.086088,0.067273,-0.032697,-0.033044,-0.003593,-0.033417,0.021253
215533788819,-0.162168,0.078771,-0.119834,-0.041867,0.010360,-0.013864,0.011261
215633850931,-0.166945,0.033244,-0.125440,-0.016745,0.000575,-0.026083,0.010813
215733913043,-0.029807,-0.050506,-0.033481,-0.012021,-0.003128,-0.002869,0.018304
215833975155,0.106826,-0.065761,-0.000925,0.009064,-0.000481,-0.005260,0.015661
215934037267,0.061534,-0.017152,0.019790,0.012326,-0.003505,0.003070,0.014959
216034099378,0.039594,-0.186347,-0.138770,0.028647,-0.007017,0.010378,0.015468
216134161490,-0.095361,0.085723,-0.033006,0.023674,0.005988,0.007305,0.022940
216234223602,-0.065681,-0.004506,0.043019,0.033733,-0.001422,0.008495,0.021396
216334285714,-0.098706,-0.028107,-0.032275,0.019144,-0.008119,0.019248,0.017849
216434347826,0.093566,-0.110509,-0.088050,0.027827,-0.014647,0.012666,0.008664
216534409937,0.055137,-0.016375,-0.022805,0.010424,-0.013423,0.012194,0.010508
216634472049,0.058790,0.019647,-0.000420,0.017855,-0.005379,-0.015584,0.019942
216734534161,-0.045562,0.015663,0.011901,-0.001752,-0.010689,-0.004616,0.023671
216834596273,-0.044814,-0.060536,-0.133895,-0.000995,-0.001324,-0.010067,0.026272
216934658385,-0.032928,-0.066751,-0.089818,-0.011627,-0.003096,-0.012516,0.024326
217034720496,-0.027521,-0.073300,-0.068943,-0.003154,-0.008385,-0.001699,0.020644
217134782608,0.066747,-0.010253,0.092732,-0.024387,-0.002501,-0.021843,0.015725
217234844720,0.098827,-0.055268,0.055643,-0.037281,0.008344,-0.041641,0.017129
217334906832,-0.082515,-0.056914,-0.124535,-0.029733,0.010643,-0.026493,0.025571
217434968944,-0.279313,0.297240,0.036970,-0.005866,0.012466,-0.029663,0.030101
217535031055,-0.172529,0.180854,0.002872,-0.009057,-0.000967,-0.000169,0.024807
217635093167,0.062918,0.255136,0.275032,0.002486,0.001107,-0.018382,0.024546
217735155279,0.320080,0.039816,0.490747,0.023742,-0.011261,-0.020922,0.024012
217835217391,0.266269,-0.159218,0.155725,0.001190,0.004012,-0.016481,0.028641
217935279503,-0.233401,0.038065,-0.144758,-0.024796,-0.003355,-0.011450,0.013808
218035341614,-0.453958,0.008284,-0.305945,-0.022958,-0.045925,-0.060219,0.009135
218135403726,-0.396969,0.059551,-0.196489,-0.041698,-0.048416,-0.067798,0.015340
218235465838,0.103129,0.046846,0.038593,-0.021682,-0.019535,-0.028300,0.019115
218335527950,0.099325,-0.166561,-0.071387,-0.031778,-0.019918,-0.024046,0.011944
218435590062,-0.098140,-0.023419,-0.078657,-0.022861,-0.003261,-0.030988,0.012636
218535652173,0.170706,-0.084988,0.058479,-0.018375,-0.001328,-0.015284,0.015671
218635714285,0.102290,-0.108663,-0.049486,0.001215,-0.014151,-0.010593,0.019683
218735776397,0.002660,-0.114238,-0.098967,-0.000883,-0.010685,-0.001174,0.017533
218835838509,-0.028327,0.074542,-0.034103,0.020985,-0.018669,0.003561,0.012107
218935900621,0.002422,-0.008723,-0.023440,0.015898,-0.013363,0.007657,0.020072
219035962732,-0.135380,-0.035130,-0.094844,0.043761,-0.010258,0.001623,0.022120
219136024844,-0.101696,-0.120251,-0.100836,0.040713,-0.020612,0.011171,0.011115
219236086956,-0.059914,-0.036927,-0.060461,0.035062,-0.003264,-0.004172,0.013885
219336149068,0.066410,-0.042447,-0.014427,0.033326,-0.005340,0.005228,0.009582
219436211180,0.047212,-0.115158,-0.099602,0.025295,0.001357,0.011980,0.018496
219536273291,0.022265,-0.186802,-0.156177,0.023879,-0.004925,0.001526,0.022252
219636335403,-0.036981,-0.135749,-0.049490,0.006235,0.003939,-0.005999,0.027154
219736397515,-0.050318,-0.017015,0.020888,-0.001964,0.010727,-0.012876,0.014752
219836459627,0.097909,-0.201310,-0.110272,0.013843,-0.007135,-0.007787,0.021942
219936521739,0.032997,-0.202209,-0.134707,0.019942,-0.007119,0.000315,0.018174
220036583850,-0.007604,-0.106784,-0.062339,0.015614,0.008754,-0.012522,0.017236
220136645962,0.022836,0.129305,0.047627,-0.001201,0.011482,0.002106,0.018159
220236708074,0.026372,0.064669,0.036986,-0.003958,0.004789,-0.003414,0.014483
220336770186,-0.000366,-0.021803,-0.044010,0.011214,0.000549,-0.001169,0.015514
220436832298,-0.000571,-0.060975,-0.086777,0.039543,0.005483,0.000225,0.014488
220536894409,0.021102,-0.157156,-0.114134,0.009841,0.018047,-0.003847,0.013255
220636956521,-0.043275,-0.052962,-0.051615,0.002699,0.012597,-0.003319,0.009921
220737018633,0.072657,0.140913,0.074154,-0.009152,0.015127,0.000068,0.013869
220837080745,0.003741,0.094187,0.073664,-0.021575,-0.014230,-0.012593,0.012356
220937142857,0.042221,-0.223298,-0.070158,-0.064657,-0.033350,-0.019959,0.009341
221037204968,0.167150,-0.447229,-0.257823,-0.038716,-0.001022,-0.039603,0.007086
221137267080,0.009137,-0.310714,-0.220917,-0.026128,-0.000477,-0.023469,0.009852
221237329192,0.104622,-0.124970,-0.005696,-0.002358,-0.007179,-0.008564,0.006063
221337391304,-0.018103,0.122534,0.129167,0.014389,0.017108,-0.021850,0.009969
221437453416,0.075998,-0.033593,0.033012,0.042526,0.004256,0.002340,0.012945
221537515527,-0.219001,0.005929,-0.107476,0.038141,-0.000573,0.023321,0.020277
221637577639,-0.260141,-0.108141,-0.163130,0.047560,0.005983,0.014667,0.015966
221737639751,-0.146374,0.069268,-0.067417,0.047134,-0.000482,0.027164,0.010693
221837701863,0.061484,-0.018166,-0.024951,0.049026,-0.002508,0.022318,0.010000
221937763975,0.051163,-0.163511,-0.044056,0.036485,0.001093,-0.001190,0.012308
222037826086,0.064998,-0.139680,-0.051959,0.028940,-0.001999,0.002330,0.013064
222137888198,0.055582,-0.089934,-0.080832,0.009858,0.015029,-0.004939,0.011844
222237950310,-0.119330,-0.048321,-0.020115,0.003897,-0.000735,-0.008058,0.016474
222338012422,0.029176,-0.002511,-0.018602,-0.006057,-0.009729,-0.009462,0.015050
222438074534,-0.062638,0.121168,0.024489,-0.010070,-0.001009,-0.008585,0.019589
222538136645,-0.135384,-0.081453,-0.041930,-0.008829,-0.008613,-0.013364,0.023571
222638198757,-0.100661,-0.045929,-0.052811,-0.013912,-0.009158,-0.007982,0.020403
222738260869,-0.005855,-0.264403,-0.205374,-0.007549,0.010588,-0.018044,0.023763
222838322981,-0.088815,-0.189429,-0.134208,-0.014008,-0.001085,-0.003388,0.029937
222938385093,-0.002473,-0.102593,-0.097597,-0.001265,0.006764,-0.007804,0.021173
223038447204,0.037113,0.128811,0.053291,0.001678,0.003413,-0.005005,0.015687
223138509316,-0.059075,0.049758,0.011870,0.001284,0.001832,-0.001660,0.006670
223238571428,-0.013565,0.050816,0.009046,-0.009461,0.015059,-0.009018,0.014111
223338633540,0.038035,-0.067391,-0.074616,-0.003181,0.003438,-0.002158,0.016206
223438695652,0.047334,-0.035904,-0.026571,-0.013966,0.006461,0.007411,0.013879
223538757763,0.020818,-0.070074,-0.014956,-0.002772,0.005848,0.001744,0.018559
223638819875,-0.016736,-0.076817,-0.108710,-0.005715,0.005705,0.019416,0.024130
223738881987,-0.035357,-0.021476,-0.114067,0.005213,0.005751,0.016371,0.022301
223838944099,-0.019317,0.000918,-0.035997,0.013364,-0.006411,0.017759,0.011944
223939006211,0.040541,-0.070392,0.004268,0.034642,0.005883,0.029159,0.011619
224039068322,0.153325,-0.091233,-0.098451,0.103806,-0.006687,0.051134,0.010677
224139130434,-0.089959,-0.074321,-0.188373,0.079348,-0.002369,0.050254,0.012717
224239192546,0.210757,-0.249807,-0.057230,0.034057,-0.002547,0.011786,0.018142
224339254658,0.111307,0.033153,0.002639,-0.006317,0.001091,0.005374,0.017601
224439316770,0.168110,-0.002688,0.004739,-0.019353,-0.004370,-0.003779,0.014326
224539378881,-0.189886,0.061877,-0.066137,-0.038533,0.000395,-0.009148,0.023641
224639440993,-0.265642,0.034422,-0.127174,0.004835,0.016357,0.011144,0.025550
224739503105,-0.032876,-0.002350,-0.095712,0.038674,0.028032,0.011734,0.012335
224839565217,0.071299,-0.226932,-0.195826,-0.011830,-0.029299,-0.009527,0.013394
224939627329,-0.237716,0.025337,-0.095848,-0.008580,-0.010107,0.000981,0.008192
225039689440,-0.078827,-0.102081,-0.141362,0.007331,-0.026002,-0.016053,0.011071
225139751552,0.136072,-0.110653,-0.056174,0.026074,-0.015065,0.014794,0.012362
225239813664,0.380483,-0.164873,0.094821,0.057039,0.028826,0.029049,0.019774
225339875776,0.024616,0.036708,-0.051116,0.020478,0.004340,0.023808,0.019893
225439937888,-0.222802,0.215582,0.021202,0.030687,-0.006302,0.054361,0.017612
225539999999,-0.046386,-0.144034,-0.050726,0.012633,0.004392,0.023879,0.025389
225640062111,-0.053940,-0.183076,-0.158780,0.006761,-0.007323,-0.000620,0.034049
225740124223,-0.143649,-0.100356,-0.149463,-0.019239,-0.004665,-0.002755,0.029616
225840186335,-0.041245,-0.142562,-0.111330,-0.020556,0.003880,-0.032693,0.033954
225940248447,-0.129171,0.188998,-0.042257,-0.037753,-0.002039,-0.024961,0.034597
226040310559,-0.190039,0.053932,-0.052223,-0.029999,0.003198,-0.030318,0.028648
226140372670,-0.197158,-0.032478,-0.076235,-0.017143,-0.006029,-0.022442,0.022981
226240434782,0.118900,-0.093482,-0.091817,-0.014086,0.002037,-0.010163,0.028873
226340496894,0.172502,-0.043456,-0.029179,-0.006348,0.002463,-0.014370,0.033845
226440559006,0.101413,-0.055639,0.023919,0.009518,0.001593,-0.002500,0.021156
226540621118,0.025970,-0.013741,-0.025829,0.017299,0.008323,-0.003912,0.020000
226640683229,0.006754,-0.014878,-0.099365,0.027361,0.003698,-0.000785,0.024068
226740745341,-0.077309,-0.127998,-0.107510,0.019294,0.006617,0.014306,0.023888
226840807453,-0.070722,-0.049389,-0.130543,0.031824,0.002838,0.006652,0.013753
226940869565,0.134093,0.150201,-0.062730,0.019272,-0.004972,0.016755,0.013647
227040931677,-0.039167,0.093229,-0.048126,0.012053,0.000100,0.002779,0.018158
227140993788,-0.030019,-0.064512,-0.066412,-0.000154,0.002597,-0.010327,0.014962
227241055900,0.008283,-0.149621,-0.114268,0.001735,0.002948,-0.005307,0.006453
227341118012,0.019598,-0.061939,-0.061663,-0.011817,0.014148,-0.014138,0.009800
227441180124,0.008510,0.074851,0.012847,-0.009750,0.005266,-0.013412,0.014804
227541242236,-0.092474,0.075596,0.040641,-0.019143,0.011048,-0.008585,0.013133
227641304347,-0.059452,0.083760,0.057817,-0.011487,0.010690,-0.009496,0.011413
227741366459,-0.071984,-0.172868,-0.132847,-0.023059,-0.001038,0.001194,0.012472
227841428571,-0.090664,-0.259513,-0.206317,-0.011812,0.002230,-0.009118,0.008544
227941490683,-0.078486,-0.133521,-0.152392,-0.014457,-0.006579,-0.001723,0.017160
228041552795,0.082234,0.057675,-0.082230,-0.006975,0.001839,-0.001253,0.020881
228141614906,0.014172,0.021358,-0.065130,-0.004882,0.008229,-0.004749,0.010945
228241677018,-0.051493,-0.079297,-0.007211,0.003872,0.003191,0.003952,0.014537
228341739130,-0.015955,-0.101690,-0.069143,0.001726,0.005328,0.006456,0.016440
228441801242,0.045768,-0.019897,-0.056499,0.008555,0.004553,0.006255,0.022090
228541863354,0.014651,0.068166,-0.025768,0.005588,-0.000139,0.019664,0.020349
228641925465,-0.084033,0.044666,-0.005380,0.008135,-0.001224,0.009171,0.015636
228741987577,-0.034576,0.024008,-0.031999,0.003018,-0.009826,0.014297,0.011757
228842049689,-0.011482,-0.040144,-0.078006,-0.006613,-0.005114,0.005853,0.004340
228942111801,0.081047,0.016316,-0.015843,-0.000507,-0.011634,-0.000057,0.012779
229042173913,0.026721,0.004853,-0.011531,-0.003752,-0.007875,-0.000162,0.016438
229142236024,-0.034559,-0.139548,-0.110900,0.002669,-0.009588,-0.010477,0.010179
229242298136,0.032218,-0.008378,-0.086216,-0.001786,-0.006917,-0.000053,0.013707
229342360248,0.004278,0.087775,-0.036372,0.011500,0.000949,-0.004113,0.014817
229442422360,-0.125684,-0.082556,-0.067830,0.010646,-0.008388,-0.000322,0.013056
229542484472,0.077502,-0.006892,-0.026273,0.006836,-0.005579,-0.002332,0.015534
229642546583,0.217706,0.103715,0.002073,-0.000996,-0.004808,-0.000641,0.013452
229742608695,0.061191,0.080986,-0.002529,0.006844,-0.007773,-0.000670,0.017947
229842670807,-0.053901,-0.048602,-0.040050,0.001503,-0.004598,-0.008141,0.025829
229942732919,0.026587,-0.019283,-0.051968,0.003182,-0.002542,-0.005668,0.015475
230042795031,0.007578,0.033287,-0.028798,0.012822,-0.006673,-0.008913,0.014803
230142857142,-0.002704,-0.069798,-0.039191,0.004879,-0.004388,-0.006090,0.013056
230242919254,0.064207,-0.035965,-0.056929,0.010183,0.003298,-0.000378,0.015559
230342981366,0.069327,-0.013613,-0.012995,0.013114,0.003291,0.001536,0.016740
230443043478,0.019589,-0.010250,-0.024638,-0.001566,0.002417,0.006075,0.013530
230543105590,-0.009326,0.013796,-0.068059,0.007896,0.005181,0.002832,0.012577
230643167701,-0.013846,-0.000043,-0.056626,0.013941,0.003994,-0.003491,0.021058
230743229813,-0.063204,-0.001854,-0.039474,-0.000944,-0.003529,0.000349,0.022608
230843291925,-0.088216,-0.038655,-0.075184,0.003140,-0.002126,-0.001799,0.011535
230943354037,0.113032,0.117347,-0.010038,0.009512,0.001548,-0.006817,0.016325
231043416149,0.092195,0.019086,-0.053389,-0.008671,0.005391,-0.000476,0.011905
231143478260,0.066416,-0.051091,-0.128013,0.004468,0.008172,-0.002530,0.006063
231243540372,0.219065,0.020352,-0.070898,0.022070,0.012638,0.008794,0.007679
231343602484,0.020659,-0.167259,-0.014965,0.018294,0.005651,0.017988,0.005142
231443664596,-0.341577,-0.080302,-0.029477,0.025171,0.010654,0.008766,0.016624
231543726708,-0.385726,-0.043951,-0.083032,0.030170,0.012083,0.018074,0.024675
231643788819,-0.294951,-0.071816,-0.058019,0.018749,-0.007319,0.020707,0.011699
231743850931,-0.199515,-0.005917,-0.088742,-0.007074,0.001245,-0.005461,0.015467
231843913043,-0.188203,0.042657,-0.030090,-0.032084,0.007226,-0.021058,0.019498
231943975155,-0.354520,0.019363,-0.028644,-0.037516,0.004452,-0.033301,0.016088
232044037267,0.002076,-0.239995,-0.081945,-0.039531,0.005032,-0.038969,0.015831
232144099378,0.206943,-0.304894,-0.126435,-0.028471,0.007690,-0.021946,0.006677
232244161490,0.066213,-0.224770,-0.086756,-0.003201,0.002414,-0.013010,0.006134
232344223602,-0.251068,-0.120478,-0.042909,0.011147,-0.007720,-0.012011,0.019663
232444285714,-0.390598,0.057524,0.054753,0.013560,-0.010077,-0.001901,0.021163
232544347826,-0.198948,0.087707,0.005602,0.021252,-0.001209,0.005752,0.012164
232644409937,-0.114838,0.105858,-0.074669,0.034904,-0.008286,0.012106,0.010493
232744472049,-0.141168,-0.022798,-0.112216,0.035645,-0.005779,0.007707,0.017288
232844534161,-0.373604,-0.191686,-0.075870,0.035230,0.010670,0.004609,0.019186
232944596273,-0.273810,-0.467623,-0.059860,0.031133,0.011195,0.005875,0.011944
233044658385,-0.193002,-0.434398,-0.149593,0.025917,0.003220,0.000472,0.015542
233144720496,-0.250815,-0.312757,-0.159319,0.022566,0.002380,-0.003317,0.016025
233244782608,-0.311145,-0.211903,-0.050901,0.012372,0.004600,-0.014473,0.009245
233344844720,-0.252332,-0.159241,-0.024040,0.009612,0.007925,-0.021589,0.015041
233444906832,-0.244425,-0.272189,-0.020272,0.033805,0.009963,-0.006388,0.021008
233544968944,-0.391348,-0.105304,0.028605,0.072203,-0.010122,0.018693,0.012863
233645031055,-0.470115,-0.081535,-0.016312,0.103921,-0.013392,0.032205,0.010265
233745093167,-0.551832,-0.256252,-0.061923,0.106098,0.008939,0.033750,0.013322
233845155279,-0.581029,-0.316846,-0.025361,0.085414,0.004616,0.029255,0.017759
233945217391,-0.461458,-0.232877,-0.029448,0.082529,-0.002684,0.026401,0.016589
234045279503,-0.457476,-0.041676,-0.096413,0.091579,0.001986,0.019630,0.009728
234145341614,-0.768408,-0.133208,-0.131412,0.084468,-0.001145,0.009227,0.012590
234245403726,-1.101470,-0.289425,-0.023395,0.104625,0.002760,-0.000217,0.028524
234345465838,-0.824886,-0.513981,-0.113898,0.094940,-0.001650,-0.006088,0.032018
234445527950,-0.679913,-0.204513,-0.296050,0.124259,-0.001004,0.005734,0.018835
234545590062,-0.446253,0.059372,-0.312776,0.173691,0.014353,0.033998,0.011552
234645652173,-0.222191,0.186787,-0.079088,0.188062,-0.001366,0.049468,0.008394
234745714285,-0.602824,0.458963,0.200458,0.172476,-0.004072,0.035947,0.014667
234845776397,-0.485523,0.158609,-0.089598,0.111060,0.010353,0.005970,0.025374
234945838509,-0.745494,0.375649,-0.170734,0.092558,0.009449,-0.007982,0.020705
235045900621,-0.467719,-0.246375,-0.204223,0.049059,0.028292,-0.062651,0.007896
235145962732,-0.260486,-0.854975,-0.204290,0.030957,0.039383,-0.084218,0.010000
235246024844,-0.113906,-0.780020,-0.199388,-0.000983,0.035025,-0.092130,0.013196
235346086956,-0.024404,-0.153854,-0.149747,0.012442,0.002953,-0.095925,0.012848
235446149068,-0.384097,-0.061691,-0.083840,-0.032974,0.018713,-0.082979,0.009466
235546211180,-0.531864,-0.336388,0.013375,0.002789,0.027379,-0.024153,0.008801
235646273291,-0.901704,0.005419,-0.055780,0.050456,0.025172,-0.006114,0.010224
235746335403,-1.256176,-0.357660,-0.090651,0.072496,0.008098,-0.018277,0.016416
235846397515,-1.133093,-0.410621,-0.052740,0.088891,-0.006621,-0.010908,0.019473
235946459627,-0.071528,-1.087380,-0.161800,0.107247,0.030019,-0.031489,0.024725
236046521739,-0.805802,-1.241375,-0.098159,0.181695,0.028318,0.039909,0.025658
236146583850,-2.131674,-1.824247,-0.100067,0.136283,0.000706,0.051554,0.018192
236246645962,-2.058154,-1.198814,0.054227,0.101290,-0.029261,0.086155,0.014407
236346708074,-1.558146,-1.093891,0.091843,0.073466,-0.024495,0.105121,0.012146
236446770186,-1.004316,-0.431887,-0.247388,0.112296,0.032112,0.137150,0.025258
236546832298,-0.709188,0.061775,-0.539809,0.120861,0.048525,0.193435,0.031791
236646894409,-0.326294,-1.020659,-0.331932,0.036596,0.023277,0.059479,0.021833
236746956521,-0.136148,-0.865937,-0.132079,-0.019815,-0.020537,-0.036733,0.017633
236847018633,-0.570231,-1.717624,0.424557,-0.058118,-0.029331,-0.016432,0.005705
236947080745,0.069561,-2.331646,0.203720,-0.072547,-0.018806,-0.049960,0.004886
237047142857,0.166513,-1.965090,-0.534079,-0.092254,0.008704,-0.015909,0.011659
237147204968,-0.109098,-0.637653,-0.266623,-0.176012,0.031277,0.000449,0.018911
237247267080,-1.527437,-0.347999,0.067645,-0.180144,0.041329,0.013907,0.018748
237347329192,-1.439970,-0.007197,0.172355,-0.123711,0.018499,0.068616,0.023605
237447391304,-0.609334,-0.619795,-0.178981,-0.224634,0.006095,-0.028836,0.032866
237547453416,-1.604265,-1.272939,-0.497816,-0.195616,0.043055,-0.075147,0.025848
237647515527,-0.411227,-1.209464,-0.144910,-0.200635,-0.001370,-0.090793,0.012721
237747577639,0.450650,-1.275606,0.135711,-0.186078,-0.044332,-0.054919,0.015192
237847639751,0.072000,-1.128181,-0.334390,-0.133032,-0.015181,-0.029522,0.018689
237947701863,0.261283,-0.633495,-0.647275,-0.114618,0.055254,-0.027963,0.019189
238047763975,-0.365899,-0.323229,-0.313098,-0.138735,0.084509,-0.027393,0.022081
238147826086,-1.370304,-1.240340,0.084365,-0.098422,0.096641,-0.018383,0.019420
238247888198,-2.154010,-2.003196,0.304503,-0.001881,0.061629,0.068344,0.023326
238347950310,-1.922411,-2.499436,-0.188255,-0.057350,-0.024762,0.048994,0.016955
238448012422,-1.557384,-2.170519,-0.509129,-0.017539,-0.056741,0.056449,0.013313
238548074534,-0.140660,-1.679542,-0.466442,-0.015796,-0.068472,0.010784,0.027254
238648136645,0.386413,-1.240935,-0.273739,-0.055569,-0.036602,-0.017217,0.019448
238748198757,1.035310,-1.231675,-0.188636,-0.061152,0.019553,0.018284,0.009780
238848260869,0.561090,-1.033722,-0.383135,0.000392,0.034849,0.031744,0.017452
238948322981,-0.402567,-1.300606,-0.186818,-0.102926,0.001233,-0.035064,0.017547
239048385093,0.402794,-2.031049,-0.288687,-0.105128,0.024521,-0.009600,0.012617
239148447204,0.467184,-2.375844,-1.046824,-0.152540,0.088458,-0.002142,0.007543
239248509316,0.996884,-2.258523,-0.842892,-0.321751,0.015404,-0.092381,0.011905
239348571428,0.115927,-0.366387,-0.270860,-0.285544,-0.060616,-0.140325,0.018460
239448633540,0.173328,-0.900007,-0.670376,-0.320199,0.039263,-0.144833,0.021321
239548695652,0.300841,-1.369133,-0.643751,-0.295975,0.109104,-0.011785,0.021995
239648757763,0.625897,-1.242038,-0.277542,-0.357399,0.071492,-0.084574,0.021896
239748819875,1.403292,-1.862297,-0.693201,-0.128183,-0.014785,-0.042173,0.019007
239848881987,2.215305,-2.116139,-1.034101,-0.062156,0.027123,0.033660,0.009544
239948944099,2.543498,-2.238281,-0.510842,-0.006288,0.079628,0.083018,0.005544
240049006211,-0.231910,-0.251401,-0.294241,0.224625,0.007662,0.172932,0.007472
240149068322,-1.115116,0.281012,-0.189297,0.146143,-0.002958,0.141976,0.016249
240249130434,-1.044053,0.018382,-0.188076,0.182162,-0.007297,0.173210,0.023479
240349192546,0.561079,-0.489460,-0.397815,0.132745,0.022305,0.151372,0.017180
240449254658,1.527071,-0.709600,-0.232624,0.131619,0.027312,0.138421,0.026298
240549316770,1.196888,-1.175429,-0.195939,0.141762,0.014643,0.109153,0.027697
240649378881,0.335874,-0.885579,-0.403198,0.212708,0.005180,0.134217,0.008118
240749440993,0.005128,-0.402556,-0.360186,0.174525,-0.008740,0.083867,0.005940
240849503105,0.260056,-0.031339,-0.518452,0.136917,0.006405,0.076175,0.010952
240949565217,0.206971,0.222382,-0.283094,0.078785,0.015264,0.088140,0.013056
241049627329,-0.551975,-0.088017,0.628408,0.045837,0.036444,0.052587,0.018018
241149689440,-1.311104,-0.343874,0.122031,0.027413,0.035051,0.032115,0.015602
241249751552,0.179714,-0.532959,-0.367023,0.018767,-0.023769,-0.007617,0.008056
241349813664,0.931862,0.091529,-0.499184,0.069200,0.004537,0.056321,0.008471
241449875776,-0.276002,0.095123,-0.602454,0.192323,0.066099,0.073555,0.011937
241549937888,-2.131961,1.101103,0.090337,-0.087017,0.073518,-0.075416,0.019994
241649999999,-0.509670,0.574616,0.024143,-0.506000,0.077033,-0.136837,0.029444
241750062111,-0.798593,0.513035,-0.084178,-0.079995,0.081307,0.057730,0.026936
241850124223,-2.697086,1.860273,0.228343,0.080851,-0.015065,0.038183,0.015962
241950186335,-1.494262,1.440535,0.272633,0.173195,-0.097672,0.047951,0.012920
242050248447,-1.527641,1.588220,0.204687,0.401846,-0.068727,0.169767,0.009981
242150310559,-0.979226,0.128532,0.079525,0.202296,-0.071224,0.052620,0.010024
242250372670,-0.654505,-0.856461,0.213432,0.158183,-0.020404,0.087716,0.015988
242350434782,0.128006,-0.784733,-0.193613,0.065488,0.001600,0.105230,0.009510
242450496894,1.278248,-1.288840,-0.308928,-0.051446,-0.045429,-0.011148,0.010088
242550559006,2.069053,-1.059365,0.234392,-0.076905,-0.031418,-0.095163,0.012429
242650621118,1.797936,-0.815914,-0.376720,-0.086483,0.039374,-0.043600,0.008080
242750683229,-1.136735,1.387465,-0.297497,-0.362434,0.038658,-0.098663,0.009437
242850745341,-2.464720,2.211027,0.222902,-0.565691,0.032580,-0.292981,0.008889
242950807453,-4.324328,2.610292,0.082165,-0.420951,0.007306,-0.260534,0.012558
243050869565,-0.368519,1.010890,0.370814,-0.800077,-0.080712,-0.467665,0.014981
243150931677,-0.449816,1.407726,0.337835,-0.523336,-0.078465,-0.394188,0.030300
243250993788,1.705167,0.137052,0.412566,-0.526529,-0.019800,-0.360029,0.029255
243351055900,4.464219,-3.098805,-0.637420,-0.183170,-0.110747,-0.160815,0.016601
243451118012,4.655937,-3.196032,-0.872284,0.080297,-0.203184,-0.020562,0.013326
243551180124,4.463227,-1.543737,-0.510984,0.247495,-0.109335,0.217129,0.013058
243651242236,-2.870668,2.891101,0.442939,0.373122,-0.081739,0.261020,0.020028
243751304347,-5.079333,3.964152,2.082085,0.493855,-0.158425,0.198835,0.019971
243851366459,-3.733533,2.707247,1.730615,0.846405,-0.199725,0.494334,0.016891
243951428571,3.705913,-2.059068,0.495392,0.824972,-0.164526,0.567656,0.013000
244051490683,4.303079,-1.602612,0.744994,1.102946,-0.159863,0.677611,0.014115
244151552795,3.251987,-1.485992,0.506564,0.725992,-0.064856,0.482831,0.020524
244251614906,1.791507,-1.685860,-0.326308,0.667728,0.025343,0.458330,0.026040
244351677018,2.055425,-1.104312,-0.331239,0.342588,0.009090,0.217587,0.020304
244451739130,0.392195,-0.485096,-0.325837,0.224236,0.026749,0.207787,0.013487
244551801242,-3.571171,1.808971,0.575082,0.034266,0.044591,0.124990,0.024825
244651863354,-3.086243,2.190443,0.557935,-0.090836,0.006167,-0.004771,0.023043
244751925465,-1.127160,1.304489,-0.031619,-0.155254,-0.022799,-0.091096,0.016704
244851987577,3.182517,-0.940475,-0.627480,-0.264900,0.054087,-0.129334,0.020533
244952049689,3.589481,-1.429140,-0.373013,-0.124663,0.055673,-0.048594,0.021012
245052111801,1.516364,-0.326611,0.060981,-0.139894,0.020189,-0.092073,0.017747
245152173913,-0.197117,0.992267,-0.142142,-0.064800,-0.003579,-0.037993,0.008237
245252236024,0.315747,1.514184,-0.040738,-0.086720,-0.030097,-0.054000,0.014518
245352298136,1.085631,1.162079,-0.305032,-0.045674,-0.001371,-0.049305,0.022385
245452360248,1.219083,0.223920,-0.400122,-0.042082,0.034456,-0.024691,0.026254
245552422360,0.574593,0.139259,-0.020727,-0.047833,0.023611,-0.007930,0.030925
245652484472,0.613767,0.624989,0.178894,-0.054488,-0.014843,-0.011424,0.033207
245752546583,0.303437,1.169419,0.197463,-0.037425,-0.049029,0.020377,0.024434
245852608695,1.175120,0.144270,-0.047070,-0.178228,-0.041665,-0.083647,0.010236
245952670807,0.549976,0.366496,0.481748,-0.035785,-0.020116,-0.064977,0.012797
246052732919,-1.138455,1.433717,0.566770,0.057220,-0.004714,0.041159,0.023329
246152795031,-1.120917,1.428248,0.413696,0.158770,-0.022239,0.125296,0.030109
246252857142,-0.804293,1.653974,0.482932,0.252919,-0.054250,0.131499,0.021373
246352919254,1.173814,0.540287,-0.214779,0.182886,-0.043543,0.086794,0.017236
246452981366,1.110717,-0.006197,-0.338218,0.256052,0.011063,0.126361,0.020326
246553043478,0.865576,-0.396127,-0.037095,0.165645,0.023314,0.119255,0.010932
246653105590,0.368437,0.203129,0.014399,0.154076,-0.021767,0.098457,0.013035
246753167701,0.836141,0.727976,-0.151872,0.093665,-0.003305,-0.013970,0.015204
246853229813,1.001419,0.730188,-0.451157,0.064722,0.042802,0.046806,0.006303
246953291925,0.167175,0.621925,-0.322015,0.038859,0.023610,0.081675,0.004092
247053354037,-0.802918,0.793470,-0.123127,0.106756,-0.009141,0.049006,0.006037
247153416149,0.686941,0.282699,0.301200,-0.008303,-0.020386,-0.021071,0.010209
247253478260,2.886643,-0.754235,0.519205,-0.064044,-0.038401,-0.028288,0.010827
247353540372,3.366617,-1.170460,0.244403,-0.302187,-0.073599,-0.223471,0.018110
247453602484,1.769881,0.155116,-0.297461,-0.559161,-0.084545,-0.395257,0.026111
247553664596,-1.945425,2.539927,0.108556,-0.436935,-0.009327,-0.254013,0.037291
247653726708,-0.713666,0.770023,0.200898,-0.441201,0.082848,-0.257919,0.031871
247753788819,-0.108564,0.223058,-0.154931,-0.215579,0.030568,-0.167402,0.018441
247853850931,0.397541,0.427327,-0.157619,-0.152744,-0.009287,-0.110539,0.016410
247953913043,1.621689,-0.001743,-0.394969,-0.106774,0.039674,-0.019223,0.019343
248053975155,1.305820,-0.374724,-0.209990,-0.065998,0.020194,-0.036539,0.020807
248154037267,0.312921,-0.046369,-0.108383,-0.104282,-0.013224,-0.076388,0.017388
248254099378,0.256254,0.318015,-0.504253,-0.100582,0.032340,-0.033348,0.011152
248354161490,0.080866,0.729723,-0.414531,-0.035629,0.035440,-0.001489,0.009653
248454223602,-0.139899,0.579488,-0.276681,-0.015043,0.011815,0.021852,0.011944
248554285714,1.163209,-0.094706,-0.330919,0.045198,0.031878,0.050559,0.015714
248654347826,1.164525,0.280181,-0.140702,0.133842,0.034822,0.084070,0.017832
248754409937,1.377255,0.488912,-0.132837,0.116389,0.034509,0.107880,0.011503
248854472049,0.483110,0.475766,-0.223801,0.142144,0.016381,0.103774,0.022832
248954534161,0.382009,0.340185,-0.365036,0.020469,0.036671,0.048984,0.027325
249054596273,0.350357,1.098542,0.162794,-0.013793,0.063292,0.038966,0.010142
249154658385,-0.246691,1.334570,0.527388,-0.078431,0.060166,-0.022741,0.010143
249254720496,1.007648,0.648172,-0.287084,-0.148025,0.056073,-0.039070,0.019224
249354782608,0.547397,0.787711,-0.186274,-0.030827,0.003299,0.035304,0.018372
249454844720,0.156861,0.766438,-0.311971,-0.042725,0.010533,-0.016397,0.010627
249554906832,0.795105,0.718809,-0.584329,-0.024723,0.074671,-0.018381,0.009924
249654968944,1.320585,0.191605,-0.282788,-0.040968,0.124738,-0.020520,0.014735
249755031055,0.973750,0.075997,-0.468276,0.029692,0.112218,-0.019014,0.014430
249855093167,-0.830606,1.078645,0.038870,0.156826,-0.012988,0.024873,0.014739
249955155279,-0.011942,1.477287,0.197984,0.141770,-0.057910,0.073038,0.018256
250055217391,1.279217,1.522869,0.136883,0.126155,-0.023492,0.082479,0.024448
250155279503,0.818330,1.276370,-0.194490,0.128555,-0.026916,0.075507,0.021453
250255341614,0.961626,-0.601692,-0.939186,-0.000946,-0.006105,0.010512,0.015496
250355403726,-0.137742,-0.516662,-0.092897,0.035823,-0.017281,0.022499,0.014384
250455465838,-0.560485,0.409613,0.422652,0.050233,-0.011967,-0.022485,0.010037
250555527950,0.182026,0.336978,0.164559,-0.009294,-0.035623,-0.076139,0.016970
250655590062,0.360530,0.150713,0.226601,-0.036684,-0.037014,-0.025813,0.019441
250755652173,0.056785,-0.058404,0.182707,0.035219,0.005736,0.000655,0.017783
250855714285,-0.208485,0.167747,0.317937,0.092027,-0.000979,0.034716,0.009940
250955776397,-0.953381,-0.011723,-0.254810,0.076703,-0.040537,0.062710,0.008607
251055838509,-1.138917,-0.203141,-0.289579,0.073914,-0.022258,0.005007,0.013889
251155900621,-0.502236,-0.507311,-0.360021,0.122848,0.025245,-0.020790,0.007212
251255962732,-0.735836,0.078445,-0.209752,0.183457,-0.042986,0.073863,0.004743
251356024844,-0.244771,-1.012292,-0.582262,0.192931,-0.087823,0.101611,0.006944
251456086956,-1.011698,-0.033273,-0.751438,0.280166,-0.012358,0.214529,0.014890
251556149068,0.319969,0.709019,-0.249313,0.159658,0.035101,0.134847,0.015496
251656211180,1.596481,1.285684,0.455150,0.104024,0.016031,0.084055,0.008301
251756273291,0.614243,0.547108,0.683127,0.090662,-0.029239,0.026897,0.004861
251856335403,-0.771979,-0.165732,0.409587,0.083355,-0.026778,0.099637,0.006706
251956397515,-0.743912,0.798272,0.303342,0.048255,0.029703,0.138752,0.014529
252056459627,-0.952906,2.170332,0.363546,0.134336,0.027016,0.045334,0.033004
252156521739,-0.064770,1.836120,0.218403,0.030054,0.035134,-0.021974,0.036039
252256583850,2.300670,-0.200449,0.064167,-0.120196,0.020371,-0.116380,0.020412
252356645962,1.482728,-0.107517,0.142138,-0.079856,0.004460,-0.178853,0.014157
252456708074,0.418618,1.122125,0.297835,-0.053986,-0.008360,-0.050139,0.013267
252556770186,0.225906,1.566965,0.448840,-0.067882,-0.029282,0.037326,0.008633
252656832298,0.633932,1.509826,0.220435,-0.076203,-0.014317,-0.097245,0.012268
252756894409,0.698451,0.827816,0.042098,0.083015,-0.012644,-0.070906,0.014732
252856956521,-0.092779,1.657192,0.274676,0.158466,-0.025350,0.062143,0.006252
252957018633,-0.410549,1.777069,0.420907,0.181570,-0.013588,0.095995,0.007922
253057080745,-0.820347,1.822691,0.120440,0.223590,0.027418,0.121650,0.015275
253157142857,1.475555,0.771695,-0.081498,0.212515,0.024003,0.134079,0.008373
253257204968,-0.287152,0.453301,-0.035836,0.336615,0.027156,0.199104,0.023079
253357267080,1.915706,-0.056413,0.050291,0.187199,0.053264,0.055251,0.022981
253457329192,2.168206,-0.170179,0.043598,0.261265,0.076534,0.165956,0.012226
253557391304,1.197707,-0.710677,-0.005677,0.025825,0.080523,0.090463,0.009548
253657453416,1.565513,0.099142,0.101807,-0.091039,0.079180,-0.042574,0.018435
253757515527,-1.045083,1.806234,0.642942,-0.191762,0.055446,-0.145265,0.025826
253857577639,0.734492,0.720380,0.342556,-0.272342,0.002991,-0.197376,0.019882
253957639751,2.275212,0.357707,-0.000823,-0.249035,-0.027350,-0.177001,0.021235
254057701863,2.139925,-0.248266,-0.318361,-0.283207,0.011679,-0.173036,0.019230
254157763975,0.107614,0.209232,-0.136074,-0.207077,0.049107,-0.115905,0.017888
254257826086,0.882605,-0.039937,0.221404,-0.263160,0.007529,-0.151596,0.011969
254357888198,0.037563,1.073480,0.231581,-0.177173,-0.021975,-0.088912,0.009488
254457950310,0.005707,1.018579,-0.163918,-0.269704,-0.021950,-0.156396,0.014842
254558012422,-0.728062,0.627284,-0.417367,-0.074512,-0.020280,-0.065221,0.016461
254658074534,-0.295715,-0.515619,-0.017494,-0.048214,-0.020886,-0.032944,0.015466
254758136645,1.302624,-2.635136,0.038652,0.135863,0.007083,0.104957,0.020814
254858198757,2.097070,-1.968691,-0.080754,0.211804,-0.000204,0.161916,0.020958
254958260869,2.371484,-1.172415,-0.418999,0.261071,-0.023214,0.177048,0.020969
255058322981,-0.591762,0.027936,0.190801,0.256575,-0.072003,0.167868,0.017223
255158385093,-0.438019,1.046496,0.257317,0.163212,-0.084128,0.115057,0.007217
255258447204,0.249013,1.510549,0.196160,0.211049,-0.038407,0.131718,0.023512
255358509316,-0.330986,-0.083284,0.070934,0.063426,-0.032760,0.074536,0.042119
255458571428,0.239534,0.548986,-0.204020,0.033713,-0.052542,0.052291,0.032635
255558633540,0.503954,0.569270,-0.370764,-0.001542,-0.003303,-0.017640,0.038059
255658695652,-0.737778,-1.286307,-0.116408,0.009821,0.014047,-0.010752,0.034523
255758757763,-1.354158,-1.911081,-0.508091,0.021151,0.029929,0.033288,0.017329
255858819875,-0.311794,-0.309778,-0.142391,0.011235,0.033038,0.035112,0.011944
255958881987,-0.657171,1.254257,0.538861,-0.148960,-0.063175,-0.040150,0.007201
256058944099,1.880193,-0.187043,0.333428,-0.236632,-0.091458,-0.189405,0.004544
256159006211,2.813919,0.363053,-0.099965,-0.213337,-0.090326,-0.207448,0.008606
256259068322,1.159613,-0.863287,0.073278,-0.243903,-0.094116,-0.140179,0.027027
256359130434,0.180901,0.215895,0.333074,-0.155643,-0.005949,-0.048712,0.045118
256459192546,0.514168,0.119338,0.223596,-0.167335,0.069055,-0.078020,0.047698
256559254658,-0.397320,0.456999,-0.086760,-0.113442,0.056764,-0.069451,0.022409
256659316770,-0.094402,-0.008367,-0.148429,-0.127138,0.034229,-0.083998,0.011384
256759378881,-0.228573,1.111228,0.096017,-0.003008,0.008348,-0.022156,0.016155
256859440993,-1.428522,0.007136,0.289989,0.027895,-0.020356,-0.008976,0.014633
256959503105,1.478246,-0.331316,-0.261261,0.119111,-0.067073,0.018942,0.019006
257059565217,1.490724,0.346555,-0.573738,0.218989,-0.096773,0.079674,0.027854
257159627329,1.399433,-0.317371,-0.217901,0.183970,-0.068973,0.096652,0.024486
257259689440,-0.129984,-0.014116,-0.043079,0.231305,0.012799,0.109547,0.018839
257359751552,0.657691,0.731206,0.038121,0.102822,0.030369,0.043755,0.011416
257459813664,-0.777910,0.640675,0.366648,0.152890,-0.036393,0.109259,0.007609
257559875776,-2.260490,-0.464488,0.502571,0.005562,-0.018710,0.045949,0.012879
257659937888,-1.413760,0.491778,0.414370,-0.049537,-0.003559,-0.030496,0.017776
257759999999,-1.706831,0.341928,0.037633,-0.082172,-0.016746,-0.116018,0.017222
257860062111,-0.877700,-1.309124,0.066309,-0.176831,-0.044250,-0.147781,0.008770
257960124223,0.186188,-0.007766,0.257521,-0.040547,-0.036250,-0.053210,0.002720
258060186335,0.444514,0.565133,-0.084243,0.034912,-0.020046,0.011874,0.003115
258160248447,-0.089774,-0.242706,-0.310217,0.029734,-0.019244,0.047474,0.012926
258260310559,-0.388627,-0.735872,-0.491762,-0.002223,0.016302,-0.032014,0.020732
258360372670,-0.475162,-0.377047,-0.143058,-0.005653,0.016221,-0.032910,0.020100
258460434782,-0.150664,0.164827,0.236206,-0.016108,-0.009032,0.019157,0.011167
258560496894,-0.329873,0.376306,-0.044759,0.009420,-0.000449,0.030308,0.009136
258660559006,-0.247387,0.634538,-0.073989,0.096939,-0.012010,0.016879,0.017167
258760621118,0.581218,-0.246932,0.350877,0.139858,0.021347,0.080822,0.031888
258860683229,-0.150455,-0.244479,0.246032,0.116871,0.045461,0.074874,0.038383
258960745341,0.307204,-0.187065,-0.057789,0.035758,0.064683,-0.043794,0.047167
259060807453,0.513847,-0.619665,0.128553,0.099029,0.018737,0.025798,0.057278
259160869565,-0.353818,-0.277236,0.451715,0.095501,-0.045779,0.112340,0.050193
259260931677,0.298697,-0.735050,0.534507,-0.060954,-0.072380,-0.009231,0.042196
259360993788,0.679025,-0.741526,0.379968,0.076719,-0.109621,0.040184,0.027049
259461055900,1.443490,-0.732061,0.298115,-0.082934,-0.087663,-0.014429,0.030267
259561118012,0.726600,-0.783046,0.139160,-0.145807,-0.024400,-0.027119,0.032453
259661180124,-0.910292,0.404567,0.033180,-0.150220,0.002590,-0.032870,0.056420
259761242236,-0.537535,-0.120492,0.313390,-0.190471,0.005633,-0.096272,0.073379
259861304347,-0.308140,0.565521,0.171821,-0.097544,0.013032,-0.020487,0.084124
259961366459,-0.300521,0.434211,-0.121205,-0.116407,0.014996,-0.009213,0.091622
260061428571,-1.176322,0.477341,0.231727,0.058903,0.005124,0.075886,0.109179
260161490683,-0.688640,0.558896,0.075937,0.103577,0.012116,0.095834,0.121879
260261552795,0.080027,-0.466607,-0.554666,0.068070,0.016534,0.030422,0.129211
260361614906,-0.687424,-0.250412,-0.194505,0.119761,-0.042839,0.062595,0.137334
260461677018,-0.090684,-0.798236,-0.001848,0.018698,-0.050078,-0.021277,0.120812
260561739130,-0.051976,-1.432502,-0.755118,0.020993,-0.032195,-0.014493,0.149019
260661801242,0.383849,-1.156653,-1.098028,-0.059622,0.034754,0.013771,0.179554
260761863354,-0.196915,-0.239912,-0.581557,0.022876,0.053458,0.037824,0.209004
260861925465,-0.832433,-0.416173,0.328378,0.022896,0.122682,0.030865,0.260263
260961987577,-1.571143,0.040740,0.432984,0.112517,0.085836,0.074934,0.249057
261062049689,-0.489012,-0.698983,0.005533,0.101955,0.047257,0.033985,0.284734
261162111801,-0.945410,0.151965,0.197581,0.171472,-0.021792,0.137643,0.432070
261262173913,0.082527,-0.232543,0.356392,0.150020,-0.054550,0.132718,0.439455
261362236024,-1.056772,-0.534148,-0.216057,0.151751,0.034129,0.124578,0.444991
261462298136,-1.006009,-0.688556,-0.360080,0.097890,0.049800,0.058887,0.611282
261562360248,-0.876899,-0.306527,-0.551826,0.063869,0.061414,0.069145,0.619893
261662422360,-0.131055,-0.691397,-0.253704,-0.047693,0.065123,-0.055589,0.667002
261762484472,-0.099192,-0.571106,-0.318665,0.119118,0.008321,0.073177,0.747355
261862546583,-0.707355,-0.533361,-0.080995,0.092442,-0.058091,0.110708,0.833352
261962608695,-1.121792,-0.801696,-0.129413,-0.009193,-0.033123,-0.009664,0.854198
262062670807,-1.712173,0.823242,0.481733,-0.106315,0.032769,-0.153442,0.889333
262162732919,-1.128720,0.784307,0.791882,-0.095536,0.015530,-0.159341,0.971901
262262795031,-0.116985,-0.569055,-0.138816,-0.033439,-0.030211,-0.096305,1.024123
262362857142,0.483500,-1.333228,-0.322742,-0.128947,0.010493,-0.035218,1.092683
262462919254,-1.012191,-0.480869,-0.458335,-0.063681,0.060258,0.054301,1.143589
262562981366,0.623885,-0.006963,-0.192442,-0.027581,-0.012853,-0.118631,1.099830
262663043478,1.595786,0.003962,-0.745881,0.080032,-0.047256,-0.066313,1.226890
262763105590,1.319290,-0.685917,-0.594068,0.078144,-0.021879,0.108169,1.219031
262863167701,1.083405,-0.459801,-0.709132,0.034015,0.021544,0.063904,1.152455
262963229813,0.764336,-0.091942,-0.513814,0.074257,-0.004033,-0.015980,1.246062
263063291925,1.148321,0.127287,0.245623,0.009364,-0.024838,-0.018251,1.308682
263163354037,0.210429,-0.391684,-0.225946,-0.074449,0.089987,0.034828,1.336758
263263416149,-0.771766,-1.776184,-1.130740,-0.036494,0.014978,-0.055316,1.410652
263363478260,-0.340887,-0.968926,-0.643147,0.107362,-0.036294,0.034839,1.308522
263463540372,0.928385,-1.158032,-0.523164,-0.118893,0.000083,-0.028649,1.346314
263563602484,0.775750,-0.777848,-1.336782,-0.143324,0.100091,-0.047891,1.517293
263663664596,-1.382763,0.266063,-0.533915,-0.297835,0.142333,-0.150491,1.617796
263763726708,-1.882268,0.595844,-0.458239,-0.308701,0.125161,-0.147905,1.709263
263863788819,-1.236018,1.381915,0.158985,-0.405212,0.115014,-0.215300,1.837891
263963850931,0.986294,-0.320915,0.039009,-0.451414,0.073168,-0.203537,1.950966
264063913043,0.629876,0.612743,0.035690,-0.097072,0.021935,-0.038638,2.233419
264163975155,-0.624740,1.551742,-0.470878,0.122064,0.095153,0.068628,2.428678
264264037267,0.069987,-0.502971,-0.733536,0.099358,0.055289,0.015258,2.475298
264364099378,0.966917,-0.108243,-0.029878,0.072226,0.062606,0.168006,2.668531
264464161490,1.261119,-1.216002,-0.409589,0.209842,-0.035797,0.198429,2.869434
264564223602,1.866067,-1.231601,-0.440338,0.251692,-0.115118,0.103568,2.909795
264664285714,3.015394,-2.586676,-0.795038,0.479914,-0.112043,0.187656,3.125694
264764347826,-0.231093,0.261438,0.004568,0.677810,-0.092807,0.297323,3.428923
264864409937,1.667351,-0.539897,0.023052,0.173632,-0.034689,0.038921,3.447543
264964472049,0.420325,-0.595126,-0.095744,0.077354,-0.036207,0.037002,3.602919
265064534161,-2.714096,1.027258,0.065755,-0.210497,-0.037161,-0.138615,3.893034
265164596273,-3.058294,1.125056,-0.232820,-0.235590,-0.020909,-0.201105,3.907431
265264658385,-0.619485,1.143736,-0.283786,-0.348360,0.069433,-0.181678,4.022757
265364720496,3.119540,-1.442979,-0.381703,-0.359610,-0.002438,-0.273647,4.176371
265464782608,1.470118,-1.860492,-0.485559,0.062028,-0.036984,0.010407,4.283205
265564844720,2.880964,-2.378101,0.081088,0.170708,0.026574,0.131322,4.482795
265664906832,1.081308,-1.467307,-0.391454,0.412001,0.052586,0.261374,4.466870
265764968944,2.164805,-2.214469,0.118110,-0.250085,0.025335,-0.029113,4.527333
265865031055,2.002626,-2.216161,-0.150844,-0.422475,0.136846,-0.086709,4.628296
265965093167,-2.176009,2.161216,-0.035169,-0.348481,0.002990,-0.291835,4.797337
266065155279,-1.344318,1.491775,0.136595,-0.441758,0.048923,-0.174970,4.898482
266165217391,-1.497384,2.137349,0.628530,-0.347195,0.031125,-0.154504,5.119420
266265279503,1.191889,-0.659584,0.196548,-0.403851,0.021972,-0.221660,5.279345
266365341614,-0.672779,0.228838,0.369748,-0.314450,0.018379,-0.149105,5.426608
266465403726,2.246846,-1.389638,-0.170695,-0.533608,0.014256,-0.262017,5.560330
266565465838,3.301290,-1.071376,-0.360529,0.030696,-0.019061,0.078644,5.575304
266665527950,4.233310,-2.345520,-0.364543,-0.048764,-0.000191,-0.025824,5.652352
266765590062,3.220278,-0.418447,0.259574,0.360657,0.042250,0.177367,5.798732
266865652173,-3.080840,3.178698,-0.113107,0.385902,0.023606,0.230309,6.019071
266965714285,-3.070251,2.380261,-0.325004,0.615400,0.046845,0.427071,6.050540
267065776397,-4.924179,2.287777,0.253516,0.761942,-0.037798,0.433967,6.281476
267165838509,1.086247,-0.582946,0.689240,0.527859,-0.073246,0.338985,6.376161
267265900621,0.713349,0.783071,1.157899,0.571183,-0.153453,0.327583,6.385388
267365962732,1.620506,-0.556048,0.327934,0.361349,-0.103626,0.223159,6.463776
267466024844,-0.412686,0.203226,-0.294021,0.365134,-0.037056,0.202320,6.579192
267566086956,-1.438263,-0.090202,-0.166867,0.121709,0.067504,0.045362,6.678853
267666149068,-2.480720,1.821109,0.199960,0.294083,-0.067435,0.131479,6.791293
267766211180,0.184417,-0.424780,0.005799,-0.055097,-0.008335,-0.021064,6.845292
267866273291,2.178535,-1.581553,-0.731133,0.095528,-0.000437,0.020289,6.952362
267966335403,2.734164,-2.464237,-0.834903,-0.240504,0.041283,-0.178686,7.066908
268066397515,1.357986,-1.698903,-0.488940,-0.162192,0.049241,-0.098049,7.171373
268166459627,-2.226536,1.832031,-0.151619,-0.408514,0.045471,-0.209743,7.230024
268266521739,-0.732414,1.757419,-0.357662,-0.451811,0.023934,-0.262503,7.336829
268366583850,-2.044704,2.187495,0.160431,-0.380762,0.045606,-0.178614,7.372423
268466645962,-0.149914,-0.378897,0.489898,-0.423325,0.026237,-0.263349,7.460711
268566708074,-0.099799,-0.972876,0.109073,-0.104032,-0.077903,-0.133083,7.595332
268666770186,0.572374,-0.164707,-0.719322,-0.072643,-0.077918,-0.020870,7.619600
268766832298,1.530475,0.534804,-0.243432,-0.069168,-0.014090,-0.036862,7.675533
268866894409,0.125158,0.881526,-0.432178,0.018392,0.028495,0.041006,7.790930
268966956521,-0.107653,-0.214524,-0.641685,0.038632,0.056718,0.145374,7.909688
269067018633,-0.904726,0.406439,-0.453025,0.068708,0.071463,0.125160,7.988825
269167080745,1.293637,-0.659290,0.285568,0.215508,0.026552,0.196828,8.020442
269267142857,0.392205,1.605933,0.832283,0.357175,-0.053539,0.138184,8.064345
269367204968,1.941860,0.135911,0.415380,0.060878,-0.047756,-0.048802,8.153621
269467267080,-0.464534,0.571823,0.250658,0.191199,-0.029160,0.090515,8.191419
269567329192,-1.392778,1.820034,0.240319,-0.078678,0.034517,-0.049788,8.277217
269667391304,-0.078611,1.326132,-0.126181,-0.116387,0.090717,-0.037106,8.354372
269767453416,0.329168,0.829186,-0.695838,-0.094475,0.127885,0.006741,8.423284
269867515527,0.093037,-0.109703,-0.930196,-0.079896,0.014876,-0.086548,8.468873
269967577639,-0.466966,-0.070398,-0.622582,-0.108286,-0.049351,-0.046438,8.561484
270067639751,0.585096,0.063379,0.115228,-0.116270,-0.051978,-0.104574,8.595662
270167701863,0.387624,0.845891,0.195282,-0.038841,-0.053699,-0.162320,8.637626
270267763975,-0.402287,0.017890,-0.253706,0.046344,0.030294,-0.009549,8.658889
270367826086,1.931536,-1.247874,-0.341063,0.162333,0.099177,0.126102,8.780411
270467888198,0.234153,1.159698,0.068168,0.323720,0.001457,0.215445,8.888217
270567950310,0.842878,-0.178307,0.245978,0.227987,0.000106,0.146651,8.873251
270668012422,0.371351,1.785563,0.307166,0.263148,0.017675,0.216924,8.946817
270768074534,1.245377,0.384810,-0.176652,0.080105,0.026310,0.050356,8.990756
270868136645,0.767842,-0.161366,-0.479078,0.128241,0.034043,0.116802,8.946822
270968198757,2.046092,-0.716124,-0.173101,-0.149731,-0.006513,-0.032197,8.940319
271068260869,1.364983,-1.173866,-0.119450,-0.149195,-0.003475,-0.032551,8.966095
271168322981,-0.778466,2.427633,0.371979,-0.307585,-0.031702,-0.166526,8.963423
271268385093,-0.213992,0.558403,0.372031,-0.442074,-0.014170,-0.228252,8.846550
271368447204,-0.952191,2.621075,0.445828,-0.273197,0.040015,-0.113585,8.847096
271468509316,1.359279,1.530423,-0.295094,-0.385176,0.020983,-0.204720,8.857409
271568571428,-0.667160,3.386754,-0.812453,-0.166454,0.038331,-0.038075,8.881968
271668633540,2.743652,-0.422185,-0.225464,-0.401570,0.024443,-0.287614,8.843111
271768695652,2.483066,-0.379757,0.124688,-0.011386,0.034130,-0.041531,8.895981
271868757763,3.740463,-2.060163,-0.159595,-0.181141,0.025368,-0.102815,8.937223
271968819875,1.026644,-1.040901,0.500346,0.300980,-0.046538,0.165119,8.925471
272068881987,-2.171080,3.732545,1.217990,0.332104,-0.115312,0.151007,8.956200
272168944099,-1.303683,2.886010,0.947719,0.458845,-0.073838,0.259762,9.040659
272269006211,-1.271069,3.427070,0.339103,0.447643,-0.018932,0.278812,9.097180
272369068322,2.208098,0.389216,0.169348,0.345023,0.001021,0.248564,9.132487
272469130434,0.525716,1.172576,-0.200186,0.415480,-0.054402,0.252278,9.202393
272569192546,2.509217,-0.595490,0.057032,0.258584,-0.007408,0.157920,9.192371
272669254658,1.531633,0.649961,-0.200095,0.397581,0.010302,0.257227,9.126863
272769316770,2.446331,-0.760360,-0.325523,-0.052982,0.015921,0.018151,9.137540
272869378881,1.803240,0.539148,-0.255127,-0.067876,0.012022,-0.042611,9.137491
272969440993,-0.687995,2.274770,0.140741,-0.212532,0.123209,-0.121147,9.123395
273069503105,0.265736,-0.283392,0.461539,-0.263005,0.098407,-0.159670,9.067873
273169565217,0.454878,0.657209,0.641067,-0.181087,-0.009862,-0.139750,8.943357
273269627329,1.524771,1.543729,0.294305,-0.109801,-0.077886,-0.075208,8.868330
273369689440,1.469688,2.012365,0.410133,-0.051202,-0.007840,-0.050550,8.884231
273469751552,1.797336,1.363335,0.783090,-0.075474,-0.005706,-0.071215,8.873306
273569813664,-0.086117,0.770285,0.366766,-0.002694,-0.049687,-0.026515,8.838621
273669875776,0.605798,0.824514,0.411175,-0.078624,-0.089953,-0.064511,8.787489
273769937888,0.795574,2.230231,0.021037,0.135831,-0.098167,0.016936,8.750379
273869999999,1.062222,2.698276,0.368403,0.098027,-0.035547,0.069525,8.721722
273970062111,1.799883,-0.063780,0.082125,0.232458,0.004058,0.150942,8.713639
274070124223,-0.699587,1.044013,-0.260086,0.227073,0.008322,0.200440,8.698501
274170186335,1.037449,0.579188,-0.692053,0.209994,0.097160,0.176875,8.632286
274270248447,0.138578,2.959934,-0.010692,0.373374,0.028832,0.233955,8.599920
274370310559,0.349979,1.973006,0.316813,0.039941,0.019571,0.082620,8.606124
274470372670,-0.621436,2.758137,-0.016584,0.120700,-0.015811,0.112669,8.618406
274570434782,1.172345,1.356610,-0.242516,-0.050235,-0.015656,-0.010274,8.603749
274670496894,3.214740,0.587477,0.073045,0.170709,0.037100,0.102168,8.519935
274770559006,2.694451,-0.110170,0.351165,0.134318,-0.007128,0.095295,8.530979
274870621118,3.125347,-0.941199,0.258930,0.303175,-0.026410,0.194975,8.568702
274970683229,0.495290,2.894128,-0.148628,0.416222,0.015258,0.266570,8.558685
275070745341,2.594599,0.926426,0.653074,0.079452,0.038644,0.058723,8.577248
275170807453,4.186725,-1.161873,0.992463,0.203476,0.003619,0.131176,8.587269
275270869565,2.396172,-0.198801,0.245131,-0.011399,-0.043100,0.028309,8.559384
275370931677,0.425140,1.551206,0.417280,-0.310678,-0.120121,-0.208546,8.495448
275470993788,1.612473,0.788011,0.566690,-0.377604,-0.062790,-0.198745,8.509386
275571055900,3.239772,-0.114865,-0.068733,-0.349032,0.012228,-0.197252,8.530994
275671118012,0.996549,2.192313,-0.227544,-0.180405,0.027228,-0.126358,8.563916
275771180124,0.852990,2.022286,-0.163177,-0.187374,0.005437,-0.103176,8.555350
275871242236,1.670398,1.294567,0.418018,-0.065944,0.003876,-0.000157,8.564161
275971304347,2.796810,0.666857,0.184377,-0.145926,0.032274,-0.089095,8.592502
276071366459,1.656044,1.570896,-0.027319,-0.020353,-0.024075,-0.028315,8.591001
276171428571,1.528380,2.609205,0.242676,-0.053163,-0.032872,0.002815,8.547063
276271490683,1.301392,2.455261,0.492014,0.011308,-0.039557,0.034946,8.570431
276371552795,1.666235,1.788247,0.510709,0.019704,-0.017787,0.032167,8.585316
276471614906,2.434025,0.751767,0.011090,0.025772,-0.018104,0.062310,8.546408
276571677018,1.038809,1.573017,-0.162846,0.051992,-0.029050,0.102078,8.563366
276671739130,1.987734,1.125019,-0.028457,-0.028765,-0.036722,0.077284,8.489227
276771801242,1.730292,0.994092,0.393654,-0.048219,-0.030408,0.078094,8.433460
276871863354,1.619191,0.677195,0.379858,-0.138380,-0.028997,0.038092,8.393460
276971925465,1.334059,1.202996,0.105095,-0.162780,0.013257,0.032738,8.346547
277071987577,1.166197,1.177459,-0.080743,-0.183383,0.025377,0.010180,8.269666
277172049689,1.312666,1.096779,-0.056844,-0.208707,-0.006678,-0.020589,8.210376
277272111801,1.528002,1.223331,-0.154161,-0.202403,0.006282,-0.030341,8.131443
277372173913,2.022603,0.711117,0.062852,-0.184482,-0.003369,-0.019634,8.029527
277472236024,2.349283,-0.198844,0.303252,-0.161820,0.015736,0.058593,7.923350
277572298136,1.922511,0.369463,0.507795,-0.115250,0.014906,0.100283,7.930038
277672360248,2.114167,0.769226,0.078191,-0.116140,0.030619,0.133721,7.925196
277772422360,-0.077423,1.793896,0.130370,-0.098711,-0.006303,0.113206,7.899950
277872484472,-0.110781,1.146858,0.202207,-0.094677,-0.011106,0.024558,7.793792
277972546583,-0.517983,1.019391,0.057576,-0.048610,0.023756,0.028430,7.743012
278072608695,1.233298,0.428446,0.072971,-0.149365,0.011658,-0.003752,7.687229
278172670807,0.735140,0.458843,-0.155461,-0.121208,0.017676,0.066260,7.710851
278272732919,0.635675,0.971671,0.083667,-0.172201,-0.012795,0.048095,7.680476
278372795031,-0.225058,1.244763,-0.084442,-0.154590,0.016312,0.076157,7.668111
278472857142,-0.599189,0.992339,-0.053304,-0.151108,-0.000498,0.036565,7.631345
278572919254,0.881562,0.851083,0.341065,-0.173257,0.007029,-0.078649,7.657860
278672981366,0.516666,0.028787,-0.192734,-0.019202,0.015326,-0.015604,7.667987
278773043478,-1.296379,0.888316,0.227015,-0.044542,-0.031404,0.032361,7.682749
278873105590,-1.151403,1.055061,0.131551,0.026990,-0.031297,0.025513,7.678735
278973167701,-0.506386,1.260725,-0.609080,0.006948,0.025145,0.029669,7.678658
279073229813,1.028874,1.087633,-0.432254,0.021817,0.051937,0.088385,7.765638
279173291925,1.618846,0.880918,0.545150,-0.010646,0.046002,0.041764,7.787376
279273354037,0.304939,0.615468,0.315037,0.196710,0.010231,0.079899,7.794892
279373416149,-1.903636,1.443929,-0.005104,0.154867,-0.020833,0.076369,7.828255
279473478260,-1.627510,1.455265,0.104394,0.277553,-0.031240,0.072067,7.884609
279573540372,-1.140120,1.283699,0.011142,0.275816,-0.012690,0.050383,7.892940
279673602484,1.032112,0.125515,-0.198966,0.291171,-0.014396,0.078243,7.885502
279773664596,0.377106,0.292561,0.023654,0.290752,0.014767,0.054042,7.894325
279873726708,1.009441,-0.465738,-0.132046,0.218634,0.006751,0.017395,7.791152
279973788819,-0.161391,-0.163392,-0.062683,0.287983,0.012679,0.076084,7.695459
280073850931,0.100896,-0.154092,0.027426,0.176464,0.020277,0.031440,7.632125
280173913043,-0.729218,0.325402,0.159271,0.220157,-0.004330,0.044090,7.551244
280273975155,-1.165532,0.312437,0.087266,0.135778,-0.007307,-0.032198,7.503603
280374037267,-1.505727,-0.177936,0.124424,0.162830,-0.027768,-0.025859,7.383944
280474099378,-1.185710,-0.363507,-0.015064,0.120032,-0.019672,-0.039870,7.265755
280574161490,-0.547183,-0.526224,-0.021437,0.130733,-0.039974,-0.055142,7.188409
280674223602,-1.182668,-0.198761,-0.401794,0.214882,-0.021772,0.023656,7.128020
280774285714,-0.860548,-0.109117,-0.322931,0.242816,-0.035986,0.016074,7.033611
280874347826,-0.447917,-0.125475,-0.181776,0.274935,-0.031110,0.019433,6.950350
280974409937,-0.468504,-0.671366,-0.117425,0.209255,-0.015297,-0.022628,6.862489
281074472049,-0.172486,0.163804,-0.359380,0.253620,0.019637,-0.046703,6.758625
281174534161,-0.037643,0.361908,-0.105202,0.251677,-0.049383,0.004269,6.721380
281274596273,-0.065182,0.254307,0.245961,0.250773,-0.031716,0.051998,6.639729
281374658385,-0.175724,-0.191990,0.056532,0.234561,0.012678,-0.043508,6.546485
281474720496,-0.855263,-0.489562,-0.016179,0.261849,0.019944,0.002954,6.488812
281574782608,-0.230659,-0.535387,-0.047259,0.237959,-0.007918,-0.026482,6.439553
281674844720,-0.352701,-0.039283,0.089420,0.246418,-0.061842,-0.030656,6.416549
281774906832,-0.810494,0.194678,-0.062391,0.314136,-0.019575,0.017018,6.368111
281874968944,-0.355302,-0.149616,0.006675,0.284721,-0.025153,-0.011593,6.340977
281975031055,-0.264330,-0.305415,-0.168442,0.243327,-0.002814,0.021811,6.248366
282075093167,-0.933583,0.471046,-0.006408,0.143965,-0.017363,-0.015772,6.285847
282175155279,-0.181597,-0.491796,0.118887,0.075244,0.021087,-0.110085,6.336656
282275217391,-1.213479,0.783022,0.011063,0.220596,0.003833,-0.026794,6.374527
282375279503,-0.751173,0.096723,-0.278167,0.174684,0.023088,-0.072006,6.389326
282475341614,-1.883027,0.561908,-0.453890,0.360207,0.097865,0.096676,6.360974
282575403726,-1.189696,0.305219,-0.054116,0.364427,0.033135,0.072592,6.373732
282675465838,-0.291353,-0.570952,0.065085,0.377787,0.016083,0.104335,6.376499
282775527950,0.124178,-1.166338,-0.178322,0.304990,0.018730,0.070440,6.478431
282875590062,-0.920192,-0.100467,-0.521250,0.358323,0.016551,0.060571,6.558138
282975652173,-0.416881,-0.168019,0.083641,0.320773,-0.027485,0.004281,6.550360
283075714285,-0.129453,-1.110179,0.192774,0.422726,0.041974,0.109633,6.565770
283175776397,-1.074015,0.909440,0.189759,0.543671,0.041394,0.181156,6.607786
283275838509,-1.267178,0.166506,-0.202655,0.373067,-0.078544,0.028535,6.608356
283375900621,-0.660352,0.506866,-0.302369,0.383824,-0.057926,0.013041,6.637679
283475962732,0.388117,-1.303298,-0.017309,0.196153,-0.024596,-0.146400,6.697431
283576024844,-0.175171,-0.667854,0.039370,0.287771,0.016440,-0.050285,6.681167
283676086956,-0.362048,1.003973,0.167388,0.146297,0.033591,-0.091165,6.706830
283776149068,0.072600,-0.746679,0.060406,0.119254,0.029326,-0.089434,6.794839
283876211180,-0.898754,1.530110,-0.179788,0.291880,0.009636,0.043328,6.848738
283976273291,-0.907582,0.408835,0.052126,0.196966,0.015614,-0.106883,6.938143
284076335403,-1.100762,1.646784,-0.104308,0.461454,-0.003627,0.026138,6.917890
284176397515,-0.012419,-0.447823,-0.000358,0.304431,-0.012282,-0.030154,6.898584
284276459627,-0.377424,-1.421527,-0.018318,0.529876,-0.023794,0.090058,6.948979
284376521739,-0.447963,-0.837889,-0.211732,0.471399,0.027246,0.048707,7.004749
284476583850,0.034211,-0.893874,-0.006628,0.445305,0.020853,0.062989,7.031623
284576645962,0.341216,0.078395,0.125310,0.429915,0.012872,0.061003,7.071241
284676708074,0.214508,-0.021097,-0.196901,0.476851,0.032443,0.040789,7.097286
284776770186,0.551327,1.095704,0.054144,0.494935,0.004246,0.089438,7.142675
284876832298,0.531578,-0.553580,0.060105,0.360388,0.000772,0.015540,7.231832
284976894409,0.384980,0.134580,0.291284,0.423780,0.001711,0.022416,7.244320
285076956521,0.052890,-0.990580,0.192043,0.283645,0.007980,-0.039491,7.328756
285177018633,-0.128780,-0.821151,-0.033134,0.301515,0.021292,0.019359,7.395007
285277080745,-0.161502,-1.033844,-0.111755,0.241845,0.005211,-0.035593,7.458546
285377142857,0.246765,-0.776643,-0.070972,0.265237,0.008213,-0.030644,7.512460
285477204968,0.434249,-0.131258,-0.011564,0.201623,-0.001743,-0.050387,7.564207
285577267080,0.192988,-0.773240,0.144225,0.198165,0.000113,-0.047658,7.607662
285677329192,0.257565,-0.645925,-0.020068,0.204376,-0.005890,-0.034741,7.650239
285777391304,0.060148,-1.392197,-0.148731,0.161831,-0.000201,-0.051873,7.745130
285877453416,0.116178,-0.818754,-0.073596,0.193387,-0.006825,-0.016812,7.780757
285977515527,0.207828,-1.196354,-0.025019,0.152840,-0.008136,-0.016533,7.855375
286077577639,0.493588,-0.828405,0.051883,0.190836,-0.008895,0.014227,7.899384
286177639751,0.590348,-0.773149,0.009930,0.149117,0.000550,-0.007815,7.980516
286277701863,0.565265,-0.924043,0.045718,0.151269,-0.014068,-0.008226,8.068854
286377763975,0.437891,-1.226268,-0.041972,0.119795,-0.002384,0.006893,8.147891
286477826086,0.457784,-1.348544,-0.089985,0.114059,0.009241,0.020614,8.165000
286577888198,0.518804,-1.019615,-0.036915,0.123756,-0.002094,0.014694,8.188366
286677950310,0.502028,-1.300096,-0.012411,0.071125,-0.004495,-0.002847,8.237007
286778012422,0.579522,-1.024313,-0.065934,0.056236,0.005158,0.017004,8.306748
286878074534,0.418848,-0.960620,-0.046904,0.015530,-0.003729,-0.007821,8.315248
286978136645,0.501687,-0.931156,-0.049729,0.007644,-0.000703,-0.004745,8.363844
287078198757,0.191059,-0.862840,-0.123771,-0.021848,-0.003620,-0.008750,8.409987
287178260869,-0.222450,-0.755293,-0.004896,-0.014145,0.006687,0.002114,8.471498
287278322981,-0.253841,-0.398979,0.050592,-0.032608,0.004460,-0.007379,8.486111
287378385093,-0.450921,-0.704840,-0.034113,-0.038047,-0.001733,-0.031410,8.486111
287478447204,-0.200425,-0.540906,-0.075557,0.000117,0.003774,-0.004287,8.551920
287578509316,-0.382795,-0.632116,-0.000927,-0.026567,-0.000207,-0.004520,8.552772
287678571428,-0.200331,-0.444530,-0.063929,0.023608,-0.007771,0.002327,8.622698
287778633540,-0.161660,-0.434152,-0.026126,0.009383,-0.001502,-0.007635,8.703560
287878695652,-0.027679,-0.546738,-0.042770,0.018150,0.009710,-0.002887,8.730274
287978757763,0.040678,-0.656110,0.036742,0.009461,-0.012423,0.000121,8.813345
288078819875,-0.241331,-0.693433,-0.099486,0.007517,-0.014640,0.014291,8.921702
288178881987,0.344889,-0.901161,-0.080674,-0.014794,-0.000692,-0.000831,9.037248
288278944099,0.498866,-0.895019,-0.042454,-0.015970,-0.000402,0.002232,9.135406
288379006211,0.446717,-0.701216,0.002052,-0.021198,-0.022934,0.011037,9.217327
288479068322,1.449302,-1.059616,-0.009827,-0.052929,-0.021722,-0.007045,9.281330
288579130434,1.348987,-0.751918,-0.021158,-0.042359,0.007749,0.008777,9.402473
288679192546,1.557312,-1.048213,-0.069686,-0.040722,0.009071,0.000859,9.457949
288779254658,1.829987,-1.347374,-0.007791,-0.058501,-0.002408,-0.007157,9.573535
288879316770,0.631789,-0.572843,0.117725,-0.067352,0.021291,-0.010676,9.630587
288979378881,0.367714,-0.315547,0.138391,-0.054815,-0.008617,0.000370,9.734854
289079440993,0.415588,-0.250697,-0.081092,-0.011882,-0.001353,0.024929,9.833042
289179503105,0.573427,-0.253929,-0.092192,0.004081,0.035227,0.034556,9.855920
289279565217,0.562135,-0.333730,-0.129703,0.033380,0.038676,0.008946,9.972314
289379627329,0.579841,-0.380126,-0.119481,0.044763,0.023334,-0.000608,10.102363
289479689440,0.322433,-0.267412,0.109988,0.080563,0.031421,-0.000744,10.218149
289579751552,-0.376436,-0.400549,0.067071,0.055169,0.042628,0.013755,10.301589
289679813664,-0.697663,-0.305747,0.171332,0.114263,0.041397,0.043656,10.399197
289779875776,-0.283380,-0.812623,0.031631,0.077927,0.026859,0.000456,10.454391
289879937888,-0.293191,-0.536644,0.113165,0.155867,0.026321,0.041398,10.534111
289979999999,0.541216,-0.008117,0.117888,0.181865,-0.003211,0.028618,10.613500
290080062111,0.473218,-0.637661,0.086781,0.217774,-0.024767,0.044625,10.700278
290180124223,0.232700,0.147050,-0.122746,0.230595,0.000627,0.071259,10.770136
290280186335,-0.774841,-1.715444,-0.109841,0.292894,0.036818,0.082030,10.809562
290380248447,0.016493,0.159856,0.291496,0.400886,-0.005872,0.108744,10.911518
290480310559,-1.058789,-1.801145,-0.127328,0.083044,0.021512,-0.030445,10.983186
290580372670,-1.511787,-1.679101,-0.514414,0.235937,0.012733,0.052844,11.064880
290680434782,-1.194150,-1.990421,-0.194389,-0.014266,0.010382,-0.086771,11.179360
290780496894,-2.241914,-0.800001,-0.374877,0.017876,0.028633,-0.059458,11.239279
290880559006,-2.195183,1.097690,-0.078588,-0.077092,0.035225,-0.093648,11.272895
290980621118,-2.647580,0.585404,0.229252,-0.105300,0.030671,-0.112506,11.371603
291080683229,-2.198812,1.536528,0.156930,-0.082704,-0.004636,-0.084809,11.551221
291180745341,-2.617952,-0.328066,-0.016117,-0.133159,0.006173,-0.083124,11.493789
291280807453,-1.573118,0.809101,-0.070580,-0.047257,-0.003771,-0.016682,11.506577
291380869565,-1.027065,-1.004607,0.034566,-0.115139,-0.020675,-0.068123,11.510058
291480931677,-0.579031,-0.305922,-0.080939,0.038980,-0.039611,-0.012964,11.585774
291580993788,-0.804132,-1.268717,-0.283591,-0.041295,-0.011967,-0.022279,11.595115
291681055900,-0.441649,-0.287801,-0.142944,0.089002,-0.004412,0.060272,11.721169
291781118012,0.149613,0.275316,0.032886,0.056003,-0.011147,0.006369,11.728353
291881180124,0.033439,0.116918,-0.076358,0.106405,-0.005344,0.070338,11.786421
291981242236,0.128409,0.321565,0.079263,0.098674,-0.004933,0.070023,11.774256
292081304347,-0.505023,-0.813637,-0.056098,0.075219,-0.002465,0.044052,11.779348
292181366459,-0.089989,-0.194192,0.017849,0.117694,-0.004429,0.063750,11.859243
292281428571,-0.564401,-0.953254,-0.101243,0.030493,0.003566,0.029255,11.875361
292381490683,-0.296901,-0.240236,-0.071405,0.084861,-0.002536,0.054486,11.910086
292481552795,-0.266663,-0.227971,-0.018034,-0.016357,0.009637,0.002278,11.945013
292581614906,0.032506,0.153180,0.085348,0.035328,0.009259,0.019244,11.955872
292681677018,-0.178279,-0.362082,-0.046622,-0.041855,0.003905,-0.020614,11.955356
292781739130,-0.358299,-0.527718,-0.066165,-0.007718,0.000682,0.011457,11.993372
292881801242,-0.268256,-0.552688,-0.131057,-0.027608,0.006317,-0.007663,12.006943
292981863354,-0.296831,-0.371743,-0.024707,-0.010459,0.006307,-0.009142,12.059675
293081925465,-0.148694,-0.297683,-0.021217,-0.010064,0.000588,-0.002756,12.021956
293181987577,-0.272431,-0.035767,-0.085095,-0.001959,0.009424,0.004959,11.998813
293282049689,-0.339622,-0.232281,-0.006100,-0.012016,0.010290,-0.026255,11.968989
293382111801,-0.356379,-0.358342,-0.022259,-0.012349,-0.002077,-0.001612,11.976057
293482173913,-0.643730,-0.161399,0.035087,-0.031156,-0.003878,-0.014268,11.989617
293582236024,-0.826841,-0.303931,-0.179335,-0.027001,0.003894,-0.027916,11.996056
293682298136,-0.268842,0.121286,0.042385,-0.023218,0.004680,-0.031641,11.912132
293782360248,-0.350118,-0.109336,-0.057158,-0.011709,0.002202,-0.019893,11.950855
293882422360,-0.359863,0.113601,-0.033752,0.020861,0.004943,-0.006338,11.965574
293982484472,-0.439365,0.061268,-0.013564,0.023868,0.003679,-0.009610,11.951905
294082546583,-0.422583,0.307416,-0.034677,0.064666,0.001872,0.014289,11.976175
294182608695,-0.872120,0.152676,-0.072978,0.046574,-0.003927,-0.007767,11.894517
294282670807,-0.870973,0.372945,-0.049830,0.089364,0.019121,-0.003630,11.870140
294382732919,-0.460979,0.096425,0.034503,0.098277,0.008142,0.017414,11.785467
294482795031,-0.432801,0.620893,-0.000876,0.179534,0.009546,0.033822,11.739077
294582857142,-0.431824,0.769051,0.026901,0.172183,0.017948,0.010212,11.724770
294682919254,-1.183539,0.945328,-0.149355,0.222533,0.028531,0.024528,11.667546
294782981366,-0.646929,0.894004,0.027077,0.215540,0.011194,0.012245,11.601251
294883043478,-0.328715,0.483875,-0.021233,0.224715,0.005078,-0.005557,11.662202
294983105590,-0.317521,0.300531,-0.265544,0.224526,0.009950,-0.009089,11.740197
295083167701,-0.303446,1.094992,-0.063180,0.212098,0.021867,-0.036320,11.681439
295183229813,-0.851127,0.869944,0.136707,0.254765,0.014312,-0.022916,11.702780
295283291925,-0.312773,2.045733,0.206027,0.335893,0.015975,0.038193,11.718329
295383354037,-0.189517,0.922691,-0.134999,0.351989,0.019733,-0.022080,11.709118
295483416149,0.110392,0.478787,-0.042443,0.369526,0.009890,-0.043587,11.762787
295583478260,0.923747,0.805759,-0.112801,0.438099,-0.018525,0.054156,11.840671
295683540372,-0.238074,0.305946,0.151207,0.260032,-0.020720,-0.041329,11.883128
295783602484,-0.879536,-0.452836,-0.167574,0.312397,0.016715,-0.027894,11.852197
295883664596,-0.057143,-0.345296,-0.137784,0.288044,-0.017188,-0.043484,11.962130
295983726708,0.040474,-0.509148,-0.198164,0.278498,0.005401,-0.021871,11.948951
296083788819,1.169881,0.406398,0.207462,0.311048,-0.003032,-0.030553,12.008277
296183850931,0.339667,0.018917,0.052529,0.270465,-0.002391,-0.063061,12.018549
296283913043,1.128358,0.245575,0.190989,0.376356,0.021076,0.004947,12.139729
296383975155,0.766973,-0.000113,-0.080405,0.346827,0.002505,-0.004257,12.218339
296484037267,1.142194,0.349252,-0.136576,0.488037,-0.002951,0.081454,12.210447
296584099378,0.754262,-0.067534,-0.034285,0.433937,-0.007874,0.027520,12.199469
296684161490,-0.251208,-0.636783,0.100962,0.488463,0.004348,0.071902,12.219797
296784223602,0.471780,-0.829646,0.020592,0.475678,-0.026639,0.046819,12.280506
296884285714,-0.122274,-0.860426,-0.187746,0.450629,-0.004875,0.044214,12.332317
296984347826,0.882762,-0.687150,0.064897,0.466623,-0.019656,0.050327,12.387329
297084409937,-0.154519,-0.833757,-0.134519,0.405090,-0.006123,0.012039,12.444881
297184472049,0.500978,-0.685059,-0.027046,0.434874,-0.025849,0.049429,12.421977
297284534161,0.014892,-0.882871,-0.127862,0.363826,-0.010408,0.028532,12.408362
297384596273,0.634952,-0.772656,-0.047438,0.382052,-0.011956,0.049960,12.372401
297484658385,-0.444114,-0.871016,-0.196881,0.335274,0.011382,0.019299,12.334599
297584720496,0.045084,-0.870173,-0.077340,0.377146,0.005607,0.042593,12.302767
297684782608,-0.668103,-0.431701,-0.099997,0.269604,-0.001075,-0.028555,12.284396
297784844720,0.067413,-0.328454,-0.032735,0.311519,0.013775,0.032616,12.319418
297884906832,0.651532,-0.474830,0.071571,0.231021,0.007033,-0.027013,12.285309
297984968944,0.590739,-0.496487,-0.086014,0.258339,0.001706,-0.012224,12.203236
298085031055,0.655552,-0.736539,-0.112837,0.227045,0.007718,-0.031202,12.156932
298185093167,-0.274025,-0.354677,-0.049303,0.227413,0.006362,-0.029877,12.122038
298285155279,0.182206,-0.397499,-0.034147,0.271483,0.007767,-0.008217,12.110085
298385217391,-0.460295,-0.258174,0.003592,0.242472,0.008265,-0.034690,12.098000
298485279503,0.344373,0.103366,-0.178135,0.302913,-0.000309,0.007163,12.001356
298585341614,-0.388547,-0.178596,-0.092309,0.269010,0.018854,-0.010568,11.938062
298685403726,0.214612,-0.587242,-0.050079,0.344827,-0.011686,0.031959,12.016353
298785465838,0.550763,-0.520938,0.048188,0.323994,0.000311,0.006742,11.973659
298885527950,0.551375,-0.447584,-0.003302,0.337300,-0.000670,0.030766,11.845100
298985590062,0.313824,-0.072310,-0.010862,0.311293,0.015330,-0.009231,11.901080
299085652173,-0.053848,0.471397,-0.057633,0.348177,0.013824,0.013680,11.813010
299185714285,0.385170,0.461369,-0.024541,0.331412,0.018214,0.030189,11.770397
299285776397,-0.335292,0.165395,0.026149,0.300388,0.025695,0.027630,11.680335
299385838509,0.547743,0.198537,0.047808,0.314136,0.013152,0.022855,11.613654
299485900621,0.150091,0.488100,0.012329,0.242599,0.000085,-0.012942,11.504544
299585962732,0.159670,0.123558,0.069797,0.251385,-0.011303,-0.002291,11.531753
299686024844,0.192884,0.300398,-0.099847,0.212204,0.006763,-0.000382,11.396231
299786086956,0.252011,0.257559,0.023962,0.178692,0.004824,-0.007824,11.346273
299886149068,0.268478,0.412252,-0.092063,0.126396,0.009512,-0.052854,11.318732
299986211180,-0.134820,0.631496,0.083095,0.124782,-0.021955,-0.031197,11.163173
300086273291,0.221462,0.906223,0.181757,0.071149,-0.032997,-0.050760,11.054533
300186335403,0.820633,1.288944,0.018534,0.077310,0.024101,-0.029737,10.987391
300286397515,2.210193,1.587128,0.317816,0.057175,0.052124,-0.031848,10.916011
300386459627,1.336636,1.077462,-0.014679,0.061718,0.005267,-0.035915,10.854235
300486521739,2.605425,2.607583,0.413783,-0.053930,-0.019623,-0.101636,10.708397
300586583850,2.334810,3.645337,0.466302,-0.056173,-0.019630,-0.084352,10.666261
300686645962,0.777507,2.579678,0.104118,-0.078118,-0.016073,-0.047086,10.553063
300786708074,0.233750,2.199860,-0.040964,-0.115046,-0.025589,-0.009481,10.369439
300886770186,0.994183,1.704564,0.010907,-0.100307,0.015600,0.040711,10.317135
300986832298,0.070200,2.091650,0.156166,-0.213371,0.027926,-0.037313,10.271328
301086894409,1.249002,2.563772,0.172123,-0.098718,-0.022226,0.015756,10.105935
301186956521,1.240923,1.948377,0.159769,-0.100090,0.000011,0.024051,9.902959
301287018633,1.096974,2.117652,0.123834,-0.074545,0.005006,0.060786,9.841304
301387080745,1.408656,1.446268,0.079469,-0.078922,-0.013693,0.039833,9.678398
301487142857,0.899535,1.684073,-0.182333,-0.108951,-0.061569,-0.053412,9.623532
301587204968,1.514554,1.066741,0.113623,-0.195548,-0.009962,-0.070924,9.441088
301687267080,0.090106,2.005928,0.121078,-0.215813,-0.016037,-0.121175,9.256950
301787329192,1.103646,1.145707,0.857208,-0.140009,-0.038384,-0.040032,9.178095
301887391304,-0.586843,2.508936,-0.180157,-0.286677,0.024311,-0.115279,9.028475
301987453416,0.886386,1.260296,-0.542996,-0.029606,0.057944,0.007339,8.864486
302087515527,-0.662947,2.499095,0.038692,-0.173083,-0.031586,-0.160126,8.692682
302187577639,0.960562,1.177621,0.551152,0.112047,-0.033832,0.071540,8.585966
302287639751,1.460135,0.831203,0.084436,-0.084243,0.035684,-0.017723,8.447785
302387701863,1.182985,1.126132,0.071066,0.134370,-0.066192,0.043411,8.280907
302487763975,2.015419,0.572976,0.336808,0.114850,-0.064918,0.062942,8.096661
302587826086,-2.082148,2.924515,1.668567,0.276738,0.081932,0.289578,8.002896
302687888198,0.283069,0.225399,0.341612,0.377873,-0.080209,0.136531,7.883195
302787950310,-1.164455,2.934798,-0.514077,0.050351,0.001100,0.050500,7.664793
302888012422,-0.080675,0.743080,-0.427739,0.026742,0.119590,0.078288,7.534019
302988074534,1.063733,1.582966,-0.648644,0.236362,0.108299,0.190734,7.409907
303088136645,3.351707,-0.521699,0.257951,0.394172,-0.088654,0.184218,7.289236
303188198757,-0.512601,1.593294,-0.388125,0.047424,-0.030224,0.034105,7.163037
303288260869,2.016855,-0.692558,0.073527,0.284091,0.052413,0.270172,6.904357
303388322981,-0.035815,2.237063,0.361795,-0.185652,0.045328,0.018916,6.706830
303488385093,-2.627351,2.266602,-0.218998,-0.030195,0.003297,-0.133338,6.455199
303588447204,-1.424988,2.866787,-0.036095,-0.405680,0.038576,-0.292549,6.230416
303688509316,-2.012109,1.933446,0.036088,-0.347860,0.031290,-0.105260,6.017409
303788571428,3.486291,-0.954244,0.094494,-0.315972,-0.008021,-0.194163,5.765476
303888633540,0.258341,2.665852,-0.494203,-0.472312,0.038830,-0.210943,5.516989
303988695652,3.665011,-0.949925,0.497564,-0.130741,0.004401,-0.029901,5.282425
304088757763,0.097126,1.360191,-0.217866,-0.416151,0.046728,-0.263382,5.007589
304188819875,2.970616,-1.019827,0.778889,0.116392,-0.086225,0.009367,4.828571
304288881987,-0.182574,1.558285,0.238656,-0.137489,-0.047716,-0.068721,4.663345
304388944099,0.646070,1.741602,0.516985,0.101945,0.001418,0.017705,4.431534
304489006211,0.580019,2.005784,-0.044692,-0.027593,-0.056089,-0.005740,4.213637
304589068322,1.242119,1.894775,0.063546,0.273054,-0.071832,0.091934,4.033141
304689130434,2.846468,1.126642,0.081353,0.102729,0.004736,0.060310,3.841075
304789192546,2.492240,0.239768,-0.054330,0.155964,0.008705,0.070057,3.633687
304889254658,-0.248215,0.888158,-0.544848,-0.050349,0.075261,-0.024155,3.486155
304989316770,0.811080,1.400714,-0.128163,0.071737,-0.016302,-0.010750,3.335151
305089378881,-0.706761,0.982197,-0.090095,-0.049413,-0.009777,0.011448,3.142117
305189440993,1.276197,2.036417,-0.303364,0.167842,-0.098724,0.110019,2.989434
305289503105,2.364495,0.337906,0.424537,0.121295,0.035849,0.079599,2.831678
305389565217,0.686245,0.188514,-0.412864,0.188121,0.049226,0.109267,2.710258
305489627329,-0.188205,0.086664,0.582174,0.135037,0.013370,0.135882,2.586768
305589689440,0.511787,1.996179,0.708324,0.187133,-0.021227,0.062167,2.458289
305689751552,0.416354,-0.548698,0.184994,0.042431,-0.052102,0.024138,2.344528
305789813664,-1.387903,0.544860,0.371278,0.001746,-0.014135,-0.035693,2.277421
305889875776,-0.573011,0.918966,-0.202657,-0.099515,0.006185,-0.072564,2.193718
305989937888,3.310795,-0.174432,0.243190,-0.343427,0.011279,-0.141372,2.086068
306089999999,0.338330,1.948316,-1.142746,-0.376949,0.084318,-0.229144,2.039000
306190062111,3.205924,-2.190660,1.139523,-0.246120,0.049233,-0.077404,1.933180
306290124223,-0.608089,1.488101,-0.922290,-0.394937,0.101195,-0.224634,1.829066
306390186335,1.858901,-2.661242,0.787958,0.049190,-0.044599,0.092553,1.716177
306490248447,0.518279,3.293180,0.322836,-0.255112,0.027302,-0.129393,1.622022
306590310559,-1.342418,2.395276,0.677353,0.316221,-0.060552,0.205274,1.650936
306690372670,-1.449360,3.217295,-0.677325,0.190213,0.000672,0.197471,1.534001
306790434782,-2.590318,2.241852,-0.200090,0.557113,0.041357,0.396231,1.407063
306890496894,5.490570,-1.320064,0.442495,0.462440,0.054610,0.343940,1.291934
306990559006,1.322443,0.162761,-0.095065,0.338351,-0.028423,0.217373,1.241114
307090621118,4.147576,-2.696375,0.973221,0.527172,-0.020736,0.337287,1.176279
307190683229,-1.313827,0.921978,0.044457,-0.028331,0.007666,-0.050181,1.078309
307290745341,4.330323,-2.815469,0.256415,0.477082,-0.140220,0.123761,0.987218
307390807453,-1.449466,2.935265,-1.158845,-0.206013,-0.062216,-0.250404,0.896405
307490869565,-0.450276,-0.341920,-1.026718,0.237251,0.058875,0.241017,0.856251
307590931677,-1.479192,1.926121,-0.342233,-0.150549,0.019475,0.019460,0.817441
307690993788,-0.710814,0.488040,-0.291293,0.007824,-0.063588,-0.065726,0.768392
307791055900,0.082864,-2.497957,-0.254797,-0.204980,0.040741,-0.169258,0.721143
307891118012,-0.415319,-1.232544,-0.334467,-0.221342,0.113722,-0.098506,0.731625
307991180124,2.730334,-1.074824,-0.400020,-0.268999,0.102972,-0.178601,0.711020
308091242236,-1.229780,1.496546,-0.035592,-0.400397,-0.026953,-0.256357,0.735501
308191304347,1.731853,-0.644970,1.076286,-0.016208,0.019872,0.067614,0.776353
308291366459,-1.813440,0.464514,1.705252,-0.074695,-0.148371,-0.119634,0.838373
308391428571,-2.746480,1.973775,-0.518855,0.266862,-0.081388,0.124556,0.895190
308491490683,-0.364992,-0.612651,0.430548,0.358663,0.021178,0.284886,0.929226
308591552795,-1.421072,1.950422,-0.085299,-0.187261,0.025194,-0.099832,0.965768
308691614906,0.683583,1.629220,-0.788030,-0.171208,0.094513,0.049762,0.940641
308791677018,0.072319,0.163002,1.137069,-0.114098,-0.025771,-0.000579,0.981093
308891739130,-1.172038,-1.683336,0.456122,-0.174741,-0.072180,-0.132287,1.056607
308991801242,0.136230,0.143804,-0.705297,-0.230652,0.028037,-0.169846,1.019960
309091863354,-0.707739,1.207063,-0.305237,-0.220771,0.031635,-0.084094,0.997738
309191925465,1.036435,-0.645095,-0.434271,-0.011122,0.008826,-0.024453,0.945552
309291987577,-1.413927,1.133235,-0.589132,-0.254148,0.099226,-0.082255,0.946477
309392049689,-1.544062,1.038440,-0.743526,0.200104,-0.025326,0.181813,0.986577
309492111801,-3.971797,1.714797,-0.407793,-0.260748,-0.056550,-0.205066,1.044244
309592173913,-0.146045,0.408258,0.431751,0.408327,-0.109172,0.091884,1.000242
309692236024,2.712145,-3.235601,1.186068,0.184648,-0.090863,0.191389,0.989450
309792298136,1.959097,-2.443279,1.669249,0.441339,-0.093540,0.391392,1.074008
309892360248,3.621007,-1.649852,2.216113,0.432963,-0.071303,0.154977,1.063409
309992422360,-2.255443,2.389404,-0.090800,0.372055,0.046995,0.268655,1.013936
310092484472,2.467898,-1.233794,-1.421012,0.567362,-0.015620,0.244535,1.071913
310192546583,-1.963899,1.741108,-0.583078,0.083124,-0.024156,-0.053908,1.048409
310292608695,2.084968,-0.524842,-0.251231,0.369941,-0.009316,0.239489,1.056144
310392670807,-1.782568,2.602248,0.503787,-0.037941,0.013187,0.041268,1.075479
310492732919,-2.160302,3.696559,1.220313,0.494707,-0.098565,0.174077,1.101158
310592795031,-3.706163,3.290188,1.298669,-0.476288,-0.048712,-0.236488,1.145587
310692857142,-3.828340,3.776350,0.693479,0.768627,-0.077008,0.378627,1.146310
310792919254,-2.912841,2.874668,-0.901519,0.274811,-0.087614,0.223879,1.172954
310892981366,-3.065426,0.934878,0.620261,0.361452,-0.005739,0.336229,1.173192
310993043478,1.935793,-1.229643,-0.436188,-0.017252,-0.024782,0.036809,1.227072
311093105590,2.930796,-1.964273,0.264319,0.684629,-0.088666,0.325390,1.297061
311193167701,4.773352,-2.276425,0.213087,0.509282,-0.028019,0.365810,1.361727
311293229813,-2.271994,2.723619,0.504834,0.311930,0.137258,0.255031,1.330632
311393291925,2.662853,-0.325615,0.513792,0.531867,-0.034829,0.223650,1.258087
311493354037,-3.942938,2.552459,-0.098521,0.117489,-0.022774,0.062266,1.280024
311593416149,1.508309,-0.340513,0.115837,0.473014,-0.012233,0.232484,1.284799
311693478260,-3.961475,2.138028,-0.066664,-0.077985,-0.021782,-0.191896,1.344722
311793540372,2.206004,-0.766435,-1.084226,0.166863,0.107308,0.306101,1.390203
311893602484,2.323884,-1.585162,-1.453720,-0.304086,-0.104883,-0.241098,1.418276
311993664596,3.090882,-2.411598,-0.236234,-0.021663,0.004115,-0.100320,1.402308
312093726708,0.583512,-2.691594,-0.897258,-0.511316,0.158880,-0.258940,1.484424
312193788819,-1.531812,4.237103,-1.276657,-0.414241,0.121142,-0.235679,1.475932
312293850931,2.011783,-1.539000,-0.439020,-0.179711,0.129076,-0.022457,1.446845
312393913043,-1.361641,3.196048,-1.207695,-0.439038,0.093388,-0.235505,1.435609
312493975155,-0.378891,1.690474,-2.308753,0.183538,-0.017368,0.038563,1.328756
312594037267,0.499150,1.855576,-0.789519,-0.043732,-0.067545,-0.156643,1.325863
312694099378,0.416655,0.438593,-0.086919,-0.167920,-0.084127,-0.231270,1.287426
312794161490,-2.319005,0.528925,-0.295880,0.122560,-0.028878,-0.014626,1.207840
312894223602,-1.698903,2.393707,-1.530087,-0.203542,0.116381,-0.128156,1.145474
312994285714,0.474609,0.056821,-1.792654,0.008783,0.149563,0.075172,1.145873
313094347826,-0.390866,0.468018,-0.631769,0.060613,0.073482,0.025333,1.080068
313194409937,1.793314,-1.067799,0.098591,-0.104045,0.047725,-0.001420,1.113875
313294472049,-1.811107,2.339593,1.449881,-0.299996,-0.110864,-0.311544,1.033710
313394534161,0.477678,0.261873,1.394137,0.022123,-0.096859,-0.123026,1.037555
313494596273,0.629080,0.057738,-0.621602,0.071277,-0.047824,0.025058,0.980247
313594658385,-2.837147,0.148160,0.083577,0.014579,0.062645,0.061643,0.970371
313694720496,0.062832,0.478546,-1.960981,0.058558,0.090021,0.108580,0.886593
313794782608,0.913687,-0.515702,-1.805028,-0.164940,0.025193,-0.050168,0.878258
313894844720,-3.342431,2.373216,-1.476445,-0.385207,0.052900,-0.321210,0.781367
313994906832,2.191001,-2.648048,-0.589495,-0.305205,0.054532,-0.190028,0.679095
314094968944,-5.075643,2.519394,-0.500436,-0.781868,0.086719,-0.402107,0.675999
314195031055,6.185740,-4.634935,-1.264924,0.120379,-0.064227,0.126825,0.521158
314295093167,-1.382146,0.221113,1.249660,-0.914811,-0.133636,-0.567580,0.479773
314395155279,5.937391,-7.478536,1.585423,0.749916,-0.205092,0.451099,0.400081
314495217391,-1.607282,0.334370,0.677616,-0.140748,-0.034076,-0.024695,0.270213
314595279503,-6.572472,7.144115,1.039786,1.057345,-0.042644,0.720142,0.182107
314695341614,-2.403713,2.369201,3.400970,0.601506,-0.199391,0.355276,0.111316
314795403726,-5.339983,4.228726,0.769766,0.539561,-0.001324,0.347955,0.047898
314895465838,1.823143,-3.071326,0.733256,0.699927,-0.058852,0.321938,0.046856
314995527950,-5.894161,2.884097,-1.321847,-0.039075,-0.027336,-0.092840,0.038453
315095590062,3.571193,-2.191761,-0.152903,0.631344,-0.100546,0.422600,0.032214
315195652173,0.479618,-0.129377,-0.470713,-0.288798,-0.011535,-0.098960,0.009891
315295714285,4.262052,-3.618551,0.211979,0.323356,0.022523,0.207743,0.015802
315395776397,-1.331592,1.524738,1.593957,-0.567263,-0.074097,-0.433972,0.007332
315495838509,-4.784778,3.454817,2.114487,-0.095890,-0.172755,-0.041784,0.013600
315595900621,-2.415290,1.366522,1.238988,-0.555799,-0.013598,-0.243168,0.012024
315695962732,-3.603898,2.012519,0.010188,-0.493588,0.041205,-0.201625,0.011145
315796024844,1.052270,0.489835,0.243152,0.010041,0.096522,0.120554,0.015912
315896086956,-3.806663,6.643693,-0.149650,-0.482869,0.204862,-0.178458,0.042001
315996149068,-0.102994,-0.725251,1.631659,0.703760,-0.124927,0.471045,0.081515
316096211180,3.991090,-2.659664,0.464267,-0.083894,0.070862,-0.028381,0.166706
316196273291,0.237211,-1.333281,0.645066,0.886912,-0.145503,0.366860,0.269215
316296335403,6.580403,-3.720722,1.067591,0.913391,-0.100255,0.591337,0.399094
316396397515,-4.207321,3.095286,1.213610,0.196541,0.084830,0.228358,0.527331
316496459627,4.408950,-2.762823,0.450709,0.811169,0.067005,0.477422,0.652519
316596521739,-2.868955,2.357238,-2.323254,-0.032240,0.059844,0.029301,0.897444
316696583850,-0.955954,0.988025,0.401586,0.063799,-0.104707,0.075960,0.955208
316796645962,-1.202967,-1.707488,1.292626,0.556989,-0.108048,0.185163,1.085537
316896708074,5.116685,-0.535984,-1.743717,0.523312,0.221675,0.718075,1.265955
316996770186,-9.187578,4.198161,1.905516,0.709715,0.381586,0.725733,1.438335
317096832298,-0.864698,-1.189853,2.406872,0.948414,-0.092244,0.597447,1.441199
317196894409,-8.191522,3.226482,0.574927,-0.171689,0.020052,0.044109,1.498171
317296956521,-2.115290,2.998935,0.105354,0.551423,0.019127,0.242597,1.541745
317397018633,-5.638049,7.138898,0.848720,-0.929739,-0.029611,-0.596743,1.569197
317497080745,-1.978800,2.245962,-1.331258,-0.329770,0.071872,-0.010164,1.565146
317597142857,6.241508,-4.347020,0.236694,-0.851174,0.016129,-0.377168,1.517508
317697204968,-0.495014,1.794227,0.114590,-0.780795,0.187480,-0.302467,1.536362
317797267080,4.425972,-2.563272,-0.655848,-0.176683,0.074104,-0.117615,1.523435
317897329192,0.745786,1.280722,0.771272,-0.252346,-0.125230,-0.228414,1.547388
317997391304,3.325606,-1.973628,1.659969,0.489516,-0.136915,0.185602,1.579167
318097453416,2.503609,-0.666059,-1.029570,0.314266,0.038707,0.258128,1.531273
318197515527,-5.781477,3.877017,0.020641,0.784021,0.230547,0.584855,1.548420
318297577639,-3.711063,0.978393,-4.638027,0.536297,0.292721,0.509471,1.549973
318397639751,-7.989749,3.824371,-2.635597,0.562094,0.196978,0.504945,1.491416
318497701863,4.403140,0.121783,-4.107638,1.027545,0.272906,0.614396,1.368958
318597763975,-6.586902,4.302909,-1.686598,-0.054289,0.286006,0.300843,1.266175
318697826086,4.159148,-5.897644,-0.014887,0.893015,-0.015723,0.476144,1.039976
318797888198,3.616349,-2.372838,-1.636247,-0.965704,0.153817,-0.612600,0.725565
318897950310,7.440278,-4.500811,-1.762738,-0.093235,0.073333,-0.145398,0.496596
318998012422,4.678902,-2.165528,-1.374851,-1.236583,-0.012619,-0.749368,0.279312
319098074534,-10.814203,3.467099,0.370931,-1.094510,-0.047263,-0.759637,0.127888
319198136645,1.499791,-3.205083,3.351682,-0.508666,-0.220497,-0.552617,0.023865
319298198757,-5.995144,2.567842,1.405236,-1.033583,0.004250,-0.344001,0.030946
319398260869,-0.031164,-3.148573,0.842717,0.466828,-0.013459,0.321114,0.014188
319498322981,6.782382,-7.608167,0.602213,-0.383818,-0.041057,-0.361597,0.006242
319598385093,3.779835,-4.132572,-0.004836,0.801223,-0.049578,0.282944,0.015950
319698447204,2.002300,-3.681749,0.626738,0.342145,0.023371,0.194668,0.013103
319798509316,-2.795999,-3.301212,2.541713,-0.046859,-0.020235,-0.059478,0.005120
319898571428,4.643051,-5.431012,0.911231,0.326857,0.034759,0.213534,0.006917
319998633540,-1.555225,-2.341848,-0.183482,-0.632286,0.099837,-0.428195,0.005027
320098695652,-3.524576,0.030459,-3.307183,-0.391366,0.224179,-0.180768,0.011031
320198757763,0.945483,-2.413614,0.373862,-0.016528,-0.023457,-0.215323,0.021810
320298819875,-0.786901,-0.062061,-2.217368,-0.242672,0.191716,0.029881,0.017003
320398881987,-7.131963,1.641301,1.196855,0.754462,0.147740,0.603722,0.003211
320498944099,-4.215014,0.672709,3.046945,0.411581,-0.218060,0.236862,0.018722
320599006211,-4.940715,1.143081,0.860161,0.504477,-0.063980,0.359212,0.018064
320699068322,0.318123,-3.620488,3.112771,0.580443,-0.151267,0.342939,0.023009
320799130434,1.536596,-2.216976,2.905189,0.007356,-0.170120,0.089177,0.007085
320899192546,-4.067643,-3.467457,4.378140,-0.120850,-0.371491,-0.095399,0.017966
320999254658,-6.787594,1.839735,-0.695383,0.904114,-0.111302,0.288485,0.024948
321099316770,-2.604586,-1.689006,-1.763434,0.437233,-0.169843,0.226852,0.028035
321199378881,-1.400876,2.662642,-1.885991,-0.237074,-0.236248,-0.266591,0.034957
321299440993,-5.690684,1.514887,-1.085798,0.140644,-0.071488,-0.013721,0.064832
321399503105,-5.216245,0.063767,2.321107,-1.249437,-0.185428,-0.640377,0.077991
321499565217,-4.853132,3.970914,0.870137,-0.802548,0.049346,-0.538362,0.125902
321599627329,4.895768,-7.607617,0.653152,-0.786274,-0.067110,-0.449006,0.129986
321699689440,-4.046297,0.585170,0.219914,-0.944255,0.192076,-0.573471,0.180952
321799751552,7.741404,-4.315143,2.099690,0.136153,-0.299921,-0.081043,0.203832
321899813664,-0.561153,-3.174188,0.043262,-0.451459,0.081050,-0.328816,0.243814
321999875776,3.801188,-2.265707,-2.857810,1.132189,0.111219,0.477859,0.311028
322099937888,5.667776,-9.526126,1.331869,1.193412,-0.286453,0.491440,0.361913
322199999999,-10.217680,5.569088,-0.984945,0.458426,0.128429,0.201688,0.411944
