timestampNs,ax,ay,az,gx,gy,gz,speedMps
0,2.499840,-1.196260,0.198789,0.395875,0.032837,0.122430,6.998056
100047539,1.758610,-2.630258,-0.289648,0.510453,0.002116,0.023905,7.067133
200095079,1.930721,-0.908038,0.176929,0.238939,0.108339,-0.052352,7.464078
300142619,2.944707,-2.687463,-0.027073,0.252486,0.054343,-0.014607,7.663731
400190159,3.906892,0.657895,-0.731328,0.145198,0.155098,-0.031165,8.136735
500237699,2.650698,0.633158,0.483742,0.098880,-0.062623,0.021827,8.027344
600285238,2.533274,3.578926,-1.116933,0.466112,-0.035271,0.196020,8.195750
700332778,1.561158,-3.678907,1.296433,0.449237,-0.066869,0.257125,8.458524
800380318,-0.365305,0.237858,0.141076,-0.238738,0.123487,-0.196079,8.598897
900427858,2.658967,-1.296331,0.047265,-0.139024,0.050180,0.104959,8.603066
1000475398,1.106227,2.105531,1.112156,0.249694,-0.154620,0.075486,9.058725
1100522937,0.250235,-4.569946,2.166454,0.542320,-0.219568,0.222912,9.198225
1200570477,5.511645,-0.643454,-0.908823,-0.974837,-0.037989,-0.545550,9.073524
1300618017,7.085773,6.928833,-0.140944,-0.543035,-0.013311,-0.242700,9.350200
1400665557,-2.071624,-6.108399,0.761146,-0.145050,-0.044975,0.006958,9.561011
1500713097,7.161181,6.930626,-1.856857,-1.061939,0.198101,-0.527048,9.546888
1600760637,5.780441,6.784220,1.296930,1.465492,0.104897,0.827363,9.657320
1700808176,4.852321,9.089893,-0.460877,0.480963,0.058341,0.334081,9.960566
1800855716,3.618906,10.178264,0.277217,1.787648,0.094036,0.944300,10.033646
1900903256,-3.124931,-13.668777,1.338752,1.192322,-0.019567,0.829448,10.455479
2000950796,5.172482,3.084008,-1.094138,0.634021,0.082090,0.170309,10.388905
2100998336,-4.062792,-4.949978,0.898924,0.863263,-0.129986,0.407428,10.681597
2201045875,2.810093,-2.066986,-1.016386,-0.471388,-0.281554,-0.811728,10.840744
2301093415,-0.053484,-12.783936,-0.282465,0.800658,0.157014,0.672479,10.913231
2401140955,0.368568,5.136023,1.498338,-0.643574,0.064280,-0.217652,11.107123
2501188495,4.620292,3.507619,-2.684545,0.150729,0.130465,0.063622,11.292547
2601236035,1.974487,4.220198,-2.294168,-0.584086,-0.064317,-0.365434,11.413366
2701283574,1.821608,3.110588,1.495000,-0.365943,-0.290435,-0.230067,11.530014
2801331114,0.755513,-4.901002,-0.036279,-0.446420,-0.031422,-0.325550,11.768518
2901378654,1.938308,0.977048,-0.517108,-0.534866,-0.032847,-0.227328,11.947347
3001426194,1.777765,-4.930159,1.072206,-0.264718,-0.075263,-0.017057,11.979090
3101473734,2.328055,3.469366,-0.876767,-0.705352,0.035137,-0.387836,12.188345
3201521274,-0.592083,-4.077129,0.296906,0.157715,-0.111617,0.050558,12.414074
3301568813,5.412577,2.240819,-0.332244,-0.532898,0.059754,-0.166691,12.552838
3401616353,2.528474,1.988718,-0.679133,0.493266,-0.034869,0.271664,12.613078
3501663893,5.044873,3.766126,-0.087705,-0.138721,-0.061262,-0.148427,12.873380
3601711433,0.956991,1.731930,-0.053623,0.584726,-0.029012,0.303108,13.188365
3701758973,-0.537813,-4.416689,0.156875,0.204530,0.026832,0.159076,13.209893
3801806512,1.550268,-0.679335,-0.121444,0.609275,0.098263,0.335989,13.423329
3901854052,-2.908080,-3.042557,0.180004,0.607385,0.065091,0.374122,13.545928
4001901592,1.703192,5.823656,-0.204544,0.573732,0.003847,0.247134,13.654444
4101949132,1.610632,-3.066951,-0.246200,0.828407,0.031321,0.518990,13.687457
4201996672,1.567990,4.183200,1.290998,0.189779,0.084004,0.037189,13.915123
4302044212,1.616790,-0.828568,0.854912,0.496789,-0.031023,0.280091,14.219902
4402091751,2.634157,-0.134405,2.838988,0.148156,-0.048684,-0.098526,14.164832
4502139291,1.230728,-2.774975,-1.197530,0.195152,0.224767,0.376286,14.302377
4602186831,-3.833504,2.338460,2.582452,-0.096922,0.040563,0.109980,14.413079
4702234371,-2.253161,0.892710,1.672268,-0.071325,-0.134081,-0.109900,14.503811
4802281911,1.391439,-1.530864,-0.240430,-0.077270,-0.099246,-0.122820,14.626489
4902329450,1.658192,1.273392,0.432921,-0.076393,0.016315,-0.103840,14.822671
5002376990,0.968761,-0.941751,0.367538,-0.033011,0.012107,0.011212,14.892024
5102424530,2.030114,-0.015886,-0.881513,-0.075265,0.072109,-0.028661,15.059216
5202472070,0.499654,-0.728443,-0.057536,-0.027300,0.035866,-0.007642,15.230427
5302519610,0.028906,-1.266512,0.194609,0.144157,-0.133987,-0.052361,15.295541
5402567149,0.469112,-0.424864,0.374159,-0.096980,-0.006809,-0.048441,15.470260
5502614689,1.749403,0.396319,0.077129,-0.043108,-0.046097,-0.087405,15.597963
5602662229,-0.031184,-0.991010,0.136491,0.017938,-0.093930,-0.071182,15.671522
5702709769,1.632148,-0.320718,-0.295790,-0.108318,0.054138,-0.015866,15.839514
5802757309,1.841299,-1.009901,-0.228497,0.146013,-0.000198,-0.009303,15.868677
5902804849,2.511341,1.016486,-0.231841,-0.073905,0.051025,0.037979,16.108293
6002852388,1.428593,2.315606,-1.104876,0.276221,-0.055666,0.115344,16.185489
6102899928,-1.683717,-3.344244,1.337623,0.568596,0.007037,0.392410,16.244439
6202947468,2.175738,0.859250,0.707762,-0.398310,0.218482,0.062734,16.395970
6302995008,0.811081,-1.477044,0.917667,0.148667,-0.010020,-0.162948,16.494673
6403042548,-0.671850,-0.681517,-1.680135,-0.276252,-0.077336,-0.104253,16.585456
6503090087,1.911347,-3.146293,-0.414105,-0.033861,-0.090362,-0.335821,16.666022
6603137627,-1.408863,-0.154130,0.299219,-0.267304,-0.112347,-0.262167,16.795458
6703185167,2.247110,2.153977,-0.648040,-0.277048,0.098659,-0.096291,16.847428
6803232707,2.200581,-0.269185,-1.277610,-0.518159,0.084269,-0.172083,16.959885
6903280247,0.738070,4.378687,-0.152401,-0.463942,-0.109578,-0.374869,17.108899
7003327787,-0.526419,-4.410267,-0.561170,-0.228342,-0.077626,-0.154053,17.192904
7103375326,1.912070,3.816092,0.039901,-0.676924,0.015194,-0.367577,17.248244
7203422866,-3.206005,-4.721344,0.809702,0.394177,0.032189,0.196250,17.342062
7303470406,2.521537,1.197892,0.351292,-0.151982,-0.012486,-0.102004,17.370904
7403517946,-1.739076,-2.177923,-0.497381,0.714255,-0.032766,0.303600,17.432260
7503565486,-0.689319,-2.841394,-0.253417,0.485672,0.055540,0.326123,17.578699
7603613025,0.652162,3.519985,-0.632555,0.193865,0.032754,0.235561,17.598710
7703660565,-1.519093,-2.408225,1.164839,0.361664,0.005632,0.032844,17.666774
7803708105,0.787196,3.075251,-1.253650,-0.420668,0.035876,-0.145647,17.637691
7903755645,0.052345,5.916186,-0.624333,-0.414535,-0.024585,-0.285904,17.761550
8003803185,-3.438160,-7.809865,1.066867,-0.701234,-0.064449,-0.483916,17.849241
8103850724,2.544829,3.662388,-0.553593,-0.923902,-0.095016,-0.566486,17.803795
8203898264,-2.365979,-3.896348,1.242899,-0.065429,-0.070807,-0.120363,17.854331
8303945804,2.060810,-2.735250,-0.407647,-0.440341,0.224306,0.018303,17.959292
8403993344,-2.284133,-5.787941,0.107795,0.816808,0.107724,0.653051,17.914601
8504040884,-1.359857,-1.314536,0.630425,0.284830,0.026054,0.208702,17.907907
8604088424,0.554395,2.747501,-0.637063,0.941306,0.021489,0.554582,17.970244
8704135963,-1.781101,-5.421248,0.751059,0.702997,0.001562,0.264660,17.821040
8804183503,-0.146056,2.840998,0.702040,0.419607,-0.123911,0.229663,18.008656
8904231043,-0.844461,-3.969294,-1.217692,0.577525,0.182030,0.210782,18.066392
9004278583,-1.356549,0.589736,-0.027509,-0.334105,0.180781,-0.070640,18.052225
9104326123,-2.754770,-0.303050,-0.227368,0.002405,-0.003592,-0.071357,18.016863
9204373662,-0.158467,-1.086158,-1.208139,-0.523992,-0.016423,-0.331682,18.053062
9304421202,1.154496,5.934325,0.873630,-0.317993,-0.159688,-0.248881,17.945043
9404468742,0.761940,2.031384,0.788845,-0.548803,-0.078234,-0.416274,17.976976
9504516282,2.098354,4.046535,-1.350887,-0.513317,0.093875,-0.210950,18.116627
9604563822,-0.726287,-0.792836,-0.649008,-0.256912,0.067996,-0.028998,17.916694
9704611362,-0.134208,1.803946,1.755166,-0.435008,-0.265283,-0.378057,17.933731
9804658901,-0.943833,-1.874870,-1.147609,-0.383533,-0.072614,-0.333151,18.041537
9904706441,0.154273,4.666698,0.761743,-0.464707,0.113596,-0.126860,18.185767
10004753981,-0.099700,2.146641,1.929350,-0.584428,0.051677,-0.329160,17.939414
10104801521,1.515252,4.686530,-1.088241,-0.531177,0.068048,-0.275184,17.989236
10204849061,-0.721896,-3.879534,-0.563171,-0.440819,0.011080,-0.205084,17.991841
10304896600,1.516376,5.696687,-0.278666,-0.805486,-0.008926,-0.468104,17.917454
10404944140,-0.869781,-4.383477,-0.918418,0.113714,-0.000992,0.024638,18.098709
10504991680,0.980728,0.600917,-1.441231,-0.509624,0.094230,-0.244486,18.065653
10605039220,0.277704,-1.603571,-1.354114,0.457475,0.095097,0.133909,17.904816
10705086760,0.789716,-3.917625,2.012778,0.382964,-0.072766,0.217946,17.836392
10805134299,0.081095,5.848194,-0.430770,-0.008483,-0.027223,-0.019675,17.981576
10905181839,-2.226219,-4.663571,-0.957867,0.311753,0.063926,0.155326,17.801558
11005229379,0.279330,0.804063,-0.304112,-0.706280,-0.065626,-0.402938,18.010804
11105276919,2.816069,5.710772,-0.044252,-0.302261,0.012414,-0.072635,17.956177
11205324459,-1.204563,1.511976,-0.608963,-0.467086,-0.131980,-0.055711,17.724990
11305371999,-1.229983,6.261026,0.708760,-0.809917,-0.026839,-0.435317,18.009935
11405419538,-2.232416,-5.288434,-1.278453,0.261739,0.000797,0.282355,17.739302
11505467078,-3.685020,-3.145163,-0.795985,-0.011818,-0.008177,-0.092666,17.983209
11605514618,-5.684069,-10.742391,-2.870808,1.786666,0.232940,1.027384,17.883958
11705562158,-2.692451,-9.068455,1.399635,1.245585,-0.236324,0.590392,17.860147
11805609698,-0.811963,9.694365,0.970463,0.234393,0.024588,-0.288250,17.759341
11905657237,-5.584943,-10.672006,1.169411,1.125120,-0.010231,0.616562,17.771423
12005704777,3.479061,7.911295,-0.625669,-1.005380,0.018539,-0.409844,17.843417
12105752317,0.619929,0.559854,0.634731,-0.086061,-0.080125,-0.161993,17.801541
12205799857,1.427788,-4.776890,-0.203017,-0.415643,0.060484,-0.233442,17.848834
12305847397,-1.720031,-2.380721,-0.747729,0.151581,0.075766,0.001890,17.900050
12405894937,0.358060,2.716610,-0.360081,-0.286359,-0.042441,-0.176479,17.721601
12505942476,1.091391,1.820579,0.077379,0.075573,0.035723,0.037522,17.719082
12605990016,0.393811,3.096463,-0.391249,-0.164740,-0.014391,-0.115266,17.760171
12706037556,-0.843748,0.596597,0.051828,-0.014164,-0.053635,0.072360,17.667196
12806085096,-1.948806,-0.268507,-0.501101,-0.031387,-0.028335,-0.142101,17.670621
12906132636,-1.151651,-0.907111,-0.685350,0.142583,0.003555,0.191855,17.657468
13006180175,-1.246473,2.259517,0.026532,-0.050200,0.049158,-0.053989,17.577575
13106227715,-1.370324,0.127283,0.217991,0.127244,-0.044690,0.142763,17.670096
13206275255,-2.586084,0.620357,0.479443,-0.022143,-0.103103,-0.092298,17.772468
13306322795,-1.241807,-1.015304,-0.043857,0.068220,0.053805,0.075970,17.719127
13406370335,-0.514899,0.381563,-0.174338,-0.081974,-0.093576,-0.003241,17.727993
13506417874,-1.117200,-0.158482,-0.614515,-0.026906,0.095236,-0.085313,17.630206
13606465414,-0.519677,1.211640,-0.458076,-0.104036,-0.011892,0.022231,17.708051
13706512954,0.948986,0.826417,-0.669273,-0.177228,0.075386,-0.127640,17.751670
13806560494,1.351043,-2.952077,0.264331,0.205795,0.095314,0.185192,17.967583
13906608034,0.073298,1.212747,-0.655773,-0.009294,0.025528,-0.081077,17.864202
14006655574,1.681715,2.916669,0.728317,0.287144,0.084989,0.153574,17.903765
14106703113,1.133314,3.340950,0.282346,0.049570,-0.077643,-0.008337,18.015468
14206750653,-1.296356,1.786767,-0.454789,0.381552,0.026228,0.053157,18.059910
14306798193,-1.439689,-3.804063,0.970876,0.307104,-0.023368,0.200475,17.848348
14406845733,-2.037651,2.245362,-0.640404,0.536942,-0.097337,0.125196,18.023489
14506893273,-2.987858,-4.386460,-0.386120,0.576070,0.116007,0.297740,18.139265
14606940812,-2.314482,-3.215601,-0.066195,0.366343,-0.066379,0.078074,18.316058
14706988352,-1.955019,-2.327157,0.370394,0.480108,-0.007726,0.222762,17.904682
14807035892,0.012846,-0.044615,-0.455777,-0.107654,-0.063115,-0.096734,17.953698
14907083432,-1.427458,-2.333641,0.387667,0.257274,-0.000961,0.108092,18.104633
15007130972,-0.446449,2.106651,-0.829120,-0.387562,-0.036486,-0.133236,17.907909
15107178512,-0.666726,4.115081,-0.777929,-0.239351,0.008047,-0.088153,17.958549
15207226051,-1.131477,1.571140,0.654300,-0.175659,-0.011573,-0.198616,17.805505
15307273591,-0.539872,2.097270,-0.306187,-0.161568,-0.057385,-0.034258,17.906836
15407321131,-0.834176,0.092649,0.533635,-0.235518,-0.017440,-0.030485,17.673618
15507368671,-2.085088,-0.858143,0.917252,-0.056880,-0.070825,-0.008381,17.814997
15607416211,-1.770108,-0.386162,-0.663601,-0.457097,0.008159,-0.228867,17.599205
15707463750,1.792609,4.061070,-0.434022,-0.388515,-0.026765,-0.214423,17.575532
15807511290,1.581890,0.381128,0.536749,-0.472276,-0.037558,-0.141397,17.700165
15907558830,1.227511,3.983784,-1.243331,-0.452568,0.016424,-0.325513,17.618189
16007606370,-1.841950,-2.017129,0.389441,-0.218419,0.027830,0.034475,17.502364
16107653910,0.219913,4.501941,0.232005,-0.439078,0.046977,-0.317854,17.399768
16207701449,-2.249854,-1.357094,-0.067373,0.261262,0.084977,0.221677,17.438883
16307748989,-3.035904,-1.381311,0.640196,-0.118542,-0.021983,-0.146701,17.382311
16407796529,-5.822614,-0.415994,-0.211795,0.340672,-0.017484,0.073135,17.429206
16507844069,-3.062558,0.489886,-0.568413,0.076023,0.069070,0.111989,17.487520
16607891609,1.584782,0.492968,0.835790,0.255913,0.119070,0.064561,17.315293
16707939149,0.666614,-0.506208,0.104733,0.140375,-0.036516,0.077996,17.271301
16807986688,-1.017598,0.338477,-0.155826,0.009600,-0.047127,-0.101076,17.121023
16908034228,-3.153917,1.614961,-0.242610,0.007207,-0.117592,0.049243,16.956139
17008081768,-2.176262,1.431782,0.344521,-0.249292,-0.013072,-0.109227,16.915177
17108129308,-0.740525,2.001803,-0.073912,-0.213875,-0.010500,-0.036202,16.952193
17208176848,-1.000956,-0.239250,0.054172,-0.082460,-0.079250,0.059323,16.944052
17308224387,0.606297,-1.684786,0.798477,0.141958,-0.012869,0.030664,16.829495
17408271927,-2.797660,0.209477,0.412080,0.077740,-0.084837,0.048029,16.916760
17508319467,0.077564,1.307550,-1.188080,-0.197573,0.147096,-0.050551,16.853531
17608367007,-0.531446,0.327689,-0.008029,-0.002166,0.139780,0.090812,16.919232
17708414547,2.204060,3.389077,-0.530160,-0.187053,-0.048547,-0.121642,16.831103
17808462086,-0.477342,0.305447,-0.730277,0.557224,-0.066904,0.130786,16.703627
17908509626,-1.576231,-1.588613,1.210331,0.306664,0.009503,0.159069,16.816905
18008557166,-0.273209,4.037749,-0.478864,-0.091455,-0.028472,-0.040428,16.665415
18108604706,0.255764,-1.727189,0.855276,0.184506,-0.083052,0.175288,16.565739
18208652246,2.149368,-3.536300,0.875361,-0.303033,0.163206,-0.205679,16.716424
18308699786,-0.373290,-1.632109,0.379446,-0.169573,-0.037087,0.017040,16.700269
18408747325,-3.954712,-2.443399,-0.657225,-0.278177,0.001789,-0.202739,17.003736
18508794865,1.509080,2.154170,0.600903,-0.363507,-0.021134,-0.199477,16.558734
18608842405,-0.544428,-2.790602,0.500705,0.017068,0.085421,0.119316,16.924400
18708889945,0.568784,3.141086,0.481502,-0.238210,-0.079230,-0.208932,16.666882
18808937485,-0.953060,3.109739,-0.748726,0.385074,-0.077489,0.213435,16.641539
18908985024,-0.577699,5.006742,0.143412,-0.089547,0.010185,-0.080315,16.888234
19009032564,-0.807573,0.424250,-0.237119,0.323553,-0.017702,0.281852,16.634958
19109080104,-2.333863,-1.499366,-0.199189,0.090034,0.027881,0.037598,16.519753
19209127644,-1.805547,-0.793237,0.288589,0.374716,0.017807,0.198014,16.671529
19309175184,0.963274,-1.699928,-0.014881,0.232803,-0.024230,0.079100,16.518795
19409222724,-0.532786,2.874480,0.115572,0.307741,-0.006745,0.156172,16.529800
19509270263,-0.782737,2.240210,-0.103632,0.116165,0.018387,0.071845,16.589544
19609317803,1.375868,1.452974,-0.399296,0.198775,0.013505,0.104675,16.803980
19709365343,0.496475,-0.556043,0.873828,0.298166,-0.072382,0.131144,16.644763
19809412883,1.700761,2.293416,0.230297,-0.145646,0.050635,-0.077922,16.517076
19909460423,-0.999922,-0.303813,-0.497574,-0.031064,0.154992,0.038401,16.593482
20009507962,1.231347,0.359889,-0.164682,-0.065379,0.009523,0.066971,16.480789
20109555502,-0.306658,1.226170,-0.524440,-0.127921,-0.102062,-0.161740,16.356297
20209603042,0.911349,-0.388760,-0.269793,0.126372,0.004409,0.075322,16.380623
20309650582,1.253157,-1.308935,-0.751857,0.078818,0.013733,0.023353,16.585040
20409698122,-1.815732,1.364548,-0.048878,0.046505,0.065359,0.044991,16.523766
20509745661,-0.645988,-0.488032,-0.084480,0.118694,0.040319,0.015041,16.635296
20609793201,0.238001,1.437085,0.054473,-0.155435,-0.057818,-0.071402,16.484321
20709840741,-0.539263,0.891945,-0.373190,0.037063,0.017215,0.030396,16.514600
20809888281,-0.357972,-0.138514,0.568747,0.113661,-0.031207,0.090112,16.509740
20909935821,-0.398997,-0.394353,0.275002,0.111259,0.008629,0.033994,16.394878
21009983361,-0.012681,0.855803,-0.372278,0.006971,0.004594,0.009486,16.301846
21110030900,0.848466,0.144995,-0.348233,-0.003528,0.033576,0.038929,16.368350
21210078440,-1.567361,2.303032,-0.348192,-0.023475,0.017828,-0.077704,16.260356
21310125980,0.334668,-0.388448,0.200431,0.001091,-0.025193,0.046249,16.303260
21410173520,-1.037687,-1.831395,0.403333,-0.402078,0.042604,-0.128350,16.184859
21510221060,1.036218,-1.580461,1.284328,-0.192394,-0.058005,-0.240097,16.297782
21610268599,-0.666851,-1.332771,0.339506,-0.272169,-0.116262,-0.118005,16.282493
21710316139,-0.723859,2.891216,0.444164,-0.346756,-0.050281,-0.289221,16.223687
21810363679,-0.939388,0.304513,0.860092,0.116240,-0.018536,0.026286,16.125039
21910411219,0.791883,0.018988,-1.271095,0.085742,0.118131,0.194648,16.047536
22010458759,0.209386,2.947302,-0.805517,0.384382,0.146783,0.202102,16.120579
22110506299,0.794813,0.953018,-0.603315,0.310473,0.110464,0.402111,16.115309
22210553838,-1.784434,5.737379,-0.193688,0.579024,-0.089159,0.149840,16.143938
22310601378,-1.854794,-2.895398,0.092644,0.783679,0.015287,0.617175,15.945112
22410648918,-0.722829,1.924901,0.666641,-0.054030,0.034214,0.042629,16.125668
22510696458,-2.182115,-5.495136,1.298597,0.510171,0.066346,0.295825,16.079792
22610743998,-0.437594,3.515156,-0.683598,-0.413478,-0.037605,-0.235608,16.076235
22710791537,0.061985,3.273463,-0.111698,0.111971,-0.014284,0.038449,16.068216
22810839077,1.025683,5.669497,-0.996012,-0.675444,0.057480,-0.334731,16.130527
22910886617,-0.613519,2.106967,-1.383789,-0.395260,0.091678,-0.036486,16.162601
23010934157,-5.495047,-4.312083,0.332683,-0.686398,-0.140958,-0.424885,16.194732
23110981697,-1.800459,-1.339825,0.554569,-0.694399,-0.085002,-0.241573,16.278541
23211029236,-0.930395,-9.078248,1.174783,-0.870690,0.086626,-0.269820,16.236430
23311076776,7.388578,3.210389,0.430117,-1.023952,-0.158584,-0.940555,16.187975
23411124316,-5.442801,-7.873611,2.236068,0.451248,-0.223763,0.225090,16.163775
23511171856,2.489742,5.666017,-1.653190,-0.476919,0.091317,-0.297199,16.234155
23611219396,1.954586,8.088271,-1.613987,1.043961,-0.022370,0.602510,16.301335
23711266936,1.227860,4.207193,-1.295252,0.458616,-0.012926,0.130838,16.262578
23811314475,1.479249,5.480734,-1.351994,0.601397,0.000328,0.304796,16.308202
23911362015,-1.454011,-4.149133,0.238764,0.719195,0.006637,0.420218,16.317267
24011409555,-1.078737,-0.745387,0.111096,0.352622,0.081012,0.148901,16.308481
24111457095,-0.673340,-2.687380,0.388221,0.605874,-0.044784,0.284208,16.289201
24211504635,0.411188,3.984920,-0.002085,-0.125919,0.020777,-0.147982,16.305182
24311552174,1.086596,0.427890,-0.496943,0.037819,0.140928,0.203177,16.350405
24411599714,0.681932,2.181436,-0.559676,-0.120962,0.045719,-0.105183,16.275108
24511647254,-0.239515,1.050664,0.009782,-0.086524,-0.023768,0.038792,16.257488
24611694794,-0.232676,0.785940,0.270918,-0.060319,0.020506,-0.027815,16.223698
24711742334,-1.162938,1.147499,-0.178841,-0.070260,-0.006805,0.063522,16.177872
24811789874,0.660818,-0.761558,0.053543,0.058471,-0.096076,0.113931,16.182596
24911837413,-1.095580,0.659499,0.076985,-0.082178,-0.061490,-0.081814,16.119481
25011884953,-0.312614,0.629743,0.396331,-0.105488,-0.108193,-0.081021,16.118673
25111932493,-0.552351,1.625535,-0.770989,-0.132345,0.061472,-0.122061,16.075094
25211980033,-0.378149,-0.242104,0.316891,-0.100999,0.057863,-0.018349,16.029671
25312027573,-0.433704,0.635059,0.266267,0.023418,-0.008001,-0.000114,15.954862
25412075112,-1.082563,1.005052,-0.020602,0.038008,-0.068211,-0.037360,15.904364
25512122652,0.256525,-0.174585,0.129538,0.018876,0.014476,0.070577,15.902507
25612170192,1.077214,1.486171,-0.780673,-0.075540,0.042962,-0.057541,15.807830
25712217732,-2.417347,0.960749,-0.097708,-0.051382,0.050442,0.060881,15.718642
25812265272,-0.928718,-0.526666,-0.210655,-0.029453,0.033159,0.016753,15.694784
25912312811,0.577543,-2.002266,-0.689524,0.166606,0.085774,0.168184,15.590571
26012360351,-1.524751,1.909120,0.037915,0.051813,-0.095314,-0.073557,15.563614
26112407891,-0.931615,2.462386,-0.693349,0.253311,-0.075727,0.092795,15.527351
26212455431,-0.572353,1.824880,-0.372579,0.167735,0.108934,0.141891,15.429198
26312502971,-0.285448,3.576761,-0.336619,0.250097,0.122969,0.196949,15.363819
26412550511,-2.330417,-1.319723,-0.162322,0.301778,-0.066748,0.167883,15.331032
26512598050,-0.124388,1.395327,-0.299973,0.093852,-0.081767,-0.059455,15.247686
26612645590,-0.161819,-1.759480,0.430708,0.190837,-0.113589,0.088869,15.189989
26712693130,-1.901152,0.692099,0.669651,-0.092009,0.025911,-0.105741,15.125831
26812740670,-1.744386,-0.183585,0.703130,0.061701,0.107138,0.247399,15.015637
26912788210,0.833069,0.964918,-0.389097,-0.209185,-0.025022,-0.061151,15.010658
27012835749,-1.371608,3.013423,0.505785,-0.010020,-0.170094,-0.081320,14.941061
27112883289,-1.104718,2.182174,0.521777,-0.230547,-0.089209,-0.156660,14.899680
27212930829,0.693151,1.407160,-0.360566,-0.227022,0.045411,-0.061349,14.881739
27312978369,-0.617754,-1.429422,0.652981,-0.231904,0.067407,-0.063856,14.832312
27413025909,0.759202,1.413399,0.474270,-0.186609,-0.058430,-0.093865,14.869619
27513073449,-0.393804,0.450350,-0.521737,0.086254,0.003554,0.048781,14.835083
27613120988,-0.412708,-0.550515,0.356735,-0.043915,-0.009678,0.045024,14.791209
27713168528,-0.760445,-0.311719,0.376068,0.116686,-0.009832,0.012591,14.757003
27813216068,-0.454278,-0.065270,0.026452,-0.009061,0.036861,0.096280,14.708839
27913263608,0.810824,-0.230683,1.387632,-0.086434,0.105238,-0.008455,14.781897
28013311148,-2.213752,-1.414875,1.061074,0.179802,0.079400,0.262304,14.733063
28113358687,-0.533699,0.893728,-0.676133,-0.251141,0.076622,0.137917,14.627736
28213406227,-0.025967,1.513308,0.618573,-0.007392,-0.158249,-0.172391,14.611715
28313453767,-1.105669,0.511481,0.877142,0.127374,-0.186068,0.067224,14.601822
28413501307,-0.651476,-0.296094,-1.210669,0.040090,0.191761,0.074199,14.593364
28513548847,-1.445758,0.743932,1.166809,-0.157321,0.147271,0.016351,14.584994
28613596386,-1.107554,0.659567,0.352645,0.015307,-0.088510,-0.051936,14.550336
28713643926,-0.682439,0.661642,-0.429342,-0.077569,-0.087010,-0.129362,14.535633
28813691466,0.532126,0.438436,0.143654,-0.069152,0.074031,0.101956,14.550994
28913739006,-0.532915,0.072871,0.081999,-0.033501,0.043917,0.112237,14.546908
29013786546,1.122908,0.703630,0.178700,-0.107143,-0.053864,-0.134219,14.559195
29113834086,0.779260,-1.593112,-0.879038,-0.216482,-0.081133,-0.163255,14.564685
29213881625,0.508857,-2.277980,-0.301074,-0.016781,-0.022485,-0.073291,14.596546
29313929165,-0.671296,1.907329,0.418545,-0.303057,-0.015038,-0.176907,14.649843
29413976705,1.292209,1.863146,-1.183664,-0.186825,0.098466,0.006855,14.612625
29514024245,0.819933,0.695217,-0.754129,-0.142636,0.056390,-0.094608,14.634294
29614071785,-0.719721,1.470475,0.483989,-0.100294,-0.100322,0.016712,14.715785
29714119324,0.711011,1.159093,-0.367606,-0.020721,-0.008452,-0.000087,14.746562
29814166864,0.107526,1.271747,0.132651,-0.190754,-0.137413,-0.140855,14.731796
29914214404,1.842458,-0.848374,0.399294,-0.218657,-0.093051,-0.138097,14.812132
30014261944,0.025828,2.039702,-0.685763,-0.151090,0.062466,-0.044430,14.828011
30114309484,0.899869,0.475410,-0.520566,0.103287,0.062223,0.187953,14.850801
30214357024,-0.146679,0.748157,-0.543686,0.099740,0.072339,0.059207,14.871710
30314404563,-0.158898,2.128274,-0.239573,0.082726,0.007703,0.075657,14.822847
30414452103,-0.758499,1.783311,-0.306547,0.072610,-0.101812,0.080768,14.784937
30514499643,0.761472,1.849194,-0.528530,0.093630,-0.035766,0.002218,14.776399
30614547183,-1.645950,-0.338376,0.936311,0.175703,-0.060620,0.177678,14.778776
30714594723,-0.694247,2.083867,-0.078632,-0.097295,-0.045574,-0.054925,14.675769
30814642262,0.252546,0.786310,-0.705436,-0.189041,0.070971,0.033150,14.670678
30914689802,-1.160428,-0.038269,0.215810,-0.271568,0.025292,-0.056502,14.669931
31014737342,-0.560104,0.756806,0.237263,-0.262473,-0.083217,-0.135687,14.597918
31114784882,-0.896242,-0.502308,-0.022590,-0.134042,-0.054492,-0.095809,14.544665
31214832422,-0.095554,1.546838,-0.616269,-0.200463,0.039607,0.014025,14.453577
31314879961,-0.951312,-0.324308,-0.451814,-0.050351,0.068818,0.031367,14.326404
31414927501,-0.526479,0.982134,0.325150,-0.045265,-0.043526,0.033015,14.243554
31514975041,-1.402280,1.563543,-0.665551,0.082684,-0.080873,0.089961,14.102854
31615022581,-0.829756,0.810649,-0.451948,-0.009093,-0.028827,-0.025424,14.018282
31715070121,-2.450642,0.233000,0.108630,0.090899,-0.027926,0.059445,13.901367
31815117661,-0.586157,-0.394623,-0.446867,-0.079803,0.110300,0.020568,13.712956
31915165200,-0.791113,-1.314546,0.312428,-0.042754,0.000369,0.042631,13.530022
32015212740,-0.426891,2.115144,-0.196611,-0.230224,-0.078647,-0.255099,13.336926
32115260280,-2.077476,-0.121159,-0.427518,0.030722,-0.002965,-0.063371,13.192316
32215307820,-3.182984,1.537525,-0.851752,-0.203795,0.080454,-0.059884,12.939726
32315355360,-2.231829,-1.152591,0.629973,-0.025168,0.048502,-0.064321,12.679867
32415402899,-0.929091,-0.372196,0.514087,-0.119443,-0.051424,-0.023669,12.533163
32515450439,-0.741802,0.188234,0.457265,-0.112766,0.005432,-0.147944,12.304370
32615497979,-1.925151,0.517487,-0.582014,-0.181417,-0.003450,-0.007439,12.095244
32715545519,-2.726084,-0.048758,0.455977,-0.183670,0.086717,-0.014134,11.896328
32815593059,-2.279869,2.182610,-0.059897,-0.333872,-0.000875,-0.201622,11.712371
32915640599,-2.366478,-2.179628,-0.424987,0.001696,-0.027547,0.070742,11.584751
33015688138,-3.355565,-0.006345,0.513202,-0.174551,-0.111990,-0.181480,11.371106
33115735678,-3.548245,-0.744892,0.556850,0.231391,-0.092347,0.167818,11.142080
33215783218,-0.272020,0.033508,-0.489264,0.013221,0.077166,0.000190,11.033668
33315830758,-1.985173,1.332325,0.255462,-0.019626,0.084070,0.103417,10.828715
33415878298,-0.043411,0.825439,0.131278,-0.092480,0.000113,-0.092261,10.661311
33515925837,-2.371912,0.650431,-0.590868,0.074699,0.013879,-0.049643,10.507535
33615973377,-2.479196,-0.712054,0.227574,0.049775,0.001402,0.120525,10.283301
33716020917,-1.201681,0.677824,0.112444,-0.103409,0.002294,-0.031054,10.125157
33816068457,-1.701298,-0.475839,0.679169,0.113739,-0.051534,0.027980,9.821307
33916115997,-1.278717,0.239400,0.331190,-0.029911,0.002261,0.034439,9.550093
34016163536,-2.372923,0.234363,0.108052,0.037439,0.042161,0.034908,9.261000
34116211076,-2.849562,0.979836,-0.957703,0.111660,0.044666,0.116002,9.014540
34216258616,-3.667103,-1.847579,0.921913,0.176386,-0.105930,0.110493,8.631723
34316306156,-2.943502,-0.831662,-0.829149,-0.140402,-0.105484,-0.050182,8.313855
34416353696,-3.755794,-0.757495,-0.697325,-0.035847,-0.081693,-0.048788,7.986787
34516401236,-4.060606,1.328067,0.525175,-0.033585,-0.153923,-0.184838,7.827052
34616448775,-3.864772,0.377129,0.067553,0.147800,0.064991,0.037297,7.579721
34716496315,-2.191664,0.282558,0.107807,0.080596,0.134183,0.081790,7.341285
34816543855,-1.805745,-0.671534,-0.238356,0.031238,0.045617,-0.031625,7.061775
34916591395,-2.412473,-0.311537,0.241711,0.057285,-0.033166,-0.007541,6.734181
35016638935,-2.440720,-0.746855,-0.018930,0.025819,0.018053,-0.026119,6.509812
35116686474,-3.091539,-0.355723,0.034618,0.023736,0.064055,-0.004521,6.220534
35216734014,-2.875001,-1.837395,-0.238159,0.135832,0.021934,0.025174,6.081383
35316781554,-3.292114,-1.438009,-0.328355,0.087438,-0.025406,-0.129169,5.836936
35416829094,-2.276152,-0.950382,0.192225,0.151787,-0.011889,-0.067683,5.752862
35516876634,-1.232946,-1.279113,-0.095840,0.077523,0.076910,-0.080181,5.495152
35616924173,-2.356493,-2.309318,0.376233,0.167149,0.030372,-0.072144,5.246095
35716971713,-2.099024,-1.173782,0.065579,0.100645,0.022511,-0.094156,4.968276
35817019253,-2.850853,-1.478403,-0.123287,0.294636,0.054002,-0.051394,4.867064
35917066793,-2.507808,-0.863275,-0.268092,0.233652,0.038659,0.000071,4.770249
36017114333,-2.138419,-1.517166,0.120570,0.383807,0.047131,0.026800,4.503796
36117161873,-2.911884,-1.623936,0.471012,0.366632,0.044143,0.059486,4.344326
36217209412,-3.203544,-2.249041,0.656406,0.388391,0.063438,0.015751,4.253771
36317256952,-1.886970,-0.372709,-0.578257,0.379562,0.019125,0.024397,4.135746
36417304492,-2.110575,-1.854184,-0.234311,0.536944,0.067581,0.132144,4.103178
36517352032,-2.573258,-1.852405,0.319551,0.483838,0.050148,0.062404,3.969602
36617399572,-2.544505,-1.603810,0.346253,0.570877,0.064351,0.067213,3.895363
36717447111,-2.504837,-1.227826,0.127822,0.609923,0.088057,0.146640,3.680024
36817494651,-2.427216,-0.885755,-0.695242,0.438428,0.054883,0.060074,3.719426
36917542191,-3.096037,-0.906786,-0.637324,0.554100,0.184402,0.079003,3.559816
37017589731,-1.947465,-0.258865,-0.437321,0.515874,0.121177,0.107995,3.509159
37117637271,-2.009022,0.021873,-0.290707,0.586093,0.127484,0.032748,3.512475
37217684811,-2.022772,-0.510258,-0.258618,0.529755,0.182540,0.036580,3.589970
37317732350,-2.369485,0.084888,0.120111,0.454914,0.248109,-0.017166,3.610072
37417779890,-1.521410,-1.383359,-0.025977,0.540274,0.085371,0.055733,3.685877
37517827430,-0.764961,0.202032,-0.310025,0.506957,0.045526,0.011139,3.725535
37617874970,-1.946118,-0.333313,-0.123463,0.538890,0.069972,0.040502,3.816472
37717922510,-1.329826,0.200711,-0.197758,0.519972,0.157452,0.063533,3.980953
37817970049,-2.188479,-2.607887,-0.231686,0.627207,0.133244,0.110198,4.030013
37918017589,-1.876350,-1.060558,-0.412970,0.567964,0.058366,0.035685,4.062487
38018065129,-1.236530,0.943118,-0.588753,0.628495,-0.012500,-0.008345,4.258497
38118112669,0.648529,-2.108518,-1.213073,0.634624,0.088522,0.102274,4.409209
38218160209,0.972116,-3.349365,-0.246024,0.728811,0.107663,0.239663,4.580340
38318207748,-0.469691,-2.193557,0.245772,0.699635,0.043547,0.240433,4.636496
38418255288,-1.273189,-2.920777,0.290266,0.572070,0.042034,0.172934,4.715361
38518302828,-2.518562,-1.847252,-0.148582,0.538552,0.069447,0.090790,4.988841
38618350368,1.695064,-2.844541,-1.120395,0.344761,0.025362,-0.064270,5.079410
38718397908,-0.276045,-1.884776,-0.519214,0.388045,-0.032823,0.077403,5.274781
38818445448,1.025932,-1.813535,-0.323460,0.195586,0.020560,0.000371,5.397692
38918492987,-1.002626,-0.687678,0.092686,0.300683,0.051627,0.145819,5.413306
39018540527,-0.253560,-2.244173,-0.098606,0.014096,0.041883,-0.071517,5.584262
39118588067,-1.954047,-0.295110,0.094892,0.037585,-0.014853,-0.062476,5.673381
39218635607,-2.448629,-0.859008,-0.883167,-0.084091,-0.059091,-0.232358,5.750257
39318683147,-0.565662,-1.485268,-0.701466,-0.032581,-0.062486,-0.143532,5.952150
39418730686,1.447452,-1.963186,0.390171,-0.122155,-0.031140,-0.126796,5.825367
39518778226,1.321951,-2.619338,-0.022972,-0.212715,0.037823,-0.106872,6.170439
39618825766,-1.008346,-1.346735,0.108005,0.024610,0.029767,-0.025501,6.135405
39718873306,0.317338,-2.296019,-0.126205,-0.132665,0.010605,-0.089112,6.191382
39818920846,-0.817967,-0.823067,-0.012039,0.000970,0.009830,0.006166,6.506061
39918968386,0.006649,-1.396173,0.182770,-0.041371,-0.047930,-0.020207,6.949579
40019015925,-0.961193,-0.945620,0.082750,0.235957,-0.058752,0.078560,6.980967
40119063465,-0.808669,-0.840554,-0.045696,0.227106,-0.033393,0.087429,7.024985
40219111005,1.878925,-2.812945,0.075005,0.083210,-0.020449,0.074988,7.123491
40319158545,-0.313103,-2.032371,-0.293900,0.174476,0.010087,0.114229,7.349704
40419206085,1.837154,-3.044309,0.100788,-0.153885,-0.053557,-0.081632,7.549516
40519253624,-0.662967,-1.230955,0.423316,-0.024323,-0.035145,-0.036009,7.386582
40619301164,-2.104728,-0.576118,0.121527,-0.289140,-0.022950,-0.107325,7.539410
40719348704,-2.015033,-0.998734,0.767852,-0.088429,-0.075793,-0.083621,7.655348
40819396244,-1.379518,-1.205355,0.424952,-0.235270,-0.106521,-0.075708,8.109127
40919443784,1.115344,-2.822263,-1.019580,-0.244257,0.098159,-0.147374,7.968194
41019491323,-1.588642,-0.831232,-0.416913,-0.049955,0.045369,0.044895,8.089788
41119538863,1.846467,-3.349201,0.536294,-0.131825,-0.036208,-0.199977,8.207916
41219586403,0.537292,-2.642468,-0.030218,0.264804,-0.001857,0.089087,8.412556
41319633943,1.326670,-2.447072,-0.305840,0.103127,-0.000571,0.010787,8.701256
41419681483,0.293561,-1.079860,0.131272,0.290493,0.023933,0.140399,8.712682
41519729023,-2.192375,-0.455154,0.274632,0.187459,-0.006091,0.008081,8.980230
41619776562,-0.591024,-1.993206,0.382187,0.178229,-0.034089,-0.037357,8.940660
41719824102,-0.494530,-1.288070,0.652903,0.057846,-0.071396,0.000211,8.950204
41819871642,0.475164,-0.595683,0.453215,-0.058186,-0.081320,-0.091723,9.092788
41919919182,0.702654,-0.686577,0.524424,-0.079786,-0.060664,-0.067251,9.217032
42019966722,0.407176,-0.122165,0.141890,-0.059780,-0.052260,-0.031216,9.196758
42120014261,1.306858,-1.619136,0.069454,-0.152568,-0.026839,-0.128848,9.230101
42220061801,1.407452,-0.891131,-0.176105,-0.114069,-0.055873,-0.026358,9.178009
42320109341,1.168637,0.110649,-0.053828,-0.197309,-0.078959,-0.116166,9.213349
42420156881,0.084335,1.139883,0.049872,-0.101095,-0.043352,-0.098586,9.335339
42520204421,1.157963,-0.409853,-0.266628,-0.069436,0.021250,-0.060640,9.444432
42620251961,0.030024,-0.876306,0.043351,0.025588,0.045402,0.057792,9.464804
42720299500,2.364430,-1.064921,0.542014,-0.119068,-0.062578,-0.068894,9.616635
42820347040,1.273168,-1.857064,-0.181781,0.063299,-0.162198,-0.039753,9.542507
42920394580,2.259325,-0.944023,-0.559141,-0.027375,-0.021377,0.073101,9.773152
43020442120,-0.181357,-0.351851,-0.314944,0.148738,0.039379,0.164158,9.876789
43120489660,-0.204577,0.712275,-0.129362,0.021647,0.013413,0.025792,9.929623
43220537199,0.260423,-2.073780,1.004150,0.224296,0.008794,0.099487,10.060812
43320584739,0.020445,-1.437547,-0.351724,-0.003059,0.020975,0.077370,10.121182
43420632279,0.676411,0.256081,1.135852,-0.066392,0.006296,-0.018481,10.201901
43520679819,-0.085835,-0.404430,0.342289,-0.169386,-0.066031,-0.078356,10.300881
43620727359,-1.494140,0.120996,1.141114,-0.328095,-0.040560,-0.213827,10.314509
43720774898,1.607363,-1.996616,0.053548,-0.463360,-0.018658,-0.151504,10.408030
43820822438,0.010665,-0.628073,-0.499064,-0.284293,0.076775,-0.192855,10.575555
43920869978,3.455567,-2.493835,-0.135057,-0.328444,-0.027334,-0.121173,10.691546
44020917518,2.147398,-2.611527,0.393476,0.266164,0.087445,0.089327,10.800902
44120965058,3.677703,-2.226993,0.371387,-0.075993,-0.058921,0.010756,10.799661
44221012598,-0.355015,-1.746676,0.667385,0.119910,-0.087989,0.076194,10.916599
44321060137,0.787188,-1.556607,0.790844,-0.012794,-0.119471,0.008184,11.032099
44421107677,1.570380,-1.644808,0.186937,0.230624,0.005152,0.138754,10.992440
44521155217,1.217547,-1.020896,0.360770,0.296311,-0.033385,0.246795,11.090534
44621202757,2.243129,-1.640995,0.425104,0.266878,-0.091085,0.136636,11.079190
44721250297,-0.019401,-0.290461,0.728640,0.328930,-0.017154,0.195944,11.136962
44821297836,2.747939,-1.908982,-0.158719,-0.162793,0.011064,-0.075577,11.261195
44921345376,-1.806087,1.561813,0.573922,0.296422,0.027753,0.243576,11.207901
45021392916,-0.760098,-0.222105,0.104885,-0.272452,-0.008052,-0.067115,11.259295
45121440456,-1.583767,0.149549,-0.105098,-0.193655,-0.042391,-0.162205,11.322419
45221487996,0.352915,-0.156416,0.488911,-0.463702,-0.089528,-0.284267,11.302263
45321535536,3.510389,-0.706558,0.511376,-0.355072,-0.037115,-0.294851,11.312931
45421583075,4.689848,-0.969940,-0.323310,-0.692036,-0.026750,-0.373127,11.440420
45521630615,5.323953,-1.249741,-0.223862,-0.653176,-0.028640,-0.354137,11.448013
45621678155,-1.185300,-1.446037,0.338239,-0.441095,0.068603,-0.209217,11.486680
45721725695,5.016233,-3.177332,0.389865,-0.570324,-0.013863,-0.268377,11.563903
45821773235,-1.606834,2.390780,1.259640,0.186842,0.048255,0.155687,11.601049
45921820774,-3.038946,-0.215715,0.973494,-0.082215,0.039342,0.040664,11.525062
46021868314,-0.032483,-0.154536,0.091507,0.134786,0.001207,0.104256,11.596951
46121915854,1.136735,1.946971,0.686548,-0.029491,-0.169548,0.006081,11.724574
46221963394,-0.757040,-0.606511,-0.227985,-0.112087,0.040485,-0.094630,11.736905
46322010934,3.108032,-2.604773,-0.682982,-0.183335,0.125895,0.141096,11.823041
46422058473,-3.965625,1.066197,-0.981665,0.145762,0.093142,0.203923,11.985874
46522106013,-3.951225,1.450914,-1.328046,0.112592,0.088856,0.055461,12.070397
46622153553,-2.805748,0.068824,0.329482,0.406547,0.092449,0.296373,11.987292
46722201093,1.059931,-0.342881,-0.190565,0.325959,0.052842,0.209143,12.052927
46822248633,3.705279,-0.720259,-0.598321,0.699838,-0.026214,0.488867,12.096946
46922296173,-3.101233,1.465104,-0.541408,0.614651,-0.023686,0.386270,12.211797
47022343712,2.177454,-0.944754,-1.294722,0.267623,0.091887,0.266623,12.300647
47122391252,-2.785121,-2.049029,-0.115908,0.284056,-0.090704,0.074448,12.364487
47222438792,-0.575345,-0.751729,-0.981750,-0.242421,-0.067644,-0.226139,12.381022
47322486332,0.629699,0.764529,0.861155,0.106357,-0.006571,0.231404,12.395846
47422533872,2.973444,-1.944627,0.235091,0.186689,0.037158,0.204246,12.501141
47522581411,-0.706960,-0.782144,-0.100145,0.356074,-0.041283,0.209916,12.561407
47622628951,2.376180,-0.278304,0.086795,0.259580,0.019037,0.059164,12.501647
47722676491,-6.714134,0.215187,0.244663,0.460049,0.086316,0.342312,12.416638
47822724031,-5.534489,1.511302,1.199279,-0.563635,-0.041593,-0.368107,12.514528
47922771571,-4.595821,0.648778,-0.346921,-0.147996,-0.086908,-0.155063,12.646303
48022819111,-2.575511,0.420380,-0.198797,-0.934167,-0.013580,-0.491933,12.692021
48122866650,3.803822,-2.273345,-0.952533,-0.455643,0.062341,-0.129442,12.693632
48222914190,-1.983098,-1.766473,0.289907,-0.045404,-0.022104,0.003339,12.729364
48322961730,1.706672,-2.320989,1.425991,-0.065321,-0.132433,-0.121229,12.685755
48423009270,0.918873,-1.924550,0.869401,0.372205,-0.138958,0.068951,12.602714
48523056810,-3.053075,0.886023,0.503154,0.149642,0.005510,-0.035066,12.702924
48623104349,1.706372,0.541675,-0.448940,-0.495423,0.013179,-0.333406,12.805995
48723151889,5.634677,0.672117,-2.013301,-0.203408,0.219223,-0.068576,12.801396
48823199429,3.523082,-0.605065,-1.367203,-0.325431,0.109632,-0.185975,12.675591
48923246969,1.245493,-2.522766,-0.171274,-0.150414,0.055611,0.028044,12.691775
49023294509,-0.327494,3.121197,0.856352,0.036124,0.127974,0.058178,12.770224
49123342048,-2.602807,-0.703509,-0.662544,-0.024591,0.101655,-0.055334,12.820488
49223389588,-0.541470,-2.655325,0.409023,-0.624540,0.098469,-0.384428,12.854404
49323437128,6.922630,-2.901522,-0.548794,-0.546078,0.112448,-0.307402,12.793520
49423484668,4.666731,-1.817693,0.937850,-0.794810,-0.031006,-0.514770,12.790602
49523532208,3.412816,-0.546256,0.403660,-0.661688,-0.025393,-0.221481,12.762882
49623579748,-2.492647,1.941659,0.379294,-0.670712,-0.052511,-0.261480,12.930129
49723627287,3.428387,1.263380,-0.286167,-0.706967,-0.097275,-0.360720,12.913227
49823674827,-4.973438,0.735007,0.071858,-0.036586,0.012258,-0.011115,12.847845
49923722367,-2.644847,0.472178,1.009643,-0.260999,-0.071243,0.008188,12.795683
50023769907,-4.311373,1.987152,0.270042,0.632896,-0.016385,0.447372,12.854166
50123817447,3.230536,1.713809,-0.126839,0.068230,0.081344,0.060792,12.892173
50223864986,4.176799,-1.751770,-0.026901,0.507118,0.137448,0.320874,12.950667
50323912526,2.349654,-0.471805,-0.172955,0.422958,0.079815,0.239364,12.973799
50423960066,3.189510,-1.610165,0.202381,0.447567,0.065711,0.303317,12.853481
50524007606,-3.340056,-0.234047,0.070194,0.453019,0.036233,0.387117,12.896865
50624055146,-0.035250,0.980953,-0.797730,0.478020,0.038336,0.307427,12.972420
50724102685,-1.228229,1.461829,-0.348021,0.284023,0.057346,0.156870,12.923524
50824150225,0.230589,-0.025383,0.091359,-0.036589,0.083739,-0.051312,12.919902
50924197765,-1.497268,0.614928,-0.175651,0.006635,-0.036212,0.001088,12.943143
51024245305,4.887981,1.503026,-0.218189,-0.598886,-0.049136,-0.246897,13.078705
51124292845,7.448205,0.101874,-0.489414,-0.374984,-0.034969,-0.298726,13.076015
51224340385,4.687812,-0.016520,1.048608,-0.800861,-0.041627,-0.433143,12.939185
51324387924,-3.417748,-0.374387,1.475236,-0.486520,-0.117299,-0.245249,12.940079
51424435464,-2.110329,0.844396,1.041524,-0.583221,-0.185545,-0.316979,12.998210
51524483004,3.665174,1.188401,-0.272243,-0.501596,-0.059795,-0.337374,13.018826
51624530544,-0.832626,0.438196,-0.638584,-0.646821,0.003976,-0.367514,13.077169
51724578084,7.008498,0.724211,-1.010485,-0.715715,-0.126419,-0.459876,13.052854
51824625623,1.946318,0.327517,-2.047384,-0.017219,-0.223663,-0.087484,13.105169
51924673163,7.061218,0.799107,-1.427601,-0.491080,-0.100498,-0.264533,13.132314
52024720703,-3.961646,2.686067,1.382373,0.481530,-0.007309,0.319199,13.054129
52124768243,-5.120791,2.503479,1.356218,0.095801,-0.013596,0.149560,13.054190
52224815783,-0.719432,2.746568,0.254048,0.814734,-0.070757,0.438384,13.119849
52324863323,3.720835,1.500296,-0.474422,0.627223,0.002646,0.322381,13.078761
52424910862,3.040080,1.271674,-0.870534,0.663960,0.056017,0.340061,13.078935
52524958402,-2.688420,4.017709,-0.368394,0.488418,-0.036198,0.281883,13.041082
52625005942,0.344804,1.399448,-0.699206,0.233972,0.018497,0.134036,13.223682
52725053482,-2.285746,-1.603731,-0.595255,0.222041,0.109187,-0.012213,13.226503
52825101022,-1.084071,-1.717330,0.505859,-0.113914,0.055162,-0.048538,13.174862
52925148561,-2.979701,-0.688196,1.271146,0.293057,0.070993,0.243032,13.116135
53025196101,5.576396,-1.269156,0.078430,-0.180461,-0.036312,-0.033773,13.093825
53125243641,4.302549,0.520993,0.179318,0.175817,-0.098656,0.046303,13.127385
53225291181,4.544977,0.436248,-1.232416,-0.234834,0.001297,-0.199078,13.227096
53325338721,-2.925993,-0.594067,-1.053790,0.132883,0.223896,0.114732,13.264737
53425386260,-1.873753,-1.812089,1.160515,-0.508411,0.165803,-0.148492,13.324325
53525433800,-1.181202,0.199441,0.690713,-0.328279,-0.058092,-0.059921,13.321159
53625481340,-0.340965,2.238568,0.784807,-0.501959,-0.115795,-0.180114,13.227324
53725528880,5.186168,0.995574,1.327300,-0.588990,-0.148761,-0.268395,13.238943
53825576420,-0.457317,1.770612,-0.147703,-0.335510,-0.001371,-0.143523,13.244351
53925623960,3.863208,-0.762715,-1.729322,-0.531323,0.095487,-0.160206,13.300125
54025671499,0.404783,-2.878658,-2.724619,-0.250019,-0.091974,-0.131103,13.335822
54125719039,7.210312,-2.929067,-1.309761,-0.717849,-0.161935,-0.669952,13.393539
54225766579,-4.575414,2.599249,-0.585057,0.276583,-0.187684,-0.037764,13.353330
54325814119,-2.458895,2.022780,1.236762,-0.244293,0.010554,-0.117657,13.266633
54425861659,-5.041025,0.106357,1.448829,0.605977,0.064074,0.352926,13.333141
54525909198,1.189818,0.502240,0.233484,0.256365,0.059648,0.100729,13.436682
54625956738,4.174537,-0.284220,0.403209,0.531584,0.138523,0.346894,13.302512
54726004278,0.681537,0.192001,0.642712,0.474885,0.119944,0.332245,13.102199
54826051818,3.894164,0.704113,0.956234,0.416546,0.058561,0.256210,13.057566
54926099358,-0.543547,0.529678,-0.579394,0.492745,-0.065548,0.290202,12.978012
55026146898,0.467485,3.460288,-1.341465,0.249343,0.015322,0.133042,12.888097
55126194437,-5.591893,0.611478,-0.011414,0.434412,0.045425,0.236230,12.687985
55226241977,-0.615684,4.088299,-0.086598,-0.361592,-0.090208,-0.183652,12.446809
55326289517,-1.390752,1.614787,0.621200,-0.043246,-0.036923,0.031975,12.341994
55426337057,1.669881,2.550425,0.424574,-0.218306,0.034585,-0.077955,12.307588
55526384597,2.086572,1.208614,-0.036490,-0.177972,0.073876,-0.056021,12.245990
55626432136,3.230041,1.040102,-0.434547,-0.336825,0.101388,-0.210718,12.199427
55726479676,1.625532,3.793032,-0.945600,-0.320280,0.080694,-0.118196,12.135282
55826527216,-1.075646,3.502293,0.589809,-0.426419,-0.006017,-0.210089,12.054289
55926574756,0.828813,1.461858,0.024200,-0.329603,0.046042,-0.093708,12.184420
56026622296,-2.925688,5.055069,-1.988189,0.472515,0.253356,0.165029,12.371757
56126669835,0.658258,-0.789425,-3.491670,0.321732,0.307674,-0.077279,12.223056
56226717375,2.497841,-4.901105,-0.460444,0.176786,0.199787,0.085483,12.183883
56326764915,-7.498898,-0.572646,0.841671,0.356224,0.082668,0.133406,12.132291
56426812455,-6.531441,3.204732,2.195369,-1.184653,0.093248,-0.457258,12.331665
56526859995,-5.559409,1.730470,0.694052,-0.551795,0.067958,-0.351644,12.375668
56626907535,-4.674599,0.179537,0.288433,-0.777657,0.194134,-0.437422,12.299819
56726955074,0.903885,-0.132987,0.948571,-0.590422,-0.096476,-0.444610,12.248220
56827002614,-3.794823,0.910443,0.302383,-0.102270,-0.040709,-0.228701,12.323626
56927050154,4.694768,1.031413,1.556463,-0.347382,-0.180628,-0.341457,12.438743
57027097694,2.286273,1.171053,0.804956,0.298013,0.097708,0.081958,12.238141
57127145234,5.140347,-0.763659,0.508074,0.024264,0.034344,0.092998,12.212583
57227192773,-0.831470,1.676390,-0.408404,0.588190,0.075435,0.347377,12.364149
57327240313,-3.448607,1.119638,-0.768851,0.369941,0.070548,0.342946,12.483976
57427287853,0.731372,-0.095345,-0.498269,-0.027241,0.095421,0.067584,12.456836
57527335393,-0.647053,-0.994290,0.676637,0.115154,0.042780,0.096227,12.316657
57627382933,1.018359,-1.660790,1.175841,0.162641,-0.055997,0.044966,12.369670
57727430473,-0.261687,0.887017,0.625787,0.144259,-0.094043,-0.159875,12.408849
57827478012,1.746091,0.512089,-1.060499,0.181386,0.063852,-0.003348,12.496446
57927525552,1.332437,-0.865876,-0.774897,0.149847,0.129870,-0.023621,12.522575
58027573092,3.391105,-2.786011,-0.957870,-0.377610,0.108671,-0.196054,12.401504
58127620632,-1.163968,1.182901,0.183355,-0.207181,-0.070735,-0.185927,12.371559
58227668172,-5.668813,1.184642,0.067016,-0.801851,-0.095584,-0.475843,12.434973
58327715711,-3.426054,-0.438439,-0.118834,-0.679779,-0.021787,-0.387456,12.494090
58427763251,-5.373320,-0.131509,0.316710,-0.803904,0.062653,-0.513052,12.611599
58527810791,4.618707,1.215106,-0.442594,-0.799357,-0.045902,-0.511395,12.616949
58627858331,1.922469,2.005336,0.227547,-0.565533,-0.147136,-0.363999,12.535237
58727905871,1.840599,1.188450,1.273840,-0.365630,-0.154034,-0.205523,12.474134
58827953410,-0.468664,-0.026343,1.004252,-0.186150,-0.119381,-0.060293,12.522787
58928000950,1.482925,0.707060,-0.155382,-0.118215,0.030822,0.163014,12.641200
59028048490,-0.394477,-1.900832,-0.136421,-0.021708,0.025495,0.116987,12.650068
59128096030,0.131261,-2.193884,-0.807799,-0.335129,0.029571,-0.177339,12.556610
59228143570,-2.242921,-0.544815,-0.633419,0.256100,-0.089417,0.109381,12.524968
59328191110,2.740540,1.060135,0.630668,-0.092618,-0.180349,-0.191987,12.657226
59428238649,1.383816,-0.709926,-0.151862,0.182767,0.038895,0.122901,12.723322
59528286189,2.731058,-2.395267,0.032527,0.168065,0.260888,0.262214,12.754657
59628333729,-1.048299,-1.937921,1.144855,0.602881,0.115223,0.482187,12.747014
59728381269,-6.073693,0.281768,0.008804,0.686678,0.118899,0.497021,12.742393
59828428809,-4.668095,2.638396,0.333175,1.395824,0.036004,0.858592,12.726301
59928476348,-5.247093,1.139420,0.740914,1.255481,0.126846,0.925794,12.815379
60028523888,8.831019,0.343290,1.157966,0.984293,0.149451,0.729039,12.797275
60128571428,0.906922,-1.206892,0.976445,0.889588,0.129820,0.664921,12.743452
60228618968,3.088805,-1.030045,-0.517203,0.648190,0.007421,0.330244,12.808137
60328666508,0.556167,1.303768,-0.150760,0.431516,-0.001030,-0.025804,12.790408
60428714048,5.194385,1.243809,0.116437,-0.398187,-0.039130,-0.382581,12.744632
60528761587,-1.491065,0.434328,-0.840231,-0.131172,0.157476,-0.036030,12.722697
60628809127,-1.045804,1.830362,0.773928,-0.610451,0.098350,-0.277814,12.619531
60728856667,0.360872,2.302345,0.212094,-0.587865,-0.042131,-0.345548,12.597894
60828904207,0.800206,-0.274397,0.562005,-0.775813,-0.029786,-0.407610,12.611930
60928951747,6.397994,0.208106,0.548338,-0.781127,-0.059763,-0.333493,12.523209
61028999286,1.913338,1.306667,1.453892,-0.549419,-0.103387,-0.288223,12.349954
61129046826,6.244022,2.978660,0.928751,-0.596218,-0.147970,-0.127707,12.158841
61229094366,3.987932,1.113728,0.723403,0.513274,-0.264131,0.427447,11.919161
61329141906,6.913065,1.865257,0.883938,1.064507,-0.123607,0.629158,11.746411
61429189446,-3.448299,3.084941,0.892871,0.675791,-0.035826,0.471292,11.542489
61529236985,-5.285705,4.316493,0.511747,0.178280,-0.001588,0.179080,11.288522
61629284525,-1.703118,5.299699,0.205484,0.432354,-0.022377,0.248920,11.030215
61729332065,-0.149102,3.357160,0.025036,0.287143,-0.028791,0.406484,10.760741
61829379605,4.191021,2.084390,-0.597863,0.443418,0.023275,0.354701,10.550362
61929427145,3.244989,2.197720,0.035722,0.247640,0.139341,0.273316,10.521573
62029474685,1.578188,2.273883,0.464411,0.449204,0.152334,0.399062,10.454464
62129522224,-1.842948,0.926492,-1.453489,0.425910,0.045728,0.270378,10.393898
62229569764,0.907243,0.038850,-0.045600,0.120590,-0.036109,0.090186,10.315445
62329617304,-0.661849,2.624434,-0.663336,0.364380,-0.093756,-0.028908,10.246838
62429664844,2.369907,1.950146,-0.543585,0.150640,-0.062013,0.083074,10.151855
62529712384,-1.342281,1.832400,0.427601,0.264617,0.313854,0.467304,10.174653
62629759923,3.640254,1.722909,-0.238685,-0.324652,0.150745,0.058921,10.221203
62729807463,3.495571,3.764580,-0.780873,-0.260785,-0.168496,-0.169001,10.218878
62829855003,1.498772,2.291890,0.285464,-0.395334,-0.131179,-0.226377,10.145856
62929902543,2.979017,-0.265505,0.898667,-0.519171,-0.048323,-0.165104,10.148673
63029950083,1.459103,1.864398,1.424423,-0.489129,-0.010114,-0.152898,10.196302
63129997623,2.369894,3.573530,0.110405,-0.720105,-0.064362,-0.331258,10.097916
63230045162,-3.766178,0.345251,-0.267429,-0.402847,0.002887,-0.190355,10.147001
63330092702,2.168602,0.943665,0.088278,-0.381261,-0.097459,-0.108857,10.227473
63430140242,0.761789,1.499565,0.443477,0.089312,0.062458,0.255404,10.305916
63530187782,2.094993,1.991301,1.100924,-0.202687,0.037717,0.146308,10.239703
63630235322,4.171977,1.167936,1.216067,-0.345115,-0.146872,-0.011315,10.099572
63730282861,7.339804,3.680728,0.569636,-0.316151,-0.316853,-0.089574,10.131296
63830330401,2.186566,1.281398,0.653498,0.571195,-0.123037,0.351778,10.347301
63930377941,-0.265828,0.796789,1.924257,0.359683,-0.101776,0.114556,10.408103
64030425481,4.398470,2.984404,1.491786,0.021130,-0.215268,-0.024238,10.360862
64130473021,-4.119816,-2.243391,0.005308,-0.037048,0.153314,0.242127,10.509557
64230520560,-0.331749,2.456336,1.215646,-1.217465,0.224168,-0.317420,10.706259
64330568100,5.139367,1.494607,-1.640026,-0.748562,0.111115,-0.154871,10.714872
64430615640,2.609314,1.063735,-0.263984,-0.819525,0.001262,-0.232857,10.814965
64530663180,4.934377,1.612770,1.137482,-0.754396,-0.127223,-0.324134,10.927987
64630710720,1.439203,0.579406,0.603073,-0.526552,-0.097099,-0.211119,11.058107
64730758260,5.867817,3.187907,0.602692,-0.551163,-0.106903,-0.312096,11.154051
64830805799,-1.912387,-2.818508,-0.019352,0.519220,0.050154,0.209269,11.032612
64930853339,-2.647261,-2.886967,0.059397,0.369420,-0.002413,0.334257,11.341245
65030900879,-1.142922,-2.192255,0.421611,0.842899,0.083753,0.546606,11.510936
65130948419,-0.770825,-2.030221,-0.546687,0.700964,0.160080,0.401894,11.428430
65230995959,2.885809,1.435349,-0.458447,0.638823,0.053912,0.372616,11.486287
65331043498,-2.848340,-1.499370,-0.901540,0.625157,-0.013185,0.307980,11.450940
65431091038,6.757845,3.015027,-0.179130,-0.281451,0.008539,-0.244972,11.371739
65531138578,4.922970,3.145835,0.112489,-0.069053,0.065157,-0.207584,11.535347
65631186118,7.031769,4.134881,-0.544696,-1.296116,0.108936,-0.693373,11.605891
65731233658,2.527811,0.563997,-2.036347,-0.866028,0.034809,-0.502928,11.700443
65831281198,-0.276421,-1.455380,-3.344603,-0.777410,-0.079926,-0.565423,12.056391
65931328737,8.830850,4.891889,-2.087002,-0.804924,0.077586,-0.420848,12.383494
66031376277,-1.960623,-2.987686,0.272586,0.696394,0.197892,0.320507,12.147221
66131423817,-0.027645,-5.217155,1.704553,0.019269,-0.093846,-0.038608,12.081833
66231471357,-1.251386,-0.995716,2.141785,0.434757,-0.274253,0.133936,12.489725
66331518897,1.405115,0.861559,0.445300,0.108086,-0.020607,0.009775,12.646099
66431566436,1.398865,-0.930353,0.580781,0.283239,0.185702,0.163860,12.801476
66531613976,0.764410,-1.721301,-1.009425,0.098146,0.197770,0.048889,12.896051
66631661516,0.066634,-1.716328,-1.733944,0.245494,0.057527,0.007493,12.827714
66731709056,0.677623,-0.369840,0.780822,0.068095,-0.236819,-0.197114,13.074178
66831756596,1.880164,-0.157862,0.649031,0.049760,-0.095538,-0.180705,13.239097
66931804135,-2.074278,-1.287253,0.040360,-0.006840,0.042467,-0.115064,13.266027
67031851675,-0.672912,-0.537721,0.085594,-0.545658,-0.088614,-0.328768,13.311910
67131899215,4.001582,1.928196,-0.935844,-0.276635,0.257823,-0.052886,13.089872
67231946755,4.282126,0.868148,0.507611,-0.716228,0.015401,-0.340801,12.883388
67331994295,4.098681,1.844897,0.376538,-0.566850,-0.160687,-0.374703,13.016646
67432041835,0.991484,-1.435873,-0.334182,-0.474756,-0.165300,-0.216743,13.311803
67532089374,2.025577,-0.533450,-0.793676,-0.365676,0.042111,-0.006734,13.527012
67632136914,-7.265850,-1.143250,0.756718,0.684571,0.153545,0.403861,13.764061
67732184454,-4.463668,-3.696648,-0.407170,0.141569,0.155856,0.063565,13.611834
67832231994,-3.214316,-3.253768,0.170768,0.461248,0.060494,0.190935,13.327639
67932279534,-1.044551,3.819788,0.500105,0.541039,-0.130018,0.348753,13.106557
68032327073,2.323666,6.921718,0.002952,0.873805,-0.076437,0.570189,12.712934
68132374613,-0.292245,1.904540,0.123566,0.370320,-0.246182,-0.183611,12.556568
68232422153,1.704371,1.348060,-0.317864,0.330416,-0.150394,-0.216191,12.598705
68332469693,1.786291,5.458106,1.086948,0.440343,-0.077187,-0.075569,12.485751
68432517233,3.272316,4.762969,2.337667,-0.585556,-0.224933,-0.631982,12.591797
68532564772,-7.099713,-4.300156,-0.268266,-0.092693,0.165495,-0.372788,12.449597
68632612312,-9.794734,-3.942198,2.257143,-1.211151,0.134778,-0.743630,12.331987
68732659852,-0.535670,-1.404217,0.469048,-0.462363,0.353856,-0.300225,12.565122
68832707392,1.332834,-1.106895,-0.594053,-0.002177,0.245127,-0.130133,12.720194
68932754932,1.470665,-1.957885,-1.244075,0.372276,0.025352,0.022248,12.828193
69032802472,-0.793697,-3.691615,0.293041,0.313804,0.004302,0.049936,12.604968
69132850011,-5.928638,-1.413938,3.569769,0.494459,-0.116359,0.259963,12.767075
69232897551,-0.290254,6.915958,1.165024,-0.346511,0.036091,-0.068183,12.712896
69332945091,2.002804,5.828157,0.806444,-0.413137,-0.137217,-0.244018,12.663912
69432992631,-6.435642,-0.366713,-1.821155,-0.074402,0.097909,0.027655,12.211695
69533040171,-3.023624,2.222810,-1.369369,-0.265964,-0.001892,-0.327635,11.945421
69633087710,-5.436209,1.899741,-0.858081,0.547096,0.055894,0.373240,11.887290
69733135250,0.315424,4.129142,-1.853377,0.276881,0.180571,0.204419,11.669074
69833182790,1.828895,3.959202,-0.357388,0.609524,0.006975,0.457903,11.177668
69933230330,-2.612849,1.648034,-0.337792,0.591265,-0.154468,0.185634,10.453332
70033277870,2.165887,2.560992,-0.075318,-0.204819,-0.074296,-0.108126,9.863148
70133325410,1.592716,3.199249,-1.077359,0.063279,-0.004317,-0.041471,9.497812
70233372949,-0.326609,4.567066,-1.460161,-0.516443,-0.092089,-0.291316,9.274520
70333420489,1.034529,4.098152,-1.590635,-0.115833,0.070620,-0.309292,9.276434
70433468029,-2.273721,3.804598,-0.595519,0.342287,0.231218,0.101758,8.941689
70533515569,2.297518,6.503963,0.136423,0.288778,0.091991,0.085871,8.552521
70633563109,-1.669754,3.563092,0.202736,0.130110,-0.095160,-0.104993,8.031796
70733610648,5.273698,-3.531229,-1.084382,-0.324390,0.020413,-0.377493,7.704126
70833658188,2.529708,2.894048,1.184972,-0.342615,0.085326,-0.215217,7.376754
70933705728,-5.999647,2.995674,1.255815,-1.603578,0.099298,-0.679061,7.325630
71033753268,0.641828,1.089079,0.119539,-1.067330,0.200773,-0.440722,7.140495
71133800808,-9.112113,3.447248,1.031747,0.118368,0.033007,0.035368,6.489437
71233848347,-4.604482,3.213296,0.489693,-0.090665,-0.053439,0.036085,5.754580
71333895887,-2.548606,2.226439,0.633178,0.582211,0.032907,0.385347,5.401727
71433943427,1.684149,3.039719,-0.980909,0.433702,0.142474,0.367652,5.399126
71533990967,5.551413,3.313934,-0.238502,0.793187,0.158171,0.588116,5.126755
71634038507,2.725909,2.341117,-0.171390,0.687915,-0.003557,0.445807,5.106844
71734086047,2.506819,1.678449,-0.360452,0.625503,-0.011452,0.314326,4.945859
71834133586,-2.239762,2.778519,0.675959,0.677438,-0.044358,0.376740,4.906384
71934181126,-0.347110,3.040203,-0.461972,0.435213,0.019336,0.315277,4.588628
72034228666,-3.761323,2.952559,-0.025871,0.531220,0.040318,0.352937,4.406764
72134276206,-0.636452,2.147812,-0.310740,0.264875,0.062829,0.167655,4.349526
72234323746,-4.239971,1.627008,-0.292614,0.259682,0.016837,0.063496,4.020836
72334371285,-0.252991,0.802915,-0.138235,-0.248640,-0.073276,-0.152923,3.489520
72434418825,-2.505448,1.893474,0.215065,-0.039991,0.000099,-0.050667,3.440787
72534466365,-0.469924,1.714525,-0.407583,-0.246831,-0.012433,-0.105606,3.701729
72634513905,1.520310,1.168571,-0.426839,-0.145953,0.038601,-0.029171,3.443722
72734561445,-0.008111,0.585344,-0.500700,-0.205686,0.020771,-0.145401,3.409996
72834608985,0.136977,0.076479,0.007942,-0.139833,-0.008667,-0.136298,3.305491
72934656524,-0.370749,-0.141500,-0.038293,-0.136722,0.009302,-0.137115,3.193924
73034704064,0.699809,0.665120,-0.377391,-0.099226,-0.010958,-0.059304,2.859350
73134751604,0.101397,1.086642,-0.391037,-0.058395,0.039871,0.042290,3.134087
73234799144,-0.593185,-1.053670,-0.266030,-0.122615,0.090081,0.054927,3.404143
73334846684,-0.873290,-0.368797,-0.280735,-0.055796,0.042955,0.023857,3.334680
73434894223,1.099378,0.686649,-0.093227,-0.013378,-0.079524,-0.040675,2.967180
73534941763,-0.291683,0.051565,-0.017852,0.139505,-0.025505,0.055206,2.862185
73634989303,-0.779331,0.178430,-0.103783,0.054928,0.114379,0.140130,2.815346
73735036843,-0.073512,1.283905,-0.630631,0.142896,0.044961,0.095769,2.687544
73835084383,0.431472,2.470246,-0.186637,0.128426,-0.066927,0.031370,2.489026
73935131922,-0.303067,1.084860,-0.991413,0.106925,-0.059775,0.048297,2.207561
74035179462,-0.816899,0.952903,-0.787539,0.088157,0.040600,0.089314,2.064385
74135227002,0.634172,0.758674,0.060017,0.005902,0.050809,0.010833,2.030733
74235274542,0.393766,0.334046,0.152927,0.043646,0.040449,0.042477,1.929873
74335322082,0.411299,0.620161,0.160363,-0.037956,0.001113,-0.013314,1.894628
74435369622,-0.268652,0.834379,-0.214018,-0.020998,0.010704,0.011179,1.890604
74535417161,-0.281102,0.687482,-0.192224,-0.055517,0.034370,-0.030928,1.997128
74635464701,0.129506,0.378235,-0.262240,-0.086493,0.028001,-0.035655,1.639764
74735512241,-0.143277,0.142887,-0.037988,-0.109554,0.007072,-0.036237,1.591432
74835559781,0.053921,0.652490,0.292753,-0.044899,-0.038246,-0.033295,1.667631
74935607321,-1.090502,0.332080,-0.208357,0.053416,0.048094,0.057857,1.612238
75035654860,0.673922,0.245294,-0.508262,0.037788,0.063208,0.071619,1.904083
75135702400,1.583095,0.786419,-0.163687,0.168972,0.027956,0.136406,1.644899
75235749940,0.896798,0.467744,-0.005622,0.120566,0.022728,0.032019,1.443197
75335797480,1.089987,0.253596,-0.276715,0.114154,0.064781,0.078488,1.513170
75435845020,0.275682,0.129398,-0.167558,0.113145,0.081437,0.093493,1.575688
75535892560,-0.469808,0.505150,-0.093139,0.137487,0.072767,0.097549,1.401021
75635940099,-1.303563,0.623523,0.099341,0.134512,0.073525,0.092379,1.282965
75735987639,0.059067,0.446724,0.355114,0.060579,0.045099,0.031394,1.284264
75836035179,0.194598,0.291937,-0.189841,0.086585,0.017987,0.044797,1.190394
75936082719,1.122897,0.393226,-0.533273,-0.014881,0.012903,0.020316,1.195310
76036130259,0.659678,0.860434,0.027826,0.022193,0.006462,0.042974,1.192987
76136177798,0.150112,0.622442,0.150926,-0.034928,0.028030,0.022758,0.884432
76236225338,-0.225853,0.691519,-0.235992,-0.031135,0.028381,0.016481,0.877484
76336272878,0.061012,0.711377,-0.300957,-0.061584,-0.002020,-0.021754,0.812500
76436320418,0.131739,0.719900,-0.272548,-0.050111,-0.015583,-0.051779,0.581108
76536367958,0.468364,0.745559,-0.154951,-0.069393,-0.005715,-0.038995,0.379825
76636415497,0.844856,0.662766,-0.237637,-0.041950,0.014907,-0.021907,0.315622
76736463037,0.771362,0.934628,-0.393220,-0.043944,0.005272,-0.006017,0.115363
76836510577,0.560381,1.236015,-0.346260,-0.037561,-0.009849,0.002597,0.092339
76936558117,0.058831,1.284949,-0.213046,-0.022364,-0.006343,-0.005477,0.168512
77036605657,0.225118,1.210967,-0.255134,-0.030127,0.001348,-0.002917,0.149250
77136653197,0.159535,1.241372,-0.301863,-0.021943,0.008022,-0.007602,0.081820
77236700736,0.154176,0.247651,-0.251607,-0.016914,0.008048,-0.006162,0.100418
77336748276,-0.157262,-0.877363,-0.090424,0.007230,0.014638,0.002686,0.090194
77436795816,0.199928,-0.483792,0.235214,0.007657,0.006528,0.009840,0.068056
77536843356,0.348642,-0.310090,0.145245,0.038525,0.000028,0.011824,0.075424
77636890896,0.191155,-0.550317,-0.117669,0.012347,-0.002013,0.012199,0.080267
77736938435,0.085992,-0.314034,-0.068965,0.013658,-0.004128,0.011943,0.058120
77836985975,0.013869,-0.351909,-0.021371,0.014060,0.001355,0.006720,0.050042
77937033515,0.017806,-0.484552,-0.016075,0.007828,0.008681,0.013018,0.055669
78037081055,0.077130,-0.380836,-0.025323,0.006530,-0.000300,0.014186,0.049120
78137128595,0.170713,-0.489266,-0.027737,0.007904,-0.003703,0.009161,0.053120
78237176135,0.111832,-0.487894,-0.015981,0.009624,-0.004626,0.000642,0.041756
78337223674,0.136405,-0.367596,0.008844,0.016464,0.001001,-0.001843,0.034833
78437271214,-0.090685,-0.491652,-0.009605,0.001248,0.001193,0.007138,0.039248
78537318754,-0.116793,-0.588747,-0.051340,-0.022252,-0.004927,-0.005902,0.036422
78637366294,-0.100824,-0.425470,-0.029239,-0.014998,-0.002358,-0.000865,0.029886
78737413834,0.030571,-0.448485,-0.007706,-0.009143,0.002163,-0.012677,0.024395
78837461373,0.104191,-0.647811,-0.074411,-0.007284,0.008417,-0.003276,0.033855
78937508913,0.046938,-0.494487,-0.021213,-0.007072,-0.000416,-0.000878,0.028194
79037556453,0.121778,-0.439908,0.010422,-0.012706,-0.009586,-0.006064,0.018189
79137603993,-0.038387,-0.537224,-0.026099,0.002534,-0.007135,-0.009191,0.012362
79237651533,0.036705,-0.608814,0.005028,-0.001265,-0.000605,0.001720,0.012637
79337699072,0.147245,-0.569149,-0.020365,-0.002244,-0.004430,0.006306,0.013515
79437746612,0.122189,-0.578328,-0.006123,-0.011881,-0.002534,-0.001034,0.013385
79537794152,0.039907,-0.624037,-0.004392,-0.007513,-0.000769,0.005618,0.008889
79637841692,0.116295,-0.553109,-0.006919,-0.000011,0.000742,0.008616,0.012358
79737889232,0.008174,-0.516184,0.001968,0.026454,-0.003163,0.006102,0.019213
79837936772,-0.030646,-0.528052,0.002021,0.034019,-0.004807,0.005194,0.020268
79937984311,0.102831,-0.515890,-0.022044,0.025236,0.000076,0.005130,0.023109
80038031851,0.030311,-0.526926,0.005870,0.014674,0.000180,0.003787,0.030740
80138079391,0.013522,-0.602948,-0.009511,0.001696,-0.004418,0.003230,0.025069
80238126931,0.093531,-0.485469,-0.005161,-0.009019,-0.001246,-0.002546,0.011665
80338174471,0.066111,-0.537719,-0.022954,-0.001674,-0.002947,-0.001925,0.010707
80438222010,-0.159233,-0.595885,-0.021087,0.006789,-0.002541,-0.002875,0.014575
80538269550,-0.102940,-0.591864,-0.027048,0.004307,-0.004141,-0.012718,0.010912
80638317090,-0.038774,-0.579973,-0.036300,0.009964,-0.002127,-0.006218,0.008027
80738364630,0.005902,-0.621524,0.023885,0.005859,0.006897,-0.008097,0.008767
80838412170,0.024050,-0.680143,-0.049117,-0.011491,0.013632,0.001460,0.007668
80938459710,0.090621,-0.617638,-0.035297,-0.028624,0.000576,-0.007072,0.011197
81038507249,0.007648,-0.595298,0.000132,-0.019356,-0.008793,-0.006736,0.016525
81138554789,-0.081343,-0.654287,-0.042986,-0.010238,-0.004346,-0.010782,0.016984
81238602329,0.048607,-0.668635,-0.039361,-0.000441,0.002104,-0.007357,0.003363
81338649869,0.033050,-0.728094,-0.039822,-0.032847,0.028520,-0.023682,0.009306
81438697409,-0.066281,-0.859282,-0.087810,-0.095477,0.050411,-0.024698,0.017248
81538744948,-0.173107,-0.595458,-0.058810,-0.036032,0.014158,-0.002139,0.023889
81638792488,0.293655,-0.687532,-0.037672,-0.045160,0.001479,-0.022085,0.026260
81738840028,-0.024692,-0.663024,-0.104161,-0.022763,-0.007006,-0.002710,0.022664
81838887568,0.023740,-0.618190,-0.086510,-0.027605,0.010942,-0.014448,0.009923
81938935108,0.032412,-0.549633,-0.032160,0.009492,0.003341,-0.005711,0.010002
82038982647,0.175211,-0.651391,-0.038914,0.009012,0.013764,-0.000314,0.012622
82139030187,0.253280,-0.709362,-0.088083,-0.001794,-0.000392,0.002772,0.009993
82239077727,0.121664,-0.565281,-0.054045,0.029869,0.000521,0.005854,0.006619
82339125267,0.259592,-0.661092,-0.075065,0.060788,-0.005132,0.022207,0.005242
82439172807,0.177273,-0.600634,-0.042090,0.009975,0.005729,0.005905,0.009765
82539220347,-0.018912,-0.439930,0.108206,0.020648,-0.012545,-0.000222,0.025644
82639267886,0.009986,-0.298201,0.186129,0.035392,-0.014075,-0.000081,0.032948
82739315426,0.638443,0.243862,-0.239826,-0.027165,0.011479,-0.002450,0.024452
82839362966,0.603173,0.478752,-0.547947,-0.012859,0.017336,0.027343,0.015827
82939410506,0.252469,-0.763057,-0.159450,0.071495,-0.004735,0.039337,0.024029
83039458046,0.597119,-0.903686,-0.162263,0.058647,0.032598,0.027064,0.035997
83139505585,1.052674,-0.829925,-0.053200,0.086778,0.004550,0.020181,0.020816
83239553125,-0.666345,-0.238097,-0.015508,0.072160,-0.007996,0.048350,0.020396
83339600665,-1.284467,0.352226,-0.259038,-0.083195,-0.022716,-0.039402,0.024964
83439648205,-0.827764,0.454204,-0.204598,-0.065172,-0.030116,-0.016083,0.021614
83539695745,0.156253,-0.670451,0.004520,-0.150907,0.013345,-0.064211,0.028168
83639743285,0.619586,-0.684445,-0.081304,-0.082931,0.013473,-0.046113,0.036129
83739790824,-0.811901,-0.357747,-0.130875,0.023831,0.013991,0.009924,0.032718
83839838364,-0.562688,-0.355748,-0.091576,0.023919,0.010758,0.012680,0.027138
83939885904,0.195849,-0.628500,0.094813,-0.042164,0.021705,-0.004264,0.018163
84039933444,0.127119,-0.582153,0.175660,0.026455,0.041356,0.021743,0.017227
84139980984,0.077179,-0.492914,-0.070479,0.024413,0.023340,0.010918,0.014610
84240028523,-0.363311,-0.428367,-0.125697,0.066955,0.011186,0.021435,0.016166
84340076063,-0.202778,-0.097945,0.111923,0.049165,0.006800,-0.008836,0.014555
84440123603,-0.506238,-0.095789,0.088673,-0.022392,0.008186,-0.006934,0.011883
84540171143,0.130570,-0.551403,-0.113903,-0.084367,-0.012917,-0.040018,0.007327
84640218683,1.483063,-0.625700,0.295362,-0.102577,-0.058326,0.000290,0.004218
84740266222,1.155836,-0.811967,0.264184,-0.013898,-0.063270,0.028823,0.004621
84840313762,-0.741991,-0.427418,-0.149745,0.058013,0.018305,-0.020354,0.010192
84940361302,-0.397965,-0.249485,-0.035930,-0.108681,0.034375,-0.056645,0.023857
85040408842,0.042782,-0.368534,-0.026134,-0.029049,0.018795,-0.011636,0.028077
85140456382,-0.174479,-0.485128,-0.137298,0.018527,0.014222,0.013852,0.016236
85240503922,0.106513,-0.480974,-0.157943,0.024774,0.032250,0.037435,0.017268
85340551461,-0.002818,-0.437732,-0.068619,0.065072,0.016521,0.049990,0.022194
85440599001,-0.445775,-0.394333,-0.083488,0.072714,0.002972,0.014698,0.027051
85540646541,-0.252762,-0.396587,-0.123334,0.035138,-0.004065,-0.000987,0.015353
85640694081,-0.337922,-0.382984,-0.088412,0.026279,0.002991,0.007916,0.009770
85740741621,2.065286,-0.506585,0.189309,-0.234179,-0.052705,-0.161330,0.020453
85840789160,2.181629,-0.099097,0.437748,-0.376955,-0.110980,-0.271918,0.032833
85940836700,0.531649,-0.303088,0.052678,-0.297541,-0.032919,-0.164036,0.029231
86040884240,2.247672,-0.951644,-0.088961,-0.151567,0.035381,-0.073449,0.015216
86140931780,0.993439,-0.329916,0.192719,0.137098,0.022422,0.054008,0.010202
86240979320,1.086257,-0.512323,0.034135,0.075295,-0.004645,0.024426,0.015036
86341026859,-0.562440,-0.290558,-0.053555,0.161313,0.011067,0.072713,0.019786
86441074399,-1.278221,-0.969906,0.349359,0.122445,0.033659,0.069393,0.026668
86541121939,-0.463667,-1.341414,0.520417,0.079368,0.045945,0.048456,0.029808
86641169479,0.033094,-0.338436,-0.135221,-0.019825,-0.016141,0.001875,0.013774
86741217019,-1.271166,-0.275843,-0.173653,0.150754,-0.017264,0.072646,0.017823
86841264559,-0.809536,-0.045075,0.037779,0.128567,0.015450,0.091335,0.010684
86941312098,1.494010,-0.584234,0.004652,-0.001001,0.004958,0.021403,0.013479
87041359638,0.901643,-1.447988,0.194660,0.064021,-0.060088,0.005985,0.014256
87141407178,0.651651,-1.754577,0.418512,-0.046221,-0.098400,-0.038670,0.004846
87241454718,-0.119740,-0.580931,-0.114785,0.014873,0.017205,-0.002654,0.021710
87341502258,0.091564,-0.219586,0.064894,-0.013090,0.009864,0.007226,0.034798
87441549797,0.238060,-0.422960,0.027018,-0.020698,0.011755,-0.009458,0.014034
87541597337,-0.060382,-0.293146,0.054841,0.005531,0.004938,0.004902,0.010187
87641644877,0.065041,-0.108089,0.065057,0.044722,-0.019750,0.011036,0.006807
87741692417,0.160552,-0.345191,-0.019924,0.020520,-0.003947,0.006251,0.004352
87841739957,-0.512629,-0.400321,-0.055656,0.021764,0.014466,0.019935,0.022160
87941787497,-0.293883,-0.233590,0.051608,-0.002733,0.003871,-0.014660,0.052379
88041835036,-0.253012,-0.267334,-0.019780,0.004630,-0.005968,-0.016396,0.085282
88141882576,0.097902,-0.488740,-0.026791,-0.033915,0.002303,-0.023353,0.073283
88241930116,0.254080,-0.515865,-0.053797,-0.039146,0.010131,-0.000240,0.029684
88341977656,0.241910,-0.411376,-0.027841,-0.059579,-0.001469,-0.020829,0.033507
88442025196,-0.078493,-0.339950,-0.001587,-0.042126,-0.012062,-0.021311,0.009866
88542072735,-0.242781,-0.427005,-0.074239,-0.042023,-0.007088,-0.024996,0.024048
88642120275,-0.108352,-0.419837,-0.035624,-0.029454,0.000288,-0.016462,0.026593
88742167815,-0.199406,-0.345837,-0.010171,-0.012073,0.003245,-0.014449,0.016740
88842215355,-0.033912,-0.452680,-0.056774,-0.020290,0.008797,-0.008333,0.010690
88942262895,-0.044629,-0.402152,-0.049491,-0.023627,0.006426,-0.006229,0.017887
89042310434,0.143213,-0.317840,-0.030673,-0.026699,0.004023,-0.000663,0.014177
89142357974,0.087483,-0.336181,-0.029321,-0.014927,-0.000930,0.004760,0.012585
89242405514,0.103627,-0.311953,-0.039076,-0.002266,-0.006793,-0.005507,0.017010
89342453054,-0.073303,-0.236707,-0.024503,0.017122,-0.002138,0.001203,0.034148
89442500594,-0.099068,-0.344622,-0.046346,0.011179,0.006459,0.003765,0.039555
89542548134,-0.025930,-0.381615,-0.058942,0.004739,0.008911,0.006831,0.027583
89642595673,-0.045666,-0.325056,-0.027015,-0.002970,0.001599,0.005764,0.018425
89742643213,-0.118816,-0.239720,-0.008426,-0.002689,-0.000300,0.005234,0.017605
89842690753,-0.094162,-0.232371,-0.021295,0.008419,-0.001989,0.008100,0.031944
89942738293,-0.089998,-0.342042,-0.015552,0.025408,-0.000496,0.000497,0.026840
90042785833,-0.250118,-0.111769,-0.002485,-0.010487,0.003437,-0.014344,0.015246
90142833372,-0.278850,-0.043956,-0.013213,-0.032846,0.004642,-0.015001,0.005557
90242880912,-0.133372,-0.286151,-0.007393,-0.003605,-0.001731,0.005723,0.010521
90342928452,-0.144041,-0.180807,0.001697,-0.006906,0.007229,0.003931,0.013635
90442975992,-0.064606,-0.247036,-0.065319,-0.007835,0.008878,-0.000455,0.003260
90543023532,-0.041344,-0.358716,-0.108371,-0.002951,0.002979,-0.011863,0.010413
90643071072,-0.283420,-0.188629,-0.034971,-0.017940,0.000932,-0.012113,0.012163
90743118611,-0.295797,-0.112765,0.051373,-0.050938,0.012906,-0.013865,0.006106
90843166151,-0.217377,-0.293318,-0.022313,-0.047304,0.013340,0.002483,0.006679
90943213691,-0.109416,-0.202669,-0.014480,-0.045077,-0.009573,-0.015524,0.023173
91043261231,0.146025,-0.075668,0.119639,-0.002703,-0.022008,-0.005639,0.038099
91143308771,-0.207041,-0.275460,0.012631,0.049276,0.002716,0.016043,0.023552
91243356310,-0.368157,-0.184067,-0.061391,0.020424,0.013626,0.003364,0.008462
91343403850,-0.354227,-0.118324,-0.062080,0.005255,0.004963,-0.009642,0.012355
91443451390,-0.317688,-0.158656,-0.021614,-0.001417,0.004944,0.003402,0.032807
91543498930,0.223918,-0.209313,0.035165,-0.039782,0.009791,-0.010212,0.036916
91643546470,0.401012,-0.496999,-0.110641,-0.049024,0.001239,-0.008100,0.022679
91743594009,0.131056,-0.386651,-0.109878,-0.041500,0.005513,-0.009496,0.021474
91843641549,-0.728062,-0.106986,-0.075492,-0.037513,-0.005993,-0.036556,0.024611
91943689089,-0.992416,-0.305295,-0.187268,-0.096261,-0.011295,-0.069815,0.026235
92043736629,-0.596475,-0.147483,-0.078254,-0.068204,0.030399,-0.020532,0.017814
92143784169,0.022590,-0.126950,0.045806,-0.093522,0.010205,-0.048686,0.010851
92243831709,0.383922,-0.188528,0.044423,-0.076850,-0.025367,-0.050005,0.011944
92343879248,0.228119,-0.164427,-0.003062,-0.090486,-0.015380,-0.042545,0.008897
92443926788,0.299679,-0.187080,0.009726,-0.061527,0.001995,-0.023888,0.012077
92543974328,0.047655,-0.123369,0.056628,-0.019503,0.000857,-0.013745,0.031616
92644021868,0.167403,-0.158941,-0.006865,-0.003518,-0.008924,-0.014866,0.034484
92744069408,-0.290456,-0.128088,-0.028445,0.030853,0.000384,0.001860,0.024171
92844116947,-0.029219,-0.112067,0.010385,0.018227,0.008524,0.008221,0.024502
92944164487,0.278528,-0.115549,0.045341,0.020491,0.010522,0.019995,0.016933
93044212027,0.215508,-0.250827,0.012358,0.010005,0.002132,0.013703,0.015266
93144259567,-0.125067,-0.184740,-0.039803,0.027980,-0.001202,0.021412,0.018056
93244307107,-0.237357,-0.033654,-0.011103,0.031157,-0.011957,0.012998,0.013133
93344354647,-0.148246,-0.145895,-0.022302,0.038814,-0.010063,0.011793,0.013598
93444402186,-0.145589,-0.185733,-0.027988,0.030380,0.002044,0.008856,0.021944
93544449726,-0.000598,-0.096263,-0.004962,0.028793,0.003983,0.003781,0.019722
93644497266,-0.034933,-0.112531,-0.047136,0.015738,0.000946,-0.001505,0.010764
93744544806,0.018825,-0.213554,-0.024521,-0.003617,0.003335,-0.002139,0.005283
93844592346,-0.144302,-0.126416,-0.016086,0.004235,0.008514,0.016730,0.011152
93944639885,-0.126630,-0.064714,-0.063596,0.004692,0.002776,-0.003483,0.015496
94044687425,0.017838,-0.076792,-0.047474,0.007986,0.000426,-0.010425,0.014746
94144734965,-0.066505,-0.134658,-0.053164,0.017016,0.006434,0.007856,0.012186
94244782505,-0.114876,-0.179046,-0.038090,0.005746,0.003835,0.007357,0.010614
94344830045,0.014092,-0.113607,-0.021542,-0.005019,0.000932,0.011891,0.007758
94444877584,0.017520,-0.240503,-0.065245,-0.005076,0.002900,0.010850,0.013976
94544925124,0.028629,-0.199851,-0.055490,-0.000782,0.000460,0.007944,0.019135
94644972664,0.014380,-0.122317,-0.013943,0.019858,-0.008394,0.008676,0.018316
94745020204,-0.146275,-0.234488,-0.044291,0.023665,-0.009021,-0.001823,0.026987
94845067744,-0.308055,-0.226541,-0.066201,0.017984,-0.002617,-0.001161,0.031185
94945115284,-0.227776,-0.121967,-0.062231,0.017391,0.001534,0.010466,0.029611
95045162823,-0.155390,-0.239329,-0.095543,0.018858,-0.001268,0.014112,0.018539
95145210363,-0.575219,-0.094702,-0.002329,0.019815,-0.010521,0.008873,0.012553
95245257903,-0.376100,-0.021551,0.018687,-0.016061,-0.004798,0.003797,0.016470
95345305443,-0.305368,-0.242610,-0.121703,-0.003236,0.006178,0.014536,0.022448
95445352983,-0.307911,-0.208320,-0.048363,0.026771,-0.000188,0.008529,0.016253
95545400522,0.226149,-0.061175,-0.006188,0.032533,-0.011089,-0.002993,0.008434
95645448062,0.295297,-0.094712,-0.063189,0.043325,0.005306,0.017932,0.012550
95745495602,0.180418,-0.168085,-0.044481,0.019644,0.014726,0.015075,0.016565
95845543142,-0.013577,-0.139723,-0.038006,0.017465,0.003284,0.020553,0.016997
95945590682,-0.093616,-0.047071,-0.011460,0.005436,-0.010141,0.004417,0.020335
96045638222,-0.036866,-0.076372,-0.029854,0.007673,-0.004707,0.006619,0.018492
96145685761,-0.128608,-0.197945,-0.055668,0.014972,-0.002831,0.007185,0.013944
96245733301,-0.109287,-0.239459,-0.003444,0.011792,-0.009849,0.003079,0.018684
96345780841,0.048308,-0.369727,-0.153791,-0.043181,-0.033572,-0.030181,0.018477
96445828381,0.871991,-0.435733,-0.185275,-0.071228,-0.025345,-0.057465,0.017129
96545875921,0.990507,-0.220946,0.004702,-0.070635,0.005863,-0.038306,0.016465
96645923460,0.544659,-0.259765,0.008617,-0.105801,0.003109,-0.059647,0.024670
96745971000,0.062581,-0.226282,-0.081735,-0.069292,0.004096,-0.037100,0.035049
96846018540,0.004395,0.016957,-0.042721,-0.089166,-0.010864,-0.044662,0.022854
96946066080,0.144536,-0.085774,0.190953,-0.081686,0.040314,-0.064527,0.016648
97046113620,-0.376269,-0.116898,0.127087,-0.033225,0.061708,0.003015,0.013207
97146161159,-0.041052,-0.058106,-0.047039,0.007648,0.006495,0.011330,0.006880
97246208699,-0.021580,-0.198036,-0.251989,0.035840,-0.029913,0.000666,0.009774
97346256239,0.031673,-0.065621,-0.084215,0.025259,-0.052172,0.000696,0.017989
97446303779,-0.000993,-0.035289,0.040501,0.011598,0.001283,0.015967,0.023504
97546351319,-0.125164,0.001212,-0.041862,0.005943,0.028057,0.032362,0.025446
97646398859,0.068165,0.142622,0.091101,0.014997,-0.005443,0.003911,0.018889
97746446398,0.104138,0.130768,0.069991,0.010478,-0.031008,-0.006085,0.024953
97846493938,0.051249,0.127525,-0.005010,-0.008762,-0.000043,-0.000119,0.022258
97946541478,-0.047734,0.122302,-0.085069,-0.011554,0.024011,0.010779,0.015248
98046589018,-0.086657,0.143099,0.057075,-0.011490,0.006309,0.002120,0.047953
98146636558,-0.190507,-0.163562,-0.014156,0.002062,-0.017574,-0.008316,0.108500
98246684097,-0.138177,-0.230554,0.028584,-0.001832,-0.011395,-0.008604,0.196613
98346731637,0.227488,1.153275,-0.253920,-0.007438,-0.027391,-0.007245,0.333862
98446779177,0.132776,0.998857,-0.226374,-0.001797,-0.055509,-0.011775,0.468083
98546826717,-0.104729,0.563561,-0.149075,0.007510,-0.021954,-0.014388,0.540479
98646874257,-0.103528,1.416400,-0.401335,0.016014,0.023300,-0.007963,0.604018
98746921797,-0.167124,1.516597,-0.270580,0.015830,0.060947,-0.002005,0.685568
98846969336,-0.376042,0.377255,0.026460,0.021023,0.092420,-0.011762,0.688881
98947016876,-0.967850,-1.910059,0.557755,0.031525,0.077981,0.007694,0.898574
99047064416,-0.333889,0.124430,-0.049278,0.034488,0.031644,-0.004145,1.048727
99147111956,0.045275,1.092648,-0.353496,0.058006,0.000196,-0.022526,0.939512
99247159496,-0.230782,-0.625137,0.166796,0.071888,-0.012078,-0.007509,1.043711
99347207035,0.155365,1.051032,-0.201810,0.143046,0.026996,0.000144,1.209802
99447254575,-0.613271,2.128066,-0.412599,0.236774,0.082459,0.041364,1.206458
99547302115,-0.654619,1.414735,-0.414264,0.225852,0.072180,0.031563,1.180959
99647349655,-0.037821,1.000266,-0.178862,0.227387,-0.027942,-0.018854,1.239168
99747397195,0.105350,0.431622,0.039776,0.247334,-0.070116,-0.049854,0.982634
99847444734,0.538843,0.927690,-0.298343,0.263220,0.000182,-0.036009,0.786877
99947492274,0.349556,-0.571254,0.202495,0.242068,0.054444,-0.016890,0.697077
100047539814,0.496163,-1.148959,0.180632,0.232748,0.048624,0.006164,0.581242
100147587354,0.745422,-1.460558,-0.022166,0.185548,0.021364,-0.013747,0.492292
100247634894,0.709689,-1.006277,0.015931,0.137277,0.002082,-0.032370,0.243058
100347682434,-0.165385,-1.049023,0.258621,0.119627,0.002599,-0.005928,0.152848
100447729973,-0.248430,-1.493818,0.345193,0.050154,0.004874,-0.025045,0.109206
100547777513,-0.279975,-1.626540,0.260189,0.040958,-0.009584,-0.014385,0.092682
100647825053,-0.049496,-1.453804,0.188963,0.009457,-0.020505,-0.013418,0.154723
100747872593,0.200511,-1.250063,0.192399,-0.005670,-0.015195,-0.006011,0.160529
100847920133,0.040935,-0.952189,0.080345,-0.013001,-0.007829,0.005202,0.245433
100947967672,-0.175822,-0.659308,0.013580,-0.018271,-0.012400,0.013132,0.453015
101048015212,-0.223063,-0.682249,0.014390,-0.046794,-0.015090,-0.005420,0.557462
101148062752,0.073099,-0.936445,0.076521,-0.068844,0.002436,-0.013613,0.490538
101248110292,0.123611,-1.151374,0.175583,-0.076851,0.018774,-0.006124,0.575673
101348157832,-0.080399,-1.095549,0.167818,-0.075833,0.007630,0.005937,0.711415
101448205371,-0.112939,-0.973649,0.027513,-0.087796,-0.009175,0.001851,0.599739
101548252911,-0.058444,-0.561071,-0.000594,-0.105490,-0.007083,-0.002545,0.551626
101648300451,-0.143013,-0.171876,0.000186,-0.108395,-0.007329,0.005662,0.435535
101748347991,-0.279778,0.041525,0.070940,-0.089772,-0.001488,0.007149,0.146121
101848395531,-0.734538,-0.182187,0.350627,-0.067097,-0.000068,0.004620,0.182748
101948443071,0.024323,2.647823,-0.421175,-0.038370,0.025708,-0.012406,0.363079
102048490610,0.076680,3.409000,-0.628722,0.000921,0.073870,0.003554,0.498220
102148538150,-1.020951,-0.315979,0.400379,0.019423,0.108492,0.014611,0.513304
102248585690,-0.066336,1.840227,-0.088949,0.046738,0.133757,0.015403,0.640474
102348633230,-0.113728,1.515230,-0.011653,0.086525,0.122781,0.026479,0.736913
102448680770,-1.392322,-2.198624,0.760764,0.121654,0.101554,0.025990,0.755600
102548728309,-0.203928,1.338899,-0.260903,0.120753,0.065080,0.017534,0.949515
102648775849,0.286535,2.660596,-0.470850,0.135731,0.024443,-0.008125,1.004686
102748823389,-0.260439,1.669347,0.011879,0.179270,-0.018378,-0.023193,1.081915
102848870929,-0.567437,0.675298,0.038509,0.222405,-0.064884,-0.007529,1.338288
102948918469,0.510730,1.370913,-0.067166,0.259049,-0.079419,0.008244,1.355501
103048966009,2.110975,4.928565,-0.673631,0.298762,-0.083733,-0.019854,1.092558
103149013548,1.526079,2.197068,-0.635441,0.291747,-0.031461,-0.048505,1.076127
103249061088,1.136578,-0.208524,-0.156721,0.284892,0.039729,-0.009561,0.892633
103349108628,0.499779,-0.281334,0.383322,0.287757,0.034039,0.029489,0.430162
103449156168,-0.174392,-1.591659,0.273475,0.237654,0.039929,0.012434,0.254836
103549203708,0.187209,-3.171190,0.081774,0.177206,0.045825,0.001241,0.118501
103649251247,0.210279,-2.683615,0.052682,0.182582,0.031473,0.052735,0.054597
103749298787,0.099917,-1.512280,0.177220,0.135445,0.003816,0.057706,0.112482
103849346327,0.194504,-1.031318,0.175965,0.069045,-0.017601,0.049679,0.179528
103949393867,-0.004839,-0.923835,-0.071727,0.003609,0.002573,0.018276,0.210074
104049441407,-0.060440,-0.864513,0.029196,-0.035589,0.002819,-0.009547,0.212404
104149488946,-0.511330,-0.301610,0.079189,-0.047540,-0.018718,-0.019726,0.177533
104249536486,-0.238795,0.292499,-0.066273,-0.089310,-0.015939,-0.032083,0.113241
104349584026,0.128628,0.958744,-0.092515,-0.074365,-0.001128,-0.016472,0.075701
104449631566,0.316052,1.149923,-0.058716,-0.072704,-0.006688,-0.012599,0.036686
104549679106,0.361200,1.130769,-0.137348,-0.058496,-0.018965,-0.014530,0.020520
104649726646,0.405685,0.922233,-0.114727,-0.050544,-0.010375,-0.027822,0.033984
104749774185,0.153601,0.374062,-0.013949,-0.037520,0.008934,-0.033504,0.048443
104849821725,-0.115098,0.264067,0.280636,0.006471,-0.001207,0.002622,0.089322
104949869265,0.537108,-0.246054,0.200536,-0.043455,0.006019,-0.035760,0.136910
105049916805,0.552727,-0.557258,-0.072099,-0.004017,0.045670,-0.025134,0.215862
105149964345,0.401332,-0.445904,0.196707,0.080091,0.030257,0.039757,0.331492
105250011884,-0.442519,-0.189749,0.050453,0.088428,0.026216,0.058893,0.470577
105350059424,-0.885624,-0.096496,-0.032272,0.042840,0.047702,0.049883,0.500485
105450106964,-0.845570,-0.166956,0.127657,0.025721,0.018408,0.017502,0.495115
105550154504,-0.790657,-0.309559,0.119048,-0.007540,0.010776,-0.004292,0.671767
105650202044,0.107477,-0.806236,0.014022,-0.050762,0.021418,-0.026324,0.725140
105750249584,0.374787,-0.781521,-0.092344,-0.035841,0.009041,-0.028744,0.742369
105850297123,-0.127280,-0.435491,-0.011352,-0.029677,0.013345,-0.023059,0.833511
105950344663,-1.060707,0.016298,-0.080334,0.009635,0.020180,0.000035,0.893841
106050392203,-1.846652,-1.334334,-0.743725,-0.040113,0.144859,-0.024631,0.982779
106150439743,-1.465737,-1.200686,-0.568638,-0.002047,0.120051,0.108754,1.015534
106250487283,-0.553540,0.004023,-0.272418,0.087492,0.051261,0.023814,0.940270
106350534822,-0.804762,0.105962,-0.550845,0.180806,0.079657,-0.043643,0.924056
106450582362,-0.803991,0.315883,-0.322387,0.229683,0.057201,0.012750,0.950657
106550629902,-0.436590,0.101231,-0.058824,0.264760,0.069599,-0.043498,1.056089
106650677442,-0.379282,0.286888,-0.036369,0.319830,0.065257,0.005764,1.285369
106750724982,0.108817,-0.064534,-0.145560,0.282058,0.071142,-0.022681,1.197346
106850772521,0.116857,0.009497,0.031524,0.285562,0.076534,-0.000634,1.136260
106950820061,0.172424,-0.093410,0.057950,0.249841,0.090289,-0.017883,1.180796
107050867601,-0.086742,0.237294,-0.050282,0.253312,0.071735,-0.011097,1.121694
107150915141,-1.046183,0.844274,-0.093136,0.254700,0.051609,0.007748,1.343823
107250962681,-1.114919,0.774501,-0.096524,0.231840,0.060313,-0.030629,1.303277
107351010221,-0.636421,1.078821,-0.157045,0.225360,0.095123,-0.032941,1.384766
107451057760,-0.366798,0.420873,-0.430404,0.238970,0.107379,-0.057646,1.487329
107551105300,-0.311865,-0.194845,-0.438745,0.279743,0.085469,-0.051134,1.350265
107651152840,-0.571585,0.097738,-0.223350,0.324790,0.074095,0.001306,1.415799
107751200380,-1.106749,0.582427,-0.114429,0.341998,0.075578,0.008051,1.564352
107851247920,-0.909768,1.043184,-0.016646,0.329027,0.051717,-0.014101,1.613545
107951295459,-0.798415,1.042929,-0.166168,0.327126,0.024612,-0.046622,1.562643
108051342999,-0.653700,0.500614,-0.229326,0.321341,0.038382,-0.037864,1.617698
108151390539,-0.335835,0.466935,-0.287868,0.364617,0.068101,-0.000300,1.661987
108251438079,-0.107062,0.838573,-0.283933,0.347888,0.070476,-0.024632,1.895096
108351485619,0.126764,1.537309,-0.221488,0.397327,0.061936,-0.053465,2.018195
108451533159,-1.103609,0.621102,0.046840,0.412761,0.094667,-0.074151,2.007532
108551580698,-0.142378,0.415728,0.167275,0.526899,0.158721,0.021064,2.321742
108651628238,1.504879,1.944333,-0.061386,0.687764,0.165997,0.120357,2.367461
108751675778,-1.452233,0.954105,-0.111714,0.741196,0.136302,0.169887,2.440091
108851723318,-1.966138,-0.128704,-0.012805,0.702252,0.056589,0.079759,2.707040
108951770858,0.299932,-0.661700,-0.022930,0.740431,-0.001332,0.052510,2.756646
109051818397,-0.631989,1.116022,-0.341307,0.859164,0.109571,0.148309,2.878637
109151865937,-1.499047,2.220178,-0.635478,0.777971,0.206152,0.171756,2.953677
109251913477,-0.850305,1.455534,0.081512,0.675332,0.107620,0.094578,3.035120
109351961017,-0.415287,1.836477,-0.015568,0.468736,-0.027736,-0.133579,3.143467
109452008557,-0.337441,2.232017,-0.568416,0.408796,0.005613,-0.061253,3.244348
109552056096,-0.431091,1.420552,-0.632115,0.422816,0.068111,0.048664,3.398891
109652103636,-0.860926,0.476079,-0.624340,0.340569,0.032031,-0.018532,3.534679
109752151176,-0.446989,0.584132,-0.159759,0.291603,0.009052,-0.076909,3.554209
109852198716,-0.138977,-0.090457,-0.018571,0.192894,0.017960,-0.084178,3.601708
109952246256,0.114865,-0.023939,-0.297993,0.241235,0.064162,0.003470,3.803309
110052293796,-0.125657,-0.028926,-0.259992,0.220497,0.101835,0.024755,3.819273
110152341335,-0.751304,1.172441,-0.042659,0.188272,0.084060,0.023651,3.828776
110252388875,-0.418642,1.620437,0.313626,0.193201,0.001905,-0.054641,4.158952
110352436415,-0.180570,0.560122,0.509072,0.186501,-0.041293,-0.077083,4.256829
110452483955,-0.648189,0.410323,-0.346141,0.148340,0.033748,0.021990,4.140863
110552531495,-0.848165,0.154221,-0.395047,0.133439,0.067076,0.087920,4.281010
110652579034,-0.222898,0.196054,0.185685,0.176167,-0.014009,0.077049,4.275239
110752626574,-0.473937,0.510683,0.358868,0.156683,-0.055262,0.030615,4.338769
110852674114,-0.713174,1.173037,-0.078612,0.203855,-0.009492,0.047101,4.709301
110952721654,-1.262162,0.698185,-0.359448,0.163147,0.012405,0.046962,4.864164
111052769194,-1.328130,0.323855,-0.156001,0.140586,-0.003293,0.026507,4.658533
111152816734,-0.596068,-0.116752,-0.398505,0.153330,-0.017103,0.024397,4.724690
111252864273,-0.747109,-0.882464,-0.602948,0.206808,0.003399,0.067347,4.968097
111352911813,-0.870527,-0.566571,-0.086765,0.058652,0.001870,-0.065984,4.999822
111452959353,0.436983,0.159992,0.551788,-0.012721,-0.053468,-0.096459,5.081679
111553006893,-0.130792,-0.121252,0.115301,0.005255,-0.048045,-0.050840,5.075814
111653054433,-1.147665,-0.174013,-0.273708,0.032170,-0.005033,-0.031691,5.183832
111753101972,-0.249117,-0.673611,-0.361725,0.079647,-0.034680,0.022594,5.233164
111853149512,0.012416,-0.287804,-0.346499,0.083662,-0.038788,-0.003462,5.210963
111953197052,-0.085919,1.147912,-0.220371,0.080573,0.016094,-0.018075,5.255666
112053244592,-0.228430,0.550465,-0.069166,0.049899,0.058108,0.031603,5.408954
112153292132,-0.192424,0.046250,0.024722,-0.004265,0.080902,0.010836,5.467775
112253339671,-0.413063,0.153621,-0.192088,-0.005037,0.056040,0.049310,5.366646
112353387211,-0.632377,0.730523,0.240668,0.022990,-0.027916,-0.000608,5.407170
112453434751,-0.194638,0.825276,-0.178840,-0.001992,-0.101737,-0.081713,5.486406
112553482291,-0.213557,0.953838,-0.472898,0.025875,-0.014291,-0.014356,5.589700
112653529831,0.151714,1.705800,0.510415,-0.019581,0.058658,0.005296,5.837380
112753577371,0.439982,0.884698,0.274104,-0.129509,-0.009634,-0.066289,5.853754
112853624910,-0.145518,1.157255,-0.841596,-0.095873,0.016615,-0.031289,5.807088
112953672450,-0.320948,-0.559935,-0.060456,-0.164141,-0.029649,-0.112749,5.979947
113053719990,-0.345996,-0.680917,0.145750,-0.082922,-0.124280,-0.165538,6.055087
113153767530,-1.130931,-0.144948,-0.650809,-0.070566,-0.054477,-0.073901,6.098631
113253815070,-0.919447,0.242593,-0.653882,-0.075226,-0.025092,-0.024894,6.059561
113353862609,-0.190762,0.322804,-0.662569,-0.086666,-0.020392,-0.037965,6.290009
113453910149,0.402445,0.589205,-0.167074,0.032271,0.008377,0.011946,6.409979
113553957689,0.464343,1.517773,0.073245,0.106865,0.067658,0.106103,6.363534
113654005229,-0.859036,-0.382119,-0.108527,0.103850,0.074234,0.155427,6.502996
113754052769,-1.104906,-1.250817,-0.368417,0.233470,-0.063649,0.132046,6.555751
113854100309,-1.788429,-2.521413,-1.067011,0.310583,-0.121860,0.182588,6.685501
113954147848,-1.014281,-0.146509,-0.666345,0.492077,-0.043619,0.287285,6.758684
114054195388,-1.002054,-0.670277,-0.330321,0.230533,0.011153,0.121186,6.700938
114154242928,-0.674398,-0.720122,-0.305160,0.072443,-0.002019,0.057718,6.724119
114254290468,-0.386571,0.764923,-0.390648,0.066839,-0.030937,0.004476,6.822601
114354338008,-0.199056,1.972856,-0.939414,0.113760,-0.020449,0.028199,6.786230
114454385547,0.020536,1.218164,-0.129807,0.001254,0.003684,0.003996,6.710000
114554433087,-0.958699,-1.895619,-0.268736,-0.121639,0.019044,-0.055470,6.755210
114654480627,-1.046576,-2.072456,-1.368746,-0.149457,0.028162,-0.046308,6.880679
114754528167,-1.692025,-2.100587,-0.846532,-0.329283,-0.004405,-0.123257,6.950708
114854575707,-0.812803,0.033643,0.220169,-0.280177,-0.038390,-0.113341,6.974282
114954623246,-0.618369,0.243636,-0.160172,-0.210529,-0.008900,-0.058598,7.077439
115054670786,0.048020,-0.398716,0.087807,-0.056875,0.008522,0.102640,7.081066
115154718326,1.167613,-0.020772,0.322669,-0.005636,0.004886,0.075871,7.158316
115254765866,2.001933,0.245533,-0.714663,-0.153448,-0.071360,-0.060897,7.186701
115354813406,0.175488,-1.143202,-0.594335,-0.268497,-0.013259,-0.126406,7.223582
115454860946,-1.997610,-1.480884,-0.640859,0.064695,0.025109,0.123372,7.434236
115554908485,-0.473693,0.849117,-0.949739,0.410054,0.004166,0.200610,7.293713
115654956025,-0.133769,0.863735,-0.607846,0.180883,0.039836,0.046150,7.378827
115755003565,0.556960,2.259422,0.720880,0.301389,0.020046,0.121809,7.477227
115855051105,0.256968,1.120157,0.174810,0.195291,-0.038696,0.155528,7.543345
115955098645,-0.243910,-0.813972,-0.270412,0.030928,-0.034924,0.038514,7.552452
116055146184,-0.619864,-0.876684,-0.533250,0.048182,-0.049691,0.026489,7.497703
116155193724,-0.393082,-1.965241,-0.365512,-0.051967,-0.083551,-0.014250,7.486789
116255241264,0.022656,0.413949,0.747664,0.156748,-0.129315,-0.010615,7.577526
116355288804,-0.275145,2.854446,0.131441,0.237275,-0.060014,0.074679,7.601283
116455336344,-0.768232,0.772912,-0.305339,0.086356,0.027059,-0.015335,7.642245
116555383884,-0.809804,-0.370918,0.020242,0.088380,-0.032962,0.042949,7.771790
116655431423,-0.009362,0.290290,0.426468,0.036680,-0.119736,0.066687,7.685327
116755478963,-0.520439,0.192913,-0.247112,0.152797,-0.044293,0.056515,7.854142
116855526503,-0.403401,-0.651066,-0.083724,0.059431,-0.049107,0.152956,7.913413
116955574043,0.606197,0.695053,0.669594,0.157034,-0.094391,-0.030495,7.721026
117055621583,0.633508,1.705280,-0.265779,0.053427,-0.080696,-0.131757,7.797410
117155669122,0.487080,1.770731,-1.655089,-0.058589,0.063903,-0.085994,8.033259
117255716662,0.429496,2.168223,-0.767621,-0.122879,0.151034,-0.221022,8.126884
117355764202,0.236116,0.335906,0.052292,0.043889,0.087940,-0.090646,8.150179
117455811742,-0.251702,0.082138,-0.270118,0.260311,0.009970,0.074440,8.299491
117555859282,-0.660774,1.044543,-0.745368,0.231471,0.007348,0.042310,8.370591
117655906821,-0.729170,0.949531,-1.115927,0.251533,0.039493,0.038518,8.342832
117755954361,-0.729170,0.949531,-1.115927,0.251533,0.039493,0.038518,8.476232
117856001901,-0.558433,-0.356301,-0.421175,0.141379,-0.024165,-0.121120,8.466774
117956049441,0.734000,2.054215,0.166972,0.254246,-0.005720,0.021850,8.460298
118056096981,0.787707,4.283384,0.453322,0.087502,0.036153,0.033491,8.536938
118156144521,0.621984,1.215675,0.467387,-0.141606,-0.003624,-0.119844,8.542329
118256192060,0.473033,2.084662,0.161481,-0.019496,0.008395,-0.013921,8.478675
118356239600,0.127757,2.646478,-0.471215,-0.090896,0.012492,-0.089686,8.579035
118456287140,1.425963,3.865827,0.006180,0.210750,-0.013157,0.109468,8.695625
118556334680,1.569298,4.142771,0.388933,0.397103,0.024745,0.207082,8.672951
118656382220,-0.126888,0.389379,-0.067117,0.369208,0.006585,0.132340,8.556331
118756429759,1.084939,-0.030949,0.216485,0.519990,-0.053415,0.197877,8.354130
118856477299,0.564159,-0.932235,-0.555454,0.258570,-0.002423,0.104135,8.256474
118956524839,1.460822,-0.059844,-0.000251,0.223322,0.019413,0.086303,8.147458
119056572379,1.757998,-0.653414,0.445803,0.175843,-0.024697,-0.002687,7.966616
119156619919,1.416294,-0.624014,-0.806736,0.092676,0.057046,0.042729,7.959888
119256667458,2.374501,1.572226,0.012505,-0.061973,0.116961,0.029967,7.861776
119356714998,2.039656,1.170285,1.499930,-0.219329,0.067424,-0.115263,7.762856
119456762538,2.086097,1.603858,0.686339,-0.132597,0.017843,-0.142350,7.639874
119556810078,1.241475,0.536067,0.145663,-0.094502,-0.050650,-0.120580,7.437053
119656857618,1.151600,0.251381,0.012849,-0.048895,-0.029871,-0.059284,7.475300
119756905158,1.038050,-0.813832,-0.700586,-0.035424,0.008509,-0.023945,7.360563
119856952697,0.718834,-0.836135,-0.883597,0.043775,0.030582,0.007838,7.288264
119957000237,0.434512,-0.338501,0.221263,-0.115279,0.000582,-0.127470,7.210980
120057047777,1.593779,1.119278,-0.036277,-0.077157,0.035040,-0.016971,7.161774
120157095317,0.939883,0.883850,-0.058804,-0.215044,-0.038530,-0.148541,7.096319
120257142857,-0.676805,-0.948897,-0.487602,0.126392,-0.128872,0.021905,7.013730
120357190396,-2.285737,-2.906495,-1.807183,-0.028371,0.070395,0.095359,7.060080
120457237936,0.620128,-1.275756,-0.553654,0.145362,0.191696,0.207585,7.069082
120557285476,2.450493,2.633645,0.457364,0.221471,0.097469,0.198045,7.007675
120657333016,1.386405,4.497162,0.894018,0.315579,0.058525,0.163112,6.942067
120757380556,3.060863,2.919163,1.351405,0.503168,-0.017977,0.230359,6.917705
120857428096,0.167608,-1.143549,0.101482,0.481234,-0.026227,0.260006,6.938989
120957475635,-1.064216,-0.594615,0.064707,0.606133,0.029662,0.323828,7.061496
121057523175,-0.305202,-2.648196,0.061105,0.394598,0.100953,0.288241,7.092696
121157570715,-0.734861,-0.263702,-0.153727,0.395980,0.126684,0.282889,7.179602
121257618255,-2.163325,1.266981,-0.222247,0.322173,0.034708,0.211342,7.146121
121357665795,0.340226,0.720906,-0.035803,0.297326,-0.009058,0.179454,7.163444
121457713334,0.606739,0.971495,-0.255325,0.174629,-0.077582,0.062206,7.233276
121557760874,0.672538,1.865549,-0.553430,0.204933,-0.119932,0.047265,7.295906
121657808414,0.880518,1.158365,0.125183,-0.052055,-0.083830,-0.078125,7.290260
121757855954,-0.363736,-0.804211,-0.153541,-0.057173,-0.009463,-0.092605,7.342744
121857903494,-2.365816,-0.976386,-0.659417,-0.181189,0.015774,-0.129133,7.420923
121957951033,-2.084125,-1.151672,-0.442702,-0.265308,-0.016897,-0.165230,7.495182
122057998573,0.773190,1.188532,-0.222961,-0.226656,-0.068776,-0.195742,7.565961
122158046113,0.922060,0.644799,-0.217643,-0.300696,-0.063969,-0.148549,7.543731
122258093653,1.083105,0.778715,-0.446990,-0.157343,0.039353,-0.058054,7.538058
122358141193,1.472929,0.317559,-0.268323,-0.020794,-0.016804,-0.068270,7.692943
122458188733,0.522150,0.744109,0.393703,0.013245,-0.054447,-0.063116,7.794834
122558236272,-0.592735,1.093744,0.791157,-0.056191,-0.025423,-0.063330,7.730757
122658283812,-1.103829,0.605787,0.427756,0.037321,-0.056515,-0.009797,7.753344
122758331352,-1.283237,-0.714239,-0.137911,0.025812,-0.081035,-0.012832,7.779075
122858378892,-0.632428,0.080175,-0.622657,0.107957,-0.006569,0.112872,7.862324
122958426432,0.245916,1.420463,-0.050659,0.128849,-0.012176,0.036343,7.831156
123058473971,0.071757,-0.132062,0.120134,0.153777,-0.061182,0.024889,7.812469
123158521511,0.567952,0.354847,-0.844589,0.220778,0.053526,0.108656,7.881510
123258569051,0.333873,-0.292386,0.086504,0.070286,0.117830,0.052394,7.887763
123358616591,0.350616,-0.567370,0.977512,0.159994,0.070154,0.136558,8.020555
123458664131,-0.696379,-1.860333,-0.413973,0.093515,0.037512,0.057078,8.014068
123558711671,-0.545212,-0.489288,-0.121831,0.176858,-0.006942,0.083388,8.090054
123658759210,-0.669041,0.161917,0.163928,-0.002601,0.002443,0.014941,8.210492
123758806750,-0.376189,0.303251,-0.298240,-0.054171,0.006681,-0.023359,8.166421
123858854290,-0.600268,-0.339880,0.148268,0.113820,0.024609,0.094019,8.199024
123958901830,0.455388,-0.326681,0.921001,0.184415,-0.036054,0.116613,8.376985
124058949370,0.376082,0.826249,-0.093485,-0.075358,-0.113508,-0.058226,8.370824
124158996909,-1.960927,-1.590153,-0.070085,-0.121537,-0.079295,-0.125607,8.340598
124259044449,-1.734016,-1.460795,0.370769,-0.161813,-0.033746,-0.085430,8.389073
124359091989,-0.189117,-0.320151,0.166541,-0.112689,-0.039834,-0.037830,8.324569
124459139529,0.816822,0.225769,0.028352,-0.118781,-0.012005,-0.051578,8.345277
124559187069,1.059733,0.426502,-0.311230,-0.163050,-0.036535,-0.090756,8.306316
124659234608,1.863716,0.516853,0.822588,-0.295799,-0.048158,-0.148659,8.255396
124759282148,0.922202,-1.018458,0.227329,-0.450214,-0.025329,-0.198315,8.198679
124859329688,1.324485,-0.315014,-0.732161,-0.228156,-0.048645,-0.107013,8.134936
124959377228,1.247227,-1.490708,0.216820,-0.232884,-0.095636,-0.112695,8.111224
125059424768,0.035646,-1.292589,-0.046186,-0.032815,-0.083215,-0.025166,7.931062
125159472308,-1.011798,-2.241792,-0.676026,-0.147574,0.031967,-0.004543,7.929027
125259519847,1.827507,-0.304310,0.318329,0.138423,0.157041,0.284614,7.745011
125359567387,3.930687,3.247120,0.385148,0.123648,0.064036,0.121719,7.517795
125459614927,2.936563,3.079171,-0.059823,0.343992,-0.015625,0.121366,7.540972
125559662467,2.659559,1.718348,0.455466,0.556664,-0.050144,0.186886,7.372556
125659710007,0.973729,-0.119899,-0.192602,0.293259,-0.035476,0.051248,7.357783
125759757546,0.788039,1.120367,-0.433145,0.304187,0.046772,0.142033,7.286077
125859805086,0.720673,-1.006468,-0.168946,-0.012843,0.072628,-0.005987,7.053693
125959852626,-0.273857,-2.265299,0.128941,0.034885,-0.019326,-0.013520,7.063155
126059900166,-1.121404,-2.575404,0.450578,-0.185400,-0.084681,-0.182553,6.915464
126159947706,1.239899,-0.156693,0.686121,-0.232354,-0.091135,-0.182472,6.754739
126259995246,2.140217,-0.152975,0.261669,-0.309844,-0.055842,-0.155274,6.684449
126360042785,-0.218650,-3.246630,-0.628986,-0.485518,-0.039402,-0.285504,6.615423
126460090325,1.455125,-0.810184,0.225070,-0.328753,0.024022,-0.179402,6.467642
126560137865,-0.032850,-0.719431,0.112834,-0.383551,0.076889,-0.215228,6.466079
126660185405,0.134163,-0.560168,-0.485347,-0.096776,0.052512,-0.064590,6.425985
126760232945,0.261387,-0.008494,-0.495657,-0.078778,0.025018,-0.047739,6.374433
126860280484,0.828618,1.187650,0.213189,0.209694,-0.014398,0.095763,6.351302
126960328024,1.614832,1.259332,0.550119,0.307049,-0.021061,0.147980,6.368984
127060375564,-0.160478,-1.807252,-0.315581,0.280687,-0.009172,0.105546,6.387851
127160423104,-0.092396,-0.481965,-0.563079,0.331702,0.054593,0.198412,6.380364
127260470644,-0.730163,-0.497389,0.124650,0.119019,0.098355,0.117946,6.401068
127360518183,-0.206558,-0.753605,0.316532,0.136505,0.019901,0.097061,6.492936
127460565723,-1.138557,-0.713323,0.030908,0.045729,-0.029124,0.005605,6.493425
127560613263,-1.147739,0.814317,0.229354,0.064897,-0.008207,0.028204,6.564659
127660660803,0.578384,1.218017,0.184124,-0.123141,-0.025601,-0.036825,6.641718
127760708343,0.140695,1.332246,0.157037,-0.215200,-0.007253,-0.112830,6.686841
127860755883,0.325401,1.166486,-0.261686,-0.230587,0.013247,-0.113645,6.851177
127960803422,0.752632,-1.147013,-0.100071,-0.291239,0.002974,-0.090726,6.957494
128060850962,1.734024,-1.665339,-0.007596,-0.267904,-0.019648,-0.051118,7.022821
128160898502,-1.831341,-0.297175,0.369625,-0.323878,-0.067682,-0.125633,6.995973
128260946042,-0.950336,0.142652,0.107098,-0.228625,-0.101456,-0.139698,7.109661
128360993582,0.535888,-0.863056,-0.515924,-0.223695,-0.102013,-0.138572,7.194671
128461041121,-0.424343,0.231651,-0.140806,-0.073195,-0.048783,-0.087774,7.250713
128561088661,0.483697,0.452728,0.007016,-0.069429,0.029971,0.001009,7.362875
128661136201,1.754098,0.161006,-0.546273,-0.065095,0.049842,0.011361,7.415358
128761183741,0.318144,-0.311880,0.185254,-0.097665,-0.113327,-0.062329,7.427308
128861231281,-1.349091,2.071594,-0.512080,-0.122091,-0.222042,-0.189982,7.539780
128961278821,-1.451365,1.820652,-0.965261,-0.186816,-0.014503,-0.082332,7.586608
129061326360,0.013162,0.647041,-0.103206,-0.120751,0.096025,0.068627,7.590261
129161373900,-0.120261,-0.960213,-0.058550,-0.046847,-0.027636,-0.042232,7.564798
129261421440,0.744874,-0.789866,0.845319,-0.143624,-0.148467,-0.110471,7.576921
129361468980,0.127103,-0.038144,-0.481666,-0.151716,0.020581,-0.058743,7.617330
129461516520,-0.097834,-0.377428,-0.066559,-0.039046,0.144758,0.035323,7.676906
129561564059,-0.292912,-0.150504,0.372623,0.056913,0.026063,0.040548,7.689159
129661611599,-1.022359,-0.616695,-0.268137,0.075575,-0.062510,-0.040996,7.661455
129761659139,-0.186475,-0.189534,0.182629,0.091648,-0.042030,0.026222,7.718251
129861706679,-0.008965,-0.505780,0.264916,-0.045204,-0.004264,-0.019704,7.779712
129961754219,-0.194242,0.470549,0.379160,-0.031720,-0.000535,0.015168,7.735165
130061801758,-0.284023,0.648567,-0.348675,-0.022492,-0.071258,0.000132,7.688841
130161849298,0.717064,1.281438,-0.024335,0.201677,0.056243,0.216653,7.615113
130261896838,0.718363,0.818526,0.367658,0.210771,0.031133,0.149703,7.531937
130361944378,-1.079144,-2.234204,-0.256955,0.309951,-0.015524,0.238604,7.511617
130461991918,-0.779923,-3.439073,-0.189633,0.239777,-0.022988,0.148389,7.440610
130562039458,0.261024,-2.369543,0.329587,0.289994,-0.003533,0.138569,7.348470
130662086997,2.020941,0.937083,0.408376,0.317936,0.056471,0.183992,7.334315
130762134537,1.655781,0.432597,-0.304695,0.208811,0.094747,0.144962,7.257275
130862182077,0.765396,0.733261,0.137578,0.223863,0.039499,0.114443,7.158363
130962229617,-0.125461,0.261382,0.358612,0.144845,0.007107,0.077935,7.121357
131062277157,0.139586,0.189886,-0.059215,0.216843,-0.000225,0.103103,7.043800
131162324696,0.161147,-2.503630,-0.121272,0.193822,-0.018748,0.101170,6.966933
131262372236,0.964166,-0.276668,-0.090882,0.239852,0.030893,0.170072,6.876429
131362419776,0.847597,0.541276,-0.094949,0.080800,0.042736,0.080234,6.808401
131462467316,1.311278,0.950655,0.402225,0.074498,0.010577,-0.006683,6.717401
131562514856,0.940691,-0.260786,0.210203,-0.028549,-0.034029,-0.094489,6.716399
131662562396,-0.036765,-1.516614,0.222628,-0.015307,0.003266,0.003802,6.602290
131762609935,0.374787,-1.132026,0.641033,-0.051929,-0.012075,-0.024424,6.531795
131862657475,1.402377,-0.061058,-0.197992,0.005587,0.049525,0.011865,6.531298
131962705015,2.045222,0.586980,0.038769,-0.181231,0.064890,-0.066556,6.458355
132062752555,1.903772,-0.291331,0.753760,-0.289274,-0.040937,-0.173834,6.416835
132162800095,1.465223,1.649640,0.094537,-0.269183,-0.111772,-0.180191,6.330633
132262847634,0.232838,-0.923412,-0.491114,-0.076487,0.004562,0.016419,6.247878
132362895174,0.009613,-1.828361,-0.618416,0.130190,0.044365,0.111489,6.186260
132462942714,0.560266,-0.732122,-0.435577,0.048697,-0.003217,0.052148,6.149047
132562990254,1.753949,-0.193527,0.017817,0.018057,0.004003,-0.012971,6.088403
132663037794,0.673271,-0.456476,-0.435608,-0.043275,-0.001878,-0.015294,6.028052
132763085333,-0.185766,-0.818754,-0.057631,-0.053986,0.051809,-0.017765,5.998494
132863132873,0.414984,-0.172887,0.325674,-0.031195,0.046140,-0.003567,5.905882
132963180413,0.806118,-0.500013,-0.206782,-0.091955,0.019801,-0.064646,5.894546
133063227953,0.787933,-0.349741,-0.728261,-0.079106,0.016751,-0.075029,5.933981
133163275493,0.842470,0.087626,-0.137823,-0.080318,0.001087,-0.063120,5.937034
133263323033,0.820954,0.729875,0.749333,0.013059,0.020344,-0.012019,5.930417
133363370572,0.690898,0.244593,0.680770,0.003123,0.031631,-0.017327,5.945436
133463418112,0.655045,-0.428309,-0.105285,-0.029267,-0.007329,-0.018798,5.944254
133563465652,0.437829,-0.756174,-0.158338,-0.037174,-0.063210,-0.033283,5.982482
133663513192,1.026375,-0.204611,-0.161683,0.036958,-0.015648,-0.003900,6.052515
133763560732,0.208900,1.256909,-0.314148,-0.035372,0.068115,0.002523,6.108600
133863608271,0.110927,1.153464,-0.478089,0.049441,0.077252,0.045606,6.205621
133963655811,-0.704496,0.723740,0.058572,0.084759,0.020328,0.043381,6.291780
134063703351,-0.889967,0.349630,0.066800,0.072744,0.014543,-0.002893,6.345613
134163750891,-1.507680,1.135709,-0.678424,0.023601,0.056283,0.030402,6.353493
134263798431,-1.873521,-0.471191,-0.793545,0.007237,0.024596,0.050107,6.462184
134363845970,-0.477329,-0.932229,-0.150855,0.108258,-0.013396,0.105187,6.624664
134463893510,1.037517,-1.584353,-0.032016,0.076261,-0.069446,0.031214,6.725435
134563941050,-0.236763,1.354892,-0.078001,0.103756,-0.002401,0.068750,6.870645
134663988590,-1.594496,0.986861,0.349545,0.136092,-0.011028,0.060991,6.959741
134764036130,-0.510874,2.540359,0.514942,0.323165,-0.116197,-0.017790,6.998270
134864083670,1.320425,0.369672,0.048254,-0.273534,-0.075303,-0.123247,7.112919
134964131209,-1.651957,-2.150095,-0.557191,-0.462459,-0.013938,-0.195544,7.308731
135064178749,-0.318104,0.885516,0.211793,-0.376128,0.038250,-0.165929,7.390153
135164226289,-2.450088,-0.746816,0.029316,-0.548597,0.011165,-0.296088,7.495955
135264273829,-3.941769,-0.845576,-0.375648,0.079380,-0.034484,-0.005875,7.585490
135364321369,-2.932142,-2.363940,-0.136318,0.114345,-0.031727,0.068401,7.660230
135464368908,-2.105586,-0.310572,-0.348174,0.256532,-0.016690,0.188689,7.776876
135564416448,0.238506,2.232464,0.376384,0.284697,-0.078317,0.131114,7.870412
135664463988,0.579857,1.974211,0.400239,0.179978,-0.052343,0.041488,8.032023
135764511528,-1.570188,1.777292,-0.031091,0.039157,0.045915,-0.004852,8.155328
135864559068,-0.882925,1.453587,-0.050544,-0.019318,0.073367,-0.010829,8.265333
135964606608,-0.417402,0.053925,0.222405,-0.054447,-0.013591,-0.039655,8.390434
136064654147,-0.324161,1.129184,-0.241498,0.034483,-0.077135,0.009857,8.466216
136164701687,0.020670,1.435146,-0.062898,0.046766,-0.024627,0.003932,8.562250
136264749227,-0.108997,0.438726,0.457994,0.042423,0.098160,0.099356,8.631619
136364796767,-0.629907,-0.118421,0.487213,0.018758,0.060105,0.043070,8.679769
136464844307,0.054780,1.465912,-0.059428,0.082418,0.007782,0.006904,8.720751
136564891846,1.249419,1.919676,0.434473,0.128835,-0.036097,0.001440,8.755768
136664939386,0.616517,0.324651,0.165753,0.116508,-0.040076,-0.000631,8.727108
136764986926,0.506392,1.353063,0.020119,0.174129,-0.009946,0.070007,8.702473
136865034466,-0.141438,0.374938,-0.030547,0.216350,-0.010432,0.095944,8.723873
136965082006,0.080156,-0.154362,0.375979,0.230843,0.023111,0.069640,8.718394
137065129545,0.013399,-0.818549,-0.423621,0.155351,0.030619,0.074263,8.672525
137165177085,0.196284,-0.487828,-0.032367,0.249501,-0.047185,0.012207,8.784677
137265224625,-1.051662,-1.719928,0.056288,-0.084515,-0.089555,-0.197663,8.785789
137365272165,-0.559889,-0.103297,-0.552258,-0.081079,0.024560,-0.094963,8.852055
137465319705,1.573088,2.453703,0.323283,-0.243523,0.084116,-0.133727,8.846887
137565367245,0.315072,1.321931,0.393799,-0.411076,0.023211,-0.241207,8.852223
137665414784,1.436029,2.938092,-0.266249,-0.356120,0.029255,-0.272685,8.709679
137765462324,0.075745,-0.672100,-0.235853,-0.343307,-0.072683,-0.310532,8.708990
137865509864,2.279527,-0.686181,1.643434,-0.096649,-0.158232,-0.213034,8.617774
137965557404,1.028133,-0.260381,-0.268165,-0.177223,0.074367,-0.111166,8.587995
138065604944,0.607903,-1.021649,-0.474311,-0.013050,0.152284,0.007559,8.519429
138165652483,1.144042,-1.377087,0.763232,0.048885,-0.060174,-0.090387,8.460820
138265700023,0.138633,-1.280642,0.581240,0.045080,-0.080627,-0.075670,8.376890
138365747563,-0.145963,-1.035488,-0.509405,0.001807,-0.024906,-0.048991,8.352548
138465795103,1.359652,-0.637757,-0.045651,0.103655,0.013343,0.031944,8.271557
138565842643,2.065771,0.563242,0.414441,0.130386,0.029514,0.058928,8.191347
138665890183,1.675629,1.888029,-0.211011,0.177528,0.042731,0.108785,8.083107
138765937722,0.871678,0.048752,-0.302164,0.082284,-0.001729,0.000758,7.935739
138865985262,0.347831,-2.053506,-0.073599,0.260790,-0.044927,0.077195,7.764566
138966032802,1.393054,-0.791295,0.047329,0.360564,0.035901,0.197706,7.560351
139066080342,0.987143,-1.472985,-0.380122,0.148554,0.038238,0.114827,7.308528
139166127882,1.158803,-1.956681,-0.171404,0.143921,-0.004765,0.034729,7.004784
139266175421,1.403720,-1.876948,-0.133419,0.113972,0.016806,0.027244,6.744459
139366222961,2.792423,-0.959280,0.204949,0.159077,0.042015,0.084070,6.419344
139466270501,2.966237,-1.194522,0.305350,0.101323,0.024564,0.026153,6.054482
139566318041,3.479932,-0.913679,0.069967,0.144494,-0.003880,0.044055,5.694311
139666365581,3.004068,-1.929960,0.199607,-0.090283,-0.032487,-0.056706,5.301510
139766413120,1.139894,-4.110228,-0.115995,-0.119841,-0.002880,-0.071608,4.992691
139866460660,2.279347,-3.383224,-0.116471,-0.127492,0.021657,-0.024975,4.637499
139966508200,2.253386,-2.471326,0.048557,-0.154996,0.037957,-0.047371,4.286532
140066555740,2.739497,-2.418840,0.256996,0.036641,0.015107,0.003423,3.901110
140166603280,2.319884,-2.950288,0.165072,0.050318,-0.016148,-0.036192,3.505522
140266650820,2.261471,-3.112583,0.179680,0.116923,-0.015384,0.014790,3.144407
140366698359,2.843017,-2.492231,0.132995,0.118128,-0.002098,0.050573,2.759965
140466745899,3.258195,-2.434988,0.263720,0.127170,0.012211,0.047110,2.459246
140566793439,3.232696,-2.917278,0.312860,0.092192,0.006218,0.018552,2.275179
140666840979,2.494337,-3.561372,-0.089507,0.085253,-0.001564,0.028270,2.172827
140766888519,1.750941,-2.344366,-0.194752,0.079752,0.018712,0.006297,2.073367
140866936058,1.092145,-1.506598,0.013761,0.043455,0.048417,0.003638,2.034341
140966983598,0.983837,-0.958426,0.102181,0.038221,0.028856,0.007869,1.964025
141067031138,0.662824,-0.678451,-0.012914,0.052036,0.005964,0.010870,1.891085
141167078678,0.296962,-0.465576,-0.071751,0.035439,0.001924,0.002080,1.858529
141267126218,0.067892,-0.758712,-0.066620,-0.005217,0.000616,0.001916,1.792836
141367173758,0.010231,-0.541156,-0.012023,-0.011988,0.001767,-0.005595,1.721719
141467221297,0.014703,-0.771932,-0.128906,-0.057727,-0.001300,-0.008176,1.706339
141567268837,0.072613,-0.802669,-0.086273,-0.044866,-0.013370,0.000460,1.754108
141667316377,-0.135619,-0.613872,-0.036033,-0.090579,-0.005390,-0.025700,1.846045
141767363917,-0.353373,-0.010880,-0.066305,-0.117962,0.004546,-0.011078,2.016038
141867411457,-1.516222,1.193249,-0.051519,-0.076573,0.026636,0.010068,2.169018
141967458996,-2.128292,1.272508,0.040028,-0.043833,0.033510,0.014723,2.343968
142067506536,-1.003207,0.900795,0.034827,-0.023734,0.014125,0.040504,2.549819
142167554076,-1.567149,0.943565,-0.064200,-0.057388,-0.014155,0.020223,2.772679
142267601616,-1.577380,1.591896,-0.095760,-0.016508,-0.007235,0.050777,2.974073
142367649156,-2.058336,0.995372,-0.116751,-0.069839,-0.009215,0.017217,3.196606
142467696695,-1.889769,0.994017,-0.366203,-0.034778,-0.000545,0.034936,3.449336
142567744235,-2.237584,0.978471,-0.235998,-0.088269,-0.003596,-0.005346,3.711825
142667791775,-2.301941,1.582539,-0.171577,-0.054493,0.001935,0.011785,3.895996
142767839315,-2.227120,1.917348,-0.044882,-0.080599,0.003693,0.016978,4.010141
142867886855,-1.794481,1.730919,-0.158565,-0.050566,-0.008805,0.054985,4.179792
142967934395,-0.963186,1.344609,-0.155522,-0.006803,-0.011028,0.037113,4.325200
143067981934,-0.759712,1.805536,-0.047651,0.028592,0.002779,0.045121,4.505062
143168029474,-1.024273,1.820135,-0.380581,0.075498,0.043924,0.032672,4.679469
143268077014,-1.328665,1.609900,-0.080928,0.068744,0.004677,0.029709,4.821904
143368124554,-1.653238,1.278976,-0.061206,0.115889,-0.005237,0.017596,4.931800
143468172094,-1.506883,1.191257,-0.134697,0.121459,-0.006418,0.058580,5.070048
143568219633,-1.140635,1.391014,-0.045101,0.061252,-0.003800,0.030510,5.241469
143668267173,-0.656663,1.020749,0.075587,0.105934,-0.022994,0.046278,5.410696
143768314713,-1.499350,1.296931,-0.119960,0.026718,0.002446,0.003475,5.595510
143868362253,-0.536701,1.696042,0.171867,-0.030719,0.024733,-0.018930,5.762906
143968409793,-0.555994,1.156020,0.453812,-0.036747,-0.025075,-0.102113,5.942683
144068457333,-1.878461,-0.018472,0.320018,0.015105,0.026227,-0.050968,6.098135
144168504872,-2.050332,0.897848,-0.222960,-0.063112,0.065605,-0.018917,6.239183
144268552412,-0.423597,2.286837,-0.289280,-0.010504,0.061020,0.047278,6.398524
144368599952,-1.315574,0.890984,0.264515,-0.019540,-0.051545,-0.119138,6.560109
144468647492,-2.033038,1.074942,-0.409896,0.102742,-0.063508,-0.022711,6.678647
144568695032,-1.038959,1.989587,-0.535503,0.185255,0.017694,0.049931,6.806173
144668742571,-1.402510,1.629069,0.037016,0.158523,0.052232,0.119970,6.941466
144768790111,-1.346820,1.189796,-0.191020,0.063569,0.055683,0.074842,7.118534
144868837651,-0.920462,1.113784,-0.587869,0.068624,0.043701,0.037135,7.267386
144968885191,-1.825608,0.948511,-0.623324,0.072526,-0.056864,-0.031950,7.412377
145068932731,-2.167859,1.284285,-0.142221,0.103777,-0.049637,-0.005934,7.559952
145168980270,-1.158517,1.430050,0.307288,0.249484,-0.028210,0.092662,7.691225
145269027810,-1.162748,0.788406,-0.084408,0.107798,0.014473,0.077060,7.836993
145369075350,-0.226967,2.401830,0.458943,0.143849,0.015180,0.113593,8.019697
145469122890,-0.866026,1.314055,-0.115945,0.097345,-0.021927,0.070355,8.156803
145569170430,-1.486746,2.647760,-0.827677,0.064036,0.008224,-0.068606,8.259513
145669217970,-1.805952,1.783869,0.491613,-0.033536,-0.100388,-0.039775,8.364794
145769265509,-2.229476,0.130650,-0.471048,-0.033996,0.022061,0.008910,8.421529
145869313049,-0.762734,0.933131,-0.842696,0.034629,0.064250,0.113146,8.589247
145969360589,-1.833125,1.548569,-0.729834,-0.079719,0.058687,-0.035054,8.752526
146069408129,-1.242739,0.963792,-0.603643,-0.020325,0.056336,-0.043082,8.853657
146169455669,-1.812108,0.922958,-0.350950,0.014861,-0.010000,-0.039688,8.939037
146269503208,-1.076221,0.355861,0.013336,0.096348,-0.001507,0.069593,9.047632
146369550748,-0.310006,2.126551,-0.460422,0.037011,0.017363,0.125394,9.184737
146469598288,-0.132965,2.613277,-0.184103,0.209963,0.013569,0.173078,9.282634
146569645828,-0.612272,2.958183,0.366090,0.242812,-0.026845,0.167935,9.347899
146669693368,-0.932181,2.333384,-0.021277,0.039816,-0.028036,-0.010690,9.384890
146769740908,-0.812464,1.182912,-0.115913,-0.045233,-0.059665,-0.038167,9.365159
146869788447,0.495173,0.757162,0.186578,0.064217,0.015819,0.026213,9.390082
146969835987,-0.713214,0.268774,-0.109102,-0.117074,-0.022458,-0.027541,9.452862
147069883527,-2.091380,-0.798557,-0.372819,-0.025107,0.011567,-0.081264,9.489168
147169931067,-1.658918,-0.574066,0.227047,-0.258841,-0.060944,-0.110407,9.492615
147269978607,-1.151178,0.571771,-0.122964,-0.460161,0.010455,-0.325725,9.417634
147370026146,0.738898,1.628848,0.442266,-0.407525,0.000193,-0.298540,9.454581
147470073686,-1.086113,0.015980,0.279744,-0.443882,-0.032615,-0.205699,9.521845
147570121226,-0.785160,-0.529912,-0.115587,0.035888,-0.031111,0.138869,9.538640
147670168766,-1.592324,-1.650118,-0.078045,0.215477,0.063770,0.084919,9.597168
147770216306,-1.951187,-1.393294,-0.590004,0.072083,0.073407,0.156394,9.685139
147870263845,-1.231149,0.256438,-0.297881,0.015909,0.029103,0.080339,9.696525
147970311385,-0.632398,-0.005431,0.469474,0.018816,-0.047883,0.056253,9.791952
148070358925,-1.200312,-0.593168,1.015180,-0.050289,-0.074429,0.060364,9.908095
148170406465,1.188157,1.576426,0.176598,0.098619,0.062625,0.149408,10.013598
148270454005,-1.210417,-0.347750,-0.070475,-0.046350,0.034392,0.087410,10.048523
148370501545,0.968710,1.424272,0.266111,0.188935,-0.038759,0.188824,10.092301
148470549084,-0.413189,0.315627,0.859833,-0.135725,-0.167300,0.025553,10.151546
148570596624,-2.445715,-0.133455,-0.803805,-0.016716,0.029227,0.037451,10.286158
148670644164,-2.027489,0.217388,-0.374999,-0.137425,0.079988,0.066456,10.395832
148770691704,-2.438988,-0.638105,-0.614015,-0.241840,0.139241,-0.099031,10.477664
148870739244,-0.062554,1.612300,-0.000058,-0.408526,0.156467,-0.084166,10.544144
148970786783,-1.010612,0.771576,0.461176,-0.416900,-0.116431,-0.346999,10.640596
149070834323,-0.603575,1.397392,0.029632,-0.125412,-0.229813,-0.253942,10.760221
149170881863,-1.493348,0.541574,-0.022979,-0.171403,0.014650,-0.075404,10.814422
149270929403,-0.338704,1.558821,-0.035020,-0.017597,0.129818,0.075993,10.835539
149370976943,-1.923076,0.006644,0.215224,-0.186421,0.013117,0.016999,10.853729
149471024483,-1.709873,0.339962,0.554531,0.068223,0.080779,0.143075,10.974698
149571072022,-0.885328,-0.155203,-0.058185,0.063193,-0.091585,-0.022452,11.095188
149671119562,-1.485797,-0.448991,-0.708453,0.089199,-0.157124,-0.034303,11.156214
149771167102,-0.588454,0.566517,-1.166163,0.159475,0.081136,0.055858,11.215938
149871214642,-1.016211,0.554590,-0.478694,0.054317,0.127927,0.158071,11.358241
149971262182,-0.064003,1.236185,0.074554,0.176770,0.041695,0.085242,11.428642
150071309721,-0.728899,1.604876,-0.194232,-0.010862,-0.049748,-0.063420,11.394951
150171357261,-0.211112,2.872986,0.003058,0.087231,-0.031878,-0.044936,11.498570
150271404801,-0.011133,0.813963,-0.097051,-0.247982,0.022699,-0.150162,11.634812
150371452341,-1.589855,-0.742114,-0.126784,-0.239112,0.018343,-0.079417,11.744231
150471499881,-0.283586,2.078558,-0.490661,-0.053906,0.091514,0.050819,11.751049
150571547420,-0.373262,-0.209077,0.250225,-0.137526,0.002488,-0.134526,11.836347
150671594960,-1.011118,-1.071389,-0.230627,0.144383,-0.087497,-0.085990,11.965570
150771642500,-1.405891,0.476486,-0.342837,0.194097,-0.030601,0.099461,12.067816
150871690040,-1.293755,-0.561763,0.290894,0.122153,0.107806,0.120421,12.121967
150971737580,-0.034410,0.811657,0.138563,0.237972,-0.021986,0.120286,12.213362
151071785120,-0.011083,0.309675,-0.082433,0.088637,-0.130417,0.004820,12.268729
151171832659,1.008683,0.752026,0.011269,0.094994,-0.037824,0.074913,12.313972
151271880199,-1.151573,1.369719,-0.511982,0.057908,-0.055301,0.030268,12.396342
151371927739,-0.357104,0.983887,-0.453974,0.057272,0.026534,0.062271,12.508570
151471975279,0.327516,1.384475,-0.621680,-0.215543,0.059637,-0.110290,12.599525
151572022819,-2.633755,-0.816532,-0.363117,-0.250322,-0.042415,-0.167119,12.691166
151672070358,-1.057121,0.575824,-0.026758,-0.157536,-0.037717,-0.167470,12.761898
151772117898,-2.022798,0.408976,0.153598,-0.255905,-0.050043,-0.130187,12.804130
151872165438,-2.428201,-0.855819,0.099464,0.274154,-0.019671,0.216042,12.881845
151972212978,-2.703522,-2.158682,-0.047699,0.200677,0.004123,0.074089,12.991100
152072260518,-1.484917,-1.440237,-0.721704,0.424038,-0.002245,0.179918,13.007801
152172308057,2.130171,1.880052,0.975802,0.630666,-0.100203,0.228572,12.983265
152272355597,-0.874192,-1.431848,1.140577,0.470811,-0.125391,0.114337,12.997014
152372403137,2.211213,3.654264,-0.677531,0.692011,0.111015,0.460340,13.055682
152472450677,0.961043,-0.618514,0.951664,0.246954,0.184791,0.264098,13.095930
152572498217,0.705309,0.925970,0.950942,0.305111,0.118003,0.228247,13.059786
152672545757,-0.876270,-0.994055,0.600932,0.210141,0.014827,0.049546,13.079933
152772593296,1.415028,-0.026856,0.095055,0.059089,0.014164,0.090472,13.091872
152872640836,2.183854,1.553676,-0.384681,0.511176,0.084978,0.390682,13.143977
152972688376,0.456571,1.306277,-0.166832,0.355338,0.072457,0.161561,13.227289
153072735916,-1.607020,-1.175509,-1.186073,0.447731,-0.033842,0.161366,13.229290
153172783456,-0.650136,0.709009,-0.544124,0.459786,-0.041471,0.162482,13.208576
153272830995,-0.445079,-1.193529,-0.144001,0.297431,-0.040645,0.070259,13.362094
153372878535,1.891523,0.758493,-0.079636,0.287262,0.008305,0.196186,13.464838
153472926075,-0.002819,0.307872,-0.650039,0.132540,0.013960,0.026410,13.430671
153572973615,0.668748,3.370984,-0.338949,0.417688,-0.053265,0.100034,13.399579
153673021155,-2.737275,-1.156275,-0.014355,0.169444,-0.139819,-0.067611,13.529278
153773068695,1.115835,0.800788,-0.194691,0.195549,0.050391,0.157757,13.644042
153873116234,2.170916,-1.345533,-0.008651,-0.043289,0.099714,0.058592,13.586815
153973163774,1.159180,0.485769,0.822444,0.041446,-0.009198,-0.047189,13.521175
154073211314,-0.704285,1.509649,-1.115441,-0.312246,-0.036436,-0.226527,13.570895
154173258854,-1.145183,-2.560708,-0.413280,-0.034742,-0.065828,-0.075342,13.615256
154273306394,-1.560406,-2.819868,0.648322,-0.207894,-0.110703,-0.187017,13.592918
154373353933,-3.198974,-0.089035,-1.144085,-0.331289,0.096573,-0.113781,13.515926
154473401473,2.393610,3.006711,1.306092,-0.359288,0.073513,-0.093100,13.434651
154573449013,-0.485504,-1.089858,2.079840,-0.567591,-0.019576,-0.347125,13.450613
154673496553,2.760986,3.207721,0.396659,-0.432299,-0.035238,-0.213623,13.430203
154773544093,-1.578145,-0.559403,1.131786,-0.633878,-0.128551,-0.464697,13.309169
154873591632,4.110581,-0.391084,2.318071,-0.101227,-0.285941,-0.122757,13.183121
154973639172,0.053261,-1.452187,-1.481348,-0.407513,0.087853,-0.180198,13.262403
155073686712,-1.158855,-2.237137,-0.487443,0.257997,0.133976,0.184516,13.259984
155173734252,-4.234827,-2.555085,-0.220192,-0.003638,0.158804,0.072854,13.171266
155273781792,-0.009154,0.194217,0.458789,0.452588,0.145113,0.300372,13.074907
155373829332,4.457612,2.152996,0.623742,0.279415,-0.037518,0.136970,13.140851
155473876871,2.029315,0.897427,0.728486,0.220229,-0.019576,0.054244,13.212867
155573924411,0.689582,1.590725,-0.394259,0.172367,0.128173,0.209190,13.127146
155673971951,-2.685990,-1.318219,0.257585,0.358200,0.081045,0.238816,13.077972
155774019491,1.532783,1.719368,0.233051,0.503335,0.076766,0.344430,13.140290
155874067031,-0.599577,-0.526558,0.444304,0.338364,-0.017277,0.141662,13.089822
155974114570,1.937819,3.733116,-0.231085,0.602742,0.070599,0.302127,13.126886
156074162110,-0.603652,-1.165748,0.057951,0.236363,0.119520,0.084665,13.246124
156174209650,3.133343,1.723068,1.362179,0.804562,0.206215,0.519531,13.262891
156274257190,-1.488135,1.339963,-0.142332,0.461175,-0.080771,0.141244,13.198364
156374304730,-1.381286,1.826535,1.130705,0.013684,-0.250419,-0.003691,13.190646
156474352270,-1.103060,-0.262954,1.488641,-0.163533,-0.152428,-0.017477,13.254482
156574399809,-0.716227,-1.492266,1.456449,0.069384,-0.144645,0.009634,13.236973
156674447349,0.996385,1.005277,0.789029,0.261978,-0.024166,0.187326,13.353551
156774494889,0.009713,1.327524,0.844882,-0.135157,0.083910,-0.039224,13.430751
156874542429,-1.260718,2.739806,-0.167171,-0.040392,0.069750,0.000705,13.481493
156974589969,2.643126,1.500761,0.331762,-0.285539,-0.013680,-0.210335,13.523386
157074637508,-1.671798,1.524065,1.186133,-0.575412,-0.081248,-0.150793,13.539690
157174685048,3.507673,4.649891,1.690379,-0.150334,0.066642,0.038757,13.611443
157274732588,-0.943458,-4.185554,1.452660,-0.595108,-0.084580,-0.390690,13.708279
157374780128,-0.618983,-0.049507,-0.058524,-0.035000,-0.035331,0.037842,13.855612
157474827668,-2.410186,-1.280446,-1.132092,-0.326713,-0.006757,-0.191964,13.872210
157574875207,-1.056041,1.133987,-0.717521,-0.022103,-0.128577,-0.155718,13.901326
157674922747,0.043341,2.491130,0.612295,0.213396,-0.059320,0.095051,13.945523
157774970287,-0.322133,1.197966,1.705480,0.049110,-0.077062,0.062373,13.995679
157875017827,-1.024703,-0.001691,0.631604,-0.094722,0.017799,-0.016695,14.100577
157975065367,-0.750522,0.447574,-0.193431,0.037761,0.079283,-0.049417,14.185742
158075112907,-1.864406,2.296136,-0.835812,0.127114,-0.046020,0.037303,14.194917
158175160446,-0.494185,-1.069645,-0.037348,0.106913,-0.113835,-0.042419,14.285895
158275207986,0.197357,-1.037805,-1.022395,0.009088,0.039747,0.070837,14.392152
158375255526,-0.439000,1.328522,-1.019057,0.037563,0.201856,0.211323,14.459171
158475303066,-0.229707,-1.020678,0.459705,0.051656,0.052978,0.042199,14.469918
158575350606,-1.554254,0.654125,-0.417241,0.042956,-0.165706,-0.074926,14.551147
158675398145,0.709348,1.834569,-0.768255,0.246325,-0.145545,0.072272,14.594601
158775445685,-0.787940,-1.796966,0.883366,0.116095,-0.054406,0.191828,14.708558
158875493225,-1.337371,0.488633,-0.596090,0.044932,0.137097,0.074386,14.819382
158975540765,-1.229430,0.357900,-1.607298,-0.257154,0.220630,0.015515,14.800873
159075588305,-3.091561,-0.122180,1.058953,-0.278448,-0.122834,-0.196969,14.827888
159175635845,-2.230275,1.088972,-1.534930,0.016234,-0.319161,-0.195859,14.935656
159275683384,-2.001245,2.809435,-2.181976,0.041397,-0.072880,0.023631,14.995544
159375730924,0.969265,-0.762732,0.436560,0.148701,0.079492,0.231050,15.098822
159475778464,0.354605,2.020701,-1.593854,-0.049860,0.229115,0.134665,15.104050
159575826004,-0.178051,2.567337,-0.282552,0.403820,0.042884,0.221825,15.101377
159675873544,1.741328,2.788995,-0.080349,0.429726,0.009455,0.220639,15.148580
159775921083,-0.774785,0.649639,0.597052,0.187935,0.032283,0.060866,15.130367
159875968623,0.388113,0.778651,0.454605,0.240980,0.022347,0.125946,15.076740
159976016163,-0.851384,-0.193492,-0.030330,-0.162646,0.045260,0.043933,15.053131
160076063703,-1.990127,-1.712755,-0.014606,-0.177862,-0.101975,-0.106501,15.013447
160176111243,1.524081,-1.267268,0.690695,-0.122647,-0.194330,-0.182555,14.925199
160276158782,0.825937,-0.875134,-0.024219,-0.083220,-0.030218,-0.039049,14.874456
160376206322,-0.285440,-2.968429,0.891596,0.197333,0.178456,0.325938,14.936814
160476253862,1.107078,-1.715478,-0.008461,0.487260,0.020505,0.139511,14.927752
160576301402,-2.842294,-3.161711,0.002352,0.448494,-0.044864,0.224511,14.802756
160676348942,-0.168349,2.473875,-0.089130,0.615589,0.212400,0.401406,14.727285
160776396482,-3.249649,-1.360530,-0.721238,-0.102090,0.178603,-0.047258,14.812830
160876444021,0.583729,-1.330226,0.125188,0.150014,-0.018909,-0.023763,14.817787
160976491561,4.952020,2.868781,0.017825,-0.525394,-0.036686,-0.546103,14.800014
161076539101,3.314611,2.073482,-0.069626,-0.420476,0.116107,-0.197935,14.855837
161176586641,3.553993,2.302639,0.202045,-0.480356,0.151545,-0.175979,14.888568
161276634181,-1.104417,-1.030108,-0.318341,-0.426655,0.026458,-0.219213,14.957343
161376681720,-0.704417,-0.057099,-0.720554,-0.250542,-0.056478,-0.105913,14.936261
161476729260,-2.794451,-1.734317,0.300042,-0.328554,-0.130222,-0.262243,14.884032
161576776800,-1.040241,1.546478,0.349339,-0.140573,-0.225874,-0.149888,14.951920
161676824340,-2.302025,-2.169509,-0.442354,-0.452708,0.068772,-0.093963,14.994464
161776871880,1.249178,-0.789011,-0.470820,0.140155,0.292737,0.240482,15.079221
161876919420,1.774887,-0.344876,-1.022987,0.116629,-0.074654,-0.057684,15.150703
161976966959,2.556629,1.959036,0.055553,0.104889,-0.098480,-0.075908,15.160296
162077014499,-1.165072,0.560795,-0.871321,-0.185495,0.070006,-0.062005,15.140491
162177062039,-1.861119,-1.460738,0.896356,0.304616,0.108500,0.172536,15.176528
162277109579,0.559642,0.876955,1.340311,0.405476,-0.003402,0.206064,15.276066
162377157119,0.496859,-0.893606,-0.818864,0.015060,-0.019942,-0.067477,15.370743
162477204658,-2.973557,-1.936483,-0.739279,-0.033793,0.050002,-0.111445,15.334709
162577252198,-1.542744,-1.182415,0.277538,-0.078227,-0.047998,-0.108996,15.341875
162677299738,0.399991,1.160216,0.997811,0.095022,-0.057127,0.074102,15.423183
162777347278,2.476114,2.003323,0.789625,-0.069067,0.007789,-0.014544,15.482170
162877394818,-4.681118,-2.105640,-0.825375,-0.691464,0.018257,-0.361983,15.462743
162977442357,0.412943,1.020363,1.270924,0.286013,-0.069920,-0.033318,15.390429
163077489897,2.904552,1.833992,1.079242,0.200946,-0.101051,0.167276,15.395191
163177537437,1.967667,0.362381,-1.090291,-0.493751,-0.014232,-0.240195,15.432313
163277584977,5.399527,4.396316,-0.004390,-0.530987,0.005660,-0.286483,15.429473
163377632517,0.667690,0.490746,-1.374410,-0.630865,0.136460,-0.219145,15.419857
163477680057,3.198754,1.406703,-1.520156,-0.031984,0.115861,0.216835,15.487104
163577727596,0.320940,-0.909251,0.596851,0.016723,-0.127077,-0.197599,15.425330
163677775136,-2.061297,0.268782,-0.973681,0.171616,-0.291875,-0.008488,15.408210
163777822676,-0.740228,-0.863079,-1.729927,0.070217,0.077603,-0.015660,15.482418
163877870216,-2.641389,-3.172715,-2.052448,0.105717,0.190009,0.194547,15.421941
163977917756,-1.636317,1.294180,-1.450945,-0.104236,0.066042,-0.076311,15.435683
164077965295,-0.136848,3.018893,-1.075676,0.162965,-0.000521,-0.164278,15.425754
164178012835,-0.043632,-1.442010,0.455176,-0.078343,-0.202121,-0.076873,15.485444
164278060375,-2.370021,-2.724565,-0.610931,0.550323,-0.043714,0.221735,15.496083
164378107915,-2.887067,-3.703327,-1.027520,0.174477,0.123749,0.286282,15.539235
164478155455,-1.136291,-1.467253,-0.545501,0.710483,0.127962,0.364941,15.577779
164578202995,3.846466,3.497403,1.025260,0.686515,-0.016687,0.438121,15.495935
164678250534,0.849173,0.945804,0.177048,0.632886,0.043227,0.404738,15.543058
164778298074,4.400579,2.823672,0.430697,0.789371,0.023215,0.425140,15.649836
164878345614,0.573750,2.318185,-0.575773,-0.025931,-0.036647,-0.150451,15.669972
164978393154,2.635055,3.763260,-0.931615,0.294276,0.059769,0.176687,15.614014
165078440694,-0.801353,1.273258,-0.864527,-0.220749,0.158470,0.119918,15.636584
165178488233,-2.705816,-0.744952,-1.050365,0.027139,0.026804,-0.106917,15.635171
165278535773,-3.680312,-4.072834,-0.212029,0.399887,0.001958,0.369853,15.595949
165378583313,0.917248,1.467272,0.094644,0.712287,0.099284,0.365650,15.520843
165478630853,4.903185,3.745918,2.677068,0.875098,-0.182224,0.326693,15.529047
165578678393,0.804136,0.682218,0.488573,0.051426,-0.099288,-0.073283,15.469234
165678725932,3.164127,1.615027,-1.423545,0.226432,0.114159,0.160117,15.461171
165778773472,-0.628729,-2.100015,-0.699040,-0.286761,0.062291,-0.089877,15.508965
165878821012,-0.284089,0.480038,-0.549032,-0.088214,0.046556,-0.029355,15.539941
165978868552,0.953117,1.348685,-0.460971,0.004240,-0.051119,-0.157627,15.417934
166078916092,3.033545,2.348972,0.879127,0.128803,-0.057906,0.012377,15.415455
166178963632,0.643135,1.225160,0.783333,-0.263049,-0.015952,-0.141993,15.514039
166279011171,-0.572924,-0.406690,0.720409,-0.010951,0.001516,-0.127897,15.481870
166379058711,-1.815602,0.400926,0.106072,-0.598772,0.026896,-0.239014,15.516795
166479106251,-4.575322,-2.410581,-0.766394,-0.650135,-0.050040,-0.532881,15.576585
166579153791,0.784087,1.798505,-0.870560,-0.197031,-0.048647,-0.185280,15.613515
166679201331,-3.721773,-2.462019,-1.560823,-0.519991,0.080664,-0.291866,15.629460
166779248870,0.412831,0.091650,0.029319,0.272942,0.127905,0.232576,15.617636
166879296410,1.761089,3.922458,1.036511,0.016204,0.029492,0.028424,15.731292
166979343950,2.709835,0.403534,0.195899,0.239616,-0.094262,0.074292,15.707285
167079391490,1.290652,-0.217922,-0.061816,0.024644,0.014492,0.021462,15.731208
167179439030,-3.750252,-2.332156,-0.073252,0.440446,0.099765,0.330046,15.710880
167279486570,-0.237634,-1.274574,0.466421,0.514785,-0.038959,0.163491,15.780113
167379534109,-1.389635,-1.014640,-0.981511,0.309668,-0.074482,0.131741,15.781663
167479581649,0.566995,-1.277711,-0.765170,0.382355,0.047190,0.121908,15.770534
167579629189,-0.870822,-2.221617,0.061364,-0.342333,0.016263,-0.224638,15.824629
167679676729,-1.929251,-1.156725,0.431613,-0.391545,-0.008127,-0.182636,15.723358
167779724269,-0.364917,0.857428,0.868475,-0.013480,0.063664,0.041254,15.623023
167879771808,1.004848,-0.297809,1.945922,0.042860,-0.163285,-0.092384,15.559574
167979819348,2.095416,-0.680170,0.112950,0.035059,-0.222870,-0.103940,15.657364
168079866888,-0.002368,-1.013582,-0.062094,-0.327373,0.051645,-0.120948,15.769748
168179914428,3.473782,3.204768,-0.434910,0.118154,0.209713,0.221053,15.661472
168279961968,-1.384156,0.719046,-0.834100,-0.169233,0.101492,-0.072434,15.557812
168380009507,-0.924481,-0.192971,0.239212,0.126950,-0.055203,0.061624,15.571115
168480057047,-1.585261,-2.054923,0.901504,-0.081918,-0.075084,-0.005087,15.630259
168580104587,1.362191,-0.800339,-0.053363,0.340869,0.090457,0.137050,15.702244
168680152127,3.822128,0.980035,0.640021,0.266498,-0.049427,0.007596,15.593599
168780199667,1.217515,-0.581814,0.304515,0.316744,-0.151320,0.067132,15.578204
168880247207,1.669011,0.762023,-0.784311,0.252199,0.042665,0.161541,15.618947
168980294746,-1.131486,-2.417097,-0.373554,0.141339,0.115006,0.207394,15.549322
169080342286,1.031460,-1.254811,0.934272,0.179814,-0.037063,0.070711,15.530893
169180389826,1.463711,1.628766,0.207800,0.006390,-0.181547,-0.069352,15.493149
169280437366,0.731613,-0.104902,0.495987,-0.000010,-0.032149,-0.063971,15.479197
169380484906,-0.560731,-1.057093,-0.221848,0.065929,0.047915,0.087570,15.470678
169480532445,-0.753482,0.491371,0.020750,-0.128196,0.023234,0.090355,15.388356
169580579985,0.307873,0.194666,-0.158117,0.169476,-0.017313,0.065693,15.299724
169680627525,-0.867769,-1.239034,-0.291406,-0.005250,-0.062675,0.068469,15.203100
169780675065,0.018447,-1.995259,-0.247143,0.106472,0.067660,0.093628,15.278458
169880722605,-1.618377,1.261593,-0.593664,0.224725,0.079846,0.078646,15.257386
169980770144,-1.302875,-0.446834,-0.846531,-0.136018,0.086825,-0.100536,15.070148
170080817684,1.871981,0.200117,-0.043728,0.155530,0.039053,-0.041386,15.052301
170180865224,3.213709,-0.688827,-0.211006,-0.078113,-0.095064,-0.216241,15.003022
170280912764,-1.616271,-4.214251,0.313389,-0.507307,-0.105215,-0.236407,14.905042
170380960304,0.763248,2.792092,0.222561,0.362122,-0.123046,0.026000,14.841371
170481007844,3.412790,1.193962,1.403939,0.356442,-0.071894,0.062170,14.784757
170581055383,1.673682,-1.800732,1.650570,-0.210044,-0.063355,-0.049876,14.718951
170681102923,-1.986706,-0.689448,-1.649243,-0.412487,0.151929,-0.076772,14.667137
170781150463,-4.136449,-3.892506,-1.152639,0.380599,0.136441,0.334302,14.573524
170881198003,1.201161,-0.640611,1.359606,0.431878,0.066129,0.212862,14.502915
170981245543,1.355153,1.535171,0.459118,-0.056766,0.005927,-0.040888,14.464255
171081293082,0.824819,-0.278744,1.115133,-0.129638,-0.077857,-0.138115,14.402731
171181340622,0.790891,0.185064,0.320322,0.312521,-0.006087,0.177949,14.281772
171281388162,1.085252,-0.417215,-0.052082,0.216706,0.045035,0.118296,14.191834
171381435702,0.773635,0.835127,-0.156277,0.045448,-0.016440,0.054223,14.190743
171481483242,-0.317304,-1.460321,-1.912771,-0.111520,0.065633,-0.033086,14.095430
171581530782,-0.608381,-1.390899,0.012867,0.186119,0.030659,0.080567,13.948268
171681578321,1.210778,-2.323595,-0.668414,0.005563,0.023090,0.037305,13.949459
171781625861,1.442864,-0.365521,-1.439972,0.352248,0.065652,0.044985,13.912804
171881673401,-0.493244,-1.743328,-0.489174,0.305996,0.101042,0.127681,13.750372
171981720941,3.132025,0.511043,1.102247,0.319102,-0.115571,-0.015302,13.700448
172081768481,0.855299,0.336865,0.594975,0.088691,-0.143385,0.005483,13.633120
172181816020,-1.053122,-2.793633,-0.341796,0.176816,-0.133325,0.098713,13.611616
172281863560,3.023600,-0.674266,-0.199933,0.314111,0.104600,0.134219,13.479928
172381911100,-0.470070,-1.036482,1.042549,0.163025,-0.021280,0.102074,13.284786
172481958640,1.134150,1.477999,0.227064,0.184070,0.046443,0.118945,13.278335
172582006180,0.635013,-1.087407,-1.015997,0.130131,0.131315,0.130224,13.290011
172682053719,3.623240,-0.861779,-0.197761,0.350339,0.057018,0.126027,13.184441
172782101259,0.864059,-1.502675,-0.583855,-0.006982,0.145819,-0.046146,13.053467
172882148799,2.698880,0.608419,0.209527,0.372955,0.126481,0.294588,12.956066
172982196339,-3.578891,-2.616691,-0.187368,0.111304,0.115273,0.126742,12.882463
173082243879,-0.906888,-2.167379,-0.831156,0.360988,0.036819,0.095820,12.897872
173182291419,-1.972809,-3.107372,-1.040250,-0.283958,-0.034345,-0.241306,12.852228
173282338958,-0.585909,-0.476872,0.314305,-0.115598,-0.019756,-0.173203,12.706853
173382386498,3.301956,3.160128,-0.209805,-0.601738,-0.175715,-0.432178,12.561112
173482434038,-3.646814,-2.380497,0.528075,-0.457200,-0.078465,-0.303857,12.519624
173582481578,-1.765188,-1.408938,0.341608,-0.375724,-0.055283,-0.233963,12.486326
173682529118,-1.041713,-3.557545,-0.982930,-0.364713,0.093595,-0.214449,12.417186
173782576657,3.012548,1.068842,-0.136564,-0.227486,-0.028586,-0.198322,12.337828
173882624197,1.691171,0.064991,-0.544539,-0.163615,-0.019147,-0.202452,12.252970
173982671737,2.478664,1.715801,0.841211,-0.068046,-0.035468,-0.083120,12.254590
174082719277,0.308689,0.977051,-0.530761,-0.190497,0.104080,-0.076269,12.138113
174182766817,2.938454,1.277710,0.851870,0.164147,0.064074,0.140979,12.047532
174282814357,5.313581,3.281027,1.982813,-0.372368,0.016286,-0.218822,12.052982
174382861896,5.522633,3.135777,-0.175615,-0.156276,0.041052,0.105493,12.021268
174482909436,-4.148095,-5.345727,1.527745,-0.890959,-0.181524,-0.519848,11.854749
174582956976,2.903220,0.633327,1.566924,-0.139685,-0.038315,-0.088230,11.819410
174683004516,-5.573704,-2.847248,0.448722,-0.793874,-0.132612,-0.474306,11.716056
174783052056,4.130202,1.945241,1.046527,0.407529,-0.126204,0.252631,11.638478
174883099595,4.089939,0.660102,0.625503,-0.075628,-0.070332,-0.134187,11.561388
174983147135,0.215119,0.007950,0.172264,0.422805,-0.043709,0.240562,11.436500
175083194675,0.303529,-0.059778,0.038739,0.250717,-0.031298,-0.015902,11.374834
175183242215,1.579149,1.437588,0.636475,-0.163897,-0.031855,-0.145981,11.291333
175283289755,-0.475613,-1.804797,0.329930,-0.445777,0.022835,-0.245007,11.080380
175383337294,2.174628,-0.256769,0.084202,-0.068076,0.048384,-0.156489,10.728596
175483384834,-2.402009,-1.673773,-0.131933,-0.537571,-0.160180,-0.267265,10.405765
175583432374,3.219500,-0.640486,-0.160665,0.053573,0.021778,-0.114333,10.202088
175683479914,-1.655841,-2.105975,-1.122745,-0.516463,0.040887,-0.019775,9.970897
175783527454,4.304960,-1.000876,0.998729,-0.906213,0.098062,-0.631129,9.526003
175883574994,1.006543,-4.120282,1.435185,-0.691378,-0.108853,-0.369420,9.232995
175983622533,-2.130426,-4.336488,-1.023858,-0.435358,0.062031,-0.296767,8.933507
176083670073,4.237122,-2.925521,0.089920,-0.356127,0.018506,-0.046822,8.831227
176183717613,-1.304805,-4.490987,-0.112310,-0.675216,-0.035501,-0.472046,8.492752
176283765153,4.870035,-2.027306,-0.345534,0.014590,-0.012795,0.021661,8.117329
176383812693,2.245515,-1.959288,-0.423718,-0.283107,-0.009392,-0.234244,7.968243
176483860232,4.474446,-1.801956,0.112440,0.421537,-0.014834,0.164872,7.789913
176583907772,2.318419,-2.204217,-0.089002,0.212613,0.033201,0.062743,7.547488
176683955312,-1.674700,-1.937843,-0.535889,0.488356,0.059547,0.250736,7.161095
176784002852,0.524284,-1.303814,-0.419010,0.411011,0.051256,0.140593,7.085666
176884050392,-0.831577,-2.803993,-0.679031,0.419379,0.067310,0.133367,6.915788
176984097932,3.321981,-1.638743,-0.213942,0.507914,0.056540,0.172606,6.591415
177084145471,0.830497,-2.309381,0.260920,0.381039,0.009050,0.101000,6.240667
177184193011,3.701698,-3.068938,0.132963,0.567048,0.019827,0.137673,6.084904
177284240551,2.136702,-3.022437,-0.286889,0.237361,0.021546,-0.026005,5.752549
177384288091,2.977337,-2.914368,0.059532,0.318870,-0.017837,-0.001846,5.404968
177484335631,1.988512,-3.488630,0.051754,0.102705,0.023898,-0.146546,5.188296
177584383170,0.757287,-3.302777,0.130580,0.146272,-0.013646,-0.042330,4.709887
177684430710,0.567683,-3.716481,0.685273,0.134947,-0.096798,-0.186290,4.895481
177784478250,0.185591,-3.198895,-0.292480,0.125883,0.019731,-0.097031,4.638297
177884525790,1.602741,-3.257010,0.530777,0.238361,0.024914,-0.026123,4.404440
177984573330,0.665830,-2.227494,0.803794,0.211051,-0.040846,-0.124422,4.368655
178084620869,2.595312,-1.860784,0.054253,0.357056,-0.081269,-0.088870,4.054958
178184668409,2.217019,-2.316108,0.023805,0.350907,-0.011214,-0.066894,3.750871
178284715949,-0.478359,-2.638745,-0.443979,0.560425,0.033528,0.156588,3.606099
178384763489,2.321532,-3.138622,0.353480,0.626865,0.074369,0.220336,3.268544
178484811029,1.025834,-2.078068,0.914795,0.332489,0.044819,0.054523,3.115228
178584858569,0.827939,-3.417275,0.835610,0.439374,0.029472,0.083705,2.918910
178684906108,-0.048652,-1.941057,-0.799558,0.256197,-0.010488,0.018932,2.739302
178784953648,-1.134681,-2.260753,-0.401305,0.369112,-0.065520,-0.092100,2.581377
178885001188,-0.164464,-2.431782,-0.329042,0.037816,-0.054551,-0.209269,2.335400
178985048728,0.331824,-2.521050,0.021305,0.118633,0.090719,0.066058,2.265399
179085096268,0.748507,-2.070609,-0.117695,0.054512,0.115001,0.046669,1.913705
179185143807,-1.471419,-1.626162,-0.071660,0.148863,-0.041727,-0.078704,1.748281
179285191347,-1.302254,-1.665460,-0.129175,0.150543,-0.094276,-0.062841,1.447212
179385238887,-1.120670,-2.495718,-0.534652,0.203496,-0.030520,-0.080974,1.168621
179485286427,-1.964378,-1.625737,-0.565149,0.102826,-0.010582,-0.036578,1.071794
179585333967,-2.369567,-2.832772,0.047790,0.177275,0.079906,-0.032117,0.870891
179685381507,-0.927824,-1.534985,-0.835180,0.048278,0.041136,0.014034,0.823588
179785429046,-2.387476,-0.122766,-0.281960,-0.047946,0.041261,-0.165684,0.861215
179885476586,0.059754,-0.952921,0.170122,0.128937,0.046645,0.054811,0.824368
179985524126,-0.677980,0.395563,-0.058336,0.052146,0.086444,-0.022721,0.781072
180085571666,-1.420372,0.529064,0.137195,0.201785,0.061533,0.087628,0.793065
180185619206,-1.493880,-0.123116,0.211719,0.159997,0.011091,0.019686,0.760912
180285666745,-1.300835,0.431354,-0.533178,0.230073,0.015728,0.056274,0.833052
180385714285,0.002101,-0.626966,0.209402,0.207797,0.000759,0.009560,0.888968
180485761825,-0.023935,0.708499,0.044605,0.231176,0.071341,0.049455,0.950903
180585809365,1.060173,-0.272018,0.065400,0.285268,0.066998,0.128068,1.165942
180685856905,-0.342631,1.245001,0.114775,0.181262,0.057542,0.017622,1.168996
180785904444,1.594110,-0.515312,0.093606,0.357916,0.025268,0.106970,1.279144
180885951984,-0.218597,1.570687,0.129770,0.109441,0.040367,-0.026455,1.439876
180985999524,-0.615829,1.459007,-0.139096,0.246829,0.060675,0.008930,1.547383
181086047064,-1.543356,2.298860,0.239607,-0.041058,0.044421,-0.115712,1.475064
181186094604,0.220293,1.514847,0.171868,0.123280,0.084004,-0.011508,1.616799
181286142144,1.749333,-1.073097,-0.504436,-0.101812,0.045597,-0.092223,1.712533
181386189683,2.019311,0.097486,-0.672963,0.043239,0.030404,-0.141108,1.780870
181486237223,1.392088,-0.670323,0.512758,0.058696,0.059915,-0.137464,1.942592
181586284763,0.984720,1.052851,0.153827,0.091659,0.074687,-0.154575,1.999781
181686332303,0.942563,-0.215975,-1.078883,0.192511,0.051581,-0.118791,2.122508
181786379843,-0.496064,1.238980,0.827055,0.129487,-0.095396,-0.265169,2.171344
181886427382,-0.462667,0.400344,-0.421835,0.283801,-0.029972,-0.148796,2.342004
181986474922,-0.050533,2.369144,-0.419433,0.138743,0.125411,-0.017910,2.512421
182086522462,2.626670,0.782361,-0.328424,0.292349,0.176540,0.089155,2.784954
182186570002,0.883974,-0.632526,0.556095,0.389068,-0.032393,0.020632,2.836153
182286617542,2.907355,1.092414,-0.056566,0.450640,-0.074755,0.035823,3.016343
182386665082,1.368934,-0.104983,0.357622,0.403459,0.081873,0.025564,3.236478
182486712621,1.614202,0.832476,-0.665039,0.467083,0.117438,0.085886,3.470608
182586760161,0.949534,0.618000,-0.127100,0.581471,0.136519,0.081583,3.712820
182686807701,3.294788,-1.792493,-0.451912,0.506638,0.109148,0.041359,3.871836
182786855241,2.361858,-1.486474,-0.308178,0.501978,0.031266,-0.011738,4.115970
182886902781,2.036388,-1.012864,0.298993,0.437110,0.053773,-0.117311,4.369912
182986950320,2.696264,-0.030599,0.209920,0.448215,-0.002065,-0.071393,4.503773
183086997860,1.181528,0.168286,0.575389,0.439965,0.034299,-0.122927,4.706901
183187045400,2.463510,-0.890805,0.659781,0.415857,0.009945,0.122997,4.727988
183287092940,0.768060,-0.972831,-0.172590,0.419539,0.010810,0.003634,4.876696
183387140480,2.893955,-2.242514,-0.444505,0.478818,0.008303,0.104937,5.235348
183487188019,-0.338304,-1.208845,-0.667710,0.373825,0.006225,0.020535,5.309461
183587235559,-0.287287,-0.314746,0.285582,0.340431,-0.028344,-0.066016,5.546895
183687283099,1.041407,-1.156863,0.211359,0.473833,0.070467,0.005405,5.785257
183787330639,2.442948,-2.508846,-0.350320,0.270304,0.040349,0.094782,6.062922
183887378179,2.279679,-2.708913,-0.935151,0.475386,0.100346,0.113721,6.239665
183987425719,0.758400,-0.933386,-0.435871,0.315650,0.081655,0.072069,6.387739
184087473258,1.253862,-0.188259,0.356799,0.372868,0.084802,0.139402,6.697203
184187520798,0.409651,-0.412361,-0.272686,0.359303,0.125692,0.045858,6.892050
184287568338,0.940880,-1.561382,-0.111831,0.370373,0.061400,0.045562,7.085620
184387615878,0.529040,-1.840015,0.154863,0.368974,-0.014230,-0.018682,7.201997
184487663418,1.332397,0.561890,0.084241,0.070161,-0.043516,-0.066391,7.384970
184587710957,1.142733,-1.532281,-0.162843,0.253701,-0.014684,-0.118691,7.625730
184687758497,0.708927,-0.594373,-0.043578,0.126034,-0.041172,-0.028050,7.719248
184787806037,0.659295,1.082955,-0.296214,0.376405,0.068649,-0.001830,8.038060
184887853577,1.820431,1.065275,-0.370660,0.220514,0.045262,0.103078,8.096730
184987901117,1.674217,0.725309,-0.167030,0.322017,0.072082,0.009547,8.309852
185087948656,0.752045,-2.307116,-0.812477,0.250368,0.064899,0.187780,8.490356
185187996196,1.997429,-1.152430,-1.167745,0.349171,0.192420,0.278400,8.569042
185288043736,1.140927,-0.760454,0.388306,0.206623,-0.097057,0.111095,8.712679
185388091276,1.114623,0.817813,-0.406084,0.170103,-0.053715,-0.038282,9.058762
185488138816,0.759795,1.033039,-1.052506,0.124275,-0.137549,0.104953,9.089835
185588186356,3.004037,2.743153,1.820214,-0.205227,-0.092329,-0.091856,9.302397
185688233895,3.146546,0.494772,-1.146257,0.063326,0.155599,0.174570,9.487971
185788281435,3.399425,3.100050,-0.918633,-0.418172,0.113469,-0.091940,9.579514
185888328975,1.327497,5.805916,0.988469,-0.294926,-0.101734,-0.331686,9.658816
185988376515,-0.754319,-4.661547,0.026149,-0.504186,-0.186631,-0.529875,9.808476
186088424055,2.551839,-0.029362,-1.175137,-0.653650,0.064967,-0.186665,10.188746
186188471594,-1.388444,-3.340136,0.335672,-0.231518,0.166608,-0.131522,10.160910
186288519134,0.989486,3.191671,1.680007,-0.465422,-0.096721,-0.207092,10.374130
186388566674,2.741790,6.908796,0.741651,0.546481,0.014218,0.525876,10.512042
186488614214,0.085488,3.397536,0.399193,0.373823,-0.008299,0.000990,10.619156
186588661754,2.654942,5.226437,-1.149903,0.608328,0.062553,0.564526,10.799568
186688709294,0.675289,-4.636493,-1.059915,0.509304,0.125437,0.330695,10.971917
186788756833,1.676766,0.308099,-0.087732,0.120982,-0.062652,-0.095634,11.189828
186888804373,3.242348,-0.826279,0.366763,0.052976,-0.132232,-0.009716,11.290484
186988851913,2.579956,3.361387,0.998072,0.223871,0.018949,0.043967,11.435006
187088899453,1.595524,-0.372344,1.683841,0.432097,0.093352,0.446737,11.589739
187188946993,2.288588,2.699416,-0.815052,-0.077364,0.085699,0.092446,11.789286
187288994532,0.055481,1.840038,0.622631,0.246079,-0.194228,-0.034490,11.912558
187389042072,0.521697,4.428220,1.718803,-0.158210,-0.249801,-0.153136,12.039023
187489089612,0.892348,-1.335513,-0.917267,0.160345,0.130769,0.070371,12.249053
187589137152,0.163911,1.413345,-0.204599,-0.199112,0.074288,0.057127,12.402304
187689184692,-2.076669,1.338094,0.343720,-0.017254,-0.085758,-0.158828,12.562485
187789232231,0.963210,1.571893,-0.820732,-0.238819,0.013550,-0.196199,12.688814
187889279771,1.080406,1.745491,-0.075262,0.000233,-0.012117,0.064348,12.835864
187989327311,3.023906,1.352153,0.443315,-0.236434,-0.020434,-0.157193,12.959137
188089374851,2.774331,0.457600,0.018182,-0.118839,-0.024065,-0.018936,13.100793
188189422391,0.885131,-0.245955,-0.373157,-0.036039,0.017806,-0.019710,13.251983
188289469931,2.162189,0.774755,-0.095067,-0.160429,0.003310,-0.038515,13.355786
188389517470,2.031347,-1.514342,-0.229442,0.012110,-0.052093,-0.034311,13.500387
188489565010,0.600140,0.550228,-0.107875,-0.131167,-0.085965,-0.044487,13.628067
188589612550,0.651566,0.556786,-0.085337,-0.070957,0.018910,-0.144992,13.693883
188689660090,3.311018,-0.961134,-0.183367,-0.060887,0.005783,-0.001224,13.848935
188789707630,-0.458031,0.180042,-0.005598,-0.058937,0.069158,-0.000982,13.806804
188889755169,0.560947,0.721876,0.109450,-0.081277,0.023434,-0.052463,13.981256
188989802709,-0.750091,0.745173,-0.185792,-0.126488,0.086754,-0.050842,14.080023
189089850249,1.377980,1.405302,-0.083743,-0.288502,-0.015433,-0.089165,14.155528
189189897789,1.820757,-1.785814,-0.290992,-0.020205,0.075604,0.043429,14.206256
189289945329,-0.786933,3.503292,-0.051249,-0.234262,0.009124,-0.133572,14.398997
189389992869,-0.838629,-1.778205,0.081835,-0.099585,0.036269,-0.078081,14.599986
189490040408,-0.612355,2.862945,0.793411,-0.291965,-0.088707,-0.192393,14.635257
189590087948,-1.849176,-0.851664,0.062419,0.278337,0.015083,0.134387,14.588397
189690135488,-0.844067,1.304451,-0.092273,-0.183010,0.138810,0.065634,14.793121
189790183028,2.639518,2.027251,-0.028342,-0.088240,-0.028838,-0.172574,14.689855
189890230568,1.147509,2.259525,-0.120742,-0.193712,-0.126682,-0.271025,14.955826
189990278107,-1.861371,2.062460,-0.840481,-0.087290,0.095262,-0.015582,15.011188
190090325647,-0.007453,-1.491830,0.748758,-0.290911,0.121539,-0.056964,14.979766
190190373187,0.928599,-0.286293,0.589823,0.202375,-0.035745,0.047049,15.068995
190290420727,2.701854,0.284585,1.466708,-0.036292,0.245889,0.020903,15.036441
190390468267,1.003867,0.422767,0.585743,-0.039723,-0.183974,-0.110922,15.204839
190490515806,-0.154337,-0.563471,-0.871480,-0.127545,-0.272118,-0.475955,15.291697
190590563346,0.772086,0.930049,1.059140,-0.178899,-0.016896,0.098036,15.571585
190690610886,-1.119315,0.178139,1.033427,-0.030187,0.048790,0.069905,15.087042
190790658426,0.326201,-0.056362,0.008024,-0.016837,0.032829,0.068193,14.987804
190890705966,0.415975,1.755479,-0.895489,0.046253,-0.001007,0.173860,15.200750
190990753506,-1.487954,0.313421,-0.582766,0.078955,-0.024881,-0.117147,15.426243
191090801045,1.351356,-1.222103,1.147877,-0.063517,-0.120768,-0.024589,15.519585
191190848585,-0.167889,1.579410,-1.349812,-0.080120,0.150725,-0.014116,15.420702
191290896125,-3.912890,1.215224,-0.641591,-0.038264,-0.061661,0.045602,15.536245
191390943665,-0.707248,2.298300,-0.558799,-0.149850,0.053200,-0.047181,15.367002
191490991205,-0.752805,0.607843,-0.280589,0.040094,-0.054355,-0.003490,15.235150
191591038744,2.410763,-1.477425,-0.257961,0.087420,0.079815,0.041585,15.487901
191691086284,0.377220,0.950383,0.191130,-0.153183,0.029758,-0.026837,15.323620
191791133824,-2.273926,1.386761,-1.422262,0.108340,0.080281,-0.015488,15.520177
191891181364,2.394491,1.231276,-0.587117,-0.098353,0.046849,-0.040427,15.516290
191991228904,3.745347,0.310257,0.586159,-0.054091,-0.103282,-0.050387,15.585098
192091276444,1.759159,-1.942067,0.563720,-0.107174,-0.089741,-0.133525,15.776272
192191323983,-1.863800,0.514831,0.004728,0.008999,0.002186,0.062710,15.919967
192291371523,-0.853415,0.644532,-0.431241,-0.111530,0.099087,0.157739,15.763922
192391419063,-2.493465,2.124432,-0.086238,-0.125234,-0.099740,-0.134885,15.667556
192491466603,-0.220643,0.952064,0.474378,-0.057264,-0.110752,-0.074564,15.537536
192591514143,0.735729,1.072805,-0.692114,-0.058491,0.044272,-0.095230,15.799637
192691561682,-1.444277,-0.146476,-0.323033,-0.154506,0.042644,0.004495,15.998967
192791609222,1.252428,1.991723,0.261016,-0.173385,-0.079515,-0.136056,16.181678
192891656762,0.137779,0.448545,0.629428,0.105232,-0.067155,0.013179,16.359126
192991704302,0.991507,-1.058307,-0.436844,0.054838,0.121912,0.059175,16.439101
193091751842,0.613807,-1.688617,-0.886404,0.104040,0.100965,0.105061,16.319351
193191799381,1.447771,-0.103469,0.100445,0.050040,-0.092535,-0.114228,16.257566
193291846921,-0.235910,0.790692,0.059923,0.032927,-0.027883,0.043163,16.240044
193391894461,1.746111,4.194135,0.367516,-0.247333,-0.021962,-0.081395,16.380560
193491942001,1.648152,0.288272,-0.122774,0.369898,0.058636,0.060848,16.628274
193591989541,1.339570,-2.939167,0.139163,0.126869,0.082388,0.143029,16.590118
193692037081,1.003556,0.560143,-1.131804,0.269330,0.119054,0.147633,16.671413
193792084620,-0.668636,-0.553799,1.930778,0.234002,-0.223641,0.104347,16.654077
193892132160,1.561662,-0.541567,-1.559733,0.069812,-0.097440,-0.103829,16.707224
193992179700,1.288538,-1.484811,-0.968326,0.052201,0.151904,0.105271,17.077847
194092227240,-0.966706,1.428431,0.466766,-0.166103,0.176398,0.105844,16.699502
194192274780,2.915152,0.391698,-0.404268,-0.156637,0.068260,-0.095616,16.765477
194292322319,-0.255758,-1.714400,0.046737,0.154187,-0.018296,0.117141,16.923656
194392369859,3.236614,-0.571574,-0.077440,-0.019622,-0.104628,0.034722,16.836300
194492417399,-0.248326,4.534689,0.588975,0.505965,0.036844,0.299617,16.890951
194592464939,2.257361,3.364919,0.739368,0.232854,0.094239,0.289465,16.979330
194692512479,2.053883,3.606517,-1.237843,0.710199,0.082903,0.288147,16.915699
194792560019,-3.113258,-4.187142,0.631205,0.848481,-0.126194,0.446093,16.998960
194892607558,0.312294,4.948747,0.447160,0.143544,-0.061253,0.053002,17.153254
194992655098,-4.015111,-3.315086,-0.126032,0.718344,0.132259,0.381634,17.367812
195092702638,-2.275206,0.638302,1.187974,-0.267544,0.189611,-0.002041,17.121746
195192750178,-0.156827,-3.927477,0.766437,0.166879,0.027679,0.070019,17.323712
195292797718,-0.220788,-0.027807,-0.377128,-0.382337,-0.038856,-0.305136,17.368950
195392845257,-0.398254,3.401629,-0.317016,-0.217586,0.023156,0.035301,17.477883
195492892797,-2.037043,2.556131,-0.598682,-0.281749,0.017228,-0.148904,17.510108
195592940337,2.451233,1.265623,-0.433920,-0.226040,-0.030278,-0.152189,17.435785
195692987877,-1.246097,-0.548582,-0.545450,-0.167157,-0.087904,-0.057824,17.736860
195793035417,-0.140003,1.333725,-1.007948,-0.162136,0.046781,-0.169915,17.690223
195893082956,-0.923689,-0.083442,-0.001091,-0.059893,0.049393,0.092257,17.839621
195993130496,1.021652,0.312919,-0.915998,-0.082474,0.121197,-0.022511,17.797044
196093178036,0.235089,-1.336231,0.190905,0.098378,-0.009825,0.072543,17.860092
196193225576,2.752601,1.465050,0.639691,-0.163188,-0.144591,-0.189863,17.737333
196293273116,1.075397,1.650514,-1.043599,0.131852,-0.096867,0.094288,17.918229
196393320656,-0.918955,1.737453,-1.047268,0.102955,-0.040865,-0.031422,17.927278
196493368195,0.551757,0.954524,0.473950,0.168840,-0.026863,0.126541,17.930835
196593415735,-0.464174,-0.835824,-0.647126,0.184086,0.031760,0.073958,18.110417
196693463275,-2.188473,0.314460,-1.013022,0.141947,0.001319,0.083121,18.151873
196793510815,-1.995255,0.956348,-0.370581,0.056890,0.014944,-0.024489,18.084795
196893558355,-1.206280,-0.336650,0.399819,-0.065524,-0.039612,-0.162514,18.328969
196993605894,-2.115734,1.796347,0.287916,-0.174575,-0.063604,-0.034279,18.044492
197093653434,-0.562391,-2.132672,0.677477,-0.125630,0.033799,-0.123093,18.166450
197193700974,1.659977,0.353848,-0.327728,-0.195840,-0.017987,-0.129439,18.148782
197293748514,0.232880,0.813146,-0.143721,-0.144982,0.010002,-0.135434,18.145122
197393796054,-0.199052,-1.617446,-0.753721,0.080916,0.008398,0.042106,18.089765
197493843594,-2.558161,0.303418,-0.155373,-0.278976,0.005942,-0.184761,18.039971
197593891133,-1.326985,-1.015860,0.238486,-0.127505,0.080566,-0.076668,18.058592
197693938673,0.752930,-0.492608,-0.831292,-0.459027,-0.064247,-0.234904,17.971802
197793986213,-0.115414,4.452033,-0.237272,-0.197217,-0.006343,-0.188096,18.085421
197894033753,-1.815166,2.509704,0.565631,-0.248431,-0.016346,-0.101199,17.833418
197994081293,-0.224881,2.552824,-1.225288,-0.211319,0.096381,-0.028938,17.911026
198094128832,-1.515394,0.737539,0.068132,-0.132826,0.032740,0.068757,17.811572
198194176372,0.760642,1.432594,-0.994674,-0.192318,0.031654,-0.139575,17.649609
198294223912,-2.796461,0.893166,0.839398,0.086600,0.013186,0.067690,17.747311
198394271452,0.008558,-0.535745,-0.183203,-0.064932,0.097391,0.035466,17.883250
198494318992,-1.206199,-0.012684,-0.191385,0.062594,-0.015640,0.066850,17.966566
198594366531,-1.127296,0.666679,0.789049,0.015997,-0.082118,-0.001773,17.879366
198694414071,-0.042341,0.533146,-0.928848,0.128803,-0.119109,0.027536,17.914539
198794461611,1.639740,1.065802,-0.659584,-0.057599,0.075685,0.087867,18.043680
198894509151,-1.228940,1.341681,-0.907436,0.102686,0.083168,0.169745,18.046386
198994556691,-0.847029,-0.444190,-0.263499,0.003769,-0.091940,0.090813,18.037443
199094604231,0.695363,-0.966607,-0.654500,0.062087,0.107916,0.167830,17.971773
199194651770,-1.355869,5.025475,1.511811,-0.485971,-0.056144,-0.270222,18.039044
199294699310,-0.360939,-2.884931,1.187495,-0.296187,0.057816,-0.072401,18.005176
199394746850,1.266769,6.748603,-0.146628,-0.904847,-0.162310,-0.612716,17.957524
199494794390,-1.466224,-4.414578,0.144360,0.185809,-0.076797,0.110146,18.036629
199594841930,0.371242,-0.310842,-1.113937,-0.626082,0.046957,-0.367245,18.114877
199694889469,-1.081786,-6.210485,-0.419004,0.507593,0.132816,0.411857,18.041132
199794937009,-0.206488,1.676874,-0.036942,-0.082428,0.020722,-0.089647,18.064634
199894984549,2.866252,7.644822,-0.280019,0.920249,0.068982,0.561650,18.098300
199995032089,0.598737,3.232748,-0.469204,0.560433,0.039968,0.278330,18.050636
200095079629,0.694528,6.925623,-0.708441,0.575939,0.093272,0.361569,18.007118
200195127169,-2.127766,-3.119863,0.037397,0.780970,0.000127,0.413009,18.062076
200295174708,-0.019127,5.445025,-0.677219,-0.012165,0.026977,0.008962,18.055483
200395222248,-2.172832,-1.744478,0.002033,0.430445,-0.006054,0.240615,17.952107
200495269788,-0.171429,-2.469791,0.585433,-0.395058,0.028747,-0.287662,18.007017
200595317328,-0.720414,-0.913450,0.225703,-0.095423,-0.040346,0.011480,18.038595
200695364868,-0.452823,-1.789650,0.203768,-0.332855,0.025865,-0.283551,17.902781
200795412407,-1.306809,2.699299,0.735405,-0.325078,-0.108942,-0.181260,17.872258
200895459947,-1.015241,0.592747,-0.203879,-0.277004,-0.025264,-0.305798,17.908234
200995507487,0.502725,4.312310,-0.498839,-0.535303,-0.032773,-0.154013,17.882409
201095555027,-0.067458,-0.210680,0.668129,0.000123,0.064737,0.011784,17.768303
201195602567,-0.965882,5.778162,0.881625,-0.454548,-0.039315,-0.093235,17.679934
201295650106,0.313062,6.024023,-0.256146,0.338922,-0.009024,0.240991,17.774418
201395697646,0.318860,6.392233,0.201056,-0.594271,-0.054852,-0.296322,17.666178
201495745186,-1.862640,0.759368,-0.182504,0.016170,0.097426,0.046812,17.560579
201595792726,-2.085008,-2.168836,0.279584,-0.502555,0.028530,-0.178128,17.511940
201695840266,-2.523760,-1.512654,0.546431,-0.112526,0.049691,-0.092968,17.556855
201795887806,-0.115928,-0.755368,-1.132375,-0.415788,-0.073228,-0.139906,17.386291
201895935345,0.736301,4.594985,-0.579103,-0.349013,0.040235,-0.227978,17.321328
201995982885,-2.050773,0.190763,0.074147,-0.221262,-0.028064,-0.110094,17.388210
202096030425,-0.356427,4.523612,-0.406218,-0.448454,-0.002330,-0.189827,17.283344
202196077965,-2.800668,2.019128,-0.005774,0.174865,-0.000922,0.059880,17.177206
202296125505,-0.310257,4.360269,-0.501556,-0.141841,-0.076802,-0.082934,17.160506
202396173044,-2.277138,1.254415,0.136995,0.289801,-0.049679,0.106255,17.154123
202496220584,-0.566757,-1.798076,0.211018,0.031183,-0.015420,0.103708,17.070230
202596268124,-1.318095,-0.859770,0.884320,0.316319,-0.051655,0.213845,17.025496
202696315664,-1.374959,-1.324250,0.423177,0.156725,0.000330,0.133241,16.997135
202796363204,-0.331183,2.905023,-0.957298,0.226752,-0.054814,0.211482,16.945788
202896410743,-1.038193,-0.005911,0.409800,0.275132,0.033818,0.071450,16.934248
202996458283,-0.396193,3.176569,0.299235,-0.173119,-0.012921,-0.058827,16.916741
203096505823,0.080518,0.973584,-0.729046,-0.048183,0.072368,0.024306,16.855259
203196553363,-1.485280,-1.459155,0.365722,-0.268678,0.060487,-0.178499,16.827040
203296600903,-1.806297,1.791903,0.519634,-0.242144,-0.038098,-0.023568,16.766004
203396648443,0.584122,-1.367966,-1.011229,-0.040003,-0.182681,0.060208,16.828858
203496695982,-1.602967,2.293564,-0.246328,-0.339276,-0.003490,-0.242725,16.751606
203596743522,-2.441963,-2.762671,0.480039,0.371953,0.034288,0.427472,16.695680
203696791062,-1.378109,2.055109,-0.388397,-0.010802,0.019729,0.028979,16.727766
203796838602,-1.369624,7.019596,0.472316,0.584917,0.094626,0.307784,16.723240
203896886142,-0.740495,2.862464,-0.357740,0.367627,0.018554,0.282256,16.718211
203996933681,-0.343945,5.818136,-0.424120,0.330082,-0.031518,0.082900,16.661780
204096981221,0.685634,-1.552783,-0.026529,0.428921,0.081612,0.311906,16.653265
204197028761,1.136974,2.844018,-0.491014,-0.097259,0.023440,0.040330,16.660872
204297076301,-0.588815,-0.477904,0.884230,0.240468,-0.139022,0.071534,16.580484
204397123841,-0.553660,0.601791,0.218562,-0.211480,-0.057925,-0.073485,16.595592
204497171381,0.841336,-1.314168,0.189602,0.023747,0.092744,0.068827,16.596921
204597218920,-1.275311,1.269523,-0.720088,-0.127890,0.040423,-0.008577,16.523220
204697266460,-0.319569,2.502647,-0.018258,-0.055246,-0.014294,-0.107489,16.492742
204797314000,-1.791283,2.237100,0.192733,-0.212693,-0.107855,-0.142713,16.455992
204897361540,-0.124972,1.809939,-0.313571,-0.209125,0.032042,-0.028441,16.452025
204997409080,-0.637774,1.199327,0.037702,-0.031361,-0.003064,0.068731,16.395393
205097456619,-1.723975,1.083176,1.780092,-0.107561,-0.123622,-0.118472,16.342453
205197504159,-0.725520,-1.044963,-1.147377,-0.219189,-0.097605,-0.162610,16.327298
205297551699,-0.529261,3.464094,0.254315,-0.563766,0.025110,-0.230276,16.289821
205397599239,0.044823,-2.356847,-0.040943,0.101024,0.200161,0.113010,16.208912
205497646779,-1.644093,2.402823,0.268569,-0.169246,-0.038732,-0.037453,16.161105
205597694318,-0.766984,1.895954,-0.812269,0.282689,-0.137046,0.143076,16.018343
205697741858,-0.297264,2.845683,-1.194476,-0.110396,-0.074004,-0.075846,16.049210
205797789398,-1.297785,1.817235,0.605227,0.277545,0.111112,0.195122,16.052988
205897836938,-0.671134,-3.292081,-0.536780,0.265040,0.078652,0.162129,15.916084
205997884478,1.019966,0.386854,-0.265505,0.235540,0.060312,0.212309,15.784718
206097932018,-0.856259,-1.711733,0.252842,0.290769,-0.014014,0.076908,15.803435
206197979557,-2.178527,1.606425,-0.441459,-0.011776,-0.049114,-0.033677,15.743196
206298027097,-2.227362,-0.660158,0.185948,0.187540,0.050234,0.134385,15.547796
206398074637,0.193103,1.354090,0.191761,-0.102948,0.050956,0.018333,15.499755
206498122177,-0.708298,1.405601,-0.212034,0.007751,-0.031729,0.022283,15.359610
206598169717,-1.715984,3.133337,0.082106,-0.112460,-0.080234,-0.127312,15.284408
206698217256,-1.387878,-0.164845,0.243181,0.015412,-0.005554,0.126543,15.168196
206798264796,-3.046878,1.017055,0.404280,-0.026474,0.020969,0.022417,15.065663
206898312336,-1.750415,0.413065,1.048814,0.110242,0.001416,0.114790,15.024564
206998359876,-1.509543,0.607550,-1.524080,0.033528,-0.008797,0.124862,14.771159
207098407416,-2.432989,1.554075,0.771048,0.073412,-0.117463,-0.146393,14.594731
207198454956,-1.788691,3.953618,0.704805,-0.201134,-0.065398,-0.173260,14.499506
207298502495,-3.031319,-0.150569,-0.668383,0.033935,0.151516,0.110769,14.342367
207398550035,-1.010076,1.139505,0.083370,-0.208063,0.095587,0.014654,14.116346
207498597575,-2.073696,1.719275,-0.321670,-0.072872,-0.050451,-0.027030,13.965981
207598645115,-1.948169,0.081056,0.271607,-0.005143,-0.128610,-0.074645,13.818935
207698692655,-2.404781,0.899618,-0.333339,0.004377,-0.030177,-0.063553,13.601740
207798740194,-1.034052,-0.436118,-0.030815,-0.137062,-0.097865,-0.048692,13.238487
207898787734,-2.904706,1.429628,0.075008,-0.223536,0.134841,-0.020768,12.856575
207998835274,-3.146168,-0.206123,0.568283,-0.012895,0.091378,0.157398,12.521944
208098882814,-2.535857,0.641902,0.581396,-0.219118,-0.028946,-0.163295,12.183777
208198930354,-1.791037,-3.040268,0.761471,0.114499,-0.003363,0.128005,11.772462
208298977893,-4.644933,3.139726,-0.438551,-0.325397,0.016216,-0.109782,11.457100
208399025433,-4.381132,2.469504,-0.630566,0.361983,0.034702,0.228474,11.047885
208499072973,-4.822192,5.365107,0.338440,-0.120878,-0.040014,0.039988,10.820149
208599120513,-4.672370,2.549381,-0.139131,0.559453,-0.029774,0.295274,10.492885
208699168053,-4.883539,-2.388945,0.700731,0.283199,0.014207,0.228558,9.924742
208799215593,-3.792203,-2.116315,1.695358,0.094526,-0.050846,0.173487,9.617392
208899263132,-4.926741,-0.737683,-0.000998,0.176454,0.052470,-0.009921,9.345059
208999310672,-4.974251,5.213690,-0.446774,0.198485,0.092410,0.367183,9.171193
209099358212,-3.286523,-2.080065,1.667904,0.416475,0.116503,0.081786,8.545975
209199405752,-3.960268,4.821350,-1.505417,0.126101,-0.078816,0.046317,8.249802
209299453292,-3.969825,-1.610121,0.979626,0.446142,-0.104379,0.190351,7.909914
209399500831,-4.728638,2.280130,-0.031807,-0.106644,0.022394,-0.130298,7.637469
209499548371,-4.637437,-2.387702,0.142378,0.290318,0.008272,0.181103,7.326405
209599595911,-4.759648,-0.331886,0.215839,-0.134668,0.027123,-0.183528,6.854963
209699643451,-5.052499,-2.828578,0.266308,0.185609,0.062324,0.162766,6.649617
209799690991,-2.657281,-0.529842,0.378772,-0.191920,-0.024092,-0.117143,6.299140
209899738531,-4.326879,1.977879,0.264406,0.048328,-0.053257,-0.061441,6.041783
209999786070,-3.476455,0.133232,0.642096,-0.120582,-0.007737,-0.130561,5.734546
210099833610,-3.808016,0.290394,-0.164287,-0.029713,0.073480,-0.064917,5.445481
210199881150,-4.097412,-2.333129,0.493152,-0.018289,0.025488,-0.049871,5.287132
210299928690,-3.017104,0.248359,0.443177,0.241767,0.035872,0.012772,5.093194
210399976230,-2.784158,-3.401077,0.131587,0.426631,0.053164,0.159896,4.938092
210500023769,-3.465052,-1.662438,0.159296,0.153107,0.021689,-0.041576,4.716899
210600071309,-2.353139,-2.795573,0.420488,0.284079,0.063499,0.012464,4.524987
210700118849,-2.393596,-1.445947,-0.024440,0.217299,0.041059,-0.064251,4.506740
210800166389,-2.394312,-0.627662,0.104643,0.334544,0.031439,-0.035677,4.335127
210900213929,-2.692077,-0.988131,0.160838,0.268081,0.038276,-0.036930,4.410621
211000261468,-2.283723,-1.429554,-0.122660,0.350403,0.110251,-0.013156,4.182026
211100309008,-2.135243,-2.929039,0.532331,0.469132,0.068390,-0.004630,4.213166
211200356548,-2.364240,-0.648375,-0.532247,0.375688,0.018009,-0.121548,4.248291
211300404088,-2.539933,-1.232818,-0.334795,0.399890,0.005146,-0.031009,4.080824
211400451628,-1.748775,-0.946208,0.065570,0.487003,0.075630,0.033307,4.009119
211500499168,-2.883208,-1.962490,-0.011246,0.509332,0.097676,0.136793,3.814307
211600546707,-0.559166,0.404784,0.212916,0.395194,0.039192,-0.010276,3.676395
211700594247,-2.372497,-0.405612,-0.731598,0.599800,0.051163,0.133781,3.727615
211800641787,-2.568248,0.495578,-0.186701,0.401949,0.188445,0.039188,3.653113
211900689327,-4.597458,-1.708227,-0.429202,0.458279,0.154770,0.018690,3.534289
212000736867,-2.187025,0.837310,0.286572,0.278437,0.066585,-0.082116,3.711032
212100784406,-2.342284,0.112480,-0.037096,0.647022,0.196091,0.153629,3.588472
212200831946,-2.603003,-0.149894,-0.263422,0.529708,0.228985,0.170799,3.641361
212300879486,-0.575565,-1.401648,-0.418860,0.662308,0.177640,0.144074,3.672201
212400927026,-2.517450,-0.013376,-0.099838,0.654263,0.133878,0.130254,3.795824
212500974566,-0.175239,-1.873065,-0.125075,0.567993,0.047394,0.101051,3.885107
212601022106,-2.202512,1.406742,0.149924,0.610978,0.009957,0.053160,4.008287
212701069645,-1.792711,0.657927,-0.280428,0.570281,0.032871,0.101421,3.951967
212801117185,-2.975166,-1.522597,-0.021130,0.656743,0.008928,0.080354,4.134593
212901164725,-0.390156,2.139414,-1.348005,0.520955,-0.071511,0.046292,4.200765
213001212265,-1.665353,2.904240,-1.312008,0.623407,-0.056871,0.152688,4.525704
213101259805,-1.302034,-5.194427,0.443885,0.431200,0.000020,0.027577,4.583570
213201307344,-0.438649,1.765452,0.490899,0.520352,0.037374,0.196466,4.628298
213301354884,-1.447479,0.041136,0.475453,0.282308,-0.020536,-0.022011,4.962383
213401402424,-2.696340,0.557509,-0.233091,0.479120,0.031243,0.021299,5.055464
213501449964,-2.149605,-3.761207,-0.673602,0.217315,0.019846,-0.139770,5.092595
213601497504,-0.426630,0.546424,-0.377153,0.423897,-0.026041,0.083340,5.400795
213701545043,1.306522,-1.113726,0.316910,0.005160,-0.012176,-0.052318,5.384790
213801592583,-0.003994,-3.251974,0.022700,0.187567,0.047183,0.088532,5.689951
213901640123,-0.223411,-2.884392,0.623057,-0.155207,-0.015828,-0.185192,5.689865
214001687663,-1.306360,-1.284631,-0.673982,0.064367,0.035217,-0.000404,5.866538
214101735203,-2.507427,-0.912880,0.042556,-0.172936,0.006886,-0.134382,5.962719
214201782743,-1.169981,-1.161472,0.271131,-0.016001,-0.026513,-0.109325,6.339851
214301830282,-0.764042,-1.078783,0.239016,-0.005295,-0.053806,-0.074279,6.501464
214401877822,-0.138046,-1.905187,-1.199251,-0.031289,0.075205,-0.048266,6.577183
214501925362,-1.525453,-0.457076,0.242793,-0.012132,0.047309,-0.036669,6.432059
214601972902,-0.249672,-2.094242,0.425304,-0.096532,0.033274,-0.089764,6.536155
214702020442,-1.839009,-1.447607,-0.579258,0.013855,0.050672,-0.033713,6.500946
214802067981,-0.153453,-1.503587,0.657106,0.070212,-0.080972,-0.078093,6.699986
214902115521,-0.396714,-0.576315,0.400001,-0.050177,-0.040484,-0.061001,6.939555
215002163061,-0.044513,-1.976156,-0.093252,-0.063446,0.063117,-0.094938,7.105835
215102210601,0.964238,-2.746254,-0.412311,0.184250,-0.071374,0.044620,7.418606
215202258141,-1.327831,-1.311315,-0.139976,0.253485,-0.064216,0.070227,7.358751
215302305681,1.475653,-2.745391,0.483695,0.070003,-0.066628,-0.019526,7.442850
215402353220,-0.632161,-2.313701,-0.240128,0.060574,0.022742,0.119434,7.688421
215502400760,0.125305,-2.296628,-0.659521,-0.005853,0.006338,-0.026521,7.504774
215602448300,0.407028,-1.425900,0.729490,-0.088697,-0.123476,0.057375,7.865146
215702495840,-1.090977,0.145852,0.175211,-0.079362,-0.090561,-0.130800,8.190246
215802543380,0.787849,-1.202088,0.129444,-0.268635,0.033170,0.007900,8.130071
215902590919,-1.766343,0.605450,0.506853,0.004497,0.075259,0.033317,8.366606
216002638459,-1.152010,-1.807001,0.209272,-0.247105,-0.053865,-0.069006,8.350408
216102685999,-1.289640,-0.113167,-0.359241,0.222086,-0.043570,0.022139,8.224929
216202733539,-0.078570,0.479454,-0.023541,0.016838,-0.060260,0.045628,8.342296
216302781079,-0.150531,-1.980769,0.296966,0.129017,-0.041143,-0.003314,8.667604
216402828618,-0.630474,-1.040467,0.136775,0.132902,-0.028089,0.004490,8.552747
216502876158,-0.313273,-1.825870,0.708067,-0.001962,-0.073493,-0.053409,8.814231
216602923698,-0.124878,-1.401147,0.449885,0.026948,-0.047051,-0.008834,8.665041
216702971238,-1.729209,-1.122485,0.532366,0.076790,-0.040582,0.025122,8.939089
216803018778,1.710872,-0.726555,-0.118442,-0.032839,-0.048677,-0.120578,9.107472
216903066318,0.433384,-1.290241,0.121792,0.135091,-0.005290,0.013403,9.063018
217003113857,2.120531,-1.617245,-0.270366,-0.012526,0.022027,0.024431,9.099029
217103161397,-0.118608,-0.989392,-0.031346,0.186684,-0.034081,0.083178,9.165066
217203208937,-1.122441,0.087642,-0.369416,0.017614,-0.055013,-0.050379,9.206566
217303256477,-0.079074,0.078976,-0.280550,0.255117,0.009805,0.115255,9.372965
217403304017,-0.055635,-0.399254,0.325931,0.130279,0.045498,0.096043,9.430139
217503351556,2.120218,-2.893514,0.702829,0.244741,-0.031055,0.194612,9.491037
217603399096,0.588101,-1.341509,0.247041,0.185849,-0.026904,0.055181,9.489370
217703446636,3.276124,-2.803984,0.298046,0.226483,-0.107880,0.120967,9.511873
217803494176,-0.681176,0.383861,0.561692,0.346243,0.021176,0.261851,9.762179
217903541716,1.048010,-0.692490,-1.010923,0.137618,0.041735,0.098392,9.852810
218003589255,-3.084842,-0.244993,0.420453,0.363714,0.000619,0.148407,9.849262
218103636795,0.673552,-3.141317,-0.074375,-0.056936,-0.088135,0.040233,9.936657
218203684335,-0.857975,-0.980640,0.009694,0.164448,0.004706,0.079170,10.011699
218303731875,2.990361,-2.130269,0.827215,-0.116386,-0.050163,0.102983,10.054162
218403779415,1.900347,-1.537621,0.161823,-0.032576,0.005828,-0.074672,10.004078
218503826955,2.115818,-2.038924,0.181715,-0.220022,-0.058799,-0.059838,10.016468
218603874494,2.490294,0.252506,-0.789431,-0.129759,0.019885,-0.091364,10.204351
218703922034,-0.949621,0.182192,0.179352,-0.148978,0.085812,-0.107594,10.142626
218803969574,1.683462,-0.743442,0.022845,-0.218295,0.099568,-0.049856,10.208411
218904017114,-1.255652,-0.870658,-0.406939,-0.146961,0.073944,-0.089205,10.243253
219004064654,1.031080,-1.500837,1.266718,-0.142897,-0.176549,-0.083203,10.233294
219104112193,0.118953,0.869016,1.274703,0.140227,-0.164659,-0.001303,10.359126
219204159733,0.241753,-1.239973,-0.789244,-0.071222,0.112452,0.102520,10.409422
219304207273,1.676650,-0.807052,1.542851,-0.079350,0.159052,0.154639,10.400272
219404254813,0.097715,-1.155816,1.488245,-0.056011,0.015201,-0.056927,10.494019
219504302353,0.247053,-2.053122,-0.521845,-0.048508,-0.087573,-0.017926,10.476295
219604349893,0.939873,0.645046,0.775154,0.016034,-0.054216,-0.035279,10.578010
219704397432,1.233661,-0.915318,-0.530500,0.105374,-0.053139,0.093954,10.685491
219804444972,-0.649070,1.818474,0.552266,0.350111,-0.006667,0.261646,10.657358
219904492512,1.994229,-1.430714,0.240111,0.144510,0.014765,0.150072,10.734827
220004540052,-0.565605,-2.000812,-0.274984,0.057442,-0.042951,0.046137,10.800966
220104587592,1.105503,0.260945,0.309462,-0.240299,-0.070898,-0.152830,10.898697
220204635131,0.686971,-1.393588,0.075299,-0.082045,-0.015412,-0.110325,10.816721
220304682671,1.199547,-1.522867,-0.031647,-0.340721,-0.003427,-0.212213,10.999305
220404730211,4.505671,-0.891107,-0.016408,-0.306092,-0.142809,-0.167115,11.084540
220504777751,3.025220,-0.118959,-0.202475,0.326683,-0.012100,0.159316,11.044326
220604825291,3.022090,-1.851086,-0.537757,0.060012,0.073869,0.124573,11.210267
220704872830,-0.564304,-0.466142,-0.085320,0.272602,-0.045693,0.184601,11.257056
220804920370,0.997016,1.368607,0.399212,0.261061,-0.176021,0.063611,11.316921
220904967910,-1.751353,0.549372,2.244537,0.415048,-0.135267,0.191084,11.287238
221005015450,-3.165455,-1.470385,-1.283316,0.354491,0.134218,0.252554,11.449299
221105062990,4.070148,0.117837,-0.693477,0.004954,0.026301,0.030897,11.493340
221205110530,-4.131994,0.876689,-0.533054,0.222456,0.103050,0.221800,11.493021
221305158069,-1.896551,-1.812581,1.135526,-0.594127,0.060167,-0.310698,11.684861
221405205609,6.379039,-2.300383,-0.818000,-0.417519,-0.129510,-0.287542,11.810622
221505253149,0.665873,1.596012,0.275886,-0.180374,-0.050238,-0.096044,11.819055
221605300689,3.431133,-5.059406,0.314622,-0.547028,-0.015852,-0.256730,11.774586
221705348229,1.570849,-0.677642,0.417454,0.012063,-0.110408,0.175155,11.912597
221805395768,6.386482,-1.389510,0.095808,-0.518907,-0.067768,-0.275258,11.944719
221905443308,-0.984809,-0.084423,-1.080103,0.443660,0.102629,0.359230,12.051843
222005490848,-2.066642,-0.784169,-0.551816,-0.032865,0.017510,0.025498,12.143320
222105538388,-3.408304,-1.652488,0.263549,-0.042123,0.014184,0.009856,12.250563
222205585928,1.211072,-1.995370,0.673187,-0.307897,-0.015570,-0.169279,12.210957
222305633468,5.173945,-1.967789,0.156287,0.589501,0.013659,0.474954,12.266651
222405681007,6.483693,-1.725656,1.733875,0.231230,-0.068662,0.123813,12.383342
222505728547,5.477778,-2.858124,0.494417,0.845031,0.028375,0.519423,12.462455
222605776087,-6.452107,2.052051,0.098544,0.840617,0.130033,0.534691,12.320979
222705823627,6.477778,-0.212069,0.462316,-0.023484,-0.076699,0.169092,12.340034
222805871167,-4.067675,0.085422,0.838722,0.400581,-0.089067,0.040223,12.400862
222905918706,0.096875,-0.680726,-1.444438,-0.388823,-0.099475,-0.238790,12.575773
223005966246,0.098477,0.786883,-1.155137,-0.163087,0.191662,-0.228614,12.586017
223106013786,0.879155,-0.459056,0.610712,-0.468960,0.092785,-0.246351,12.565800
223206061326,3.723875,-0.942460,-0.634310,0.222504,0.027250,0.067202,12.749099
223306108866,4.085231,-0.107223,1.398952,-0.674827,-0.150218,-0.347347,12.692053
223406156405,-1.314989,-0.317579,0.535663,-0.004593,0.052455,-0.170764,12.508447
223506203945,-8.497742,-0.038079,1.718529,-0.938297,-0.102982,-0.418927,12.752672
223606251485,2.799983,1.034949,-0.043066,-0.699702,-0.146683,-0.598129,12.892360
223706299025,-3.428822,3.179988,-1.476051,-0.112752,0.146542,-0.048285,12.803865
223806346565,-1.018497,-2.464825,-0.141041,-0.083668,0.124153,-0.172204,12.760647
223906394105,2.314828,3.781933,0.311535,0.171782,-0.150403,0.051859,12.806437
224006441644,-4.233901,1.003305,-0.908219,0.360652,0.096867,0.298591,12.918179
224106489184,-0.215086,0.650027,-0.561243,-0.378381,-0.037555,-0.103911,12.943105
224206536724,0.204267,2.656072,-1.826204,-0.360805,0.005775,-0.146784,13.044034
224306584264,-3.183716,0.965051,0.208167,-0.539552,-0.140808,-0.248131,13.039783
224406631804,7.301540,-1.725639,-0.149826,-0.700916,-0.060584,-0.506192,12.953187
224506679343,-1.427505,2.234259,0.086514,-0.282941,-0.149105,-0.070294,13.013418
224606726883,8.290584,-2.787073,-0.784926,-0.875385,0.030585,-0.370856,13.222394
224706774423,1.466587,-0.665950,-0.819563,0.378126,0.070162,0.338675,13.143211
224806821963,7.788310,-1.964671,0.160046,-0.196942,-0.052101,-0.169225,13.129265
224906869503,0.460146,-1.939325,0.145373,1.000074,-0.093471,0.569609,13.072294
225006917043,-6.767657,1.940141,0.695857,0.293067,-0.111562,0.281571,13.158590
225106964582,-2.001671,1.126727,-0.560090,0.798273,0.032073,0.390564,13.202469
225207012122,-3.998027,-1.114533,0.012729,0.580539,0.035796,0.285682,13.336530
225307059662,4.284404,-2.196653,-0.053793,0.279678,0.088434,0.202199,13.243019
225407107202,-2.448010,-1.258897,2.120546,0.488862,-0.056895,0.362534,13.156363
225507154742,1.283597,-0.665150,0.349466,-0.096818,-0.053614,0.013704,13.230505
225607202281,1.521371,-0.016057,0.744284,0.065992,-0.236234,-0.054442,13.299924
225707249821,2.462719,-1.930518,0.163073,-0.417129,0.027830,-0.306258,13.269479
225807297361,-1.813728,-0.060487,0.713529,0.138331,-0.038737,0.016855,13.220272
225907344901,0.537847,0.269546,-0.659507,-0.084790,-0.075802,-0.086233,13.321493
226007392441,-2.539556,2.267473,-0.183503,0.573899,-0.066879,0.282318,13.434922
226107439980,2.161885,-2.334718,0.141474,0.027619,-0.034250,0.005765,13.338698
226207487520,-2.292390,-0.326028,0.674558,0.255846,0.082157,0.200060,13.237068
226307535060,3.109871,-1.852412,0.994942,-0.026488,-0.039502,0.000769,13.253870
226407582600,-2.647252,0.059710,0.024671,0.319979,0.006477,0.259016,13.321445
226507630140,2.358064,-0.519389,-0.823915,0.155080,0.045133,-0.015734,13.397181
226607677680,-4.390529,2.278522,-0.869281,0.619239,0.121780,0.332488,13.364890
226707725219,4.284265,-2.337671,0.004592,-0.031524,0.102240,-0.029005,13.390421
226807772759,-1.586213,-1.358589,-0.093109,0.569693,0.028480,0.285720,13.431102
226907820299,5.420220,-3.052998,0.397683,-0.244029,0.027640,-0.127288,13.415072
227007867839,-4.291863,1.081886,2.581366,0.554129,-0.183809,0.291107,13.349243
227107915379,1.577613,1.090498,-1.074425,-0.250893,-0.149324,-0.179471,13.417243
227207962918,-3.100384,3.374285,-0.557381,0.343632,-0.107786,0.244749,13.468935
227308010458,1.388021,-1.115011,-0.309959,-0.371057,0.035983,-0.276908,13.347881
227408057998,0.828862,-2.396352,0.941977,0.121077,0.067177,0.109499,13.298721
227508105538,1.625642,-0.704470,-0.244109,-0.165330,-0.082870,-0.045730,13.526058
227608153078,1.362630,-0.306865,-1.708813,-0.180979,0.100738,-0.210610,13.536266
227708200618,-2.398544,0.768587,-0.343634,-0.337310,-0.004165,-0.272500,13.507318
227808248157,-1.435828,0.272443,0.807626,-0.055538,0.067862,0.052043,13.403780
227908295697,1.511653,-0.757563,0.366253,-0.176214,-0.037585,0.018424,13.352913
228008343237,2.401052,0.252221,0.538624,0.034933,-0.100936,-0.027315,13.427232
228108390777,1.291427,2.704602,-1.049690,0.052747,-0.094409,-0.006735,13.519728
228208438317,-2.942338,1.141714,-0.284546,0.268571,0.085922,0.167179,13.532522
228308485856,-1.163686,-2.251762,-0.566687,0.175751,-0.076471,0.004802,13.566358
228408533396,1.798707,-2.471621,0.891477,0.321490,0.128200,0.321768,13.501584
228508580936,3.200677,0.326500,1.245554,0.156569,0.004536,0.258422,13.451173
228608628476,-0.325785,0.237387,0.123543,0.506356,-0.049783,0.399960,13.432837
228708676016,-3.018669,1.639190,0.886992,0.196711,-0.051873,0.056000,13.451183
228808723555,-3.958738,1.590730,0.219378,0.438122,0.024175,0.261333,13.458051
228908771095,-0.484992,-3.032698,0.688317,0.173277,-0.087563,0.210581,13.525721
229008818635,6.812720,0.302702,-2.573158,0.662386,0.104377,0.412320,13.557774
229108866175,1.325820,-1.715608,-1.602211,0.215032,-0.237595,-0.122455,13.479337
229208913715,3.290783,1.235032,0.443734,0.297192,-0.141481,-0.062939,13.448316
229308961255,-3.795064,-0.554082,0.904037,0.228650,0.205286,0.372262,13.534764
229409008794,0.120744,0.002530,-0.373758,0.125074,0.213320,0.196684,13.656542
229509056334,-1.938181,0.921336,-0.332970,0.244370,0.085299,0.048861,13.550080
229609103874,-1.152666,-2.785122,0.677479,-0.184287,-0.001997,-0.118912,13.346273
229709151414,-0.961431,0.822849,-0.077084,0.204374,-0.098765,0.141837,13.433447
229809198954,4.103332,1.560238,-0.800029,-0.299030,-0.133042,-0.009706,13.567404
229909246493,-0.724458,-2.360242,-0.402485,-0.031707,0.052270,-0.035704,13.562878
230009294033,0.492477,0.779744,-0.910788,-0.107927,0.036999,-0.051969,13.465912
230109341573,-4.000364,-0.220186,0.908548,0.062552,-0.018673,0.058039,13.398695
230209389113,-1.486833,-0.237616,0.715098,-0.365465,-0.094254,-0.220192,13.500354
230309436653,3.028492,0.620596,0.676929,-0.147605,-0.208693,-0.268463,13.479993
230409484193,1.839161,1.992506,0.069558,-0.207235,-0.125064,-0.339100,13.430522
230509531732,0.126560,0.222662,-0.378674,-0.054640,0.118236,0.003626,13.407227
230609579272,1.186508,5.123139,1.878561,-0.271232,0.276216,0.093771,13.331178
230709626812,4.768251,-0.248503,1.919620,-0.331392,0.070206,-0.184485,13.492847
230809674352,-2.523678,0.617112,-3.205188,0.021447,0.076938,0.049536,13.566491
230909721892,1.369199,-0.451118,2.334228,-0.050525,-0.324811,-0.396041,13.465216
231009769431,-1.282944,-8.241299,-1.099593,0.197421,-0.372188,-0.108029,13.435779
231109816971,-0.945219,-2.820797,-0.762253,0.373076,0.022524,0.340597,13.484016
231209864511,7.486434,2.407192,1.407490,0.669688,0.363897,0.532948,13.538701
231309912051,-8.033658,-1.088873,-1.163235,0.739145,0.382330,0.776027,13.592389
231409959591,1.661088,-0.370474,2.163988,0.003623,0.278401,0.111845,13.452379
231510007130,-1.892700,-0.235727,2.352638,-0.060849,-0.276490,-0.156575,13.481311
231610054670,-0.716519,-0.916255,0.297815,0.041998,-0.240845,-0.249570,13.539816
231710102210,3.157712,1.075245,1.407217,0.064952,-0.110107,-0.025871,13.455279
231810149750,1.451841,1.384883,0.440498,-0.283847,-0.081562,-0.076730,13.377384
231910197290,1.549177,-1.450023,-0.978198,-0.359585,0.007804,-0.093393,13.555161
232010244830,-2.335649,-0.690438,-0.881614,-0.198054,0.099378,-0.034161,13.668559
232110292369,3.467576,-3.278414,-0.819068,-0.554401,0.124773,-0.167063,13.557871
232210339909,-4.796952,-0.757446,-0.064557,0.397873,0.007849,0.240114,13.403572
232310387449,-5.188581,0.926211,1.748334,-0.089914,-0.176726,-0.206471,13.585167
232410434989,-0.079669,2.511723,-0.606215,0.543527,-0.187725,0.146623,13.538817
232510482529,1.466981,-1.102934,-0.462908,-0.040504,0.043269,0.012801,13.575870
232610530068,7.013876,0.116220,-1.434812,0.779935,0.069134,0.490176,13.523506
232710577608,3.007882,-2.035674,-0.580619,0.185275,0.102522,0.295421,13.456362
232810625148,0.388501,1.062488,-0.028188,0.490849,0.152329,0.395007,13.444356
232910672688,-2.820935,0.697524,-0.626403,0.200612,-0.083103,0.020235,13.533728
233010720228,0.539170,-1.813444,-0.506807,-0.150554,0.106706,-0.148908,13.616951
233110767768,2.201464,1.396045,-2.089113,0.003632,0.113465,0.025569,13.556629
233210815307,2.913577,-3.923735,0.724749,0.314535,0.002889,0.217950,13.475141
233310862847,-0.671732,-0.396211,1.696483,0.142842,0.088359,0.258730,13.456633
233410910387,-0.271724,-0.178012,0.489421,0.043157,0.016119,0.058496,13.508824
233510957927,-1.350362,1.143940,1.811369,0.477646,-0.263990,0.116923,13.565122
233611005467,-0.187735,0.598956,-0.271153,-0.148140,-0.034706,0.041558,13.554555
233711053006,-1.180194,-3.008769,-0.038080,-0.030598,0.134289,-0.019888,13.458655
233811100546,-0.745436,-1.474239,0.431247,-0.178136,0.020169,-0.062866,13.443021
233911148086,-2.950730,1.473578,0.779904,0.010074,-0.096005,-0.117059,13.481778
234011195626,-3.104685,1.558906,-0.673769,-0.476599,-0.019218,-0.177405,13.528064
234111243166,3.749536,3.604724,-0.522385,-0.460071,-0.072709,-0.349964,13.526826
234211290705,1.943342,-0.642584,0.272878,-0.518187,-0.104797,-0.336926,13.446850
234311338245,4.925169,1.476912,0.553551,-0.601461,-0.190907,-0.501952,13.444410
234411385785,-7.651817,0.637231,-0.108563,-0.735718,-0.195446,-0.601835,13.419820
234511433325,1.154374,-3.654557,-1.340578,-0.464373,0.118842,-0.029859,13.323496
234611480865,-1.645903,2.563276,1.402822,0.398109,0.080402,0.318705,13.251167
234711528405,-4.115103,1.236142,-0.938431,-0.193804,-0.037092,-0.102787,13.175575
234811575944,0.503990,-0.786525,-1.313862,-0.076110,0.018143,-0.112173,12.979421
234911623484,2.764049,-3.174159,-0.119381,-0.331808,-0.118942,-0.260870,12.762985
235011671024,1.579348,-1.188505,-0.855299,0.101173,-0.061796,-0.033823,12.448924
235111718564,0.737365,2.325782,0.257557,0.012427,-0.001720,0.025720,12.118004
235211766104,0.403483,3.700484,-0.205314,0.029839,0.029773,0.003491,11.936712
235311813643,-0.358064,3.046254,0.288282,0.177509,-0.142981,0.204122,11.666650
235411861183,-0.084056,2.173119,0.713721,0.087574,0.008498,-0.093960,11.314688
235511908723,-3.655637,0.013845,0.962267,0.247247,-0.128536,0.257004,11.087581
235611956263,-0.798184,1.552935,0.199949,-0.316963,-0.101513,-0.163284,10.953925
235712003803,1.493981,1.886702,0.000277,-0.349894,-0.009500,-0.018737,10.851220
235812051342,-4.008502,2.125988,1.372193,0.067852,0.039346,0.189096,10.805195
235912098882,-0.566303,1.525775,-0.847646,-0.207950,-0.004448,-0.131371,10.828480
236012146422,-2.515052,0.459640,-0.681517,0.322105,0.022999,0.160235,10.775983
236112193962,1.304176,-0.151099,0.496152,-0.015329,-0.087766,0.036943,10.734519
236212241502,5.563261,-0.237477,0.477428,0.559492,0.004705,0.357634,10.697037
236312289042,3.450328,-0.531486,-0.074029,0.042746,0.048214,0.069342,10.655391
236412336581,0.400807,0.667242,-0.252569,0.369081,0.010216,0.295076,10.669058
236512384121,-3.637654,0.025683,-0.483623,0.099365,0.035503,0.115748,10.684565
236612431661,-2.062926,-0.358092,-0.979435,0.581440,0.043491,0.347552,10.633783
236712479201,-1.555704,-0.438065,0.838399,0.391670,-0.142835,0.148462,10.552560
236812526741,4.802985,-1.578987,-1.583757,0.545439,-0.223308,0.214356,10.576669
236912574280,-1.079026,-0.738908,-1.236600,0.745026,0.092459,0.488581,10.468254
237012621820,11.567677,0.247527,-0.541977,0.099057,0.143070,0.261763,10.454323
237112669360,2.355976,-1.312592,-2.459201,0.406603,0.138959,0.415064,10.440185
237212716900,6.489618,0.169021,-2.281674,-0.724326,0.026247,-0.276286,10.415833
237312764440,-1.808648,-0.643913,-0.229238,-0.857063,-0.020999,-0.314992,10.322619
237412811980,3.481233,3.736607,1.308851,-0.858543,-0.152544,-0.409140,10.271843
237512859519,3.683636,0.872865,-0.338821,-0.748789,0.050037,-0.221507,10.353570
237612907059,-4.316197,0.036367,0.813855,-0.826969,0.038510,-0.423784,10.307024
237712954599,-3.006395,0.405444,0.214521,-0.342591,-0.055648,-0.076634,10.318935
237813002139,2.000445,1.677630,-0.534297,-0.729877,-0.099408,-0.186446,10.521826
237913049679,-1.972914,1.166127,-0.811522,-0.731328,-0.061165,-0.250462,10.408342
238013097218,-1.156579,0.505999,1.095171,-0.201346,-0.051335,0.049935,10.207936
238113144758,3.275485,1.395415,0.725323,-0.351719,-0.129586,-0.146693,10.327602
238213192298,2.776549,1.437203,0.439598,-0.435341,-0.187365,-0.093467,10.336159
238313239838,0.527063,0.875208,0.621816,-0.650478,0.106331,-0.055264,10.377018
238413287378,-6.540252,-0.393410,0.329891,-0.597801,0.147769,-0.063092,10.467152
238513334917,1.120359,-1.677281,0.037632,-0.928028,-0.354729,-0.438894,10.480035
238613382457,-8.482880,-2.222369,-0.355121,0.753506,-0.181085,0.419642,10.398290
238713429997,4.163787,-0.611988,0.676872,-0.027141,-0.237678,0.108943,10.465374
238813477537,12.013278,0.634488,-2.011353,1.064057,-0.052359,0.629996,10.566770
238913525077,1.359516,-2.214867,0.058326,0.918603,0.072661,0.782427,10.728631
239013572617,8.721652,3.030556,0.487408,0.359822,-0.019891,0.344485,11.153228
239113620156,-2.043328,-1.215198,-0.794034,0.808619,0.171274,0.587082,11.179135
239213667696,6.830095,1.816112,-0.054118,-0.121360,0.097505,0.097081,11.384513
239313715236,-5.820921,-3.646662,0.615971,0.467411,0.146660,0.225175,11.214841
239413762776,-3.337299,-3.221780,0.727204,-1.154950,-0.134126,-0.727818,11.349828
239513810316,-6.720449,-4.434895,0.342057,-0.536449,-0.135076,-0.247161,11.304372
239613857855,-3.838609,-1.082985,0.093741,-1.367754,-0.063964,-0.809756,11.388588
239713905395,10.370277,3.714632,-1.616566,-1.261603,-0.030501,-0.620090,11.460541
239813952935,-2.179617,-4.629923,-0.621526,-0.670929,0.082459,-0.221263,11.431891
239914000475,10.632319,2.146794,0.421698,-1.207706,-0.093820,-0.659877,11.664298
240014048015,2.117283,0.197341,0.042368,0.291154,-0.064396,0.261279,11.234920
240114095555,10.929754,3.064495,-0.657073,-0.276979,-0.023210,-0.179760,11.212383
240214143094,3.998924,0.189470,-1.672523,1.445617,0.009618,0.662818,11.402278
240314190634,-8.270899,-5.811000,-2.058222,1.067261,0.116471,0.523163,11.865743
240414238174,8.588050,0.455772,-3.281242,0.860788,0.305893,0.292324,12.275142
240514285714,-5.942230,-9.939011,1.630560,1.251621,0.189179,0.812603,12.214802
240614333254,5.982787,-1.497102,1.993971,0.716506,-0.182342,0.085499,11.705803
240714380793,-5.156373,-1.812153,3.491445,1.355373,-0.168940,0.737727,11.944367
240814428333,11.648858,8.287880,-1.584235,0.420870,0.157235,-0.014012,11.996373
240914475873,5.741064,-0.691491,-1.012808,0.805237,0.171286,0.407222,12.091515
241014523413,10.519507,2.047259,-2.572373,-1.054224,0.083363,-0.704472,12.207319
241114570953,-2.639155,-1.919574,-0.248419,-0.128819,-0.059115,-0.143066,12.487466
241214618492,-11.662606,-7.295581,1.779515,-1.419008,-0.102134,-1.003258,12.099050
241314666032,-3.218757,-3.422104,0.697598,-0.677903,-0.166948,-0.414673,12.180663
241414713572,-3.593631,-1.592225,3.594317,-0.719447,-0.021410,-0.556650,12.166121
241514761112,2.590095,0.016143,1.256114,-0.377638,0.067425,-0.020418,12.142417
241614808652,-3.064824,0.762523,1.915077,-0.206559,-0.057679,-0.016935,12.441569
241714856192,0.378992,-1.832810,0.070797,-0.065765,0.154139,0.012803,12.640348
241814903731,3.077681,0.945171,-0.957810,0.536373,-0.070914,0.436288,12.523216
241914951271,2.311098,1.906402,1.225960,0.467483,-0.309823,0.104227,12.294442
242014998811,-0.208216,-2.273737,-0.590042,0.989756,-0.159705,0.604390,12.473610
242115046351,-5.952377,-1.293693,0.259482,1.011690,0.015265,0.388910,11.591404
242215093891,3.983952,-1.421172,-0.092539,-0.185987,0.170255,-0.141269,11.867527
242315141430,-6.736311,-3.801128,1.375845,0.637426,-0.015865,0.383460,11.654309
242415188970,-2.493635,0.173147,0.495000,-0.281387,-0.105664,-0.159536,11.482990
242515236510,-2.245133,3.893969,-0.558906,0.173932,-0.147963,-0.110555,11.653508
242615284050,-0.401733,1.517536,-0.230074,0.460770,0.120892,0.291760,11.528110
242715331590,-4.139356,-1.086993,-0.314425,0.180304,0.058900,0.241919,11.586934
242815379130,-4.869951,-2.320705,0.907124,0.148918,0.036610,0.208639,11.573546
242915426669,2.866967,5.214263,0.709497,-0.246479,-0.151565,-0.070342,11.532120
243015474209,3.688599,3.169003,0.660057,1.042970,-0.044482,0.721466,11.236096
243115521749,7.377383,3.076051,0.633508,0.343213,0.255476,0.091597,11.431040
243215569289,8.048743,4.968631,-0.110740,1.369473,0.051778,0.716147,11.358603
243315616829,-7.102217,1.751221,-1.278538,1.107829,0.186090,0.549230,11.343438
243415664368,4.794193,1.393732,-0.237690,0.318430,0.171654,0.093294,11.296013
243515711908,-6.754741,-2.186869,-1.486845,0.578252,0.200252,0.269003,11.124911
243615759448,-8.557323,-3.608742,1.300077,-1.027947,0.015694,-0.567081,11.224009
243715806988,-4.631899,-3.915879,-0.687094,-0.645432,-0.083564,-0.528861,10.665919
243815854528,-10.787581,-2.289188,2.738053,-0.723576,-0.380396,-0.466090,10.795677
243915902067,2.912263,1.199435,0.713599,-0.982790,-0.211110,-0.834136,10.739811
244015949607,-10.591377,-2.931270,-0.704013,-0.066257,0.188638,0.007176,10.544605
244115997147,9.732467,1.787757,-2.907528,-0.618958,0.062103,-0.346196,10.647035
244216044687,9.787396,0.867792,-4.117070,1.878455,-0.184709,0.909954,10.307794
244316092227,5.438223,-4.107853,-0.603204,0.947915,0.026978,0.335852,10.508023
244416139767,6.616977,1.358881,-0.868361,1.586698,0.122386,0.667303,10.207419
244516187306,-8.045322,-4.548488,-0.298905,1.309559,0.265299,0.945007,10.288447
244616234846,4.655546,0.737045,-0.860667,0.256343,0.197498,0.228754,10.391432
244716282386,-8.805543,2.203819,0.984793,0.895196,-0.059537,0.033388,10.426449
244816329926,-7.840450,-1.178839,-0.554373,-0.569706,-0.005101,-0.589356,10.151045
244916377466,-2.028418,-2.582152,-1.504880,-0.174034,-0.022145,-0.135341,10.100905
245016425005,-0.387203,1.846589,0.906718,-0.236499,0.030883,-0.395733,9.596315
245116472545,2.668712,1.533172,-1.624089,-0.103028,0.090812,0.038331,9.671688
245216520085,-3.153105,-0.144378,1.186005,-0.309404,0.071667,-0.326992,9.663512
245316567625,-2.690658,0.021328,0.114688,-0.158690,0.007440,-0.255316,9.189122
245416615165,-3.214201,2.126466,-0.733816,-0.568040,0.117497,-0.162588,9.193678
245516662705,1.724436,1.635333,-1.099452,-0.615057,-0.092434,-0.536014,8.647312
245616710244,-0.122070,3.209621,-0.581729,0.312765,-0.142432,-0.069803,8.652770
245716757784,-2.297352,2.462906,-0.459650,0.100050,0.069063,0.017342,8.381946
245816805324,-2.144148,1.486640,1.054669,-0.495170,0.071375,-0.353500,8.326119
245916852864,5.817935,1.449823,-1.788053,-0.240848,0.053676,0.015865,7.859574
246016900404,4.014949,1.165474,-0.834939,-1.219237,-0.033505,-0.575735,7.972959
246116947943,7.260106,-2.280519,0.660305,-0.988190,-0.204259,-0.746575,7.787979
246216995483,-7.300045,0.267244,-0.719717,-0.209532,-0.147348,-0.227008,7.477962
246317043023,-7.964100,2.963613,1.063023,-0.722860,0.084938,-0.383133,7.153357
246417090563,-5.452818,6.344032,0.235562,-0.302679,0.042321,-0.182369,6.852957
246517138103,5.235331,1.427160,-1.372408,-0.826475,0.019366,-0.539102,6.644057
246617185642,2.255755,2.466782,-0.158252,-0.390768,-0.101004,-0.275255,6.346540
246717233182,-5.553015,0.901190,-1.152744,-0.688655,-0.092745,-0.373250,6.293086
246817280722,-2.834261,-0.337152,0.006801,-0.555273,0.000511,-0.331958,5.837814
246917328262,-5.487209,2.858993,0.580371,-0.435771,-0.078301,-0.179473,5.693050
247017375802,1.200817,-0.413105,-0.267065,-0.573765,0.192445,-0.307615,5.964113
247117423342,-6.300723,3.118414,-0.833581,0.468824,0.102083,0.477884,5.441272
247217470881,-1.035279,2.212520,-0.101243,0.049150,-0.098614,-0.061060,5.526955
247317518421,0.495237,1.385956,-1.105212,0.139134,-0.080272,0.007721,5.235717
247417565961,2.508162,1.737999,-1.289910,0.048640,0.136667,0.157576,4.895094
247517613501,3.272660,4.009335,0.617910,0.333239,0.275117,0.219900,4.680494
247617661041,-2.444365,1.752245,-0.654069,0.402360,0.047572,0.261183,4.531537
247717708580,-0.105291,1.816784,-1.154220,0.245646,0.001917,0.053003,4.494014
247817756120,-0.076591,1.867886,-1.053237,0.151707,0.046638,0.182255,3.861194
247917803660,2.146766,2.548292,-0.906375,0.214321,0.078961,0.177062,3.837120
248017851200,-1.089083,1.582229,-1.396096,0.186097,0.183372,0.232690,3.495168
248117898740,0.793506,1.362510,-1.123120,0.022196,0.100356,0.104757,3.256809
248217946280,-0.088518,0.934864,-0.099122,-0.084574,0.076478,0.054939,3.261794
248317993819,0.253756,2.140059,-0.378750,-0.112882,0.063292,-0.023350,2.840076
248418041359,0.881739,2.494263,-0.178056,-0.101860,-0.046242,-0.009146,2.948871
248518088899,-0.765124,1.930033,-0.847113,-0.181510,0.037279,-0.043138,2.639823
248618136439,0.423611,2.227848,-0.932340,-0.116372,0.007673,0.064854,2.267491
248718183979,0.253027,2.557575,-0.552529,-0.040401,0.051282,0.022396,1.755437
248818231518,0.771690,3.403418,-1.268220,-0.025186,0.071008,0.096943,1.935520
248918279058,1.468130,2.149464,-0.379693,-0.261802,0.110473,-0.042671,1.488094
249018326598,0.150459,2.000203,0.483082,-0.160980,0.007768,-0.044741,1.572928
249118374138,-1.072581,1.742093,-0.217453,-0.170518,0.017994,-0.087235,1.479253
249218421678,-0.604885,0.159350,-0.390281,-0.148946,0.067149,-0.007429,1.657886
249318469217,-1.205758,0.922323,0.131874,-0.137698,0.058211,0.050487,1.516015
249418516757,0.123997,0.004805,-0.682811,-0.190131,0.019170,-0.029772,1.687756
249518564297,-1.921055,0.405720,-0.135803,0.052782,-0.030053,0.069336,1.793497
249618611837,0.497574,-0.784053,0.144563,-0.097021,0.006463,-0.018901,2.070100
249718659377,0.673919,-0.739915,0.370206,0.091502,0.034465,0.061616,2.302088
249818706917,0.897193,-0.961642,0.710213,-0.040389,0.046297,0.043569,2.199593
249918754456,-0.632485,-1.379912,0.371124,0.022635,-0.019072,0.022489,2.251164
250018801996,-0.677036,-1.029437,0.516133,0.002003,-0.115258,-0.013849,2.280576
250118849536,-0.212678,-0.655011,-0.124428,0.032106,-0.087645,-0.012790,2.328711
250218897076,0.281851,-1.250930,-0.310982,-0.027765,-0.014625,-0.030766,2.384930
250318944616,2.123245,-0.721199,-0.537832,-0.014714,0.016016,0.037273,2.404987
250418992155,1.285516,-1.278394,0.194855,0.021172,-0.004519,0.109958,2.778885
250519039695,2.163947,-1.233253,0.212766,0.004836,0.038256,0.121445,3.175366
250619087235,-0.793830,-1.887009,0.864512,0.002037,-0.004979,0.182052,3.371664
250719134775,1.021435,-2.792597,0.706764,-0.167343,-0.044275,0.023961,3.469905
250819182315,-0.210519,-2.735994,1.045024,-0.120734,-0.078392,0.075208,3.710639
250919229855,0.300396,-1.956727,0.590660,-0.334781,-0.030960,-0.041845,3.962837
251019277394,-0.067986,-2.417799,-0.168729,-0.296837,0.056449,-0.027062,4.291966
251119324934,0.512328,-2.330072,-0.383125,-0.333672,-0.027723,-0.080903,3.937026
251219372474,1.995554,-2.144748,-0.297093,-0.268138,-0.069216,-0.086496,4.600047
251319420014,0.687081,-1.682368,0.382015,-0.285737,-0.122042,-0.075225,4.904664
251419467554,1.570090,-1.607611,0.978270,-0.315082,-0.025003,-0.064849,5.130556
251519515093,2.434393,-2.222217,1.085545,-0.221214,-0.000341,-0.057799,5.305765
251619562633,3.200622,-1.482923,1.032472,-0.217673,0.005409,0.070032,5.488778
251719610173,2.385113,-1.844342,0.276101,-0.119270,0.024028,0.135434,5.691956
251819657713,0.490691,-3.048950,-0.412520,-0.185403,0.024740,0.129525,6.215735
251919705253,1.096328,-2.949220,0.124125,-0.177220,-0.113519,0.001420,6.054687
252019752792,0.411276,-1.805670,0.719663,-0.133566,-0.133709,-0.118568,6.360250
252119800332,1.771418,-0.936509,0.128740,-0.241374,-0.095812,-0.133473,6.349501
252219847872,-0.144101,-1.402200,0.254086,-0.133027,-0.028378,0.066889,6.497873
252319895412,2.577262,-0.631855,-0.127316,-0.473632,-0.021193,-0.152748,6.847951
252419942952,3.264432,-0.300256,-0.036896,-0.162442,0.011787,0.052196,6.938027
252519990492,3.672377,-0.189800,-0.583597,-0.759669,0.029967,-0.313911,7.064403
252620038031,2.118723,-1.233512,0.205183,-0.414178,-0.074709,-0.251554,7.412004
252720085571,-0.041424,-3.748759,-0.225610,-0.328055,-0.112651,-0.214994,7.444884
252820133111,1.067836,-1.897796,0.573906,-0.393570,0.006122,-0.175930,7.619220
252920180651,-1.874775,-2.965627,1.100049,-0.147320,-0.064441,-0.112167,7.907124
253020228191,0.061465,-2.232735,0.044119,-0.125106,0.012384,-0.057708,7.940363
253120275730,0.053551,-1.203451,-0.307564,0.105996,0.002303,0.090580,8.275399
253220323270,0.141206,-2.165030,-0.313378,-0.136760,-0.023672,-0.075957,8.435002
253320370810,3.751481,-1.468618,-0.294286,-0.234493,0.052374,-0.207268,8.610583
253420418350,3.575636,-0.670716,0.060638,-0.677864,-0.095883,-0.325123,8.862691
253520465890,5.315775,-0.413070,-0.441840,-0.538418,-0.030689,-0.257740,8.903586
253620513429,-0.041087,-2.201433,0.139411,0.049154,0.027706,0.068232,9.197545
253720560969,4.588551,-0.104667,0.146440,-0.083580,0.097148,-0.029478,9.477679
253820608509,2.563428,-1.567446,0.031313,0.530783,0.128433,0.218342,9.472544
253920656049,-1.586190,-3.438813,1.352780,0.442482,-0.012669,0.291468,9.418403
254020703589,2.460498,-0.554288,0.533781,0.115838,0.017531,-0.019671,9.712496
254120751129,-3.067175,-3.236802,0.452292,0.339596,0.034099,0.268507,9.968768
254220798668,-0.263401,-2.048203,0.524228,-0.221982,0.080199,-0.132603,10.260457
254320846208,-1.520668,-2.582167,0.051058,0.093811,0.046091,0.000636,10.425835
254420893748,3.951335,-0.000482,-0.004806,-0.457831,-0.021018,-0.258355,10.368775
254520941288,6.440346,0.444842,-1.936102,-0.490422,0.141053,-0.195768,10.639701
254620988828,2.878286,-0.356409,-0.262355,-1.099878,0.020376,-0.492041,10.661669
254721036367,6.462069,1.683918,-1.231708,-0.776680,-0.139188,-0.544809,10.824107
254821083907,0.715296,-2.285776,-1.302804,0.071356,-0.076595,-0.011059,10.913470
254921131447,3.813093,-0.276069,-1.048407,-0.238359,0.293735,0.077917,10.987779
255021178987,0.010897,-0.722896,1.275852,0.147566,0.282986,0.268989,11.120597
255121226527,2.386920,0.025336,0.813986,0.074746,0.137393,0.185169,11.284530
255221274067,1.295318,-1.615548,-0.178664,0.111312,-0.089181,0.034060,11.342358
255321321606,1.707844,-0.018934,0.170055,-0.152799,-0.031289,-0.066386,11.460834
255421369146,1.432691,0.414667,-0.404996,-0.142672,-0.092858,-0.037370,11.273874
255521416686,2.300052,-0.568915,-0.234662,-0.247128,-0.085309,-0.082523,11.578905
255621464226,1.465043,0.180761,0.253724,-0.324394,-0.120574,-0.181700,11.528825
255721511766,-1.256588,-1.507235,-1.058934,-0.408880,0.035242,-0.163513,11.708561
255821559305,2.415772,-0.505664,-0.511406,-0.580944,0.144136,-0.085082,11.661054
255921606845,-4.080855,-3.775686,0.467048,0.118265,0.049005,0.078011,11.848555
256021654385,-2.237209,-0.909498,1.320502,-0.155816,-0.245672,-0.088300,11.807536
256121701925,-3.192200,-1.562121,0.006493,0.451921,-0.076440,0.239975,11.898209
256221749465,2.048014,0.201004,-0.080516,0.042630,0.066043,0.225948,11.981944
256321797004,3.987784,2.217547,0.570971,0.578398,0.160906,0.429826,11.968442
256421844544,3.087628,1.183602,0.143809,0.451356,-0.059173,0.508102,11.984866
256521892084,1.017839,-0.770444,-0.534704,0.731535,-0.082467,0.403142,12.264438
256621939624,-3.233217,-2.911584,-0.611681,0.666616,0.080290,0.451118,12.378857
256721987164,2.266390,-1.294963,0.756878,0.334807,0.071975,0.312781,12.206814
256822034704,-1.911008,-4.070947,-0.528233,0.531242,0.170710,0.315128,12.327224
256922082243,1.198526,-0.445516,0.205752,-0.181553,-0.075669,0.031355,12.483707
257022129783,-1.722517,-3.472410,0.840272,0.283007,0.053912,0.173442,12.531643
257122177323,4.911677,0.909452,-0.796983,-0.505945,-0.072001,-0.126544,12.449909
257222224863,3.975259,3.064165,-0.761275,-0.011952,0.112778,0.060849,12.761505
257322272403,4.184063,3.762541,-0.321499,-0.631253,0.049495,-0.174915,12.575366
257422319942,1.594844,-0.563141,-1.869709,-0.395856,0.280517,-0.093430,12.675049
257522367482,-1.938528,0.531028,1.422550,-0.727446,0.155265,-0.240851,12.711466
257622415022,1.757851,0.847961,0.522166,-0.669063,0.021360,-0.316653,12.786676
257722462562,-1.561578,-3.228011,-0.623659,-0.258748,-0.003018,-0.074912,12.952567
257822510102,0.838421,1.226975,-0.410520,-0.441712,-0.110737,-0.243402,12.676241
257922557642,-1.039498,-1.391629,0.552779,-0.017230,-0.112014,0.026329,13.127826
258022605181,3.367122,2.182654,-0.148773,-0.179109,-0.015727,-0.049676,12.883356
258122652721,5.184920,3.289050,-0.094178,0.552029,-0.016002,0.404219,12.895298
258222700261,3.471435,4.230522,-1.073958,0.193595,0.010489,0.164268,13.154987
258322747801,0.504323,0.989683,-0.500355,0.650119,0.035789,0.458795,13.103086
258422795341,-2.417093,-3.225004,-0.105829,0.375024,0.117928,0.247483,13.149645
258522842880,0.209061,-2.698009,0.530951,0.433535,0.029544,0.245233,13.124724
258622890420,-2.642624,-2.315748,0.621093,0.342950,-0.020756,0.170335,13.311736
258722937960,0.343606,-1.252679,-0.084287,-0.129449,0.044595,-0.072161,13.309044
258822985500,1.106741,-3.082022,2.028403,0.210258,-0.048262,0.135812,13.020343
258923033040,1.669559,1.039084,0.906340,0.042580,-0.063125,0.010944,13.058455
259023080579,-2.788917,-2.495828,-2.236897,0.285585,0.226189,0.249696,13.258812
259123128119,0.337289,1.749516,-4.072316,0.031777,0.349890,0.037662,13.796699
259223175659,1.935746,1.713427,-1.634515,0.236770,0.218066,0.121376,13.517132
259323223199,2.892758,-2.079478,0.069743,0.416333,0.089733,0.379346,13.549595
259423270739,-2.194685,-2.660629,2.489784,0.090892,-0.231309,0.152787,13.409539
259523318279,-5.202217,-3.654391,3.500341,0.559578,-0.198423,0.317903,13.493296
259623365818,-1.728854,0.440005,2.185079,0.159514,-0.169494,0.043049,13.592077
259723413358,1.194279,0.400804,-0.648707,0.453172,0.011741,0.139227,13.576906
259823460898,0.940756,1.348596,-1.465148,0.231965,0.036359,0.022347,13.560133
259923508438,0.361509,-1.673135,-1.659119,0.711785,0.033938,0.246419,13.571915
260023555978,-3.264583,-3.024247,-0.656152,0.432356,0.064676,0.096208,13.094948
260123603517,-1.727119,-2.758338,0.718736,0.302239,0.011368,0.217591,13.374331
260223651057,0.621875,1.950938,1.311619,0.047792,-0.136210,-0.129147,13.497769
260323698597,1.381109,0.787890,-0.494025,0.523703,0.022091,0.157896,13.407675
260423746137,-1.630049,-1.884679,0.346026,0.313634,0.034270,0.066733,13.561325
260523793677,-0.854979,-1.868440,-0.351739,0.281462,0.037911,0.082296,13.367963
260623841217,-2.664817,-3.187087,1.029583,0.260813,-0.076307,0.072124,13.170298
260723888756,-1.956735,-2.355292,1.243250,0.419408,-0.084142,0.104970,13.308988
260823936296,-4.443783,0.325659,1.082790,0.299402,-0.172497,0.098853,13.220569
260923983836,-1.780276,-0.716065,-0.832249,0.071049,-0.047781,0.018150,13.241877
261024031376,-2.134032,-1.403620,1.081749,0.023376,0.036940,0.016196,12.931479
261124078916,-1.536863,-0.788816,0.182528,0.117083,0.011221,0.101337,12.864180
261224126455,-0.768537,1.841757,-0.377952,0.003342,-0.095879,-0.014171,13.057556
261324173995,-1.016162,0.625261,-0.326814,0.172022,-0.026006,0.015079,12.786365
261424221535,-1.259296,0.287068,-0.780562,0.072281,0.111016,-0.055279,12.890149
261524269075,-0.743629,0.097331,-0.428931,0.299603,0.148280,0.042380,12.859181
261624316615,-0.793107,0.210944,-0.699583,0.350329,0.017688,0.082968,12.855435
261724364154,0.079246,2.366136,0.461510,0.324458,0.157198,0.081027,12.869836
261824411694,-1.482662,-3.180038,0.486153,0.497088,0.140650,0.366212,12.685112
261924459234,-0.393690,0.368417,0.766140,0.092639,-0.049233,-0.043707,12.747895
262024506774,-2.793659,-1.415446,0.886590,0.149218,-0.109261,-0.164198,12.663178
262124554314,-5.394038,-3.371331,0.174737,-0.123947,-0.088072,-0.285784,12.610811
262224601854,-4.418381,-4.128207,0.457371,0.324362,-0.022455,-0.043176,12.644411
262324649393,1.021720,0.408663,-1.132005,-0.173626,0.050270,-0.191233,12.615343
262424696933,-0.396285,-1.730783,-0.796424,0.219013,0.015836,0.059190,12.520043
262524744473,-0.777464,-1.928455,-0.807145,-0.069992,0.035593,-0.061940,12.605237
262624792013,0.739179,0.586331,0.061577,-0.067615,-0.069880,-0.242310,12.413333
262724839553,-2.979702,-3.935534,0.692253,0.160028,0.008066,-0.077788,12.550343
262824887092,-5.375273,-2.807150,1.134688,0.178475,0.055654,0.011147,12.560873
262924934632,-0.817050,-0.181964,0.684826,-0.262639,0.034637,-0.166689,12.544643
263024982172,2.799056,0.481739,-0.626252,-0.135610,0.035393,-0.227303,12.670032
263125029712,1.265424,1.510392,-1.232384,-0.654879,-0.024542,-0.387416,12.535765
263225077252,2.082067,0.850959,-0.938455,-0.398113,-0.044236,-0.311359,12.600749
263325124792,-5.046759,-3.759903,0.149185,0.114288,-0.175863,-0.039995,12.664176
263425172331,-3.038702,-0.708018,1.814183,-0.062055,-0.165102,-0.129580,12.344086
263525219871,-4.573655,-1.355857,1.660695,0.257135,-0.233731,0.057334,12.475148
263625267411,-0.025017,0.699689,0.408262,0.044794,-0.031674,-0.134351,12.422478
263725314951,-0.145417,0.547036,-0.865212,0.430459,0.066195,0.196912,12.461779
263825362491,-2.690118,0.916015,-0.613446,0.234182,0.079082,-0.027851,12.568303
263925410030,-4.970407,-1.082445,0.251101,0.358323,0.088841,0.083480,12.239906
264025457570,-5.436275,-0.530875,0.837689,0.397577,-0.028780,0.108319,12.046454
264125505110,-1.684001,0.065990,0.588202,0.112013,-0.075659,-0.016058,12.149466
264225552650,-4.646483,1.035333,1.452030,0.592513,-0.017363,0.173851,12.132662
264325600190,-2.529881,1.737020,1.754980,0.712795,0.143469,0.395392,12.115817
264425647729,-4.393700,-1.314301,0.346602,0.218228,-0.043248,0.144846,11.975042
264525695269,-0.086782,0.730072,-0.685793,-0.143443,-0.019671,-0.110395,12.093997
264625742809,-2.171561,-0.270511,-0.467452,0.143683,0.039248,-0.083580,12.360205
264725790349,0.104323,0.010819,-0.983697,-0.133203,0.014587,-0.244620,12.169819
264825837889,-3.090780,0.609312,-1.357847,0.200815,0.003433,-0.036800,12.318475
264925885429,-2.043733,1.880798,-0.437201,0.149470,-0.051510,-0.079506,12.290155
265025932968,-0.939232,0.005352,0.738869,0.158928,-0.006933,0.071476,12.361532
265125980508,-3.369219,-1.494207,0.521327,0.295892,0.029091,0.081413,12.290494
265226028048,-2.470304,-0.758251,1.224978,0.102362,-0.083550,-0.033933,12.513031
265326075588,-4.568093,-0.711790,0.029042,0.163385,0.026082,-0.036679,12.562875
265426123128,0.736686,-0.127037,-0.109572,-0.487940,-0.019646,-0.407358,12.086231
265526170667,2.575502,-0.089621,-1.114426,-0.260942,0.045983,-0.284843,12.510245
265626218207,0.529687,1.136760,-1.053234,-0.642077,-0.037774,-0.398508,12.431961
265726265747,1.527056,-1.034173,-0.301451,-0.386811,-0.002915,-0.280263,12.373776
265826313287,-3.291932,-1.899628,0.315292,-0.061713,-0.086612,-0.059008,12.501455
265926360827,-0.410309,-0.594732,0.907277,-0.179659,-0.131733,-0.182488,12.628086
266026408367,-3.184952,0.204900,1.676768,0.077098,-0.222575,-0.055489,12.436442
266126455906,-0.272912,-0.243396,0.801948,0.019628,-0.136306,-0.101387,12.303927
266226503446,0.203018,-2.005513,-1.231482,0.133111,0.004708,0.077012,12.025136
266326550986,-2.487856,-1.878357,0.002872,-0.094984,0.001137,-0.029819,12.250616
266426598526,-0.242043,-1.814617,0.188124,-0.521455,-0.068883,-0.264424,12.211461
266526646066,5.860992,-1.967156,-0.559003,-0.528383,-0.013488,-0.331876,12.155705
266626693605,3.383449,-0.496779,0.294451,-0.905817,-0.083069,-0.473678,12.736970
266726741145,3.113525,-1.184138,0.426941,-0.617063,-0.038690,-0.350665,13.038565
266826788685,-2.339559,-1.235594,0.209089,-0.297088,-0.055206,-0.209387,12.566330
266926836225,0.838672,0.098072,-0.885535,-0.274828,-0.006206,-0.115313,12.967737
267026883765,-4.862671,-0.256557,-0.558316,0.174845,0.055120,0.143306,12.976447
267126931304,-5.732294,0.694014,-0.075042,-0.105667,0.022831,-0.090121,12.847191
267226978844,-5.022054,-0.029487,0.935988,0.413965,-0.126467,0.156020,12.954858
267327026384,2.186457,-1.324846,0.842791,0.049204,-0.165154,-0.161546,12.989849
267427073924,2.424139,-0.989391,-0.705860,0.584729,-0.059648,0.179784,13.193969
267527121464,0.032996,-1.037786,-0.893028,0.333812,0.142396,0.160900,13.580911
267627169004,-0.019130,-0.048088,-0.198725,0.336244,0.118521,0.111405,13.503685
267727216543,-2.945794,-0.103389,-0.155450,0.454116,-0.011848,0.262600,13.088825
267827264083,-2.293446,0.762436,-0.430773,0.365448,0.011473,0.210546,12.774477
267927311623,-1.853759,0.804876,-0.154223,0.299552,0.136451,0.224789,12.294074
268027359163,1.625851,0.680775,0.896616,0.307995,0.173469,0.180684,11.986020
268127406703,3.053731,-0.735359,0.990877,0.235397,0.044160,0.173230,12.641236
268227454242,1.120840,-0.279534,0.109271,0.614075,0.051136,0.404670,12.678732
268327501782,0.268225,0.406728,0.665240,0.476830,-0.069374,0.270654,12.802972
268427549322,4.712206,-0.706707,-0.701063,0.798801,0.035630,0.429299,12.989993
268527596862,0.120268,-0.061059,-0.877319,0.606900,-0.002465,0.213417,12.769733
268627644402,3.004998,0.262713,-0.125263,0.404956,0.019438,0.160060,12.774375
268727691941,-0.848428,0.554862,0.218943,0.422183,0.055666,0.226551,12.862696
268827739481,3.528148,1.244386,-0.591824,-0.034166,-0.025748,-0.088549,12.399519
268927787021,-1.796241,1.800321,0.382329,0.033936,-0.054192,-0.119677,12.876076
269027834561,-2.157759,1.000853,0.705394,-0.411633,-0.003225,-0.274327,12.904317
269127882101,-2.614323,1.846491,0.152948,-0.194903,0.153676,0.071294,12.695939
269227929641,-2.244183,2.553542,-0.642977,-0.426392,0.060409,-0.167274,12.490363
269327977180,0.364332,0.917703,0.255442,-0.388348,-0.229579,-0.337420,12.280078
269428024720,-1.748137,0.914577,0.956194,-0.184965,-0.162226,-0.123198,12.252546
269528072260,3.156477,-1.050182,-0.682820,-0.482658,-0.116104,-0.364157,12.123618
269628119800,-1.226442,0.172796,-0.437033,-0.103286,-0.093091,-0.081037,12.063688
269728167340,-0.913507,0.772317,0.159298,-0.355986,0.001646,-0.211721,11.719378
269828214879,-1.720048,1.690962,1.457301,-0.468813,-0.075767,-0.226326,11.715956
269928262419,1.698544,-0.055144,-1.060293,-0.362417,-0.015702,-0.117510,11.710699
270028309959,-0.138990,1.775075,-1.561142,-0.187860,0.101527,0.025788,11.614222
270128357499,1.833086,1.243040,-1.749655,-0.165016,0.142801,0.080741,11.575628
270228405039,1.272324,0.964996,-1.776915,0.166861,0.024603,0.136814,11.582097
270328452579,0.495290,0.232103,-1.016899,-0.047289,0.056930,-0.153331,11.042799
270428500118,-0.236902,2.289738,0.412005,0.103902,0.003281,-0.059539,10.813001
270528547658,1.325122,2.345848,0.490109,-0.266808,-0.047476,-0.152136,10.591916
270628595198,0.285951,2.793235,1.148860,-0.137743,-0.194189,-0.268955,10.231374
270728642738,2.625885,0.799314,-0.694401,-0.381119,0.023207,-0.026374,10.228734
270828690278,1.618198,0.889195,-0.311207,-0.177465,0.056616,-0.045580,9.968220
270928737817,2.902413,1.547525,-0.519876,-0.335973,-0.046092,-0.260412,9.860480
271028785357,-0.636178,2.026893,-1.794744,0.109797,0.060920,0.032317,9.949680
271128832897,0.344903,0.462868,-1.176173,-0.160325,0.158081,-0.183924,9.832563
271228880437,2.489190,0.173562,-0.347243,-0.383482,0.084631,-0.211106,9.793322
271328927977,2.904665,0.478525,-0.138760,-0.323796,-0.032104,-0.052034,9.609916
271428975516,0.471766,1.217870,-0.251270,-0.149221,-0.045579,-0.036561,9.340830
271529023056,-0.598636,0.975371,0.081812,-0.481579,-0.073511,-0.240351,9.197634
271629070596,-0.391217,1.992963,0.838064,-0.520524,-0.079631,-0.370027,9.456762
271729118136,4.148804,-0.360374,-1.679589,-0.289954,0.166632,-0.158807,9.490970
271829165676,0.637209,0.143474,-0.809168,-0.090495,0.171832,-0.021607,9.217318
271929213216,-0.691988,-0.198644,-1.443005,-0.021379,0.119745,-0.075400,8.976820
272029260755,-1.396594,1.230911,-0.071384,-0.415478,0.026941,-0.163825,8.738104
272129308295,3.285413,-0.170084,0.349694,-0.246017,-0.044616,-0.025657,8.155224
272229355835,1.832824,1.076590,-0.120300,-0.092843,-0.059643,0.048281,7.838760
272329403375,1.021104,2.118498,0.296077,-0.150369,-0.107019,0.146963,7.753835
272429450915,1.532545,2.770101,-0.383203,-0.080117,-0.057830,0.062824,7.671771
272529498454,0.785157,2.782886,-0.388266,-0.137250,-0.025328,0.080121,7.620253
272629545994,-0.262858,2.627542,0.276637,-0.072088,-0.021122,0.102662,7.302953
272729593534,0.724190,2.681853,0.341547,-0.119427,0.033930,0.003371,7.104730
272829641074,-0.063358,1.907963,0.129297,-0.109406,0.013134,0.053798,7.143151
272929688614,3.021885,-0.009297,-0.526763,-0.106668,0.059818,0.087538,6.948569
273029736154,4.983918,1.287984,-0.068073,0.167553,-0.024522,0.269032,6.767466
273129783693,3.811098,1.604431,0.138107,0.051271,-0.101830,0.040300,6.798665
273229831233,3.009188,1.222480,0.238333,0.273146,-0.075325,0.182538,6.725592
273329878773,0.234445,1.577873,0.220341,0.043225,0.046113,0.244798,6.623053
273429926313,3.120493,-0.424370,0.154624,-0.193694,0.027118,-0.008725,6.729622
273529973853,0.085256,0.162664,0.842983,-0.216134,-0.009707,0.102311,6.786950
273630021392,0.398806,-0.288012,0.789732,-0.462004,0.025181,-0.089352,6.950819
273730068932,-0.146007,-0.299453,0.102671,-0.328231,-0.040990,0.049953,7.372199
273830116472,1.181896,-0.183612,0.284845,-0.516994,-0.048201,-0.064005,6.977427
273930164012,1.929994,-1.000186,0.195894,-0.463117,-0.061733,0.026376,7.087600
274030211552,0.614642,-0.724780,0.400770,-0.275736,-0.062028,0.085342,7.370301
274130259091,4.930093,0.061818,0.346566,-0.363121,-0.116788,-0.045684,7.336870
274230306631,4.289431,-0.644114,0.197937,-0.033090,-0.115754,0.171968,7.314091
274330354171,2.548321,-0.630513,0.001389,-0.182783,0.004259,0.230595,7.550152
274430401711,2.668250,-0.495368,-0.321793,-0.244069,-0.011852,0.114773,7.782217
274530449251,1.071568,-0.173330,0.155575,-0.174765,-0.157188,-0.030147,7.796391
274630496791,1.228611,-1.474502,-1.112537,-0.354626,-0.109532,-0.074766,7.537168
274730544330,-0.395009,-2.951348,-0.447062,-0.298274,0.096571,0.022995,7.768871
274830591870,4.269184,0.342616,0.388480,-0.717525,0.068078,-0.222501,7.900480
274930639410,5.694803,-0.219063,-0.614083,-0.582195,0.053426,-0.112009,7.944221
275030686950,2.502073,-0.710670,0.119937,-0.691395,-0.040999,-0.270062,8.119364
275130734490,4.921128,2.541365,0.142432,-0.587395,-0.117558,-0.225058,8.432417
275230782029,3.263253,-0.870655,-0.001746,-0.105981,-0.000449,0.067116,8.436631
275330829569,1.913208,-0.878965,0.237046,-0.169564,0.082206,0.056948,8.840970
275430877109,0.489207,-1.228500,0.145414,-0.051168,0.041044,0.144305,8.660277
275530924649,-1.148467,-3.217469,0.423660,-0.124371,-0.002600,0.124271,8.803220
275630972189,-0.388783,-1.486446,1.047734,0.198894,-0.083092,0.159978,9.029270
275731019729,2.981248,1.206073,0.319748,-0.042911,-0.195773,-0.177547,9.202058
275831067268,3.638658,0.601185,-0.595518,0.182271,-0.148518,0.064785,9.307376
275931114808,3.292522,1.303757,-0.737643,0.185165,0.096964,0.307037,9.393397
276031162348,2.024109,0.673734,-0.124947,0.338489,0.106334,0.302276,9.581683
276131209888,-0.286401,-0.472645,-0.026956,0.422112,-0.074911,0.111268,9.678056
276231257428,1.662610,-0.691419,-0.936459,0.481897,-0.027289,0.231499,9.695508
276331304967,-1.379252,-4.413495,-0.072664,0.569121,0.128005,0.341354,9.862239
276431352507,1.224307,0.348191,-0.398336,0.415370,0.097797,0.192255,10.082142
276531400047,-1.162787,-1.567272,-0.209762,0.464675,0.081332,0.290541,10.081354
276631447587,4.889693,0.414213,0.531246,-0.020449,0.044027,-0.025152,10.360849
276731495127,3.901939,0.521722,0.933737,0.040786,-0.052355,-0.029977,10.418186
276831542666,5.120847,1.444256,-0.244533,-0.469220,-0.016947,-0.335255,10.622617
276931590206,-1.240942,-3.723458,0.311833,-0.216067,0.179591,-0.033694,10.668954
277031637746,-4.361124,-1.702820,2.586329,-0.629185,0.106426,-0.272862,10.803331
277131685286,-0.380889,-0.116836,1.031179,-0.269152,0.002001,-0.056947,11.028764
277231732826,0.911274,-1.748396,0.187983,-0.326373,0.025488,-0.182668,11.038747
277331780366,0.402395,-1.173780,0.407596,-0.299067,-0.115152,-0.275770,11.057082
277431827905,0.008896,-2.619781,-0.152487,-0.530063,-0.132469,-0.306670,11.411427
277531875445,3.203082,0.874204,-0.035920,-0.423378,0.040314,-0.177025,11.759958
277631922985,-1.673434,-4.059214,0.918879,0.240703,0.085263,0.171811,11.948124
277731970525,-1.251999,-3.708040,0.484722,0.052031,0.077529,0.113278,11.790682
277832018065,-0.254320,-1.998020,0.158032,0.312513,0.080674,0.231490,11.675913
277932065604,1.117033,-0.888449,-0.240783,0.203747,-0.008960,0.204841,12.229294
278032113144,3.722532,0.387107,-1.229501,0.385901,0.025149,0.231043,12.166159
278132160684,2.451407,-1.078220,-0.242469,0.216147,-0.028709,0.181248,12.318272
278232208224,0.957604,-1.767529,0.972362,0.361034,-0.151695,0.251936,12.501577
278332255764,-1.618997,-3.193664,0.855426,0.391102,0.009901,0.255713,12.527000
278432303304,-2.860237,-3.989187,-0.048794,0.832231,0.077430,0.540575,12.741131
278532350843,-1.189969,-3.782690,0.370993,0.896452,0.137214,0.347574,12.845403
278632398383,3.330178,-0.156196,0.812639,0.814019,0.098634,0.412330,13.063334
278732445923,-2.755070,-3.305400,0.217123,0.759248,0.088335,0.437980,13.026989
278832493463,6.854824,3.898652,-1.082496,-0.279991,0.050618,-0.187097,12.991662
278932541003,3.867104,3.450793,-0.142230,0.097981,-0.056605,-0.034792,13.306028
279032588542,5.478499,3.925006,-0.549352,-0.831770,-0.070362,-0.492803,13.185173
279132636082,-0.020192,-2.182421,0.318084,-0.606413,0.030940,-0.264556,13.360264
279232683622,-3.721939,-2.646609,1.715460,-1.064225,-0.043819,-0.486438,13.460636
279332731162,0.597197,-0.651450,0.752380,-0.798540,-0.023969,-0.363720,13.447579
279432778702,-4.522318,-4.494101,1.069365,-0.338897,-0.080929,-0.136864,13.510473
279532826241,-2.071364,-1.495226,0.842995,-0.529691,-0.173786,-0.348194,13.657691
279632873781,-5.936661,-3.790791,0.556400,0.436793,-0.067257,0.227561,13.671376
279732921321,2.357307,0.288295,-1.438647,0.067535,0.170880,0.032430,13.858004
279832968861,5.092473,4.237608,-0.772164,0.228192,0.056266,0.258202,13.912691
279933016401,5.036106,2.140028,-0.355135,0.088440,0.046606,0.079562,14.028270
280033063941,-0.674394,-1.304789,0.210521,0.807865,-0.042278,0.459299,13.915400
280133111480,-1.035709,-2.380995,0.888732,0.387363,0.025205,0.320551,13.953490
280233159020,-0.691852,-1.288645,0.737754,0.306502,0.033486,0.296689,13.976021
280333206560,-4.018101,-1.470835,0.031784,0.405533,-0.025813,0.105275,14.073499
280433254100,-0.313471,-0.405520,-2.031975,0.023128,0.017393,-0.200216,14.180925
280533301640,0.681336,-0.009225,-2.805584,0.094148,-0.011621,-0.198605,14.500346
280633349179,-2.051169,-1.935001,-1.832781,0.479424,0.045181,0.085511,14.401317
280733396719,-1.522252,-1.887008,0.257348,0.352089,0.010162,0.276855,14.466993
280833444259,-0.396699,-2.778837,2.405810,0.254434,-0.104355,0.265529,14.393984
280933491799,0.372057,-0.485460,2.906405,0.371241,-0.240953,0.201855,14.407635
281033539339,0.856451,1.317431,0.502491,0.418913,-0.208939,0.241218,14.498716
281133586879,-2.644824,-1.721985,-0.903940,0.236324,0.006977,0.131312,14.463716
281233634418,-0.083022,-1.480450,-1.229521,-0.044939,0.106115,-0.064775,14.576689
281333681958,0.217763,-0.628647,-2.564420,-0.044506,0.105233,-0.012311,14.449346
281433729498,0.974753,-0.836756,-0.436188,-0.275808,-0.085192,-0.192341,14.211007
281533777038,2.297448,-0.582955,0.442824,-0.203942,-0.100577,-0.112971,14.413464
281633824578,0.319152,0.238932,0.706218,-0.121565,-0.025776,-0.019397,14.436470
281733872117,-0.338045,2.144386,-0.091632,-0.112134,-0.001789,-0.077928,14.115473
281833919657,-5.111672,-2.939062,-0.335495,0.475972,0.013800,0.243900,13.957547
281933967197,-5.457935,-3.170443,-0.168412,0.255304,0.090742,0.243743,13.664425
282034014737,-4.774191,-1.235209,0.113046,0.479569,0.001191,0.331315,13.252299
282134062277,-2.250871,-1.051542,-0.450356,0.249999,-0.010664,-0.064469,13.168065
282234109816,-0.457486,-0.071182,0.028455,0.076975,0.135182,0.029087,13.002013
282334157356,-0.463383,-0.204775,0.364573,0.092607,0.212171,0.023766,12.906699
282434204896,1.110718,-0.932584,1.435521,-0.017447,0.158752,-0.001708,12.908865
282534252436,-0.589847,-1.693249,0.542134,0.039100,-0.194177,-0.102993,12.841121
282634299976,-2.024910,-0.178401,0.112636,-0.035137,-0.192551,-0.171820,12.794504
282734347516,-2.733178,1.838401,1.446556,-0.113185,-0.106909,0.021701,12.776674
282834395055,-3.482357,0.944377,1.243459,-0.102044,-0.010755,0.046423,12.711972
282934442595,1.719658,2.087986,-1.372362,-0.348489,0.136198,-0.269148,12.550156
283034490135,-1.302691,2.596612,-0.827667,-0.027518,-0.029513,-0.042386,12.576646
283134537675,-0.024967,1.905469,-0.594258,0.090431,-0.144178,0.062184,12.347102
283234585215,-3.703054,-0.430900,-0.613381,0.664422,-0.149245,0.262870,12.345696
283334632754,-3.985290,1.251889,1.023312,0.410551,-0.215158,0.090791,12.122342
283434680294,-3.012149,0.984070,-0.977683,0.839253,-0.046812,0.373866,11.874244
283534727834,-2.880531,0.180207,-0.648285,0.709772,0.180819,0.438035,11.829713
283634775374,0.677755,2.740102,1.099160,0.652996,0.256532,0.410730,11.848527
283734822914,-2.358408,-0.484979,0.145626,0.786592,0.259678,0.678979,11.363599
283834870454,6.101321,3.431443,-0.440621,0.205459,-0.033679,0.101004,11.270710
283934917993,2.636323,2.471794,0.727336,0.356838,-0.223561,0.173275,11.215077
284034965533,2.606975,4.538903,-0.820447,-0.358969,-0.091664,-0.094975,11.230075
284135013073,-2.489156,-1.228474,0.187077,-0.218194,0.052977,0.145044,11.373870
284235060613,-2.119107,-1.988490,0.210790,-0.856279,-0.081935,-0.285922,11.349496
284335108153,-0.635907,0.082982,0.125087,-0.522665,-0.051513,-0.502341,11.185737
284435155692,-1.764058,-2.152315,0.339111,-0.300329,-0.089198,-0.100226,11.004179
284535203232,-0.486441,-0.956786,0.151571,-0.222635,0.029272,-0.288623,10.896419
284635250772,-1.038296,-1.852801,-0.858432,0.412267,0.126074,0.249295,10.964171
284735298312,2.520535,1.946377,0.209182,0.232659,0.027145,0.341852,10.792779
284835345852,3.436547,3.337413,0.036870,0.674977,-0.080341,0.392758,10.885608
284935393391,1.208812,1.450927,-0.220196,0.398307,-0.105412,0.204083,11.010050
285035440931,3.036097,4.037355,-0.470319,0.148933,0.005264,0.093270,11.003792
285135488471,2.379217,1.330992,-0.154920,0.055095,0.057437,0.055545,11.152681
285235536011,4.399371,2.170385,-0.530858,-0.497461,0.053890,-0.222745,11.280816
285335583551,-0.133268,0.164070,0.518252,-0.359088,-0.002456,-0.058632,11.198494
285435631091,1.758742,2.615952,0.243519,-0.530450,-0.006394,-0.080356,11.311003
285535678630,2.109018,2.113867,-0.674680,-0.311250,-0.023396,0.139155,11.524738
285635726170,0.699251,1.836814,-0.409512,-0.403840,-0.044663,-0.011943,11.366266
285735773710,-0.785087,0.804264,-0.105799,-0.438609,-0.123300,-0.188424,11.509754
285835821250,-1.401330,-1.137439,-0.377272,-0.437291,-0.039318,-0.185738,11.432830
285935868790,1.427951,0.109943,-0.545303,-0.283391,0.088737,0.065799,11.361003
286035916329,-1.583795,-1.598542,0.283143,0.015842,-0.012749,0.034509,11.741112
286135963869,-1.282816,-1.436119,1.329337,-0.012649,-0.114328,-0.007334,11.600891
286236011409,-0.432762,-3.149226,1.492003,0.221717,-0.075763,0.164243,11.575107
286336058949,3.611792,2.869111,-0.161653,0.373932,-0.060096,0.349611,11.664883
286436106489,6.199867,6.501316,-1.648804,1.093013,-0.109887,0.681265,11.810928
286536154028,3.427507,3.406913,-1.440858,0.724685,-0.109602,0.336521,12.086649
286636201568,2.754286,2.691989,-0.513066,0.723190,-0.026888,0.362600,12.032854
286736249108,0.304670,-0.353056,0.523681,0.466968,-0.010902,0.256113,12.029475
286836296648,2.319619,2.171870,-0.142682,0.017350,0.016036,-0.004324,12.144081
286936344188,-2.120075,-1.972154,0.464159,0.073738,-0.072987,0.109779,12.304819
287036391728,-1.504971,-2.324253,-0.322000,-0.423417,-0.023319,-0.221564,12.533017
287136439267,0.603396,-2.094041,0.831294,0.030284,0.001322,0.014115,12.512384
287236486807,3.095351,-1.005555,0.832138,0.511462,0.003097,0.305191,12.451521
287336534347,1.152848,-1.114192,0.367998,0.720764,-0.081235,0.430328,12.621346
287436581887,-1.564171,-4.609185,0.096706,0.756591,0.059600,0.378268,12.670422
287536629427,-0.694360,-1.683641,-0.102068,0.663963,0.078215,0.413696,12.938192
287636676966,-2.776917,-3.436024,0.712599,0.534491,0.039311,0.222153,13.013818
287736724506,0.270513,-0.635141,0.110137,0.057522,0.061925,0.002249,13.078248
287836772046,-0.500141,-1.498102,-0.359028,0.023052,0.069369,0.052677,13.202489
287936819586,0.343918,1.029125,-0.318602,-0.378064,0.039857,-0.182449,13.065727
288036867126,1.262973,1.851155,-0.297343,-0.116238,-0.055492,-0.104466,13.201456
288136914666,2.096105,1.149108,-0.254651,-0.230615,-0.022855,-0.030455,13.352687
288236962205,2.101899,2.741374,-0.776338,0.045863,-0.039630,0.199577,13.121219
288337009745,2.526421,3.592983,-1.784596,0.428154,-0.037074,0.300763,13.447084
288437057285,1.542775,2.048731,-0.822850,0.343029,-0.126374,0.215341,13.615546
288537104825,0.313659,-0.579189,-0.092555,0.603083,0.008790,0.346043,13.513058
288637152365,-0.684491,-1.858224,0.471121,0.295155,0.224685,0.209186,13.535431
288737199904,1.134628,1.147259,0.168279,0.061894,0.133293,0.140543,13.582208
288837247444,0.128922,-0.938059,-0.070432,0.152919,0.120759,0.268992,13.492293
288937294984,-0.546512,0.883902,0.906891,0.115671,-0.066947,0.145427,13.450297
289037342524,-1.504379,0.020896,0.219894,0.063167,-0.113926,-0.069852,13.522781
289137390064,0.380379,1.438321,-0.396942,-0.159090,0.024484,-0.145408,13.473013
289237437603,0.829114,-0.747081,-0.531250,-0.120010,0.025764,-0.006879,13.373684
289337485143,1.535496,-0.402472,-0.081643,-0.102613,-0.150271,-0.130504,13.454266
289437532683,-1.508246,2.442616,-0.080974,-0.022079,-0.179314,-0.163290,13.870853
289537580223,-2.317524,-0.123336,-0.729957,0.129493,0.100334,-0.016425,13.933379
289637627763,0.334607,-1.150577,-1.118227,0.058854,0.204667,0.141177,13.788070
289737675303,1.561953,-1.343676,0.076746,0.197164,0.067471,0.182354,13.656583
289837722842,1.272913,0.827960,1.020326,0.242410,0.035913,0.192082,13.407184
289937770382,0.635420,1.559262,0.138883,0.149312,0.127516,0.180339,13.540229
290037817922,0.180748,2.827107,-1.598515,0.027050,0.074135,0.093213,13.632693
290137865462,-0.369218,0.937107,0.156240,0.151634,-0.049878,-0.063681,13.742140
290237913002,-1.189992,-2.351948,0.847017,0.333480,-0.050690,0.063400,13.721758
290337960541,-1.533983,-2.705691,1.068693,0.048721,-0.019335,-0.031210,13.477094
290438008081,-0.824948,-2.692885,2.087355,-0.291804,-0.018296,-0.145783,13.492620
290538055621,-1.045546,-0.779333,0.182435,-0.095393,0.191816,0.159617,13.884048
290638103161,-1.338954,0.726823,-0.755609,-0.081375,0.215922,0.001002,13.826673
290738150701,0.700968,-1.260567,-0.671937,-0.051454,0.004610,-0.104516,13.708592
290838198241,0.183215,-1.182242,-0.899150,-0.078006,-0.136316,-0.210307,13.740141
290938245780,-0.477153,-0.889446,-1.614768,-0.191895,-0.162864,-0.309763,13.756949
291038293320,-0.652796,-1.335132,-2.049447,-0.386619,-0.142696,-0.234245,13.804873
291138340860,0.843939,0.914971,-0.016958,-0.131414,0.092382,0.001024,13.552432
291238388400,-3.286427,-1.028767,2.809052,0.448141,0.073909,0.304518,13.549913
291338435940,-1.491489,-2.044802,0.665224,0.142777,0.083103,0.201945,13.763868
291438483479,-0.633547,-2.979180,0.920470,-0.502802,-0.120848,-0.407594,13.571162
291538531019,-2.424670,-6.592781,1.056423,-0.563138,0.042707,-0.409898,13.644835
291638578559,-3.588510,-2.997320,0.185964,-0.426407,0.252362,-0.150571,13.712180
291738626099,-3.050346,-1.598525,0.721101,-0.524387,0.123685,-0.197436,13.694292
291838673639,1.547445,0.660708,1.395879,-0.367863,-0.172167,-0.440535,13.593577
291938721178,0.122358,0.898237,1.434436,-0.252204,-0.221346,-0.212104,13.478018
292038768718,-1.161738,4.612311,0.519697,-0.196312,-0.009991,-0.050389,13.409171
292138816258,-1.727039,3.444594,1.131623,0.143515,0.111743,0.114344,13.199931
292238863798,0.250244,1.788443,-0.674821,-0.199731,-0.002036,-0.117810,13.314408
292338911338,-0.469286,-1.761644,-0.522020,-0.002366,-0.019285,-0.119364,13.276161
292438958878,-2.429946,-0.414908,-0.128378,-0.070436,0.058373,0.113528,13.103891
292539006417,-2.816502,-0.641301,0.525328,-0.274351,0.055415,0.037331,13.161714
292639053957,-1.857265,1.702321,2.425160,-0.289781,-0.086055,-0.142999,13.218439
292739101497,-2.698025,-3.965426,0.977787,-0.165186,-0.108276,-0.139050,13.246297
292839149037,-3.497529,-4.229349,0.737596,-0.110172,-0.244137,-0.327334,13.216548
292939196577,-1.043686,-2.045650,-0.245414,0.119544,0.059535,0.067300,13.147042
293039244116,2.089483,2.840240,-0.530453,0.322330,0.055848,0.298717,13.008451
293139291656,2.572920,6.225228,-0.971886,0.830790,-0.119782,0.432428,13.074975
293239339196,1.337454,4.924311,-0.773701,0.812531,-0.180256,0.385945,13.069309
293339386736,-0.715882,-0.952240,-0.452547,1.238773,0.017751,0.658587,12.991756
293439434276,-4.576284,-6.101037,0.310009,0.972043,0.019947,0.614558,13.028118
293539481816,-3.684310,-4.883848,1.167981,0.977436,-0.091143,0.547346,12.636679
293639529355,-3.271500,-3.676017,1.134447,0.526770,-0.225170,0.120409,12.470439
293739576895,-1.396878,-1.349009,-0.821309,-0.072620,-0.139544,-0.059166,12.302066
293839624435,-3.335193,-1.687404,0.195284,-0.175481,0.092144,-0.066153,12.095606
293939671975,-1.879293,0.320162,0.577873,-0.548102,0.159176,-0.299275,11.961966
294039719515,-0.428995,1.014498,-0.219909,-0.514510,0.156500,-0.253085,11.708005
294139767054,-1.913323,1.642798,0.110974,-0.395098,-0.008556,-0.162341,11.508154
294239814594,2.388127,6.330601,-0.881837,0.000149,0.076245,-0.015955,11.515582
294339862134,-3.283302,0.320495,-0.246968,1.017653,0.072332,0.481728,11.389934
294439909674,-6.285767,-4.865979,-0.554609,0.811016,0.097332,0.158456,11.328374
294539957214,-3.544711,-3.098908,-0.965539,1.238391,0.113419,0.460914,11.190214
294640004753,-5.316934,-5.299596,0.590167,0.582239,0.094640,0.097545,10.992392
294740052293,-4.273702,-2.344297,0.994034,-0.057305,-0.001108,-0.225158,10.979269
294840099833,-4.654662,-1.965606,1.163834,0.045655,-0.103694,-0.024356,10.902549
294940147373,-0.551991,1.207539,0.762820,-0.437947,0.046562,-0.336679,10.863202
295040194913,1.246890,2.048292,-0.870646,-0.331953,0.115529,-0.077490,10.732401
295140242453,0.969350,1.933690,-0.527190,-0.477771,0.007467,-0.233119,10.564294
295240289992,-2.594960,-1.445509,0.352512,-0.311994,-0.130941,-0.263440,10.626231
295340337532,-3.020950,-2.503042,-0.398688,-0.568688,-0.054081,-0.393018,10.696741
295440385072,1.905653,3.032399,-1.454626,-0.268630,0.074983,-0.095083,10.476164
295540432612,-0.211878,0.039964,-0.800389,0.299969,0.053947,0.175326,10.540524
295640480152,-0.678652,-1.350230,-0.058291,0.067907,-0.060604,-0.126668,10.497013
295740527691,-0.853512,-0.810584,1.611599,-0.124602,-0.103840,-0.114144,10.159604
295840575231,2.741961,1.427724,1.144857,0.010486,-0.131873,-0.025176,9.926414
295940622771,0.372239,-1.361798,0.180773,0.403506,-0.075407,0.199253,9.751111
296040670311,-3.695567,-2.803124,-0.500341,0.311114,0.047045,0.103125,9.794606
296140717851,-5.085277,-1.918733,-1.145224,0.240400,0.183922,-0.053772,9.749701
296240765391,-3.906369,-1.721382,-2.469481,0.470521,0.316882,0.106950,9.577677
296340812930,-1.829881,-1.889083,-1.877290,0.637993,0.272550,0.186458,9.423055
296440860470,-2.989533,-1.911574,-1.244392,0.272694,0.120280,-0.012668,9.255448
296540908010,-0.395901,0.860830,-0.118632,-0.309231,-0.044936,-0.153350,9.258322
296640955550,1.086848,1.550455,1.224032,-0.059308,-0.008762,-0.047164,9.136069
296741003090,-2.337020,-0.485097,2.445121,0.301930,-0.058702,0.111011,9.005642
296841050629,-2.932323,-0.954697,0.936936,0.157232,-0.079323,0.083229,8.969105
296941098169,-2.670674,-1.044680,0.038340,0.217630,0.034017,0.053350,8.979566
297041145709,-2.302142,-1.232943,-0.142468,0.230981,0.116344,0.138580,8.941994
297141193249,-0.699905,0.472403,-0.192829,0.157435,0.145960,0.000760,8.888386
297241240789,0.204195,0.324873,-0.536421,0.268953,0.095586,0.003140,8.861162
297341288328,-0.855490,-0.122952,-0.290551,0.305160,0.013695,0.067517,8.766699
297441335868,-2.952887,-1.566080,0.597936,0.350825,-0.054734,-0.007269,8.711670
297541383408,-4.206953,-1.900762,1.014946,0.738684,-0.054440,0.209428,8.694989
297641430948,-3.798668,-1.664774,1.522825,0.602819,-0.013076,0.305526,8.714883
297741478488,-2.488637,-0.152809,0.936139,0.523340,0.087357,0.195689,8.674885
297841526028,-4.291250,-0.724503,0.842667,0.365469,0.093840,0.123621,8.652968
297941573567,1.240786,0.672091,-0.555948,0.065144,0.126519,-0.119531,8.822438
298041621107,4.110313,1.724270,-0.852674,0.077734,0.062775,-0.157662,8.780004
298141668647,3.546690,1.020551,0.493318,-0.429489,0.015660,-0.403063,8.691898
298241716187,-6.383990,-2.922326,2.038282,-0.355958,-0.017084,-0.317278,8.604053
298341763727,-6.693575,-1.587731,1.550935,-0.985429,-0.108007,-0.683196,8.519304
298441811266,-4.523763,-0.764480,-0.000185,-0.271146,-0.099138,-0.323630,8.607684
298541858806,-10.622489,-3.310554,-0.766145,0.092944,0.123572,-0.044155,8.727554
298641906346,-8.077498,-4.695888,-0.888059,0.468261,0.365989,0.258767,8.799072
298741953886,-8.970635,-4.414304,0.924637,1.646399,0.277798,0.805808,8.718368
298842001426,-4.463743,-2.097217,1.528320,1.233720,-0.064276,0.398627,8.757646
298942048966,-1.802079,-0.711543,0.441494,1.128659,0.006876,0.404232,8.708593
299042096505,-4.868516,-0.300293,0.442047,0.818108,0.194464,0.376716,8.663444
299142144045,4.522029,0.945515,-0.729961,0.213998,0.203344,-0.021712,8.859131
299242191585,3.756848,-0.853476,-1.278061,0.192900,0.132527,-0.009570,8.823835
299342239125,3.293738,-1.338258,-1.529502,-0.419898,0.051195,-0.356171,8.709306
299442286665,-4.680019,-1.466574,-0.286363,-0.344640,0.001575,-0.281645,8.854794
299542334204,-7.077089,-0.583889,-0.723843,-0.938553,0.094704,-0.551621,8.947426
299642381744,-5.854722,0.581873,-0.677012,-0.699869,0.255930,-0.421099,8.983110
299742429284,-6.466674,0.167262,0.565729,-0.716708,0.205537,-0.325317,8.992236
299842476824,-6.440088,-1.609583,1.337378,-0.322543,0.015221,-0.180368,8.929155
299942524364,-6.534952,0.541444,1.959499,0.349110,-0.173790,0.040974,9.066516
300042571903,6.754167,0.725004,0.136929,0.330531,-0.189866,0.053102,9.037458
300142619443,4.350382,-0.881149,-0.264942,1.128617,-0.016091,0.549719,8.967783
300242666983,0.422204,-1.856279,-0.306625,0.045235,0.061314,-0.111891,9.071771
300342714523,-4.778678,-0.669799,0.031252,-0.369888,0.100396,-0.362529,9.106211
300442762063,-4.700315,0.404224,-0.236789,-0.311778,0.151334,-0.228585,9.073713
300542809603,-5.696941,1.118617,0.444424,0.163427,0.021610,-0.008159,9.075327
300642857142,-7.272649,2.004592,1.955463,0.634095,-0.041318,0.263240,9.050198
300742904682,2.236566,-0.816936,0.701181,0.530993,-0.026462,0.166878,8.935886
300842952222,2.973299,-0.425633,-0.838951,1.024627,-0.073990,0.384878,8.913289
300942999762,1.167088,0.834026,-0.538463,0.735205,-0.031082,0.263616,8.994170
301043047302,-0.988690,0.309590,0.264788,0.376290,0.184257,0.210511,8.917307
301143094841,-1.594432,0.067465,0.831496,0.405246,0.159769,0.219815,8.806483
301243142381,4.828883,-2.222012,-0.038262,0.579215,-0.012750,0.288906,8.594660
301343189921,3.518820,-2.257795,-0.590805,0.685840,-0.132212,0.226301,8.519749
301443237461,-2.519752,2.233345,0.331142,1.250082,-0.074970,0.445631,8.467456
301543285001,-2.606272,3.114845,0.592656,0.808253,0.008632,0.243990,8.406493
301643332540,-0.800913,1.432522,0.194940,0.670497,0.060811,0.254045,8.408788
301743380080,-3.493523,2.459517,0.105660,0.375226,0.075651,0.155064,8.287621
301843427620,-0.828400,1.789985,-0.095516,0.017248,-0.059532,-0.042230,8.125204
301943475160,-0.104980,2.384084,0.173717,0.273002,-0.168688,0.042671,7.969403
302043522700,0.701221,0.876360,-0.350551,0.242781,0.041309,0.068679,7.850033
302143570240,1.519171,0.840298,-0.494530,0.090825,0.165600,0.093536,7.687080
302243617779,2.171306,1.232002,-0.278960,-0.080364,0.101227,-0.019905,7.442219
302343665319,-2.152118,2.450188,0.957861,-0.154655,0.144632,-0.094788,7.346096
302443712859,-2.185660,2.469753,0.814551,-0.467670,0.076762,-0.292030,7.258531
302543760399,-0.115617,1.477286,-0.676479,-0.208312,0.015841,-0.154899,7.141474
302643807939,-0.333474,1.651740,-0.971008,-0.098669,0.087053,-0.050905,7.081012
302743855478,-0.956162,0.428058,-0.705283,-0.094254,0.127045,-0.018720,7.052298
302843903018,-1.034870,0.135629,-0.146324,-0.031715,0.174541,0.026392,6.927439
302943950558,2.339424,-0.845363,-0.227537,-0.028623,0.142712,0.120520,6.791583
303043998098,2.775391,-0.063603,0.318401,0.211405,0.062554,0.185751,6.653544
303144045638,3.346408,-0.330423,-0.794985,0.210469,-0.071492,0.123168,6.561129
303244093178,2.361045,-0.556495,-0.592743,0.205582,-0.012095,0.228771,6.513771
303344140717,1.339521,-0.191468,-0.556324,-0.012669,0.118957,0.146727,6.477926
303444188257,3.143460,-0.482808,-0.696700,-0.214562,0.022046,-0.025206,6.272983
303544235797,0.815317,3.063441,0.731398,-0.280923,-0.032310,-0.026150,6.231068
303644283337,6.073801,1.150437,0.258051,-1.030117,0.141953,-0.155736,6.146770
303744330877,3.602885,-0.192284,0.403579,-0.608767,0.226935,0.247043,6.019484
303844378416,-4.055049,2.699324,0.989297,-0.139293,-0.004727,0.187014,6.021859
303944425956,-1.646681,2.096719,1.386948,-0.302073,-0.204722,-0.172787,5.932556
304044473496,-2.832867,1.741985,1.199605,0.372162,-0.159321,0.337237,5.791099
304144521036,2.098442,0.643098,-0.081415,0.244274,-0.147324,0.326287,5.772191
304244568576,2.180374,0.182684,-0.631338,0.451418,-0.012665,0.397113,5.674669
304344616115,0.447790,0.738311,0.149733,0.190991,0.048696,0.352675,5.575349
304444663655,5.104452,0.470059,-0.362509,-0.092133,0.027775,0.174351,5.501122
304544711195,3.140939,0.237806,-0.245862,-0.053699,0.048733,0.254814,5.433717
304644758735,3.673002,0.727941,-0.204629,-0.357824,-0.004117,0.040272,5.237286
304744806275,-0.181377,0.683201,-0.194285,-0.373824,-0.023060,-0.095507,5.143141
304844853815,-1.222679,0.340192,-0.223916,-0.505357,-0.077955,-0.143868,5.149035
304944901354,0.228503,1.122945,-0.121077,-0.435242,-0.104285,-0.096048,5.065701
305044948894,2.087731,1.998311,0.147252,-0.482880,-0.056398,-0.066841,4.924482
305144996434,2.385513,1.915568,-0.122540,-0.525086,-0.000389,-0.033589,4.835761
305245043974,1.986833,2.062587,-0.029790,-0.632410,-0.036450,-0.174143,4.646835
305345091514,1.527991,1.962390,-0.063025,-0.563872,-0.054822,-0.121647,4.373303
305445139053,-0.030866,1.711953,-0.235324,-0.653780,-0.046460,-0.165821,4.247609
305545186593,-0.802710,1.750156,-0.441458,-0.478816,-0.010650,-0.132852,4.061592
305645234133,-0.336904,1.688058,-0.573186,-0.289798,0.074104,-0.058780,4.022562
305745281673,1.980422,2.086724,0.330657,-0.323897,0.106307,-0.060735,3.908110
305845329213,1.666410,2.146600,1.050988,-0.196360,0.048149,0.089094,3.803527
305945376753,0.558002,2.094417,0.358197,-0.083321,0.012695,0.083104,3.643828
306045424292,-1.609192,1.093101,-0.562213,-0.026644,-0.044343,0.081131,3.478936
306145471832,-0.722085,0.903057,-0.912861,-0.134488,-0.066301,0.001084,3.381299
306245519372,-0.021483,1.192939,-0.513186,-0.112561,-0.057738,0.001349,3.257450
306345566912,0.088848,1.733237,0.130131,-0.115147,-0.066836,0.036216,3.158188
306445614452,-0.114170,1.838817,0.305616,-0.067024,-0.012546,0.068019,2.940438
306545661991,-0.224091,1.664998,0.157365,-0.086586,0.038147,0.062356,2.831300
306645709531,0.457133,1.650284,-0.319557,-0.148285,0.067057,0.021096,2.896851
306745757071,0.444774,1.258313,-0.395761,-0.164353,0.024199,-0.004660,2.862771
306845804611,0.655890,0.287343,-0.096797,-0.181319,0.010541,-0.013628,2.804834
306945852151,-0.279117,-0.563088,0.033966,-0.211399,0.020562,-0.017627,2.875161
307045899690,-0.608002,-0.208531,0.317334,-0.265832,0.010997,-0.078502,2.781639
307145947230,-0.163066,0.142349,0.011693,-0.221285,0.030656,-0.058955,2.762210
307245994770,0.351246,0.707782,-0.130925,-0.234877,0.014546,-0.067978,2.762112
307346042310,0.457710,0.399894,-0.226821,-0.207947,0.005431,-0.071303,2.690647
307446089850,0.146816,-0.246466,-0.347324,-0.167901,-0.003098,-0.051638,2.644890
307546137390,0.376898,-0.135160,0.030390,-0.143516,-0.025868,-0.033287,2.533094
307646184929,0.264884,0.276609,0.164541,-0.111636,-0.005554,-0.019745,2.545085
307746232469,0.073758,0.266698,0.045796,-0.107113,0.002634,-0.008038,2.518461
307846280009,-0.283544,0.195248,0.210368,-0.093410,0.003495,-0.004767,2.439009
307946327549,-0.571001,-0.071610,0.191203,-0.057393,0.000941,0.026697,2.406591
308046375089,-0.479781,-0.451552,-0.047690,-0.020575,-0.007353,0.035464,2.402232
308146422628,0.047251,0.191615,-0.367561,-0.017589,-0.010901,0.001529,2.305027
308246470168,-0.427117,0.570005,-0.349075,0.007233,-0.009897,0.010144,2.241799
308346517708,-0.644455,0.350014,-0.177879,0.011336,-0.012288,-0.025290,2.240038
308446565248,-0.180932,-0.159927,-0.033305,0.025798,-0.000207,-0.014589,2.210161
308546612788,0.032356,-0.391469,0.147372,0.027185,0.024795,-0.002890,2.289804
308646660328,0.145851,-0.172832,0.291681,0.032488,-0.016104,0.008860,2.334122
308746707867,0.285298,-0.379695,0.487802,0.031090,-0.055035,-0.002229,2.197068
308846755407,0.206126,-0.518543,0.326977,0.057816,-0.045146,0.026401,2.290209
308946802947,0.174226,-0.630139,0.001678,0.017937,-0.043429,0.041872,2.369254
309046850487,0.130542,-0.262048,0.010841,-0.004489,-0.074246,-0.006625,2.272098
309146898027,0.152828,0.261409,0.155122,0.004262,-0.119566,-0.016146,2.363305
309246945566,0.265276,-0.168066,0.056370,-0.020410,-0.125446,-0.020791,2.521353
309346993106,0.126833,-1.132547,0.106281,-0.032096,-0.098206,-0.033449,2.602779
309447040646,-0.082576,-1.273205,0.264986,-0.028459,-0.108658,-0.062479,2.689350
309547088186,0.119393,-1.513540,0.245978,-0.016903,-0.135834,-0.054050,2.837017
309647135726,0.377244,-1.950462,0.272793,-0.056014,-0.130941,-0.046373,2.957989
309747183265,-0.038637,-1.962176,0.262230,-0.038119,-0.104718,-0.013806,2.957353
309847230805,-0.334631,-1.697864,0.309758,-0.012214,-0.107793,0.002566,3.136402
309947278345,0.194538,-1.065351,0.043311,0.016821,-0.121294,-0.009410,3.245365
310047325885,0.262387,-1.132865,0.024773,0.060470,-0.092139,0.031793,3.184426
310147373425,0.218000,-1.104178,0.088509,0.067230,-0.025491,0.050361,3.361511
310247420965,-0.494916,-1.072126,0.114168,0.121130,-0.004196,0.054962,3.389683
310347468504,0.043642,-1.602487,0.392380,0.074550,-0.004887,0.031041,3.516372
310447516044,0.024444,-1.427506,0.420373,0.094819,0.012358,0.036822,3.549920
310547563584,0.019510,-0.766235,0.196824,0.072853,0.028235,0.031171,3.561811
310647611124,0.923375,-0.486713,-0.149137,0.018184,0.047691,0.017991,3.799950
310747658664,1.024751,-0.733916,-0.029980,-0.024430,0.035528,-0.013361,3.906182
310847706203,1.160213,-1.115195,0.201297,-0.067723,0.030961,-0.016906,3.942755
310947753743,0.998570,-1.634382,0.277347,-0.003240,0.020554,0.025061,4.068267
311047801283,0.397830,-1.191842,0.369668,0.050866,-0.022412,0.018353,4.210086
311147848823,0.452773,-1.292640,0.116724,0.057584,-0.032423,0.019569,4.249657
311247896363,0.907563,-1.423912,-0.075914,0.025993,-0.001887,-0.021775,4.246172
311347943903,0.489904,-1.751566,-0.043002,0.040225,-0.002164,-0.023149,4.342614
311447991442,-0.149423,-2.309964,-0.303809,0.082591,0.049223,0.006437,4.447410
311548038982,-0.845457,-1.652557,-0.357720,0.063400,0.090538,-0.037842,4.456124
311648086522,-0.419057,-1.298886,0.099826,0.049489,0.061917,-0.068261,4.662889
311748134062,-0.319324,-1.352058,-0.064365,0.078291,0.034402,-0.083557,4.695155
311848181602,-0.247324,-0.894047,-0.383486,0.050050,-0.033514,-0.091079,4.687297
311948229141,0.012792,-0.653581,0.066542,0.135410,-0.022134,-0.020055,4.622092
312048276681,-0.813939,-1.071662,-0.314687,0.277410,0.014113,0.041526,4.458324
312148324221,-1.053586,-0.948658,-1.092725,0.192616,0.002433,-0.001428,4.504965
312248371761,-0.853653,-0.263171,-0.843475,0.067362,0.027472,-0.083793,4.447809
312348419301,-1.651398,-0.274209,-0.312989,0.041417,0.072875,-0.115988,4.530787
312448466840,-1.654813,-0.453648,0.272635,0.010045,0.107826,-0.119026,4.575871
312548514380,-0.983861,-0.126024,0.373217,0.100350,0.123752,-0.052026,4.540918
312648561920,-1.252049,-1.333707,0.623829,0.191238,0.112540,-0.012726,4.611379
312748609460,-1.541519,-0.898624,-0.253133,0.239597,0.001408,0.010516,4.561957
312848657000,-1.102198,-0.135678,-1.243640,0.217388,-0.035609,0.017664,4.512051
312948704540,-0.131423,-0.644247,-0.587146,0.207827,0.027167,0.031744,4.435659
313048752079,-0.297385,-0.675596,0.068655,0.253126,0.046140,0.075863,4.459819
313148799619,-0.313708,-0.593241,0.022724,0.270887,0.057454,0.047082,4.476320
313248847159,-0.490679,-3.350597,0.833584,0.281497,0.109360,0.077080,4.390692
313348894699,-1.035550,-4.305143,0.545076,0.242475,0.140656,0.098941,4.425465
313448942239,-1.096393,-0.816885,-0.347695,0.276114,0.066195,0.073673,4.389207
313548989778,-0.286442,-0.240898,0.082774,0.310138,-0.014589,0.051101,4.289254
313649037318,-0.480850,-0.697352,-0.069191,0.309757,0.007867,0.034022,4.336757
313749084858,-1.036493,-0.231364,-0.343061,0.136175,0.074050,0.019134,4.248900
313849132398,-0.937403,-0.254231,-0.717286,0.073926,0.093155,0.026182,4.182318
313949179938,-1.098656,-0.748338,-0.538097,0.226856,0.055418,0.072885,4.210656
314049227478,-1.039938,-0.969416,-0.069729,0.285399,0.017264,0.108422,4.183811
314149275017,-0.537232,-0.734876,-0.108910,0.286301,0.032666,0.064427,4.146727
314249322557,-0.561234,-0.330406,-0.478724,0.345563,0.102279,0.084160,4.132936
314349370097,0.159514,-0.382158,-0.281915,0.277975,0.094923,0.041047,4.087069
314449417637,-0.370837,-0.651291,-0.036806,0.284793,0.057144,0.008040,4.046934
314549465177,-2.267725,-0.279333,-0.200947,0.127698,0.030435,-0.070062,4.002127
314649512716,-2.284014,-0.724177,-0.222738,-0.028985,0.071730,-0.123306,3.943658
314749560256,-1.925286,-1.307248,-0.165515,-0.056560,0.100588,-0.111639,3.959229
314849607796,0.992883,0.040262,0.017837,-0.175795,0.006777,-0.189653,4.022374
314949655336,1.850980,0.654244,0.212476,-0.172156,-0.045307,-0.219470,4.015655
315049702876,0.942017,0.881728,-0.278650,-0.256138,0.018555,-0.184302,3.964180
315149750415,-0.492312,-0.309783,-0.236671,-0.168147,0.075083,-0.138578,4.099960
315249797955,-0.539827,-0.949740,-0.123145,-0.107676,0.017219,-0.173022,4.167045
315349845495,0.216845,-1.457808,0.188632,-0.052239,-0.031007,-0.119882,4.143468
315449893035,-0.357264,-1.917628,0.608424,0.004533,0.004533,-0.095814,4.304658
315549940575,-0.105185,-1.113536,0.359886,0.010579,0.034057,-0.060550,4.420053
315649988115,0.022440,-1.428793,0.002225,0.045588,0.015096,-0.005395,4.395551
315750035654,1.411196,-0.863420,-0.249480,0.158474,0.001589,0.090969,4.482130
315850083194,1.240893,-0.593363,0.054784,0.297506,-0.056966,0.235345,4.473905
315950130734,0.184882,-0.104352,-0.105637,0.303706,-0.080431,0.202095,4.516832
316050178274,-1.645115,-0.473154,0.100495,0.319881,-0.017517,0.147004,4.538693
316150225814,-1.415808,-1.269225,0.042502,0.210223,0.012975,0.107544,4.614233
316250273353,-0.117631,-0.406249,-0.008325,0.216161,0.000019,0.094522,4.840736
316350320893,0.996070,-0.862514,0.466400,0.066787,-0.010834,0.019298,4.875825
316450368433,1.943510,-2.302563,0.327691,-0.049447,0.005981,0.045583,4.979956
316550415973,1.163503,-1.721626,0.082452,-0.059686,-0.011557,0.052208,5.068729
316650463513,-0.421082,-1.324197,0.366149,-0.067336,-0.072778,-0.025230,5.102723
316750511053,-2.079820,-1.857910,0.345601,-0.035632,-0.116418,-0.054460,5.180091
316850558592,-0.962620,-1.692661,-0.115008,-0.095060,-0.096985,-0.152341,5.197596
316950606132,0.362761,-1.181158,-0.098059,-0.056631,-0.056223,-0.092511,5.214124
317050653672,0.623248,-1.028637,-0.356179,-0.054851,0.004258,-0.006272,5.321704
317150701212,-0.637384,-1.081179,-0.402195,-0.021231,0.035998,0.041828,5.607047
317250748752,-1.463901,-0.888595,0.121450,0.028209,0.004237,0.019336,5.789013
317350796291,0.547075,-1.373235,0.049146,0.135683,-0.026421,-0.023888,5.776344
317450843831,0.307566,-1.719287,0.191755,0.302722,0.006380,0.107912,5.849457
317550891371,0.489280,-1.122124,0.817079,0.215317,-0.001170,0.116751,5.887853
317650938911,0.447987,-0.877169,0.119557,0.147985,-0.090745,0.117115,5.852195
317750986451,-0.804702,-0.901900,-0.168930,0.203606,-0.120498,0.127156,5.674929
317851033990,-1.479427,-0.826301,0.394369,0.199738,-0.071003,0.092906,5.783262
317951081530,-1.543557,-0.851848,0.681986,0.114748,0.027961,0.042709,6.037097
318051129070,-0.707073,-0.887055,0.519722,0.070077,0.082378,-0.001581,5.854850
318151176610,-0.258718,-0.963716,0.021969,0.071527,0.058429,0.013005,5.906885
318251224150,0.274337,-1.449043,-0.525498,0.057016,0.048879,0.030516,6.400650
318351271690,-0.622544,-1.590324,-0.068235,0.071372,0.008893,-0.005293,6.600501
318451319229,-0.622327,-1.303297,0.561226,-0.019979,-0.033232,-0.071940,6.508493
318551366769,-0.010831,-1.552027,0.110406,0.058831,-0.051295,-0.010362,6.519144
318651414309,1.018952,-1.469416,-0.236374,0.029945,-0.004279,-0.017436,6.716864
318751461849,0.162907,-1.307841,-0.145084,0.068874,0.061634,0.032942,6.777044
318851509389,-1.911773,-1.211033,0.160959,0.153905,0.052808,0.014233,6.805659
318951556928,-2.147867,0.241913,-0.163106,0.109061,0.129216,0.010810,6.984863
319051604468,-0.066390,-0.279486,-0.433461,0.001961,0.128352,0.026071,7.165392
319151652008,-1.192490,-1.527421,0.109710,-0.146463,0.073998,-0.186036,7.442066
319251699548,-3.102407,-1.043610,0.520945,-0.120296,-0.191822,-0.342366,7.266237
319351747088,-3.086909,-0.931774,0.137530,-0.029556,-0.339112,-0.337138,7.195813
319451794627,-3.299686,-2.597004,0.037741,-0.194267,0.074433,-0.172284,7.346556
319551842167,-4.535485,-3.122909,-0.488478,-0.027890,0.362938,0.123698,7.346676
319651889707,-0.690711,-1.887343,-0.979894,-0.164625,0.233130,0.039123,7.507770
319751937247,5.375569,-1.914584,-1.275247,0.375056,0.080217,0.231586,7.627437
319851984787,3.762964,-2.022221,-1.458855,0.887049,-0.008460,0.458202,7.587041
319952032327,1.598335,-1.474296,-0.486237,0.631649,-0.000960,0.331782,7.700162
320052079866,-1.987309,-0.508238,-0.121351,0.663209,0.129373,0.416358,7.772124
320152127406,-3.404977,-0.528683,0.276248,0.411959,0.147263,0.350408,7.735771
320252174946,-3.806758,-0.590651,0.992872,0.402107,0.073041,0.284702,7.857465
320352222486,-3.340611,-0.382951,0.921844,0.280848,0.038088,0.192593,8.062596
320452270026,-2.556796,-0.552724,0.527412,0.223792,0.040646,0.072713,8.109966
320552317565,-0.866285,-0.393081,-0.275811,0.119089,0.027481,-0.010000,8.168964
320652365105,1.711192,-0.810457,-0.612653,0.047063,0.032366,-0.013144,8.078739
320752412645,0.982051,-2.184757,0.066474,-0.078578,0.040843,-0.101201,8.171676
320852460185,1.074242,-2.182490,0.063564,-0.232549,0.029423,-0.202833,8.269714
320952507725,-2.178466,0.770732,0.177696,-0.262635,-0.013557,-0.237726,8.271771
321052555265,-2.641504,1.188574,-0.219892,-0.392200,-0.008860,-0.281270,8.579272
321152602804,-2.871898,0.471587,-0.284025,-0.172782,0.054845,-0.126639,8.707358
321252650344,-3.192745,0.224733,0.841706,-0.238173,0.049958,-0.167033,8.799064
321352697884,-3.217070,-0.240596,0.778494,-0.020014,0.021974,-0.119060,8.914159
321452745424,-2.266574,0.100155,-0.045895,0.181230,0.011612,0.071513,8.997567
321552792964,1.081430,-0.868441,0.368309,0.108267,0.066181,0.129997,8.942966
321652840503,-0.169204,-0.586641,0.909417,0.194961,0.051185,0.058019,8.787664
321752888043,-1.059723,-0.883403,0.166910,0.082900,-0.048880,-0.029421,8.763286
321852935583,0.431629,-1.477681,-0.538331,0.006523,-0.036877,-0.059658,8.770229
321952983123,0.526451,-1.051266,-0.239972,-0.003371,-0.026665,-0.089259,9.048460
322053030663,-0.600667,-1.074976,-0.529513,0.053010,0.039959,-0.048414,9.321801
322153078202,-1.523365,-0.508244,-0.447290,-0.047640,0.061833,-0.054686,9.433998
322253125742,-1.394242,-0.266351,0.457887,-0.091094,-0.012769,-0.083035,9.517144
322353173282,-0.541716,-0.320580,0.229216,-0.103365,-0.067967,-0.077021,9.511113
322453220822,1.251738,-0.952935,0.073021,-0.234770,-0.050857,-0.091938,9.494947
322553268362,0.827921,-0.745011,0.899188,-0.278622,-0.032438,-0.108896,9.679357
322653315902,0.568670,-0.950563,0.332389,-0.353180,0.012648,-0.126390,9.756178
322753363441,-0.215050,0.096048,-0.364085,-0.275309,0.063693,-0.064651,9.780096
322853410981,-0.170105,0.404406,-0.036013,-0.207410,0.035346,-0.121857,9.977134
322953458521,-0.478411,-0.216957,0.602389,-0.023105,0.040881,-0.069041,10.166302
323053506061,-1.653991,-0.184062,0.878725,-0.059654,-0.006161,-0.042767,10.034412
323153553601,-2.151736,-0.421819,0.298313,0.043806,-0.005755,0.047609,10.096177
323253601140,-0.134670,-1.026239,-0.426520,0.023328,0.015007,0.097228,10.331816
323353648680,2.809822,-1.802809,-0.782446,0.266859,0.010225,0.211846,10.259982
323453696220,1.647126,-1.684261,-0.511686,0.537090,-0.025352,0.283024,10.310672
323553743760,0.711742,-1.492754,0.177834,0.449978,-0.036836,0.194370,10.434481
323653791300,-1.396709,-0.929143,-0.118836,0.405378,0.030410,0.185590,10.364166
323753838840,-0.549721,-0.926938,-0.393252,0.078340,-0.021672,-0.033312,10.386675
323853886379,0.094886,-0.376110,0.299960,-0.211843,0.038741,-0.112118,10.621568
323953933919,0.110395,-0.048229,0.051984,-0.198368,0.099683,-0.120569,10.679580
324053981459,0.301269,-1.130024,-0.678504,0.050667,-0.013919,-0.038165,10.681339
324154028999,-1.035344,-1.607316,-0.500579,0.138137,-0.000100,0.081473,10.677513
324254076539,-1.062197,-0.346831,0.627944,0.119976,-0.031222,0.115121,10.699948
324354124078,-0.206110,0.597974,0.448422,0.097235,-0.027130,0.074348,10.644525
324454171618,0.158626,-0.345721,-0.117513,-0.013405,0.040451,0.058668,10.708117
324554219158,-0.389584,-0.513384,-0.058467,-0.070306,0.018204,-0.012528,10.749571
324654266698,0.030903,-0.206349,-0.490304,-0.052373,0.044016,-0.051257,10.851507
324754314238,-0.012981,-0.677619,-1.096972,-0.027963,0.075943,0.001743,11.096182
324854361777,-0.537470,-0.996034,-0.028657,0.027012,0.066770,-0.007616,11.025168
324954409317,0.090293,-1.709730,0.130980,0.033725,-0.018477,-0.021450,11.195301
325054456857,-0.033225,-2.084917,0.121850,0.008161,-0.089029,-0.028133,11.164440
325154504397,-0.080015,-0.404648,0.393135,0.034413,-0.033491,0.002147,10.960308
325254551937,0.344480,0.389128,0.195980,0.005787,-0.006443,0.023379,11.175654
325354599477,-0.158529,-0.394999,0.354237,0.018386,-0.022820,-0.035909,11.402085
325454647016,-1.220405,-0.392860,0.522370,-0.123631,0.016488,-0.075988,11.306665
325554694556,-1.687857,-0.909882,0.720940,-0.204577,0.045006,-0.080518,11.352105
325654742096,-0.929174,-0.073910,0.168334,-0.107839,0.012643,-0.089353,11.523164
325754789636,1.143925,0.364487,-0.232085,-0.134967,-0.001166,-0.136017,11.531010
325854837176,2.043798,-0.821048,-0.294614,-0.096928,0.053461,-0.160414,11.545429
325954884715,1.068643,-0.168437,-0.234054,-0.021652,0.070976,0.018158,11.561876
326054932255,-0.171298,-0.936153,0.310673,-0.085091,0.027832,-0.019457,11.649954
326154979795,-1.182637,-0.200499,0.592455,-0.023526,-0.076377,0.013604,11.753365
326255027335,-1.440255,1.257644,0.611854,-0.133323,-0.066113,0.048925,11.795941
326355074875,0.805225,-0.368140,-0.139860,-0.288425,0.014404,-0.081578,11.858798
326455122415,0.492694,-0.545216,0.212670,-0.168566,-0.023348,-0.055177,11.951693
326555169954,1.611659,-0.353120,-0.063315,-0.256769,-0.039391,-0.125694,12.004760
326655217494,1.965953,-0.980294,-1.009954,-0.148550,-0.047635,-0.070438,11.968011
326755265034,1.050643,-0.907738,-1.047835,-0.090143,0.015368,-0.011437,11.967289
326855312574,0.100146,-0.363575,-0.277156,-0.074180,-0.014027,-0.025631,11.972875
326955360114,-0.394786,0.415597,0.223474,-0.086279,-0.031740,-0.001387,11.834899
327055407653,-2.142103,1.544168,0.509831,0.098520,0.071145,0.138773,11.919823
327155455193,-2.908379,1.095120,1.143642,0.251340,0.040668,0.135891,12.053326
327255502733,-1.444156,0.486584,0.981275,-0.093882,-0.036706,-0.118577,11.793293
327355550273,-2.763771,2.014298,0.247401,0.256218,0.008639,0.053414,11.712952
327455597813,2.373990,-0.031465,-0.434012,0.274313,0.057444,0.055928,11.793908
327555645352,1.020303,1.187990,-0.582083,0.332267,0.109731,0.194454,11.606662
327655692892,-3.004285,1.667411,-0.488411,-0.016801,0.091879,0.020707,11.786714
327755740432,-5.274285,0.966534,1.090514,-0.007668,0.015529,0.000655,12.026557
327855787972,-1.647106,0.699703,1.883335,-0.236186,-0.058750,-0.107849,11.872741
327955835512,4.240449,-1.483959,0.956932,-0.293790,-0.072041,-0.147581,11.811338
328055883052,5.048647,-1.919689,0.227138,-0.486589,-0.079531,-0.228620,11.775416
328155930591,4.201280,-0.510177,-0.311681,-0.671069,-0.049059,-0.341995,11.856535
328255978131,-2.661034,2.336640,0.061325,-0.668126,-0.003624,-0.344011,11.986559
328356025671,-3.049533,0.977200,0.026912,-0.879635,0.059287,-0.470498,11.932635
328456073211,-5.542810,0.895981,0.724512,-0.566855,-0.033227,-0.300822,11.647431
328556120751,-2.420194,1.197762,0.747064,-0.620511,-0.121029,-0.352631,11.893096
328656168290,-1.643466,2.245912,0.890770,-0.169655,-0.063880,-0.033043,11.993846
328756215830,-1.765591,1.474600,0.593048,0.099060,0.015944,0.124461,11.945145
328856263370,1.385007,-0.914380,-0.141337,0.073752,0.031245,0.135536,12.101245
328956310910,2.541072,0.202376,-0.202808,0.010561,-0.046069,0.038072,12.062014
329056358450,0.029863,-0.151751,-0.303399,0.059039,-0.046176,-0.015547,12.129624
329156405990,-1.774679,-0.723057,0.350949,0.075190,-0.011579,-0.043295,12.137557
329256453529,-1.088933,0.016066,0.851909,0.338805,-0.038761,0.026057,12.170550
329356501069,-3.674303,0.483444,0.237338,0.620089,0.027125,0.324679,12.190529
329456548609,1.372819,-0.692050,-0.424390,0.581978,0.056365,0.335002,12.021210
329556596149,0.634329,0.440657,-0.357818,0.828485,0.004957,0.444334,12.202536
329656643689,1.948897,0.647232,-0.312111,0.411688,0.027210,0.201241,12.317595
329756691228,2.725317,-0.234352,-0.437749,0.295017,0.072004,0.182971,12.317587
329856738768,3.103742,-0.890317,-0.558600,0.053594,0.033128,0.022977,12.047641
329956786308,1.038344,-0.713300,-0.057407,0.053947,-0.046599,-0.001871,11.737055
330056833848,-3.383281,0.894094,0.795254,-0.153860,0.011208,-0.089876,11.839978
330156881388,-3.999550,1.151638,0.134411,-0.169329,0.091493,-0.097463,12.112683
330256928927,-2.079445,1.006524,-0.034408,-0.267944,0.041474,-0.122616,12.276227
330356976467,1.619855,-0.427679,0.014675,-0.373377,0.011932,-0.172578,12.396728
330457024007,1.777336,-0.409523,0.004055,-0.342844,-0.042899,-0.098065,12.334118
330557071547,2.891635,0.475254,-0.210971,-0.449743,-0.030624,-0.206918,12.275151
330657119087,-0.222410,0.454932,-0.469311,-0.315886,-0.000159,-0.140892,12.281041
330757166627,0.698994,-0.813675,-0.983547,-0.441306,-0.007990,-0.237720,12.379493
330857214166,-1.561737,0.222444,-0.823130,-0.025265,-0.044400,-0.039505,12.532384
330957261706,-3.517594,2.101815,0.161079,-0.081529,-0.066841,-0.067432,12.626640
331057309246,-5.243099,2.436910,0.254779,0.360922,-0.012341,0.171051,12.600940
331157356786,-4.569970,1.486631,0.877712,0.580726,-0.028757,0.284193,12.678509
331257404326,2.713347,-1.041161,-0.346671,0.564895,-0.007438,0.222459,12.734446
331357451865,1.166372,-1.523722,-0.291170,0.808181,-0.012865,0.395956,12.666438
331457499405,0.720828,-2.140410,0.335393,0.467318,-0.018713,0.191495,12.631007
331557546945,-1.730241,0.136524,0.537189,0.477881,0.003114,0.229415,12.725246
331657594485,-2.390832,0.479390,0.735832,0.158400,-0.024098,0.038698,12.689275
331757642025,-2.313973,-0.153262,0.110017,0.020370,0.032290,0.021931,12.721281
331857689565,-0.231510,-0.007645,-0.101590,-0.123291,0.092100,0.008758,12.755782
331957737104,3.110267,-0.134004,-0.662005,-0.124983,-0.013755,-0.051577,12.656317
332057784644,3.212742,0.882182,-0.007298,0.181515,-0.130629,-0.004224,12.707123
332157832184,-0.701290,1.797077,-0.194268,0.429384,-0.043842,0.259709,12.825155
332257879724,-0.185225,0.402176,0.913571,0.498171,0.058683,0.334848,12.939438
332357927264,-3.023790,0.962862,0.858113,0.541171,0.049458,0.372648,12.912935
332457974803,-1.819349,0.148645,-1.203823,0.454672,0.096425,0.326922,13.071415
332558022343,-2.556894,1.494955,0.479930,0.653105,-0.028205,0.316713,13.076707
332658069883,-2.219777,0.934037,0.437849,0.201043,-0.170418,0.018911,13.186795
332758117423,-3.713475,-0.204667,-1.258214,0.112018,-0.019340,0.015942,13.276073
332858164963,0.698565,0.888043,-0.291276,-0.182171,0.106855,-0.168378,13.201088
332958212502,2.750924,-1.661321,-0.424775,-0.247963,0.200838,-0.106710,13.053558
333058260042,2.571316,-2.992721,-1.356594,-0.421015,0.148059,-0.160788,12.819529
333158307582,2.366518,-1.236010,0.539968,-0.426479,-0.111936,-0.273652,12.773147
333258355122,0.127531,-0.200678,0.422964,-0.367124,-0.119285,-0.297256,13.054118
333358402662,0.550577,-0.270016,-0.755840,-0.220772,-0.032850,-0.087581,13.120035
333458450202,-1.039141,1.079752,0.350703,-0.231785,-0.072572,-0.073628,13.139195
333558497741,0.143230,-0.765358,0.429490,-0.493623,-0.083988,-0.318099,13.126835
333658545281,-0.447746,-1.813949,0.741560,-0.276514,-0.127296,-0.177710,13.013731
333758592821,0.480071,-1.100869,1.233265,-0.197300,-0.104523,-0.104707,13.310798
333858640361,1.458678,1.240933,-0.175133,0.072621,0.060350,0.092948,13.263994
333958687901,-1.843688,1.136696,-0.074651,0.181454,0.050360,0.101667,13.104626
334058735440,-2.701452,-0.556901,0.300249,0.159745,-0.049449,0.014714,12.769729
334158782980,-1.999984,-0.395215,-0.754334,0.178331,-0.010067,0.014714,12.533973
334258830520,0.840109,1.445673,-0.390056,-0.010214,-0.024486,0.018480,12.472066
334358878060,3.676670,0.431350,0.506462,-0.343422,-0.038839,-0.125081,12.642626
334458925600,1.282484,0.474643,1.021780,-0.068051,-0.012906,0.076943,12.664669
334558973140,0.450223,1.108622,1.630520,-0.242807,-0.057697,-0.085666,12.683160
334659020679,-3.306558,2.736094,0.689783,0.086460,-0.013707,0.037232,12.733240
334759068219,-4.048645,1.680365,-0.491928,0.285224,0.113239,0.172515,12.998729
334859115759,3.165482,-1.949368,-1.355561,0.637929,0.149537,0.356620,12.859644
334959163299,2.411704,0.386949,0.094275,1.049174,0.016062,0.522244,13.038129
335059210839,3.122082,-0.814563,0.583705,0.814181,-0.050358,0.388561,13.018818
335159258378,-0.984287,0.342096,0.189349,0.947491,0.000049,0.458180,12.988927
335259305918,1.957688,0.457023,-0.911831,0.528173,0.063938,0.284759,13.089375
335359353458,-0.359487,1.546965,-0.394229,0.522510,0.069548,0.278370,12.875714
335459400998,-1.636362,1.360209,-0.809333,0.256451,-0.016949,0.107813,13.008460
335559448538,-2.410446,0.979807,-0.747577,0.187422,0.013053,0.065059,13.272861
335659496077,-1.555653,-0.384337,0.358000,-0.189601,-0.019407,-0.150507,13.106763
335759543617,3.012116,-2.587335,-0.160199,-0.339099,-0.004211,-0.180288,13.201894
335859591157,3.220170,-0.206479,-0.810871,-0.396289,0.001066,-0.125237,13.441060
335959638697,3.745189,-0.213724,-1.105889,-0.523848,0.008641,-0.293127,13.338584
336059686237,-0.027268,1.115893,-0.282151,-0.332111,0.028976,-0.236396,13.139287
336159733777,0.483012,1.702921,0.382571,-0.294237,-0.016798,-0.165832,13.128977
336259781316,2.051915,-0.191872,0.009274,-0.265308,-0.105282,-0.187465,13.283847
336359828856,3.843252,-1.240590,-0.902003,-0.391936,0.051220,-0.195348,13.197363
336459876396,1.297716,-0.788488,0.057852,-0.145286,0.080769,-0.057086,13.192059
336559923936,-2.848545,1.105871,0.701242,-0.333954,-0.020997,-0.215306,13.352276
336659971476,-2.143790,0.953368,0.226866,-0.473990,-0.007877,-0.310388,13.430602
336760019015,-1.862466,1.366560,0.054893,-0.451783,0.036206,-0.221010,13.446057
336860066555,2.563229,-0.958154,-0.546952,-0.618409,0.032373,-0.275114,13.446220
336960114095,0.590328,-1.375780,-0.217820,-0.460957,0.036406,-0.181198,13.342138
337060161635,1.464077,-0.656338,-0.035051,-0.505747,0.029106,-0.199759,13.218574
337160209175,-0.284080,-0.095210,0.763615,-0.312582,0.029699,-0.120643,13.184955
337260256714,2.164763,-0.412603,0.555830,-0.389894,-0.054017,-0.239918,13.279840
337360304254,0.722697,0.685091,-0.197346,-0.061075,-0.105250,-0.123730,13.264391
337460351794,-1.443806,0.598416,0.201125,-0.059430,-0.035562,-0.013932,13.060662
337560399334,-3.411661,2.187830,0.605160,0.306187,0.050069,0.271725,13.068719
337660446874,-3.100213,2.152996,0.090149,0.385527,0.076180,0.279961,13.127911
337760494414,3.322455,0.733691,-0.879385,0.405330,0.133976,0.293498,13.138820
337860541953,3.916321,0.272909,-0.491531,0.454544,0.104019,0.342278,13.101332
337960589493,3.553196,-0.395189,-0.400440,0.490244,0.017473,0.318534,12.847232
338060637033,-1.071635,0.995096,0.926471,0.646343,-0.085552,0.310825,12.854648
338160684573,1.842269,1.576226,0.556729,0.220038,-0.109698,0.058392,12.878380
338260732113,0.616463,1.462435,-0.261940,0.198470,0.007078,0.040143,12.692678
338360779652,-2.338681,0.255970,-0.233264,-0.140192,-0.028956,-0.186126,12.661630
338460827192,-3.355811,1.344349,-1.119163,-0.049059,-0.014406,-0.041514,12.681992
338560874732,-0.840692,1.432877,-0.031712,-0.318584,0.053605,-0.111264,12.680242
338660922272,2.445253,-0.200243,-0.303858,-0.273236,0.082324,-0.041944,12.454606
338760969812,2.498759,0.000150,-0.036378,-0.293400,-0.013782,-0.031706,12.467681
338861017352,2.505525,0.378761,0.742021,-0.383128,-0.104203,-0.092525,12.710095
338961064891,-0.792675,0.400142,0.004616,-0.184411,-0.068616,-0.050817,12.641477
339061112431,0.441567,0.290030,-1.075722,-0.227461,0.026244,-0.093522,12.535000
339161159971,-0.004291,-0.192751,-1.191557,-0.038642,0.061815,-0.006324,12.535868
339261207511,-1.193289,-0.067497,-0.882918,-0.051659,0.029186,-0.056818,12.368188
339361255051,-0.488607,0.278247,-0.440275,0.020353,-0.001428,-0.021984,12.267997
339461302590,-0.046899,-0.449483,-0.382760,0.041488,0.050673,0.007204,12.425120
339561350130,0.655428,-0.084467,-0.170180,0.019298,0.054488,0.076537,12.417327
339661397670,0.163554,-0.942032,0.727626,-0.011126,0.040533,-0.019730,12.407885
339761445210,0.145655,-0.398614,0.018775,-0.004191,-0.007807,-0.014592,12.572603
339861492750,0.425730,1.748681,-0.225477,0.018870,-0.095337,-0.089971,12.236421
339961540289,0.619921,1.790289,-0.198910,0.029371,-0.064957,-0.093951,12.135689
340061587829,-0.617455,0.140849,-0.436367,0.111068,0.068827,0.014635,12.317886
340161635369,-0.661940,-1.671298,0.329078,0.066991,0.057787,0.013556,12.190831
340261682909,-1.257185,0.518904,0.285296,0.159726,-0.032409,0.104623,12.131745
340361730449,-0.995134,1.003703,0.469339,0.072713,-0.053044,0.030930,12.168347
340461777989,-0.317697,0.901116,0.163224,-0.071828,0.007704,0.055068,12.009802
340561825528,-1.869411,1.988277,0.183350,0.121796,0.039373,0.098204,12.157989
340661873068,0.870472,1.863248,-0.284160,-0.044616,-0.004587,-0.006882,12.150241
340761920608,2.161340,1.673486,-0.765142,0.120801,-0.044468,0.079307,11.933978
340861968148,3.924291,-0.390467,0.167782,-0.025205,-0.020239,-0.052043,11.751090
340962015688,1.913925,0.053483,0.293927,0.291998,-0.009254,0.224912,11.594339
341062063227,1.424949,0.104148,0.400352,0.348943,-0.001245,0.213222,11.703261
341162110767,3.224857,-0.237712,-0.594639,0.360552,0.041221,0.282470,11.872585
341262158307,-0.733452,0.967278,-0.681519,0.454711,0.059439,0.262352,11.867691
341362205847,0.873278,1.062105,-0.208638,0.208592,0.010031,0.121663,11.848220
341462253387,0.280372,1.589725,-0.037622,0.221583,0.031406,0.127453,12.015748
341562300927,-0.459065,0.956733,0.447508,0.031447,-0.023310,0.039803,12.020437
341662348466,-1.511197,0.678697,1.297592,0.042862,-0.060005,0.037247,12.042517
341762396006,0.483770,0.042092,1.905821,0.055717,-0.096591,0.009906,12.056375
341862443546,1.364455,-0.108067,1.390460,0.056286,-0.078947,0.044659,12.048600
341962491086,1.848963,0.069022,0.152241,-0.049352,-0.045515,-0.045405,12.186648
342062538626,1.658600,0.594719,0.630689,-0.098391,-0.065638,-0.035071,12.181268
342162586165,0.397346,0.550037,0.579611,-0.033154,-0.064411,-0.018327,12.254371
342262633705,-0.553873,-0.382080,0.685776,0.034257,-0.042931,-0.021739,12.284212
342362681245,0.711891,2.139338,0.410895,-0.001845,0.015810,0.025434,12.288700
342462728785,1.887035,0.817015,0.114466,-0.064762,-0.021846,-0.066301,12.508896
342562776325,0.461076,0.212087,-0.358342,-0.017869,-0.038428,-0.057603,12.615810
342662823864,0.098066,-1.074198,-0.412930,-0.082441,0.034977,-0.043489,12.606834
342762871404,1.018442,-1.675147,0.199782,0.078836,0.033031,0.053868,12.570833
342862918944,0.885435,-1.360971,0.122508,0.079745,-0.021756,0.013292,12.571323
342962966484,0.341042,-0.469551,-0.036892,0.045759,-0.047452,0.018070,12.638810
343063014024,0.419523,-0.175032,0.135508,-0.090013,-0.029080,-0.088910,12.667260
343163061564,-0.012639,0.150416,-0.299339,-0.223525,0.008442,-0.167814,12.744528
343263109103,1.501295,0.515392,-0.961599,-0.399291,-0.041957,-0.182321,12.774633
343363156643,-1.663733,1.008152,-0.117300,-0.294416,-0.043639,-0.112401,12.782719
343463204183,-1.231178,0.379784,0.819989,-0.369566,-0.029336,-0.284548,12.689295
343563251723,-0.625136,0.774221,1.506192,-0.211593,-0.134731,-0.210376,12.722537
343663299263,-0.620298,-0.151369,0.527365,-0.080726,-0.122926,-0.148275,12.731404
343763346802,1.686229,0.289526,-0.671737,0.065583,-0.031979,0.020824,12.770810
343863394342,0.144006,0.621581,-0.842346,0.153578,0.115061,0.087350,12.775959
343963441882,-1.349245,-1.144446,-0.125184,0.058410,0.070029,0.063131,12.791837
344063489422,0.782405,-0.101089,0.138489,-0.121963,-0.052778,-0.102771,12.729408
344163536962,1.265086,0.511365,0.542551,-0.226323,-0.087685,-0.221416,12.701006
344263584502,2.055324,-0.136097,0.283057,-0.305210,-0.081027,-0.211777,12.768641
344363632041,1.538756,-0.255927,0.082264,-0.103039,-0.024702,-0.124703,12.734297
344463679581,0.179750,-0.516419,0.225532,-0.058429,0.008586,-0.063620,12.784555
344563727121,0.495698,-0.033820,-0.025716,-0.014990,-0.016969,-0.035311,12.666123
344663774661,0.512250,0.506529,-0.087289,0.132538,-0.044699,0.069547,12.638203
344763822201,0.158355,-0.442892,0.688581,-0.008632,-0.043349,0.074068,12.655848
344863869740,0.811051,0.342323,-0.009124,-0.053268,-0.002849,-0.012920,12.537972
344963917280,1.091573,0.770171,-0.660166,-0.195597,-0.045951,-0.122438,12.527236
345063964820,-0.300934,-0.066975,-1.007369,-0.168381,0.073202,-0.042095,12.645795
345164012360,0.735852,-0.154542,-0.811051,-0.349130,0.062474,-0.082542,12.586167
345264059900,3.455645,-1.206528,-0.336274,-0.332596,0.019065,-0.138051,12.463744
345364107439,3.557042,-1.492437,0.129570,-0.437465,-0.085801,-0.219023,12.492861
345464154979,3.031770,-0.763481,0.349769,-0.410564,-0.120180,-0.232964,12.464435
345564202519,1.162878,0.312341,-0.104010,-0.356934,-0.122719,-0.213871,12.472047
345664250059,0.967889,-1.288503,-0.594148,-0.349319,-0.009725,-0.075683,12.446496
345764297599,1.053845,0.297756,-0.377300,-0.330084,0.063543,-0.008705,12.414424
345864345139,2.721164,0.425663,-0.592045,-0.433632,0.046587,-0.060900,12.408727
345964392678,0.913493,0.790834,-0.221628,-0.164594,0.004368,-0.038575,12.401757
346064440218,0.584658,-0.732854,0.251084,-0.156884,-0.069292,-0.063407,12.357003
346164487758,1.867534,-0.768404,0.657326,-0.027704,-0.063138,-0.011273,12.218527
346264535298,2.695091,0.204465,0.124178,-0.042616,-0.085271,-0.021133,12.314366
346364582838,2.065000,1.422278,-0.724813,-0.080756,0.023421,-0.050675,12.194741
346464630377,1.323650,1.340558,-0.718358,-0.124305,0.063859,0.036447,12.359022
346564677917,0.713186,0.321662,-0.336686,0.070552,-0.011966,0.133156,12.353189
346664725457,-0.463245,0.107792,-0.047162,0.172704,-0.033467,0.157269,12.463818
346764772997,1.724024,-1.230119,0.205895,0.088352,-0.024614,0.132455,12.453080
346864820537,1.558091,0.383324,0.212876,0.143626,-0.073721,0.130059,12.429222
346964868077,2.652524,0.303855,-0.076598,-0.050064,-0.040838,0.053151,12.521024
347064915616,2.240595,-0.216954,0.477841,-0.141217,-0.071571,0.023424,12.566102
347164963156,1.506981,-1.476106,0.502536,-0.189912,-0.025588,-0.084290,12.648678
347265010696,3.008485,-0.146288,-0.773558,-0.304743,0.027985,-0.131134,12.790433
347365058236,1.596584,1.173610,-0.115524,-0.264976,0.071654,-0.108229,12.780819
347465105776,2.570293,1.217298,0.394938,-0.288075,-0.054162,-0.121077,12.866124
347565153315,1.411971,-1.325117,0.237014,-0.200908,-0.097046,-0.152887,12.908463
347665200855,1.650611,-1.352659,0.680206,-0.205885,-0.059051,-0.056040,12.944577
347765248395,1.736736,-0.334860,0.821460,-0.058752,-0.037179,0.014191,13.011143
347865295935,0.117455,-0.673915,-0.010463,-0.018897,0.016619,0.107871,13.183236
347965343475,2.709591,-0.410451,-0.416045,0.146844,0.067858,0.162210,13.262330
348065391014,1.761808,-0.725469,-0.372212,0.194207,0.085626,0.187304,13.343138
348165438554,1.267565,-1.397678,0.579323,0.051019,-0.011593,0.036345,13.361753
348265486094,0.036868,-0.605168,0.906234,0.049377,-0.050490,0.087477,13.323422
348365533634,0.029499,-1.192142,0.115073,-0.036354,0.035784,0.067027,13.324381
348465581174,1.744768,-0.545357,-0.159901,-0.122013,-0.021898,-0.056961,13.457277
348565628714,1.418548,0.319749,-0.796611,-0.014634,-0.042993,-0.041501,13.421331
348665676253,2.709613,-0.488291,-1.414449,-0.097270,0.058465,-0.001613,13.501962
348765723793,1.175872,0.658112,-0.150588,-0.012548,0.116419,0.095875,13.499101
348865771333,-0.356112,-0.920559,0.415857,0.066001,-0.022306,0.057415,13.441380
348965818873,0.612086,-0.569130,-0.523207,-0.000683,-0.038039,0.039949,13.525817
349065866413,0.759606,2.576439,-0.022430,-0.027970,-0.006645,-0.061595,13.575000
349165913952,0.519036,0.808925,-1.327454,-0.223305,-0.138482,-0.198794,13.483453
349265961492,-1.314332,-0.998345,-0.818500,-0.131087,-0.086743,-0.064632,13.534320
349366009032,-0.615274,0.195881,0.315299,-0.234845,-0.079223,-0.091538,13.536227
349466056572,1.393538,1.259121,-0.123429,-0.233620,-0.067473,-0.098938,13.541387
349566104112,1.244869,-0.389389,-0.060378,-0.280330,-0.046392,-0.089492,13.611113
349666151652,1.087145,0.215580,-0.097903,-0.172426,-0.062991,-0.152197,13.605813
349766199191,-1.404815,-0.487922,0.075748,-0.289173,-0.071845,-0.267231,13.607461
349866246731,-0.770308,-1.411041,-0.089816,-0.256435,0.046881,-0.063732,13.602407
349966294271,0.988722,-0.052539,0.635861,-0.148441,0.057493,0.025644,13.554487
350066341811,0.839309,1.997828,0.262544,-0.096946,-0.000245,-0.006367,13.664730
350166389351,-1.564414,1.919857,-1.417922,-0.183675,-0.011996,-0.218445,13.792152
350266436890,-2.286898,-0.710464,-1.715481,-0.057557,0.072882,-0.026932,13.696087
350366484430,-0.943882,-0.746521,0.233564,-0.114200,0.000946,-0.000060,13.756233
350466531970,0.137312,1.305858,0.032530,-0.137488,-0.069704,-0.029310,13.864168
350566579510,-0.706319,0.636210,0.591080,0.045225,-0.067415,0.127260,13.795028
350666627050,1.396311,1.170523,0.752899,-0.064551,-0.067201,0.008445,13.827546
350766674589,1.136666,0.833378,0.632835,-0.073595,-0.057747,-0.002626,13.856388
350866722129,1.741211,0.316493,0.102615,-0.152491,-0.056648,-0.049682,13.660212
350966769669,0.698895,-0.193640,-0.302120,-0.037051,-0.026776,0.050550,13.787937
351066817209,-0.491069,0.827112,-0.782525,-0.029272,0.008290,0.020194,13.817409
351166864749,0.426512,0.380680,-0.323940,-0.058122,0.005714,-0.007734,13.813163
351266912289,1.226682,-1.189225,0.198048,-0.099392,-0.019877,-0.003769,13.800257
351366959828,0.684065,0.301974,0.632024,-0.089762,-0.029907,0.005486,13.631736
351467007368,0.879336,1.438968,0.241163,-0.051517,-0.064108,-0.014870,13.669279
351567054908,1.719645,1.409705,-0.633330,0.010090,-0.037866,0.086702,13.725000
351667102448,1.342784,0.600859,-0.179506,-0.046379,-0.017627,0.052107,13.516982
351767149988,0.033328,-1.073380,0.404945,-0.069493,-0.024041,0.040131,13.655434
351867197527,0.736615,-0.111923,-0.129071,-0.100460,-0.020478,0.027484,13.676926
351967245067,0.097952,0.565648,-0.282672,-0.163849,0.004702,0.026137,13.617298
352067292607,0.493365,0.625234,-0.084338,-0.157339,-0.056393,-0.005725,13.435403
352167340147,1.581098,0.643412,0.415638,-0.007327,-0.130018,0.024928,13.481313
352267387687,0.145020,0.753100,-0.016476,0.092945,-0.030989,0.137250,13.390008
352367435226,-0.180865,0.640784,-0.567126,-0.052487,0.087530,0.076983,13.391801
352467482766,0.244212,-0.261234,-0.727099,-0.113726,0.059618,-0.064558,13.376402
352567530306,-1.091502,-1.290296,-0.858301,-0.219492,0.050634,-0.180539,13.332728
352667577846,1.378887,-1.171243,-0.778638,-0.283615,0.051241,-0.152855,13.430699
352767625386,1.584661,-0.222697,-0.199941,-0.134952,0.042531,-0.066885,13.479315
352867672926,2.378114,0.768833,-0.036942,0.043168,-0.031584,-0.026324,13.366959
352967720465,2.864841,1.427094,-0.151695,-0.207661,-0.041247,-0.209025,13.357907
353067768005,-0.130400,0.706358,-0.816958,-0.051547,0.058595,-0.020682,13.413526
353167815545,-1.432906,0.632043,0.364358,-0.158179,0.125700,-0.052268,13.296441
353267863085,-1.695780,0.671149,0.112823,-0.141607,0.013825,-0.034901,13.208549
353367910625,-2.162421,-0.432579,0.098204,-0.045126,0.031794,0.004344,13.248632
353467958164,0.236802,-0.159601,-0.063806,-0.026781,0.035846,-0.079666,13.307035
353568005704,-0.725830,-0.601515,1.438296,-0.055057,-0.045775,-0.081098,13.242771
353668053244,-0.108575,-0.377224,0.368262,-0.129842,-0.006373,-0.138573,13.069650
353768100784,0.214855,-0.049978,-0.075972,0.016381,0.014310,-0.018112,13.149123
353868148324,1.442352,-0.027135,-0.265562,-0.106016,0.070094,-0.092319,13.451791
353968195864,0.005917,-0.002465,-1.130009,0.084599,0.150357,0.079861,13.289919
354068243403,-1.773808,0.212566,-0.999803,0.092234,0.021726,0.048443,13.185614
354168290943,-1.122621,1.114011,0.047142,0.255115,-0.073697,-0.014071,13.209769
354268338483,-1.282349,0.555818,0.211465,0.364814,0.045399,0.249704,13.098417
354368386023,-0.641408,-0.645981,0.544976,0.309780,0.078202,0.264439,13.015965
354468433563,-0.990455,-1.635726,1.177675,0.322014,-0.038262,0.060668,13.150758
354568481102,0.300748,-0.094051,0.795720,0.000077,-0.094409,-0.189319,13.069752
354668528642,-1.186728,0.593478,-0.135595,0.086822,-0.015984,-0.047149,13.045655
354768576182,-2.509006,-0.014037,-0.159350,-0.190256,0.000224,-0.148890,13.094113
354868623722,-0.733688,0.008830,-1.449305,-0.232409,-0.008454,-0.065220,13.001912
354968671262,-0.582478,-0.495732,-0.991094,-0.185932,-0.015869,-0.024255,12.968386
355068718801,1.646444,1.453967,-0.760435,-0.404104,-0.032154,-0.143192,13.045819
355168766341,-1.677274,-0.404336,-0.115603,-0.227400,0.027278,-0.064813,13.071752
355268813881,1.274694,1.011876,0.121772,-0.371515,-0.030317,-0.198300,12.996061
355368861421,-0.722958,-0.286784,0.688691,-0.103624,0.011083,-0.078012,12.981610
355468908961,0.109787,-0.879286,1.115483,-0.067964,0.022805,-0.035400,13.000336
355568956501,-1.542339,-0.260858,0.045310,0.140614,0.082150,0.077588,12.966308
355669004040,-3.878714,-0.444247,0.466611,0.102092,0.032780,0.005352,13.191936
355769051580,-1.703833,-0.666682,-0.664874,0.159129,0.073434,0.024546,13.000737
355869099120,-2.771686,-1.275033,-0.149193,0.392532,0.032243,0.174002,13.310265
355969146660,0.457924,1.091511,-0.859111,0.379535,-0.044831,0.118879,13.148750
356069194200,-2.533329,-1.778921,0.122888,0.589240,0.074271,0.279341,13.005354
356169241739,0.516422,0.504190,-0.215803,0.150239,0.089917,0.083860,13.001323
356269289279,0.816472,-0.528203,0.044226,0.303150,-0.031691,0.075590,13.076371
356369336819,3.531450,0.789874,-0.842826,-0.027914,-0.159558,-0.153037,13.139679
356469384359,0.797262,1.223480,-1.167999,0.041968,-0.107515,-0.107875,13.392091
356569431899,-6.136610,-1.952882,0.438540,-0.435206,-0.033396,-0.430947,13.434217
356669479439,-6.452102,-2.263497,0.972688,-0.236614,0.167159,-0.069333,13.360177
356769526978,-4.086605,-3.130469,1.617292,-0.547575,0.207541,-0.157789,13.356609
356869574518,2.498584,1.087280,0.339781,-0.492319,-0.054377,-0.353023,13.498979
356969622058,0.327281,3.395240,0.899343,-0.537573,-0.231877,-0.418459,13.528079
357069669598,2.035473,1.412442,-0.041581,-0.602736,-0.052631,-0.369080,13.569962
357169717138,-2.454199,0.074788,0.536471,-0.319459,0.027643,-0.142590,13.644821
357269764677,1.526060,2.406573,-0.774616,-0.475344,0.122064,-0.229418,13.601443
357369812217,-2.040302,-0.119731,-0.252996,0.052200,0.144437,0.191055,13.364976
357469859757,-3.438620,-1.564584,0.308543,-0.344117,0.064281,-0.074577,13.262386
357569907297,-8.082281,-2.729627,0.437139,0.469923,0.085465,0.350134,13.444335
357669954837,-3.054267,0.871163,0.862093,0.178300,-0.048181,0.147225,13.497795
357770002376,2.932536,1.777070,-0.735756,0.673515,0.020189,0.319166,13.553197
357870049916,1.946246,0.952744,-0.855708,0.622464,0.033958,0.321445,13.359147
357970097456,0.370742,0.841942,-0.337174,0.561763,0.038278,0.351049,13.252790
358070144996,-4.613649,-1.087731,0.818500,0.497216,-0.120164,0.194139,13.264812
358170192536,-1.364109,1.064999,0.075750,0.496242,-0.131680,0.148186,13.049473
358270240076,-3.925711,1.093281,0.552890,0.605364,-0.030750,0.233036,13.053336
358370287615,-2.194805,-0.433715,0.012496,0.138747,-0.004367,-0.027142,13.163140
358470335155,-2.527714,-0.603993,-0.130564,0.187859,0.051895,0.130156,13.074524
358570382695,-0.729075,0.609981,-0.969515,-0.000323,-0.002136,0.019800,12.921577
358670430235,0.213193,0.986671,-0.410398,-0.002114,-0.007651,-0.073192,12.758324
358770477775,-0.270475,0.060969,0.179505,0.059314,-0.009343,-0.084685,12.753866
358870525314,-0.392607,1.856442,-0.096348,0.013346,0.066322,0.002437,12.646698
358970572854,-2.922316,-0.878164,0.171295,0.079618,-0.002537,0.151887,12.840306
359070620394,-1.826103,-0.362872,0.546820,-0.048185,-0.026009,-0.025016,12.928147
359170667934,-4.896341,-2.020376,2.608739,0.173859,-0.081578,0.047986,12.779234
359270715474,-2.034915,-1.009668,2.708188,0.005224,-0.181610,-0.095877,12.607641
359370763014,-0.715904,0.951625,1.873610,0.186162,-0.133944,-0.002910,12.689860
359470810553,0.339521,2.313755,-0.220190,0.068428,-0.038552,-0.135165,12.757808
359570858093,0.776741,0.998459,-1.907016,0.092013,0.107228,-0.057181,12.746962
359670905633,-1.135222,0.287685,-1.328741,0.122552,0.052479,0.052906,12.669882
359770953173,-1.537756,0.084156,-0.455431,0.095255,-0.006726,0.033635,12.593415
359871000713,-2.133283,1.383275,-0.888811,0.048068,0.014944,-0.023769,12.644890
359971048252,-2.634023,-1.022496,0.109306,0.077026,0.127778,-0.070475,12.517583
360071095792,-1.680909,-2.475130,0.729517,0.218914,0.109643,0.062077,12.455469
360171143332,-1.500319,0.108406,0.645383,0.338659,-0.041221,0.142600,12.541483
360271190872,-2.703661,2.481654,0.341686,0.385074,-0.117461,0.137558,12.237954
360371238412,-1.794620,1.254683,-0.109360,0.359010,0.000309,0.177451,12.024728
360471285951,-3.527049,1.776288,0.233560,0.329525,0.088202,0.129240,12.103788
360571333491,-1.769236,1.323816,-0.531102,0.243872,0.016299,0.065682,12.157369
360671381031,-2.303304,2.714958,-0.302247,0.225490,0.000714,0.008233,12.207509
360771428571,-2.763484,0.876534,0.142026,0.095854,0.034735,-0.038323,12.123929
360871476111,-1.902822,0.066120,0.343750,0.111454,0.021919,-0.029436,11.921440
360971523651,-2.734564,1.814728,-0.142263,0.242267,0.062594,0.064572,11.910587
361071571190,-2.689350,1.154073,0.174096,0.188089,0.059228,0.125336,11.931944
361171618730,-0.190295,0.071548,-0.680964,0.441687,0.018561,0.218583,11.960592
361271666270,0.568175,-0.874541,-0.941341,0.266712,0.028155,0.102039,12.019921
361371713810,-0.616245,0.010176,0.389560,0.450899,0.008051,0.175061,12.157217
361471761350,-4.186682,-0.130394,1.510592,0.440942,-0.000328,0.121575,11.992990
361571808889,-1.659454,1.219866,0.701842,0.282618,-0.076556,0.057624,12.036463
361671856429,-2.707827,3.776864,-1.141007,0.289424,0.148716,0.150835,12.132818
361771903969,-0.434965,1.537253,-0.078534,0.358214,0.219502,0.134356,12.471084
361871951509,-4.195842,0.529510,-0.684762,0.680603,0.220591,0.334279,11.904577
361971999049,1.115629,-0.252204,-0.544601,0.272387,0.051516,-0.019180,12.022395
362072046589,1.382033,-0.291923,0.213114,0.473190,0.041594,0.166567,12.103210
362172094128,1.187852,-0.311209,0.096230,0.018198,0.045189,-0.003198,11.564844
362272141668,-1.513711,-0.823468,0.786775,0.024312,-0.067096,-0.005307,11.264543
362372189208,-2.341977,1.061854,0.612585,0.021354,0.037217,-0.045172,11.120326
362472236748,-0.816601,-0.452110,-0.426095,-0.145065,0.013329,-0.113214,11.571210
362572284288,-3.345777,-1.108635,-0.197112,0.030151,-0.026505,-0.116014,11.653782
362672331827,-2.234972,0.624511,-0.272531,-0.230410,0.010118,-0.112381,11.435843
362772379367,-4.087692,-0.183169,0.262241,0.228321,0.224567,0.059693,11.696577
362872426907,-2.830901,0.892606,0.057213,0.253455,0.154538,0.246725,10.999295
362972474447,1.784395,0.388387,-0.981411,0.545616,0.031757,0.332658,10.800460
363072521987,-0.555074,-1.063267,0.085758,0.572908,0.051460,0.335197,11.182728
363172569526,2.922541,-1.545926,0.112632,0.703319,0.017652,0.425667,11.501203
363272617066,-5.069491,2.163781,1.271103,0.017757,-0.132580,0.022350,11.532309
363372664606,-0.488483,0.310336,0.820684,-0.586147,-0.101819,-0.379646,11.599096
363472712146,-4.512741,2.643938,1.218040,0.124069,-0.092033,0.131174,11.388636
363572759686,-1.000604,-0.415612,0.334900,-0.054323,-0.106732,-0.118190,11.035312
363672807226,3.839972,-1.318085,-0.867661,0.563665,0.038115,0.259326,10.991550
363772854765,2.092352,-2.105738,-1.068294,0.504262,0.177300,0.278372,10.781845
363872902305,2.928569,-1.706633,-1.792218,0.466662,0.192283,0.195685,10.652370
363972949845,-3.641982,1.264335,-0.504298,0.686777,0.147637,0.334830,11.392560
364072997385,-0.442099,0.491363,-0.244765,0.317011,0.086185,0.165624,11.708743
364173044925,-4.440090,1.124978,1.237259,0.525815,-0.009681,0.185972,11.306400
364273092464,-2.294369,0.741065,0.620291,0.040728,-0.121558,-0.096782,11.346751
364373140004,-3.422272,1.844451,-0.616823,0.097463,-0.025547,-0.037840,11.306923
364473187544,-3.409159,2.787826,0.114269,-0.266612,0.178895,-0.123327,11.209594
364573235084,0.250756,0.187989,-0.053681,-0.405831,0.062212,-0.268742,11.505427
364673282624,-2.947154,0.462550,0.113329,0.165613,0.011244,-0.027696,11.476581
364773330164,-1.824266,1.304247,-0.033372,0.176241,0.004419,0.011353,11.499460
364873377703,-0.730863,0.693226,0.502833,0.257992,0.041016,-0.006315,11.267269
364973425243,-0.573194,1.379328,-0.692193,0.294675,0.129320,0.090709,11.203853
365073472783,-0.445766,0.982776,-1.336478,0.245230,0.176048,0.073761,11.550118
365173520323,-2.635154,-0.484957,-0.176139,0.230888,0.139356,0.071852,11.215285
365273567863,-1.755725,-0.047403,0.317526,0.349606,0.037925,0.134648,11.413024
365373615402,-3.522294,1.877773,0.576915,0.575153,-0.024431,0.196741,11.359017
365473662942,-2.377702,1.701356,0.664132,-0.047222,0.031650,-0.033262,11.368969
365573710482,-2.232226,2.272338,-0.147470,-0.081352,0.058186,-0.119115,11.348199
365673758022,-2.634239,2.039755,0.270453,-0.358542,-0.025842,-0.370116,11.162902
365773805562,-0.803289,-2.989536,0.101443,-0.261889,0.034274,-0.280664,11.319347
365873853101,-0.833026,0.571076,0.050609,-0.284750,0.029639,-0.110545,11.169218
365973900641,3.615883,-1.513555,-0.774469,-0.597503,0.002293,-0.435295,11.347541
366073948181,0.154439,-0.193241,-0.716408,-0.003094,0.027948,-0.090063,11.209650
366173995721,2.814072,-2.212696,-0.706052,-0.212079,-0.037750,-0.172002,11.183769
366274043261,-0.265627,1.247877,0.498391,0.209904,-0.001077,0.039270,11.233290
366374090801,-2.153493,3.374997,1.158569,0.008466,-0.079017,-0.028924,11.238126
366474138340,-2.995473,2.291707,0.596959,0.326732,0.009477,0.102692,11.453172
366574185880,-2.742210,1.459137,0.568620,0.296376,-0.019359,0.112605,11.370214
366674233420,2.078011,-0.510663,-0.393511,0.297022,0.051803,0.064868,11.208805
366774280960,-0.733340,-0.915077,0.200161,0.315112,0.215836,0.234350,11.178754
366874328500,-1.715542,-4.429405,-0.403214,-0.064464,0.030215,0.020565,11.144566
366974376039,-0.672009,-1.563877,0.267787,0.351776,-0.047784,0.065331,11.001786
367074423579,-0.644240,-1.367731,0.256348,-0.190651,-0.023805,-0.051767,11.196547
367174471119,2.656301,0.904876,-1.117055,-0.253250,0.111156,-0.166266,11.078644
367274518659,1.175332,0.259754,-1.593692,0.101158,0.061687,0.016300,10.977295
367374566199,-1.636843,-0.631806,-0.610905,0.132794,0.111394,0.021294,11.194988
367474613739,1.451304,0.585432,-0.639814,0.072586,0.054835,-0.067650,10.958849
367574661278,-0.503486,0.416545,0.214305,-0.008972,-0.001900,0.050535,10.959581
367674708818,0.161615,0.958264,-0.339168,0.032492,0.014014,-0.072831,11.019976
367774756358,-0.251720,0.392830,0.907982,0.014785,-0.069774,-0.024715,11.039269
367874803898,-0.873896,0.985763,1.100075,-0.016957,-0.011321,-0.084350,10.823839
367974851438,0.977571,1.358372,0.558039,-0.070740,0.043518,0.030574,10.856247
368074898977,-1.096432,1.898848,0.350236,0.149001,0.091507,0.231826,10.838891
368174946517,-1.468542,1.063057,-0.262273,-0.011535,-0.074199,-0.046836,10.769273
368274994057,-0.895419,2.055276,0.190330,0.259625,-0.167078,0.005095,10.812773
368375041597,-0.382234,2.492666,-0.364102,0.368538,-0.021550,0.063887,10.884751
368475089137,0.419201,0.097515,0.002641,0.114336,0.052019,0.119146,10.955967
368575136676,0.064098,-1.015121,0.787542,-0.001129,0.044842,0.009492,10.644957
368675184216,0.845399,-0.656984,-0.261215,0.065453,-0.000108,-0.023351,10.761664
368775231756,-1.710742,1.625256,0.409836,0.264604,-0.009268,0.163655,11.009771
368875279296,-0.350463,-0.010548,0.230925,0.185602,0.070652,0.106162,10.866827
368975326836,-2.088181,1.007801,1.059692,0.342391,0.025051,0.127393,10.817641
369075374376,-2.407616,1.471107,0.967915,-0.092482,-0.055574,-0.110736,10.804840
369175421915,-2.152905,2.210916,1.187044,0.077327,-0.030451,-0.034971,10.816278
369275469455,0.847595,0.672676,0.287976,-0.017044,0.007076,-0.025744,10.890706
369375516995,0.735544,-1.239950,-0.764548,0.126492,0.048751,0.015661,10.890400
369475564535,1.854428,-1.224165,-1.208807,-0.225960,-0.021901,-0.089663,10.877808
369575612075,1.651046,-1.936240,-0.342011,-0.251736,-0.036108,-0.228494,10.845026
369675659614,-1.913914,1.661478,-0.232342,-0.194968,-0.044219,-0.170075,10.866105
369775707154,-0.861296,-0.795251,-0.210336,-0.371643,0.042110,-0.235213,10.832790
369875754694,-1.566907,1.022933,0.266940,0.040683,0.092143,-0.060866,10.831094
369975802234,-0.375733,1.162589,0.135291,-0.101406,-0.040540,-0.104333,10.678763
370075849774,-0.490103,0.827725,-0.346080,0.039160,-0.026901,-0.105569,10.622989
370175897313,0.152092,0.837961,0.273458,-0.054648,0.003190,0.003990,10.706074
370275944853,0.807690,-2.053513,-1.099288,0.403469,0.030315,0.298276,10.652470
370375992393,0.185977,-1.685506,-0.074423,0.293624,0.020809,0.097539,10.587471
370476039933,0.768387,-1.279354,-0.440053,0.299038,0.042228,0.151157,10.597812
370576087473,-0.105830,1.041501,0.135528,0.374093,-0.019291,0.058766,10.484105
370676135013,0.778775,0.686770,0.634930,0.303771,-0.074114,0.062049,10.446746
370776182552,-0.620824,1.862408,-0.765939,0.264379,0.069158,0.075703,10.503447
370876230092,0.331861,0.239167,0.046986,0.113382,0.121662,0.026004,10.373098
370976277632,-0.490250,2.400690,0.414371,0.223745,0.082818,0.097264,10.276728
371076325172,-1.149833,0.258262,-0.173423,-0.032991,-0.026816,-0.149891,10.308390
371176372712,0.900386,0.188720,0.174882,0.135718,-0.056299,-0.053294,10.302477
371276420251,2.245863,-0.830320,0.293528,-0.215988,-0.062101,-0.202934,10.292927
371376467791,1.344698,-0.845511,0.182169,-0.221360,0.014110,-0.189310,10.081021
371476515331,-1.635119,2.539931,0.886402,-0.154461,0.029036,-0.179606,9.996132
371576562871,0.385345,-0.133357,-0.475442,-0.086420,0.089292,-0.031469,10.231173
371676610411,1.733483,-0.378931,-1.378150,0.380193,0.182704,0.246432,10.172421
371776657951,-1.400568,3.248381,-0.311250,0.432672,0.099022,0.226579,10.285260
371876705490,-0.065246,1.453215,0.019882,0.179242,-0.003851,0.026604,10.093518
371976753030,-1.338760,2.313405,0.310352,0.305562,-0.050216,0.123631,9.992542
372076800570,-0.180551,0.763737,0.168152,0.318161,-0.089835,0.037913,10.172050
372176848110,-0.117453,0.893221,0.611716,0.206389,-0.005474,0.046784,10.112976
372276895650,0.081212,1.837049,-0.056376,-0.087350,0.061263,-0.164538,9.983431
372376943189,-1.203441,1.134236,-0.680285,-0.110926,0.096699,-0.108868,10.118077
372476990729,3.164276,2.676596,0.366496,-0.197260,-0.146110,-0.164657,10.180846
372577038269,-0.279768,3.276472,0.709718,0.078472,-0.076892,-0.103332,10.175798
372677085809,-0.692771,0.766995,-0.630396,-0.015514,0.098702,-0.060628,10.350995
372777133349,0.033988,-1.091936,0.135870,0.302397,0.067597,0.143889,10.266763
372877180888,0.836599,1.250763,0.156053,0.382319,0.005441,0.171845,10.311653
372977228428,0.245860,-0.772625,-0.612701,0.294641,0.002725,0.027472,10.410311
373077275968,-0.182579,1.491161,-0.577260,0.315530,0.058828,0.132729,10.491404
373177323508,-1.237296,1.693720,-0.303422,0.439677,0.103512,0.139275,10.613276
373277371048,-2.075980,3.601378,0.980012,0.581636,-0.022607,0.198938,10.716747
373377418588,-0.554134,0.472201,-0.682032,0.394695,-0.105082,0.115312,10.716335
373477466127,-2.485402,3.053880,-0.693866,0.405267,-0.048862,0.048325,10.727000
373577513667,-1.194835,1.668137,0.806581,-0.043410,-0.144791,-0.192774,10.867593
373677561207,0.530530,0.266247,-0.450176,-0.058880,0.055832,-0.075712,10.992262
373777608747,-1.067458,1.934166,-0.919068,0.077270,0.208707,0.097409,11.145861
373877656287,-0.109959,1.095173,-0.113491,0.048671,0.095309,-0.073905,11.092888
373977703826,-2.279277,0.700161,-1.356996,0.154038,0.067925,-0.075092,11.164938
374077751366,-2.399064,0.837823,-1.055655,0.024159,0.044978,-0.072035,11.381171
374177798906,-1.613174,2.347940,-0.504445,-0.080875,0.094164,-0.074719,11.610048
374277846446,-0.468588,-0.575581,0.042369,-0.176568,-0.078666,-0.168225,11.701302
374377893986,-1.415765,2.310093,1.140178,0.208887,-0.038448,0.008946,11.877282
374477941526,-1.623604,0.224503,0.591431,-0.033337,0.019605,0.006781,11.966107
374577989065,-2.167969,-0.429710,1.192580,0.244637,-0.001167,0.151101,12.359335
374678036605,-1.426761,0.446782,1.985233,0.354365,-0.119313,0.071155,11.937813
374778084145,-0.737780,-0.055180,1.343499,0.278743,-0.113845,0.230260,12.350444
374878131685,-1.572614,1.763634,-0.816800,0.343394,0.116296,0.056363,12.489174
374978179225,1.457502,0.573908,-1.410311,0.218478,0.109818,0.136104,12.221988
375078226764,-0.108226,0.339695,-2.513928,0.246881,0.192578,0.089688,12.631722
375178274304,0.560125,-0.511231,-1.199849,0.278577,0.089713,0.040725,12.944403
375278321844,-2.880624,0.899982,0.465017,0.335746,0.121731,0.188739,12.843554
375378369384,-0.726603,-1.930203,0.554430,0.293472,-0.023789,0.050279,13.016807
375478416924,0.132386,1.810013,1.441550,0.418347,-0.127229,0.108145,13.027318
375578464463,1.110188,-1.998947,-0.256679,0.169826,-0.010827,-0.065879,12.915154
375678512003,-0.146913,2.346314,-0.824528,0.405167,0.132477,0.226189,13.556934
375778559543,-0.986253,0.439863,-0.182017,0.095278,0.079747,0.100100,13.236346
375878607083,-1.541180,3.469649,0.967126,0.280829,-0.016277,0.118803,12.989712
375978654623,-0.859481,1.860082,0.980025,0.085942,-0.082375,0.015634,13.053512
376078702163,0.824616,0.751475,0.700783,0.157606,-0.073832,0.013008,13.148191
376178749702,0.991223,0.384061,-0.333937,0.030554,0.131914,0.061739,13.368631
376278797242,0.485537,0.309619,-0.370946,-0.014676,0.138932,-0.000004,13.214243
376378844782,-1.666147,-0.675305,0.396411,0.072048,0.041650,0.043891,13.353634
376478892322,-1.243611,-0.612196,0.116015,-0.016988,-0.099506,-0.045708,13.640377
376578939862,1.737462,0.543397,-0.533320,-0.012559,-0.022312,-0.096464,13.384884
376678987401,-0.862531,-1.026221,0.432326,-0.116251,0.079125,-0.048175,13.369553
376779034941,0.903214,-1.478537,1.110298,-0.098575,-0.113614,-0.017240,13.674996
376879082481,0.313027,-0.774212,-0.891906,-0.040400,-0.006237,0.059458,13.439394
376979130021,0.949716,0.016194,-0.029539,-0.009986,0.138274,0.105889,13.647308
377079177561,1.957273,-2.182249,0.720163,-0.197474,-0.019519,-0.073335,13.518027
377179225101,-0.369183,0.074896,0.074042,0.071419,-0.157915,-0.030734,13.479074
377279272640,1.640636,-0.638592,1.290851,-0.000867,-0.169117,-0.083555,13.393433
377379320180,2.090855,0.031241,1.652402,0.206151,-0.091177,0.038503,13.568300
377479367720,0.848166,0.752271,-0.436805,0.134840,0.086783,0.069475,13.490587
377579415260,0.367098,-0.958374,-0.713641,0.084319,0.142365,0.054858,13.484078
377679462800,0.280075,1.412683,-0.846753,0.291205,0.012291,0.072009,13.801678
377779510339,-1.210134,-1.806157,-0.456583,-0.029831,-0.128575,-0.132312,13.769967
377879557879,0.032744,0.207310,-0.199343,0.201343,0.041409,0.125166,13.740227
377979605419,-0.053584,-1.339101,0.111244,0.066888,0.085036,0.120032,13.638945
378079652959,1.392901,0.436806,0.379196,0.171217,0.035923,0.088717,13.666379
378179700499,0.419858,0.347382,-0.703813,-0.106219,0.050172,0.005374,13.177001
378279748038,0.336132,0.342299,-0.552905,-0.064662,0.030696,-0.044755,13.242721
378379795578,-1.505597,1.175447,0.050992,-0.145294,0.002272,-0.043115,13.413189
378479843118,-1.263100,-2.540425,-0.367826,-0.248718,0.073973,-0.106281,13.205247
378579890658,0.535596,-0.492435,0.458912,-0.174635,-0.039537,-0.124329,13.231992
378679938198,0.557844,-0.524880,-0.206432,-0.086087,0.020089,-0.068312,13.333827
378779985738,1.577586,0.597429,-0.298738,-0.113334,0.002735,-0.028854,13.453205
378880033277,0.646523,-0.657244,0.147671,-0.277481,0.012815,-0.132729,13.678806
378980080817,-0.753181,2.862200,0.378265,-0.065754,0.036728,-0.028635,13.688848
379080128357,0.351877,1.197517,1.418359,-0.087429,-0.109528,-0.164089,13.376182
379180175897,-0.036056,1.711818,0.720116,-0.000000,-0.069850,-0.009284,13.221603
379280223437,1.881927,-1.487833,-0.111846,-0.159451,-0.013744,-0.071822,12.787234
379380270976,-1.071030,-1.787621,-0.839419,0.172645,-0.056386,0.089776,13.193829
379480318516,1.317807,-0.850788,0.036125,0.056972,-0.092538,-0.006194,13.156021
379580366056,0.815518,1.058534,0.379179,0.101863,-0.132028,0.009629,13.169912
379680413596,0.066452,0.918715,0.791966,0.107407,-0.127112,-0.058717,13.218348
379780461136,1.923533,-1.209565,0.879599,0.048775,-0.065838,-0.091989,13.545660
379880508676,-0.216908,-0.446596,-0.373591,0.012857,0.110689,0.040753,12.958859
379980556215,0.166408,-0.357016,1.772045,0.017945,0.154970,0.114371,13.019585
380080603755,1.883960,-0.286812,1.538034,0.032846,-0.017732,0.028366,12.661976
380180651295,-0.913524,1.741154,-0.360404,0.099424,0.012018,0.068950,12.253220
380280698835,1.933009,1.242844,-0.223148,-0.057365,0.014193,-0.134098,12.504150
380380746375,1.830269,-0.266970,-0.045583,0.061326,0.011685,-0.039344,12.825081
380480793914,-0.460416,-0.751179,0.045189,-0.009050,-0.029946,0.004121,12.033148
380580841454,3.168393,-1.023197,0.277652,-0.100985,0.022805,-0.022693,12.516467
380680888994,1.852055,1.272066,0.043161,0.030900,-0.027815,-0.012639,12.837521
380780936534,0.055768,-0.024151,-0.100437,-0.255601,-0.037894,-0.185538,12.546308
380880984074,-1.069131,-2.198333,0.425180,-0.253437,0.023734,-0.092290,12.593739
380981031613,0.282784,-0.725315,0.587505,-0.209151,-0.016179,-0.079344,12.560706
381081079153,2.302527,-2.009270,1.088099,-0.214724,-0.102983,-0.076542,12.284856
381181126693,1.720459,-2.204313,0.448884,0.106252,-0.060566,0.031458,12.155833
381281174233,2.554438,-0.272795,0.452457,0.190139,-0.013435,0.174119,12.056345
381381221773,4.001000,-2.622315,0.167511,-0.235480,-0.052429,-0.079514,11.893227
381481269313,1.029317,-1.469467,-0.707116,0.023063,-0.094942,-0.055055,11.704685
381581316852,1.449698,-0.056838,-1.139211,0.135038,0.021315,0.096147,11.512806
381681364392,2.523829,-3.055382,0.898579,0.011202,0.025230,-0.060751,11.521017
381781411932,2.055912,-0.679162,0.509514,0.151141,-0.052818,0.169653,11.382082
381881459472,1.988407,-3.301074,0.031339,-0.157814,-0.024713,-0.060858,11.244647
381981507012,1.984569,-0.058026,0.628144,0.013485,-0.045270,0.132349,11.238092
382081554551,1.234400,-0.710352,-0.275144,-0.210900,-0.007559,-0.001756,11.081327
382181602091,1.416314,0.687188,-0.610131,0.008091,0.038162,0.136652,11.059734
382281649631,1.123890,-1.656590,-0.364045,-0.107551,0.049431,0.081810,11.070313
382381697171,0.898511,-1.562898,0.438782,-0.042664,-0.049714,0.004976,11.110297
382481744711,0.711984,-3.170200,0.818465,-0.153180,-0.129356,-0.174635,10.975154
382581792251,1.665066,-0.675827,-0.197615,-0.034368,-0.002533,0.064455,10.974864
382681839790,1.814477,-0.542425,0.076613,-0.269198,-0.021241,-0.031071,10.838043
382781887330,2.536625,-2.279359,-0.036495,-0.353056,-0.016382,-0.136842,10.954191
382881934870,0.550138,-0.658781,-1.165253,-0.096009,-0.040881,-0.018132,10.686289
382981982410,-0.239777,-0.655505,-0.197604,-0.033873,0.027459,0.067243,10.716785
383082029950,-1.468551,1.511350,0.304796,-0.013120,0.137557,0.147246,10.797072
383182077489,0.661312,-2.135146,0.045903,-0.196072,0.020456,-0.030225,10.584287
383282125029,2.643357,-3.778085,-0.502045,0.371792,-0.071693,0.204052,10.676209
383382172569,0.373694,-1.197597,-0.744875,0.424123,-0.064700,0.162015,10.573871
383482220109,1.536814,-4.489068,-0.325416,0.399996,-0.082454,0.136722,10.434003
383582267649,0.101193,0.722116,-0.592254,0.561252,0.071881,0.354607,10.289112
383682315188,0.995813,-2.659240,-0.512657,0.230787,0.000422,0.054114,10.239047
383782362728,-1.487334,2.703880,-0.082748,0.483786,-0.052142,0.173455,10.003273
383882410268,1.530314,2.687275,-0.899863,-0.399235,-0.107214,-0.323359,10.303446
383982457808,-0.990047,4.457936,0.398141,-0.092887,0.206617,0.010661,10.013638
384082505348,0.840362,-0.372451,0.489926,-0.453653,0.134599,-0.064984,9.776830
384182552888,3.206028,-3.541597,-1.101719,-0.250807,-0.092085,-0.130416,9.780204
384282600427,1.350657,-1.450853,-0.233089,-0.267463,-0.075592,-0.125313,9.762358
384382647967,2.824823,-1.673169,-1.014873,-0.313389,0.066736,-0.179644,9.478467
384482695507,0.279301,0.935600,-0.252336,-0.176121,0.072957,-0.038946,9.306753
384582743047,-0.076097,0.412761,0.323371,-0.194758,0.025034,-0.134442,9.506462
384682790587,-0.366632,1.895655,-0.536473,-0.197629,-0.050742,-0.190358,9.506601
384782838126,2.231823,-1.707982,-0.164974,-0.346170,-0.102720,-0.185855,9.478766
384882885666,0.045101,-0.761514,0.089207,-0.170686,-0.000053,-0.084087,8.912298
384982933206,1.067256,-1.165058,1.151021,-0.172564,-0.043666,-0.145847,9.039843
385082980746,1.619832,0.729501,-0.325335,-0.317120,-0.092937,-0.136364,9.017853
385183028286,-0.150086,-0.307495,-0.429297,-0.293407,-0.084807,-0.159466,8.754663
385283075825,3.443153,0.059601,-0.218304,-0.328770,0.087494,-0.185356,8.655890
385383123365,0.638371,1.299812,-0.311381,0.087924,0.089349,0.274644,8.707530
385483170905,0.047665,-0.357637,-0.613057,0.176391,0.056756,0.303154,8.492897
385583218445,0.062599,1.303286,-0.269570,0.179320,0.041160,0.211689,8.635111
385683265985,3.042256,-7.631677,-1.069485,0.530874,-0.109869,0.239393,8.620552
385783313525,-2.648507,2.487201,0.541698,1.003945,0.097179,0.641198,8.497527
385883361064,3.507189,-7.524131,-0.244862,-0.019068,-0.042416,0.002229,8.553267
385983408604,2.597062,-2.639033,0.389662,0.806453,0.000048,0.344421,8.156016
386083456144,7.194123,-13.362204,-0.227779,-1.390101,-0.132099,-0.843177,8.133235
386183503684,2.238470,-3.946340,0.469373,-0.496370,-0.072513,-0.264686,8.176778
386283551224,-5.698278,9.417320,2.160642,-1.686787,0.031654,-0.758373,8.091845
386383598763,0.319410,-1.517599,1.080213,-1.774177,-0.064781,-0.957495,8.208576
386483646303,-4.408035,9.155183,1.047889,-0.711190,-0.044168,-0.222002,8.211533
386583693843,1.034000,-0.950225,0.433348,-1.485703,-0.117738,-0.647242,8.153473
386683741383,-5.020767,9.686733,1.806783,0.598183,-0.063917,0.368331,8.137240
386783788923,-1.005169,0.252448,0.737466,-0.028035,-0.042404,0.002413,8.201280
386883836463,5.266303,-7.630048,-0.494423,0.849801,0.045610,0.563603,8.100011
386983884002,1.583388,-2.868095,0.628920,0.709907,0.018540,0.458568,8.064541
387083931542,3.191912,-4.454000,-0.498035,0.519497,0.040216,0.313659,8.046790
387183979082,-2.325429,3.517441,1.227365,0.802871,-0.027913,0.440807,7.984404
387284026622,2.678069,-3.505927,-0.670028,0.047931,0.008178,0.069054,7.971422
387384074162,-1.435968,2.660550,0.340869,0.506168,0.047891,0.296914,8.069431
387484121701,-1.234127,2.483448,0.037076,-0.408630,-0.040689,-0.236620,8.065389
387584169241,-2.225185,3.298771,0.841646,0.014682,-0.057301,0.067385,7.872432
387684216781,0.815332,-0.079326,0.185342,-0.386299,-0.087249,-0.192808,7.795772
387784264321,1.795587,-2.542879,-0.755454,-0.108497,-0.005702,-0.065687,7.886598
387884311861,1.510737,-2.061977,-0.182376,-0.511513,0.028388,-0.279201,7.890714
387984359400,2.505729,-2.054234,-0.565388,-0.468516,0.076361,-0.168129,7.794323
388084406940,1.039464,1.096939,-0.762965,-0.010729,0.083063,0.096931,7.890190
388184454480,1.099519,0.447671,0.358816,0.040404,-0.090358,-0.129837,7.836744
388284502020,0.369046,-0.880312,-0.376333,0.065914,-0.105222,-0.020824,7.797705
388384549560,0.529042,-0.230134,0.188446,0.054487,0.030778,-0.018926,7.749137
388484597100,0.053629,1.925624,-0.293741,0.077097,0.013151,0.057858,7.798449
388584644639,-0.435976,-0.184140,-0.081909,-0.010477,-0.014196,-0.065378,7.729417
388684692179,1.591075,-1.191665,0.436084,0.215816,0.076594,0.079235,7.754053
388784739719,0.572758,-0.106696,0.091158,0.175333,-0.017497,0.082884,7.722037
388884787259,1.033823,-1.843540,-0.459222,0.222801,-0.027145,0.044784,7.597946
388984834799,-0.403437,0.947739,0.608659,0.183668,-0.034381,0.117799,7.585428
389084882338,0.487165,-0.831485,-0.390670,-0.001875,0.052383,0.017899,7.627735
389184929878,-0.589490,0.076545,-0.106065,0.025772,0.025631,0.073533,7.479531
389284977418,-0.810914,0.814897,-0.222491,-0.055835,-0.006054,-0.058645,7.570205
389385024958,-1.178163,0.396524,0.270246,-0.000525,0.030420,-0.005434,7.549307
389485072498,-0.621485,0.017952,0.270341,-0.083639,-0.025205,-0.010014,7.478140
389585120038,-0.063865,0.380911,0.233587,-0.000273,-0.034285,0.014971,7.507849
389685167577,-0.303511,0.098277,0.588703,-0.005936,-0.025138,0.014195,7.457039
389785215117,1.192938,0.159717,-0.295606,-0.076406,0.036710,-0.047497,7.354865
389885262657,1.248171,-0.218629,-0.425707,0.037579,-0.026042,0.003309,7.471046
389985310197,0.444920,0.089138,-0.583324,0.024072,0.034564,0.081636,7.405261
390085357737,-0.346616,-1.219157,-0.281534,-0.007784,-0.009264,0.021685,7.390000
390185405276,0.849392,-0.122070,0.330981,-0.018332,-0.076708,-0.029712,7.348246
390285452816,1.336848,-0.759474,0.250201,-0.089372,0.015619,0.039901,7.248775
390385500356,-0.873835,0.659113,0.229045,-0.088699,-0.019244,0.017069,7.171543
390485547896,0.424109,-0.278004,-0.604364,-0.274872,-0.025415,-0.089796,7.137823
390585595436,0.409685,1.138881,-0.635471,-0.005542,0.043697,0.038794,7.009062
390685642975,1.908970,-0.168300,0.373558,-0.171299,-0.019914,0.002310,7.093444
390785690515,0.264248,0.329842,0.477701,0.021997,-0.004165,0.090560,6.877128
390885738055,2.117073,-1.670699,-0.131103,-0.181707,-0.041889,-0.034137,6.819241
390985785595,-0.514994,0.731076,0.282076,0.168760,-0.061991,0.166576,6.696726
391085833135,-0.625200,2.173131,0.800452,-0.075266,-0.049603,-0.042730,6.495026
391185880675,-0.504120,2.774867,0.883470,0.249606,-0.065256,0.123340,6.351685
391285928214,-0.478275,1.689919,-0.636176,0.141057,0.020993,0.042940,6.226361
391385975754,2.092486,-1.252669,-0.149246,0.138960,0.093124,0.105710,6.079925
391486023294,0.695942,1.049798,0.609980,0.234847,0.007925,0.117900,6.090909
391586070834,1.614093,-0.142432,0.022979,-0.095191,-0.058245,-0.156870,5.778366
391686118374,1.353080,0.875336,0.442830,0.073523,-0.072188,0.044235,5.686517
391786165913,1.853362,-0.187718,-0.224081,-0.111614,-0.060365,-0.068977,5.550751
391886213453,1.320066,0.873406,-0.491531,-0.038087,-0.010877,0.042542,5.509405
391986260993,0.203227,1.211202,0.077975,-0.222884,0.043217,-0.054244,5.499162
392086308533,-0.018357,0.793186,0.648348,-0.126151,0.017779,-0.007086,5.345337
392186356073,1.133432,0.299088,0.456354,-0.164190,-0.002279,0.017290,5.182941
392286403613,1.520882,-0.757874,-0.661633,-0.141281,0.014525,-0.024838,5.118629
392386451152,1.248468,0.569656,-0.594993,-0.190325,-0.019849,-0.017236,4.893175
392486498692,1.614298,0.345744,-0.645779,-0.210878,0.006863,-0.031855,4.846875
392586546232,0.444400,0.929627,0.534162,-0.110913,0.023504,-0.013529,4.543771
392686593772,1.502262,-0.158670,0.093739,-0.158921,-0.010384,-0.024487,4.272763
392786641312,1.223120,1.138946,0.357907,-0.016165,-0.032359,0.043134,3.979816
392886688851,0.910464,2.216695,-0.141538,-0.057319,-0.047250,0.099150,3.486569
392986736391,0.881049,2.732114,-0.216066,0.025357,-0.060439,0.103504,3.234075
393086783931,1.563446,3.137883,0.567269,-0.036253,-0.114107,0.017189,2.852708
393186831471,1.473323,2.541205,0.239332,0.052755,-0.068135,0.015745,2.555037
393286879011,1.799532,2.347328,-0.184967,0.053683,-0.011540,0.023957,2.325232
393386926550,2.081653,2.079809,-0.569832,0.048485,-0.005661,0.053733,2.289833
393486974090,1.746110,2.522946,-0.242777,0.079479,-0.060908,0.027757,1.955971
393587021630,0.767270,2.132190,0.132807,0.084440,-0.043599,0.040875,2.030359
393687069170,-0.064728,1.659165,0.060831,0.100439,0.014605,0.011553,2.055177
393787116710,0.042596,0.853630,0.150819,0.041556,0.016531,-0.025344,1.975770
393887164250,-0.118585,0.740058,-0.048906,0.081513,0.018325,0.005468,1.822731
393987211789,-0.117205,0.375425,-0.152673,0.044856,0.010773,-0.035258,1.904903
394087259329,-0.201006,0.478738,0.095386,0.090706,0.008990,0.001375,1.859888
394187306869,-0.410808,0.233833,0.114738,0.038296,-0.008892,-0.045458,1.850141
394287354409,0.057848,-0.028962,-0.115119,0.063763,0.002276,-0.029529,1.833500
394387401949,0.016510,0.024521,-0.251054,0.002999,-0.011066,-0.079873,1.780369
394487449488,0.006923,-0.281583,-0.198484,0.019853,-0.013748,-0.044308,1.703825
394587497028,-0.569004,0.283963,-0.007953,0.059354,0.011513,-0.008506,1.642363
394687544568,-0.001057,0.542771,-0.041906,0.041303,-0.001823,-0.047181,1.680475
394787592108,-0.259434,0.676953,-0.005252,0.059450,0.025453,-0.034404,1.625630
394887639648,-0.470892,-0.254878,-0.071518,0.045624,0.044249,-0.016424,1.555597
394987687188,-0.491847,0.145175,-0.081117,0.054061,0.047964,-0.000576,1.488243
395087734727,0.126423,-0.141943,-0.227795,0.020405,0.033957,-0.012899,1.490479
395187782267,-0.223903,0.297274,0.006501,0.084265,0.027472,0.015410,1.473656
395287829807,-0.011466,-0.043262,-0.118114,0.044665,0.017137,-0.001992,1.340098
395387877347,-0.453233,0.486342,-0.128608,0.094367,0.023277,0.034727,1.490620
395487924887,-0.503105,0.267013,-0.082558,0.062549,0.014477,-0.004462,1.384688
395587972426,-0.672313,0.276723,0.102519,0.086083,0.022083,0.031127,1.386250
395688019966,-0.228386,-0.097484,0.067207,0.052416,0.010176,-0.006206,1.243656
395788067506,-0.345461,-0.051352,-0.003764,0.103176,0.018075,0.025764,1.283090
395888115046,0.327720,0.086575,-0.066018,0.106921,0.026226,0.047384,1.268103
395988162586,-0.328199,0.224213,-0.267212,0.085722,0.030299,0.069882,1.096512
396088210125,0.053420,0.475042,-0.055586,0.081337,-0.008697,0.038808,1.104027
396188257665,-0.419215,0.877908,0.383243,0.126498,-0.012504,0.047611,1.260790
396288305205,-0.934450,0.798241,0.149882,0.101760,0.039245,0.040177,1.217335
396388352745,-0.071057,-0.364098,0.202814,0.163463,0.037970,0.065458,1.093294
396488400285,-0.089316,-0.318744,0.176531,0.187664,-0.004476,0.014826,1.204517
396588447825,-0.312497,-0.660750,-0.181043,0.153902,-0.009088,0.040439,1.106866
396688495364,-0.812910,0.145805,-0.096292,0.159805,0.014281,0.060287,1.046959
396788542904,-0.393743,0.045645,-0.252691,0.149538,0.009980,0.052926,1.114405
396888590444,-0.724541,0.576072,-0.039372,0.175524,0.001558,0.033465,1.085008
396988637984,-0.564099,0.128648,-0.191993,0.147993,-0.000060,-0.003989,1.034696
397088685524,-0.626064,0.634023,0.141729,0.181106,0.025844,-0.000860,1.008688
397188733063,-0.496181,-0.339975,-0.304563,0.138248,-0.003321,-0.039470,0.958047
397288780603,-0.088792,-0.422446,-0.338229,0.122750,0.006444,-0.050615,1.031847
397388828143,-0.242520,0.216033,-0.291447,0.128578,0.002941,-0.019804,0.770278
397488875683,-0.436153,-0.195688,-0.079214,0.134599,0.054173,0.006828,0.913862
397588923223,-0.431942,0.132607,0.031228,0.173133,0.059111,0.017725,0.847929
397688970763,-0.335962,0.607216,-0.287217,0.147255,0.058159,-0.034408,0.949146
397789018302,-0.731080,0.778333,0.130607,0.232764,0.030818,0.016523,0.954896
397889065842,-1.189147,-0.375261,0.328059,0.217320,0.052042,-0.009543,0.913067
397989113382,-0.580016,-1.322546,0.239812,0.223579,0.023286,0.044083,0.914244
398089160922,-0.259919,-0.737068,-0.127313,0.218788,0.027340,0.050417,0.777791
398189208462,-0.430072,-0.298839,-0.244479,0.200900,-0.019021,0.077393,0.728897
398289256001,-0.618160,0.449270,0.069667,0.224517,0.003787,0.078219,0.801859
398389303541,-0.149301,0.269092,0.031143,0.140623,0.015369,-0.016394,0.844104
398489351081,-0.318501,-0.073862,-0.231431,0.169941,0.055509,-0.033677,0.815045
398589398621,-0.389827,-0.289788,-0.119378,0.160651,0.043510,-0.024735,0.719726
398689446161,-0.178823,-0.737250,-0.093965,0.152619,0.025608,-0.016255,0.765290
398789493700,-0.189995,-0.067798,-0.042715,0.151510,0.000618,-0.019146,0.690654
398889541240,-0.034616,-0.026933,-0.087392,0.130904,0.009311,-0.003204,0.661213
398989588780,-0.359404,0.369747,-0.016362,0.164927,0.024618,0.007227,0.722596
399089636320,-0.562871,-0.408734,0.068115,0.113530,0.012003,-0.031755,0.631400
399189683860,-0.480116,-0.364207,-0.031572,0.140639,0.014679,-0.042477,0.630712
399289731400,-0.576132,-0.439682,-0.082340,0.120721,0.018912,0.006321,0.690270
399389778939,-0.647064,-0.125609,0.081546,0.154544,0.011044,0.026332,0.638588
399489826479,-0.562101,-0.037591,0.009513,0.122559,0.013363,0.004375,0.762193
399589874019,-0.353020,-0.097032,-0.005627,0.113422,0.008148,-0.020448,0.609929
399689921559,-0.666838,-0.010665,-0.047481,0.104654,-0.003346,-0.035586,0.581120
399789969099,-0.438962,-0.422379,-0.118683,0.121284,0.010429,-0.033752,0.581749
399890016638,-0.053241,-0.381848,-0.095292,0.130099,-0.011371,-0.017996,0.512682
399990064178,-0.305724,-0.522654,-0.083062,0.098610,-0.013101,-0.055379,0.663613
400090111718,-0.240377,-0.412663,-0.024509,0.110358,-0.008052,-0.028602,0.475606
400190159258,-0.412241,-0.700450,0.001200,0.108338,0.042519,-0.001843,0.666683
400290206798,-0.898791,-0.294940,0.140001,0.134142,0.026894,0.000168,0.617835
400390254338,-0.884924,-0.167689,-0.014748,0.130171,0.024438,0.009315,0.487154
400490301877,-0.501822,-0.390259,-0.037619,0.108410,0.007686,0.013469,0.646466
400590349417,-0.519764,-0.350867,0.029283,0.122123,0.019159,0.004232,0.558337
400690396957,-0.340810,-0.325303,-0.062038,0.111064,0.011600,-0.003843,0.500993
400790444497,-0.370946,-0.325229,-0.003950,0.099480,0.014374,-0.006583,0.583792
400890492037,-0.379753,-0.142617,-0.047939,0.083657,0.002298,-0.012856,0.493514
400990539576,-0.198099,-0.724707,-0.038145,0.056007,0.016964,-0.020106,0.450361
401090587116,-0.283505,-0.372738,-0.038046,0.091039,0.009462,-0.014180,0.525705
401190634656,-0.260141,-0.742649,0.051650,0.050895,0.002305,-0.014312,0.302771
401290682196,-0.121548,-0.434981,-0.117451,0.095636,0.002945,-0.011581,0.385944
401390729736,-0.175295,-0.707922,-0.047121,0.072283,0.001799,-0.010115,0.404253
401490777275,-0.125595,-0.555462,-0.073573,0.102228,0.010610,0.017780,0.265304
401590824815,-0.145950,-0.355359,-0.044082,0.085712,0.008322,0.001774,0.280125
401690872355,-0.017843,-0.499833,-0.030740,0.079740,0.012048,0.011199,0.295677
401790919895,-0.192789,-0.322754,-0.055590,0.087833,0.012107,0.015384,0.276993
401890967435,-0.152840,-0.624997,-0.013757,0.067560,0.010271,0.009525,0.257817
401991014975,-0.441058,-0.239287,-0.001209,0.067392,0.016020,0.004218,0.219705
402091062514,-0.262542,-0.680929,0.003419,0.035357,0.004988,-0.003773,0.204981
402191110054,-0.318284,-0.584746,-0.085844,0.076620,0.008557,0.000632,0.155803
402291157594,-0.135629,-0.742997,-0.080268,0.005108,0.012643,-0.007543,0.122751
402391205134,-0.083286,-0.568364,-0.034167,0.021475,-0.000322,-0.002561,0.138241
402491252674,-0.052139,-0.224662,-0.091326,0.003388,-0.002646,-0.024135,0.127326
402591300213,-0.268262,-0.352551,-0.024745,0.009550,0.017901,0.006336,0.114952
402691347753,-0.481651,-0.208739,0.034733,0.014636,0.008631,0.003984,0.102217
402791395293,-0.293560,-0.515539,-0.068252,-0.000414,-0.000287,-0.013414,0.108220
402891442833,-0.357598,-0.233693,0.000307,0.031819,-0.010689,0.004719,0.087044
402991490373,-0.305159,-0.410027,-0.063367,0.011403,0.005965,-0.007123,0.065685
403091537912,-0.389388,-0.470350,-0.022307,0.018521,0.003308,0.003593,0.078637
403191585452,-0.019805,-0.435482,-0.013475,0.033969,0.008264,-0.001617,0.095519
403291632992,-0.397021,-0.499606,-0.083471,0.018650,0.005508,0.010905,0.105344
403391680532,-0.290857,-0.243154,-0.034807,0.034605,0.006077,0.004401,0.150933
403491728072,-0.660599,-0.243664,-0.038001,0.026864,0.005917,0.014434,0.112703
403591775612,-0.503087,-0.107489,-0.086273,0.031212,0.007203,0.007601,0.098947
403691823151,-0.350996,-0.369562,-0.031093,0.020421,-0.000157,-0.001362,0.097035
403791870691,-0.149069,-0.257491,-0.006226,0.030092,0.002395,0.001577,0.096179
403891918231,-0.264046,-0.350529,-0.131160,0.002903,-0.001863,-0.007567,0.091515
403991965771,-0.388944,-0.444859,-0.032953,0.012211,0.011340,-0.003342,0.090089
404092013311,-0.556978,-0.553123,0.013951,-0.005251,0.006686,-0.016703,0.091022
404192060850,-0.356426,-0.410076,-0.012720,-0.001006,0.003679,-0.006761,0.051474
404292108390,-0.189973,0.007631,-0.087069,-0.012514,-0.000979,-0.030025,0.033216
404392155930,-0.090898,-0.484995,-0.144780,-0.018401,-0.016030,-0.018646,0.016329
404492203470,-0.076662,-0.165421,0.015573,0.000880,-0.000171,-0.025798,0.018586
404592251010,-0.027165,-0.408376,-0.038001,-0.026429,-0.000777,0.002926,0.018120
404692298550,-0.123485,-0.209426,-0.186573,0.015234,0.016540,-0.000692,0.004980
404792346089,-0.019473,-0.517704,-0.002691,-0.013232,-0.010642,-0.010989,0.008506
404892393629,-0.298916,-0.242058,-0.011084,0.015414,0.004127,0.001228,0.005296
404992441169,-0.517231,-0.253371,-0.059622,0.007320,0.006981,0.012006,0.015271
405092488709,-0.312628,-0.456894,-0.005153,0.000440,0.007060,-0.002676,0.004807
405192536249,-0.178726,-0.168558,-0.110287,0.015013,-0.003513,0.024461,0.005945
405292583788,-0.437037,-0.257161,-0.056958,0.009627,0.002113,-0.001748,0.034658
405392631328,-0.198240,-0.111384,0.003687,0.009340,0.002306,0.009620,0.022278
405492678868,-0.349784,-0.259260,-0.090120,-0.014976,-0.009870,0.000435,0.031151
405592726408,-0.268785,-0.096526,-0.026059,0.006395,0.002191,0.002660,0.026535
405692773948,-0.295081,-0.266121,-0.028121,-0.004076,0.002914,-0.009042,0.018638
405792821487,-0.414792,-0.295650,-0.104218,0.008372,0.014223,-0.000454,0.014188
405892869027,-0.324870,-0.349429,-0.147157,-0.005536,0.012189,0.002992,0.026013
405992916567,-0.517396,-0.197048,-0.013999,0.012494,-0.004409,-0.007577,0.065918
406092964107,-0.408506,0.051732,-0.128209,-0.001434,-0.014182,-0.015929,0.106075
406193011647,-0.560658,-0.167834,0.085780,0.006643,0.001173,-0.023196,0.104238
406293059187,-0.532146,-0.172181,-0.039533,-0.004174,0.012368,-0.012162,0.098460
406393106726,-0.431658,-0.308705,-0.052720,0.007280,0.006054,-0.010834,0.082279
406493154266,-0.310568,-0.120710,0.004373,0.003163,0.003861,-0.010614,0.033499
406593201806,0.025726,-0.284172,-0.064914,0.008436,-0.003354,-0.004727,0.010324
406693249346,0.025721,-0.277727,-0.048738,0.015553,-0.000732,-0.003646,0.028575
406793296886,0.016419,-0.176427,-0.071111,0.020418,0.004050,-0.000273,0.021707
406893344425,0.061451,-0.473439,-0.039202,0.011109,-0.001687,0.005411,0.025778
406993391965,-0.201207,-0.144349,-0.105730,0.019151,0.006595,0.015514,0.043752
407093439505,-0.468405,-0.306087,0.069254,0.005452,0.003720,0.006482,0.028129
407193487045,-0.280930,-0.082712,-0.012539,0.028588,0.003762,0.013655,0.012921
407293534585,-0.230211,-0.349517,-0.215891,0.001165,0.005706,0.001292,0.007268
407393582125,-0.271501,-0.035012,0.009583,-0.000310,-0.004390,0.009852,0.020982
407493629664,-0.290029,-0.054465,0.019426,0.004423,-0.008103,-0.019929,0.017263
407593677204,-0.108745,0.039121,-0.068225,0.011494,0.018232,0.016688,0.012261
407693724744,-0.268205,-0.235243,-0.022881,-0.027615,0.007066,-0.010119,0.021317
407793772284,-0.273322,-0.283977,-0.014449,0.001264,-0.008712,0.002537,0.020121
407893819824,-0.277996,-0.323803,-0.067286,-0.017961,-0.001757,-0.010410,0.023649
407993867363,-0.090528,-0.164358,-0.013075,-0.003813,-0.002214,-0.006764,0.007984
408093914903,-0.255534,0.050996,-0.025256,-0.036975,-0.007373,0.000845,0.006162
408193962443,-0.262443,-0.127371,-0.038040,-0.029019,-0.010737,-0.010222,0.017334
408294009983,-0.166001,0.005971,-0.041518,-0.000940,0.002485,-0.000125,0.007610
408394057523,-0.236814,-0.249036,-0.047378,-0.002355,0.006001,-0.016982,0.008773
408494105062,-0.288447,-0.003943,-0.087228,-0.005505,0.014323,0.009160,0.005229
408594152602,-0.038700,-0.252125,-0.029428,-0.016038,-0.008925,-0.002094,0.014415
408694200142,-0.200558,-0.093671,-0.075353,-0.012421,-0.008926,0.004070,0.007412
408794247682,-0.364117,-0.203976,-0.135152,-0.021446,-0.009802,-0.010204,0.019249
408894295222,0.099049,-0.070648,-0.018738,0.012386,0.012468,0.005119,0.016333
408994342762,-0.161179,0.033657,-0.011610,0.017055,-0.005349,-0.004370,0.009297
409094390301,-0.222277,-0.099621,-0.007779,0.030658,0.003006,0.003600,0.013608
409194437841,0.020736,0.047046,-0.032513,0.023608,0.001560,0.014112,0.022546
409294485381,-0.144410,-0.118068,-0.015390,-0.011101,0.007738,0.008274,0.018331
409394532921,-0.272991,-0.069136,0.002530,-0.010561,-0.009402,0.001348,0.007552
409494580461,-0.123422,-0.238076,-0.049541,-0.010644,-0.001653,0.010164,0.003266
409594628000,-0.130472,-0.054898,-0.044780,0.007990,-0.005053,0.006869,0.010678
409694675540,-0.117532,-0.210511,0.043017,-0.003411,-0.014548,-0.014851,0.022420
409794723080,-0.267277,-0.026908,-0.067658,0.014713,0.006331,-0.000773,0.020161
409894770620,-0.094158,-0.066588,-0.008333,0.003492,0.008605,-0.003184,0.021053
409994818160,0.072009,-0.015611,0.051641,0.008200,0.017057,-0.010155,0.028486
410094865700,-0.270118,-0.066714,-0.111986,0.006618,0.000921,0.006859,0.033632
410194913239,-0.271904,-0.176238,-0.063463,-0.003389,0.013010,-0.019236,0.031252
410294960779,0.131980,-0.028375,0.019283,-0.015471,0.002809,0.002346,0.009217
410395008319,-0.262772,-0.235382,-0.131368,-0.032231,0.001026,-0.018920,0.029960
410495055859,-0.276606,-0.103375,-0.128489,-0.017488,0.008698,-0.012878,0.021606
410595103399,0.018785,0.046210,0.003531,-0.026114,-0.000722,0.007470,0.015299
410695150938,-0.240515,-0.089269,-0.129142,-0.019272,0.006021,-0.008742,0.025572
410795198478,0.055454,-0.183633,0.073836,-0.027302,-0.019278,0.007707,0.014476
410895246018,-0.122630,-0.015270,0.008680,-0.006106,-0.004464,-0.004925,0.006481
410995293558,-0.167066,0.051766,-0.031043,-0.025819,0.000936,0.016125,0.019346
411095341098,-0.061304,0.018417,0.006533,-0.018560,-0.010825,0.006184,0.025826
411195388637,-0.262207,-0.106494,-0.067177,-0.029787,0.000539,0.009965,0.045189
411295436177,-0.259281,-0.022604,-0.123128,-0.005698,0.001841,0.023656,0.009792
411395483717,-0.003919,0.043433,0.078541,-0.021512,-0.013327,0.002147,0.013625
411495531257,-0.042867,0.026338,-0.002134,-0.006772,-0.001948,0.014342,0.016808
411595578797,0.054834,-0.125741,0.044732,-0.022000,-0.014009,0.011884,0.009245
411695626337,-0.265834,-0.114502,-0.080059,-0.005500,-0.008294,0.010091,0.022436
411795673876,-0.140251,-0.122326,-0.050001,-0.020216,-0.001881,0.025809,0.017209
411895721416,-0.215723,-0.073788,-0.079076,0.003104,-0.012677,0.016945,0.016944
411995768956,0.027430,0.075665,0.001741,-0.007239,-0.003981,0.005217,0.019871
412095816496,-0.057426,-0.017036,-0.034854,0.015586,-0.006099,0.016738,0.018137
412195864036,-0.164391,0.028866,-0.085496,0.014255,-0.006719,0.000516,0.021784
412295911575,-0.168949,-0.048963,-0.069318,0.005720,-0.004414,-0.009416,0.009423
412395959115,-0.155015,0.105056,-0.126926,0.025323,-0.000218,0.008710,0.008889
412496006655,0.073922,-0.114402,0.032865,0.001501,0.016942,-0.022663,0.012889
412596054195,-0.123189,-0.042248,-0.075864,0.031930,-0.000501,0.006356,0.016791
412696101735,-0.173309,-0.186495,-0.048661,0.006907,0.005600,-0.015672,0.021750
412796149275,-0.107252,0.055721,-0.027691,0.023930,-0.000014,-0.000574,0.027820
412896196814,-0.000586,0.156191,-0.004209,-0.005088,0.000670,-0.015965,0.011756
412996244354,0.108724,0.008530,0.049976,-0.004399,0.017059,-0.006120,0.013785
413096291894,-0.142207,0.130692,-0.074731,-0.001258,0.002806,-0.003790,0.012017
413196339434,-0.164330,-0.190373,-0.096159,-0.009333,0.016283,-0.015143,0.011944
413296386974,0.115911,-0.003184,-0.005223,-0.006611,0.012035,0.007859,0.013015
413396434513,-0.032770,-0.172922,-0.028746,-0.011645,0.008607,-0.018090,0.002341
413496482053,-0.099365,-0.041102,-0.092326,-0.000427,0.018528,0.004923,0.013469
413596529593,-0.121175,0.113275,-0.007162,-0.002750,0.003476,0.002807,0.034267
413696577133,-0.158218,0.010517,-0.042162,0.003555,0.010583,-0.002999,0.021587
413796624673,0.009632,0.034719,-0.003016,-0.006110,0.009715,0.010133,0.039362
413896672212,-0.047260,-0.132826,-0.043357,0.001830,0.003061,0.009730,0.047787
413996719752,-0.015610,0.048152,-0.028943,-0.000917,0.013633,0.013084,0.028712
414096767292,-0.229368,-0.084520,-0.115213,-0.005738,-0.000667,0.011361,0.017304
414196814832,-0.133685,-0.017008,-0.078617,-0.014164,0.011786,0.005642,0.008339
414296862372,-0.176449,-0.115856,-0.119469,-0.020337,0.011696,0.012204,0.019625
414396909912,-0.004914,-0.012710,0.032732,-0.013980,-0.002493,0.003771,0.009232
414496957451,-0.059873,-0.108990,-0.035256,-0.037117,0.001944,0.001478,0.009966
414597004991,0.080335,-0.047913,-0.043574,-0.022868,0.000776,0.006486,0.011886
414697052531,-0.070738,0.013576,-0.020370,-0.029918,-0.001172,0.004873,0.010057
414797100071,-0.071777,0.022209,-0.070244,-0.032295,0.002919,0.005566,0.019710
414897147611,-0.264544,0.010710,-0.115108,-0.029366,-0.006968,0.005117,0.036461
414997195150,-0.006238,-0.091065,-0.045610,-0.029127,0.001200,0.006444,0.013726
415097242690,-0.003958,-0.035466,-0.088003,-0.024566,-0.001435,0.007470,0.021699
415197290230,0.033558,-0.039885,-0.078009,-0.030382,-0.006610,0.002244,0.029782
415297337770,-0.000779,0.028981,0.008929,-0.031228,0.009477,0.000637,0.006747
415397385310,-0.025958,-0.060030,-0.088128,-0.027092,-0.014668,0.007124,0.001242
415497432850,-0.098301,0.075511,0.000968,-0.023083,-0.013682,-0.009459,0.011666
415597480389,0.043720,0.041100,-0.045242,-0.026498,-0.000258,0.017197,0.013028
415697527929,0.077662,0.042335,0.024016,-0.024119,-0.013548,0.007756,0.004115
415797575469,-0.018503,-0.066317,-0.054989,-0.039533,-0.003025,-0.000699,0.003076
415897623009,-0.066199,-0.026754,-0.059639,-0.016607,-0.006378,0.013254,0.025563
415997670549,-0.149342,-0.063030,-0.155251,-0.031244,-0.007401,-0.000134,0.023127
416097718088,-0.065909,-0.017043,-0.013134,-0.024343,0.006081,0.000472,0.014098
416197765628,0.143085,-0.001635,0.018077,-0.020285,-0.019710,0.008517,0.018777
416297813168,0.101897,-0.058865,0.012746,0.027278,-0.000083,0.005181,0.004217
416397860708,-0.013729,0.040805,-0.054341,0.017811,0.006159,-0.010655,0.026451
416497908248,-0.190874,0.030257,-0.126214,0.021329,0.007721,-0.000718,0.026944
416597955787,-0.147531,0.114216,-0.051217,0.019529,0.005698,0.004693,0.012251
416698003327,0.003348,-0.021139,-0.043816,-0.001089,0.011682,-0.005197,0.037534
416798050867,0.041032,0.001693,-0.065072,-0.008167,0.005788,0.005875,0.031246
416898098407,-0.078692,0.013690,-0.099646,-0.015735,0.005681,-0.000572,0.006587
416998145947,-0.183117,0.105849,-0.083803,-0.025535,0.009976,0.001727,0.021651
417098193487,0.161472,-0.121185,0.016442,-0.034583,-0.004624,-0.001215,0.027945
417198241026,0.023397,-0.083460,-0.057026,-0.036629,0.004614,-0.005582,0.017140
417298288566,0.006713,-0.136503,-0.022026,-0.040747,-0.011822,0.004221,0.018856
417398336106,-0.131997,0.195703,-0.049641,-0.018142,-0.008208,0.003331,0.013153
417498383646,-0.138354,-0.086313,-0.065987,-0.033490,-0.004507,0.007290,0.023714
417598431186,-0.043074,0.219273,0.013377,-0.008803,-0.023511,0.018898,0.024983
417698478725,-0.022135,-0.104093,-0.051745,-0.047385,-0.000355,-0.007487,0.014058
417798526265,0.101460,0.249765,0.053521,-0.004299,-0.011785,0.030731,0.007047
417898573805,-0.242023,-0.077686,-0.096225,-0.023213,-0.002563,-0.011722,0.008040
417998621345,-0.065056,0.042081,-0.089359,-0.008682,-0.001540,0.022895,0.017918
418098668885,0.142186,-0.027619,0.058817,-0.021266,-0.019476,-0.006103,0.018878
418198716425,0.182154,0.081998,0.011970,-0.004558,-0.010652,0.004847,0.010114
418298763964,-0.009820,-0.025076,-0.085290,-0.021642,-0.003357,0.022480,0.014938
418398811504,0.131468,-0.009157,0.008801,-0.009373,-0.012334,0.000003,0.028724
418498859044,-0.115837,0.080761,-0.074025,-0.025854,-0.000979,0.019465,0.017081
418598906584,-0.155376,0.014531,-0.114675,-0.019861,-0.003545,0.011984,0.010076
418698954124,-0.232691,0.070525,-0.192110,-0.020337,-0.003955,0.005862,0.013024
418799001663,-0.135580,-0.017906,-0.036289,-0.034826,0.005547,0.012826,0.021856
418899049203,0.139980,-0.059168,0.028410,-0.033234,-0.008418,0.006163,0.013140
418999096743,0.202601,-0.061675,0.036354,-0.028233,-0.012537,0.001738,0.018010
419099144283,-0.062738,0.054535,-0.089621,-0.027438,-0.002546,0.008341,0.016954
419199191823,-0.248726,0.110697,-0.116716,-0.028976,-0.015313,0.005324,0.019975
419299239362,-0.110232,0.142178,0.016657,-0.030278,0.004550,-0.006810,0.032956
419399286902,-0.024821,0.132969,0.001406,-0.017790,-0.010238,0.012460,0.028091
419499334442,-0.237508,-0.071274,-0.190827,-0.028733,-0.006226,-0.022964,0.020054
419599381982,-0.077918,0.048919,-0.065100,-0.000074,-0.009764,-0.001633,0.018068
419699429522,-0.079827,-0.009838,-0.105554,-0.000410,-0.009663,-0.010655,0.018884
419799477062,0.054900,0.074038,-0.051940,0.022752,0.006235,-0.010799,0.008941
419899524601,-0.004702,-0.005271,-0.047652,0.002929,-0.011576,-0.009321,0.029900
419999572141,-0.107166,0.043342,-0.099855,0.022986,0.005746,-0.014917,0.023915
420099619681,-0.072954,-0.030279,-0.033148,0.022436,-0.003986,-0.000106,0.044920
420199667221,0.080396,0.096518,-0.004573,0.030846,-0.001012,-0.008185,0.025067
420299714761,0.125334,-0.086755,-0.000926,0.025386,0.007200,0.000191,0.013090
420399762300,-0.151378,0.161745,-0.026306,0.037327,-0.000532,0.001587,0.021092
420499809840,-0.122613,0.058231,-0.113369,0.025162,0.009265,-0.010651,0.020002
420599857380,0.132205,-0.067890,-0.030553,0.027973,0.011013,0.005711,0.026102
420699904920,0.024576,-0.021057,-0.038388,0.027563,0.000871,-0.016876,0.016121
420799952460,-0.012296,-0.000081,-0.050795,0.026967,0.001483,-0.007502,0.013890
420899999999,-0.255888,0.113964,-0.094629,0.031140,0.007545,-0.004198,0.033056
