timestampNs,ax,ay,az,gx,gy,gz,speedMps
0,1.519928,-2.064923,-0.231502,0.312858,-0.245289,0.265943,3.988056
100048146,0.029890,3.564156,0.561775,-0.048721,0.055159,0.023570,4.234025
200096292,0.529346,4.307634,1.271312,0.365558,-0.409162,0.185524,4.517128
300144439,-1.102575,4.900543,1.298988,-0.468621,0.296978,-0.268349,4.708364
400192585,-0.766445,5.348645,0.642696,0.646946,-0.585850,0.428173,4.922459
500240731,-0.591489,3.945155,-1.015895,0.130749,-0.208389,0.208660,5.189289
600288878,-1.977966,2.472432,0.739871,0.296139,-0.222087,0.344980,5.355448
700337024,1.017918,-2.495613,-0.521130,-0.051065,0.004744,0.014825,5.510843
800385170,1.178232,-3.398641,0.322864,0.533837,-0.517632,0.348655,5.760717
900433317,2.528258,-4.744174,0.207322,0.379416,-0.313340,0.366633,5.946721
1000481463,-0.365018,4.115939,0.525890,0.328710,-0.061982,0.246805,6.088018
1100529610,2.077739,-2.254271,0.509878,0.407770,-0.366459,0.221154,6.310933
1200577756,-1.864572,4.849173,-0.141308,0.058711,-0.070307,0.052034,6.487336
1300625902,1.183537,-1.567860,0.132982,0.389711,-0.307576,0.242426,6.699532
1400674049,-2.072466,4.440515,-0.088703,-0.105876,0.052606,-0.218603,6.934698
1500722195,1.532688,-2.384290,-1.155384,0.214914,-0.018206,0.338110,7.055089
1600770341,0.863131,-2.692030,-1.463591,-0.339264,0.106178,-0.279544,7.221618
1700818488,1.013153,-3.847705,-0.158350,0.004491,0.013864,-0.089593,7.430982
1800866634,-1.272883,-2.349270,-0.949876,-0.333956,0.461516,-0.270146,7.551013
1900914780,1.487356,4.681899,-1.290720,-0.251415,0.336742,-0.231393,7.667786
2000962927,0.621725,-2.984062,-0.373397,-0.051897,0.201550,-0.006507,7.760729
2101011073,0.848327,3.857495,-1.271975,-0.313274,0.348824,-0.253019,7.952143
2201059220,0.703430,1.406195,-2.386289,0.170078,-0.159826,0.060488,8.163354
2301107366,1.573652,1.165181,-0.669360,-0.094032,-0.017783,-0.172971,8.296141
2401155512,0.520659,0.024151,-0.044095,-0.191037,0.037218,-0.235246,8.400193
2501203659,-1.683090,1.950184,-0.317451,0.100163,-0.105879,0.001333,8.584884
2601251805,0.209596,2.996892,-1.619368,-0.106254,0.238380,-0.137056,8.737479
2701299951,0.419851,-0.424437,-1.787091,0.109137,0.105497,0.087329,8.934236
2801348098,-0.060199,0.673007,-0.546858,0.090878,0.016683,0.020820,9.026424
2901396244,0.848292,-2.094020,0.150197,-0.065803,0.106553,-0.004323,9.214849
3001444390,-0.101204,3.296870,1.539856,-0.321921,0.089701,-0.332129,9.422122
3101492537,0.583320,-0.311999,1.373511,-0.020708,-0.103149,-0.107788,9.569333
3201540683,0.518757,-0.320892,-0.753876,0.031701,-0.078836,0.034368,9.730475
3301588830,-2.345480,1.959147,0.126964,0.050808,0.049425,0.063781,9.959699
3401636976,0.518177,0.227450,-2.099779,0.102771,0.036496,0.110503,10.183731
3501685122,0.401910,-1.004784,-1.782920,-0.132403,0.125855,-0.062821,10.292998
3601733269,-1.342464,4.169818,-1.450135,-0.285004,0.283040,-0.337187,10.406676
3701781415,0.189962,-3.681743,-0.541129,-0.213996,0.229809,-0.186165,10.615582
3801829561,-2.597223,5.286430,-0.513939,-0.579682,0.542709,-0.403480,10.819221
3901877708,2.345953,-7.919776,-1.253216,0.073762,-0.147296,0.140849,10.986727
4001925854,-1.118328,1.254321,1.385347,-0.831082,0.451858,-0.583620,11.023650
4101974000,0.293778,-9.871437,1.578289,0.530039,-0.654838,0.494018,11.270410
4202022147,-1.150377,1.969545,0.639790,-0.146047,0.077667,-0.034943,11.486905
4302070293,-0.943738,10.054716,1.089221,0.872828,-0.712970,0.761957,11.635517
4402118440,-0.503364,3.082872,3.454861,0.337496,-0.507049,0.335359,11.754086
4502166586,-1.755796,6.527792,0.638514,0.437060,-0.319713,0.348053,11.855830
4602214732,-0.383527,-3.810947,0.690609,0.514950,-0.463732,0.311189,11.982926
4702262879,-2.992591,6.068204,-1.389426,-0.062335,0.012470,-0.099544,12.066519
4802311025,1.716562,-4.272746,-0.102857,0.451074,-0.466384,0.434175,12.219366
4902359171,0.264388,-0.340133,-0.470495,-0.256496,0.184567,-0.115661,12.357279
5002407318,1.240864,-5.494474,0.278175,0.276283,-0.180917,0.206131,12.375030
5102455464,-0.249300,2.488586,1.674084,-0.535695,0.301507,-0.463292,12.537327
5202503610,-1.796992,5.692942,2.109748,-0.172137,-0.086512,-0.028749,12.676573
5302551757,-1.095048,2.442027,1.168627,-0.462189,0.340754,-0.251306,12.782968
5402599903,-1.619520,3.721588,-0.032905,-0.354072,0.322042,-0.190888,12.859869
5502648050,1.244295,-0.188684,0.243830,0.074339,0.071302,0.125191,13.085669
5602696196,0.896450,7.687215,-0.116820,-0.255532,0.442073,-0.172689,13.153320
5702744342,-0.514689,-0.960299,1.668423,0.502563,-0.543344,0.482681,13.237965
5802792489,1.610859,-4.568235,0.422916,-0.026482,0.110714,-0.037047,13.414791
5902840635,-0.590416,-1.246814,0.666302,0.647955,-0.678010,0.389250,13.515909
6002888781,3.025639,-6.786607,1.088455,0.656795,-0.609710,0.588284,13.587488
6102936928,-1.569674,5.142671,1.194221,0.205929,-0.041046,0.222522,13.676544
6202985074,1.905078,-4.962755,0.338488,0.685337,-0.432728,0.473025,13.860522
6303033220,-0.954549,3.846056,-2.334165,-0.014823,0.079276,0.014775,14.005380
6403081367,-0.200630,1.212555,0.526491,0.000677,-0.138670,0.081625,14.054006
6503129513,-1.863423,-0.798660,1.220939,0.398974,-0.421649,0.206091,14.090965
6603177660,3.677411,-3.188874,-1.724033,0.564688,-0.126973,0.735805,14.312860
6703225806,-4.990864,8.969328,2.041640,0.801144,-0.138572,0.721198,14.402966
6803273952,-1.397323,-0.470421,2.356841,0.671417,-0.634298,0.574846,14.493063
6903322099,-4.549920,7.625516,0.500303,-0.130921,0.128432,0.033884,14.526905
7003370245,0.246177,3.732547,0.118189,0.428391,-0.300418,0.220060,14.553501
7103418391,-0.236297,9.162747,0.822696,-0.796591,0.562527,-0.615964,14.659567
7203466538,-0.218756,2.544981,-1.459427,-0.186397,0.237643,0.026057,14.821598
7303514684,2.391739,-7.188576,0.283374,-0.679115,0.536171,-0.386448,14.868669
7403562831,0.681547,1.752091,0.081332,-0.491408,0.604767,-0.293410,14.937612
7503610977,2.010975,-4.693982,-0.622768,-0.092290,0.148822,-0.116821,14.906807
7603659123,1.351973,0.564218,0.842921,-0.259991,0.031739,-0.215942,15.007971
7703707270,1.480222,-3.628007,1.580175,0.322908,-0.405875,0.199193,15.037822
7803755416,1.535197,-1.803022,-1.134110,0.281151,-0.148431,0.266983,15.113469
7903803562,-2.392261,6.647599,-0.132700,0.771243,-0.282547,0.590105,15.178950
8003851709,-2.445167,3.112328,-4.671483,0.598944,-0.087026,0.507346,15.303446
8103899855,-3.821103,7.556893,-2.646573,0.583538,-0.191242,0.509324,15.215364
8203948001,3.513947,-2.385132,-4.043664,0.960127,-0.377455,0.604325,15.202943
8303996148,-2.720291,7.024083,-1.565654,0.132964,0.242774,0.301040,15.347857
8404044294,-0.084680,-7.581060,-0.013918,0.679560,-0.535721,0.447796,15.327134
8504092441,1.571264,-4.084850,-1.691604,-0.702353,0.724159,-0.631889,15.423195
8604140587,3.269123,-8.079916,-1.750958,-0.040578,0.115471,-0.149679,15.408267
8704188733,2.117518,-3.980176,-1.305144,-1.022310,0.748174,-0.768344,15.440948
8804236880,-6.478960,8.980092,0.530745,-0.885147,0.596122,-0.750680,15.492245
8904285026,-0.728283,-3.300868,3.320703,-0.544895,0.142082,-0.539814,15.589944
9004333172,-3.275981,5.633878,1.329729,-0.790872,0.606957,-0.315711,15.656379
9104381319,-1.782629,-2.992834,0.820962,0.373373,-0.299528,0.315386,15.644546
9204429465,0.910717,-10.192446,0.576437,-0.317642,0.186129,-0.357558,15.662617
9304477611,0.486891,-5.399662,0.002997,0.623999,-0.528108,0.297102,15.747570
9404525758,-0.771191,-3.997893,0.712892,0.266511,-0.170766,0.182843,15.847472
9504573904,-4.135887,-1.106645,2.528598,-0.045530,0.010027,-0.055668,15.925800
9604622051,0.446698,-7.051119,0.831479,0.263296,-0.149733,0.196464,15.987357
9704670197,-2.700260,-0.706971,-0.345398,-0.442538,0.465980,-0.425235,16.082688
9804718343,-2.699494,1.957807,-3.170909,-0.167400,0.393439,-0.179262,16.213078
9904766490,-0.668088,-2.412487,0.293761,-0.028014,0.000945,-0.203952,16.143288
10004814636,-0.863222,0.708733,-2.081260,-0.041854,0.271747,0.060569,16.312741
10104862782,-4.671998,5.528878,1.323686,0.675810,-0.346292,0.591926,16.392982
10204910929,-2.961601,3.085086,2.956186,0.201108,-0.419050,0.239221,16.474283
10304959075,-3.198230,3.542004,0.951141,0.366820,-0.359361,0.359680,16.505646
10405007221,-1.817735,-3.127200,3.122956,0.349383,-0.454060,0.330056,16.656466
10505055368,-0.287599,-2.588934,2.962256,-0.114071,-0.137880,0.076983,16.760878
10605103514,-5.385708,-0.039578,4.191966,-0.282867,-0.242956,-0.082519,16.825783
10705151661,-4.249257,5.423167,-0.828361,0.655188,-0.629258,0.292608,17.048547
10805199807,-2.924284,0.243314,-1.784910,0.215720,-0.379485,0.204735,17.084714
10905247953,0.284320,3.074470,-1.844843,-0.313705,-0.049361,-0.256203,17.213079
11005296100,-3.721832,4.591959,-0.926138,0.024082,-0.110664,-0.037195,17.342596
11105344246,-4.021175,3.292514,2.305706,-1.105341,0.609764,-0.645206,17.412897
11205392392,-1.436819,5.284660,0.851228,-0.612728,0.515674,-0.533177,17.492202
11305440539,-0.776822,-8.425560,0.629994,-0.667378,0.434899,-0.455594,17.645567
11405488685,-2.532784,2.329258,0.321557,-0.607960,0.664393,-0.546883,17.777910
11505536831,3.279782,-7.799402,1.991436,-0.083412,-0.287536,-0.093589,17.813042
11605584978,-2.140956,-2.295509,-0.122386,-0.240763,0.285327,-0.284205,17.895292
11705633124,1.519924,-4.488175,-2.624274,0.962570,-0.612461,0.479727,18.095316
11805681271,-1.401883,-9.796266,1.204100,0.762419,-0.902310,0.475171,18.212636
11905729417,-4.671991,9.766038,-0.925098,0.475987,-0.211768,0.232962,18.152395
12005777563,-2.462110,-3.020025,-0.083654,0.916683,-0.758314,0.675022,18.340944
12105825710,-6.008227,9.424565,-2.861426,-0.567396,0.765554,-0.468605,18.389107
12205873856,0.008480,-2.620009,-0.922885,0.164144,0.025281,0.232579,18.412687
12305922002,1.360249,-3.637206,-2.891809,-0.440372,0.189236,-0.230322,18.526050
12405970149,3.178188,-7.218546,-2.191246,0.281653,0.287496,0.017687,18.661414
12506018295,-0.367948,-0.320232,-0.391739,-0.493054,0.908429,-0.497265,18.790648
12606066441,-3.375862,7.934850,-0.178205,-0.467144,0.359582,-0.411191,18.755836
12706114588,0.255193,-4.211845,0.461648,-0.456201,0.160186,-0.426720,18.794914
12806162734,-1.339398,5.368611,-1.440046,-0.478802,0.571681,-0.617300,18.735567
12906210881,0.983408,-4.956644,-1.922858,-0.430100,0.439870,-0.392150,18.765821
13006259027,-3.232070,8.596438,-1.739525,-0.998334,0.796758,-0.722877,18.835188
13106307173,0.986733,-9.968849,0.613065,0.506702,-0.187035,0.137322,18.814881
13206355320,2.567743,-7.197640,0.729585,-1.019509,0.946335,-0.736732,18.901347
13306403466,0.113816,-4.641742,2.211873,-0.388198,0.158657,-0.216597,18.869652
13406451612,-2.323890,-1.951011,3.193104,-0.660817,0.429220,-0.333513,18.953566
13506499759,-5.082995,6.740445,-1.404128,-0.574699,0.577051,-0.346450,18.943436
13606547905,-1.617833,1.413080,-1.334553,-0.522276,0.451860,-0.346675,18.873912
13706596051,0.011720,7.056940,0.274269,-0.566094,0.436074,-0.160863,19.015806
13806644198,-0.129197,-1.954179,0.237546,-0.202317,0.066989,-0.004737,19.211468
13906692344,-3.657683,7.758750,-0.698273,-0.478778,0.404917,-0.490929,19.036684
14006740491,2.129134,1.001066,-1.353825,0.181647,-0.364182,0.206634,19.032775
14106788637,-1.735681,-3.474637,-0.862276,0.192724,0.080626,0.241872,19.036696
14206836783,-0.761926,4.908213,-2.255357,0.584605,-0.261686,0.404398,19.144231
14306884930,2.775169,-5.026025,1.931643,0.530453,-0.520694,0.576605,19.148965
14406933076,-0.353714,-0.239457,1.627856,-0.517628,0.363214,-0.262510,19.157973
14506981222,-0.727249,-3.274441,-0.072179,-0.076748,-0.117743,0.074677,19.268006
14607029369,-1.557713,0.816234,0.933644,-0.556599,0.434327,-0.360290,19.304951
14707077515,-2.835042,6.210606,-2.249258,-0.228869,0.344460,-0.116004,19.264321
14807125662,-2.353874,0.615683,-1.842630,-0.504612,0.537467,-0.370635,19.268496
14907173808,-2.935119,6.724404,-0.677620,-0.504528,0.476895,-0.455617,19.259949
15007221954,-0.329462,-0.106149,0.923195,-0.134476,0.102423,-0.139849,19.411722
15107270101,-1.837470,2.297057,0.759477,-0.281917,0.021144,-0.031895,19.521662
15207318247,-1.175830,-1.017587,0.934268,0.104166,-0.196513,0.184574,19.501490
15307366393,-1.883973,3.560774,0.196046,-0.105589,-0.065367,-0.022937,19.481567
15407414540,-2.265574,1.281921,-0.850720,0.289148,-0.089239,0.277048,19.622612
15507462686,-2.212697,5.464934,-0.649955,-0.578523,0.691685,-0.282786,19.738586
15607510832,-2.075441,2.083613,-0.668293,-0.251820,0.319935,-0.218165,19.694775
15707558979,3.188932,-2.892925,0.109272,-0.544045,0.364907,-0.469279,19.682271
15807607125,-1.118093,1.500191,0.239674,-0.587356,0.448293,-0.321356,19.864775
15907655272,3.089808,-4.582524,1.057528,-0.176078,0.155843,-0.063105,19.955455
16007703418,-1.725263,1.106133,-0.748488,-0.455630,0.292073,-0.314988,19.794636
16107751564,2.266016,-3.752606,-0.411668,0.197873,-0.189553,0.259160,19.981929
16207799711,-3.918634,4.295358,-0.762941,-0.154241,0.005242,-0.242708,20.131082
16307847857,-0.522895,1.562651,-0.781985,0.473390,-0.483649,0.342547,20.211228
16407896003,1.947502,-1.850407,-0.420517,0.263806,-0.079876,-0.023484,20.157771
16507944150,-0.326423,0.735352,-1.053990,0.270641,-0.049307,0.046586,20.218944
16607992296,1.597429,0.702158,-0.854326,0.161202,-0.006684,0.264012,20.398016
16708040442,-3.862913,3.296435,0.607092,0.462970,-0.252782,0.380390,20.346343
16808088589,-1.795103,-0.318108,0.491607,0.201646,-0.455378,0.129897,20.428595
16908136735,-1.237158,3.962543,0.045059,0.104433,-0.156743,0.141050,20.545398
17008184882,0.463605,-1.068180,-0.750075,0.289605,-0.168652,0.303886,20.624459
17108233028,-0.965547,1.575183,-0.685669,-0.020945,0.058884,0.056050,20.689094
17208281174,1.673969,-1.529339,-0.463940,0.077149,-0.139925,0.100296,20.706753
17308329321,-0.105251,0.076291,-0.095368,-0.255884,0.133219,-0.173249,20.642104
17408377467,-0.517532,2.735061,-0.381991,-0.025689,0.177432,-0.072479,20.696725
17508425613,-0.673711,0.896757,-0.229621,-0.203653,0.141467,-0.085176,20.677339
17608473760,-0.805237,1.594607,0.555300,-0.194476,0.040057,-0.189359,20.728385
17708521906,2.016566,-0.264450,0.176611,-0.138212,-0.039202,-0.141954,20.774388
17808570052,-2.101965,0.036686,0.172605,-0.117515,0.059955,0.050205,20.741469
17908618199,1.671614,0.862237,0.610223,0.238631,-0.000819,0.205572,20.692009
18008666345,1.808083,-1.931353,-1.072078,0.100915,-0.102394,0.183563,20.784176
18108714492,0.864299,1.345958,0.589984,0.024341,-0.284670,0.078855,20.750546
18208762638,-0.240610,1.251334,-0.109241,-0.107741,-0.150383,-0.158125,20.708100
18308810784,-1.074735,2.486630,0.772445,-0.050915,0.178061,0.010411,20.745606
18408858931,-1.111328,-0.727874,0.226264,0.017525,0.000818,0.028117,20.663439
18508907077,1.329677,1.326722,-0.790968,-0.069103,-0.033640,-0.115303,20.468289
18608955223,0.935868,0.265151,-0.731802,0.017047,-0.046498,0.036019,20.201567
18709003370,0.056310,1.475413,1.411363,-0.056484,-0.010729,-0.013710,20.052495
18809051516,0.203286,0.591330,-0.004722,0.116211,-0.091862,0.179359,19.906550
18909099662,-2.404336,2.607811,1.022323,-0.067341,0.061294,-0.012078,19.688793
19009147809,2.717928,-0.723797,1.069477,0.153971,-0.141240,0.159690,19.454634
19109195955,2.933466,-3.287305,2.352333,-0.476707,0.478413,-0.229452,19.223579
19209244102,0.541805,-1.506816,-0.089954,-0.154835,0.021949,-0.160529,19.129897
19309292248,-0.779756,2.722985,-1.080823,-0.258646,0.032919,-0.254633,19.123881
19409340394,-2.744530,3.134297,-1.662493,-0.040922,0.249058,-0.130018,19.060626
19509388541,0.762550,1.352694,-0.250433,-0.294451,0.303323,-0.241218,18.918947
19609436687,-1.687964,2.361448,1.139061,-0.328847,0.098781,-0.187367,18.895120
19709484833,-1.301786,-2.148736,0.521270,0.101260,-0.063384,-0.040176,18.850451
19809532980,1.427621,-0.113342,1.130444,-0.019525,-0.064846,0.069565,18.692764
19909581126,0.995817,-0.332085,-0.223712,-0.046181,0.124279,-0.012059,18.678609
20009629272,0.633525,0.926586,-1.494388,-0.066425,0.151186,-0.064268,18.535670
20109677419,-0.676545,0.021465,-1.558250,0.080196,-0.132213,0.137128,18.215341
20209725565,-2.260112,2.299776,-1.047806,-0.005391,0.022312,-0.108724,18.318924
20309773712,-1.027870,-0.595355,-0.864027,0.436760,-0.333442,0.205753,18.208971
20409821858,2.767068,-3.554129,-0.055081,0.398763,-0.260171,0.183710,18.115445
20509870004,1.051982,-0.469720,-0.450241,0.221591,-0.145657,0.133689,17.837763
20609918151,2.236962,-1.956988,0.731130,0.175461,-0.267001,0.037753,17.614658
20709966297,1.073064,-2.315416,0.626632,0.081100,-0.076906,-0.053216,17.576752
20810014443,0.342130,-1.394295,0.415445,0.116079,-0.027050,0.063151,17.417132
20910062590,0.232161,-0.223893,-0.347710,0.092744,-0.066668,-0.038146,17.368858
21010110736,1.486561,-1.644547,0.471191,0.067013,-0.133300,0.051813,17.312570
21110158883,1.365421,-2.268818,0.033964,0.050532,-0.035156,-0.058403,17.195803
21210207029,1.158504,-1.869603,0.081372,0.090706,-0.095752,0.020709,17.031819
21310255175,-0.043584,-0.313723,0.280433,0.120203,-0.114031,-0.014816,16.828791
21410303322,-0.125350,-1.502512,-1.053172,0.294390,-0.145496,0.093374,16.680562
21510351468,-0.641880,0.050816,-0.006658,-0.079585,0.125943,-0.079208,16.597252
21610399614,1.514432,-0.721866,1.116555,0.044622,0.001163,-0.054337,16.355500
21710447761,2.513463,-3.704214,2.455132,-0.163785,0.109950,-0.153237,16.337716
21810495907,-0.100810,0.430970,1.068460,-0.222279,0.112262,-0.110356,16.280836
21910544053,1.476761,-2.180142,0.567819,0.147702,-0.138556,0.025158,16.195601
22010592200,0.493966,0.813159,-0.780524,-0.013080,0.145177,-0.111679,16.275258
22110640346,0.474399,-0.706489,0.460565,0.167111,0.011569,0.124125,16.266992
22210688493,2.109814,0.334403,-0.721749,0.126312,-0.074939,0.066533,16.246179
22310736639,-0.309920,0.659617,0.064317,0.038710,0.016923,0.070915,16.131824
22410784785,2.238711,0.807280,0.081777,0.097860,0.052223,0.145843,15.989604
22510832932,1.199261,-2.256622,0.819816,-0.011862,-0.035186,-0.000889,15.861933
22610881078,1.056400,-1.417359,-0.469987,0.115801,0.017032,0.014711,15.949145
22710929224,2.135761,-0.009595,0.754502,0.042979,-0.024318,0.031291,16.044568
22810977371,1.142462,-0.895145,-0.505832,0.039212,0.048343,-0.117611,15.857077
22911025517,1.136794,0.366032,-0.872357,-0.066829,0.057923,-0.114300,15.682749
23011073663,-0.381326,-0.066448,-0.244262,-0.015391,0.019320,-0.012353,15.673712
23111121810,2.652362,1.253717,-0.782561,-0.016562,-0.084289,-0.028298,15.862026
23211169956,0.882722,-0.447568,-0.182117,-0.039528,0.056074,-0.059871,15.751115
23311218103,1.232672,-2.594281,0.526702,-0.040133,0.054558,-0.027552,15.570997
23411266249,1.021553,-1.847480,-0.376636,0.241316,-0.096473,0.048712,15.548376
23511314395,0.074052,1.472530,-0.385113,0.097982,0.082374,0.009302,15.312581
23611362542,2.087990,-2.651820,0.441471,0.193608,-0.215671,0.103333,15.352032
23711410688,1.637853,0.553797,-0.417512,-0.354053,0.185267,-0.246286,15.395607
23811458834,-0.580808,2.470075,0.968061,-0.082104,-0.096793,-0.036251,15.472875
23911506981,0.204695,2.707909,0.412078,-0.432073,0.259198,-0.228291,15.314196
24011555127,0.449316,0.801713,1.293434,-0.257014,0.099784,-0.188109,15.287503
24111603273,1.615256,-4.944014,0.230921,-0.437239,0.393987,-0.268793,15.231076
24211651420,1.682889,0.344991,-0.694468,-0.449852,0.567234,-0.381324,15.119886
24311699566,2.859482,-7.899016,-0.736846,-0.201863,0.282613,-0.145125,15.089756
24411747713,0.405196,-0.629572,-1.555091,-0.526611,0.462063,-0.346539,15.149355
24511795859,3.239524,-5.735315,0.485647,0.448690,-0.287052,0.293090,15.114022
24611844005,-0.612132,0.531071,-0.300646,0.058369,0.054526,-0.000318,15.154410
24711892152,-0.850603,3.286411,0.031173,0.395323,-0.409176,0.378513,15.053844
24811940298,-1.449607,2.327551,0.363638,0.262751,-0.198578,0.155989,15.017910
24911988444,0.284816,1.778031,0.269365,0.581013,-0.565991,0.407870,15.141009
25012036591,1.383449,-6.615131,1.239765,0.425046,-0.465473,0.188091,15.075736
25112084737,1.881956,-0.628505,1.204169,-0.556372,0.486574,-0.500084,15.090175
25212132883,1.920908,-3.979179,0.176403,0.011039,0.028651,-0.006738,15.159481
25312181030,-1.694461,4.113992,-1.160078,-0.257015,0.228771,-0.184385,15.162234
25412229176,-0.310612,4.505550,-1.768283,0.614550,-0.479638,0.465498,15.040693
25512277323,-0.255030,3.407782,-0.874639,0.243060,-0.237456,0.192072,15.276612
25612325469,-0.984900,2.798111,-0.790905,0.357025,-0.299508,0.338436,15.200598
25712373615,0.921304,-0.481377,-1.024859,0.251669,-0.211077,0.164537,15.277599
25812421762,-0.138170,2.141213,-1.529851,-0.138915,0.284808,-0.170522,15.249687
25912469908,-0.941653,-0.292477,0.325221,-0.076047,0.036332,-0.048314,15.369057
26012518054,2.332474,-1.588102,1.096353,-0.200911,0.250451,-0.185984,15.383889
26112566201,0.437587,0.238118,-0.006901,-0.187460,0.217573,-0.166731,15.381655
26212614347,0.334045,0.111789,0.010813,-0.077878,0.117565,-0.127710,15.377079
26312662493,-0.196462,1.853382,0.064914,-0.164620,0.129024,-0.082219,15.456608
26412710640,0.351423,0.708959,0.529902,0.025237,-0.032672,0.001451,15.500283
26512758786,-1.664506,-0.475705,-0.106712,-0.022696,-0.034349,-0.014090,15.622907
26612806933,-2.123332,0.920878,-0.111306,-0.034780,0.020089,-0.088694,15.583772
26712855079,-0.972608,0.505972,-1.024739,0.110710,0.096835,0.049709,15.724951
26812903225,0.960094,2.506624,-1.027821,0.036876,0.188598,0.062680,15.651953
26912951372,0.651540,2.963348,-0.540673,-0.213203,0.266383,-0.053844,15.781302
27012999518,-1.281590,-2.056112,0.559234,-0.182318,0.202520,-0.092605,15.921437
27113047664,-0.937066,3.549425,-0.201163,-0.473510,0.260609,-0.376951,15.862310
27213095811,-3.152273,4.072430,0.022753,-0.195424,-0.042267,-0.168804,15.926213
27313143957,-1.506849,4.341656,-0.775139,-0.251365,0.270210,-0.184075,15.859199
27413192103,-0.176931,1.076933,-0.877914,0.419891,-0.360604,0.319518,15.891159
27513240250,-1.431533,4.889278,-0.862492,0.025994,0.006801,0.078787,15.939301
27613288396,-2.117095,5.533615,-0.054165,-0.254588,0.190179,-0.163681,16.070656
27713336543,-0.976231,1.661703,1.117401,-0.536835,0.270681,-0.337186,16.079413
27813384689,-3.922102,6.543852,-0.624668,-0.530756,0.357806,-0.316843,16.203255
27913432835,-1.889347,2.994461,-1.505698,0.236970,-0.102636,0.102970,16.000070
28013480982,-4.851580,6.667053,-1.428784,-0.228936,0.031188,0.001809,16.152991
28113529128,-1.040999,2.975006,0.436577,0.319107,-0.469114,0.353063,16.219980
28213577274,0.158456,-3.808403,1.800509,0.148386,-0.303790,0.306161,16.187683
28313625421,-2.876296,1.557439,1.018956,0.301563,-0.352724,0.330212,16.157045
28413673567,2.938281,-1.864212,0.503539,0.417910,-0.295473,0.499572,16.258587
28513721714,-1.794666,1.777776,-0.417590,-0.129977,0.017379,0.083403,16.286377
28613769860,0.973749,-2.828796,-0.121164,0.106790,-0.097969,0.090781,16.416744
28713818006,-2.045209,2.984154,-0.316443,-0.380683,0.195526,-0.278245,16.270267
28813866153,-1.259464,3.489629,0.157034,0.055846,0.010146,0.156333,16.279559
28913914299,-1.994735,2.641377,1.348134,-0.319697,0.093432,-0.151657,16.351486
29013962445,-1.966471,1.236896,0.822761,-0.128496,-0.017380,-0.048816,16.264869
29114010592,-1.207865,0.645146,-0.124509,-0.148923,0.107513,-0.027921,16.406277
29214058738,-2.775902,3.313675,-0.289139,-0.025592,0.199057,-0.028381,16.252617
29314106884,-0.871968,3.090817,0.604674,-0.651387,0.440891,-0.519490,16.464320
29414155031,-2.543727,6.057846,0.257079,-0.674779,0.443689,-0.514505,16.448110
29514203177,2.830281,-0.965482,0.297421,-0.297925,0.028097,-0.218934,16.313728
29614251324,-3.327402,5.117232,0.140338,-0.505417,0.476308,-0.304180,16.241112
29714299470,2.307060,-3.036631,0.310654,0.377196,-0.310932,0.317231,16.508624
29814347616,1.596123,-2.579719,-0.637299,-0.011501,0.022051,-0.033411,16.348653
29914395763,2.056844,-2.169850,0.854680,0.646610,-0.650618,0.413936,16.408104
30014443909,1.972323,-5.319394,-0.579118,0.740524,-0.513527,0.532779,16.404328
30114492055,-5.096617,5.427703,-0.760567,0.613356,-0.305460,0.423619,16.315307
30214540202,4.427681,-3.721065,-0.341856,0.821910,-0.577705,0.496477,16.199850
30314588348,-4.189959,5.998865,-1.509771,-0.386948,0.241651,-0.232984,16.407925
30414636494,-2.777045,3.604110,-0.887327,0.285376,-0.155139,0.146295,16.344916
30514684641,-3.370959,4.528400,-0.818114,-0.519389,0.530413,-0.438182,16.262247
30614732787,0.771702,0.679781,-0.178400,-0.068191,0.128752,-0.056694,16.299235
30714780934,-0.025868,-2.529241,0.490551,-0.420636,0.451706,-0.267553,16.338120
30814829080,0.459273,-2.170208,-0.021349,-0.275773,0.199066,-0.176646,16.362455
30914877226,1.101499,-1.431875,-0.330494,-0.571500,0.444785,-0.401353,16.415874
31014925373,-5.080734,3.006149,0.330184,-0.537738,0.310233,-0.383636,16.535153
31114973519,0.926758,-1.513889,0.645826,-0.178622,0.112544,-0.187726,16.708569
31215021665,-4.250225,2.740109,-0.481722,-0.371120,0.242119,-0.251139,16.940042
31315069812,-1.268616,1.123673,-0.372277,-0.090420,0.114371,-0.094013,16.696953
31415117958,-2.229151,2.693688,-1.136716,-0.403025,0.406398,-0.290629,16.552663
31515166104,2.970788,-3.941457,0.763683,-0.145595,0.058187,-0.001863,16.615129
31615214251,-0.822932,0.303657,0.527251,-0.532683,0.354062,-0.325155,16.568332
31715262397,3.565529,-5.506284,0.792712,0.297352,-0.240465,0.329991,16.767889
31815310544,-3.544783,3.349891,-0.717107,-0.216507,0.135628,-0.117918,16.781216
31915358690,-3.071959,4.882456,-1.012938,0.579421,-0.450786,0.435643,16.932259
32015406836,-3.945725,2.946594,-0.170677,0.193091,-0.193930,0.062011,16.852814
32115454983,-2.476115,2.558152,0.105973,0.451586,-0.390777,0.386851,17.077594
32215503129,1.932432,-2.072245,1.195228,0.357365,-0.370105,0.294376,17.128386
32315551275,-1.802799,0.414442,-0.322919,0.213233,-0.189552,0.226762,17.214277
32415599422,1.969322,-1.112847,-1.266777,0.248731,-0.175692,0.229314,17.238037
32515647568,-0.393205,0.592893,-0.848916,0.112390,-0.146963,0.038295,17.273324
32615695714,0.263521,-1.734144,-1.267350,0.429302,-0.203557,0.258678,17.189616
32715743861,-4.144602,4.212987,0.263784,0.074705,-0.157451,0.059383,17.443516
32815792007,-0.904844,0.137117,1.261443,0.084553,-0.128649,0.178886,17.355406
32915840154,-2.210558,1.233561,-0.176453,-0.038000,0.008483,0.008658,17.275404
33015888300,1.815430,-1.300909,0.143215,0.141627,-0.151070,0.111375,17.469824
33115936446,1.710163,-1.445481,0.162418,-0.348575,0.235725,-0.166422,17.628749
33215984593,2.792662,-2.390189,0.352425,-0.088693,0.180157,-0.023947,17.553684
33316032739,0.209266,0.243856,-0.767109,-0.490760,0.513415,-0.371236,17.605699
33416080885,-4.538756,3.750516,-1.588392,-0.097983,0.246315,-0.067325,17.733380
33516129032,-3.033123,4.087508,-0.804411,-0.469805,0.619941,-0.343948,17.682446
33616177178,1.011799,-0.574476,-0.618437,-0.170551,0.202292,-0.091694,17.794736
33716225324,5.503601,-5.961190,-1.224887,-0.728734,0.640721,-0.566551,17.951587
33816273471,2.910770,-1.199685,-1.841426,-0.462118,0.625180,-0.567785,17.905436
33916321617,5.129407,-5.151332,-1.362110,-0.569712,0.493081,-0.481507,17.877450
34016369764,-2.527587,2.469017,-2.106574,-0.594866,0.709356,-0.632890,17.941075
34116417910,2.574724,-4.823311,-1.478798,0.088798,0.036844,-0.016245,17.833549
34216466056,-4.956993,3.793690,-2.808025,-0.341001,0.433168,-0.346274,17.761963
34316514203,-2.671137,2.956810,-2.196363,0.371746,-0.310796,0.156072,18.051577
34416562349,-3.621200,2.086855,-1.156172,0.023316,-0.026181,-0.056760,17.958646
34516610495,-3.034369,0.557774,-0.194736,0.170746,-0.130816,0.121585,18.244787
34616658642,-1.227686,-0.690945,-0.127151,-0.008959,-0.129451,-0.022360,18.129408
34716706788,-2.319171,-1.287935,-0.772986,0.300789,-0.234086,0.265406,18.048002
34816754935,3.466358,-5.064451,-1.747676,0.556906,-0.205070,0.439341,18.129405
34916803081,-1.829386,0.151146,-2.030238,-0.272582,0.170216,0.011751,18.116087
35016851227,-0.253934,-2.057030,-0.175450,0.216152,0.080510,0.298007,18.020502
35116899374,-4.844628,3.315701,0.238934,-0.202418,0.117723,0.032670,18.031108
35216947520,-3.944481,1.299609,1.778935,0.007216,-0.338173,0.101748,18.006972
35316995666,-6.143680,1.423022,0.446973,-0.610449,0.281316,-0.385984,18.068999
35417043813,-2.360502,-0.494338,-0.679329,-0.219503,0.236558,-0.017709,18.114759
35517091959,2.508704,-1.975881,0.541900,-0.503531,0.497084,-0.219500,18.028167
35617140105,-2.852675,0.324222,0.454750,-0.495021,0.355308,-0.286939,18.010318
35717188252,0.395413,-0.623951,0.492330,-0.308419,0.088977,-0.128796,18.004228
35817236398,-3.024322,1.185175,2.040883,-0.410992,0.169524,-0.156917,18.061838
35917284545,-1.826181,-0.683175,1.642695,-0.230012,0.107818,-0.044843,18.078079
36017332691,-4.016894,-0.484381,0.693826,0.133801,-0.054831,0.129312,18.059356
36117380837,0.667615,-0.446956,-0.168214,0.041264,-0.207424,0.134049,18.024704
36217428984,-4.365790,1.510171,-1.425065,0.174851,-0.345714,0.188006,18.069478
36317477130,-1.460981,-0.909986,0.931800,0.029183,-0.141123,0.076987,18.052911
36417525276,-3.694980,-1.100350,1.060755,-0.151982,0.007911,-0.042383,18.125149
36517573423,-1.907119,-0.611359,0.060043,0.003662,-0.045900,-0.030769,18.145739
36617621569,-1.537646,-0.199370,0.106070,0.020842,-0.062633,0.229698,18.196258
36717669715,-2.511596,0.701921,0.876788,0.212791,-0.176629,0.277724,18.176084
36817717862,1.027072,-0.151987,1.144281,0.122298,-0.238073,0.082015,18.091833
36917766008,-2.354554,0.270544,2.055009,-0.125213,-0.166448,-0.073611,18.169020
37017814155,0.501627,0.003294,0.830675,0.059429,-0.106167,0.162641,18.235932
37117862301,-2.218101,-0.342348,1.623396,-0.073047,0.022954,0.117827,18.174443
37217910447,-1.497746,-0.286335,1.667270,-0.062482,-0.165328,0.026724,18.160381
37317958594,-0.444563,1.012512,1.647396,-0.015656,-0.280167,0.075994,18.204625
37418006740,0.407277,-1.579353,1.462720,-0.003300,-0.105737,0.136463,18.190220
37518054886,0.185268,0.747811,0.964401,-0.001266,0.010186,0.064748,18.303962
37618103033,0.738523,-0.435352,-0.161508,0.009879,0.039297,0.039611,18.313446
37718151179,0.764160,0.821672,0.030600,-0.077815,0.069815,-0.070685,18.284781
37818199325,-1.010604,0.814787,-0.167682,-0.122355,0.204368,-0.075876,18.315088
37918247472,0.579874,-0.732278,0.111418,-0.077760,0.175249,-0.038576,18.250470
38018295618,-1.479666,0.951135,-0.912072,-0.240683,0.108043,-0.174130,18.246055
38118343765,0.726617,0.129302,-0.496702,-0.112653,0.046648,-0.046767,18.285954
38218391911,-0.606241,1.394510,-0.303480,-0.164311,0.152778,-0.141375,18.314674
38318440057,2.373475,-0.742151,-0.160073,-0.174253,0.195632,-0.181201,18.297175
38418488204,0.818809,1.434159,-0.140665,-0.201375,0.165253,-0.136900,18.336662
38518536350,1.539280,0.467889,-0.252327,-0.134329,0.104523,-0.148176,18.290366
38618584496,-0.743303,1.139833,-0.106464,-0.112221,0.105922,-0.049156,18.273510
38718632643,0.525368,0.394777,-0.579141,-0.083309,0.107240,-0.016654,18.302346
38818680789,0.091406,1.691701,-0.062861,-0.083984,0.023771,0.006351,18.381816
38918728935,-0.397351,1.931823,-1.427746,0.104713,-0.175782,0.129914,18.447233
39018777082,0.568369,1.687813,-0.849441,0.102967,0.125459,0.093835,18.355961
39118825228,1.120374,1.251332,-0.030537,0.018673,0.073856,0.116180,18.451721
39218873375,-0.283822,1.667349,0.840511,-0.094280,-0.074372,-0.177554,18.544139
39318921521,0.970126,0.057862,1.004322,0.000890,-0.132076,0.027706,18.455940
39418969667,0.136918,1.483877,-0.179767,-0.013964,0.089795,0.044987,18.499373
39519017814,-0.314962,0.080962,-0.065978,0.221300,-0.079045,0.061864,18.489997
39619065960,0.898694,0.975112,-0.464669,0.158856,-0.033381,0.210059,18.442317
39719114106,0.269940,2.992105,0.397314,-0.025819,-0.004668,0.041497,18.515465
39819162253,0.226270,0.998670,0.923814,0.034517,-0.161798,0.006004,18.511693
39919210399,2.171603,-0.102405,0.373234,0.056763,-0.117907,0.075954,18.419016
40019258545,1.298688,-0.144947,-1.246089,0.202725,-0.109559,-0.046513,18.432685
40119306692,-2.298815,0.177681,-2.013671,0.236657,-0.138746,0.080156,18.457771
40219354838,4.355757,-0.876120,0.524482,0.134196,-0.237481,0.077564,18.387545
40319402985,-0.370180,1.697119,0.805220,-0.650737,0.429250,-0.467276,18.353350
40419451131,-5.496634,2.267736,0.015139,-0.387878,0.274617,-0.311873,18.329432
40519499277,1.561419,-0.604837,1.371006,-0.269684,0.141263,-0.259875,18.342656
40619547424,-2.286884,1.819309,-0.749538,-0.267082,0.331466,-0.219923,18.245009
40719595570,1.109428,0.918472,-0.697330,-0.110877,0.135497,-0.097323,18.202147
40819643716,-1.662178,1.837524,-1.800697,-0.347926,0.310924,-0.272579,18.193636
40919691863,4.863389,-1.473038,-0.149045,0.112951,-0.034543,0.070327,18.178811
41019740009,3.679894,-1.063258,0.045076,-0.091402,0.100030,0.050930,18.127458
41119788155,5.502114,-2.985546,0.315917,0.505660,-0.335007,0.467117,18.052761
41219836302,0.739905,0.200182,-0.741982,0.281131,-0.236650,0.199052,17.963098
41319884448,-5.225322,1.201706,-3.370455,0.485396,-0.626576,0.394933,17.940242
41419932595,4.881456,-0.884233,-0.857299,0.588275,-0.470733,0.375405,18.014648
41519980741,-8.072186,1.986621,-0.982399,-0.374537,0.474709,-0.177413,17.907220
41620028887,-4.378384,3.140949,-0.459339,-0.131135,-0.114822,-0.068979,17.901479
41720077034,-0.535606,-0.484820,2.269519,-0.879353,0.491164,-0.438981,17.830786
41820125180,-6.090701,2.079232,-0.131881,-0.651901,0.514121,-0.638499,17.782559
41920173326,0.855130,-0.237317,-0.215631,-0.039245,0.007499,-0.144855,17.767068
42020221473,-3.642021,0.824872,-1.656030,-0.205983,0.209307,-0.186169,17.690606
42120269619,2.671598,-0.597762,-1.555357,0.238945,-0.088694,0.199367,17.674970
42220317766,3.520117,0.803161,-0.788788,-0.015496,0.056768,0.044867,17.697083
42320365912,5.997225,-0.167591,0.980445,0.507909,-0.417125,0.360675,17.662280
42420414058,2.814589,-0.527400,0.218617,0.269970,-0.236778,0.154939,17.569426
42520462205,-3.228543,-0.699213,-0.932521,0.177297,-0.115524,0.124982,17.616927
42620510351,-2.631667,-0.169424,0.614686,0.137355,-0.185763,0.048115,17.557907
42720558497,-3.551715,-1.579976,0.670232,0.315130,-0.268638,0.159853,17.515832
42820606644,0.828434,-0.560180,-0.978092,0.381018,-0.232844,0.373415,17.477943
42920654790,-2.262082,0.498332,-1.823293,0.099600,0.063152,0.123959,17.485402
43020702936,3.790871,-0.619294,-1.071962,0.265420,-0.092969,0.237581,17.444906
43120751083,2.756535,0.572249,0.072998,-0.377362,0.247735,-0.201992,17.277491
43220799229,3.239498,-0.069136,0.723345,-0.156359,0.081276,-0.028883,17.251784
43320847376,0.363561,-0.614482,1.202828,-0.390605,0.322883,-0.295168,17.191062
43420895522,-2.394518,0.683331,0.311169,-0.222277,0.138406,-0.062994,16.969486
43520943668,-0.104888,0.305665,-0.165226,-0.259438,0.185896,-0.149475,16.906080
43620991815,-2.655890,0.877383,-0.695210,-0.291755,0.203212,-0.324587,16.761402
43721039961,0.834803,0.338687,-0.546428,-0.089863,0.062564,-0.086257,16.649173
43821088107,-1.464933,0.743067,-0.620681,-0.134585,0.205416,-0.096624,16.734060
43921136254,0.855511,0.928817,0.012683,-0.057442,0.092858,-0.022274,16.508809
44021184400,-1.053517,-1.137193,-0.509101,-0.239116,0.185922,-0.172538,16.352152
44121232546,1.196807,-1.800784,-0.677024,0.052882,-0.026626,-0.087912,16.025938
44221280693,0.187766,-0.856846,-0.450590,-0.111355,0.078310,0.101214,15.905406
44321328839,2.688164,-0.911325,-0.557240,-0.076555,0.068979,-0.040862,15.742378
44421376986,2.293033,-0.026781,-1.244059,0.028782,0.160504,-0.001249,15.661361
44521425132,0.015915,-0.083312,-1.340123,0.161303,-0.035445,0.158688,15.664897
44621473278,-0.028763,0.098496,-0.468974,0.100282,-0.102435,-0.073710,15.721366
44721521425,-1.082178,0.121750,-1.008453,0.001058,-0.118602,0.004402,15.597867
44821569571,1.391132,0.191504,0.001861,0.072377,-0.090335,0.079329,15.396061
44921617717,-1.376794,1.263358,0.960307,-0.103778,0.077342,-0.094689,15.283810
45021665864,-0.380584,-0.170681,-0.229857,-0.055593,0.127476,-0.070107,15.218236
45121714010,2.117893,-0.807711,0.774693,-0.345960,0.353140,-0.327308,15.205016
45221762156,-2.351380,-1.454373,-1.298588,-0.333836,0.196817,-0.241809,15.131908
45321810303,2.082642,-1.104490,-3.343578,-0.057449,0.149735,-0.191683,15.007692
45421858449,2.106861,1.073804,-3.091478,-0.071915,0.307141,-0.108213,14.829398
45521906596,1.706925,1.100024,-0.625757,-0.271095,0.287225,-0.235553,14.724625
45621954742,-0.548614,0.421788,-1.243041,-0.284978,0.320570,-0.095940,14.699397
45722002888,0.986377,-1.233541,0.512194,-0.070879,0.006158,-0.124115,14.574398
45822051035,-1.218685,-1.694437,1.099915,-0.264670,-0.052210,-0.126878,14.593670
45922099181,-0.312152,-1.423995,-2.097169,0.029628,-0.139690,0.083053,14.368895
46022147327,-2.806759,-1.045883,-1.739636,0.038542,0.146311,0.096653,14.347528
46122195474,1.231835,-0.884193,-1.023777,0.329631,-0.145643,0.347644,14.303867
46222243620,3.747631,0.696514,-0.156312,0.267408,-0.164334,0.223366,14.364999
46322291766,1.458530,-0.233882,0.448775,-0.098782,0.077568,0.079961,14.338138
46422339913,-0.283975,-2.377983,0.071262,0.083314,-0.027565,0.026185,14.272576
46522388059,-3.201241,-2.635074,-0.841952,0.428805,-0.299239,0.279425,14.323740
46622436206,-0.624187,-1.298292,-0.860857,0.292617,-0.192841,0.011360,14.320938
46722484352,-2.598719,-1.451793,-2.670763,0.138844,0.038273,0.020951,14.289565
46822532498,-2.550807,-0.444689,-1.843496,0.137314,-0.013556,0.156609,14.277543
46922580645,-1.375158,-0.735534,-1.135387,0.089547,0.026932,0.081510,14.362428
47022628791,2.805535,-1.406844,1.449723,-0.085061,0.146321,-0.142592,14.286796
47122676937,2.810568,-0.202548,1.190895,-0.126186,0.069074,-0.031809,14.394457
47222725084,1.689182,-0.580662,-1.172054,-0.188916,0.141080,-0.167556,14.296250
47322773230,0.520070,-0.370769,-1.211038,-0.205453,0.229692,-0.117206,14.316219
47422821376,1.644654,-0.736233,0.273393,-0.225925,0.127699,-0.146718,14.372103
47522869523,-1.439379,-0.173285,0.226591,-0.286879,0.221661,-0.220379,14.324439
47622917669,1.618415,-0.530085,0.487186,-0.303700,0.187133,-0.104053,14.403496
47722965816,-4.813418,-2.255706,-0.063947,-0.445959,0.343637,-0.252904,14.465220
47823013962,7.346401,-0.841917,1.039650,0.231249,-0.240227,0.279006,14.521151
47923062108,2.149871,-1.765580,0.981808,-0.088474,-0.008251,0.011061,14.533072
48023110255,-5.108500,-1.994189,0.214850,0.554374,-0.445947,0.503200,14.557946
48123158401,-1.945005,-1.899117,0.625070,0.072725,-0.228742,0.055735,14.580960
48223206547,-1.251000,-1.300949,2.787604,-0.039615,-0.168769,0.023313,14.696502
48323254694,1.869228,-2.142734,0.506421,-0.021294,0.014890,0.092173,14.785283
48423302840,2.752252,-3.659060,-1.356826,0.242784,-0.085783,0.145691,14.881032
48523350987,2.336034,-3.197272,-0.128259,0.239782,-0.305697,0.110144,14.874751
48623399133,-0.741603,-0.784751,-1.395609,0.057007,-0.188670,0.044217,15.059570
48723447279,3.935347,-3.615106,0.497007,0.183330,-0.064931,0.147231,15.129544
48823495426,1.072218,-2.950770,1.025459,-0.194998,0.197329,-0.150900,15.159970
48923543572,-0.025290,-2.254523,-0.064340,-0.052161,0.044285,0.001820,15.286255
49023591718,-1.146366,-3.346126,-0.255547,-0.026964,0.073282,-0.032904,15.375665
49123639865,1.021916,-2.401268,-0.256961,0.038387,0.036275,-0.025339,15.470910
49223688011,0.848087,-2.030505,0.440983,-0.159174,0.128542,-0.093064,15.614636
49323736157,0.491983,-0.200107,0.444178,-0.187068,0.074461,-0.103468,15.621351
49423784304,-0.872937,0.988720,0.014731,-0.331788,0.042562,-0.137991,15.533758
49523832450,-3.335468,-1.035732,1.400148,-0.284749,0.042456,-0.209362,15.575669
49623880597,-0.365709,-0.055614,1.878736,-0.340683,0.084268,-0.247653,15.656584
49723928743,-0.958372,1.052784,0.885857,-0.205887,0.034995,-0.009101,15.831959
49823976889,-1.168768,-0.268464,0.982149,-0.193616,-0.199607,0.015333,15.796930
49924025036,-0.682177,-0.745325,1.018173,-0.265840,-0.200556,-0.079881,15.777621
50024073182,1.548445,-0.247380,1.134002,-0.111290,-0.175819,0.040444,15.852317
50124121328,0.493515,0.861828,0.104803,-0.165087,0.089390,0.002746,15.703840
50224169475,1.889446,0.695744,0.412802,0.094951,-0.110926,0.117112,15.792215
50324217621,0.315698,0.122356,1.115085,-0.064603,-0.092291,0.089703,15.764740
50424265767,0.934313,1.475141,0.522264,0.037312,-0.111586,0.026656,15.743391
50524313914,2.613046,0.118419,1.045952,0.058455,-0.161704,-0.035497,15.736191
50624362060,-4.295767,0.336903,1.082111,-0.214658,0.185938,-0.198268,15.653545
50724410207,-4.641874,-0.589938,-0.937287,0.197878,-0.091050,0.171368,15.692214
50824458353,-5.723507,-1.774201,-0.530601,-0.414581,0.353555,-0.294236,15.709616
50924506499,3.359079,1.582936,1.207489,0.011574,0.025952,0.087743,15.723856
51024554646,3.889576,2.231697,0.963035,-0.442813,0.495356,-0.346294,15.797428
51124602792,0.847326,2.960081,0.707781,-0.301250,0.182098,-0.219268,15.847734
51224650938,0.665685,2.806683,1.526519,-0.272776,0.116768,-0.249764,15.854879
51324699085,-3.239908,2.731110,-0.834184,-0.119520,0.192197,-0.049047,15.810083
51424747231,-3.913156,2.239317,-0.435920,-0.474371,0.344161,-0.350639,15.666921
51524795377,0.135955,1.722371,0.428019,-0.408277,0.164693,-0.425700,15.641974
51624843524,4.564119,5.013289,0.405529,-0.614659,0.420485,-0.476620,15.723118
51724891670,0.655555,3.915510,0.004145,-0.439798,0.396228,-0.343012,15.673626
51824939817,2.249442,3.950640,0.435100,-0.503558,0.251135,-0.384303,15.621235
51924987963,-1.976761,-0.124519,0.417247,-0.386409,0.195155,-0.322052,15.621745
52025036109,0.518176,1.028302,0.007951,0.044321,-0.114748,0.056238,15.575985
52125084256,-0.256578,0.999915,0.569499,-0.053465,0.022955,0.064579,15.568425
52225132402,-0.327995,0.601146,0.180327,0.074069,0.006745,0.089976,15.457181
52325180548,-2.063392,-1.079249,-0.858887,0.063012,-0.148212,0.134526,15.445780
52425228695,-0.258850,2.135190,0.535436,0.356975,-0.369199,0.296442,15.465974
52525276841,1.912788,2.648938,-0.302440,0.313185,-0.097622,0.162775,15.418022
52625324987,-2.440584,1.381470,-1.334810,0.058474,0.099033,0.056564,15.402065
52725373134,3.905921,1.333778,2.178696,0.110651,-0.174286,0.170606,15.404287
52825421280,2.906354,1.491641,1.010041,-0.236889,0.072307,-0.197124,15.433139
52925469427,3.465708,1.065420,0.678414,-0.155261,-0.130704,-0.178639,15.329103
53025517573,-1.611850,0.069294,0.758883,-0.404201,0.234349,-0.253034,15.341111
53125565719,-3.310538,0.203911,0.002850,-0.320790,0.244802,-0.153386,15.341324
53225613866,-0.417857,0.467413,-0.315241,-0.371125,0.267587,-0.343560,15.339881
53325662012,-4.443204,-0.212773,-1.225245,-0.493000,0.419957,-0.227189,15.325691
53425710158,-1.278634,2.619916,-0.108266,-0.046096,0.056056,0.036643,15.300659
53525758305,-2.113015,2.128626,-0.156387,-0.191375,0.082963,-0.054693,15.272975
53625806451,-1.206297,2.697141,-0.451359,0.002932,-0.166277,0.094227,15.223817
53725854597,-1.478665,0.651293,-0.585797,0.001764,0.083685,-0.068412,15.249798
53825902744,-1.831229,-0.101899,-0.983939,-0.088058,0.036971,-0.130863,15.166476
53925950890,2.097621,1.919051,0.064243,0.039640,-0.024734,-0.032449,15.163735
54025999037,2.354867,1.295147,-0.187255,-0.355422,0.282115,-0.251488,15.119449
54126047183,1.551816,1.394476,-0.479801,-0.196352,0.119576,0.022228,15.185646
54226095329,0.294370,-0.197187,-0.248821,-0.414290,0.321972,-0.239385,15.216828
54326143476,1.430745,1.481032,0.186082,-0.358470,0.181313,-0.242091,15.157424
54426191622,2.676199,3.619169,1.341844,-0.295448,0.138651,-0.153356,15.184689
54526239768,-0.177764,1.185554,-0.411250,-0.123588,0.229328,-0.230715,15.177761
54626287915,1.638836,0.500552,-0.686059,0.210759,-0.153067,0.105209,15.111490
54726336061,-2.301599,-0.475351,-0.684438,0.115955,-0.114083,0.130822,14.945603
54826384207,-5.653320,-1.379500,-3.041243,0.628261,-0.485062,0.447235,14.829011
54926432354,-3.974369,1.467015,-1.733054,0.236797,-0.174146,0.097905,14.889487
55026480500,-1.974773,2.287264,-0.050815,0.361149,-0.365100,0.272195,14.820726
55126528647,3.394122,2.950379,1.539519,0.292072,-0.305264,0.188213,14.779889
55226576793,3.499608,2.136715,1.096840,0.123930,-0.225169,0.131814,14.671695
55326624939,2.993044,0.158912,-0.174960,0.272247,-0.260324,0.218084,14.577009
55426673086,-1.637304,0.242810,-1.013015,-0.139488,0.143109,-0.130131,14.413210
55526721232,-0.393422,0.441694,-0.658188,0.081263,-0.060728,0.083364,14.266169
55626769378,-1.067315,0.809548,-0.259038,-0.056642,0.011605,-0.045141,14.223287
55726817525,0.377564,2.078041,-0.410777,0.119101,-0.072605,0.071568,14.147053
55826865671,0.461809,1.041715,0.316866,0.077701,-0.107890,0.042939,14.060813
55926913818,1.529335,2.046460,0.904678,0.165455,-0.121918,0.124527,13.909096
56026961964,0.645904,1.626309,0.996551,0.055518,-0.081292,0.059967,13.759126
56127010110,-0.386283,1.082924,0.609416,-0.050315,-0.125788,-0.076098,13.650615
56227058257,-0.648806,1.003581,0.668134,-0.275378,0.201177,-0.207967,13.603239
56327106403,0.580848,-0.051619,0.081391,-0.070685,0.114205,0.028918,13.517095
56427154549,0.010807,0.073193,0.402339,-0.040008,0.154795,0.032506,13.385221
56527202696,-0.358009,1.209325,0.507155,-0.050152,0.101864,-0.045835,13.275259
56627250842,1.783666,3.358567,0.651215,0.090629,-0.176886,0.056176,13.082973
56727298988,2.228390,0.085927,1.881553,0.043542,-0.116055,-0.047819,12.905903
56827347135,0.990780,0.882974,1.158888,0.029799,-0.012447,0.015657,12.761690
56927395281,-0.069413,0.877633,-0.826129,0.088292,0.158929,0.111570,12.560426
57027443428,-1.083086,-1.399517,-0.760897,0.037968,0.041710,0.106604,12.369612
57127491574,-0.547349,-0.331960,-1.216762,-0.060325,-0.154283,-0.048366,12.164255
57227539720,0.924445,2.038344,-0.274727,0.148535,-0.239106,0.125307,11.922317
57327587867,1.162524,2.444248,0.484386,0.090850,0.092951,0.101692,11.649862
57427636013,-0.721888,2.517679,0.666346,0.033032,0.110895,0.050235,11.418934
57527684159,-0.955833,1.939690,-0.212834,-0.116504,0.055869,-0.035201,11.219880
57627732306,1.042847,-0.349420,-1.476132,0.046687,-0.151763,-0.000293,11.073409
57727780452,0.412314,0.810677,-1.926911,0.063315,0.055144,-0.083898,10.897184
57827828598,-0.923837,1.187487,-1.169965,-0.083439,0.160119,-0.137618,10.560092
57927876745,-0.997075,0.491181,-0.911708,-0.070833,0.064727,-0.046068,10.161652
58027924891,-0.387215,1.504214,0.511676,-0.139894,0.084426,-0.160644,9.902669
58127973038,-0.902622,0.402769,0.539078,-0.102727,0.008856,-0.058675,9.624160
58228021184,-0.296235,0.621156,-0.200386,0.023583,0.031471,0.055421,9.337838
58328069330,0.162813,0.059757,-0.511270,0.064183,0.021042,0.119683,8.988658
58428117477,0.201664,1.543392,0.036836,-0.022576,0.006776,0.062888,8.615281
58528165623,0.193620,1.429427,-0.060693,-0.057974,0.076851,0.000106,8.273970
58628213769,1.460413,1.384653,0.434997,0.079066,-0.026346,-0.001978,8.103775
58728261916,0.899564,-0.260901,0.023920,0.067102,-0.046597,0.023629,8.027475
58828310062,-0.001950,-1.515144,-0.703735,0.021808,0.000462,-0.015432,7.955408
58928358208,0.119635,-0.862744,-1.271983,0.038390,0.002889,0.050052,7.861741
59028406355,-2.597101,-0.100725,-1.817039,0.031103,0.119729,0.000447,7.804640
59128454501,-1.348040,0.079215,-2.805682,0.059083,0.193745,0.122381,7.879456
59228502648,-0.205288,0.606447,-0.682690,-0.290207,0.210572,-0.189404,7.837525
59328550794,-1.302968,0.284479,0.347133,-0.270932,0.073707,-0.106271,7.807384
59428598940,1.300609,-0.636024,-0.073296,-0.058247,0.084258,-0.011779,7.766835
59528647087,1.200124,-0.172768,-0.260157,0.003064,0.047299,0.020737,7.688332
59628695233,0.532366,1.892198,-0.189682,-0.048782,-0.050945,0.033683,7.719067
59728743379,1.249413,-0.049791,1.242807,-0.054986,-0.010686,-0.092617,7.783719
59828791526,0.871548,0.823755,2.104882,-0.216682,0.068361,-0.145850,7.769704
59928839672,-2.864044,0.832827,1.290611,-0.222194,0.053128,-0.249337,7.834384
60028887818,0.246505,-0.785438,1.323049,0.255481,-0.268387,0.041093,7.873672
60128935965,0.262571,0.671926,-0.419367,0.100135,-0.122494,0.114358,7.901883
60228984111,-0.948440,1.097932,-1.398568,-0.172483,0.266510,-0.066111,7.865413
60329032258,0.336697,2.386795,-2.274015,0.041445,0.174830,0.142000,7.967106
60429080404,2.461969,2.165956,-1.375925,0.287542,-0.057294,0.199866,8.071673
60529128550,1.606838,0.903192,-0.252818,0.094559,-0.089960,-0.126506,8.329547
60629176697,2.002032,2.431228,0.370463,-0.179543,0.067564,-0.120147,8.566799
60729224843,1.050213,0.010942,0.396907,-0.047496,-0.005571,-0.016256,8.798173
60829272989,1.650376,-0.545834,0.184252,-0.105471,0.122931,-0.012245,8.917623
60929321136,2.139311,-0.258040,-0.558716,0.055763,0.044357,0.090278,9.086280
61029369282,4.770670,0.114846,-1.032415,0.531569,-0.312040,0.285822,9.270404
61129417428,4.111102,1.151060,-1.390991,0.322165,-0.246309,0.277479,9.453706
61229465575,1.382459,0.478448,-1.309907,-0.011460,-0.039034,0.008287,9.659315
61329513721,6.494986,2.235566,1.061909,0.077203,-0.172540,0.072131,9.839134
61429561868,-0.271075,1.546238,0.308018,-0.522464,0.256517,-0.263140,10.006590
61529610014,-2.209351,-1.295563,-0.687950,-0.150440,0.126370,-0.135700,10.047829
61629658160,-2.415151,-1.591871,-0.578821,-0.414744,0.324601,-0.267242,10.219688
61729706307,0.115327,-0.293723,0.035682,-0.325250,0.156020,-0.385867,10.374946
61829754453,4.331368,1.588989,-0.020921,-0.352336,0.174573,-0.347475,10.465331
61929802599,1.548030,0.912682,0.017719,-0.258648,0.312147,-0.164843,10.635157
62029850746,2.240957,0.534388,0.786731,-0.341286,0.360037,-0.245607,10.712633
62129898892,-0.550851,0.743117,1.001031,-0.466600,0.202856,-0.352412,10.867141
62229947038,2.983288,0.281819,0.366844,-0.072147,-0.160000,-0.140242,11.045211
62329995185,0.446500,1.098582,-0.502360,-0.123994,0.133731,-0.032539,11.108326
62430043331,0.423120,-1.307162,-0.465204,-0.031722,0.119159,-0.054440,11.253491
62530091478,-2.088889,-0.139458,-0.610516,-0.148350,0.128827,-0.152310,11.328304
62630139624,4.783545,2.316974,0.987510,0.264485,-0.274262,0.225178,11.383289
62730187770,4.886688,1.490868,1.782000,0.103082,-0.194918,0.026008,11.512715
62830235917,2.563832,1.323453,1.157064,0.344092,-0.347894,0.235595,11.571648
62930284063,0.962610,1.429659,0.881359,0.269195,-0.254435,0.193505,11.718431
63030332209,-1.222164,-0.855800,-0.014911,0.479990,-0.439226,0.296203,11.798653
63130380356,5.034268,1.330217,-0.008686,0.586153,-0.515430,0.432883,11.963784
63230428502,7.978372,1.926896,0.828363,0.550365,-0.422846,0.292303,11.992919
63330476649,7.719947,1.683394,0.510166,0.520365,-0.438241,0.362662,12.074440
63430524795,0.090706,1.774430,0.104527,0.295932,-0.284155,0.125498,12.133961
63530572941,-2.276195,1.279761,0.752557,0.504532,-0.522037,0.381586,12.135066
63630621088,0.805483,1.145016,1.361765,0.469465,-0.332420,0.403095,12.287216
63730669234,-1.332159,-0.027701,0.060826,0.338986,-0.181241,0.258346,12.276803
63830717380,2.759535,1.376685,0.916427,0.268582,-0.286369,0.193922,12.376895
63930765527,0.029246,1.277137,-0.587366,-0.084720,0.108113,-0.037473,12.414402
64030813673,2.312852,0.374358,-0.043912,0.193671,-0.077552,0.047992,12.414596
64130861819,0.964851,0.206775,0.401172,0.296687,-0.097498,0.139959,12.432543
64230909966,2.332443,0.504493,0.285214,0.204370,-0.130462,0.115880,12.513254
64330958112,0.799245,-0.379714,-0.189945,0.097560,-0.140329,-0.061195,12.622659
64431006259,0.607589,-0.052761,0.624239,0.126122,-0.211567,-0.145933,12.676582
64531054405,0.048964,1.833657,-0.909846,-0.115475,0.212312,-0.271847,12.791132
64631102551,2.109216,0.656688,-0.052484,0.076399,0.029975,-0.025159,12.802332
64731150698,2.012963,0.589568,-0.586931,0.102924,-0.143370,-0.055324,12.811439
64831198844,1.863500,0.165035,-0.202771,0.088804,-0.143134,0.031598,12.824164
64931246990,1.587588,-0.072201,-0.001224,0.115142,-0.040650,-0.016916,12.909025
65031295137,2.224753,-0.768968,-0.220462,0.086633,0.066102,-0.034786,13.015879
65131343283,3.645104,0.202555,0.184967,0.036701,0.093056,-0.121507,13.121198
65231391429,2.260253,0.169385,-0.876725,0.094829,0.124290,-0.070429,13.166926
65331439576,1.171343,-0.137571,-1.730370,0.215585,-0.045851,0.017097,13.126923
65431487722,1.597828,-0.414370,-1.585774,0.126465,-0.046126,0.084393,13.219806
65531535869,0.940532,-0.957804,-0.744545,-0.172839,0.145188,-0.090076,13.235979
65631584015,-0.979475,0.328339,0.286728,-0.198048,0.024722,-0.207932,13.179805
65731632161,3.255032,1.052668,0.484188,0.035349,-0.126032,-0.010401,13.362301
65831680308,4.572614,1.743166,2.242956,0.027980,-0.004533,0.010780,13.409432
65931728454,4.483224,-0.251883,2.236497,0.279910,-0.314290,0.149161,13.369129
66031776600,-0.164736,-0.633522,1.288917,0.127974,-0.205956,-0.046776,13.619595
66131824747,-1.944376,0.367523,-0.121562,0.425113,-0.338995,0.157873,13.624294
66231872893,-0.797519,0.315487,-0.838956,0.378788,-0.279371,0.269603,13.639699
66331921039,-2.907939,1.813180,-2.678518,0.259664,-0.115644,0.184283,13.723139
66431969186,-0.966534,0.675650,-1.067148,0.250831,-0.149939,0.077305,13.869670
66532017332,-1.521833,1.023718,1.357072,-0.091609,-0.008755,-0.027046,13.889935
66632065479,1.827209,0.553465,2.551703,-0.055938,-0.164384,0.084733,13.952211
66732113625,1.917659,-0.124420,2.070870,-0.105612,-0.058828,-0.089708,14.131529
66832161771,2.825337,-0.242021,1.190124,-0.086719,0.017742,-0.006225,14.266447
66932209918,0.660176,0.281403,0.049406,-0.240297,0.239054,-0.177510,14.264040
67032258064,-1.160704,1.034878,-1.718414,-0.087761,0.181890,-0.180362,14.275430
67132306210,1.023296,0.827784,-1.625577,-0.021205,0.076148,-0.091614,14.328293
67232354357,0.205868,1.326080,-0.205166,-0.041833,0.062935,-0.117154,14.400931
67332402503,1.338624,0.567332,1.089359,-0.000201,0.040414,-0.015911,14.486061
67432450649,1.746245,0.453223,1.103193,0.063495,0.021156,0.009640,14.613072
67532498796,0.540062,0.499641,-0.266932,-0.045246,0.072680,0.007112,14.562235
67632546942,-0.371083,-0.531269,0.937197,-0.153617,0.034797,-0.164881,14.661795
67732595089,0.225301,0.931866,0.460732,-0.122575,0.088264,-0.185839,14.751906
67832643235,0.097977,0.145770,-0.430960,-0.074789,0.155650,-0.014014,14.807957
67932691381,0.671933,0.117563,0.669735,-0.043097,0.101679,-0.031733,14.887174
68032739528,-2.255118,1.818224,-0.316336,-0.042204,0.088116,-0.095112,14.897705
68132787674,0.816175,0.068534,-0.473355,0.292710,-0.193611,0.157503,14.983643
68232835820,1.752960,-0.539010,-0.486809,0.195571,-0.132219,0.097453,15.001758
68332883967,-0.341967,0.407064,-1.935289,0.194892,0.008313,0.142270,14.990737
68432932113,1.459654,0.695745,-1.541998,0.222049,0.020905,0.148057,15.002789
68532980259,-0.046270,1.486117,-1.572939,0.171359,-0.103630,0.131981,15.019104
68633028406,-1.029438,1.694276,-0.415118,0.223769,-0.149110,0.219814,15.149348
68733076552,-1.951522,0.226296,0.772432,0.365606,-0.309979,0.320621,15.161129
68833124699,-1.117628,-0.274057,0.079939,0.289947,-0.305255,0.284622,15.078219
68933172845,-1.645199,1.236539,-0.459686,0.051756,-0.013962,0.143964,15.132600
69033220991,2.134518,-0.468918,-1.036314,0.125745,-0.001875,0.140091,15.191956
69133269138,1.491928,-0.766404,-1.200074,-0.141410,0.218683,-0.071146,15.270959
69233317284,1.639054,-0.633693,-0.697760,-0.062832,0.114775,-0.045448,15.331019
69333365430,0.954323,0.255160,-0.363602,-0.243432,0.210407,-0.187239,15.355954
69433413577,-1.033637,0.065748,-0.289461,-0.107168,0.133571,-0.126863,15.397182
69533461723,-0.178078,-0.758879,0.421422,-0.057301,-0.010277,-0.079652,15.359892
69633509870,-1.958636,0.964466,0.408665,-0.126935,0.022186,-0.119054,15.350921
69733558016,-0.945803,0.115534,1.650054,0.047459,-0.096175,0.049416,15.314026
69833606162,-2.926206,1.755449,2.769969,-0.070000,-0.141346,0.130118,15.261150
69933654309,-2.811717,2.683544,3.002444,-0.048664,-0.305898,0.098207,15.280622
70033702455,-1.481554,-1.199332,2.158517,-0.098705,-0.203935,0.008724,15.305635
70133750601,-0.189122,-0.520094,-0.770096,-0.024001,0.101544,0.011783,15.401649
70233798748,1.338809,1.590481,-2.306033,0.138202,0.029916,0.027260,15.356640
70333846894,-2.572070,2.653312,-2.542672,-0.080519,0.014470,-0.071669,15.278026
70433895040,-1.981662,1.837657,-0.861453,-0.016490,-0.074361,-0.016475,15.283663
70533943187,-0.977987,1.008292,0.585114,-0.096416,0.007435,-0.089029,15.250414
70633991333,2.245706,-1.035620,0.832445,0.069675,0.000232,0.009859,15.221532
70734039480,2.185308,-0.873315,0.325215,-0.146857,0.323155,-0.144006,15.280147
70834087626,2.079690,0.412109,-0.494840,-0.115231,0.108585,-0.035219,15.247871
70934135772,0.002285,1.446452,-0.878561,-0.249393,0.145554,-0.146887,15.169888
71034183919,-0.396218,0.956548,-0.619706,-0.174361,0.142358,-0.095748,15.198233
71134232065,2.211763,-0.318212,0.237371,-0.333018,0.211812,-0.215301,15.193782
71234280211,1.650833,1.044806,0.063992,-0.151391,0.239572,-0.225530,15.163745
71334328358,2.484524,-1.196368,0.240750,-0.038426,0.122083,-0.151551,15.169909
71434376504,1.681954,-0.517290,-0.409055,-0.107531,0.079569,-0.168379,15.165608
71534424650,1.672633,1.078582,-0.554214,0.020840,0.025632,-0.005691,15.163725
71634472797,-4.085497,3.541290,-0.064073,-0.026819,0.089783,0.047517,15.125353
71734520943,-6.158170,3.085530,0.416401,0.313300,-0.232432,0.389812,15.050015
71834569090,-7.440122,3.881510,0.762262,0.098330,-0.119226,0.155395,15.039384
71934617236,4.413140,-0.447771,2.221520,0.846372,-0.767942,0.659817,15.098077
72034665382,7.691250,-2.007558,1.172465,0.561198,-0.532458,0.416188,15.120259
72134713529,2.216047,0.140054,-0.631439,0.464979,-0.270121,0.416331,15.136165
72234761675,1.179581,-0.677706,-0.849563,-0.103852,0.246508,0.016489,15.118774
72334809821,-5.532387,2.089151,-1.966164,0.153728,0.007880,0.170225,15.146624
72434857968,-2.689826,1.349422,-0.729906,0.181628,-0.103899,0.161106,15.137679
72534906114,-3.248909,1.814048,0.927940,-0.209245,0.103984,-0.208389,15.093598
72634954260,4.012008,-0.271407,1.610156,-0.057296,0.001214,0.000378,15.091308
72735002407,4.310973,-1.907501,1.129102,-0.474599,0.380736,-0.338601,15.123739
72835050553,4.255949,-0.453384,0.080507,-0.269781,0.280873,-0.307097,15.197010
72935098700,0.087729,0.561006,-0.839224,-0.486915,0.445696,-0.442185,15.187868
73035146846,-2.917829,1.249125,-0.559985,-0.357197,0.276114,-0.316841,15.152900
73135194992,-0.982675,0.822898,1.021135,-0.359905,0.148095,-0.273233,15.167115
73235243139,-2.612009,0.174202,1.229945,-0.317782,0.142111,-0.233130,15.179713
73335291285,-1.624285,-0.139127,0.275586,-0.192025,0.229932,-0.111807,15.179985
73435339431,-3.841558,0.478426,-0.449778,-0.162876,0.149560,-0.067519,15.118495
73535387578,4.877217,-0.383298,0.629027,0.385304,-0.312407,0.264207,15.076485
73635435724,5.200584,-0.286590,1.624955,0.198753,-0.199276,0.106922,15.153206
73735483870,2.062257,-1.151421,0.993463,0.339944,-0.394705,0.296869,15.155081
73835532017,1.952329,-0.294784,0.795551,0.260156,-0.208913,0.255454,15.047490
73935580163,-0.239030,1.308720,0.673136,0.164225,-0.037399,0.095440,14.997016
74035628310,1.401905,2.362658,0.581232,0.067704,0.121325,-0.025139,15.054229
74135676456,-1.253367,1.706820,0.914353,-0.208898,0.123760,-0.144367,15.054493
74235724602,-2.994014,0.746570,0.584132,-0.208302,0.170298,-0.193725,14.988229
74335772749,-1.277625,0.244522,0.647948,-0.361166,0.223085,-0.300555,14.999890
74435820895,0.003548,1.016142,0.200640,-0.305971,0.149442,-0.236431,15.140572
74535869041,3.106206,1.243882,-0.380766,-0.313182,0.230844,-0.265454,15.215013
74635917188,1.905067,1.128754,0.059731,-0.162177,0.217907,-0.184892,15.105730
74735965334,3.116809,-0.361691,-0.598943,-0.115588,0.170848,-0.095158,15.031472
74836013480,1.995292,0.783132,-0.779894,0.005114,0.133215,-0.051831,15.020351
74936061627,2.851774,-0.636889,-0.970135,0.394368,-0.182183,0.221027,15.084008
75036109773,-0.358904,0.012791,-0.866742,0.213867,-0.053055,0.043466,15.111807
75136157920,-2.077451,0.487388,-0.098459,0.246892,-0.121810,0.107039,15.076544
75236206066,-1.741499,0.693997,-0.434468,0.113574,-0.140662,0.129783,15.116288
75336254212,-1.995114,1.156020,-0.690845,0.149519,-0.140106,0.063542,15.171617
75436302359,-1.054601,0.448335,-0.018538,0.150046,-0.053011,0.079211,15.179807
75536350505,-1.560192,2.093731,-0.266736,-0.119689,0.207507,-0.022208,15.116238
75636398651,0.671539,1.000333,-0.242524,-0.077502,0.083917,-0.089820,15.119931
75736446798,1.903481,0.162286,0.579190,-0.028031,0.053973,-0.115469,15.119188
75836494944,0.311835,1.811100,0.466753,0.020481,0.002491,0.084129,15.135670
75936543090,-4.086837,1.650003,-0.443052,-0.037287,0.001609,0.060577,15.230463
76036591237,-3.036884,0.391376,-0.586628,-0.037369,-0.009302,-0.003256,15.326742
76136639383,-2.234931,1.514761,-1.432526,-0.323030,0.362190,-0.295505,15.428311
76236687530,1.086694,-0.418070,-0.958807,-0.180920,0.241876,-0.152254,15.478947
76336735676,1.624398,-1.315382,0.287341,-0.334764,0.291262,-0.264496,15.506939
76436783822,0.124283,0.110287,0.972488,-0.225709,0.097180,-0.161295,15.440026
76536831969,1.603998,-0.477484,1.773952,-0.108580,-0.029708,-0.024530,15.425520
76636880115,1.121176,-0.807302,1.574467,-0.076830,-0.005863,-0.045499,15.523752
76736928261,2.889737,-0.813438,0.653136,0.249329,-0.204022,0.152816,15.583268
76836976408,0.014197,0.347234,-0.963370,0.246928,-0.170690,0.171585,15.794578
76937024554,-2.236530,1.462821,-1.716894,0.362623,-0.257252,0.240074,15.847891
77037072701,-1.649776,1.056778,-1.273403,0.393748,-0.332802,0.252257,15.847056
77137120847,-0.739824,-0.016646,-0.538131,0.554276,-0.478408,0.375205,15.898351
77237168993,3.252856,-0.044408,-0.231706,0.411507,-0.254478,0.354574,16.084308
77337217140,-1.252908,1.754377,0.063566,-0.007682,0.030274,0.068498,16.018909
77437265286,2.015748,-0.406885,1.256559,-0.032709,-0.171104,0.007699,16.105095
77537313432,1.966326,0.578179,-0.175273,-0.190105,-0.032856,-0.102878,16.154303
77637361579,-0.003405,0.150245,-0.706010,-0.067097,-0.002933,-0.002768,16.169945
77737409725,-0.539284,0.403214,-0.902189,0.077976,-0.014492,-0.001590,16.264935
77837457871,-1.112987,0.994736,-0.656125,-0.007515,0.028381,-0.017503,16.327631
77937506018,-2.462989,0.841407,-0.394689,-0.256965,0.172597,-0.163554,16.220067
78037554164,0.345814,-0.421755,-0.407017,-0.263950,0.158871,-0.173773,16.249423
78137602311,1.245369,-0.040938,0.005151,-0.482601,0.325424,-0.319544,16.350640
78237650457,-4.141020,0.655470,0.461381,-0.406204,0.239288,-0.322110,16.361150
78337698603,-2.347592,1.787676,0.138396,-0.132867,0.029109,-0.123579,16.351327
78437746750,-2.751772,0.385264,0.286399,-0.042883,0.044851,0.019021,16.368223
78537794896,-1.648061,-0.118635,0.141169,0.272419,-0.107603,0.206819,16.365274
78637843042,-1.940138,2.170475,-0.033255,0.026688,0.044381,-0.026201,16.308512
78737891189,-1.963353,2.307937,0.875137,-0.206898,0.058664,-0.148125,16.375527
78837939335,0.527607,1.579198,1.521802,-0.041650,-0.129373,-0.013750,16.392670
78937987481,-0.036108,0.719561,-0.277512,0.020023,0.053743,-0.004673,16.429755
79038035628,-2.878600,1.059495,-1.710998,0.004805,0.004980,0.001779,16.427356
79138083774,-1.731837,0.896076,-0.872892,-0.020227,-0.004513,-0.002078,16.519098
79238131921,-2.771497,1.316714,-0.028859,-0.353728,0.161253,-0.181383,16.673374
79338180067,-1.328583,0.084054,1.321055,-0.391424,0.182092,-0.257520,16.802126
79438228213,1.030807,-1.386891,1.297444,-0.365602,0.276184,-0.248767,16.766147
79538276360,-1.260290,-1.059623,-0.488512,-0.311766,0.307242,-0.169045,16.643890
79638324506,1.513634,-1.157427,-1.341768,-0.041818,0.187251,-0.034521,16.628389
79738372652,-0.192987,0.430972,-1.489646,-0.043298,0.147731,-0.048786,16.707904
79838420799,0.309755,0.180829,-0.047928,-0.024593,0.017575,0.037700,16.789993
79938468945,0.533708,0.265845,1.294409,-0.086560,0.060818,-0.037049,16.811797
80038517091,1.443486,-0.029653,1.886718,-0.035263,0.058635,-0.013766,16.793903
80138565238,-0.833920,0.145953,0.943868,0.004653,-0.017691,-0.001706,16.770086
80238613384,-0.589132,0.273521,0.217376,0.111514,-0.085219,0.050600,16.805988
80338661531,1.488885,0.649335,-0.536589,0.074991,0.060431,0.082707,16.858516
80438709677,1.040284,1.092367,-0.430590,-0.046070,0.113117,-0.045990,16.989247
80538757823,-0.164324,1.719156,-0.280128,0.013864,-0.065048,-0.073638,16.978696
80638805970,-1.962554,2.244749,0.454560,0.097911,-0.274666,0.032508,16.949022
80738854116,-3.984058,4.368339,-1.312459,0.533675,-0.617970,0.418610,17.004286
80838902262,3.029294,2.697483,-3.729283,1.308209,-1.000978,0.961791,17.031856
80938950409,6.294411,-2.271581,-1.373484,1.039009,-0.797692,0.788030,17.018953
81038998555,2.083338,1.119876,0.366011,0.961638,-0.770352,0.768996,17.092805
81139046701,5.195434,-0.996020,2.368631,0.658000,-0.624399,0.599417,17.140052
81239094848,-6.559573,2.899367,3.952659,-0.060309,-0.162114,0.014120,17.207593
81339142994,-5.496517,2.405458,3.941136,-0.084318,-0.103952,-0.107183,17.242829
81439191141,-9.445875,2.982919,1.619717,-0.933371,0.700356,-0.714292,17.265995
81539239287,1.417161,-0.570380,-0.835594,-0.651471,0.566859,-0.518364,17.245015
81639287433,6.336803,-1.480821,-3.194048,-0.994903,0.879561,-0.741157,17.175853
81739335580,2.018091,1.323295,-2.926653,-0.658822,0.589825,-0.520624,17.148636
81839383726,4.619808,-0.517399,0.722588,-0.429644,0.269832,-0.366222,17.166556
81939431872,0.067169,0.333644,1.363901,-0.448416,0.397644,-0.397778,17.260105
82039480019,1.704381,-0.554172,1.914525,-0.158843,0.097653,-0.167754,17.333818
82139528165,-4.642824,0.977341,0.291050,-0.000906,0.009320,-0.032971,17.332052
82239576311,-4.953074,0.775853,-1.339826,0.413100,-0.315261,0.318626,17.327066
82339624458,-2.376491,1.971754,-2.267860,0.350894,-0.265752,0.267789,17.387695
82439672604,3.755600,-0.298722,-1.166216,0.642402,-0.553407,0.467642,17.448130
82539720751,6.234274,-2.909289,0.884316,0.434666,-0.486919,0.426250,17.526744
82639768897,2.224103,-0.878427,1.770079,0.437684,-0.490795,0.364718,17.538171
82739817043,1.018598,-0.392500,0.712588,0.248180,-0.228520,0.073100,17.496885
82839865190,-1.253852,0.499964,-0.533270,0.117331,-0.146451,0.066728,17.529056
82939913336,-0.135131,-0.173147,-1.185789,0.097363,-0.073670,0.081007,17.590638
83039961482,-1.355218,0.958546,-2.414054,-0.030884,0.137332,-0.036299,17.675511
83140009629,-0.973730,1.491602,-2.420437,0.060808,0.128696,0.017062,17.749425
83240057775,0.081294,-0.195363,-1.964278,0.076148,0.213598,0.067390,17.730316
83340105922,-1.367243,-0.677091,-1.684387,0.086467,0.006484,0.088748,17.920315
83440154068,-1.413798,-0.763331,-0.792209,0.230269,-0.167036,0.193680,18.102776
83540202214,-1.759811,-1.470039,0.255842,0.267133,-0.116415,0.187500,18.189910
83640250361,-2.833350,-0.934729,0.140674,0.224142,-0.183026,0.211622,17.993371
83740298507,-0.933833,-1.499562,-0.171322,0.123704,-0.095303,0.172308,17.947753
83840346653,-1.957772,-0.553253,-1.134151,-0.101930,0.219764,-0.054243,18.013416
83940394800,3.359576,-2.006224,-1.205089,-0.118258,0.290869,-0.223151,18.046625
84040442946,2.679305,-1.726994,0.034117,-0.665591,0.597268,-0.533423,17.958095
84140491092,1.292348,0.072414,-0.046100,-0.375004,0.488207,-0.288423,17.977022
84240539239,3.255384,-1.443429,-1.543958,-0.264273,0.368731,-0.229634,18.039093
84340587385,0.880297,-1.841439,-0.847628,-0.191733,0.210764,-0.271716,17.986026
84440635532,4.805375,-2.764018,0.391064,0.273652,-0.276629,0.197249,18.062295
84540683678,-4.651751,1.526427,-0.978970,0.219715,-0.250014,0.225441,18.189018
84640731824,-4.542761,-0.668198,-1.713138,0.817311,-0.746638,0.593497,18.208281
84740779971,-1.281881,-1.504596,-1.482265,0.696469,-0.554321,0.523898,18.255875
84840828117,-4.900829,-0.253122,-1.860066,0.752527,-0.557399,0.601470,18.302518
84940876263,-2.678071,-1.143594,-0.830462,0.546207,-0.393897,0.335462,18.310203
85040924410,-5.279062,-1.703042,0.155913,0.356131,-0.253092,0.267243,18.347409
85140972556,-3.407664,-2.943536,-0.123394,0.112840,-0.229225,0.067329,18.363436
85241020702,-4.040642,-2.109718,-0.343961,-0.115309,0.110031,-0.121224,18.425068
85341068849,3.072234,-4.997191,-0.079832,0.007668,0.124197,0.264574,18.432363
85441116995,1.564232,-5.427060,-0.029326,-0.401891,0.446734,-0.241745,18.351136
85541165142,1.999945,-4.818845,-0.362132,-0.371249,0.277224,-0.433278,18.356094
85641213288,-0.214167,-3.053999,-0.540540,-0.438523,0.303491,-0.464104,18.485412
85741261434,-3.363608,-2.653630,-0.563489,-0.187765,0.170719,-0.226216,18.472453
85841309581,-1.031288,-2.912550,-0.403223,-0.066031,0.022642,-0.069567,18.440564
85941357727,-1.436917,-1.935158,-0.085931,-0.058675,0.039251,0.009798,18.554139
86041405873,-2.119721,-2.658648,0.124940,0.041720,-0.047301,0.035307,18.516906
86141454020,-3.199861,-2.332485,-0.110440,-0.102896,-0.049467,-0.078277,18.459696
86241502166,-0.484058,-3.415362,0.382050,0.012022,-0.154222,-0.015473,18.562871
86341550312,-1.002627,-4.947246,0.251549,0.030036,0.029871,0.028639,18.589460
86441598459,0.030714,-3.629754,-0.322365,0.039084,0.026395,0.068023,18.536976
86541646605,-1.780838,-2.167911,-0.148157,0.177838,-0.229121,0.187616,18.561472
86641694752,-1.929946,-1.824373,0.075912,0.453850,-0.441712,0.319409,18.579343
86741742898,-0.150213,-2.410238,0.019252,0.212707,-0.203968,0.148810,18.653881
86841791044,-3.402394,-0.953605,-1.166337,-0.132842,0.047388,-0.055454,18.655137
86941839191,-2.852075,-2.930686,-0.711777,0.037526,-0.033101,0.071783,18.686733
87041887337,-1.312238,-1.679142,-0.048289,-0.023020,-0.005335,-0.029847,18.673777
87141935483,1.494037,-2.177972,0.426550,-0.167550,0.064058,-0.131039,18.662581
87241983630,2.245554,-2.862583,-0.027528,-0.299637,0.228306,-0.252199,18.743411
87342031776,0.710679,-2.599394,-0.124723,-0.184677,0.203420,-0.176444,18.709054
87442079922,-0.316061,-1.643265,-0.020699,-0.209015,0.212552,-0.174890,18.633072
87542128069,-1.343763,-1.472508,0.167807,-0.216228,0.131333,-0.163954,18.626782
87642176215,-1.003682,-2.260574,0.110568,-0.209786,0.116559,-0.134023,18.737413
87742224362,-2.319531,-1.455877,-0.318391,-0.195150,0.073713,-0.111487,18.812829
87842272508,-0.929925,-1.779399,-0.151444,-0.043142,-0.010885,-0.061880,18.707283
87942320654,-1.246542,-1.982709,-0.251337,-0.012271,0.016839,-0.027263,18.785353
88042368801,1.298269,-1.771057,-0.212058,0.093711,-0.099770,0.050954,18.896246
88142416947,1.682107,-1.374856,0.038187,0.125538,-0.061729,0.025764,19.053031
88242465093,1.697806,-1.494566,-0.059339,0.221283,-0.157016,0.087835,19.212858
88342513240,-0.484849,-1.411074,-0.039194,0.113607,-0.120286,-0.023585,19.182218
88442561386,-1.430372,-1.090132,0.053492,0.124654,-0.181178,0.013955,19.266337
88542609532,-1.635977,-1.321929,0.276868,0.111141,-0.196012,0.064137,19.103679
88642657679,-2.403906,-1.413071,-0.479723,0.057718,-0.168666,0.002667,18.873898
88742705825,-1.562471,-2.773321,-1.508986,-0.027011,-0.030279,-0.098766,18.993032
88842753972,-1.233168,-2.868405,-1.106663,0.001193,0.089589,-0.053061,18.943251
88942802118,-1.419604,-2.310523,-0.034806,0.060730,0.072709,-0.012968,18.847387
89042850264,-1.561480,-1.568744,0.145495,-0.020135,0.139798,-0.064373,18.686592
89142898411,-1.591496,-1.575442,-0.501816,-0.016679,0.054214,-0.065723,18.625019
89242946557,0.264188,-3.012814,-0.428924,0.102206,-0.149114,0.035997,18.631779
89342994703,0.547843,-3.109684,-0.555489,0.083772,-0.114223,0.068058,18.729171
89443042850,0.761856,-3.353699,-0.291289,0.217786,-0.193947,0.156457,18.744934
89543090996,-0.605568,-2.353586,0.046492,0.189813,-0.149428,0.114462,18.731172
89643139142,-1.244977,-1.814180,-0.065630,0.228318,-0.173816,0.115924,18.836723
89743187289,-0.894573,-1.484098,-0.364043,0.166499,-0.132401,0.036945,18.790146
89843235435,-1.646633,-0.743677,-0.538648,0.139222,-0.114298,0.052763,18.696204
89943283582,-1.209307,-1.010665,-0.420733,0.106932,-0.097780,0.072358,18.718918
90043331728,-0.907857,-1.012169,-0.236476,0.034633,-0.035911,0.032127,18.725120
90143379874,0.512846,-1.606071,-0.016738,0.037805,-0.047208,0.026564,18.671769
90243428021,-0.421569,-0.911764,-0.277328,-0.023563,0.014598,-0.065160,18.592343
90343476167,-0.688225,0.145575,-0.501886,0.036282,0.002331,-0.045260,18.663476
90443524313,-0.404522,0.284141,-0.471312,0.020479,0.019010,-0.065149,18.726045
90543572460,0.638437,-0.135106,-0.070376,0.051977,-0.011658,-0.062396,18.772741
90643620606,0.998716,-0.076323,0.048540,0.031443,0.008828,-0.087583,18.830931
90743668753,0.145927,0.307189,-0.103202,0.083165,-0.018397,-0.065790,18.831407
90843716899,0.322439,-0.278275,-0.244331,0.171714,-0.090871,0.016719,18.766064
90943765045,-0.211618,-0.690858,-0.132589,0.147184,-0.111701,0.041988,18.726868
91043813192,0.050570,-0.857413,-0.005513,0.150650,-0.116523,0.058861,18.764376
91143861338,-0.165536,-0.447646,-0.162321,0.167310,-0.093293,0.058020,18.749161
91243909484,-0.637044,-0.383605,-0.171271,0.177731,-0.087969,0.052837,18.789142
91343957631,-0.940843,-0.309097,-0.264772,0.163158,-0.088531,0.045194,18.924477
91444005777,-0.823068,-0.729464,-0.381460,0.162395,-0.108760,0.068971,18.892908
91544053923,-0.232056,-0.729282,-0.262414,0.153397,-0.090566,0.050685,18.889361
91644102070,0.361065,-0.089759,-0.155406,0.157041,-0.072410,0.032693,19.049006
91744150216,0.379066,0.445657,-0.048183,0.152058,-0.053116,0.015391,18.937596
91844198363,0.124378,0.547666,0.111910,0.157036,-0.063258,0.012540,18.861462
91944246509,0.004804,0.563919,-0.116905,0.169083,-0.070295,0.028454,19.093584
92044294655,0.091205,0.261910,-0.220135,0.174087,-0.094855,0.053710,19.117288
92144342802,0.215854,-0.151367,0.003209,0.176824,-0.112989,0.042495,19.068779
92244390948,0.438465,0.236806,0.071758,0.174124,-0.082019,0.028587,19.291397
92344439094,0.560172,0.418145,0.209292,0.170798,-0.074964,0.020284,19.193313
92444487241,-0.003249,0.748472,0.163613,0.137064,-0.062391,-0.020671,19.103725
92544535387,0.038744,0.838655,0.016816,0.131465,-0.077149,-0.030386,19.055863
92644583533,-0.017937,0.958482,-0.076943,0.121186,-0.054947,-0.037896,18.856711
92744631680,0.229519,1.014888,-0.194731,0.132724,-0.083107,-0.013767,18.681941
92844679826,0.533742,1.152330,-0.192582,0.128039,-0.094020,0.003310,18.606005
92944727973,0.590520,0.666867,-0.021699,0.166105,-0.082533,0.037320,18.524207
93044776119,0.605342,0.205511,0.160977,0.152635,-0.102806,0.012874,18.419934
93144824265,0.768994,0.194208,0.113922,0.140367,-0.130750,-0.024334,18.284298
93244872412,0.413087,0.379598,-0.257993,0.169389,-0.133618,-0.036929,18.074283
93344920558,-0.393683,0.969976,-0.643940,0.177802,-0.119194,-0.015358,17.935970
93444968704,-0.381909,0.843333,-0.630200,0.184173,-0.108829,0.000347,17.905766
93545016851,-0.092061,0.200736,-0.133147,0.156891,-0.068226,-0.030120,17.890690
93645064997,-0.573662,0.115515,0.300157,0.092935,-0.050434,-0.047470,17.811600
93745113143,-1.427115,0.303890,0.259693,0.071152,-0.057934,-0.088345,17.736080
93845161290,-1.877925,0.686366,-0.004843,0.043365,-0.042180,-0.100829,17.752778
93945209436,-1.532562,1.229303,-0.217591,0.046066,-0.034013,-0.034028,17.695991
94045257583,-0.616926,1.313846,-0.112300,0.076952,-0.024081,-0.005698,17.500879
94145305729,-0.093823,1.313073,0.127315,0.066589,-0.029443,0.016406,17.284696
94245353875,0.473048,0.408600,0.044427,0.082049,-0.062057,0.034762,17.160757
94345402022,0.439663,0.289428,-0.069007,0.088557,-0.076857,0.017100,16.963253
94445450168,0.502464,0.558384,-0.073175,0.121085,-0.103781,0.044547,16.617539
94545498314,0.226533,1.415534,0.017585,0.102850,-0.075066,0.018188,16.293815
94645546461,0.015775,1.476292,0.075784,0.124848,-0.100981,0.043562,15.947757
94745594607,0.157260,1.335423,0.025183,0.106776,-0.098467,0.043940,15.592350
94845642753,0.170959,1.174060,-0.009837,0.101286,-0.101438,0.034518,15.231743
94945690900,-0.192519,0.898071,0.024111,0.081635,-0.079524,0.032130,14.878255
95045739046,-0.481568,0.850835,0.000257,0.066467,-0.060154,0.026799,14.554727
95145787193,-0.628872,0.663168,0.041284,0.048362,-0.045420,-0.000043,14.220242
95245835339,-1.471040,0.724324,0.013781,0.002661,-0.020296,-0.023139,13.871163
95345883485,-1.127514,0.996643,-0.305164,-0.000649,-0.011273,0.000205,13.481452
95445931632,0.349735,1.403409,-0.254716,0.008766,0.011953,0.034520,13.084015
95545979778,0.378643,1.085655,0.300054,-0.002263,0.026769,0.014161,12.785097
95646027924,0.039547,0.919725,0.336317,-0.028017,0.035497,-0.025479,12.402074
95746076071,0.369960,0.846407,-0.036247,-0.035084,0.028873,-0.027371,11.989948
95846124217,0.366154,0.958657,-0.181180,-0.055186,0.031563,-0.044091,11.752521
95946172363,0.178102,0.835864,-0.046529,-0.036317,0.031898,-0.030775,11.520323
96046220510,0.123596,0.939893,0.064411,-0.043916,0.048954,-0.027220,11.168984
96146268656,0.181266,1.320229,0.005384,-0.038587,0.038181,-0.035975,10.841862
96246316803,0.072054,1.321900,-0.021594,-0.036707,0.025474,-0.042551,10.531333
96346364949,0.233512,1.220831,-0.017053,-0.009554,0.022839,-0.013765,10.237765
96446413095,0.423981,0.839214,0.006396,-0.001160,0.004444,-0.001856,10.014309
96546461242,0.160550,0.740564,0.083569,-0.015083,-0.017097,-0.012872,9.771707
96646509388,0.017936,0.834044,-0.025963,0.020361,-0.026212,0.009578,9.494851
96746557534,-0.182235,1.288417,-0.054872,0.022616,-0.002048,0.030311,9.175894
96846605681,-0.268215,1.219858,0.062346,0.024126,-0.009255,0.030883,8.951856
96946653827,-0.340277,1.015223,0.007690,0.014262,-0.011018,0.005076,8.773817
97046701974,-0.398530,0.888488,-0.038007,0.006667,-0.013037,0.011461,8.471005
97146750120,-0.363412,0.866214,-0.046041,-0.001824,-0.001232,0.001143,8.237610
97246798266,-0.284107,0.977088,0.018027,-0.013066,0.005417,-0.011642,8.053273
97346846413,-0.285408,0.718049,-0.034707,-0.007932,-0.000918,-0.004039,7.837258
97446894559,-0.598548,0.489471,-0.065829,-0.017604,0.007604,-0.014083,7.595329
97546942705,-0.768751,0.293859,-0.069910,-0.012637,0.020817,-0.019052,7.438383
97646990852,-0.529008,0.414257,-0.056939,-0.002675,0.017281,-0.013665,7.240183
97747038998,-0.336097,0.644870,-0.009482,-0.000704,-0.000740,-0.012474,7.028270
97847087144,-0.385190,0.499017,-0.076004,0.016779,0.010471,-0.009673,6.922669
97947135291,-0.375511,0.353704,-0.086434,0.026399,0.021688,-0.003815,6.708330
98047183437,-0.168835,0.386010,0.003414,0.020257,0.009239,-0.013942,6.491611
98147231584,-0.088520,0.460064,-0.008891,0.032835,-0.003162,-0.020444,6.166957
98247279730,-0.139736,0.630478,0.012803,0.031851,-0.004691,-0.017003,5.790585
98347327876,-0.009592,0.648383,0.016631,0.041852,-0.033133,-0.012906,5.511888
98447376023,0.016944,0.759697,-0.124436,0.052094,-0.043452,-0.007334,5.272805
98547424169,0.004266,0.903648,-0.053463,0.062625,-0.020281,0.008698,5.069794
98647472315,0.088294,1.109563,0.180215,0.068070,-0.023557,0.011707,4.854187
98747520462,0.596002,1.233831,0.072685,0.081683,-0.068344,0.018609,4.503447
98847568608,1.115943,0.876970,0.049910,0.099991,-0.066740,0.023965,4.152442
98947616754,0.962427,0.827371,0.040382,0.098464,-0.044812,0.018810,3.896858
99047664901,0.762510,0.873655,-0.001441,0.090201,-0.066782,0.020613,3.601130
99147713047,0.758645,1.219264,-0.000783,0.069283,-0.073827,0.007362,3.364146
99247761194,0.811208,1.507237,-0.055448,0.072067,-0.053586,0.015086,3.190133
99347809340,0.785298,1.444307,0.038267,0.076473,-0.036367,0.028838,3.035153
99447857486,0.926698,1.204831,0.134790,0.057606,-0.044758,0.023281,2.872906
99547905633,1.135327,1.119098,0.136526,0.029746,-0.036400,0.009992,2.681697
99647953779,1.050094,1.057160,0.075176,0.027093,-0.024303,0.018874,2.555545
99748001925,0.741161,0.835704,0.059540,0.015384,-0.009309,0.022373,2.450275
99848050072,0.527202,0.969217,0.022885,-0.009590,-0.001035,0.002409,2.310252
99948098218,0.571738,0.871504,0.038053,-0.021187,-0.011038,-0.009069,2.328865
100048146364,0.613745,0.913777,0.049550,-0.021500,0.011147,-0.002736,2.363459
100148194511,0.555802,0.890149,-0.036888,-0.024990,0.027430,0.007058,2.245694
100248242657,0.732957,0.948345,0.021894,-0.032225,0.025135,-0.008532,2.228731
100348290804,0.934927,1.156255,0.010856,-0.024418,0.011812,0.003178,2.159335
100448338950,0.744345,1.030790,-0.035265,-0.016287,0.011411,0.006925,2.016534
100548387096,0.965143,0.895738,-0.021255,0.005866,0.017284,-0.001140,1.949283
100648435243,1.006793,0.674050,-0.052034,0.015746,-0.005360,0.012131,1.805326
100748483389,0.606891,0.475028,-0.077257,0.026271,-0.027721,0.001550,1.661432
100848531535,1.169057,0.445147,-0.093323,0.043725,-0.046070,0.013954,1.522602
100948579682,1.438538,0.316267,-0.082997,0.044323,-0.063168,0.009832,1.328954
101048627828,0.777351,0.126113,-0.036390,0.067194,-0.073922,-0.010998,1.188026
101148675974,0.496164,0.036725,-0.034094,0.107593,-0.089457,0.010103,1.183054
101248724121,0.885639,0.059916,0.005311,0.155835,-0.109592,0.005266,1.158038
101348772267,1.098750,-0.116704,0.020257,0.193529,-0.127221,-0.016433,1.115508
101448820414,0.480320,-0.263082,-0.017143,0.202134,-0.147114,-0.006311,1.135137
101548868560,0.250976,-0.093236,0.002226,0.214973,-0.160165,-0.004720,1.071473
101648916706,0.199278,0.132486,-0.054402,0.237452,-0.173290,-0.010052,1.041686
101748964853,-0.058025,0.431495,-0.016939,0.233545,-0.184904,-0.004942,1.050489
101849012999,0.022123,0.545320,0.022286,0.251447,-0.201831,0.019467,1.079347
101949061145,-0.225175,0.453093,0.033370,0.255332,-0.201297,0.044095,1.068901
102049109292,-0.436283,0.115093,0.003424,0.259119,-0.190092,0.039540,1.088807
102149157438,-0.126876,-0.202361,-0.099589,0.244088,-0.163195,0.007149,1.150117
102249205584,-0.102242,-0.023879,-0.146885,0.210228,-0.137708,-0.018666,1.147976
102349253731,-0.120011,0.153967,-0.098425,0.205258,-0.128717,-0.024632,1.126924
102449301877,0.037944,0.426679,0.053762,0.188651,-0.123954,-0.021161,1.127116
102549350024,-0.139463,0.559293,0.072399,0.190585,-0.131003,-0.008215,1.200375
102649398170,0.138569,0.388876,-0.049273,0.178912,-0.120814,-0.008043,1.173808
102749446316,0.326980,0.390845,-0.159259,0.193425,-0.124001,-0.000494,1.065375
102849494463,1.153882,-0.241838,-0.124755,0.227821,-0.115585,0.010078,1.084455
102949542609,1.257131,-0.889005,-0.189849,0.254861,-0.120374,0.016334,1.043795
103049590755,1.527835,-1.647369,-0.246159,0.270573,-0.159281,-0.005537,0.931103
103149638902,2.988376,-2.087185,0.068672,0.263811,-0.184038,-0.027956,0.867843
103249687048,2.235736,-0.986150,0.038974,0.260050,-0.209945,-0.030496,0.641127
103349735194,1.524782,0.368892,-0.236420,0.251675,-0.187915,-0.003170,0.471467
103449783341,1.726162,0.143990,0.015800,0.257389,-0.157695,0.034790,0.447239
103549831487,2.075316,-0.654369,0.302502,0.218007,-0.139908,0.044978,0.369723
103649879634,2.034034,-1.043685,0.191318,0.212470,-0.138172,0.069095,0.380845
103749927780,1.428019,-0.917143,0.073396,0.192288,-0.135534,0.063651,0.389509
103849975926,1.363423,-1.388210,0.030583,0.130077,-0.151626,0.034178,0.363463
103950024073,1.184723,-1.378273,-0.427949,0.134035,-0.173747,0.008818,0.389031
104050072219,1.720670,-1.109527,-0.616491,0.177181,-0.128545,0.011798,0.405569
104150120365,2.029242,-1.292221,-0.154974,0.228731,-0.140548,0.024115,0.465677
104250168512,0.762633,-1.365312,0.342719,0.234733,-0.195048,0.033431,0.431800
104350216658,0.449951,-0.963924,0.396865,0.191444,-0.194285,-0.014638,0.362144
104450264805,0.625221,-0.871445,-0.057558,0.212297,-0.189888,0.017325,0.389655
104550312951,0.438127,-1.519177,-0.330426,0.206146,-0.131709,0.057750,0.296839
104650361097,-0.099436,-1.623010,-0.420591,0.165986,-0.129176,-0.003194,0.116962
104750409244,0.017156,-1.949670,-0.296446,0.106538,-0.151777,-0.062687,0.075261
104850457390,0.939783,-1.155470,-0.009567,0.072833,-0.097379,-0.077723,0.094891
104950505536,1.199613,-1.309450,0.159443,0.095674,-0.037242,-0.100558,0.064397
105050553683,2.126930,-1.957678,0.247453,0.050020,0.001352,-0.154379,0.038528
105150601829,0.238963,-1.284243,-0.298805,0.225265,-0.196004,0.025552,0.033079
105250649975,-0.309203,-2.153486,-0.712384,0.343179,-0.314271,0.123070,0.024870
105350698122,0.702763,-3.690336,-0.740774,0.351324,-0.279053,0.082263,0.026125
105450746268,0.125268,-3.031030,0.121135,0.287847,-0.201692,0.043434,0.035394
105550794415,-1.454340,-2.687855,0.519321,0.286157,-0.218283,0.045711,0.024859
105650842561,-1.476189,-2.889986,-0.061483,0.162624,-0.164580,-0.058808,0.019077
105750890707,1.269526,-1.388548,0.121921,0.036489,-0.058575,-0.176608,0.021944
105850938854,2.446017,0.120053,-0.040271,0.002200,0.013496,-0.208130,0.014304
105950987000,3.692840,0.323490,-0.369486,-0.134705,0.144875,-0.240809,0.008502
106051035146,1.212219,-1.173464,-0.437380,-0.098974,0.088613,-0.139377,0.007448
106151083293,0.040559,-1.682194,-0.357251,-0.168026,0.126181,-0.209970,0.018764
106251131439,0.072518,-1.180364,-0.014907,-0.076562,0.061503,-0.203874,0.037626
106351179585,-0.810990,-1.996965,-0.260263,0.006138,0.011607,-0.082933,0.056277
106451227732,-1.150998,-2.865654,-0.583783,0.145980,-0.100244,0.053468,0.091941
106551275878,-0.631975,-1.988717,-0.031059,0.169537,-0.200804,0.054959,0.140666
106651324025,2.296564,-0.561579,-0.026093,0.140508,-0.198600,0.032227,0.185500
106751372171,2.713651,-0.129540,-0.247647,0.241556,-0.193608,0.126531,0.224010
106851420317,2.163227,-0.504847,-0.030071,0.203131,-0.151158,0.134869,0.269766
106951468464,0.597278,-1.300914,-0.105963,0.242368,-0.182130,0.180298,0.358764
107051516610,0.514048,-0.489136,-0.008416,0.178546,-0.104237,0.123199,0.455523
107151564756,0.224210,-0.513141,0.431282,0.136456,-0.123380,0.140901,0.499740
107251612903,0.279366,-0.551195,0.275190,0.053278,-0.074374,0.098762,0.546165
107351661049,0.640871,-0.490508,-0.590853,0.022678,-0.078163,0.037749,0.628611
107451709195,1.328140,-0.308439,0.049886,0.005981,-0.085522,0.063234,0.631688
107551757342,2.544760,-0.236447,0.684171,0.031405,-0.033549,0.081323,0.661346
107651805488,3.206042,-0.607244,0.109940,-0.077775,0.088402,0.006657,0.695500
107751853635,2.449346,-0.221623,0.424293,-0.161824,0.079463,-0.072716,0.724518
107851901781,-1.011405,-1.448972,0.308408,-0.330249,0.168711,-0.211105,0.719420
107951949927,-1.445966,-1.883271,-0.033047,-0.458872,0.291782,-0.293713,0.742882
108051998074,-1.106009,-1.343045,-0.257532,-0.398736,0.206117,-0.251894,0.728092
108152046220,1.666922,0.403146,-0.166096,-0.490741,0.264148,-0.332897,0.692116
108252094366,1.562853,0.155916,0.339751,-0.335243,0.219101,-0.253380,0.638753
108352142513,0.724249,0.445107,-0.002185,-0.262090,0.213558,-0.162704,0.575940
108452190659,1.993280,0.542963,-0.282138,-0.085787,0.088938,-0.015759,0.514454
108552238805,2.124460,-0.457016,-0.199945,0.028114,0.012482,0.031967,0.413350
108652286952,1.197257,-0.145812,0.083771,0.085322,-0.021706,0.109400,0.403072
108752335098,-0.463402,-0.778831,0.005830,0.113497,-0.070833,0.079225,0.352198
108852383245,-0.443682,-1.282651,-0.867769,0.066733,-0.009980,0.010595,0.200128
108952431391,-0.581883,-1.551902,-0.328923,0.109546,-0.092210,0.065284,0.109228
109052479537,0.581344,-0.617954,0.502814,0.128019,-0.110077,0.029441,0.063599
109152527684,0.559253,-0.243538,0.855165,0.151618,-0.103252,0.097553,0.029175
109252575830,0.123545,-0.995072,0.256321,-0.022065,-0.013170,0.041556,0.035596
109352623976,1.155867,0.404413,0.064271,-0.100459,-0.008501,-0.099064,0.067394
109452672123,1.576632,1.212270,0.277774,-0.107476,0.009949,-0.111295,0.116758
109552720269,2.283099,-0.133362,-0.363631,-0.130115,0.106266,-0.071458,0.163830
109652768415,1.492685,-0.055085,-0.263677,0.002167,0.028660,-0.014717,0.249240
109752816562,0.756766,-0.575203,-0.331202,0.100789,-0.036472,0.045173,0.311309
109852864708,2.132816,-0.282635,-0.311013,0.005160,-0.039186,-0.003234,0.311658
109952912855,2.293706,0.869846,-0.013696,-0.009022,-0.048963,0.038997,0.413799
110052961001,2.167257,0.635838,-0.381552,-0.139685,0.134476,0.023021,0.533898
110153009147,2.360476,0.577386,-0.648000,-0.228988,0.197792,-0.068495,0.626495
110253057294,0.278065,-0.477307,0.485013,-0.112618,0.153748,-0.023032,0.699500
110353105440,-0.281465,-0.109605,1.371277,-0.101746,0.168487,-0.061391,0.795038
110453153586,0.940484,-0.539653,-0.928729,-0.144004,0.037064,-0.126373,0.892373
110553201733,1.775359,0.079889,-0.877294,-0.161650,0.004445,-0.143432,0.963722
110653249879,2.249188,1.212407,0.887358,-0.196817,0.118955,-0.241704,1.092537
110753298025,2.507396,0.474381,-0.346946,-0.232296,0.257236,-0.170476,1.148418
110853346172,-0.349368,-1.233133,-1.109157,-0.185448,0.261385,-0.140780,1.203239
110953394318,-0.986872,-1.559447,-0.507649,-0.217603,0.115794,-0.224244,1.210050
111053442465,-0.820852,-1.275149,-1.025525,-0.338883,0.193063,-0.268804,1.192894
111153490611,1.685020,-0.442449,-1.064743,-0.297959,0.325292,-0.305652,1.216809
111253538757,2.505854,-0.127283,-0.514445,-0.306067,0.406336,-0.201802,1.189867
111353586904,1.633146,-0.012902,0.202426,-0.344217,0.261379,-0.288324,1.158976
111453635050,-0.652441,-1.156486,0.283775,-0.377494,0.152114,-0.354977,1.074383
111553683196,-1.663391,-1.893010,-0.593207,-0.293844,0.252034,-0.270848,1.012380
111653731343,-0.359615,-0.143805,-0.425401,-0.109993,0.182544,-0.096325,0.988648
111753779489,1.059702,-0.291745,-0.833469,-0.097798,0.206846,-0.116391,1.048956
111853827636,0.468361,-1.622427,-0.964417,0.028184,0.078267,-0.088686,1.063396
111953875782,0.577635,-0.086111,-0.220136,0.007418,-0.040103,-0.074011,1.023167
112053923928,0.823127,1.197055,-0.162139,0.004904,-0.067873,-0.090395,1.005198
112153972075,0.252037,0.806575,-0.087315,0.037189,-0.075424,0.009112,1.002995
112254020221,0.662788,1.182815,-0.074562,0.006144,-0.049652,-0.011028,1.111234
112354068367,0.127110,0.954838,-0.090443,0.004954,-0.029186,-0.018993,1.256474
112454116514,-0.454143,0.714806,0.120768,0.003743,-0.025586,0.067583,1.457899
112554164660,0.080368,-0.130726,0.617781,0.017323,-0.128542,0.021832,1.667265
112654212806,0.608189,0.421421,0.790598,-0.033822,-0.122097,-0.000554,1.807672
112754260953,0.281087,1.553585,0.597738,-0.098043,-0.015551,0.043725,1.990950
112854309099,-0.313693,1.257386,0.868022,-0.033946,-0.006614,0.026676,2.209389
112954357246,0.556250,0.415582,-0.442865,0.112994,-0.053041,0.092884,2.329630
113054405392,1.718701,1.068480,-0.769796,0.167840,0.012704,0.174038,2.477681
113154453538,2.153862,1.437794,-0.382198,0.241190,-0.033758,0.214600,2.688635
113254501685,0.267965,-0.102430,0.725742,0.151660,-0.242524,0.130133,2.815701
113354549831,-0.939944,-0.075485,1.910424,0.027114,-0.333434,0.030617,2.929274
113454597977,-0.531778,-0.655984,0.843885,0.081039,-0.233636,0.037101,3.172265
113554646124,0.472475,-0.787561,-0.007914,0.081100,-0.069024,0.022775,3.355701
113654694270,0.945045,0.526318,-0.221016,0.141499,-0.006430,0.135182,3.486002
113754742416,1.345134,1.224197,-0.657205,0.192337,-0.004737,0.218484,3.645759
113854790563,0.316255,0.912764,0.148809,0.250217,-0.208190,0.218036,3.840889
113954838709,-0.017849,1.866830,1.200590,0.131348,-0.197097,0.173015,3.956048
114054886856,-0.160464,0.562468,0.201536,0.124063,-0.000232,0.179363,4.066839
114154935002,-1.919089,0.120238,0.642738,0.087982,0.149371,0.099527,4.278338
114254983148,-1.027091,0.441887,0.263246,-0.160126,0.118863,-0.095256,4.430596
114355031295,-0.241151,0.709901,-0.513716,-0.161175,0.001237,-0.165565,4.606396
114455079441,-0.482567,1.024622,-0.034691,-0.048220,-0.004621,-0.077297,4.771565
114555127587,0.772381,1.397890,-0.023883,-0.033332,0.046265,0.100205,4.932951
114655175734,0.199330,1.562421,0.557648,-0.041392,0.100255,0.070615,5.137334
114755223880,-1.476035,-0.262602,0.579775,0.002584,0.001780,0.041206,5.292840
114855272026,-1.415547,-0.096748,0.501672,-0.040408,-0.035712,0.004308,5.445973
114955320173,-1.225822,0.103479,0.355395,-0.012650,0.031393,-0.021390,5.677627
115055368319,-0.836491,0.586832,0.350309,-0.016660,-0.055375,-0.018278,5.890743
115155416466,-0.190940,1.488905,-0.895987,-0.113529,-0.038473,-0.113152,6.089807
115255464612,-0.752908,-0.419926,-1.851232,0.007969,0.025652,0.018107,6.248116
115355512758,-0.270350,-0.022477,0.138130,0.013950,-0.032522,0.089386,6.336140
115455560905,0.084634,-0.754495,0.856672,0.003196,-0.016369,0.069295,6.546715
115555609051,-0.158341,-1.286609,-0.150112,0.053070,-0.006346,0.075878,6.744128
115655657197,0.285966,0.166433,-0.218933,0.013080,-0.011106,-0.049711,6.874075
115755705344,1.426090,0.501910,-0.485249,0.052848,-0.004979,-0.056413,7.049487
115855753490,1.717304,1.339911,-0.554087,0.029386,-0.006335,0.023916,7.198032
115955801636,0.922550,1.169561,-0.234108,-0.014692,-0.029579,0.018588,7.353459
116055849783,1.594147,0.558991,-0.192263,0.015924,-0.065194,0.035729,7.505671
116155897929,2.134032,1.260745,0.395939,-0.075791,0.006713,-0.083375,7.670709
116255946076,0.877813,1.474215,-0.006653,-0.112772,0.002740,-0.111926,7.783698
116355994222,0.240007,0.349839,-0.860793,-0.029567,-0.059049,-0.021610,7.929409
116456042368,0.609865,0.716382,-0.171642,0.006336,-0.042551,-0.000677,8.063393
116556090515,0.528239,0.668050,0.090734,0.022351,-0.027168,0.046432,8.190360
116656138661,0.372145,-0.118542,-0.296727,0.028411,-0.008318,0.033213,8.363491
116756186807,-0.249435,0.344931,-0.309364,0.048408,-0.021420,0.042164,8.441333
116856234954,0.279142,0.607585,0.040601,0.106167,-0.043690,0.089589,8.523243
116956283100,0.455594,0.217161,0.746583,0.092672,-0.064946,0.092728,8.650351
117056331246,0.164483,-0.356360,0.260949,0.035884,-0.088613,0.059494,8.806419
117156379393,-0.443323,0.000699,0.041746,0.003530,-0.040717,-0.025078,8.907788
117256427539,-0.061024,1.013291,0.602396,0.044359,0.007124,-0.010267,9.043748
117356475686,0.419413,1.117729,0.230518,0.049533,-0.057127,-0.000558,9.182753
117456523832,1.373309,0.302323,-0.650285,0.024501,-0.111413,-0.006069,9.285256
117556571978,1.907337,-0.026627,-1.376683,0.060838,0.022067,0.039762,9.357373
117656620125,1.353845,-0.204035,-0.900163,0.024937,0.070697,0.025758,9.426216
117756668271,0.271381,-0.327525,0.188616,-0.012208,-0.018612,0.060224,9.502677
117856716417,-0.504112,-0.971646,0.749954,-0.049083,-0.047745,-0.005231,9.611609
117956764564,-0.452336,-1.075821,0.584264,-0.004843,-0.004163,-0.013370,9.669474
118056812710,-0.886152,0.470456,0.187337,0.041021,0.085487,0.092912,9.695622
118156860857,-0.868173,1.008220,-0.252515,0.004487,0.054174,-0.073905,9.736219
118256909003,-0.345796,0.242434,-1.123842,-0.068670,0.024025,-0.186099,9.839316
118356957149,-0.125020,-0.307385,-0.666579,-0.074831,0.072914,-0.075344,9.995228
118457005296,-1.347784,0.053949,0.372795,0.009012,0.046583,0.000001,10.109924
118557053442,-1.460102,0.647749,0.605888,-0.089174,0.100072,-0.078840,10.255622
118657101588,-0.113089,1.954509,0.468624,-0.179560,0.090112,-0.068477,10.407053
118757149735,0.348297,1.448620,-0.323113,-0.102483,-0.038385,-0.009445,10.554456
118857197881,0.207347,0.545748,-0.561355,-0.070736,0.004811,-0.119427,10.680449
118957246027,-1.055261,-0.737805,-0.096663,-0.144503,0.138414,-0.157551,10.769134
119057294174,0.117937,0.052963,-0.108993,-0.280949,0.175023,-0.207744,10.872002
119157342320,-0.871842,-0.289422,0.499495,-0.025035,-0.087432,-0.061803,11.017196
119257390467,-0.513902,-0.883278,0.668120,0.031661,-0.091699,0.024649,11.147200
119357438613,0.712843,0.301607,0.501609,-0.003888,-0.038605,-0.037775,11.291629
119457486759,-1.119857,0.242130,0.278406,0.039018,-0.059042,0.093506,11.433339
119557534906,-0.954052,0.451035,-0.527724,0.126216,-0.056976,0.252442,11.558330
119657583052,-0.552848,0.169183,-0.655763,0.217278,-0.073184,0.175699,11.662355
119757631198,1.345267,0.385454,-0.548020,0.179206,-0.098117,0.159552,11.782101
119857679345,0.966863,0.350996,-0.078920,0.194398,-0.092094,0.229224,11.894198
119957727491,1.028733,0.717315,0.171969,0.190605,-0.060016,0.160117,11.981302
120057775637,-0.210749,0.338973,0.337003,0.202077,-0.184295,0.199373,12.113867
120157823784,-0.470682,2.845781,0.522635,-0.015891,-0.145977,0.067349,12.251029
120257871930,-0.333192,0.728307,0.092477,0.044161,-0.095142,0.054616,12.291962
120357920077,-1.165969,-1.273548,-0.035714,-0.047117,0.062516,-0.027573,12.393263
120457968223,-1.064374,-0.827590,-0.249840,-0.062853,0.121325,-0.105100,12.520867
120558016369,-0.656220,0.048970,-0.321202,-0.104847,0.187545,-0.140160,12.650415
120658064516,1.671981,1.922593,-0.276595,-0.219443,0.147755,-0.173561,12.785959
120758112662,-0.084177,0.422880,-0.218700,-0.225155,0.081398,-0.148902,12.862926
120858160808,0.214489,-0.373141,-0.243428,-0.232951,0.173299,-0.180455,12.953979
120958208955,0.516740,-0.131622,-0.203358,-0.057063,0.039006,-0.034091,12.996915
121058257101,-1.086511,0.061847,0.084810,0.004831,-0.024284,-0.034401,13.039982
121158305247,-0.568711,0.438463,-0.340822,0.059870,0.015901,-0.045616,13.061557
121258353394,0.447854,0.466382,0.080801,-0.007295,-0.023715,0.038276,13.058914
121358401540,0.445115,-0.258399,0.613412,-0.095705,-0.080043,0.030737,13.129428
121458449687,-0.428076,0.612314,0.699236,-0.096084,-0.088710,-0.006135,13.148023
121558497833,-0.923148,1.476164,0.372585,0.021189,-0.059764,0.099013,13.185416
121658545979,-0.555720,0.985359,-0.132187,0.056850,-0.002282,0.115946,13.239447
121758594126,0.568770,1.341095,-1.058029,0.167109,-0.061415,0.191811,13.288277
121858642272,-0.977127,-0.572651,-0.119140,0.246508,-0.176146,0.202324,13.370029
121958690418,0.416283,-0.697465,0.651301,0.123195,-0.109942,0.095014,13.440335
122058738565,-0.475784,0.564530,-0.110541,0.201705,-0.098963,0.131521,13.515920
122158786711,-1.049862,0.254053,-0.325531,0.071980,0.014424,0.029769,13.565303
122258834857,1.012884,0.691225,-0.253278,-0.038123,0.072199,-0.022034,13.610497
122358883004,0.836602,1.039883,0.535991,-0.161400,0.045386,-0.155835,13.673077
122458931150,1.440081,1.341880,0.066714,-0.240238,0.129949,-0.152712,13.697252
122558979297,0.925790,0.906056,0.016315,-0.075821,0.100491,-0.069599,13.790969
122659027443,-0.178402,0.498214,0.392496,0.020666,-0.026255,0.055644,13.902363
122759075589,0.587891,0.097451,0.170518,-0.073803,-0.009181,0.041423,13.952924
122859123736,1.186269,1.194866,0.347678,-0.091488,-0.018285,-0.022549,13.961841
122959171882,0.641816,1.793028,0.515183,-0.154874,0.061383,-0.066491,13.982558
123059220028,1.241019,0.969630,-0.366090,-0.151063,0.194688,-0.088088,14.004317
123159268175,1.073766,0.009995,-0.612400,-0.061508,0.135419,-0.039237,14.066171
123259316321,0.501580,-0.436336,0.131267,0.002184,-0.024790,-0.027947,14.126213
123359364467,1.236339,0.048264,0.495417,-0.077558,-0.028191,-0.098013,14.153687
123459412614,1.627860,-0.277172,0.244651,-0.075821,0.039096,-0.074913,14.169492
123559460760,0.253375,0.058266,0.555930,-0.108835,0.121121,-0.031800,14.131110
123659508907,-0.377654,-0.530321,0.806576,-0.091508,0.039543,-0.033788,14.126409
123759557053,-0.368310,-1.046966,-0.087789,-0.151715,0.136707,-0.049114,14.135942
123859605199,0.596654,-0.239643,-0.844307,-0.265903,0.264418,-0.138596,14.050644
123959653346,-0.205477,0.444506,-1.065277,-0.025843,0.045233,-0.013327,14.042508
124059701492,-0.548409,0.148499,-0.713292,0.100631,-0.077791,0.067396,14.030439
124159749638,-1.923724,-2.088653,0.275152,-0.149798,0.126550,-0.071316,13.961610
124259797785,-0.081627,-0.912508,0.580954,-0.384351,0.271936,-0.222905,13.963736
124359845931,-1.005885,-0.897458,0.571329,-0.272175,0.105623,-0.175802,13.981892
124459894077,0.612327,0.025264,0.550329,-0.262609,0.091199,-0.219339,13.991260
124559942224,1.559336,1.020321,0.103771,-0.080850,0.035179,-0.070979,13.915302
124659990370,2.848965,2.423775,-0.024374,-0.176189,0.089358,-0.180513,13.903160
124760038517,1.314900,0.367367,-0.313617,0.045496,-0.165057,-0.002923,14.034677
124860086663,-2.801888,-2.392778,-0.343215,0.207501,-0.158962,0.104968,14.063999
124960134809,-2.221446,-1.333197,0.346355,0.342689,-0.246794,0.230633,14.088001
125060182956,-4.279546,-1.409054,0.790237,0.601289,-0.557573,0.392805,14.083664
125160231102,-2.646043,-0.246400,1.266982,0.211114,-0.171275,0.090966,14.065581
125260279248,-2.612395,-1.431123,1.279843,0.147312,-0.096572,0.143656,14.111526
125360327395,-1.422359,-0.612322,-0.043925,0.011740,0.038689,0.031715,14.207763
125460375541,1.171181,0.387763,-0.817303,-0.037742,0.127799,-0.064674,14.233098
125560423688,0.819342,-0.413058,-0.708852,0.026120,0.002141,0.056602,14.238127
125660471834,0.323599,0.343797,-0.147839,-0.020129,-0.076290,0.003460,14.302073
125760519980,0.435402,1.349885,0.575201,0.008991,-0.073680,0.000981,14.380829
125860568127,-0.491786,-0.499789,0.550827,0.101913,-0.054334,0.097782,14.423291
125960616273,-0.830991,-0.550531,0.228321,0.063394,-0.033424,0.044907,14.476902
126060664419,-0.611654,0.149038,-0.389907,0.041870,0.014880,-0.036978,14.522457
126160712566,0.382831,-0.162951,-0.422517,0.045757,0.010455,-0.041020,14.525129
126260760712,0.750354,0.222204,-0.283982,0.016108,-0.031456,-0.063357,14.564895
126360808858,0.608615,1.209944,0.322676,0.063194,-0.045066,-0.012062,14.654191
126460857005,-0.431142,0.111391,0.155476,0.090796,-0.077839,0.115657,14.680884
126560905151,-0.737956,-0.425233,0.407391,0.111378,-0.171479,0.133803,14.687605
126660953298,-1.150325,-1.657019,0.106336,0.237295,-0.185529,0.187463,14.722003
126761001444,1.333701,-0.374055,-0.319981,0.127639,-0.008209,0.056803,14.733142
126861049590,-1.152137,1.029019,-0.021872,0.171934,-0.126467,0.033148,14.698288
126961097737,-1.411667,-0.909253,0.525568,-0.013385,0.001987,-0.111707,14.701816
127061145883,-2.742193,-3.128713,2.062145,0.083963,-0.080921,-0.013302,14.751254
127161194029,-1.741426,-1.817286,1.869664,-0.309282,0.091472,-0.233198,14.839179
127261242176,3.265046,3.087430,1.140766,-0.471701,0.217223,-0.391226,14.882302
127361290322,1.431190,3.196107,1.292004,-0.520813,0.355897,-0.377082,14.897186
127461338468,3.799402,4.067777,-0.237810,-0.740059,0.555458,-0.565895,14.880213
127561386615,0.676559,1.164044,-1.902296,-0.303033,0.251723,-0.263515,14.788520
127661434761,0.583618,2.745596,-3.916548,-0.219222,0.273647,-0.248962,14.788382
127761482908,1.829378,0.978403,-3.441227,0.050103,0.141037,-0.091668,14.810029
127861531054,0.258059,-2.493452,-1.863948,0.144514,-0.043787,0.053406,14.815426
127961579200,-1.253822,-1.448913,-0.720504,0.010496,-0.076698,0.031567,14.825708
128061627347,0.790200,-0.320724,-0.296291,-0.119885,0.073876,-0.074630,14.788511
128161675493,-1.046902,-0.275405,-0.063526,-0.040878,0.140728,-0.013889,14.747271
128261723639,-0.624392,0.992153,-0.699531,-0.108626,0.219807,-0.073424,14.755462
128361771786,-1.367070,-0.775022,-0.826968,0.030090,0.083803,-0.005304,14.747898
128461819932,-0.449495,-0.552533,-0.630831,0.016508,0.069071,0.025405,14.745384
128561868078,2.770488,3.205408,-0.778968,0.315091,-0.293091,0.292808,14.758501
128661916225,1.733531,2.148950,-0.170898,0.477690,-0.390578,0.387557,14.837355
128761964371,2.836846,2.045782,0.075944,0.408676,-0.331124,0.317835,14.884949
128862012518,-1.339486,0.126556,-0.445081,0.515610,-0.361036,0.376211,14.835812
128962060664,-0.328024,1.580098,-1.038139,0.286653,-0.121139,0.169086,14.842236
129062108810,-1.255955,0.841036,-1.735679,0.283956,-0.084440,0.194441,14.895364
129162156957,-1.987238,1.316472,-0.932531,0.168318,0.033086,0.111108,14.986060
129262205103,-1.837842,1.682814,-0.464383,0.081912,0.066118,0.059442,15.041750
129362253249,-2.294868,0.306519,-0.600891,0.089422,0.092889,0.030179,15.092466
129462301396,-2.970311,0.692078,-1.146201,0.049802,0.060042,0.017231,15.127715
129562349542,-2.404487,1.644004,-1.544140,0.148824,-0.054998,0.109084,15.189170
129662397688,-2.275749,0.454141,-1.249604,0.265030,-0.073156,0.123048,15.267947
129762445835,-0.581300,1.253711,-1.457018,0.222603,-0.043918,0.152150,15.278695
129862493981,-1.469894,1.578738,-1.779163,0.244741,-0.062023,0.066681,15.329647
129962542128,-0.640697,1.907563,-1.317091,0.201724,0.014164,-0.057928,15.364200
130062590274,-0.866997,1.306194,-0.411678,0.148110,-0.068061,0.052661,15.393655
130162638420,-1.720722,-0.567374,-0.051336,-0.083111,-0.032858,-0.071353,15.404463
130262686567,-2.318837,-0.500280,0.237657,-0.056200,0.054638,-0.085377,15.396866
130362734713,-1.313604,0.058359,0.480223,-0.052136,0.130694,-0.002617,15.407547
130462782859,-0.020406,1.650671,0.590624,-0.108894,0.065190,-0.062627,15.417442
130562831006,-0.015278,2.728496,1.154939,-0.196944,0.029937,-0.136938,15.405799
130662879152,-0.096912,0.985662,1.213162,-0.167726,0.029802,-0.065992,15.386702
130762927298,-2.699775,0.488447,1.763515,-0.125428,0.019092,-0.062951,15.473692
130862975445,-1.811037,1.114507,1.254621,-0.146049,0.060495,-0.106491,15.509471
130963023591,-0.810337,0.799648,0.549187,-0.047576,0.012561,-0.075677,15.472146
131063071738,-1.374319,0.411344,1.200596,-0.010494,-0.097624,-0.004033,15.414721
131163119884,-1.911709,-0.397668,1.876280,-0.025144,-0.150875,-0.018021,15.448737
131263168030,-1.519927,0.435163,1.564535,-0.092857,-0.079988,-0.084712,15.514640
131363216177,-2.711368,0.092954,0.975300,-0.048415,-0.080673,-0.052711,15.593638
131463264323,-2.436858,0.711818,0.437902,-0.015283,-0.044688,-0.089850,15.566328
131563312469,-1.267322,1.113830,-0.363805,0.095223,-0.052156,-0.035321,15.556028
131663360616,-1.540641,0.914954,-0.397045,0.125083,-0.082200,0.051016,15.668616
131763408762,-1.138903,0.175568,0.110086,0.067183,-0.041575,0.035375,15.705977
131863456909,-0.397007,-0.055986,0.923007,0.029068,0.017610,0.000734,15.704519
131963505055,-0.699630,0.851270,0.616859,0.063292,-0.043930,0.018236,15.691654
132063553201,-1.307061,1.816634,0.199721,0.067532,-0.087317,0.004142,15.706532
132163601348,0.298739,1.375608,-0.163909,0.020503,-0.002724,-0.051268,15.763689
132263649494,0.540483,0.476890,-0.282176,0.044831,-0.033987,0.029845,15.800785
132363697640,1.014468,1.116188,-0.232645,0.001609,-0.025008,-0.026235,15.785761
132463745787,2.812963,1.495031,0.463019,-0.123627,0.042447,-0.202091,15.790232
132563793933,0.482410,2.267005,1.139691,-0.075752,-0.068593,0.023169,15.768812
132663842079,-1.339774,1.413424,0.768949,-0.175265,0.063073,-0.015349,15.764412
132763890226,0.054423,0.503808,-0.082099,-0.227203,0.184503,-0.117018,15.835835
132863938372,0.232085,-0.894513,-0.023623,-0.168278,0.120020,-0.097098,15.889883
132963986519,1.746242,1.604015,-0.092978,-0.295348,0.177102,-0.208502,15.934482
133064034665,1.057718,2.240252,0.568194,-0.218105,0.057770,-0.179806,15.979503
133164082811,2.090396,1.176915,0.550334,-0.175365,0.073056,-0.052202,16.013114
133264130958,3.581558,2.903754,1.323388,0.017692,0.020581,0.194454,16.065040
133364179104,3.999006,4.512308,1.804367,-0.085202,0.032377,0.197456,16.084847
133464227250,2.742650,1.948768,0.563387,-0.066758,-0.070584,0.144031,16.170298
133564275397,1.046377,-0.123333,1.666388,0.032283,-0.227563,0.139705,16.306375
133664323543,0.804065,1.610107,1.814211,-0.027787,-0.090521,0.175353,16.390378
133764371689,0.907318,-0.513753,1.644450,-0.044964,-0.056186,0.115865,16.471868
133864419836,6.225195,3.407185,0.311892,0.448659,-0.497196,0.368354,16.522753
133964467982,-2.505960,1.739037,0.752004,0.998948,-0.963647,0.774997,16.552538
134064516129,-1.402083,-0.362355,0.440779,-0.111803,0.069037,0.211023,16.581452
134164564275,3.554784,2.173901,0.624886,-0.598930,0.387647,-0.254602,16.600796
134264612421,0.133236,-0.325639,0.417177,-0.522865,0.218550,-0.390714,16.668031
134364660568,0.664568,-0.632493,-0.011655,-0.461410,0.371202,-0.243295,16.701406
134464708714,-0.582522,-0.062530,0.036929,-0.124599,0.314097,-0.010872,16.711357
134564756860,0.579061,-0.507125,-0.920995,-0.059044,0.133517,0.003276,16.757058
134664805007,0.043990,-1.582647,-1.402562,-0.049098,0.058361,0.137168,16.750447
134764853153,-0.625418,-0.952073,-1.437955,0.040984,0.009935,0.026110,16.677893
134864901299,2.079742,0.166496,-2.163280,0.098693,-0.161987,0.060735,16.713108
134964949446,2.202267,0.292091,-1.084682,0.123047,-0.109052,-0.033065,16.737342
135064997592,0.954712,1.096273,-1.006960,0.069958,-0.066096,0.026177,16.745916
135165045739,0.208191,2.348844,-0.260486,0.025472,-0.044903,-0.031199,16.870971
135265093885,1.003637,0.688451,0.178343,0.022385,0.116284,-0.141167,16.846735
135365142031,0.663451,-1.346676,-0.907786,0.075501,0.207196,0.043513,16.753134
135465190178,1.640178,-0.196555,-0.941825,0.225492,0.019758,0.148811,16.729323
135565238324,-0.440018,0.606266,0.503689,0.193540,-0.293996,0.020957,16.735799
135665286470,-0.231192,1.260172,0.407168,-0.097273,-0.216604,-0.015511,16.630622
135765334617,1.115910,1.553627,0.688563,-0.004760,-0.109296,0.042010,16.653453
135865382763,0.789653,1.139737,-0.348930,0.102778,0.096641,0.073634,16.652159
135965430909,-2.316752,0.647672,0.064961,0.172829,-0.097802,0.154296,16.649972
136065479056,-0.340085,1.112089,-1.603179,0.216286,-0.325617,0.160228,16.699671
136165527202,1.607303,0.372286,-0.908504,0.260885,-0.348294,0.244210,16.787529
136265575349,2.540972,2.676608,0.411272,0.109910,-0.203057,0.212183,16.752198
136365623495,0.256217,4.117002,0.627210,0.167279,-0.277510,0.158396,16.758384
136465671641,2.233280,4.143374,0.593849,-0.160465,0.112225,-0.067444,16.906434
136565719788,0.611123,0.872624,0.430735,-0.046447,0.126330,0.027248,16.989652
136665767934,-3.191246,-3.198682,0.206891,-0.293950,0.228433,-0.229042,17.047667
136765816080,-2.003897,-2.491827,0.298914,-0.334613,0.218628,-0.293176,16.976342
136865864227,-2.083677,-2.005567,0.753274,-0.305979,0.213661,-0.171669,17.087478
136965912373,1.135868,1.299578,0.604669,-0.452714,0.312640,-0.338674,17.009626
137065960519,-0.345208,0.073943,0.297576,-0.149247,0.078374,-0.179816,16.992072
137166008666,0.346566,-0.147235,-0.442882,-0.083386,0.137652,-0.050592,17.092120
137266056812,1.462883,1.746761,0.390520,0.172602,-0.017683,0.157513,17.454377
137366104959,1.625072,2.280752,1.019307,0.091170,-0.085837,0.110642,17.309608
137466153105,1.529702,-0.349752,0.573410,0.113676,-0.246858,0.138538,17.058296
137566201251,-1.837049,-1.462915,0.571422,0.209734,-0.247733,0.196162,17.295323
137666249398,-1.528148,-0.662077,0.044349,0.180963,-0.111754,0.179231,17.267752
137766297544,-0.569286,-1.318897,0.003752,0.147241,-0.093779,0.075679,17.163426
137866345690,-0.862216,-0.645894,-0.072332,0.013167,-0.052837,-0.076856,17.238669
137966393837,-1.091494,-0.728575,-0.010539,0.054472,-0.116941,0.051338,17.043938
138066441983,0.410761,-0.709658,0.401669,-0.025467,0.004190,0.028519,17.058803
138166490129,1.952011,1.141476,0.082837,-0.104019,0.051709,-0.053048,17.141535
138266538276,0.200840,1.932126,0.139533,-0.147769,0.048500,-0.048046,17.039840
138366586422,0.537036,-0.052486,-0.190008,-0.102705,0.096480,0.007424,17.009600
138466634569,0.458117,0.017287,0.345062,0.060571,0.087293,0.134456,17.083211
138566682715,1.201700,0.942635,0.485341,0.025014,0.012170,0.056269,17.053874
138666730861,0.797359,1.352563,-0.012069,0.048981,-0.079479,0.052754,16.871891
138766779008,-0.232734,-0.251649,-0.168034,0.148953,-0.114031,0.100865,16.889602
138866827154,1.662534,0.740193,-0.130575,0.128834,-0.057041,0.100856,16.741570
138966875300,-0.657489,0.646570,-0.305774,0.215868,-0.105408,0.181007,16.808844
139066923447,-1.713735,-0.246708,-0.897340,-0.028208,-0.029355,0.012672,16.704659
139166971593,-1.106158,-0.171981,-0.876185,-0.099505,-0.023782,-0.032213,16.537340
139267019740,-0.538850,-0.570969,0.145290,-0.033063,0.077146,-0.076434,16.477846
139367067886,-0.949262,-0.246858,0.812089,-0.048213,-0.049130,0.009388,16.422046
139467116032,0.356376,0.601759,0.986768,-0.065455,-0.036299,-0.031386,16.166399
139567164179,-0.143296,0.308420,0.709201,-0.037117,-0.062697,-0.032386,15.981422
139667212325,-1.312487,-0.411432,0.380044,-0.087878,0.007399,-0.102778,15.981297
139767260471,-1.613270,-0.760998,-0.221090,-0.016670,0.053011,-0.055136,15.839246
139867308618,-0.824226,-0.391954,-0.999405,-0.103478,0.176973,-0.125939,15.655559
139967356764,1.481083,1.799250,-0.609515,-0.119691,0.085747,-0.177529,15.676672
140067404910,1.856578,0.393535,0.622727,-0.290665,0.174630,-0.270480,15.527892
140167453057,3.544955,0.865475,-0.086339,-0.349162,0.297957,-0.246229,15.397855
140267501203,-0.814633,0.142717,-0.784948,-0.125122,0.171225,-0.100038,15.342992
140367549350,0.730681,1.585255,-0.865414,-0.200528,0.151350,-0.083517,15.191012
140467597496,0.575573,0.421649,-0.282608,0.070757,-0.107039,0.032020,15.103766
140567645642,-0.950377,-1.635289,0.225755,0.166864,-0.139390,0.091491,15.113349
140667693789,-0.109462,0.311365,-0.228706,0.090445,-0.084438,0.066230,15.055362
140767741935,0.077558,-1.505066,0.459508,0.104821,-0.195949,0.103120,14.974319
140867790081,-0.396007,0.118565,0.089218,0.042151,-0.079713,0.094388,14.840576
140967838228,-0.207594,0.585271,-0.783842,0.035591,0.011395,0.041411,14.729074
141067886374,0.300221,-0.329041,-1.232348,0.133073,-0.056659,0.092522,14.710540
141167934520,-0.298951,0.595004,-1.214528,0.069115,-0.060534,0.048036,14.649141
141267982667,-0.178027,0.083631,-0.321891,0.041512,0.006751,0.009766,14.643927
141368030813,-1.562958,-0.890718,-0.172394,0.132197,-0.032249,0.067107,14.572962
141468078960,1.002119,1.766948,0.136172,0.215632,-0.146181,0.093498,14.510061
141568127106,-1.499991,-0.609785,0.507517,0.392924,-0.361735,0.260865,14.396131
141668175252,1.004918,1.811707,-0.107205,-0.033388,-0.031026,-0.023055,14.416799
141768223399,2.712989,2.985815,-0.660838,0.061420,-0.048963,0.084559,14.447562
141868271545,3.236671,1.885555,-0.570441,-0.325999,0.366403,-0.205265,14.431204
141968319691,3.225764,1.246145,0.081846,-0.432033,0.363873,-0.298065,14.415159
142068367838,-1.850696,-2.549657,-0.202442,-0.427976,0.170837,-0.288613,14.313307
142168415984,0.402169,-1.216600,-0.244069,-0.495780,0.352824,-0.456545,14.248101
142268464130,-2.797771,-1.256999,0.141456,-0.142337,0.270372,-0.232543,14.201994
142368512277,-2.577042,-0.196648,0.650162,-0.352580,0.226053,-0.195092,14.156263
142468560423,-4.613428,-2.227213,1.073626,0.032603,-0.162262,0.064064,14.215044
142568608570,-1.684972,-0.661097,0.856961,-0.022383,-0.002442,0.002310,14.263111
142668656716,3.235271,2.279818,1.049366,0.442350,-0.356124,0.315515,14.227471
142768704862,2.137496,1.420899,0.645328,0.525630,-0.488156,0.362975,14.264355
142868753009,3.293211,2.079542,-0.162032,0.462538,-0.400024,0.308544,14.291337
142968801155,-1.371427,-1.176949,-0.582300,0.591611,-0.421772,0.340778,14.340870
143068849301,-4.017975,-3.154139,-0.012050,0.450108,-0.367446,0.282930,14.337620
143168897448,-5.651251,-3.740557,-0.134505,0.432623,-0.396960,0.294116,14.315776
143268945594,-2.714336,-1.247612,-0.385241,0.089181,-0.051659,-0.006607,14.313792
143368993740,-0.208913,-0.170493,-0.902196,0.139270,-0.070333,-0.049798,14.276287
143469041887,0.521499,0.415150,-0.385837,-0.040965,-0.028893,-0.194907,14.252752
143569090033,-1.576656,-1.596544,0.984702,0.030671,-0.164869,-0.066126,14.436543
143669138180,-4.802368,-2.173859,0.787243,-0.274476,0.029967,-0.271453,14.493113
143769186326,-4.174165,-2.778571,0.528447,-0.211815,0.105634,-0.315773,14.534346
143869234472,-4.325464,-2.304190,-0.008656,-0.237930,0.222865,-0.262897,14.627290
143969282619,0.332663,0.410926,-0.710958,-0.340910,0.324735,-0.320785,14.648241
144069330765,-2.258057,-2.465978,-0.640146,-0.036108,0.095234,-0.081364,14.716108
144169378911,-0.216246,-0.494808,-0.229388,-0.102706,0.151983,-0.172407,14.759811
144269427058,1.706371,1.288102,-0.222797,0.376692,-0.235415,0.191798,14.716401
144369475204,2.088684,-0.037966,0.183707,0.273540,-0.306535,0.126896,14.639420
144469523350,0.662466,0.115229,0.233369,0.253255,-0.276556,0.108974,14.646286
144569571497,-1.928338,-0.025760,0.115499,0.250097,-0.218457,0.105932,14.746964
144669619643,-2.801781,-0.425429,0.012916,0.107709,-0.134093,0.096063,14.908962
144769667790,-0.278202,-1.271973,0.497629,0.004883,-0.025323,-0.076911,14.906547
144869715936,0.775237,-0.894567,0.403979,0.087073,-0.035220,0.017798,14.992134
144969764082,1.592882,0.133262,-0.326984,0.052998,-0.016391,0.040492,14.910936
145069812229,1.261118,0.224800,-0.683160,0.127679,-0.048969,0.136120,15.005872
145169860375,-0.426372,-1.047560,-0.703340,0.170004,-0.085707,0.147798,15.076545
145269908521,0.418685,-1.518016,-0.401453,0.163126,-0.085850,0.101075,15.021603
145369956668,-1.071154,-1.000120,-0.501319,0.154314,-0.065372,0.135322,14.978095
145470004814,-1.149643,1.430480,0.027129,0.033366,-0.034636,0.013618,14.955221
145570052961,-3.393636,-1.784518,0.101117,-0.091200,-0.035520,-0.006729,15.084908
145670101107,-0.239031,-0.345989,-0.565709,-0.038874,-0.020866,-0.078966,15.025247
145770149253,-0.611231,-0.853264,-0.696949,-0.038163,0.059591,-0.108693,15.073209
145870197400,-0.609687,-0.748173,-0.230898,-0.076775,0.144298,-0.115963,15.145224
145970245546,-0.017280,0.495703,-0.759421,-0.055365,0.124296,-0.014132,15.106737
146070293692,-0.397105,-1.015776,-0.512824,-0.103295,0.156792,-0.061665,15.283970
146170341839,1.447644,1.157991,-0.908811,-0.208028,0.161408,-0.165056,15.270945
146270389985,0.859101,0.541947,-0.514552,-0.090282,0.115641,-0.058880,15.150420
146370438131,-0.910871,0.707834,0.439762,-0.039177,0.049143,-0.089757,15.265647
146470486278,-2.228961,-1.190916,1.679170,-0.176643,0.026317,-0.103252,15.243472
146570534424,-1.103115,0.188990,1.386549,-0.150377,0.031847,-0.159926,15.165735
146670582571,2.432143,-0.294229,0.165595,-0.038707,0.107895,-0.081608,15.298436
146770630717,3.187233,-0.097146,-0.716985,-0.146295,0.159587,-0.071042,15.309511
146870678863,0.867488,0.681013,-1.929816,-0.032520,0.056010,-0.047400,15.417437
146970727010,0.258848,-0.214381,-2.154410,-0.019766,0.097204,0.094664,15.350875
147070775156,-1.165809,-1.708836,-0.172028,0.047395,-0.017132,0.185465,15.288922
147170823302,-1.473287,-0.175468,1.628813,-0.043597,-0.113670,0.073969,15.362581
147270871449,2.769848,2.244730,0.762235,0.102202,-0.309694,0.137342,15.397756
147370919595,0.510755,0.708046,-0.108684,0.276974,-0.279313,0.210082,15.372097
147470967741,0.810221,-0.052681,0.641488,-0.037008,0.048640,0.023314,15.520000
147571015888,1.702129,-1.456562,-0.688254,-0.105773,0.197355,0.046328,15.487748
147671064034,0.783051,-1.576128,-0.573568,0.165800,-0.073357,0.123135,15.502735
147771112181,-0.746846,0.408261,-0.439750,0.130670,-0.113801,0.136009,15.554828
147871160327,1.490471,2.100146,1.283777,0.371235,-0.173538,0.246581,15.557061
147971208473,2.268514,0.155961,1.906860,0.426535,-0.273653,0.384923,15.576594
148071256620,4.955878,2.726185,0.523959,0.560255,-0.443161,0.513254,15.529700
148171304766,-1.838296,-2.170964,-0.434744,0.864277,-0.626439,0.603977,15.706004
148271352912,2.449425,-0.075712,-1.036791,0.430596,-0.228151,0.352665,15.654108
148371401059,-3.584392,-1.557494,-0.629621,0.545729,-0.401715,0.423460,15.632448
148471449205,-3.637550,-0.983931,-0.390428,0.000212,0.118876,-0.100656,15.660679
148571497351,-2.884876,-1.664548,-0.195332,-0.038893,0.047193,0.023799,15.664164
148671545498,-2.251665,-0.888837,-0.291674,-0.208417,0.193084,-0.135915,15.645765
148771593644,1.764206,0.379886,0.209444,-0.215758,0.139373,-0.106866,15.757814
148871641791,0.600409,0.201458,0.589471,-0.231519,0.062331,-0.062364,15.830871
148971689937,1.624910,0.847599,-0.352683,-0.209579,0.203570,-0.187410,15.727005
149071738083,-0.266221,0.095040,-1.088218,-0.056476,0.095435,-0.118771,15.704861
149171786230,1.039592,0.542624,-1.074306,-0.122069,0.098870,-0.118801,15.805217
149271834376,-0.085129,-0.089469,1.114959,-0.100166,0.029447,-0.159049,15.774265
149371882522,-0.817880,1.306008,1.684095,-0.211275,-0.025463,-0.055529,15.845696
149471930669,-2.755394,1.320817,1.203541,-0.146478,-0.065925,-0.001819,15.832938
149571978815,0.288706,0.409359,0.359931,-0.155954,0.079924,-0.051065,15.847645
149672026961,2.907608,0.491280,-0.785168,0.267992,-0.182482,0.342596,15.933138
149772075108,4.138632,1.217027,-0.550823,0.177704,-0.043528,0.143888,15.785929
149872123254,2.190340,-1.008229,-0.470096,0.473133,-0.327305,0.370364,15.885341
149972171401,-3.380674,-2.447326,-0.338861,0.378859,-0.292559,0.194065,15.880034
150072219547,-0.919111,-1.213787,-0.727039,0.286978,-0.148281,0.098821,15.969209
150172267693,0.630585,-0.607372,-0.474337,0.107952,0.023383,0.055188,16.003852
150272315840,1.849337,0.677497,-0.817702,0.080537,0.055519,0.031854,16.028123
150372363986,0.884504,0.052710,0.087679,0.110565,-0.122854,0.087467,15.938383
150472412132,1.030850,0.143106,0.799846,-0.049548,-0.065673,-0.034744,15.966579
150572460279,-1.340966,1.456420,0.296357,0.106685,-0.099283,0.040030,16.066619
150672508425,-1.054773,0.595150,-0.689658,-0.053073,-0.003133,-0.061475,16.036188
150772556571,-1.078990,0.533269,-1.108084,-0.010964,0.045151,-0.068614,15.951611
150872604718,-0.059764,1.122837,-1.289036,-0.080018,0.090672,-0.074514,16.025265
150972652864,0.604790,0.968520,-1.511962,0.015966,0.119905,-0.006182,15.825823
151072701011,1.760529,0.915065,-1.069242,-0.020558,0.154289,-0.041927,15.992206
151172749157,0.386850,-0.763338,-0.252494,0.028900,0.007493,0.077954,15.906789
151272797303,-0.219238,-0.291917,0.204435,-0.018801,0.068407,0.056299,15.814219
151372845450,-1.049796,-0.552152,-0.050312,0.067179,-0.030646,0.158552,15.901925
151472893596,-0.257376,-0.308503,-0.892916,0.059665,0.042915,0.068450,15.878931
151572941742,-0.502200,-0.088478,-0.396470,0.058953,-0.042462,-0.015106,15.851879
151672989889,-0.053237,0.373070,0.301231,-0.050539,-0.094327,-0.048094,15.903931
151773038035,0.448008,0.254235,0.517251,-0.023735,-0.072011,-0.017217,15.896297
151873086181,0.838309,0.008434,0.305984,0.018914,-0.110893,0.076110,15.894841
151973134328,-0.321553,1.223635,-0.260133,0.021825,-0.033687,0.068218,15.930966
152073182474,-0.506168,-0.903472,-0.420597,0.079724,-0.076225,0.069826,15.961961
152173230621,-1.617353,-2.052012,-0.904969,0.094770,-0.037660,0.011391,15.958718
152273278767,-2.545906,-2.367121,-1.081164,0.297813,-0.205112,0.183151,15.944008
152373326913,-1.034122,0.269153,-0.459779,0.193741,-0.177935,0.130220,15.900485
152473375060,3.008671,2.589121,-0.543822,0.329382,-0.345704,0.276503,16.032861
152573423206,2.194309,1.577059,-0.472670,0.191324,-0.276922,0.223669,15.998003
152673471352,3.710015,-0.571478,0.114851,0.413870,-0.327988,0.204337,15.966723
152773519499,-3.310362,-0.514107,-0.763685,0.688067,-0.585234,0.459175,15.975113
152873567645,4.280196,4.266709,-0.452220,-0.039131,0.038862,0.012021,15.994200
152973615792,0.425535,-0.876373,-1.072766,0.265355,-0.067555,0.133400,16.097132
153073663938,-6.481222,-2.932671,-0.154085,-0.626070,0.604583,-0.470471,16.131331
153173712084,4.002552,1.839290,-1.222331,-0.610343,0.654365,-0.488352,16.052894
153273760231,-2.042944,-0.133371,0.456157,-0.346553,0.475424,-0.345584,16.035244
153373808377,0.856780,-0.052781,1.285788,-0.431417,0.366220,-0.321750,16.078048
153473856523,-1.454019,-0.747458,1.080812,-0.192861,0.107217,-0.086197,16.102407
153573904670,-0.003909,0.479234,0.246171,-0.282416,0.182787,-0.169029,16.135673
153673952816,-1.505541,-1.143269,0.756548,-0.116160,0.070330,0.045372,16.140770
153774000962,3.298285,1.427436,0.257940,-0.394773,0.366161,-0.242551,16.157389
153874049109,2.397509,-0.235117,0.198541,0.041545,-0.050546,0.014701,16.214283
153974097255,6.117178,2.134166,0.466338,-0.279204,0.081459,-0.223320,16.101657
154074145402,1.032105,1.011364,0.629920,0.251399,-0.234005,0.148251,16.101216
154174193548,-3.402407,-1.506999,0.831218,0.048581,-0.189896,0.096751,16.181452
154274241694,-3.341409,-0.162064,-2.189966,0.527205,-0.392668,0.596481,16.227811
154374289841,-2.529842,0.378913,-2.016403,0.375594,-0.275997,0.407179,16.217539
154474337987,1.417146,2.528913,-2.215070,0.349744,-0.247156,0.357744,16.301762
154574386133,3.112069,2.175204,-1.506513,0.236269,-0.047869,0.175965,16.382026
154674434280,3.784837,1.693702,-0.889159,0.446501,-0.255705,0.332087,16.376559
154774482426,-3.479397,-0.287132,1.596213,0.345881,-0.486874,0.314804,16.389785
154874530572,1.234155,1.974743,1.651446,0.223154,-0.266568,0.093074,16.332972
154974578719,-3.705040,-0.312118,0.722624,0.477057,-0.418701,0.396468,16.275272
155074626865,-3.252371,-0.371367,-0.392580,-0.215911,0.185120,0.056296,16.339963
155174675012,-2.135812,0.349392,-0.226564,-0.363513,0.269607,-0.336250,16.326492
155274723158,-6.440541,-0.259995,-0.073747,-0.227412,0.361323,-0.233723,16.335473
155374771304,-2.062198,1.993975,0.246537,-0.548777,0.473465,-0.363713,16.383349
155474819451,-4.294653,0.980734,0.653067,-0.076241,-0.058870,-0.124533,16.455345
155574867597,-1.154097,0.854056,-0.421051,0.032324,0.076148,-0.048909,16.446509
155674915743,0.187580,0.372919,0.066780,0.036585,0.003332,0.162953,16.370353
155774963890,1.928930,2.346485,0.058511,-0.231677,0.004624,-0.203451,16.432806
155875012036,-2.527078,1.838936,0.630889,0.015461,-0.103378,-0.063957,16.479031
155975060182,-3.456875,2.113441,-0.881811,0.082717,0.007980,-0.040627,16.485834
156075108329,-3.771912,0.840780,-1.521146,0.394932,-0.156091,0.187855,16.511564
156175156475,-3.585205,1.113631,-0.016408,0.326227,-0.205258,0.199264,16.477829
156275204622,1.533898,2.473699,0.152722,0.277482,-0.214067,0.266881,16.367794
156375252768,-0.690316,2.538981,0.124801,0.200813,-0.306480,0.150690,16.380427
156475300914,-0.270006,1.163807,-0.034023,0.089675,-0.167406,0.058268,16.518410
156575349061,-1.192496,2.150265,-0.206431,0.032552,-0.119107,0.002450,16.638843
156675397207,-0.412071,3.177773,-0.372554,-0.009013,-0.038272,-0.034413,16.612222
156775445353,0.202827,2.301407,0.199183,-0.096576,0.021244,-0.053821,16.539883
156875493500,-1.090444,1.852331,-0.094195,-0.047457,-0.017512,-0.032399,16.601213
156975541646,0.030234,3.001778,-0.600608,-0.191116,0.062511,-0.170713,16.703325
157075589792,-2.892484,0.756818,-0.555041,-0.016737,-0.032276,0.004140,16.586745
157175637939,-2.710304,1.346563,-0.556957,-0.093409,0.091184,-0.090505,16.711296
157275686085,-4.133594,0.760143,-0.746511,0.302845,-0.123411,0.265967,16.732683
157375734232,-3.391657,0.886529,-0.192232,0.250933,-0.174552,0.194025,16.827972
157475782378,3.030210,3.818816,0.031714,0.324814,-0.272123,0.319757,16.894573
157575830524,-0.498626,2.258016,0.540078,0.349413,-0.398932,0.311677,16.789780
157675878671,2.715476,2.892216,0.152633,0.081993,-0.115926,0.081567,16.944228
157775926817,-0.100334,2.245194,-0.119041,0.172832,-0.163664,0.251255,16.956491
157875974963,2.292995,2.467936,-0.355715,-0.140839,0.136447,-0.131467,16.969813
157976023110,-0.249610,1.511969,-0.057524,-0.036625,0.050083,0.015822,17.020068
158076071256,-1.009533,0.265618,-0.090034,-0.087279,0.077969,0.016449,17.055877
158176119402,-0.622489,1.344501,-0.036605,-0.087252,0.173208,-0.150860,17.088217
158276167549,-1.397733,0.511945,-0.108246,-0.265493,0.212823,-0.177444,17.188993
158376215695,1.788355,1.525573,-0.318214,-0.241798,0.199010,-0.167346,17.065624
158476263842,-0.141883,0.579693,-0.523810,-0.091235,0.105916,-0.033502,17.188166
158576311988,2.582659,2.487081,0.000886,-0.311223,0.197698,-0.127783,17.146357
158676360134,0.326849,1.218410,-0.033595,-0.070755,0.028351,-0.042835,17.252908
158776408281,0.649594,1.591451,0.034358,-0.141972,0.032366,-0.060486,17.365253
158876456427,-1.847045,0.297236,0.160633,-0.092994,0.031065,0.101282,17.263128
158976504573,-0.135849,1.663254,-0.317419,-0.169192,0.130940,-0.162851,17.234988
159076552720,-1.470447,0.447579,-0.321012,0.036108,-0.045839,0.045336,17.140026
159176600866,0.661465,0.803854,-0.364963,-0.063286,0.077567,-0.117835,17.058720
159276649012,0.313236,0.962213,-0.253957,0.033458,0.000616,-0.075916,17.169526
159376697159,1.003161,0.871317,-0.000287,-0.089470,-0.000434,-0.071601,17.318414
159476745305,-0.219589,0.123096,-0.107420,0.001875,-0.030859,-0.035757,17.350452
159576793452,-0.222658,-0.123317,-0.360575,-0.084109,0.053582,-0.037730,17.333788
159676841598,-1.800515,-1.125681,0.084173,0.003776,-0.013102,0.038452,17.449701
159776889744,0.593415,0.692093,0.121714,-0.144053,-0.018082,-0.170833,17.374621
159876937891,-1.974768,0.101120,-0.230107,-0.233935,0.087479,-0.220493,17.450961
159976986037,0.580333,1.181545,-0.892192,-0.291488,0.148624,-0.274059,17.428502
160077034183,-0.499427,-0.613096,-0.741950,-0.211287,0.172338,-0.185714,17.378777
160177082330,2.656879,0.046319,-0.635534,-0.344629,0.408455,-0.302962,17.398223
160277130476,-0.568542,-0.804138,-0.419623,-0.125345,0.168266,-0.124163,17.319101
160377178623,2.411306,1.428632,0.005354,-0.281482,0.158393,-0.279998,17.431120
160477226769,-1.068730,-0.109394,-0.619217,-0.135394,0.072943,-0.109224,17.340659
160577274915,1.889668,1.063063,0.049120,-0.355763,0.249220,-0.265266,17.414852
160677323062,-2.644513,-0.383518,0.646198,0.037838,-0.051402,-0.022068,17.453425
160777371208,-2.348700,-0.040319,-0.081174,-0.167272,0.110670,-0.086682,17.413306
160877419354,-3.927662,-0.512273,0.253211,0.328698,-0.295290,0.260233,17.419606
160977467501,-2.594888,-0.495793,0.076964,0.302330,-0.211153,0.221098,17.483961
161077515647,3.894676,1.216458,-0.469760,0.400824,-0.273925,0.335933,17.414121
161177563793,0.876046,-0.194481,-0.285342,0.440954,-0.329804,0.336155,17.477441
161277611940,1.799222,0.632641,0.060418,0.122631,-0.089410,0.094846,17.452608
161377660086,-1.419622,-1.280945,0.460335,0.234038,-0.195882,0.151415,17.417130
161477708233,-0.134395,-0.851267,0.993998,-0.061292,0.033963,-0.026661,17.397728
161577756379,-1.866364,-0.602006,0.768733,0.056318,-0.143753,0.118739,17.218937
161677804525,-0.222790,-0.756741,-0.054360,-0.130404,-0.031899,-0.009946,17.306776
161777852672,0.794589,0.734980,0.135483,-0.131631,-0.002241,-0.072927,17.277558
161877900818,0.001596,0.020406,-0.032634,-0.077839,0.055163,-0.094540,17.397411
161977948964,0.749525,0.515635,-0.139282,-0.115385,0.095382,-0.111219,17.288192
162077997111,-0.675521,-0.609950,-0.158340,-0.053846,0.083194,-0.093664,17.330175
162178045257,1.225752,1.046288,1.462242,-0.170990,0.076146,-0.094308,17.307062
162278093403,1.464123,2.157468,0.929758,-0.149774,-0.141404,-0.174135,17.238573
162378141550,3.139565,0.208406,-0.276031,0.059719,-0.057168,-0.069345,17.331585
162478189696,1.482447,2.732870,-0.946880,-0.215323,0.093131,-0.121241,17.241619
162578237843,3.663284,2.512326,-3.041573,-0.235559,0.618554,-0.174512,16.959216
162678285989,5.802524,-7.020580,0.076647,0.284858,0.098046,0.250684,17.023956
162778334135,3.554941,2.473880,-0.375688,-0.128260,0.072450,-0.033889,17.058718
162878382282,-1.609310,9.429362,-2.266092,0.181802,-0.125954,0.127150,17.148195
162978430428,-1.030508,-0.799315,-0.313474,0.222876,-0.242161,0.165164,16.967611
163078478574,0.562902,-1.524241,0.571268,0.062432,-0.075231,0.106281,17.056950
163178526721,1.382752,-1.913460,0.462919,-0.000095,0.021982,-0.102084,17.037395
163278574867,-0.351511,-0.723026,-0.641813,-0.072419,0.046568,-0.142758,16.962835
163378623013,0.414774,-1.685025,-0.154415,-0.046797,0.031070,-0.050698,16.974462
163478671160,0.552236,-0.465955,-0.675006,0.052755,0.047585,0.027602,17.018221
163578719306,0.993045,-0.858032,0.082475,-0.054807,0.115577,-0.084847,17.027181
163678767453,-0.142561,0.344667,0.286543,-0.064366,-0.041356,-0.095175,16.973339
163778815599,1.218557,-2.130852,0.172271,-0.054542,-0.031938,-0.024465,16.911600
163878863745,0.390266,-1.650447,-0.465113,-0.114228,0.026596,-0.098060,16.769640
163978911892,0.142427,-2.962118,0.316226,-0.016458,0.101565,-0.050759,16.772922
164078960038,-1.071347,-1.661334,-0.246119,-0.123999,0.245510,0.033905,16.854778
164179008184,3.823002,-1.356989,0.592208,-0.247008,0.133304,-0.332528,16.816388
164279056331,1.277514,-1.090097,0.510543,-0.363234,0.171467,-0.338722,16.798696
164379104477,3.317191,-1.982533,0.655051,-0.329976,0.210068,-0.282964,16.711700
164479152623,-0.063282,-2.958489,0.361661,-0.106591,0.108212,-0.149144,16.649313
164579200770,2.490147,-1.728710,-0.143731,-0.198838,0.169596,-0.080071,16.495667
164679248916,-0.827098,-2.668041,0.201354,-0.008649,0.032045,0.008566,16.398619
164779297063,0.645620,-2.077439,-0.006891,-0.173067,0.172469,-0.086184,16.276665
164879345209,-1.585139,-3.122637,0.399203,0.111348,-0.075104,0.109023,16.037081
164979393355,-0.037059,-0.928643,0.179790,0.033559,-0.051723,0.045711,15.878071
165079441502,2.941829,-1.737963,0.289719,0.245058,-0.266640,0.271682,15.682519
165179489648,2.695698,-2.950672,0.747255,0.173688,-0.091220,0.143552,15.558737
165279537794,2.204396,-1.779656,-0.019412,0.205444,-0.152850,0.044709,15.285965
165379585941,-1.152594,-2.656358,0.211547,0.225355,-0.219965,0.240971,15.013303
165479634087,-0.093670,-1.782466,0.010070,0.062820,-0.035414,0.028639,14.828604
165579682233,-0.233855,-1.683280,-0.536315,0.100354,-0.014726,0.045961,14.602877
165679730380,-0.853777,-0.418644,-0.495103,-0.094410,0.053129,0.022563,14.469508
165779778526,0.419867,0.507761,0.118500,-0.138331,0.050601,-0.125674,14.194316
165879826673,-1.146574,-1.137098,0.499662,0.002402,-0.075229,0.106648,13.975225
165979874819,0.480310,-1.553727,-0.061976,0.001625,0.034863,-0.062602,13.757058
166079922965,0.852601,-0.305626,0.152967,0.146712,-0.103019,0.046536,13.461075
166179971112,1.186831,-1.094158,0.173207,0.038230,-0.070866,0.036629,13.309199
166280019258,-0.028686,-0.509493,0.321431,0.128652,-0.082299,-0.021355,13.058890
166380067404,-0.783296,-1.774981,0.741578,0.056064,-0.091921,0.029565,12.855377
166480115551,-0.106549,-2.250487,0.156767,0.080532,-0.053585,0.010240,12.590560
166580163697,-0.463184,0.328648,0.123818,0.028299,-0.065845,-0.046330,12.283155
166680211844,0.088064,1.220079,-0.139004,0.077428,-0.028947,0.020415,12.082300
166780259990,0.060760,-1.871161,-0.460850,0.108489,-0.039985,0.008429,11.807944
166880308136,0.152713,-0.027007,0.267221,0.080328,-0.084494,0.016132,11.604334
166980356283,-0.400469,0.080245,0.722008,0.126781,-0.131803,0.080509,11.428265
167080404429,2.714681,-0.550350,0.114851,0.163005,-0.282156,0.128615,11.220349
167180452575,-1.097999,-1.405485,0.040113,0.444172,-0.271845,0.257285,10.969549
167280500722,5.449548,1.643449,-0.017267,0.210952,-0.114224,0.009356,10.803952
167380548868,1.054757,0.764379,-0.152316,0.625528,-0.546289,0.460605,10.661553
167480597014,6.808811,4.065540,0.348222,-0.332768,0.177173,-0.271599,10.469561
167580645161,1.076416,0.780748,0.342944,0.013840,-0.088182,0.071645,10.384749
167680693307,-6.523632,-0.728679,0.435567,-0.576571,0.407116,-0.341184,10.227072
167780741454,-4.160828,-0.397039,-0.655324,-0.350446,0.306729,-0.171393,10.118604
167880789600,-3.148808,-0.999768,-0.154667,-0.514979,0.425145,-0.301100,9.929658
167980837746,3.440724,3.043950,0.001065,-0.495111,0.378398,-0.390346,9.804009
168080885893,-1.806868,1.339233,0.431535,-0.288063,0.110229,-0.036219,9.687725
168180934039,-5.551435,1.266872,1.421864,-0.450285,0.332549,-0.356967,9.522466
168280982185,-1.757308,2.184333,0.563250,0.094180,-0.190348,0.115196,9.345595
168381030332,3.774188,3.052848,0.136716,-0.216842,0.151501,-0.204630,9.224387
168481078478,-0.102853,1.749063,-0.246089,-0.010838,0.025422,0.060961,9.126189
168581126624,-1.929228,1.818084,0.237573,-0.271005,0.225200,-0.202468,9.035042
168681174771,-1.551251,2.371401,0.318484,-0.226857,0.156894,-0.040168,8.997762
168781222917,-1.152136,2.696587,0.449407,-0.327623,0.197718,-0.213916,8.946804
168881271064,1.508411,3.046066,-0.278284,-0.296097,0.217326,-0.012204,8.911730
168981319210,1.179628,2.088094,-0.111887,-0.200464,0.104342,-0.024921,8.837667
169081367356,1.134328,1.836644,-0.139287,-0.161986,0.106367,-0.001568,8.804993
169181415503,1.531811,1.984567,-0.451809,-0.193824,0.053118,0.049487,8.790482
169281463649,1.588814,1.727848,0.046031,-0.203743,0.066220,-0.064924,8.726958
169381511795,1.134632,1.862557,0.095267,-0.161358,0.076991,-0.007448,8.671394
169481559942,1.780043,2.246812,-0.239738,-0.260220,0.146007,-0.023590,8.555237
169581608088,0.634075,3.180967,-0.165352,-0.156282,0.067136,0.040444,8.548113
169681656234,1.824232,1.305250,-0.053743,-0.212082,0.153610,0.034543,8.496373
169781704381,1.664411,3.703996,-0.372268,-0.135954,0.094043,0.137174,8.430781
169881752527,2.165416,2.725610,-0.009987,-0.199712,0.128148,0.087153,8.379829
169981800674,1.443826,1.355997,0.007995,-0.205437,0.127955,0.073296,8.260680
170081848820,1.805593,2.040483,0.137973,-0.249600,0.173137,-0.002942,8.244978
170181896966,2.118359,2.756362,0.064627,-0.233799,0.129401,-0.028172,8.163455
170281945113,0.651676,0.969046,-0.451089,-0.100154,0.117235,0.200302,8.053950
170381993259,2.070864,0.686239,0.226486,-0.177142,0.219921,0.076978,8.025690
170482041405,1.731470,0.249781,0.002698,-0.212693,0.154981,0.060730,7.917235
170582089552,2.617293,1.047943,-0.015389,-0.289455,0.200654,-0.003811,7.921024
170682137698,2.354697,0.831935,0.044693,-0.257411,0.202894,0.083073,7.893405
170782185844,1.521301,0.250905,-0.055812,-0.308624,0.246279,-0.002868,7.918985
170882233991,2.097672,1.928191,0.443164,-0.357055,0.217225,-0.074249,7.956492
170982282137,2.428455,1.051117,0.262534,-0.221749,0.030683,0.055217,8.043738
171082330284,2.730847,2.059737,-0.705147,-0.223450,0.219044,-0.063835,7.975350
171182378430,1.230324,1.534013,-0.653243,-0.269829,0.260524,-0.031761,7.968615
171282426576,2.047359,2.651035,-0.013632,-0.342303,0.269862,-0.090596,7.942949
171382474723,0.940155,-0.623994,-0.360610,-0.352326,0.267637,-0.159919,7.965123
171482522869,2.245020,1.975231,-0.187508,-0.444551,0.293639,-0.163876,7.957816
171582571015,0.850871,0.561183,-0.214194,-0.219146,0.115492,0.043443,7.959129
171682619162,1.235673,0.184396,-0.326319,-0.231723,0.184117,-0.040118,8.095404
171782667308,0.874664,-0.801844,0.013286,-0.059671,0.080162,0.052808,8.140422
171882715454,0.641723,-1.179532,0.123067,-0.033228,0.037077,0.100476,8.094260
171982763601,1.484823,0.460477,0.002431,-0.139042,0.048976,0.055198,7.955605
172082811747,1.336156,1.327258,0.112874,-0.221586,0.149985,-0.070005,8.032404
172182859894,0.719536,0.307697,-0.124241,-0.184745,0.093407,-0.092163,8.217307
172282908040,1.332680,0.442478,0.257339,-0.141115,0.113203,-0.058076,8.363037
172382956186,1.446291,1.286688,0.095310,-0.162617,0.104876,-0.025818,8.387724
172483004333,1.169205,-0.974926,0.160221,0.049985,-0.036589,0.081502,8.427021
172583052479,-0.107323,-2.567475,0.360729,-0.469664,0.329594,-0.277210,8.518975
172683100625,-0.416195,-1.797780,0.566853,-0.284539,0.289957,-0.055733,8.611594
172783148772,-1.696252,-4.914337,1.004985,-0.261959,0.294013,-0.008415,8.686765
172883196918,1.527841,2.319207,0.275059,-0.569766,0.344363,-0.465173,8.758976
172983245064,0.376469,0.486905,0.301919,-0.422800,0.219804,-0.401677,8.922571
173083293211,1.754044,2.383722,0.202135,-0.481278,0.338094,-0.193797,9.053007
173183341357,-0.221833,0.290246,0.110551,0.069483,-0.032228,0.197325,9.124681
173283389504,2.118995,5.831961,0.270432,-0.301289,0.175853,-0.199367,9.200090
173383437650,2.069817,0.203586,0.193604,0.391643,-0.456886,0.334520,9.291394
173483485796,-0.580756,-4.840143,0.581683,0.280580,-0.281648,0.191206,9.439826
173583533943,-0.315082,-3.051020,-0.042679,0.374487,-0.309548,0.262134,9.623897
173683582089,-0.678902,-4.021376,0.663058,0.262543,-0.359729,0.193023,9.772015
173783630235,1.210355,2.504975,0.460017,0.464145,-0.274645,0.223076,9.968068
173883678382,0.893532,0.624815,0.626987,0.426731,-0.331013,0.341089,10.090737
173983726528,2.427216,4.732254,-0.153051,0.360590,-0.253758,0.239168,10.287137
174083774675,0.175733,-2.116418,0.390553,0.518915,-0.461459,0.390872,10.464361
174183822821,1.003328,2.753571,0.130864,0.023209,-0.081233,0.060230,10.600216
174283870967,0.122620,-3.139427,0.569459,0.268850,-0.224010,0.226134,10.732473
174383919114,-0.238699,-2.752959,0.797088,-0.145733,0.149989,-0.146133,10.904244
174483967260,-0.466222,-3.697529,0.556947,0.047971,-0.032377,0.064680,11.047111
174584015406,0.362723,-0.663935,0.176108,-0.182228,0.150665,-0.213823,11.160606
174684063553,2.293236,0.940519,-0.269300,-0.102213,0.061785,-0.100296,11.262119
174784111699,1.953620,0.375454,-0.140795,-0.195514,0.186963,-0.128377,11.386466
174884159845,2.390068,1.683338,1.221022,-0.340031,0.028870,-0.228141,11.457440
174984207992,-0.239622,-3.723796,-0.180464,-0.411076,0.040843,-0.236325,11.451038
175084256138,1.597137,-0.761028,-0.271094,-0.427282,0.244346,-0.304634,11.633419
175184304285,-1.456779,-3.001415,0.532433,-0.021009,0.006676,0.005019,11.659625
175284352431,1.395338,-2.053105,0.004721,-0.031445,0.146529,-0.096162,11.695077
175384400577,1.334028,-2.624385,-0.233042,0.165743,-0.046959,0.059749,11.721403
175484448724,0.966753,-1.914423,0.374563,0.057395,-0.104487,0.029875,11.754557
175584496870,1.982111,0.043956,0.113088,0.113808,-0.110291,0.048221,11.775961
175684545016,1.210791,0.495380,0.335681,-0.059935,-0.066497,0.010516,11.844176
175784593163,-1.007633,-1.182671,0.702145,0.094469,-0.122491,-0.028174,11.843422
175884641309,0.154573,-2.894121,0.650559,-0.022267,-0.003988,0.076064,11.817365
175984689455,0.317677,-1.882230,0.046863,0.152027,-0.171468,0.165980,11.853754
176084737602,0.557793,-1.877724,-0.171461,0.188545,-0.168636,0.055589,11.752600
176184785748,1.012764,1.592068,-1.269311,0.053517,-0.053540,-0.000675,11.788873
176284833895,0.010499,-2.706703,0.215116,0.265412,-0.184656,0.190388,11.752230
176384882041,2.264458,0.382888,-0.985503,-0.232675,0.255172,-0.133066,11.795761
176484930187,3.421429,2.529369,0.037559,-0.143623,0.106718,-0.101542,11.789665
176584978334,1.828358,0.529492,0.381963,-0.292359,0.182580,-0.213377,11.738554
176685026480,2.954042,1.622547,-0.452644,-0.274021,0.287425,-0.117958,11.684889
176785074626,1.362032,0.861399,0.316869,0.077408,0.053017,0.057394,11.619992
176885122773,0.885558,-0.829800,-0.024896,0.070549,-0.009945,0.156093,11.619458
176985170919,1.084568,0.611114,0.239264,0.052335,0.020015,0.026791,11.537596
177085219065,2.552091,-0.405692,0.718869,0.013408,0.032111,0.117995,11.510273
177185267212,-0.515741,-3.691761,0.974025,0.029156,0.112709,-0.115665,11.293940
177285315358,2.421038,1.977898,0.393334,-0.076591,0.010234,-0.070777,11.208362
177385363505,2.411263,-0.402094,0.637839,0.371910,-0.300177,0.140717,11.084759
177485411651,3.040340,3.990587,-0.139592,-0.247552,0.212289,-0.160379,10.950643
177585459797,1.110764,-0.748353,-0.135084,0.107217,-0.037728,0.097087,10.714850
177685507944,-0.581087,-4.040243,0.848815,-0.300354,0.394672,-0.167205,10.449797
177785556090,-0.452303,-2.603257,0.189805,-0.230811,0.243171,-0.081410,10.182486
177885604236,-0.410418,-3.722311,0.052974,-0.201695,0.217582,-0.145321,9.885412
177985652383,1.799023,0.916471,-1.172694,-0.302156,0.312918,-0.188229,9.614966
178085700529,-2.466164,-3.637221,-1.193972,-0.082342,0.078221,0.105427,9.352457
178185748675,1.617731,3.482253,-1.026326,-0.514544,0.370195,-0.435116,9.241161
178285796822,-1.362196,-6.116801,-0.630836,-0.010115,-0.108579,0.057879,8.954339
178385844968,0.149567,-2.666376,0.895720,-0.512549,0.290300,-0.305124,8.678061
178485893115,-1.361367,-6.639011,1.604636,0.190920,-0.180572,0.188457,8.591804
178585941261,1.189020,-0.615116,0.019324,-0.156462,0.142654,-0.162702,8.405322
178685989407,1.936864,2.686176,-1.659387,0.316772,-0.294944,0.242499,8.299437
178786037554,3.599432,1.924235,-0.945859,0.090523,-0.097834,-0.002700,8.236995
178886085700,1.030344,-2.810589,0.609598,0.285481,-0.288027,0.278428,7.987132
178986133846,1.546759,-1.398545,0.851032,0.089085,-0.130419,0.000962,7.855940
179086181993,1.798717,-0.004409,0.092831,0.058600,-0.157093,-0.015667,7.665156
179186230139,-0.494147,-2.210649,-0.615709,0.200915,-0.149684,0.228049,7.588799
179286278285,1.423255,-0.170753,0.053370,0.029911,-0.034338,0.092068,7.328268
179386326432,2.094697,1.006385,-0.902396,0.055876,-0.001143,0.027887,7.323306
179486374578,0.346432,0.431123,-0.884901,0.022201,0.079462,0.021920,7.230518
179586422725,-0.585441,-2.414213,-0.423982,0.210033,-0.118441,0.248506,7.137220
179686470871,0.583669,-3.720540,0.590651,-0.026511,0.084446,0.020262,7.144936
179786519017,-0.033304,-2.470584,0.874177,-0.063534,0.007061,-0.153327,7.064180
179886567164,-0.172114,-1.651051,1.883052,-0.159784,-0.047204,-0.218992,7.078765
179986615310,-0.204293,-0.325135,0.465973,-0.016130,-0.069185,-0.137213,7.188678
180086663456,0.828185,0.372619,-0.705378,-0.064771,0.165778,-0.176905,7.246647
180186711603,-1.292174,-1.038565,-0.639550,0.095280,0.001391,-0.051212,7.250406
180286759749,-1.306066,-2.520105,-0.881747,0.014434,-0.034061,-0.058979,7.312419
180386807896,-0.249811,-1.559159,-0.480412,-0.056171,-0.099149,-0.162167,7.346299
180486856042,-0.373756,-3.570803,0.889555,0.109612,-0.272816,0.006795,7.390774
180586904188,-2.036786,-3.309032,0.347756,0.129615,-0.030432,-0.046558,7.424706
180686952335,-1.078830,-1.946432,-0.250592,0.161424,0.038136,-0.065142,7.448212
180787000481,-1.444905,-2.611106,-1.169951,0.183940,0.024988,0.042136,7.499686
180887048627,-1.279246,-3.294522,0.321729,0.218813,-0.016836,0.009219,7.608743
180987096774,-3.300046,-3.501504,0.390971,0.254820,-0.121362,0.077353,7.670099
181087144920,-2.442920,-3.648131,-0.086118,0.116021,-0.132528,0.064207,7.677913
181187193066,-3.261915,-1.656630,-0.249621,0.129607,-0.139849,-0.170353,7.711237
181287241213,-2.174613,-3.035954,-0.683063,0.113234,-0.117577,-0.051871,7.750038
181387289359,-1.648355,-1.683038,-1.327524,0.109022,-0.047956,-0.143240,7.870173
181487337506,-0.562794,-3.873672,-1.259640,0.125553,-0.068413,-0.124327,7.934980
181587385652,-2.139469,-4.100879,-0.695979,0.196930,0.054246,0.036002,7.992677
181687433798,-2.005723,-3.506221,-0.207173,0.017924,0.051255,-0.082810,8.037645
181787481945,-0.241469,-1.123611,0.081255,0.088841,-0.013457,-0.009051,8.098218
181887530091,-2.253264,-0.058173,1.351819,-0.162821,0.060629,-0.211552,8.141853
181987578237,0.782964,-1.230504,0.293793,-0.155200,0.223868,-0.214657,8.230144
182087626384,-4.364384,-5.428638,2.568764,-0.290778,0.302227,-0.264024,8.278699
182187674530,-4.245981,-4.894906,2.078605,-0.161359,-0.014774,-0.450714,8.361091
182287722676,-5.368439,-2.972748,1.895279,-0.348477,-0.120572,-0.390377,8.404353
182387770823,-2.152852,1.208836,0.842260,-0.205411,0.214428,-0.247918,8.469597
182487818969,-5.879555,-1.548597,-0.002458,0.131161,-0.038328,0.089533,8.531479
182587867116,1.404288,1.807023,-0.441651,-0.313255,0.242436,-0.186782,8.655801
182687915262,1.298991,1.004546,-0.624221,0.547029,-0.515848,0.419745,8.688795
182787963408,2.154796,2.443057,-0.745058,0.189784,-0.193302,0.018647,8.829165
182888011555,0.560621,3.597661,-0.799814,0.831838,-0.813169,0.486917,8.905263
182988059701,-8.491430,-6.653983,0.970707,0.825491,-0.648682,0.452921,8.966625
183088107847,-0.581616,0.702070,0.063266,0.561776,-0.442692,0.156080,9.059549
183188155994,-10.668163,-6.357993,0.455595,1.111382,-0.824156,0.682891,9.078947
183288204140,-5.646683,-4.012876,0.968816,-0.225261,0.171417,-0.277625,9.190255
183388252286,-7.562159,-5.953278,1.681325,0.203663,-0.331881,0.089444,9.290556
183488300433,-3.914582,-1.579736,0.511486,-0.401300,0.294114,-0.258846,9.341680
183588348579,1.095613,2.620583,0.962653,-0.190036,0.035317,-0.347425,9.506954
183688396726,2.110024,1.252503,0.943700,-0.347454,0.198785,-0.363468,9.586250
183788444872,1.082336,3.012971,-0.531418,-0.271684,0.160951,-0.293614,9.601996
183888493018,-5.972851,-4.270937,0.073081,-0.539852,0.446099,-0.538943,9.710968
183988541165,-3.171496,1.957361,-0.346568,-0.535958,0.345114,-0.385851,9.801244
184088589311,-6.962485,-1.191949,0.974472,-0.185263,0.019198,-0.107519,9.906591
184188637457,-0.163112,2.939609,-1.236416,-0.453446,0.540984,-0.488084,10.008511
184288685604,-4.452363,-1.386620,-0.302722,0.200263,-0.080754,0.130252,10.133567
184388733750,-1.178680,3.844894,-0.482129,-0.120818,0.035619,-0.017821,10.274994
184488781896,1.730537,4.490037,-0.599899,0.359533,-0.318586,0.273844,10.299989
184588830043,0.876309,4.932947,-0.426648,0.132829,-0.143486,0.284065,10.418317
184688878189,1.586364,5.436879,-0.070569,0.366702,-0.366991,0.328419,10.484654
184788926336,-3.819738,-0.162102,-0.377365,0.397332,-0.344700,0.481898,10.593376
184888974482,2.175799,3.982397,-0.607826,0.105551,-0.007386,0.248854,10.734136
184989022628,-2.144948,-1.061334,0.338301,0.283511,-0.214114,0.371391,10.849656
185089070775,1.427654,1.036125,0.138810,-0.230269,0.194248,-0.029078,10.951015
185189118921,-0.789430,0.098157,-0.461362,-0.013598,-0.086489,0.183159,11.122359
185289167067,-0.289298,3.396964,-0.523019,-0.390415,0.267409,-0.089176,11.235570
185389215214,3.935962,2.780502,-1.017283,-0.370413,0.394870,-0.130173,11.323769
185489263360,1.404151,0.432067,-0.708509,-0.462446,0.579028,-0.333392,11.473149
185589311506,1.518389,1.661490,0.754439,-0.287052,0.159605,-0.317233,11.464943
185689359653,1.015481,3.487816,-0.402189,-0.383469,0.260006,-0.172358,11.641657
185789407799,-0.678770,-1.095862,0.033372,-0.118379,0.113160,0.004164,11.789965
185889455946,-2.296364,-0.824706,0.885444,-0.818544,0.681704,-0.220605,11.831837
185989504092,3.066073,7.380296,-1.087672,-1.090791,0.688299,-0.551408,12.015749
186089552238,1.186875,-0.988165,-0.709062,-0.626370,0.411035,-0.108837,12.148138
186189600385,0.430291,1.413512,0.214002,-1.197321,0.560565,-0.605601,12.200436
186289648531,-1.381490,-4.263096,0.046380,0.327966,-0.140328,0.633385,12.342212
186389696677,-1.507831,-1.834409,3.200883,-0.598787,0.832154,-0.050319,12.455725
186489744824,-2.069234,4.806877,-1.934372,-0.587702,0.280846,-0.093471,12.589097
186589792970,2.409503,-0.574850,-2.314817,-0.747582,0.612663,-0.401691,12.678382
186689841116,-2.421804,13.877983,-0.343768,-0.416773,-0.067075,-0.533985,12.803738
186789889263,-0.291271,24.144850,-3.240498,-1.836925,0.996797,-1.804000,12.942789
186889937409,2.811668,4.560504,-2.761255,-0.512443,0.474416,0.014666,13.073114
186989985556,6.465742,4.437315,-1.873217,-0.887265,0.208233,-0.644309,13.194094
187090033702,1.172020,-9.479526,-0.430156,-0.190828,0.422277,0.111824,13.261882
187190081848,-0.261279,-0.615749,-0.606902,-1.873051,1.754257,-1.013042,13.373401
187290129995,-2.407823,17.543273,-5.149831,-1.561889,1.439100,-0.525621,13.433570
187390178141,-1.996938,-0.037210,-0.457808,-0.930180,0.918520,-0.198921,13.574156
187490226287,-0.840641,13.330449,-1.544173,-1.376614,1.282737,-0.607534,13.636759
187590274434,-1.818491,7.849691,-0.009997,0.074225,-0.003731,0.472571,13.767576
187690322580,-2.737919,9.928004,-0.516385,-0.430325,0.264806,-0.007600,13.766559
187790370727,-0.729546,5.960496,-0.764001,0.033012,-0.262175,0.349428,13.877963
187890418873,-0.495028,-2.145862,-1.193021,0.095158,-0.068447,0.456340,13.966856
187990467019,-1.869021,5.430519,-1.179476,-0.167844,0.363693,0.121159,14.059938
188090515166,0.882184,0.000624,0.866002,-0.003001,0.035435,0.225898,14.075426
188190563312,0.252468,2.389333,-0.073383,-0.289208,0.133551,0.004200,14.146549
188290611458,-1.664077,2.915372,-1.200655,-0.340053,0.126857,0.049062,14.253561
188390659605,-2.362864,2.721512,-0.802521,-0.139533,0.121558,0.110803,14.402648
188490707751,0.008478,2.871838,0.156022,-0.030294,0.122993,0.066631,14.392504
188590755897,-1.013958,3.322754,0.194792,-0.404882,0.296303,-0.125093,14.490840
188690804044,-1.034597,3.667010,-0.476522,-0.412357,0.317888,-0.145527,14.483707
188790852190,1.500500,0.214518,0.650732,-0.230879,0.258944,-0.032165,14.557402
188890900337,-1.161286,3.572844,0.344507,-0.410501,0.318778,-0.196284,14.591260
188990948483,3.316858,-0.158322,0.385719,0.153584,-0.131950,0.166387,14.561299
189090996629,4.130734,-0.834959,1.031184,-0.210465,0.123381,-0.012851,14.563364
189191044776,2.274078,-2.834511,0.769745,0.224141,-0.207765,0.156109,14.672384
189291092922,1.572765,0.076289,-0.540007,0.019443,0.087283,0.135349,14.699503
189391141068,-2.567092,5.437181,0.065429,0.582371,-0.207751,0.466862,14.693769
189491189215,1.225037,2.018413,0.652956,0.392391,-0.307930,0.321680,14.714080
189591237361,-0.622956,2.947530,-0.462930,0.356802,-0.284955,0.332598,14.669479
189691285507,3.530526,-1.945968,0.303556,0.228697,-0.331472,0.189749,14.614793
189791333654,2.302781,0.290793,-0.182025,0.245103,-0.192581,0.176176,14.661248
189891381800,2.059073,-2.073363,0.802814,0.234992,-0.242284,0.156806,14.700633
189991429947,0.693187,1.758392,0.141104,0.066671,-0.110016,0.048460,14.602554
190091478093,2.762318,-0.841689,0.626496,0.168768,-0.160807,0.175115,14.539947
190191526239,0.559261,0.340105,-0.284929,-0.026944,0.027573,-0.013860,14.536017
190291574386,0.190987,0.502971,0.349428,0.081426,-0.087859,0.048432,14.400530
190391622532,0.126528,1.821897,-0.396215,-0.125756,0.071630,-0.106378,14.273527
190491670678,0.956935,-1.054910,-0.421002,0.118856,-0.049450,-0.008800,14.139300
190591718825,2.834313,-1.249388,0.670363,-0.203522,0.221742,-0.176660,13.982070
190691766971,1.614172,0.047627,0.375798,-0.174369,0.098565,-0.158491,13.742275
190791815117,0.049576,-2.115781,0.209793,-0.208197,0.174420,-0.204000,13.733931
190891863264,-0.506500,1.362627,0.021629,-0.309056,0.198347,-0.105083,13.635737
190991911410,2.033348,-1.356976,0.828417,-0.054149,0.048834,-0.021092,13.626944
191091959557,-1.516383,1.771888,-0.327244,-0.274758,0.278378,-0.090043,13.663728
191192007703,-0.334671,0.176182,-0.570162,0.071601,-0.125266,0.136989,13.677934
191292055849,-1.568498,0.580047,0.015214,-0.027219,-0.095709,-0.032237,13.573025
191392103996,0.275947,0.264872,0.013146,0.049579,0.003541,0.070190,13.583333
191492152142,2.025569,-1.147147,-0.475066,0.157089,-0.091149,0.096394,13.466994
191592200288,0.739195,2.081465,-0.300301,-0.161447,0.156317,-0.131047,13.347329
191692248435,0.708356,-0.830615,0.188891,0.033305,-0.022722,-0.008011,13.256826
191792296581,0.553719,-2.713657,1.473055,-0.139125,0.228941,-0.152932,13.033103
191892344727,0.464502,1.155487,-0.559835,-0.113340,0.281688,-0.068542,12.827489
191992392874,-2.552376,2.132123,-0.696333,0.106498,0.001392,0.017770,12.609707
192092441020,0.223521,-0.496557,-0.376943,0.064134,-0.174487,0.090317,12.552227
192192489167,3.640828,0.261415,-0.359449,0.124478,0.064167,0.158153,12.514719
192292537313,-2.268472,2.551039,-0.098476,-0.164527,-0.002845,-0.229349,12.322243
192392585459,1.430675,-4.826298,2.052603,-0.020331,0.199111,0.186692,12.136690
192492633606,-4.044579,4.873612,-0.216345,-0.915757,0.670701,-0.756658,12.025790
192592681752,4.621606,-10.454677,1.566979,0.088907,-0.168169,0.040167,11.871567
192692729898,0.994760,-2.304098,0.898174,-0.709726,0.529676,-0.509403,11.771907
192792778045,6.570997,-8.048765,1.686237,0.389661,-0.487435,0.287917,11.674026
192892826191,-1.558031,1.366054,-0.572361,-0.228531,0.151906,-0.311827,11.442357
192992874337,-2.755320,2.165402,-0.826669,0.476985,-0.420909,0.238789,11.296782
193092922484,-2.952131,1.284388,-0.824905,0.336401,-0.189031,0.175103,11.166145
193192970630,0.789119,-2.836345,0.119919,0.647049,-0.494889,0.480052,10.972036
193293018777,2.665093,-5.175603,1.280238,0.529981,-0.469991,0.403804,10.801732
193393066923,-4.389579,2.875825,-0.508777,0.350764,-0.337043,0.269776,10.627133
193493115069,-0.274392,-4.365918,1.169238,0.517231,-0.525796,0.357875,10.402646
193593163216,-1.766706,2.179338,-0.326648,-0.085417,-0.023291,-0.033555,10.157918
193693211362,0.372896,0.152700,-0.158431,0.178644,-0.177833,0.095781,9.873387
193793259508,-2.338309,-0.160239,0.050864,0.352012,-0.413796,0.156510,9.598461
193893307655,-2.507262,-1.402124,-0.586402,-0.092102,0.109958,0.054546,9.302928
193993355801,-2.277204,0.036651,0.139849,0.358045,-0.305135,0.359980,9.027105
194093403948,-0.921835,3.010622,0.381632,0.405927,-0.323533,0.185080,8.812741
194193452094,4.006244,-9.144372,1.771422,0.859210,-0.777604,0.663721,8.498025
194293500240,-1.290019,-0.541527,0.458657,-0.266081,0.089208,-0.267127,8.213326
194393548387,5.471179,-9.507588,3.620939,0.537431,-0.399314,0.420058,8.106129
194493596533,-0.517104,-0.727749,-0.179737,-0.665326,0.562615,-0.500657,8.056062
194593644679,-2.959145,3.941013,-1.988916,-0.133453,0.156945,-0.117067,8.082970
194693692826,-1.960789,1.986481,-1.582463,-0.514780,0.599496,-0.455553,8.149544
194793740972,-0.754517,1.359569,-0.758590,-0.193928,0.176062,-0.294628,8.087489
194893789118,3.200353,-8.446123,2.583035,-0.674457,0.579617,-0.434236,8.071853
194993837265,-1.426010,0.410098,0.159561,-0.776056,0.575941,-0.614430,8.087011
195093885411,5.322857,-7.620515,1.596486,-0.285308,0.007457,-0.211670,8.157426
195193933558,2.162654,-5.398871,2.525727,-0.621096,0.589844,-0.509192,8.255878
195293981704,3.544736,-5.888330,1.962111,0.071046,-0.044740,0.006178,8.179188
195394029850,-2.164286,5.108354,-1.659471,-0.606464,0.542063,-0.335955,8.169187
195494077997,-1.615340,5.305043,-1.722666,0.744560,-0.780689,0.599918,8.161572
195594126143,0.562104,4.011247,-0.374927,0.394486,-0.288003,0.282524,8.156405
195694174289,-2.737922,4.128897,0.213283,0.798006,-0.745579,0.530243,8.191688
195794222436,1.524594,-8.312942,1.104976,0.945469,-0.853402,0.582657,8.190225
195894270582,-2.478282,4.694962,-0.035598,0.069253,-0.123689,-0.162189,8.091016
195994318728,4.374897,-8.041864,1.113281,0.795434,-0.600585,0.449095,7.948238
196094366875,2.169532,-2.879321,1.167834,-0.214632,0.302832,-0.422526,7.852186
196194415021,0.385675,1.353666,-0.754037,0.432239,-0.304925,0.245383,7.894152
196294463168,-1.722344,6.579834,-0.450606,-0.552449,0.479362,-0.471441,7.915837
196394511314,0.129944,3.805425,-0.390771,-0.341907,0.365532,-0.234611,7.957637
196494559460,2.848160,-7.299671,1.007105,-0.434597,0.341012,-0.358743,7.936360
196594607607,-1.565443,3.348569,-0.389012,-0.760289,0.588300,-0.465320,7.989925
196694655753,5.271458,-7.565187,0.685880,0.116288,-0.107310,0.159662,7.973073
196794703899,-0.380004,-1.539504,0.399254,-0.558580,0.273477,-0.458022,7.972997
196894752046,3.882373,-6.266474,0.887731,0.319037,-0.329041,0.160485,7.966476
196994800192,-0.320280,0.029108,0.632262,-0.144486,-0.053830,-0.082431,8.016145
197094848338,0.649105,2.344878,-0.269274,0.335540,-0.364184,0.299107,8.134815
197194896485,-1.321311,-0.569849,-0.351005,0.126507,-0.049806,-0.048187,8.234953
197294944631,2.686026,-2.784224,1.333120,-0.240476,-0.047558,-0.166681,8.208616
197394992778,-1.479128,0.846080,0.434400,-0.228174,0.149392,-0.145995,8.164198
197495040924,-0.255560,-1.289909,0.998389,-0.348094,0.151351,-0.329109,8.249329
197595089070,-2.929537,2.821537,-1.799145,-0.360805,0.366430,-0.235206,8.402333
197695137217,0.909567,-2.540242,-0.745758,0.060838,-0.085784,0.031554,8.486110
197795185363,-3.180675,4.572185,-1.324619,-0.368891,0.249542,-0.193681,8.499519
197895233509,1.049895,-3.346689,0.206220,0.382742,-0.304590,0.280996,8.582007
197995281656,-0.822911,-4.396818,0.666393,-0.109824,-0.137414,-0.088300,8.732739
198095329802,-0.060181,-3.021531,0.581573,0.364489,-0.362176,0.272916,8.819177
198195377948,1.378334,-5.015953,0.473673,0.436300,-0.375071,0.257057,8.945987
198295426095,-2.805066,0.420018,-0.717150,0.103636,0.005834,0.091606,9.118145
198395474241,1.343100,-3.019833,0.451976,0.254435,-0.228925,0.233250,9.160323
198495522388,-2.381281,0.653542,-1.151826,-0.137489,0.064912,-0.169888,9.367318
198595570534,-1.105703,1.870991,0.226797,-0.040455,-0.026081,-0.076497,9.394200
198695618680,0.530601,1.053894,0.231660,-0.350585,0.225063,-0.290037,9.617845
198795666827,0.420306,2.175367,-0.204677,-0.227290,0.215104,-0.225003,9.760926
198895714973,0.061167,-4.342872,0.431342,-0.326471,0.368492,-0.281747,9.850163
198995763119,-1.183585,-0.813070,-0.824567,-0.305902,0.260899,-0.193982,10.032115
199095811266,-0.697481,-3.430870,0.791198,-0.338480,0.291037,-0.290681,10.253712
199195859412,-1.120545,2.644455,-1.820724,-0.236822,0.330335,-0.176060,10.328293
199295907558,-1.658334,-1.992368,-0.227198,-0.166057,0.154721,-0.030232,10.463250
199395955705,-1.173862,0.903162,-0.992263,-0.151391,0.191625,-0.129012,10.672528
199496003851,-0.752814,-0.459054,0.879334,0.151717,0.089349,0.062543,10.803783
199596051998,-0.910126,0.351802,0.413326,0.160364,0.006457,0.116333,10.975112
199696100144,-1.422202,1.472056,-1.283104,0.181352,0.004281,0.225842,11.069502
199796148290,0.162107,-1.765433,-0.609978,0.285005,-0.093303,0.080234,11.236508
199896196437,-2.264919,2.573559,-1.260231,-0.034282,0.126000,-0.007293,11.294895
199996244583,-1.105398,-1.811890,-0.552998,0.157160,-0.099186,0.150536,11.369128
200096292729,-1.927060,0.591142,0.463238,0.175552,0.013432,0.334998,11.483751
200196340876,-3.572359,-1.013833,0.283173,0.151973,-0.120393,0.012050,11.555494
200296389022,-1.110223,0.911670,-0.016159,0.267220,-0.371161,0.182970,11.615889
200396437168,1.312664,-2.423818,1.040359,0.298883,-0.334921,0.278779,11.674846
200496485315,-1.012748,3.454730,0.171499,-0.047056,0.084364,-0.207149,11.727063
200596533461,-0.419876,-2.753322,0.839746,0.158500,-0.139182,0.245707,11.755167
200696581608,-0.085575,-3.124298,-0.539279,-0.434838,0.319934,-0.207713,11.830425
200796629754,-0.177401,-0.832831,-0.024133,-0.278135,0.228144,-0.225499,11.903649
200896677900,1.157235,-4.653461,1.109968,-0.289231,0.186463,-0.066404,11.975665
200996726047,-3.049602,0.339241,-1.184183,-0.585090,0.539254,-0.252312,12.026419
201096774193,0.888902,-6.674983,0.007033,0.183328,0.034172,0.343049,12.147948
201196822339,-4.144838,4.497657,-0.486652,-0.592050,0.400740,-0.413102,12.162702
201296870486,-1.936630,2.139420,-0.510416,0.570316,-0.587001,0.306817,12.181353
201396918632,-3.951272,7.340005,-0.934910,-0.015821,-0.198863,0.069527,12.160676
201496966779,-3.786383,3.569686,-0.325744,0.851540,-0.716779,0.705957,12.262893
201597014925,5.424863,-6.404003,1.286693,0.586325,-0.611153,0.446674,12.230000
201697063071,-0.147777,0.187665,-1.122744,0.465383,-0.308046,0.440153,12.251267
201797111218,4.604453,-5.254471,1.068183,0.610165,-0.545206,0.482583,12.321811
201897159364,-3.290978,1.876784,-1.580435,0.069868,-0.090020,0.092075,12.258846
201997207510,4.671295,-5.752872,-0.052155,0.617710,-0.444108,0.381362,12.250194
202097255657,-2.746306,1.034936,-1.180020,-0.143410,0.354235,-0.176578,12.289983
202197303803,-1.354719,-0.075051,-0.728987,0.231101,-0.172592,0.152110,12.348412
202297351949,-2.541848,4.187686,-0.639932,-0.297202,0.169685,-0.282254,12.269144
202397400096,2.466480,-2.505840,0.008469,0.257027,-0.134207,0.138672,12.293188
202497448242,1.692986,-5.400511,1.450451,-0.492494,0.386980,-0.349972,12.310672
202597496389,2.309607,-3.171753,0.817269,-0.052431,0.130811,-0.086809,12.326548
202697544535,0.021353,-2.827202,0.135713,-0.236335,0.222319,-0.098465,12.323151
202797592681,0.876114,1.734702,-0.410653,-0.234786,0.380819,-0.046871,12.395166
202897640828,4.495018,-7.740959,-0.404273,0.583758,-0.294909,0.325777,12.406709
202997688974,0.391610,-1.708545,-0.703264,0.038793,0.047756,0.197431,12.297587
203097737120,-5.889135,9.911472,-0.077555,1.460898,-1.023351,0.874494,12.288213
203197785267,0.975681,-5.268664,1.186105,1.456654,-1.155090,1.056422,12.286969
203297833413,-5.072615,9.118294,-2.496254,0.359783,-0.159830,0.150129,12.092365
203397881559,-1.075643,-2.263817,-0.059633,0.759611,-0.739765,0.434818,12.017635
203497929706,-4.766841,6.111474,-1.660720,-0.352235,0.343268,-0.619138,12.070789
203597977852,-0.226838,-4.640244,-0.043014,0.234078,-0.175857,0.269039,12.040646
203698025999,-0.791438,-9.598862,2.463665,-0.474825,0.594847,-0.617558,11.978189
203798074145,-3.785032,-3.505246,1.965299,-0.426483,0.357673,-0.058791,11.999556
203898122291,0.587237,-10.487124,1.107053,-0.200446,0.105554,-0.152511,12.106027
203998170438,-3.632897,-0.725331,-0.149927,-0.240217,0.058938,-0.412708,11.860721
204098218584,-4.414980,2.471722,-2.744469,0.293773,-0.470190,0.491087,11.836467
204198266730,-1.785990,-2.600932,-0.458660,0.370198,-0.273437,-0.290279,11.792710
204298314877,-4.670277,-2.104937,1.050688,0.064874,-0.257938,-0.084046,11.704553
204398363023,-1.995615,-7.648460,-2.627674,0.642020,-0.166796,0.381666,11.792402
204498411169,-2.356919,1.147837,0.001886,0.399082,-0.281033,0.255118,11.813571
204598459316,-0.157560,-2.644429,0.156237,0.526855,-0.268713,0.439242,11.727463
204698507462,-2.367025,4.390380,-1.433880,0.395158,-0.356695,0.158753,11.873872
204798555609,0.038973,-6.070890,0.140422,0.682821,-0.598720,0.433117,11.743882
204898603755,-1.622041,2.419581,-0.821009,0.063220,0.099705,-0.076238,11.850409
204998651901,-1.258275,-5.312061,0.289425,0.496133,-0.353146,0.148889,11.827281
205098700048,2.159959,-4.979947,-0.175142,-0.338300,0.167326,-0.363546,11.974172
205198748194,-0.339140,-5.991506,0.065469,0.012120,-0.026172,-0.296137,12.009576
205298796340,1.071175,-7.202216,-0.132938,-0.360330,0.300389,-0.481877,11.886505
205398844487,0.916595,3.664739,0.896251,-0.508326,0.262467,-0.489832,12.074727
205498892633,0.449411,-7.722326,1.463912,0.065845,-0.235603,-0.153807,12.092877
205598940779,-0.936871,5.353399,0.068696,-0.500484,0.301191,-0.382202,12.234596
205698988926,0.067046,1.109553,-0.748148,1.001457,-0.846108,0.654957,12.218238
205799037072,0.528392,4.756785,-0.132926,0.299163,-0.164148,-0.099328,12.223833
205899085219,0.765841,4.444272,-0.499377,0.727171,-0.526143,0.171923,12.550044
205999133365,0.472774,-5.808569,1.354572,0.876175,-0.667380,0.397322,12.454748
206099181511,0.953813,2.150707,1.780862,0.237803,-0.204583,0.025369,12.609824
206199229658,0.051402,-5.539119,-0.606460,0.450704,-0.250001,0.306246,12.654662
206299277804,-0.587053,2.689381,0.285479,0.268878,-0.074925,0.017175,12.600397
206399325950,-3.634535,-11.559119,1.312891,1.036383,-0.651279,0.414083,12.915912
206499374097,3.447515,4.506824,0.034518,-0.502786,0.415062,-0.483329,12.747187
206599422243,2.356202,6.617756,0.439940,0.324650,-0.194625,-0.002372,12.856304
206699470389,2.796690,4.319682,-0.158490,-0.785920,0.615211,-0.773288,12.848103
206799518536,2.243758,4.295632,-0.493414,-0.434337,0.332106,-0.367740,12.785304
206899566682,-3.725596,-6.582021,0.815970,0.004521,0.107563,-0.087522,12.930478
206999614829,2.891407,6.718632,0.762890,-0.440062,0.502531,-0.337804,12.755678
207099662975,0.907118,-4.072056,0.966451,1.127743,-1.067469,0.670832,12.634297
207199711121,-4.903005,-8.700522,1.158950,0.541490,-0.308784,0.248551,12.785671
207299759268,-3.371512,-6.846104,1.345570,1.361510,-0.894597,0.977079,12.704087
207399807414,-5.694991,-12.151586,1.682490,1.128734,-0.834624,0.774444,12.683927
207499855560,3.037447,4.303771,-0.585396,0.490394,-0.352890,0.233046,12.696093
207599903707,-4.294694,-7.541992,0.738262,0.876989,-0.762748,0.455013,12.557078
207699951853,3.689269,1.452198,-1.236993,-0.346132,0.337378,-0.492298,12.503914
207800000000,1.262074,1.587420,1.069806,0.210474,-0.320398,0.158645,12.508889
