timestampNs,ax,ay,az,gx,gy,gz,speedMps
0,0.657285,0.417364,0.018757,-0.000380,0.000842,0.013400,1.376111
100078833,0.804990,0.198421,0.000014,0.002610,0.009548,0.001995,1.590093
200157666,0.730992,0.446051,-0.097278,0.010570,0.002395,-0.004484,1.708301
300236499,0.666092,0.346151,0.002294,0.012537,0.003759,0.005047,1.864246
400315333,0.560118,0.401049,0.015466,0.007534,0.008130,0.024046,2.015485
500394166,0.850116,0.310436,0.021751,0.006473,0.010549,0.006904,2.169433
600472999,0.624220,0.457508,-0.012269,0.014423,0.010046,0.007000,2.307692
700551832,0.843345,0.327435,0.004013,0.014898,0.008630,0.019246,2.465635
800630666,0.661111,0.488476,-0.004714,0.000150,-0.002260,-0.005508,2.581009
900709499,0.873984,0.267593,-0.002778,0.014971,0.007785,0.010108,2.740958
1000788332,0.825992,0.384120,-0.109776,-0.000055,-0.005729,-0.003036,2.875537
1100867165,0.781523,0.175425,0.047980,0.009989,0.008315,-0.007593,2.944147
1200945999,0.799032,0.266932,0.020400,-0.016237,-0.005132,-0.012699,3.070187
1301024832,0.780478,0.618208,-0.070316,-0.014880,-0.016843,-0.012899,3.206777
1401103665,0.731568,0.227906,0.027748,-0.007120,-0.016319,-0.005435,3.272623
1501182499,2.107274,1.041977,0.863621,0.109207,0.044695,0.056830,3.408919
1601261332,1.379143,-0.290957,-0.044276,0.053830,0.081777,0.066371,3.481917
1701340165,0.690197,0.400573,0.178703,-0.022897,0.019443,0.000782,3.545953
1801418998,0.904507,0.285613,0.014677,0.016376,0.003299,0.026178,3.613655
1901497832,0.724698,0.751192,0.009737,0.080250,0.035857,0.043727,3.444087
2001576665,0.944471,0.369938,0.009526,0.076222,0.037014,0.012101,3.511344
2101655498,0.952278,-0.201053,0.048888,0.030899,0.023507,0.062565,3.473526
2201734331,-1.346518,-0.314598,0.066247,0.085956,0.149513,0.083770,3.452190
2301813165,0.657568,0.276650,0.205830,0.066890,0.087532,0.064771,3.465023
2401891998,0.866201,0.888951,-0.219139,0.010689,0.021726,0.051403,3.405144
2501970831,0.968888,0.064237,0.027477,-0.014382,-0.022102,0.010267,3.355630
2602049664,1.029900,0.627243,-0.104619,0.086129,0.039627,0.019997,3.386637
2702128498,1.303340,-0.343747,0.112217,0.089933,0.052629,0.088330,3.372287
2802207331,1.703401,0.252424,0.528860,0.041785,0.070329,0.202219,3.387019
2902286164,1.559237,-0.723758,0.005503,0.188858,0.123923,0.047159,3.339803
3002364998,0.756654,0.922804,-0.322024,0.089610,-0.014428,-0.031691,3.283416
3102443831,0.943160,0.104848,0.102476,0.000211,0.027815,0.028534,3.263672
3202522664,0.965749,-0.131844,0.167613,0.014360,-0.045783,-0.033860,3.254369
3302601497,0.844098,0.629487,-0.029941,-0.053004,-0.009118,-0.031749,3.228490
3402680331,0.926770,0.069424,0.117440,0.006759,0.001515,-0.003332,3.170232
3502759164,0.989246,0.536580,-0.223489,0.008108,-0.023708,-0.001720,3.108194
3602837997,1.103368,-0.424494,0.018403,0.065263,0.093361,-0.029761,3.110525
3702916830,0.663437,0.458617,0.183049,0.069317,0.013043,0.003706,3.020624
3802995664,1.021599,0.137626,-0.079868,0.002044,0.017956,0.048534,2.912336
3903074497,0.863964,1.453741,-0.414980,-0.100787,-0.044175,-0.055908,2.920294
4003153330,0.596422,0.427809,0.040388,-0.006742,-0.018115,-0.031584,2.769457
4103232163,1.270205,-0.453361,-0.021990,-0.100508,-0.071778,-0.060215,2.689886
4203310997,1.139485,0.263998,-0.175466,-0.071888,-0.039897,-0.013086,2.592554
4303389830,1.034760,-0.179720,0.044063,-0.083896,-0.042389,-0.030797,2.516902
4403468663,0.159001,0.529248,-0.104550,-0.068746,-0.062333,-0.051557,2.394064
4503547497,0.412888,0.599888,0.253416,-0.000266,0.036872,0.023693,2.309455
4603626330,0.544341,0.560232,0.029123,0.040645,-0.019782,-0.001031,2.185917
4703705163,0.812053,0.011506,-0.003454,0.043734,0.001352,-0.005876,2.102725
4803783996,0.491674,0.586404,0.118644,-0.010185,-0.015821,-0.035526,1.987222
4903862830,0.849065,0.091115,0.031759,0.039447,0.003331,-0.008373,1.834028
5003941663,0.636440,0.453717,0.184954,0.001843,-0.006612,-0.013599,1.703355
5104020496,0.756509,0.216974,-0.117212,0.020965,0.008065,-0.032153,1.458501
5204099329,0.570721,0.367037,-0.018858,-0.012663,-0.004357,0.004648,1.248131
5304178163,0.795233,0.335677,-0.059637,-0.000376,-0.014077,0.006109,1.034296
5404256996,0.772546,0.407729,-0.053704,-0.032851,0.003879,0.003129,0.847738
5504335829,0.568651,0.241134,0.042453,-0.004672,-0.009357,-0.001343,0.592356
5604414662,0.868402,0.304880,-0.111793,-0.012774,0.009273,0.011767,0.483692
5704493496,0.705688,0.418320,0.031553,-0.006104,0.002392,0.007816,0.318063
5804572329,0.694626,0.340286,-0.021985,0.014098,0.011528,0.001668,0.207690
5904651162,0.585693,0.283634,0.013792,0.004888,0.009966,-0.001058,0.114341
6004729996,0.656954,0.308102,-0.083675,0.008999,0.009819,0.000255,0.024370
6104808829,0.740664,0.347458,-0.034636,0.000038,0.007632,0.008976,0.088744
6204887662,0.570325,0.200722,0.025449,0.000144,0.002579,0.001031,0.061689
6304966495,0.692162,0.432301,-0.141966,-0.012197,-0.008284,0.008773,0.019192
6405045329,0.387230,0.247734,0.091340,0.004635,-0.023871,-0.007977,0.024397
6505124162,0.506196,0.181559,0.005419,-0.000009,-0.014887,0.009507,0.012999
6605202995,0.713611,0.350465,-0.147345,0.003418,0.002508,-0.022487,0.011742
6705281828,0.322121,0.294134,-0.019057,0.014217,-0.001157,-0.001533,0.007997
6805360662,0.529518,0.338524,-0.032757,0.015975,0.006039,-0.021196,0.006944
6905439495,0.535198,0.190696,-0.026592,0.021073,0.005347,-0.001620,0.006733
7005518328,0.561984,0.402635,-0.078056,-0.008440,0.009227,-0.005954,0.003331
7105597162,0.429960,0.262038,-0.006239,0.003737,0.007257,0.003486,0.008786
7205675995,0.409041,0.302790,-0.010013,-0.021625,0.008232,0.003066,0.020827
7305754828,0.470289,0.257210,-0.094559,-0.013824,0.006905,0.001249,0.016111
7405833661,0.522868,0.149906,-0.052744,-0.018104,-0.001457,0.017834,0.015528
7505912495,0.409640,0.146124,-0.020368,-0.006326,0.003202,0.009269,0.006341
7605991328,0.500251,0.125874,-0.077077,0.000235,-0.002803,0.019092,0.010233
7706070161,0.399635,0.387156,-0.045129,0.013785,0.006818,-0.003209,0.014378
7806148994,0.556978,0.073663,-0.008934,0.035245,0.010676,0.008973,0.021278
7906227828,0.309551,0.234972,-0.080631,0.001447,0.009326,-0.004657,0.010973
8006306661,0.278403,0.280404,-0.048263,0.021539,0.007666,-0.006983,0.008959
8106385494,0.322780,0.367525,-0.125761,-0.013950,0.001968,0.002220,0.009876
8206464327,0.327461,0.006218,-0.024964,0.006788,0.005222,0.002223,0.008433
8306543161,0.341505,0.207355,-0.104851,-0.030324,-0.014055,-0.004533,0.013889
8406621994,0.183496,0.313665,0.008874,-0.012237,-0.013872,-0.008772,0.013558
8506700827,0.190164,0.130409,0.006410,-0.016247,-0.016756,-0.015087,0.008889
8606779661,0.439130,0.382690,-0.112551,-0.007256,-0.008511,-0.029068,0.008757
8706858494,0.295937,0.150306,0.000024,0.009057,0.004857,-0.011689,0.007287
8806937327,0.048345,0.121613,0.054963,-0.005550,0.005780,0.013156,0.012079
8907016160,0.447417,0.017854,-0.125693,-0.006363,0.007865,0.012873,0.013889
9007094994,0.374880,0.364148,0.011104,-0.019252,-0.021780,-0.034614,0.013692
9107173827,0.352250,-0.034856,0.017972,-0.008383,-0.016956,-0.010187,0.011031
9207252660,0.032960,0.284869,-0.064542,-0.031152,-0.026999,-0.014062,0.009496
9307331493,0.323361,0.089408,-0.122931,0.000791,-0.020417,-0.014918,0.003789
9407410327,0.387867,0.300379,-0.031317,-0.017321,-0.008634,0.001369,0.013282
9507489160,0.223990,-0.152821,-0.018217,0.034547,0.018538,0.015702,0.015799
9607567993,0.384988,0.004270,-0.082823,0.007843,0.002492,-0.016424,0.012260
9707646826,0.349617,-0.105054,-0.101021,0.047368,0.024047,0.013101,0.017471
9807725660,0.411769,0.047801,-0.002142,0.015034,0.012203,0.005745,0.033352
9907804493,0.206669,0.214298,-0.032970,0.018442,0.010039,0.019129,0.025470
10007883326,0.323619,0.232988,-0.142633,-0.000362,0.011200,0.016995,0.007968
10107962160,0.255318,0.263431,0.028630,0.038820,0.025042,0.029047,0.007099
10208040993,0.206113,-0.307806,-0.073870,0.031262,0.011473,0.019788,0.008420
10308119826,0.287584,0.244391,-0.169898,0.044115,0.019559,0.014781,0.003371
10408198659,0.266989,-0.232294,0.138034,0.055243,0.008615,0.024104,0.006876
10508277493,0.189285,0.397894,-0.208547,0.024745,-0.007212,0.064669,0.006341
10608356326,0.424047,0.157185,-0.186546,-0.031755,-0.023316,0.064686,0.008239
10708435159,0.076404,0.178334,0.166174,0.000099,-0.042946,-0.078746,0.003126
10808513992,0.360977,-0.264776,-0.104939,0.026126,-0.015339,-0.023880,0.025331
10908592826,0.244871,0.008360,-0.119514,-0.020492,0.005177,-0.007460,0.027433
11008671659,0.523620,-0.214546,-0.073801,0.012401,0.032030,0.036743,0.011077
11108750492,0.167496,-0.025177,-0.026323,0.004261,-0.007257,0.005085,0.002115
11208829325,0.121329,0.210946,-0.176711,0.027385,0.002199,0.014813,0.003987
11308908159,0.372034,0.082372,-0.074551,0.029432,0.012413,0.007282,0.005272
11408986992,-0.137718,0.317800,-0.056845,0.021868,0.023781,0.027969,0.008505
11509065825,0.378002,-0.156127,-0.140308,0.040916,0.026822,0.026708,0.012779
11609144659,0.156127,0.138853,-0.047554,0.003865,0.020594,0.018120,0.010914
11709223492,0.211621,-0.273648,0.021479,0.022845,0.015879,0.033951,0.019180
11809302325,0.222970,0.026969,-0.059171,-0.012391,-0.005778,0.012106,0.010646
11909381158,0.336263,-0.108441,-0.049163,0.018812,-0.005015,0.012744,0.006658
12009459992,0.061019,0.259384,-0.103836,-0.007368,-0.026807,-0.008103,0.011577
12109538825,0.017001,0.206760,0.010253,0.019933,0.005433,0.012836,0.008056
12209617658,0.215926,0.138008,0.074406,-0.016175,-0.012998,-0.012367,0.008617
12309696491,0.294969,0.147469,0.016394,0.001826,-0.001805,-0.021188,0.014670
12409775325,0.254575,-0.267329,-0.029053,-0.013793,-0.015991,-0.026946,0.021754
12509854158,0.022848,0.109374,-0.064633,-0.038967,-0.012599,-0.019411,0.019507
12609932991,0.236681,-0.159459,0.030810,-0.018983,-0.007367,-0.004977,0.015193
12710011824,0.364222,0.099304,-0.080866,-0.043846,-0.010173,0.001792,0.016138
12810090658,0.098985,-0.153315,-0.015986,-0.007175,-0.009220,0.004009,0.010010
12910169491,0.206674,0.255008,-0.060339,-0.013549,-0.009936,-0.011655,0.022034
13010248324,0.270594,0.154324,-0.026315,0.028623,0.013737,0.008679,0.040512
13110327158,0.145157,0.209189,0.022125,0.003896,0.009359,-0.008605,0.045000
13210405991,0.240351,0.131762,-0.149597,0.028550,0.012200,0.006181,0.043757
13310484824,0.073534,0.211789,-0.130632,-0.007063,0.003532,-0.000219,0.032007
13410563657,0.370417,0.064430,-0.125085,-0.044306,-0.016190,0.001260,0.020943
13510642491,0.030079,0.170871,-0.026378,-0.028860,-0.024401,-0.021080,0.003795
13610721324,0.113044,0.068821,0.057736,-0.007005,-0.023010,-0.017648,0.011191
13710800157,-1.232410,0.685264,1.493866,-0.012754,-0.052719,-0.016006,0.019911
13810878990,4.332938,-3.215669,0.373627,0.148109,-0.241969,-0.122461,0.009788
13910957824,-0.514289,1.024084,-0.032420,-0.254459,-0.121151,-0.142028,0.009791
14011036657,1.507178,-1.826135,0.216598,0.093665,0.070754,0.157088,0.024134
14111115490,-0.420497,1.354870,-0.044091,-0.098968,-0.040493,-0.064949,0.025308
14211194324,-0.242401,1.512361,-0.339078,0.221772,0.114012,0.127119,0.017210
14311273157,-0.152693,1.296275,-0.418432,0.072837,0.025632,0.042509,0.006144
14411351990,-0.305445,0.987743,0.016515,0.190667,0.121110,0.152817,0.023227
14511430823,1.119757,-1.455529,-0.004380,0.175637,0.086649,0.103738,0.017357
14611509657,0.373633,0.359156,-0.230807,0.127784,0.083715,0.059833,0.013447
14711588490,0.988732,-1.132872,0.087785,0.167672,0.079918,0.096486,0.025129
14811667323,-0.096037,0.449984,-0.005420,0.012490,0.018204,0.017683,0.025755
14911746156,0.876208,-0.789702,-0.020263,0.096810,0.057122,0.071504,0.022338
15011824990,-0.080330,0.776306,-0.128127,-0.078207,-0.039998,-0.037237,0.016123
15111903823,-0.179680,0.564823,-0.005647,0.026468,0.006319,0.018904,0.010132
15211982656,-0.150022,0.816792,-0.091640,-0.093115,-0.053403,-0.069532,0.011444
15312061489,0.225559,0.172511,-0.053535,-0.011525,-0.012081,-0.018070,0.013554
15412140323,0.495218,-0.670785,0.065497,-0.075531,-0.036303,-0.057477,0.012190
15512219156,0.248054,0.016824,-0.021846,-0.058814,-0.037009,-0.041569,0.020475
15612297989,0.287343,0.029852,-0.026835,-0.063650,-0.031769,-0.030085,0.023411
15712376823,-0.127790,0.609573,-0.006428,-0.066480,-0.050660,-0.044003,0.023713
15812455656,0.397380,-0.108064,-0.027367,-0.009661,-0.010700,-0.006132,0.044014
15912534489,0.105643,0.499305,-0.083818,-0.030323,-0.028211,-0.035906,0.004347
16012613322,0.372220,-0.235304,0.037543,0.038510,0.021549,0.013212,0.019079
16112692156,0.371265,-0.124115,-0.006957,-0.002619,-0.003736,-0.013396,0.004859
16212770989,0.421828,-0.218108,0.001665,0.034105,0.023007,0.021547,0.006443
16312849822,0.089917,0.029776,0.047273,-0.002180,-0.001782,0.018283,0.025174
16412928655,0.071661,0.409446,-0.042388,0.031035,0.018043,0.035674,0.032345
16513007489,0.115407,0.126614,-0.019907,0.023480,0.006798,0.033008,0.023137
16613086322,0.126183,0.273449,-0.033583,0.039721,0.005601,0.020507,0.028748
16713165155,0.356239,-0.076853,-0.070152,0.041724,0.017285,0.014432,0.015286
16813243988,0.295047,-0.018521,-0.085931,0.030081,0.005847,-0.003320,0.028418
16913322822,0.216664,-0.192476,0.019784,0.025565,0.031032,0.007538,0.018315
17013401655,0.199372,0.307819,-0.099732,-0.002710,-0.000672,-0.004118,0.019591
17113480488,0.248425,0.247663,-0.069358,-0.006726,0.009225,0.008504,0.015596
17213559322,0.074605,0.262481,-0.039370,-0.036815,-0.025618,-0.009996,0.007509
17313638155,0.231670,0.136124,-0.048575,-0.025909,-0.012887,0.000779,0.011225
17413716988,0.396854,-0.030722,-0.063525,-0.012061,-0.015582,-0.012508,0.010992
17513795821,0.227768,0.089324,-0.039733,-0.006763,0.000037,-0.014418,0.005422
17613874655,0.333392,-0.081764,-0.071872,0.010475,-0.000116,-0.007398,0.008749
17713953488,0.151507,0.183684,-0.064720,-0.016939,-0.001029,-0.010016,0.012474
17814032321,0.355830,0.029988,-0.055498,-0.010067,-0.008045,0.008973,0.008343
17914111154,0.127222,0.247952,-0.100916,-0.033357,-0.009018,-0.007583,0.005862
18014189988,0.167981,0.119479,-0.037998,0.013077,0.004666,0.009511,0.011229
18114268821,0.165284,0.306894,-0.091985,0.002474,0.006730,0.001128,0.010954
18214347654,0.111341,0.062966,-0.026979,0.033640,0.025184,0.003641,0.004841
18314426487,0.380847,-0.119181,-0.091243,0.025350,0.017732,0.017487,0.005652
18414505321,0.320264,0.094909,-0.074622,0.004493,0.008024,0.016046,0.016836
18514584154,0.155587,0.007177,0.000391,0.000835,-0.003656,0.012038,0.020220
18614662987,0.206610,0.190103,-0.114997,0.012595,-0.005011,0.013825,0.014267
18714741821,0.289398,0.059947,-0.114941,0.014972,0.001299,0.006412,0.010901
18814820654,0.049456,0.111677,-0.071171,0.019522,-0.003333,-0.008919,0.017881
18914899487,0.131637,0.139013,-0.027522,0.032487,0.016302,-0.003113,0.025200
19014978320,0.087429,0.186153,-0.094711,-0.003642,0.000024,-0.013613,0.010844
19115057154,0.259173,0.058095,-0.086712,-0.006431,0.005606,-0.004451,0.020606
19215135987,0.171631,-0.058677,0.045098,-0.023915,-0.000937,-0.002316,0.011836
19315214820,0.269831,0.061066,-0.109473,-0.017696,-0.000660,0.004335,0.005465
19415293653,0.227850,0.044324,-0.063149,-0.024638,-0.008789,0.000356,0.012006
19515372487,0.023152,0.066602,-0.029622,-0.008816,-0.015937,-0.004577,0.030985
19615451320,0.201217,0.050694,-0.128083,0.006091,0.008226,-0.006795,0.015944
19715530153,0.078041,0.102513,0.007723,0.011483,-0.009309,-0.009387,0.021111
19815608986,0.036317,0.004369,-0.024127,0.011643,0.012877,-0.001878,0.022976
19915687820,0.089416,0.083874,-0.076569,0.002492,-0.009894,0.004188,0.030833
20015766653,0.111711,0.006415,-0.005676,-0.009381,-0.004224,0.009612,0.021122
20115845486,0.050035,-0.081614,0.035046,0.000379,-0.012619,0.006192,0.029886
20215924320,0.155176,-0.021943,-0.015491,0.011319,0.004499,0.002701,0.011773
20316003153,0.200994,0.000371,-0.071520,0.016053,0.012400,0.004050,0.005000
20416081986,-0.004691,0.094536,-0.001489,0.014764,0.013947,0.010588,0.004375
20516160819,0.161040,0.011050,-0.052903,0.006058,0.007605,0.005349,0.002862
20616239653,0.073302,0.120948,-0.052279,-0.017909,-0.000552,0.006345,0.015057
20716318486,0.036854,-0.044118,0.025220,0.001587,-0.014575,0.006676,0.039588
20816397319,0.033137,0.044823,-0.064096,-0.000372,-0.002002,-0.009241,0.092074
20916476152,0.085774,-0.020757,-0.003571,0.026893,-0.007917,0.000047,0.153388
21016554986,0.164950,-0.004421,-0.051590,0.019274,0.000882,-0.009563,0.251115
21116633819,0.022239,-0.127537,-0.006864,0.016026,0.001950,-0.007613,0.394546
21216712652,0.142196,0.008913,-0.009077,-0.011879,-0.007461,-0.009978,0.629596
21316791486,0.226636,0.183595,-0.088678,-0.019529,0.000797,0.002021,0.781628
21416870319,0.128209,-0.056808,0.052814,-0.020500,-0.011891,0.006193,1.040498
21516949152,0.079611,0.059938,-0.031477,-0.028765,-0.010520,0.004061,1.264501
21617027985,0.260489,-0.010163,-0.041685,-0.000481,-0.015535,0.001579,1.497220
21717106819,0.112453,0.017160,-0.076573,-0.006663,-0.004663,-0.005693,1.720559
21817185652,0.177946,-0.070322,-0.025520,0.026244,0.005256,-0.001059,1.921354
21917264485,0.191153,0.191011,-0.130269,0.006862,0.014306,-0.011984,2.169900
22017343318,0.016946,0.084710,-0.072108,0.025423,0.015021,0.008325,2.392811
22117422152,0.032094,0.020233,-0.031304,0.000408,0.015164,0.007942,2.578056
22217500985,0.119777,0.144247,-0.148233,-0.003988,0.000009,0.014534,2.772717
22317579818,0.077904,-0.033139,-0.061445,-0.003636,-0.000279,0.010355,2.965474
22417658651,0.048855,-0.017649,-0.056485,0.011590,-0.002136,0.004342,3.178044
22517737485,0.183485,0.048659,-0.141618,0.007163,0.006059,-0.001520,3.367396
22617816318,0.122817,0.076764,-0.097980,0.026589,0.006017,-0.004878,3.573163
22717895151,0.081831,-0.044132,-0.054996,0.016836,0.011957,-0.006526,3.682346
22817973985,0.127579,0.088996,-0.142329,-0.011614,0.000814,-0.002769,3.833788
22918052818,0.135327,0.070330,-0.032129,-0.016220,-0.001384,0.002630,4.021037
23018131651,0.143203,0.050488,-0.046654,-0.013850,-0.001369,0.004726,4.161302
23118210484,0.079989,0.005769,-0.062648,-0.009786,-0.009469,0.007804,4.237298
23218289318,0.099739,0.002243,-0.034393,0.000592,-0.005291,-0.001748,4.329407
23318368151,0.041067,0.027847,0.012371,0.012537,-0.004855,-0.004676,4.424887
23418446984,0.137721,0.067834,-0.118664,0.011914,0.009196,-0.007814,4.479415
23518525817,0.095276,0.059298,-0.034262,0.017236,0.008700,-0.010409,4.572139
23618604651,-0.137672,-0.034358,0.136089,0.020997,0.027485,0.005008,4.703172
23718683484,-0.403172,-0.069142,0.103652,0.034999,0.013230,0.035786,4.823902
23818762317,0.036051,0.110312,-0.052283,0.036475,0.031914,0.031307,4.912545
23918841150,0.395446,-0.140928,0.016675,0.027869,0.004165,0.016784,5.094404
24018919984,0.112761,0.040284,-0.032421,0.026885,0.020836,0.013873,5.153246
24118998817,0.056300,-0.264273,0.001821,0.036630,0.006522,0.019790,5.373299
24219077650,0.055004,0.036164,-0.178820,-0.013277,-0.008615,0.005635,5.458405
24319156484,0.047329,-0.159105,-0.058905,0.009129,-0.000240,0.003187,5.609007
24419235317,-0.023673,-0.051748,0.033980,-0.013065,-0.021155,-0.008709,5.755507
24519314150,0.185830,0.290955,-0.003283,-0.013398,0.002879,-0.008195,5.868437
24619392983,0.219861,0.333173,-0.083856,-0.010407,-0.007176,-0.005343,6.016700
24719471817,0.068864,0.273947,-0.122849,-0.016284,-0.003713,-0.007874,6.134791
24819550650,0.392695,0.286937,-0.128448,0.004788,-0.000022,0.008017,6.396718
24919629483,0.259447,0.464425,-0.101601,-0.016553,-0.006429,-0.010149,6.616449
25019708316,0.398165,-0.002524,-0.058204,0.012528,0.013624,0.012158,6.525165
25119787150,0.448830,0.167747,-0.104612,-0.005775,0.000415,-0.006808,6.653772
25219865983,0.737345,0.295587,-0.111114,0.017642,0.016644,0.011081,6.734777
25319944816,0.774328,0.397244,-0.095574,0.006731,0.018167,0.012876,6.968056
25420023649,1.094743,0.862677,-0.073215,-0.000642,0.026878,0.015654,7.007714
25520102483,1.857523,1.214393,-0.127607,-0.013005,0.031478,0.001950,7.157623
25620181316,1.839781,1.277992,-0.063653,-0.000088,0.013329,0.001136,7.153993
25720260149,1.870846,1.322305,-0.063552,0.000264,0.022496,0.014635,7.283580
25820338983,0.977850,0.884485,-0.178726,0.031987,0.006897,0.014750,7.331723
25920417816,0.944852,0.539847,-0.137105,0.002841,0.005952,0.031188,7.395602
26020496649,1.018069,0.532229,-0.060251,-0.028114,-0.027881,-0.010159,7.562669
26120575482,1.390602,0.765699,0.046080,-0.027048,-0.015832,-0.016329,7.629681
26220654316,1.342579,0.977636,-0.351974,-0.012697,-0.026630,-0.009992,7.587350
26320733149,1.480101,0.921013,-0.260639,-0.005797,-0.005943,0.022606,7.661182
26420811982,1.005204,0.782147,-0.232669,0.039871,0.021885,0.052817,7.871693
26520890815,0.700884,0.048976,0.163166,0.007842,0.019024,0.091429,8.063101
26620969649,0.738586,0.417615,0.105192,0.046096,-0.011832,0.059914,7.967421
26721048482,0.614091,-0.303135,-0.260646,0.052144,0.002103,0.028209,8.388363
26821127315,1.286262,0.929123,-0.209452,-0.008176,0.034374,-0.011458,8.358161
26921206148,1.744349,1.221255,0.212267,0.012198,0.056611,0.043519,8.328657
27021284982,1.117808,0.882423,0.032491,0.062185,0.043083,0.053914,8.474365
27121363815,2.058716,0.783632,-0.300562,0.070940,0.050418,0.062018,8.438231
27221442648,0.041653,0.228978,0.252333,0.052534,0.022707,0.015693,8.558831
27321521482,1.282949,1.037895,-0.056712,0.032917,0.026236,-0.008015,8.474432
27421600315,0.570055,1.116290,-0.392424,0.035359,0.008307,0.000648,8.583552
27521679148,0.514382,0.832147,-0.006148,0.011613,-0.001800,0.039420,8.809479
27621757981,1.363919,0.514513,0.490252,0.020530,0.004349,0.063656,8.935638
27721836815,0.845473,0.595092,0.046361,0.014086,-0.005542,0.051455,8.919302
27821915648,0.678631,-0.073118,0.165350,-0.009557,0.001955,0.010862,8.924818
27921994481,0.099454,-0.458130,-0.306688,0.011217,-0.019232,-0.048808,9.017567
28022073314,-0.697843,-0.112221,-0.144037,0.033715,-0.035225,-0.043479,8.983167
28122152148,-1.438009,0.180291,-0.153618,0.046931,0.001649,-0.011970,9.174513
28222230981,-0.938171,0.873400,0.434144,-0.027781,-0.052429,-0.019354,9.207780
28322309814,-0.476037,-0.114816,0.351074,-0.028158,-0.024044,-0.001524,9.241584
28422388648,-0.289890,-1.062637,-0.017507,-0.088724,-0.046013,-0.015273,9.299325
28522467481,-0.875478,-0.363134,-0.494493,-0.114716,-0.026350,-0.060986,9.399767
28622546314,-0.484563,-0.665215,-0.511809,-0.035671,-0.004643,-0.045415,9.493510
28722625147,-0.816403,-0.047036,-0.116052,-0.052114,-0.060231,-0.035172,9.523777
28822703981,-0.863366,0.037703,0.206479,0.005627,0.003904,0.020507,9.603907
28922782814,-0.760895,0.413942,0.190882,-0.042873,-0.008792,0.035612,9.642066
29022861647,-0.137977,0.008186,-0.151348,-0.071949,0.019887,0.043733,9.832826
29122940480,-0.410238,-0.287773,-0.580488,-0.072560,0.011443,0.007879,9.863954
29223019314,-0.072592,0.073381,-0.219460,-0.026964,0.039862,0.002222,9.960080
29323098147,-0.764887,0.754850,0.184782,0.001482,0.031258,0.020115,10.059168
29423176980,-1.227382,-0.001062,0.206808,-0.056088,-0.033949,0.006642,9.989330
29523255813,-0.318935,-0.567895,0.113561,-0.007348,0.011205,0.023292,10.043734
29623334647,-0.867705,-0.549930,-0.003932,-0.021556,-0.028313,0.017528,10.196936
29723413480,-0.567209,-0.906408,-0.006600,-0.006159,-0.029583,-0.011158,10.237102
29823492313,-0.877120,-0.779674,-0.118222,-0.004235,-0.005287,0.008529,10.276775
29923571147,-0.755095,-0.273878,-0.057476,-0.015346,-0.018311,0.004575,10.326865
30023649980,-0.659534,-0.354690,-0.109319,-0.002361,-0.018761,-0.008787,10.489482
30123728813,-0.867921,-0.322268,0.320681,-0.004084,0.003821,0.004310,10.606530
30223807646,-0.853754,-0.659040,0.089771,-0.009005,0.003058,0.053399,10.584695
30323886480,-0.986673,-0.759239,-0.120362,-0.008357,-0.013789,0.026344,10.621016
30423965313,-0.880935,-0.734569,-0.206727,0.003747,0.004037,0.018671,10.656866
30524044146,-1.413253,-0.651148,-0.082028,-0.033591,-0.018027,-0.016499,10.767711
30624122979,-0.962891,-0.936366,0.054502,-0.013152,0.016055,-0.002529,10.757367
30724201813,-0.842435,-0.914320,0.046033,-0.024717,-0.007417,-0.017732,10.893197
30824280646,-0.810744,-1.101570,-0.011833,0.004687,0.011379,0.012685,11.015731
30924359479,-0.928290,-0.794463,-0.086119,-0.009138,0.000086,0.007845,11.011611
31024438312,-1.422561,-0.914282,-0.066601,-0.026072,0.003211,-0.044949,11.157842
31124517146,-1.508160,-1.286168,-0.051899,0.015268,0.027377,-0.027033,10.978115
31224595979,-1.982188,-1.561396,0.294915,0.034469,0.012605,0.021897,11.037758
31324674812,-1.864953,-1.203912,0.305484,0.044948,0.048888,0.003333,11.225996
31424753646,-1.795795,-1.814623,0.123286,0.071795,0.019879,0.045643,11.200668
31524832479,-1.809202,-1.181113,-0.040811,0.016897,-0.004956,0.011450,11.329144
31624911312,-1.640635,-1.082601,-0.040021,0.019852,0.015338,0.007834,11.333174
31724990145,-1.420291,-0.975281,0.059399,-0.015865,0.000733,-0.005152,11.452413
31825068979,-1.254438,-1.045948,0.102868,-0.001591,0.013816,-0.012186,11.593083
31925147812,-1.025958,-0.874060,0.051032,-0.009007,0.007329,-0.012817,11.618236
32025226645,-0.968616,-0.885342,-0.018056,0.001091,0.007333,0.010581,11.626873
32125305478,-0.988313,-0.706084,0.031408,-0.024619,-0.003088,-0.007290,11.700553
32225384312,-0.290591,-0.082847,-0.149526,-0.023500,0.012622,-0.004572,11.686483
32325463145,0.064921,0.149572,-0.017833,-0.039264,-0.000199,-0.015473,11.625449
32425541978,0.115259,0.278300,-0.003891,-0.027943,0.004317,-0.012530,11.708179
32525620811,-0.222746,-0.221686,0.053228,0.001217,-0.013539,-0.003203,11.675580
32625699645,-0.222561,-0.001826,-0.196981,-0.010046,-0.019386,-0.009841,11.637844
32725778478,-0.072485,-0.320959,-0.088194,0.010635,0.004799,0.001095,11.790442
32825857311,-0.071096,-0.255285,0.040635,-0.005654,-0.007191,-0.009038,11.805824
32925936145,-0.119245,-0.220381,-0.069733,0.003315,0.003995,0.009088,11.766600
33026014978,-0.198274,-0.011218,-0.056187,0.005599,0.002162,0.005296,11.680647
33126093811,-0.277037,0.010223,-0.039216,0.033423,0.019622,0.012407,11.756101
33226172644,-0.289514,-0.073974,-0.016304,0.008482,0.008570,0.010322,11.793865
33326251478,-0.205113,-0.088674,-0.039697,0.019306,0.001666,0.017582,11.832392
33426330311,-0.134313,-0.252850,-0.041044,0.022623,0.011034,0.012453,11.871753
33526409144,-0.170427,-0.108640,-0.023216,0.026985,0.011501,0.003014,12.036420
33626487977,-0.065502,-0.301097,-0.015463,0.021485,0.015889,0.004270,12.079426
33726566811,-0.175545,-0.212567,0.019961,-0.011427,0.000804,-0.000477,12.033829
33826645644,-0.029228,-0.192461,-0.020018,0.000945,0.001520,0.007683,12.154120
33926724477,-0.126664,-0.077920,-0.032951,-0.014489,-0.009262,-0.000692,12.253190
34026803310,-0.209629,-0.066977,-0.011579,0.002599,-0.010308,-0.000959,12.280332
34126882144,-0.176976,-0.063672,-0.018051,0.014090,-0.010247,-0.010610,12.370625
34226960977,-0.126146,-0.116277,-0.024078,0.012500,-0.002991,-0.008333,12.477689
34327039810,-0.096926,-0.191016,-0.068906,-0.003459,-0.005142,-0.008511,12.554770
34427118644,-0.134700,-0.102695,-0.022419,-0.016045,-0.004252,-0.004314,12.615405
34527197477,-0.035578,-0.134543,-0.031146,-0.011355,-0.003483,0.004647,12.670234
34627276310,-0.065054,-0.083386,-0.061927,-0.022685,-0.005820,0.003761,12.763457
34727355143,-0.122227,-0.145320,-0.021396,-0.001766,-0.008075,0.006586,12.751763
34827433977,0.009555,0.020948,-0.081488,0.002299,0.002102,0.002821,12.907402
34927512810,-0.042353,0.062749,-0.029696,0.020291,0.008471,0.001671,12.945305
35027591643,-0.086824,0.047943,-0.039179,0.018044,0.013761,-0.004667,12.848455
35127670476,-0.053744,-0.033672,-0.060208,0.026842,0.018779,0.000136,12.852025
35227749310,0.075991,-0.094097,-0.040177,0.007035,0.005954,0.007994,12.941710
35327828143,0.036884,-0.011312,-0.064161,-0.008402,-0.001381,0.003043,12.947027
35427906976,-0.054442,-0.106745,-0.022388,-0.000126,-0.007085,0.009286,13.058404
35527985810,0.006353,0.004234,-0.101978,0.003638,-0.004583,0.004594,13.106140
35628064643,0.091636,0.022895,-0.090690,0.005394,-0.000524,-0.004774,13.131466
35728143476,-0.010985,0.018737,-0.054743,0.014406,0.000891,-0.004893,13.168932
35828222309,0.013972,0.030836,-0.077590,0.001258,0.009346,0.002840,13.218615
35928301143,0.042387,0.066170,-0.079825,-0.019244,-0.003073,0.001756,13.183784
36028379976,0.036863,0.018427,-0.066916,-0.016402,-0.000993,0.005368,13.254718
36128458809,0.028294,-0.005619,-0.033323,0.000887,0.001318,0.001930,13.427866
36228537642,0.091731,0.055597,-0.049916,0.005853,0.002945,-0.007571,13.492536
36328616476,0.138625,0.037795,-0.081602,0.012521,0.001739,-0.003965,13.420960
36428695309,0.046630,0.026208,-0.058387,-0.007866,-0.003191,0.002509,13.513960
36528774142,0.009826,-0.061561,-0.048955,-0.010602,-0.009472,0.001138,13.724511
36628852975,0.070143,-0.019418,-0.038141,-0.004953,-0.001969,-0.000765,13.720325
36728931809,0.085090,-0.000094,-0.031134,0.011295,-0.001660,-0.009846,13.705790
36829010642,0.147547,0.064973,-0.112868,0.004211,0.010512,0.001424,13.864729
36929089475,0.076975,-0.006591,-0.024483,0.006653,0.008478,0.002279,13.964342
37029168309,0.071227,-0.007290,-0.043270,-0.008421,0.002464,0.006444,14.043113
37129247142,0.107255,0.040700,-0.048815,-0.017042,-0.005307,0.004600,14.030461
37229325975,0.102188,0.015086,-0.007090,-0.007852,-0.007823,0.004652,14.055038
37329404808,0.167135,0.043970,-0.057665,0.004319,-0.005275,-0.003663,14.141824
37429483642,0.086051,0.084000,-0.062449,0.005736,-0.001858,-0.006581,14.243114
37529562475,0.157631,0.081393,-0.042172,0.017656,0.003522,-0.006007,14.346836
37629641308,0.172988,0.085891,-0.045410,0.003216,0.004866,-0.006574,14.357671
37729720141,0.053408,-0.016990,-0.044318,-0.009919,0.001079,-0.002415,14.436938
37829798975,0.113340,0.067974,-0.036910,-0.018703,0.003566,0.004107,14.531890
37929877808,0.127191,0.040772,-0.039172,-0.019511,0.002469,0.011078,14.518708
38029956641,0.123164,0.021470,-0.029375,-0.011358,-0.002980,0.009331,14.520681
38130035474,0.074869,0.058652,-0.024988,-0.007338,-0.007138,0.004998,14.587775
38230114308,0.204210,0.035443,-0.030226,0.010026,0.000212,0.000402,14.696796
38330193141,0.234771,0.066601,-0.000237,0.006494,0.005617,-0.005669,14.725584
38430271974,0.160018,0.045573,-0.035115,0.012912,0.009283,-0.004748,14.772754
38530350808,0.116649,0.150468,-0.010147,0.001730,0.011439,0.000438,14.785020
38630429641,0.220921,0.151692,-0.028349,-0.000679,0.000004,0.002340,14.784733
38730508474,0.173276,0.178815,-0.052481,-0.023531,-0.008921,0.001194,14.815593
38830587307,0.097713,0.027533,0.011876,-0.009199,-0.011812,0.005595,14.875241
38930666141,0.194759,0.062324,-0.036469,-0.007542,-0.011475,-0.002379,14.943459
39030744974,0.162798,0.105595,-0.047555,-0.000386,-0.011942,-0.010528,15.008648
39130823807,0.114755,-0.007506,-0.017123,0.021053,0.005958,-0.006300,15.111347
39230902640,0.210579,0.066722,-0.056473,0.014146,0.007119,0.002334,15.185854
39330981474,0.165088,0.052764,-0.032830,0.001689,0.003991,0.004528,15.197125
39431060307,0.103650,0.093347,-0.018742,-0.005268,-0.004523,0.002806,15.126995
39531139140,0.195282,0.172237,-0.097595,-0.000238,-0.005446,0.012074,15.175321
39631217973,0.203694,0.148289,-0.061277,-0.000811,-0.001841,0.010684,15.312211
39731296807,0.139087,0.149575,-0.048320,0.006425,-0.014859,0.001702,15.425419
39831375640,-0.000356,0.115550,-0.038186,-0.000620,-0.006640,-0.009904,15.467550
39931454473,0.172071,0.175800,-0.061905,-0.004212,0.003329,-0.015066,15.473943
40031533307,0.158235,0.159264,-0.032178,-0.014467,-0.002982,-0.013492,15.433749
40131612140,0.066095,-0.031760,-0.054051,-0.018728,-0.004249,-0.013103,15.480533
40231690973,0.105899,0.180019,-0.051091,-0.031708,-0.014785,-0.004812,15.588276
40331769806,0.311207,-0.047027,-0.108918,-0.015721,-0.008052,0.004675,15.660353
40431848640,0.119158,-0.062065,-0.050374,-0.019348,-0.017692,-0.010534,15.672258
40531927473,0.223087,-0.080645,-0.083954,0.010941,0.001225,0.001357,15.688129
40632006306,0.217797,0.230633,-0.062252,0.006753,-0.008353,-0.024366,15.678757
40732085139,0.187823,0.109431,-0.092252,0.025566,0.001380,-0.004782,15.719688
40832163973,0.112999,0.054892,-0.059913,0.016548,0.004296,0.015588,15.809558
40932242806,0.206859,-0.032503,-0.059322,0.002147,0.004678,0.004701,15.895696
41032321639,0.171944,0.030281,0.011252,-0.006795,-0.005895,0.004475,15.895455
41132400472,0.181190,0.006515,-0.024681,-0.008803,-0.003770,0.015618,15.847810
41232479306,0.182059,-0.002377,-0.092795,0.000165,0.002813,0.015816,15.824666
41332558139,0.133258,0.071764,-0.045313,0.015238,0.006149,0.002732,15.910620
41432636972,0.172005,0.031500,-0.039316,0.024144,0.014140,0.001492,16.059998
41532715806,0.052595,0.036412,-0.060659,0.014558,0.017491,0.003735,16.121432
41632794639,0.129836,-0.022052,-0.082979,0.012732,0.012581,0.004113,16.101872
41732873472,0.096979,0.057100,-0.100316,0.007102,-0.002840,0.003284,16.038858
41832952305,0.358054,0.000682,-0.188784,0.011939,-0.033927,-0.019769,16.087975
41933031139,0.071009,0.087342,-0.101582,-0.020703,-0.043545,-0.032826,16.147808
42033109972,-0.249975,0.170501,-0.024247,-0.003483,-0.027861,-0.006972,16.158954
42133188805,0.029965,0.043811,-0.080320,-0.005463,-0.010745,-0.019181,16.200992
42233267638,0.129462,0.130283,0.010760,0.004099,-0.004336,-0.017007,16.183115
42333346472,0.122309,-0.031969,0.029043,-0.000533,0.003698,-0.003842,16.147417
42433425305,0.215147,-0.003621,0.080469,-0.012241,0.005500,0.000164,16.194718
42533504138,0.253486,0.033863,0.037343,-0.014661,0.017909,-0.005630,16.196319
42633582972,-0.186562,0.527235,-0.457953,0.008924,-0.001232,-0.003907,16.207985
42733661805,0.300480,0.154027,-0.264538,0.042027,-0.001242,0.016467,16.202481
42833740638,0.197740,-0.154305,0.040934,0.032466,0.012671,0.006578,16.146259
42933819471,0.061244,0.120552,0.048712,0.009221,0.013856,0.003753,16.038383
43033898305,0.110961,0.190042,-0.116293,0.007003,0.000575,0.005621,15.913253
43133977138,0.070616,0.096547,-0.031403,0.009677,-0.013036,0.007704,15.834851
43234055971,0.238649,-0.120378,0.051007,0.017578,-0.009720,0.008870,15.840204
43334134804,0.173333,-0.005501,-0.064834,-0.000097,0.003610,-0.003839,15.799020
43434213638,0.003990,0.091866,-0.077688,-0.005148,0.012070,0.000062,15.690060
43534292471,0.077865,0.135833,-0.006108,-0.008136,0.007711,0.003451,15.584184
43634371304,0.133300,0.060443,-0.056142,0.001014,0.004678,-0.003945,15.609704
43734450137,0.052796,-0.019286,-0.100501,0.000399,0.001949,0.008030,15.582662
43834528971,0.202089,0.065180,-0.095444,0.010111,0.011191,-0.002019,15.472008
43934607804,0.176175,0.107221,-0.023470,0.016069,0.013520,0.000719,15.378090
44034686637,0.114174,0.044118,-0.034782,0.019046,0.022781,-0.000062,15.234711
44134765471,0.093301,0.047540,-0.028369,0.008917,0.013389,0.007298,15.222856
44234844304,0.158394,0.059397,-0.067611,0.008130,0.006062,0.011177,15.258077
44334923137,0.107667,0.080392,-0.042205,-0.011389,-0.003448,0.004807,15.187910
44435001970,0.002640,-0.125877,0.029213,-0.000814,-0.014062,0.012039,15.133622
44535080804,0.104523,0.049205,-0.067376,-0.005270,-0.013328,-0.000058,15.049541
44635159637,0.029420,0.068958,-0.028614,0.009573,-0.002855,-0.008068,15.004428
44735238470,0.115476,0.105927,-0.009007,0.012333,0.005647,-0.011134,14.960479
44835317303,0.078589,-0.010663,-0.042674,0.011419,0.011096,-0.005949,15.037643
44935396137,0.000453,-0.105887,-0.069992,-0.014660,-0.004934,-0.011756,15.014489
45035474970,0.051788,-0.069054,-0.098622,-0.022801,-0.016181,-0.020142,15.000475
45135553803,-0.012156,-0.079403,0.010144,-0.024027,-0.012146,-0.013018,14.881166
45235632636,0.058595,0.083203,-0.038365,-0.016248,-0.008842,-0.009256,14.921197
45335711470,0.119739,0.027141,-0.040939,-0.002592,-0.005355,-0.004723,14.944464
45435790303,0.032697,0.122395,0.024155,0.000813,-0.011901,0.001786,14.912064
45535869136,0.006752,0.082510,-0.021513,0.021820,0.013836,0.014987,14.885259
45635947970,-0.112020,0.272608,-0.078320,0.012750,0.013172,0.013260,14.934833
45736026803,-0.032013,0.192273,-0.106472,0.035544,0.017760,0.021052,14.942484
45836105636,0.058173,-0.071836,-0.105588,0.049583,0.009846,0.019841,14.949866
45936184469,-0.141695,0.168333,0.257984,0.032251,0.009795,0.031739,14.959837
46036263303,0.096158,-0.296398,0.168638,0.060741,-0.031971,-0.003850,14.894310
46136342136,0.612799,-0.103356,-0.970110,0.015587,-0.139101,-0.049960,14.911782
46236420969,0.227238,0.385655,-0.095123,-0.095467,-0.053577,0.056041,15.031916
46336499802,0.397504,-1.322869,0.564021,0.032023,0.033649,0.069096,15.044046
46436578636,0.950338,-0.843176,-0.032287,0.029509,-0.023636,0.008459,15.021531
46536657469,0.782615,-0.890857,-0.024950,0.134385,0.058399,0.056402,15.018583
46636736302,-0.044920,0.159397,0.016490,0.065829,0.031302,0.073070,14.954481
46736815135,-0.325354,0.935466,0.094178,0.095847,0.072163,0.085224,14.913824
46836893969,0.474459,0.820258,-0.008466,0.067355,0.033943,0.047976,15.030100
46936972802,0.635100,0.566662,-0.133088,0.060321,0.040824,0.040103,15.036598
47037051635,0.463092,0.070941,-0.079739,0.037106,0.038579,0.041321,15.048218
47137130469,0.615932,0.616372,-0.197887,0.003448,0.032804,0.021313,15.075274
47237209302,2.344229,1.046385,-0.065757,-0.002821,0.068443,0.010967,15.083320
47337288135,3.610282,2.030013,0.117932,-0.046845,0.047003,-0.006372,14.986789
47437366968,2.629200,1.529467,-0.024438,-0.015729,0.002023,0.005288,14.989379
47537445802,1.402745,1.048808,-0.141485,-0.019546,-0.054113,-0.027954,15.059318
47637524635,0.997324,1.062704,-0.243017,0.007760,-0.072746,-0.029261,15.103632
47737603468,1.869164,1.511909,-0.066761,0.034448,-0.065997,-0.022292,15.018440
47837682301,2.370818,1.619065,-0.028269,0.053663,-0.048205,0.006958,15.008440
47937761135,-0.380045,-0.003815,-0.334612,0.083540,-0.057459,-0.003377,15.166551
48037839968,1.413854,0.849038,-0.099750,0.086555,-0.066499,-0.027207,15.248500
48137918801,3.609949,2.037958,0.131234,0.101056,-0.021944,-0.016658,15.232649
48237997635,2.890158,1.720759,-0.004344,0.082927,0.019047,-0.008417,15.195681
48338076468,1.680904,1.691344,-0.018798,0.010013,0.014686,-0.033533,15.248629
48438155301,1.889266,0.789515,0.242320,0.011495,0.014159,-0.024578,15.194955
48538234134,1.983858,0.259816,0.336332,-0.022663,0.009715,-0.065168,15.179713
48638312968,2.151640,0.882720,0.015452,0.003913,0.022091,-0.033816,15.319418
48738391801,1.808722,0.962331,-0.076053,-0.013702,0.016913,-0.044638,15.392330
48838470634,2.069937,1.210097,-0.059653,-0.036097,0.019287,-0.026950,15.311170
48938549467,1.598097,1.332286,0.113686,-0.048425,-0.007944,-0.034628,15.296506
49038628301,1.650687,1.224152,0.226418,-0.028136,-0.065469,-0.067424,15.418120
49138707134,2.246889,0.354843,-0.204818,-0.033251,-0.104363,-0.086190,15.514850
49238785967,1.460750,0.496492,-0.207305,-0.060465,-0.070389,-0.055856,15.425082
49338864800,1.401581,0.165267,0.095487,-0.035145,-0.044411,-0.046931,15.433976
49438943634,0.959361,0.485386,0.051351,0.001434,-0.049409,-0.079714,15.544472
49539022467,1.615368,0.280141,0.021573,0.078000,0.044234,-0.008204,15.532509
49639101300,1.433450,0.916901,0.008478,-0.053601,0.004396,-0.071857,15.487943
49739180134,1.761584,1.571237,-0.241406,-0.068219,0.021550,-0.013750,15.506708
49839258967,2.354569,1.861336,-0.181826,-0.068164,0.010992,-0.043044,15.484582
49939337800,2.050765,0.906276,-0.183322,-0.002182,0.054123,-0.038562,15.509017
50039416633,2.438631,0.876488,-0.220102,-0.050131,0.009331,-0.019662,15.518639
50139495467,2.191830,0.662472,0.011058,-0.067269,0.003575,0.000446,15.465642
50239574300,2.200230,0.838088,0.175342,-0.060870,-0.011915,-0.045150,15.467338
50339653133,1.436852,1.523115,-0.151000,-0.043100,0.014831,-0.064173,15.499723
50439731966,1.569560,0.277916,-0.336474,0.066929,0.062711,0.015315,15.485585
50539810800,1.437814,0.557720,-0.754085,0.063847,0.055042,0.056975,15.469821
50639889633,0.720375,0.516604,-0.813481,0.112756,0.084290,0.024220,15.446139
50739968466,0.999683,-0.316109,0.043333,0.061439,-0.000792,-0.072640,15.440659
50840047299,0.999311,1.700356,0.438086,-0.146898,-0.070139,-0.121211,15.484591
50940126133,1.010380,2.653578,-0.657076,-0.143730,-0.024179,-0.076782,15.486756
51040204966,0.693294,2.071588,-0.286199,-0.130209,-0.133649,-0.179030,15.389715
51140283799,1.330056,-0.004483,-0.252191,-0.089755,-0.106297,-0.122025,15.344931
51240362633,2.173673,-0.858851,-0.135243,-0.281019,-0.191352,-0.152120,15.367231
51340441466,2.574200,-0.787261,0.201432,-0.278524,-0.174953,-0.195612,15.430194
51440520299,2.173217,1.014486,0.024753,-0.450414,-0.351297,-0.290473,15.473629
51540599132,0.094699,3.701646,-0.336094,-0.437427,-0.307078,-0.359544,15.424492
51640677966,-0.300746,2.607877,0.004548,-0.312481,-0.225515,-0.204420,15.379388
51740756799,0.934983,2.165000,-0.151005,-0.179307,-0.086337,0.009916,15.378662
51840835632,3.123095,-1.773765,-0.436608,0.116625,0.139836,0.161884,15.390596
51940914465,2.740177,-2.990379,0.099900,0.093490,0.120812,0.101204,15.393174
52040993299,3.607318,-3.175339,1.214476,0.398146,0.294128,0.358354,15.419748
52141072132,0.962252,0.851380,0.339920,0.203549,0.135221,0.192974,15.312667
52241150965,-0.329914,2.349228,-0.066392,0.281664,0.121889,0.187748,15.174368
52341229798,0.094968,3.272204,-1.039631,0.474836,0.130376,0.210411,15.112631
52441308632,0.848385,1.374874,-0.477233,0.682894,0.287838,0.416080,15.099934
52541387465,2.097338,-0.416264,-0.035107,0.363494,0.226670,0.233473,15.107404
52641466298,1.510503,2.568180,-0.963351,0.111548,0.072713,0.119847,15.154475
52741545132,1.412035,-1.016664,0.076705,0.115131,0.089417,0.158604,15.142680
52841623965,0.891302,-0.868302,0.828463,-0.022158,0.056079,-0.008367,14.972725
52941702798,2.402837,0.688881,-0.361590,0.049615,0.022209,0.181640,14.881152
53041781631,1.688776,2.476259,-0.634344,0.084639,-0.051650,0.090361,14.893482
53141860465,0.916843,1.272169,0.606710,0.084529,-0.149492,-0.105219,14.884270
53241939298,0.320007,1.126314,-0.025503,-0.185492,-0.168317,-0.210374,14.850468
53342018131,0.884553,1.329973,-0.886547,-0.071721,0.070152,0.004651,14.917196
53442096964,2.349633,1.317170,-0.376399,-0.020254,0.088912,0.124181,14.964300
53542175798,0.470741,0.580920,-0.356837,-0.149453,0.055452,-0.130698,14.892885
53642254631,1.132961,0.150250,0.613620,-0.063675,-0.028628,-0.175163,14.795332
53742333464,3.421047,1.215208,0.683561,0.125881,-0.125254,-0.075832,14.756647
53842412297,4.476179,0.291553,0.222903,0.279730,-0.042338,-0.051257,14.799738
53942491131,1.820554,-0.361156,0.192006,0.224059,-0.018672,0.025817,14.854430
54042569964,1.230060,0.828425,0.319355,0.023953,0.107695,-0.004787,14.797683
54142648797,1.932928,-0.500337,0.417384,-0.072986,0.067760,-0.008671,14.796136
54242727631,0.298691,1.621589,-0.996821,-0.200849,-0.092298,-0.104482,14.838679
54342806464,-0.068347,2.947046,0.234246,-0.186981,-0.167074,-0.163260,14.838400
54442885297,0.462577,2.123220,-0.111265,-0.345981,-0.191679,-0.160440,14.738963
54542964130,3.123831,1.771467,-1.050447,-0.212497,0.010662,-0.041549,14.677497
54643042964,1.911445,-0.517163,0.086605,-0.064857,-0.054423,-0.054126,14.691752
54743121797,0.375119,-0.106365,-0.251588,0.000449,-0.089405,-0.180229,14.674672
54843200630,1.926364,-0.899062,0.143306,0.177270,0.038730,0.076564,14.719656
54943279463,1.518321,1.431550,-0.055248,0.260842,0.149304,0.198334,14.724252
55043358297,2.309036,3.586636,-0.308911,0.353780,0.267350,0.272847,14.749783
55143437130,0.393463,2.944382,0.151038,0.374523,0.279111,0.327409,14.794810
55243515963,-0.008810,0.966747,0.065032,0.436840,0.229864,0.374536,14.750054
55343594797,2.042432,-1.518139,-0.389086,0.319188,0.140953,0.227823,14.752373
55443673630,1.226990,-0.168012,-0.341559,0.243874,0.108503,0.155246,14.808070
55543752463,0.514874,0.285913,0.505084,0.216892,0.161141,0.078413,14.839599
55643831296,1.345211,0.190244,1.240704,0.267320,0.250927,0.184329,14.808414
55743910130,0.892444,0.436498,-0.354469,0.263241,0.240137,0.173004,14.818892
55843988963,-1.420029,1.290143,-1.606008,0.141855,0.091345,0.079118,14.786613
55944067796,-0.155871,0.004006,0.242152,0.128153,0.027319,-0.022673,14.708748
56044146629,1.028486,1.374781,0.653824,0.024342,0.071672,-0.008028,14.695631
56144225463,0.169961,-1.732043,1.283106,-0.037830,0.038440,0.091187,14.726407
56244304296,0.099028,-0.675198,1.650247,-0.141819,-0.006843,-0.030690,14.834582
56344383129,-0.752870,0.487379,-0.114815,-0.046445,0.026651,0.043565,14.863082
56444461962,-0.503409,0.912835,0.007998,0.063427,0.084774,-0.046779,14.730072
56544540796,0.818793,1.677323,0.388899,-0.005462,-0.131230,-0.109107,14.706698
56644619629,-0.727958,3.210442,-0.399388,-0.362040,-0.339660,-0.377561,14.850603
56744698462,0.628460,1.304562,-0.366966,-0.252235,-0.265068,-0.370989,14.906686
56844777296,0.507792,-0.229330,0.083813,-0.272663,-0.156905,-0.140726,14.832467
56944856129,1.852414,1.226157,0.730285,-0.263191,0.031096,0.054143,14.901455
57044934962,2.084661,-2.664026,0.238487,-0.111510,-0.056298,0.050058,14.930521
57145013795,1.466806,-3.807832,-0.245196,0.076239,-0.063641,-0.016138,14.899403
57245092629,2.697094,-3.427403,0.285869,0.245075,0.123511,0.117315,14.872080
57345171462,1.175871,2.553930,0.410749,0.157578,0.116746,0.186482,14.798214
57445250295,0.522691,2.724256,0.094975,0.353328,0.289181,0.277642,14.875859
57545329128,0.104157,0.431007,0.791169,0.421076,0.106634,0.173675,14.937303
57645407962,0.706726,0.310061,0.364011,0.415294,0.095324,0.222759,14.910163
57745486795,1.518252,0.900584,0.514467,0.247006,0.227170,0.282771,14.871493
57845565628,0.105998,1.141411,1.320796,0.376511,0.203313,0.283896,14.909726
57945644461,0.072841,-0.482736,0.560584,0.404931,0.109009,0.179610,14.931138
58045723295,2.289963,0.678153,0.279288,0.344924,0.179457,0.166640,14.893489
58145802128,1.444306,0.955682,-0.142579,0.202881,0.122216,0.086491,14.834575
58245880961,0.796857,1.130980,-0.493374,-0.038055,-0.063655,-0.052562,14.714646
58345959795,0.954262,-1.009788,0.169121,0.013006,0.065665,-0.029430,14.645035
58446038628,-0.440748,0.360143,-0.142662,-0.079341,0.105436,0.016239,14.621263
58546117461,0.972222,0.547515,-1.036366,-0.013293,0.070544,0.002064,14.557958
58646196294,1.490108,-1.951117,-0.380133,0.022938,0.065390,-0.045948,14.456116
58746275128,2.007966,-0.896642,0.891876,0.007271,-0.003993,-0.047535,14.334993
58846353961,1.180523,2.482659,1.529057,0.079559,0.000845,-0.009577,14.299536
58946432794,0.848338,-0.439245,1.261762,0.358402,0.170134,0.143988,14.210112
59046511627,-0.871269,-1.615670,-0.085803,0.157771,0.103225,0.107346,14.077584
59146590461,-1.031768,2.865563,0.145907,-0.207891,0.015592,-0.055487,14.022150
59246669294,0.700328,0.806224,0.555929,0.007142,-0.027332,-0.158988,14.011259
59346748127,0.130847,-0.380456,0.273661,0.021900,-0.138892,-0.069773,13.914035
59446826960,-0.694354,1.071169,0.909306,0.025151,0.099310,0.194467,13.725189
59546905794,-2.768098,2.368044,1.520558,0.148674,0.149484,0.209929,13.565267
59646984627,-0.742642,2.526841,1.003511,0.268906,0.075957,0.199823,13.440031
59747063460,2.551036,-2.439602,1.280651,0.469475,0.220590,0.298025,13.400264
59847142294,0.583112,-0.153499,1.003820,0.334052,0.262776,0.353343,13.434496
59947221127,0.964173,1.876057,0.802165,0.532467,0.502443,0.480620,13.366591
60047299960,1.491123,0.381019,0.598481,0.304851,0.309555,0.478018,13.200990
60147378793,-1.733601,3.262421,-0.522637,-0.013231,-0.016112,0.133262,13.036199
60247457627,1.422190,0.727536,-0.291692,0.066632,-0.037548,-0.076103,12.922133
60347536460,1.213553,0.617018,0.389405,-0.036337,-0.173754,-0.132619,12.889015
60447615293,-0.956520,-1.663508,0.447135,0.046914,-0.139885,-0.275387,12.835772
60547694126,-0.172663,-2.897207,-0.467503,0.027824,-0.047351,-0.129560,12.713810
60647772960,0.923131,1.688134,-0.285012,-0.079970,-0.023505,-0.110271,12.642699
60747851793,1.259581,1.396780,0.705195,0.028733,-0.019996,-0.048944,12.517865
60847930626,0.507926,0.147440,1.661958,0.089024,-0.059007,-0.038178,12.328683
60948009459,2.472060,-0.552072,1.749491,0.214217,0.030605,-0.071614,12.261069
61048088293,1.767914,-3.900691,1.074185,0.015982,0.027368,-0.078318,12.268247
61148167126,1.213447,-3.098429,0.296290,-0.138202,-0.019585,-0.008307,12.221578
61248245959,1.883407,1.827898,-0.595274,-0.052679,-0.076220,0.132296,12.092514
61348324793,-0.528236,5.407618,0.503508,-0.443106,-0.334497,-0.221164,11.935229
61448403626,1.757401,5.484624,0.247604,-0.312290,-0.312569,-0.203085,11.851788
61548482459,0.948864,6.293266,-1.395790,-0.521792,-0.356996,-0.264508,11.867574
61648561292,0.559006,1.767373,0.430876,-0.224258,-0.083019,-0.054317,11.902912
61748640126,2.447746,-3.587608,0.971364,0.164436,0.080981,0.144935,11.947913
61848718959,3.594746,-3.701677,-0.215071,0.165093,0.109729,0.169702,12.011382
61948797792,2.984759,-3.666624,0.430781,0.572030,0.190871,0.224926,11.945646
62048876625,0.206937,1.755128,-0.835404,0.536266,0.128896,0.072803,11.854006
62148955459,1.772840,2.620776,-0.902268,0.662127,0.302745,0.344742,11.905859
62249034292,0.688808,1.864216,0.964796,0.449461,0.296821,0.360029,11.908901
62349113125,0.210418,1.933461,0.307877,0.330771,0.289275,0.251595,11.834434
62449191959,3.188339,-3.227740,0.195002,0.006907,0.118023,0.071652,11.788428
62549270792,2.806184,-2.733206,0.644329,-0.156908,-0.037192,-0.072577,11.802911
62649349625,1.921216,-0.509019,0.127001,0.062946,-0.076348,0.012431,11.775871
62749428458,1.713904,-1.646549,-0.427602,-0.112409,-0.088183,-0.053088,11.723845
62849507292,1.759969,-2.186338,0.534497,-0.175582,-0.040927,-0.078996,11.774105
62949586125,0.824377,0.051434,0.933509,-0.209769,-0.081879,-0.131418,11.901725
63049664958,0.342037,0.657478,0.978432,-0.139671,-0.111179,-0.160734,11.949343
63149743791,-1.826412,0.473561,0.097708,-0.239483,-0.163546,-0.132828,11.867124
63249822625,-1.389619,1.190310,-0.869747,-0.127908,-0.014206,-0.014075,11.768697
63349901458,0.503695,2.056648,-0.921795,-0.018544,0.025377,-0.008558,11.803833
63449980291,0.941398,1.977096,-0.456353,0.128849,0.010914,0.025101,11.949981
63550059124,0.641806,-0.835913,0.347941,0.262515,0.058232,0.114170,12.014048
63650137958,0.496911,-1.882527,0.676901,0.186590,0.127005,0.175557,12.086263
63750216791,2.554940,-0.979321,0.424567,0.164875,0.205690,0.209813,12.116003
63850295624,1.422768,0.583750,0.131822,0.043140,0.147238,0.170191,12.082449
63950374458,1.383319,0.825947,0.528591,0.086677,0.092875,0.118351,12.107192
64050453291,2.854878,1.551136,-0.671969,0.239525,0.064316,0.109298,12.160181
64150532124,0.281467,1.272786,-1.684359,0.212704,0.085532,0.065101,12.228567
64250610957,0.528803,-0.240029,-0.857609,0.032645,0.127006,0.042393,12.331783
64350689791,1.842723,0.247501,1.396986,0.089592,-0.024952,0.046314,12.395123
64450768624,0.786674,0.152747,1.365242,0.163487,-0.155145,-0.035627,12.475529
64550847457,0.560764,-0.364516,-0.683960,0.125321,-0.050631,0.023522,12.549096
64650926290,-0.105258,0.470802,-0.617661,0.142445,0.091463,0.127139,12.528017
64751005124,1.409895,-0.390588,-0.811137,0.150345,0.217141,0.177671,12.585497
64851083957,2.172859,0.850784,-1.414323,0.037713,0.188643,0.021226,12.688012
64951162790,1.236644,1.514697,-0.798327,-0.044585,0.073551,-0.024985,12.818553
65051241623,1.184208,0.039265,0.104199,-0.083386,0.035334,0.054991,12.931786
65151320457,0.789386,-0.593531,0.814389,0.087068,-0.045046,-0.019543,12.947076
65251399290,0.892361,-0.186603,1.552378,0.129811,-0.235170,-0.065666,13.038324
65351478123,0.469470,1.991907,0.824665,-0.101425,-0.167576,-0.040277,13.140019
65451556957,0.135348,1.078031,-1.008535,-0.184401,-0.003187,-0.034072,13.152731
65551635790,-0.111221,0.406934,-1.777122,-0.220299,-0.010109,-0.079672,13.201736
65651714623,1.520587,0.641418,-1.480547,-0.128217,-0.031036,-0.098995,13.371425
65751793456,1.395947,1.775144,-0.595332,-0.162425,-0.130564,-0.237596,13.430726
65851872290,0.455283,1.870435,0.834946,-0.037002,-0.073127,-0.071643,13.435360
65951951123,0.731434,0.494856,0.964453,0.054425,0.008186,0.085228,13.447523
66052029956,0.569466,-0.823234,0.059238,0.145321,0.117823,0.100434,13.478493
66152108789,1.104013,-1.876404,-1.085428,0.236332,0.249928,0.156168,13.644879
66252187623,0.996953,-0.834780,-1.376815,0.040391,0.098692,-0.075594,13.678256
66352266456,1.768293,0.339413,-0.166778,-0.050210,0.045770,-0.040889,13.599144
66452345289,1.047132,0.772581,0.038189,-0.010057,0.035421,0.021650,13.633456
66552424122,-0.201633,1.255745,0.637776,-0.002612,-0.034782,-0.031781,13.614416
66652502956,0.623576,0.980723,0.311929,-0.183555,0.018694,0.031684,13.557097
66752581789,0.751141,0.432894,-0.692168,-0.152156,0.083834,0.036933,13.648805
66852660622,2.914432,-0.600959,-0.679950,-0.261986,-0.101315,-0.038221,13.776869
66952739456,2.991063,0.370591,-0.488000,-0.476990,-0.293321,-0.303686,13.869077
67052818289,2.234356,-1.526455,0.882760,-0.259284,-0.195641,-0.197675,13.945774
67152897122,-0.902495,-0.939513,-0.422021,-0.422108,-0.296807,-0.217049,13.977645
67252975955,-0.703375,-2.868997,-1.617422,-0.192530,-0.032560,-0.045499,13.969405
67353054789,-0.191086,-1.627679,-0.139801,0.007954,-0.016229,0.054676,13.960000
67453133622,-4.934239,7.123020,-0.315147,0.713596,0.133130,0.328373,14.058297
67553212455,-7.637096,5.105808,2.080118,1.206165,0.651132,0.380094,14.178997
67653291288,-4.715385,2.825271,2.415708,0.063249,0.096722,-0.424883,14.181799
67753370122,-2.412837,5.528242,0.609000,-0.698065,-0.439038,-0.417444,14.179404
67853448955,-1.628523,4.614182,-0.215471,0.044799,0.045087,0.122604,14.167619
67953527788,0.145042,2.606278,-1.249055,0.536034,0.285802,0.339108,14.095018
68053606621,-1.193067,4.826566,-1.689544,0.498535,0.258478,0.387274,14.066764
68153685455,1.380284,1.266643,-1.046842,0.744481,0.470210,0.455008,14.101699
68253764288,-0.421671,1.604381,-0.331484,0.190375,0.152896,0.104903,14.063317
68353843121,-1.139843,1.752012,-0.021862,-0.040183,0.007407,-0.010461,14.035127
68453921955,2.738082,-2.302416,-0.356474,-0.209559,-0.106203,-0.185988,13.967676
68554000788,1.203390,-3.629909,-0.360975,-0.271983,-0.200617,-0.178739,13.910906
68654079621,-1.409018,-2.683179,0.786125,-0.293657,-0.119853,-0.023678,13.984397
68754158454,0.169996,0.612299,1.394702,-0.289476,-0.166732,-0.055556,14.014933
68854237288,0.538424,0.774563,1.361119,0.009230,-0.136667,0.005868,13.966347
68954316121,1.162965,-1.745455,1.152565,0.078706,0.028291,0.050558,13.883064
69054394954,1.737716,-3.110660,0.503416,-0.171509,-0.040415,0.090037,13.821908
69154473787,-0.738479,0.227805,-1.336170,-0.489588,-0.221788,-0.232864,13.805612
69254552621,-0.728478,-0.859216,-1.832379,-0.108771,-0.053684,-0.148711,13.773607
69354631454,-1.236768,-0.594101,0.501287,0.037744,-0.067937,-0.045975,13.759257
69454710287,-2.954149,3.749979,1.363043,0.488708,0.267664,0.363430,13.768008
69554789121,-3.990777,8.313151,-1.608747,0.451885,0.512598,0.504976,13.817743
69654867954,-6.318409,11.666059,-2.273498,0.626941,0.647997,0.477206,13.839919
69754946787,0.261822,0.737815,1.207775,1.449812,0.899404,0.833835,13.795390
69855025620,0.636163,1.291563,1.807320,0.623936,0.215450,0.246209,13.812839
69955104454,-1.215750,2.802418,0.403179,0.030562,-0.075709,-0.125331,13.813882
70055183287,0.250575,-1.269205,-0.502339,-0.314522,-0.137356,-0.261420,13.783725
70155262120,-1.466946,4.015421,-1.183675,-0.618413,-0.230187,-0.362457,13.794927
70255340953,0.003277,0.558893,-0.893554,-0.334131,-0.021698,-0.139593,13.784436
70355419787,-0.934394,-0.731586,-0.751296,-0.335175,-0.070313,-0.114875,13.812358
70455498620,-1.411179,-0.363174,-0.901309,-0.132618,-0.030483,0.003505,13.868313
70555577453,-3.650646,0.133350,0.102135,0.018737,-0.164686,-0.133215,13.816115
70655656286,-4.538345,0.767506,0.139074,0.219533,-0.062727,-0.043887,13.780960
70755735120,-1.122740,-0.929028,-0.198531,0.156647,0.124963,0.075312,13.821192
70855813953,0.677787,-1.514344,-0.221937,0.282229,0.340399,0.183910,13.795840
70955892786,1.611700,-2.208961,0.123623,0.482669,0.380385,0.291091,13.772886
71055971620,1.346895,-0.677188,0.407924,0.119862,0.129686,-0.034308,13.848511
71156050453,2.400976,-0.028435,-0.688685,-0.023160,0.030553,0.013094,13.888790
71256129286,0.321300,-2.097322,-0.180166,-0.089775,0.072442,0.006040,13.854118
71356208119,-0.471424,-2.118336,-0.017003,-0.040818,0.072514,0.052149,13.885101
71456286953,-1.365976,1.393183,-0.042033,-0.087505,-0.192841,-0.107383,13.926094
71556365786,-1.911691,3.155513,-0.004872,-0.042126,-0.156561,-0.035657,13.978300
71656444619,-0.340557,0.587063,-0.033247,0.023043,-0.003295,0.066567,14.039536
71756523452,-1.322865,-1.352064,1.368341,-0.093309,-0.003984,-0.028447,14.037427
71856602286,-1.245202,-2.051264,0.868497,0.049344,0.086482,0.060092,14.050728
71956681119,-0.569780,0.030316,-0.630523,0.119286,0.023638,0.040533,14.041872
72056759952,0.128148,-1.496142,-1.077429,0.166021,0.077720,0.041988,14.059252
72156838785,-0.418953,-1.887233,-0.898446,-0.142721,0.149365,-0.033417,14.054792
72256917619,-1.611010,0.562315,-0.930363,-0.177599,0.029591,-0.065142,14.058728
72356996452,-1.360085,-0.090203,0.943764,-0.008717,-0.199563,-0.049878,14.124692
72457075285,-1.218339,0.946788,1.347427,-0.196660,-0.278477,-0.200624,14.201495
72557154119,-0.075778,0.574739,0.494155,-0.114248,-0.165074,-0.103137,14.248653
72657232952,0.248864,-0.152244,0.268504,0.007542,-0.012373,-0.032761,14.272720
72757311785,0.405791,1.410762,-0.610746,-0.098264,0.023991,-0.046185,14.312826
72857390618,-1.754817,1.918952,-0.697555,0.111575,0.066407,-0.079761,14.247798
72957469452,-1.912445,-3.273147,1.063765,-0.251308,-0.133176,-0.296160,14.203170
73057548285,-1.889540,-1.107552,1.606283,-0.662597,-0.393069,-0.246106,14.208784
73157627118,1.629090,-2.272207,0.439941,-0.181188,-0.159223,-0.130664,14.131671
73257705951,1.773854,-4.419563,1.615691,-0.070650,-0.226863,-0.117820,14.067818
73357784785,1.010128,-2.495555,1.267513,-0.025789,-0.163099,-0.078493,14.066433
73457863618,1.020546,-0.084182,-0.280977,-0.034231,-0.031538,-0.100533,13.974701
73557942451,-1.617836,2.841735,-0.410170,0.113163,0.078512,0.189962,13.834358
73658021284,-1.231420,4.408584,-0.150160,0.066503,0.064050,0.052715,13.835625
73758100118,-0.704737,2.634775,-0.472220,0.301990,0.156674,0.186745,13.898555
73858178951,0.522980,-2.147850,0.004135,0.546796,0.351390,0.348163,13.797193
73958257784,-1.168249,-0.950941,0.359685,0.279712,0.128281,0.125304,13.688941
74058336618,0.045331,-0.780785,0.206908,0.235241,0.117697,0.086867,13.614071
74158415451,1.906160,-0.833250,1.254806,0.004443,0.163101,-0.014710,13.601152
74258494284,1.010579,-0.432363,0.505892,-0.075847,0.111805,0.052306,13.667602
74358573117,-0.877362,-1.650878,-0.446848,-0.180719,0.015135,-0.174534,13.771427
74458651951,-1.501184,-0.737296,-0.539457,-0.212478,-0.135619,-0.064773,13.826669
74558730784,-1.006420,-2.140544,0.721699,-0.251379,-0.366340,-0.038360,13.798351
74658809617,-0.962790,0.919740,0.049369,-0.460914,-0.310730,-0.330466,13.827733
74758888450,-1.633122,4.681520,-0.114091,-0.010215,-0.062184,0.186396,13.888753
74858967284,-2.157620,1.487582,1.029787,0.160682,0.069116,0.049940,13.805212
74959046117,-2.751053,-0.182382,-0.936143,0.178511,0.226438,0.010066,13.762227
75059124950,0.146075,-1.267058,-1.654690,0.350353,0.377334,0.116713,13.896405
75159203783,0.088758,2.160987,-1.048558,0.176282,0.060147,-0.085378,14.050116
75259282617,1.780529,1.209098,-0.500844,0.225674,0.009619,-0.006701,14.037547
75359361450,1.525839,-2.195657,1.713363,-0.137928,0.159936,-0.154063,13.974926
75459440283,-0.557559,1.186455,2.198112,-0.214625,-0.050017,0.208748,13.939985
75559519117,3.007467,-0.249972,0.979608,0.089780,-0.147416,0.322027,13.872094
75659597950,3.403534,-1.124278,1.137339,0.275848,-0.028506,0.081921,13.834787
75759676783,-3.128072,0.504872,1.328508,0.277512,-0.182388,0.010159,13.827424
75859755616,-2.193205,-0.528582,-0.350090,0.144046,0.065747,0.125698,13.781227
75959834450,0.193172,-1.398777,-0.336567,-0.151758,0.040057,0.081893,13.615935
76059913283,-0.639576,-1.595553,0.213142,-0.251828,-0.161521,-0.218260,13.380763
76159992116,1.986843,-2.352440,0.054940,-0.123618,-0.153860,-0.244848,13.101357
76260070949,2.704686,-0.230071,-0.528964,-0.294266,-0.117282,-0.214375,12.869593
76360149783,-1.350303,1.030436,-1.279882,-0.051071,0.020179,-0.172160,12.643562
76460228616,-2.063179,-0.119163,-1.128611,0.049836,-0.004685,0.076482,12.428681
76560307449,-2.231282,-1.436775,-0.867987,0.021307,-0.074943,0.244455,12.274317
76660386283,-1.865348,-1.297235,-0.508819,-0.067167,-0.177061,0.239125,12.126501
76760465116,-0.602754,-0.898676,-0.180906,0.035996,0.074989,0.053653,12.099664
76860543949,1.286379,-3.803506,1.098712,0.322203,0.212054,0.315704,12.161736
76960622782,-0.315853,-1.845839,0.389163,0.321035,0.083619,0.301241,12.200921
77060701616,-1.764503,-1.189307,0.209673,0.369826,0.081637,0.167785,12.060101
77160780449,-1.706788,1.155771,0.458247,0.127706,0.013469,0.008454,11.893158
77260859282,-1.369832,2.468248,-1.209784,-0.043602,0.111583,-0.033073,11.905196
77360938115,-2.678891,3.401521,-2.735725,-0.181239,-0.001229,-0.127015,12.000513
77461016949,-0.198364,3.341393,-1.201125,-0.128479,-0.119895,-0.112298,11.975174
77561095782,0.876265,-1.132435,0.651946,-0.075475,-0.148448,-0.192626,11.897155
77661174615,0.130978,-0.716975,-0.187446,-0.068401,-0.078930,-0.013238,11.939668
77761253448,-3.345239,2.657371,-0.329477,-0.088207,0.225968,-0.026741,11.942810
77861332282,-2.001621,0.133452,-1.359705,0.455593,0.444761,0.365144,11.910730
77961411115,-0.083523,1.916974,-0.169719,-0.269422,-0.224663,-0.118006,11.890076
78061489948,-1.407674,5.364256,1.172226,-0.700215,-0.577808,-0.533825,11.834566
78161568782,0.697928,-1.416346,1.027717,-0.464218,-0.469275,-0.289984,11.870758
78261647615,-1.519884,-0.477098,-0.336372,-0.668484,-0.426861,-0.378367,11.948100
78361726448,0.135464,-2.229930,-1.970167,-0.099545,0.053535,-0.055198,11.987057
78461805281,0.757086,-5.005912,-1.604681,-0.099186,-0.027035,-0.038522,11.966042
78561884115,2.193785,-5.352249,-0.261061,0.311162,0.178287,0.197370,11.988372
78661962948,2.506704,-4.817132,0.655295,0.528151,0.290928,0.361422,12.044354
78762041781,0.551007,2.243327,1.503023,0.431541,0.203548,0.342044,12.122512
78862120614,1.498263,-0.876141,1.880247,0.578528,0.357495,0.305467,12.169587
78962199448,-1.312926,2.146777,0.082779,0.503039,0.402444,0.294260,12.212740
79062278281,0.053112,-0.835726,-0.804976,0.690120,0.464412,0.487539,12.231194
79162357114,0.023468,-0.490630,-1.742837,0.010718,0.045928,0.088572,12.296962
79262435947,0.864624,1.020268,-0.923549,-0.158161,-0.114518,-0.192176,12.438473
79362514781,-0.354624,-0.698628,0.975777,-0.156863,-0.072299,-0.103536,12.524589
79462593614,-0.348882,-0.703706,1.721192,-0.213030,-0.072179,-0.077450,12.549389
79562672447,-0.092263,-3.425728,1.846591,-0.195624,-0.099255,-0.060894,12.565619
79662751281,0.745364,-2.120780,-0.635976,-0.151061,0.066172,0.001373,12.649163
79762830114,0.767476,-0.740984,-2.023495,-0.160013,0.131102,0.092192,12.791689
79862908947,-1.359744,0.726633,-0.757757,-0.144032,-0.158363,-0.154368,12.894847
79962987780,-1.270012,0.716325,-0.663864,0.151199,-0.061656,-0.148193,12.986857
80063066614,-0.143690,1.305929,-0.612287,-0.026392,0.040884,-0.091756,13.052154
80163145447,0.416042,-0.775307,0.403624,-0.009051,0.049838,0.030331,13.117344
80263224280,2.607775,0.450211,0.479350,-0.081145,0.044756,-0.023665,13.302767
80363303113,2.709274,1.562172,0.455541,0.001356,0.001165,0.030168,13.432574
80463381947,0.637921,0.103974,-0.606131,0.077176,0.047824,0.062804,13.455704
80563460780,-2.966678,0.470479,-0.312211,0.100678,0.188208,0.077968,13.489075
80663539613,-2.440084,-3.700088,1.439036,0.434506,0.416242,0.334097,13.591187
80763618446,-0.610531,-0.235452,-0.170473,-0.152616,0.196723,0.025228,13.715231
80863697280,-0.014103,2.851985,0.825830,-0.009788,-0.053064,-0.181291,13.874252
80963776113,-3.329991,4.185138,2.012571,0.135087,-0.313381,-0.323823,13.980746
81063854946,0.185433,1.932343,-1.258425,-0.185998,-0.073393,0.086942,14.012935
81163933780,1.651786,-2.285538,1.785998,-0.581519,0.032578,-0.029096,14.051976
81264012613,-1.137859,-1.489609,3.348694,-0.428140,-0.111318,0.013885,14.136902
81364091446,2.350153,0.090194,-0.304334,-0.143960,-0.113070,0.230073,14.275189
81464170279,0.785332,2.138988,0.320936,0.099309,-0.186584,-0.187431,14.399323
81564249113,-1.314658,-0.628641,2.200191,0.206101,-0.332685,-0.135662,14.428556
81664327946,1.255508,-0.286201,0.850283,0.048301,-0.095861,-0.132854,14.494114
81764406779,0.885652,0.863900,-0.284500,0.052823,-0.089325,0.054878,14.576172
81864485612,-0.750406,0.503666,-0.591365,-0.045570,0.010531,-0.027596,14.639408
81964564446,-2.536555,-0.006398,0.280664,-0.054879,0.265495,0.127107,14.738588
82064643279,1.435444,-0.447321,-1.747769,-0.155283,0.227674,0.141822,14.727960
82164722112,4.684679,-1.729707,-3.080561,0.082477,0.256661,0.157655,14.654303
82264800945,2.965801,-2.647779,-0.182842,0.377005,0.100978,0.067429,14.746642
82364879779,1.400241,-1.878998,0.942159,0.005985,-0.258001,-0.041362,14.917052
82464958612,0.336517,-0.291030,0.741721,-0.062967,-0.183877,0.006358,15.037974
82565037445,0.553743,0.182119,0.768177,0.067129,0.045739,0.198652,15.049904
82665116279,1.301372,0.092692,-0.394362,0.198998,0.136348,0.069284,15.099193
82765195112,0.150453,-0.913361,-0.978936,0.196303,0.138703,0.056286,15.141724
82865273945,0.784821,-3.177863,-1.386004,0.311846,0.297772,0.163809,15.194631
82965352778,-0.557007,2.018466,-1.295712,0.166190,0.154771,0.209292,15.246867
83065431612,3.011302,-0.971195,-0.664802,0.181092,0.078738,-0.014360,15.236211
83165510445,2.770865,-3.033554,1.230999,-0.274866,-0.262962,-0.334077,15.256357
83265589278,2.436498,1.612417,0.827415,-0.484787,-0.216304,-0.249179,15.239272
83365668111,1.249843,0.463836,-1.501691,-0.322179,-0.036552,-0.113268,15.220381
83465746945,0.890471,-0.112490,-1.187154,-0.102041,-0.065192,-0.208440,15.194980
83565825778,3.179218,-0.620218,-0.906398,0.003021,-0.141562,-0.071666,15.159637
83665904611,-1.853723,5.868542,-0.573788,-0.316881,-0.261200,-0.211001,15.184303
83765983445,-1.941324,4.209926,-0.563813,0.326288,0.096449,0.249986,15.179228
83866062278,0.355269,-2.492258,0.482173,0.752214,0.273055,0.328035,15.233007
83966141111,-2.411898,0.288531,1.172008,0.162423,-0.157648,-0.063920,15.221381
84066219944,-0.294758,0.810771,0.337401,-0.111201,-0.137582,-0.096785,15.207253
84166298778,-1.425379,0.503430,0.238262,0.086753,0.084549,0.112245,15.241226
84266377611,-1.294764,0.924078,-0.253849,0.142078,0.120960,0.037380,15.183096
84366456444,-1.024850,3.130464,-0.905173,0.011082,0.169699,0.089574,15.159956
84466535277,-1.580940,1.922137,-0.635194,0.008100,0.040561,0.059024,15.199658
84566614111,0.056037,2.413982,-0.183772,-0.067160,-0.102972,-0.197869,15.190761
84666692944,-1.500988,1.140634,1.564440,0.155706,0.051732,0.009916,15.082648
84766771777,-1.561852,3.361373,-0.104364,-0.007760,0.195742,0.062811,14.936141
84866850610,-1.340396,2.348261,-0.786026,-0.208185,0.049759,0.035685,14.946553
84966929444,0.490086,-2.895142,-0.786877,-0.055534,-0.180953,-0.224040,14.989497
85067008277,-2.206121,-0.751434,-1.061220,-0.048342,-0.207692,-0.191904,14.908256
85167087110,-2.123937,2.522308,0.064752,0.077720,0.115978,0.197089,14.832202
85267165944,1.689324,-0.231642,0.621965,0.077132,0.111327,0.176533,14.809395
85367244777,1.495129,-0.430294,0.078796,0.245166,0.114974,0.160336,14.833569
85467323610,-0.570143,-2.345054,1.541296,0.374514,0.004596,0.170218,14.817397
85567402443,-3.117686,-1.011620,-0.212646,-0.031173,-0.054960,-0.036349,14.677612
85667481277,0.989207,-4.063237,-1.459884,-0.147628,0.062138,-0.020306,14.608884
85767560110,0.420192,-0.303193,-0.289173,-0.303505,-0.107993,-0.255682,14.613820
85867638943,3.839610,0.161762,0.437927,-0.123976,-0.237264,-0.271019,14.599831
85967717776,1.425998,0.726723,1.115906,-0.175954,-0.203037,-0.136228,14.534868
86067796610,-2.203423,-2.144519,2.418320,-0.311116,-0.152880,-0.124996,14.520862
86167875443,-2.851787,0.421409,1.754395,-0.387415,-0.256321,-0.251025,14.497155
86267954276,-3.179218,0.095858,0.338215,-0.190124,-0.154848,-0.145886,14.528547
86368033109,-2.447013,2.798444,-1.078018,-0.418800,-0.162608,-0.185997,14.484613
86468111943,-1.149466,0.401469,-0.449344,-0.283580,-0.118375,-0.105289,14.426644
86568190776,-2.424839,0.510735,0.581751,-0.351476,-0.228503,-0.255445,14.371080
86668269609,-0.251923,-1.568345,1.372672,-0.289996,-0.226423,-0.136073,14.458825
86768348443,1.131098,0.048236,1.361689,-0.243146,-0.201584,-0.176282,14.487815
86868427276,-2.162006,0.365268,0.532993,-0.174712,-0.192595,-0.141643,14.436239
86968506109,-3.123836,0.716417,-0.640174,-0.217877,-0.058902,-0.059195,14.367658
87068584942,0.974424,-2.610767,-0.463881,-0.489253,-0.374397,-0.276545,14.449211
87168663776,-0.941845,0.669635,0.177568,-0.740077,-0.485045,-0.442028,14.514110
87268742609,0.891237,-4.119359,1.430113,-0.472963,-0.559494,-0.209465,14.530155
87368821442,-2.414159,0.633643,0.917046,-0.797823,-0.567915,-0.423099,14.441745
87468900275,1.224905,-1.959527,1.630342,-0.224411,-0.105930,0.059829,14.371100
87568979109,2.697513,-3.608331,1.882649,-0.271997,-0.045499,-0.053438,14.246923
87669057942,1.689335,-1.917331,2.223352,-0.146747,-0.138827,-0.114614,14.082423
87769136775,2.116370,0.283665,1.627579,-0.107264,-0.305616,-0.209644,14.077394
87869215608,-2.193143,3.615908,2.668954,0.124900,-0.185475,-0.165466,14.227450
87969294442,-1.070922,1.160005,3.196310,0.329931,-0.095553,0.040499,14.162387
88069373275,-0.085034,-2.045646,2.359478,0.056771,-0.232178,0.047757,14.148909
88169452108,2.460204,-0.726048,1.283840,0.012431,0.004099,0.162423,14.073184
88269530942,1.188943,3.608964,-0.636721,-0.311654,-0.093826,-0.045431,14.123687
88369609775,-1.021470,1.247081,-1.133310,-0.260084,0.042421,0.113768,14.159828
88469688608,-1.726014,2.854299,-1.406246,-0.427554,-0.219505,-0.196065,14.057007
88569767441,-0.144595,0.243824,-0.302876,-0.248695,-0.113803,-0.333432,13.961311
88669846275,0.638905,1.180789,-0.880842,-0.330121,-0.071652,-0.111051,14.080716
88769925108,-1.198811,1.669377,-2.239438,-0.444790,-0.153843,-0.262647,14.120384
88870003941,-2.003467,3.307360,-1.920735,-0.545381,-0.182051,-0.254958,14.182476
88970082774,0.557683,1.227099,-0.003976,-0.336069,-0.090766,-0.078328,14.138690
89070161608,-1.324455,0.708222,0.344244,-0.200215,-0.153515,-0.055176,14.215110
89170240441,-1.178421,1.322036,-0.095619,0.070820,0.004349,0.112256,14.320035
89270319274,0.761310,-1.114894,-0.140882,0.188483,0.111745,0.166577,14.250069
89370398107,0.175048,-0.221671,-0.685252,0.018889,0.111018,0.046552,14.221929
89470476941,3.710285,0.000750,-0.917753,0.023558,0.281697,0.113147,14.193076
89570555774,0.863474,1.051476,-0.439690,-0.161545,0.022093,-0.038073,14.209267
89670634607,-0.360955,2.467259,0.291112,0.119366,0.017687,0.044535,14.163278
89770713441,-0.663975,2.069743,0.078772,0.046396,0.013701,0.064348,14.084479
89870792274,0.496338,1.704296,0.792340,0.138341,0.092364,0.122919,14.004721
89970871107,1.170373,0.029898,0.716244,0.105879,0.029518,0.120857,14.017925
90070949940,3.052430,-1.633579,0.435502,0.280561,0.181490,0.225899,14.098290
90171028774,1.665425,-1.757056,-0.911792,0.132617,0.266996,0.121994,14.088696
90271107607,-2.123288,2.109078,-0.464767,0.335631,0.399915,0.337846,13.909749
90371186440,-2.175148,1.157123,-0.555260,0.331719,0.233049,0.209492,13.821700
90471265273,-0.330597,1.467925,0.169820,0.449946,0.131131,0.125646,13.880758
90571344107,2.297783,-2.961170,1.279641,0.360923,0.141481,0.309669,13.733857
90671422940,2.791428,-1.954983,0.059446,0.345970,0.227851,0.227056,13.782530
90771501773,4.656604,-1.532461,0.062334,0.454997,0.238749,0.313352,13.751348
90871580607,1.097324,0.232996,-1.502355,0.196171,0.091429,0.233524,13.601097
90971659440,4.956317,-0.142405,-0.047544,0.284487,0.177344,0.075235,13.645056
91071738273,2.648739,2.555489,0.253325,-0.028877,-0.200872,-0.199386,13.573504
91171817106,0.503417,2.780356,1.279843,0.085006,-0.114709,-0.017140,13.500788
91271895940,0.314786,2.875112,0.610928,-0.230028,-0.166427,-0.147782,13.394026
91371974773,-1.770890,0.921549,-0.345278,-0.211220,-0.119800,-0.184851,13.325356
91472053606,2.859017,1.450828,0.004575,-0.095040,-0.055479,-0.063575,13.295643
91572132439,0.001557,0.507086,-1.923030,-0.137880,-0.063296,-0.133354,13.256429
91672211273,0.632881,0.930145,0.610639,-0.021030,0.014520,-0.057852,13.173884
91772290106,1.313612,1.028605,-0.212845,0.051245,0.049938,0.041766,13.055176
91872368939,0.630409,0.336702,-0.375532,0.139273,0.196819,0.277481,12.944013
91972447772,0.787870,0.067635,-0.912108,0.138844,0.268109,0.296483,12.909969
92072526606,1.389899,0.346290,0.098716,-0.084830,0.071322,0.094930,12.939282
92172605439,1.880013,-2.239637,-0.593353,0.067291,0.029473,0.121401,12.829699
92272684272,1.092803,-3.501427,0.573058,-0.188553,-0.260561,-0.240721,12.706965
92372763106,-0.433303,-0.937046,1.100552,-0.135454,-0.081345,-0.164434,12.614792
92472841939,-2.946096,2.615759,2.188427,-0.015508,-0.263374,-0.375574,12.577150
92572920772,4.370570,-1.097258,-2.120042,0.273158,0.397212,0.198107,12.520292
92672999605,1.428693,5.271214,-3.664803,0.583211,0.291335,0.387393,12.527269
92773078439,2.928933,3.247880,-3.740087,0.183448,0.552162,0.617559,12.512179
92873157272,-1.679143,3.021978,-1.256399,0.197123,0.538063,0.484608,12.463429
92973236105,3.842787,-1.310233,0.816768,0.691038,0.437573,0.423413,12.429156
93073314938,-1.645881,4.845181,1.836542,0.370992,0.031101,0.027356,12.438848
93173393772,0.969250,-0.467313,1.489733,0.455626,0.150947,0.324774,12.423797
93273472605,0.112773,-2.059794,1.442803,-0.036467,0.089455,0.032759,12.471828
93373551438,3.964632,-5.613135,0.686243,0.197032,0.259569,0.114117,12.457416
93473630271,4.336564,-0.753823,-0.593533,-0.513398,-0.284861,-0.485079,12.437637
93573709105,-1.420808,3.916867,-0.692992,-0.225947,-0.201800,-0.269316,12.510142
93673787938,-1.693230,3.635407,0.439009,-0.301536,-0.259159,-0.275702,12.559901
93773866771,-1.712344,1.807100,-0.411739,-0.364046,-0.145902,-0.103923,12.647052
93873945605,0.504029,-1.895855,0.731002,-0.323166,-0.038665,-0.012542,12.644600
93974024438,0.954400,-0.836933,-0.623196,-0.309188,-0.033285,-0.101901,12.692492
94074103271,1.977447,-2.540464,-0.758530,-0.087565,0.027295,-0.039283,12.740433
94174182104,2.072765,-1.067135,-0.878965,-0.128893,-0.001756,-0.089300,12.692921
94274260938,1.175375,-0.684581,0.264955,-0.040278,0.048225,-0.012111,12.831891
94374339771,-0.266049,-0.668755,0.304553,0.002371,0.057741,-0.022234,12.890042
94474418604,0.146771,-0.813663,0.449239,-0.155913,0.001573,-0.069484,13.004186
94574497437,0.609490,-0.657626,-1.848785,0.036588,0.217467,0.149494,12.958004
94674576271,1.870397,-2.623214,0.075831,0.387080,0.252566,0.195593,12.923089
94774655104,1.869552,1.569730,-1.030004,0.364701,0.066043,0.108693,12.937494
94874733937,1.932080,1.281507,-1.021746,0.292815,0.031185,0.052006,12.941602
94974812770,-0.330244,-0.961252,0.018254,0.113759,0.052883,-0.014765,13.093646
95074891604,-0.767064,-0.807858,-1.486576,0.203269,0.420256,0.198675,13.157690
95174970437,-0.031616,1.448666,-2.544163,-0.711427,0.017892,-0.187151,13.051780
95275049270,-0.757705,-0.091077,-1.397663,-0.612360,-0.043060,-0.233841,13.052525
95375128104,-0.412217,-1.277676,-1.062739,-0.344906,-0.093682,-0.126464,13.099642
95475206937,2.611781,-1.857027,-0.832077,-0.033742,-0.053291,-0.154604,13.257765
95575285770,0.393260,0.080351,0.669092,-0.116025,-0.141774,-0.168171,13.238354
95675364603,1.515900,2.488557,0.975651,-0.146990,-0.175955,-0.060887,13.079617
95775443437,0.870176,-1.588073,0.320172,-0.066636,-0.116721,-0.162009,13.181276
95875522270,-1.115584,-0.821716,0.336176,0.100307,-0.072666,0.061779,13.330215
95975601103,-1.311070,1.747937,0.097225,0.047878,0.107074,0.047724,13.397706
96075679936,0.126493,-1.590001,0.239717,0.111632,-0.093736,0.038215,13.176594
96175758770,-0.168621,-0.815676,0.787531,0.504751,0.160419,0.202501,13.158132
96275837603,3.905014,-2.711143,1.080905,0.593300,0.262936,0.425864,13.157152
96375916436,0.256792,2.912192,1.272930,0.344412,0.344986,0.336265,13.135928
96475995270,0.971012,0.951908,1.673005,0.439464,0.313819,0.326958,13.136389
96576074103,-0.741768,0.305918,0.285982,0.315964,0.023208,0.172032,13.205677
96676152936,0.551823,-0.460793,-0.222924,0.023362,0.071346,0.006640,13.276444
96776231769,-0.495162,0.210870,-0.061908,-0.186683,-0.064846,-0.070987,13.192843
96876310603,-2.537272,1.488608,-0.920442,-0.281804,-0.090153,-0.097081,13.123153
96976389436,-0.053630,-0.822793,-1.092506,-0.174545,-0.079721,-0.045375,13.191320
97076468269,-1.669986,1.760540,-0.080580,-0.198459,-0.190065,-0.170679,13.235228
97176547102,0.949916,1.650131,-0.401781,0.199259,0.041893,0.110212,13.173707
97276625936,0.699726,0.158438,-0.065117,-0.043782,-0.077584,0.043728,12.995121
97376704769,1.317592,-3.936129,-0.462048,0.265614,0.076103,0.188536,13.002129
97476783602,0.118270,-2.270583,-0.770296,0.110907,0.094863,0.140901,13.093540
97576862435,0.522805,1.496524,-0.377813,0.285134,0.098132,0.163131,13.029214
97676941269,0.892632,2.415554,-0.418914,0.166949,0.103699,0.119195,12.954540
97777020102,-0.388072,2.132306,0.137291,0.159341,0.063411,0.062723,12.863836
97877098935,2.229152,2.847101,0.110546,-0.064598,0.064451,0.047014,12.752447
97977177769,2.925088,-0.358005,-0.364853,-0.053417,0.024319,0.008283,12.611845
98077256602,0.821283,1.666962,-0.203775,-0.022906,-0.051153,-0.148428,12.513031
98177335435,1.983808,1.003355,-0.538486,-0.072797,-0.044772,-0.084970,12.440613
98277414268,1.416312,1.871486,-0.670661,-0.114533,0.140051,0.047666,12.204369
98377493102,-0.872964,1.830475,0.195200,-0.108431,0.259833,0.112296,12.095872
98477571935,-0.187512,0.927607,-1.057955,-0.085084,0.017461,-0.038008,11.940194
98577650768,1.236880,1.161483,-0.913272,-0.169965,-0.071536,-0.171063,11.883359
98677729601,-0.220045,1.346984,1.059274,-0.056295,-0.194030,-0.144842,11.776329
98777808435,0.416185,1.480235,0.669231,-0.024863,-0.076900,0.056801,11.579656
98877887268,0.550303,-0.523548,-0.449091,-0.073867,-0.017515,0.014707,11.390233
98977966101,0.814332,-0.981667,-0.157183,-0.085501,0.022276,0.029135,11.244746
99078044934,2.875154,-1.446895,-1.562049,-0.000525,0.163816,0.187134,11.211965
99178123768,2.082456,0.914530,-1.998774,-0.043787,0.243271,0.209070,11.166407
99278202601,0.435443,-0.356264,-0.534552,0.107300,0.083547,0.037054,11.095237
99378281434,-1.875990,-0.832729,-0.210002,0.127736,-0.014590,0.071331,10.845784
99478360268,-0.912701,-1.162076,-0.339643,-0.112218,-0.025052,-0.110382,10.764568
99578439101,3.176901,-2.182381,-0.338906,0.000321,-0.064833,-0.033806,10.571746
99678517934,0.309363,0.958456,-1.005506,-0.236512,0.016062,-0.222342,10.494918
99778596767,0.929818,0.037293,-0.748913,-0.131296,0.009143,-0.145744,10.447884
99878675601,-1.197769,1.452599,1.295080,-0.123339,-0.266377,-0.117304,10.445686
99978754434,-0.357378,-0.653936,-0.316325,0.099512,-0.130832,-0.075598,10.425961
100078833267,-1.209048,-1.291359,-1.429751,-0.001708,-0.111854,-0.139452,10.330875
100178912100,-0.083326,1.374071,-0.636013,0.161209,0.043114,-0.024763,10.298396
100278990934,0.624853,0.433525,-0.928684,0.156961,0.180126,0.061231,10.151514
100379069767,1.831216,2.940918,1.595667,-0.025181,-0.017077,0.052596,10.186634
100479148600,2.866154,0.780193,3.059109,0.258842,-0.035899,0.187187,10.050892
100579227433,1.300762,-0.299398,2.603735,0.014217,-0.339688,-0.052801,10.344296
100679306267,2.168188,-2.839081,1.585871,0.123946,-0.036891,0.175092,10.369381
100779385100,-1.476951,-1.418359,2.744438,-0.063780,-0.045484,-0.023468,10.156136
100879463933,1.186261,1.122140,-0.945272,0.043941,0.103221,0.003444,10.189320
100979542767,2.677571,0.117294,-2.778981,-0.066439,0.230038,0.129541,10.213321
101079621600,-0.385288,0.475428,-1.828975,-0.015962,0.097858,0.029703,10.460052
101179700433,-0.500154,0.081741,-1.461155,0.343219,-0.076151,0.123912,10.515750
101279779266,2.400962,1.241206,0.797410,0.140666,-0.036153,0.087530,10.487739
101379858100,2.931299,-0.849175,1.812241,0.188433,0.014015,0.032724,10.383507
101479936933,3.088166,-3.103457,1.131557,0.079423,0.042819,-0.099975,10.448596
101580015766,1.377647,-3.038060,-0.558567,0.144065,0.068669,-0.031605,10.582244
101680094599,1.754033,0.691904,-1.362354,0.036433,-0.030709,-0.179599,10.766184
101780173433,-1.120082,-0.146369,-1.980668,0.202268,0.112347,0.054581,10.586973
101880252266,-0.754854,-0.229455,-0.307603,0.091154,0.099844,0.135202,10.739259
101980331099,-1.405247,-2.213486,-0.638023,0.203354,0.182771,0.161896,10.785091
102080409932,2.470494,-4.758669,1.182801,0.287886,0.061657,0.138435,10.886858
102180488766,1.662805,-3.406315,0.290450,0.248923,0.092544,0.032608,10.833021
102280567599,-1.461665,-4.862306,-0.622369,0.198611,0.143319,-0.016824,11.023365
102380646432,-0.881283,-3.685053,-0.078636,0.272411,0.095139,0.046976,11.137734
102480725266,-0.630427,-3.200269,0.288872,0.128479,0.115227,0.063333,10.867154
102580804099,1.351508,-4.716463,0.812059,0.306187,0.266600,0.081562,11.016387
102680882932,1.283728,-5.477765,-0.897953,0.014171,0.050820,-0.046938,11.122202
102780961765,4.243375,-6.079389,-0.441520,0.246969,0.377556,0.187879,11.249921
102881040599,1.855429,-1.068130,0.077314,-0.019282,0.079874,-0.106231,11.160336
102981119432,2.679627,-0.031266,1.339258,0.586257,0.207837,0.142427,11.245045
103081198265,1.584490,0.724808,1.025532,0.399605,0.072031,-0.005727,11.204348
103181277098,-0.381989,-1.463755,0.356395,0.652331,0.328178,0.188551,11.280100
103281355932,0.956219,-5.248550,-0.369372,0.537668,0.353306,0.104018,11.060207
103381434765,0.215023,-1.032153,-0.562195,0.279938,0.217559,0.074818,11.260615
103481513598,1.716814,-2.457013,-0.285125,0.333574,0.171242,0.118138,10.914717
103581592432,1.543794,-1.479466,-0.630074,0.412398,0.256621,0.175141,11.103643
103681671265,-1.523537,0.264175,0.584203,0.243278,0.285267,0.086429,11.086861
103781750098,0.398467,-2.308919,0.304591,0.458862,0.333874,0.267213,11.118847
103881828931,-0.006991,2.926420,-0.101980,-0.094189,-0.014521,-0.222081,11.003165
103981907765,1.941975,-1.234061,-0.039619,0.203374,0.100492,-0.024453,10.975910
104081986598,0.946745,-6.488490,-0.645508,-0.409415,-0.233907,-0.371375,10.951515
104182065431,1.669349,-2.093885,-0.850422,-0.533963,-0.300065,-0.428564,11.036383
104282144264,2.346960,-7.437903,0.532132,-0.086240,-0.131083,-0.117972,10.811276
104382223098,0.780523,-0.353327,0.231999,-0.569550,-0.306089,-0.363286,10.869057
104482301931,0.030530,-6.923629,0.844889,0.366449,0.143740,0.118492,10.976958
104582380764,-0.102893,-1.535142,0.408779,0.033113,0.008889,-0.049056,11.049463
104682459597,-0.971039,1.790356,-0.331547,0.381256,0.284601,0.232308,10.855649
104782538431,1.525946,0.476841,1.420881,0.326285,0.234100,0.110850,11.158606
104882617264,-0.148625,1.414580,-0.467214,0.206475,0.171285,0.115475,11.119723
104982696097,4.107132,-0.916153,0.442315,0.159377,0.133325,0.080133,10.970229
105082774931,5.158873,0.132420,0.382056,0.097554,0.094253,-0.038839,11.022525
105182853764,1.257076,0.174954,-0.887605,0.026577,0.086255,0.061776,11.035667
105282932597,0.774866,-0.752206,-0.051719,0.094874,0.053201,-0.015000,11.140278
105383011430,0.304583,1.788626,-0.611434,-0.109607,-0.090497,-0.041056,11.183620
105483090264,1.154757,0.997522,1.278254,0.257836,0.120088,0.127580,11.117429
105583169097,3.064049,-2.893209,0.646404,0.020022,0.047407,0.108189,11.202858
105683247930,4.263222,-1.431927,0.307236,0.260149,0.300501,0.217817,11.218893
105783326763,0.728928,-0.878950,0.906010,0.280710,0.051811,0.140048,11.293050
105883405597,0.292079,2.211098,-0.778305,0.355655,0.056749,0.086794,11.075215
105983484430,1.905118,0.609013,-0.609644,0.210145,0.094699,0.157327,11.109127
106083563263,-1.070644,2.713908,0.122730,0.138894,0.230333,0.101474,11.223651
106183642096,1.757179,-2.052441,-0.968562,0.282664,0.334478,0.336099,11.108299
106283720930,3.262265,1.355914,-0.653376,-0.006769,0.153205,0.065043,11.199154
106383799763,0.957107,-2.613350,1.054415,0.332248,0.062690,0.102241,11.213564
106483878596,1.789752,-2.854872,-0.599517,0.368077,0.191945,0.139469,11.221264
106583957430,1.820600,-4.675190,-1.420481,0.208297,0.306614,0.075405,11.206264
106684036263,-2.215587,-1.711826,-0.541742,0.199622,0.153812,-0.064127,11.274486
106784115096,1.925433,1.664113,-0.795238,0.202905,0.096198,-0.027870,11.374741
106884193929,2.992630,0.470170,-0.250427,0.353288,0.140875,0.115246,11.249619
106984272763,0.059896,1.896458,1.068834,0.164432,-0.007167,0.016945,11.252551
107084351596,0.697906,-1.337779,-0.216342,0.141366,0.159448,0.180616,11.344047
107184430429,2.001031,2.381267,-0.319696,-0.133356,0.168444,0.036978,11.386267
107284509262,1.245724,1.336295,-0.555223,0.024213,0.093791,-0.012281,11.689241
107384588096,0.418389,-2.339805,-1.508152,-0.054615,-0.061884,-0.136858,11.496939
107484666929,2.101196,-0.549066,-0.211706,0.065210,-0.054589,-0.005753,11.723819
107584745762,2.859206,-0.116928,0.524751,0.019305,-0.039235,0.060097,11.850033
107684824595,-0.576172,-0.901180,2.302963,0.256776,0.129671,0.041793,12.003849
107784903429,0.333753,3.166786,1.699044,0.009335,-0.158890,-0.141935,12.151291
107884982262,3.460304,3.756894,-2.292039,-0.259828,0.076629,0.053574,12.215547
107985061095,1.186731,0.853754,1.164896,0.230290,0.292280,0.391099,12.205098
108085139929,-0.433798,4.628990,0.714239,0.239444,-0.181091,-0.253187,12.222520
108185218762,0.508705,7.213111,-2.719015,0.570813,0.039486,-0.072288,12.382819
108285297595,1.101065,-2.522551,-2.269996,0.101711,0.410058,0.579112,12.648833
108385376428,2.087225,-2.364274,-2.671625,-0.266767,0.359411,0.277248,12.753084
108485455262,0.774828,-0.632045,1.612618,0.230844,-0.152828,-0.049962,12.827980
108585534095,2.675791,1.004731,-1.391109,0.185881,-0.306815,-0.151949,12.967190
108685612928,0.315274,-0.709141,0.813068,-0.229056,-0.120863,-0.084190,12.969388
108785691761,-2.988861,-2.564981,-0.710317,-0.172404,0.143670,0.031556,13.100600
108885770595,-0.305071,0.233993,0.143556,-0.147194,-0.187415,-0.167277,13.306509
108985849428,0.343399,-2.264650,-0.876570,0.336511,-0.078321,0.123262,13.292350
109085928261,0.603666,-0.363429,1.413747,0.388540,-0.173331,-0.098081,13.254925
109186007094,2.129116,1.612773,-1.009240,0.501976,-0.051156,0.144303,13.302560
109286085928,2.603394,0.921919,-1.674782,0.155212,0.386378,0.262102,13.377349
109386164761,-5.133996,5.618928,0.457064,0.035017,0.552838,0.309302,13.437122
109486243594,-0.679460,-2.298596,-0.696228,0.183311,0.218434,0.263386,13.558075
109586322428,1.993938,-1.076393,-0.883438,0.627767,0.236222,-0.012130,13.710630
109686401261,2.503006,-9.476424,2.925436,1.187712,0.272233,0.582267,13.713944
109786480094,0.461553,-2.024676,-2.290379,-0.245001,-0.518612,-0.367920,13.719759
109886558927,1.815540,-5.148154,-0.381185,-0.145092,0.277153,0.295643,13.760784
109986637761,0.019342,-1.488451,1.206029,-0.532326,-0.084011,0.126690,13.772961
110086716594,2.374189,4.582683,-0.484359,0.024586,-0.034820,-0.312975,13.925643
110186795427,0.899151,3.241860,-0.209187,-0.257176,-0.436647,-0.307601,14.082699
110286874260,1.808111,3.235400,-1.138889,-0.164567,-0.155137,-0.341483,14.083026
110386953094,-0.318578,-0.123332,-1.245726,0.008017,-0.177530,-0.132705,13.988699
110487031927,1.205948,-1.962711,0.070019,-0.120236,0.052180,0.138223,13.893287
110587110760,2.458606,-5.162587,2.092496,-0.152266,0.083732,-0.020395,14.037910
110687189594,0.489619,-4.174475,0.624437,-0.125872,-0.149806,-0.076904,14.127230
110787268427,1.567990,0.669486,-2.790603,0.270736,0.293239,0.075306,14.085553
110887347260,-2.936369,-4.737275,-0.415648,0.635944,0.331604,0.253851,14.067622
110987426093,2.222964,-1.732372,-1.555642,-0.069694,-0.204882,-0.205326,14.114195
111087504927,0.278207,-2.358953,0.268690,-0.041748,-0.044941,-0.011825,14.133265
111187583760,-1.219771,-3.742487,-0.239181,-0.285405,-0.183952,-0.108678,14.150814
111287662593,-1.017987,2.734372,0.116339,-0.364366,-0.227634,-0.280440,14.223186
111387741426,-0.530500,-0.321002,0.443069,-0.141742,-0.142498,-0.128181,14.146045
111487820260,0.307582,1.566014,0.222499,-0.146974,-0.134515,-0.117909,14.037287
111587899093,0.736783,-0.727752,0.887497,0.132048,0.000198,0.056448,13.993124
111687977926,-0.659084,2.289290,0.665005,-0.003639,0.057495,-0.018595,13.982046
111788056759,-0.323772,3.501000,-1.202862,0.094837,0.103462,0.106495,13.994320
111888135593,-0.277156,1.453588,-0.134529,0.244402,0.051036,0.090250,14.002966
111988214426,0.029759,-1.606933,-0.343925,-0.013091,-0.026199,-0.036589,13.946550
112088293259,-1.954456,0.492535,-1.244745,-0.083986,-0.001563,-0.180494,13.860406
112188372093,0.849366,3.519365,-1.899899,0.328652,0.015694,-0.132759,13.818088
112288450926,1.306715,-2.558863,-0.918656,0.345399,0.340607,0.538485,13.766224
112388529759,-1.332228,1.460694,2.313224,0.027757,0.146079,0.262907,13.798117
112488608592,0.191386,-1.291467,-1.327185,0.045111,0.079636,0.177279,13.760474
112588687426,0.055624,-0.391504,-1.210269,0.123451,0.016493,0.077242,13.637982
112688766259,-1.139511,2.501583,-0.970782,-0.164047,0.198552,0.026453,13.616891
112788845092,0.412406,0.346365,0.176186,-0.041825,-0.162755,-0.074259,13.686200
112888923925,-2.288366,-0.860719,-0.001430,0.344133,0.018019,-0.070517,13.599901
112989002759,1.760553,-0.629629,0.289477,0.040777,-0.071588,0.108258,13.499794
113089081592,-0.945878,0.322168,-1.535421,-0.296584,-0.120171,-0.334402,13.436430
113189160425,0.425684,-6.517074,0.105822,0.197881,-0.031698,0.162949,13.463930
113289239258,-1.747240,-4.414392,0.710320,-0.396809,-0.406066,-0.263039,13.435830
113389318092,-2.725287,0.018663,1.333427,-0.098424,-0.122167,-0.158785,13.355280
113489396925,-3.431734,2.514300,2.424167,-0.468279,-0.395940,-0.203937,13.370199
113589475758,6.754598,4.948066,-5.387883,-0.824865,0.136965,-0.216750,13.349692
113689554592,-0.946518,13.323394,-4.777263,0.748409,0.620950,0.370681,13.274554
113789633425,2.017914,-3.710203,-1.601217,0.614646,0.687095,0.733984,13.236482
113889712258,-2.823806,0.973606,-0.618904,-0.068748,0.227947,-0.115636,13.167516
113989791091,-0.516445,-0.572434,2.255012,0.334187,-0.092217,0.227502,13.140296
114089869925,0.963298,3.340591,1.442107,-0.177484,-0.276702,-0.352445,13.150537
114189948758,-4.241668,0.356306,-0.454083,-0.215131,-0.023908,0.077328,13.201416
114290027591,-1.943106,-1.625932,-1.870428,-0.035822,-0.269044,-0.289437,13.235703
114390106424,-1.532652,1.346884,-0.178145,0.052748,0.003279,-0.009838,13.159795
114490185258,-4.457862,2.636025,1.682189,0.272148,0.125669,0.608443,13.108524
114590264091,-0.203956,-1.505485,-2.043772,0.032530,0.374915,0.098693,13.144508
114690342924,-0.335335,4.585251,-2.200481,0.125805,0.211924,-0.091204,13.122790
114790421757,3.398621,-4.510876,-1.628182,0.178893,0.467896,0.483286,13.180532
114890500591,1.878903,-0.674598,1.280920,-0.142394,0.204974,-0.029110,13.206804
114990579424,-0.395628,0.563246,0.646854,0.140806,-0.050105,-0.013111,13.141961
115090658257,-0.304485,-0.302782,-0.168115,-0.200108,-0.257778,-0.071722,13.226666
115190737091,-3.391325,4.279993,-0.545332,-0.225271,-0.257805,-0.259231,13.256023
115290815924,-0.230063,0.502427,1.153478,0.011583,-0.118586,-0.118423,13.270669
115390894757,-0.111272,-2.416226,-0.162575,0.151923,0.211488,0.152634,13.326481
115490973590,-2.329230,-1.432863,0.185823,-0.263963,-0.006057,0.113223,13.436564
115591052424,-2.932824,5.401617,0.108597,-0.433003,-0.286647,-0.261753,13.451497
115691131257,1.891970,-3.305215,-1.208293,0.064503,0.060797,0.140919,13.535735
115791210090,-3.345124,-1.577784,2.549939,0.334581,-0.202265,-0.234712,13.667023
115891288923,-6.043159,5.017494,2.388253,0.232455,-0.426002,-0.246523,13.702725
115991367757,-0.447474,0.446319,-2.785781,-0.110962,0.227842,0.077063,13.774541
116091446590,0.965474,-1.371173,2.316283,-0.214352,-0.005559,-0.127877,13.891609
116191525423,-0.745004,-0.381457,1.637107,-0.089826,0.088205,0.252075,13.919487
116291604256,-0.787896,-1.470061,0.105036,-0.170474,0.129952,0.206855,14.040960
116391683090,-2.833415,0.480603,0.699580,-0.011081,-0.165871,-0.146152,14.102370
116491761923,-1.215013,0.096584,-0.448087,-0.008186,-0.119484,-0.051704,14.159198
116591840756,-0.695380,3.185594,-0.677949,-0.304686,-0.144454,-0.092942,14.236596
116691919590,1.995630,-1.232243,0.867503,0.044575,0.000835,0.054700,14.354125
116791998423,-2.298898,0.767669,1.426189,-0.022413,-0.151909,-0.081115,14.452310
116892077256,-0.523798,-0.965975,-0.483126,0.159285,0.133706,0.139604,14.504248
116992156089,-1.658596,-1.772426,0.377671,0.045105,-0.090495,-0.111135,14.462745
117092234923,-1.034483,-1.307983,0.893683,0.442784,0.086797,0.176775,14.412771
117192313756,0.370570,-1.401096,-0.640042,0.200054,0.226151,0.198203,14.448635
117292392589,-1.049328,3.492124,0.592640,0.289119,0.305285,0.319591,14.457591
117392471422,-0.852882,-2.384419,1.232709,0.413696,0.292595,0.297177,14.541280
117492550256,-0.610641,-0.005050,0.062743,0.154019,0.066892,0.051108,14.577620
117592629089,-0.085857,-3.805120,0.470633,0.354433,0.147729,0.103694,14.530855
117692707922,-0.101073,-1.859209,0.421151,0.019688,-0.079126,-0.121250,14.565830
117792786756,-0.308076,-1.503242,-0.300401,-0.015604,0.048984,-0.061593,14.618117
117892865589,-1.294492,-0.322034,-0.568614,-0.092199,0.073856,-0.052420,14.627620
117992944422,-1.086653,0.688008,-1.237639,-0.088240,0.046611,-0.054350,14.600172
118093023255,2.680383,-1.624842,0.225606,0.020744,0.103553,-0.003806,14.612784
118193102089,-1.496533,-0.144574,-0.084266,-0.029348,-0.036956,-0.007915,14.533976
118293180922,-1.580292,-1.929331,0.308122,0.113929,0.050551,-0.015384,14.544880
118393259755,-1.465558,-0.054704,0.724645,0.006258,-0.003197,-0.110931,14.654137
118493338588,-0.426941,-3.104180,-1.357447,0.135337,0.154727,0.028282,14.612423
118593417422,-2.323110,0.309315,-1.507397,-0.013454,-0.038648,-0.183259,14.555693
118693496255,-0.438575,-2.276753,-0.759594,0.129938,0.171091,0.041017,14.664140
118793575088,-2.018317,0.269179,0.303945,-0.013175,0.031137,-0.057588,14.699237
118893653921,3.124333,-2.210225,0.590583,0.045115,0.082115,-0.008277,14.674836
118993732755,0.259995,-1.000753,0.621388,0.012722,0.042388,-0.025397,14.592341
119093811588,-0.808034,1.154285,0.616556,0.086057,0.202048,0.007193,14.578606
119193890421,0.426958,-4.156987,-1.281129,0.479718,0.374219,0.327616,14.623175
119293969255,1.114031,4.046438,-0.093131,-0.057807,0.019678,-0.200947,14.792384
119394048088,0.329848,-5.353352,-0.480492,0.584237,0.386930,0.248162,14.612086
119494126921,-2.395016,-6.727477,0.432566,-0.733178,-0.343183,-0.425530,14.466392
119594205754,0.072122,6.971234,-0.890101,-0.095794,-0.019156,-0.328856,14.577645
119694284588,-0.390617,2.548678,-0.066099,-0.608103,-0.450280,-0.535406,14.575572
119794363421,2.195472,3.614865,0.299138,-0.492625,-0.315969,-0.565711,14.590203
119894442254,-2.847780,-9.664310,1.011346,-0.531552,-0.377218,-0.532178,14.673223
119994521087,-1.393507,-0.190244,-0.229500,-0.600344,-0.496544,-0.610299,14.721378
120094599921,-5.522914,-7.554534,0.354404,-0.188052,0.054304,-0.191215,14.598281
120194678754,2.240354,-2.501098,-0.988336,-0.329251,-0.074978,-0.257172,14.466977
120294757587,-1.280275,-9.331344,-1.952706,0.609385,0.519324,0.474016,14.542386
120394836420,1.428611,-3.041150,-0.936429,0.106358,0.159200,0.157549,14.709220
120494915254,2.331762,3.998497,1.782666,0.755833,0.798525,0.641766,14.727547
120594994087,0.165448,-10.743700,0.004586,0.676511,0.485752,0.426850,14.578968
120695072920,-2.833940,-0.536562,-1.182948,0.469820,0.424295,0.328483,14.495053
120795151754,-3.888009,0.708813,0.144467,0.729536,0.412715,0.414181,14.514899
120895230587,2.691857,4.348053,-1.548486,0.035311,0.027646,0.086538,14.504472
120995309420,4.107421,-0.070101,-0.363988,0.100976,0.362798,0.144422,14.511567
121095388253,4.603074,2.110741,0.602644,-0.194294,0.024353,-0.084674,14.497636
121195467087,0.592230,-4.881607,-0.262270,0.371200,0.349620,0.265468,14.571462
121295545920,-1.388902,-0.385571,1.442348,-0.283644,0.182651,0.126178,14.473615
121395624753,-1.968452,-1.773638,0.468314,0.392281,0.118814,0.175456,14.456670
121495703586,0.164406,-0.210637,-1.294834,-0.283903,-0.110733,-0.193833,14.395765
121595782420,-0.492702,-3.830247,-0.363220,-0.483595,-0.169342,-0.406043,14.390129
121695861253,0.151650,3.980622,0.293221,-0.258771,-0.372453,-0.379620,14.430208
121795940086,-2.435434,0.135611,-0.029795,0.156067,0.117809,0.211991,14.376246
121896018919,-3.172449,-2.475472,0.451038,-0.356209,-0.335366,-0.301795,14.340282
121996097753,-3.748502,-1.866922,1.430703,-0.003618,0.061823,-0.062546,14.317801
122096176586,0.138039,-0.594065,0.707595,-0.656753,-0.434977,-0.342962,14.319883
122196255419,2.656001,8.207741,-1.736616,-0.100762,0.073318,-0.104465,14.297006
122296334253,1.662866,5.617834,-0.496437,-0.777657,-0.274292,-0.469033,14.366221
122396413086,0.513115,0.893686,-2.943362,-0.176839,0.179005,-0.045808,14.371031
122496491919,-4.229539,-6.638428,-0.132491,-0.635865,-0.340136,-0.435694,14.300618
122596570752,2.993597,-3.006386,-3.409676,-0.465276,-0.041421,-0.190392,14.327832
122696649586,-2.782467,-3.381513,2.216342,-0.414537,-0.299934,-0.318280,14.337748
122796728419,4.601376,4.542842,-1.833475,-0.629835,-0.043571,-0.174213,14.454936
122896807252,-0.879795,1.166345,0.668601,-0.602531,-0.291799,-0.192833,14.366922
122996886085,3.970548,0.925832,-2.072213,-0.378521,0.032689,-0.208425,14.272924
123096964919,-2.978161,-0.201947,1.367638,-0.397028,-0.149751,0.109969,14.420296
123197043752,-2.088762,2.351127,0.499557,-0.240475,-0.112817,-0.348451,14.581348
123297122585,-1.737654,-1.639396,-0.519129,-0.287707,-0.364064,-0.107310,14.664619
123397201418,4.646807,2.882992,-0.413114,-0.877805,-0.221396,-0.376086,14.611594
123497280252,-5.798753,-7.041952,-0.650043,0.383214,0.284603,0.641208,14.596489
123597359085,2.793514,6.834905,-0.690016,-0.676109,-0.334692,-0.487905,14.658313
123697437918,2.882238,2.987437,-1.847599,0.410668,0.211402,0.261530,14.701952
123797516752,1.471206,3.207553,-0.973024,0.056636,-0.060251,-0.050117,14.742062
123897595585,1.636803,1.707281,0.516180,0.868866,0.288684,0.435742,14.805408
123997674418,-5.394761,-8.032786,-0.821993,0.357646,0.328188,0.376939,14.909503
124097753251,-1.398931,1.418657,-0.519624,0.454405,0.455103,0.304183,14.958920
124197832085,-2.710342,-6.550973,0.807454,0.834763,0.299262,0.414407,15.090986
124297910918,2.182419,6.782382,-0.916961,0.442602,0.146858,0.203864,15.118367
124397989751,-2.538763,-1.400594,-0.830786,0.765602,0.528517,0.649625,15.020899
124498068584,1.779061,8.428156,-2.310326,0.133665,0.319081,0.156097,14.987561
124598147418,-4.034522,-2.334112,0.698488,-0.124594,-0.014220,-0.009771,15.048832
124698226251,5.586961,12.080900,-0.103340,-1.065523,-0.672671,-0.461786,15.094202
124798305084,-4.756953,-6.918242,1.667140,0.717793,0.265703,0.233746,15.157806
124898383918,-4.901428,-4.852138,0.929996,-0.239870,-0.182700,-0.122175,15.108877
124998462751,-4.428374,-4.030279,-0.258943,1.097465,0.654511,0.846778,15.056910
125098541584,-1.513658,-8.032427,1.714848,0.828155,0.272460,0.523991,15.070892
125198620417,3.906355,10.659228,0.999034,0.462345,0.265988,0.409868,15.084808
125298699251,-6.092240,-3.435494,2.065740,0.891993,0.295982,0.452317,15.130511
125398778084,0.320680,3.761857,1.624833,-0.089628,-0.301766,-0.057677,15.121233
125498856917,-2.336819,5.090661,1.023160,-0.034661,-0.113873,-0.010614,15.126878
125598935750,1.156043,2.775751,1.789756,-0.185358,-0.134258,0.028174,15.171466
125699014584,-0.612414,-0.523373,0.244813,-0.040707,0.039348,-0.033193,15.232453
125799093417,-1.855009,4.173001,1.334083,-0.053022,-0.060291,0.091848,15.160662
125899172250,-4.068849,2.004449,1.639484,-0.036085,-0.085891,-0.133905,15.220605
125999251083,1.704195,1.612720,-0.594107,0.015322,-0.161781,-0.184024,15.260812
126099329917,-4.791840,1.848327,2.817532,0.228564,-0.200188,0.067543,15.334505
126199408750,-2.557763,3.033002,2.390158,0.067988,-0.296144,-0.016463,15.369793
126299487583,2.280230,1.597308,-0.898250,-0.195617,-0.092603,0.160876,15.440747
126399566417,-0.032357,4.844120,0.819664,0.220618,0.395221,0.443926,15.526572
126499645250,0.756123,2.293252,0.919337,0.065104,0.157210,0.070483,15.557945
126599724083,0.811986,0.424845,-1.028238,-0.133664,0.020250,-0.068983,15.583818
126699802916,-1.618633,0.952942,1.168309,0.084096,-0.166578,0.027334,15.541195
126799881750,-0.780784,2.253476,0.510400,0.147066,-0.033027,0.094475,15.556926
126899960583,1.179831,1.531266,0.103152,-0.248010,-0.038202,0.063602,15.609979
127000039416,-1.890884,0.879300,1.304208,-0.101491,-0.019288,0.008222,15.761141
127100118249,-1.459371,0.321852,0.739042,0.075806,-0.141612,-0.027291,15.836935
127200197083,-2.471554,1.374218,0.186110,-0.090402,-0.087592,0.048704,15.828787
127300275916,2.428593,3.516497,-1.573088,-0.481016,-0.351852,-0.199465,15.776870
127400354749,1.738442,-3.022384,0.214295,-0.125420,-0.072215,-0.100152,15.750032
127500433582,1.598133,5.314533,2.742267,-0.007758,-0.511350,-0.552982,15.759241
127600512416,-1.330272,-11.006306,-1.448305,-1.079119,-0.581292,-0.739931,15.840046
127700591249,8.310640,5.709112,-3.873357,-1.134551,-0.738896,-0.721171,15.849257
127800670082,-0.670726,1.574963,1.046398,0.899932,0.083200,0.143517,15.911519
127900748916,-1.903242,-8.530704,1.576525,-0.053624,0.195884,0.513320,15.971676
128000827749,3.784213,-1.334904,-0.649528,0.151860,0.494519,0.293677,15.936277
128100906582,-1.455280,-0.864540,-2.535605,0.510634,0.242816,0.342667,15.955602
128200985415,3.614671,7.253835,-1.698269,0.585317,0.254873,0.593193,15.900788
128301064249,-3.537202,-5.787694,-0.246639,0.418621,0.627401,0.304701,15.979820
128401143082,0.164787,3.529305,-0.992067,-1.333938,-0.174249,-0.667650,15.962884
128501221915,-1.868576,5.040401,4.140612,0.198066,-0.648836,-0.230711,15.948164
128601300748,-3.581797,-0.411023,2.763844,-0.349635,-0.576752,-0.642528,15.957674
128701379582,3.657844,4.226849,-3.400607,-1.128037,-0.149491,-0.116362,16.012324
128801458415,0.897722,2.803796,-1.876628,0.557875,0.310565,0.189797,15.959036
128901537248,3.615882,3.448732,0.621725,0.048329,0.209385,0.226685,15.893752
129001616081,4.307864,1.452383,-2.207291,0.041567,0.148704,0.227338,15.886032
129101694915,-3.419497,-0.255477,1.136010,0.251748,-0.170718,-0.096165,15.947688
129201773748,0.188651,6.402946,3.130517,0.199951,-0.340424,-0.124177,15.878410
129301852581,3.763778,-1.031955,-0.082143,-0.000288,0.020842,0.097211,15.898220
129401931415,-2.802393,-7.332484,0.447640,-0.774091,-0.602374,-0.620414,15.906134
129502010248,0.190781,1.442983,-1.307353,-0.678905,-0.241552,-0.411533,15.865441
129602089081,-1.738270,-7.651075,1.715466,-0.358374,-0.155892,-0.230969,15.886405
129702167914,1.166015,7.520973,-2.426962,-1.095328,-0.485739,-0.754630,15.861220
129802246748,0.266705,-2.362954,-2.705854,-0.349350,-0.213416,-0.212577,15.866042
129902325581,-0.717039,8.882348,0.704207,-0.725688,-0.661320,-0.720427,15.864522
130002404414,-1.220537,-2.331465,0.700193,0.138468,0.131385,0.136949,15.925577
130102483247,9.717013,11.765163,-2.098311,-0.869715,-0.062070,-0.189105,15.903047
130202562081,1.210591,1.591738,0.567444,1.144201,0.910349,1.123630,15.867901
130302640914,-2.148391,-13.497604,2.206348,1.038833,0.383935,0.696081,15.788056
130402719747,1.856855,5.310489,-3.137126,0.373904,0.268694,0.298442,15.793359
130502798580,-2.056913,-3.580775,0.010640,0.712449,0.331261,0.589980,15.983841
130602877414,-4.567264,1.567917,0.211459,-0.300896,-0.292398,-0.479800,16.006995
130702956247,-2.841613,-6.459290,2.358172,0.841709,0.324114,0.432345,15.864746
130803035080,4.883029,5.756859,-1.386058,0.242034,0.247060,-0.087214,15.758961
130903113914,2.486281,-4.912657,-1.671634,0.967876,0.421816,0.971942,15.854238
131003192747,-3.961192,10.582645,3.937415,0.153275,0.150748,0.149953,15.985375
131103271580,3.031220,-2.654585,-2.820462,0.690542,0.821267,0.754892,15.962728
131203350413,-2.245254,11.938004,-3.737880,-1.158181,-0.371138,-0.353029,15.954424
131303429247,2.055555,-1.146975,1.831881,0.313862,-0.104543,-0.010738,15.994403
131403508080,-0.361316,-4.291730,0.437224,-0.637503,-0.494540,-0.274978,16.007632
131503586913,2.760115,-0.499656,1.063855,-0.673001,-0.043457,-0.106224,15.973982
131603665746,3.959393,-4.940570,-0.891719,-0.369069,-0.180473,-0.154475,15.999296
131703744580,-0.815814,1.411641,1.273538,-0.506760,-0.377794,-0.333902,16.011799
131803823413,-2.089861,-5.755161,0.663998,0.354201,-0.086942,0.195796,16.057025
131903902246,1.074701,2.097656,-0.894690,-0.181722,-0.138515,-0.172412,16.030407
132003981080,1.466863,4.606741,0.279407,0.399329,0.297413,0.271351,16.011740
132104059913,0.413244,0.142673,-0.463822,0.453198,0.271923,0.203814,15.977846
132204138746,0.760663,9.309781,-0.700282,-0.149274,-0.301023,-0.318346,15.925875
132304217579,-0.556138,8.053992,-0.367677,0.081750,-0.064473,-0.003925,15.900596
132404296413,1.489386,3.100837,0.227732,-1.187948,-0.613772,-0.706695,15.890011
132504375246,1.995283,10.610905,-0.267214,-1.117958,-0.609439,-0.414050,15.909920
132604454079,-0.006876,4.230815,1.067743,0.435590,0.304861,0.609183,15.802366
132704532912,5.425316,3.479348,0.756529,0.254906,-0.048462,-0.062964,15.873003
132804611746,2.843626,9.040652,0.485031,0.865500,-0.076555,0.267298,15.787784
132904690579,-1.756668,-0.711770,-0.354767,0.473131,0.343738,0.452231,15.743443
133004769412,3.791668,5.076596,-1.798219,-0.734662,-0.021674,-0.264480,15.773849
133104848245,-1.825466,1.811259,-1.050996,-0.099020,-0.046278,0.091323,15.769904
133204927079,5.744298,2.988415,-1.617337,0.148764,-0.022306,-0.124117,15.712887
133305005912,6.436838,-4.566687,0.638305,0.231429,0.378238,0.499152,15.802996
133405084745,-1.407394,6.196120,0.701712,-0.753953,-0.266281,-0.162637,15.744298
133505163579,0.936785,7.519679,-1.571199,-0.191093,-0.072372,-0.006006,15.754225
133605242412,2.981230,4.703757,0.413114,-0.819979,-0.499658,-0.433526,15.797728
133705321245,-1.396217,9.816900,0.045899,-0.812897,-0.568500,-0.600032,15.825880
133805400078,1.618773,-0.644937,0.587962,-0.087550,-0.223972,-0.055772,15.807439
133905478912,-2.430075,7.271552,-0.093666,-0.578582,-0.263555,-0.228558,15.817755
134005557745,-3.025312,-1.317490,0.785623,0.473446,0.317073,0.437954,15.856949
134105636578,0.005203,-3.374103,-0.904437,-0.056073,0.010417,0.023024,16.039921
134205715411,0.454414,-2.870746,-0.658950,0.454240,0.228296,0.221812,16.020286
134305794245,4.170023,-1.296202,0.454572,0.322142,0.116242,0.106949,16.026803
134405873078,1.215198,4.357193,0.400211,0.013588,-0.145648,0.055068,16.055165
134505951911,1.583252,0.749908,0.940619,0.170623,0.097288,0.169715,16.044282
134606030744,0.038587,7.831792,0.795381,-0.572768,-0.196392,-0.220111,16.115446
134706109578,1.615312,1.075994,-1.272988,-0.075131,-0.001370,0.005872,16.168846
134806188411,0.379203,-3.358433,-0.476388,-0.524953,-0.241914,-0.417515,16.148687
134906267244,2.071453,-0.587112,-0.439238,-0.292642,-0.127227,-0.125322,16.119900
135006346078,1.223626,-4.391194,0.611572,-0.289761,-0.280548,-0.198063,16.240352
135106424911,-0.894180,4.234308,0.408124,-0.407120,-0.358358,-0.373291,16.251540
135206503744,-0.280836,-3.442792,0.624734,-0.119851,-0.147340,-0.056329,16.094598
135306582577,-1.333071,3.836668,-1.695893,-0.580324,-0.104780,-0.261013,16.023600
135406661411,0.111049,1.443642,-0.864383,0.102165,0.219844,0.193758,16.126586
135506740244,-2.269360,4.730401,-0.478082,-0.412556,-0.106963,-0.235940,16.242741
135606819077,2.654712,1.616193,0.670765,0.374819,0.169749,0.172115,16.191186
135706897910,-1.195406,-2.557327,1.190334,0.199543,-0.166207,-0.006095,16.122509
135806976744,-3.026147,-2.467958,0.615689,0.496153,0.125909,0.186628,16.112765
135907055577,1.639116,-0.257760,-0.050792,0.126156,0.028050,0.094051,16.230758
136007134410,-3.149609,0.073624,-1.496685,-0.120511,0.012990,0.035554,16.215330
136107213243,-1.008023,5.628423,-0.620516,-0.511825,-0.075460,0.010190,16.088345
136207292077,4.028329,-1.972351,0.512413,0.095605,-0.042385,0.241122,16.261236
136307370910,1.585521,3.284303,2.410677,-0.017148,-0.239842,-0.152255,16.273853
136407449743,1.499521,-3.995515,-0.249862,0.625336,0.211634,0.281850,16.234917
136507528577,0.648865,-7.976751,-0.503089,0.727212,0.343274,0.563373,16.232843
136607607410,2.596725,1.137741,-4.753791,0.198524,-0.240795,-0.032056,16.221669
136707686243,0.796392,0.212801,-2.817504,-0.087528,0.207739,-0.153890,16.229027
136807765076,-2.605998,1.461364,-0.320900,0.089104,0.219862,0.126756,16.072659
136907843910,-0.140852,-2.395043,-1.221739,0.319411,0.072544,0.050988,16.067708
137007922743,1.312966,1.331916,-0.036772,0.317885,0.189425,0.131373,16.173254
137108001576,0.862260,-2.588239,0.637774,0.423774,0.165639,0.298673,16.077877
137208080409,0.112241,1.222858,0.855381,0.065406,0.071848,0.046989,16.032548
137308159243,1.550798,-3.258349,1.557784,0.393099,0.175383,0.252732,16.042701
137408238076,-2.227920,1.926731,-0.561158,-0.106369,-0.042777,0.008488,15.969257
137508316909,0.462248,-0.031925,0.364583,0.034798,0.049601,-0.015267,15.930109
137608395743,-0.961344,2.028093,-1.209543,-0.150007,0.079967,-0.038656,15.963064
137708474576,-1.279373,-0.255912,-1.292553,-0.094113,0.106343,0.108310,15.932881
137808553409,0.519624,-0.914111,-0.582962,-0.173934,-0.113357,-0.065109,15.841082
137908632242,-2.281546,-0.156806,0.128308,0.012349,-0.214688,-0.143722,15.902394
138008711076,-1.411309,0.412635,0.311913,-0.057584,-0.075323,-0.007511,15.865137
138108789909,0.216519,2.564325,-0.161008,-0.116070,0.066073,0.056539,15.883160
138208868742,0.051938,0.545063,-1.061281,-0.227190,-0.036374,-0.092335,15.839824
138308947575,-2.600163,0.720999,-1.788789,-0.250249,-0.109900,-0.080797,15.812819
138409026409,2.571457,-4.833810,-0.699126,-0.046226,-0.016756,-0.092096,15.953302
138509105242,2.866652,-2.530889,-0.299325,-0.252581,0.053448,-0.327040,15.856012
138609184075,2.633278,-5.599771,0.149105,-0.216453,-0.017272,-0.130144,15.867106
138709262908,-0.834586,-1.236837,-0.413957,-0.114585,-0.198534,-0.269591,15.882425
138809341742,3.007212,-6.526444,0.182395,0.253802,0.000516,0.016897,15.940860
138909420575,-3.971679,4.747541,0.151907,-0.123123,-0.307588,-0.317975,15.990425
139009499408,-0.124033,5.239767,-1.784610,0.644691,0.158272,0.276007,16.032174
139109578242,-2.359729,4.132137,-1.059452,-0.014603,0.013742,0.047431,16.111963
139209657075,-4.063435,0.171421,-0.323420,0.265856,0.596302,0.266017,16.116030
139309735908,3.967066,-4.860658,-0.772679,0.921602,0.467684,0.393887,16.061581
139409814741,-1.026192,9.902620,-2.305180,-0.486468,-0.133388,-0.292158,15.894241
139509893575,0.004477,-5.698023,1.502083,0.942986,0.384690,0.445299,15.849112
139609972408,-4.571235,10.653876,0.963521,1.199910,0.842834,0.939502,16.007765
139710051241,-0.944253,-1.121727,-0.433407,0.690819,0.562946,0.561072,15.954667
139810130074,-0.914303,-8.353060,1.242787,0.475814,-0.079478,0.203052,15.907873
139910208908,-1.243453,-2.640840,-0.337097,0.694360,0.333292,0.470484,15.914665
140010287741,0.763593,-3.902556,0.290872,0.537893,0.187891,0.515207,15.900001
140110366574,-1.920759,3.651470,-1.896186,0.088392,-0.024607,0.231750,15.890399
140210445407,0.338924,-2.088467,0.721639,0.056381,-0.001738,-0.004955,15.959344
140310524241,0.510219,1.859474,-0.251823,-0.252867,-0.311469,-0.111784,15.995792
140410603074,-1.471160,4.838350,1.306552,0.088106,-0.237667,-0.240439,15.900309
140510681907,-1.416977,0.425592,0.671061,-0.359964,-0.530544,-0.221723,15.853812
140610760741,-2.371255,7.342475,-0.384011,-0.671288,-0.486609,-0.516400,16.015714
140710839574,-0.837844,-4.369242,-0.362508,-0.424000,-0.316682,-0.117960,16.041755
140810918407,-5.543131,8.004485,-0.655220,-1.108886,-0.542859,-0.617895,15.959323
140910997240,0.820806,-5.577128,0.203453,0.278224,0.245597,0.283459,16.091763
141011076074,-0.295251,-1.292976,0.020062,-0.335654,-0.244827,-0.223707,15.996605
141111154907,4.429222,-6.850757,0.703899,0.734857,0.624753,0.655447,15.853944
141211233740,1.806655,-0.394028,-0.821560,0.076300,0.246613,0.204441,15.974112
141311312573,-3.853745,4.917520,1.139832,0.465929,0.438573,0.500194,16.031625
141411391407,-0.016765,2.338866,-0.232931,0.129597,0.181653,0.048170,15.915999
141511470240,-1.810499,2.253632,0.769106,0.183971,0.259458,0.299575,15.901593
141611549073,3.605021,-1.427397,-0.659168,0.302887,0.205759,0.234943,15.919792
141711627906,1.598548,0.983924,0.143144,0.037640,0.095646,0.201941,15.965581
141811706740,2.297073,-0.311077,0.028231,0.094412,0.080759,0.055311,15.975398
141911785573,1.498995,0.752687,-0.226943,-0.279788,-0.214567,-0.012308,16.012314
142011864406,-0.896175,4.405595,0.038337,-0.146556,-0.270549,-0.161345,15.987119
142111943240,-0.138613,2.978266,-0.862873,0.166088,-0.107357,0.093841,16.000827
142212022073,-0.532036,2.939928,1.396444,-0.244199,-0.110269,-0.244813,15.938458
142312100906,0.620052,-1.489867,1.179846,-0.016559,-0.063590,-0.083699,16.035970
142412179739,0.657236,2.415756,-2.630915,-0.494456,0.103630,-0.111347,16.005409
142512258573,-1.008853,-0.563114,1.254098,-0.125298,0.079645,0.139828,15.834000
142612337406,0.260006,4.970677,-0.367804,-0.312422,-0.196358,-0.378186,15.830507
142712416239,-0.391359,-2.231671,-1.286645,0.217059,0.161471,0.038580,15.902881
142812495072,0.432268,-1.327489,0.584571,0.030301,-0.057161,0.031168,15.811362
142912573906,-0.625811,0.325893,0.597543,-0.072024,-0.133179,-0.081994,15.663730
143012652739,-1.877831,0.469835,1.141400,0.021080,-0.139227,-0.161369,15.608906
143112731572,-2.372071,2.509712,-0.802908,0.345117,0.170253,0.087528,15.672185
143212810405,-1.161854,0.220948,-0.535756,0.137600,0.094713,0.253500,15.617355
143312889239,1.865732,0.066749,-2.178987,0.493062,0.145506,0.183002,15.518807
143412968072,-0.588707,-2.317399,3.565687,0.611206,-0.078581,-0.019987,15.492117
143513046905,-0.815046,-0.233367,4.598772,0.531941,-0.106948,-0.000080,15.262979
143613125739,2.326366,-2.253561,0.117904,0.015986,0.124741,0.157397,15.151585
143713204572,-1.916663,-3.524752,3.263365,-0.603663,-0.118194,-0.122411,15.120843
143813283405,-5.101718,5.093839,0.315966,-0.817963,-0.183703,-0.237193,15.163494
143913362238,0.319754,-1.478690,-1.991660,0.386515,0.438810,0.406028,15.219142
144013441072,3.058772,-2.488616,-0.150411,-0.188141,-0.218935,-0.172205,15.064901
144113519905,2.017532,-5.233525,0.539563,0.429604,0.111198,0.182688,14.896487
144213598738,4.149878,-0.715190,2.258812,0.377343,-0.205720,-0.103608,14.895791
144313677571,0.408590,1.266558,-2.257089,0.175039,0.060755,-0.152373,14.885002
144413756405,2.861156,0.202106,0.167508,0.170344,0.222226,0.273336,14.937366
144513835238,-4.934696,3.099272,0.856201,0.089174,-0.056027,0.063686,14.871307
144613914071,-1.070431,1.043200,0.058735,0.071833,0.137912,0.275298,14.602207
144713992905,0.458394,1.399923,0.930620,-0.257215,-0.015224,-0.088274,14.584624
144814071738,0.876214,-2.744767,1.377570,0.085153,-0.067311,-0.056093,14.635280
144914150571,0.302601,-5.495533,0.255622,-0.452196,-0.494902,-0.456676,14.686145
145014229404,0.141905,-1.795602,-0.032832,-0.222840,-0.294402,-0.279342,14.593968
145114308238,-0.672454,-4.199308,1.021402,-0.258526,-0.175741,-0.094641,14.483626
145214387071,-0.103075,1.103929,-2.410220,-0.586607,-0.050899,-0.169548,14.524120
145314465904,2.115398,1.006488,-0.830707,-0.206301,0.142000,0.004557,14.417774
145414544737,-2.296108,-1.884526,2.159909,0.136211,-0.301238,0.059641,14.445322
145514623571,-1.277665,-3.216056,-0.952703,-0.222789,-0.356769,-0.214707,14.597081
145614702404,-4.344476,1.287811,-0.086480,-0.063647,0.092343,-0.225250,14.470493
145714781237,-5.984064,12.238288,-1.783428,0.356264,0.424148,0.418057,14.425025
145814860070,-5.740018,3.330248,-2.698760,0.160871,0.337250,0.149485,14.519376
145914938904,0.479295,5.958310,-0.460399,-1.049346,-0.509486,-0.873950,14.520678
146015017737,-3.742611,1.789149,1.293881,-0.443943,-0.386602,0.109966,14.485918
146115096570,2.326178,-1.934088,0.739397,-0.234085,-0.288388,-0.007894,14.488679
146215175404,-2.931904,-0.319928,-0.593812,-0.566337,-0.396732,-0.547428,14.517323
146315254237,2.240967,-4.307213,-1.124881,-0.279448,-0.059494,-0.110663,14.738508
146415333070,2.717888,0.204937,-1.856419,-0.603807,-0.122976,-0.326531,14.661020
146515411903,3.366788,-3.628552,0.363229,0.534542,0.199524,0.261849,14.709452
146615490737,-1.429731,4.538298,1.217881,0.245349,-0.051014,0.041872,14.748949
146715569570,-2.525215,2.176185,-0.233864,0.249458,0.025616,0.141287,14.820991
146815648403,0.357970,0.319074,0.464628,0.164974,0.193653,0.151998,14.780629
146915727236,0.168673,0.563177,-0.704395,-0.086961,0.175951,-0.002347,14.870859
147015806070,-0.323429,-1.355977,-2.017831,-0.135768,0.243232,0.201541,14.955241
147115884903,-0.508238,1.120772,0.594354,-0.095624,0.120160,0.074818,15.050657
147215963736,-1.696040,-0.616577,0.925336,0.211582,-0.255320,-0.154662,15.039764
147316042569,-0.736260,1.008549,0.257233,0.110280,-0.169894,-0.056414,15.305106
147416121403,-1.627845,1.546430,0.660756,-0.244381,0.050703,0.024799,15.190463
147516200236,0.971385,-0.422687,-0.176269,-0.264908,-0.050995,-0.118954,15.246294
147616279069,-0.792343,0.964917,0.430799,-0.237292,-0.180426,-0.224877,15.400581
147716357903,2.186987,-2.084586,-1.527020,-0.065006,-0.107353,-0.122414,15.477905
147816436736,1.347730,4.124075,-1.930453,-0.274658,-0.157423,-0.235274,15.550327
147916515569,0.623261,-2.680510,1.985036,0.264592,0.006532,0.224887,15.602048
148016594402,0.762355,-3.029325,0.224630,-0.029345,0.013152,0.012514,15.711469
148116673236,1.571918,-1.630567,0.082485,0.229077,0.179612,0.213141,15.791579
148216752069,-2.118785,-0.663077,-1.317622,-0.057394,0.088923,-0.047036,15.866215
148316830902,-0.644633,0.709902,1.010028,0.078362,0.072290,0.035048,15.926152
148416909735,-1.757818,-1.592888,0.818135,0.317562,0.184707,0.410989,15.953192
148516988569,0.233894,0.510281,-0.674497,0.293093,0.224101,0.159870,16.005313
148617067402,1.137496,-0.208019,0.540332,0.219837,-0.077897,-0.002145,16.143281
148717146235,-2.212026,1.752684,-2.285828,0.253970,0.057617,0.095928,16.308763
148817225068,-0.078961,-0.463739,-0.462737,0.235609,0.024326,0.183484,16.323499
148917303902,3.633349,0.087579,-0.223431,0.098102,-0.210908,-0.016624,16.316798
149017382735,1.113528,-0.995523,-0.142155,-0.156274,-0.078631,-0.099070,16.398316
149117461568,3.069564,-2.983671,0.636146,1.012189,0.782487,0.332912,16.597741
149217540402,4.737586,-8.779181,3.580377,1.002775,0.444836,0.531264,16.757151
149317619235,3.100670,0.094291,2.614190,-0.412329,-0.262171,-0.083560,16.712139
149417698068,1.543224,-0.999930,0.476100,-0.098520,0.061451,0.275881,16.715912
149517776901,-1.870039,0.416648,1.357796,-0.181926,0.065111,0.347339,16.730666
149617855735,3.272860,-0.163047,-1.055045,0.053473,0.139354,0.076174,16.840901
149717934568,1.038615,0.363767,-1.405475,-0.150172,-0.106687,-0.169509,16.926415
149818013401,1.736192,1.396816,-0.781913,-0.096810,-0.162099,-0.218244,16.928281
149918092234,-1.254668,-0.078713,-1.568374,0.031426,-0.044546,-0.060536,17.066770
150018171068,3.406249,0.250121,-0.013546,0.075440,0.093565,-0.114039,17.154432
150118249901,0.234902,1.980645,0.339883,-0.288359,-0.288577,-0.207100,17.250037
150218328734,-0.415933,2.290552,0.730422,-0.321784,-0.053253,0.064865,17.248309
150318407567,1.764853,-0.363410,1.094657,-0.276906,-0.059643,-0.039008,17.201387
150418486401,0.302462,1.464283,-0.181111,-0.262860,-0.154176,-0.239310,17.330279
150518565234,0.013382,-0.772370,-0.760770,-0.041075,-0.005666,-0.141695,17.459662
150618644067,-1.331172,2.636768,-1.167475,-0.193815,-0.126959,-0.123233,17.476106
150718722901,0.358053,-1.069989,-0.006764,0.022530,-0.046144,-0.077009,17.541273
150818801734,-1.133179,-0.463209,0.644912,0.000306,-0.136979,0.027328,17.580130
150918880567,-0.652128,-1.397027,1.231011,0.089986,-0.119124,0.008756,17.596564
151018959400,-0.462468,1.161862,0.212596,-0.037464,0.013207,0.141431,17.625856
151119038234,-2.758936,1.366887,0.298016,0.242490,0.299363,0.434498,17.709401
151219117067,1.533322,-3.959093,-0.390171,0.310466,0.094985,0.088368,17.744350
151319195900,-2.342519,-2.091013,0.269765,0.561106,0.250765,0.333733,17.786476
151419274733,1.252941,-5.248299,0.113563,0.312282,0.237411,0.205392,17.899526
151519353567,0.172999,-3.414987,0.278287,-0.267260,-0.105539,-0.141723,17.875224
151619432400,0.013433,1.359648,-0.690590,-0.108909,-0.050315,-0.056787,17.887755
151719511233,1.396598,1.270459,-0.262807,0.425293,0.172375,0.075603,17.915032
151819590067,0.215948,-3.316431,-0.254138,0.438505,0.138914,0.159489,18.025994
151919668900,-0.176043,0.519359,-0.150036,0.057863,0.078202,-0.021344,17.929401
152019747733,2.529836,-0.412637,-0.660398,0.188837,0.211086,0.143931,17.883697
152119826566,-0.424068,1.235666,-0.863908,0.089020,0.118718,0.125805,17.879837
152219905400,2.481631,-4.458355,-0.325321,0.411726,0.188643,0.135579,17.899742
152319984233,-0.312944,2.626056,-0.683542,-0.237496,-0.217488,-0.208996,17.897822
152420063066,0.578537,3.323045,-0.294043,-0.192313,0.050213,-0.003711,17.954158
152520141899,-0.594715,3.479927,0.007583,-0.638027,-0.322733,-0.468336,17.910213
152620220733,-0.975252,2.229282,0.848233,-0.371099,-0.279593,-0.288993,17.795559
152720299566,-0.168978,-2.618023,-0.366539,-0.344705,-0.181791,-0.285259,17.829540
152820378399,-1.285936,1.738855,-2.133347,-0.396794,-0.190210,-0.166349,17.708076
152920457232,2.374531,-3.793279,-0.570451,-0.095539,0.051229,-0.007836,17.678438
153020536066,1.411003,-2.171150,0.191736,-0.104562,-0.148965,-0.009430,17.742286
153120614899,4.922844,-2.629799,1.910861,0.505152,0.157951,0.203041,17.601046
153220693732,-0.904202,-1.160490,2.187116,0.268784,-0.133722,0.090353,17.531792
153320772566,-2.372005,0.237168,0.973985,0.114448,0.033412,0.084532,17.571615
153420851399,-0.328635,-1.684499,-0.272075,0.014256,0.171150,0.297083,17.664719
153520930232,-1.169273,-0.590268,-1.993865,-0.050465,0.034496,0.020296,17.643482
153621009065,-0.630292,0.233945,-0.054045,0.100408,-0.108895,-0.124104,17.601405
153721087899,-1.413669,2.847864,0.427063,-0.252959,-0.134197,-0.227848,17.519590
153821166732,1.169360,-0.537207,-0.652794,-0.132079,0.090312,0.047225,17.543867
153921245565,0.835523,-1.550360,1.183148,-0.397347,-0.272745,-0.147410,17.630026
154021324398,-1.235043,0.712341,0.934874,-0.254377,-0.273585,-0.321304,17.570428
154121403232,1.509564,-1.506358,-0.502268,-0.058868,-0.070098,-0.082023,17.502165
154221482065,-1.394072,0.210582,-0.932713,-0.210604,-0.014350,-0.041639,17.566827
154321560898,-0.564217,-0.713247,-0.991178,-0.213519,0.000758,0.003758,17.612484
154421639731,-2.817530,2.152516,-0.199428,-0.222563,-0.236888,-0.098621,17.659600
154521718565,-0.163825,1.431736,-1.784639,0.305669,0.000050,0.060455,17.659557
154621797398,-1.320233,3.209146,-1.727206,-0.028672,-0.058241,0.069949,17.683461
154721876231,0.220077,-0.662349,1.714318,0.409137,0.213453,0.236831,17.622567
154821955065,1.829607,-4.221060,0.326142,0.362614,0.199763,0.346697,17.486084
154922033898,0.771237,-3.302204,-0.639604,0.531799,0.313893,0.323587,17.500348
155022112731,1.687673,-5.023143,0.603046,0.604004,0.140641,0.146192,17.584760
155122191564,-0.110231,0.335871,-1.485669,-0.037831,-0.112213,-0.112922,17.554233
155222270398,0.803611,-1.297082,-0.512143,-0.010537,0.161461,0.085250,17.448300
155322349231,-0.202287,1.245000,0.165931,-0.165718,0.062750,-0.008121,17.391468
155422428064,0.546842,-0.472638,-0.707508,0.115588,0.032461,-0.029049,17.366235
155522506897,1.409185,-5.209961,-0.944980,-0.325998,-0.380640,-0.351285,17.306680
155622585731,3.136408,-5.180629,-1.040064,-0.254874,-0.270343,-0.308465,17.313237
155722664564,2.556723,-8.066039,2.064823,-0.437299,-0.315193,-0.455376,17.309826
155822743397,1.412030,0.679393,-1.283398,-0.688142,-0.187461,-0.300776,17.151075
155922822230,3.373690,-4.175976,-0.369092,0.152374,0.212304,0.134304,17.112299
156022901064,-1.301361,0.887712,0.576965,-0.171409,-0.133415,-0.330353,17.142947
156122979897,-0.847077,-0.518044,1.362544,-0.387191,-0.181750,-0.210872,17.085174
156223058730,-1.120698,2.399167,1.409815,-0.343049,-0.261931,-0.055969,17.015448
156323137564,0.271552,-0.600846,0.315352,-0.177756,-0.129214,-0.209673,16.997984
156423216397,-0.677439,-0.261600,1.120758,-0.306240,-0.290682,-0.260979,16.924101
156523295230,4.077312,-6.125456,3.302175,0.532120,0.116119,0.216605,16.882426
156623374063,-2.073254,5.006955,0.678698,0.036751,-0.008552,0.019129,16.841684
156723452897,-4.869788,7.876770,0.928745,0.843493,0.489163,0.629515,16.771234
156823531730,2.571690,-0.058136,-0.364939,0.503480,0.405415,0.546619,16.783595
156923610563,1.491430,3.261165,0.627674,0.023901,0.086554,0.001725,16.767736
157023689396,2.526271,0.151977,-0.555237,0.193836,0.186800,0.313143,16.667208
157123768230,-1.205646,3.640645,-1.137465,-0.251582,-0.166880,-0.193383,16.659473
157223847063,-1.362481,-0.925892,0.445471,0.076398,-0.064527,-0.067129,16.634594
157323925896,-0.604922,-2.153957,0.008791,-0.164689,-0.196869,-0.137152,16.651430
157424004729,-0.291413,-4.232511,0.179531,0.015995,0.106591,0.187174,16.652117
157524083563,-0.111135,-0.858765,-1.129694,-0.281701,-0.074115,-0.068663,16.598633
157624162396,1.450860,-4.635428,-0.579193,0.264308,0.212623,0.208934,16.704393
157724241229,0.194231,-0.636942,0.748220,-0.401044,-0.306422,-0.314265,16.715010
157824320063,-2.064014,-0.545088,-0.970063,-0.414015,-0.151612,-0.161742,16.589761
157924398896,0.259123,-1.881729,0.253661,-0.462467,-0.240156,-0.212507,16.605107
158024477729,-2.085484,1.558016,0.723155,-0.498424,-0.268645,-0.333108,16.725924
158124556562,-0.626000,-4.000372,-0.276009,0.192030,0.155229,0.059872,16.738022
158224635396,-1.280971,-2.539204,-0.462028,-0.009520,-0.058708,-0.129234,16.673634
158324714229,-1.539359,-1.548592,-1.618376,0.383470,0.248832,0.189877,16.710228
158424793062,0.065465,-2.419302,-0.380175,0.279175,0.191298,0.198589,16.673044
158524871895,-1.711300,1.341908,0.214447,0.086709,0.162000,0.071388,16.585507
158624950729,0.597109,0.465820,0.656671,-0.015423,0.027735,0.045002,16.611186
158725029562,-2.861146,6.211394,1.366322,-0.612289,-0.282922,-0.356243,16.628085
158825108395,-2.972993,5.372031,-0.484704,-0.198484,-0.193986,0.037985,16.678156
158925187229,-2.390211,0.680806,-0.357556,-0.518538,-0.141428,-0.069303,16.577442
159025266062,-8.451681,0.811132,-0.795990,-0.628887,-0.381630,-0.121393,16.495660
159125344895,0.109294,-1.684485,-2.586081,0.014427,-0.059640,-0.161709,16.509907
159225423728,4.309002,0.536402,-1.032007,-0.311951,-0.194887,-0.257602,16.554859
159325502562,3.052394,0.435636,0.738811,-0.613371,-0.533795,-0.193211,16.449233
159425581395,0.637056,0.124874,-2.240123,-0.559237,-0.138508,-0.239301,16.334864
159525660228,9.174522,-12.602296,0.209103,1.060949,0.560729,0.876832,16.268921
159625739061,-1.441581,-4.084666,1.046841,0.450940,0.281526,0.232218,16.275748
159725817895,-3.084042,2.694116,2.046606,-0.098561,0.235224,0.018256,16.305473
159825896728,2.230046,-2.436766,0.339583,0.223676,-0.195336,0.548085,16.236007
159925975561,0.161917,-2.598052,0.337797,-0.182067,-0.270998,-0.270449,16.207213
160026054394,-1.819711,0.576250,-1.234473,-0.046185,0.033947,0.452427,16.089877
160126133228,-3.128721,-0.744335,0.474993,-0.367438,-0.232810,0.167560,16.007030
160226212061,-2.428969,2.031000,-1.430717,-0.332841,-0.070154,-0.357675,15.966700
160326290894,-0.767072,-0.406254,-0.795582,-0.116232,-0.115128,0.000820,15.905785
160426369728,-2.785332,3.446405,-1.785481,-0.216438,0.013751,-0.139487,15.913615
160526448561,-1.507042,-0.366412,-1.456166,0.246573,0.287123,0.125321,15.865828
160626527394,-2.647528,0.219739,-1.429194,0.083390,0.080296,-0.009316,15.744488
160726606227,-3.536833,3.651984,-1.443929,-0.451533,-0.263566,-0.307834,15.672589
160826685061,0.671120,0.331876,-0.819384,-0.405957,-0.198386,-0.167110,15.694145
160926763894,2.992195,-4.561921,0.111042,-0.703635,-0.249357,-0.478307,15.660741
161026842727,1.741924,-1.275468,-0.216201,-0.590742,-0.261795,-0.325230,15.555341
161126921560,4.353573,-5.779110,0.131152,-0.038246,-0.104464,-0.097192,15.421645
161227000394,1.795898,-2.295722,0.206159,-0.152146,-0.246680,-0.303054,15.419361
161327079227,1.386471,-1.575036,-1.700819,0.550471,0.355638,0.374807,15.370497
161427158060,-0.293863,0.339360,-0.284414,0.292894,0.128980,0.259473,15.273119
161527236893,-2.303083,2.456699,0.389056,0.433894,0.186730,0.245134,15.217243
161627315727,-2.297567,1.874666,1.411788,0.357430,0.166586,0.234872,15.153451
161727394560,-4.376075,1.651373,1.519199,0.406253,0.254484,0.240433,15.068412
161827473393,0.129109,-2.439771,1.654798,0.613169,0.249052,0.375269,14.994695
161927552227,-1.014324,2.389809,-0.238824,0.295796,0.255330,0.142000,14.988378
162027631060,5.098233,-5.216430,0.119182,0.296407,0.264457,0.397776,14.941346
162127709893,1.534223,-3.288350,0.256261,-0.680489,-0.206939,-0.326563,14.828401
162227788726,1.946502,-2.927875,-0.139437,-0.361358,-0.111620,-0.123834,14.748006
162327867560,1.728790,-1.082173,0.505991,-0.402204,-0.319804,-0.230985,14.714946
162427946393,-1.029719,0.627657,0.406384,-0.312922,-0.190411,-0.142455,14.683889
162528025226,0.725667,-3.694112,0.881411,0.155854,0.094288,0.182709,14.673302
162628104059,-1.227307,1.216498,0.508043,0.222145,0.014720,-0.003783,14.637055
162728182893,0.031107,-1.670618,-0.331383,0.530360,0.206102,0.193078,14.592204
162828261726,1.507663,-3.781035,-0.326050,0.267395,0.188829,0.177397,14.522814
162928340559,-1.062129,-1.123926,-0.741099,0.386947,0.263346,0.331660,14.475057
163028419392,3.068087,-3.926404,0.397296,0.294197,0.228721,0.228626,14.466867
163128498226,2.062548,-4.884095,1.505376,-0.552714,-0.297159,-0.287968,14.524794
163228577059,4.675200,-6.878323,1.335815,-0.215797,-0.190682,-0.298503,14.495985
163328655892,1.887906,-2.625283,0.918387,-0.807641,-0.489355,-0.661491,14.429036
163428734726,-1.403154,2.065411,-0.423895,-0.622264,-0.383608,-0.461548,14.496727
163528813559,0.607345,-2.782201,-0.123879,-0.126184,-0.055253,-0.099924,14.519614
163628892392,-2.130531,4.104950,-0.735258,-0.132500,-0.139995,0.002812,14.496344
163728971225,-1.582931,3.200434,-0.725910,0.534996,0.215120,0.351233,14.443181
163829050059,-2.622180,2.949169,-0.051514,0.251932,0.160388,0.150230,14.383950
163929128892,-1.960315,2.156944,-0.275014,0.516239,0.310420,0.336739,14.338867
164029207725,-0.472548,-1.252792,1.105400,0.408445,0.188552,0.164823,14.321507
164129286558,-2.555444,1.971988,-0.096687,0.010656,-0.049129,-0.060621,14.307425
164229365392,2.138709,-3.920109,-0.092866,-0.050522,-0.014103,0.043494,14.331889
164329444225,2.111293,-4.479877,0.520013,-0.626679,-0.305990,-0.361730,14.256966
164429523058,2.094111,-2.594937,0.068229,-0.366169,-0.132684,-0.207470,14.240436
164529601891,2.082573,-2.808850,0.393587,-0.176928,-0.227292,-0.106784,14.256000
164629680725,-1.321218,-1.878979,0.203782,-0.181218,-0.195657,-0.176141,14.269744
164729759558,3.205898,-0.273920,-0.424861,0.101630,0.240417,0.098203,14.346624
164829838391,1.133520,-1.163453,-0.272816,-0.036118,0.092158,0.103640,14.400350
164929917225,-1.259217,-1.552986,1.001612,0.043459,0.066467,0.013532,14.387798
165029996058,-2.126573,1.556546,1.082351,0.283142,-0.148827,-0.126228,14.443978
165130074891,0.856413,1.414719,0.903285,0.515747,0.157807,0.066824,14.311287
165230153724,2.974116,0.076259,0.735935,0.093227,0.173398,0.219996,14.273941
165330232558,-0.428089,-1.124558,0.205278,-0.241377,-0.126892,-0.110071,14.343185
165430311391,-1.678138,-0.213770,-0.319699,-0.056790,-0.046756,-0.088073,14.368318
165530390224,-1.422235,0.052918,-1.817385,0.124665,0.097748,0.041520,14.487822
165630469057,-0.712678,-1.133599,-0.260516,0.083882,0.064170,0.006221,14.584642
165730547891,1.258306,0.074772,-0.215539,0.136516,-0.032601,0.050223,14.658701
165830626724,-1.151979,-1.255285,1.266833,0.059611,-0.055923,0.002427,14.715550
165930705557,0.530565,-1.506265,0.910068,0.111676,0.090877,0.153298,14.634062
166030784391,1.480847,-0.338395,0.181414,0.117348,0.196764,0.238560,14.685219
166130863224,-0.384247,-0.397648,0.601425,0.293567,0.227757,0.235522,14.794541
166230942057,0.929234,-2.134041,0.375788,0.274843,0.128844,0.014452,14.773862
166331020890,-1.222979,1.949286,-0.122192,0.017900,-0.061514,-0.107707,14.816019
166431099724,-3.029863,1.199076,-0.436953,0.045044,-0.009610,-0.033081,14.840995
166531178557,-3.424216,3.149363,-2.254499,-0.463718,-0.235456,-0.240788,14.661901
166631257390,2.081902,-1.527751,-0.835020,0.003164,0.079142,0.107660,14.572925
166731336223,3.430149,-4.582832,0.607300,0.474762,0.306723,0.382718,14.670253
166831415057,0.635507,-1.569079,0.972608,0.427688,0.173934,0.168158,14.607765
166931493890,1.175642,-3.639034,2.730723,0.419014,0.112601,0.054739,14.473015
167031572723,0.519981,-1.766290,2.036441,0.039746,-0.006142,-0.017717,14.610022
167131651556,1.904583,-3.873798,0.077766,0.180356,0.219815,0.150678,14.568597
167231730390,-0.757846,2.472959,-0.807421,-0.294962,-0.097702,-0.120493,14.666840
167331809223,-1.210034,2.201274,0.275153,-0.080197,-0.166246,-0.154605,14.625463
167431888056,-0.622394,1.098827,0.989650,-0.326988,-0.323581,-0.351222,14.518102
167531966890,0.224459,-1.956893,1.005009,-0.325766,-0.211025,-0.191964,14.679344
167632045723,1.922710,-3.761305,0.901553,-0.578275,-0.292073,-0.378204,14.693433
167732124556,0.376412,0.194633,0.285675,-0.442230,-0.226826,-0.295534,14.436918
167832203389,1.846675,-3.635793,0.951038,0.081891,-0.045652,-0.070092,14.353847
167932282223,-0.447566,-1.298266,1.221082,-0.071365,-0.205012,-0.225796,14.309306
168032361056,-0.907125,0.453302,-0.020276,-0.127855,-0.143052,-0.105922,14.359436
168132439889,-1.457013,2.131425,-1.029635,-0.156744,-0.071243,-0.077353,14.555869
168232518722,-0.532829,0.364276,-0.919260,0.176772,0.091350,0.152093,14.325909
168332597556,0.114278,0.120593,-0.495096,0.063457,0.004314,0.025289,14.475444
168432676389,-0.187017,-1.321730,-0.360917,0.044401,-0.076204,0.043116,14.464972
168532755222,-1.628243,-1.506578,-0.097339,0.080730,-0.083116,-0.132193,14.329450
168632834055,-1.296079,-1.011317,-0.927150,0.119679,0.123428,0.050712,14.243540
168732912889,1.308946,-1.914016,-0.248799,-0.043826,0.065348,0.035265,14.114790
168832991722,1.029707,-2.870232,-0.265296,-0.379734,-0.134020,-0.150872,14.140603
168933070555,0.300306,-0.052519,-1.388941,-0.334475,-0.116904,-0.180558,14.089672
169033149389,0.357586,-0.568180,-0.458891,-0.252314,-0.080164,-0.098966,14.089202
169133228222,0.774393,-0.936841,-0.586616,-0.200003,-0.091491,0.009729,14.103724
169233307055,2.193444,-1.628529,0.347522,0.039664,-0.027595,0.034946,14.006178
169333385888,-0.344185,0.590280,1.139446,0.035826,-0.071535,-0.037664,13.894815
169433464722,-1.895081,-0.767097,2.291640,0.165304,0.137359,0.206583,13.954032
169533543555,-2.113117,-1.088671,0.217472,0.108536,0.268534,0.247556,13.835255
169633622388,-1.073895,-1.404302,-1.691836,0.236878,0.439212,0.242790,13.854953
169733701221,0.168623,-2.763081,-2.689027,0.354852,0.208325,0.083608,13.842993
169833780055,-0.308343,2.069988,-2.039002,0.205365,0.056955,-0.069934,13.640309
169933858888,0.732450,-0.542954,0.457359,0.373470,0.093059,0.076155,13.414038
170033937721,0.818525,-1.507827,1.385156,0.445944,0.122766,0.113679,13.268897
170134016554,0.511231,-3.696561,1.092439,0.276086,0.089623,0.112318,13.254944
170234095388,-3.124199,3.793037,-0.657608,-0.555800,-0.222386,-0.307830,13.166487
170334174221,-1.409670,3.240984,-1.585380,-0.210482,0.006580,0.058043,13.083942
170434253054,0.432105,1.104567,-0.504434,-0.447735,-0.219050,-0.140509,12.971615
170534331888,-0.555910,2.793455,1.005670,-0.152581,-0.310855,-0.216678,12.906036
170634410721,-0.769737,1.664939,-0.343711,-0.136956,-0.202242,-0.083084,12.937446
170734489554,-2.653998,-0.456979,0.035550,-0.181763,0.031847,-0.069009,12.993786
170834568387,-0.497075,-3.180380,0.132710,-0.085083,0.008633,-0.170800,12.898017
170934647221,-0.537795,-1.671363,0.688081,-0.117459,-0.071469,-0.167754,12.820670
171034726054,0.725554,-0.648658,1.295987,-0.133825,-0.165764,-0.201788,12.785291
171134804887,-2.266449,1.939658,0.231844,-0.081192,-0.181841,-0.150960,12.636180
171234883720,-0.224791,-3.112254,0.079243,0.135849,0.115101,0.032996,12.333107
171334962554,0.627194,-3.479887,-0.539311,0.097301,0.073451,0.216463,12.402631
171435041387,1.909821,-3.609924,0.247945,0.404812,0.233991,0.303525,12.435076
171535120220,1.729470,-0.438709,0.745992,0.367738,0.089587,0.229253,12.420767
171635199053,-0.601801,0.928378,-0.099935,0.402041,0.119424,0.200692,12.344211
171735277887,-0.203498,-0.425903,-0.302188,0.406718,0.175705,0.140368,12.210753
171835356720,0.433105,0.454622,-0.664481,0.295670,0.249315,0.198079,12.226902
171935435553,1.966581,-2.781785,0.729710,0.275566,0.112848,0.048358,12.269799
172035514387,0.362213,-1.369500,0.309921,0.180680,0.063090,0.057147,12.207917
172135593220,-1.479855,0.073546,0.644831,0.130503,0.320051,0.344398,12.096394
172235672053,-4.447239,2.962762,1.182770,0.368176,0.348049,0.465162,12.099344
172335750886,-2.066085,1.585386,-0.170573,0.543248,0.095168,0.099458,12.090774
172435829720,0.098235,1.386153,0.138375,0.737429,0.255947,0.235975,12.096353
172535908553,0.227225,-1.117739,1.360382,0.582337,0.208776,0.092466,12.032283
172635987386,-0.774871,0.587456,-0.597132,0.065893,0.031372,-0.144508,11.967671
172736066219,1.470664,-1.895185,-1.390313,0.241008,0.228539,0.095249,11.924513
172836145053,2.321876,-2.461202,-0.682020,0.107532,0.204326,0.129265,12.002657
172936223886,0.967551,-1.253665,-0.455592,0.140364,0.203321,0.171573,12.019031
173036302719,0.403224,-0.997020,0.046240,0.101676,0.194714,0.211781,11.952448
173136381553,2.016473,0.021569,0.626952,0.223021,0.243124,0.143401,11.808036
173236460386,2.615413,-0.156270,0.355127,0.256157,0.106645,0.045746,11.738056
173336539219,1.191441,0.769525,0.619606,0.170851,-0.006910,0.007565,11.782613
173436618052,-0.352055,-0.474212,-0.078100,0.161064,-0.001952,-0.007953,11.865086
173536696886,0.195557,0.730937,-1.575614,-0.083776,0.088677,0.041310,11.800189
173636775719,0.932992,-0.244130,-1.827313,-0.141579,0.196208,0.159427,11.678163
173736854552,0.105023,1.619611,-0.544138,-0.130271,-0.009454,0.056504,11.691347
173836933385,1.821120,0.085182,-0.448572,0.093481,-0.137557,-0.038526,11.718894
173937012219,4.456883,-1.909655,-0.686379,-0.016715,-0.074842,-0.029439,11.733419
174037091052,1.878644,-2.043737,0.324138,-0.144407,0.054908,0.090605,11.672903
174137169885,-0.259162,-0.079271,0.549645,-0.258845,-0.029384,-0.053331,11.618788
174237248718,-0.252468,-0.637178,-0.180527,-0.034342,-0.124275,-0.086023,11.567751
174337327552,-0.016598,0.113852,-0.268490,-0.279097,-0.251985,-0.237474,11.552800
174437406385,-0.438852,3.005108,-1.247674,-0.308071,0.005975,-0.182952,11.561256
174537485218,-1.043907,3.669382,0.011857,-0.061452,0.166079,0.069375,11.514936
174637564052,-1.876116,5.243256,-1.404564,0.007389,0.037921,0.039491,11.612074
174737642885,1.435083,-2.981805,-1.072058,0.674396,0.225276,0.401921,11.565125
174837721718,1.056027,-6.388370,1.618102,0.676781,0.203595,0.412412,11.556688
174937800551,1.303048,-5.814305,0.350805,0.843503,0.520872,0.562180,11.544760
175037879385,0.852727,-2.025870,-0.732673,0.589574,0.540939,0.430836,11.544369
175137958218,0.586881,1.246051,0.275332,0.849732,0.621197,0.527538,11.623048
175238037051,2.286141,-1.501878,0.679201,0.803074,0.370992,0.366560,11.754888
175338115884,-1.720950,7.201183,1.345999,-0.001471,-0.114777,-0.101904,11.833302
175438194718,-0.741095,5.730429,0.714879,0.020047,-0.015497,0.043624,11.838216
175538273551,-0.934662,2.072459,-0.563780,-0.812589,-0.420614,-0.412431,11.781233
175638352384,3.156399,-7.090453,-1.901592,-1.031937,-0.608460,-0.531493,11.810891
175738431217,0.794882,-0.672943,-1.845848,-0.938339,-0.553206,-0.616416,11.956469
175838510051,0.890721,3.505282,-0.266613,-0.543725,-0.362493,-0.408639,12.085522
175938588884,1.632354,0.541017,-0.109906,-0.373898,-0.273736,-0.295377,12.167093
176038667717,-0.714851,2.421663,0.832265,-0.288949,-0.197116,-0.258493,12.097266
176138746551,-0.621956,0.284228,2.304828,-0.007940,-0.018179,-0.018682,12.161309
176238825384,-2.286295,1.813970,1.892170,0.096494,-0.042212,0.078386,12.365095
176338904217,-1.238787,-1.556434,0.253301,0.287759,0.144746,0.181649,12.488654
176438983050,-0.492067,-1.479031,-0.299553,0.054987,0.032265,-0.021812,12.500767
176539061884,0.986656,-2.795983,-0.518298,0.293724,0.146571,0.079537,12.592308
176639140717,0.503670,0.187507,0.425029,0.178404,0.376484,0.075512,12.723152
176739219550,1.718398,-0.830947,2.688283,0.430754,0.564205,0.271568,12.815808
176839298383,6.997781,-7.775287,0.720787,0.116225,0.082857,-0.022962,12.868032
176939377217,-0.974428,4.272573,-0.268146,-1.173121,-0.676473,-0.842466,12.959924
177039456050,-2.674221,5.475471,-1.372572,-0.777547,-0.325422,-0.581556,13.093016
177139534883,1.740502,1.614429,-1.759060,-0.874126,-0.406730,-0.502744,13.208734
177239613716,-2.475088,6.233534,0.068639,-0.436473,-0.221016,-0.274035,13.328771
177339692550,-1.169299,1.633926,0.368902,0.479321,0.328640,0.171772,13.383598
177439771383,0.121335,3.119651,0.091775,0.286218,0.029386,-0.004186,13.444884
177539850216,0.305331,1.146226,0.736217,0.383233,0.085681,0.146700,13.606505
177639929050,1.183365,-0.305676,0.402213,0.427866,0.253576,0.462713,13.758813
177740007883,-0.131044,0.884204,0.117938,0.662552,0.520418,0.478744,13.851839
177840086716,-1.432250,0.720986,0.752929,0.600638,0.420505,0.413948,13.935532
177940165549,-2.469729,6.652107,-1.536234,0.487460,0.356263,0.330448,14.022553
178040244383,-1.883854,7.121881,-1.898233,0.106047,0.200823,0.019372,14.112250
178140323216,-2.561499,11.519685,-1.047572,-1.157558,-0.597443,-0.581197,14.179328
178240402049,2.531548,-1.614501,0.252165,-0.680263,-0.373536,-0.365241,14.239096
178340480882,1.861083,-3.947344,0.246113,-1.121477,-0.700877,-0.626856,14.387293
178440559716,1.218834,-0.747833,0.472889,-0.695400,-0.662847,-0.369366,14.440521
178540638549,3.964547,-9.210598,3.134925,-0.215580,-0.379867,-0.090360,14.424210
178640717382,0.356897,-5.441467,2.164472,-0.707465,-0.139172,-0.521496,14.476780
178740796215,3.560004,-10.945450,-0.954790,-0.602079,-0.198841,-0.404678,14.612115
178840875049,1.256718,-4.730736,-1.172062,-1.220206,-0.829632,-0.690183,14.769370
178940953882,-1.855017,0.583405,-0.905590,-0.634486,-0.368153,-0.397664,14.947817
179041032715,0.569153,-4.113528,-0.382787,0.194657,0.107049,0.067627,15.038146
179141111549,0.318963,0.268809,-0.047091,-0.100626,0.025014,-0.080812,15.007065
179241190382,-0.198330,0.083520,-0.739578,-0.106200,0.097096,-0.046542,14.994382
179341269215,1.942848,-1.091477,-1.410286,-0.154687,-0.078136,-0.117342,15.021966
179441348048,1.227171,-1.572426,0.178927,-0.338125,-0.318484,-0.161822,15.124672
179541426882,0.065259,-2.298725,1.259675,-0.184950,-0.237356,0.013289,15.293648
179641505715,0.620105,-4.410324,1.824588,0.200330,-0.073747,0.097111,15.369581
179741584548,-1.245938,3.570463,-0.714207,0.110807,-0.077867,0.024504,15.397753
179841663381,0.153403,3.452288,-1.555705,0.425511,0.161305,0.215343,15.499672
179941742215,1.590843,1.437017,-0.277388,0.219124,0.090121,0.011592,15.582844
180041821048,0.351248,1.148175,-0.531512,0.219095,0.058527,0.120163,15.599682
180141899881,1.147890,0.351344,-0.219350,0.127475,0.144538,0.056655,15.605785
180241978715,2.965616,0.872791,-0.365046,0.106840,0.198648,0.082031,15.649708
180342057548,2.830490,-0.013808,-0.844332,0.202323,0.128263,0.174153,15.717776
180442136381,3.066777,0.492257,-0.233102,0.208041,0.023756,0.013626,15.756198
180542215214,0.775860,-0.766941,0.904063,-0.018868,0.015887,-0.086861,15.784395
180642294048,-1.250875,1.734470,1.407929,-0.145923,-0.093159,-0.071353,15.801225
180742372881,-1.213682,2.134358,0.237227,-0.091777,-0.129373,-0.164907,15.798517
180842451714,-2.067823,3.184135,-1.591690,-0.424348,-0.207121,-0.317545,15.775364
180942530547,-0.214479,-0.232180,-1.579272,-0.442372,-0.204249,-0.347680,15.874867
181042609381,2.110760,-3.957234,-0.006167,-0.435357,-0.264469,-0.410144,15.968140
181142688214,2.616065,-3.058311,1.116408,-0.279643,-0.286140,-0.223829,15.888621
181242767047,0.153579,-0.949332,1.542387,-0.431865,-0.383116,-0.316007,15.867690
181342845880,-0.773023,0.281400,0.929666,-0.367687,-0.215883,-0.148692,15.884369
181442924714,-0.427432,-1.911776,-0.021466,-0.187170,-0.047236,0.021136,15.902120
181543003547,-2.195926,3.091784,-0.763300,0.198833,0.208595,0.172248,15.959437
181643082380,-2.231354,3.864217,-0.410266,0.758614,0.429620,0.439367,15.941787
181743161214,-2.091858,3.618220,0.142042,0.595403,0.205898,0.345955,15.930838
181843240047,-1.273258,1.431252,0.174690,0.675708,0.272751,0.376703,16.014771
181943318880,-0.332841,-1.332244,0.121616,0.510283,0.247924,0.332596,16.055025
182043397713,1.071601,-2.985305,-0.604281,0.426197,0.339961,0.283838,16.039377
182143476547,1.770478,-5.766962,0.839632,0.102236,0.132746,-0.046108,16.056558
182243555380,-0.991361,4.436861,0.557111,-0.626999,-0.239908,-0.406189,16.114587
182343634213,-0.408814,5.447532,-0.750466,-0.343909,-0.114107,-0.129844,16.167405
182443713046,-0.752232,4.050935,-0.268066,-0.551271,-0.319831,-0.313131,16.101062
182543791880,0.796850,0.248718,-0.153677,-0.292239,-0.236165,-0.170023,16.024201
182643870713,-0.087034,-0.243853,0.376890,-0.343914,-0.288875,-0.220533,15.985986
182743949546,-3.540520,2.310427,0.394932,-0.181755,-0.048693,-0.031014,16.041427
182844028379,-3.411792,-1.204186,-0.373906,0.296133,0.179772,0.251901,16.125338
182944107213,-4.092897,-1.619494,0.602028,0.127645,-0.156664,-0.059037,16.037216
183044186046,-3.565458,1.928999,1.607568,-0.391513,-0.417855,-0.250681,15.960995
183144264879,-0.514420,4.308507,1.103244,-0.102635,-0.103575,-0.065301,15.966561
183244343713,-0.081027,4.155646,0.142499,0.178565,0.095263,0.076144,15.940589
183344422546,-0.775377,3.089623,0.896246,0.140593,0.004829,0.075041,15.934940
183444501379,0.856156,-1.853402,0.637701,0.182975,0.093642,0.169485,15.853482
183544580212,-0.247331,-0.511580,-0.576041,0.201711,0.195029,0.119863,15.737499
183644659046,-2.535439,4.648312,-0.287999,0.546791,0.182391,0.288788,15.700780
183744737879,-4.405430,6.492323,0.540719,0.552042,0.168502,0.227720,15.677624
183844816712,-2.460032,-0.653709,0.497549,0.977963,0.653813,0.564401,15.670966
183944895545,0.144979,-1.741384,-0.356610,0.407805,0.335804,0.431411,15.638783
184044974379,-1.293601,2.244690,-0.177640,0.002639,0.057864,0.024089,15.549219
184145053212,-1.784983,-1.148604,-0.045134,-0.024010,-0.059688,-0.047241,15.466283
184245132045,-5.148385,4.065215,-0.188812,-0.127138,-0.270056,-0.164443,15.437915
184345210878,-2.666859,2.643532,1.356983,-0.170264,-0.322992,-0.160419,15.469234
184445289712,-0.821182,2.615965,1.009981,-0.780076,-0.508432,-0.467944,15.492631
184545368545,-1.724999,1.055757,-0.710377,-0.602652,-0.375325,-0.380340,15.484306
184645447378,-0.182286,-3.378940,-1.621030,-0.253237,-0.233095,-0.256143,15.476995
184745526212,0.788260,-0.007887,-1.741481,-0.116702,-0.028306,-0.108319,15.439738
184845605045,1.169348,1.532627,-0.750229,-0.127680,-0.029815,-0.069517,15.347904
184945683878,-0.790000,2.338269,0.569414,-0.165172,-0.254074,-0.156635,15.321354
185045762711,-1.399368,1.312624,0.506304,-0.059678,-0.140401,-0.117918,15.381949
185145841545,-1.787527,2.379772,-0.088338,-0.090177,-0.039533,-0.014237,15.418473
185245920378,-3.067700,6.156585,-0.264524,0.316345,0.148556,0.234943,15.361003
185345999211,0.729838,-2.750856,0.555314,1.133559,0.580827,0.605139,15.272761
185446078044,-0.290977,-1.653599,0.643425,0.580563,0.256686,0.313747,15.245488
185546156878,-1.710133,4.797932,-1.445942,0.025023,0.088314,0.091245,15.263442
185646235711,0.994903,-2.764405,-0.987178,-0.072055,0.051215,-0.057420,15.294265
185746314544,0.403088,-3.843335,0.715526,-0.201076,-0.073009,-0.120644,15.263930
185846393378,0.921785,-0.444704,1.358397,-0.051203,0.018135,0.002287,15.187705
185946472211,0.604424,-0.531431,0.902811,0.147849,0.016512,0.054706,15.145061
186046551044,-1.655237,0.554331,0.182092,0.179572,-0.000440,0.076498,15.207767
186146629877,-1.134166,1.437020,-0.054155,-0.032093,0.006725,-0.067699,15.277878
186246708711,0.018145,-2.341124,-0.454670,-0.034848,0.073801,-0.122831,15.219674
186346787544,0.606751,-1.923112,-1.621519,-0.237107,0.036948,-0.205015,15.087303
186446866377,1.263564,-0.583026,-0.934348,-0.235572,0.097473,-0.159456,15.037221
186546945210,0.554712,-1.104668,0.779276,-0.013856,0.013855,-0.069566,15.083282
186647024044,-0.988128,0.583428,0.589249,-0.055439,-0.124115,-0.180855,15.124383
186747102877,-2.204943,3.071059,-0.526841,-0.412674,-0.181695,-0.255720,15.085999
186847181710,-1.327233,0.572000,-0.340462,-0.315807,-0.106238,-0.114048,15.042399
186947260543,-0.862790,-1.897885,0.900281,-0.102485,-0.108724,-0.059986,15.033495
187047339377,-1.713792,-2.701857,0.635614,-0.156122,-0.086940,-0.138884,15.066588
187147418210,-2.170983,-1.659198,0.279147,-0.308255,-0.150306,-0.238644,15.011950
187247497043,-1.144586,-0.242584,-0.174416,-0.232631,-0.093059,-0.179500,14.914750
187347575877,1.474705,-0.706813,-0.125766,-0.069198,-0.021469,-0.034529,14.937577
187447654710,0.184129,0.775845,0.151880,0.066773,-0.061973,0.074983,14.912202
187547733543,-2.335155,-1.597463,-0.267730,0.221757,0.058729,0.063585,14.910259
187647812376,-0.203100,-3.901591,0.140755,-0.033746,-0.085267,-0.030190,14.987843
187747891210,0.449726,-1.650349,-0.409944,-0.316343,-0.210256,-0.175101,14.995491
187847970043,-0.449768,-1.834894,-0.676017,-0.008749,-0.023408,0.066110,14.912560
187948048876,0.145446,-1.713002,-0.152928,0.227907,0.078107,0.137104,14.779276
188048127709,1.102993,-0.845392,-0.009164,0.004262,-0.055504,-0.116680,14.757581
188148206543,0.800719,-2.223181,1.074245,-0.089252,0.014694,-0.094805,14.827518
188248285376,0.892007,-1.774909,0.814858,-0.146808,0.092951,-0.019717,14.835813
188348364209,0.982358,-1.905379,0.174812,-0.169078,-0.029868,-0.137273,14.849282
188448443042,0.336227,-2.240099,0.127910,0.153164,0.048812,-0.111728,14.880691
188548521876,0.371759,-3.956169,0.349995,0.482514,0.235735,0.161507,14.878409
188648600709,0.210799,-1.787710,0.828715,0.299179,0.181342,0.151711,14.885011
188748679542,1.104893,-0.174153,0.699410,0.228442,0.171446,0.116583,14.930827
188848758376,-0.085325,-0.107348,-0.497152,0.219741,0.157040,0.117466,14.948710
188948837209,-0.505471,-0.210429,-0.937577,0.205479,0.156356,0.133509,14.874451
189048916042,0.866927,-0.001618,-0.485089,0.160290,0.124866,0.072577,14.813331
189148994875,0.713256,0.559166,-1.099130,0.047762,0.130259,0.036523,14.908191
189249073709,0.165826,-2.457280,-0.496420,-0.061883,0.088332,-0.015008,14.984733
189349152542,0.210524,-2.344013,0.306279,-0.186580,0.039034,-0.098730,14.915913
189449231375,-0.116984,-1.528701,-0.424956,-0.137868,0.087052,-0.042736,14.888599
189549310208,-0.793430,-1.540917,0.009874,0.049394,0.018614,0.025945,14.876537
189649389042,-1.449778,0.230080,0.596743,0.053483,-0.037886,0.028263,14.840488
189749467875,-1.548356,0.938491,0.170640,-0.071384,-0.049923,0.041682,14.791147
189849546708,-0.377802,0.425682,0.145932,0.154915,0.107858,0.194626,14.752341
189949625541,0.760573,0.389238,0.041271,0.216682,0.153727,0.126953,14.795778
190049704375,0.795606,-0.857106,-0.182074,0.167159,0.121488,0.063873,14.778729
190149783208,0.384588,-2.677861,-0.169528,0.280123,0.180483,0.139709,14.744403
190249862041,1.090241,-2.842371,0.298415,0.054314,0.068980,0.083805,14.736437
190349940875,0.447543,-0.631344,-0.157690,-0.140835,-0.089261,-0.077519,14.686982
190450019708,-0.946992,-0.577033,-0.864644,-0.058977,-0.088190,-0.105921,14.593448
190550098541,-1.510303,3.391249,-0.115245,-0.316989,-0.183037,-0.250605,14.519420
190650177374,-0.061693,1.217692,-0.373938,-0.421369,-0.227232,-0.398521,14.545135
190750256208,4.912597,-2.026534,-0.179299,-0.274833,-0.279304,-0.204218,14.587523
190850335041,4.300291,-0.196587,1.533896,-0.053994,-0.167042,0.061404,14.553774
190950413874,-1.303916,1.891470,2.798891,0.032959,-0.074909,0.035472,14.476760
191050492707,-0.260358,4.715447,1.359893,0.115153,-0.116865,0.129780,14.431463
191150571541,0.012902,3.239480,1.323722,0.243922,-0.126826,0.033936,14.435114
191250650374,-1.629400,-2.823077,1.554671,0.393002,-0.061447,0.022419,14.466245
191350729207,3.311046,-5.580279,-2.355571,0.409435,0.359115,0.159323,14.435229
191450808040,8.713820,0.494572,-1.373673,-0.019534,0.340046,0.064466,14.343789
191550886874,6.220633,-0.112718,0.999430,-0.036660,0.208721,0.054599,14.279011
191650965707,2.306257,-0.669164,1.239969,-0.036281,0.234174,-0.349397,14.250470
191751044540,2.608062,-1.273017,1.201721,-0.006197,0.000426,-0.076741,14.234768
191851123374,1.773702,0.043380,0.074104,0.121827,-0.030222,0.178300,14.266350
191951202207,0.922972,3.554040,0.928999,0.051923,-0.144237,-0.068682,14.245502
192051281040,1.332280,0.917479,0.839609,0.116972,-0.163978,-0.018893,14.157173
192151359873,0.651958,1.153666,-0.967225,0.004070,-0.125414,0.036308,14.099642
192251438707,3.024931,-1.362100,-0.699560,-0.021199,-0.253867,0.150511,13.988071
192351517540,4.104728,-1.280510,1.163757,-0.389858,-0.363830,-0.314475,13.906885
192451596373,3.098451,3.527989,0.233736,-0.016330,-0.153216,-0.518583,13.805390
192551675206,1.610003,1.314201,-2.102728,0.664675,0.223382,0.288602,13.707351
192651754040,-2.573681,-2.422984,0.744374,0.005477,0.188841,0.409772,13.744890
192751832873,-0.503428,-0.282182,0.660019,-0.343201,0.048359,0.013672,13.680799
192851911706,2.347055,1.117625,-1.841746,-0.114388,-0.051756,0.067213,13.476562
192951990540,0.961686,-0.547100,-0.649373,0.113523,-0.079930,0.036130,13.325131
193052069373,-0.603686,-2.114142,1.096512,-0.068377,-0.147855,-0.224404,13.275452
193152148206,-2.021404,-2.808763,1.904789,-0.116379,-0.001705,-0.061013,13.239594
193252227039,-1.892494,-0.752719,1.122467,-0.117345,0.192809,0.130640,13.238774
193352305873,-0.155856,-1.437217,0.437616,0.139830,0.041635,0.141254,13.136799
193452384706,-0.929298,-1.940111,0.176655,0.488607,0.020074,0.400518,13.086552
193552463539,0.455680,-1.031444,0.724658,0.403002,0.151972,0.152860,12.977986
193652542372,4.746241,3.317520,0.201163,0.485504,0.366866,0.288057,12.653126
193752621206,6.479145,3.005172,-1.465878,0.435989,0.318353,0.328164,13.004052
193852700039,4.241708,0.503458,-0.181866,0.324114,0.103786,-0.201178,13.397259
193952778872,0.489536,-0.619747,-0.136466,0.281807,0.245655,0.160432,13.225831
194052857705,0.878480,-1.169054,-0.587172,0.041943,0.308990,0.383728,13.115044
194152936539,-0.873377,-1.858607,2.107937,0.257005,0.121349,0.132151,13.049188
194253015372,-0.083123,-2.655023,1.168177,0.072231,-0.230793,-0.052508,13.073425
194353094205,3.167357,-2.968093,-0.884838,-0.293405,-0.233407,-0.293393,13.206247
194453173039,3.649185,-2.476973,0.662478,-0.188775,-0.151256,-0.324045,13.434243
194553251872,1.426028,-0.712470,0.095080,-0.218803,-0.117301,-0.081727,13.437522
194653330705,1.164090,-0.660739,-2.598752,-0.017791,0.225904,0.076734,13.057846
194753409538,0.254821,0.831835,-1.612649,0.095986,0.094584,-0.011210,12.796161
194853488372,-0.011033,-0.292326,-0.809497,0.000051,-0.151859,-0.154309,12.737494
194953567205,2.338908,1.778076,-0.957635,-0.245759,-0.133744,-0.065150,12.655799
195053646038,2.984645,2.900188,1.393308,-0.056892,-0.102213,0.174319,12.678302
195153724871,2.644807,-0.426466,2.085496,0.219889,0.039790,0.190388,12.735300
195253803705,-2.287360,-0.336876,0.828225,0.396523,0.083513,0.244500,12.832908
195353882538,-2.222001,-0.525699,-0.388512,0.369930,0.252636,0.304204,12.771970
195453961371,0.197170,-2.359846,-1.624305,-0.205919,0.265452,0.181676,12.696505
195554040204,1.244730,-1.216303,-0.353563,-0.329202,-0.067785,-0.110447,12.771126
195654119038,2.784638,0.638484,0.197967,0.276615,-0.147548,-0.042127,12.628283
195754197871,0.470709,0.562902,0.510821,0.577978,0.001401,-0.046669,12.425671
195854276704,-2.401620,3.340825,1.103580,0.018317,-0.109315,-0.488374,12.356098
195954355538,-3.029456,1.997355,-0.026345,-0.112620,-0.042440,-0.207032,12.349717
196054434371,-2.174513,-1.424375,0.117698,-0.139820,-0.019459,-0.094385,12.356944
196154513204,1.559061,-4.632270,0.560384,0.009028,0.053484,0.050770,12.357550
196254592037,1.670957,-3.524426,0.922478,-0.055805,-0.007635,0.102907,12.331821
196354670871,0.199152,1.227385,-0.050407,-0.255242,-0.116604,-0.057830,12.209466
196454749704,1.235473,0.034629,-0.825504,-0.111470,0.110188,0.089051,12.366401
196554828537,-1.065315,-1.864480,-0.114788,0.019551,0.139187,0.081397,12.342944
196654907370,-1.716753,0.169054,0.011658,0.114006,0.195711,0.087247,11.806915
196754986204,1.399353,1.116590,-0.526593,0.079244,0.332928,0.126124,11.715964
196855065037,0.667882,2.679395,-0.628678,0.075617,0.278761,0.142153,11.939002
196955143870,-1.532699,2.777947,-1.174168,0.026553,0.147473,0.177419,12.191016
197055222703,1.191169,-4.621724,0.144915,0.281072,0.364022,0.540960,12.168814
197155301537,4.367062,-0.934526,0.706929,0.116630,0.214188,0.478182,12.084996
197255380370,-1.166451,8.920720,1.650957,0.678277,0.551304,0.858022,12.395365
197355459203,-6.781395,-0.333485,1.832218,0.755823,0.659932,0.744583,12.303172
197455538037,-2.295246,-6.680299,0.342268,0.599426,0.365359,0.343542,12.055558
197555616870,-3.161152,-1.918503,-0.005218,0.305887,0.091815,0.230251,11.890381
197655695703,-5.090633,0.289795,-0.888808,0.143735,0.133618,0.017962,11.736660
197755774536,-2.821522,-0.543413,-0.998779,0.251407,0.221932,0.118090,11.629634
197855853370,2.176153,-0.232868,-0.332956,0.175785,0.092749,0.215638,11.540224
197955932203,5.595387,-0.365733,0.199755,-0.137929,0.020894,0.121593,11.476601
198056011036,2.437604,-6.498282,2.084514,0.062911,0.006485,0.303870,11.400170
198156089869,0.029736,-1.835178,1.468942,-0.129544,-0.198794,0.012581,11.278678
198256168703,-0.976246,4.113915,0.410600,0.140627,0.109465,0.256563,11.162028
198356247536,-1.245561,8.171328,0.123372,0.093823,0.104679,0.169318,11.134548
198456326369,0.213995,6.842897,-0.159780,0.335757,0.253937,0.305509,11.039724
198556405202,1.229487,-3.824412,-0.902076,0.513094,0.341047,0.506337,11.080659
198656484036,-0.945955,-5.081358,-2.003481,0.550727,0.405851,0.431582,11.149834
198756562869,-2.132491,-5.611001,-0.687599,0.855020,0.584231,0.580593,11.064697
198856641702,0.680406,-1.406876,-0.095716,0.520204,0.277252,0.371700,10.911100
198956720536,2.225700,0.032400,0.476885,0.347344,0.195701,0.158694,10.839200
199056799369,0.168288,0.871171,0.269597,0.115963,0.131935,0.102982,10.721770
199156878202,-1.509172,1.530856,-0.850960,0.072475,0.122887,0.083692,10.610245
199256957035,-1.800806,3.528695,0.329995,-0.485334,-0.353450,-0.387838,10.553393
199357035869,-1.552348,9.037976,-0.387811,-1.181136,-0.657893,-0.687424,10.490850
199457114702,2.954547,-1.223983,-1.743443,-0.844946,-0.724569,-0.391585,10.416652
199557193535,-2.939084,4.521234,-2.170875,-1.139370,-1.138138,-0.683726,10.355178
199657272368,-3.336516,1.291727,-0.341078,-0.185767,-0.383368,-0.138856,10.221761
199757351202,3.236472,-8.169398,1.483666,-0.019612,-0.025859,0.145426,10.094217
199857430035,3.569523,-8.210626,0.917237,0.380770,0.208388,0.389864,10.057029
199957508868,0.479733,-5.896105,1.137258,0.740990,0.218032,0.490155,10.033574
200057587702,-1.981195,4.071955,0.424641,0.730862,0.161087,0.414804,9.979689
200157666535,-2.002974,4.014201,-0.299526,0.857645,0.397239,0.579681,9.952243
200257745368,-3.779573,7.175467,-0.434491,0.628387,0.522326,0.513358,9.856363
200357824201,-1.767644,2.864592,-1.069743,0.929203,0.708614,0.622810,9.739383
200457903035,0.851891,5.509683,-1.557102,0.124854,0.224518,0.119289,9.582102
200557981868,1.738127,4.066311,-0.974957,-0.026262,0.094879,-0.005664,9.511755
200658060701,0.624711,-5.108023,1.123672,-0.362539,-0.146428,-0.242960,9.527724
200758139534,-0.220155,0.684216,1.236931,-0.597929,-0.341069,-0.327655,9.568456
200858218368,-0.742004,4.574222,0.421522,-0.342215,-0.231094,-0.210275,9.519482
200958297201,-1.253542,1.191695,-0.144448,-0.231737,-0.156224,-0.099492,9.346161
201058376034,-0.044381,-3.565526,-0.142249,-0.498518,-0.336573,-0.270323,9.330212
201158454867,0.134296,-1.309885,0.346635,-0.742106,-0.412850,-0.411865,9.349174
201258533701,0.546998,-0.023073,0.292030,-0.353742,-0.193730,-0.161899,9.297651
201358612534,0.387728,-0.733950,1.751942,-0.069059,-0.209338,-0.084921,9.268947
201458691367,-1.397446,0.767486,1.280992,-0.045185,-0.237486,-0.101384,9.234054
201558770201,-1.933043,-0.174016,0.290948,0.018102,-0.077956,0.000494,9.175345
201658849034,-0.519912,-0.412749,0.134145,0.028666,0.057843,0.015288,9.193680
201758927867,1.385439,1.561750,0.378749,-0.053706,0.003292,-0.013136,9.167218
201859006700,1.702358,0.549495,0.242911,0.035104,-0.013244,-0.010282,9.163496
201959085534,0.196237,-0.512611,0.515451,-0.063406,-0.141636,-0.027075,9.171163
202059164367,2.570018,-2.658520,0.837892,0.178489,0.090807,0.205428,9.271301
202159243200,2.181710,-3.030713,0.021316,0.248976,0.296414,0.237384,9.261834
202259322033,0.021736,2.074410,0.229610,0.313748,0.397791,0.302406,9.319435
202359400867,-0.741411,0.704905,1.284568,0.513018,0.328677,0.277073,9.322119
202459479700,1.604650,1.174497,0.307292,0.209327,0.018097,-0.062106,9.406353
202559558533,2.968705,0.034614,0.174449,-0.256934,-0.169713,-0.230652,9.469063
202659637366,-0.140324,2.627654,0.429335,-0.410560,-0.178680,-0.327173,9.461143
202759716200,-0.912532,3.652626,-0.148314,0.053000,0.012903,0.059370,9.503507
202859795033,-1.522341,3.954745,-0.555708,-0.092752,-0.029445,-0.033891,9.554680
202959873866,-0.290471,2.080505,-0.646355,-0.177540,-0.045457,0.009607,9.576883
203059952700,2.152960,-3.094597,0.137064,-0.364393,-0.122530,-0.079105,9.656328
203160031533,3.537045,-0.960686,0.407597,-0.500817,-0.188819,-0.278876,9.669535
203260110366,2.353478,-0.028986,-0.170989,-0.231984,-0.174361,-0.197085,9.696819
203360189199,-0.834770,1.058045,-0.575296,-0.089636,-0.169457,-0.172459,9.779594
203460268033,-1.023351,0.062520,-0.750534,-0.136095,-0.180401,-0.088602,9.628968
203560346866,-0.582222,1.574517,-0.440948,-0.206596,-0.182078,-0.147399,9.700323
203660425699,-0.752224,2.619201,-0.994974,-0.022885,-0.206938,-0.047839,9.749908
203760504532,2.096773,3.129291,-0.468748,-0.150809,-0.170600,-0.025659,9.733950
203860583366,0.744723,2.298295,0.033801,0.042145,0.200078,0.147688,9.732383
203960662199,1.303922,-0.615757,-0.560582,0.174978,0.218712,0.193616,9.774068
204060741032,3.014981,-2.964646,-1.258007,0.185603,0.128280,0.128649,9.871177
204160819865,1.003537,-0.628818,-0.909160,0.178039,-0.047240,-0.160891,9.895978
204260898699,-0.103238,2.460811,-1.867042,0.332908,-0.081993,-0.200179,9.953933
204360977532,-0.802652,1.262214,-1.848454,0.322100,0.125973,0.186788,10.001179
204461056365,-0.441242,-0.216532,0.349376,-0.115313,0.016169,0.099066,9.951991
204561135199,0.467328,2.355678,-0.500498,-0.262816,-0.077756,-0.141137,9.865226
204661214032,0.313133,2.636781,-1.624499,-0.140232,0.018108,-0.112258,9.867840
204761292865,1.199459,0.177499,0.214528,0.115739,0.013153,0.080820,10.036341
204861371698,1.969323,1.041343,0.762435,0.157874,-0.060457,0.028639,10.053728
204961450532,0.843151,1.440204,1.137905,0.088028,-0.195187,0.017607,10.066005
205061529365,0.808646,1.405871,2.765302,0.117561,-0.239728,0.064731,10.048192
205161608198,-0.715575,1.258954,1.990452,0.061681,-0.145215,0.093884,9.930718
205261687031,-0.503697,-1.996637,0.856239,0.058888,0.011456,0.242286,9.837593
205361765865,-0.528042,0.450309,-2.381446,-0.228807,0.072490,0.053299,10.009080
205461844698,-1.690716,2.885871,-3.594355,0.091846,0.253429,0.018748,10.092630
205561923531,0.796611,0.061252,-0.758186,0.525681,0.386327,0.456574,10.033111
205662002364,1.373354,2.106890,0.380117,0.120483,0.070971,0.273494,10.087925
205762081198,0.113094,1.401901,0.629250,0.163529,-0.004416,0.091986,10.101545
205862160031,-0.069652,1.095598,1.081042,0.209053,0.080584,0.146084,10.118925
205962238864,2.491174,-0.032742,-0.176453,0.151758,0.198324,0.170919,10.089733
206062317698,2.934682,-2.053150,-0.261313,-0.169739,0.102566,-0.090551,10.071731
206162396531,2.396571,-4.991857,-0.359160,0.013383,0.018924,-0.074607,10.073760
206262475364,0.383924,-1.459435,-0.446265,0.324555,0.254846,0.212982,10.050563
206362554197,-1.820480,4.249349,-1.156701,0.263097,0.301003,0.309183,10.021513
206462633031,1.028122,0.093645,-0.195673,0.497719,0.331841,0.275317,10.015461
206562711864,0.730852,-0.534211,1.091305,0.443692,0.163486,0.259820,10.006733
206662790697,1.105271,-1.572694,0.313801,0.427741,0.242449,0.124263,10.043256
206762869530,1.836632,-0.142674,0.007880,0.100514,0.083480,-0.128569,10.070286
206862948364,2.456994,-1.422232,0.671314,0.160579,0.146285,0.092477,10.088072
206963027197,0.286804,1.036273,1.125156,-0.310357,0.025777,-0.131070,9.979529
207063106030,-1.524491,4.562131,1.874835,-0.185397,-0.188547,-0.067842,9.951019
207163184864,-1.626929,2.829208,1.186848,-0.174551,-0.296059,-0.134334,9.894790
207263263697,0.304427,1.000761,0.311387,-0.235719,-0.180165,-0.089415,9.984600
207363342530,1.575311,-2.448094,0.876176,-0.450635,-0.166268,-0.113150,10.013215
207463421363,2.304904,-1.910258,0.992829,-0.468436,-0.147033,-0.190775,10.170453
207563500197,2.850307,-2.226855,-0.150468,-0.227948,-0.146788,-0.148929,10.234135
207663579030,0.320994,1.138635,-1.142669,-0.365381,-0.209763,-0.302400,10.186106
207763657863,1.492624,1.616950,-0.111835,-0.202966,-0.050247,-0.142398,10.118239
207863736696,2.890493,1.846297,-0.292136,-0.124757,0.028764,-0.051492,10.213179
207963815530,-0.448900,-1.502273,-0.978479,-0.250923,-0.062805,-0.061025,10.491160
208063894363,-2.584853,-0.628209,-1.259549,-0.357601,-0.159896,-0.243244,10.545404
208163973196,-0.784940,-2.793049,0.154867,-0.164675,-0.016398,-0.115840,10.519596
208264052029,1.457473,-1.508285,-0.769750,-0.428564,-0.087426,-0.100986,10.525712
208364130863,2.804497,-3.233832,-0.207331,0.160108,0.164912,0.092709,10.533771
208464209696,-0.501461,-2.819760,-0.167465,0.246267,0.142882,0.237787,10.662016
208564288529,-2.940444,4.106919,-0.150320,0.684376,0.417641,0.341216,10.744505
208664367363,0.422576,-3.401307,-0.180600,1.240651,0.723219,0.755378,10.845992
208764446196,-0.706812,3.694949,-2.708572,-0.379813,-0.003791,-0.057305,10.936723
208864525029,-1.800055,8.065186,-1.748331,-0.864338,-0.380133,-0.425580,10.996771
208964603862,0.793860,-1.652484,0.360835,-0.579802,-0.304075,-0.273531,11.026490
209064682696,1.379153,-0.402888,0.826953,-0.646003,-0.316906,-0.357864,11.160477
209164761529,2.648858,-2.235413,0.409411,-0.468483,-0.328379,-0.287844,11.285439
209264840362,0.247270,0.650783,-0.676701,-0.668291,-0.310880,-0.276649,11.387045
209364919195,0.857579,-2.494254,0.722388,-0.248228,-0.076023,-0.036431,11.532506
209464998029,-0.608089,-0.027285,-0.186798,-0.329984,-0.098409,-0.102655,11.626471
209565076862,-2.885994,-0.641281,-0.934878,-0.192964,0.053640,-0.079340,11.627130
209665155695,-3.379820,0.845261,-1.059430,-0.085956,-0.009423,-0.083102,11.688073
209765234528,-2.985007,1.203581,-1.010436,0.009116,-0.081549,-0.108646,11.815990
209865313362,-0.993961,0.122453,-0.115528,0.078159,0.067841,0.076320,11.982904
209965392195,-1.610892,-0.981903,-0.370768,-0.232943,-0.043571,0.063114,12.046656
210065471028,-2.960637,2.767469,-0.628819,-0.492183,-0.294768,-0.195337,12.147151
210165549862,-1.068582,1.660988,-1.976659,-0.004277,-0.073161,-0.040638,12.227495
210265628695,0.656135,0.337878,-1.555019,0.084834,0.115694,0.044940,12.246502
210365707528,0.219056,0.236692,-0.402291,-0.028457,0.013686,0.090897,12.414618
210465786361,-0.031303,0.231271,-0.141700,-0.131609,-0.086507,-0.076097,12.595039
210565865195,0.798999,-0.467407,-0.014755,0.197269,0.151884,0.146213,12.709754
210665944028,-0.883343,-3.437508,1.149552,0.439900,0.233180,0.305612,12.736745
210766022861,-0.571863,-1.248541,0.263969,0.176773,0.042367,0.093657,12.828055
210866101694,0.519666,-0.095556,-0.431126,-0.005735,0.020592,0.070459,12.910730
210966180528,0.788128,-1.031341,-0.559598,-0.030034,-0.000593,-0.013212,13.069608
211066259361,1.021362,-1.233531,-0.610727,0.151512,0.083411,-0.045185,13.222192
211166338194,-0.157697,0.441429,0.276759,0.003297,-0.016966,-0.074605,13.394442
211266417027,-2.122760,3.485173,1.296103,-0.245977,-0.299617,-0.230946,13.497640
211366495861,-1.333409,2.058904,0.844439,0.025245,-0.067448,-0.125835,13.502073
211466574694,0.248379,-0.524475,-1.618582,0.006479,0.139384,0.078097,13.566938
211566653527,0.160713,-2.025291,-1.580263,-0.120309,-0.035526,0.029841,13.687669
211666732361,0.228917,0.157701,-0.881762,-0.131835,-0.052733,-0.228916,13.718693
211766811194,0.964547,-1.180723,0.338873,0.029589,0.021889,0.243245,13.666844
211866890027,0.091404,0.091201,-0.105842,-0.021457,-0.051704,0.294619,13.683465
211966968860,-1.906841,-2.021063,0.392931,0.123217,-0.091409,0.001421,13.770024
212067047694,0.141570,-2.400389,-0.336813,0.143304,-0.151118,0.158049,13.806408
212167126527,-0.607487,-0.471545,-0.910793,-0.181860,-0.002596,-0.144182,13.773187
212267205360,2.049709,2.638501,0.197837,-0.368049,0.078236,-0.217348,13.774779
212367284193,0.013452,0.692455,1.086308,-0.109902,-0.048027,0.011995,13.841080
212467363027,-0.566832,0.368667,-0.401726,0.128928,0.093570,0.017644,13.914733
212567441860,-0.306603,2.073643,-1.851344,0.028746,0.002482,-0.000668,13.869503
212667520693,0.301071,-1.067801,-0.828242,0.132402,-0.001784,0.186060,13.906528
212767599526,2.441685,-2.501655,-0.583557,-0.010666,0.040083,0.077196,13.940000
212867678360,4.492599,-2.700487,0.511795,0.325255,0.221163,0.347085,13.893941
212967757193,3.445137,-4.155049,0.822307,0.557345,0.316543,0.236607,13.887566
213067836026,1.003480,-0.114329,1.340589,0.173459,0.117837,0.118175,13.841485
213167914860,-0.666062,1.530788,0.272574,0.075719,0.005739,0.033619,13.875159
213267993693,-3.662395,2.397104,-0.479972,0.076484,0.126913,-0.071680,13.943096
213368072526,-1.133492,-0.067888,-0.658921,0.194911,0.241652,0.274979,13.909566
213468151359,-0.887770,2.038076,-1.186954,-0.075244,0.028682,-0.028229,13.721437
213568230193,-1.156712,-0.049257,-0.452496,-0.010968,0.006886,-0.040507,13.681200
213668309026,1.267224,-3.352488,1.816496,-0.206687,-0.076761,-0.215671,13.711717
213768387859,0.565496,-0.158200,2.936077,-0.323764,-0.101862,-0.173047,13.730973
213868466692,1.141089,-1.054087,1.265185,-0.093963,-0.068153,0.078179,13.624735
213968545526,-2.056479,-1.129179,0.791606,-0.002593,-0.251216,-0.189430,13.519552
214068624359,-0.901869,-2.867680,-0.631585,0.439432,0.154787,0.180564,13.480513
214168703192,2.212850,-3.438335,-1.627513,0.417934,0.301044,0.286468,13.475988
214268782026,1.364967,-0.126858,-0.515044,0.100894,0.075602,-0.025226,13.443891
214368860859,2.347803,-0.478301,0.161628,0.055366,0.121204,0.132465,13.385660
214468939692,-0.391733,0.947152,0.925978,-0.077192,0.098981,0.030568,13.297746
214569018525,-1.733604,0.698894,0.664714,0.088250,0.012278,0.058223,13.233202
214669097359,-1.332622,-0.456558,0.418269,-0.099502,-0.152823,-0.113022,13.211146
214769176192,-1.545614,1.288775,0.739163,-0.232163,-0.227574,-0.222264,13.142915
214869255025,0.599720,-1.082480,0.210784,-0.321770,-0.334267,-0.255490,13.118121
214969333858,0.455575,-2.217209,-0.347951,-0.309781,-0.170684,-0.107309,13.086103
215069412692,1.769839,-3.899452,-0.750077,-0.112356,0.030791,0.069855,13.005169
215169491525,1.548940,-3.104659,-0.734197,-0.214744,-0.053682,-0.223564,13.035758
215269570358,2.082345,-1.105421,-0.641028,0.216890,0.192129,0.039946,12.993727
215369649191,0.563603,-2.567381,0.619298,0.372346,0.176324,0.174011,12.941059
215469728025,-1.702731,-0.828201,1.213709,0.193509,0.097390,0.038297,12.930336
215569806858,-2.391721,-0.739244,0.781258,0.259857,0.065784,0.168706,12.986621
215669885691,-1.789675,1.935320,-0.454731,0.293869,0.134634,0.153759,13.002570
215769964525,0.316824,-1.206537,-0.015422,0.499258,0.272414,0.312916,12.914348
215870043358,-1.444987,0.293428,0.736005,0.042091,-0.080748,-0.051258,12.896150
215970122191,-0.231494,-1.101790,-0.689920,-0.027763,0.072823,-0.072410,12.933496
216070201024,-0.161680,-2.557564,0.526440,-0.290703,0.011599,-0.070020,12.989597
216170279858,-0.756603,-1.756045,2.649283,-0.164680,-0.011877,-0.049811,12.989705
216270358691,0.775787,0.104543,0.949571,-0.031122,-0.108650,-0.108173,13.014388
216370437524,-3.047265,0.935774,1.322742,-0.041149,-0.207964,-0.191835,13.032947
216470516357,-2.523470,1.641143,1.131306,-0.120443,-0.208813,-0.326233,12.982113
216570595191,-0.743967,0.551193,-0.274667,-0.140634,-0.044203,-0.014403,12.965687
216670674024,0.615020,-1.421358,-0.594548,-0.155757,0.065275,0.125552,12.924277
216770752857,-1.488011,1.379586,0.080104,-0.204251,-0.167054,-0.187516,13.070218
216870831690,-1.139225,0.419758,0.821351,0.191531,-0.045569,0.036848,13.150845
216970910524,1.931286,-0.602966,0.739744,-0.022733,0.068285,0.017764,13.105686
217070989357,2.466516,-1.676984,0.127318,0.152567,0.212827,0.110021,13.093479
217171068190,1.898857,-1.901193,0.614214,0.312167,0.153126,0.098990,13.062792
217271147024,-0.090234,0.433339,0.322617,0.218228,0.085062,0.030753,13.071024
217371225857,-1.994613,-0.602816,0.312547,0.250554,0.154498,0.157244,13.190400
217471304690,-1.767473,1.010814,0.049065,-0.027200,0.023362,0.052704,13.238565
217571383523,-3.514267,-0.073570,-0.116707,0.022884,-0.009802,0.087290,13.188644
217671462357,-2.155875,-1.076164,-1.088726,-0.000095,0.086600,0.022130,13.150785
217771541190,-0.420912,-3.528000,-1.180583,0.113604,0.134737,0.086480,13.193968
217871620023,0.922407,-2.923320,-0.857350,-0.118676,-0.077154,-0.128334,13.129536
217971698856,1.724056,-3.651675,-0.558529,-0.047452,0.002800,-0.103125,13.110451
218071777690,0.734256,-2.873227,0.164060,-0.174362,-0.111537,-0.137308,13.109531
218171856523,-1.956988,-0.391605,-0.047082,-0.041878,-0.120940,-0.170517,13.158641
218271935356,-2.746725,-0.466643,0.267356,-0.093948,-0.170935,-0.198172,13.095564
218372014189,-1.874431,-1.067268,-0.211180,-0.195690,-0.061991,-0.193090,13.181079
218472093023,0.739786,-2.488326,0.306804,-0.258479,-0.029328,-0.156192,13.175078
218572171856,0.958056,-1.567080,-0.180110,-0.338050,0.041977,-0.220271,13.153597
218672250689,-1.391405,-2.195800,-0.212932,-0.231049,0.119578,-0.173424,13.155263
218772329523,-0.505224,-0.433470,-0.701079,-0.098661,0.049175,-0.022720,13.224824
218872408356,1.454079,0.183759,-0.462919,-0.169361,0.023470,-0.075512,13.311854
218972487189,0.961882,-2.302937,0.301740,0.084682,0.036516,0.044341,13.293723
219072566022,-0.268924,-1.906392,0.478696,0.097915,0.166756,0.054771,13.219196
219172644856,-0.608972,-5.355052,0.513825,0.366732,0.253530,0.119184,13.212281
219272723689,-0.606685,-2.038657,-0.228571,0.028108,0.053868,-0.106340,13.190380
219372802522,-0.941427,-1.082543,0.627133,0.178247,0.121122,0.028138,13.263723
219472881355,-0.738353,0.396047,0.055046,-0.099347,0.022463,-0.100816,13.429831
219572960189,0.425539,-0.803797,0.889419,0.014328,0.022497,-0.045073,13.417173
219673039022,0.001548,-6.941524,-0.106034,-0.292868,-0.234096,-0.313513,13.298938
219773117855,-0.257936,-4.833494,0.139729,-0.230790,-0.375263,-0.400699,13.219409
219873196688,1.712795,-5.690772,1.246476,-0.059340,-0.374682,-0.339748,13.326067
219973275522,1.281654,0.317026,1.607690,-0.274981,-0.269447,-0.336980,13.410598
220073354355,-0.764674,-3.158717,0.599822,-0.056836,-0.065889,-0.095806,13.430094
220173433188,-2.926307,-0.416969,0.302752,-0.169439,-0.172386,-0.172490,13.407059
220273512022,-0.349925,-0.364180,-1.021143,-0.118802,0.007451,-0.096177,13.439917
220373590855,1.751908,1.716675,-1.143154,-0.172430,0.066318,-0.045113,13.514690
220473669688,0.632126,2.238320,0.352100,0.270143,0.149222,0.154460,13.665647
220573748521,1.560950,0.584286,1.017770,0.389735,0.181476,0.194343,13.687566
220673827355,-1.030393,0.915099,0.941826,-0.053469,-0.089153,-0.091205,13.630901
220773906188,-1.778828,-2.071358,1.019120,-0.129191,-0.104353,-0.090579,13.614710
220873985021,-1.140509,2.546222,0.494460,-0.389894,-0.168070,-0.214136,13.710358
220974063854,0.335700,-2.194063,0.457873,0.201339,-0.031817,0.206752,13.856631
221074142688,-1.940544,-2.669408,-0.202601,-0.142094,-0.300297,-0.135915,13.960574
221174221521,0.171450,-6.235285,0.896409,0.244113,-0.027610,0.137587,13.968830
221274300354,0.222257,0.646675,-0.683028,-0.202831,-0.041026,-0.125863,13.987005
221374379188,0.078565,3.170745,-0.588968,0.111241,0.258700,0.127891,14.103676
221474458021,-1.456025,1.701056,0.486338,0.239172,0.109705,0.162225,14.189509
221574536854,-0.101572,2.980113,0.544189,0.246230,0.108009,0.118178,14.168014
221674615687,-0.660878,0.375133,0.387717,0.195259,0.043899,0.174169,14.107329
221774694521,-1.415354,0.932788,0.076142,-0.179202,-0.112053,0.011481,14.207510
221874773354,-4.454068,2.233174,-1.048224,-0.444279,-0.077886,-0.161640,14.309879
221974852187,-0.076899,-3.830326,-0.108402,-0.470367,-0.189811,-0.196977,14.255427
222074931020,-3.286966,0.893839,-0.333575,-0.686944,-0.323618,-0.339236,14.217303
222175009854,-1.312167,-1.558682,-0.396597,-0.059339,0.017463,-0.032437,14.346615
222275088687,-0.713305,-2.248835,0.498649,-0.146710,-0.076315,-0.113299,14.351272
222375167520,0.037294,-1.639848,0.984369,0.277674,0.050155,0.132302,14.325319
222475246353,-0.114019,-0.231649,1.697086,0.205477,-0.033526,0.142375,14.264676
222575325187,0.000595,3.168322,-1.106196,0.580381,0.249017,0.262509,14.224978
222675404020,0.472717,-1.208855,-2.940476,0.987736,0.652725,0.651352,14.178050
222775482853,-5.967875,8.875609,-1.705547,0.740047,0.618961,0.461175,14.161226
222875561687,-1.696903,-5.467887,0.588799,1.656057,1.033242,1.031809,14.004259
222975640520,-6.438111,6.520557,0.566245,0.100825,-0.112501,-0.087167,13.910816
223075719353,0.133642,-0.620979,0.635465,0.298774,0.122500,0.190228,13.921133
223175798186,1.561467,-7.798541,1.909858,-0.790310,-0.337021,-0.428433,13.831193
223275877020,-0.432747,-5.069851,-0.187938,-0.690151,-0.193915,-0.275817,13.732554
223375955853,0.325861,-5.561408,-0.890710,-0.725440,-0.239612,-0.237030,13.657942
223476034686,-1.493306,3.124026,-1.502776,-0.711841,-0.303400,-0.409837,13.692012
223576113519,-0.435091,-1.271395,-0.459627,-0.400850,-0.180571,-0.211405,13.578663
223676192353,-3.353872,3.614406,-0.359265,-0.626831,-0.339104,-0.404322,13.509907
223776271186,-3.216668,1.244823,-0.229984,-0.040794,-0.028282,-0.047937,13.559798
223876350019,-5.037696,4.689886,-0.864110,-0.306655,-0.135167,-0.029579,13.591841
223976428852,1.482575,1.533029,-0.408240,0.228189,0.093354,0.261144,13.643455
224076507686,0.809254,-2.520360,-0.313353,0.015815,0.086916,0.192708,13.662519
224176586519,-0.586983,-3.037016,-0.396559,0.318531,0.218808,0.249709,13.647082
224276665352,-0.046289,-3.982765,-0.170291,0.348119,0.214040,0.285101,13.677935
224376744186,-1.616764,5.543808,-0.696752,0.512123,0.338008,0.317823,13.770323
224476823019,-2.979098,1.029781,-0.137113,0.683257,0.411126,0.427662,13.792653
224576901852,-4.485574,5.507137,0.505393,0.141094,0.232980,0.145351,13.806684
224676980685,-0.516590,-0.195415,0.121402,0.562401,0.381641,0.383411,13.793363
224777059519,-2.625966,2.551617,-0.750458,-0.087852,-0.005625,-0.015601,13.920555
224877138352,0.441298,-1.276867,-0.675804,0.123805,0.083034,0.056263,13.993212
224977217185,-0.445263,-2.541673,0.042070,-0.320875,-0.128037,-0.199448,13.957369
225077296018,-2.185195,-2.000037,-0.072001,-0.256646,-0.201082,-0.258641,13.914688
225177374852,-1.592343,0.298113,0.002628,-0.301067,-0.137234,-0.319337,13.859686
225277453685,-0.807782,0.498639,-0.898288,-0.108694,0.022287,0.099822,13.864614
225377532518,-0.391474,1.771499,-1.198034,-0.165283,0.053252,0.158329,13.895629
225477611351,-2.211986,-0.427787,0.231087,-0.078537,0.026183,0.042649,13.974415
225577690185,1.755456,-5.469007,0.106619,-0.473950,-0.203809,-0.281180,13.994137
225677769018,-2.438363,2.492957,-1.293215,-0.662416,-0.481927,-0.469048,13.941827
225777847851,-1.114940,-1.607199,0.295434,0.008812,-0.093130,-0.081564,13.985330
225877926685,-1.731165,-2.018588,-0.422567,-0.048895,0.025516,0.031571,13.981813
225978005518,1.561168,-1.796937,0.508852,0.076956,0.071848,0.121200,13.992362
226078084351,1.138192,-0.591931,1.348915,0.188917,-0.045897,-0.004621,13.975037
226178163184,-1.739816,1.358376,0.883380,0.046884,-0.142512,-0.066900,13.879001
226278242018,-1.418157,0.241314,0.164156,0.145170,-0.076765,0.152701,13.856280
226378320851,-1.561268,1.129471,-0.801172,-0.224319,-0.115309,0.057948,14.058186
226478399684,-1.184757,2.614587,-2.115556,-0.250515,0.086355,0.005688,14.158751
226578478517,-2.482667,3.586082,-2.511521,-0.550528,-0.057324,-0.257957,14.017206
226678557351,-0.755077,-0.527821,-1.155047,-0.285737,0.072653,-0.109338,13.972600
226778636184,1.692628,-4.642944,0.887641,-0.648187,-0.362955,-0.458192,14.012136
226878715017,0.703475,-2.799247,0.739038,-0.337676,-0.318207,-0.162123,14.071815
226978793850,-1.393514,-1.940981,0.319274,-0.679063,-0.607839,-0.410157,14.168609
227078872684,-5.089897,6.306280,-0.271159,-0.806251,-0.497976,-0.473109,14.082223
227178951517,-0.123509,0.221921,0.604304,-0.306844,-0.213030,-0.084954,14.037923
227279030350,-3.464141,3.783291,0.902176,-0.489819,-0.443715,-0.264203,14.097991
227379109184,-1.372092,1.012806,0.207119,0.129585,-0.065119,0.062760,14.116538
227479188017,-4.894596,4.939778,-0.952678,-0.367579,-0.276755,-0.118133,14.051174
227579266850,-3.216618,-0.058492,0.110814,0.308992,0.312954,0.263766,14.038733
227679345683,0.315345,-2.592395,-0.433431,0.025970,0.193076,0.227841,14.034490
227779424517,-0.782848,-1.157631,-0.305150,-0.055337,0.052247,-0.022794,14.031511
227879503350,2.192708,2.326551,-0.695185,-0.203826,-0.100883,-0.016836,14.041270
227979582183,2.617358,0.474436,-1.270230,-0.228688,-0.195068,-0.066495,14.079701
228079661016,2.722324,1.428089,-1.402970,-0.369685,-0.159214,-0.279442,14.119204
228179739850,2.336982,-0.537575,1.087874,-0.309009,-0.326109,-0.104971,14.193173
228279818683,-2.824870,3.650366,-0.868096,-0.604342,-0.304894,-0.272488,14.147032
228379897516,-0.718292,-2.015691,-0.273184,-0.377997,-0.214764,0.041570,14.111137
228479976350,0.112645,2.992415,-0.751261,-0.339310,-0.050484,-0.384432,14.150765
228580055183,-2.164283,3.336567,-0.360330,-0.119541,0.002890,0.211663,14.066768
228680134016,-0.763462,-1.664985,-0.804467,-0.077862,-0.100682,-0.266773,14.094252
228780212849,3.130301,1.708372,-0.843343,-0.359478,-0.188616,-0.419321,14.221693
228880291683,-1.171683,2.258984,-0.196607,-0.234388,-0.092977,-0.035545,14.356833
228980370516,-2.869129,4.135687,1.056666,-0.724445,-0.438306,-0.473582,14.394218
229080449349,-2.107311,4.072019,-0.332953,-0.591381,-0.349042,-0.210366,14.339959
229180528182,3.788949,-3.218090,-0.529124,-0.709084,-0.617560,-0.225443,14.314703
229280607016,-0.714977,-0.682570,0.258281,-0.821394,-0.201390,-0.664974,14.218575
229380685849,0.558630,-2.218443,-0.314253,-0.497599,-0.224060,-0.044907,14.321847
229480764682,-4.533019,2.427957,-1.929346,-0.513073,-0.026991,-0.486237,14.465912
229580843515,3.353614,-0.460244,-3.258479,0.028095,0.415745,0.071253,14.420970
229680922349,0.744554,-5.162019,0.503401,0.601853,0.303971,0.134777,14.378938
229781001182,-4.806332,3.694916,-2.322832,0.698321,0.339871,0.281649,14.404556
229881080015,-1.924913,-2.614849,-0.471798,1.132882,0.493292,0.504495,14.555411
229981158849,-5.681464,-0.298377,-2.407256,0.107537,-0.046410,0.371514,14.558905
230081237682,1.900313,4.107504,-0.646584,-0.219742,-0.108162,-0.171514,14.529153
230181316515,-2.637604,1.388411,0.311861,-0.089229,-0.240881,0.054196,14.551672
230281395348,-1.488146,4.080732,1.393396,-0.208375,-0.394504,-0.097162,14.592196
230381474182,-5.438003,0.840361,0.520099,0.299649,0.097909,0.155739,14.630100
230481553015,-5.351235,4.153076,-0.359825,0.353571,-0.219794,0.231537,14.723481
230581631848,-0.897123,-0.715223,-0.673709,0.679043,0.120008,0.305716,14.709496
230681710681,2.678073,-2.823312,1.973875,0.407199,0.093884,0.459576,14.736218
230781789515,-1.712711,1.883802,-1.972017,0.262740,-0.132389,0.296683,14.741617
230881868348,-2.560824,1.837947,-1.742221,0.180375,0.005732,0.188110,14.694264
230981947181,-6.756970,4.288335,0.233814,0.487472,0.057521,0.519054,14.687986
231082026014,3.281181,-1.430933,1.684760,0.784438,0.191648,0.550773,14.741522
231182104848,5.000859,-3.040321,1.120794,1.440793,0.353596,0.985460,14.826038
231282183681,5.319212,-6.033728,0.558486,0.939325,0.585189,0.713464,14.802451
231382262514,-4.919298,5.009990,-3.716783,0.685452,0.345148,0.545567,14.727393
231482341348,4.957970,-1.602344,-2.875696,0.516721,0.668565,0.330698,14.744391
231582420181,-3.010416,-0.313157,0.401314,-0.181643,-0.028558,-0.113008,14.664570
231682499014,1.524001,1.226366,-0.030221,0.119683,0.053128,0.095686,14.708673
231782577847,-4.599168,1.189590,0.105247,-0.145134,-0.109825,-0.087663,14.781355
231882656681,-0.029792,1.030282,0.576481,0.089963,0.071233,-0.002944,14.644418
231982735514,-1.982500,-0.050673,0.013812,0.115894,0.123126,0.137069,14.642702
232082814347,1.938446,0.203820,-0.116472,0.167243,0.229937,0.180845,14.787373
232182893180,2.905673,-0.232401,-0.466044,-0.181767,-0.074434,-0.037745,14.761310
232282972014,-3.022775,1.939211,-0.179441,0.072105,0.033651,-0.124315,14.842191
232383050847,-5.162781,2.002903,0.306596,-0.524656,-0.554106,-0.602466,14.760527
232483129680,-6.490553,7.142440,-1.555243,-0.729019,-0.444612,-0.643766,14.580437
232583208513,-4.731487,1.086185,-1.416759,0.184843,-0.060523,0.255429,14.721869
232683287347,-4.529221,3.653926,-2.815834,-0.318402,0.083353,-0.035270,14.796969
232783366180,0.547268,0.584181,-0.974423,0.299048,0.089991,0.212167,14.684119
232883445013,1.514386,0.638821,2.221959,0.025825,-0.136865,-0.192237,14.797684
232983523847,1.902916,-1.730861,1.681219,0.593094,0.157142,0.105960,14.797391
233083602680,5.833630,-1.937198,-2.941362,0.467427,0.518343,0.388220,14.741086
233183681513,-7.585297,-2.944973,-0.052292,0.372894,0.611220,0.321380,14.669977
233283760346,0.919896,-1.463580,3.071281,0.835536,0.768104,0.798345,14.685743
233383839180,-4.063220,3.216077,0.081107,-0.060484,0.191120,0.313607,14.861118
233483918013,0.792731,-0.968375,3.205866,0.514901,-0.182747,0.078906,14.749597
233583996846,-4.875488,5.526349,1.986185,0.279144,-0.370290,-0.332190,14.676679
233684075679,1.060651,0.083638,1.701713,0.507955,-0.066017,-0.066580,14.760539
233784154513,-0.887337,2.966128,-1.731117,0.755334,-0.038791,0.038868,14.848652
233884233346,3.292578,2.308293,-5.602483,0.656974,0.970891,1.010609,14.792920
233984312179,-9.206250,8.736345,-3.754395,0.429286,0.509424,0.639721,14.705056
234084391013,-0.051919,4.775443,-1.895370,0.460135,0.470270,0.650297,14.738229
234184469846,-0.790902,5.536698,-1.226172,-0.657232,-0.104374,-0.225694,14.807716
234284548679,-7.361568,2.638827,0.858985,-0.732457,-0.644424,-0.413042,14.710854
234384627512,5.693094,-0.651036,-0.671785,-0.318806,-0.300899,-0.370238,14.623409
234484706346,-1.618996,3.959948,-3.183793,-0.903468,-0.309464,-0.566433,14.745700
234584785179,3.803092,-2.929771,0.114219,0.048431,0.082580,0.191601,14.753043
234684864012,1.927787,1.338506,-0.693540,-0.496805,-0.232847,-0.447977,14.707568
234784942845,2.675726,0.634661,-1.122205,0.218079,0.264318,0.007148,14.773853
234885021679,1.448125,-0.177068,0.506039,0.224486,0.005409,0.229368,14.815994
234985100512,-5.069134,0.822235,-1.433177,0.686971,0.217324,0.447392,14.739320
235085179345,-2.096793,0.821579,-1.580461,0.370966,0.342102,0.268466,14.644080
235185258178,-6.314665,1.933232,-0.371650,0.493516,0.335914,0.351044,14.705785
235285337012,4.979005,-0.361178,0.446615,0.818729,0.481364,0.481091,14.679776
235385415845,-6.115264,5.874054,0.523874,-0.098299,0.007601,-0.051658,14.662853
235485494678,4.349313,-0.149357,2.113554,0.449024,0.268077,0.442122,14.567779
235585573512,0.083646,3.233215,-0.394313,-0.074979,-0.158298,0.055383,14.534830
235685652345,-0.417677,2.881814,-0.160424,0.496250,0.242047,0.067202,14.633062
235785731178,-4.183456,5.548886,-0.637683,-0.292719,-0.062611,0.020411,14.524737
235885810011,5.134519,0.141506,0.249077,0.411129,0.321742,0.246753,14.595896
235985888845,4.387936,-1.695677,0.901295,-0.437321,-0.237725,-0.344135,14.565542
236085967678,5.762702,-1.846684,0.328073,0.045317,-0.060410,0.093490,14.447969
236186046511,2.222810,-1.628184,0.345743,-0.602239,-0.255698,-0.560326,14.484257
236286125344,0.446397,1.276069,-0.594464,-0.067673,-0.016201,-0.090132,14.380136
236386204178,-3.517546,1.497949,-0.223285,-0.352343,-0.238653,-0.198730,14.363621
236486283011,2.325704,2.060012,-1.528526,0.029333,0.089364,0.068877,14.317392
236586361844,3.543103,-0.572926,0.776184,-0.360144,-0.192924,-0.192696,14.330631
236686440677,3.692757,1.649142,0.142852,-0.292100,-0.179258,-0.179548,14.232081
236786519511,4.239535,-2.061636,1.314801,-0.450256,-0.323657,-0.378868,14.185829
236886598344,-2.607492,1.090012,-1.432980,-0.674756,-0.234705,-0.349813,14.081523
236986677177,0.563313,2.949905,-2.257429,-0.511482,0.065172,-0.252899,13.978471
237086756011,-3.892189,0.499404,-0.246502,-0.295618,-0.149724,-0.269012,13.768112
237186834844,1.553977,0.103146,1.228877,-0.188391,-0.229469,-0.179467,13.575723
237286913677,1.356927,1.265165,2.247555,0.045203,-0.237329,-0.170655,13.432812
237386992510,0.633878,-0.229128,0.770615,0.006641,-0.185107,-0.141823,13.264455
237487071344,0.951894,1.445890,0.287016,-0.046307,0.050378,0.026285,13.061755
237587150177,-0.564252,1.723297,0.019457,-0.265791,-0.031176,0.103112,12.989730
237687229010,-0.419124,1.669797,-0.991716,-0.198893,-0.009647,-0.110923,12.976998
237787307843,-0.999869,0.409590,-2.013479,0.089413,-0.035310,0.136869,12.872069
237887386677,1.959583,-0.809562,-1.960879,0.088483,0.169405,-0.015586,12.908648
237987465510,0.080997,1.977789,0.445897,-0.020739,0.073888,-0.049223,12.935305
238087544343,1.410493,2.306642,-0.518077,-0.078596,0.174932,0.121929,12.863643
238187623176,2.335021,-0.616256,-0.670735,0.016948,0.129305,0.135614,12.781253
238287702010,1.190521,-0.760767,0.837880,0.154569,-0.008887,0.073709,12.743826
238387780843,2.238782,-0.705987,-0.943968,0.096908,-0.050138,-0.087264,12.823392
238487859676,2.721856,1.045370,-0.567019,-0.116882,0.038735,-0.015914,12.895526
238587938510,0.472376,0.702789,-2.145188,-0.172870,-0.074647,-0.093946,12.813508
238688017343,0.726225,-2.529410,1.379531,0.002690,-0.133546,-0.071244,12.858322
238788096176,1.658709,-0.971604,0.510604,-0.098257,-0.092092,-0.143584,12.843108
238888175009,0.579957,-0.389668,1.005021,-0.031047,-0.193171,-0.069678,12.803750
238988253843,2.022226,-1.916131,0.592487,0.031693,-0.111271,-0.003283,12.629491
239088332676,-1.194427,1.759389,-0.512892,-0.211520,-0.173653,-0.191849,12.636143
239188411509,-0.393021,0.094984,-0.345521,0.371984,0.117352,0.160388,12.674382
239288490342,-0.436252,-0.524997,0.856698,-0.050167,0.064597,-0.117436,12.691425
239388569176,6.055437,-1.874398,2.046031,-0.070389,-0.060727,0.003228,12.560202
239488648009,-0.225925,-2.414456,0.949756,-0.116927,-0.349059,-0.323636,12.541332
239588726842,2.211871,-1.586060,0.308492,0.392578,0.073700,0.187276,12.381403
239688805675,-1.556844,0.133282,-0.480496,0.051625,0.056296,0.143411,12.340636
239788884509,-0.683423,-0.149557,1.003413,0.517036,0.232289,0.348605,12.271392
239888963342,1.218823,-1.206517,1.527951,0.410132,0.214395,0.262909,12.314704
239989042175,0.906718,-0.956671,0.692151,0.128775,0.070278,0.067556,12.123240
240089121009,2.392862,-2.373612,1.584173,0.143124,-0.041650,-0.136040,12.160531
240189199842,1.052552,-0.412816,0.891110,0.232638,-0.024252,-0.056748,12.105616
240289278675,-0.299572,-0.488282,0.469551,0.020398,-0.038857,-0.112615,12.086400
240389357508,-0.280063,1.867221,0.216097,0.311631,-0.045516,0.024717,12.126948
240489436342,0.045885,-1.878563,-0.470197,-0.001403,-0.124295,-0.074975,12.174924
240589515175,2.631078,-4.399118,1.008263,0.118534,-0.019038,0.054530,12.161102
240689594008,1.864677,-1.943317,1.217053,-0.084386,-0.184573,-0.232064,12.141966
240789672841,6.379345,-3.191965,1.613770,0.367086,0.165955,0.162269,12.151707
240889751675,-2.248481,-1.853805,0.211572,-0.150993,-0.143143,-0.142381,12.126878
240989830508,-2.133585,2.434543,-0.395078,0.621464,0.262628,0.277015,12.283089
241089909341,0.004462,1.310019,0.119138,0.267328,0.242413,0.192716,12.400761
241189988175,-0.760797,1.425797,-0.159194,0.459411,0.277400,0.252851,12.337204
241290067008,5.739350,-2.920280,0.986684,0.565958,0.363793,0.309615,12.346152
241390145841,-0.000632,1.241236,0.424161,0.171749,0.074353,-0.041790,12.404898
241490224674,4.920060,-3.016163,0.555227,0.533852,0.295469,0.201382,12.467000
241590303508,5.634397,-2.522281,1.435557,-0.264031,-0.169773,-0.328988,12.619297
241690382341,6.410672,-3.455300,0.444623,0.115447,-0.004744,-0.035418,12.606128
241790461174,4.986255,-3.647698,2.236871,-0.560534,-0.391036,-0.421100,12.647281
241890540007,-3.047599,3.093431,-0.783245,-0.593836,-0.250996,-0.425208,12.562410
241990618841,3.177092,-0.455181,-0.288232,-0.599323,-0.200985,-0.366502,12.729762
242090697674,-1.612842,5.235710,-0.012329,-0.695766,-0.470869,-0.459369,12.821370
242190776507,-0.491917,-2.622671,0.193150,0.006714,-0.092433,-0.059945,12.808968
242290855340,-2.963079,1.834261,-0.372814,-0.302133,-0.211741,-0.258440,12.878872
242390934174,-4.095595,0.194029,1.128965,0.473910,0.278473,-0.023809,12.942440
242491013007,2.892836,-1.246292,1.579901,0.574070,0.367681,0.360111,12.942494
242591091840,-4.210766,2.025125,-0.404186,0.585235,0.319820,0.169038,12.969272
242691170674,5.796618,-4.422515,1.466361,0.906597,0.422422,0.631773,13.074005
242791249507,3.144765,-0.254358,-0.979486,-0.219854,-0.142051,-0.032974,13.251940
242891328340,6.197291,-3.620483,2.315716,0.338136,-0.098397,-0.166907,13.233300
242991407173,3.999418,-1.692552,1.554970,-0.758489,-0.836778,-0.649840,13.292969
243091486007,-5.168349,3.987768,-0.389222,-0.494989,-0.075117,-0.400635,13.272460
243191564840,-6.971621,7.317850,-0.245234,-1.046637,-0.504438,-0.801611,13.259826
243291643673,-3.709865,4.023572,-3.603051,-0.883910,-0.118857,-0.121761,13.321258
243391722506,2.758761,-0.987381,0.525818,-0.329124,0.068460,-0.028622,13.583003
243491801340,0.174498,2.691077,2.530337,-0.291889,-0.368245,-0.349713,13.674962
243591880173,5.210935,-1.965449,0.749797,0.121289,-0.420290,-0.217032,13.615774
243691959006,-5.328947,-1.486788,0.627786,-0.230772,-0.508578,-0.314067,13.526215
243792037839,-0.868634,-3.413702,-0.026919,-0.247306,-0.099090,-0.208318,13.584338
243892116673,-0.264341,5.150820,-1.616181,-0.533870,-0.154722,-0.254826,13.823874
243992195506,2.105896,-1.132296,0.981692,-0.391192,0.041893,-0.042532,13.835694
244092274339,0.028749,3.665726,0.155619,-0.595260,-0.391577,-0.334747,13.773996
244192353173,2.987989,-5.371408,-0.771177,-0.014596,-0.095143,-0.085576,13.888948
244292432006,0.086764,-0.658097,0.803111,-0.293898,-0.399018,-0.308958,13.967443
244392510839,0.667051,-4.807118,1.013306,0.281441,0.041316,0.021272,13.949928
244492589672,0.650333,-0.160800,-0.401654,-0.025456,-0.047998,0.072518,14.018269
244592668506,0.659904,2.790562,1.202844,0.472904,0.377162,0.348809,14.040621
244692747339,-0.414708,5.102971,0.082730,0.220606,0.328514,0.349375,14.173594
244792826172,-4.774434,6.124166,-0.470143,0.899667,0.809926,0.665578,14.170996
244892905005,4.615161,-7.301832,0.382697,0.719468,0.137921,0.553312,14.148580
244992983839,4.364372,-2.816765,0.085156,0.740627,0.538433,0.554920,14.213841
245093062672,3.807303,-7.798576,2.068595,1.002583,0.257783,0.441166,14.248876
245193141505,-1.775189,0.019508,0.326405,0.225557,0.145996,0.015246,14.293801
245293220338,1.992224,-5.335430,-0.017459,0.634004,0.406486,0.402275,14.429266
245393299172,-3.964755,5.502147,-1.577870,0.122375,0.306453,0.111740,14.535039
245493378005,3.237967,-2.551351,1.296153,0.731229,0.430154,0.462371,14.492402
245593456838,-2.401022,4.534738,0.671554,-0.220215,-0.109870,-0.177487,14.460073
245693535672,1.305091,-3.757691,2.013870,0.470084,0.062225,0.094861,14.396218
245793614505,3.934917,-8.898398,0.617015,-0.935865,-0.520318,-0.728526,14.563311
245893693338,5.640470,-2.532011,-0.663120,-0.433924,-0.074762,-0.254535,14.596602
245993772171,2.403287,-4.095209,0.452117,-0.837778,-0.414141,-0.415046,14.678543
246093851005,-5.108364,10.434362,-0.295470,-0.928587,-0.593649,-0.765945,14.718822
246193929838,1.540769,-6.180430,0.816374,-0.561966,-0.534666,-0.499861,14.721894
246294008671,-3.735215,5.876664,1.177434,-0.788454,-0.579023,-0.721174,14.702359
246394087504,3.803252,-0.293465,1.341531,0.287511,0.149737,0.197916,14.711304
246494166338,-4.512395,7.894903,1.023161,-0.459714,-0.120781,-0.192373,14.654660
246594245171,0.023091,-0.639772,0.398412,0.723850,0.631929,0.631124,14.717083
246694324004,1.846477,-6.527899,-0.423013,-0.468621,-0.439270,-0.556587,14.811505
246794402837,3.049025,-1.524648,-0.834096,-0.217726,-0.064232,0.032961,14.785739
246894481671,0.543786,-2.596352,-0.103684,-0.238644,0.062287,-0.050387,14.832180
246994560504,-1.591543,-1.596200,-3.157604,-0.254225,0.024249,0.001193,14.726255
247094639337,3.928846,-0.666611,-4.491304,-0.339585,0.244485,0.425110,14.595129
247194718171,-7.459605,8.406632,3.906803,-0.520269,-0.829876,-0.717457,14.494127
247294797004,3.402978,3.576980,-2.263168,0.952682,0.105749,0.205569,14.507848
247394875837,2.014608,1.786293,-1.966389,0.650239,-0.067129,0.036920,14.434042
247494954670,-1.450215,7.390116,-0.559249,-0.080704,-0.314806,-0.242523,14.148829
247595033504,2.486064,-0.830851,-2.113832,-0.628506,-0.469427,-0.418592,14.044663
247695112337,1.825480,-4.188388,-2.443330,0.029006,-0.097634,-0.048348,13.941981
247795191170,1.456823,1.196677,0.931468,0.158527,-0.084120,-0.068093,13.767451
247895270003,1.825762,-4.197261,3.609360,0.556858,-0.184802,0.041949,13.449261
247995348837,5.220811,0.273049,0.037435,0.158070,0.044412,0.031635,13.257494
248095427670,-3.640129,0.437774,0.273044,0.358104,0.253639,0.135645,13.088782
248195506503,-0.617313,2.728362,-2.920254,-0.170772,0.286119,0.018220,12.838365
248295585337,-1.876305,-0.318970,1.660241,0.170406,0.480454,0.248204,12.663653
248395664170,6.596395,-1.081620,-1.507840,0.376949,0.297128,0.271948,12.416951
248495743003,-0.160092,2.388209,-2.127498,-0.300667,-0.041758,-0.039945,12.138031
248595821836,-0.690701,-1.780489,2.288673,0.300886,-0.150987,-0.162318,11.984242
248695900670,-0.499910,-6.978635,-1.460280,-0.554516,-0.379035,-0.269185,11.597383
248795979503,-2.121197,0.694540,2.323975,-0.775063,-0.257507,-0.501054,11.313168
248896058336,3.248158,-3.190432,-0.970268,0.348318,0.293354,0.269519,11.052193
248996137169,-3.348888,-2.328792,2.006664,0.376983,-0.267339,-0.374087,10.795994
249096216003,-0.339496,-5.259999,-0.406064,0.090822,-0.310089,-0.382699,10.539691
249196294836,1.528837,7.575076,-1.499484,-0.699403,-0.331578,-0.570132,10.211157
249296373669,-0.995263,-9.615400,0.716982,-0.501781,-0.138351,-0.164491,9.894509
249396452502,-7.393699,2.457391,2.231797,-0.799735,-0.564349,-0.525227,9.630404
249496531336,6.399266,-5.543595,-1.217932,0.238025,0.191041,0.212781,9.419200
249596610169,-5.729566,-2.812068,2.081628,-0.011972,-0.714544,-0.622195,9.053682
249696689002,0.278059,-3.785413,-0.145120,0.331906,0.001065,-0.164661,8.761519
249796767836,2.345363,-1.417255,0.141342,-0.009371,0.123471,0.137746,8.504380
249896846669,2.522483,1.309647,0.080223,0.545785,0.328593,0.400700,8.215256
249996925502,-1.253486,5.061156,-0.941864,-0.170897,0.095857,-0.137206,8.056684
250097004335,-2.326839,0.732246,-0.881459,0.584888,0.285632,0.237992,7.911288
250197083169,2.468024,-0.917128,-1.556009,0.018435,0.235048,0.087349,7.654528
250297162002,2.859043,-0.328979,-0.964492,0.106575,0.344574,0.064705,7.486627
250397240835,1.550912,-1.783012,0.835835,0.275045,0.221774,0.160976,7.349859
250497319668,0.285199,-1.109324,-0.491839,0.128158,0.055342,0.210134,6.878977
250597398502,1.874017,-0.741165,-0.010965,0.013917,0.030807,0.003454,6.703239
250697477335,-3.247929,-2.789495,-0.227819,-0.085970,0.023683,-0.050851,6.442740
250797556168,2.093819,-0.892690,-0.824177,-0.014693,0.163941,0.057013,6.220404
250897635001,3.400618,-0.645344,1.137112,-0.158356,-0.063391,0.042698,6.085091
250997713835,-3.713316,2.937806,2.009517,-0.198587,-0.422547,-0.418419,5.715518
251097792668,3.240554,0.474747,-0.480942,0.306913,-0.254435,-0.013428,5.486096
251197871501,4.329201,-1.837615,-0.345792,-0.117976,0.063863,-0.112659,5.290262
251297950335,-0.708139,-3.030266,-0.084880,-0.317670,-0.199022,-0.107290,5.040147
251398029168,4.681355,0.166807,-0.632147,-0.349170,0.043733,-0.202362,4.889045
251498108001,2.639934,-1.099206,-0.322905,0.287413,0.184688,0.041188,4.606503
251598186834,0.171054,1.021764,-0.493148,0.013890,0.155726,0.095044,4.407465
251698265668,-1.832421,-0.483639,1.002111,0.164997,0.228937,0.214098,4.305623
251798344501,-0.873601,-2.855055,-0.470463,0.236217,0.121534,-0.035575,4.127962
251898423334,3.203220,6.278512,-0.581725,0.119433,0.335652,0.170818,3.877848
251998502167,-1.894352,-0.201604,0.119582,0.252845,0.217523,0.376640,3.984430
252098581001,1.314570,0.551560,0.726062,0.103610,0.087480,-0.093580,3.947500
252198659834,1.339793,-5.708676,-0.924913,0.525848,0.079176,0.078237,3.638084
252298738667,-0.922688,3.402449,-0.544496,-0.805861,-0.363693,-0.456421,3.823687
252398817500,-1.721075,7.048706,-1.369840,-0.043315,0.121964,-0.071501,3.901048
252498896334,-1.400866,4.443418,0.399589,-0.344777,-0.254660,-0.189518,3.752776
252598975167,-0.813333,4.456729,1.658084,-0.035579,-0.161350,0.192360,3.585603
252699054000,-2.057149,2.382710,-0.055937,-0.003055,0.050553,0.147704,3.132368
252799132834,-3.386347,1.458470,0.312501,0.149387,-0.165351,0.121257,3.087301
252899211667,-0.432406,2.767605,0.579673,-0.385040,-0.359443,-0.350480,2.701948
252999290500,0.283178,1.666420,-0.515529,-0.221476,-0.129666,0.065481,2.917328
253099369333,0.498380,1.948544,1.206550,0.021275,-0.026827,0.284362,2.636790
253199448167,-1.092239,2.865245,1.822510,-0.134436,0.073172,-0.120977,2.910416
253299527000,2.151887,5.025594,-0.599889,-0.207235,0.059182,-0.038559,2.724778
253399605833,-3.853408,-1.184746,-0.566598,0.049660,0.322336,-0.038310,2.661359
253499684666,0.816838,-0.464265,-0.346359,-0.055495,0.059268,0.154579,2.628160
253599763500,-4.368430,-0.070460,-1.826048,-0.278183,0.006148,-0.120882,2.504183
253699842333,-0.264760,0.774949,0.323118,-0.184216,-0.075715,-0.216169,2.624809
253799921166,-1.050923,-1.678807,0.882635,0.001808,-0.037260,-0.074110,2.686063
253899999999,4.143667,3.870798,-2.101118,-0.582335,-0.163606,-0.192964,2.268889
