timestampNs,ax,ay,az,gx,gy,gz,speedMps
0,6.702224,3.587280,0.810324,0.712207,-0.151758,-0.383286,6.153056
100012138,-0.015777,-1.729361,-1.032158,-0.123294,-0.104410,0.036155,6.226132
200024277,-4.134840,-3.302157,-0.436895,0.842954,-0.408686,-0.293369,6.395041
300036416,-2.046099,-1.507617,2.292097,0.211871,-0.041967,-0.217853,6.562029
400048555,0.575809,-2.470154,1.394266,0.616457,-0.171236,-0.373958,6.795096
500060694,3.956523,-0.266510,0.767333,0.190365,-0.062705,-0.106598,6.993117
600072833,2.437086,-0.859665,-0.312670,0.209510,-0.097371,-0.107115,7.095064
700084972,1.695005,-1.602568,-1.067175,0.097079,-0.126606,0.021366,7.183087
800097110,1.173946,-0.211676,0.035264,0.021630,-0.138272,0.116508,7.220254
900109249,1.080733,0.225355,-0.134347,0.156087,-0.213660,-0.064593,7.481402
1000121388,-0.252496,-3.362257,-0.295229,-0.120369,0.045247,0.032950,7.746963
1100133527,-4.263408,-2.255156,0.802444,0.000263,0.255079,0.157800,7.762130
1200145666,-0.309122,-0.003111,-0.479101,-0.259947,0.223971,0.079802,7.901133
1300157805,-1.423861,-1.707452,-0.335016,-0.259030,0.146880,0.219281,7.916286
1400169944,-3.224993,-1.167931,1.212040,0.285414,-0.176798,-0.044080,8.027250
1500182083,4.884167,2.018853,0.234920,0.561678,-0.260401,-0.268207,8.207271
1600194221,-0.153063,-1.609260,-0.218667,-0.536274,0.464501,0.325213,8.386229
1700206360,-2.753576,-2.612643,1.509391,-0.143847,0.149730,-0.025150,8.446606
1800218499,0.921808,1.605654,0.974596,-0.052637,0.166932,0.096019,8.282914
1900230638,0.315568,-2.076628,-1.015210,-0.233887,-0.036126,0.104203,8.218044
2000242777,2.506117,1.206757,-1.479592,-0.034858,0.087046,0.151139,8.213121
2100254916,-2.114505,-2.943292,-0.233884,-0.353191,0.157921,0.043523,8.239975
2200267055,1.966907,0.444362,0.587086,0.196968,-0.099918,-0.062205,8.230120
2300279193,1.236521,1.107984,-2.365760,-0.150974,0.038807,0.118049,8.274475
2400291332,-1.064001,0.702020,-0.004087,0.040965,-0.054448,-0.006657,8.087169
2500303471,-1.624123,-3.348241,1.206383,-0.251679,0.078298,0.177501,8.163807
2600315610,1.240050,-1.678986,-1.577483,0.172227,-0.037906,-0.019749,8.137481
2700327749,0.506628,-3.429844,2.089226,0.024114,0.170919,-0.087643,8.306568
2800339888,2.947669,-0.092648,-0.354768,0.540808,-0.034608,-0.382570,8.192417
2900352027,-0.217575,1.644373,-1.068007,-0.002023,-0.090646,0.003872,8.330734
3000364166,1.884973,3.941094,-0.684497,0.097800,-0.041950,-0.003888,8.224428
3100376304,2.074350,0.801652,-1.762004,0.125081,-0.262426,-0.082706,8.372344
3200388443,-1.371931,-1.234547,0.857989,0.195133,-0.233614,-0.111877,8.478300
3300400582,-0.257284,-2.623009,0.204404,0.074152,-0.029253,-0.081136,8.540534
3400412721,-2.347682,-3.600734,0.636874,0.501218,-0.010306,-0.259025,8.397014
3500424860,1.050371,1.093080,-1.045457,0.217717,-0.069049,-0.006630,8.413962
3600436999,-0.201357,-1.889048,0.392401,-0.219038,-0.099991,0.250033,8.431521
3700449138,-1.636901,1.193718,0.749682,-0.058531,0.042494,-0.014292,8.524843
3800461277,3.538964,1.809362,-2.682320,-0.093647,0.281156,0.015175,8.490974
3900473415,-3.856998,-3.218822,-0.619305,-0.576198,0.180205,0.308892,8.700343
4000485554,4.482216,2.218081,-0.666373,0.273822,-0.188843,-0.213623,8.538681
4100497693,1.073342,-0.874030,0.640522,-0.318313,0.278100,0.291514,8.496896
4200509832,2.493277,0.868908,0.496116,0.231763,-0.109468,-0.084083,8.653655
4300521971,0.103931,-0.134977,-0.815644,-0.049667,-0.057957,0.092470,8.608086
4400534110,-2.140930,-3.492669,0.574411,0.488100,-0.343745,-0.238552,8.614114
4500546249,-5.957470,-1.245144,-0.930775,0.106623,-0.214065,-0.272653,8.656712
4600558387,-1.937742,-4.204810,1.102283,0.860548,-0.415999,-0.375139,8.766027
4700570526,7.522120,5.361643,-0.281403,1.096378,-0.480719,-0.612904,8.751133
4800582665,-5.016662,-5.951830,0.457121,-0.017042,0.115665,-0.078316,8.755070
4900594804,7.076321,4.545992,-1.886861,0.938644,-0.367499,-0.376415,8.766665
5000606943,1.554732,1.610243,2.007477,-0.627092,0.010478,0.180930,8.720661
5100619082,2.515683,1.775250,1.727383,-0.105857,0.141910,0.421480,8.829453
5200631221,-3.581825,-0.101040,1.378165,-0.299672,0.401756,0.347327,8.919691
5300643360,0.856157,2.411020,-0.223351,0.375511,-0.100414,-0.389301,8.870409
5400655498,-4.171269,-2.110995,1.224379,-0.483351,0.234336,0.364689,8.761977
5500667637,-0.019785,-2.171404,0.973064,-0.110373,0.048199,0.140706,8.767052
5600679776,1.506261,1.349954,-0.716385,-0.968184,0.395795,0.702445,8.783715
5700691915,-3.986064,-2.185569,0.174127,-0.571746,0.392222,0.010863,8.879087
5800704054,1.385717,0.928823,-1.065989,-0.538362,0.107122,0.123502,8.747576
5900716193,-3.659132,-1.712466,-1.125982,-0.522521,0.093106,0.420799,8.679620
6000728332,5.045480,5.825488,-0.814536,-0.980436,0.366068,0.330504,8.627040
6100740470,-0.412642,-0.297507,0.946207,-1.049074,0.677010,0.580327,8.639148
6200752609,8.811747,4.335160,-1.513075,-0.835027,0.531121,0.492983,8.524586
6300764748,-4.661720,-2.243813,-0.866398,-1.167097,0.482490,0.519806,8.469824
6400776887,8.888817,5.440180,-2.067963,0.289876,-0.313373,-0.145836,8.446206
6500789026,-1.277709,-2.167419,-0.666402,-0.244917,-0.042289,0.202010,8.352236
6600801165,-2.060168,-4.093322,-0.247295,0.598924,-0.366652,-0.308045,8.388922
6700813304,-3.317147,-3.271536,0.549186,0.141202,0.086822,-0.041017,8.392737
6800825443,2.348470,1.006002,0.180437,0.497926,-0.070812,-0.467899,8.352298
6900837581,3.956638,2.957620,-1.095935,-0.249393,-0.094863,0.228762,8.160860
7000849720,4.491049,1.598928,-0.165136,0.416729,-0.275752,-0.200228,8.132173
7100861859,1.825698,0.649430,1.792336,0.201624,0.017391,-0.109971,8.256808
7200873998,-1.955419,-2.662297,-1.578461,0.311629,0.026513,-0.019032,8.337102
7300886137,2.901884,0.941696,-0.047398,0.605241,-0.329888,-0.447619,8.353681
7400898276,-1.759876,-1.879416,0.755232,-0.395977,-0.018947,0.319459,8.206470
7500910415,-3.067126,-1.598252,-2.162966,-0.057865,0.038937,0.150890,8.247320
7600922554,-2.527111,-2.994255,0.719830,-0.195424,0.193952,0.177681,8.379140
7700934692,0.532457,0.322064,0.788466,-0.004654,0.084221,-0.053141,8.405615
7800946831,0.196696,0.162554,-1.511092,-0.031976,0.243106,-0.065729,8.353679
7900958970,-1.881689,-2.220870,-0.010283,-0.134827,-0.116177,0.171744,8.419206
8000971109,-2.074764,-0.674507,0.227776,-0.148575,-0.138919,0.036569,8.453274
8100983248,1.343713,-2.615623,-0.376352,0.176904,-0.219670,-0.086666,8.589509
8200995387,-2.244741,-5.328917,0.813405,-0.430466,0.158799,0.268164,8.652373
8301007526,3.712518,1.474343,1.161872,0.324022,0.101458,-0.084310,8.694829
8401019664,6.712892,4.234032,0.273173,-0.812127,0.616343,0.518324,8.677475
8501031803,-4.218141,-1.919335,-0.611924,-0.631766,0.262410,0.435642,8.621441
8601043942,-3.938781,-0.868137,-2.122143,-0.475474,0.033809,-0.020953,8.656689
8701056081,2.906669,-0.667634,-2.227610,-0.092531,-0.227127,-0.073989,9.000961
8801068220,-1.459843,-2.194137,1.594720,0.087840,-0.113703,-0.312491,8.988559
8901080359,-0.564800,-2.718111,-2.117446,0.357696,-0.354436,0.017156,9.135256
9001092498,-5.391267,-3.867811,1.421310,-0.485041,0.207828,0.426768,8.878246
9101104637,2.132170,-1.527824,0.268541,0.035355,0.030610,-0.134145,8.822065
9201116775,2.969058,1.153042,-0.075683,-0.552272,0.373386,0.161133,9.006330
9301128914,1.080191,1.816379,-0.944260,-0.312466,0.306615,0.147896,8.955014
9401141053,0.790125,2.857544,0.534375,-0.272728,0.085099,0.093812,9.224257
9501153192,-2.818927,-2.570713,-0.074238,-0.261311,0.039363,0.240500,9.253641
9601165331,0.599462,-0.453212,-2.493185,0.194536,-0.292542,0.058883,9.042657
9701177470,0.343539,3.073708,-1.019131,0.111553,-0.031564,-0.117998,9.104034
9801189609,-1.632393,0.091450,-1.219639,-0.012929,0.034748,0.094958,9.183375
9901201747,4.545427,0.922705,-0.458452,0.458103,-0.432330,-0.334330,8.957336
10001213886,-5.994661,-2.812145,2.017838,-0.418663,0.167300,0.165549,9.056973
10101226025,-2.665790,-1.128880,1.381253,0.792666,-0.225067,-0.397580,8.968181
10201238164,-10.602282,-5.218996,2.960376,-0.947060,0.594216,0.408050,8.910279
10301250303,2.744110,4.199462,0.775665,0.329170,0.100424,-0.256249,8.843878
10401262442,6.327501,3.953249,-3.077961,-0.940999,0.533425,0.429799,8.843673
10501274581,-0.157036,0.948645,-0.108172,-0.409152,0.195697,0.095221,8.892900
10601286720,2.787425,-0.229191,-0.372171,-0.399311,0.212983,0.150831,8.965004
10701298858,1.664382,-0.453326,-0.512922,-0.201629,0.062440,0.090562,8.813993
10801310997,-2.355889,0.371137,-0.515981,0.064067,-0.108373,-0.038137,8.650721
10901323136,-0.964506,-1.599045,-0.415437,-0.039843,-0.026932,0.194025,8.475834
11001335275,2.051031,0.952911,0.513502,-0.402789,0.160194,0.303535,8.537599
11101347414,-2.773476,-1.589756,0.169804,-0.367343,0.257961,-0.020350,8.504308
11201359553,1.230136,0.659959,-0.874067,0.271560,0.021485,-0.156934,8.535842
11301371692,7.059794,1.409754,-3.738575,0.750289,-0.317950,-0.250647,8.591663
11401383831,-13.920467,-8.950052,3.121124,-0.617443,0.123987,0.509958,8.213136
11501395969,6.801538,4.511114,-0.629340,0.613096,-0.099440,-0.815881,8.298416
11601408108,12.226285,3.442438,-5.322431,-1.305758,0.858873,0.322251,8.324382
11701420247,-7.294871,-4.533472,2.268486,-1.481968,0.946315,0.837901,8.358151
11801432386,5.568654,1.591480,0.833561,0.396958,0.264935,-0.142507,8.306558
11901444525,4.638677,2.443249,-0.642714,0.046902,-0.183038,0.112563,8.277934
12001456664,-2.068393,-3.749041,0.771808,-0.105889,-0.197048,0.018453,8.136726
12101468803,2.585519,2.469835,0.034165,0.178136,-0.064179,-0.019001,8.123017
12201480941,0.974449,0.505894,0.931924,-0.273575,0.171883,-0.019070,8.196674
12301493080,0.556537,0.914622,-0.366802,-0.056294,0.019550,0.138050,8.308101
12401505219,0.811210,2.199871,0.173435,0.195002,-0.090564,-0.064050,8.306880
12501517358,-0.953691,-0.526231,0.698305,0.193395,-0.247149,-0.126593,8.031500
12601529497,-1.206238,-0.244786,1.308948,0.476697,-0.167527,-0.138553,8.130418
12701541636,6.235284,-0.566860,-1.431836,-0.029396,-0.224170,-0.009058,8.227133
12801553775,6.809176,2.368848,-3.312985,0.473494,-0.641449,-0.238021,8.113321
12901565914,-2.764858,-1.608811,-1.937331,-0.257597,0.006836,0.449437,8.005379
13001578052,-6.469621,-3.188294,-0.533109,0.183290,-0.370278,-0.228483,7.908067
13101590191,10.665436,3.422038,0.249090,0.646369,0.420681,-0.252501,7.981647
13201602330,1.813665,-3.158253,-2.240404,-1.222971,0.924075,0.497332,8.206631
13301614469,-7.943283,-5.293989,3.442979,-0.547686,0.284374,0.267991,8.371318
13401626608,2.432061,3.888302,1.299887,-0.021119,0.172455,-0.017588,8.146068
13501638747,-3.580009,-1.742678,-2.011030,-0.391380,-0.075864,0.351774,8.092300
13601650886,-2.069637,0.701645,2.396803,0.282462,-0.479127,0.017600,8.049503
13701663025,0.057090,-1.573150,1.536563,0.041748,-0.171078,0.049549,8.202628
13801675163,1.801683,-2.279614,-0.563855,-0.279415,-0.005074,0.137787,8.250175
13901687302,-3.730275,-1.898999,0.699069,-0.307959,0.272860,0.358978,8.659821
14001699441,0.072145,1.617695,0.805779,-0.245244,0.323000,0.051882,8.177961
14101711580,-4.916799,-1.602551,0.841245,-0.613091,0.340596,0.317536,8.070612
14201723719,1.895586,0.982414,-0.236446,-0.266609,0.111570,0.048984,8.675758
14301735858,-5.348552,-2.583521,0.812523,-0.835829,0.214602,0.479099,8.434603
14401747997,7.426212,2.298440,-0.838066,-0.041136,-0.113968,-0.073509,8.475855
14501760135,0.494407,0.938358,-0.229387,-0.764849,0.362324,0.345534,8.526568
14601772274,6.153636,4.054471,0.783769,0.707404,-0.141497,-0.392230,8.674442
14701784413,0.391189,-0.059128,0.059637,-0.006509,-0.002108,0.021127,8.585265
14801796552,-6.574292,-1.563267,0.360076,0.753144,-0.386491,-0.275602,8.764767
14901808691,1.325470,-0.615479,1.928684,0.600788,-0.133212,-0.331236,8.587587
15001820830,-1.712910,-2.070347,-0.064823,0.264004,-0.207444,-0.341220,8.726508
15101832969,0.147386,-2.049663,-0.581990,0.438114,-0.262387,-0.152109,8.643860
15201845108,0.625069,0.368939,0.130389,-0.037540,0.012934,-0.067714,8.688108
15301857246,-0.029614,-1.089345,-0.840238,0.030595,-0.032010,-0.093575,8.752022
15401869385,0.061304,-1.479642,-0.605022,0.270943,0.026938,-0.024389,8.859600
15501881524,-1.821060,-2.100387,-1.222721,0.111567,-0.266739,-0.341647,8.897227
15601893663,-1.232598,-0.796932,-0.065074,0.386590,-0.136900,-0.201996,8.911834
15701905802,5.347966,3.440834,-1.306234,0.611418,-0.321396,-0.406391,8.906339
15801917941,-2.749319,-0.632256,-1.085464,0.105932,-0.110209,-0.250544,8.920224
15901930080,4.266317,3.326448,0.765651,0.612179,-0.182204,-0.160937,9.030066
16001942218,2.106492,-0.153709,0.152956,-0.437516,0.259687,0.355912,8.977354
16101954357,6.983479,2.967515,-0.784549,0.112827,-0.060331,-0.022107,8.997040
16201966496,1.705504,1.467544,0.952943,-0.954382,0.417227,0.382883,8.944440
16301978635,-6.035722,-1.625077,-0.533202,-0.999543,0.471357,0.578148,8.864392
16401990774,3.596116,-0.172334,-0.420617,-0.065430,-0.025773,0.131740,9.026585
16502002913,-8.210794,0.106938,1.815373,-0.742134,0.352954,0.016242,9.006469
16602015052,-1.907677,-2.630173,-0.334742,0.497721,-0.003974,-0.237062,8.887529
16702027191,-0.344995,-1.081452,-0.124043,-0.089383,0.017529,0.090026,8.861421
16802039329,1.506795,4.196200,0.047281,0.172304,-0.162958,-0.170236,8.835171
16902051468,1.546786,2.118310,-1.554281,-0.481812,0.353972,0.163363,8.788974
17002063607,6.192230,1.497300,1.020055,0.793503,-0.155661,-0.509221,8.741095
17102075746,5.000041,-0.854313,-0.899278,0.523384,-0.232013,-0.440173,8.791683
17202087885,-4.392634,-0.378841,0.533715,0.614397,0.055295,-0.149212,8.725756
17302100024,9.206974,3.004199,-1.706102,1.000973,-0.949275,-0.450728,8.665969
17402112163,-4.220348,0.929221,0.635699,-1.449446,-0.218174,1.054551,8.476700
17502124302,-4.898059,-1.708421,-2.558607,0.344176,-0.460840,0.042565,8.415718
17602136440,-9.425945,-3.390285,-2.139408,-0.505064,0.296628,0.599504,8.498504
17702148579,-0.225530,0.756644,-1.795946,-0.010930,0.767335,-0.598326,8.425727
17802160718,5.163485,5.979688,-1.451958,-0.129626,0.290773,-0.323956,8.225817
17902172857,-2.026422,-1.077370,0.980834,-1.435681,0.328240,0.849038,7.985302
18002184996,8.618013,2.408091,2.041224,0.502753,-0.243008,-0.321924,7.951292
18102197135,-3.120629,-2.370633,0.307469,-0.491078,0.249254,0.127105,8.058626
18202209274,-3.113125,0.447587,1.015871,0.429512,-0.232353,-0.374714,8.042728
18302221412,-8.647838,-2.818721,0.219418,-0.580639,0.146231,0.135330,7.854352
18402233551,2.769583,0.770438,-0.631919,0.802665,-0.466591,-0.541226,7.777838
18502245690,3.021539,1.629170,-1.388975,-0.218095,-0.136293,0.179289,7.819103
18602257829,5.243472,1.655158,0.177474,0.594366,-0.430288,-0.372677,7.907725
18702269968,0.673768,-1.160430,-1.049367,-0.010096,-0.124154,0.099937,7.674630
18802282107,-6.871285,-1.314591,1.399467,0.776433,-0.365022,-0.266997,7.571666
18902294246,2.167067,0.907215,-0.725397,0.621294,-0.358625,-0.285472,7.427882
19002306385,0.735713,0.388278,-0.074754,0.679396,-0.316674,-0.203985,7.385948
19102318523,7.703756,3.048521,0.728466,0.972353,-0.390741,-0.490937,7.424089
19202330662,-6.338995,0.198352,0.516676,0.118127,-0.000619,-0.026592,7.339821
19302342801,7.894842,3.063296,-0.778318,0.926062,-0.357284,-0.577281,7.376364
19402354940,-6.140345,-1.989353,0.049630,-0.682532,0.283284,0.378184,7.270941
19502367079,-5.181848,-4.575505,0.783697,0.254772,-0.274725,-0.103371,7.262896
19602379218,-6.380841,-3.782282,-0.917360,-1.027491,0.312955,0.510459,7.221852
19702391357,-1.222750,-0.744583,1.325209,-0.329769,0.236693,0.126732,7.217219
19802403495,5.420182,1.696685,-0.369752,-0.595043,0.352625,0.242088,7.181633
19902415634,2.495835,-1.006666,-0.672739,-0.342903,0.191065,0.226364,7.125969
20002427773,5.748029,0.501004,-0.693506,-0.518290,0.327234,0.252789,7.212792
20102439912,-5.011982,1.485626,1.491428,-0.627704,0.316120,0.224452,7.325637
20202452051,3.680949,0.199545,0.211862,0.106719,0.001714,0.060615,7.358365
20302464190,-0.794237,-2.363190,-1.032917,-0.109349,-0.079760,-0.034675,7.644528
20402476329,-0.687372,0.740137,0.670749,0.246760,-0.078393,-0.063734,7.554192
20502488468,-0.007773,0.805514,1.561667,-0.016939,0.102968,0.105028,7.762779
20602500606,-1.512416,0.529016,-1.333003,0.301276,-0.059234,-0.121598,7.752195
20702512745,4.288108,1.743563,0.738213,0.439210,-0.205808,-0.361103,7.768003
20802524884,-5.628342,-1.436395,0.587034,0.190141,-0.073785,-0.264709,8.004192
20902537023,0.984628,0.480076,-1.563519,0.191010,-0.303570,-0.019605,8.045286
21002549162,-1.849595,2.606315,-0.357414,-0.146102,-0.254002,0.055916,7.942259
21102561301,0.256749,-0.812094,-0.136171,0.108750,0.122016,-0.134621,8.069211
21202573440,-1.298780,0.382265,0.008228,-0.056379,0.031309,-0.149641,7.997409
21302585579,3.245578,0.895486,-0.191650,0.152779,-0.050254,-0.247648,8.016760
21402597717,-1.480353,0.401674,-0.088937,0.411847,-0.041874,-0.174435,8.080588
21502609856,0.939468,0.819955,0.309045,0.289994,-0.197298,-0.175523,7.987193
21602621995,-0.249469,-0.830147,0.719363,0.121409,-0.150176,0.037111,7.956886
21702634134,2.072047,0.197842,-0.082378,0.241435,-0.111782,-0.057809,8.023388
21802646273,1.410809,3.007806,-0.381209,0.454578,-0.014704,-0.149642,7.892981
21902658412,1.563300,1.618130,-0.537022,0.210714,-0.107634,-0.188082,7.926481
22002670551,-1.610173,1.559695,1.589679,0.531849,-0.360523,-0.260291,7.758198
22102682689,-4.149457,0.674670,0.711682,0.180225,0.018517,-0.310023,7.804776
22202694828,-0.975721,-1.155398,-1.977853,1.026181,-0.200697,-0.668524,7.834384
22302706967,14.408501,6.028300,-1.811609,0.766614,-0.314712,-0.494872,7.739726
22402719106,3.794927,0.369341,0.019757,1.571637,-0.804837,-1.065382,7.658724
22502731245,5.281049,3.820827,0.503065,1.029912,-0.377445,-0.802029,7.610567
22602743384,-9.934628,-4.548644,-1.703209,1.635155,-0.604658,-1.089994,7.524551
22702755523,-1.561179,-1.648079,-0.609105,1.108358,-0.440182,-0.763163,7.607690
22802767662,-7.698775,-0.619874,1.916951,1.226019,-0.582448,-0.727120,7.281465
22902779800,10.742474,0.703740,-1.701391,1.211615,-0.609561,-0.658805,7.297564
23002791939,-3.308245,-1.662301,-1.254983,0.570065,-0.351144,-0.314918,7.424878
23102804078,8.013303,1.424136,0.860012,0.855708,-0.350635,-0.482420,7.383292
23202816217,-0.072442,0.061278,-0.308065,-0.113167,0.123237,0.003007,7.431353
23302828356,4.447491,0.858703,-0.913816,0.422395,-0.178804,-0.202805,7.478079
23402840495,-0.685133,-1.194626,1.353782,-0.256895,0.291360,0.227944,7.478297
23502852634,2.008452,-2.102717,-1.077396,0.327189,-0.357259,-0.287009,7.461336
23602864773,-1.356213,-0.931564,-1.620584,-0.361402,0.077837,0.175580,7.577520
23702876911,2.956530,-0.624908,-0.387556,0.124553,0.083632,0.052175,7.726100
23802889050,2.941737,-1.102126,-0.078349,-0.449280,0.159777,0.028928,7.635467
23902901189,0.598265,0.476707,-0.750227,-0.114016,0.320163,0.214045,7.751858
24002913328,1.509914,0.400242,-0.070384,-0.183327,0.012524,-0.130458,7.687741
24102925467,0.741205,-0.176530,0.425398,-0.211262,0.043261,0.155042,7.816664
24202937606,2.064146,-1.162969,0.145451,-0.030627,-0.134739,0.007354,7.839080
24302949745,-1.109797,-3.425011,1.950360,-0.171611,0.170498,0.140809,7.973422
24402961883,2.695792,-1.077686,0.231154,-0.164918,0.076973,0.184662,7.957225
24502974022,1.761053,-1.270461,-0.383803,-0.198968,0.056247,0.104371,7.934164
24602986161,2.944703,2.343595,0.786651,-0.150252,0.035303,0.197198,8.075135
24702998300,-2.872696,-2.204591,-0.131331,-0.310698,-0.005227,0.257863,8.249948
24803010439,1.510934,-2.037073,0.601876,0.033389,0.116380,-0.064130,8.515579
24903022578,-0.929672,-1.916556,1.158290,-0.187850,0.147739,-0.025298,8.728324
25003034717,-2.335715,-1.384224,0.465387,0.341017,-0.008103,-0.182674,8.639985
25103046856,-1.604649,0.127000,1.034481,0.115547,0.032887,-0.008064,8.677708
25203058994,-1.682478,0.242533,-0.386709,0.417715,-0.285385,-0.172245,8.768545
25303071133,3.226737,-0.724141,0.405218,0.383014,-0.143828,-0.386876,8.924864
25403083272,3.907921,-0.477990,-1.473379,0.212363,-0.235256,-0.367211,9.203115
25503095411,2.728244,2.582114,0.058277,0.434481,-0.058670,0.073475,9.265458
25603107550,-4.662467,-0.148772,0.198205,0.359233,-0.333552,-0.376281,9.244568
25703119689,6.458741,0.908959,1.753631,0.620355,-0.046219,-0.020031,9.232576
25803131828,-2.613382,1.215014,1.201522,0.384615,0.245529,-0.119066,9.283162
25903143966,3.698968,0.906455,0.443803,0.579753,-0.119592,-0.440783,9.438971
26003156105,-6.279334,-0.268777,1.152262,0.556616,-0.298969,-0.317025,9.374099
26103168244,0.506020,-0.480128,-0.140451,0.280849,-0.225980,-0.229881,9.411400
26203180383,2.297201,-2.047555,-0.936926,0.279484,-0.233900,-0.021139,9.577411
26303192522,4.210809,1.928636,-1.257997,0.390174,-0.232803,-0.240598,9.708563
26403204661,-2.620631,-3.173994,-2.558186,-0.446801,-0.069047,0.012698,9.662694
26503216800,-1.586192,-0.138020,2.360429,-0.044985,0.068011,0.188503,9.594887
26603228939,-6.023892,-3.379440,0.654728,0.386346,-0.252193,-0.244202,9.651417
26703241077,4.897458,2.683481,0.976736,-0.337665,0.111076,0.135944,9.696320
26803253216,-2.608972,1.113999,-1.331436,-0.539101,0.161199,0.310622,9.768600
26903265355,5.195107,2.078355,-0.753621,-0.217268,-0.040370,0.382976,9.763791
27003277494,-2.600474,-2.551572,0.049450,-0.205287,0.089552,-0.140640,9.877422
27103289633,3.062763,1.072282,0.146702,0.209234,-0.188325,-0.154505,9.919657
27203301772,0.207706,-1.510897,-0.568565,-0.317853,0.106367,0.238128,10.022146
27303313911,5.714903,-1.253159,-0.721112,0.732493,-0.467659,-0.387224,9.968552
27403326050,3.608479,0.872624,0.697041,0.442690,0.048771,-0.131939,9.900116
27503338188,-5.841202,0.098467,-1.055743,0.516911,-0.161233,-0.472355,10.082743
27603350327,1.054536,-1.416343,-1.012231,0.590863,-0.319547,-0.100312,10.131470
27703362466,-2.973747,0.611480,0.990958,0.404345,-0.263321,-0.024642,10.173861
27803374605,4.862531,-0.521944,-0.563961,0.532289,-0.294794,-0.408325,10.174434
27903386744,0.295771,-2.172249,-2.947658,0.383775,-0.319429,-0.198287,10.214943
28003398883,4.640886,1.856342,1.672894,0.608346,-0.075648,-0.358332,10.246463
28103411022,-3.085255,-2.672716,-1.516863,0.284085,-0.047287,0.018325,10.289524
28203423160,-0.229122,-1.421605,0.295778,0.575019,-0.000278,-0.678515,10.330902
28303435299,-1.391649,1.216528,1.271247,-0.224654,0.386934,-0.118445,10.323969
28403447438,-3.408075,0.760575,0.500615,-0.079910,-0.071699,0.188660,10.292932
28503459577,-2.721139,-0.800575,-0.515413,-0.304591,-0.026895,0.077439,10.235586
28603471716,4.911493,0.043796,-1.302249,0.143941,-0.027846,-0.256007,10.257191
28703483855,1.458793,0.333776,-0.752557,-0.258487,0.132061,0.104920,10.400549
28803495994,1.210623,0.570823,-0.674054,-0.096929,0.023181,0.110328,10.324255
28903508133,1.773389,0.287334,0.244602,-0.249251,-0.012856,0.184185,10.130576
29003520271,-2.685103,1.393602,1.837764,-0.163382,0.223577,0.142376,10.011881
29103532410,-1.711650,5.009353,0.356836,-0.247578,0.379482,0.135878,10.091318
29203544549,-2.050005,4.716670,1.483012,-0.319267,0.348783,0.206966,10.020678
29303556688,4.917406,2.269988,-3.654365,-0.659424,0.280893,0.370510,10.006330
29403568827,6.114066,-0.111343,-2.833308,-0.280469,-0.058925,0.262551,9.937014
29503580966,0.911577,1.070098,-0.993578,-0.673346,0.420605,0.460857,9.937815
29603593105,-3.971647,-0.020161,3.016166,0.020848,0.330777,-0.060867,9.896822
29703605243,-2.180088,1.163785,0.411098,-0.258563,0.220472,-0.027895,9.568689
29803617382,2.250269,3.767653,-0.626626,0.302980,-0.120889,-0.242615,9.450749
29903629521,-3.401835,0.844136,-2.333470,0.092810,-0.076059,-0.267603,9.424666
30003641660,2.186672,-1.321193,-1.262642,0.395172,-0.393476,-0.206664,9.577358
30103653799,-4.131548,-1.664656,0.998257,0.431432,-0.071078,-0.143590,9.552789
30203665938,3.339105,0.102644,0.880800,0.816563,-0.208648,-0.293092,9.385203
30303678077,-6.197047,2.447067,2.755315,-0.245873,0.265372,0.335735,9.200955
30403690216,2.386148,2.146346,0.096879,0.268289,-0.199750,-0.039583,9.020095
30503702354,-0.804255,1.535419,0.290793,-0.061164,-0.046485,0.232962,9.154866
30603714493,7.246834,0.574358,-1.017756,0.460582,-0.266906,-0.332923,9.202687
30703726632,-2.207108,-1.129847,-0.599446,-0.263313,0.185415,0.301714,9.216096
30803738771,-0.912957,3.077862,-0.168820,0.658310,-0.154858,-0.327232,9.062456
30903750910,-7.760446,-0.505545,0.788946,-0.805738,0.452102,0.473227,8.992256
31003763049,1.746972,-0.126210,0.827705,-0.037467,0.062721,-0.081935,8.873606
31103775188,2.212692,0.366725,0.766105,-0.549048,0.310499,0.319118,8.917244
31203787327,1.952081,3.794883,-0.118699,0.008691,0.089080,0.076156,8.941072
31303799465,-3.499011,2.325039,0.183898,-0.349010,0.070946,0.220627,8.812253
31403811604,-4.189249,-1.057316,0.651924,-0.070150,0.010656,-0.061910,8.792019
31503823743,-4.289628,0.476540,0.598843,-0.406228,0.135570,0.366287,8.789343
31603835882,1.591084,-2.049620,0.199430,0.148659,-0.078376,-0.203520,8.686657
31703848021,0.370125,-0.625600,1.896854,-0.140896,0.095753,0.159627,8.964886
31803860160,8.471935,2.437813,-1.180322,0.357790,-0.093296,-0.639192,8.615118
31903872299,5.318089,1.347200,0.688218,-0.898837,0.694636,0.332795,8.624208
32003884437,-6.771588,1.175465,2.179908,-0.620351,0.133389,0.630025,8.771776
32103896576,1.808118,2.429849,-0.094828,-0.365021,0.034232,0.244145,8.649929
32203908715,-1.887437,-0.806930,2.239773,-0.152611,0.185534,0.291207,8.789117
32303920854,6.084830,0.608080,0.521806,-0.278759,0.241571,0.407622,8.526736
32403932993,2.173506,2.001725,-0.275919,-0.174051,0.077601,0.043951,7.996791
32503945132,3.785100,1.090342,0.034738,-0.113543,0.010068,0.077554,8.316722
32603957271,-2.052060,2.711166,-3.122084,-0.460020,0.075043,0.313860,8.451292
32703969410,3.734023,1.675191,-3.409916,0.093650,-0.250073,0.055933,8.880360
32803981548,2.903157,0.433076,-0.094332,0.159485,-0.317308,-0.206159,8.551341
32903993687,-1.242978,-3.022176,-0.288762,0.329815,-0.062663,-0.154183,8.511675
33004005826,0.709263,-0.865030,-1.465571,0.250734,0.142599,-0.301804,8.543098
33104017965,0.883173,2.661049,1.048478,-0.044545,0.377215,0.019944,8.334437
33204030104,-1.319935,-1.167193,0.229536,-0.102321,-0.221915,0.159024,8.408292
33304042243,-2.589467,-0.536660,-0.102051,-0.137834,-0.034345,0.203967,8.272451
33404054382,4.950656,1.584703,-0.950826,0.305936,-0.182783,-0.158816,8.216731
33504066521,-1.269809,0.152020,-1.862541,-0.053697,0.211081,0.156662,8.320975
33604078659,1.141228,1.159804,-1.115567,0.169145,-0.155672,-0.306255,8.111398
33704090798,-0.076517,-0.623743,-0.577522,-0.050640,0.065770,0.110310,8.189591
33804102937,1.173079,0.834959,1.051699,0.238961,-0.163570,-0.177127,8.170518
33904115076,-2.167969,-1.007457,-0.466087,-0.086339,0.045722,0.013115,7.952592
34004127215,1.839544,-1.464097,-0.881996,0.217035,-0.066643,-0.134437,8.034555
34104139354,-1.016037,0.357740,0.071859,-0.094686,-0.044908,-0.055548,7.933935
34204151493,2.329785,-1.890703,-1.752734,0.032579,-0.116108,-0.072478,7.950107
34304163631,3.412926,0.714618,0.749231,-0.193245,0.044412,-0.048353,8.295396
34404175770,-1.128138,0.437376,-0.352471,-0.141977,0.043017,0.239231,8.218085
34504187909,0.860250,-1.474064,-1.689311,0.426597,-0.352104,-0.140323,8.293589
34604200048,5.803567,2.625582,0.392578,0.560691,-0.182263,-0.349607,8.396526
34704212187,-3.545150,-2.619392,-0.609050,0.270393,0.004787,-0.102274,8.289078
34804224326,0.509772,0.942827,-0.576717,0.312667,-0.184202,-0.167119,8.230906
34904236465,-2.722423,0.688482,0.055027,0.054921,-0.079317,-0.010911,8.381398
35004248604,4.559884,1.404329,-0.080261,0.423076,-0.272091,-0.297208,8.202794
35104260742,-1.114148,-0.926498,-1.018286,-0.123004,0.107315,0.011306,8.555443
35204272881,2.483969,0.492045,-1.713905,0.382500,-0.109050,-0.284668,8.458349
35304285020,-6.389120,0.347208,0.448986,0.053801,0.061291,-0.078064,8.568505
35404297159,-0.538207,-0.035046,0.074553,0.562232,-0.382489,-0.175420,8.364960
35504309298,-8.457875,-5.046506,0.252129,-0.751262,0.352466,0.361728,8.050122
35604321437,1.522810,1.390529,-0.169488,0.184311,-0.042752,-0.160069,8.480955
35704333576,6.548230,0.886766,-0.932468,0.370740,-0.117314,-0.161521,8.110043
35804345714,-7.107486,-2.122177,-0.200614,-0.501510,0.174456,0.228430,7.753543
35904357853,1.744336,-1.185629,-1.111829,-0.285996,-0.050555,0.128758,8.140024
36004369992,-0.656454,0.279001,-1.141883,-0.388301,0.053174,0.118129,8.578543
36104382131,0.709510,0.203851,-0.595868,0.086902,-0.118441,0.014273,8.046372
36204394270,-1.353852,-0.218966,-0.360827,-0.054620,0.096330,-0.033940,8.531806
36304406409,2.577228,0.553932,-0.568318,0.338571,0.013767,-0.206764,8.412680
36404418548,3.065678,1.337992,1.434035,0.058744,-0.005983,-0.024673,8.270373
36504430687,1.294646,-0.232948,0.362812,0.300366,-0.175347,-0.134382,8.621935
36604442825,0.905443,-2.491338,0.393276,0.063622,0.036431,-0.152198,8.504115
36704454964,-0.377454,-1.511867,0.126038,0.138976,-0.058672,-0.133334,8.296116
36804467103,-1.218237,0.857736,-0.153547,0.040640,0.056352,-0.152444,8.351222
36904479242,-0.815756,-2.025096,-0.321021,0.317107,-0.097620,-0.312369,8.519117
37004491381,1.254734,1.003090,0.396070,0.049978,0.006677,-0.060244,8.749785
37104503520,3.407243,-0.777560,-0.531121,0.300441,-0.279584,-0.195334,8.633985
37204515659,2.997322,-0.642908,1.028559,0.384188,-0.137566,-0.154231,8.518937
37304527798,-2.757199,1.465316,-0.064986,0.361073,-0.056019,-0.171510,8.308092
37404539936,1.966330,0.575898,0.122827,0.370032,-0.012561,-0.277728,8.783020
37504552075,-1.098457,0.524545,0.372223,0.022482,0.210140,0.105908,8.532831
37604564214,-0.827017,0.874625,-0.415179,0.260517,-0.098398,-0.025974,8.570448
37704576353,-2.212200,3.370240,-0.244308,-0.065674,0.096344,0.147377,8.608356
37804588492,1.164240,1.174205,-0.398657,0.092267,-0.018798,0.056999,8.712975
37904600631,3.021376,1.890895,-0.359725,-0.293357,0.143320,0.257078,8.584620
38004612770,1.935927,2.887713,0.150991,0.016095,-0.039140,0.100252,8.469276
38104624908,0.452707,1.557264,-1.125068,-0.189445,0.066177,0.207782,8.394580
38204637047,0.478020,2.868204,-0.402561,-0.165372,0.184669,-0.013742,8.452844
38304649186,0.381785,3.343433,0.542315,0.240525,0.013373,-0.068120,8.171774
38404661325,0.741378,2.393512,-0.078680,0.139548,-0.061917,-0.079173,7.996064
38504673464,-0.680421,2.977872,0.240101,0.244509,-0.104751,-0.083614,7.846045
38604685603,-0.334315,1.854251,1.328526,0.141622,-0.033314,0.017408,7.696821
38704697742,0.771681,3.384549,0.735670,0.011984,0.120243,-0.054739,7.553845
38804709881,-1.984769,2.383475,0.964380,-0.220438,0.223352,0.280884,7.216547
38904722019,-2.718970,2.298246,-1.909538,0.144563,-0.224540,0.071861,7.009126
39004734158,-1.790074,1.567300,0.151163,0.124630,-0.232036,-0.102771,6.719771
39104746297,5.620374,3.263131,-2.375299,-0.164455,0.013687,-0.165563,6.541374
39204758436,-6.239103,-0.865200,-0.406133,-0.518410,0.242658,0.308657,6.296714
39304770575,3.341922,0.167412,0.481267,0.176782,0.024411,-0.265869,6.077725
39404782714,-1.851560,0.485270,-0.431208,-0.386891,0.174702,0.356248,5.780790
39504794853,1.424555,1.792161,0.536898,0.082695,-0.143266,-0.201081,5.511036
39604806991,-3.073315,-0.255014,-0.050509,-0.462835,0.314245,0.231469,5.333576
39704819130,-1.878196,0.375228,0.140709,0.329019,-0.217282,-0.186435,5.338159
39804831269,-6.124161,-0.500966,0.757626,-0.243835,0.259373,0.169775,5.227751
39904843408,0.507638,1.008687,0.320520,0.519480,-0.136824,-0.348733,5.272742
40004855547,2.768751,2.278298,-0.416061,0.043287,-0.021098,-0.073757,5.083353
40104867686,1.933791,2.108208,-0.056137,0.504343,-0.169117,-0.296109,4.909943
40204879825,1.422237,1.145742,-0.042397,0.256597,-0.074549,-0.163470,4.807831
40304891964,-4.257962,1.526233,0.435693,0.396323,-0.139798,-0.258170,4.737040
40404904102,-0.149036,2.283834,0.073144,0.421740,-0.206282,-0.250878,4.593304
40504916241,-2.603386,1.994968,-0.218297,0.216662,-0.134248,-0.226610,4.384368
40604928380,0.747539,2.453800,0.136427,0.316896,-0.124936,-0.132749,4.305321
40704940519,-1.815926,1.369059,-0.014437,0.035883,-0.018320,-0.039211,4.145626
40804952658,2.350869,2.015868,-0.059434,0.239953,-0.080540,-0.137967,3.926555
40904964797,0.085847,2.133711,0.361139,-0.076168,0.070461,0.069289,3.583766
41004976936,0.652265,3.086676,0.094403,0.139580,-0.077717,-0.044391,3.383972
41104989075,-1.567553,1.238380,-0.377659,-0.147320,0.004877,0.085985,3.256666
41205001213,-0.722572,1.076190,-0.060626,0.042396,0.004232,-0.012437,3.010191
41305013352,-1.113821,1.333530,0.133699,-0.018186,0.031473,0.010750,2.746992
41405025491,-0.238591,1.294400,0.098546,0.061613,-0.024067,-0.028912,2.675831
41505037630,0.559479,1.209306,0.175774,-0.055179,0.005072,0.041488,2.395867
41605049769,0.641991,1.456235,0.038924,0.026621,-0.025245,-0.044244,2.162829
41705061908,-0.018476,1.269453,-0.315246,-0.059510,0.059199,0.060115,2.094123
41805074047,-1.228716,0.620669,-0.065627,-0.038815,0.008494,0.023564,1.954782
41905086185,-0.102318,1.392611,0.093848,-0.052559,0.043554,0.036976,1.791664
42005098324,-0.824603,0.785559,-0.060444,-0.063985,0.022211,0.054072,1.631154
42105110463,0.672920,0.907583,0.108706,-0.033073,-0.016191,0.034054,1.531890
42205122602,-0.015781,0.708975,-0.017823,-0.049458,0.007496,0.049487,1.392311
42305134741,0.440782,0.500955,0.022360,-0.002209,-0.012265,0.018909,1.210252
42405146880,-0.316059,0.257650,0.020511,-0.055166,0.026647,0.044110,1.133734
42505159019,0.183825,0.674698,-0.195972,0.021321,-0.018233,0.007222,0.957000
42605171158,-0.467417,0.438877,-0.008454,-0.031360,0.009616,0.033214,0.863526
42705183296,-0.034469,0.187132,0.026312,0.041543,-0.010017,-0.002556,0.809776
42805195435,-0.328003,0.369298,0.097592,-0.013573,0.015482,0.008680,0.692287
42905207574,-0.160609,0.319233,-0.103185,0.039270,-0.020438,-0.001065,0.655606
43005219713,0.108586,0.676138,-0.027672,0.014688,-0.005411,-0.006537,0.519478
43105231852,-0.095246,0.369297,0.104201,0.024790,0.000610,-0.017456,0.504347
43205243991,-0.093911,0.325068,-0.105590,0.016664,-0.014554,-0.006240,0.399424
43305256130,-0.270432,0.116703,-0.036369,0.020771,-0.013544,-0.014830,0.347801
43405268268,0.153529,-0.391068,-0.088066,0.014356,-0.015962,-0.025331,0.234631
43505280407,0.176671,-0.547742,0.009109,0.009373,-0.011579,-0.009330,0.169139
43605292546,0.336127,-0.917140,0.024292,-0.019606,-0.015462,-0.002664,0.093861
43705304685,0.152633,-0.601002,-0.089033,0.006824,-0.002726,-0.002233,0.006806
43805316824,0.434720,-0.497659,-0.007876,0.018272,0.007675,-0.006516,0.059849
43905328963,0.380174,-0.514576,-0.082173,-0.014200,0.004813,-0.008089,0.076678
44005341102,0.399429,-0.668762,-0.105920,0.003131,-0.002025,0.001678,0.070772
44105353241,0.277668,-0.413154,-0.005602,-0.016570,0.001225,0.013459,0.048825
44205365379,0.028265,-0.620669,-0.106979,-0.019100,0.004388,0.008829,0.028428
44305377518,0.233939,-0.498352,-0.110744,0.000500,0.006387,0.002494,0.034462
44405389657,0.271700,-0.719463,-0.001743,-0.013537,0.012840,0.005496,0.024731
44505401796,0.295350,-0.361314,-0.022677,-0.014624,0.004005,-0.001038,0.019565
44605413935,0.241258,-0.655447,-0.044305,-0.010853,0.006168,0.008594,0.012170
44705426074,0.249642,-0.529210,-0.113991,-0.011357,-0.010973,0.004775,0.016156
44805438213,0.084607,-0.488469,0.033236,-0.004445,0.018301,0.000681,0.016129
44905450352,0.294168,-0.549071,-0.058118,-0.004443,0.006488,-0.001638,0.002550
45005462490,0.090233,-0.758676,-0.018576,-0.031028,0.005633,0.010775,0.013056
45105474629,0.293260,-0.781271,0.034960,-0.007358,-0.008564,0.006708,0.013056
45205486768,0.332052,-0.531314,0.017586,0.002659,0.006484,0.002544,0.012553
45305498907,0.444635,-0.517099,-0.061316,-0.005250,0.011700,-0.010919,0.004164
45405511046,0.253659,-0.678591,-0.022629,-0.029507,0.007483,0.009975,0.008950
45505523185,0.499526,-0.672703,-0.035770,-0.000481,-0.002038,-0.007483,0.010000
45605535324,0.062694,-0.629667,-0.102089,-0.011336,-0.003039,0.021856,0.009723
45705547462,0.222412,-0.682633,-0.013157,0.004516,0.003905,-0.006673,0.005616
45805559601,0.244175,-0.706897,0.036798,-0.013648,0.017657,0.012078,0.016219
45905571740,0.343107,-0.458602,-0.033760,-0.013495,0.004518,-0.013506,0.018272
46005583879,0.361294,-0.765700,-0.060434,-0.015277,0.002168,0.011466,0.021060
46105596018,0.211202,-0.600577,0.012695,0.016146,-0.002437,0.004214,0.005940
46205608157,0.146127,-0.718813,-0.051844,-0.001437,-0.001766,0.008291,0.003274
46305620296,0.307839,-0.813893,-0.053725,0.000310,0.010845,0.001001,0.007225
46405632435,0.092198,-0.674200,-0.046876,-0.028389,0.009465,-0.005295,0.011772
46505644573,0.176579,-0.522686,-0.041693,0.001425,-0.006454,0.001652,0.008607
46605656712,0.487495,-0.753989,-0.076333,0.005111,-0.005344,0.004171,0.004062
46705668851,0.330872,-0.466117,-0.070732,0.021696,0.000892,0.003450,0.006834
46805680990,0.234654,-0.776737,-0.051396,-0.013735,0.010298,0.000070,0.005284
46905693129,0.318008,-0.759596,0.005075,-0.009408,0.005068,0.002268,0.009937
47005705268,0.288011,-0.751913,0.153190,-0.017739,-0.000219,-0.007761,0.009063
47105717407,0.246446,-0.545112,-0.074963,0.013433,-0.011910,-0.000568,0.012341
47205729546,0.466921,-0.810195,-0.043371,0.000563,0.002043,-0.001557,0.018491
47305741684,0.400380,-0.363633,0.023675,0.016923,-0.002863,0.001102,0.012295
47405753823,0.263624,-0.698146,-0.097512,-0.001166,0.004693,0.004946,0.017416
47505765962,0.108512,-0.826978,-0.073895,0.002828,0.015217,-0.008598,0.006832
47605778101,0.125014,-0.866643,0.038825,-0.023384,0.003475,0.005079,0.005353
47705790240,0.236727,-0.492502,-0.105560,-0.014077,-0.003830,-0.003379,0.011690
47805802379,0.210206,-0.561918,-0.129819,-0.015234,0.009406,-0.005084,0.021337
47905814518,0.334166,-0.738995,-0.022179,-0.000259,-0.002304,-0.006655,0.024305
48005826656,0.371081,-0.557038,-0.044476,-0.006161,-0.015228,0.006141,0.013395
48105838795,0.408567,-0.735646,-0.009450,0.022590,-0.012025,0.002356,0.018483
48205850934,0.324755,-0.542415,-0.020951,0.015585,-0.004667,0.006467,0.012058
48305863073,0.330328,-0.556248,-0.080586,0.007673,-0.001343,-0.002965,0.014312
48405875212,0.136460,-0.569559,-0.136138,-0.007239,0.009186,0.003612,0.021633
48505887351,0.273666,-0.447484,-0.042119,-0.011735,-0.001228,-0.005264,0.028757
48605899490,0.347529,-0.701536,0.000249,-0.022749,0.008353,0.000074,0.009069
48705911629,0.480716,-0.590308,-0.120677,0.000450,-0.004110,-0.009231,0.011895
48805923767,0.303299,-0.521859,-0.027236,0.009779,-0.006943,0.001272,0.011111
48905935906,0.115336,-0.720316,-0.008185,0.015541,-0.011171,0.001538,0.010748
49005948045,0.247657,-0.673255,-0.066647,0.011784,-0.000050,0.008905,0.005116
49105960184,0.089529,-0.523973,-0.010714,-0.010672,0.005889,-0.006495,0.007491
49205972323,0.121985,-0.345681,-0.032643,-0.003200,0.012496,0.001286,0.015978
49305984462,0.076370,-0.626671,-0.118152,-0.016924,-0.001960,-0.002838,0.013656
49405996601,0.229304,-0.304011,0.005888,0.005004,-0.002596,-0.000866,0.010117
49506008739,0.390053,-0.514662,-0.074410,0.004582,-0.002657,0.014207,0.012545
49606020878,0.272472,-0.642794,-0.093728,0.007707,0.001170,0.014118,0.021894
49706033017,0.251128,-0.559041,-0.049805,-0.001410,0.000794,0.010433,0.020508
49806045156,0.105200,-0.463231,-0.061279,-0.018453,0.022727,-0.006113,0.010624
49906057295,0.189158,-0.519091,-0.069143,-0.027389,0.014359,-0.000300,0.003544
50006069434,0.301644,-0.670828,-0.006186,-0.018902,0.014550,-0.002879,0.011111
50106081573,0.268012,-0.237927,-0.031021,-0.023117,0.010833,0.004257,0.011229
50206093712,0.189496,-0.340220,-0.044202,-0.010243,0.007811,-0.006410,0.012751
50306105850,0.091399,-0.497751,-0.103375,0.008541,-0.009894,-0.001286,0.008785
50406117989,0.211065,-0.562172,-0.030257,0.028931,-0.007461,-0.000758,0.019694
50506130128,0.115525,-0.536079,-0.160271,0.012908,0.007247,0.003736,0.014506
50606142267,0.175414,-0.168454,-0.205349,0.029020,-0.020532,0.004357,0.007815
50706154406,0.223077,-0.510198,-0.097049,-0.000086,0.023369,0.004821,0.019932
50806166545,0.449204,-0.408158,-0.018129,-0.002211,0.008241,-0.014364,0.002630
50906178684,0.116063,-0.304580,-0.068558,-0.032823,0.022534,0.007634,0.013416
51006190823,0.232226,-0.606403,-0.107285,-0.012902,-0.005289,-0.011825,0.018769
51106202961,0.154107,-0.540615,-0.050639,-0.020118,0.004385,0.007438,0.017065
51206215100,0.312830,-0.470642,0.077991,0.001959,-0.014903,0.007115,0.018216
51306227239,0.278444,-0.282350,-0.114587,0.004800,0.009657,0.015406,0.008246
51406239378,0.293013,-0.323562,-0.063881,0.015234,0.006493,0.001419,0.012220
51506251517,0.311748,-0.418503,-0.114775,-0.015215,0.024667,0.011182,0.028715
51606263656,0.031404,-0.422879,-0.016266,-0.010394,0.003816,0.002156,0.024858
51706275795,0.032553,-0.535226,-0.036523,-0.042313,0.018851,0.004050,0.006669
51806287933,0.121818,-0.518594,-0.035798,-0.025840,0.012441,0.001645,0.015122
51906300072,0.232204,-0.139815,-0.047313,-0.036333,0.021037,0.005495,0.016577
52006312211,0.326043,-0.551228,-0.045873,-0.010668,-0.012578,0.008867,0.010725
52106324350,0.054690,-0.247869,-0.076783,-0.014070,0.001092,0.015464,0.005439
52206336489,-0.022323,-0.231203,0.073303,0.010756,0.002619,0.010494,0.011892
52306348628,0.085153,-0.237162,0.048040,-0.012670,0.004321,0.010578,0.010529
52406360767,0.083884,-0.387789,-0.040381,-0.008733,0.012243,0.013168,0.002333
52506372906,0.361638,-0.324053,0.003142,-0.037503,0.011870,0.011947,0.008427
52606385044,0.285199,-0.186847,0.109205,-0.030433,0.029325,0.001826,0.013516
52706397183,0.296140,-0.469139,-0.028468,-0.027322,0.014475,0.015342,0.008944
52806409322,0.095675,-0.496167,-0.085253,-0.016480,0.006502,0.014801,0.021375
52906421461,0.204464,-0.282632,0.000389,0.004589,-0.004787,0.018885,0.013109
53006433600,0.002434,-0.250546,0.033043,0.005032,0.006802,0.014075,0.014282
53106445739,0.218796,-0.396012,-0.134896,-0.004133,0.014215,0.010497,0.020645
53206457878,0.008105,-0.329793,0.025702,-0.019535,0.014196,0.006119,0.028906
53306470016,0.165132,-0.212540,-0.106538,-0.025436,0.015650,0.005999,0.013307
53406482155,0.128230,-0.591276,-0.069664,-0.024665,-0.000587,0.000789,0.016890
53506494294,0.093644,-0.321560,-0.026262,-0.003622,-0.001947,0.008465,0.016039
53606506433,0.103190,-0.004788,0.016224,0.006328,0.005528,0.000053,0.015127
53706518572,0.255359,-0.290761,-0.102410,0.009445,0.001607,0.008003,0.016691
53806530711,0.066665,-0.225329,-0.063151,-0.006128,0.003079,0.006305,0.013763
53906542850,0.195583,-0.195524,-0.036224,-0.012374,0.007803,-0.001009,0.024289
54006554989,-0.018048,-0.293653,0.127947,-0.032755,0.019162,-0.005216,0.029472
54106567127,0.048471,-0.241523,-0.086226,-0.003795,0.012118,-0.009203,0.021561
54206579266,0.003273,-0.157142,0.004032,-0.012226,-0.009300,0.004283,0.015965
54306591405,0.262474,-0.232622,-0.071780,0.016997,-0.012705,0.005695,0.013047
54406603544,0.214676,-0.462053,-0.104368,0.011063,-0.015025,0.009565,0.001295
54506615683,0.130987,-0.064011,-0.053560,0.021121,0.006742,-0.001434,0.004367
54606627822,0.120698,-0.300961,-0.141918,0.003090,-0.005044,0.002672,0.010964
54706639961,0.144364,-0.375832,0.115343,-0.004447,0.005225,-0.002019,0.008557
54806652100,0.129796,-0.000279,-0.106812,-0.006617,0.017415,-0.011082,0.004425
54906664238,0.013608,-0.359748,-0.027817,-0.014360,0.014619,-0.013444,0.011741
55006676377,0.175646,-0.285228,-0.045463,-0.010806,-0.007273,0.005338,0.008759
55106688516,0.151135,-0.387847,-0.067381,0.002622,-0.006632,0.005459,0.006944
55206700655,0.144353,-0.156502,-0.055845,0.019018,-0.009363,0.000821,0.006889
55306712794,0.122734,-0.256981,-0.037850,0.009560,-0.008377,0.002527,0.007043
55406724933,0.013275,-0.126048,-0.061321,0.004492,0.004761,0.001925,0.019869
55506737072,0.147386,-0.614606,0.042753,-0.016691,0.000299,-0.010192,0.018729
55606749210,0.107506,-0.135151,-0.016528,-0.011331,0.002104,0.008321,0.027512
55706761349,0.141075,-0.317975,-0.092304,-0.009427,-0.005699,-0.004423,0.019455
55806773488,0.119981,-0.272703,0.027333,0.017820,-0.001477,0.005739,0.012076
55906785627,-0.008062,-0.162625,-0.024633,0.004596,0.003650,-0.001261,0.013964
56006797766,0.060864,-0.293275,-0.149975,0.008921,0.004790,0.005474,0.015208
56106809905,0.005563,-0.310719,-0.190105,-0.024374,0.005437,-0.004144,0.017772
56206822044,0.099142,0.087306,-0.078258,0.002391,0.010929,-0.002636,0.013548
56306834183,-0.128148,-0.478896,-0.040425,-0.000793,-0.001652,-0.005198,0.008965
56406846321,0.109691,-0.298494,-0.049030,0.025953,-0.015575,0.011536,0.010000
56506858460,-0.129014,-0.157258,-0.099645,-0.002505,-0.006795,0.013506,0.010419
56606870599,0.116901,-0.208739,-0.017906,0.013475,0.011990,0.004068,0.015558
56706882738,0.152083,-0.267637,-0.059397,-0.024088,0.020866,0.002396,0.008667
56806894877,0.277196,-0.354285,-0.070205,-0.013281,0.017345,0.001458,0.016734
56906907016,0.077339,-0.227785,-0.010100,-0.036444,0.008075,0.006530,0.013831
57006919155,-0.000581,-0.292443,-0.015027,-0.007172,0.009272,0.003651,0.013190
57106931294,0.102924,-0.176680,-0.006537,-0.006167,-0.002556,0.007307,0.014519
57206943432,-0.046303,-0.097581,-0.035864,0.002987,0.000444,0.015803,0.008056
57306955571,0.115042,-0.374142,-0.090931,-0.000492,0.009651,0.002505,0.008461
57406967710,0.131388,-0.235372,0.021765,-0.011165,0.018176,0.005512,0.014102
57506979849,-0.059228,-0.218215,-0.150353,-0.018499,-0.006693,0.003118,0.016324
57606991988,0.050651,-0.102713,-0.052414,-0.008410,0.001883,0.005441,0.009454
57707004127,0.111702,-0.116101,-0.043669,0.005677,-0.006539,0.014453,0.027919
57807016266,0.215489,-0.187201,-0.144905,0.005855,0.011190,0.002730,0.025254
57907028404,0.072755,-0.062026,-0.014913,-0.028960,0.015990,-0.002763,0.013752
58007040543,-0.013549,-0.197501,-0.037205,-0.022661,0.012641,0.006526,0.011534
58107052682,0.214890,-0.410552,-0.146708,-0.008881,-0.005915,-0.000996,0.006875
58207064821,0.148648,-0.242684,-0.085440,0.004300,-0.006490,0.015287,0.016591
58307076960,0.176955,-0.384516,-0.040903,0.006499,-0.004410,0.004896,0.012023
58407089099,-0.111570,0.027367,-0.033283,0.001057,0.007340,0.020505,0.012347
58507101238,0.132571,-0.046794,-0.055397,0.010877,-0.004509,-0.000094,0.003628
58607113377,-0.056247,-0.214954,-0.071173,-0.014402,0.013163,0.003637,0.011664
58707125515,-0.014806,-0.050847,-0.046191,-0.014838,0.007477,-0.000599,0.018038
58807137654,0.155386,-0.098101,-0.148276,-0.020684,0.015001,-0.009549,0.007083
58907149793,0.146845,-0.167351,-0.120779,-0.000125,-0.015862,0.004909,0.008611
59007161932,0.010084,0.246510,-0.091716,0.000347,-0.003344,-0.003878,0.005139
59107174071,-0.181969,-0.232721,-0.076147,0.033177,-0.011604,-0.002540,0.007602
59207186210,0.078978,-0.133052,-0.112706,0.028646,-0.001052,-0.003507,0.015392
59307198349,-0.052391,-0.173603,0.024902,0.013378,0.001284,-0.009191,0.006031
59407210487,0.182449,-0.223934,-0.099029,-0.004984,0.009592,-0.008895,0.005220
59507222626,0.083806,-0.246574,-0.049374,-0.011382,-0.001503,-0.006592,0.008999
59607234765,0.362643,-0.404300,-0.090285,0.007999,0.000896,-0.005849,0.020950
59707246904,-0.008645,-0.177987,-0.079363,0.011927,-0.010085,0.002295,0.018828
59807259043,0.066389,-0.198722,-0.024914,0.013148,-0.012530,0.000922,0.017108
59907271182,0.076422,-0.246022,-0.034730,0.018331,0.001271,0.011639,0.005444
60007283321,0.128512,-0.051918,-0.073142,0.008149,0.009453,-0.018559,0.011253
60107295460,-0.014515,-0.171412,0.000068,-0.010191,0.015137,-0.002031,0.013785
60207307598,0.110704,-0.280544,-0.072971,-0.002432,-0.001199,-0.007028,0.022751
60307319737,-0.067231,0.083085,0.124421,0.003809,-0.002929,0.001690,0.018828
60407331876,0.098164,-0.353467,0.076793,0.004025,-0.015047,-0.009597,0.018117
60507344015,-0.077269,-0.134908,-0.091557,0.009022,0.002567,0.008666,0.018460
60607356154,0.052111,-0.049370,-0.025927,0.022684,-0.009534,-0.000217,0.013199
60707368293,-0.077809,-0.017316,0.019524,0.001606,0.015443,0.003804,0.014406
60807380432,0.158696,-0.158953,-0.107930,0.007436,0.000739,-0.005488,0.007457
60907392571,0.132580,-0.383159,-0.043767,-0.027305,0.015579,0.000377,0.013745
61007404709,0.270993,-0.068024,-0.250139,0.005134,0.010348,-0.008196,0.011430
61107416848,-0.002390,-0.033023,-0.028938,-0.034900,0.017307,-0.002252,0.005144
61207428987,-0.069959,-0.390106,-0.031703,-0.008242,-0.008058,0.014842,0.007398
61307441126,0.011572,-0.341839,-0.110080,-0.009700,-0.004089,0.016108,0.012539
61407453265,0.034606,0.050993,-0.022278,0.012469,0.002059,-0.000805,0.006111
61507465404,0.125876,-0.136742,-0.056386,0.001620,0.001618,0.004585,0.006484
61607477543,-0.020051,-0.181446,-0.162678,0.007074,0.003306,0.009695,0.011173
61707489681,0.081189,0.008823,-0.199798,-0.007886,-0.001166,-0.001508,0.012402
61807501820,-0.084314,0.029975,-0.118088,-0.024640,0.030210,-0.001435,0.017826
61907513959,0.030449,-0.265717,-0.179010,-0.033855,0.006008,0.000652,0.014770
62007526098,0.051588,-0.130420,-0.013437,-0.018886,0.010320,0.002022,0.011652
62107538237,0.007515,0.152152,0.059415,-0.021300,-0.012005,0.011495,0.008118
62207550376,0.104463,-0.075753,-0.073231,0.005700,0.018374,0.016422,0.008365
62307562515,0.051107,-0.154718,0.033882,0.005457,0.000117,-0.010113,0.002701
62407574654,-0.321228,0.025645,0.094582,-0.012934,0.026061,0.020114,0.012639
62507586792,-0.074051,-0.128296,-0.039958,-0.011085,0.007734,0.003412,0.020268
62607598931,-0.118006,-0.103303,-0.017294,-0.025050,0.020243,0.006084,0.010296
62707611070,0.143880,0.027833,-0.062664,-0.026022,0.013105,0.007134,0.013360
62807623209,-0.161227,0.043525,0.047758,-0.030749,0.013782,0.007222,0.006796
62907635348,0.010326,-0.142277,-0.053267,-0.000539,0.003198,0.003310,0.005530
63007647487,0.122082,-0.284413,-0.112025,0.003928,-0.010248,-0.002342,0.012029
63107659626,0.028595,-0.031332,-0.058937,0.013789,-0.005184,0.005807,0.012907
63207671764,-0.041517,-0.338645,-0.004765,0.001997,0.014330,0.006160,0.011324
63307683903,-0.102479,-0.193969,-0.073790,0.006405,0.006654,-0.017925,0.013120
63407696042,-0.039346,-0.249765,0.076412,-0.018504,0.007362,0.001014,0.004744
63507708181,0.031918,-0.186004,-0.074628,0.002500,0.004464,-0.012938,0.013994
63607720320,0.265643,-0.129090,-0.119387,0.003275,-0.002652,-0.009511,0.002095
63707732459,0.053349,-0.100380,0.025299,0.021737,-0.003925,-0.006108,0.004598
63807744598,0.027308,0.156831,-0.208381,0.017983,-0.014920,-0.006486,0.012432
63907756737,-0.026728,-0.484294,-0.057812,0.030488,-0.006923,-0.009512,0.005237
64007768875,0.080305,-0.165002,-0.041423,0.015779,-0.005219,-0.005871,0.007904
64107781014,-0.138312,-0.133118,-0.062873,-0.001428,0.017105,-0.016801,0.006414
64207793153,0.150687,-0.137228,-0.104460,-0.007686,-0.010577,-0.008921,0.011862
64307805292,-0.070473,0.127554,0.038218,-0.017508,0.002022,-0.000778,0.034062
64407817431,0.042228,0.034129,-0.034879,-0.008363,-0.003623,-0.012742,0.033983
64507829570,-0.192141,0.124208,-0.099984,0.002820,-0.005813,-0.003683,0.009607
64607841709,0.090152,-0.094098,-0.047099,0.018742,-0.009534,-0.001531,0.017576
64707853848,0.034052,-0.021649,-0.166529,0.017318,-0.023712,0.006683,0.012272
64807865986,0.096984,-0.015574,-0.060912,0.023375,-0.002819,-0.003191,0.015543
64907878125,-0.050300,-0.245314,-0.024213,0.020425,-0.008668,-0.006300,0.008670
65007890264,0.083143,-0.198377,-0.120866,0.000744,0.022849,-0.003383,0.006265
65107902403,0.014795,0.078408,-0.053133,-0.008010,0.006334,-0.009378,0.009307
65207914542,0.066601,-0.080688,-0.126196,-0.008279,0.010758,-0.000085,0.022306
65307926681,0.095177,-0.166105,-0.116342,-0.022905,-0.001197,-0.002877,0.005254
65407938820,-0.003671,0.003995,0.037183,-0.017631,0.013927,0.004256,0.021332
65507950958,0.035395,0.050224,-0.128087,0.002912,-0.003374,0.015127,0.022232
65607963097,0.055136,-0.094592,-0.097408,0.013928,0.000779,0.000834,0.003520
65707975236,0.026298,-0.015787,-0.019157,-0.008304,0.014252,0.014727,0.010085
65807987375,-0.147764,-0.184664,-0.135675,-0.031971,0.010124,0.008843,0.022780
65907999514,-0.077323,-0.175791,-0.171382,-0.025065,0.004890,0.017365,0.010244
66008011653,-0.089123,0.236801,-0.082218,-0.010314,0.005337,0.007052,0.015303
66108023792,0.073900,-0.083012,-0.052963,-0.016263,0.006903,0.008247,0.039328
66208035931,-0.041937,0.101571,-0.069714,-0.008425,0.009680,0.003220,0.018264
66308048069,0.121565,-0.015916,-0.102995,-0.000192,0.011403,-0.006117,0.011111
66408060208,-0.050811,-0.213315,-0.040388,-0.024901,0.009086,0.015142,0.010865
66508072347,-0.159651,-0.082434,-0.081065,-0.012079,0.011516,0.010481,0.009266
66608084486,0.139890,-0.064644,-0.059597,0.008402,0.004901,-0.006998,0.022898
66708096625,0.135695,0.065612,0.007363,-0.029890,0.007028,0.015493,0.020526
66808108764,0.083633,-0.018985,-0.041434,-0.024025,0.007303,0.000556,0.014137
66908120903,0.108700,0.036277,-0.124984,-0.013312,0.006573,0.008963,0.017283
67008133042,-0.097337,-0.044155,-0.065822,-0.019421,0.002382,0.007220,0.020863
67108145180,0.153681,-0.167138,-0.120101,-0.018179,-0.004477,0.004166,0.017309
67208157319,-0.111372,0.102384,0.017351,-0.007876,0.011938,0.011085,0.009070
67308169458,0.088134,-0.175410,-0.165091,-0.011028,0.022271,-0.010452,0.011678
67408181597,-0.052778,0.109593,-0.162999,-0.016410,0.012100,0.007989,0.017556
67508193736,0.096325,0.019372,-0.026239,0.005000,-0.011676,-0.003666,0.011284
67608205875,0.004001,-0.097533,-0.024036,-0.002608,0.011153,0.016039,0.003821
67708218014,0.067673,0.008995,-0.104961,-0.006975,0.003405,-0.004635,0.003626
67808230152,0.001990,-0.100170,0.045037,-0.020171,0.019565,0.008948,0.009680
67908242291,0.099001,-0.054234,-0.090260,0.012931,-0.004011,0.003229,0.006432
68008254430,-0.262149,-0.016170,-0.054386,0.005590,-0.009741,0.007158,0.011078
68108266569,0.067966,-0.036185,0.017518,0.006021,-0.000548,-0.002163,0.022229
68208278708,0.184218,-0.017524,-0.102006,-0.006417,0.000207,-0.002881,0.012297
68308290847,0.072044,-0.092935,-0.106549,0.004624,-0.007172,-0.003502,0.004142
68408302986,0.023945,0.136306,-0.068583,0.014632,-0.014350,0.001083,0.006529
68508315125,-0.048646,-0.008426,-0.037763,0.009649,-0.014533,0.003041,0.003769
68608327263,0.120209,-0.156530,-0.080918,0.007519,0.002968,0.001719,0.022732
68708339402,-0.054822,0.093854,-0.114180,-0.014201,0.006648,-0.004253,0.010000
68808351541,-0.034625,0.217461,-0.035353,-0.009688,0.019141,0.001875,0.010418
68908363680,0.029619,-0.328591,-0.065980,-0.026945,0.016967,-0.003862,0.015093
69008375819,0.524036,-2.213257,0.344311,-0.158560,0.141323,-0.033671,0.016437
69108387958,0.821937,0.040017,-0.380617,-0.036892,0.067995,0.034388,0.019324
69208400097,0.924249,0.124880,-0.327201,-0.051627,-0.046006,0.068123,0.011618
69308412235,-0.133884,-0.250642,-0.106972,-0.075615,0.001973,0.050838,0.008803
69408424374,-0.309304,0.011654,0.049772,0.015161,0.022631,-0.006372,0.017108
69508436513,-0.463468,-0.087176,0.044770,-0.084434,0.053535,0.030966,0.018725
69608448652,-0.533430,-0.347667,0.032601,-0.124354,0.066794,0.041758,0.017461
69708460791,0.311653,0.228967,-0.035199,-0.071393,0.025042,0.022292,0.022209
69808472930,0.002588,0.044870,0.020618,0.001526,-0.003091,-0.004747,0.012703
69908485069,-0.112129,-0.209135,-0.107132,0.009993,-0.028534,0.001315,0.009148
70008497208,0.247070,-0.087050,0.010299,0.040234,-0.009387,-0.013478,0.012959
70108509346,-0.512135,-0.268485,-0.026971,-0.059659,0.010950,0.036799,0.022542
70208521485,0.160826,-0.053980,0.002606,0.014300,0.017075,-0.022186,0.007890
70308533624,0.093633,-0.141161,-0.091745,-0.020848,0.018210,-0.003113,0.006348
70408545763,-0.139203,-0.065472,0.050232,-0.042469,0.020668,0.004741,0.008557
70508557902,0.158524,-0.059347,-0.203661,-0.026796,0.010350,-0.002703,0.005594
70608570041,0.418447,0.156951,0.313284,-0.049644,-0.026520,-0.005091,0.012468
70708582180,0.407652,0.082136,0.142351,0.022320,-0.050841,0.016347,0.017531
70808594319,-0.130287,-0.046233,-0.145274,-0.011163,-0.045657,0.023700,0.012374
70908606457,-0.176525,-0.266178,-0.079089,0.029106,-0.008765,-0.017282,0.016084
71008618596,-0.034654,-0.320949,-0.143111,0.011508,0.035838,-0.025438,0.007375
71108630735,-0.033158,0.085764,0.060852,0.015357,0.015593,-0.038628,0.011345
71208642874,0.141372,-0.210934,-0.319662,-0.014079,-0.035092,0.016078,0.004664
71308655013,0.048590,-0.263254,-0.226368,0.001444,-0.022023,0.001141,0.002217
71408667152,0.214662,0.041886,0.031100,0.023296,0.005120,-0.022761,0.013889
71508679291,-0.143250,-0.194608,-0.343515,0.038246,0.014030,-0.023371,0.013286
71608691429,0.161169,-0.337715,-0.086481,0.020937,-0.031143,-0.029698,0.007476
71708703568,0.146841,-0.128430,-0.146447,0.001211,0.006288,0.010308,0.012185
71808715707,-0.170595,0.051610,-0.007460,0.008325,0.011366,-0.000866,0.004000
71908727846,-0.057870,-0.166053,-0.035117,-0.017683,0.008868,-0.008226,0.013889
72008739985,0.170515,-0.098117,-0.172276,-0.008074,-0.001165,-0.003368,0.013015
72108752124,-0.042096,0.106198,-0.018789,-0.008894,-0.005454,-0.006881,0.003986
72208764263,0.216114,-0.208435,-0.127062,0.021540,-0.015235,0.000401,0.005341
72308776402,-0.135375,-0.038375,-0.047365,0.009010,-0.018122,-0.000902,0.009425
72408788540,-0.044122,0.117899,-0.020971,0.023706,-0.010890,0.013120,0.016660
72508800679,0.040548,-0.085375,-0.036369,-0.001418,-0.001314,0.000253,0.032495
72608812818,-0.010092,-0.038609,-0.032050,-0.009023,0.007373,-0.001120,0.018129
72708824957,-0.037412,0.053197,-0.065032,-0.011336,0.001433,-0.001820,0.018448
72808837096,-0.000544,0.003157,-0.007174,0.003943,-0.007526,-0.005291,0.014527
72908849235,-0.025147,-0.242144,-0.002876,0.004784,0.002971,0.011243,0.019956
73008861374,-0.021232,0.073530,-0.060930,0.010067,0.006307,0.010708,0.008499
73108873512,-0.042731,-0.000950,0.002547,0.005233,0.006399,-0.007302,0.012686
73208885651,0.009698,0.145816,-0.067667,0.007861,0.009724,-0.005245,0.009975
73308897790,-0.041672,-0.004360,0.004563,-0.010443,0.002168,-0.001886,0.020295
73408909929,-0.120940,0.250324,0.083920,-0.021308,0.009498,0.007546,0.013999
73508922068,-0.140583,-0.001545,0.025348,-0.007077,-0.005503,-0.000758,0.036066
73608934207,-0.101313,0.118802,0.063179,-0.001908,0.010738,0.010526,0.043023
73708946346,0.016603,0.205058,-0.027361,0.011754,0.000892,-0.001273,0.004124
73808958485,0.006297,-0.057283,-0.004938,0.012898,0.008977,0.011419,0.014652
73908970623,0.044248,-0.054045,0.073789,-0.017776,-0.003401,-0.001080,0.010912
74008982762,0.073415,0.040092,0.089125,-0.012571,0.028850,0.003778,0.009163
74108994901,-0.077723,0.069254,-0.052791,-0.025638,0.016652,-0.000700,0.011320
74209007040,0.034600,-0.121906,-0.045634,-0.014067,0.005219,-0.000999,0.005726
74309019179,-0.048801,-0.264216,0.044468,-0.000880,-0.003711,0.012276,0.013331
74409031318,0.063585,0.077398,0.023823,0.013436,-0.004311,-0.004745,0.016462
74509043457,0.063965,-0.001459,-0.139343,0.002108,0.009763,0.008571,0.019372
74609055596,0.043352,0.012339,-0.074331,0.005064,-0.001511,0.005149,0.012955
74709067734,0.006841,0.129361,-0.019818,-0.015024,0.019898,0.003538,0.011315
74809079873,-0.024864,-0.097331,-0.073552,-0.015557,0.010627,0.001240,0.006085
74909092012,0.012182,-0.006251,-0.077702,-0.024681,0.014656,0.001569,0.017222
75009104151,0.129978,-0.212733,-0.109617,-0.010569,-0.009368,0.001451,0.019444
75109116290,-0.040127,0.070350,-0.026655,0.001373,-0.005156,0.004419,0.014725
75209128429,-0.035616,-0.001991,-0.020808,0.009591,-0.012714,0.017035,0.023056
75309140568,0.120238,-0.259933,-0.125344,0.012731,0.007980,0.000990,0.022954
75409152706,0.035891,0.112902,-0.000866,0.010168,0.007473,-0.001045,0.021411
75509164845,-0.072242,0.012846,-0.140128,-0.016289,0.023236,-0.001517,0.014991
75609176984,0.101677,-0.205008,-0.111416,-0.013136,0.008161,-0.010554,0.005928
75709189123,0.034445,-0.149906,-0.059628,-0.016848,-0.001087,-0.000479,0.024988
75809201262,0.078963,-0.139269,-0.052522,-0.004999,-0.009468,-0.002792,0.013633
75909213401,0.092983,-0.197814,-0.041384,0.010251,-0.003258,0.000933,0.013031
76009225540,0.080431,0.087180,-0.119498,0.019546,-0.019007,0.002765,0.030484
76109237679,0.002658,0.006881,0.001151,0.005591,-0.013551,0.008354,0.014905
76209249817,0.038189,0.093340,-0.142379,0.013703,0.001214,0.005032,0.004160
76309261956,-0.060444,0.069659,-0.011694,-0.010544,0.002027,-0.004554,0.014254
76409274095,-0.016668,0.089707,0.005796,-0.009197,0.022987,0.000535,0.007228
76509286234,-0.016500,0.093011,0.012259,-0.029332,0.008540,-0.004267,0.009716
76609298373,0.055284,0.173891,-0.057865,-0.005463,0.009875,-0.002896,0.006660
76709310512,-0.069751,0.025066,-0.034487,-0.010218,-0.010044,0.000231,0.004096
76809322651,-0.036932,-0.091143,-0.037353,0.010545,-0.002830,0.011886,0.007587
76909334789,-0.007972,0.156263,-0.084489,0.017713,-0.000123,-0.001282,0.020648
77009346928,0.131143,-0.121975,-0.057650,0.018558,0.004719,-0.005364,0.007952
77109359067,-0.070812,-0.032306,0.092856,0.000457,0.000185,-0.008134,0.007126
77209371206,0.030221,-0.230960,-0.039990,0.000859,-0.006652,-0.001227,0.009097
77309383345,-0.187351,0.108794,0.038439,-0.004855,0.005206,-0.005051,0.011580
77409395484,0.058973,0.071697,-0.009364,0.005539,-0.002804,-0.005229,0.016294
77509407623,-0.140743,0.021437,-0.054223,0.012630,-0.005185,-0.001454,0.017768
77609419762,-0.067357,-0.015790,0.051801,0.019737,-0.017925,0.004573,0.013875
77709431900,-0.087769,-0.175935,-0.071182,0.022105,-0.003366,0.009916,0.004654
77809444039,-0.065384,0.371745,-0.023975,0.007841,0.015642,-0.009451,0.018767
77909456178,-0.009970,0.077008,0.040813,-0.001297,0.014539,-0.004242,0.007706
78009468317,0.099325,-0.018709,-0.167220,-0.004422,-0.001191,-0.011463,0.015368
78109480456,-0.089948,-0.031431,-0.030388,-0.011772,0.001811,-0.003486,0.018810
78209492595,0.045889,0.225355,0.089614,-0.003246,-0.004813,-0.011481,0.018135
78309504734,0.107364,-0.079469,-0.175843,-0.006984,0.003218,0.002352,0.018625
78409516873,0.034226,-0.086114,-0.103009,-0.000904,-0.007578,0.004359,0.016666
78509529011,0.059199,0.229942,-0.116150,0.025411,0.005838,-0.009246,0.020806
78609541150,0.002182,-0.185993,-0.035203,0.017846,0.009364,0.005766,0.010371
78709553289,-0.031223,0.106770,-0.004213,-0.000145,0.000247,-0.012695,0.013411
78809565428,0.024597,-0.135492,-0.029785,-0.006420,0.007647,0.003474,0.009101
78909577567,0.016561,0.122790,0.018089,-0.001416,0.011678,-0.018287,0.011590
79009589706,-0.059363,-0.123711,-0.143243,-0.014890,-0.016543,0.016214,0.016005
79109601845,-0.135787,0.065506,0.045199,0.010886,-0.019242,-0.013953,0.014707
79209613983,0.012550,0.119351,-0.118294,0.027332,-0.000783,0.000943,0.012131
79309626122,-0.042003,-0.161384,-0.015961,0.024467,-0.009003,-0.009714,0.013327
79409638261,-0.002177,0.146969,-0.078993,0.010396,-0.000157,0.024703,0.008832
79509650400,0.030965,-0.075202,-0.068542,0.008494,-0.013474,-0.004066,0.015709
79609662539,0.022956,0.042489,-0.009407,0.005406,0.000936,-0.008937,0.013018
79709674678,-0.133102,0.003886,-0.040234,0.021238,-0.013581,0.002051,0.021309
79809686817,0.111822,-0.062922,-0.054417,0.029840,-0.016823,-0.012144,0.006345
79909698956,-0.128745,0.201493,-0.094274,0.016990,-0.012238,0.004650,0.018135
80009711094,0.068411,0.183114,0.011278,0.018296,-0.003150,0.006462,0.010814
80109723233,0.048358,-0.013537,-0.113939,-0.004796,-0.005460,-0.009966,0.009109
80209735372,0.119393,0.010082,-0.014467,-0.001790,0.007694,-0.011635,0.018808
80309747511,-0.136503,0.022946,-0.085177,0.008817,-0.000017,-0.007111,0.016891
80409759650,-0.029305,0.047769,-0.169120,0.006574,-0.010228,-0.011758,0.006599
80509771789,-0.057401,-0.049428,0.115749,0.015157,-0.013597,0.004656,0.010894
80609783928,-0.007095,-0.017730,-0.039561,0.014363,-0.016230,-0.008260,0.008209
80709796067,0.025703,0.056264,-0.138141,0.008657,-0.009268,0.003101,0.003523
80809808205,-0.010815,0.117727,0.021852,0.012156,0.020930,-0.007685,0.017156
80909820344,-0.029724,-0.158645,-0.022065,-0.006685,0.000944,-0.018441,0.008807
81009832483,0.033493,-0.033106,-0.024851,-0.023577,0.015215,0.006785,0.010104
81109844622,-0.007621,-0.107467,-0.056251,-0.022460,-0.000076,-0.000247,0.027713
81209856761,0.002827,0.082597,0.009590,-0.009015,0.010848,-0.002589,0.015466
81309868900,0.078495,0.043129,-0.061908,0.008542,-0.009487,-0.001337,0.004905
81409881039,-0.042856,0.270150,0.019958,-0.002776,0.001928,0.016156,0.029776
81509893177,-0.079660,0.057184,0.007689,0.010226,-0.005299,0.003989,0.010495
81609905316,-0.057438,-0.025206,-0.006623,-0.002412,0.023802,0.003107,0.015991
81709917455,-0.006691,0.130638,0.006171,0.004381,0.014196,-0.011655,0.023705
81809929594,0.125378,0.022448,-0.055095,-0.021314,0.003492,-0.005344,0.012441
81909941733,0.170542,-0.147097,-0.024360,0.001545,-0.015602,-0.000852,0.016061
82009953872,0.001998,0.150007,0.030468,0.004794,-0.010535,0.003017,0.008139
82109966011,-0.063119,-0.067227,-0.058201,0.017455,-0.003385,0.008081,0.009996
82209978150,-0.016597,-0.031466,-0.054656,0.010419,0.004476,-0.004391,0.018503
82309990288,0.041321,-0.038905,-0.056559,0.000781,0.018864,-0.003222,0.005000
82410002427,0.121614,-0.005104,-0.121099,-0.014187,0.001989,-0.006941,0.006695
82510014566,0.055852,-0.200570,-0.050052,-0.018467,0.010630,-0.002453,0.021444
82610026705,-0.048077,0.185018,-0.012859,-0.016851,0.021691,-0.009182,0.016749
82710038844,0.025441,0.011835,-0.142731,-0.014947,0.028295,-0.004453,0.014387
82810050983,0.115034,0.042932,-0.101466,-0.000601,-0.007913,0.000497,0.009894
82910063122,0.144743,-0.143023,-0.069218,0.013187,-0.016966,0.005697,0.018805
83010075260,0.016180,0.022773,-0.101384,0.017490,-0.014911,0.012144,0.016936
83110087399,0.080029,-0.089916,-0.144543,0.019544,0.000050,0.010704,0.007869
83210099538,0.084722,-0.247760,-0.164051,0.004934,0.004427,-0.003045,0.015887
83310111677,0.004741,0.016985,0.024911,0.002921,0.001174,0.001133,0.014198
83410123816,-0.004297,-0.004803,-0.072512,-0.007640,0.004377,-0.007211,0.016748
83510135955,0.130977,-0.054259,-0.149285,-0.017076,-0.000256,-0.005266,0.015619
83610148094,0.089858,-0.088562,-0.087568,-0.021613,0.009983,-0.002429,0.019363
83710160233,-0.133548,0.164548,0.044579,-0.015150,-0.004446,-0.006731,0.005131
83810172371,-0.013830,0.177283,-0.008196,-0.003525,-0.004591,0.000599,0.019050
83910184510,0.000914,-0.124548,-0.173036,0.006598,-0.004354,0.004501,0.043670
84010196649,0.042109,-0.026384,-0.158790,0.006384,-0.013519,0.008605,0.029905
84110208788,-0.136100,0.038337,-0.035809,0.004442,-0.016496,0.026382,0.011944
84210220927,-0.001129,0.121435,-0.050257,-0.007222,0.004063,0.005652,0.011632
84310233066,0.296695,-0.133035,-0.174175,-0.013343,0.026735,0.001986,0.010538
84410245205,0.012030,-0.054067,-0.016224,-0.026676,0.021523,-0.002120,0.024289
84510257344,0.128728,0.052028,-0.042380,-0.032694,0.020996,0.008913,0.017343
84610269482,-0.049736,-0.123961,-0.222744,-0.025242,0.003820,0.007987,0.011710
84710281621,-0.044244,-0.023408,0.057866,-0.010107,0.010143,0.012272,0.017373
84810293760,-0.070162,-0.010222,-0.026000,-0.007451,0.000562,0.002975,0.020482
84910305899,0.091647,0.006513,-0.173290,-0.002410,0.015238,0.001105,0.015115
85010318038,0.027483,-0.097867,-0.021068,-0.012961,0.004131,0.011971,0.016111
85110330177,-0.005609,0.072836,-0.013689,-0.012726,0.007121,-0.006243,0.015595
85210342316,0.043980,-0.034369,-0.180115,-0.010526,0.002590,0.004441,0.012749
85310354454,0.003872,-0.170412,0.009701,0.000754,-0.010384,0.011117,0.025708
85410366593,-0.236384,0.228597,0.051395,0.000995,-0.011843,0.018733,0.014597
85510378732,0.018968,0.141561,-0.214030,0.012141,0.025205,-0.002240,0.010794
85610390871,0.019680,0.017587,-0.203791,0.003689,-0.004123,-0.002660,0.008460
85710403010,-0.037949,-0.105818,0.005223,-0.021319,0.011090,0.008674,0.011858
85810415149,0.136576,-0.018575,-0.133076,-0.016021,0.002364,-0.002834,0.012355
85910427288,0.042527,0.100149,-0.056040,-0.027927,0.015321,-0.002704,0.022013
86010439427,0.204852,-0.051440,-0.044703,0.008420,0.020863,0.025087,0.012853
86110451565,-0.183009,-0.616841,-0.279053,0.013274,-0.019498,0.022380,0.011111
86210463704,0.098411,0.297298,0.491866,0.037870,0.096777,-0.033969,0.010268
86310475843,0.418957,0.534009,0.440093,0.022834,0.058974,-0.059032,0.003783
86410487982,-0.151956,-0.393715,-0.424885,-0.021261,-0.033296,0.066196,0.010117
86510500121,-0.135195,0.127642,0.285643,-0.020286,-0.036712,-0.011473,0.011111
86610512260,-0.121000,0.150811,0.116624,-0.017849,0.045473,0.004290,0.011841
86710524399,-0.148201,0.083563,-0.068487,0.001007,0.011330,-0.025716,0.016886
86810536537,0.090020,0.110987,-0.017178,-0.016228,0.005343,0.001051,0.006622
86910548676,0.132751,-0.120452,0.082786,0.011134,-0.044323,-0.006211,0.004123
87010560815,-0.032889,0.373559,-0.008974,0.009826,-0.012752,0.014649,0.005876
87110572954,-0.142024,0.043118,-0.090453,0.019716,0.000438,0.009832,0.004329
87210585093,-0.030542,0.028457,-0.087207,0.026819,0.010434,-0.013765,0.007526
87310597232,-0.090514,0.177929,0.017352,0.004625,0.009157,-0.002532,0.003998
87410609371,0.010963,-0.017848,-0.091116,-0.011865,0.008580,-0.002057,0.011856
87510621510,-0.033483,0.069874,-0.037646,-0.019923,0.010059,0.003839,0.011406
87610633648,0.003064,0.132996,-0.063373,-0.005047,-0.006755,0.000970,0.013269
87710645787,0.028538,-0.018545,-0.078427,0.007297,-0.005779,0.002326,0.008144
87810657926,0.045237,0.035457,-0.060005,0.021184,-0.000379,0.001935,0.010192
87910670065,-0.038539,0.065336,0.080002,-0.001871,0.006272,0.004223,0.020874
88010682204,-0.070550,0.073454,-0.113654,-0.005922,0.007855,0.005393,0.017524
88110694343,-0.042889,0.160010,-0.089956,-0.010503,0.011459,-0.005579,0.006943
88210706482,0.036821,-0.017051,0.057198,0.005501,0.005264,-0.002294,0.013056
88310718621,-0.027015,0.224484,-0.147191,-0.002442,-0.000026,-0.001066,0.007391
88410730759,-0.003012,0.063313,-0.027733,0.008758,-0.001789,0.002341,0.016655
88510742898,-0.067190,-0.126280,0.001216,0.016227,0.000551,0.003753,0.004881
88610755037,0.020028,0.132925,-0.085751,0.014073,-0.006880,0.007070,0.005502
88710767176,-0.021099,0.130775,0.031850,-0.004828,0.017103,0.007918,0.018889
88810779315,0.084140,-0.002909,0.007966,-0.004632,0.025331,-0.020932,0.017811
88910791454,0.057277,0.019814,-0.108449,-0.030546,0.038126,0.001991,0.009129
89010803593,0.098971,0.259128,-0.121836,-0.027369,0.001770,-0.003339,0.010871
89110815731,0.080823,-0.030330,-0.004256,-0.022732,-0.001871,0.008018,0.008348
89210827870,-0.042125,-0.182542,-0.121123,-0.003789,-0.004883,0.007289,0.005423
89310840009,0.042531,-0.053983,-0.108886,0.004966,-0.001380,-0.005011,0.018146
89410852148,0.101285,-0.009828,-0.001543,0.022259,-0.004026,0.007725,0.017502
89510864287,0.012449,-0.174979,-0.018285,-0.000163,0.005229,-0.006707,0.006654
89610876426,0.124681,-0.329791,-0.051144,-0.006825,0.007037,0.005727,0.012078
89710888565,-0.059111,-0.121590,0.045329,-0.019278,0.025703,-0.010472,0.021210
89810900704,0.005264,0.215448,-0.084096,-0.010414,0.007156,0.008277,0.029688
89910912842,0.003502,-0.111367,-0.041658,-0.006684,-0.001050,0.000498,0.017298
90010924981,-0.075485,0.199289,0.042027,0.017369,-0.005195,0.009504,0.010868
90110937120,-0.186485,-0.026821,-0.022988,0.001550,0.006418,0.005029,0.008129
90210949259,0.076182,0.114103,-0.011167,0.017396,0.005035,0.004560,0.003039
90310961398,-0.018805,-0.153446,-0.037392,-0.010429,0.007512,0.003684,0.011061
90410973537,0.043383,-0.050806,-0.058702,-0.009439,0.003983,-0.004625,0.003889
90510985676,-0.053925,0.060560,-0.024546,-0.023394,0.005058,0.004281,0.004560
90610997815,0.062074,-0.001674,-0.050422,0.001540,0.005415,-0.005707,0.011100
90711009953,-0.013183,-0.084237,-0.024474,0.007428,-0.009649,0.000924,0.019113
90811022092,-0.019691,0.147041,-0.091317,0.016370,-0.018402,0.008230,0.012404
90911034231,-0.098266,-0.088279,0.046218,0.023510,-0.022708,0.000690,0.015774
91011046370,-0.066176,-0.215834,0.078181,0.010965,0.005743,0.002013,0.013945
91111058509,-0.034140,0.228027,-0.082000,0.000462,0.003101,-0.005236,0.019667
91211070648,0.037752,-0.024320,-0.032511,-0.009945,0.026340,-0.005379,0.007287
91311082787,0.111883,-0.203761,-0.147330,-0.005755,0.006764,-0.003159,0.001973
91411094925,-0.051041,0.042848,-0.010141,-0.001756,-0.006378,0.006803,0.011447
91511107064,-0.009974,-0.042092,0.004488,0.021538,-0.008736,0.005102,0.030834
91611119203,0.209384,0.255618,0.008589,0.024441,0.001462,-0.018496,0.019937
91711131342,-0.161783,0.440245,0.046971,0.006171,0.009866,-0.002208,0.004136
91811143481,0.011338,-0.108257,-0.166047,0.009096,-0.004780,-0.000653,0.006421
91911155620,-0.065707,0.081804,0.072534,-0.000018,-0.011666,0.005054,0.008331
92011167759,-0.225074,0.213579,0.041574,-0.023155,0.014119,0.001487,0.004447
92111179898,-0.058228,0.003052,-0.027904,0.008674,-0.008758,-0.008859,0.009914
92211192036,-0.003339,0.161957,0.016393,0.011612,-0.009361,0.007371,0.016719
92311204175,-0.043536,0.090666,-0.047490,0.032046,-0.012412,-0.000445,0.006889
92411216314,-0.158253,0.074789,-0.053702,0.011856,0.004088,0.007310,0.013710
92511228453,-0.001492,0.185519,-0.092507,0.021774,-0.003861,-0.005355,0.019014
92611240592,0.067950,0.190865,-0.102378,0.002963,0.005042,-0.019095,0.019313
92711252731,-0.122322,-0.221854,-0.074122,0.006459,0.014728,-0.022141,0.014014
92811264870,-0.130405,0.094314,-0.038270,-0.020765,-0.010701,-0.002426,0.015219
92911277008,0.119117,-0.062800,-0.203041,-0.024546,0.003613,0.002728,0.016600
93011289147,0.057424,-0.142630,0.009450,-0.014384,-0.004481,0.003508,0.012885
93111301286,0.072283,-0.131855,0.031755,0.009254,0.001560,-0.006431,0.005439
93211313425,-0.101555,0.178081,-0.035782,0.011392,0.000959,0.010501,0.009015
93311325564,0.030346,-0.060836,-0.043637,0.000147,-0.000399,-0.009141,0.011479
93411337703,0.059530,-0.234893,-0.102973,-0.012080,0.011150,0.003818,0.021796
93511349842,0.064453,0.149756,0.033812,-0.010793,0.001917,-0.011266,0.011377
93611361981,0.049532,-0.104276,-0.112179,-0.021436,0.002821,0.010347,0.008207
93711374119,0.195500,-0.212692,-0.201367,0.002669,-0.016101,-0.002093,0.018150
93811386258,-0.006546,0.037843,0.033251,0.002276,0.002866,0.011516,0.018098
93911398397,-0.033439,0.141409,-0.115547,0.019573,-0.005825,0.001819,0.012736
94011410536,-0.099577,-0.016388,-0.115850,0.011541,0.006142,0.011567,0.017653
94111422675,-0.002632,0.162927,-0.035155,0.000298,-0.000520,-0.004869,0.008151
94211434814,0.315463,0.008396,-0.029105,-0.054805,0.019062,0.016467,0.008667
94311446953,0.153663,0.035550,-0.121354,-0.003547,-0.010565,-0.005709,0.007517
94411459092,-0.009996,-0.095848,-0.060147,-0.019150,0.003739,0.007141,0.011499
94511471230,-0.018138,0.033502,-0.032170,0.005718,-0.016357,0.000877,0.009298
94611483369,0.080495,0.003867,-0.128386,0.010122,0.005381,0.011984,0.019144
94711495508,-0.051918,-0.052952,-0.053191,0.019387,0.000844,-0.004697,0.022261
94811507647,-0.104174,0.276525,0.086939,0.010601,0.019184,-0.001024,0.031111
94911519786,-0.022366,0.077536,-0.000378,-0.023817,0.011325,0.003999,0.027879
95011531925,-0.100957,0.012585,-0.025308,-0.022781,0.012877,0.008185,0.005458
95111544064,0.075808,0.091263,0.005031,-0.030659,0.005960,0.004568,0.023664
95211556202,-0.003097,-0.190203,-0.010976,-0.023307,0.011420,0.002304,0.020436
95311568341,0.113016,0.044171,-0.072566,0.001142,0.001907,0.008553,0.010753
95411580480,0.029626,-0.032683,-0.120513,-0.004759,-0.000323,0.004273,0.022555
95511592619,0.027468,0.252293,-0.113053,0.011685,-0.004431,0.009845,0.004469
95611604758,-0.041414,0.023701,-0.038766,-0.013185,0.022049,-0.005611,0.008792
95711616897,-0.033368,-0.106941,-0.051925,-0.013050,0.017798,-0.012889,0.009217
95811629036,-0.119292,0.093237,-0.100384,-0.026121,0.008257,0.005971,0.018411
95911641175,-0.069867,0.203773,-0.060742,-0.010836,-0.011167,-0.003210,0.020400
96011653313,0.175568,-0.341723,-0.091250,-0.007152,-0.000539,0.006400,0.013705
96111665452,0.081032,0.010363,-0.014820,0.009230,-0.002736,0.007345,0.003792
96211677591,-0.061914,0.043648,-0.071317,0.007418,-0.005002,0.012795,0.003639
96311689730,0.025818,-0.111716,-0.087880,0.012128,0.006538,0.000356,0.008640
96411701869,-0.034431,-0.079880,-0.035930,0.001590,0.006617,0.002384,0.011885
96511714008,0.140002,-0.039808,-0.130388,-0.004007,0.010871,-0.007620,0.003056
96611726147,0.047933,0.142956,-0.124984,-0.018995,0.009760,-0.002711,0.003740
96711738285,0.089423,-0.203301,-0.049421,-0.011484,-0.003380,-0.003737,0.009834
96811750424,-0.063076,0.148184,-0.087335,-0.004881,-0.006687,-0.000379,0.016716
96911762563,-0.022843,-0.097267,-0.127268,0.027147,-0.008038,-0.004909,0.014771
97011774702,0.002599,-0.074738,-0.116751,0.016563,-0.014106,0.007346,0.012696
97111786841,0.065232,-0.115897,-0.061175,0.008929,-0.003105,-0.001773,0.009771
97211798980,0.049382,-0.013586,-0.034948,0.003450,0.011358,-0.002723,0.007695
97311811119,-0.020391,-0.018367,-0.053357,-0.017190,0.015285,-0.014471,0.004770
97411823258,0.074394,-0.038491,-0.087504,-0.007966,0.000083,-0.001854,0.005190
97511835396,-0.080244,0.154324,-0.010044,-0.006008,-0.006690,0.004079,0.019928
97611847535,0.115472,-0.066949,-0.082535,0.012264,-0.016862,0.005107,0.012164
97711859674,-0.068698,-0.119825,-0.015666,0.001884,-0.006541,0.004538,0.021054
97811871813,-0.075463,0.050585,-0.064700,0.008776,0.005282,0.008841,0.028790
97911883952,-0.036719,-0.224718,-0.133193,-0.017824,0.014726,0.002724,0.026504
98011896091,0.039024,-0.275564,-0.016249,-0.015417,0.018344,0.001317,0.014405
98111908230,0.186050,0.271710,-0.110277,-0.030514,0.011274,0.013951,0.010463
98211920369,0.022481,0.121445,-0.069197,-0.012434,0.005238,-0.005155,0.013558
98311932507,0.059706,0.097358,-0.124165,-0.009339,-0.002140,0.018283,0.011211
98411944646,-0.135377,0.071038,0.050199,0.001890,0.005007,0.003914,0.011712
98511956785,0.005612,0.090722,-0.019559,0.004423,0.003142,0.007222,0.010598
98611968924,-0.039550,-0.060894,-0.053505,-0.009532,0.008895,0.004550,0.014169
98711981063,0.213816,0.010502,-0.075628,-0.016268,0.013365,0.009057,0.008289
98811993202,-0.064537,0.153682,-0.055429,-0.032667,0.020903,-0.002418,0.010466
98912005341,0.001529,0.248352,-0.029150,-0.032177,-0.014375,0.007450,0.013889
99012017479,-0.013784,-0.230365,-0.058473,-0.013701,0.002472,0.018065,0.013288
99112029618,0.080727,0.018039,-0.070085,0.013782,-0.006805,0.003103,0.009023
99212041757,-0.061338,0.130622,0.049743,-0.000097,0.007351,0.011252,0.009398
99312053896,0.022505,-0.131524,-0.061813,-0.008454,0.020299,0.005959,0.005469
99412066035,0.052958,-0.311722,0.060163,-0.021203,0.015866,-0.005245,0.010230
99512078174,0.012872,0.126412,-0.041361,-0.016233,0.021017,-0.005503,0.019161
99612090313,0.001029,-0.032388,-0.027380,-0.013269,0.012425,0.001823,0.011947
99712102452,-0.098554,-0.004897,0.025482,-0.000466,0.009093,0.011254,0.004158
99812114590,-0.013656,0.182657,-0.044280,0.001879,-0.005553,0.000389,0.005606
99912126729,-0.008325,0.020118,-0.028727,-0.005364,0.005272,0.006323,0.003056
100012138868,0.015461,-0.035911,-0.001124,-0.019542,0.006559,-0.005076,0.011954
100112151007,0.004473,0.277247,-0.033392,-0.016564,0.003819,0.000924,0.018427
100212163146,0.090564,-0.137623,-0.106053,-0.021505,0.007088,-0.001933,0.020503
100312175285,0.155838,-0.101801,-0.120237,0.004276,-0.010068,0.011294,0.015367
100412187424,0.069797,0.114844,0.003686,0.007577,0.000260,-0.001778,0.010000
100512199563,-0.001267,0.068806,0.000642,0.000946,-0.004568,0.002469,0.010610
100612211701,0.024038,-0.019002,-0.206627,-0.008738,0.018738,0.006950,0.014525
100712223840,0.034905,-0.021366,-0.243809,-0.007359,0.004152,-0.001040,0.011111
100812235979,0.010530,0.092871,-0.046621,-0.014818,0.009190,-0.003968,0.011451
100912248118,0.023948,-0.197508,-0.023492,-0.019857,0.007742,-0.001026,0.015012
101012260257,-0.030162,0.089271,-0.024805,-0.004115,0.000237,0.006122,0.021455
101112272396,-0.053156,0.038003,0.003202,0.003609,-0.008991,-0.002815,0.009250
101212284535,0.034797,-0.090904,-0.102010,0.004848,-0.009634,0.019741,0.006005
101312296673,0.143343,-0.204001,-0.123403,0.006836,0.001732,0.002535,0.020974
101412308812,-0.075535,0.059465,-0.108376,-0.008340,0.006827,-0.000511,0.020855
101512320951,0.034766,-0.220751,-0.014860,-0.017792,0.013042,-0.003663,0.025096
101612333090,0.014136,-0.091184,-0.121115,-0.019980,-0.000965,-0.001793,0.012561
101712345229,-0.047133,0.151599,0.001058,-0.010941,-0.000984,0.007623,0.017082
101812357368,-0.032858,-0.026429,-0.072866,0.002638,-0.003809,-0.005170,0.018914
101912369507,0.043933,-0.105077,-0.148049,0.017345,-0.004084,-0.006650,0.025137
102012381646,-0.008203,0.227376,0.026723,0.008731,-0.006201,0.003356,0.023635
102112393784,-0.040110,-0.118689,0.079935,-0.009544,-0.001482,-0.013437,0.007832
102212405923,0.070591,-0.192138,-0.096576,0.001187,0.010377,-0.001839,0.020482
102312418062,-0.108100,0.251324,-0.054315,-0.005540,0.006602,-0.017242,0.023647
102412430201,-0.017801,0.012565,-0.102740,0.000043,-0.001231,0.013019,0.020943
102512442340,-0.146349,-0.111291,-0.092640,0.009437,-0.009738,0.004512,0.012645
102612454479,0.005760,0.043806,-0.040132,0.020351,-0.011016,0.003680,0.003647
102712466618,-0.187250,0.218487,-0.038295,-0.004944,0.006706,0.005316,0.003434
102812478756,0.099125,-0.035893,-0.027834,0.010873,0.004322,-0.004601,0.013404
102912490895,0.014544,-0.091540,-0.088113,-0.013132,0.006330,-0.001525,0.010867
103012503034,0.025315,0.033460,-0.086660,-0.008493,0.003028,-0.002837,0.016458
103112515173,-0.033022,-0.101662,-0.064813,-0.012848,-0.002977,0.007248,0.013681
103212527312,0.010545,-0.083570,-0.118551,0.001164,-0.002094,-0.001069,0.017046
103312539451,-0.070193,-0.123001,-0.067219,-0.002791,-0.001469,0.015584,0.008990
103412551590,-0.020542,0.258885,0.018049,0.006084,-0.005976,0.009034,0.001840
103512563729,0.026960,0.053562,0.064932,0.012300,-0.002429,0.011095,0.002856
103612575867,0.060688,-0.338311,0.021899,0.001047,-0.003853,-0.000758,0.014616
103712588006,-0.054130,0.169983,-0.060563,-0.015991,0.013464,0.004103,0.012084
103812600145,-0.000881,0.010384,-0.075841,-0.015464,0.011413,-0.009603,0.012181
103912612284,-0.021820,0.095991,-0.033389,-0.008435,-0.000733,-0.002049,0.006602
104012624423,-0.095850,0.174867,-0.032817,0.002366,-0.009245,0.008540,0.010140
104112636562,-0.170846,-0.111879,-0.017701,0.018689,-0.011381,0.000662,0.011111
104212648701,-0.178095,0.032630,-0.068455,0.011455,0.004718,-0.001458,0.010198
104312660840,-0.042373,0.160945,-0.019057,0.001982,-0.006820,0.004043,0.005683
104412672978,0.022799,-0.044542,-0.119428,-0.008773,0.010511,-0.005586,0.017035
104512685117,0.016940,-0.039934,-0.069221,-0.009650,0.011445,-0.000236,0.010493
104612697256,0.035279,-0.026154,-0.025499,-0.007517,0.012196,-0.012862,0.012619
104712709395,-0.063245,0.116577,-0.050038,0.001659,-0.000437,-0.001625,0.005795
104812721534,-0.037460,0.150139,-0.048081,0.011162,0.003062,-0.001443,0.018889
104912733673,0.071531,-0.206513,-0.168293,0.023552,-0.002901,0.001039,0.018641
105012745812,0.035863,0.486061,-0.100278,0.008763,0.015660,0.000103,0.017086
105112757950,0.059152,0.109137,0.056358,0.001329,0.010322,-0.008449,0.016390
105212770089,0.071615,0.008063,-0.115495,-0.009627,0.002309,-0.010764,0.006135
105312782228,-0.112442,-0.014069,-0.021487,-0.013773,0.009021,-0.006531,0.013250
105412794367,-0.024290,-0.083714,-0.099374,-0.005726,0.002695,-0.002329,0.009173
105512806506,-0.043060,0.286130,-0.080396,0.000836,0.008194,0.000589,0.010079
105612818645,0.086016,-0.206636,-0.151932,0.003492,-0.017269,0.006502,0.004195
105712830784,-0.028108,-0.006971,-0.015299,0.005915,-0.003172,-0.000676,0.011445
105812842923,0.037333,-0.054926,-0.121171,-0.001093,-0.005018,-0.005093,0.007913
105912855061,0.005362,-0.117504,-0.158493,-0.016428,0.009524,-0.002253,0.007337
106012867200,0.027720,0.001756,0.024210,-0.006070,0.013339,-0.004534,0.010000
106112879339,0.009039,-0.024523,-0.096964,-0.001201,0.005310,-0.000186,0.009750
106212891478,-0.054739,-0.144043,-0.066242,-0.000506,-0.010705,0.018403,0.008808
106312903617,0.029536,0.054297,-0.057067,-0.010179,0.004760,0.006163,0.013387
106412915756,-0.005546,-0.210535,0.015673,-0.013972,0.000728,0.004115,0.010897
106512927895,-0.004564,-0.061839,-0.049484,-0.026547,0.021119,0.000653,0.016298
106612940033,0.109671,-0.189080,-0.057646,-0.016014,0.000909,0.001711,0.013131
106712952172,0.074149,0.069699,-0.065226,-0.006901,-0.005715,0.004758,0.020715
106812964311,-0.053784,0.132860,0.003221,0.001197,-0.006936,0.016148,0.016219
106912976450,0.003035,-0.144363,-0.209547,0.017518,0.005251,-0.002890,0.004538
107012988589,-0.035394,-0.121135,-0.155236,0.006630,0.001050,0.000265,0.008889
107113000728,0.007411,0.230447,-0.046958,-0.007192,0.009703,-0.004141,0.010839
107213012867,0.066519,-0.207657,-0.172075,-0.019494,-0.005480,0.007909,0.024937
107313025006,0.080789,0.014763,-0.115030,-0.018033,0.001796,0.005886,0.030389
107413037144,-0.119102,0.061732,0.009764,-0.004791,0.006291,0.007206,0.019203
107513049283,-0.122216,-0.120075,-0.158408,0.020721,0.000980,-0.007186,0.015339
107613061422,-0.186818,0.162535,-0.069655,0.016214,0.008146,0.008269,0.023839
107713073561,-0.006448,0.326826,-0.068751,0.011320,0.017515,-0.013113,0.015457
107813085700,-0.038391,-0.145709,-0.054056,-0.011475,0.003041,-0.004059,0.011874
107913097839,-0.112473,-0.017307,-0.026473,-0.001020,-0.000288,-0.013397,0.015380
108013109978,-0.167036,0.034724,0.023152,-0.009643,-0.008035,0.017654,0.005401
108113122117,0.084994,-0.016093,-0.124300,0.010078,0.001788,0.005634,0.008566
108213134255,-0.042451,0.081008,0.004107,-0.002080,0.001483,0.016021,0.011835
108313146394,-0.006402,0.131990,0.045566,-0.010409,0.014465,0.004637,0.012280
108413158533,-0.112836,-0.020436,0.010906,-0.050458,0.008227,0.007349,0.018026
108513170672,0.218493,-0.073185,-0.069232,-0.016992,0.012264,0.001209,0.005000
108613182811,-0.013976,-0.009729,-0.063779,-0.024359,0.005579,0.006039,0.004597
108713194950,0.156340,-0.050233,-0.062501,0.007453,-0.005980,0.000393,0.001834
108813207089,-0.029328,0.145787,-0.071909,0.006781,-0.016659,0.012206,0.001771
108913219227,-0.020547,-0.033872,-0.071424,0.014021,-0.011805,0.004057,0.005560
109013231366,-0.044082,-0.153744,-0.081193,0.002258,-0.002974,0.005183,0.002496
109113243505,-0.072988,0.318613,-0.031824,0.000381,-0.005165,-0.002601,0.006221
109213255644,0.013068,0.097485,-0.076384,-0.008136,0.010579,-0.001300,0.006171
109313267783,0.001954,0.006819,-0.176409,-0.005279,-0.001985,-0.001287,0.002032
109413279922,0.049888,-0.049275,-0.001904,-0.007660,0.010777,0.000691,0.007650
109513292061,-0.030841,0.115524,-0.026566,0.006435,-0.007947,0.012814,0.005148
109613304200,-0.111500,0.053279,0.010329,0.004827,-0.000197,0.011040,0.008107
109713316338,0.031529,-0.092924,-0.068969,0.010974,-0.002671,0.002481,0.018818
109813328477,0.052984,0.048811,0.057028,-0.013280,0.013940,-0.002221,0.004037
109913340616,-0.062040,-0.131982,-0.041178,-0.025642,0.011661,0.005817,0.005667
110013352755,-0.092504,-0.061377,-0.030124,-0.016283,0.003685,0.006009,0.010816
110113364894,0.081890,0.161552,-0.068745,0.001092,0.000028,0.015558,0.015703
110213377033,0.048042,-0.087020,-0.126585,0.000921,-0.010220,0.003349,0.014653
110313389172,0.033665,-0.006832,-0.052742,0.002928,0.001524,0.014478,0.023252
110413401310,-0.037540,0.106170,-0.007206,0.000061,0.010798,-0.005801,0.012763
110513413449,-0.020110,-0.272342,0.110080,-0.018406,0.011429,-0.006062,0.016304
110613425588,0.011147,-0.138203,-0.042074,-0.030500,-0.008918,0.015470,0.008506
110713437727,0.056748,0.109324,-0.035213,-0.028523,-0.006322,0.017528,0.029879
110813449866,-0.106680,-0.164503,-0.118784,0.006029,-0.001061,-0.000250,0.019404
110913462005,-0.157834,0.129540,-0.040234,-0.006752,0.023183,0.014202,0.005860
111013474144,0.071325,-0.129155,-0.049353,-0.000270,0.019740,-0.000169,0.021082
111113486283,0.244603,0.000992,-0.016685,-0.034377,0.008402,0.012628,0.004517
111213498421,0.145279,0.108818,0.023470,-0.020955,0.002743,-0.000207,0.013776
111313510560,-0.039502,0.067377,-0.012944,-0.023161,0.001071,0.008367,0.013844
111413522699,-0.161960,-0.201015,0.025992,0.002813,0.002889,0.017007,0.018889
111513534838,-0.107782,0.083832,-0.000066,-0.009392,0.007398,0.007477,0.017686
111613546977,-0.007268,-0.034410,-0.004190,-0.003616,0.015505,0.004232,0.010151
111713559116,0.101864,-0.024719,-0.065392,-0.031044,0.013756,0.007272,0.010132
111813571255,-0.030310,0.129594,0.033219,-0.026429,0.021134,-0.000047,0.006226
111913583394,0.163303,0.044380,-0.252913,-0.010534,0.002396,0.016588,0.019602
112013595532,0.001073,0.170100,0.033956,-0.000009,0.016508,-0.000470,0.010264
112113607671,-0.055208,0.066435,0.044955,0.009450,0.009278,0.006624,0.010735
112213619810,-0.051929,0.113613,-0.088768,0.009026,-0.002257,0.016920,0.003320
112313631949,-0.020443,-0.094334,-0.049660,0.001630,0.016153,0.007055,0.006515
112413644088,-0.112580,-0.165464,0.027843,-0.013036,0.009287,-0.002443,0.017172
112513656227,-0.079054,0.211913,0.011859,-0.013934,0.013167,0.005662,0.023092
112613668366,0.167339,-0.116143,-0.197771,-0.012026,-0.010798,-0.001916,0.015853
112713680504,0.009384,-0.144696,-0.017214,-0.003221,-0.008166,0.009311,0.003883
112813692643,-0.088379,0.297568,0.018220,0.012920,-0.004163,-0.008804,0.015122
112913704782,0.003870,0.047392,-0.108236,0.005889,-0.001415,0.005807,0.009726
113013716921,0.072577,0.048509,-0.121521,-0.006962,0.017292,0.002343,0.016372
113113729060,-0.093559,0.097010,0.025251,-0.005098,0.005570,-0.001877,0.024581
113213741199,0.108953,-0.031043,0.106272,0.002510,-0.004049,-0.012898,0.022364
113313753338,0.079151,-0.298870,0.138311,0.020520,-0.022721,-0.003770,0.023204
113413765477,0.174583,0.197432,-0.103377,0.019975,-0.015213,-0.000241,0.010989
113513777615,0.001805,-0.059322,-0.021310,0.002454,0.002225,0.005745,0.007220
113613789754,-0.012132,-0.003361,-0.013837,-0.003351,0.005299,-0.011090,0.020268
113713801893,-0.058641,0.074393,-0.049663,-0.001650,-0.005942,0.005030,0.015153
113813814032,0.059706,0.023402,-0.097638,0.005270,-0.002446,-0.005723,0.014998
113913826171,0.020769,0.005609,0.073186,0.011370,-0.003971,0.005689,0.008056
114013838310,0.156863,-0.092678,-0.020371,0.017334,0.011191,-0.006167,0.012207
114113850449,0.054286,-0.132381,-0.110827,-0.010835,0.012280,-0.005745,0.034593
114213862588,0.015768,0.044517,-0.049287,-0.009690,0.006004,0.003239,0.013595
114313874726,-0.043326,-0.005190,-0.003741,0.002067,-0.012017,0.006738,0.019180
114413886865,0.002661,-0.117056,-0.046823,0.008883,-0.003380,0.005481,0.034174
114513899004,-0.049027,0.119163,-0.005129,0.018616,0.001378,0.001647,0.037057
114613911143,0.015036,0.110621,-0.073642,0.017172,0.007452,-0.008671,0.013915
114713923282,-0.149905,0.288514,-0.026082,0.004387,0.014863,-0.003405,0.023597
114813935421,-0.071906,-0.095114,0.051090,-0.015129,0.004605,-0.005562,0.009294
114913947560,-0.009351,0.021667,-0.015120,-0.008518,0.005656,0.000273,0.015278
115013959698,0.150597,0.006144,-0.126618,-0.008965,0.005758,-0.011810,0.006551
115113971837,-0.033598,0.014906,-0.083488,0.012915,-0.008430,0.003192,0.015801
115213983976,0.020926,0.297326,0.031937,0.013364,-0.004821,-0.012128,0.013617
115313996115,-0.045727,-0.065372,-0.102530,0.017971,0.001102,0.000476,0.013500
115414008254,0.099065,-0.044114,-0.093832,0.020240,-0.013537,0.003162,0.022083
115514020393,-0.061065,0.004828,-0.056211,-0.004374,0.017502,-0.000936,0.015955
115614032532,0.036222,0.030556,-0.000636,-0.002553,0.012423,-0.016363,0.014454
115714044671,0.013537,0.055040,-0.032597,-0.006689,0.009144,-0.010496,0.011111
115814056809,0.274405,-0.089360,-0.084132,0.023779,-0.025383,-0.000579,0.012087
115914068948,-0.174555,0.028542,0.080434,0.007437,-0.021422,0.004067,0.016766
116014081087,0.088766,0.254628,0.068524,0.036786,-0.003097,-0.016646,0.008498
116114093226,-0.082196,0.274953,-0.039304,0.002231,0.007604,-0.010459,0.009908
116214105365,-0.070110,-0.104400,-0.178257,-0.006826,-0.004793,0.017303,0.029529
116314117504,-0.119568,-0.189503,-0.154927,-0.030304,-0.001539,0.011649,0.007193
116414129643,0.122680,-0.022116,0.050141,-0.004336,0.013867,-0.011798,0.002219
116514141781,0.149677,0.024038,-0.143803,-0.014011,0.010680,0.004568,0.006010
116614153920,0.056989,0.025026,-0.038455,-0.009336,-0.004663,0.015286,0.016491
116714166059,-0.053404,-0.032693,0.014556,-0.013108,0.020153,0.013628,0.002220
116814178198,-0.227921,0.024099,0.047692,-0.001010,0.010526,0.002541,0.005189
116914190337,-0.050620,0.046207,-0.018279,-0.025082,0.026757,-0.004431,0.015184
117014202476,0.064250,-0.031714,-0.136556,-0.029910,0.007106,0.010045,0.026359
117114214615,0.135284,0.137530,-0.031718,-0.033014,0.012183,0.008337,0.015519
117214226754,-0.133312,0.116899,-0.024257,-0.014635,-0.002586,0.011783,0.013960
117314238892,0.039677,-0.128834,-0.054792,0.009090,-0.001081,-0.002267,0.023105
117414251031,0.083821,0.069481,-0.110482,0.005271,-0.009157,0.013163,0.005990
117514263170,0.077262,0.440238,-0.167770,-0.001928,0.011628,0.002133,0.012539
117614275309,-0.190742,-0.107140,-0.075977,-0.018819,0.015633,0.013417,0.016508
117714287448,0.044572,-0.099034,-0.014143,-0.015702,-0.000165,-0.008057,0.018770
117814299587,-0.073213,0.035292,0.005256,-0.028167,0.021043,0.012795,0.016189
117914311726,0.011234,-0.051573,-0.064591,0.002494,-0.004101,-0.009591,0.004841
118014323865,-0.056019,-0.163564,0.055561,0.000049,-0.003292,0.018619,0.005321
118114336003,0.006848,-0.078747,0.012748,0.003339,-0.011461,0.002733,0.014606
118214348142,-0.064800,-0.059776,-0.057169,0.009430,-0.000403,0.009538,0.016737
118314360281,-0.027307,-0.072072,-0.047866,0.002917,0.002765,-0.004331,0.007200
118414372420,0.040936,-0.016137,-0.067943,-0.011015,0.004962,0.003372,0.026825
118514384559,-0.059194,-0.027545,-0.084982,-0.003468,-0.006362,0.003221,0.024353
118614396698,0.080393,0.040670,0.017262,0.008120,-0.001375,0.000864,0.016208
118714408837,-0.017776,-0.078891,-0.073671,0.002050,-0.006332,0.006303,0.026958
118814420975,-0.045582,0.298484,-0.203438,0.004926,0.007998,0.007192,0.010331
118914433114,-0.035467,0.340611,-0.034361,-0.017922,-0.004313,0.002160,0.022217
119014445253,-0.029238,-0.079871,-0.025015,-0.020771,0.019998,0.003924,0.037771
119114457392,-0.061814,-0.093180,-0.150175,-0.026183,0.004408,0.001540,0.013337
119214469531,0.017347,-0.031828,0.044411,-0.010312,0.014968,0.002539,0.017170
119314481670,0.083216,0.099736,-0.029970,-0.012884,-0.004921,0.015086,0.028391
119414493809,0.043999,-0.218107,-0.043433,-0.006662,-0.003396,0.018963,0.017601
119514505948,-0.001906,0.051931,0.092276,0.004656,0.001036,0.003844,0.008993
119614518086,0.082218,0.072776,0.002592,0.004101,0.007007,0.002913,0.003177
119714530225,0.725200,0.070266,-0.286581,0.008141,-0.000616,-0.036261,0.006956
119814542364,1.834505,-1.269215,-0.681791,0.022882,-0.024638,-0.250279,0.024273
119914554503,-1.636882,0.667075,0.451846,0.164634,-0.112287,-0.148219,0.019717
120014566642,0.205260,0.193322,-0.087971,0.101112,-0.131731,-0.031211,0.018905
120114578781,0.435458,-0.491989,-0.768280,0.115241,-0.119245,-0.129931,0.025509
120214590920,0.596509,0.882770,0.434897,0.183507,0.012472,-0.064625,0.032244
120314603058,-1.269820,-0.381958,-0.017554,0.104688,-0.017526,-0.118438,0.017855
120414615197,0.405231,-0.145043,-0.245315,0.131643,-0.072062,0.009684,0.026716
120514627336,-0.973570,-0.625220,0.247385,0.018361,-0.029908,-0.017558,0.019945
120614639475,0.304041,-0.086246,-0.029143,0.101028,-0.008499,-0.054476,0.022858
120714651614,-0.630952,-0.316186,0.145677,0.003167,0.020692,-0.007635,0.007267
120814663753,0.710706,0.025906,-0.180704,0.053581,-0.041272,-0.026477,0.025030
120914675892,0.350964,-0.065197,0.111144,-0.028270,-0.001319,0.037872,0.013033
121014688031,0.553677,0.089327,-0.032025,0.041559,-0.016290,-0.018675,0.010830
121114700169,-0.181745,-0.506507,-0.124559,-0.023126,0.033157,0.023725,0.031354
121214712308,-0.247702,-0.117298,0.025230,0.015132,-0.004240,-0.007305,0.054901
121314724447,-0.396050,-0.207094,0.018545,-0.063168,0.031628,0.027741,0.037902
121414736586,0.137562,-0.208209,-0.078582,-0.023447,0.006106,0.003782,0.008792
121514748725,0.321239,0.075452,-0.119440,-0.067188,0.030237,0.021121,0.014530
121614760864,0.286443,0.145004,-0.100260,-0.031348,0.016703,0.010354,0.023630
121714773003,0.044600,0.003178,-0.113177,-0.043667,0.003067,0.022175,0.027847
121814785142,-0.305419,-0.434052,-0.035848,-0.005941,-0.005526,0.028488,0.030961
121914797280,-0.055128,-0.224398,-0.051920,-0.027103,-0.000263,0.022139,0.017574
122014809419,-0.096113,-0.335090,-0.044041,-0.022818,0.020430,0.027796,0.012057
122114821558,0.408236,-0.136571,-0.106752,-0.030442,0.016014,0.021577,0.026730
122214833697,0.152946,-0.244378,-0.102950,-0.042665,0.039832,0.014546,0.039924
122314845836,0.289200,0.029134,-0.089631,-0.035531,0.018077,0.008633,0.020336
122414857975,-0.170673,-0.047009,-0.025354,-0.040782,0.028313,0.010683,0.014207
122514870114,0.133914,-0.049230,-0.104361,-0.024340,-0.003783,0.006334,0.028227
122614882252,-0.188611,-0.032785,0.017073,-0.017466,0.009659,0.016822,0.011698
122714894391,-0.003633,-0.135657,-0.098766,0.006845,-0.005573,0.000752,0.037110
122814906530,-0.046499,-0.150319,-0.102501,0.002034,0.009229,0.010917,0.028145
122914918669,0.155536,-0.176539,0.041401,0.014605,-0.002913,0.000326,0.032472
123014930808,0.164274,-0.327805,0.042676,-0.013923,0.010589,0.006733,0.018802
123114942947,0.147410,0.013227,-0.142949,-0.008211,0.007417,-0.008300,0.022142
123214955086,-0.030874,-0.135781,-0.046521,-0.023146,0.015434,-0.002411,0.016944
123314967225,-0.151035,-0.035479,0.019211,0.003908,-0.003723,-0.009339,0.015323
123414979363,-0.055079,-0.121156,0.024314,0.011158,-0.005582,-0.000873,0.006694
123514991502,-0.028396,-0.134365,-0.075776,0.029541,-0.012966,-0.005935,0.011333
123615003641,0.219443,0.070531,0.007878,0.023513,-0.003147,-0.005715,0.017847
123715015780,0.041748,0.171644,0.021625,0.022888,0.008515,-0.016887,0.010735
123815027919,0.072846,-0.080422,-0.143958,0.015449,-0.006639,-0.005050,0.008397
123915040058,-0.058022,-0.336173,-0.039587,0.001787,0.007966,-0.019086,0.032844
124015052197,0.034265,-0.200517,-0.052220,0.003045,0.008736,-0.012153,0.023934
124115064336,-0.095667,-0.084245,-0.067084,-0.004351,0.013883,-0.016518,0.007572
124215076474,0.160123,0.000875,-0.094008,-0.003971,-0.002898,-0.008414,0.010190
124315088613,0.035258,-0.150900,-0.112011,0.000688,-0.007672,-0.011008,0.007096
124415100752,0.088474,-0.233151,0.013953,0.006058,-0.011151,0.000593,0.017379
124515112891,-0.081279,0.017133,-0.030836,0.011948,-0.021783,0.002205,0.008889
124615125030,0.066533,-0.143974,-0.117421,0.015935,-0.000362,-0.001595,0.008763
124715137169,-0.024998,-0.114604,-0.007176,0.013449,-0.010792,-0.003837,0.009275
124815149308,0.077174,-0.034693,-0.013667,0.011674,0.012678,-0.002534,0.014722
124915161446,0.064258,-0.309128,-0.165066,-0.006116,0.000709,-0.006209,0.007703
125015173585,0.044061,-0.145371,-0.073939,-0.010620,0.003075,-0.000696,0.011059
125115185724,0.036079,-0.007234,-0.014184,-0.006536,-0.009282,0.010043,0.006406
125215197863,0.033905,-0.103199,-0.040520,0.003215,-0.008705,-0.001634,0.008056
125315210002,0.037244,-0.169984,-0.083705,0.006881,-0.003776,0.010666,0.010337
125415222141,0.081315,-0.061293,-0.035475,0.012079,-0.005123,-0.001993,0.021068
125515234280,-0.066562,0.021662,-0.022480,0.005879,0.005579,0.017547,0.011227
125615246419,0.000727,-0.118448,-0.123794,0.002794,0.000337,-0.001995,0.017759
125715258557,0.189437,-0.355520,-0.158049,-0.012117,0.014501,0.008725,0.018527
125815270696,0.117262,-0.460845,-0.003795,-0.035467,0.009314,0.001238,0.029824
125915282835,0.111400,0.120637,-0.105067,-0.034408,0.019497,0.005846,0.017122
126015294974,-0.063187,-0.162723,-0.108645,-0.027686,0.007045,0.000279,0.013177
126115307113,0.075472,-0.101756,-0.110738,-0.016822,0.002400,0.005865,0.017534
126215319252,-0.072880,-0.080868,-0.074061,-0.014499,-0.008695,0.010802,0.004825
126315331391,-0.063354,0.010546,0.023090,-0.007097,0.002964,0.007960,0.009702
126415343529,0.006806,-0.138227,0.014295,0.005389,0.001441,0.008122,0.008056
126515355668,0.102586,-0.226072,-0.095112,-0.006084,0.011776,-0.003232,0.009421
126615367807,-0.044014,-0.100967,-0.037741,-0.019653,0.004625,0.005990,0.017115
126715379946,0.064189,-0.097661,-0.075663,-0.023019,0.006932,0.004882,0.020063
126815392085,-0.026158,-0.258670,-0.084302,-0.027567,0.008358,0.008785,0.031539
126915404224,0.026582,-0.146015,-0.168278,-0.008041,-0.001135,0.003477,0.031150
127015416363,-0.050800,-0.097970,-0.021854,-0.002519,0.002517,0.007157,0.014398
127115428502,0.030492,-0.189196,-0.027090,0.002293,-0.004695,0.014293,0.005771
127215440640,0.012134,-0.294255,-0.061088,0.009143,0.009965,0.005824,0.010172
127315452779,0.091897,-0.040434,-0.098514,-0.009681,0.007687,0.006374,0.012313
127415464918,0.088237,-0.130367,-0.120964,-0.011598,0.028685,-0.008199,0.017342
127515477057,-0.129756,0.064829,-0.066178,-0.023842,0.017048,-0.002095,0.009534
127615489196,-0.017560,-0.056188,-0.059399,-0.019114,0.006656,-0.003533,0.011808
127715501335,0.007061,-0.066048,-0.037008,-0.012317,-0.012021,0.001955,0.009650
127815513474,0.006706,-0.017908,-0.002842,0.000620,0.002387,0.000759,0.032371
127915525613,-0.005124,-0.131802,-0.089019,0.014231,-0.000777,-0.003273,0.017883
128015537751,0.010498,-0.115010,-0.062183,0.018930,-0.009217,0.000482,0.016642
128115549890,0.018496,-0.128972,0.036299,0.015378,-0.012316,0.002471,0.015475
128215562029,-0.004503,0.000246,-0.157791,0.012720,-0.013999,0.010269,0.018834
128315574168,0.026564,0.030012,-0.058241,0.008213,0.005483,0.004743,0.023661
128415586307,-0.049869,-0.183209,-0.012899,-0.005610,0.014027,-0.004121,0.025256
128515598446,-0.072677,0.081990,0.099036,-0.023207,0.032353,-0.005870,0.017021
128615610585,0.034479,-0.462309,-0.083301,-0.021062,-0.010866,-0.002543,0.019299
128715622723,-0.043799,-0.028501,-0.110074,-0.010699,0.007078,-0.000314,0.006562
128815634862,-0.041301,0.080892,-0.043708,-0.002181,0.004347,-0.001150,0.013741
128915647001,0.075662,-0.140235,-0.162133,0.009785,0.003149,0.001139,0.007118
129015659140,0.111704,-0.111141,-0.142320,0.008291,-0.002333,0.005527,0.009926
129115671279,0.051005,-0.007989,-0.149652,-0.004792,0.002668,0.001869,0.019391
129215683418,-0.091449,-0.098364,-0.193169,-0.017848,0.002655,0.000492,0.016895
129315695557,-0.012528,0.098930,-0.108438,-0.019504,0.007293,-0.002783,0.020762
129415707696,-0.016603,-0.143862,-0.027830,-0.014371,-0.001893,0.012580,0.017493
129515719834,-0.064996,-0.038680,-0.078467,0.005663,-0.008733,0.002036,0.009694
129615731973,0.070654,-0.151598,-0.135967,0.019106,-0.011642,0.000358,0.007750
129715744112,-0.017114,-0.221202,-0.044927,0.007691,-0.003399,0.002633,0.010047
129815756251,-0.068924,0.085613,-0.050876,-0.000483,0.004056,0.009701,0.026516
129915768390,-0.069058,0.069962,0.038230,-0.008580,0.020723,0.003662,0.002733
130015780529,0.130226,0.068573,-0.074310,-0.000790,0.008085,-0.011133,0.007909
130115792668,-0.121796,-0.103500,-0.023894,-0.012046,0.019420,-0.008618,0.014152
130215804806,0.060643,-0.124312,-0.012644,-0.005955,-0.001007,-0.003219,0.019034
130315816945,-0.051071,-0.131840,-0.030636,-0.001030,-0.004490,0.007476,0.015339
130415829084,0.037644,0.152398,-0.078088,0.010788,-0.014459,-0.002619,0.020022
130515841223,-0.015492,-0.079613,-0.024719,0.010295,-0.004329,0.009782,0.006925
130615853362,0.065662,0.007549,0.001262,0.014505,0.007247,-0.002778,0.020501
130715865501,0.030472,-0.221431,-0.041571,-0.006455,0.015342,0.012619,0.007738
130815877640,-0.025881,-0.133451,-0.114747,-0.018326,0.015737,-0.002915,0.013223
130915889779,-0.045969,-0.145010,-0.064041,-0.027091,0.010678,0.014797,0.021103
131015901917,0.019751,-0.080987,-0.010076,-0.027223,0.007566,0.000547,0.023146
131115914056,0.135511,-0.023370,-0.061779,-0.006603,-0.000114,0.015176,0.007653
131215926195,0.029248,-0.058254,-0.108160,-0.002621,0.001235,0.001318,0.028626
131315938334,0.085702,-0.275200,-0.282144,-0.005289,0.000064,0.011703,0.011244
131415950473,-0.125910,0.014939,-0.053507,-0.004030,0.005847,0.007612,0.012122
131515962612,-0.026184,-0.231302,0.014591,-0.027014,0.021808,0.006635,0.014164
131615974751,-0.000832,-0.130789,-0.021929,-0.028176,0.024298,-0.000697,0.018225
131715986890,0.110810,0.079530,-0.021280,-0.031925,0.015824,0.005511,0.010843
131815999028,0.002477,0.135808,-0.001022,-0.029244,-0.000297,0.011284,0.018533
131916011167,0.087810,-0.049368,-0.038896,-0.015812,-0.002253,0.007074,0.004822
132016023306,-0.058861,-0.294838,0.085727,-0.022144,-0.000985,0.022003,0.005847
132116035445,0.097756,-0.107336,-0.029170,0.006360,0.000867,0.007687,0.015621
132216047584,-0.088299,-0.041122,-0.013029,0.002544,0.002613,0.007479,0.013680
132316059723,0.075879,-0.104067,-0.068570,-0.001843,0.000533,0.000285,0.016008
132416071862,0.003394,-0.120848,-0.088977,-0.013650,0.008517,0.003175,0.011736
132516084000,0.099988,-0.128354,-0.102673,-0.015540,0.003418,-0.010994,0.015983
132616096139,-0.115253,-0.168291,0.017246,-0.009771,0.011712,0.013425,0.019814
132716108278,-0.134940,0.001275,-0.006309,0.010103,-0.001655,-0.012188,0.012384
132816120417,-0.096344,0.158784,-0.144060,0.019621,0.007991,0.010587,0.009695
132916132556,-0.085823,-0.147229,-0.053507,0.016294,-0.005399,-0.001670,0.013575
133016144695,0.032815,0.061568,-0.075058,-0.000907,0.003196,0.008211,0.011451
133116156834,0.001889,-0.126574,-0.060329,-0.015365,0.015341,0.000470,0.011312
133216168973,0.076069,-0.148015,-0.057497,-0.009984,0.006043,-0.002217,0.023080
133316181111,-0.014955,-0.000917,-0.065798,0.002355,-0.002942,0.006129,0.020058
133416193250,0.136090,-0.301302,0.035672,0.003833,-0.015296,-0.002755,0.022872
133516205389,-0.049128,-0.088533,-0.047099,0.001684,-0.010313,0.014827,0.007552
133616217528,-0.068372,0.118104,-0.060467,0.009407,0.001017,-0.002605,0.014820
133716229667,-0.022147,0.002344,-0.080637,0.003343,0.004777,0.007814,0.015061
133816241806,0.021194,-0.052079,-0.074755,-0.004036,0.008112,-0.007145,0.020119
133916253945,-0.048873,-0.064626,0.005341,-0.011263,0.001499,-0.002752,0.015813
134016266084,0.000716,-0.059228,-0.027976,-0.020665,-0.001717,0.008440,0.018554
134116278222,0.054329,-0.190475,-0.239383,0.003346,-0.018601,0.010646,0.010433
134216290361,0.056983,-0.192165,0.013043,0.004766,-0.002729,0.004805,0.011017
134316302500,-0.004739,0.186314,0.039627,0.028729,0.001308,0.000603,0.029001
134416314639,0.023768,-0.070599,-0.030672,0.016677,-0.001008,0.000034,0.012937
134516326778,-0.047032,-0.080512,-0.015513,-0.007568,0.004507,0.003019,0.007557
134616338917,-0.026927,-0.050131,0.026418,-0.011671,0.013247,-0.009921,0.005998
134716351056,0.000833,-0.043541,-0.122356,-0.002921,0.008451,0.004940,0.011429
134816363194,0.191974,0.022101,-0.159322,-0.010634,0.004645,-0.015247,0.013692
134916375333,0.028302,-0.132726,0.031549,0.004198,-0.006502,0.002374,0.016944
135016387472,0.039884,0.064102,-0.059848,0.005725,-0.017712,0.001481,0.019084
135116399611,0.002177,-0.117543,-0.114683,0.019938,-0.003190,0.011850,0.026219
135216411750,-0.065648,-0.097271,-0.069957,0.010469,-0.002792,-0.012307,0.007628
135316423889,0.052909,0.020894,-0.015969,0.003511,0.011763,0.000033,0.014031
135416436028,0.058438,-0.103470,-0.192990,-0.013721,-0.001120,-0.005532,0.025282
135516448167,-0.099748,0.080744,-0.112059,-0.019579,0.009252,-0.006315,0.007950
135616460305,0.045450,0.070300,-0.002893,-0.010564,-0.001495,-0.007443,0.018314
135716472444,-0.058848,-0.254172,-0.093716,0.011702,-0.004392,-0.006625,0.040241
135816484583,0.035854,-0.148198,-0.151553,0.015174,-0.022604,0.007610,0.014096
135916496722,0.096051,-0.173090,-0.051474,0.031323,-0.009969,-0.010004,0.007051
136016508861,0.008841,0.158648,0.023473,0.026115,0.002729,-0.002701,0.020900
136116521000,-0.034306,0.169403,-0.003670,-0.004749,0.018562,-0.014543,0.011652
136216533139,0.044500,-0.020038,-0.058392,-0.014593,-0.001095,0.007321,0.018668
136316545277,-0.051868,-0.083484,0.060181,-0.014154,0.000886,-0.004430,0.012634
136416557416,0.072122,0.070836,-0.063739,0.006455,-0.005939,0.003175,0.013765
136516569555,-0.085770,-0.161856,-0.100740,0.013160,-0.009493,-0.001960,0.005258
136616581694,0.044441,0.010354,-0.056980,0.025989,-0.011790,0.006210,0.019641
136716593833,-0.086064,0.037046,-0.049273,0.005922,0.000849,0.006031,0.009208
136816605972,0.080045,-0.151403,-0.090581,0.006079,0.000727,-0.004961,0.014354
136916618111,0.024885,-0.176368,0.124617,-0.014442,0.014791,-0.001562,0.009588
137016630250,0.000512,0.234645,-0.119315,-0.006378,0.014414,-0.006778,0.006287
137116642388,0.043835,-0.119820,-0.132768,0.002227,-0.007993,0.002529,0.025698
137216654527,0.147900,-0.205747,-0.076227,0.015639,-0.013175,0.008287,0.012408
137316666666,-0.027169,0.052757,-0.001348,0.015951,0.001267,0.000415,0.008148
137416678805,0.021148,-0.107786,-0.043499,0.010299,0.003363,0.011672,0.020553
137516690944,0.002649,-0.113066,0.002262,-0.015659,0.016873,0.001084,0.006253
137616703083,-0.085094,-0.066752,-0.080719,-0.021445,0.002002,0.003200,0.017220
137716715222,-0.007680,-0.083378,-0.131498,-0.012313,0.003795,0.003491,0.012220
137816727361,0.050037,-0.010022,-0.019802,-0.002528,0.003669,0.002730,0.007359
137916739499,0.078037,0.010994,-0.053949,0.006046,-0.012648,0.013431,0.004912
138016751638,0.030369,-0.120950,-0.110867,0.008258,-0.001572,0.005302,0.010186
138116763777,0.066744,-0.117163,-0.073306,0.004191,0.004179,0.009497,0.011437
138216775916,-0.024334,-0.104181,-0.010990,-0.010231,0.016773,0.006430,0.011891
138316788055,-0.033752,-0.055572,-0.095955,-0.015693,0.012111,0.004198,0.007790
138416800194,-0.041657,0.126421,-0.053997,-0.025894,0.013124,0.007327,0.015598
138516812333,0.091735,0.156105,-0.014122,-0.015767,0.008266,0.007226,0.012215
138616824471,-0.081404,0.043128,0.009792,-0.012525,0.007075,0.004258,0.008056
138716836610,0.063369,0.029200,-0.112852,0.015988,-0.006090,0.006817,0.009038
138816848749,0.120626,0.002084,-0.036575,0.010892,-0.001060,0.000674,0.013561
138916860888,0.086337,0.028443,0.019081,0.015373,-0.001034,0.009259,0.012132
139016873027,0.028737,-0.079637,-0.036892,0.006982,0.002915,-0.001283,0.014040
139116885166,0.093202,-0.223747,-0.107223,-0.006836,0.016100,-0.002905,0.016872
139216897305,0.075080,-0.020868,-0.012839,-0.011304,0.008057,-0.010726,0.009667
139316909444,-0.021067,0.085475,-0.062917,-0.023208,0.015134,-0.006480,0.021036
139416921582,0.006030,-0.110430,-0.163423,-0.015669,0.001138,-0.001294,0.011111
139516933721,0.092907,-0.003374,-0.077229,-0.005072,-0.001123,-0.007120,0.015674
139616945860,0.026697,0.062992,-0.011551,-0.006988,-0.011509,0.006543,0.034666
139716957999,-0.104669,-0.032060,-0.107244,0.003867,-0.004907,0.002429,0.017726
139816970138,-0.190810,-0.390280,-0.154875,0.005335,0.024349,0.000949,0.016253
139916982277,0.164629,-0.076857,-0.151884,0.037704,0.018609,-0.018274,0.017982
140016994416,0.033741,0.281994,0.196468,0.012181,0.002186,0.001043,0.023386
140117006554,0.191633,-0.038783,-0.014867,0.024516,-0.016533,-0.000564,0.022969
140217018693,0.097047,0.011218,-0.090456,0.021592,0.014277,-0.001112,0.015088
140317030832,-0.172223,-0.158101,-0.161042,0.024281,0.008671,-0.008443,0.024338
140417042971,-0.127508,-0.175934,-0.059746,0.017338,0.003700,-0.013423,0.022295
140517055110,-0.054675,0.159160,-0.008763,0.010794,0.008395,-0.005335,0.025166
140617067249,0.071056,0.077489,-0.107129,0.008889,0.000951,-0.011861,0.012818
140717079388,-0.132171,0.011981,-0.018912,-0.007211,0.023892,-0.007607,0.019735
140817091527,0.093228,-0.035071,-0.108378,0.000031,-0.002362,-0.007237,0.014765
140917103665,0.078175,-0.141351,-0.059758,-0.016949,0.012256,0.001817,0.021013
141017115804,0.165035,-0.100044,0.062214,-0.012817,0.012740,0.003456,0.011444
141117127943,-0.086112,-0.314630,-0.122306,-0.034170,0.023259,0.008307,0.012342
141217140082,-0.122976,-0.124288,0.058572,-0.027584,0.017958,-0.001278,0.009936
141317152221,-0.088197,-0.046281,0.015514,-0.043494,0.016914,0.006920,0.014333
141417164360,0.101519,-0.136373,-0.005547,-0.021445,0.008366,0.004422,0.012112
141517176499,0.088171,0.232930,-0.105271,-0.026677,0.009308,0.016831,0.015752
141617188638,-0.033938,0.191207,-0.033197,-0.006902,0.003268,-0.002072,0.010334
141717200776,0.101915,0.056714,-0.036035,-0.011820,0.009609,0.013327,0.012279
141817212915,-0.141325,0.008206,-0.227760,-0.005631,-0.007376,0.014211,0.016327
141917225054,0.008363,0.080171,-0.085394,0.009095,0.003911,0.009229,0.025615
142017237193,0.025080,0.014912,-0.024746,0.012633,-0.000079,0.000080,0.013745
142117249332,0.025361,0.004720,-0.133857,0.001617,0.009697,-0.001712,0.013056
142217261471,0.030655,-0.141077,-0.125512,-0.010668,0.003814,0.012341,0.012001
142317273610,0.033772,0.124948,0.047626,-0.019880,0.004743,-0.000503,0.008864
142417285748,-0.128769,0.109128,0.030587,-0.019886,0.025713,0.006593,0.018584
142517297887,-0.082565,0.219694,-0.097763,-0.026238,0.020656,-0.007586,0.018661
142617310026,-0.101874,-0.187258,0.016873,-0.038291,0.018329,0.011114,0.010935
142717322165,0.033361,0.119078,0.054506,-0.026526,0.002628,-0.000687,0.030337
142817334304,-0.135829,0.057530,0.048755,-0.029222,0.021579,0.005236,0.029200
142917346443,0.095505,-0.056433,-0.063252,-0.010322,0.009924,-0.002311,0.015388
143017358582,0.091658,-0.072552,-0.183213,-0.021002,0.001098,0.006468,0.012282
143117370721,0.116976,-0.068824,-0.076009,-0.014026,0.001725,0.004318,0.014082
143217382859,-0.004388,-0.109337,0.001532,-0.010240,0.000440,0.005700,0.015193
143317394998,-0.122859,0.153087,-0.044942,0.004086,-0.010385,-0.002598,0.017996
143417407137,-0.071160,0.025036,-0.022398,-0.001230,-0.011248,0.007443,0.027815
143517419276,0.017130,0.080518,-0.066165,0.001304,-0.014509,0.003205,0.033348
143617431415,-0.016349,-0.123212,-0.057952,-0.006235,0.005126,0.004702,0.036175
143717443554,-0.096509,0.009381,-0.035317,0.007156,-0.009221,0.001164,0.015778
143817455693,-0.087400,0.068802,-0.005709,0.000968,-0.006965,0.004118,0.007085
143917467831,-0.032556,0.050015,-0.219895,0.002856,-0.005186,0.005437,0.018157
144017479970,0.042916,-0.108698,-0.157970,0.002335,-0.009005,0.009674,0.023015
144117492109,0.080128,-0.231991,-0.073047,0.009925,-0.014751,0.004341,0.019423
144217504248,-0.087806,0.100432,-0.014260,0.012789,-0.013037,0.004186,0.019513
144317516387,-0.080195,0.001148,-0.006704,0.016014,-0.016177,0.003118,0.009613
144417528526,-0.075943,-0.039306,-0.060911,0.011356,-0.011097,0.012751,0.023956
144517540665,0.057104,-0.034599,-0.030910,0.025654,-0.020068,0.006318,0.057286
144617552804,0.051007,0.051877,-0.059196,0.012852,-0.004981,0.006028,0.052940
144717564942,0.053292,0.176990,-0.034924,0.024590,-0.004175,0.003799,0.022560
144817577081,0.042072,0.055965,-0.035566,0.017791,-0.001154,0.000579,0.010232
144917589220,-0.027976,-0.009969,-0.128985,0.014805,-0.001900,-0.002543,0.007137
145017601359,0.083776,-0.039497,-0.121520,0.023434,-0.007106,0.000822,0.013558
145117613498,0.007457,-0.159222,-0.088808,0.015229,-0.003638,-0.007958,0.025514
145217625637,0.012366,0.056327,-0.003987,0.013974,0.000573,0.002832,0.044349
145317637776,0.062717,-0.141899,-0.056433,0.006238,-0.008149,-0.004218,0.035376
145417649915,0.087461,-0.113970,0.015629,0.008513,0.029905,-0.005070,0.029836
145517662053,0.020314,-0.024124,-0.020908,-0.011684,0.007796,-0.011067,0.016811
145617674192,0.185540,-0.169358,-0.077911,-0.019357,0.029838,0.006645,0.004939
145717686331,0.228571,-0.105185,-0.098062,-0.030835,0.031699,0.000656,0.017120
145817698470,-0.050249,-0.105290,0.053004,-0.035358,0.038751,0.004341,0.011200
145917710609,0.346231,-0.163433,-0.036183,-0.058975,0.031064,0.003810,0.018599
146017722748,0.149808,-0.072201,-0.021755,-0.075884,0.009983,0.042026,0.006255
146117734887,0.181339,0.212495,-0.014203,-0.076239,0.021393,0.016923,0.019682
146217747025,-0.265743,-0.163184,0.025933,-0.071667,0.044684,0.025603,0.013401
146317759164,0.394619,0.048612,-0.036331,-0.069998,0.024819,0.012222,0.013421
146417771303,0.060650,-0.054341,-0.002614,-0.069708,0.034836,0.022651,0.007148
146517783442,0.215108,0.145488,-0.032901,-0.053388,0.018602,0.011342,0.011944
146617795581,-0.208745,-0.116400,0.029223,-0.053384,0.032903,0.013617,0.013180
146717807720,0.035864,-0.201674,-0.007560,-0.043436,0.012824,0.006392,0.019433
146817819859,-0.116951,-0.040183,-0.087769,-0.041250,0.003483,0.014363,0.019816
146917831998,0.118681,0.216429,-0.031294,-0.039158,0.015209,0.004882,0.011981
147017844136,-0.049831,0.213771,-0.066530,-0.028372,0.020321,0.014529,0.020566
147117856275,0.049524,0.028327,-0.107713,-0.017126,0.003703,-0.001548,0.017163
147217868414,0.025308,0.033269,-0.103148,-0.010411,0.010890,0.000870,0.018962
147317880553,0.212342,0.021448,-0.120959,0.000582,-0.005310,-0.009011,0.040548
147417892692,-0.047146,-0.072353,-0.030360,-0.007243,-0.001518,0.015143,0.020020
147517904831,-0.121329,0.033441,0.068666,0.010023,-0.023665,-0.002532,0.037336
147617916970,-0.114779,0.106817,0.049062,0.010962,-0.008244,-0.002785,0.015192
147717929109,0.061587,-0.061061,-0.128826,0.022166,-0.013588,-0.008465,0.030851
147817941247,0.255999,-0.165928,-0.175279,0.045836,-0.038522,-0.014697,0.020184
147917953386,-0.078033,-0.290862,-0.155719,0.035030,-0.023099,-0.018189,0.036446
148017965525,0.101932,0.234273,0.012886,0.046945,-0.006290,-0.014968,0.041259
148117977664,-0.155584,0.247390,-0.085511,0.018230,0.005155,-0.009658,0.032157
148217989803,0.243624,-0.161933,-0.122732,0.036253,-0.026759,0.006711,0.025707
148318001942,-0.243661,-0.281967,-0.001388,0.013058,-0.007178,0.007398,0.016250
148418014081,-0.088768,0.002834,0.127720,0.043345,-0.000171,-0.011084,0.019242
148518026219,-0.140742,0.153399,0.066321,0.008645,0.005835,0.001750,0.006794
148618038358,0.170406,0.120721,-0.072579,0.029586,-0.010577,0.011750,0.005911
148718050497,0.108083,-0.036824,-0.100261,-0.000887,0.010907,0.006362,0.005000
148818062636,0.102049,0.099083,-0.126498,0.019816,0.010271,-0.002875,0.006806
148918074775,0.051023,-0.197704,-0.021057,-0.009447,0.018395,-0.004358,0.012640
149018086914,-0.137806,0.131680,-0.017601,-0.001767,0.008480,0.005225,0.004105
149118099053,-0.156644,-0.055328,-0.031798,-0.032845,0.016286,0.001592,0.017911
149218111192,-0.001275,0.024053,-0.013974,-0.011809,0.022241,-0.000343,0.035910
149318123330,0.101574,-0.116474,-0.071060,-0.035545,0.016943,-0.002239,0.030469
149418135469,0.156422,0.078041,-0.080945,-0.019260,0.016953,0.000391,0.010353
149518147608,-0.155496,0.474764,-0.018073,-0.032657,0.008367,0.000600,0.013759
149618159747,-0.074169,0.079000,-0.121651,-0.018230,0.018159,0.000489,0.021793
149718171886,-0.006602,-0.095413,-0.066797,-0.031539,0.013929,0.002657,0.020001
149818184025,0.192108,-0.184508,-0.101193,-0.026002,-0.000733,-0.000967,0.013889
149918196164,0.139242,0.018835,-0.051130,-0.017777,0.002464,0.007429,0.011467
150018208302,0.037879,0.030077,-0.115675,-0.012008,-0.003831,0.005510,0.022297
150118220441,0.086687,-0.000104,-0.129609,-0.009736,-0.002764,0.002630,0.017067
150218232580,-0.086585,-0.160705,0.004809,-0.014438,0.004829,0.011634,0.010206
150318244719,0.115943,-0.174825,-0.064399,-0.001087,-0.008225,0.003795,0.016111
150418256858,-0.109825,-0.017490,-0.015649,-0.002024,0.001794,0.017337,0.017734
150518268997,-0.093404,0.099383,-0.012065,0.020392,-0.012442,0.001668,0.021904
150618281136,-0.080271,0.082628,0.021099,0.014025,-0.006657,0.007041,0.006786
150718293275,-0.012611,-0.037993,-0.080777,0.017884,-0.010705,0.004714,0.002026
150818305413,0.164063,-0.250811,-0.071826,0.020926,-0.021446,0.000501,0.005908
150918317552,0.118992,-0.131207,-0.125730,0.023371,-0.022529,0.000947,0.005916
151018329691,0.017035,0.314196,-0.102610,0.016414,-0.025545,0.011343,0.009084
151118341830,-0.070651,-0.004995,-0.028119,0.022918,-0.020549,0.007030,0.009025
151218353969,0.082431,-0.030087,-0.049355,0.023381,-0.015833,0.002217,0.029698
151318366108,-0.128516,0.154764,0.008521,0.026680,-0.020369,0.008185,0.038628
151418378247,-0.106252,0.282183,0.085640,0.022243,-0.012664,-0.000505,0.021336
151518390386,-0.062380,-0.009176,-0.045488,0.007460,-0.006668,0.003356,0.010358
151618402524,0.148211,-0.306181,-0.071224,0.024565,-0.014342,0.006797,0.013785
151718414663,0.081987,-0.169543,-0.068510,0.015246,-0.009603,-0.001154,0.018262
151818426802,0.017809,0.042920,-0.058930,0.021523,-0.021460,0.008009,0.005272
151918438941,-0.120431,0.075513,0.014831,0.021674,-0.023399,0.003336,0.019078
152018451080,0.003430,0.012208,-0.046312,0.026501,-0.005483,0.002557,0.014641
152118463219,-0.037296,-0.109052,-0.018251,0.025496,-0.010580,0.007774,0.014133
152218475358,0.039511,-0.126701,-0.117718,0.019566,-0.014488,0.003148,0.021865
152318487496,-0.005466,0.198713,-0.113055,0.025023,-0.004847,0.003539,0.030738
152418499635,0.118368,0.166752,-0.077504,0.027337,-0.017562,-0.001934,0.013794
152518511774,-0.058859,-0.040187,-0.124612,0.024521,-0.007488,0.001435,0.019373
152618523913,0.071796,-0.099835,-0.110584,0.030347,-0.031270,0.004192,0.008210
152718536052,-0.068438,-0.104719,-0.059925,0.030330,-0.027853,0.000013,0.011515
152818548191,0.246021,-0.265734,-0.073137,0.045022,-0.016260,0.008726,0.021922
152918560330,0.115439,-0.309209,0.127045,0.035184,-0.013843,0.005507,0.017512
153018572469,0.096835,-0.001249,0.028596,0.032616,-0.013621,0.006865,0.018349
153118584607,-0.027075,0.229283,0.160523,0.021832,-0.032688,0.017397,0.012763
153218596746,-0.045321,0.280156,0.086408,0.037995,0.003540,-0.009668,0.018864
153318608885,-0.121454,-0.373852,-0.250794,0.018639,0.014033,0.001942,0.012958
153418621024,0.015520,0.053424,0.068351,0.037863,-0.022212,-0.001157,0.008527
153518633163,-0.142799,-0.008940,0.053740,0.010367,-0.011498,0.017066,0.009739
153618645302,0.079465,0.045098,0.011271,0.027653,-0.005457,0.000788,0.022721
153718657441,-0.047014,-0.257439,-0.091509,0.014125,0.002514,0.002126,0.026267
153818669579,0.033718,0.066198,-0.105237,0.023037,0.009116,0.000074,0.022848
153918681718,-0.013431,-0.100143,0.028405,0.010770,-0.000933,0.014332,0.006868
154018693857,-0.043558,-0.022524,-0.179400,0.017535,-0.011593,0.006312,0.015208
154118705996,-0.096989,0.117480,-0.070990,0.013650,0.010086,0.005360,0.022087
154218718135,-0.048252,0.176033,0.033783,0.013326,0.001131,-0.001817,0.043012
154318730274,-0.032453,0.051277,0.105034,-0.004216,0.015029,-0.006043,0.022412
154418742413,0.348742,-0.023373,-0.556914,0.018542,-0.019702,-0.002021,0.025244
154518754552,0.057324,-0.049212,-0.174885,0.011419,0.022177,0.018632,0.014931
154618766690,-0.224155,0.236395,0.160064,0.008620,0.022054,0.009022,0.019667
154718778829,-0.011214,0.030591,-0.006918,0.018499,-0.001837,-0.005003,0.007452
154818790968,0.001528,-0.065266,-0.135320,0.003209,0.002504,0.003576,0.024267
154918803107,0.071424,-0.027416,-0.097424,0.006257,0.004978,0.004706,0.052782
155018815246,-0.192803,0.238334,0.114191,-0.005164,0.000901,0.001510,0.052108
155118827385,-0.017626,0.141864,-0.107371,-0.005141,0.001043,-0.003812,0.020880
155218839524,0.057829,-0.102039,-0.061912,-0.021301,0.004577,-0.009961,0.031747
155318851663,0.101598,0.123585,-0.177471,-0.004722,-0.005908,-0.016009,0.023074
155418863801,0.045142,0.008195,-0.167065,-0.012360,-0.007702,-0.001893,0.014349
155518875940,-0.059107,-0.138914,0.047673,-0.018223,0.007117,-0.009080,0.029438
155618888079,-0.099134,-0.112541,0.019238,-0.024687,0.029208,-0.011037,0.014309
155718900218,0.026105,0.090989,0.091982,-0.011218,0.020013,-0.007561,0.013644
155818912357,0.142040,0.143349,-0.167753,-0.018497,0.013819,-0.009436,0.004737
155918924496,0.111919,0.096754,-0.174197,-0.018566,0.006883,-0.004543,0.010841
156018936635,0.102911,-0.178852,-0.032484,-0.027001,0.015300,-0.001376,0.007426
156118948773,-0.084944,-0.049838,-0.040108,-0.030600,0.019261,-0.001056,0.013424
156218960912,-0.040329,0.106304,-0.103043,-0.020351,0.009044,0.001169,0.017633
156318973051,0.398826,0.214603,0.075902,-0.021760,-0.016298,-0.026771,0.026992
156418985190,1.050813,0.384380,0.294385,-0.020834,-0.053623,-0.123093,0.017781
156518997329,0.778991,0.414426,-0.272723,0.059189,-0.033074,-0.054728,0.013425
156619009468,0.098376,-0.256695,-0.290822,0.014582,-0.064650,-0.019307,0.015950
156719021607,-0.690660,-0.126442,0.145226,0.063191,-0.053098,-0.064811,0.018468
156819033746,-0.102620,-0.038512,-0.084873,0.069888,0.010361,-0.042746,0.012315
156919045884,-0.373242,-0.266561,0.047711,0.066644,-0.021558,-0.062100,0.013889
157019058023,0.492959,-0.307965,-0.235598,0.068894,-0.060713,-0.002012,0.014312
157119070162,0.209409,-0.383486,-0.161436,0.057014,-0.049574,-0.027103,0.014204
157219082301,0.376317,0.126734,0.094511,0.076698,-0.014869,-0.020015,0.008973
157319094440,-0.292308,-0.183089,-0.142525,0.047786,-0.017892,-0.013662,0.018035
157419106579,0.074769,-0.132788,-0.176602,0.062117,-0.032178,-0.010613,0.004416
157519118718,-0.270125,-0.203158,0.077866,0.035095,-0.020554,0.003316,0.002741
157619130857,0.076498,0.053589,-0.136761,0.045267,-0.019505,-0.011386,0.008396
157719142995,-0.219848,-0.026162,-0.071278,0.011160,0.008904,0.012801,0.018640
157819155134,0.284091,-0.154317,-0.183690,0.028365,0.009722,-0.013324,0.019355
157919167273,0.113658,-0.277070,-0.142699,0.001521,0.018003,0.012418,0.013488
158019179412,0.151634,0.116926,-0.078890,0.011310,-0.001237,0.004697,0.018455
158119191551,0.152809,-0.192184,-0.069832,-0.010184,0.009227,0.014555,0.012158
158219203690,-0.144562,-0.023286,0.026708,-0.006023,0.013457,0.007522,0.011295
158319215829,-0.084627,0.026677,-0.021744,-0.026566,0.017295,0.008481,0.005063
158419227967,-0.138485,0.009543,-0.041762,-0.030958,0.017945,0.008516,0.010214
158519240106,0.144619,-0.182151,-0.118973,-0.026801,0.007650,0.007055,0.014371
158619252245,0.019430,-0.191261,-0.019211,-0.042677,0.028713,0.006145,0.027681
158719264384,0.106107,0.112286,-0.057087,-0.034757,0.018851,0.007599,0.022258
158819276523,-0.073764,-0.142075,-0.078151,-0.048241,0.028295,0.006052,0.008199
158919288662,0.041286,-0.058175,-0.107939,-0.039271,0.021057,0.005846,0.017320
159019300801,-0.126118,-0.292189,-0.099468,-0.048173,0.013601,0.008441,0.016584
159119312940,0.043803,0.054728,-0.053609,-0.032089,0.009947,0.000268,0.008500
159219325078,-0.045583,0.211221,-0.109391,-0.041154,0.010261,0.007111,0.015752
159319337217,0.120272,-0.302884,-0.103056,-0.026782,-0.002179,0.005830,0.019480
159419349356,-0.131157,-0.205812,0.018423,-0.024512,0.011713,0.007140,0.020977
159519361495,-0.045851,0.140233,-0.042279,-0.007924,-0.007900,0.001834,0.014847
159619373634,0.028487,0.021583,-0.081824,-0.006601,0.008795,0.001047,0.008210
159719385773,0.033553,-0.004537,-0.039377,-0.005748,-0.001197,0.008927,0.017321
159819397912,0.063402,-0.242118,-0.054004,-0.008250,-0.007831,0.002741,0.018350
159919410050,0.139040,-0.136854,-0.057462,-0.000080,-0.006038,0.002189,0.017621
160019422189,-0.016070,0.178116,0.004614,0.006954,-0.011758,-0.000965,0.023349
160119434328,-0.062741,-0.123095,-0.136054,0.013237,-0.013194,-0.002539,0.020139
160219446467,0.081207,-0.112829,-0.122543,0.009972,-0.015537,0.020122,0.015139
160319458606,0.071475,-0.069489,-0.049094,0.000532,-0.005269,0.007694,0.011111
160419470745,-0.089463,0.217679,0.054354,0.005504,0.019593,0.002446,0.011273
160519482884,-0.021877,0.128971,0.056363,-0.007640,0.015853,-0.006054,0.011349
160619495023,-0.023981,-0.008594,-0.035161,-0.010547,-0.006463,0.011536,0.009701
160719507161,-0.096938,0.378542,-0.046514,-0.035147,-0.007175,0.006302,0.010888
160819519300,-0.177107,0.091934,-0.128672,-0.029567,-0.000331,0.005301,0.004113
160919531439,-0.178799,0.072791,-0.018838,-0.010571,0.013133,0.013493,0.015388
161019543578,-0.230110,0.533110,0.066689,0.014589,0.014825,-0.027406,0.027172
161119555717,-0.175408,0.622970,0.114762,0.002571,0.015677,-0.019932,0.042521
161219567856,-0.113930,0.279563,-0.015328,-0.017173,-0.003556,0.004620,0.070085
161319579995,-0.338622,0.527302,0.122136,-0.016682,-0.000521,0.005260,0.084192
161419592134,-0.175574,0.420884,0.078016,0.003012,0.021081,-0.012098,0.122761
161519604272,-0.469710,0.283661,0.020615,-0.023305,0.022923,-0.010612,0.138037
161619616411,-0.463352,0.425360,-0.054622,-0.018846,-0.016764,0.026446,0.198714
161719628550,-0.146164,0.498779,0.088241,-0.050794,-0.000126,0.021351,0.256159
161819640689,-0.067951,0.208614,0.003792,-0.050036,0.042976,0.008953,0.308619
161919652828,0.002956,0.242004,-0.005785,-0.066211,0.044028,0.017607,0.364576
162019664967,-0.361560,0.429749,0.003209,-0.066279,0.008089,0.020769,0.372891
162119677106,-0.263933,0.022526,-0.012948,-0.076518,0.019621,0.033550,0.491296
162219689244,-0.299771,0.436726,-0.104238,-0.071595,0.024382,0.012102,0.545281
162319701383,-0.227577,0.736691,-0.054991,-0.072863,0.042227,0.012451,0.557357
162419713522,-0.286190,0.253414,-0.052424,-0.088200,0.036896,0.036689,0.558777
162519725661,0.211962,0.834539,-0.071062,-0.060504,0.008118,0.028997,0.604411
162619737800,-0.298719,0.426348,-0.038255,-0.078438,0.044320,0.021188,0.657299
162719749939,-0.471364,-0.131864,-0.135290,-0.008298,0.013019,-0.005011,0.669658
162819762078,-0.432109,0.163338,-0.010638,-0.043235,0.015897,0.011789,0.807479
162919774217,0.219660,0.271208,-0.069659,0.002785,-0.006663,-0.025865,0.786447
163019786355,0.577920,0.225355,-0.169055,-0.043658,-0.000684,0.019463,0.851492
163119798494,0.655216,-0.038939,-0.135061,0.039937,-0.039543,-0.004964,0.941290
163219810633,-0.025509,-0.245545,0.117469,-0.006774,0.028216,-0.009308,0.903073
163319822772,-0.393798,-0.122238,-0.036098,0.019966,0.018616,-0.022887,1.019104
163419834911,-0.680764,0.067756,-0.087724,-0.019000,0.006068,0.025086,0.941600
163519847050,-0.050574,0.267127,0.042113,0.030163,-0.034427,-0.026384,0.946187
163619859189,0.449364,-0.230949,-0.167695,0.022366,-0.011480,-0.013231,1.037271
163719871327,0.250253,-0.108744,-0.219179,0.034027,0.003186,-0.035241,0.968120
163819883466,0.066062,-0.117819,-0.038945,0.013506,0.006450,-0.043966,0.952910
163919895605,-0.239737,0.036701,0.168252,0.048818,-0.020549,-0.032756,1.042279
164019907744,0.252129,0.110606,-0.018983,0.019123,0.007873,-0.005056,1.004861
164119919883,0.400875,-0.474767,-0.228057,0.003146,0.013288,-0.000787,1.029110
164219932022,-0.011281,-0.271357,-0.014700,0.001553,0.014688,0.026622,1.023245
164319944161,-0.008620,-0.974028,-0.091900,-0.034528,0.001818,0.025279,1.004255
164419956300,0.415645,-0.827710,-0.023211,-0.020478,-0.001346,0.027028,1.040769
164519968438,0.414984,-0.944551,-0.114442,-0.032133,-0.005991,0.024389,1.035533
164619980577,0.079122,-1.149189,-0.111454,-0.047814,0.014215,0.003526,0.979641
164719992716,0.168897,-0.480304,-0.041141,-0.027886,0.023134,0.019950,1.053901
164820004855,-0.158258,-0.588734,-0.155207,-0.022787,0.003282,0.012898,0.917998
164920016994,0.158421,-0.295709,0.017680,-0.017676,0.006707,-0.004574,0.884996
165020029133,-0.045630,-0.358536,0.093537,-0.003542,0.015340,0.022579,0.840353
165120041272,-0.005315,0.168519,-0.324102,0.038330,0.015577,0.006011,0.739161
165220053411,0.107320,0.465926,-0.007096,0.005543,0.040531,-0.040213,0.713628
165320065549,-0.044452,0.346147,0.124075,0.035512,0.006145,0.010740,0.641062
165420077688,-0.201690,-0.017058,-0.141686,-0.001052,-0.024948,0.033268,0.595333
165520089827,0.082654,0.976574,0.095072,0.010032,0.000523,0.039066,0.640114
165620101966,-0.137477,0.102180,0.050656,0.013990,0.002323,0.024653,0.604893
165720114105,0.216971,0.209749,-0.260501,0.047099,-0.013462,0.027532,0.652559
165820126244,-0.091694,-0.199455,-0.053339,0.041626,-0.000108,0.048608,0.666461
165920138383,-0.124707,-0.389196,-0.037712,0.052954,-0.018268,-0.004668,0.716587
166020150521,-0.265528,-0.209858,-0.010344,0.043482,-0.027528,0.015353,0.756158
166120162660,-0.003562,-0.136422,0.105026,0.033019,-0.024229,0.010192,0.821238
166220174799,0.064298,-0.056124,0.060754,0.023946,-0.009806,0.012058,0.759666
166320186938,0.186019,-0.105258,-0.049055,0.006957,-0.003289,0.027379,0.810224
166420199077,-0.072908,-0.693145,-0.125936,-0.006701,-0.014380,0.028962,0.797533
166520211216,0.063151,-0.370697,-0.070387,0.013405,-0.016545,0.019370,0.738443
166620223355,-0.055106,-0.280134,-0.057882,0.029527,0.007166,0.010004,0.724865
166720235494,-0.395429,-0.012939,-0.179479,-0.011487,0.041285,-0.009179,0.755493
166820247632,-0.458942,0.047174,-0.046320,-0.021719,0.008000,0.018928,0.737476
166920259771,-0.098450,0.540766,0.113906,-0.002093,0.006291,-0.003504,0.671046
167020271910,-0.155042,0.091050,0.006721,-0.006312,0.025075,-0.003310,0.640975
167120284049,-0.250628,0.328530,0.022572,0.027436,0.001541,-0.010982,0.599477
167220296188,-0.082159,0.434266,-0.050946,0.027161,-0.017886,-0.001699,0.615550
167320308327,-0.265254,0.352226,-0.073766,0.015321,-0.017531,0.004321,0.687247
167420320466,0.031439,0.288641,-0.151815,0.005421,0.033145,-0.013318,0.646555
167520332605,0.170178,-0.085265,-0.276775,-0.001442,-0.004106,0.013714,0.739610
167620344743,0.005439,-0.116055,-0.162649,-0.017629,-0.035387,0.043497,0.733627
167720356882,-0.376619,-0.396351,0.087380,-0.029599,-0.005063,0.034423,0.765883
167820369021,0.080180,-0.133418,-0.021139,-0.006954,0.005995,0.005059,0.805461
167920381160,0.143311,0.414444,-0.087817,-0.067531,0.044785,0.045777,0.911679
168020393299,-0.156962,0.207562,0.005110,-0.061389,0.028246,0.029290,0.883350
168120405438,0.115368,0.179059,-0.102030,-0.034637,0.028540,0.021624,0.843023
168220417577,-0.171938,0.132717,-0.090545,-0.030986,-0.000671,0.010779,0.805137
168320429715,0.186206,-0.134116,-0.242903,-0.025615,-0.019655,-0.002478,0.820612
168420441854,0.116332,-0.705113,-0.207993,-0.046550,-0.009241,0.001147,0.859900
168520453993,0.298197,-0.515358,0.082160,-0.009786,-0.010712,-0.015523,0.859103
168620466132,0.329976,-0.314026,-0.029079,-0.009244,0.021525,-0.018476,0.897405
168720478271,0.542659,-0.311543,-0.254401,0.017097,0.017770,-0.022204,0.924745
168820490410,0.361120,0.175288,0.057423,0.001506,0.020852,-0.001663,0.884724
168920502549,0.423445,0.116194,-0.008944,0.034925,0.000444,-0.007500,0.900499
169020514688,-0.116551,-0.025371,-0.046910,-0.010961,-0.013376,0.005369,0.787536
169120526826,0.192663,-0.125942,-0.071303,0.004955,-0.000183,0.020250,0.782393
169220538965,0.147560,-0.190217,-0.050415,0.006045,-0.006532,-0.004497,0.741111
169320551104,0.252739,-0.505104,-0.080764,-0.007197,0.001377,0.026779,0.750530
169420563243,0.253021,-0.309508,-0.064671,0.001547,-0.006810,0.014358,0.784488
169520575382,0.356878,-0.462947,-0.046092,0.004373,-0.003122,0.027748,0.773571
169620587521,0.222025,0.020494,-0.146917,0.027761,-0.016087,0.006394,0.765368
169720599660,-0.046856,-0.326616,-0.158016,0.015131,0.003812,0.013417,0.761580
169820611798,0.017805,-0.424392,0.023205,0.006282,0.002493,0.011387,0.764672
169920623937,0.060830,-0.396715,0.017431,0.026665,-0.005149,0.006251,0.682842
170020636076,0.248049,-0.096609,-0.047927,0.020896,-0.008997,-0.004438,0.690833
170120648215,0.161377,0.073026,-0.097660,-0.001872,0.001752,0.019240,0.677280
170220660354,0.074705,-0.233816,-0.072325,0.024210,-0.005193,-0.011322,0.711686
170320672493,-0.084496,0.143497,-0.030058,-0.000317,0.003533,0.009816,0.639516
170420684632,-0.243793,-0.160830,-0.132518,-0.001678,-0.020528,0.007615,0.643931
170520696771,-0.241889,-0.278111,-0.058837,-0.014654,-0.010352,0.029811,0.598120
170620708909,0.114833,-0.056672,0.005630,0.007532,0.012349,0.004627,0.656362
170720721048,0.440573,-0.163580,-0.214351,-0.011057,0.009798,0.013388,0.599102
170820733187,0.351035,-0.215506,-0.119931,0.018619,-0.007582,0.003713,0.649715
170920745326,-0.033745,-0.333640,-0.041527,-0.029622,0.005805,0.017434,0.625535
171020757465,-0.387552,-0.310629,-0.075237,-0.012026,0.023284,0.029687,0.592554
171120769604,-0.329610,-0.080483,-0.034973,-0.043798,0.034607,0.022377,0.635133
171220781743,-0.119597,-0.033059,-0.084620,-0.031354,0.011996,0.027829,0.616212
171320793882,0.382134,0.085534,-0.049907,-0.028657,0.009595,0.039946,0.526827
171420806020,-0.237527,0.049623,-0.141982,-0.025040,0.008226,0.033157,0.563627
171520818159,-0.178288,0.230022,-0.039122,-0.005321,0.010236,0.025420,0.493211
171620830298,-0.062833,0.126559,0.072343,-0.004556,0.014766,-0.016100,0.434406
171720842437,0.144505,0.568373,0.083813,-0.019454,0.005040,0.011352,0.529439
171820854576,0.083642,0.388803,0.059024,0.006020,-0.024382,0.005525,0.479685
171920866715,-0.268113,0.321526,0.087712,-0.011223,-0.014128,-0.017017,0.484211
172020878854,-0.779105,0.560311,0.334928,0.011478,-0.008946,-0.027956,0.541022
172120890992,-0.563208,0.340938,0.229994,-0.008652,-0.025225,-0.074066,0.562194
172220903131,-0.322181,-0.262035,-0.050094,-0.040738,-0.008744,-0.023699,0.549406
172320915270,0.880171,-0.430323,-0.544990,0.017433,-0.020395,-0.025113,0.623926
172420927409,0.354636,-0.355753,-0.306054,-0.017151,0.007312,0.006270,0.740766
172520939548,0.311095,-0.078576,-0.038823,0.011015,0.036320,0.049855,0.667350
172620951687,-0.256171,-0.249874,-0.187481,-0.031656,0.043246,0.061064,0.821775
172720963826,0.124782,-0.403663,-0.200225,-0.041558,0.061750,0.065058,0.786372
172820975965,-0.146582,-0.565597,0.065872,-0.055890,0.069261,0.090115,0.660623
172920988103,0.085634,0.260845,0.248417,-0.075439,0.041189,0.068231,0.641225
173021000242,-0.410889,-0.189711,0.286798,-0.077864,0.029129,0.081921,0.691569
173121012381,-0.207589,0.201006,0.013288,-0.079752,0.026082,0.049192,0.592726
173221024520,-0.630025,-0.131315,-0.131142,-0.099488,0.065151,0.040481,0.558975
173321036659,-0.123276,0.535927,0.004449,-0.085852,0.051834,0.036630,0.503958
173421048798,-0.593783,0.515217,-0.099166,-0.113898,0.041177,0.057954,0.591609
173521060937,0.255250,0.294894,0.054557,-0.063904,0.006801,0.048532,0.559479
173621073075,-0.039372,-0.395027,0.062407,-0.086816,0.009872,0.039292,0.496574
173721085214,0.344804,0.041846,-0.039731,-0.041402,0.000458,0.005919,0.589660
173821097353,-0.001472,0.085583,-0.007329,-0.087647,0.032906,0.033016,0.595879
173921109492,0.406570,0.342852,-0.145425,-0.013922,0.008184,0.005646,0.647710
174021121631,-0.639849,0.000425,-0.019551,-0.079190,0.032597,0.020827,0.631010
174121133770,-0.127842,-0.332256,-0.137431,-0.021937,-0.001559,-0.012088,0.623273
174221145909,-0.222067,-0.502062,-0.019665,-0.087730,0.012980,0.025906,0.627386
174321158048,0.785735,-0.379750,-0.172797,-0.013551,-0.007824,-0.008609,0.556573
174421170186,0.399216,-0.680344,-0.080163,-0.053185,0.017921,-0.005788,0.596771
174521182325,0.721023,-0.556215,-0.023853,0.012977,-0.000397,-0.032580,0.562302
174621194464,0.164379,-0.910557,-0.318409,-0.029571,-0.008494,0.008963,0.588776
174721206603,0.015645,-0.648226,-0.031583,0.024652,-0.015102,-0.005535,0.635759
174821218742,0.095727,-1.066900,-0.051553,0.009411,-0.003210,-0.013725,0.583516
174921230881,0.664390,-0.855728,-0.122525,0.034680,-0.008344,-0.032386,0.460145
175021243020,0.685099,-0.508106,-0.018891,0.029695,-0.012636,-0.009960,0.471660
175121255159,0.054476,0.346328,0.038237,0.048935,-0.010782,-0.023826,0.330166
175221267297,0.072829,0.227795,-0.148567,0.047044,-0.000374,-0.020041,0.242622
175321279436,-0.093650,-0.408971,-0.252760,0.063128,-0.020241,-0.026450,0.144146
175421291575,-0.225436,0.227346,0.016254,0.060058,-0.012845,-0.023242,0.064724
175521303714,-0.519790,-0.159724,0.032587,0.053455,-0.000637,-0.028569,0.035785
175621315853,0.050049,0.369920,-0.035164,0.062355,-0.016135,-0.025984,0.015874
175721327992,-0.367466,0.355187,0.076055,0.021008,-0.008849,-0.002376,0.016303
175821340131,0.215253,0.164894,-0.086284,0.052369,-0.029305,-0.015803,0.020637
175921352269,-0.517116,0.061716,-0.081076,0.002250,-0.006132,0.009653,0.019957
176021364408,-0.244653,0.473287,-0.055879,0.034251,-0.006986,-0.013707,0.024779
176121376547,-0.498564,0.412144,-0.022779,-0.029568,0.035467,0.017239,0.043672
176221388686,0.083020,0.253415,-0.060159,0.002868,-0.007146,0.009799,0.100042
176321400825,0.154659,0.487600,-0.108628,-0.058543,0.033929,0.035882,0.104850
176421412964,0.017813,0.645355,-0.026296,-0.034324,0.018747,0.023885,0.145510
176521425103,-0.259164,0.289400,0.028632,-0.069770,0.040186,0.040642,0.184443
176621437242,-0.671592,0.099456,0.137349,-0.049877,0.029710,0.018511,0.217125
176721449380,-0.385169,0.530594,-0.022088,-0.072437,0.039789,0.037510,0.240580
176821461519,-0.334824,0.469234,-0.024272,-0.066169,0.021384,0.038141,0.272385
176921473658,0.478994,0.481698,-0.078220,-0.082568,0.029667,0.053389,0.337956
177021485797,-0.017918,0.748079,-0.116806,-0.062065,0.033811,0.045337,0.369380
177121497936,0.092356,0.546670,0.023926,-0.059991,0.016501,0.033161,0.390585
177221510075,-0.540097,0.204016,0.108644,-0.056471,0.027274,0.039736,0.509156
177321522214,-0.285610,0.295961,0.008554,-0.038589,0.025622,0.016230,0.552820
177421534352,-0.708798,-0.110283,-0.041627,-0.050615,0.042077,0.014793,0.508553
177521546491,-0.116352,-0.078760,0.176080,-0.037497,0.039562,-0.022990,0.621056
177621558630,-0.775536,-0.445220,0.285012,-0.028270,0.047108,-0.045300,0.582967
177721570769,0.156390,0.432046,0.003493,0.061529,0.020057,-0.114802,0.710745
177821582908,0.929157,-0.019009,-0.520799,0.041632,0.056505,-0.087543,0.683188
177921595047,1.309632,-0.184374,-0.677055,0.063416,-0.013980,-0.066356,0.729298
178021607186,0.843073,-0.834250,-0.486658,0.041973,-0.034436,0.023357,0.746430
178121619325,-0.294434,-0.492640,0.031508,0.037760,-0.021936,0.019101,0.696681
178221631463,-0.172774,-0.553086,-0.081924,0.066909,-0.033479,0.003583,0.716373
178321643602,-0.012329,-0.681105,-0.181257,0.076084,-0.048778,0.001765,0.660372
178421655741,0.806583,-0.664139,0.055891,0.064922,-0.024628,-0.024648,0.670965
178521667880,-0.142880,-1.478958,-0.034923,0.035396,-0.024193,-0.007273,0.537040
178621680019,0.377729,-1.814492,-0.020894,0.052859,-0.040264,-0.007097,0.456972
178721692158,-0.545570,-0.058709,0.353404,0.005467,0.006260,-0.009297,0.433111
178821704297,-0.214900,0.422202,0.070488,0.034753,0.016486,-0.021101,0.348089
178921716436,-0.295823,0.013245,-0.307058,-0.016784,0.023389,0.003069,0.275896
179021728574,0.093777,0.210889,-0.179953,0.002923,0.000276,0.007833,0.146975
179121740713,0.047182,0.178807,0.076149,-0.038625,0.013857,0.014721,0.026728
179221752852,0.227739,0.007709,-0.081612,0.005923,-0.002695,0.002537,0.074799
179321764991,-0.203627,-0.039788,-0.027728,-0.019057,0.014056,0.020870,0.029116
179421777130,-0.182874,-0.218889,-0.047013,-0.004403,0.004940,0.000894,0.022186
179521789269,-0.311054,-0.269760,0.038196,-0.029616,0.020369,0.027099,0.022390
179621801408,0.012805,0.197498,-0.045279,-0.011038,0.000771,0.010497,0.016488
179721813546,0.343955,0.179136,-0.062696,-0.061655,0.025597,0.026707,0.004798
179821825685,0.196535,0.242641,-0.027623,-0.027512,0.011571,0.016569,0.007389
179921837824,-0.041256,0.109152,-0.022024,-0.046059,0.026272,0.017846,0.007608
180021849963,-0.368691,0.063319,0.009084,-0.035687,0.021439,0.021208,0.022225
180121862102,-0.102172,0.093364,-0.085682,-0.030030,0.002052,0.013034,0.033642
180221874241,-0.242432,0.215917,-0.143723,-0.020572,0.010873,0.017063,0.007187
180321886380,0.023842,0.218648,-0.122752,-0.008815,0.012690,0.009514,0.007630
180421898519,-0.101753,-0.035668,-0.111699,-0.025949,0.009217,0.015086,0.006537
180521910657,-0.067801,-0.055073,-0.037718,-0.020212,0.006123,0.010656,0.009151
180621922796,-0.104132,0.054075,-0.033736,-0.021624,0.011591,0.012722,0.011716
180721934935,0.082933,0.073030,-0.175044,-0.021090,0.010273,0.021813,0.005848
180821947074,-0.211081,-0.040438,0.046356,-0.021270,0.004307,0.012927,0.004566
180921959213,0.050497,-0.076954,0.005397,-0.025038,0.006249,0.008735,0.012608
181021971352,-0.180767,0.119622,-0.046738,-0.028928,-0.002100,0.018707,0.008483
181121983491,-0.070902,0.173012,0.025893,-0.008986,-0.004855,0.007060,0.013725
181221995630,-0.037207,0.122690,0.020008,0.013923,0.002893,-0.000148,0.023645
181322007768,-0.087854,0.035777,-0.032700,0.011397,-0.000723,0.006431,0.013962
181422019907,-0.074001,0.165243,-0.014873,0.010812,-0.000546,0.008339,0.025026
181522032046,-0.065925,0.208426,-0.006075,0.001074,0.011448,-0.002549,0.033870
181622044185,-0.015979,0.191896,-0.063561,-0.010117,0.014896,-0.001983,0.015866
181722056324,-0.099771,0.284360,-0.075660,-0.005250,0.013849,-0.003340,0.014142
181822068463,0.008186,0.185270,-0.003928,-0.004658,-0.003913,0.006977,0.012644
181922080602,-0.122026,0.056698,0.012275,-0.000195,-0.005345,0.019480,0.016032
182022092740,-0.154283,0.094912,-0.020994,0.009495,0.005399,0.025830,0.012878
182122104879,-0.157511,0.191927,0.045012,0.004735,0.020872,0.005934,0.022953
182222117018,-0.141327,0.065454,-0.059341,-0.008071,0.013530,0.002132,0.009565
182322129157,-0.078779,0.055531,-0.068343,-0.025132,0.020036,0.000866,0.009732
182422141296,-0.197721,0.292850,0.024272,-0.026605,0.005589,-0.004357,0.007049
182522153435,0.008171,0.048420,-0.018216,-0.008501,-0.000073,0.007245,0.025862
182622165574,0.034172,-0.049404,-0.055526,0.000602,0.000340,0.006102,0.024948
182722177713,-0.112099,0.077657,0.004024,0.013138,-0.000725,0.005065,0.011296
182822189851,-0.077458,0.266960,-0.030760,0.014541,-0.006363,0.010265,0.015088
182922201990,0.031381,0.021511,-0.052577,0.006865,0.001518,0.010494,0.021424
183022214129,0.059985,-0.005382,-0.018483,-0.010031,0.014048,-0.005923,0.006543
183122226268,0.023880,0.259346,-0.073964,0.001373,0.018054,-0.005111,0.013056
183222238407,0.000169,-0.021502,-0.113515,-0.010480,-0.007197,-0.006903,0.016512
183322250546,-0.052829,0.079885,-0.054024,-0.008518,-0.001335,0.005580,0.015000
183422262685,-0.052570,0.328981,-0.015832,-0.000875,-0.005318,-0.007553,0.013887
183522274823,-0.166830,-0.006119,-0.164552,-0.009822,0.001399,0.000115,0.009319
183622286962,-0.081743,-0.057590,0.010071,0.004663,-0.004098,0.003256,0.008059
183722299101,0.047175,0.138679,0.002338,0.012729,0.006454,-0.005063,0.012192
183822311240,0.012305,-0.032748,-0.025261,0.008248,0.000382,0.008152,0.016836
183922323379,-0.016123,0.019104,-0.098270,-0.003133,0.010235,0.002611,0.027334
184022335518,0.068516,-0.096904,-0.099097,-0.000927,0.009206,-0.007092,0.016691
184122347657,-0.146134,0.131498,0.015894,-0.016403,0.014987,-0.007824,0.010827
184222359796,-0.041786,-0.004820,-0.035853,-0.007912,0.002183,-0.000636,0.007193
184322371934,-0.197994,0.060576,-0.081674,-0.014961,-0.006380,0.002914,0.008242
184422384073,-0.128837,0.280557,0.020738,-0.005092,-0.010309,-0.001245,0.007148
184522396212,-0.058061,-0.082439,0.018358,0.002404,-0.009346,0.001377,0.006897
184622408351,-0.134036,-0.045684,-0.061076,0.005154,-0.009219,0.014182,0.026073
184722420490,-0.151536,-0.056034,-0.047901,0.012863,-0.009813,0.017667,0.025734
184822432629,-0.021509,0.182267,-0.047745,0.015968,0.002381,-0.004586,0.028956
184922444768,-0.142539,0.254494,0.064383,-0.002329,0.020024,0.004291,0.009864
185022456907,-0.053652,-0.015349,-0.048924,-0.012797,0.014388,-0.007276,0.015425
185122469045,0.060440,-0.087984,-0.037710,-0.020776,0.016944,0.003234,0.012806
185222481184,-0.045928,0.145565,-0.055986,-0.018590,0.015973,0.001676,0.009509
185322493323,-0.012340,-0.000966,-0.064092,-0.014349,0.006479,0.005709,0.003111
185422505462,-0.038475,-0.129901,-0.133455,-0.002541,-0.000826,0.001327,0.014939
185522517601,-0.133021,-0.008256,-0.063793,-0.004334,0.008339,0.008483,0.026127
185622529740,0.042085,0.189891,-0.123243,0.014052,-0.013902,0.002359,0.013058
185722541879,-0.015501,-0.158877,-0.081850,0.007387,0.005689,0.002248,0.034690
185822554017,-0.021761,-0.184152,-0.022655,0.001319,0.006274,0.005175,0.026506
185922566156,0.185345,-0.047890,-0.068979,-0.003691,0.000944,-0.029609,0.022305
186022578295,0.555241,0.177909,-0.114163,0.042742,-0.113163,-0.109296,0.014623
186122590434,0.259502,0.015622,-0.314473,0.038772,-0.086771,-0.055760,0.021130
186222602573,0.615985,0.376043,-0.076840,0.100423,-0.051575,-0.027287,0.023870
186322614712,-0.639570,-0.035463,0.003079,0.034719,-0.025764,-0.052626,0.019560
186422626851,0.312374,-0.007222,-0.175342,0.103621,-0.023890,-0.016435,0.016673
186522638990,-0.968376,0.258934,0.222247,-0.001291,-0.012914,-0.001446,0.015340
186622651128,-0.302784,0.022716,-0.154495,0.066892,-0.040709,0.010983,0.029021
186722663267,-0.790166,-0.149622,0.022078,-0.025072,0.016997,0.024670,0.035859
186822675406,0.269568,0.262188,0.053027,0.025659,0.022732,-0.017094,0.031851
186922687545,0.410050,-0.084196,-0.245485,-0.051434,0.044293,0.036639,0.019284
187022699684,0.406521,0.113033,-0.041821,-0.019651,0.006634,-0.008736,0.019424
187122711823,-0.099628,0.043687,-0.000920,-0.056360,0.024281,0.036375,0.033351
187222723962,-0.333655,-0.221782,0.100222,-0.010804,0.000723,0.005171,0.009911
187322736100,-0.440146,0.050231,0.025627,-0.035904,0.021334,0.034620,0.016147
187422748239,-0.164652,0.117381,-0.095112,-0.019783,0.000933,0.021072,0.007795
187522760378,0.210075,0.322095,-0.088972,-0.039267,0.013774,0.031989,0.021423
187622772517,0.074533,0.155769,-0.041791,-0.030687,0.021153,0.011047,0.015776
187722784656,0.057795,0.176316,0.004934,-0.047108,0.036749,0.014132,0.022468
187822796795,-0.258387,-0.129378,-0.040183,-0.048388,0.021655,0.013525,0.012749
187922808934,-0.051768,0.017008,-0.072181,-0.043090,0.010863,0.010217,0.015288
188022821073,-0.209089,0.037777,-0.005914,-0.040782,0.014987,0.018760,0.030098
188122833211,0.031219,0.079282,-0.078645,-0.016761,0.007437,0.010146,0.009037
188222845350,-0.102144,-0.072190,-0.086562,-0.011033,-0.005239,0.021054,0.019728
188322857489,0.178025,0.001310,-0.089210,0.006161,-0.007625,0.005649,0.026675
188422869628,-0.016823,0.157360,-0.065684,-0.005902,0.001301,0.015558,0.013463
188522881767,0.074351,0.191962,-0.069635,-0.004982,0.010980,-0.004807,0.027300
188622893906,-0.208395,-0.126255,-0.026800,-0.012982,0.021636,0.010904,0.017620
188722906045,-0.195743,-0.068501,-0.050379,-0.001429,0.010622,-0.011867,0.005792
188822918184,-0.207494,-0.107373,-0.024651,-0.025596,0.006104,-0.000047,0.014300
188922930322,-0.027826,0.008395,-0.053708,0.012377,-0.010274,-0.011583,0.009906
189022942461,0.127246,0.126079,-0.077869,0.008723,-0.007361,-0.000972,0.003948
189122954600,-0.094389,0.065512,0.007997,0.020971,-0.014951,-0.003211,0.008347
189222966739,-0.417417,-0.011935,0.331733,0.067138,-0.078809,0.006427,0.014906
189322978878,-1.124211,-1.003734,1.739105,0.211141,-0.284348,-0.025873,0.024558
189422991017,-0.812679,-1.650796,1.305068,0.163216,-0.091321,-0.204381,0.034004
189523003156,-1.022192,0.289807,-0.628356,0.287298,-0.064882,-0.165450,0.023750
189623015294,1.909431,1.106423,0.232482,0.195315,-0.112361,-0.154656,0.017211
189723027433,0.511835,0.408744,0.074856,0.194926,-0.117466,-0.101379,0.030407
189823039572,1.058796,0.433127,-0.213250,0.183067,-0.117985,-0.096551,0.029656
189923051711,-1.166049,-0.006520,0.033995,0.146551,-0.068793,-0.080535,0.030390
190023063850,0.242839,0.360190,-0.159511,0.199422,-0.045664,-0.111454,0.015256
190123075989,-1.208252,0.165033,0.185109,0.078537,-0.025664,-0.047160,0.018419
190223088128,0.044119,0.207025,-0.157251,0.115251,-0.074805,-0.046882,0.020531
190323100267,-0.585734,-0.261142,-0.088759,0.007026,-0.007289,-0.006954,0.003549
190423112405,0.679734,0.585160,-0.025895,0.074972,-0.001303,-0.060987,0.011906
190523124544,0.104750,0.202889,-0.146534,-0.038545,0.028724,0.001229,0.017576
190623136683,0.660270,0.491290,-0.144874,0.032257,-0.034179,-0.008039,0.003248
190723148822,-0.431195,-0.143845,-0.044235,-0.043325,0.011395,0.035498,0.008326
190823160961,-0.607740,0.023505,0.002639,0.021620,-0.002936,-0.004587,0.021447
190923173100,-0.650119,-0.012273,0.051874,-0.049062,0.035844,0.028280,0.019330
191023185239,0.130297,0.201744,-0.105161,-0.009791,0.006417,0.009160,0.027939
191123197378,0.523195,0.305470,-0.029703,-0.075404,0.034500,0.033216,0.018985
191223209516,0.374391,0.245334,-0.031109,-0.050093,0.018729,0.023807,0.015426
191323221655,-0.044680,0.144801,-0.082085,-0.084939,0.034347,0.036864,0.023913
191423233794,-0.609389,-0.098890,0.072950,-0.057491,0.019767,0.034077,0.015309
191523245933,-0.272782,0.201187,-0.017829,-0.050394,0.032037,0.031965,0.019290
191623258072,-0.390779,0.241092,-0.034162,-0.041771,0.010664,0.036312,0.015071
191723270211,0.181159,0.513702,-0.093879,-0.048519,0.024244,0.034960,0.009600
191823282350,-0.048288,0.240206,-0.058035,-0.052902,0.042721,0.023447,0.011492
191923294488,0.178340,0.351868,-0.043299,-0.045549,0.034876,0.010763,0.010453
192023306627,-0.244792,0.086076,-0.070370,-0.057101,0.019470,0.022241,0.012203
192123318766,0.190643,-0.111589,-0.154980,-0.021027,-0.002217,0.009812,0.015128
192223330905,-0.186197,-0.106284,-0.003226,-0.025042,0.004343,0.022279,0.018250
192323343044,0.204541,-0.338454,-0.064972,-0.003614,-0.001943,0.004270,0.011688
192423355183,0.044041,-0.310233,-0.085914,-0.009933,0.018750,-0.000716,0.033957
192523367322,0.155830,0.011406,0.021710,-0.008791,0.006276,-0.007698,0.041557
192623379461,-0.132466,-0.257972,-0.074225,-0.031612,0.014696,-0.001353,0.026941
192723391599,0.066717,-0.283831,0.084244,-0.003383,0.004331,-0.017471,0.052149
192823403738,-0.128162,-0.790919,-0.039661,-0.014939,0.020309,-0.004113,0.106625
192923415877,0.228883,-0.566944,-0.118670,-0.001104,0.002608,-0.010741,0.130400
193023428016,0.271264,-0.213348,-0.078597,-0.014896,0.004224,0.003102,0.169770
193123440155,0.822490,-0.728542,-0.235032,0.010298,-0.032348,0.009503,0.205712
193223452294,0.373126,-0.701204,-0.196043,-0.010526,-0.030340,0.014850,0.209065
193323464433,0.227850,-0.439172,-0.238188,0.001298,-0.032884,0.036857,0.259339
193423476571,0.844410,0.079705,-0.733467,-0.012834,-0.035559,0.046114,0.319480
193523488710,0.791620,0.581412,-0.397382,-0.041023,-0.014686,0.117541,0.382760
193623500849,0.152682,-0.142918,-0.038369,-0.046377,-0.045922,0.125762,0.482457
193723512988,-0.660341,-1.123325,0.235009,-0.094529,-0.028576,0.140499,0.608832
193823525127,-1.239747,-1.069337,0.329409,-0.088996,0.009743,0.058490,0.651665
193923537266,-0.657946,-0.444748,0.134148,-0.061803,0.050983,-0.007695,0.682110
194023549405,-0.534701,0.358953,-0.159999,-0.093354,0.082730,-0.022394,0.701767
194123561544,0.399345,1.030102,-0.054353,-0.077015,0.027129,-0.039031,0.733953
194223573682,0.044255,0.691347,-0.191798,-0.118813,0.039927,0.030683,0.837261
194323585821,0.255046,0.529755,-0.141963,-0.077396,0.000037,0.000236,0.935744
194423597960,-1.114929,0.025049,0.115167,-0.097812,0.053618,0.030321,0.942156
194523610099,-0.610538,0.393544,-0.044823,-0.058029,0.007236,-0.023575,0.933877
194623622238,-0.263608,0.686044,0.073237,-0.104072,0.042284,0.010913,0.960162
194723634377,0.412026,0.924436,-0.135468,-0.053038,0.024776,0.001825,0.915203
194823646516,-0.197057,1.149605,-0.033903,-0.087304,0.048763,0.035796,0.848303
194923658655,-0.289835,0.985659,0.104317,-0.014985,0.027617,0.011275,0.796561
195023670793,-0.469102,0.388883,-0.073245,-0.029513,0.007384,-0.012220,0.759965
195123682932,-0.768031,0.288867,-0.000954,0.023553,-0.011991,-0.045758,0.722765
195223695071,-0.204641,0.689917,-0.073310,0.016891,-0.005465,-0.033955,0.642372
195323707210,-0.240669,0.930732,-0.021001,0.029276,-0.017993,-0.047566,0.642404
195423719349,0.187940,1.122904,0.083459,0.023910,-0.000114,-0.034577,0.542853
195523731488,-0.477149,0.911434,0.205711,0.017703,-0.003364,-0.038322,0.485854
195623743627,-0.111504,0.437507,0.009763,0.034651,-0.025801,-0.016691,0.517135
195723755765,-0.261231,0.617157,0.031379,0.027916,-0.021121,-0.027529,0.411123
195823767904,-0.091343,0.574802,-0.041128,0.028491,-0.012897,-0.011569,0.320956
195923780043,-0.130906,0.340138,-0.013497,0.021394,-0.010684,-0.022397,0.253693
196023792182,0.033790,0.646288,-0.050488,0.036328,-0.014643,-0.014229,0.201993
196123804321,-0.275978,0.601974,-0.076475,0.028061,-0.006715,-0.012048,0.154169
196223816460,-0.140039,0.303651,-0.120070,0.031633,-0.001617,-0.020813,0.121137
196323828599,-0.255134,0.099471,-0.019315,0.010076,-0.017703,-0.005868,0.108116
196423840738,0.071629,-0.016650,-0.120504,0.029263,-0.020077,-0.002740,0.078230
196523852876,-0.098779,-0.153455,-0.123712,0.006107,-0.001363,0.007404,0.045635
196623865015,0.110140,0.118192,-0.052358,0.018061,-0.000571,-0.018105,0.029833
196723877154,-0.059240,0.062032,-0.010461,-0.003538,0.008150,-0.006549,0.051418
196823889293,0.042894,0.130025,-0.028680,0.019333,-0.010687,0.005224,0.036682
196923901432,-0.292445,0.420702,-0.008075,0.004959,-0.006447,-0.006592,0.029696
197023913571,0.044965,0.304735,-0.046645,0.012596,0.004870,0.006281,0.034402
197123925710,-0.062086,0.174775,-0.002048,0.006053,-0.005515,0.003212,0.018572
197223937848,-0.038456,0.183070,-0.041514,0.016181,0.004808,-0.001363,0.028664
197323949987,-0.434696,0.496358,-0.055749,0.010588,0.020218,-0.002846,0.008127
197423962126,-0.281336,0.536145,-0.057910,0.019906,0.002599,-0.012280,0.017323
197523974265,-0.135021,0.443789,0.021722,0.014405,0.004121,0.000165,0.016931
197623986404,-0.078949,0.265835,-0.101154,0.005082,-0.021246,-0.005721,0.021856
197723998543,-0.276261,0.466382,-0.105897,0.007607,0.004825,0.012497,0.021389
197824010682,-0.035939,0.452730,-0.003350,0.005723,0.015120,-0.003775,0.043016
197924022821,-0.161599,0.476474,-0.046019,-0.032344,0.006944,0.020749,0.085463
198024034959,-0.011762,0.460086,-0.104717,-0.023147,0.007539,0.025059,0.115899
198124047098,-0.260430,0.571961,-0.041842,-0.051868,0.022696,0.033274,0.148409
198224059237,-0.514129,0.286529,0.031512,-0.036845,0.014253,0.002492,0.183718
198324071376,-0.257537,0.159591,0.111151,-0.039875,0.009623,0.020435,0.207123
198424083515,-0.241904,0.305834,-0.063485,-0.038485,0.003436,0.015397,0.261489
198524095654,0.005016,0.652391,0.034721,-0.042279,-0.006224,0.023300,0.291850
198624107793,-0.277349,0.267283,-0.053843,-0.036833,-0.003060,0.009054,0.339663
198724119932,-0.353016,-0.035261,0.009198,-0.053748,0.011388,0.004672,0.398242
198824132070,-0.328820,0.308009,0.127211,-0.037838,0.008685,-0.014721,0.411553
198924144209,0.116890,0.176446,-0.143834,-0.042748,0.005062,-0.016808,0.406805
199024156348,0.368547,-0.010445,-0.315653,-0.031102,-0.024097,-0.017749,0.483354
199124168487,0.118050,-0.026200,0.022391,-0.040929,-0.003341,-0.002708,0.552709
199224180626,0.175380,0.213597,-0.080576,-0.022241,0.006617,0.002681,0.515983
199324192765,-0.132954,-0.018259,-0.108287,-0.031522,0.007706,0.001275,0.568199
199424204904,0.091295,0.337937,-0.043492,-0.004400,-0.002480,0.006916,0.596108
199524217042,0.119632,-0.093068,-0.174962,-0.037105,-0.001504,0.008142,0.586844
199624229181,0.435153,0.059548,-0.146167,-0.007819,-0.005382,0.002478,0.549639
199724241320,0.158046,-0.189296,-0.196694,-0.042583,0.004375,0.005049,0.603122
199824253459,0.356150,0.382837,0.022313,0.008041,-0.003783,0.011922,0.617440
199924265598,-0.446197,0.326377,0.189965,-0.013666,-0.001804,0.007863,0.597475
200024277737,-0.222563,0.196897,0.251609,0.023574,0.000950,-0.018510,0.691400
200124289876,-0.600618,0.505260,0.254531,-0.004918,0.022273,0.000056,0.580890
200224302015,-0.278692,0.557138,0.088864,0.004943,0.038003,-0.034880,0.626625
200324314153,-0.163288,0.721044,-0.004302,-0.011350,0.075861,-0.047049,0.538102
200424326292,-0.259704,0.599548,0.143369,0.010215,0.053672,-0.093752,0.660373
200524338431,-0.098375,0.586303,-0.115317,-0.001892,0.059283,-0.065118,0.597960
200624350570,0.498065,0.434135,-0.846164,-0.000845,0.010830,-0.017235,0.720006
200724362709,1.039058,0.011169,-0.877163,-0.033148,-0.006403,0.073008,0.715708
200824374848,0.208099,-0.569331,-0.286248,-0.029910,0.013028,0.072370,0.808979
200924386987,-0.295718,-1.140263,-0.202964,0.010855,0.005245,0.059799,0.900650
201024399126,-0.772984,-0.560851,0.336316,-0.003287,-0.022156,0.061518,0.909025
201124411264,-0.328887,0.269696,0.535682,0.044204,-0.023833,-0.005240,0.957588
201224423403,-0.385719,0.476548,0.223193,0.020722,0.056762,-0.001402,1.049946
201324435542,0.280191,0.325116,-0.223044,0.032573,0.018853,-0.023210,0.933256
201424447681,0.077584,0.305888,-0.202475,0.031637,0.004652,-0.000667,0.850221
201524459820,0.035515,-0.078141,-0.107314,0.050173,0.004887,-0.001642,0.802878
201624471959,0.071369,-0.119791,-0.143905,0.046139,-0.037515,0.038065,0.765431
201724484098,0.050036,-0.446908,-0.065400,0.015095,-0.011725,0.008703,0.830398
201824496236,-0.095054,0.214033,0.131221,0.056265,0.037500,-0.005719,0.865313
201924508375,-0.110472,-0.228132,-0.506622,0.052929,0.038529,-0.025635,0.813434
202024520514,0.133510,0.086023,-0.428968,0.073111,0.027256,-0.050526,0.826799
202124532653,-0.164518,-0.091811,0.013381,0.033010,0.007054,-0.037782,0.840727
202224544792,0.030247,-0.094329,-0.294099,0.063863,-0.044764,0.004440,0.892344
202324556931,-0.007424,-0.303858,-0.137363,0.032973,-0.020300,0.003205,0.816288
202424569070,0.157255,0.214284,0.239049,0.087750,0.026509,-0.049919,0.805016
202524581209,-0.780108,-0.863087,-0.370790,0.086021,-0.014665,-0.039849,0.852950
202624593347,-0.513196,-0.677951,-0.151815,0.045146,-0.050670,0.028167,0.815591
202724605486,-0.421594,-0.580721,0.158802,-0.016282,0.017373,-0.026342,0.815044
202824617625,0.078941,-0.159676,0.122774,-0.025010,0.027356,-0.009000,0.852609
202924629764,-0.121390,-0.180577,-0.044453,-0.045883,0.003570,0.011153,0.790753
203024641903,0.363444,-0.271233,-0.053661,-0.004297,-0.003476,0.018735,0.776285
203124654042,0.126112,-0.393043,-0.197749,-0.008081,0.008165,-0.008801,0.720549
203224666181,0.100586,-0.321489,-0.388056,-0.015765,-0.006813,0.004172,0.691665
203324678319,-0.105768,-0.188214,0.018110,-0.010105,0.008445,0.007757,0.654871
203424690458,0.198169,-0.393219,0.040928,-0.019506,0.004033,-0.003858,0.648444
203524702597,0.021513,-0.410642,-0.060221,-0.030465,0.005786,0.022866,0.551560
203624714736,-0.086853,-0.027836,0.032800,0.004230,0.003576,-0.009908,0.588697
203724726875,-0.192916,0.072712,0.054120,-0.006516,0.023153,0.008983,0.547772
203824739014,-0.108912,0.308461,-0.002601,-0.010003,0.016055,0.000627,0.464250
203924751153,-0.132023,0.114764,-0.166531,-0.020142,0.018384,0.008588,0.395332
204024763292,-0.172752,0.233973,0.041513,-0.018398,0.014141,0.012943,0.424610
204124775430,-0.120191,-0.193300,-0.093507,-0.040413,0.008346,0.021195,0.364512
204224787569,0.102890,0.264046,-0.148115,-0.059590,0.014215,0.035135,0.348417
204324799708,-0.135066,-0.212921,-0.069956,-0.052892,0.008311,0.019645,0.380662
204424811847,0.170373,-0.631500,-0.098136,-0.059318,0.021723,0.014405,0.437015
204524823986,-0.041957,-0.383978,-0.111602,-0.057310,0.014006,0.019343,0.460914
204624836125,0.317791,-0.350591,-0.118799,-0.052063,0.002292,0.020737,0.370670
204724848264,-0.007872,-0.509449,0.001780,-0.068108,0.031729,0.036278,0.398096
204824860403,0.368375,-0.095513,-0.002046,-0.045798,0.016249,0.006818,0.426296
204924872541,0.071431,0.007247,-0.081700,-0.057655,0.019257,0.029884,0.358707
205024884680,0.283768,-0.269040,-0.125295,-0.025030,-0.000021,0.013479,0.341327
205124896819,-0.152283,-0.325447,-0.089267,-0.045773,0.003981,0.020401,0.326360
205224908958,-0.119145,-0.267755,0.043577,-0.025354,-0.002180,0.003937,0.284767
205324921097,-0.000768,-0.466058,0.035587,-0.051786,0.013269,0.009888,0.244802
205424933236,0.199559,-0.430493,-0.113176,-0.016150,0.013217,-0.002178,0.230775
205524945375,0.390423,-0.373230,-0.024424,-0.021607,-0.011365,-0.003914,0.209810
205624957513,0.736094,-0.413722,-0.089817,0.002860,-0.018535,-0.017954,0.185971
205724969652,0.573913,-0.730547,-0.045823,-0.015607,-0.007627,-0.006207,0.195409
205824981791,0.171709,-0.177204,0.051269,0.002840,0.010244,0.009125,0.212224
205924993930,-0.059377,0.401566,-0.132943,0.011129,0.015280,0.005902,0.200695
206025006069,-0.343140,-0.037138,-0.380269,-0.001397,0.001055,-0.005462,0.172565
206125018208,-0.240439,-0.040109,-0.103243,0.000323,-0.004192,0.005719,0.090953
206225030347,-0.157010,0.012421,-0.002420,-0.014974,0.008133,0.022180,0.024041
206325042486,0.161577,0.184122,-0.011775,-0.000076,0.011076,0.014555,0.049223
206425054624,0.072418,-0.141883,-0.167290,-0.039005,0.031460,0.023689,0.030356
206525066763,-0.118049,-0.034492,-0.019380,-0.016398,0.011400,0.006504,0.044518
206625078902,0.093355,0.126524,-0.118895,-0.033178,0.015623,0.023229,0.037603
206725091041,-0.130274,-0.057519,-0.141203,-0.029075,0.003101,0.008216,0.006956
206825103180,-0.186134,-0.051964,-0.007953,-0.029341,0.014506,0.021974,0.017087
206925115319,-0.100215,-0.131139,-0.074753,-0.027163,0.013468,0.018434,0.019721
207025127458,0.126151,0.100961,-0.154837,-0.023858,0.019754,0.010437,0.015399
207125139596,-0.048351,-0.080685,-0.114776,-0.017257,-0.001169,0.015740,0.004721
207225151735,0.036491,0.081399,-0.108001,-0.019999,0.009323,0.008285,0.005426
207325163874,-0.023538,-0.024007,-0.056749,-0.026550,0.016255,0.003492,0.009720
207425176013,0.165808,-0.045000,-0.152943,0.005067,0.002226,0.009713,0.013225
207525188152,-0.020633,-0.069247,-0.038607,0.000338,0.010487,0.005886,0.021073
207625200291,-0.062494,-0.122571,-0.063757,-0.014775,0.007634,0.006293,0.008631
207725212430,0.121477,0.097357,-0.095116,-0.011253,-0.000849,0.000384,0.015061
207825224569,0.202140,-0.106414,-0.034671,0.005577,0.002927,0.011617,0.012995
207925236707,0.034990,0.223780,0.083930,0.005123,0.016790,-0.008319,0.013587
208025248846,0.045654,0.012837,0.036907,0.016638,0.004306,-0.012330,0.008636
208125260985,-0.205653,0.011848,-0.125664,-0.005771,-0.014693,-0.006980,0.018357
208225273124,-0.138246,0.188791,-0.044949,0.019739,-0.014799,-0.011711,0.024228
208325285263,-0.016640,-0.046972,-0.016095,0.030188,-0.011201,-0.017975,0.018433
208425297402,-0.218132,-0.038410,-0.036884,0.018487,-0.002760,-0.008481,0.007001
208525309541,0.138884,0.073008,-0.060327,0.003647,0.000596,-0.012522,0.005928
208625321680,0.363159,-0.365503,-0.096448,-0.001362,-0.000048,-0.005674,0.016798
208725333818,-0.104834,-0.200284,-0.060024,-0.021359,-0.007403,0.027631,0.026255
208825345957,0.069162,0.236325,0.075063,-0.003583,-0.012524,0.019147,0.012226
208925358096,-0.121548,-0.024988,0.025249,0.003647,0.005742,0.012618,0.016084
209025370235,-0.001445,-0.061382,-0.066704,0.007815,0.009088,0.010439,0.023731
209125382374,-0.079203,0.240797,-0.021185,-0.006590,0.008310,0.002464,0.019718
209225394513,0.116914,0.058828,-0.010225,0.000285,0.010700,-0.010706,0.017619
209325406652,-0.064219,0.034718,-0.068568,-0.009929,0.008048,-0.000000,0.014947
209425418790,-0.116459,-0.050262,-0.057594,0.004176,-0.013316,-0.002616,0.016502
209525430929,-0.005038,-0.155112,-0.049146,0.003942,-0.009407,-0.008605,0.013004
209625443068,0.029272,0.133874,-0.078696,0.019224,-0.004471,-0.004233,0.012507
209725455207,0.015962,0.021213,-0.106244,0.010891,-0.010746,-0.000830,0.004773
209825467346,-0.080117,-0.165688,-0.074845,0.032768,-0.007363,-0.001561,0.014046
209925479485,-0.130079,-0.072726,-0.004740,0.019817,-0.008771,-0.008686,0.016166
210025491624,-0.006190,-0.111078,0.022549,0.013257,0.000190,-0.003259,0.011623
210125503763,0.223793,0.063720,-0.074097,0.009092,0.007171,-0.020420,0.006771
210225515901,0.127666,0.026573,-0.027076,-0.006762,0.010751,-0.008036,0.013220
210325528040,0.016818,-0.127903,-0.079668,-0.007202,-0.010682,-0.003825,0.015952
210425540179,-0.151850,0.224451,0.034220,0.014167,-0.018977,0.005292,0.011282
210525552318,-0.009916,0.097740,-0.018628,0.017153,-0.013412,-0.006789,0.008879
210625564457,-0.064607,-0.058966,-0.096020,0.015563,-0.010584,0.000531,0.014672
210725576596,0.020634,0.165919,0.021826,0.011196,-0.006461,-0.003085,0.007558
210825588735,-0.044228,0.346485,-0.030706,-0.001945,0.005941,-0.007237,0.011229
210925600873,-0.100635,0.270868,-0.079341,-0.010997,-0.002515,-0.009595,0.025044
211025613012,-0.057320,-0.023011,-0.076579,-0.016620,0.022520,-0.008546,0.020166
211125625151,0.016286,0.103739,-0.047390,-0.000193,0.005699,-0.011816,0.011441
211225637290,-0.057063,-0.072556,0.028169,0.000952,-0.000314,-0.010315,0.006737
211325649429,0.011269,-0.018807,-0.174777,0.015622,-0.018082,0.010521,0.022771
211425661568,0.053386,-0.116054,-0.219741,0.036400,-0.016909,0.004736,0.020162
211525673707,0.068359,-0.107731,-0.138685,0.027686,0.000168,-0.002749,0.015000
211625685846,-0.119633,-0.098144,-0.102805,0.016893,0.011977,-0.011077,0.013430
211725697984,-0.045518,0.412912,-0.105791,0.016448,0.010965,-0.035734,0.008175
211825710123,-0.120176,0.115796,-0.040476,-0.007142,0.020655,0.009767,0.007111
211925722262,0.104663,0.030127,-0.084814,-0.020125,0.007136,-0.010050,0.014144
212025734401,0.061701,0.106578,0.001648,-0.020286,0.003103,0.007844,0.024253
212125746540,0.101204,0.138945,-0.056066,-0.004789,0.003566,0.002889,0.018889
212225758679,-0.070427,-0.023769,-0.053780,-0.007378,0.008811,0.010984,0.016313
212325770818,-0.193098,0.143085,-0.023792,-0.005574,0.017720,0.013302,0.009462
212425782957,-0.067611,-0.082443,-0.004194,-0.011638,-0.001018,0.012899,0.014692
212525795095,-0.051978,-0.131842,-0.044617,-0.023915,0.012747,0.001900,0.022420
212625807234,0.148958,0.039441,-0.019112,-0.030772,0.012793,0.011254,0.013710
212725819373,-0.005849,0.181396,-0.039822,-0.026115,0.024022,-0.005805,0.009211
212825831512,-0.031420,-0.028244,-0.091084,-0.019985,0.013908,0.005425,0.006729
212925843651,-0.053205,-0.083539,-0.025044,-0.007158,0.002292,0.012337,0.008911
213025855790,-0.070865,0.125751,0.001462,0.005941,0.003263,0.011783,0.018740
213125867929,-0.037259,-0.081150,-0.035317,-0.003468,0.005131,0.001093,0.023170
213225880067,-0.038853,-0.017975,-0.058634,-0.006489,0.006179,0.000219,0.018739
213325892206,-0.068079,-0.036060,-0.031784,-0.021176,0.007022,-0.008480,0.011441
213425904345,-0.003720,-0.018876,-0.032820,-0.004331,-0.007079,0.003683,0.010288
213525916484,-0.012786,-0.082862,-0.146659,-0.006478,-0.003694,0.003479,0.011615
213625928623,0.126831,-0.043409,-0.175971,0.007579,-0.016287,0.004138,0.012767
213725940762,0.037649,0.136921,-0.064762,0.007829,-0.002388,-0.000697,0.010647
213825952901,0.040285,0.029076,-0.139389,-0.010979,0.016162,0.004443,0.007233
213925965040,-0.027570,0.068657,-0.065704,-0.034156,0.010130,0.016369,0.009570
214025977178,-0.065044,0.163554,-0.021884,-0.051199,0.023352,0.001512,0.013167
214125989317,-0.305390,-0.102699,-0.046536,-0.055825,0.020113,0.028107,0.012122
214226001456,-0.030146,-0.042811,-0.055613,-0.044591,0.007515,0.018561,0.016806
214326013595,0.078274,-0.172757,-0.191455,-0.024419,0.013541,0.007803,0.020427
214426025734,-0.005013,0.286042,-0.143552,-0.004052,0.015284,0.012109,0.013725
214526037873,-0.163006,-0.043668,-0.117948,-0.026757,-0.001063,-0.001398,0.008029
214626050012,0.263712,-0.076468,-0.073679,-0.012152,0.011669,-0.005635,0.013933
214726062151,0.064173,0.152588,-0.008896,-0.022912,0.036378,-0.014792,0.023754
214826074289,0.057753,0.027459,-0.045483,-0.014713,0.020128,-0.008923,0.024978
214926086428,-0.100515,-0.155612,-0.055427,-0.018975,0.000705,0.005179,0.012367
215026098567,0.018381,0.094844,-0.038303,0.004339,-0.000574,0.006060,0.011173
215126110706,-0.041863,-0.019475,-0.094399,0.008592,0.003662,0.008431,0.021306
215226122845,0.096020,-0.093414,-0.104484,0.023263,-0.002540,-0.002909,0.025798
215326134984,-0.056853,-0.058681,-0.068356,-0.007498,0.000718,0.012602,0.024643
215426147123,-0.055046,0.170582,-0.092649,-0.017781,0.013443,0.003904,0.016598
215526159261,0.015227,0.099035,0.026564,-0.024652,0.017377,-0.002595,0.020312
215626171400,-0.092876,0.077527,-0.026726,-0.026914,0.014718,0.003605,0.017547
215726183539,-0.137768,-0.194195,-0.094264,-0.008694,-0.012948,0.008505,0.014511
215826195678,-0.136339,-0.033610,-0.059930,0.001330,-0.006703,0.000858,0.013420
215926207817,-0.034286,0.185494,-0.006714,0.009638,-0.000511,0.006021,0.022764
216026219956,0.089661,-0.018821,-0.110518,-0.003261,0.008329,-0.007183,0.018303
216126232095,0.014426,-0.086259,-0.015123,-0.007351,0.015822,0.012277,0.014832
216226244234,-0.094342,0.073876,-0.000662,-0.005201,0.013366,0.001555,0.038409
216326256372,-0.028577,-0.053122,-0.137373,-0.013915,0.011538,0.003435,0.042432
216426268511,0.163861,-0.174944,-0.181023,0.003699,-0.005748,0.001298,0.014334
216526280650,0.013023,-0.177133,0.062170,0.008712,-0.002101,0.010338,0.008415
216626292789,0.000750,0.010033,-0.157485,0.017861,-0.012148,0.013985,0.021622
216726304928,0.017037,-0.001739,-0.059467,0.022936,-0.000685,-0.000546,0.023567
216826317067,-0.014464,-0.037470,-0.043361,0.008162,0.010044,0.009165,0.020248
216926329206,-0.073980,0.041722,-0.062144,-0.007826,0.003585,-0.000158,0.010089
217026341344,-0.270883,0.063623,-0.011869,-0.021183,0.012382,0.020599,0.015523
217126353483,-0.047555,0.128659,-0.051256,-0.014630,0.007008,-0.001241,0.007941
217226365622,-0.114693,0.370856,-0.041820,-0.021379,0.008990,0.011242,0.015399
217326377761,-0.176745,0.194434,-0.032418,-0.012766,0.002526,-0.004203,0.018794
217426389900,0.068760,-0.030424,-0.095545,0.007024,-0.006595,0.007821,0.014252
217526402039,0.101388,0.026347,-0.084808,0.000306,-0.003438,-0.002638,0.034545
217626414178,0.043194,0.143576,-0.062607,-0.010953,0.006894,0.000144,0.050351
217726426317,-0.209434,-0.039944,-0.090835,-0.030329,0.019341,-0.000361,0.028889
217826438455,-0.106289,0.051475,-0.090757,-0.006332,0.002778,-0.006920,0.028375
217926450594,-0.193437,0.010010,-0.001118,-0.000417,-0.005754,0.010288,0.021948
218026462733,0.001005,0.016347,-0.077452,0.041653,-0.011839,-0.007314,0.011510
218126474872,0.122127,0.097140,-0.042418,0.030595,-0.003614,0.003524,0.017361
218226487011,0.065367,0.104406,-0.042376,0.024874,-0.005992,-0.009918,0.005399
218326499150,-0.036271,-0.073563,-0.113505,0.006560,-0.005083,-0.013632,0.003982
218426511289,-0.292182,-0.096163,0.006544,0.027391,-0.018601,-0.010423,0.011944
218526523428,-0.091575,-0.251585,-0.031484,0.023062,-0.023029,-0.015915,0.010397
218626535566,0.022624,-0.104018,-0.121097,0.052222,-0.016816,-0.007202,0.005300
218726547705,0.191943,0.075501,-0.066656,0.030834,-0.007273,-0.016235,0.006227
218826559844,-0.109007,-0.264968,-0.039528,0.016856,-0.005372,-0.007894,0.014188
218926571983,-0.035071,-0.085709,-0.072557,0.002164,0.006188,-0.025860,0.013790
219026584122,-0.078005,-0.047642,-0.054179,0.004204,0.000829,-0.004304,0.017560
219126596261,0.044845,-0.157461,-0.101483,0.016922,-0.018219,-0.007443,0.014702
219226608400,0.027749,-0.085129,-0.172928,0.027194,-0.023972,0.002025,0.017462
219326620538,0.191393,0.360528,-0.096374,0.030409,-0.017098,-0.016418,0.018149
219426632677,-0.086765,0.052207,-0.131734,0.005391,0.003689,-0.007188,0.017443
219526644816,0.056067,-0.111415,-0.035545,-0.001592,-0.011692,-0.009969,0.020297
219626656955,-0.092022,-0.184145,0.112301,-0.010755,-0.009417,-0.022342,0.015908
219726669094,0.433548,0.127499,-0.337031,0.000056,-0.000543,-0.007266,0.011630
219826681233,-0.081219,0.372832,-0.098489,-0.006731,0.006684,0.009879,0.013665
219926693372,0.018848,-0.043280,-0.164537,0.018493,-0.004426,0.002865,0.008057
220026705511,-0.243277,0.017823,0.051095,-0.005746,0.001791,-0.001713,0.019642
220126717649,-0.084753,0.042967,0.054682,0.013103,0.000789,-0.000131,0.040606
220226729788,-0.146879,0.073431,-0.079658,-0.007561,0.014918,0.001624,0.044061
220326741927,-0.067512,0.047377,-0.009770,-0.001616,0.018957,-0.000664,0.061768
220426754066,0.039468,-0.047386,-0.063130,-0.007846,0.010199,-0.000829,0.029876
220526766205,0.151551,0.065015,-0.093126,0.005422,-0.007680,-0.003028,0.019707
220626778344,-0.179976,-0.115303,-0.167292,-0.002082,0.005027,0.007267,0.025738
220726790483,-0.090169,0.094953,-0.099004,0.016984,-0.005464,0.000716,0.036334
220826802621,-0.021398,-0.115690,-0.057286,0.003576,-0.004623,0.006524,0.034785
220926814760,0.150645,0.007698,-0.122380,0.017042,-0.012002,-0.002318,0.024345
221026826899,-0.174430,-0.087698,-0.055795,-0.018831,0.018398,0.003147,0.011721
221126839038,-0.217759,-0.031616,-0.063130,-0.003693,0.016229,-0.002736,0.014019
221226851177,-0.187840,-0.142600,-0.010833,-0.029894,0.023388,-0.002671,0.021721
221326863316,-0.003920,-0.013057,-0.153858,-0.021781,0.002492,0.006680,0.018649
221426875455,0.033132,0.306829,-0.103136,-0.012736,0.012085,0.009104,0.010899
221526887594,-0.062585,0.138705,-0.019078,-0.011831,0.002513,0.018353,0.010446
221626899732,-0.049306,-0.065292,-0.055188,-0.008496,-0.000167,0.022304,0.012685
221726911871,-0.081605,-0.204529,-0.068117,-0.007778,-0.005034,0.010910,0.009185
221826924010,-0.047335,0.027266,0.074561,-0.008017,0.001001,0.022192,0.034327
221926936149,-0.180155,-0.058075,-0.075544,-0.028643,0.006312,0.035259,0.037893
222026948288,0.344900,-0.468967,-0.342981,-0.003864,0.002892,0.028214,0.020445
222126960427,0.462743,-0.441323,0.021322,-0.027816,-0.037312,-0.038582,0.014032
222226972566,1.088300,-0.692077,0.737417,-0.104626,-0.035927,-0.071841,0.025166
222326984705,-1.808780,-1.295450,0.911371,-0.119203,0.157172,0.186329,0.032540
222426996843,-0.644868,-0.792586,0.201419,0.022800,-0.012382,-0.065197,0.030014
222527008982,-1.438633,-0.906006,0.252260,-0.056789,0.088881,0.113096,0.037632
222627021121,1.408019,0.081292,0.110721,0.134449,-0.045962,-0.034781,0.073794
222727033260,1.399809,-0.318585,-0.482352,-0.002375,-0.015782,0.047568,0.133175
222827045399,1.478866,-0.023775,-0.127020,0.189796,-0.080250,-0.040878,0.131344
222927057538,-0.280057,-0.689013,0.040989,0.078815,-0.008786,-0.043924,0.173068
223027069677,-0.641744,-1.008331,-0.095313,0.235852,-0.067927,-0.079105,0.202529
223127081815,-0.847533,-0.489097,-0.095783,0.131459,-0.054800,-0.051208,0.212170
223227093954,0.715389,-0.096729,-0.216056,0.241918,-0.086774,-0.087045,0.254965
223327106093,1.558707,0.033862,-0.359549,0.178559,-0.079884,-0.047708,0.308974
223427118232,1.214426,-0.330972,-0.210861,0.230066,-0.107080,-0.064481,0.385235
223527130371,0.374397,-0.575327,0.025061,0.190187,-0.065358,-0.019971,0.454111
223627142510,-0.846642,-0.877359,0.033298,0.203806,-0.089179,-0.043427,0.462675
223727154649,-0.269558,-1.185639,0.015068,0.176126,-0.068753,-0.028394,0.498950
223827166788,-0.268656,-1.153378,0.159854,0.173891,-0.056573,-0.040730,0.539756
223927178926,0.427592,-0.611981,-0.035534,0.122698,-0.037863,-0.024143,0.516329
224027191065,-0.026710,-0.354511,0.006772,0.108845,-0.034633,-0.029001,0.582618
224127203204,0.453556,0.302464,-0.142680,0.124791,-0.034766,-0.030972,0.647241
224227215343,-0.438210,-0.102683,-0.077458,0.058169,0.004071,-0.008046,0.697690
224327227482,-0.196197,0.044735,-0.055119,0.084945,-0.016840,-0.014993,0.772757
224427239621,-1.468313,-0.455259,0.125742,0.004378,0.009507,0.008597,0.839302
224527251760,-0.900617,0.003802,-0.062242,0.031746,-0.019396,-0.016760,0.840690
224627263899,-0.956361,-0.057595,-0.094661,-0.072994,0.025109,0.002110,0.873594
224727276037,-0.257491,0.628300,-0.080846,-0.047834,0.037035,-0.010158,0.825432
224827288176,-0.655065,0.378899,-0.155241,-0.104831,0.029865,-0.017948,0.864437
224927300315,-0.617498,0.277282,-0.076773,-0.122971,0.031949,0.009138,0.808664
225027312454,-0.453292,0.063872,-0.066579,-0.167191,0.049344,0.030666,0.750558
225127324593,-0.416959,0.162254,-0.019533,-0.134985,0.063671,0.007173,0.743235
225227336732,-0.051852,0.356684,0.022153,-0.129031,0.057342,0.012475,0.700174
225327348871,-0.333628,0.045953,0.309760,-0.133649,0.045601,0.014100,0.639945
225427361009,0.072338,0.324980,-0.048833,-0.078956,0.019385,-0.013314,0.549907
225527373148,-0.163764,0.427240,-0.189947,-0.074094,0.013224,0.005868,0.525645
225627385287,-0.086331,0.262201,-0.023215,-0.052775,0.008885,-0.018005,0.525743
225727397426,-0.250415,0.411555,0.048265,-0.053605,0.022877,0.009418,0.454916
225827409565,-0.256800,0.712896,0.075706,-0.036130,0.006034,-0.001941,0.476497
225927421704,0.021235,0.729777,-0.068876,-0.022106,0.007522,0.001106,0.480894
226027433843,0.045826,0.919570,-0.059064,-0.005887,0.005769,-0.007051,0.394646
226127445982,-0.117167,0.777547,-0.026288,-0.009275,0.004815,0.001907,0.340426
226227458120,-0.183780,0.471480,0.043724,0.015599,-0.007105,0.012000,0.299903
226327470259,-0.139146,-0.029684,0.086950,0.000388,-0.014949,0.004427,0.234394
226427482398,0.022855,0.075654,-0.049873,0.023440,0.000165,-0.002237,0.163321
226527494537,-0.030371,0.332621,-0.050759,0.028747,-0.010907,-0.004057,0.075220
226627506676,-0.025760,0.272358,-0.061686,0.030233,-0.011945,-0.007982,0.034790
226727518815,-0.097928,0.356103,0.025893,0.034869,-0.009923,-0.007055,0.076778
226827530954,-0.078667,0.211177,-0.068469,0.050283,-0.017060,-0.005875,0.063460
226927543092,0.002507,0.213747,-0.171013,0.059269,-0.017612,-0.010916,0.101108
227027555231,-0.208967,0.115651,-0.043860,0.036634,-0.001689,-0.010644,0.123478
227127567370,-0.090239,0.139414,0.028362,0.049227,-0.002736,-0.007114,0.166715
227227579509,-0.184718,0.037067,-0.053476,0.035482,-0.009198,0.004747,0.169635
227327591648,-0.113052,0.079486,-0.004642,0.026018,-0.008694,0.013025,0.196287
227427603787,-0.053902,0.285922,0.012189,0.030993,-0.004060,0.008770,0.242481
227527615926,-0.048043,0.775556,0.019542,0.035249,0.029160,-0.004452,0.260458
227627628065,-0.688236,0.988699,0.019212,-0.025380,0.040528,0.008386,0.307803
227727640203,-0.736046,0.721033,-0.137862,-0.010731,0.016302,0.030847,0.315829
227827652342,-0.655135,0.439467,-0.286769,-0.056239,0.011531,0.034293,0.328281
227927664481,-0.970109,0.288564,0.193353,-0.024368,0.066802,0.018717,0.391019
228027676620,-0.245518,0.033801,-0.394725,-0.042730,0.035234,-0.025803,0.437227
228127688759,-0.439444,0.058592,-0.081039,-0.077303,0.002154,0.042135,0.493722
228227700898,-0.106477,-0.337877,0.088351,-0.071652,-0.010341,0.013242,0.600255
228327713037,-0.152699,-0.423628,0.035631,-0.082451,0.007524,-0.002177,0.665208
228427725176,0.185515,-0.246925,-0.075978,-0.090341,0.019716,-0.023657,0.789377
228527737314,0.277306,0.196490,-0.243646,-0.092374,0.012714,-0.029495,0.834144
228627749453,0.041235,0.180076,0.046430,-0.109759,0.023107,-0.001753,0.846448
228727761592,-0.024109,-0.035233,-0.117472,-0.116906,0.022811,0.002410,0.799677
228827773731,0.063073,0.026653,0.038082,-0.121761,0.029910,0.006688,0.878624
228927785870,-0.106906,-0.166065,0.013320,-0.105287,0.020958,0.005258,0.897494
229027798009,0.378203,0.140756,-0.079191,-0.099296,0.018345,-0.006830,0.847253
229127810148,0.649939,-0.037501,-0.252169,-0.092592,0.025305,-0.009182,0.825498
229227822286,0.930270,0.111943,-0.187250,-0.049528,-0.000670,-0.001190,0.788661
229327834425,0.118136,-0.458094,-0.039484,-0.080024,-0.001447,0.025824,0.843608
229427846564,-0.487362,-0.575375,0.154412,-0.029611,-0.015487,0.007506,0.824994
229527858703,-0.393102,-0.435964,0.076527,-0.047476,0.014056,0.003643,0.777754
229627870842,0.400881,-0.440936,-0.105058,0.027015,-0.008475,-0.033192,0.756885
229727882981,0.720245,0.244907,0.133650,-0.011321,0.002068,-0.015273,0.738286
229827895120,0.384803,-0.001451,0.042371,-0.005791,0.003568,-0.017390,0.683063
229927907259,0.193257,0.080053,-0.106787,-0.006647,-0.025508,-0.002505,0.659916
230027919397,0.014265,-0.224840,0.020213,0.004029,-0.014831,-0.005367,0.601345
230127931536,-0.033866,-0.035795,0.068207,-0.009514,0.017361,-0.027700,0.592603
230227943675,-0.222623,-0.405698,-0.080082,-0.014536,0.007317,-0.012397,0.579826
230327955814,0.155285,0.087433,-0.118878,-0.011005,-0.006389,-0.006424,0.461509
230427967953,-0.003297,0.071041,-0.097462,-0.038689,0.007767,0.000439,0.587315
230527980092,-0.167076,-0.080094,0.062186,-0.028293,0.007723,0.012800,0.518319
230627992231,-0.229412,0.090995,-0.011907,-0.032431,0.018936,-0.008647,0.500053
230728004369,0.168103,-0.014840,-0.106374,-0.020733,0.007113,-0.011502,0.510687
230828016508,-0.031371,-0.050397,0.056044,-0.043424,0.004524,0.006482,0.495465
230928028647,-0.029844,-0.335700,-0.175779,-0.038914,-0.005488,0.012815,0.510027
231028040786,-0.206737,-0.201844,-0.124396,-0.065941,0.018014,0.021789,0.470848
231128052925,-0.112800,0.023318,0.015469,-0.054420,0.034210,-0.001512,0.549389
231228065064,0.023196,0.097477,-0.113333,-0.039647,0.020238,0.011499,0.537807
231328077203,-0.130303,0.254477,-0.046614,-0.059219,0.013460,0.025456,0.533457
231428089342,0.106141,0.116885,-0.056624,-0.042582,0.011861,0.008656,0.504747
231528101480,-0.142435,0.272106,0.124124,-0.027940,0.031597,-0.003658,0.499060
231628113619,-0.170864,0.422735,-0.141687,-0.030600,0.014749,-0.008534,0.507315
231728125758,-0.140107,-0.012224,-0.252679,-0.013631,-0.005081,0.021924,0.565625
231828137897,-0.145951,0.224454,0.180664,-0.008061,0.002093,-0.023363,0.544365
231928150036,0.001440,0.296047,0.159762,-0.003842,0.027073,-0.003632,0.615167
232028162175,-0.107561,0.459248,-0.002431,-0.004090,0.003889,-0.013067,0.665743
232128174314,0.003583,0.469088,-0.018332,0.001535,-0.002750,-0.005162,0.631338
232228186453,-0.100818,0.014814,0.012153,-0.004926,-0.002927,-0.011104,0.735611
232328198591,0.110816,0.266833,-0.092853,0.012001,-0.014655,-0.030201,0.732637
232428210730,-0.308998,-0.101770,-0.015808,-0.008260,0.001408,-0.010475,0.743510
232528222869,0.409881,-0.344292,-0.090612,-0.022864,-0.004119,-0.008901,0.819516
232628235008,0.622421,0.094080,-0.072134,-0.050991,0.019378,0.033395,0.814288
232728247147,0.683396,0.034151,-0.078649,-0.030927,0.022271,-0.000876,0.815070
232828259286,0.222344,-0.360156,-0.114717,-0.059229,0.042217,0.024858,0.874377
232928271425,-0.193989,-0.563276,-0.108497,-0.019170,0.008809,0.015168,0.893606
233028283563,0.024653,-0.581600,-0.050230,-0.027463,-0.002277,0.031977,0.864565
233128295702,0.164735,-1.285227,-0.102654,-0.011355,-0.009673,0.026037,0.877680
233228307841,0.336910,-1.203398,-0.085490,-0.031936,-0.004596,0.015234,0.856047
233328319980,0.361213,-1.287749,-0.130352,-0.008830,0.023635,0.004131,0.848427
233428332119,0.689744,-1.226313,-0.062260,-0.023640,0.006002,0.012603,0.805165
233528344258,0.479746,-1.688677,-0.134892,-0.026501,0.000531,0.018250,0.682666
233628356397,0.275212,-1.294118,-0.018940,-0.013246,0.004627,0.014266,0.690942
233728368536,-0.047547,0.098169,0.222525,-0.007094,0.026247,0.008154,0.478223
233828380674,0.140520,0.279400,-0.076136,-0.023870,0.034849,0.006984,0.394190
233928392813,0.116052,-0.264363,-0.385747,-0.013773,0.008822,0.025097,0.249500
234028404952,0.101756,0.090832,-0.001524,-0.028513,0.006460,0.016264,0.102672
234128417091,0.030855,-0.149730,0.029225,-0.032092,0.013207,0.013887,0.040019
234228429230,0.093060,0.178390,-0.023361,-0.013002,0.020633,0.010612,0.054078
234328441369,-0.196676,0.043721,-0.023251,-0.024271,0.020211,0.019937,0.018336
234428453508,-0.091014,-0.013371,0.015432,-0.018841,0.004924,0.003790,0.016707
234528465647,-0.157543,-0.110561,-0.084158,-0.025068,0.013614,0.029159,0.014055
234628477785,0.234742,0.288487,-0.049633,-0.020873,0.005695,-0.002612,0.006911
234728489924,-0.034100,0.171354,0.025126,-0.029894,0.024348,0.017995,0.010254
234828502063,-0.128848,0.692571,-0.051006,0.008062,0.001984,0.002401,0.031349
234928514202,-0.346491,0.375093,-0.028943,-0.025050,0.014827,0.018848,0.046202
235028526341,0.023637,0.200927,-0.112071,0.006700,0.001038,0.003852,0.085986
235128538480,-0.095346,0.492788,-0.060746,-0.005850,0.009735,0.007724,0.107764
235228550619,-0.340581,0.930558,0.039501,-0.011597,0.000785,0.003157,0.150109
235328562757,-0.303702,0.472612,0.005180,0.011603,0.002410,0.012283,0.194719
235428574896,-0.223944,0.428183,-0.028907,0.010019,0.009347,-0.002428,0.252464
235528587035,0.089899,0.639428,-0.086286,0.046071,0.004834,-0.016880,0.324207
235628599174,0.130526,0.764057,-0.073550,0.016599,0.005251,-0.002108,0.333898
235728611313,0.229163,0.639636,-0.054661,0.050602,-0.015833,-0.002445,0.367556
235828623452,-0.451417,0.352906,-0.035077,0.010746,0.007254,0.011620,0.435309
235928635591,-0.337610,0.294300,-0.031881,0.033775,-0.018811,-0.015945,0.547930
236028647730,-0.481264,-0.370221,-0.102362,-0.014562,-0.007548,0.024303,0.575849
236128659868,0.024973,-0.138791,-0.049818,0.029704,0.015081,-0.018834,0.624944
236228672007,0.264143,-0.067941,-0.340824,0.000751,0.026566,-0.001258,0.753713
236328684146,0.208884,-0.308892,-0.257131,0.037875,-0.006168,-0.006517,0.686895
236428696285,0.059950,0.027174,0.023008,0.047509,-0.016079,-0.009114,0.811024
236528708424,0.190938,-0.199237,-0.213540,0.039473,0.004170,0.003571,0.780330
236628720563,0.087409,-0.032130,-0.182608,0.061830,-0.016531,-0.022992,0.813376
236728732702,0.182031,-0.261759,0.055343,0.052118,0.001499,-0.018777,0.796499
236828744840,-0.216360,-0.047066,-0.063120,0.036283,0.002203,-0.024446,0.813940
236928756979,0.033166,0.170323,-0.140256,0.042922,-0.006074,-0.002377,0.757953
237028769118,-0.424914,0.241435,-0.039659,-0.003167,0.005458,-0.001242,0.778913
237128781257,-0.412674,0.186431,-0.124455,0.012854,-0.001598,0.009038,0.699946
237228793396,-0.661605,-0.133157,-0.059449,-0.023489,0.017350,0.022944,0.707077
237328805535,-0.367490,-0.348023,-0.185992,-0.018989,0.029850,-0.015379,0.731503
237428817674,-0.253502,-0.334317,-0.274940,-0.031369,0.020263,0.006878,0.722939
237528829813,-0.034566,-0.451879,-0.126006,-0.061808,0.004073,0.042660,0.751417
237628841951,0.334533,0.071655,-0.125211,-0.074885,0.030050,0.025773,0.810692
237728854090,0.095301,-0.202299,-0.124784,-0.075531,0.024861,0.018548,0.824644
237828866229,0.048089,-0.309936,0.073554,-0.055032,0.022475,0.034532,0.756546
237928878368,0.077698,-0.752565,-0.133185,-0.088812,0.027180,0.019145,0.788209
238028890507,0.418234,-0.410981,-0.068537,-0.059759,0.033376,0.042728,0.777332
238128902646,0.137837,-0.434487,-0.057732,-0.072767,0.017084,0.023564,0.742030
238228914785,0.359060,-0.106813,-0.088055,-0.055868,0.023700,0.015575,0.761660
238328926924,-0.234035,-0.235206,-0.114313,-0.061287,0.024951,0.038581,0.706927
238428939062,-0.086494,-0.134574,-0.020590,-0.033773,0.006421,0.019512,0.618121
238528951201,-0.448909,-0.015918,-0.038687,-0.067507,0.040647,0.020196,0.595793
238628963340,0.335163,-0.072643,-0.081561,-0.005686,0.004699,-0.015579,0.520522
238728975479,0.148814,0.158292,0.125620,-0.048323,0.027442,0.029492,0.542336
238828987618,0.296233,0.150325,-0.174626,-0.007024,-0.002880,-0.014847,0.564060
238928999757,-0.325274,0.213293,-0.089626,-0.020743,0.012563,0.014015,0.414369
239029011896,-0.254961,0.049906,0.028078,-0.008705,0.014943,-0.024206,0.540886
239129024034,0.050606,-0.018965,0.175617,-0.009994,0.020931,-0.009978,0.527334
239229036173,0.039953,0.074842,-0.062587,-0.004681,0.004951,-0.022583,0.498487
239329048312,-0.008994,0.400711,-0.065285,-0.021402,-0.017972,0.001087,0.552768
239429060451,-0.063947,0.171368,0.042383,-0.034259,0.000732,0.000896,0.605049
239529072590,0.144546,0.117055,0.040637,-0.019628,0.019801,-0.030902,0.610830
239629084729,-0.188785,-0.021389,-0.151615,-0.039034,0.022307,-0.001659,0.709350
239729096868,-0.324306,-0.013825,-0.179562,-0.030784,0.011467,-0.011708,0.576747
239829109007,-0.217784,-0.066903,-0.099167,-0.065569,0.026673,-0.002829,0.613494
239929121145,0.706710,0.065045,-0.095006,-0.039654,0.013938,-0.024728,0.654630
240029133284,0.858019,-0.318651,-0.169127,-0.080708,0.028902,0.022831,0.517913
240129145423,0.778881,-0.289647,-0.220802,-0.057186,0.023555,-0.004004,0.636982
240229157562,0.090610,-0.423429,-0.128354,-0.078948,0.029792,0.028228,0.647159
240329169701,-0.278020,-0.564587,0.019965,-0.050126,0.028624,0.023379,0.607512
240429181840,0.131021,-0.713008,-0.028585,-0.085292,0.030342,0.023913,0.615193
240529193979,0.105978,-0.942493,-0.017460,-0.065894,0.028085,0.046058,0.572999
240629206117,0.665909,-0.443942,-0.094486,-0.082155,0.032894,0.034751,0.545015
240729218256,0.371024,-0.636052,-0.003089,-0.063412,0.042186,0.035468,0.573286
240829230395,0.467667,-0.247048,-0.021163,-0.064560,0.035326,0.030925,0.473453
240929242534,-0.337810,-0.255723,-0.220516,-0.058869,0.023562,0.051494,0.417887
241029254673,0.042851,-0.110739,-0.079023,-0.046395,0.024872,0.033681,0.289262
241129266812,-0.197259,-0.334192,0.055500,-0.053321,0.047007,0.025678,0.241044
241229278951,0.072057,0.054360,-0.075611,-0.024577,0.020978,0.007581,0.196499
241329291090,-0.194031,0.007728,-0.078188,-0.036031,0.009327,0.034100,0.161855
241429303228,0.182147,0.279606,-0.063697,-0.011965,0.005719,0.010111,0.154340
241529315367,-0.201577,0.361422,-0.060536,-0.014436,0.032875,-0.006158,0.142437
241629327506,-0.315887,-0.085471,-0.233861,0.007233,0.007557,-0.022252,0.134754
241729339645,-0.242115,0.198840,-0.056333,0.004510,-0.006374,-0.007432,0.160380
241829351784,-0.171837,0.547198,0.084028,0.018506,-0.013561,-0.007448,0.193029
241929363923,-0.030166,0.385020,-0.028559,0.019422,0.004878,-0.013628,0.211444
242029376062,-0.199959,0.299942,-0.034519,0.013034,0.006686,-0.013519,0.213725
242129388201,-0.035067,0.351494,-0.117696,0.017970,-0.004722,-0.007349,0.197537
242229400339,0.095926,-0.106371,-0.073944,0.015380,-0.011920,-0.006846,0.247903
242329412478,0.129959,-0.000114,0.004520,0.008354,-0.002434,-0.012355,0.289510
242429424617,0.030176,0.004067,-0.138060,-0.003033,0.013120,0.002996,0.326198
242529436756,0.058686,-0.024695,-0.054799,0.017121,0.010344,-0.019098,0.358371
242629448895,0.037622,0.027683,-0.042334,0.021422,0.002303,-0.015595,0.381991
242729461034,0.298100,-0.116286,-0.148756,0.024717,-0.012311,-0.011600,0.395371
242829473173,0.167802,0.046227,0.018150,-0.008469,0.000598,0.002542,0.371222
242929485311,0.465016,-0.107908,0.016670,0.013232,0.013281,0.000479,0.395776
243029497450,-0.243593,-0.413941,-0.035692,-0.027097,0.033597,0.010563,0.408565
243129509589,-0.344419,-0.010804,0.065423,-0.007000,0.008845,0.020338,0.387168
243229521728,-0.294005,-0.355013,-0.018597,-0.044548,0.017336,0.038570,0.400904
243329533867,-0.160732,-0.212604,-0.073832,-0.021742,-0.004036,0.022177,0.396705
243429546006,-0.108910,-0.403991,-0.053322,-0.031425,0.014253,0.025149,0.362822
243529558145,-0.263480,-0.548109,0.070807,-0.029734,0.026256,0.003559,0.385208
243629570284,-0.096469,-0.532239,0.011509,-0.044993,0.029942,0.020015,0.386588
243729582422,-0.009257,-0.246534,-0.116491,-0.027391,0.007248,0.030158,0.402067
243829594561,0.345750,-0.198484,-0.051062,-0.027199,0.009687,0.023553,0.391432
243929606700,0.061457,0.071910,-0.015735,-0.019083,0.025564,0.011258,0.294119
244029618839,0.071812,-0.053088,-0.071139,-0.024601,0.022254,0.005021,0.226036
244129630978,-0.130656,-0.265142,-0.120562,-0.017423,0.003126,0.022806,0.252408
244229643117,-0.001292,0.095327,-0.044248,0.002527,-0.004344,0.000397,0.263742
244329655256,-0.221866,0.169481,-0.010646,0.001080,0.006715,0.005678,0.233485
244429667394,-0.049047,0.213966,-0.002260,0.012487,-0.002455,-0.018976,0.200818
244529679533,0.150760,0.443805,-0.085700,0.018063,0.011094,0.011741,0.190708
244629691672,-0.104606,0.646654,-0.008887,0.052959,-0.018208,0.001872,0.152423
244729703811,-0.139362,0.211783,0.037852,0.026798,0.000147,0.014647,0.170330
244829715950,-0.104293,0.385530,-0.010604,0.040668,-0.006858,0.011764,0.182997
244929728089,0.014275,0.189623,-0.037020,0.037179,-0.013540,0.011960,0.220608
245029740228,0.149959,-0.232807,-0.140851,0.034236,-0.008307,0.015965,0.257595
245129752367,0.027226,-0.024472,-0.075562,0.040933,-0.016398,0.016549,0.304424
245229764505,-0.104995,0.010070,-0.054385,0.031863,-0.014043,0.032686,0.325621
245329776644,-0.080746,-0.094260,-0.071178,0.025885,-0.018142,0.021878,0.316533
245429788783,0.050272,-0.010118,-0.036008,0.030451,-0.011715,0.020568,0.353854
245529800922,-0.152191,0.130272,-0.062651,0.048880,-0.010612,0.003666,0.384551
245629813061,0.091664,-0.122051,-0.145044,0.038818,-0.005362,0.003588,0.378658
245729825200,-0.118608,-0.074621,0.045215,0.030599,-0.000960,0.015681,0.372378
245829837339,-0.005237,-0.221042,0.147476,0.023574,-0.031242,0.021457,0.407840
245929849478,-0.040144,-0.354017,-0.036128,0.020733,-0.013444,0.023372,0.410399
246029861616,0.308141,-0.254246,-0.084747,0.039180,-0.021088,0.003060,0.366032
246129873755,0.112142,-0.229477,0.002298,0.030517,0.003898,0.009098,0.382726
246229885894,0.155078,0.000672,-0.091931,0.065130,-0.017807,-0.013127,0.439480
246329898033,-0.233446,-0.221014,-0.005441,0.039517,-0.006755,-0.004186,0.414823
246429910172,-0.337487,-0.085406,0.020392,0.063850,-0.019809,-0.025959,0.317384
246529922311,-0.079015,-0.052405,-0.098299,0.064962,-0.028313,-0.004151,0.386360
246629934450,0.059200,-0.436043,-0.075435,0.069474,-0.036876,-0.017415,0.355513
246729946588,0.053043,-0.305460,-0.086174,0.057031,-0.024888,-0.014313,0.286769
246829958727,-0.219653,-0.175089,-0.026303,0.053324,-0.015839,-0.017116,0.300719
246929970866,0.013009,-0.447408,-0.041270,0.058330,-0.013956,-0.015595,0.302199
247029983005,-0.004427,-0.147002,-0.034161,0.038993,-0.015064,-0.033626,0.288113
247129995144,0.041123,0.155036,-0.118151,0.033870,-0.026925,-0.015171,0.268446
247230007283,-0.100299,-0.065798,-0.005876,0.040503,-0.011564,-0.015287,0.243390
247330019422,0.065136,-0.033589,-0.063288,0.031494,-0.003569,-0.026914,0.244883
247430031561,-0.090675,-0.030591,-0.090386,0.026683,-0.012289,-0.009907,0.210375
247530043699,0.083841,-0.120966,0.035860,0.028855,-0.019239,-0.011271,0.183729
247630055838,-0.116594,-0.014848,0.191277,0.012729,0.000725,-0.005013,0.181475
247730067977,0.137310,0.046678,-0.035609,0.021287,-0.000924,0.000166,0.161443
247830080116,-0.165165,-0.050851,-0.090858,0.005852,-0.004980,0.003876,0.192818
247930092255,-0.198020,0.109808,-0.046812,0.006349,-0.000684,0.004501,0.187087
248030104394,-0.273049,0.124509,0.007778,-0.006178,0.011322,0.013943,0.146216
248130116533,-0.046818,0.046419,-0.020092,-0.009112,0.001072,0.011748,0.146211
248230128672,0.081804,0.194992,-0.030111,-0.013657,0.001876,0.021317,0.150671
248330140810,0.054229,-0.076248,-0.067213,-0.009158,0.004102,0.014296,0.148270
248430152949,0.105449,0.079899,-0.106347,-0.027135,0.021499,0.015591,0.184592
248530165088,-0.150778,0.090037,-0.095019,-0.021179,0.003068,0.009161,0.214224
248630177227,-0.036883,-0.303108,-0.067777,-0.015396,-0.005197,0.012604,0.234028
248730189366,-0.151027,0.128762,-0.065791,-0.020996,0.016051,-0.003222,0.279230
248830201505,-0.139530,0.174655,-0.107294,-0.028278,0.021932,0.005464,0.277750
248930213644,-0.207621,0.309757,-0.111304,-0.034005,0.010903,0.015307,0.285596
249030225782,-0.110430,0.507512,-0.003455,-0.017186,0.000260,0.001679,0.317043
249130237921,-0.239083,0.212466,-0.058199,-0.029424,0.018193,0.013683,0.288804
249230250060,-0.264628,0.296465,0.034521,-0.034086,0.017219,0.006465,0.294380
249330262199,-0.283028,0.113274,0.049214,-0.029400,0.008583,0.003854,0.354265
249430274338,-0.397575,0.055100,-0.008663,-0.030396,0.001201,0.004199,0.373056
249530286477,-0.432317,0.041415,-0.020859,-0.053191,0.002588,0.015611,0.367251
249630298616,0.328076,-0.031545,-0.047861,0.005542,-0.013712,-0.006843,0.358770
249730310755,0.333031,0.058158,-0.012168,-0.021779,0.022282,-0.013204,0.402416
249830322893,0.323226,0.116538,-0.092829,0.013382,0.003015,-0.027899,0.494212
249930335032,-0.091353,-0.177520,-0.071899,-0.023562,-0.006040,0.007043,0.518132
250030347171,-0.334137,0.122942,-0.106325,0.004688,-0.007266,-0.016988,0.460111
250130359310,-0.338987,-0.211914,-0.042802,-0.020894,0.011405,-0.020204,0.439179
250230371449,-0.135435,0.114759,0.074681,-0.019998,0.011959,-0.025693,0.534036
250330383588,0.064872,0.085180,-0.030372,-0.018495,0.007401,-0.022659,0.546657
250430395727,0.152307,-0.118133,-0.085218,-0.024441,0.008294,-0.026029,0.435897
250530407865,0.250500,-0.254307,-0.067045,-0.026527,0.007560,-0.010368,0.479058
250630420004,-0.027081,-0.296467,0.102814,-0.030392,0.007814,-0.001345,0.526493
250730432143,0.116414,-0.261594,-0.017056,-0.023921,0.012831,0.005060,0.500917
250830444282,-0.043196,-0.207959,-0.078382,-0.053901,0.017917,0.003203,0.523456
250930456421,0.031143,0.049376,-0.048321,-0.035429,0.020825,-0.004173,0.518999
251030468560,-0.145252,0.290032,-0.012619,-0.052568,0.027637,0.009921,0.474675
251130480699,-0.068574,0.086666,-0.062487,-0.069764,0.029362,0.005675,0.454159
251230492838,-0.001940,0.107808,-0.028777,-0.068231,0.027031,0.008724,0.434853
251330504976,-0.047113,-0.205868,-0.022453,-0.049591,0.008190,-0.003197,0.378983
251430517115,0.188909,-0.205023,-0.047608,-0.044294,0.009327,-0.020419,0.428915
251530529254,0.112244,0.051213,0.003080,-0.043198,0.017243,-0.020693,0.491415
251630541393,-0.167909,-0.059856,-0.028081,-0.045042,0.012801,-0.000264,0.400905
251730553532,-0.283265,0.240095,-0.050610,-0.056425,0.000065,0.005128,0.406524
251830565671,-0.235233,0.343900,-0.101774,-0.056176,0.011001,0.007589,0.522876
251930577810,0.058202,0.274970,-0.141552,-0.048762,0.021517,-0.016948,0.460318
252030589949,0.057168,0.034076,-0.115046,-0.072244,0.025624,-0.000475,0.396663
252130602087,0.283783,0.052364,-0.061423,-0.083588,0.013108,0.019625,0.495273
252230614226,0.198999,-0.088345,0.050038,-0.087720,0.015190,0.027432,0.446593
252330626365,0.361840,-0.116405,-0.022359,-0.065340,0.036160,0.019725,0.436879
252430638504,0.572291,-0.186608,-0.272588,-0.090221,0.043238,0.035038,0.440396
252530650643,0.346858,-0.238025,-0.098914,-0.069413,0.013782,0.041342,0.484953
252630662782,0.265868,-0.245648,-0.039816,-0.068224,0.021623,0.045541,0.562738
252730674921,-0.197809,-0.130019,-0.216208,-0.052534,0.019966,0.014619,0.426887
252830687059,-0.226361,-0.041351,-0.020331,-0.035056,0.013639,0.026306,0.445386
252930699198,-0.114081,0.029361,0.037557,-0.033003,0.028166,-0.008674,0.428772
253030711337,0.071277,0.258766,-0.128157,-0.021814,0.012725,-0.006028,0.380335
253130723476,0.102038,0.083392,-0.131675,-0.016532,-0.011476,0.019027,0.429844
253230735615,-0.074095,0.417707,0.054196,-0.019082,0.005632,0.006566,0.386966
253330747754,-0.015913,0.344304,0.028686,-0.006514,0.025157,0.006743,0.380721
253430759893,0.211201,0.280433,-0.101915,0.001528,-0.005160,0.003712,0.448660
253530772032,0.126202,0.086764,-0.035714,-0.005382,-0.010675,0.024615,0.401581
253630784170,0.309724,0.292514,0.063594,0.008462,-0.017957,0.022918,0.423134
253730796309,0.097679,0.158597,-0.006975,0.004637,0.002876,0.034323,0.505228
253830808448,-0.075510,-0.243446,-0.053841,-0.017728,0.001906,0.028407,0.545967
253930820587,-0.300253,-0.130059,-0.112043,-0.002691,0.001702,0.021568,0.538648
254030832726,-0.109028,-0.055503,-0.162669,0.011460,-0.004497,0.026757,0.533719
254130844865,-0.053540,-0.285409,0.010899,0.013261,0.003770,0.007337,0.550079
254230857004,0.119291,-0.163189,-0.054772,0.015729,-0.007850,0.014312,0.471687
254330869142,-0.030622,0.116604,-0.119779,0.007106,0.004177,0.019367,0.578118
254430881281,-0.115227,-0.133064,-0.014246,0.013848,-0.009851,0.026065,0.559519
254530893420,0.007251,-0.257681,-0.054393,0.018223,-0.007481,0.027232,0.508312
254630905559,0.112004,-0.185329,-0.154956,-0.008217,0.008502,0.020378,0.553879
254730917698,-0.196954,-0.093525,-0.082983,0.009388,0.017984,0.011851,0.589425
254830929837,-0.165633,0.505943,0.017224,0.007327,-0.003499,-0.006132,0.628364
254930941976,-0.013644,0.095494,-0.135471,-0.013773,-0.004977,0.030375,0.530074
255030954115,0.124845,0.297246,-0.081928,0.025483,-0.017649,-0.004215,0.570549
255130966253,-0.459118,-0.253473,-0.016806,0.001182,0.003876,0.001927,0.581616
255230978392,-0.690541,-0.367382,0.020394,0.030954,-0.014884,-0.020307,0.585886
255330990531,-0.521614,-0.166961,-0.047131,-0.003855,-0.001446,0.004832,0.586908
255431002670,0.496925,-0.136017,-0.191201,0.052195,-0.033175,-0.024424,0.635434
255531014809,0.780732,0.027573,-0.045886,0.016296,-0.002782,-0.015383,0.621742
255631026948,0.553267,0.033833,-0.102498,0.069407,-0.024255,-0.035171,0.601723
255731039087,-0.382739,0.101783,-0.028699,0.033455,-0.016757,-0.018525,0.665302
255831051226,-0.626386,-0.106488,0.002118,0.054184,-0.018786,-0.041305,0.580682
255931063364,-0.336378,-0.239006,-0.021463,0.034283,0.002509,-0.025951,0.542676
256031075503,-0.083863,-0.102999,-0.006572,0.042668,-0.018360,-0.039401,0.549779
256131087642,0.371775,-0.130657,-0.060946,0.029961,-0.005316,-0.027156,0.558115
256231099781,-0.010662,0.127705,-0.052928,0.044624,-0.012226,-0.018231,0.470520
256331111920,-0.137344,0.072508,-0.049066,0.042735,-0.012809,-0.015978,0.500044
256431124059,-0.086286,0.198858,-0.075634,0.037009,-0.007597,-0.009241,0.546757
256531136198,0.245449,0.382156,-0.150302,0.043178,-0.010224,-0.019640,0.483852
256631148336,-0.137259,-0.057372,-0.035162,0.012859,-0.005287,-0.009123,0.492372
256731160475,0.090377,0.290608,-0.161625,0.021090,-0.014766,-0.011006,0.419013
256831172614,-0.431912,0.248181,0.019276,0.001785,0.000938,-0.001788,0.439290
256931184753,-0.158554,0.111849,0.055376,0.042187,-0.005756,-0.037043,0.539263
257031196892,-0.283884,0.317948,-0.047784,-0.011494,0.022475,-0.018229,0.467897
257131209031,-0.209206,0.394297,-0.043190,0.010579,-0.004594,-0.002242,0.523277
257231221170,-0.202232,0.222068,0.216278,0.015096,-0.027766,-0.008246,0.567762
257331233309,-0.010752,0.383220,0.013359,0.017503,0.013882,-0.009961,0.543357
257431245447,-0.587443,-0.116965,0.031977,-0.017238,0.021986,-0.001919,0.608018
257531257586,-0.470754,0.105700,0.085482,-0.027487,-0.001939,0.016001,0.648819
257631269725,-0.372935,0.137754,0.024752,-0.052826,-0.005343,0.035524,0.657319
257731281864,0.289203,-0.390061,-0.252152,-0.015542,-0.031450,0.014387,0.703624
257831294003,-0.397979,-0.397023,0.016982,-0.063786,0.032461,0.022536,0.699122
257931306142,-0.549664,0.130916,0.308413,0.000651,0.039960,-0.019411,0.657412
258031318281,-0.323236,-0.176840,0.099922,-0.079699,0.046622,0.024848,0.765412
258131330420,0.192346,-0.246686,-0.188220,-0.041894,-0.011350,0.043316,0.785107
258231342558,0.382608,-0.293363,-0.113671,-0.054763,0.020696,0.048102,0.668593
258331354697,0.036311,-0.311948,-0.026172,-0.042956,0.055662,0.018960,0.775954
258431366836,-0.094655,-0.250239,0.178852,-0.059954,0.039551,0.007537,0.710221
258531378975,-0.268632,0.134242,0.164677,-0.046552,0.022167,0.035271,0.688300
258631391114,-0.143451,0.771745,-0.007397,-0.052477,0.014648,0.062132,0.716776
258731403253,-0.144327,0.680368,0.071584,-0.045676,0.019533,0.055748,0.669704
258831415392,-0.146774,0.199045,-0.105809,-0.050865,0.018811,0.041873,0.616539
258931427530,-0.514437,0.312863,-0.055469,-0.008067,0.003111,0.020717,0.566428
259031439669,-0.086666,0.041309,0.069134,0.030176,-0.007992,-0.004612,0.640065
259131451808,0.300787,0.240308,-0.095269,0.023960,-0.010231,0.007754,0.641938
259231463947,0.334237,-0.082460,-0.122679,0.010616,0.002704,0.028296,0.629548
259331476086,0.016990,-0.107936,0.075158,0.027624,-0.005402,-0.006790,0.677849
259431488225,-0.072849,0.040554,-0.073232,0.024943,0.006868,0.007389,0.716068
259531500364,-0.105034,-0.107219,-0.154140,0.016383,-0.019777,0.010705,0.700252
259631512503,-0.319948,0.104290,-0.100737,-0.025031,-0.004372,0.031796,0.753034
259731524641,-0.501110,0.309232,0.030686,-0.007162,0.021454,0.040733,0.665982
259831536780,-0.171703,0.155859,-0.040610,0.032771,-0.007841,0.007849,0.688422
259931548919,-0.321297,0.150372,-0.024557,0.039931,-0.022387,-0.000565,0.614874
260031561058,0.334254,-0.263366,-0.176130,0.082434,-0.043591,0.003965,0.731717
260131573197,0.606992,-0.373285,-0.265878,0.046783,-0.069572,0.001253,0.645060
260231585336,0.301198,-0.938370,-0.278384,0.056612,-0.050508,-0.001815,0.670198
260331597475,0.087201,-0.954542,-0.019682,0.054783,-0.003306,-0.009369,0.737520
260431609613,-0.118047,-0.643898,-0.093917,0.024976,0.000621,-0.016823,0.710913
260531621752,0.054460,-0.167598,-0.007988,0.006446,0.002619,0.007515,0.755800
260631633891,0.338349,-0.064616,-0.118579,0.003963,0.013227,0.003101,0.764026
260731646030,0.144710,-0.055230,-0.058904,-0.003140,0.018280,-0.012682,0.643319
260831658169,0.062614,0.062467,-0.108714,-0.016699,0.025391,0.009535,0.606866
260931670308,-0.109091,-0.075049,-0.063006,-0.010075,0.014739,0.017339,0.527560
261031682447,-0.204403,0.167356,0.056720,-0.039889,0.022425,0.019415,0.474765
261131694586,-0.287357,0.075439,-0.045458,-0.032066,0.021746,0.005942,0.422413
261231706724,-0.144877,-0.153787,-0.080599,-0.037244,0.027628,0.005356,0.536626
261331718863,-0.039955,0.241404,-0.089445,-0.015885,0.020107,0.001782,0.471906
261431731002,0.357029,0.060065,-0.171406,-0.042776,0.016474,0.016753,0.457834
261531743141,0.368172,-0.176444,-0.166560,-0.017336,0.004113,0.027497,0.474150
261631755280,-0.187816,0.198862,-0.041232,-0.031762,0.012719,0.029569,0.508984
261731767419,-0.547035,-0.301377,-0.076771,-0.019579,0.016164,0.014603,0.579555
261831779558,-0.138147,-0.118172,-0.076970,-0.024063,0.015101,0.023254,0.493685
261931791697,0.174228,-0.081741,-0.093453,0.004443,0.003155,-0.003856,0.536374
262031803835,0.263104,0.009547,-0.107210,-0.002673,-0.001080,0.013745,0.549771
262131815974,0.283096,-0.259647,-0.234486,0.011809,-0.022836,0.027181,0.552143
262231828113,-0.027805,-0.300452,-0.041624,-0.032666,0.007699,0.032775,0.615186
262331840252,-0.145971,-0.073872,0.123452,-0.028900,-0.002610,0.003900,0.534758
262431852391,-0.082628,0.073573,-0.022700,-0.057447,0.002647,0.028044,0.583057
262531864530,-0.356451,0.224593,0.050512,-0.046964,0.024598,0.056204,0.541156
262631876669,-0.465517,0.286357,0.005775,-0.023902,0.009956,0.035834,0.579394
262731888807,-0.708420,0.268289,-0.077768,-0.024214,0.041608,0.019336,0.596600
262831900946,-0.070478,0.085640,-0.059290,-0.001370,0.031206,-0.014134,0.493966
262931913085,0.134155,0.021018,-0.184164,-0.043495,0.006102,0.024742,0.515304
263031925224,-0.039483,0.157456,-0.246493,-0.001260,-0.022133,0.012469,0.569131
263131937363,-0.097382,0.242882,-0.054591,-0.022434,-0.008697,0.004267,0.510681
263231949502,-0.065619,-0.012721,0.057981,-0.048285,-0.001471,0.006052,0.608405
263331961641,-0.128092,0.114896,-0.033063,-0.043472,0.000682,0.012236,0.592516
263431973780,-0.211008,0.036983,-0.028155,-0.028963,-0.020887,0.004881,0.667750
263531985918,-0.111312,-0.278671,-0.120727,-0.046743,-0.009446,-0.011050,0.631162
263631998057,-0.454565,-0.337613,-0.149828,-0.060546,0.009036,0.005579,0.715433
263732010196,-0.317289,-0.426329,-0.110770,-0.029770,0.020246,-0.007836,0.709326
263832022335,0.061649,-0.419789,-0.175677,-0.051069,0.052868,-0.028786,0.695701
263932034474,0.329823,-0.045008,0.031077,-0.016154,0.030408,-0.039425,0.796679
264032046613,0.040416,0.484348,0.130774,-0.066514,0.048503,-0.016340,0.820359
264132058752,0.204049,0.200284,0.104612,-0.049904,0.031925,0.005038,0.707841
264232070890,0.111067,0.059580,0.101783,-0.083029,0.030790,0.069745,0.672038
264332083029,0.123094,-0.233084,-0.068603,-0.076933,0.033317,0.066647,0.651386
264432095168,-0.042613,0.212732,-0.118691,-0.099068,0.051773,0.070416,0.579945
264532107307,-0.150531,0.303172,-0.085240,-0.093096,0.049513,0.051061,0.632381
264632119446,0.250390,-0.044487,-0.168801,-0.075358,0.038118,0.020188,0.666690
264732131585,0.388826,-0.460749,-0.277155,-0.065199,0.023702,0.014501,0.566459
264832143724,0.900618,-0.237964,-0.188135,-0.078285,0.010056,0.010712,0.619375
264932155863,0.332618,-0.315956,-0.007866,-0.063091,0.003918,0.029106,0.646013
265032168001,0.296658,-0.139103,0.007374,-0.052438,0.020049,0.020125,0.702766
265132180140,-0.080718,-0.430105,-0.011930,-0.064806,0.022132,0.009172,0.666859
265232192279,0.234589,-0.530839,0.040893,-0.027242,0.010664,0.027283,0.611037
265332204418,-0.031481,-0.962452,-0.101755,-0.057508,0.015147,0.046856,0.612980
265432216557,0.443674,-0.414788,-0.095828,-0.024673,0.017614,0.023985,0.514081
265532228696,-0.334591,0.044086,-0.031351,-0.020366,0.025462,0.011344,0.431539
265632240835,-0.308256,0.228316,-0.060023,0.007377,0.004633,-0.003769,0.507605
265732252974,-0.325178,0.254771,-0.012948,-0.002974,0.002361,0.008202,0.451367
265832265112,0.051308,0.502597,0.084459,0.026112,-0.015785,-0.010342,0.395962
265932277251,-0.131692,0.418617,0.054878,0.018402,-0.005247,-0.001910,0.359487
266032289390,-0.403947,0.404909,-0.102155,0.019994,-0.001662,-0.017331,0.218039
266132301529,-0.397012,0.399306,-0.000347,0.026987,-0.007393,-0.015913,0.280519
266232313668,0.109587,0.638305,0.029152,0.075613,-0.040805,-0.026498,0.430518
266332325807,0.413369,0.197573,-0.055764,0.064170,-0.032149,-0.004914,0.425474
266432337946,0.403968,0.090175,-0.022521,0.088568,-0.041940,-0.015988,0.522516
266532350084,0.068431,-0.395169,-0.014379,0.095554,-0.044263,-0.027999,0.547161
266632362223,-0.531070,-0.867273,0.039496,0.120532,-0.050796,-0.021157,0.525579
266732374362,-0.361810,-0.280846,-0.043261,0.116316,-0.013217,-0.009350,0.658847
266832386501,-0.452849,0.174719,-0.031517,0.151572,-0.029855,-0.029360,0.614549
266932398640,0.289565,0.161274,-0.195053,0.154195,-0.080605,-0.044057,0.648687
267032410779,-0.205103,-0.630140,-0.260575,0.129819,-0.078855,-0.050955,0.601486
267132422918,0.542231,-0.380048,0.001727,0.155870,-0.059375,-0.071632,0.621809
267232435057,-0.188386,-0.695941,-0.117805,0.112272,-0.038380,-0.055528,0.489018
267332447195,0.135370,-0.107262,-0.048351,0.105032,-0.055013,-0.035034,0.557713
267432459334,-0.478474,-0.173925,-0.006609,0.067377,-0.028249,-0.014402,0.587779
267532471473,-0.113831,-0.045335,0.047336,0.096028,-0.039974,-0.045649,0.534717
267632483612,-0.341211,-0.257286,-0.242798,0.032130,-0.015164,-0.005774,0.512875
267732495751,0.006153,0.274320,-0.123191,0.056655,-0.021824,-0.011927,0.483452
267832507890,-0.510525,-0.119352,0.112313,0.011187,-0.010922,0.007506,0.377927
267932520029,-0.453922,-0.229771,-0.053273,0.033596,-0.013474,-0.017970,0.445257
268032532168,-0.391059,0.230098,-0.143321,-0.004047,0.011227,-0.000899,0.466951
268132544306,0.027889,0.117567,-0.069685,0.007557,-0.001507,-0.001000,0.397183
268232556445,0.195536,0.104301,0.032481,-0.014328,-0.003387,0.019966,0.471395
268332568584,0.115577,0.028081,0.073643,-0.021052,-0.003964,0.023558,0.444605
268432580723,-0.028845,0.241774,-0.012470,-0.041158,0.024244,0.028885,0.380746
268532592862,-0.319281,0.183054,0.066424,-0.017286,0.050920,0.017811,0.413070
268632605001,-0.061073,0.187788,-0.036506,-0.020276,0.015783,0.016640,0.353602
268732617140,-0.463585,-0.026913,-0.093175,-0.037298,0.004235,0.036009,0.310847
268832629278,-0.165189,0.092490,-0.016989,0.007222,-0.002304,0.011730,0.363834
268932641417,-0.330231,0.087483,0.011719,0.013205,0.015310,-0.013629,0.445894
269032653556,0.069212,0.069714,-0.054051,0.034742,-0.002959,-0.011944,0.450890
269132665695,0.348696,0.085767,-0.318498,-0.001567,-0.040314,0.012200,0.454349
269232677834,0.005753,-0.055645,-0.007813,0.017027,-0.014614,0.004556,0.496846
269332689973,-0.058027,-0.001070,0.072766,0.000429,0.027077,-0.032163,0.518749
269432702112,-0.232224,-0.158147,-0.275014,-0.005389,0.015994,-0.016701,0.533245
269532714251,-0.035081,0.121540,-0.069573,-0.029881,0.001268,0.000118,0.525778
269632726389,0.052661,0.319445,-0.061478,-0.044408,0.016469,0.009083,0.557490
269732738528,-0.158047,0.382149,-0.101327,-0.026751,0.020410,-0.024527,0.614086
269832750667,-0.061542,0.246112,-0.156704,-0.048137,0.020982,-0.006958,0.638805
269932762806,-0.338112,0.324629,0.095121,-0.046776,0.019606,0.000084,0.519548
270032774945,-0.425197,0.222575,0.117290,-0.028446,-0.007792,-0.011740,0.600273
270132787084,-0.250897,0.170738,-0.076279,-0.051060,-0.005100,0.004574,0.657942
270232799223,0.229805,-0.271598,-0.038170,-0.015752,-0.016823,-0.031105,0.654359
270332811361,-0.103286,0.049746,0.060406,-0.032309,0.015647,-0.003530,0.714037
270432823500,-0.365183,0.139362,-0.076823,-0.031686,0.022516,-0.025009,0.697370
270532835639,-0.227331,0.033329,-0.150256,-0.039519,0.021351,0.000955,0.828548
270632847778,0.152759,0.247381,-0.036936,-0.020968,-0.005524,-0.016387,0.900902
270732859917,0.151330,-0.434022,-0.120893,-0.011461,0.007791,-0.024036,0.738509
270832872056,-0.272169,-0.616116,-0.230252,0.019378,-0.011183,-0.040386,0.781177
270932884195,-0.038618,-0.740390,0.004965,-0.004574,-0.000607,-0.019415,0.833319
271032896334,0.196436,-0.433042,0.163609,-0.014203,0.014410,-0.024960,0.872650
271132908472,0.338392,0.029330,-0.102794,0.003508,-0.000072,-0.014451,0.875407
271232920611,0.391952,0.085546,-0.239154,0.026646,-0.024823,-0.069824,0.864688
271332932750,0.547367,-0.371106,-0.319242,0.005770,-0.037642,-0.097200,0.713949
271432944889,-0.155738,-0.479307,-0.139858,0.022002,-0.029515,-0.025158,0.590802
271532957028,0.172043,-0.528107,-0.141218,0.031481,-0.036778,-0.071835,0.675379
271632969167,-0.478240,-0.157200,-0.058535,0.010634,-0.013856,-0.076095,0.630113
271732981306,0.102908,0.222424,0.040971,0.028986,-0.002549,-0.048935,0.574367
271832993445,-0.057082,0.290420,-0.002146,0.015156,0.005452,-0.051661,0.665681
271933005583,0.392393,0.293586,-0.067913,0.012834,0.008590,-0.053597,0.661080
272033017722,-0.276630,0.321517,-0.100597,-0.035176,0.037139,-0.036528,0.544992
272133029861,0.250230,0.269416,-0.229141,-0.021962,0.034081,-0.053780,0.566580
272233042000,-0.383243,0.520160,-0.081505,-0.083985,0.037251,-0.026043,0.600410
272333054139,0.070852,0.369064,-0.012426,-0.053163,0.018637,-0.031260,0.548072
272433066278,0.182279,0.052934,-0.096587,-0.080517,0.013271,-0.022251,0.616155
272533078417,0.513896,0.411190,-0.303344,-0.036943,-0.016443,-0.012732,0.605099
272633090555,-0.139032,0.019435,-0.077793,-0.093596,0.033132,0.008244,0.678785
272733102694,0.043734,-0.008872,0.098794,-0.031100,0.026297,-0.019441,0.733331
272833114833,-0.031142,0.007238,-0.148917,-0.034987,0.012136,0.003179,0.761117
272933126972,0.452589,0.007008,-0.299827,-0.036644,0.015197,-0.000756,0.764764
273033139111,0.618111,-0.159997,-0.187822,-0.033532,0.013436,0.034967,0.688543
273133151250,0.575979,-0.775487,-0.191668,-0.003509,-0.004040,0.011569,0.764516
273233163389,0.068416,-1.031399,-0.053427,-0.010534,-0.005400,-0.007604,0.787503
273333175528,0.094616,-0.874096,0.026822,0.016218,-0.007848,0.005189,0.772578
273433187666,0.204745,-0.262609,-0.057021,0.037793,-0.009286,-0.020428,0.755276
273533199805,0.303069,0.370737,-0.156183,0.048719,0.010109,-0.036101,0.641523
273633211944,-0.012625,0.406327,-0.143036,0.027647,-0.005291,0.002420,0.661963
273733224083,0.074287,0.338090,-0.095198,0.034366,-0.036966,0.013656,0.623704
273833236222,-0.081356,0.132068,-0.043705,0.020946,-0.014775,0.011692,0.518752
273933248361,0.023303,0.341530,0.099178,0.048045,0.019455,-0.001975,0.412616
274033260500,-0.086525,0.218135,-0.206193,0.032456,0.003821,0.002674,0.439530
274133272638,0.134831,-0.014971,-0.100743,0.040293,-0.025711,0.008080,0.511425
274233284777,0.122673,0.223944,0.000493,0.028918,-0.020215,0.024410,0.477307
274333296916,-0.151379,-0.240600,-0.142148,0.037493,-0.020571,0.020224,0.511641
274433309055,-0.129740,-0.581981,-0.181120,0.012274,-0.019422,0.035336,0.573600
274533321194,-0.013062,-0.313180,-0.115156,0.023017,-0.007494,0.026701,0.604074
274633333333,0.119475,-0.284893,-0.011644,-0.011231,-0.000377,0.027513,0.636389
274733345472,0.173848,-0.107690,0.018440,-0.002375,-0.000017,0.035002,0.642943
274833357611,0.349645,0.220004,0.058356,-0.011408,0.012277,0.031630,0.585407
274933369749,-0.210126,-0.064985,0.046248,-0.031120,0.022046,0.040826,0.648385
275033381888,-0.144584,-0.635521,-0.074497,-0.013989,-0.000994,0.047710,0.556365
275133394027,-0.221965,-0.627400,-0.106137,-0.017837,0.004722,0.023095,0.528714
275233406166,0.149728,-0.432588,-0.035446,0.000391,0.001584,0.024824,0.518286
275333418305,-0.019186,-0.427614,-0.048188,-0.004232,0.005941,0.027792,0.444552
275433430444,0.299309,0.056563,-0.015563,0.002648,0.008232,0.006407,0.417691
275533442583,0.127545,0.247627,0.001684,0.003234,0.000254,-0.005052,0.475989
275633454722,-0.002671,0.304531,-0.148250,0.041813,-0.018002,0.003320,0.415215
275733466860,-0.226207,-0.045366,-0.010778,0.004907,-0.002287,0.023116,0.322284
275833478999,0.031360,-0.091538,-0.041027,0.024048,-0.008643,0.011186,0.319685
275933491138,0.081227,-0.049083,-0.123674,0.016654,0.002242,0.001451,0.339976
276033503277,-0.043465,-0.079552,-0.089549,-0.003756,0.003577,0.007531,0.322927
276133515416,-0.261045,-0.138931,-0.028466,0.004996,-0.001740,0.023583,0.304234
276233527555,-0.114152,-0.137644,0.007174,0.001359,0.010400,0.003255,0.288294
276333539694,0.040890,-0.325549,-0.001019,0.004564,0.016355,0.003493,0.274627
276433551832,0.103981,-0.186553,-0.061002,0.011049,-0.004295,0.011967,0.269229
276533563971,0.047500,0.154866,-0.120727,-0.000798,0.004772,0.013510,0.250583
276633576110,0.050841,0.124587,-0.100325,-0.016401,0.007943,0.016799,0.221219
276733588249,-0.102941,-0.069232,0.072077,-0.008866,0.012526,0.011864,0.197294
276833600388,-0.021571,-0.120885,0.000674,-0.016936,0.015274,0.008716,0.179904
276933612527,-0.108891,-0.188460,-0.112542,-0.014355,0.002799,0.020428,0.162834
277033624666,0.131927,-0.299489,-0.089759,0.009336,-0.004451,0.017955,0.177045
277133636805,-0.094188,-0.091887,-0.040809,-0.005094,0.011044,0.008943,0.180944
277233648943,-0.117933,0.066620,-0.084877,0.023226,-0.002473,-0.003330,0.176214
277333661082,-0.138621,0.336055,0.036158,0.008257,-0.002546,-0.000488,0.152531
277433673221,0.017537,0.257368,-0.024312,0.000512,0.000049,0.005202,0.128589
277533685360,0.107544,0.414206,-0.049321,0.017933,-0.004347,0.014440,0.094602
277633697499,0.139734,0.285363,-0.038885,-0.013036,0.004254,0.019878,0.076718
277733709638,0.141488,0.170380,-0.047946,-0.002477,-0.007630,0.016577,0.092478
277833721777,-0.073910,-0.015391,-0.094727,-0.017295,-0.002202,0.038730,0.112775
277933733915,-0.332535,-0.404499,-0.095408,-0.018620,0.008086,0.028789,0.138176
278033746054,-0.116661,-0.429145,-0.132775,-0.027198,0.015917,0.019407,0.162461
278133758193,0.011717,-0.573910,-0.098448,-0.023491,0.018350,0.014692,0.173080
278233770332,0.129186,-0.124477,-0.024068,-0.024101,0.012828,0.010629,0.179008
278333782471,-0.079026,0.074386,-0.026597,-0.018986,0.013271,0.003784,0.172921
278433794610,0.116242,0.189523,-0.075938,-0.001075,0.001951,0.001130,0.146954
278533806749,0.068784,0.014841,-0.048389,0.005270,-0.001599,-0.004910,0.106640
278633818888,0.026039,0.147863,-0.000772,0.016183,0.006016,-0.011472,0.034859
278733831026,-0.036021,0.082443,-0.073211,0.008050,-0.009661,-0.004587,0.002680
278833843165,-0.112215,0.130873,0.030955,0.010157,-0.013770,-0.005506,0.007021
278933855304,-0.048788,0.078093,-0.000496,0.013091,-0.003170,-0.001255,0.015252
279033867443,-0.036906,0.086276,-0.093879,0.003802,-0.003299,-0.003864,0.014014
279133879582,0.091186,0.074023,-0.134833,-0.003814,-0.003910,-0.008887,0.021067
279233891721,-0.033895,0.258578,-0.072389,-0.002429,-0.012164,0.003578,0.023555
279333903860,-0.104201,0.331245,-0.129376,-0.008011,-0.012572,0.016704,0.018357
279433915999,-0.007518,0.130308,-0.035842,-0.010760,0.003231,0.008939,0.018379
279533928137,-0.070360,0.100032,-0.079352,-0.002890,0.004554,-0.004136,0.016731
279633940276,-0.114222,-0.007678,-0.102590,0.009569,0.003974,0.003850,0.020872
279733952415,-0.212447,0.056332,0.035714,0.005694,0.013961,0.011780,0.013680
279833964554,-0.015819,0.014892,-0.049626,-0.018995,0.019071,0.008241,0.011772
279933976693,0.185029,0.125991,-0.109052,-0.000108,-0.011645,0.013924,0.011357
280033988832,-0.089396,0.140915,0.000891,-0.015147,0.006818,0.023608,0.008716
280134000971,-0.087098,0.098931,-0.020392,-0.009027,-0.000669,0.010150,0.013022
280234013109,-0.041339,0.045132,-0.080103,-0.029707,0.021606,0.004316,0.017566
280334025248,-0.178432,0.108804,0.004650,-0.031537,0.025582,0.002528,0.021805
280434037387,-0.221665,0.085342,0.011757,-0.042189,0.012687,0.017563,0.034338
280534049526,-0.215865,0.020107,-0.008368,-0.035292,0.012180,0.026602,0.025867
280634061665,-0.005025,-0.116294,-0.072228,-0.033988,0.023878,0.030098,0.014310
280734073804,-0.302506,0.041717,-0.010107,-0.017105,0.004912,0.021197,0.015482
280834085943,-0.287134,0.056212,-0.011624,-0.026131,0.019534,0.019038,0.012676
280934098082,-0.109851,-0.096442,-0.029527,-0.024522,0.015432,0.015578,0.018958
281034110220,0.145883,0.055461,-0.002670,-0.034099,0.020341,0.013150,0.015618
281134122359,0.060395,0.124087,-0.109991,-0.032537,0.016838,0.015971,0.014098
281234134498,-0.070980,0.273718,-0.094919,-0.038135,0.014967,0.008727,0.015353
281334146637,-0.200359,0.048319,-0.035833,-0.022313,0.004932,0.017547,0.018347
281434158776,-0.077559,-0.055606,-0.004427,-0.004382,-0.005216,0.012276,0.026280
281534170915,-0.042027,-0.005034,-0.036125,-0.003800,-0.007829,0.025297,0.019495
281634183054,0.069692,0.144294,-0.084913,-0.002987,-0.008114,0.030269,0.012687
281734195193,-0.145922,0.142792,-0.107559,-0.004797,-0.001303,0.013222,0.017625
281834207331,-0.021516,0.075496,-0.106610,-0.015646,0.014135,0.008466,0.014766
281934219470,0.027255,0.133397,-0.133603,-0.023097,0.023691,0.003915,0.015679
282034231609,0.019427,0.329202,-0.071941,-0.018222,0.013325,0.003523,0.009685
282134243748,-0.044579,0.219070,-0.026383,-0.017321,-0.002926,0.009586,0.007610
282234255887,-0.046956,0.102321,-0.026585,-0.008831,-0.007413,0.010929,0.008603
282334268026,-0.156116,0.137000,0.044168,-0.003561,0.004876,0.011836,0.010055
282434280165,-0.150635,0.231283,0.027717,0.001547,0.005943,0.005480,0.013603
282534292303,-0.112967,-0.014696,-0.080542,0.001053,0.006542,0.003554,0.009626
282634304442,-0.019195,-0.016750,-0.028410,-0.009689,0.008921,-0.003066,0.009249
282734316581,-0.049282,0.012093,-0.009628,-0.017514,0.011116,-0.004854,0.021397
282834328720,-0.013490,0.201600,-0.022685,-0.013826,0.005102,0.000737,0.024042
282934340859,-0.028429,0.061730,-0.044870,-0.011637,0.006867,0.006057,0.027674
283034352998,-0.028335,0.138794,-0.039448,-0.002674,-0.009782,0.004877,0.029330
283134365137,-0.129241,0.278304,-0.038144,0.000105,-0.012814,0.008533,0.034271
283234377276,-0.047700,0.084348,-0.101147,0.005075,0.000219,-0.000181,0.031562
283334389414,0.039748,0.095211,-0.223154,-0.002195,0.026839,0.008166,0.021179
283434401553,0.029641,0.139468,-0.048209,-0.008784,0.020690,0.002148,0.013602
283534413692,-0.080516,0.053911,-0.027958,-0.021279,0.019807,0.001998,0.013056
283634425831,0.012173,-0.064073,-0.107262,-0.019368,0.012653,-0.000553,0.011621
283734437970,-0.073062,0.023278,-0.035730,-0.015168,0.009758,-0.005972,0.007167
283834450109,-0.183077,0.189163,0.035178,-0.008846,0.001317,-0.002178,0.006377
283934462248,-0.145286,0.166271,0.005546,-0.010011,-0.005473,0.013525,0.009675
284034474386,0.038728,0.141060,-0.160581,0.004345,-0.007612,0.010160,0.006274
284134486525,-0.033029,0.075105,-0.056953,0.005124,-0.009874,0.004958,0.008065
284234498664,-0.064178,0.162725,-0.067554,0.001050,0.003079,-0.000246,0.014943
284334510803,-0.044351,-0.043293,-0.101531,-0.007163,0.001722,-0.001544,0.015890
284434522942,-0.045721,-0.048067,-0.041414,-0.013307,0.007997,-0.005042,0.020122
284534535081,-0.054198,0.074538,-0.052050,-0.011576,0.005480,-0.000760,0.027436
284634547220,-0.030325,0.095675,-0.109923,0.001402,-0.006144,-0.000473,0.013419
284734559359,-0.069441,0.038528,-0.113752,0.002126,-0.013815,0.003767,0.007855
284834571497,-0.001950,-0.218076,-0.041577,0.006441,-0.023463,0.005081,0.014160
284934583636,-0.002074,-0.114015,-0.154091,0.012471,-0.007225,0.004239,0.011002
285034595775,-0.074284,0.108212,-0.076717,0.006962,-0.001500,0.000106,0.013270
285134607914,-0.013165,0.086896,-0.090299,-0.006980,0.012926,-0.009065,0.011057
285234620053,-0.151128,-0.078871,0.022586,-0.011535,0.010276,-0.009315,0.016133
285334632192,-0.885146,-0.954170,0.168928,0.049940,0.006990,-0.081435,0.022329
285434644331,-1.834449,-2.061181,-0.416148,0.098912,-0.033542,-0.131973,0.018917
285534656470,-1.561728,-0.596371,-0.177115,0.027645,-0.090842,-0.015716,0.014192
285634668608,0.102375,0.594149,0.195516,0.173647,-0.113156,-0.073637,0.016918
285734680747,-0.719920,-0.056933,0.057597,0.113033,-0.036975,-0.037998,0.015254
285834692886,-1.525118,-0.564668,-0.078828,0.187871,-0.068026,-0.110426,0.017177
285934705025,-0.988716,-0.006319,-0.049916,0.112041,-0.039166,-0.088998,0.010931
286034717164,-0.063721,0.283881,0.004062,0.144986,-0.059950,-0.098289,0.022122
286134729303,1.012922,0.354477,-0.157620,0.121720,-0.051345,-0.067031,0.025050
286234741442,0.441464,0.434997,-0.122901,0.142394,-0.061477,-0.078150,0.020643
286334753580,0.373975,0.147116,0.003622,0.132220,-0.052842,-0.073138,0.013987
286434765719,-0.636462,-0.154122,-0.118019,0.115121,-0.045258,-0.055379,0.013477
286534777858,-0.191241,0.207699,-0.093566,0.103595,-0.042192,-0.048741,0.020676
286634789997,-0.368095,0.117627,-0.011545,0.057276,-0.019724,-0.038683,0.021655
286734802136,0.476343,0.294887,-0.078349,0.071190,-0.023508,-0.050315,0.016181
286834814275,-0.127552,0.361138,0.006212,0.022213,-0.007189,-0.023616,0.010136
286934826414,0.184480,0.274758,-0.004407,0.049392,-0.016681,-0.023638,0.011564
287034838553,-0.522637,-0.012762,-0.016828,0.006662,0.000088,0.005629,0.006830
287134850691,-0.317913,0.093550,-0.032458,0.033369,-0.013419,-0.008421,0.014663
287234862830,-0.361333,0.209283,-0.006760,-0.009777,0.011602,0.008580,0.015336
287334874969,0.251355,0.141573,-0.033760,0.001378,0.005944,-0.005465,0.017376
287434887108,0.292424,0.136246,-0.017999,-0.034460,0.021861,0.011505,0.018656
287534899247,0.281894,0.205272,-0.025321,-0.001908,0.006871,0.003732,0.009955
287634911386,-0.297406,0.012571,-0.049114,-0.020452,0.012641,0.024859,0.013399
287734923525,-0.483503,0.092225,-0.009897,-0.006012,0.005829,0.012407,0.013977
287834935663,-0.412313,0.098122,-0.011292,-0.041248,0.025387,0.025349,0.012814
287934947802,0.023831,0.045267,-0.016805,-0.032368,0.017649,0.011151,0.019803
288034959941,0.224584,0.210439,-0.025095,-0.051172,0.019902,0.018432,0.024124
288134972080,0.158715,0.215765,-0.046894,-0.032376,0.008424,0.017016,0.022614
288234984219,0.015411,0.069211,-0.080332,-0.036607,0.012160,0.024614,0.015722
288334996358,-0.278424,0.087630,-0.108976,-0.022273,0.007079,0.024174,0.013931
288435008497,-0.100976,-0.081499,-0.081493,-0.017738,-0.000636,0.023488,0.010583
288535020636,-0.181457,0.022884,-0.084451,-0.021514,0.009399,0.019620,0.009417
288635032774,0.044763,-0.015545,-0.079925,-0.019210,0.011510,0.010693,0.008830
288735044913,-0.040858,0.020349,-0.058424,-0.024961,0.010303,0.006384,0.003737
288835057052,0.096460,0.174657,-0.016226,-0.016371,0.007525,-0.000806,0.004318
288935069191,-0.036997,0.086484,-0.101377,-0.023301,0.009656,0.001763,0.007926
289035081330,0.126971,-0.002525,-0.064053,-0.006296,0.003530,-0.008207,0.015873
289135093469,-0.178101,0.043562,0.054979,0.004567,0.012404,-0.005807,0.014279
289235105608,-0.347769,0.255489,0.020912,0.024376,-0.004424,-0.009351,0.013927
289335117747,-0.251092,0.198214,0.008519,0.026736,-0.003411,0.004144,0.008823
289435129885,-0.116522,0.172996,-0.040631,0.036375,-0.010543,-0.006474,0.007252
289535142024,-0.085606,0.301405,0.012715,0.027868,-0.007626,-0.015181,0.015683
289635154163,-0.329098,0.255662,-0.052474,0.022651,-0.009803,-0.015809,0.014503
289735166302,-0.129009,0.100974,-0.056228,0.013795,-0.016327,-0.008665,0.010391
289835178441,-0.250795,0.101729,-0.009832,0.008082,-0.008029,-0.004387,0.012870
289935190580,-0.173911,0.061952,-0.078733,0.017407,0.007678,-0.004632,0.012885
290035202719,-0.181699,-0.196973,-0.097549,-0.003506,0.008902,-0.002473,0.008411
290135214857,-0.018973,-0.515313,-0.133939,-0.018681,0.002253,0.002319,0.018839
290235226996,-0.011045,-0.374727,-0.144111,-0.047297,0.000114,0.001544,0.031588
290335239135,-0.064784,-0.576765,-0.251501,-0.043303,0.002042,-0.007990,0.025071
290435251274,-0.201298,-0.471799,-0.153503,-0.061199,0.011831,-0.003890,0.032842
290535263413,-0.183956,-0.597066,-0.046109,-0.075825,0.018352,-0.008033,0.069893
290635275552,-0.022889,-0.754472,0.013979,-0.102637,0.025782,-0.000996,0.121175
290735287691,-0.118793,-0.828668,-0.012771,-0.108290,0.016490,0.004985,0.190472
290835299830,-0.377089,-0.772571,-0.061782,-0.123799,0.034206,0.014100,0.219447
290935311968,-0.644394,-0.537369,-0.135487,-0.149927,0.058752,0.000613,0.249578
291035324107,-0.367127,-1.206405,-0.264986,-0.150772,0.064183,-0.017358,0.287572
291135336246,-0.451279,-1.167254,-0.134740,-0.151257,0.055081,-0.030093,0.384287
291235348385,0.132653,-0.686451,-0.066596,-0.118695,0.032611,-0.046276,0.496480
291335360524,0.392789,-0.452281,-0.251481,-0.129564,0.022281,-0.032175,0.536042
291435372663,0.040629,-0.067749,-0.161514,-0.101789,0.029876,-0.050274,0.598156
291535384802,-0.189953,0.559873,-0.057189,-0.090587,0.046313,-0.072652,0.776363
291635396941,-0.591108,0.306738,-0.122175,-0.066155,0.032653,-0.063056,0.927462
291735409079,-0.498884,0.689382,-0.013040,-0.054429,0.008410,-0.050931,1.077414
291835421218,-0.258374,1.353958,0.075720,-0.021687,0.008073,-0.054381,0.979954
291935433357,0.467093,1.388259,-0.160704,-0.032770,-0.006032,-0.040331,0.966098
292035445496,0.319563,1.130127,-0.064762,-0.022404,-0.003914,-0.018539,1.035293
292135457635,0.247110,0.932146,0.035183,-0.000830,-0.002760,-0.011192,0.929148
292235469774,-0.205916,1.041615,-0.003344,0.003711,-0.007134,-0.015091,0.786939
292335481913,0.051631,1.108375,-0.010895,0.028126,-0.023072,-0.031107,0.695535
292435494051,-0.445040,0.855167,0.103596,0.001519,-0.005251,-0.006833,0.664688
292535506190,-0.207574,0.773296,0.127767,0.026703,-0.008680,-0.015112,0.402588
292635518329,-0.335504,0.759543,0.100463,-0.005077,0.007278,-0.002819,0.310430
292735530468,-0.004673,0.537097,-0.027036,0.018196,-0.012738,-0.012197,0.261374
292835542607,-0.464941,0.342045,0.011605,0.004452,-0.006428,0.009034,0.168741
292935554746,-0.299140,0.085734,-0.080957,0.021004,-0.009903,-0.001378,0.088309
293035566885,-0.250290,-0.155274,-0.110188,-0.010916,0.002112,0.013066,0.044916
293135579024,0.088149,-0.245169,-0.086731,0.008576,0.008610,-0.000413,0.040680
293235591162,0.087852,-0.485341,-0.121768,-0.019999,0.012095,0.008266,0.084218
293335603301,0.071449,-0.549995,-0.060854,-0.010319,0.004617,0.010216,0.098197
293435615440,-0.186331,0.148662,0.058349,-0.022943,0.017584,0.014725,0.099418
293535627579,-0.237195,0.238206,-0.057271,-0.019223,0.009292,0.012108,0.103592
293635639718,-0.207972,-0.046814,-0.083074,-0.032362,0.011208,0.009306,0.085929
293735651857,-0.095794,0.147498,0.047245,-0.010149,0.009050,0.007679,0.038263
293835663996,-0.032732,0.068050,-0.083523,-0.015461,0.011188,0.009828,0.018061
293935676134,-0.126901,0.106307,-0.055523,-0.016146,0.008332,0.001507,0.034327
294035688273,-0.058105,0.069280,-0.013386,0.000363,-0.002872,0.007660,0.025361
294135700412,-0.194007,0.198814,-0.052357,-0.005308,0.003677,0.010617,0.020752
294235712551,-0.159732,0.421984,-0.020763,-0.006126,0.008095,0.000886,0.022183
294335724690,-0.146091,0.570378,0.003644,-0.000760,0.016009,0.006183,0.007897
294435736829,-0.096051,0.394665,-0.077538,0.003436,0.010908,-0.000084,0.010714
294535748968,-0.103187,0.295299,-0.025256,0.002184,-0.000148,0.000684,0.010397
294635761107,-0.202677,0.351141,-0.009499,-0.006547,0.001402,0.010745,0.010018
294735773245,-0.401611,0.191687,-0.103555,-0.003414,0.009696,0.016437,0.028029
294835785384,-0.270462,0.138955,-0.063248,-0.000690,0.012413,0.002727,0.078601
294935797523,-0.075194,0.085414,-0.110128,-0.002413,0.000731,-0.018235,0.116435
295035809662,-0.200392,0.255036,-0.039575,0.006029,0.003396,0.005641,0.144504
295135821801,-0.325698,0.180621,-0.043274,-0.020337,0.023485,0.025864,0.169101
295235833940,-0.551265,0.179358,-0.032794,-0.029140,0.023271,0.012935,0.208299
295335846079,-0.455783,0.342830,0.013482,-0.026988,0.007067,0.003980,0.245943
295435858218,-0.328006,-0.016228,-0.110008,-0.056721,0.018441,0.010109,0.252506
295535870356,-0.096923,0.072151,-0.073024,-0.048129,0.017495,0.006263,0.276522
295635882495,-0.064974,0.234981,-0.074516,-0.058646,0.019363,0.009542,0.311412
295735894634,-0.083339,0.061278,-0.132713,-0.045157,0.012179,0.003345,0.291739
295835906773,-0.154622,-0.403390,-0.041613,-0.036072,0.000685,0.005250,0.288502
295935918912,-0.039613,-0.327890,-0.025713,-0.039740,0.003054,0.000952,0.336474
296035931051,-0.112012,-0.161090,-0.035509,-0.046578,0.013749,0.011998,0.365229
296135943190,0.056611,-0.262508,-0.106060,-0.037197,0.004572,0.003703,0.384693
296235955328,-0.149291,-0.285476,-0.061392,-0.037282,0.005306,0.012803,0.396951
296335967467,-0.150432,-0.135396,-0.040645,-0.039943,0.013928,0.008393,0.372617
296435979606,-0.219741,0.300117,0.008882,-0.051302,0.024087,0.016450,0.324140
296535991745,-0.070301,0.303788,-0.026020,-0.052205,0.021562,0.015307,0.317549
296636003884,-0.049955,0.120548,-0.056792,-0.064695,0.024656,0.018774,0.261753
296736016023,-0.099324,0.246550,-0.013778,-0.059918,0.021259,0.010742,0.212384
296836028162,-0.290638,0.439073,0.035948,-0.079430,0.028412,0.019939,0.191944
296936040301,-0.337566,0.175607,-0.063182,-0.078709,0.032190,0.021353,0.200254
297036052439,-0.306672,0.032261,-0.089800,-0.095581,0.039761,0.034101,0.228019
297136064578,-0.145658,0.295663,-0.033884,-0.082672,0.030254,0.031036,0.269845
297236076717,-0.036452,0.283222,-0.013486,-0.095837,0.030490,0.032053,0.299749
297336088856,-0.068039,-0.131650,-0.002992,-0.094727,0.034673,0.020065,0.299302
297436100995,-0.113663,-0.050848,-0.027438,-0.103475,0.046350,0.014326,0.310694
297536113134,-0.217549,0.047372,-0.064967,-0.097940,0.043786,0.015704,0.327632
297636125273,-0.002479,-0.054693,-0.103090,-0.107539,0.047818,0.016394,0.383052
297736137411,-0.027102,0.103029,-0.001030,-0.097453,0.055148,0.017677,0.444882
297836149550,0.146255,-0.074058,-0.105764,-0.077266,0.043997,0.018621,0.400611
297936161689,-0.040952,0.036811,-0.020692,-0.073869,0.033591,0.020973,0.346313
298036173828,0.001927,0.043836,-0.008692,-0.053026,0.036302,0.008558,0.412345
298136185967,-0.041884,0.132639,0.003700,-0.048637,0.041641,-0.002311,0.365238
298236198106,0.070275,0.307390,-0.062371,-0.019360,0.016683,-0.015022,0.318464
298336210245,-0.157396,-0.010027,-0.178320,-0.038806,0.010627,-0.012324,0.317103
298436222384,-0.215010,-0.051714,-0.076560,-0.027813,0.020857,-0.020909,0.348785
298536234522,-0.188378,0.061082,0.060561,-0.029886,0.020290,-0.025703,0.369029
298636246661,-0.100567,-0.261781,-0.024498,-0.014204,0.007502,-0.025829,0.378658
298736258800,0.099099,-0.570573,-0.208481,-0.007832,0.000214,-0.038549,0.430919
298836270939,0.146783,-0.731845,-0.072441,-0.001462,-0.001326,-0.026508,0.466678
298936283078,0.040546,-0.581101,0.030987,0.003209,0.006909,-0.017212,0.477434
299036295217,-0.258715,-0.114506,-0.029271,-0.013572,0.022323,-0.017890,0.485299
299136307356,-0.165690,0.117242,-0.120893,-0.004207,-0.001425,0.004079,0.433271
299236319495,-0.196853,-0.177625,-0.089612,0.002708,-0.008992,-0.007372,0.384258
299336331633,-0.069128,-0.547766,-0.051536,-0.015064,0.018825,-0.017122,0.298155
299436343772,-0.111341,-0.546675,-0.065269,-0.021518,0.014969,-0.009791,0.256866
299536355911,0.020443,-0.070837,-0.098574,-0.005490,0.003176,-0.007219,0.274923
299636368050,-0.077717,0.043369,-0.013619,-0.022597,0.010893,-0.001619,0.285656
299736380189,-0.079724,0.021474,-0.037469,-0.015836,0.011930,-0.004237,0.264336
299836392328,-0.118475,-0.186232,-0.065124,-0.009794,0.007925,-0.006064,0.231890
299936404467,-0.026144,-0.066590,-0.040001,-0.010094,0.000146,-0.006991,0.212134
300036416605,-0.058566,-0.060280,-0.077276,-0.000992,-0.001113,-0.004704,0.184660
300136428744,-0.228407,-0.037805,-0.062655,-0.008167,0.003417,-0.008733,0.174756
300236440883,-0.260235,-0.101691,-0.055921,-0.005515,0.006075,-0.017472,0.184878
300336453022,-0.136739,-0.479817,-0.082099,0.004248,0.011078,-0.010515,0.187651
300436465161,-0.009900,-0.277969,0.002599,0.003559,-0.000655,-0.018436,0.176714
300536477300,-0.015857,-0.052231,-0.032350,0.004637,0.006240,-0.018979,0.169123
300636489439,-0.296724,0.009798,-0.073153,-0.005515,0.009899,-0.017129,0.183296
300736501578,-0.181814,0.055216,-0.096055,-0.006337,0.002180,-0.014262,0.164879
300836513716,-0.306739,-0.049208,-0.116726,-0.010844,0.010527,0.001397,0.132630
300936525855,-0.245709,-0.063899,-0.080839,-0.022500,0.007527,-0.001787,0.107577
301036537994,-0.253794,-0.324764,-0.070094,-0.032550,0.014006,0.004516,0.103130
301136550133,0.041191,-0.384243,-0.021643,-0.024795,0.013428,-0.001327,0.115599
301236562272,0.156316,-0.505995,-0.030293,-0.048381,0.018352,0.005239,0.132608
301336574411,0.076983,-0.760079,-0.056299,-0.035579,0.017908,0.009766,0.179253
301436586550,-0.027911,-0.311936,-0.060508,-0.034044,0.013755,0.009889,0.234966
301536598689,-0.255241,0.087970,-0.023990,-0.026841,0.016199,0.028824,0.203026
301636610827,-0.215353,-0.026901,-0.129429,-0.032619,0.009035,0.007823,0.090334
301736622966,-0.148192,-0.151923,-0.099752,-0.025867,0.006663,0.001367,0.047799
301836635105,0.074449,-0.038397,-0.022972,-0.010225,0.002862,0.007936,0.063027
301936647244,-0.077459,-0.003203,-0.026931,-0.014660,0.014906,0.004016,0.026639
302036659383,0.008701,-0.094332,-0.085375,0.003662,-0.000538,-0.002116,0.027944
302136671522,-0.271873,-0.071273,-0.053633,0.000333,-0.002368,0.007112,0.024795
302236683661,-0.303830,-0.045743,0.005866,0.006528,0.002088,-0.010875,0.014296
302336695799,-0.243822,-0.038039,-0.039811,0.009176,0.000992,-0.007953,0.015408
302436707938,-0.139694,-0.114976,-0.078570,0.025524,-0.003017,-0.012324,0.014582
302536720077,-0.009754,-0.056811,-0.051458,0.006931,0.000097,-0.007482,0.014188
302636732216,-0.095458,-0.131621,-0.097189,-0.008411,-0.003764,-0.005606,0.013668
302736744355,-0.091338,-0.059005,-0.033346,0.003546,-0.001584,0.001845,0.012337
302836756494,-0.174961,-0.076038,-0.024488,0.013219,-0.001676,0.014940,0.020809
302936768633,-0.202849,-0.028388,-0.030228,0.008747,0.000554,0.008260,0.013676
303036780772,-0.133682,-0.063316,-0.051506,-0.004487,0.005666,-0.008623,0.013164
303136792910,-0.092223,-0.026262,-0.031504,-0.005207,0.005878,-0.009230,0.020514
303236805049,-0.113099,0.011781,-0.059123,0.004746,-0.000657,-0.000880,0.012535
303336817188,-0.094118,-0.077143,-0.092949,0.001390,0.002416,0.003614,0.006328
303436829327,-0.252338,-0.098789,-0.009293,-0.004804,0.006553,0.000592,0.009796
303536841466,-0.230767,0.060659,0.032534,-0.003594,0.014823,0.000599,0.008977
303636853605,-0.130182,0.033337,-0.083146,-0.016665,0.017911,-0.000139,0.011330
303736865744,-0.079194,-0.064473,-0.009535,-0.015972,0.015961,-0.003463,0.009505
303836877882,-0.103583,-0.004966,-0.004161,-0.024394,0.005959,-0.001081,0.013889
303936890021,-0.075904,0.055167,-0.038296,-0.018373,0.002882,0.002544,0.012864
304036902160,-0.085513,-0.080857,-0.013094,-0.018602,0.002642,0.006923,0.011419
304136914299,-0.095787,-0.095314,-0.069372,-0.010322,0.004194,-0.002617,0.012355
304236926438,-0.112634,-0.029078,-0.061008,-0.002958,-0.007148,0.003139,0.014902
304336938577,-0.167690,0.044354,-0.023795,0.004559,-0.010565,0.015173,0.017337
304436950716,-0.161579,-0.119743,0.012792,0.009070,-0.017452,0.015310,0.013442
304536962855,-0.202563,-0.086629,-0.023824,0.007049,-0.018530,0.014908,0.011558
304636974993,-0.161884,-0.157440,-0.053177,0.022713,-0.012358,0.010444,0.011284
304736987132,-0.145723,-0.056905,0.061040,0.020840,-0.010615,-0.001045,0.008193
304836999271,-0.154849,0.063315,-0.024837,0.001323,-0.000025,0.005709,0.013656
304937011410,-0.122609,-0.125219,-0.063802,-0.000777,0.004977,0.013305,0.010215
305037023549,-0.095395,-0.107970,-0.052056,-0.014508,0.005914,0.008887,0.016563
305137035688,-0.203229,-0.021096,-0.030816,-0.026636,0.009818,0.014333,0.019259
305237047827,-0.127661,0.069294,-0.073116,-0.027355,0.009001,0.016175,0.018684
305337059966,-0.210708,-0.135433,-0.087373,-0.024044,0.014366,0.004502,0.021511
305437072104,-0.178673,-0.031120,-0.020946,-0.013492,0.008065,0.011114,0.017035
305537084243,-0.268453,0.049376,0.015265,-0.010914,0.000213,0.006720,0.012859
305637096382,-0.120848,0.063795,0.057137,-0.001536,-0.012544,0.008868,0.015851
305737108521,-0.053081,-0.068907,-0.014469,0.001487,-0.006373,0.026858,0.019147
305837120660,-0.180653,-0.118273,-0.150704,0.000836,0.002959,0.016252,0.008843
305937132799,-0.178827,0.186572,0.056656,0.005592,0.008373,-0.007192,0.010570
306037144938,-0.151319,0.144482,0.005562,0.000054,0.011796,-0.000251,0.021135
306137157076,-0.120648,-0.185509,-0.124166,-0.009210,0.002616,0.007262,0.018927
306237169215,-0.054411,-0.159299,-0.015002,-0.026837,0.019504,0.007231,0.012667
306337181354,-0.135976,-0.127878,-0.005024,-0.015264,0.018924,-0.003288,0.017297
306437193493,-0.277892,-0.051688,-0.086659,-0.032071,0.024157,-0.003154,0.027911
306537205632,-0.262565,0.098248,-0.038571,-0.043099,0.014016,0.013213,0.031254
306637217771,0.035640,0.155835,0.034129,-0.036936,0.005596,0.008973,0.023779
306737229910,-0.128065,0.102338,-0.009444,-0.034145,0.015131,0.014868,0.029137
306837242049,-0.134553,-0.082945,-0.055255,-0.013903,0.002135,0.006020,0.040870
306937254187,-0.097962,-0.106767,-0.152476,-0.001410,-0.009484,0.009527,0.044129
307037266326,-0.020724,-0.010936,-0.093419,0.014684,-0.010136,0.011979,0.032695
307137278465,-0.164865,0.156186,0.024926,0.003530,0.007283,0.005250,0.020214
307237290604,-0.166648,-0.053306,-0.129660,0.012105,0.002321,0.005725,0.014172
307337302743,-0.196595,0.046589,-0.115054,0.006419,0.004825,-0.004828,0.027926
307437314882,-0.263121,-0.070579,-0.010680,0.008542,0.004025,-0.004717,0.027508
307537327021,-0.238606,-0.044377,0.030937,-0.015937,0.005287,0.008816,0.013056
307637339159,0.072496,-0.016697,0.020339,-0.032228,0.014846,0.014973,0.010463
307737351298,0.151642,-0.000474,-0.017198,-0.018871,0.015179,-0.014232,0.007149
307837363437,-0.132688,-0.110746,-0.148074,-0.024691,0.018301,0.003387,0.009719
307937375576,-0.225205,0.035955,-0.087588,-0.014573,-0.009596,0.021022,0.015160
308037387715,-0.228062,-0.028346,0.010107,-0.008656,-0.012139,0.011679,0.023814
308137399854,-0.206519,0.034198,0.089858,-0.004760,-0.000224,0.013883,0.025802
308237411993,-0.101691,-0.129907,-0.096421,-0.014271,0.013431,0.005462,0.020979
308337424132,-0.077854,0.034881,-0.122820,-0.019949,0.021140,0.007976,0.017566
308437436270,-0.157766,0.103523,0.020526,-0.026259,0.018317,0.003975,0.014385
308537448409,-0.315227,-0.034816,-0.067412,-0.028150,0.010911,0.014264,0.011762
308637460548,-0.264912,-0.061878,-0.098106,-0.028172,0.008719,0.010351,0.024512
308737472687,-0.146793,0.094383,0.000886,-0.017660,0.015140,0.007763,0.021011
308837484826,-0.069071,0.195065,-0.026837,-0.012703,-0.000476,0.013235,0.008404
308937496965,-0.178092,0.130908,-0.033989,-0.007374,-0.008569,0.022700,0.009930
309037509104,-0.065953,-0.018792,-0.068988,0.002536,-0.009942,0.015789,0.022605
309137521243,-0.055778,0.061480,-0.031256,-0.010472,0.009735,0.010838,0.027674
309237533381,-0.192485,0.171891,-0.006760,-0.022295,0.017283,0.018785,0.021382
309337545520,-0.339005,-0.028653,-0.102036,-0.025090,0.003621,0.012873,0.016815
309437557659,-0.134507,-0.022772,-0.021948,-0.020727,0.015671,0.000309,0.033338
309537569798,-0.173801,0.063808,-0.018771,-0.030788,0.025997,-0.005517,0.044211
309637581937,0.069448,0.076865,-0.123845,-0.019520,0.008893,-0.003123,0.047418
309737594076,-0.184437,-0.000911,-0.073283,-0.016583,-0.003437,-0.000659,0.034296
309837606215,-0.226040,0.183730,0.007317,0.008550,-0.011468,-0.004509,0.029518
309937618353,-0.192490,0.071696,-0.077386,0.011606,-0.008005,-0.000561,0.026720
310037630492,-0.041751,0.017693,-0.085461,0.023178,-0.012629,-0.005601,0.024014
310137642631,-0.145027,0.140671,-0.021257,0.013699,-0.009487,0.009825,0.027929
310237654770,-0.217683,0.087799,-0.069520,0.016547,-0.002011,-0.001388,0.013558
310337666909,-0.147298,0.042392,-0.060746,0.017522,0.004660,0.002754,0.007994
310437679048,0.598779,0.402521,0.161044,0.110086,-0.003079,-0.017672,0.017077
310537691187,2.662772,0.833368,-0.349985,0.243384,-0.147080,-0.178610,0.027677
310637703326,2.338643,0.459647,-0.795272,0.168214,-0.213706,-0.185849,0.034963
310737715464,-1.520675,0.499366,0.452519,0.149033,-0.048095,0.009455,0.030333
310837727603,-2.760337,0.737758,0.452587,0.227528,-0.100984,-0.177039,0.006845
310937739742,-1.872930,0.659934,0.248203,0.194872,-0.008577,-0.018764,0.011096
311037751881,-0.358902,0.292902,0.187101,0.225141,-0.094045,-0.111789,0.015272
311137764020,1.132710,-0.077517,-0.418719,0.167804,-0.097589,-0.010820,0.018085
311237776159,0.371182,0.393703,0.067644,0.196014,-0.082521,-0.062517,0.020068
311337788298,0.408189,0.409490,-0.146361,0.156399,-0.025708,-0.108160,0.022126
311437800436,-0.727837,0.357066,-0.291225,0.124525,-0.024302,-0.073538,0.029859
311537812575,-0.289918,0.543643,-0.003394,0.103961,-0.077537,-0.068317,0.021827
311637824714,-0.375625,0.323204,0.017876,0.061038,-0.033457,-0.040282,0.034211
311737836853,0.947288,-0.367357,-0.218868,0.063694,-0.023070,-0.074618,0.051246
311837848992,0.394816,-0.784271,-0.239857,0.011720,-0.007338,-0.019127,0.092302
311937861131,0.581817,-0.931510,-0.108580,0.018783,-0.017928,-0.031045,0.112894
312037873270,-0.420191,-0.483556,0.048022,-0.043940,0.020926,0.010741,0.136405
312137885409,-0.429460,0.171317,0.009287,-0.009957,0.016287,0.007112,0.186481
312237897547,-0.416577,0.339457,-0.098144,-0.062004,0.035850,0.031725,0.175941
312337909686,0.165822,0.180866,-0.104625,-0.035447,0.023994,0.011262,0.146049
312437921825,0.346904,0.160222,-0.080615,-0.053549,0.026792,0.029574,0.068974
312537933964,0.260043,0.141575,-0.099780,-0.038446,0.020361,0.015238,0.008525
312637946103,-0.135171,0.217910,-0.042927,-0.056315,0.024246,0.021062,0.008746
312737958242,-0.336275,0.328688,-0.008162,-0.037327,0.018381,0.019779,0.019066
312837970381,-0.191581,0.163584,-0.015136,-0.053262,0.031869,0.014405,0.038065
312937982520,-0.042873,0.391880,0.004215,-0.031445,0.025572,0.014436,0.053372
313037994658,0.173296,0.180394,-0.061696,-0.032999,0.014475,0.012712,0.070986
313138006797,0.131201,0.001200,-0.078294,-0.022711,0.011429,0.017401,0.096672
313238018936,-0.010547,0.231239,-0.014416,-0.036678,0.021191,0.010956,0.097597
313338031075,-0.100803,0.256217,0.035936,-0.019555,0.018632,0.012408,0.122114
313438043214,-0.132493,-0.004845,0.029938,-0.028221,0.015737,0.015467,0.140489
313538055353,0.070718,-0.032904,-0.048465,-0.025314,0.007604,0.019753,0.143605
313638067492,0.245710,0.161596,-0.098716,-0.035137,0.012553,0.018246,0.183829
313738079630,0.203160,0.176532,-0.092484,-0.032158,0.012950,0.004892,0.201904
313838091769,0.055547,0.039738,-0.052676,-0.031034,0.014479,0.016157,0.216851
313938103908,-0.089957,0.152607,-0.041849,-0.019976,-0.004541,0.010685,0.230713
314038116047,-0.015834,-0.024342,-0.057502,-0.022957,0.001156,0.012812,0.212839
314138128186,0.056125,-0.082425,-0.034450,-0.026820,0.008371,0.007249,0.215213
314238140325,0.225809,-0.219407,-0.110680,-0.031521,0.004706,0.009165,0.239242
314338152464,0.155592,-0.428401,-0.101753,-0.024387,0.003528,0.013127,0.240686
314438164603,0.016662,-0.236223,0.002521,-0.037060,0.008228,0.009857,0.238532
314538176741,-0.086502,-0.331997,-0.019416,-0.016912,0.005495,0.016948,0.240981
314638188880,0.148717,-0.160986,-0.011913,-0.017177,0.002742,0.011939,0.273827
314738201019,0.140347,0.147635,-0.037513,-0.024697,0.010871,0.018892,0.228010
314838213158,-0.010342,0.240318,-0.063660,-0.019180,0.004356,0.017537,0.164256
314938225297,-0.061183,0.275049,0.012676,-0.022824,0.012072,0.015568,0.149271
315038237436,-0.067596,0.051836,-0.043994,-0.052000,0.014204,0.018672,0.141992
315138249575,0.002812,0.179652,-0.037533,-0.042065,0.007522,0.029765,0.111855
315238261714,0.101737,-0.047356,-0.027662,-0.032330,0.009442,0.024686,0.131017
315338273852,-0.054429,-0.168156,-0.022279,-0.031957,0.016202,0.019552,0.165741
315438285991,0.108506,-0.358696,-0.133499,-0.028828,0.009437,0.012375,0.162344
315538298130,-0.013735,-0.580176,-0.125549,-0.021413,0.003325,0.016355,0.151945
315638310269,0.183037,-0.577186,-0.076517,-0.016741,-0.000052,0.005759,0.162628
315738322408,0.066378,-0.284598,-0.056401,-0.020476,0.011412,0.004481,0.165066
315838334547,0.134331,0.266134,-0.083471,0.003111,0.012469,0.005087,0.179967
315938346686,0.069265,-0.050439,-0.170184,-0.009512,0.015536,-0.001079,0.160407
316038358824,0.099697,0.043488,-0.030964,-0.022352,0.008690,0.002971,0.105512
316138370963,0.133885,0.030845,-0.038479,-0.014970,-0.003889,0.015642,0.054574
316238383102,0.150295,0.154970,-0.085355,-0.021330,0.010310,0.006203,0.035870
316338395241,0.080224,0.313460,-0.029630,-0.026092,0.022224,0.006145,0.013130
316438407380,0.110118,0.346298,-0.022416,-0.013186,0.008983,0.012792,0.021135
316538419519,0.033950,0.555340,-0.019394,-0.006073,0.014984,0.011117,0.018803
316638431658,0.035609,0.525654,-0.107676,-0.003872,0.002925,0.003928,0.020427
316738443797,-0.024297,0.461007,-0.072702,-0.007417,-0.014570,0.011839,0.020257
316838455935,0.129744,0.437781,-0.004152,0.009080,-0.006092,0.006123,0.038544
316938468074,0.227944,0.468198,-0.047788,0.005456,0.008517,-0.010000,0.069252
317038480213,0.132726,0.478833,-0.075831,-0.006206,0.008557,-0.003821,0.091464
317138492352,0.071871,0.144413,-0.028430,-0.017063,-0.001623,0.007971,0.130814
317238504491,0.163376,0.179093,0.037676,-0.015950,-0.012448,0.009602,0.150467
317338516630,0.194293,-0.211419,-0.051602,-0.002844,-0.016785,0.002094,0.183471
317438528769,0.115018,-0.524918,-0.089037,0.001508,-0.003771,0.003500,0.214009
317538540907,0.116173,-0.550260,-0.073861,-0.016844,-0.003107,0.008165,0.278443
317638553046,-0.023210,-0.697454,-0.092941,-0.021901,-0.001102,0.010711,0.353132
317738565185,0.146824,-0.652628,-0.096622,-0.013217,0.003320,0.003935,0.397713
317838577324,0.269281,-0.766822,-0.138849,-0.025423,0.009702,0.002834,0.326630
317938589463,0.302026,-0.197521,0.060095,-0.019351,0.003835,0.007793,0.199356
318038601602,0.174101,0.358487,0.070043,-0.020664,0.010686,0.018628,0.207305
318138613741,0.031606,0.098228,-0.192734,-0.016821,0.015144,0.010604,0.174362
318238625880,0.109219,0.041136,-0.057553,-0.004361,0.010867,0.001770,0.094168
318338638018,0.046239,0.110997,-0.003840,-0.001178,0.005021,-0.003484,0.040397
318438650157,0.027280,0.173889,-0.007082,0.002714,-0.003232,-0.000722,0.028819
318538662296,-0.037611,0.353812,0.057121,-0.003341,0.002517,0.014980,0.028126
318638674435,0.055076,0.225822,-0.031879,0.001612,0.008860,-0.000368,0.028066
318738686574,0.136787,0.247957,-0.069986,-0.010977,0.016622,0.009457,0.016081
318838698713,0.262801,0.426757,-0.137538,-0.005660,0.014845,0.005145,0.001622
318938710852,0.168443,0.347760,-0.078396,-0.019191,0.018479,-0.004699,0.001864
319038722991,-0.231224,0.418529,-0.032564,-0.032730,0.015709,0.013892,0.024353
319138735129,-0.287216,0.343321,-0.084082,-0.039675,0.004597,0.014232,0.063113
319238747268,-0.216987,-0.119914,-0.061166,-0.074510,0.028725,0.022641,0.083812
319338759407,0.234305,-0.186497,-0.008838,-0.056095,0.022055,0.012982,0.115947
319438771546,0.057430,-0.152214,-0.033741,-0.079879,0.026379,0.028581,0.158694
319538783685,-0.141094,-0.052845,-0.047413,-0.066256,0.025142,0.021571,0.198050
319638795824,-0.081902,-0.085945,-0.060253,-0.082823,0.037774,0.030792,0.218138
319738807963,0.118283,0.216506,-0.010525,-0.076166,0.034760,0.034888,0.235298
319838820101,0.495453,0.270899,-0.039655,-0.082876,0.031175,0.031967,0.198649
319938832240,0.320456,-0.038293,-0.058594,-0.077324,0.031044,0.025052,0.157234
320038844379,0.152662,0.182314,-0.025055,-0.099080,0.042060,0.030618,0.138742
320138856518,-0.201799,0.404975,0.011652,-0.087344,0.042442,0.030535,0.122737
320238868657,0.034686,0.096147,-0.038840,-0.073988,0.027603,0.015899,0.118886
320338880796,-0.060197,0.106418,-0.051812,-0.091957,0.022526,0.024216,0.141664
320438892935,0.221795,0.294314,0.084587,-0.090312,0.025447,0.016998,0.154089
320538905074,0.083142,0.063386,0.034955,-0.081259,0.033015,0.009453,0.168747
320638917212,0.353145,-0.283986,-0.113748,-0.067418,0.016520,0.001671,0.213132
320738929351,0.387891,-0.328183,-0.078142,-0.080642,0.009971,0.009406,0.214323
320838941490,0.373982,-0.472078,-0.072143,-0.063810,0.016998,0.005800,0.217298
320938953629,0.143326,-0.397173,-0.010670,-0.057105,0.021613,0.005349,0.229745
321038965768,0.143948,-0.055578,-0.041581,-0.040262,0.013365,0.011477,0.267780
321138977907,0.019142,0.164236,-0.076936,-0.053218,0.022889,0.016086,0.272884
321238990046,0.297691,0.231110,-0.056415,-0.049776,0.014339,0.000741,0.231444
321339002184,0.302738,-0.077011,-0.062441,-0.040912,0.013026,0.001575,0.197796
321439014323,0.338493,-0.279499,-0.069885,-0.038321,0.015371,-0.000397,0.147688
321539026462,0.007724,-0.076168,0.007116,-0.040015,0.019650,0.009196,0.132223
321639038601,0.002279,0.274949,-0.023682,-0.023743,0.009177,0.006204,0.155333
321739050740,0.025793,0.324324,-0.104964,-0.035377,0.016255,0.003007,0.151947
321839062879,0.147742,0.240583,-0.020835,-0.028169,0.010923,-0.003468,0.133299
321939075018,0.344192,0.182937,-0.004562,-0.037509,0.005780,-0.001344,0.113622
322039087157,0.325695,-0.049546,-0.072002,-0.044502,0.018144,-0.011088,0.099230
322139099295,0.170530,-0.129488,-0.090105,-0.027450,0.017271,-0.016815,0.108685
322239111434,0.087839,-0.540751,-0.159470,-0.009505,-0.000681,-0.028658,0.147166
322339123573,0.260311,-0.682264,-0.084805,-0.011872,-0.007614,-0.012989,0.176714
322439135712,0.435598,-0.652866,-0.044614,0.002255,-0.003364,-0.012397,0.189699
322539147851,0.337306,-0.376208,-0.053678,0.018194,0.004624,-0.009441,0.212843
322639159990,-0.020918,0.311985,0.014625,0.013246,-0.000105,0.003288,0.200644
322739172129,0.031629,0.193136,-0.051089,0.012951,-0.011634,-0.003369,0.135749
322839184268,0.182008,0.054428,0.007081,0.024090,-0.010530,-0.006399,0.076730
322939196406,0.334414,-0.049924,0.005695,0.014371,0.001514,-0.009114,0.026368
323039208545,0.196871,-0.007732,-0.113422,-0.008649,0.010153,-0.004352,0.014024
323139220684,0.181991,0.069777,-0.020327,0.006201,-0.002336,0.005577,0.018354
323239232823,0.090485,0.045318,0.024960,0.006801,-0.004119,0.000870,0.004895
323339244962,0.142698,-0.029056,-0.065558,0.001322,0.002121,-0.000840,0.003488
323439257101,0.180815,0.041061,-0.005380,-0.002159,0.004097,-0.005317,0.012487
323539269240,0.217165,0.052475,-0.027780,0.010742,-0.001590,-0.000291,0.015329
323639281378,0.197032,-0.047516,-0.060774,0.012227,0.000119,0.000904,0.009911
323739293517,0.243184,0.088433,-0.037786,-0.008353,0.007998,0.001420,0.013186
323839305656,0.109704,0.100980,-0.045499,-0.021458,0.007228,0.005498,0.015543
323939317795,0.072034,0.004496,-0.033796,-0.001377,0.002171,0.000326,0.013607
324039329934,0.102944,0.027309,-0.042238,-0.001088,-0.001131,0.011072,0.026292
324139342073,0.151228,-0.003394,-0.053259,-0.002690,0.004024,0.006764,0.018962
324239354212,0.155889,0.018874,-0.103709,-0.014587,0.011560,0.003998,0.006645
324339366351,0.108157,0.248859,-0.054803,-0.018947,0.008423,0.007527,0.013889
324439378489,0.048819,0.384676,0.020427,-0.024939,0.008774,0.006691,0.019468
324539390628,0.028837,0.393199,0.006134,-0.013792,0.012473,0.007382,0.027618
324639402767,-0.014203,0.302681,0.000861,-0.034095,0.017332,-0.000840,0.019830
324739414906,-0.066786,0.290022,-0.027773,-0.042223,0.020200,0.002040,0.015677
324839427045,0.008249,0.304637,0.004259,-0.024765,0.007144,-0.001530,0.022497
324939439184,0.007663,0.044300,-0.037557,-0.027824,0.011616,-0.010479,0.035897
325039451323,0.310673,-0.173618,-0.010937,-0.024028,0.010473,-0.024222,0.072123
325139463462,0.479511,-0.606651,-0.099257,-0.011320,0.002646,-0.023339,0.090510
325239475600,0.463731,-0.744251,-0.106201,-0.001107,-0.000981,-0.017366,0.119708
325339487739,0.372084,-0.568420,-0.069295,0.007424,-0.003550,-0.000549,0.154513
325439499878,0.237555,-0.016092,-0.090618,0.033474,-0.012364,0.004818,0.167647
325539512017,0.105943,0.271616,-0.182625,0.019126,0.005037,-0.001162,0.155732
325639524156,0.068511,0.185640,-0.066409,0.011583,0.002026,-0.010648,0.110614
325739536295,0.284611,0.172446,-0.002164,0.009751,-0.002252,-0.007254,0.053694
325839548434,0.262083,0.149795,-0.006611,-0.020140,0.011433,-0.001974,0.025396
325939560572,0.313446,0.012639,-0.042240,-0.013119,0.005456,-0.000673,0.024802
326039572711,0.161307,-0.163811,-0.072877,-0.012467,0.004227,0.005817,0.017077
326139584850,0.267942,-0.243730,0.009648,-0.010963,0.007532,-0.009140,0.031511
326239596989,0.315719,-0.356573,-0.046548,0.002164,-0.004356,-0.003733,0.049631
326339609128,0.242243,-0.064983,-0.054757,0.006254,-0.009589,0.006088,0.049059
326439621267,0.182480,0.233039,-0.053451,-0.004508,0.006142,-0.000007,0.050346
326539633406,0.120831,0.234598,-0.091181,-0.001408,0.010948,-0.004882,0.053781
326639645545,-0.044590,0.262522,-0.019279,-0.003947,0.012935,-0.002984,0.030265
326739657683,0.185366,0.381300,0.001395,-0.017276,0.008912,0.001438,0.016336
326839669822,0.236710,0.358814,-0.000858,-0.027905,0.004532,0.009880,0.006882
326939681961,0.202665,0.141296,-0.047358,-0.041699,0.011563,0.008818,0.016323
327039694100,0.156971,0.180425,-0.057494,-0.061012,0.029248,0.007917,0.017863
327139706239,0.131691,0.123544,-0.032709,-0.043522,0.020155,0.002167,0.024935
327239718378,0.162555,-0.071576,-0.047535,-0.055126,0.015615,0.008194,0.068172
327339730517,0.216488,-0.275328,-0.083218,-0.049245,0.007514,0.007929,0.091249
327439742655,0.335171,-0.563808,-0.054274,-0.037687,0.006210,0.001125,0.109227
327539754794,0.383266,-0.552942,-0.032095,-0.031280,0.013780,0.000786,0.112362
327639766933,0.472872,-0.207913,0.007891,-0.012726,0.008688,0.013067,0.126511
327739779072,0.202614,0.105784,-0.126010,-0.016722,0.000339,0.022233,0.131647
327839791211,0.198335,-0.132057,-0.205286,0.008242,-0.009330,-0.001059,0.117965
327939803350,0.014255,0.063180,-0.005554,0.008054,0.009633,-0.008272,0.072141
328039815489,0.053025,0.039636,-0.068449,0.017724,-0.009599,-0.009991,0.011944
328139827628,0.077654,0.023390,-0.108644,0.007984,-0.014527,0.003318,0.027875
328239839766,0.183477,-0.001722,-0.032690,0.020153,0.001140,-0.008602,0.048403
328339851905,0.298960,-0.005949,-0.015486,0.011727,0.007170,-0.020062,0.031432
328439864044,0.293698,0.016744,-0.065530,0.009030,-0.000033,-0.008876,0.011563
328539876183,0.295825,0.050153,-0.019786,0.008816,-0.004604,-0.004173,0.009274
328639888322,0.167543,0.046470,0.015134,-0.011505,0.000160,0.000266,0.017427
328739900461,0.184243,0.031902,-0.010774,-0.010277,0.000080,0.003287,0.020959
328839912600,0.195512,-0.025704,-0.033115,-0.003283,-0.000406,0.000378,0.011168
328939924739,0.232094,0.054289,0.006976,0.007722,0.004472,0.001601,0.014769
329039936877,0.212987,0.081341,0.003516,0.007583,0.007154,-0.002106,0.023608
329139949016,0.220857,-0.015048,-0.048250,-0.011074,0.007243,-0.001377,0.024447
329239961155,0.215767,0.022358,-0.017047,-0.011141,-0.002097,0.002122,0.017171
329339973294,0.210486,-0.001467,-0.028609,-0.002925,-0.001629,0.004254,0.007557
329439985433,0.226160,-0.003241,-0.079793,0.005595,-0.005567,0.010836,0.007554
329539997572,0.232483,0.085504,-0.047919,0.008355,-0.005179,0.004343,0.010611
329640009711,0.217817,0.074356,-0.019664,0.004054,0.000745,0.001121,0.010167
329740021849,0.222449,-0.069375,-0.063816,-0.013951,0.004884,0.002658,0.011443
329840033988,0.238308,-0.007470,-0.013901,-0.022173,0.012509,0.002979,0.010893
329940046127,0.244677,0.019930,0.002407,-0.014215,0.013622,-0.006365,0.019279
330040058266,0.227046,-0.076684,-0.048863,-0.012344,0.006182,0.003033,0.022669
330140070405,0.168608,-0.022379,-0.053612,-0.006953,-0.003334,0.003093,0.018544
330240082544,0.178883,-0.031159,-0.028433,0.005734,-0.009281,0.007927,0.011784
330340094683,0.198368,-0.072790,-0.040540,0.005881,-0.008264,0.002891,0.019230
330440106822,0.262963,-0.036237,-0.081870,0.005181,-0.003243,0.008357,0.028791
330540118960,0.112779,0.050632,-0.039818,0.001242,0.001741,0.005497,0.030093
330640131099,0.047784,-0.011852,-0.034813,0.001511,0.007464,0.005525,0.019885
330740143238,0.207904,0.014760,-0.053381,-0.013567,0.013219,0.001312,0.012815
330840155377,0.236233,0.005894,-0.057731,-0.022471,0.021179,0.000072,0.007454
330940167516,0.122131,-0.065727,-0.040133,-0.023519,0.014785,0.003502,0.014682
331040179655,0.145864,-0.046690,-0.040385,-0.022134,0.015094,-0.001047,0.019554
331140191794,0.137130,0.076685,-0.022996,-0.024089,0.014250,0.003462,0.014088
331240203932,0.207768,0.124196,-0.007046,-0.019055,0.008677,0.001186,0.007391
331340216071,0.158570,0.123868,-0.004089,-0.012099,0.009527,0.007905,0.011630
331440228210,0.140088,-0.074631,-0.039429,-0.004120,0.001556,0.002653,0.015715
331540240349,0.225313,-0.082261,-0.093877,-0.000204,-0.005887,0.007681,0.018360
331640252488,0.173381,-0.043416,-0.028179,0.010919,-0.008022,0.007756,0.028243
331740264627,0.142162,-0.052902,-0.001965,0.011714,0.000318,-0.000334,0.026568
331840276766,0.237633,-0.023316,-0.071784,0.011386,-0.000787,0.001579,0.012581
331940288905,0.290706,0.035653,-0.071177,-0.003868,-0.001675,-0.004465,0.009245
332040301043,0.228716,-0.051113,-0.052929,-0.009351,0.005726,-0.001176,0.014337
332140313182,0.223279,0.029308,-0.049798,-0.011536,0.005859,-0.006621,0.013768
332240325321,0.241878,0.135388,-0.004029,-0.005487,0.000379,-0.002439,0.014409
332340337460,0.263499,0.092886,-0.025502,0.000672,-0.004491,-0.002575,0.014022
332440349599,0.204841,-0.047577,-0.054276,0.007787,-0.007318,0.003715,0.005590
332540361738,0.241804,0.019074,-0.044377,0.008883,-0.003985,0.005287,0.014053
332640373877,0.288430,0.084005,-0.022282,0.009005,0.006051,-0.002242,0.033178
332740386016,0.110182,-0.069534,-0.037905,0.001684,0.008609,-0.004003,0.023333
332840398154,0.094499,-0.099386,-0.103067,-0.007722,0.010398,-0.009478,0.006111
332940410293,0.156452,-0.035554,-0.067942,-0.008446,0.003685,-0.004341,0.005213
333040422432,0.190182,0.040927,-0.021676,-0.002964,-0.002633,-0.003225,0.007145
333140434571,0.240438,-0.051259,-0.102534,0.007911,-0.007492,0.007126,0.021267
333240446710,0.218984,-0.050795,-0.074841,0.016183,-0.010713,0.000591,0.044662
333340458849,0.203910,0.068853,-0.021231,0.014412,-0.014549,0.008018,0.056079
333440470988,0.169604,0.014110,-0.025743,0.009587,-0.010931,0.006638,0.039016
333540483126,0.176698,0.030321,-0.043332,0.001474,0.003708,0.005580,0.028546
333640495265,0.146275,0.028848,-0.026384,-0.007294,0.011984,0.000619,0.031325
333740507404,0.204144,0.024725,-0.016792,-0.015005,0.009267,0.004267,0.014919
333840519543,0.279429,0.074100,0.000691,-0.020685,0.007363,0.006157,0.018022
333940531682,0.230781,0.075601,-0.016554,-0.010485,0.008500,0.003641,0.033812
334040543821,0.201051,-0.115459,-0.059205,-0.001015,-0.000301,0.005484,0.035780
334140555960,0.210653,-0.037821,-0.063001,0.001743,-0.003774,0.007639,0.018707
334240568099,0.204738,0.085545,-0.054544,0.007979,-0.000098,0.005838,0.024070
334340580237,0.185549,0.029743,-0.026099,0.002162,0.006985,-0.000025,0.033249
334440592376,0.242887,-0.016483,-0.057185,-0.003643,0.008017,0.000195,0.012011
334540604515,0.224046,-0.066069,-0.054353,-0.013716,0.006546,-0.005299,0.006794
334640616654,0.207765,-0.092058,-0.042552,-0.018146,0.009831,-0.001510,0.013099
334740628793,0.256046,0.024533,-0.049931,-0.011321,0.004495,-0.007454,0.009913
334840640932,0.249597,0.102372,-0.022601,0.003665,-0.004000,-0.002543,0.008976
334940653071,0.238734,-0.029709,-0.052435,0.005888,-0.007780,-0.007177,0.011154
335040665210,0.243862,0.048409,-0.059126,0.005834,-0.007940,0.003010,0.011243
335140677348,0.296184,0.100445,-0.066920,0.006334,-0.004369,-0.001632,0.011361
335240689487,0.304027,0.031088,-0.066066,0.000165,0.004492,-0.008602,0.010584
335340701626,0.180187,-0.030505,-0.046283,-0.009649,0.010643,-0.006413,0.016334
335440713765,0.162441,0.026081,-0.035997,-0.018156,0.010081,-0.003232,0.022242
335540725904,0.252095,0.034820,-0.057282,-0.013577,0.000434,0.003436,0.019024
335640738043,0.178281,-0.072079,-0.047433,-0.006106,-0.001183,0.000459,0.008663
335740750182,0.204031,-0.062933,-0.000286,0.007792,-0.000067,0.002663,0.007172
335840762320,0.223888,-0.062449,-0.038407,0.012985,-0.006288,0.001245,0.011944
335940774459,0.180570,-0.004081,-0.071802,0.005616,-0.005534,0.013063,0.009906
336040786598,0.220033,-0.043951,-0.074221,-0.002848,0.005654,0.002843,0.008984
336140798737,0.218807,-0.023540,-0.025156,-0.005735,0.010976,-0.001081,0.014778
336240810876,0.231920,0.047842,-0.018390,-0.015546,0.009421,-0.000618,0.022176
336340823015,0.153781,-0.068371,-0.119180,-0.013119,-0.002087,0.009307,0.026604
336440835154,0.162938,-0.016916,-0.080355,0.001884,-0.004211,0.004455,0.028947
336540847293,0.215883,-0.051486,-0.020510,0.009365,-0.005460,0.002188,0.026134
336640859431,0.122670,-0.082790,-0.060383,0.006602,-0.012720,0.008515,0.018154
336740871570,0.095610,-0.048953,-0.074605,0.002893,-0.010639,0.011214,0.021111
336840883709,0.273283,-0.012931,-0.059823,0.000311,0.003400,0.005458,0.020203
336940895848,0.379190,0.180715,-0.018259,-0.010686,0.013366,-0.005107,0.013663
337040907987,0.259952,0.131938,-0.062924,-0.016205,0.009851,0.000868,0.015429
337140920126,0.203795,0.060525,-0.073378,-0.020275,0.009598,0.000893,0.019568
337240932265,0.285127,0.187574,-0.025404,-0.012155,0.009417,0.002487,0.013047
337340944403,0.185102,0.124796,-0.079815,-0.005952,0.009462,-0.001836,0.023852
337440956542,0.205716,-0.097849,-0.092610,0.008014,-0.001308,-0.000016,0.019653
337540968681,0.240796,-0.072042,-0.030569,0.007990,-0.005324,-0.002189,0.012400
337640980820,0.247719,-0.021173,-0.063138,0.009587,-0.005045,0.000439,0.011348
337740992959,0.197684,-0.069601,-0.090306,0.004885,0.001848,-0.008262,0.012647
337841005098,0.174556,-0.082960,-0.078706,-0.003501,0.010953,-0.006280,0.015208
337941017237,0.240787,-0.121334,-0.104051,-0.008707,0.003607,-0.006374,0.013504
338041029376,0.202808,-0.124046,-0.101810,-0.013750,0.002012,-0.005071,0.016603
338141041514,0.222319,-0.052125,-0.025095,-0.004934,-0.002803,0.002425,0.017707
338241053653,0.196298,0.000977,-0.018270,-0.000279,-0.005837,0.005171,0.020000
338341065792,0.167351,-0.099260,-0.076509,0.005970,-0.003230,0.005264,0.014639
338441077931,0.168722,-0.020347,-0.042495,0.003106,0.003277,-0.001442,0.016415
338541090070,0.176763,0.066686,-0.045958,-0.007878,0.009389,0.001621,0.023038
338641102209,0.125148,-0.015077,-0.085704,-0.018849,0.012150,0.002393,0.014311
338741114348,0.141876,-0.002051,-0.056165,-0.015452,0.009860,0.004189,0.014855
338841126487,0.224797,0.076668,-0.081379,-0.015929,0.010859,0.003268,0.011342
338941138625,0.179346,0.061747,-0.096196,-0.007731,0.002283,0.014134,0.016317
339041150764,0.159073,-0.012611,-0.073333,0.005275,-0.003033,0.005942,0.022829
339141162903,0.193471,0.049064,-0.036451,0.007858,-0.007317,0.005659,0.014086
339241175042,0.181837,0.017192,-0.082082,0.001416,-0.000035,0.006147,0.008399
339341187181,0.107197,-0.087091,-0.083097,-0.005969,0.006216,0.001546,0.015950
339441199320,0.137037,-0.071699,-0.022391,-0.014795,0.008256,0.000894,0.029542
339541211459,0.153975,-0.070902,-0.062306,-0.015268,0.005257,0.004431,0.025684
339641223597,0.123218,-0.006893,-0.068734,-0.007394,-0.000764,-0.000730,0.018592
339741235736,0.158047,-0.046087,-0.051069,-0.000117,-0.000979,0.001027,0.010075
339841247875,0.188620,-0.009762,-0.074282,0.006552,-0.007649,0.006840,0.002254
339941260014,0.134286,0.075242,-0.046908,0.007009,-0.003095,0.009857,0.003174
340041272153,0.074316,-0.020338,-0.044826,0.005018,0.003501,0.004219,0.009321
340141284292,0.114510,0.071513,-0.059150,-0.004866,0.015948,-0.000965,0.013086
340241296431,0.237260,0.045718,-0.035714,-0.009056,0.010417,-0.001765,0.018139
340341308570,0.214260,-0.061932,-0.085669,-0.014389,0.005056,-0.000027,0.023617
340441320708,0.174851,0.000962,-0.059398,-0.014103,0.004130,0.002607,0.015675
340541332847,0.131586,-0.046545,-0.049773,-0.001595,0.006171,-0.001916,0.015244
340641344986,0.161759,-0.003414,-0.103989,0.008449,-0.004487,-0.000369,0.016058
340741357125,0.155259,0.077379,-0.060535,0.007295,-0.008952,0.000271,0.009348
340841369264,0.116087,-0.014228,-0.064300,0.011794,-0.007605,-0.000437,0.011609
340941381403,0.160976,-0.019598,-0.065776,0.005238,-0.000844,-0.005479,0.011820
341041393542,0.169277,-0.021856,-0.045412,0.002065,0.006183,-0.008328,0.013488
341141405680,0.190411,-0.039155,-0.073487,-0.002599,0.005963,-0.016052,0.015054
341241417819,0.203172,-0.143670,-0.110938,-0.006159,0.002103,-0.011577,0.009666
341341429958,0.144307,-0.151791,-0.110713,-0.002424,-0.005510,-0.004859,0.009067
341441442097,0.095551,-0.033736,-0.048315,0.001734,-0.004043,-0.002270,0.008684
341541454236,0.096767,-0.003246,-0.040620,0.016111,-0.007450,0.000795,0.015616
341641466375,0.047636,-0.077262,-0.143423,0.016537,-0.009011,-0.004368,0.013448
341741478514,0.091808,-0.109964,-0.105104,0.011389,-0.009540,0.003792,0.012821
341841490653,0.068795,-0.016434,-0.036015,-0.000354,-0.001677,0.001100,0.018115
341941502791,0.103622,0.012106,-0.053899,-0.007331,0.005948,-0.002303,0.013543
342041514930,0.076258,-0.066939,-0.060490,-0.017694,0.009712,-0.002152,0.011787
342141527069,0.190906,0.098291,-0.079215,-0.018672,0.008250,0.005921,0.017498
342241539208,0.267092,0.067610,-0.160754,-0.015321,0.004640,0.010495,0.030133
342341551347,0.268665,-0.099968,-0.085483,-0.022620,0.006698,0.022201,0.025092
342441563486,0.084728,0.123066,-0.012467,-0.041212,0.006799,0.034983,0.016891
342541575625,-0.269786,0.114466,-0.202890,-0.046061,-0.000845,0.033773,0.013951
342641587764,-0.079836,-0.013034,-0.087670,-0.046873,0.014688,0.017011,0.003889
342741599902,0.134858,0.047124,-0.016091,-0.024208,0.022955,0.004038,0.011862
342841612041,0.181919,-0.010120,-0.148908,-0.020117,0.010794,0.012574,0.021322
342941624180,0.119374,-0.084667,-0.071105,-0.018570,0.003249,0.020101,0.015651
343041636319,0.195529,-0.001751,-0.023088,-0.019022,0.003982,0.019615,0.014003
343141648458,0.036499,0.040826,-0.077639,-0.017846,0.007697,0.008754,0.011346
343241660597,-0.001580,-0.067927,0.010869,-0.017104,0.014899,-0.000968,0.006573
343341672736,-0.130767,0.073174,0.020000,-0.001486,0.016265,-0.013831,0.010509
343441684874,-0.126333,0.089324,-0.159570,0.012890,-0.001999,-0.002231,0.019103
343541697013,-0.127011,0.022954,-0.047930,0.001193,-0.023036,0.029636,0.038196
343641709152,0.221010,-0.016144,0.027037,0.026083,-0.022514,-0.001843,0.039837
343741721291,0.337480,-0.144089,-0.121336,0.024877,0.003159,-0.018144,0.046747
343841733430,0.227419,-0.117377,-0.091373,0.016001,0.004997,-0.019389,0.039297
343941745569,0.028120,0.061732,0.005946,0.004353,-0.003803,0.000020,0.016119
344041757708,0.033002,0.174594,0.074660,0.017316,-0.015869,-0.004593,0.016145
344141769847,0.034264,0.053617,-0.007881,0.027320,-0.012895,-0.004435,0.013857
344241781985,0.058854,0.005093,-0.064998,0.028356,-0.011581,0.000200,0.020320
344341794124,0.212904,0.062261,0.047680,0.021079,-0.003102,0.001612,0.013876
344441806263,0.136345,0.030315,0.002812,0.012973,0.004180,-0.006283,0.015604
344541818402,0.113509,-0.088514,-0.057557,0.003771,0.004270,-0.013103,0.019374
344641830541,0.006730,-0.025836,-0.015524,-0.004237,0.003893,-0.010233,0.012092
344741842680,0.028904,0.013960,-0.005170,0.003034,0.001388,-0.006087,0.020463
344841854819,0.056117,0.029904,-0.035513,0.009621,-0.008442,-0.003357,0.029683
344941866957,0.091183,-0.105162,-0.106249,0.019308,-0.016655,-0.001284,0.029502
345041879096,-0.037195,-0.067795,-0.023805,0.019355,-0.010554,0.001652,0.020178
345141891235,0.157285,-0.013168,-0.025410,0.004440,0.004423,-0.008908,0.020788
345241903374,0.167957,-0.102851,-0.080801,-0.012968,0.004730,-0.002291,0.031310
345341915513,0.156325,-0.087388,-0.078283,-0.016818,0.000935,0.002950,0.031450
345441927652,-0.004031,-0.015686,-0.028501,-0.008421,-0.000119,0.005547,0.030807
345541939791,-0.060394,0.040160,0.032096,0.008079,0.004695,-0.003844,0.022437
345641951930,-0.000662,0.041099,-0.025316,0.004628,0.004457,0.000857,0.018539
345741964068,0.132053,-0.091103,-0.059169,-0.007458,0.008332,-0.003406,0.018405
345841976207,0.130014,-0.122906,0.001000,-0.022754,0.014098,0.000370,0.016790
345941988346,0.082802,-0.055302,-0.060949,-0.017030,0.009659,0.002938,0.017271
346042000485,0.033419,0.016882,-0.028078,-0.006196,0.003441,0.003832,0.019844
346142012624,-0.002499,0.054987,0.020048,0.008742,0.002827,-0.001790,0.012743
346242024763,-0.089548,0.044025,0.115469,0.011223,-0.000173,-0.007630,0.015816
346342036902,0.011553,-0.059065,-0.033168,-0.002024,0.012052,-0.001480,0.019998
346442049041,0.289038,-0.042604,-0.215689,-0.018715,0.018934,0.004989,0.010991
346542061179,0.138650,-0.033111,-0.029403,-0.003504,0.006740,0.000320,0.013889
346642073318,-0.181096,-0.065547,-0.024385,-0.003792,0.002267,0.007628,0.010617
346742085457,-0.095117,0.124355,-0.023601,0.000998,0.005011,0.006562,0.033467
346842097596,0.130056,-0.048505,-0.075885,0.012857,-0.009683,0.004643,0.056728
346942109735,0.009419,-0.104530,-0.069564,0.011856,-0.007565,-0.004342,0.039518
347042121874,-0.261468,0.034436,-0.079042,-0.003585,0.009655,0.004178,0.036269
347142134013,-0.076455,0.089628,-0.056350,-0.022985,0.012760,0.008576,0.034552
347242146151,0.316234,0.026787,-0.005596,-0.012171,-0.004204,0.003115,0.032824
347342158290,0.109842,-0.179004,-0.195508,-0.002638,-0.003135,-0.002094,0.010607
347442170429,0.162966,-0.180453,-0.126311,0.019374,-0.005341,-0.016221,0.017815
347542182568,0.472066,0.190985,0.172048,-0.167558,-0.020489,0.002564,0.032080
347642194707,1.958451,0.417187,-0.060206,-0.203961,0.037533,0.037262,0.019669
347742206846,1.872229,0.312639,-0.485290,-0.078122,0.143643,0.006125,0.021158
347842218985,-0.872443,0.811161,0.327112,-0.183196,0.082115,0.037588,0.024309
347942231124,-1.853683,0.699541,0.358093,-0.144436,0.052776,0.178115,0.019223
348042243262,-1.194047,0.292537,0.170647,-0.195242,0.061758,0.120961,0.019485
348142255401,-0.016597,0.018182,0.076545,-0.143861,0.096866,0.112077,0.012766
348242267540,0.914511,-0.469417,-0.347390,-0.167271,0.095491,0.091554,0.012715
348342279679,0.639362,-0.377628,-0.072910,-0.146524,0.075651,0.084969,0.006883
348442291818,0.415268,-0.668399,-0.148942,-0.147417,0.058100,0.091454,0.006515
348542303957,-0.524210,-0.987735,-0.135055,-0.112696,0.023543,0.071850,0.012714
348642316096,-0.111141,-1.312735,0.025855,-0.061995,0.020782,0.050493,0.016166
348742328235,-0.178918,-1.867186,-0.004602,-0.023312,0.018940,0.046792,0.023408
348842340373,0.559184,-1.654346,-0.250309,0.047328,0.005881,0.032050,0.020949
348942352512,1.049967,0.303968,-0.533543,0.065239,-0.022343,0.031335,0.040709
349042364651,1.407087,0.239864,-0.300216,0.123080,-0.061360,0.025068,0.097180
349142376790,0.735191,-1.436919,-0.035687,0.148756,-0.030140,0.013714,0.168610
349242388929,0.308947,-2.026367,-0.163411,0.176428,-0.068556,0.012460,0.267739
349342401068,-0.570955,-1.105723,0.003688,0.185519,-0.034986,0.018258,0.405666
349442413207,-0.265000,-0.607061,0.168167,0.213791,-0.037697,-0.012857,0.573981
349542425345,0.123891,-0.526466,0.208637,0.161862,-0.009761,-0.015360,0.692105
349642437484,0.268518,-0.629407,0.038699,0.152361,-0.033099,-0.007923,0.808341
349742449623,0.058375,-0.791175,-0.110934,0.157749,-0.044910,0.021642,1.007378
349842461762,0.079321,-0.562234,0.004526,0.149142,-0.012498,0.013595,1.032152
349942473901,0.078187,-0.312263,-0.007022,0.165755,0.020852,-0.021886,0.991852
350042486040,0.867786,-0.033013,-0.089625,0.189962,0.016689,-0.045316,1.218731
350142498179,1.043252,0.449330,0.152199,0.188806,-0.024095,0.000824,1.373013
350242510318,1.003027,0.508737,0.080772,0.209050,-0.077643,-0.001061,1.358150
350342522456,0.274276,0.572934,-0.004387,0.188003,-0.072739,0.025854,1.396132
350442534595,-0.143588,0.328201,-0.110919,0.208279,-0.071514,0.017037,1.402493
350542546734,-0.233119,0.431073,-0.161645,0.220668,-0.053833,0.002274,1.420989
350642558873,0.296962,0.615444,-0.195835,0.249848,-0.082096,-0.010493,1.557492
350742571012,0.609414,0.765748,-0.096560,0.218794,-0.088931,-0.002390,1.293862
350842583151,0.230002,0.753861,0.056035,0.178764,-0.062543,0.003759,1.271641
350942595290,-0.142904,0.660583,-0.036736,0.129553,-0.069701,0.045594,1.457870
351042607428,-0.246623,0.687132,0.059312,0.112977,-0.052089,0.027879,1.406475
351142619567,-0.249886,0.635060,0.045310,0.122286,-0.046038,-0.007400,1.298492
351242631706,0.221103,0.557401,-0.064505,0.135729,-0.056827,-0.006447,1.200611
351342643845,-0.009328,0.221225,-0.141883,0.110109,-0.057549,-0.003574,1.160089
351442655984,0.101679,0.169202,-0.131737,0.125627,-0.052107,-0.031083,1.137181
351542668123,0.049815,0.244395,-0.059564,0.110757,-0.023241,-0.018109,1.072933
351642680262,0.150580,0.159273,-0.223396,0.098324,-0.039817,-0.005306,0.980852
351742692401,0.132628,0.154690,-0.079667,0.081819,-0.059325,0.020205,0.882618
351842704539,-0.077372,0.199585,0.079967,0.080832,-0.059179,0.015195,0.975592
351942716678,-0.298254,0.104830,-0.046722,0.089249,-0.028698,0.014147,0.916177
352042728817,-0.137884,0.206563,-0.183197,0.091941,-0.030753,-0.010397,0.859981
352142740956,0.274343,0.210673,-0.195824,0.090324,-0.044018,-0.018024,0.917390
352242753095,0.235632,0.223917,0.060991,0.054058,-0.031130,0.010738,0.736890
352342765234,0.260341,0.190748,0.015747,0.036100,-0.025947,0.034342,0.843652
352442777373,-0.235615,0.180555,-0.095373,0.015476,-0.013146,0.034765,0.867394
352542789512,-0.558677,0.313274,0.189707,0.023365,0.001160,0.017541,0.737759
352642801650,-0.631368,-0.028001,0.172518,-0.016364,0.011943,0.038649,0.769452
352742813789,-0.032742,-0.012209,-0.042096,-0.032294,0.008695,0.047522,0.837707
352842825928,0.288197,0.405228,-0.068869,-0.057804,0.032670,0.045718,0.709929
352942838067,-0.100236,0.554142,-0.004879,-0.048825,0.043895,0.021701,0.763541
353042850206,-0.279648,0.536763,0.012280,-0.055999,0.038974,0.025778,0.814292
353142862345,-0.638855,0.498904,-0.041715,-0.063150,0.025294,0.028854,0.693087
353242874484,-0.361024,0.713217,-0.027807,-0.058872,0.028004,0.025393,0.716315
353342886622,0.033139,0.764830,0.013435,-0.049948,0.023574,0.021951,0.809882
353442898761,0.185636,0.683302,-0.037828,-0.061569,0.014195,0.042208,0.695080
353542910900,0.074915,0.692868,-0.003751,-0.059627,0.016376,0.044929,0.669479
353642923039,-0.088698,0.725002,0.022188,-0.051997,0.028552,0.028638,0.622769
353742935178,-0.347271,0.795049,0.038211,-0.040545,0.027880,0.021378,0.491789
353842947317,-0.256687,0.782490,0.003391,-0.033799,0.016976,0.023931,0.468460
353942959456,-0.334994,0.634214,-0.017422,-0.034912,0.010080,0.020670,0.400024
354042971595,-0.189376,0.602286,0.015274,-0.019823,0.004952,0.014988,0.319767
354142983733,-0.104650,0.314001,-0.046978,-0.015741,-0.003485,0.013394,0.299797
354242995872,0.176131,0.316036,-0.010205,-0.007409,0.000642,-0.004853,0.196593
354343008011,0.175546,0.331797,0.051152,0.001086,0.012403,-0.008937,0.106889
354443020150,0.123586,0.293049,-0.029668,0.010376,-0.003437,-0.005734,0.049960
354543032289,-0.198861,0.240252,-0.040038,0.008590,-0.007612,0.000306,0.028041
354643044428,-0.264069,0.272241,0.009895,0.017038,0.000668,-0.010141,0.039937
354743056567,-0.194750,0.290755,0.003148,0.008157,0.007083,-0.008933,0.059591
354843068705,-0.019977,0.213870,-0.020092,0.027935,-0.007136,-0.012684,0.071591
354943080844,-0.017893,0.183319,-0.042234,0.012474,-0.005625,0.002841,0.081810
355043092983,-0.116154,0.163290,0.005353,-0.011205,0.002240,0.003987,0.112365
355143105122,0.069076,0.090701,-0.008228,0.004661,0.004704,0.001837,0.130508
355243117261,0.104955,0.027318,-0.113865,0.010615,0.004761,0.000565,0.168144
355343129400,0.050494,0.154985,-0.042983,0.005912,0.011842,-0.006796,0.189642
355443141539,0.089075,0.258675,-0.104548,0.012429,-0.007123,0.001729,0.187103
355543153678,0.106508,0.459885,-0.191382,0.026252,-0.032778,0.009351,0.202312
355643165816,0.013829,0.439462,-0.030693,0.026330,-0.011386,0.016093,0.215901
355743177955,-0.015589,0.294000,-0.042448,0.030308,0.002174,-0.001099,0.234064
355843190094,0.015712,0.206139,-0.163672,0.035800,-0.004119,0.000881,0.255430
355943202233,0.122070,0.136654,-0.055405,0.035679,-0.016630,0.008574,0.263631
356043214372,0.047008,0.192610,-0.008234,0.038794,-0.021131,0.013400,0.283870
356143226511,-0.004764,-0.049510,-0.123341,0.040218,-0.015405,0.017090,0.343214
356243238650,-0.040586,-0.351740,-0.120467,0.040622,-0.006194,0.015406,0.415365
356343250789,-0.160457,-0.356705,-0.049998,0.049362,-0.015350,0.008828,0.425687
356443262927,-0.161039,-0.459585,0.047571,0.032021,-0.023251,0.009463,0.405018
356543275066,-0.022460,-0.357936,0.042789,0.034964,-0.012501,0.005859,0.402237
356643287205,0.021605,-0.050986,-0.054370,0.031542,-0.003003,-0.004887,0.442525
356743299344,-0.087846,-0.079978,-0.067588,0.027768,-0.005031,0.005525,0.429094
356843311483,-0.169990,0.059835,0.025027,0.027579,-0.011456,0.002291,0.309754
356943323622,-0.135704,0.180546,0.021915,0.026754,-0.007759,0.009240,0.291187
357043335761,0.060157,0.343594,-0.030731,0.054706,-0.010683,-0.008400,0.255110
357143347899,0.130144,0.451804,0.008463,0.055233,-0.005680,-0.014266,0.233634
357243360038,0.140367,0.296272,-0.062980,0.065150,-0.017691,-0.012588,0.264694
357343372177,-0.141201,0.409655,-0.030149,0.056555,-0.023298,-0.005013,0.298708
357443384316,-0.409156,0.356893,-0.031538,0.039213,-0.007706,-0.011388,0.309740
357543396455,-0.100653,0.616264,0.076138,0.067339,-0.006790,-0.021399,0.310702
357643408594,0.299100,0.708456,-0.005307,0.087941,-0.036774,-0.024917,0.339134
357743420733,-0.199708,0.187247,-0.178343,0.072487,-0.044703,-0.015338,0.343447
357843432872,-0.603370,0.022840,-0.005915,0.075470,-0.032359,-0.014389,0.353849
357943445010,-0.479096,0.026404,0.002989,0.067091,-0.011253,-0.028411,0.429800
358043457149,-0.114936,-0.210150,-0.081723,0.073589,-0.014782,-0.033086,0.508647
358143469288,0.078818,0.111137,-0.068832,0.057601,-0.027248,-0.010141,0.547137
358243481427,0.024675,0.383104,0.018574,0.056745,-0.017509,-0.010220,0.561377
358343493566,-0.028868,0.260346,-0.020279,0.057236,-0.005362,-0.003159,0.587542
358443505705,-0.358037,0.116894,-0.061749,0.038400,-0.004740,0.005815,0.641518
358543517844,-0.306167,0.150543,0.010373,0.025877,-0.010341,0.016179,0.645690
358643529983,-0.227036,-0.091868,-0.070287,0.043044,-0.012081,0.003013,0.568179
358743542121,-0.048629,0.180655,-0.048726,0.059294,-0.015240,-0.025660,0.576333
358843554260,0.010245,0.197878,-0.025295,0.060668,-0.027276,-0.022318,0.676596
358943566399,0.096193,0.086113,-0.052302,0.047486,-0.029472,-0.003786,0.752033
359043578538,-0.030075,0.006292,-0.027084,0.051891,-0.026839,-0.009939,0.664267
359143590677,-0.271083,-0.351003,0.039443,0.051810,-0.009310,-0.026778,0.666969
359243602816,-0.601055,-0.269011,0.117097,0.034653,0.010273,-0.016229,0.813996
359343614955,0.035108,-0.117384,-0.016722,0.020477,-0.002751,-0.011194,0.712954
359443627093,-0.004780,-0.058161,0.081637,-0.032499,0.025371,0.023227,0.787145
359543639232,0.330531,0.266007,0.025554,-0.030684,0.065938,0.038233,0.832174
359643651371,-0.047354,0.186525,-0.137809,-0.066958,0.047772,0.017854,0.743780
359743663510,-0.459217,0.102825,0.093885,-0.050346,-0.008088,0.011703,0.736116
359843675649,-0.277055,-0.206246,0.052284,-0.051297,0.015479,0.010648,0.724336
359943687788,-0.211763,-0.092240,-0.064535,-0.061660,0.045648,-0.007768,0.781222
360043699927,-0.000108,-0.170018,-0.217225,-0.082991,0.044439,0.001824,0.722140
360143712066,0.319121,-0.099952,-0.189209,-0.082682,0.022729,0.023342,0.733474
360243724204,0.265754,-0.112661,-0.099606,-0.078029,0.014502,0.022681,0.678664
360343736343,-0.174543,-0.519001,-0.069553,-0.072237,0.035940,0.015176,0.764417
360443748482,-0.067914,-0.339108,-0.078446,-0.041289,0.017384,0.015855,0.854220
360543760621,0.108971,-0.035433,0.014464,-0.053905,0.005717,0.026574,0.698094
360643772760,0.503050,0.109432,0.071173,-0.073143,0.014596,0.022402,0.635191
360743784899,0.358847,0.047575,0.088130,-0.043518,0.025947,0.018157,0.689941
360843797038,0.064987,0.122644,0.001729,-0.050165,0.021264,0.009654,0.583564
360943809176,-0.116175,0.029465,-0.031065,-0.029427,0.012375,0.012543,0.601746
361043821315,0.134270,-0.191815,-0.025714,-0.015577,0.007616,0.009425,0.685154
361143833454,0.149451,-0.345222,-0.184352,0.010903,-0.006684,-0.023439,0.653433
361243845593,-0.137976,-0.000632,-0.034429,0.021339,-0.001224,-0.012272,0.587506
361343857732,-0.175560,-0.220809,0.007969,0.035995,0.000497,-0.026592,0.651203
361443869871,0.163758,-0.276587,-0.080508,0.052858,-0.031926,-0.041159,0.685356
361543882010,0.717025,0.012453,-0.102933,0.048802,-0.067461,-0.021671,0.715717
361643894149,0.674755,0.056425,-0.051324,0.058114,-0.054012,-0.018392,0.709643
361743906287,-0.107890,0.214392,-0.049177,0.067509,-0.023805,-0.021780,0.711695
361843918426,-0.524097,0.128757,-0.125325,0.099308,-0.016639,-0.035184,0.740743
361943930565,-0.469939,0.060474,-0.033282,0.079336,-0.004334,-0.021806,0.717407
362043942704,-0.262477,-0.157820,-0.081274,0.070149,-0.025136,-0.023232,0.685864
362143954843,0.081131,-0.177476,-0.094124,0.072958,-0.044582,-0.029959,0.656766
362243966982,0.168125,0.059548,-0.065166,0.083869,-0.047285,-0.030228,0.653618
362343979121,0.526741,0.099151,-0.045655,0.085074,-0.053789,-0.027615,0.791940
362443991260,0.167764,0.061010,0.060848,0.060579,-0.038554,-0.009614,0.748189
362544003398,0.090865,-0.057969,0.057854,0.049185,-0.018965,-0.014044,0.700096
362644015537,-0.266322,-0.511272,-0.079776,0.022608,-0.019913,0.013658,0.784897
362744027676,-0.033839,-0.595164,-0.030555,0.028801,-0.029580,0.012792,0.790758
362844039815,-0.164666,-0.393012,0.098408,0.013010,-0.009690,0.006699,0.825622
362944051954,-0.435998,-0.156577,-0.045205,0.029561,-0.006791,0.008686,0.773161
363044064093,-0.267790,-0.093162,-0.127329,0.040549,-0.009767,-0.004322,0.823861
363144076232,0.100484,0.028008,-0.159351,0.033655,-0.003383,-0.022438,0.858646
363244088370,-0.299660,-0.166390,-0.070416,-0.001089,0.000497,-0.002771,0.801314
363344100509,-0.339883,-0.486926,-0.173454,0.002964,-0.030163,0.001083,0.764634
363444112648,-0.025447,-0.245839,-0.173788,-0.020176,0.005518,-0.009976,0.680586
363544124787,0.127201,-0.157728,-0.057618,-0.001650,0.027906,-0.042021,0.732560
363644136926,-0.249946,-0.244532,-0.161758,-0.019167,0.018710,-0.011699,0.888303
363744149065,-0.268193,0.031288,-0.175444,-0.022593,0.004413,-0.014696,0.743782
363844161204,0.058786,-0.006165,-0.064980,-0.026850,0.019472,-0.017081,0.745990
363944173343,0.439873,-0.111396,-0.021765,-0.032115,0.019576,-0.011763,0.822012
364044185481,0.331010,-0.221704,-0.042022,-0.017030,0.004170,-0.000680,0.648669
364144197620,-0.256368,-0.468358,0.008162,-0.032018,0.012764,0.006367,0.807465
364244209759,0.094017,-0.410008,-0.017300,0.010089,-0.005319,-0.016617,0.858285
364344221898,0.518031,-0.279595,-0.057106,0.006252,-0.006176,-0.013868,0.777675
364444234037,0.319463,-0.034791,-0.035309,0.005409,-0.002311,-0.024592,0.833511
364544246176,-0.053319,-0.064187,-0.012892,0.005713,0.006603,-0.010491,0.821832
364644258315,-0.214024,-0.178816,-0.083853,0.011374,0.002473,-0.014963,0.758317
364744270453,-0.182886,0.021762,0.003007,0.005967,-0.006429,-0.013765,0.710125
364844282592,0.277397,0.114744,-0.039281,0.029095,-0.018333,-0.013320,0.729854
364944294731,0.453700,0.072402,-0.153643,0.045669,-0.018735,-0.027399,0.747640
365044306870,0.242563,0.293636,-0.046252,0.057172,-0.015867,-0.038173,0.658207
365144319009,-0.223513,0.385625,-0.036524,0.044191,-0.008022,-0.029927,0.674503
365244331148,-0.367011,0.133102,-0.104915,0.040886,-0.010193,-0.042739,0.700645
365344343287,-0.128040,0.184498,-0.130492,0.027210,-0.003145,-0.030205,0.701522
365444355426,-0.059813,0.094645,-0.008519,0.037957,-0.008643,-0.033484,0.771507
365544367564,0.051543,0.276533,0.181893,0.024592,0.003318,-0.032117,0.696609
365644379703,-0.095523,0.184263,-0.023553,-0.008906,-0.003120,-0.009872,0.753214
365744391842,0.113100,-0.175521,-0.111501,-0.012239,-0.036037,-0.000106,0.910244
365844403981,0.024620,-0.407432,0.008080,-0.014149,-0.014909,-0.000371,0.866182
365944416120,0.024227,-0.496660,-0.156420,-0.018714,0.015250,-0.019699,0.806060
366044428259,0.153249,-0.608612,-0.119612,-0.036599,0.022078,-0.009264,0.886118
366144440398,0.430221,-0.825741,-0.085917,-0.036008,0.011094,-0.018034,0.922834
366244452537,0.395107,-1.025565,-0.120797,-0.044422,-0.001307,-0.002110,0.951596
366344464675,0.408266,-1.203742,-0.124514,-0.029883,-0.010478,0.007530,0.910132
366444476814,0.195575,-1.022188,-0.007701,-0.035097,0.004076,-0.001124,0.884100
366544488953,0.202478,-0.889119,-0.055688,-0.025121,0.013021,0.001938,0.801554
366644501092,0.153787,-0.599191,-0.088442,-0.019249,0.011243,0.010308,0.726171
366744513231,0.104566,-0.242646,-0.015003,-0.030734,0.026202,0.011444,0.605156
366844525370,0.115838,0.011199,-0.083527,-0.036168,0.031015,0.012849,0.462559
366944537509,0.046514,0.211189,-0.039532,-0.029529,0.020483,0.011983,0.330584
367044549647,-0.177806,0.242779,-0.006431,-0.051493,0.023419,0.012531,0.326977
367144561786,-0.257595,0.190916,-0.092116,-0.042994,0.011481,0.015735,0.365823
367244573925,-0.152538,0.247091,-0.035912,-0.036068,0.010482,0.010494,0.286504
367344586064,-0.171495,-0.036086,-0.010167,-0.039131,0.021688,-0.001996,0.266536
367444598203,-0.151225,-0.022241,-0.031670,-0.039297,0.009576,0.003922,0.332014
367544610342,-0.098975,-0.141290,-0.034155,-0.039942,-0.002227,0.011721,0.348022
367644622481,0.187510,-0.315015,-0.060491,-0.032693,0.000907,0.000486,0.365949
367744634620,0.372086,-0.190351,-0.026887,-0.023019,0.012300,-0.008694,0.410871
367844646758,0.182312,-0.216496,0.010672,-0.018486,0.015928,-0.005831,0.404954
367944658897,-0.146359,-0.431517,-0.022893,-0.025274,0.009615,0.003821,0.431277
368044671036,-0.203885,-0.371668,-0.033384,-0.005596,-0.001602,-0.006835,0.461460
368144683175,-0.200596,-0.141967,-0.022292,-0.008637,0.004152,-0.007760,0.405011
368244695314,0.185782,0.195083,-0.057833,0.001982,0.000242,-0.011875,0.416507
368344707453,0.278621,0.249443,-0.071036,0.004822,0.006624,-0.005938,0.392890
368444719592,0.132710,0.177889,-0.056561,0.008157,0.003008,-0.015068,0.293937
368544731731,-0.034250,-0.030458,-0.084648,0.003277,-0.001610,-0.011888,0.295042
368644743869,-0.032189,0.109081,-0.051699,0.024265,-0.005835,-0.015340,0.333395
368744756008,-0.017194,0.458578,-0.023579,-0.003790,0.011629,-0.005362,0.367673
368844768147,-0.097065,0.339813,-0.017798,-0.037039,0.024031,0.010989,0.368141
368944780286,-0.033763,0.049158,-0.023148,-0.031737,0.013791,0.015817,0.374372
369044792425,-0.181980,0.083636,-0.046271,-0.015562,0.007314,0.008929,0.424954
369144804564,-0.177744,0.132938,-0.103909,-0.009637,0.005259,-0.000260,0.382124
369244816703,-0.083097,-0.080870,-0.116225,-0.012578,0.001072,0.002753,0.356987
369344828841,0.218232,0.043562,-0.069055,0.004085,0.002528,-0.002020,0.457472
369444840980,0.215694,0.108054,0.016527,0.015550,0.003910,-0.011139,0.463354
369544853119,0.081872,0.128025,-0.016811,0.021315,-0.001088,-0.016595,0.444030
369644865258,-0.195285,0.403768,-0.026335,0.018147,-0.009106,-0.009550,0.532917
369744877397,-0.245404,0.312760,0.038963,0.027305,-0.019860,-0.018489,0.550838
369844889536,-0.154429,0.183092,-0.069493,0.028545,-0.011523,-0.012908,0.452507
369944901675,-0.032812,0.325524,-0.019652,0.030537,-0.001165,-0.016857,0.446060
370044913814,0.173361,0.197744,0.069220,0.024325,-0.002273,-0.012526,0.479307
370144925952,0.101620,0.144244,-0.017641,0.017094,-0.008249,-0.004046,0.605114
370244938091,0.028841,0.045290,-0.009344,0.028646,-0.015363,-0.011768,0.647290
370344950230,-0.028100,-0.005712,-0.069991,0.041188,-0.015799,-0.014925,0.686432
370444962369,0.098767,0.065700,-0.033352,0.041349,-0.008963,-0.015299,0.762952
370544974508,-0.069470,-0.047221,-0.024555,0.031835,-0.018524,0.005591,0.645764
370644986647,-0.139643,-0.288388,-0.176067,0.007619,-0.025753,0.032062,0.654725
370744998786,-0.095783,-0.241746,0.027116,0.012845,-0.001065,0.013611,0.776692
370845010924,0.184661,-0.058518,0.022479,0.029402,0.023161,-0.000308,0.792912
370945023063,0.159938,-0.211342,-0.165398,-0.002327,0.012144,0.022695,0.687979
371045035202,0.268803,-0.143429,-0.128358,-0.011286,-0.009009,0.031724,0.661186
371145047341,0.007427,-0.258198,-0.112506,-0.008188,0.002233,0.027022,0.668327
371245059480,-0.161089,-0.153598,0.009482,0.010073,0.018256,0.013668,0.785803
371345071619,-0.118148,-0.357275,-0.036990,-0.005583,0.014303,0.016018,0.720480
371445083758,0.064679,-0.299971,-0.024652,-0.021743,0.013020,0.017171,0.684768
371545095897,0.258882,0.052310,-0.005917,-0.031951,0.018713,0.025201,0.779843
371645108035,0.166568,0.245896,-0.075621,-0.011394,0.010249,0.033643,0.638265
371745120174,0.017095,0.177535,-0.062322,-0.015131,0.008872,0.031452,0.630871
371845132313,-0.009421,0.102510,0.031360,-0.021286,0.005090,0.043924,0.623822
371945144452,0.067857,0.091420,0.008410,-0.014381,0.002134,0.045930,0.642663
372045156591,-0.149006,-0.248896,-0.097817,-0.001660,-0.000971,0.046623,0.615791
372145168730,-0.044997,-0.418260,-0.092916,0.004651,-0.003958,0.027915,0.620471
372245180869,-0.057197,-0.532999,-0.077522,-0.000831,0.005301,-0.002784,0.548932
372345193008,-0.063110,-0.142010,-0.100497,0.004472,0.001671,-0.003418,0.548191
372445205146,-0.098993,0.043940,-0.030673,-0.003864,-0.004591,0.011434,0.660674
372545217285,0.106596,0.108810,0.045202,-0.004333,-0.007003,0.013538,0.577553
372645229424,-0.099527,-0.049924,-0.097550,-0.009514,0.010814,0.026914,0.555136
372745241563,-0.204867,-0.259808,-0.155303,0.006245,0.005081,0.019304,0.595491
372845253702,-0.287722,-0.160894,-0.014854,-0.006482,-0.000919,0.008719,0.560765
372945265841,-0.092857,-0.068696,0.005639,-0.007706,0.006906,-0.009787,0.528699
373045277980,0.199894,0.143489,-0.064312,-0.010358,0.017167,-0.014841,0.500628
373145290118,0.324914,0.014033,-0.137015,-0.032370,0.020295,-0.000109,0.473848
373245302257,0.180580,-0.059319,-0.025058,-0.029214,0.015864,0.006233,0.565321
373345314396,-0.202136,-0.232425,-0.085197,-0.018965,0.009102,0.013728,0.514056
373445326535,-0.323276,-0.110968,-0.184857,-0.036257,0.002709,0.016279,0.448008
373545338674,-0.197636,0.106588,-0.006053,-0.047678,0.019781,0.011066,0.454627
373645350813,0.015210,0.432228,0.004137,-0.024746,0.022644,-0.000751,0.546024
373745362952,0.025062,0.261833,-0.184938,-0.032502,0.012235,0.012686,0.522520
373845375091,-0.131428,0.227592,-0.126784,-0.043047,0.000819,0.014308,0.505705
373945387229,-0.295145,0.173700,-0.012544,-0.037391,0.006657,0.009476,0.623972
374045399368,-0.426632,-0.204020,0.029944,-0.043996,0.027001,0.006841,0.563829
374145411507,-0.246625,-0.125010,0.010982,-0.065637,0.027253,0.009316,0.589809
374245423646,0.199981,-0.116987,-0.057858,-0.054497,0.011749,0.021001,0.607320
374345435785,0.203899,0.134623,0.083011,-0.058278,0.024294,0.033027,0.661578
374445447924,-0.031022,0.200842,-0.054121,-0.048749,0.038182,0.024637,0.720361
374545460063,-0.019520,0.160940,-0.083452,-0.043780,0.038402,0.017946,0.666087
374645472201,-0.017045,0.495867,0.114512,-0.048278,0.024578,0.005945,0.627531
374745484340,0.024740,0.258108,-0.027723,-0.028501,0.000024,0.006968,0.635676
374845496479,-0.221388,0.216406,-0.108123,-0.033959,0.007438,0.009388,0.732084
374945508618,-0.141498,0.249911,-0.175458,-0.030978,0.020296,0.002529,0.641059
375045520757,0.107959,-0.032371,-0.072519,-0.024884,0.024666,0.008297,0.634850
375145532896,0.102344,0.122623,0.072829,-0.020601,0.009574,0.005954,0.765123
375245545035,-0.168409,0.073935,-0.120593,0.006853,-0.023004,0.002878,0.738168
375345557174,0.480763,-0.186666,-0.180083,0.039250,-0.019163,-0.024441,0.818330
375445569312,0.806794,-0.387059,-0.088338,0.056134,-0.013383,-0.036341,0.840598
375545581451,0.835515,-0.468161,-0.136705,0.097259,-0.042818,-0.017643,0.813029
375645593590,0.094739,-0.524642,-0.041086,0.058780,-0.037210,0.008563,0.923585
375745605729,-0.278973,-0.637279,-0.005227,0.048619,-0.028364,0.006011,0.927466
375845617868,-0.071397,-0.618473,-0.083076,0.034089,-0.004874,0.003217,0.891496
375945630007,-0.168946,-0.221638,-0.070754,0.040281,-0.006171,-0.018659,0.875874
376045642146,-0.020724,-0.008574,-0.097515,0.036506,-0.000171,-0.023306,0.806172
376145654285,0.181666,0.224514,-0.068281,0.019095,0.012024,-0.020145,0.776693
376245666423,0.278046,0.299297,0.073801,0.038915,-0.003231,-0.005358,0.719460
376345678562,-0.369167,0.201685,0.091284,0.037248,0.004193,0.021300,0.579805
376445690701,-0.662200,-0.127820,-0.132792,0.013617,0.008992,0.015689,0.644791
376545702840,-0.466324,-0.353538,-0.055721,0.009184,0.009537,-0.011686,0.632765
376645714979,0.138204,-0.135809,0.073860,-0.005690,0.013143,-0.016095,0.534167
376745727118,0.604798,-0.356237,0.016857,-0.042220,0.000801,0.007162,0.669805
376845739257,0.691378,-0.382436,0.015318,-0.054256,0.005808,0.030524,0.605893
376945751395,0.041941,-0.319501,-0.005133,-0.068386,0.038188,0.039337,0.595594
377045763534,-0.265703,-0.293165,0.070991,-0.043142,0.043632,0.031708,0.689705
377145775673,-0.251074,-0.181308,0.004119,-0.053158,0.023835,0.031804,0.557884
377245787812,-0.188222,-0.149772,-0.068540,-0.040004,0.011245,0.029983,0.624245
377345799951,0.062033,-0.138772,-0.066066,-0.044052,0.019025,0.011786,0.566813
377445812090,0.114732,-0.092296,-0.023099,-0.034076,0.018863,0.016905,0.465145
377545824229,0.280604,-0.104362,-0.091679,-0.023786,0.008179,0.024139,0.437942
377645836368,0.152321,-0.290736,-0.165060,-0.039513,0.012260,0.015331,0.421308
377745848506,0.150918,-0.544244,-0.064284,-0.025784,0.013119,0.006797,0.435793
377845860645,-0.273675,-0.454908,0.008056,-0.003821,0.013604,-0.002367,0.370920
377945872784,-0.339535,-0.189192,-0.065524,0.013930,0.005178,-0.012495,0.310233
378045884923,-0.278101,0.170410,-0.038147,0.002153,-0.005987,-0.004651,0.373256
378145897062,0.112333,0.345168,-0.046052,0.020333,-0.012203,-0.011562,0.352171
378245909201,0.110530,0.464785,-0.061245,0.023086,-0.000095,-0.010493,0.266295
378345921340,-0.049532,0.379603,-0.005648,0.020662,0.004654,-0.024760,0.260629
378445933478,-0.241736,0.078165,-0.044524,0.012261,0.000035,-0.019725,0.308845
378545945617,-0.322801,0.238371,-0.096763,0.012704,-0.010635,-0.019732,0.290105
378645957756,-0.255106,0.387363,-0.069937,-0.007385,0.002864,-0.011303,0.263421
378745969895,-0.058464,-0.017968,-0.070151,-0.024541,0.007615,-0.010630,0.296059
378845982034,-0.046214,-0.110804,-0.077548,-0.026998,0.000382,-0.014499,0.399469
378945994173,-0.137584,0.056990,-0.034991,-0.016531,0.005840,-0.011166,0.401396
379046006312,0.082363,0.076947,-0.027110,-0.038694,0.016704,-0.007968,0.341301
379146018451,0.082582,-0.050906,-0.011785,-0.042397,0.021209,-0.016909,0.436540
379246030589,0.085075,0.097757,-0.071091,-0.039329,0.028327,-0.016595,0.507241
379346042728,-0.165998,0.218831,-0.093470,-0.050242,0.026775,-0.002069,0.443485
379446054867,-0.251525,0.207552,-0.052032,-0.057647,0.032228,-0.000960,0.420706
379546067006,-0.064446,0.357620,-0.072923,-0.066207,0.032022,0.005386,0.453186
379646079145,0.216192,0.331078,-0.055078,-0.065660,0.024919,0.013344,0.470248
379746091284,0.228011,0.249673,0.047200,-0.064308,0.031669,0.015493,0.467001
379846103423,0.055405,0.350861,0.036487,-0.044333,0.032568,0.001598,0.468382
379946115562,-0.093115,0.220098,-0.012517,-0.049722,0.030324,0.003605,0.467453
380046127700,-0.058083,0.288135,-0.000914,-0.053577,0.015226,0.015498,0.527961
380146139839,-0.037520,0.530871,0.033037,-0.059968,0.019652,0.028345,0.532026
380246151978,0.189994,0.285495,-0.061502,-0.062810,0.040391,0.020334,0.513310
380346164117,0.228215,-0.052454,-0.169352,-0.077350,0.032630,0.039020,0.592718
380446176256,0.294264,-0.241650,-0.117130,-0.068941,0.000358,0.056995,0.649268
380546188395,0.216711,-0.314811,-0.019898,-0.056075,0.019795,0.040919,0.666673
380646200534,-0.041018,-0.425035,-0.035890,-0.039267,0.040602,0.010241,0.669878
380746212672,0.083989,-0.647950,-0.178613,-0.032530,0.022003,0.025921,0.734359
380846224811,-0.030799,-0.442131,-0.036362,-0.030439,0.002542,0.037517,0.774468
380946236950,0.366969,0.155465,0.092507,0.014467,0.006144,-0.006040,0.787157
381046249089,0.397875,0.360042,0.034988,0.036021,0.018323,-0.007635,0.705703
381146261228,0.294940,0.094308,-0.113096,0.050884,-0.009692,-0.014581,0.721402
381246273367,-0.048229,0.056935,-0.050248,0.046516,-0.020171,-0.008679,0.691620
381346285506,-0.138618,0.064293,0.031260,0.079405,-0.029318,-0.009811,0.538970
381446297645,0.062987,0.045228,-0.044700,0.079956,-0.018797,-0.023061,0.530410
381546309783,0.249868,0.317970,-0.015733,0.082229,-0.022671,-0.021831,0.567333
381646321922,0.529388,0.201451,-0.133670,0.083023,-0.049342,-0.016462,0.624165
381746334061,0.320873,-0.069027,-0.130491,0.068809,-0.038853,0.000116,0.551732
381846346200,-0.101140,-0.320845,0.071161,0.057001,-0.024233,0.006400,0.620161
381946358339,-0.239988,-0.678708,-0.022997,0.046083,-0.016440,0.007008,0.668188
382046370478,-0.258426,-0.410593,0.010766,0.055148,0.005856,0.008684,0.642728
382146382617,-0.036602,-0.143094,0.046402,0.064499,-0.012855,-0.009023,0.655664
382246394756,-0.033678,-0.236648,-0.159104,0.055188,-0.031234,0.011487,0.697555
382346406894,-0.118489,-0.239204,-0.096495,0.047323,-0.019748,0.002227,0.645187
382446419033,-0.005105,-0.340841,0.030248,0.038774,0.001271,-0.002906,0.552386
382546431172,-0.162756,-0.388134,-0.026390,0.034133,-0.001199,0.010896,0.519841
382646443311,-0.118954,0.089202,-0.046188,0.019044,0.000501,0.018469,0.534788
382746455450,-0.079832,0.130914,-0.051078,-0.001049,0.011499,0.008892,0.425588
382846467589,-0.118634,0.146432,0.016097,0.020456,0.014029,0.001936,0.355586
382946479728,-0.150318,0.211269,-0.005397,0.023636,-0.000005,0.003251,0.441745
383046491866,-0.283343,0.008358,-0.069436,0.011393,-0.002038,0.014558,0.335208
383146504005,-0.345984,0.125862,-0.084326,0.021849,-0.009460,-0.000421,0.289796
383246516144,-0.158949,-0.092582,-0.041301,0.023871,-0.003197,-0.020268,0.327264
383346528283,0.209120,-0.072688,-0.012054,0.020103,-0.001374,-0.013406,0.361461
383446540422,0.366681,0.098478,-0.154246,0.017259,-0.011192,0.006530,0.433576
383546552561,0.230718,-0.035282,-0.235772,0.024954,-0.017958,0.014148,0.368969
383646564700,-0.194341,-0.258946,-0.087846,0.021422,-0.027468,0.003208,0.441942
383746576839,-0.177917,-0.233071,0.007006,0.017102,-0.020697,-0.008551,0.458086
383846588977,0.092392,-0.197276,-0.156441,0.005913,-0.019678,-0.005079,0.296408
383946601116,-0.032956,0.045331,-0.050785,0.010566,-0.014386,-0.002079,0.410302
384046613255,-0.045454,0.147047,0.005204,0.003210,0.010165,-0.000664,0.505225
384146625394,-0.054436,0.094865,-0.092370,-0.007283,0.010931,0.011473,0.353305
384246637533,-0.035565,0.096279,-0.124630,-0.009175,0.003643,0.017708,0.314642
384346649672,0.095945,-0.017044,-0.087824,-0.025318,0.014219,0.016312,0.435429
384446661811,0.187200,0.148191,-0.049560,-0.031583,0.013500,0.024099,0.443319
384546673949,-0.119671,0.005482,0.024967,-0.049723,0.025311,0.032973,0.404464
384646686088,-0.305323,0.267575,0.141509,-0.041472,0.029331,0.026882,0.455073
384746698227,-0.229762,0.462993,0.073689,-0.055658,0.024187,0.032124,0.486711
384846710366,0.043635,0.241343,0.000053,-0.041038,0.015368,0.027596,0.475451
384946722505,-0.187974,0.004420,-0.111650,-0.046626,0.013472,0.020831,0.497906
385046734644,-0.479554,-0.151683,-0.084865,-0.046132,0.011038,0.011620,0.449888
385146746783,-0.466177,0.196485,0.119609,-0.051209,0.020244,0.005850,0.336301
385246758922,-0.416939,0.229684,-0.020194,-0.041436,0.021963,0.014959,0.518599
385346771060,0.184236,-0.025887,-0.132092,-0.007702,0.013548,-0.007629,0.610123
385446783199,0.123533,0.104499,0.129078,-0.035730,0.031987,-0.008426,0.378680
385546795338,-0.051186,-0.007982,0.036202,-0.033687,0.017530,-0.006456,0.294113
385646807477,-0.108615,-0.204585,-0.055971,-0.021006,-0.006342,-0.012003,0.307398
385746819616,-0.278304,0.088860,0.055229,-0.008944,-0.007047,-0.004194,0.488207
385846831755,-0.317745,0.005423,-0.029179,-0.009136,-0.000627,-0.011658,0.489658
385946843894,0.336167,0.105592,-0.149556,0.017625,-0.003850,-0.032093,0.459177
386046856033,0.458963,0.239170,-0.088285,0.020988,-0.011893,-0.041920,0.509824
386146868171,0.448148,0.047747,-0.074823,0.044492,-0.022721,-0.062884,0.506116
386246880310,0.052967,0.131986,-0.070371,0.034642,-0.010484,-0.061439,0.558641
386346892449,-0.343846,-0.034570,-0.100683,0.037866,-0.013086,-0.063136,0.544537
386446904588,-0.158749,0.021063,-0.036038,0.033252,-0.011793,-0.057849,0.554701
386546916727,0.125240,0.241287,-0.004505,0.022673,-0.008357,-0.051214,0.542358
386646928866,0.423113,0.129879,-0.094241,0.022057,-0.020347,-0.030005,0.568765
386746941005,0.228389,0.104103,0.001650,0.009433,-0.008730,-0.020287,0.614356
386846953143,0.272237,0.014982,-0.045326,0.013738,0.011275,-0.013429,0.598068
386946965282,0.031965,-0.032228,-0.095390,0.021350,-0.000372,-0.005855,0.514794
387046977421,-0.060720,-0.177045,-0.085704,0.042692,-0.010630,-0.016071,0.569311
387146989560,0.154550,-0.476841,-0.272011,0.050497,-0.014272,-0.031262,0.588924
387247001699,-0.078404,-0.624745,-0.171846,0.019355,0.006992,-0.015618,0.553395
387347013838,-0.002813,-0.683565,-0.028886,0.029425,0.004188,-0.025055,0.440828
387447025977,0.551811,-0.246308,-0.077905,0.008998,-0.001494,-0.033983,0.435570
387547038116,0.601741,-0.050109,-0.036007,-0.012633,0.002285,-0.010292,0.517061
387647050254,0.453930,-0.100949,0.041886,-0.008783,-0.007484,-0.008937,0.444000
387747062393,-0.064057,-0.105982,0.045169,-0.029890,0.011408,0.012785,0.503908
387847074532,-0.125586,0.013986,-0.043582,-0.013918,0.006038,0.005740,0.425317
387947086671,-0.200445,0.113674,-0.086270,-0.026172,0.016973,0.029080,0.372046
388047098810,-0.012391,0.166063,-0.073002,-0.032305,0.024686,0.021811,0.490866
388147110949,0.118871,0.163085,-0.089204,-0.017706,0.028330,0.019948,0.479162
388247123088,0.014983,0.180569,0.014307,0.006803,0.031504,0.011332,0.402889
388347135226,0.051775,0.362410,0.085049,0.015389,0.013184,0.010053,0.336956
388447147365,0.177752,0.010951,-0.169126,0.017684,-0.023419,0.023930,0.345424
388547159504,-0.039179,0.061839,-0.091437,0.006354,0.000384,0.021372,0.432489
388647171643,-0.302538,0.134403,0.039918,0.016962,0.025795,0.004337,0.453531
388747183782,-0.247800,0.067575,-0.229338,0.037461,-0.001960,-0.003988,0.450975
388847195921,-0.275776,0.356833,-0.077167,0.051806,-0.025326,0.000394,0.527757
388947208060,0.105840,0.216684,0.096389,0.062567,-0.037311,-0.012719,0.581802
389047220199,0.217520,-0.001608,-0.096883,0.061667,-0.033191,-0.013501,0.586081
389147232337,0.094599,0.391471,-0.028402,0.080257,-0.016868,-0.027756,0.565221
389247244476,-0.105391,0.124367,-0.036280,0.074046,0.006099,-0.020926,0.608830
389347256615,-0.142991,-0.233322,-0.154813,0.061215,-0.019900,-0.012196,0.620442
389447268754,-0.003657,-0.098522,-0.022182,0.056497,-0.047727,0.001716,0.626783
389547280893,-0.107136,-0.397109,-0.093230,0.027706,-0.033360,0.018106,0.687094
389647293032,-0.212790,-0.704750,-0.174352,0.032831,-0.037435,0.002424,0.607930
389747305171,-0.371992,-1.106690,0.002227,0.031773,-0.040142,-0.017663,0.769916
389847317310,0.201713,-1.099265,0.049416,0.027332,-0.027748,-0.027553,0.767131
389947329448,0.446935,-1.066543,0.009351,0.031298,-0.015027,-0.023226,0.509645
390047341587,0.369353,-1.114102,-0.140930,0.023901,-0.006822,-0.014918,0.646790
390147353726,0.310584,-1.121416,-0.136844,0.002466,0.001949,-0.007775,0.651419
390247365865,-0.046612,-0.969290,0.000569,-0.010811,0.000384,0.010951,0.494242
390347378004,-0.284419,-0.069388,0.041480,-0.009780,0.010024,0.012534,0.438552
390447390143,-0.158906,0.182699,-0.168656,-0.016334,0.020352,0.004183,0.327026
390547402282,0.192345,-0.015735,-0.319199,-0.016418,0.015431,0.000887,0.162865
390647414420,0.214906,-0.021434,-0.166495,-0.020580,0.014112,0.006403,0.088584
390747426559,0.111499,-0.181821,-0.052699,-0.014567,0.007723,0.005784,0.062798
390847438698,-0.036412,-0.138854,-0.044810,-0.016549,0.013750,0.004175,0.037220
390947450837,-0.091292,-0.056281,-0.096430,-0.019641,0.005294,-0.006762,0.016368
391047462976,-0.032986,0.037681,-0.100917,-0.020178,0.001670,0.001871,0.022014
391147475115,0.057985,0.032209,-0.022436,-0.011158,0.006968,0.005305,0.016296
391247487254,0.084694,-0.130341,-0.084253,-0.011999,0.011132,0.006684,0.021111
391347499393,0.083757,-0.055281,-0.078370,-0.016232,0.009323,0.007942,0.017285
391447511531,0.026649,-0.023811,0.000933,-0.032448,0.016134,0.001771,0.013451
391547523670,-0.015218,-0.052450,-0.047499,-0.030880,0.015215,-0.004611,0.011513
391647535809,0.003233,0.119121,-0.089152,-0.017041,0.002166,0.000725,0.010870
391747547948,-0.037494,0.069484,-0.050610,-0.008455,0.000887,0.002661,0.013452
391847560087,-0.020338,-0.060177,-0.034410,-0.001112,-0.000668,0.006701,0.012568
391947572226,0.002278,-0.172784,-0.045633,0.009480,-0.000909,0.008842,0.011508
392047584365,0.004597,-0.074376,-0.038265,0.012993,-0.000823,0.006145,0.017628
392147596504,-0.014128,0.181405,-0.052672,0.006027,-0.000509,0.007289,0.019658
392247608642,-0.011641,0.076975,-0.115261,0.005806,0.003676,0.000035,0.010768
392347620781,-0.017517,-0.065567,-0.088936,0.004535,-0.002507,-0.003727,0.012725
392447632920,-0.010469,-0.110276,-0.030621,-0.008594,0.008702,-0.000519,0.018148
392547645059,-0.049259,0.034321,-0.017889,-0.014054,0.012487,-0.003908,0.017435
392647657198,-0.048399,0.096366,-0.008589,-0.017885,0.007278,-0.003162,0.013726
392747669337,-0.002656,-0.091495,-0.059768,-0.018162,0.005212,0.005162,0.010836
392847681476,-0.046538,-0.056901,-0.049820,-0.011152,0.000792,-0.000570,0.016273
392947693614,-0.055913,0.057071,-0.012753,0.002594,-0.009612,0.005198,0.017564
393047705753,-0.030342,0.080230,-0.035602,0.014822,-0.008855,0.005748,0.016509
393147717892,-0.104003,0.054184,0.000008,0.008260,0.007303,-0.003144,0.016547
393247730031,-0.100366,0.048651,-0.034269,0.000978,-0.003251,0.008101,0.017039
393347742170,-0.136972,-0.038125,-0.087375,-0.011804,-0.001944,0.020978,0.020841
393447754309,-0.103795,-0.023056,0.020258,-0.012511,0.018738,0.003905,0.026807
393547766448,0.101865,-0.093164,-0.064106,-0.019829,0.039863,-0.005677,0.023764
393647778587,0.362628,-0.122389,-0.201846,-0.018986,0.019476,-0.003620,0.015485
393747790725,0.139582,0.096268,-0.046480,-0.019558,-0.003737,0.002419,0.010570
393847802864,-0.179117,-0.000977,0.078617,-0.022689,0.007695,0.007768,0.011326
393947815003,-0.023076,-0.038588,0.003220,-0.019638,0.009380,0.000454,0.017041
394047827142,0.128330,0.234959,-0.093254,-0.025186,0.016329,-0.002047,0.012343
394147839281,0.057166,0.180484,-0.024447,-0.023867,0.020431,0.002391,0.009433
394247851420,-0.173202,0.006051,-0.011568,-0.023046,0.009782,0.005050,0.009733
394347863559,-0.148424,-0.028647,-0.081003,-0.011928,0.003400,0.005194,0.009834
394447875697,-0.100144,0.103921,0.014351,-0.008894,0.003617,0.010168,0.013490
394547887836,-0.025899,0.052116,-0.003932,-0.003593,0.004087,0.013375,0.009198
394647899975,0.033570,-0.129860,-0.098302,0.000742,-0.000707,0.014240,0.010721
394747912114,0.031887,-0.046421,-0.057035,0.000910,0.003284,0.011548,0.014549
394847924253,0.049321,0.025623,-0.054692,-0.010405,0.013633,0.002345,0.012876
394947936392,0.022821,0.058982,-0.085594,-0.018803,0.011287,0.000597,0.028802
395047948531,0.013637,-0.060561,-0.106287,-0.005277,0.005367,0.001674,0.038740
395147960670,0.081919,-0.140047,-0.113462,0.016143,0.000074,-0.003033,0.031012
395247972808,0.044720,-0.132916,-0.065118,0.007114,0.004594,-0.013006,0.019473
395347984947,-0.125415,-0.132141,-0.041000,-0.007620,0.007402,-0.007193,0.007123
395447997086,-0.042373,-0.119634,-0.054973,-0.014230,0.005933,-0.002735,0.005578
395548009225,0.047861,-0.163302,-0.071493,-0.018954,0.008518,-0.005754,0.009801
395648021364,-0.057060,-0.030555,0.006622,-0.008424,-0.002276,0.001338,0.011665
395748033503,-0.106463,0.076054,0.029703,0.001573,-0.010841,0.002739,0.014727
395848045642,-0.098487,0.014164,-0.053812,0.010609,-0.010553,0.004768,0.023413
395948057781,-0.003639,0.056418,-0.049861,0.015364,-0.011607,0.002335,0.020728
396048069919,0.019445,0.118819,-0.005636,0.019478,-0.011492,0.006418,0.011304
396148082058,-0.037179,0.042798,0.008140,0.024298,-0.009234,-0.000929,0.010919
396248094197,-0.042961,-0.055473,-0.006284,0.016757,-0.002117,-0.005938,0.015577
396348106336,-0.090869,-0.068602,-0.058877,0.012309,0.000452,-0.011105,0.024087
396448118475,0.546559,2.084167,0.183329,0.046505,-0.092530,0.041789,0.020924
396548130614,1.586984,2.292725,0.355178,0.274388,-0.147838,-0.155736,0.014699
396648142753,-0.034823,0.148620,0.520911,0.320750,-0.013327,-0.285780,0.024527
396748154891,0.771322,0.290028,-0.061024,0.276923,-0.104511,-0.175358,0.022232
396848167030,1.507881,0.415765,-0.251514,0.169509,-0.167934,-0.077997,0.011767
396948179169,1.099422,0.618163,0.346226,0.127908,-0.080683,-0.050549,0.012227
397048191308,0.528765,0.141395,-0.072229,0.112170,-0.016107,-0.067260,0.023882
397148203447,-1.554386,0.016501,0.020764,0.040477,0.017731,-0.022635,0.026583
397248215586,-1.415494,0.491733,0.312276,0.031981,-0.006964,-0.009276,0.021652
397348227725,-0.786489,0.178911,0.040642,-0.045020,0.004097,0.041375,0.016582
397448239864,0.780867,0.511963,-0.009804,-0.042105,-0.011926,0.038899,0.012052
397548252002,1.092527,1.056209,0.037485,-0.075179,0.041234,0.030352,0.012776
397648264141,0.649547,0.663297,-0.035231,-0.048627,0.064050,0.011653,0.016006
397748276280,-0.703697,0.369523,0.015296,-0.073774,0.035294,0.047541,0.023180
397848288419,-0.966367,0.220456,-0.053983,-0.063732,0.004896,0.063345,0.041200
397948300558,-0.654328,0.207214,-0.023984,-0.073689,0.028739,0.057981,0.066540
398048312697,0.089619,0.538111,-0.052164,-0.038686,0.034593,0.040930,0.094597
398148324836,0.383910,0.259831,-0.113938,-0.056558,0.029278,0.046347,0.119563
398248336974,0.280608,0.070532,0.025647,-0.047268,0.008937,0.045286,0.175619
398348349113,0.166444,-0.090925,0.027346,-0.042024,-0.000917,0.038090,0.214262
398448361252,-0.008296,-0.348259,-0.067707,-0.014365,0.000815,0.022536,0.224811
398548373391,-0.063905,-0.583512,-0.097418,-0.013596,0.010168,0.024194,0.243486
398648385530,-0.257776,-0.321901,-0.073117,-0.008302,0.003597,0.017820,0.279345
398748397669,-0.210485,0.046703,-0.009120,-0.005485,0.000149,0.009168,0.315098
398848409808,-0.065732,-0.163639,-0.062568,0.004594,-0.006353,0.002112,0.289219
398948421947,0.293038,-0.082303,-0.111222,0.020766,-0.017312,-0.008834,0.266883
399048434085,0.290325,0.206396,-0.057310,0.026853,-0.013445,-0.017185,0.239425
399148446224,0.182016,0.104541,-0.086627,0.035921,-0.010926,-0.015127,0.194464
399248458363,-0.206900,-0.099713,-0.042118,0.033949,-0.018750,-0.012381,0.185384
399348470502,-0.266368,0.114817,0.032861,0.041683,-0.021458,-0.020703,0.140217
399448482641,-0.109205,0.213480,-0.014394,0.042064,-0.019382,-0.020950,0.112238
399548494780,0.071639,0.159607,-0.046063,0.050548,-0.018361,-0.022933,0.128415
399648506919,0.044530,0.319828,-0.050218,0.042420,-0.010685,-0.022586,0.107757
399748519058,-0.018550,0.539675,-0.034558,0.053318,-0.016480,-0.017773,0.106167
399848531196,-0.240602,0.447975,-0.011963,0.040768,-0.014171,-0.015997,0.094072
399948543335,-0.225343,0.303854,-0.057836,0.037888,-0.011354,-0.016502,0.120116
400048555474,-0.079652,0.189377,-0.056251,0.023994,0.001692,-0.009635,0.144778
400148567613,-0.070875,0.132338,-0.064313,0.018153,-0.006673,-0.016857,0.117516
400248579752,-0.051034,0.244777,-0.112775,0.025993,-0.023688,-0.016022,0.155403
400348591891,-0.027390,0.448917,-0.048146,0.033061,-0.013131,-0.012523,0.206774
400448604030,-0.088079,0.488118,-0.030498,0.035736,0.001440,-0.018894,0.235067
400548616168,-0.247053,0.379370,-0.043164,0.031339,-0.004796,-0.019835,0.255486
400648628307,-0.323097,0.448241,0.000352,0.032654,-0.019198,-0.007359,0.268727
400748640446,-0.370239,0.315890,0.021203,0.039557,-0.017952,-0.020609,0.291620
400848652585,-0.289395,0.022872,-0.001400,0.040661,-0.011086,-0.026698,0.305375
400948664724,-0.206180,0.056246,-0.034129,0.031422,-0.010777,-0.005512,0.313298
401048676863,0.023240,0.405899,-0.041878,0.038560,-0.005080,0.001478,0.399776
401148689002,-0.027162,0.446754,-0.049588,0.033470,0.001830,0.005810,0.557463
401248701141,-0.261223,0.183393,-0.050197,0.014788,-0.004542,0.009368,0.522446
401348713279,-0.359287,0.313180,-0.017557,-0.000848,0.001836,0.014781,0.437582
401448725418,-0.095436,0.624856,-0.014118,0.005521,0.015375,-0.003430,0.511494
401548737557,0.018693,0.384393,-0.194733,0.011868,-0.000690,-0.007571,0.519859
401648749696,-0.185306,0.047546,-0.082685,0.013113,-0.030670,-0.016161,0.535267
401748761835,-0.449000,-0.147002,-0.015051,-0.027605,0.003530,-0.010852,0.575702
401848773974,-0.356782,-0.076727,-0.221577,-0.043194,0.028204,-0.023241,0.672682
401948786113,-0.142977,0.375329,-0.046291,-0.051842,0.025960,-0.032866,0.783557
402048798252,0.156005,0.390277,-0.027454,-0.072569,0.021400,-0.016798,0.742452
402148810390,0.224592,0.012516,-0.033154,-0.068616,-0.007095,-0.014793,0.696683
402248822529,0.381440,-0.304737,0.008125,-0.049948,-0.006808,-0.015800,0.722277
402348834668,0.464668,-0.773016,-0.209757,-0.058006,0.010060,-0.027105,0.687200
402448846807,0.035113,-1.009970,-0.136795,-0.057516,0.012938,-0.024102,0.700482
402548858946,-0.316134,-0.495096,0.049732,-0.089125,0.029430,0.001925,0.870617
402648871085,-0.622700,-0.069267,-0.011367,-0.108054,0.042406,0.028296,0.825492
402748883224,0.148811,0.170753,-0.133036,-0.102555,0.050966,0.036186,0.671397
402848895362,0.577674,0.316007,-0.201589,-0.117415,0.047080,0.032062,0.559043
402948907501,0.255927,0.194741,-0.067948,-0.109775,0.032493,0.017702,0.440887
403048919640,-0.262471,0.180970,0.094575,-0.126413,0.055362,0.021997,0.442397
403148931779,-0.130422,0.187330,0.036902,-0.110377,0.058284,0.003905,0.438537
403248943918,0.122425,0.140939,-0.035156,-0.107146,0.045907,0.009436,0.544980
403348956057,0.363216,0.086422,-0.115249,-0.086043,0.044310,0.030989,0.509207
403448968196,0.433681,0.054808,-0.050259,-0.070214,0.028123,0.030256,0.435564
403548980335,0.261484,0.003198,-0.035886,-0.052839,0.007158,0.024786,0.583373
403648992473,0.237147,-0.010536,-0.118431,-0.041893,0.016260,0.019731,0.563580
403749004612,0.141301,-0.023062,-0.084343,-0.046700,0.021148,0.013782,0.551087
403849016751,0.131578,-0.320677,-0.113904,-0.033689,0.007269,0.016613,0.523926
403949028890,0.220846,-0.289357,-0.098921,-0.036871,0.003293,0.013201,0.558408
404049041029,0.231556,-0.279489,0.034873,-0.053657,0.019895,0.018152,0.544013
404149053168,0.355422,-0.149663,-0.008150,-0.045524,0.021255,0.021515,0.437425
404249065307,0.357377,-0.166422,-0.126401,-0.049683,0.022721,0.025636,0.474792
404349077445,0.166444,-0.131206,-0.071526,-0.027390,0.013045,0.014573,0.439488
404449089584,0.001733,0.103392,-0.006224,-0.005950,0.005491,0.013559,0.431746
404549101723,-0.171966,0.208886,-0.063924,-0.008376,0.005617,0.016220,0.443064
404649113862,-0.014182,0.358641,-0.108864,-0.002322,-0.002351,0.005769,0.445491
404749126001,0.009806,0.116905,-0.144973,0.001771,0.000043,0.010242,0.398552
404849138140,0.113515,0.139687,-0.063839,0.023506,-0.001621,0.001270,0.317423
404949150279,0.116882,0.265092,0.015033,0.028520,-0.007281,-0.007798,0.348021
405049162418,0.171162,0.192511,-0.087086,0.039271,-0.017075,-0.004290,0.439457
405149174556,-0.006019,0.369245,-0.120757,0.033728,-0.013918,0.000657,0.484939
405249186695,-0.024831,0.239499,-0.109750,0.046663,-0.018898,-0.009822,0.413322
405349198834,0.104364,0.110881,-0.091286,0.044093,-0.017165,-0.014872,0.274890
405449210973,-0.064846,0.237039,-0.103211,0.027746,-0.015709,0.000823,0.285336
405549223112,-0.197228,0.061471,-0.136226,0.018501,-0.016206,0.016630,0.481045
405649235251,-0.091786,-0.085943,-0.111811,0.015083,-0.009317,0.015638,0.555870
405749247390,-0.036219,0.025038,0.027188,0.033149,-0.008579,0.013346,0.547312
405849259529,-0.036594,0.040455,0.017284,0.031467,-0.009724,0.021928,0.496510
405949271667,0.095289,-0.023426,-0.038986,0.028923,-0.016691,0.019320,0.494069
406049283806,0.115687,-0.041357,0.023590,0.049344,-0.018547,0.014749,0.588048
406149295945,-0.115267,0.089103,-0.053930,0.041627,-0.018378,0.006831,0.590395
406249308084,-0.223019,0.132041,-0.046797,0.025459,-0.016934,-0.008886,0.623580
406349320223,-0.103381,0.095897,-0.065982,0.029789,-0.026577,-0.016213,0.561726
406449332362,-0.153110,0.001657,-0.059061,0.021872,-0.024024,0.006078,0.483347
406549344501,0.009550,-0.112962,0.008536,0.014067,-0.011672,0.013454,0.558165
406649356639,-0.007840,0.127334,-0.025521,-0.007207,0.008460,0.019088,0.604703
406749368778,0.038183,-0.040789,-0.051417,-0.013234,0.018692,0.020872,0.530278
406849380917,-0.265258,-0.365774,-0.045145,-0.018873,0.012084,0.036850,0.535620
406949393056,-0.305292,-0.116174,-0.051572,-0.025606,0.003250,0.043455,0.637578
407049405195,-0.189720,0.112557,-0.019439,-0.036775,0.015476,0.025599,0.585549
407149417334,-0.220785,0.133886,0.002824,-0.031604,0.022081,0.019620,0.497982
407249429473,-0.169549,-0.046211,-0.115913,-0.016462,0.009849,0.026469,0.584079
407349441612,-0.168637,-0.228550,-0.135263,-0.017332,0.004385,0.008754,0.521216
407449453750,0.198458,-0.166307,-0.019813,-0.013252,0.004823,-0.010918,0.389269
407549465889,0.375110,-0.220536,-0.069539,0.001564,-0.010204,-0.008173,0.514380
407649478028,0.068239,-0.063619,-0.094094,-0.014606,-0.001920,-0.001844,0.460218
407749490167,-0.261186,0.063902,-0.111980,-0.025775,0.021765,0.011109,0.493471
407849502306,-0.093608,0.212393,-0.136294,-0.015112,0.022286,0.006050,0.453866
407949514445,-0.086679,0.132097,-0.044756,-0.020304,0.025297,0.003465,0.347052
408049526584,-0.050348,0.107108,-0.098675,-0.013835,0.008271,0.002354,0.498440
408149538722,-0.123629,0.151978,-0.138644,-0.016602,-0.005756,0.002294,0.435751
408249550861,-0.093669,0.053144,-0.016209,-0.003410,-0.004226,-0.012433,0.334345
408349563000,-0.212398,0.139656,-0.038138,-0.004527,0.013268,-0.023338,0.424029
408449575139,-0.164792,-0.053031,-0.123441,0.003303,0.006774,-0.032769,0.481583
408549587278,-0.145098,-0.176689,-0.047802,0.008900,-0.001962,-0.032239,0.399104
408649599417,0.066678,-0.340753,-0.099434,0.002868,-0.009237,-0.035918,0.420730
408749611556,0.234738,-0.425415,-0.108392,-0.012482,-0.009792,-0.015144,0.539440
408849623695,0.225975,-0.211835,-0.012792,-0.013778,0.007643,-0.008362,0.493545
408949635833,0.179006,0.037123,-0.061595,-0.036946,0.028497,-0.008186,0.514367
409049647972,0.028843,0.055722,-0.132604,-0.048280,0.021292,0.010428,0.578637
409149660111,-0.043024,0.215665,-0.059419,-0.048565,0.011314,0.006895,0.438851
409249672250,-0.351561,0.304787,0.009733,-0.071296,0.029219,0.003124,0.368714
409349684389,-0.410642,0.346902,0.068697,-0.074178,0.037213,0.001116,0.380647
409449696528,-0.461350,0.306771,0.046817,-0.095791,0.039125,0.003963,0.340438
409549708667,-0.277385,0.084702,-0.029462,-0.094236,0.025277,0.001699,0.379197
409649720806,-0.212371,0.053856,0.024257,-0.100189,0.029788,-0.012871,0.441833
409749732944,-0.056289,-0.266976,-0.031062,-0.080176,0.036658,-0.039487,0.422711
409849745083,0.386112,-0.460872,-0.094355,-0.069407,0.029140,-0.041861,0.449659
409949757222,0.833382,-0.195305,-0.061901,-0.063226,0.035543,-0.049788,0.511001
410049769361,0.835807,-0.458170,-0.165026,-0.051934,0.019471,-0.026737,0.456751
410149781500,0.310973,-0.599638,-0.071455,-0.037936,-0.006639,-0.009350,0.503055
410249793639,0.027919,-0.190912,0.050890,-0.003815,0.000453,-0.012042,0.557118
410349805778,-0.227013,-0.091626,-0.029686,0.007599,0.007327,-0.013972,0.350641
410449817916,0.011804,0.179258,-0.108726,0.028184,-0.008398,-0.023202,0.286158
410549830055,0.161391,0.191026,-0.069892,0.015922,-0.009414,-0.019975,0.345146
410649842194,-0.063040,-0.010232,0.041848,0.010586,0.001545,-0.030898,0.289069
410749854333,-0.213852,0.146144,0.047331,-0.000605,0.015000,-0.017987,0.275557
410849866472,0.011895,0.348707,-0.047225,-0.014443,0.011279,-0.011932,0.266550
410949878611,0.203084,0.148617,-0.167894,-0.026042,0.011392,0.000603,0.267061
411049890750,0.114127,0.215267,-0.044318,-0.027669,0.026067,-0.006809,0.299948
411149902889,-0.344112,0.439187,0.095502,-0.043813,0.050856,-0.010793,0.322919
411249915027,-0.738144,0.111810,-0.061260,-0.079932,0.051971,-0.004904,0.284092
411349927166,-0.791368,0.023233,-0.037235,-0.111895,0.045315,-0.005975,0.284527
411449939305,-0.553458,-0.064566,0.078693,-0.118421,0.060464,-0.034800,0.372440
411549951444,0.892758,-0.414923,-0.234693,-0.100391,0.058071,-0.035796,0.433461
411649963583,1.568461,-0.584670,-0.423313,-0.105104,0.040685,0.012746,0.381019
411749975722,1.238025,-1.132950,-0.306686,-0.103689,0.028737,0.047615,0.432860
411849987861,0.452680,-1.701018,-0.074958,-0.097145,0.028494,0.063695,0.485987
411950000000,-0.134643,-0.835214,0.166312,-0.069383,0.030853,0.049006,0.432500
412050012138,-0.453058,0.233043,0.171727,-0.062284,0.043836,0.049549,0.451947
412150024277,-0.154334,0.258132,-0.183189,-0.058407,0.031347,0.026788,0.363980
412250036416,0.154899,0.096083,-0.259434,-0.058015,0.021401,0.018603,0.248042
412350048555,0.147778,-0.028210,-0.026194,-0.040349,0.017901,0.019376,0.128374
412450060694,0.109318,-0.003972,0.062493,-0.020230,0.024248,0.015397,0.068523
412550072833,0.059459,0.205874,0.063167,-0.011825,0.025890,-0.003840,0.074949
412650084972,-0.007172,0.144044,0.061131,-0.016739,0.015853,0.008026,0.041948
412750097110,-0.260373,0.155904,-0.007718,-0.006499,0.018199,0.037497,0.041384
412850109249,-0.037269,0.173945,-0.221728,0.022499,0.010723,-0.005521,0.032904
412950121388,-0.080759,0.158237,-0.124620,-0.007609,0.009888,-0.005025,0.022489
413050133527,-0.147771,0.453313,-0.075385,-0.012266,-0.003440,0.006097,0.012067
413150145666,-0.140931,0.322554,-0.183915,-0.013538,-0.000857,0.004481,0.019623
413250157805,-0.100554,0.126595,-0.101586,-0.024956,0.017051,0.005578,0.044062
413350169944,0.038509,0.255042,-0.034779,-0.018845,0.014304,0.002312,0.066010
413450182083,0.069208,0.435988,-0.015137,-0.028740,0.015058,0.014701,0.090048
413550194221,0.184392,0.508324,-0.070357,-0.032550,0.012269,0.009980,0.113513
413650206360,-0.066133,0.283258,-0.020571,-0.037844,0.026092,0.018591,0.116916
413750218499,-0.287458,0.257300,0.013658,-0.045607,0.035365,0.023092,0.118091
413850230638,-0.220945,0.265642,-0.047197,-0.045466,0.026525,0.027453,0.141599
413950242777,0.132995,-0.219683,-0.021311,-0.056389,0.008271,0.036424,0.202721
414050254916,0.332501,-0.797357,-0.024925,-0.056915,0.008549,0.041341,0.305290
414150267055,0.293785,-0.524167,-0.055220,-0.039358,0.028470,0.029816,0.356918
414250279193,0.013358,-0.037885,-0.035042,-0.045805,0.034706,0.035483,0.315771
414350291332,-0.184621,0.018431,-0.028892,-0.034962,0.018391,0.039335,0.306124
414450303471,-0.105579,0.170182,0.005332,-0.022864,0.012029,0.016973,0.329988
414550315610,0.035413,0.186728,-0.021999,-0.018251,0.012264,0.013947,0.233434
414650327749,0.084499,0.353057,-0.030831,-0.024080,0.013231,0.023916,0.143495
414750339888,0.049032,0.404850,-0.061733,-0.020066,0.015854,0.026666,0.155474
414850352027,-0.002088,0.165236,-0.049746,-0.011735,0.013992,0.020356,0.163469
414950364166,-0.109933,0.268509,0.036244,-0.015133,0.013442,0.022110,0.176626
415050376304,-0.030847,0.218019,-0.020662,-0.009723,0.001592,0.027469,0.211130
415150388443,0.143251,-0.154981,-0.096368,-0.007497,0.000083,0.031452,0.215288
415250400582,0.202207,-0.283960,-0.083630,-0.002437,0.000759,0.026560,0.191889
415350412721,0.123141,-0.039141,-0.042134,-0.009549,0.005312,0.026692,0.216228
415450424860,-0.003786,0.112751,-0.030614,-0.001926,0.009983,0.022775,0.287845
415550436999,-0.129765,0.039515,-0.033251,0.005718,0.003672,0.019757,0.342626
415650449138,-0.109398,0.236533,-0.004234,0.011382,0.001646,0.028510,0.272162
415750461277,-0.002087,0.327112,-0.028618,0.009088,0.009403,0.027217,0.186366
415850473415,0.107257,-0.001727,-0.082558,0.016013,0.000531,0.021522,0.217257
415950485554,0.078700,0.014092,-0.079131,0.022561,-0.016076,0.024442,0.273700
416050497693,-0.043625,0.137738,-0.060229,0.025376,-0.012292,0.021479,0.300451
416150509832,-0.111292,-0.005144,0.021393,0.029493,-0.000282,0.011442,0.266568
416250521971,-0.044136,-0.018674,0.020819,0.023610,-0.008365,0.016586,0.215826
416350534110,0.036750,-0.084806,-0.032791,0.024153,-0.019444,0.028326,0.247425
416450546249,0.029347,-0.050091,-0.010452,0.019579,-0.005404,0.020135,0.331960
416550558387,-0.164876,-0.213651,-0.002982,0.025155,0.004161,0.008549,0.276455
416650570526,-0.166227,-0.275112,-0.042236,0.034511,-0.010466,0.009602,0.211703
416750582665,-0.094290,-0.197602,-0.060447,0.020130,-0.013293,0.017781,0.275842
416850594804,-0.098539,-0.220277,-0.061477,0.003559,-0.005947,0.013672,0.264863
416950606943,-0.012059,-0.076503,-0.089011,0.001344,-0.000879,0.010844,0.216359
417050619082,-0.019565,-0.247925,-0.118811,0.007568,-0.000376,0.015109,0.212905
417150631221,-0.013522,-0.236909,-0.099574,0.010797,-0.002408,0.009141,0.206881
417250643360,-0.066959,0.039017,-0.064713,0.006174,-0.001994,0.005309,0.183235
417350655498,-0.089880,-0.164516,-0.097289,-0.010598,-0.002159,0.007271,0.148818
417450667637,-0.084944,-0.116470,-0.076882,-0.021736,0.003939,0.011060,0.129959
417550679776,0.016686,-0.095809,-0.064653,-0.005393,0.005439,0.003641,0.108221
417650691915,-0.031346,-0.029789,-0.040679,0.001004,0.001831,0.007613,0.086480
417750704054,-0.019635,0.362203,-0.018701,0.003848,0.004698,0.004395,0.082492
417850716193,0.046343,0.547791,-0.083606,-0.004372,0.012293,-0.002798,0.073351
417950728332,-0.119263,0.477705,-0.063154,0.011841,0.001313,0.001331,0.068100
418050740470,-0.183534,0.338306,0.011210,0.027613,-0.005721,0.006620,0.071534
418150752609,-0.096657,0.311843,-0.037060,0.012105,0.001117,0.017328,0.059256
418250764748,-0.068655,0.207175,-0.074520,0.001785,0.002007,0.021009,0.079942
418350776887,-0.141170,-0.085904,0.003876,0.001527,0.005274,0.013527,0.115047
418450789026,-0.187971,-0.236751,-0.028772,0.000772,-0.001306,0.007188,0.139923
418550801165,0.017047,-0.099340,-0.105113,0.004087,-0.014930,0.008807,0.169155
418650813304,0.188658,-0.255289,-0.074282,-0.008454,0.004095,0.002679,0.201928
418750825443,0.172833,-0.231668,0.006656,0.000642,0.011506,-0.006946,0.241359
418850837581,0.017024,-0.226383,-0.075483,-0.001061,-0.002247,0.000938,0.255546
418950849720,-0.073564,-0.265027,-0.130813,-0.003654,-0.001286,0.007223,0.207682
419050861859,-0.182817,-0.054398,-0.044993,-0.001199,0.007087,0.000729,0.135525
419150873998,-0.128776,0.041815,-0.034140,0.001138,0.006317,-0.004952,0.118196
419250886137,0.071535,0.352875,-0.038915,0.010110,0.005660,-0.004376,0.094449
419350898276,0.131242,0.362891,-0.069679,0.014311,-0.000736,-0.007806,0.055264
419450910415,0.116853,0.359032,-0.065057,0.015550,-0.005713,-0.010643,0.046520
419550922554,-0.167425,0.283016,-0.028470,0.017203,-0.004469,-0.011481,0.042009
419650934692,-0.277146,0.245932,-0.029253,0.017280,-0.006639,-0.007850,0.041593
419750946831,-0.269030,0.374185,-0.076477,0.017171,-0.010909,-0.001936,0.058727
419850958970,-0.090654,0.254105,-0.032770,0.025952,-0.008028,-0.011240,0.099972
419950971109,0.011292,0.291211,-0.007439,0.019661,-0.005515,-0.013508,0.137139
420050983248,0.077726,0.251911,-0.097797,0.022811,-0.018397,-0.011113,0.173003
420150995387,0.008875,0.097108,-0.026899,0.015686,-0.016177,-0.005296,0.176666
420251007526,0.059757,0.161965,-0.016433,0.019615,-0.006382,-0.007187,0.157528
420351019664,0.012553,0.074062,-0.087654,0.004169,0.001238,-0.002437,0.195736
420451031803,-0.241438,0.088171,-0.078274,0.002123,-0.001148,0.003784,0.261730
420551043942,-0.321734,0.127203,-0.029628,-0.008038,0.006054,0.011516,0.289551
420651056081,-0.166323,0.120700,-0.023936,-0.011785,0.001972,0.008974,0.278837
420751068220,0.085552,0.174171,-0.056366,0.011232,0.003104,-0.000584,0.270567
420851080359,0.067374,-0.005141,-0.031997,0.011633,0.009946,-0.002317,0.310415
420951092498,0.025727,-0.080625,-0.050713,0.002514,0.000026,-0.002232,0.311723
421051104637,-0.090412,-0.253237,-0.062472,0.001417,-0.004381,-0.000529,0.271834
421151116775,-0.093895,-0.120605,-0.008487,0.010114,0.000680,-0.004652,0.309400
421251128914,-0.280155,0.005376,-0.044571,-0.000421,0.011078,-0.011771,0.396016
421351141053,-0.260050,0.181828,0.001678,0.008677,0.010039,-0.018604,0.369397
421451153192,-0.090217,0.104771,0.033881,-0.007889,0.004699,-0.011485,0.260027
421551165331,-0.008421,-0.066512,-0.059438,-0.025397,0.002377,0.001908,0.271165
421651177470,0.054147,-0.180910,-0.093310,-0.025704,0.009705,0.002992,0.310333
421751189609,0.015190,-0.237919,-0.096450,-0.034391,0.014225,0.003109,0.283621
421851201747,0.063360,0.025357,-0.008428,-0.028874,0.013352,0.007088,0.274198
421951213886,-0.064439,-0.034924,-0.010962,-0.040041,0.016106,0.011413,0.293346
422051226025,-0.118953,-0.058028,-0.098381,-0.038039,0.007614,0.015896,0.303008
422151238164,-0.154625,-0.020308,-0.114592,-0.027169,0.009214,0.008173,0.258555
422251250303,-0.054101,-0.087463,-0.048867,-0.026090,0.016456,-0.007181,0.211934
422351262442,0.092786,0.068091,-0.035110,-0.025135,0.006238,0.001147,0.204972
422451274581,0.170416,-0.003275,-0.132248,-0.019440,-0.003960,0.002194,0.229099
422551286720,0.123000,0.055214,-0.080233,-0.018783,0.005438,-0.008137,0.261176
422651298858,-0.172222,0.190707,-0.027384,-0.011050,0.006932,-0.005937,0.229417
422751310997,-0.234020,0.102292,-0.067897,-0.005772,-0.002823,-0.002919,0.226864
422851323136,-0.212165,0.211757,-0.079158,0.000180,-0.010962,-0.005816,0.249165
422951335275,-0.053588,0.163414,-0.036592,-0.001136,-0.004219,-0.012054,0.248728
423051347414,-0.005196,0.191312,-0.022067,-0.002343,0.000202,-0.013843,0.230813
423151359553,0.124684,0.238201,-0.069539,0.008744,-0.002010,-0.024375,0.185455
423251371692,0.133747,0.080162,-0.070646,-0.004588,0.008100,-0.019502,0.202905
423351383831,0.151305,0.198494,-0.058667,-0.005447,0.001658,-0.009315,0.267347
423451395969,0.107577,0.072153,-0.049752,-0.028596,0.002399,0.003442,0.274982
423551408108,-0.186816,0.054808,0.009724,-0.028977,0.015137,0.003287,0.210304
423651420247,-0.297131,0.089145,0.028721,-0.035763,0.026506,0.003423,0.204478
423751432386,-0.251291,0.096384,-0.028615,-0.043223,0.021080,0.016171,0.279606
423851444525,0.138177,0.206481,-0.039635,-0.037969,0.016124,0.007742,0.301622
423951456664,0.191005,0.168814,-0.017033,-0.042790,0.024059,0.015926,0.251521
424051468803,0.129955,0.484882,0.000560,-0.040495,0.021917,0.019756,0.271930
424151480941,-0.290405,0.228043,0.056806,-0.053994,0.024845,0.023999,0.283334
424251493080,-0.108882,0.105031,-0.010934,-0.026415,0.016930,0.024783,0.286566
424351505219,0.050410,0.284010,-0.117247,-0.020353,0.017719,0.028063,0.359943
424451517358,0.140212,0.066479,-0.145021,-0.011331,0.013964,0.049800,0.315182
424551529497,0.031053,0.131679,-0.069797,-0.009865,-0.002604,0.057917,0.305523
424651541636,-0.119166,0.189036,-0.057444,0.012047,-0.015390,0.044473,0.463468
424751553775,0.091891,0.125767,-0.094536,0.027362,-0.020210,0.022263,0.450317
424851565914,0.206085,-0.031282,-0.019222,0.040855,-0.028043,0.004717,0.394773
424951578052,0.060897,-0.270033,0.006305,0.046766,-0.029751,0.005531,0.390586
425051590191,-0.527313,-0.179660,-0.033702,0.048901,-0.038327,-0.013871,0.421688
425151602330,-0.506447,-0.114368,-0.098067,0.064416,-0.030868,-0.021255,0.498314
425251614469,-0.174778,0.122584,-0.008314,0.081598,-0.030570,-0.034632,0.510699
425351626608,0.151341,0.221521,0.071948,0.082017,-0.032926,-0.018876,0.519159
425451638747,0.180827,0.144483,-0.091119,0.071271,-0.029876,-0.000115,0.442442
425551650886,-0.109137,-0.036864,-0.102644,0.080179,-0.024414,-0.004203,0.427347
425651663025,-0.512122,-0.300217,0.062123,0.069390,-0.021272,-0.023590,0.418880
425751675163,-0.330665,-0.356064,0.079272,0.079585,-0.029419,-0.032717,0.403558
425851687302,-0.084421,-0.303697,0.000916,0.069110,-0.027535,-0.017956,0.448695
425951699441,0.001385,-0.228322,0.010981,0.045799,-0.008524,-0.023951,0.373993
426051711580,0.019386,-0.111088,0.057273,0.040268,0.006184,-0.012403,0.432803
426151723719,-0.161252,0.085380,-0.062429,0.042373,-0.008736,-0.000692,0.398823
426251735858,-0.301128,0.296609,-0.018341,0.037463,-0.019187,-0.003354,0.247882
426351747997,-0.290040,0.444487,0.144104,0.022170,-0.011097,-0.003957,0.319096
426451760135,-0.130980,0.202565,-0.074337,0.020539,-0.005632,-0.001762,0.309197
426551772274,-0.185292,-0.078465,-0.087985,0.023893,-0.005008,-0.003601,0.218932
426651784413,-0.182200,-0.148467,0.069130,0.014453,-0.005416,-0.006864,0.228878
426751796552,-0.133972,-0.095825,0.004702,0.014288,-0.010665,0.003748,0.273269
426851808691,-0.156851,0.078395,-0.011190,0.006080,-0.016453,0.010033,0.311590
426951820830,-0.204943,0.053370,-0.039732,0.006669,-0.001669,0.001924,0.280841
427051832969,-0.193461,0.085970,-0.011619,0.016226,0.010454,-0.005909,0.267036
427151845108,-0.179208,-0.053358,-0.050111,-0.001731,-0.001692,0.002207,0.324091
427251857246,-0.078823,-0.076505,-0.021115,0.003945,-0.015574,0.006596,0.347942
427351869385,-0.064189,0.254330,0.073987,0.019580,-0.004822,0.010567,0.222098
427451881524,-0.202366,0.126600,-0.045501,0.017762,0.010039,0.004384,0.172331
427551893663,-0.255810,0.198248,-0.004775,0.017371,0.003597,0.000541,0.265243
427651905802,-0.322675,0.113281,0.028839,0.027316,-0.012878,0.000995,0.326101
427751917941,-0.295255,-0.223407,-0.023754,0.033782,-0.019150,-0.002437,0.314950
427851930080,-0.267089,-0.312879,-0.094133,0.029401,-0.009588,-0.004551,0.236912
427951942218,-0.101511,-0.195314,-0.037044,0.032202,-0.009251,-0.013958,0.246391
428051954357,-0.043858,-0.042235,0.094401,0.038505,-0.012170,-0.013105,0.292554
428151966496,-0.213754,0.139316,-0.031480,0.032219,-0.017622,-0.005402,0.331853
428251978635,-0.345110,0.106604,-0.149723,0.032455,-0.017602,-0.005178,0.218805
428351990774,-0.453328,-0.004925,-0.101121,0.026703,-0.008223,-0.015704,0.150110
428452002913,-0.363565,-0.146720,-0.017766,0.035274,-0.011765,-0.024551,0.222878
428552015052,-0.139371,-0.070703,-0.007361,0.042894,-0.016233,-0.018105,0.265754
428652027191,-0.247825,-0.067911,-0.087164,0.016619,-0.006295,-0.000149,0.248097
428752039329,-0.240433,0.036557,-0.148572,0.013755,-0.004602,-0.012816,0.190046
428852051468,-0.266324,0.045243,-0.082876,0.021519,-0.008462,-0.015606,0.205672
428952063607,-0.410579,0.100281,-0.031121,0.005476,-0.005925,-0.007990,0.214914
429052075746,-0.304627,0.328891,-0.003279,0.003243,-0.005945,-0.016994,0.220252
429152087885,-0.217143,0.153269,-0.039655,0.000663,0.005217,-0.008312,0.255673
429252100024,-0.103798,0.173442,-0.127413,0.003480,0.003475,-0.000129,0.250705
429352112163,-0.330683,0.338156,-0.072048,-0.001023,0.002929,0.008737,0.223114
429452124302,-0.508008,0.390123,0.053060,-0.010343,-0.000796,0.008222,0.237442
429552136440,-0.317372,0.148188,0.029448,-0.008699,0.000174,0.013813,0.285138
429652148579,-0.207115,0.068027,-0.033810,-0.013421,0.003962,0.015291,0.332887
429752160718,-0.339872,0.166926,-0.028396,-0.018877,0.003916,0.018055,0.320564
429852172857,-0.349904,0.119809,-0.016079,-0.014176,0.010188,0.022262,0.277536
429952184996,-0.448342,-0.010413,-0.064747,-0.016764,0.005925,0.017274,0.350042
430052197135,-0.502183,0.198245,-0.013631,-0.022042,-0.000405,0.021836,0.427959
430152209274,-0.349491,0.221221,0.014771,-0.007695,-0.010341,0.005012,0.357971
430252221412,-0.220495,0.024983,-0.041974,-0.010632,-0.011883,-0.001768,0.420418
430352233551,-0.215157,0.111845,-0.132976,-0.031578,-0.014663,0.005697,0.473829
430452245690,-0.252355,-0.002778,-0.312956,-0.016309,-0.024806,-0.003438,0.351820
430552257829,-0.124049,-0.128474,-0.176046,-0.010319,0.000721,-0.020901,0.509926
430652269968,-0.389260,-0.087681,-0.077353,-0.003271,0.018020,-0.038608,0.519303
430752282107,-0.784828,-0.066946,-0.047964,-0.025245,0.004899,-0.021678,0.493915
430852294246,-0.326098,-0.055214,0.093539,-0.030985,-0.002657,-0.013061,0.579974
430952306385,-0.019609,0.140222,0.016354,-0.027982,0.005694,-0.017848,0.543376
431052318523,-0.153546,0.357371,-0.032128,0.000326,-0.006993,-0.040009,0.513377
431152330662,-0.200280,0.321540,0.007392,0.022389,-0.016520,-0.054376,0.462266
431252342801,-0.709158,0.361539,0.135830,0.004075,-0.012533,-0.059997,0.608810
431352354940,-0.654506,0.125013,0.144021,0.021474,-0.015568,-0.058650,0.602061
431452367079,-0.495710,0.156115,-0.011280,0.026511,-0.039245,-0.055340,0.488313
431552379218,-0.255960,0.431893,-0.177281,0.019647,-0.036811,-0.043878,0.687944
431652391357,-0.617130,-0.071406,-0.147229,-0.041415,0.008948,-0.010681,0.700831
431752403495,-0.814358,-0.402267,-0.097327,-0.064786,0.012180,-0.033479,0.629339
431852415634,0.170390,0.010576,-0.243976,-0.026096,0.015381,-0.054798,0.746297
431952427773,0.589185,-0.152588,-0.201643,-0.017370,0.041820,-0.029905,0.767866
432052439912,0.254876,-0.460700,-0.076422,-0.037432,0.072174,0.051025,0.647797
432152452051,-0.093519,-0.605503,-0.035199,-0.045150,0.049079,0.091959,0.726923
432252464190,-0.658139,-0.822365,0.064390,-0.036184,0.017366,0.065861,0.844109
432352476329,-0.674384,-1.053488,0.121301,-0.016001,0.004134,0.008912,0.815828
432452488468,-0.223228,-1.160444,0.000779,-0.013214,-0.010223,-0.029752,0.680231
432552500606,0.178092,-0.891068,-0.106790,-0.012624,0.000263,-0.010762,0.592084
432652512745,0.301747,-0.523583,-0.045165,-0.000778,0.016714,-0.003544,0.542342
432752524884,-0.218385,-0.172159,-0.035406,0.013637,0.015652,-0.008688,0.511526
432852537023,-0.580814,-0.164933,-0.152995,0.015753,0.000818,0.003734,0.457721
432952549162,-0.631617,-0.113346,-0.111158,0.019760,-0.017105,-0.002614,0.224740
433052561301,-0.394481,0.093613,-0.029299,0.031048,-0.010449,-0.024429,0.127915
433152573440,-0.187972,0.045398,-0.127536,0.018651,-0.004215,-0.026340,0.126649
433252585579,-0.191531,0.069110,-0.113893,0.023498,-0.004150,-0.012514,0.082538
433352597717,-0.367351,0.187694,-0.026162,0.010697,0.009072,-0.010642,0.072033
433452609856,-0.435290,0.060411,-0.076839,0.003996,0.001799,-0.004805,0.060589
433552621995,-0.493717,0.140678,-0.036311,0.011933,-0.010735,-0.002083,0.044241
433652634134,-0.446869,0.292412,-0.009156,0.009722,-0.003759,-0.005858,0.044927
433752646273,-0.414885,0.330048,-0.028033,-0.001930,0.011618,-0.008741,0.062664
433852658412,-0.462052,0.195150,-0.009305,-0.004515,0.011421,-0.003768,0.078760
433952670551,-0.394336,0.111742,-0.038525,-0.009367,0.004363,0.003751,0.087108
434052682689,-0.520578,0.314940,-0.005615,-0.019721,0.012311,0.003809,0.105219
434152694828,-0.490233,0.398833,-0.014943,-0.023944,0.021181,0.003091,0.127964
434252706967,-0.693540,0.196987,0.006835,-0.040415,0.031540,0.014500,0.132890
434352719106,-0.687308,0.290241,-0.021399,-0.036388,0.024737,0.014016,0.175836
434452731245,-0.679254,0.422554,-0.080709,-0.041035,0.018184,0.021244,0.240234
434552743384,-0.489159,0.120928,-0.061706,-0.022235,0.009396,0.000996,0.242651
434652755523,-0.263464,-0.094387,-0.032880,-0.021385,0.010593,-0.010325,0.218637
434752767662,-0.287995,-0.017464,-0.021707,-0.027875,0.013451,-0.001455,0.286845
434852779800,-0.274094,-0.231461,-0.097407,-0.023655,0.001351,-0.000284,0.370309
434952791939,-0.358215,-0.216649,-0.114658,-0.035682,0.004739,0.007014,0.339100
435052804078,-0.554512,0.021484,0.043797,-0.044660,0.017354,-0.007560,0.337659
435152816217,-0.500080,-0.045571,0.033248,-0.040093,0.023631,-0.006455,0.409000
435252828356,-0.300116,-0.058501,-0.177643,-0.036297,0.003470,0.006373,0.380799
435352840495,-0.210920,-0.110529,-0.195676,-0.028700,-0.006299,0.000185,0.401508
435452852634,-0.051746,-0.283534,-0.128168,-0.029797,0.008109,-0.012506,0.370278
435552864773,-0.207792,-0.151090,-0.109426,-0.028523,0.014724,-0.001601,0.248693
435652876911,-0.557742,0.070240,0.020867,-0.028238,0.010823,0.010238,0.326453
435752889050,-0.559871,0.004457,0.042523,-0.010208,0.002662,-0.000968,0.471096
435852901189,-0.237631,0.100200,-0.038311,-0.009736,0.010616,-0.011404,0.409262
435952913328,-0.273915,0.386029,-0.042765,-0.014492,0.007344,-0.011228,0.350505
436052925467,-0.573204,0.356567,0.008113,-0.009850,-0.006984,-0.012729,0.334948
436152937606,-0.201263,0.067578,-0.026399,-0.011077,-0.007228,-0.023103,0.282860
436252949745,-0.044862,-0.170896,-0.133897,-0.023140,-0.009353,0.002950,0.305267
436352961883,-0.021982,-0.264882,-0.251532,-0.012794,-0.022019,0.009949,0.376258
436452974022,-0.082601,-0.361812,-0.165781,0.005238,-0.012916,0.001453,0.415508
436552986161,-0.473972,-0.184633,-0.025097,0.013319,0.000056,-0.007974,0.391040
436652998300,-0.604462,-0.029753,-0.023172,0.015468,-0.006079,0.008547,0.400296
436753010439,-0.679409,-0.051066,-0.000089,0.018888,-0.015829,0.008397,0.411955
436853022578,-0.333524,0.220531,0.057926,0.051099,-0.017394,-0.017453,0.486052
436953034717,-0.162812,0.162826,0.097912,0.050794,-0.005229,-0.021618,0.458931
437053046856,0.047108,0.264022,-0.144969,0.059484,-0.020861,-0.025987,0.346434
437153058994,-0.205484,0.291775,-0.135819,0.041757,-0.025900,-0.012410,0.453657
437253071133,-0.301919,0.172154,0.092613,0.038327,-0.010241,-0.023944,0.500402
437353083272,-0.455628,0.118809,0.024091,0.023350,0.015756,-0.012571,0.424799
437453095411,-0.816745,-0.076787,0.069713,0.017215,0.020278,-0.020582,0.426560
437553107550,-0.683214,0.128330,0.040506,0.024374,0.021329,-0.027257,0.455100
437653119689,-0.244797,0.314253,-0.080640,0.039770,0.014855,-0.029020,0.555894
437753131828,-0.272156,0.214904,-0.047258,0.034494,0.016519,-0.029361,0.541507
437853143966,-0.272838,0.302887,-0.206831,0.047376,0.003934,-0.049831,0.453775
437953156105,-0.521371,0.132399,-0.183592,0.060840,-0.008989,-0.041956,0.568568
438053168244,-0.511883,-0.002903,-0.115719,0.073768,-0.020508,-0.041037,0.575728
438153180383,-0.317025,-0.350281,-0.217839,0.009317,-0.026987,0.006713,0.572430
438253192522,-0.261652,-0.604630,-0.179069,-0.023005,-0.039478,0.057277,0.682235
438353204661,-0.240447,-0.502793,0.069423,-0.005812,-0.056751,0.060282,0.578737
438453216800,-0.284732,-0.352284,0.176076,0.000116,-0.023454,0.044808,0.705904
438553228939,-0.359119,-0.436793,0.188711,-0.005962,0.008029,0.012300,0.743112
438653241077,-0.753770,-0.374557,0.180033,-0.010931,0.003291,0.030022,0.554682
438753253216,-0.706839,-0.227649,-0.002960,-0.007509,-0.002947,0.027170,0.574948
438853265355,-0.419967,-0.020851,-0.109352,-0.006379,0.001037,0.006929,0.444478
438953277494,-0.236431,0.005044,-0.098785,-0.004161,0.000562,0.019809,0.430930
439053289633,-0.290433,0.067217,0.003369,-0.016611,-0.000453,0.021885,0.470585
439153301772,-0.333394,-0.045172,-0.111679,-0.015679,-0.001978,0.018952,0.389340
439253313911,-0.476392,-0.020632,-0.157502,-0.004156,0.001695,0.014357,0.398067
439353326050,-0.449234,0.196594,0.009268,-0.001047,0.008569,-0.001487,0.359526
439453338188,-0.437283,0.013986,0.077526,-0.003436,0.006567,0.012912,0.336539
439553350327,-0.550032,0.208420,0.128558,-0.004774,-0.003367,0.022113,0.434376
439653362466,-0.608022,0.479376,0.096191,0.009418,-0.003991,-0.000955,0.451899
439753374605,-0.739520,0.269790,-0.059302,0.014721,-0.001019,0.011414,0.409482
439853386744,-1.027591,0.155422,0.048812,0.022481,-0.022734,-0.004412,0.348012
439953398883,-1.028443,0.286502,0.096897,0.027999,-0.029317,-0.022388,0.371317
440053411022,-1.050822,0.283017,0.106700,0.035283,-0.032865,-0.038291,0.472122
440153423160,-0.454433,0.380680,-0.161631,0.040743,-0.035866,-0.038267,0.415634
440253435299,-0.192698,0.341432,-0.258764,0.045420,-0.043667,-0.024741,0.484793
440353447438,0.147996,0.166997,-0.104395,0.071547,-0.051549,-0.040752,0.560858
440453459577,-0.248363,-0.005072,-0.126274,0.018269,-0.018027,-0.006780,0.561269
440553471716,-0.416219,-0.036802,-0.037769,0.014622,-0.035046,-0.004986,0.610771
440653483855,-0.875439,-0.368430,0.060100,0.009489,-0.031269,0.009703,0.701783
440753495994,-1.023459,-0.256815,0.027910,0.019446,-0.009715,-0.028057,0.783238
440853508133,-0.918210,-0.084008,0.062065,-0.031491,0.018046,-0.005391,0.628815
440953520271,-0.522235,0.057843,0.078309,-0.041629,0.020059,0.012406,0.797569
441053532410,0.243238,0.237160,-0.135216,-0.065271,0.036052,0.022156,0.719500
441153544549,0.431970,0.029114,-0.129956,-0.074631,0.025787,0.042762,0.559879
441253556688,-0.120019,-0.036983,-0.049508,-0.077237,0.009854,0.056376,0.758868
441353568827,-0.811684,-0.131134,0.007784,-0.075787,0.034704,0.030145,0.719430
441453580966,-0.737972,-0.099188,0.122014,-0.049529,0.040131,-0.001932,0.704498
441553593105,-0.457915,-0.249821,-0.096466,-0.044705,0.007034,0.019481,0.797392
441653605243,-0.239486,-0.361244,-0.214200,-0.043415,0.000080,0.013065,0.722388
441753617382,-0.209510,-0.136032,-0.053388,-0.041034,0.026331,0.004988,0.581242
441853629521,-0.448239,-0.314989,-0.029254,-0.020536,0.035060,-0.000459,0.677259
441953641660,-0.535670,-0.378845,-0.116280,-0.014707,0.004740,0.009151,0.798219
442053653799,-0.561975,-0.354945,-0.121647,-0.028412,-0.004174,0.023808,0.665188
442153665938,-0.539178,-0.117606,-0.067997,-0.040215,0.017036,0.005716,0.619094
442253678077,-0.338592,-0.042533,-0.131109,-0.027500,0.021912,0.001288,0.709809
442353690216,-0.247393,-0.463074,-0.147602,-0.015390,0.006848,0.004477,0.638071
442453702354,-0.334856,-0.303808,-0.027810,-0.027016,0.001493,0.009726,0.564537
442553714493,-0.356715,-0.145477,-0.041398,-0.026567,0.015276,-0.000528,0.651759
442653726632,-0.366141,-0.135587,-0.038978,-0.007493,0.014336,-0.005888,0.575166
442753738771,-0.406442,-0.346869,-0.040294,-0.004246,0.004926,0.000187,0.566952
442853750910,-0.399823,-0.259074,-0.024993,-0.005317,0.005725,0.002128,0.556901
442953763049,-0.501811,-0.137348,-0.059498,0.004208,-0.001893,0.006417,0.515561
443053775188,-0.525948,-0.051607,-0.043666,0.011283,-0.009998,-0.003079,0.580913
443153787327,-0.330121,-0.067513,-0.029474,-0.009305,0.003619,0.002961,0.391359
443253799465,-0.295470,-0.068445,0.021095,-0.001492,0.002808,0.008898,0.358314
443353811604,-0.444026,-0.055027,0.078141,-0.005328,0.005761,0.006987,0.479319
443453823743,-0.464335,-0.171729,-0.074043,-0.006702,0.014751,0.008969,0.473868
443553835882,-0.484460,0.173874,-0.107584,-0.000643,0.006507,0.005062,0.557035
443653848021,-0.619118,0.332084,0.019593,-0.008456,-0.001667,0.006930,0.480871
443753860160,-0.697852,0.174599,0.012099,-0.011583,0.005482,0.000588,0.402577
443853872299,-0.606951,0.311702,-0.037670,-0.011154,0.012056,-0.001589,0.510694
443953884437,-0.662186,0.222073,-0.036551,-0.027539,0.011050,0.008641,0.487764
444053896576,-0.435930,0.105746,-0.049476,-0.032548,0.013606,0.013026,0.445900
444153908715,-0.452701,0.318020,-0.054579,-0.044706,0.024695,0.011597,0.478238
444253920854,-0.426794,0.327162,-0.025680,-0.029364,0.022618,0.010091,0.548953
444353932993,-0.342045,0.277401,-0.012816,-0.005858,0.010888,-0.004023,0.576626
444453945132,-0.510663,0.312169,-0.078369,-0.012588,0.006073,0.000291,0.531774
444553957271,-0.216488,0.091691,-0.219286,0.001169,-0.007702,-0.012016,0.579391
444653969410,-0.120205,-0.036780,-0.136907,-0.016037,-0.010181,-0.002987,0.663929
444753981548,-0.281519,-0.085537,-0.007091,-0.032663,0.014497,0.022792,0.631913
444853993687,-0.199977,-0.141894,0.030478,-0.039669,0.041272,0.013251,0.684888
444954005826,-0.394390,0.048607,-0.018770,-0.045273,0.034649,0.025020,0.800753
445054017965,-0.334887,0.002149,-0.042420,-0.051104,0.021742,0.022802,0.731363
445154030104,-0.646550,-0.269954,0.023634,-0.076552,0.026292,0.031882,0.781323
445254042243,-0.633256,-0.291341,-0.041452,-0.025175,0.013348,0.025105,0.919476
445354054382,-0.664376,-0.190839,-0.078173,-0.009358,0.008281,0.025211,0.831734
445454066521,-0.615899,-0.135770,-0.127311,-0.002278,-0.004883,0.020540,0.905662
445554078659,-0.245589,0.041491,-0.037358,0.027527,-0.005311,0.006219,0.893331
445654090798,-0.254723,0.135089,0.062635,0.040717,0.007236,-0.012002,0.715967
445754102937,-0.448375,-0.064171,-0.089679,0.016753,-0.008116,0.000189,0.767867
445854115076,-0.708439,-0.195511,0.038759,0.018062,-0.040675,0.021797,0.837935
445954127215,-0.624735,-0.232232,0.098132,0.051294,-0.019977,-0.008091,0.813601
446054139354,-0.625034,-0.158068,0.008078,0.038799,0.008600,-0.028971,0.779558
446154151493,-0.333878,-0.083173,-0.091582,0.029878,-0.010778,-0.011196,0.743432
446254163631,-0.208856,-0.179377,-0.160268,0.029381,-0.034297,0.005529,0.800737
446354175770,-0.321146,-0.416406,-0.091441,0.026018,-0.027036,0.006146,0.892181
446454187909,-0.421492,-0.263854,-0.039461,0.014437,-0.011953,-0.002006,0.787114
446554200048,-0.409489,-0.116748,-0.099524,0.021458,-0.006843,0.006028,0.694316
446654212187,-0.390256,0.091330,-0.090126,0.030538,-0.012569,0.000586,0.734559
446754224326,-0.517919,0.011394,-0.059716,0.017619,-0.012461,0.010430,0.774266
446854236465,-0.486503,-0.283478,-0.099655,0.008442,-0.014121,0.016807,0.723353
446954248604,-0.474193,-0.097110,-0.019232,0.027702,-0.016391,0.009395,0.619684
447054260742,-0.440373,-0.056866,0.031922,0.030617,-0.023308,0.003279,0.679271
447154272881,-0.474754,-0.105597,0.037491,0.007357,-0.006673,0.001947,0.688510
447254285020,-0.392919,-0.028188,0.082320,0.033074,-0.003638,-0.009527,0.704769
447354297159,-0.356045,-0.037530,-0.048047,0.035200,-0.020356,0.004734,0.693214
447454309298,-0.281416,-0.219600,-0.105451,0.035159,-0.027994,0.008415,0.595415
447554321437,-0.291586,-0.376482,0.013594,0.048598,-0.027203,0.000983,0.661839
447654333576,-0.619470,-0.352799,-0.107161,0.060165,-0.016191,0.002768,0.680837
447754345714,-0.644657,-0.396268,-0.138805,0.068739,-0.014655,-0.019357,0.581596
447854357853,-0.744317,-0.149771,0.042359,0.060518,-0.007657,-0.011577,0.643280
447954369992,-0.521316,-0.162951,-0.106496,0.064792,-0.034553,-0.018421,0.615219
448054382131,-0.669433,-0.174533,-0.081059,0.046689,-0.031786,0.001671,0.539584
448154394270,-0.427542,-0.082736,-0.054013,0.068251,-0.023816,-0.011892,0.543346
448254406409,-0.551209,0.006046,-0.062915,0.036599,-0.009880,-0.021977,0.541163
448354418548,-0.462713,0.102314,-0.113960,0.043469,-0.007230,-0.019998,0.536494
448454430687,-0.530334,0.405578,0.009891,0.038339,-0.018594,-0.022740,0.518400
448554442825,-0.882447,0.368282,0.087545,0.013529,-0.007233,-0.004474,0.527824
448654454964,-0.557494,-0.023632,-0.011487,0.043960,-0.017035,-0.012777,0.514337
448754467103,-0.462343,0.074512,-0.020068,0.039920,-0.029138,-0.020994,0.592709
448854479242,-0.640641,0.155700,-0.017755,0.012828,-0.012057,-0.006451,0.545740
448954491381,-0.805675,0.115907,0.033786,0.006311,-0.015307,-0.012252,0.549938
449054503520,-0.548998,0.100758,0.030251,0.005377,-0.001920,-0.025255,0.674371
449154515659,-0.703705,-0.026785,-0.044549,0.004203,0.015181,-0.026881,0.598035
449254527798,-0.634722,-0.184384,-0.113980,0.010425,0.001755,-0.027000,0.632335
449354539936,-0.564965,-0.225039,-0.121438,-0.008963,-0.007968,0.000179,0.617638
449454552075,-0.369114,-0.072597,0.016286,-0.014730,0.005953,-0.005385,0.639282
449554564214,-0.277671,-0.195461,-0.120055,-0.000494,0.022846,-0.013467,0.726714
449654576353,-0.469939,-0.146515,-0.210963,0.002145,-0.003894,-0.005402,0.649607
449754588492,-0.558903,-0.152406,0.024828,-0.000290,-0.032908,-0.003993,0.657451
449854600631,-0.356828,-0.018974,0.034980,0.012546,-0.019577,-0.015568,0.670539
449954612770,-0.287668,-0.091214,-0.106669,0.006711,-0.013001,-0.016217,0.636566
450054624908,-0.296395,0.023343,-0.090128,0.002847,-0.013209,-0.010424,0.700370
450154637047,-0.332063,-0.029250,-0.102641,0.012978,-0.001566,-0.005513,0.668823
450254649186,-0.437232,-0.114507,-0.108907,0.008667,-0.005229,-0.005686,0.671603
450354661325,-0.495599,-0.037434,-0.004225,-0.002108,-0.007121,0.005550,0.625355
450454673464,-0.474290,-0.244001,-0.058310,0.015714,-0.008819,-0.002142,0.598756
450554685603,-0.523461,-0.406738,-0.113727,0.018953,-0.004401,-0.005600,0.690407
450654697742,-0.315825,-0.471413,-0.122816,0.036850,-0.005422,-0.011885,0.663721
450754709881,-0.483852,-0.482721,-0.005386,0.027055,-0.002386,-0.009575,0.647323
450854722019,-0.555225,-0.463052,-0.022744,0.034386,-0.020665,-0.004648,0.677736
450954734158,-0.605255,-0.427483,-0.131553,0.018728,-0.021125,0.003180,0.672398
451054746297,-0.467473,-0.028038,0.009853,0.013544,0.006641,-0.009082,0.596005
451154758436,-0.411702,0.047195,0.039968,0.023257,0.005016,-0.013546,0.668867
451254770575,-0.306986,0.163399,-0.031189,0.026040,-0.007940,-0.006090,0.543713
451354782714,-0.534267,0.095629,-0.067437,0.003348,-0.003359,0.006518,0.406350
451454794853,-0.952969,0.176205,0.018890,0.004702,0.004908,0.005277,0.475537
451554806991,-1.037882,0.156030,0.096763,-0.022696,0.030167,0.012730,0.424360
451654819130,-0.725546,0.180465,-0.000512,-0.017790,0.017935,0.008407,0.471790
451754831269,-0.202033,0.487164,-0.075125,-0.020648,0.007038,0.023811,0.513958
451854843408,0.026006,0.248211,-0.036598,-0.017851,0.006249,0.017139,0.457292
451954855547,-0.116555,0.057614,-0.098625,-0.025478,0.024073,0.030703,0.537565
452054867686,-0.549991,0.026043,-0.157250,-0.029045,0.013722,0.032815,0.571983
452154879825,-0.752058,-0.162971,-0.048276,-0.023133,-0.005197,0.028120,0.624942
452254891964,-0.662586,0.001818,0.025419,-0.020330,0.008382,0.019725,0.622040
452354904102,-0.342768,-0.051463,-0.089272,-0.016673,0.019112,0.014312,0.675865
452454916241,-0.106183,-0.035212,-0.202860,-0.009770,-0.000591,0.010346,0.665468
452554928380,-0.223248,-0.057562,-0.092425,0.000971,-0.008040,-0.000510,0.654345
452654940519,-0.473711,-0.068560,-0.093017,-0.004327,-0.004732,0.012927,0.685659
452754952658,-0.574916,-0.190655,-0.173928,-0.018217,-0.009332,0.020889,0.673738
452854964797,-0.554347,-0.081964,-0.034083,-0.004374,-0.000500,0.002743,0.710345
452954976936,-0.378733,-0.098555,-0.043766,0.001330,0.006711,0.000596,0.683159
453054989075,-0.295611,-0.044411,-0.156975,-0.000570,0.007471,-0.002772,0.612117
453155001213,-0.483590,-0.103375,-0.103601,0.025714,-0.003949,-0.020177,0.710933
453255013352,-0.526706,-0.038826,-0.012380,0.040462,-0.019001,-0.007753,0.648015
453355025491,-0.727593,0.046479,-0.004147,0.008738,-0.010319,0.013008,0.671560
453455037630,-0.552528,0.061449,0.016654,0.026155,-0.009019,0.001434,0.661224
453555049769,-0.205031,0.190828,-0.073327,0.004493,0.005277,0.011296,0.640529
453655061908,-0.158296,-0.069882,-0.177155,-0.025013,0.015636,0.022361,0.661424
453755074047,-0.236066,0.106619,-0.057668,-0.042303,0.023070,0.024997,0.641965
453855086185,-0.774680,-0.007433,-0.044465,-0.054984,0.014576,0.032444,0.642704
453955098324,-0.816935,-0.081162,-0.118496,-0.044225,-0.006581,0.028597,0.626570
454055110463,-0.876401,0.202019,-0.060574,-0.052357,0.012660,0.032012,0.694149
454155122602,-0.627009,0.118719,-0.037880,-0.031601,0.012648,0.015817,0.677230
454255134741,-0.715076,0.016320,-0.067443,-0.043487,0.029303,0.023777,0.662997
454355146880,-0.437412,0.073242,-0.065338,-0.017014,0.034168,0.008261,0.681273
454455159019,-0.229257,0.157392,-0.041748,-0.030107,0.028507,0.011647,0.677976
454555171158,-0.004522,0.072169,-0.101211,0.004751,-0.003812,-0.006660,0.680355
454655183296,-0.426317,-0.285500,-0.032665,0.070086,-0.046401,-0.052967,0.722519
454755195435,-0.705325,-0.418665,0.003939,0.077371,-0.037191,-0.052975,0.689357
454855207574,0.016782,-0.009397,-0.001268,0.049414,-0.025561,-0.031433,0.663622
454955219713,0.032329,0.085462,0.027037,0.057902,-0.025770,-0.025421,0.755650
455055231852,-0.051085,0.277414,-0.125424,0.070977,-0.031141,-0.054185,0.727268
455155243991,-0.780841,0.193428,-0.116196,0.074966,-0.037715,-0.061556,0.722340
455255256130,-0.919194,0.045636,0.002735,0.080883,-0.044606,-0.067105,0.762582
455355268268,-0.740914,0.185402,-0.051732,0.059440,-0.022689,-0.057447,0.705873
455455280407,-0.410062,0.167491,-0.096302,0.057019,-0.012223,-0.042419,0.652752
455555292546,-0.315358,0.091400,-0.101902,0.050469,-0.020653,-0.024179,0.718279
455655304685,-0.084998,0.113763,-0.100175,0.066939,-0.023793,-0.016660,0.739597
455755316824,-0.328366,-0.328155,-0.083412,0.047057,-0.008415,0.001449,0.703718
455855328963,-0.351709,-0.150479,0.000669,0.052653,-0.005299,-0.022330,0.753674
455955341102,-0.661192,-0.104564,0.018901,0.024715,0.008123,-0.010483,0.770593
456055353241,-0.982390,-0.249843,-0.018490,0.006856,0.001332,-0.014645,0.770450
456155365379,-0.801536,-0.176085,-0.095480,-0.003366,-0.011936,-0.016196,0.776948
456255377518,-0.650142,-0.326594,-0.100171,-0.010291,-0.002586,0.004200,0.782272
456355389657,-0.347199,0.139560,-0.038144,-0.037885,0.020454,0.009702,0.786901
456455401796,-0.163723,0.283875,-0.078855,-0.031191,0.025364,0.007826,0.736546
456555413935,-0.205226,0.052490,-0.075543,-0.033439,0.024785,0.007980,0.778195
456655426074,-0.663442,-0.049162,0.036006,-0.053792,0.024673,0.023579,0.798310
456755438213,-0.625325,0.014700,0.021165,-0.040366,0.016627,0.013178,0.742946
456855450352,-0.628897,0.235245,0.033518,-0.030241,0.015253,0.018055,0.760922
456955462490,-0.582853,0.061659,0.008408,-0.022001,0.009114,0.004968,0.812769
457055474629,-0.524851,0.038203,-0.082127,-0.025842,0.011859,0.003003,0.809755
457155486768,-0.454227,0.009473,-0.029415,-0.006344,0.007723,-0.000287,0.800267
457255498907,-0.395632,-0.089064,-0.057155,-0.001638,0.005892,0.006477,0.805865
457355511046,-0.362932,0.149632,-0.031028,0.022348,0.002754,-0.013302,0.797290
457455523185,-0.458042,0.152697,-0.004457,0.021048,0.007374,-0.014949,0.835530
457555535324,-0.682622,-0.053729,-0.050949,0.021538,-0.007574,-0.014325,0.832236
457655547462,-0.642805,-0.258068,-0.064674,0.037757,-0.038913,-0.014925,0.832125
457755559601,-0.725746,-0.370107,-0.120761,0.038073,-0.045236,-0.021657,0.853086
457855571740,-0.296622,0.054570,0.074373,0.053530,-0.020141,-0.050492,0.847839
457955583879,-0.015813,0.273057,0.243095,0.068979,-0.005503,-0.063344,0.864330
458055596018,-0.068806,0.223574,-0.041005,0.061853,-0.028988,-0.045851,0.857886
458155608157,-0.776551,-0.000138,0.067420,0.069569,-0.058380,-0.044660,0.843892
458255620296,-1.027933,-0.096725,0.184097,0.065734,-0.050480,-0.052511,0.848892
458355632435,-1.046628,-0.667669,-0.080722,0.075792,-0.031876,-0.059601,0.877227
458455644573,-0.191452,-0.785687,-0.171517,0.086800,-0.038037,-0.082411,0.856322
458555656712,0.280557,-0.550920,-0.100069,0.066611,-0.036545,-0.077713,0.860315
458655668851,0.259214,-0.332190,-0.100827,0.076388,-0.035339,-0.051083,0.898969
458755680990,-0.361701,-0.171408,-0.050971,0.055428,-0.025474,-0.027519,0.858782
458855693129,-0.663385,-0.143149,-0.067600,0.038277,-0.011782,-0.035069,0.813221
458955705268,-0.891162,-0.121610,0.054216,0.034564,-0.010099,-0.029556,0.778009
459055717407,-0.761304,-0.060585,0.033827,0.038105,-0.030585,-0.032457,0.740452
459155729546,-0.631326,-0.051907,-0.135249,0.009537,-0.028086,-0.017922,0.662633
459255741684,-0.427457,0.168578,-0.039173,0.008345,-0.009238,-0.014141,0.625639
459355753823,-0.349422,0.354793,0.041978,-0.011713,0.005688,-0.011586,0.672592
459455765962,-0.495866,0.198518,-0.044193,-0.026831,-0.000687,-0.002372,0.661583
459555778101,-0.694306,0.310739,0.012529,-0.025414,-0.011059,0.001776,0.642267
459655790240,-0.722267,0.233920,-0.077160,-0.022210,-0.017518,-0.016558,0.683965
459755802379,-0.478309,0.055275,-0.195789,-0.020041,-0.016079,-0.022643,0.700545
459855814518,-0.350089,0.196559,-0.028189,-0.025692,0.011549,-0.017770,0.743289
459955826656,-0.399178,0.007842,0.002612,-0.027317,0.021416,-0.019756,0.767393
460055838795,-0.295086,0.104367,-0.031643,-0.031883,0.020127,0.001867,0.790675
460155850934,-0.373616,0.088428,-0.065640,-0.040607,0.029193,0.004542,0.868689
460255863073,-0.766273,-0.125189,-0.108394,-0.038795,0.025153,0.011785,0.862744
460355875212,-0.774824,0.090457,-0.080285,-0.061713,0.026918,0.028872,0.878319
460455887351,-0.721387,-0.096736,0.001728,-0.079443,0.026750,0.035116,0.867038
460555899490,-0.292972,-0.046855,-0.105285,-0.070599,0.024055,0.043365,0.865707
460655911629,-0.416419,-0.111536,-0.227122,-0.065797,0.021044,0.032237,0.899740
460755923767,-0.312408,-0.010757,-0.129819,-0.042185,0.005577,-0.002427,0.892468
460855935906,-0.321516,0.139531,-0.013679,-0.034353,0.008745,0.014518,0.891681
460955948045,-0.215890,0.120189,-0.026275,-0.014647,0.003132,0.006117,0.931135
461055960184,-0.476383,0.203819,0.009538,-0.020292,0.008080,0.014945,0.951838
461155972323,-0.958842,-0.043112,0.114407,0.021713,-0.016134,-0.003523,0.901700
461255984462,-1.175869,-0.165302,0.224220,0.001244,-0.014687,0.000106,0.895192
461355996601,-0.450816,-0.359276,-0.088567,0.001503,-0.010918,-0.000790,0.908567
461456008739,0.082586,-0.517301,-0.132325,0.000996,-0.001952,-0.008462,0.936272
461556020878,0.335073,-0.651019,-0.021445,0.015700,-0.015096,-0.024846,0.975093
461656033017,0.104730,-0.845975,-0.106487,0.027431,-0.032619,-0.000596,0.977196
461756045156,-0.679359,-0.658575,0.070519,0.036211,-0.029528,0.004983,0.931000
461856057295,-1.016313,-0.059050,0.256219,0.035008,-0.009146,-0.006460,0.925360
461956069434,-0.919892,0.138677,0.051195,0.056595,0.005212,-0.021713,0.858580
462056081573,-0.378739,0.141636,-0.129084,0.054850,-0.008091,-0.019393,0.781588
462156093712,-0.238918,0.192278,-0.025724,0.049284,-0.017682,-0.005343,0.722334
462256105850,-0.362911,0.386386,-0.014376,0.064832,-0.018531,-0.011803,0.647448
462356117989,-0.867735,0.352391,0.017110,0.050467,-0.001806,-0.028915,0.649170
462456130128,-0.921114,0.261369,-0.042139,0.055754,0.009244,-0.043228,0.646944
462556142267,-0.967624,0.430063,-0.041367,0.052421,0.007587,-0.037990,0.715544
462656154406,-0.732647,0.406449,-0.142915,0.051858,-0.004845,-0.038560,0.723367
462756166545,-0.297565,0.184753,-0.284910,0.039328,-0.017221,-0.013689,0.776587
462856178684,-0.379585,0.312546,-0.061607,0.018834,0.005596,-0.005095,0.859994
462956190823,-0.858666,0.051425,-0.030689,0.033497,0.018832,-0.009038,0.866230
463056202961,-1.107912,-0.192205,-0.086618,0.029448,-0.004118,-0.003910,0.915828
463156215100,-0.656909,-0.295228,-0.121626,0.044403,-0.021780,-0.006588,0.970389
463256227239,-0.191744,0.023154,-0.069462,0.026251,0.010335,-0.004163,1.016532
463356239378,-0.053584,0.081911,0.045919,0.045132,0.001742,-0.020289,1.044756
463456251517,-0.532028,-0.716773,-0.055129,0.022841,-0.023783,-0.005712,1.071164
463556263656,-0.823861,-1.237709,-0.055824,0.029836,-0.038229,-0.021687,1.085468
463656275795,0.079113,-1.092541,-0.114423,-0.002456,-0.011422,-0.011094,1.115241
463756287933,0.040520,-0.377796,-0.010898,0.012050,-0.006936,0.018418,1.087012
463856300072,-1.033736,-0.290616,0.153624,0.015100,0.003060,0.017557,1.067520
463956312211,-1.011078,-0.095036,-0.070421,0.023406,0.007311,-0.008866,1.036509
464056324350,-0.357909,0.099842,-0.165086,0.025069,-0.011982,-0.012333,0.926919
464156336489,0.035781,-0.083217,-0.030698,0.027542,-0.014667,-0.035437,0.787702
464256348628,-0.088762,-0.350971,-0.019166,0.011090,0.003325,-0.029790,0.783317
464356360767,-0.730120,-0.175012,0.042553,0.011097,-0.001567,-0.025710,0.761741
464456372906,-0.941268,0.017549,-0.082063,0.029730,0.004974,-0.013467,0.735979
464556385044,-1.168162,0.169830,0.062977,0.037741,-0.001801,-0.022278,0.739559
464656397183,-0.771245,0.461755,0.070410,0.046561,-0.019611,-0.018526,0.709192
464756409322,-0.801629,0.295574,-0.071327,0.004582,-0.005946,-0.002831,0.667280
464856421461,-0.521502,0.513681,0.036663,0.022159,-0.002051,-0.029407,0.685122
464956433600,-0.426769,0.622719,-0.000659,-0.003255,0.007506,-0.016682,0.692284
465056445739,-0.547481,0.081773,-0.047564,-0.026972,-0.005616,-0.010134,0.720770
465156457878,-0.509174,-0.334903,-0.192358,-0.003324,-0.017860,-0.018119,0.778430
465256470016,-0.159469,-0.005984,-0.157405,-0.008937,0.002742,-0.028917,0.780882
465356482155,0.055671,0.001904,0.062540,0.012586,0.007662,-0.031722,0.815813
465456494294,-0.284852,-0.445273,-0.088878,0.009085,-0.022382,-0.007719,0.896307
465556506433,-0.750021,-0.133355,0.020905,0.004120,-0.043850,-0.014685,0.916357
465656518572,-0.728036,-0.104308,0.083328,0.011512,-0.006321,-0.023733,0.928235
465756530711,-0.438344,-0.049689,-0.050693,0.030680,-0.006959,-0.056852,0.900887
465856542850,-0.346147,0.269390,-0.074957,0.013996,-0.012135,-0.012315,0.880718
465956554989,0.011309,0.003344,-0.214545,0.019078,-0.035270,0.002726,0.888017
466056567127,-0.289039,-0.007690,-0.034020,0.008290,-0.021419,-0.004215,0.885000
466156579266,-0.691097,-0.331178,-0.014521,0.050207,-0.017608,-0.008543,0.863468
466256591405,-0.851022,-0.449361,-0.035809,0.056220,-0.020378,-0.024207,0.880428
466356603544,-0.694709,-0.217449,0.078617,0.079568,-0.036519,-0.012678,0.877809
466456615683,0.132690,-0.059521,-0.119968,0.112425,-0.055220,-0.033940,0.831735
466556627822,0.130058,-0.065538,-0.215401,0.107525,-0.037424,-0.036712,0.841369
466656639961,-0.097583,-0.031403,-0.145385,0.108933,-0.031366,-0.016154,0.860696
466756652100,-0.518214,0.051076,-0.047832,0.079376,-0.030992,0.000938,0.837487
466856664238,-0.464887,-0.286901,-0.117721,0.081673,-0.027191,-0.002505,0.828981
466956676377,-0.727647,-0.548938,-0.095980,0.070555,-0.017830,0.001417,0.820831
467056688516,-0.711192,-0.622726,-0.087427,0.082085,-0.038790,-0.017293,0.816771
467156700655,-0.614898,-0.568891,-0.046175,0.071184,-0.040899,-0.020264,0.831552
467256712794,-0.305004,-0.268378,0.078524,0.082434,-0.036461,-0.014062,0.793046
467356724933,-0.358573,-0.076459,0.007263,0.068947,-0.020352,-0.006217,0.795399
467456737072,-0.335330,-0.038131,-0.202707,0.079696,-0.022452,-0.007796,0.803558
467556749210,-0.541009,-0.015806,-0.081496,0.039888,-0.034424,0.017164,0.721060
467656761349,-0.922686,-0.165489,-0.016495,0.033190,-0.043943,0.015865,0.657544
467756773488,-0.527903,-0.451838,-0.068014,0.015631,-0.024312,0.022070,0.663984
467856785627,-0.466230,-0.386334,-0.200900,-0.006382,-0.011467,0.018393,0.615224
467956797766,-0.517330,-0.130823,-0.070897,0.002794,-0.019799,-0.017471,0.673965
468056809905,-0.816190,0.066322,0.097832,0.020110,-0.017333,-0.004412,0.647686
468156822044,-0.579196,0.003906,-0.086740,0.016420,-0.018388,-0.026520,0.650441
468256834183,-0.601254,0.117595,-0.082011,0.005301,-0.004629,-0.014815,0.670158
468356846321,-0.881401,0.014928,-0.006957,0.018240,-0.003733,-0.015759,0.605679
468456858460,-0.704576,-0.020369,0.013975,0.012912,0.004357,-0.002028,0.642751
468556870599,-0.796363,0.061177,0.056511,0.000200,0.007922,0.010898,0.629807
468656882738,-0.673849,-0.237848,-0.045480,0.009090,0.008896,0.005038,0.652153
468756894877,-0.606254,-0.606199,-0.219877,0.012776,0.016045,0.008991,0.629092
468856907016,-0.456074,-0.483062,-0.112461,0.025790,-0.009151,-0.015941,0.643083
468956919155,-0.608228,-0.359320,0.033266,0.006536,0.000353,0.007112,0.673343
469056931294,-0.538246,-0.420370,0.005239,0.018244,-0.000344,-0.013099,0.654846
469156943432,-0.772491,-0.173427,0.067874,-0.007546,0.014096,0.002615,0.680779
469256955571,-0.657267,0.015219,0.020120,-0.014517,0.014819,0.001700,0.651433
469356967710,-0.486809,-0.080555,-0.066809,-0.012507,0.012507,-0.005061,0.623067
469456979849,-0.335665,0.047295,-0.068336,-0.005726,0.008385,-0.002375,0.600877
469556991988,-0.449377,-0.140495,-0.094088,-0.036144,0.016994,0.001547,0.518572
469657004127,-0.858890,-0.116291,0.005683,-0.029959,0.026894,0.007693,0.556820
469757016266,-0.859915,-0.224423,0.045364,-0.056825,0.032352,0.007316,0.524815
469857028404,-0.816095,-0.375061,-0.004579,-0.066907,0.022406,0.018519,0.550004
469957040543,-0.206653,-0.137202,-0.028210,-0.080532,0.032283,0.033207,0.551755
470057052682,-0.109598,0.021425,-0.023608,-0.089251,0.037808,0.027028,0.537359
470157064821,-0.164749,0.186683,-0.046441,-0.084017,0.048047,0.026430,0.562348
470257076960,-0.591924,-0.071979,-0.008360,-0.097113,0.050952,0.025792,0.545888
470357089099,-0.705350,-0.107355,-0.062395,-0.082043,0.029214,0.032708,0.502968
470457101238,-0.801348,-0.264029,-0.048161,-0.080084,0.032447,0.034452,0.494551
470557113377,-0.426017,0.040280,-0.052680,-0.076519,0.038448,0.023775,0.510911
470657125515,-0.461179,0.004084,-0.092471,-0.067102,0.034385,0.031524,0.487706
470757137654,-0.405655,0.138327,-0.107948,-0.046540,0.019503,0.011659,0.486943
470857149793,-0.446810,0.225745,-0.000224,-0.048829,0.024718,0.009957,0.500476
470957161932,-0.507289,-0.020061,-0.061419,-0.045317,0.014800,-0.000493,0.465703
471057174071,-0.655824,0.017077,-0.009454,-0.058377,0.029046,0.001224,0.463505
471157186210,-0.535887,-0.126619,-0.026221,-0.054978,0.033336,-0.004173,0.485082
471257198349,-0.413933,-0.052485,-0.054007,-0.049861,0.025267,-0.000682,0.507439
471357210487,-0.456094,-0.002370,-0.001396,-0.053387,0.021739,-0.001973,0.507165
471457222626,-0.642709,-0.048615,0.038085,-0.047720,0.027271,-0.005632,0.537280
471557234765,-0.555672,-0.014265,0.020077,-0.047229,0.031359,-0.003372,0.518770
471657246904,-0.548569,-0.319214,0.005263,-0.053428,0.030882,-0.000377,0.574653
471757259043,-0.286955,-0.300982,-0.016796,-0.060793,0.026224,0.004582,0.526508
471857271182,-0.163899,-0.536772,-0.056709,-0.061954,0.025801,0.006931,0.476115
471957283321,-0.022613,-0.736696,-0.151611,-0.053947,0.022077,0.007811,0.546374
472057295460,-0.051445,-0.827292,-0.060307,-0.051323,0.022384,-0.000850,0.535561
472157307598,0.013276,-0.748791,-0.004662,-0.022708,0.014973,-0.008213,0.461545
472257319737,-0.215133,-0.894607,-0.114833,-0.022508,0.009749,0.012566,0.440349
472357331876,-0.313913,-0.732854,-0.048447,-0.021426,0.005029,0.006340,0.453152
472457344015,-0.542857,0.001607,0.052425,-0.008119,0.012303,0.010263,0.307850
472557356154,-0.631067,0.183576,-0.095316,-0.001546,0.012014,0.002031,0.200450
472657368293,-0.472158,-0.059054,-0.127484,-0.001652,0.007741,-0.004221,0.167997
472757380432,-0.498743,-0.032979,0.009451,0.003655,0.001784,0.000255,0.074204
472857392571,-0.587164,0.017994,-0.014891,0.011370,0.004973,0.000198,0.035367
472957404709,-0.770857,0.035236,0.033433,-0.001050,-0.005024,-0.001511,0.021565
473057416848,-0.522779,-0.018262,-0.020342,0.004740,-0.004916,-0.015421,0.023979
473157428987,-0.329493,-0.013548,-0.011930,0.004863,0.006310,-0.005797,0.022582
473257441126,-0.531282,0.105383,0.012325,0.000423,0.003505,0.012622,0.019089
473357453265,-0.670757,-0.026152,-0.008973,0.006139,-0.001263,0.008041,0.025000
473457465404,-0.577030,-0.088464,-0.029827,0.006404,0.003366,-0.001084,0.028991
473557477543,-0.504899,0.079625,-0.001146,-0.007771,-0.002675,0.001485,0.022205
473657489681,-0.458692,0.089376,-0.062889,-0.012245,0.004238,-0.006226,0.021867
473757501820,-0.535388,-0.056738,-0.062720,-0.010136,0.004274,-0.001648,0.021833
473857513959,-0.580530,0.036909,0.017986,-0.001241,0.002027,0.001907,0.023168
473957526098,-0.496515,0.053548,-0.106576,0.015807,-0.003019,-0.002609,0.013681
474057538237,-0.386779,-0.090994,0.017003,0.018979,-0.006613,0.000496,0.005647
474157550376,-0.492845,-0.053917,0.092588,0.005168,-0.004483,0.009914,0.009342
474257562515,-0.619583,0.116411,-0.132366,0.008140,0.001687,0.002855,0.005835
474357574654,-0.593177,0.092516,-0.015817,-0.002217,0.009817,0.001039,0.010581
474457586792,-0.457674,-0.138971,0.013126,-0.006337,0.004604,-0.005450,0.016944
474557598931,-0.473033,-0.019495,-0.054936,-0.013726,0.012139,-0.004641,0.026224
474657611070,-0.386427,0.205541,-0.042965,-0.012872,0.000565,-0.002917,0.018013
474757623209,-0.300301,0.020280,-0.094649,-0.004281,-0.007403,0.005415,0.012227
474857635348,-0.459392,-0.131685,-0.030423,-0.005874,-0.002922,0.011287,0.020594
474957647487,-0.510606,-0.081498,-0.034861,-0.000235,-0.006185,0.000119,0.017003
475057659626,-0.469370,-0.024273,-0.078786,0.010478,-0.006711,0.001776,0.013706
475157671764,-0.455853,0.040765,-0.003503,0.006957,-0.006360,0.000427,0.026534
475257683903,-0.457243,-0.027556,-0.058047,0.004745,0.000699,0.005739,0.017054
475357696042,-0.508673,0.019607,-0.050058,0.003344,-0.000345,-0.002565,0.008056
475457708181,-0.514101,0.068527,0.040375,-0.006748,0.010108,-0.001131,0.012714
475557720320,-0.520834,0.027317,-0.032837,-0.019103,0.013253,0.006084,0.010522
475657732459,-0.706342,0.215815,-0.020660,-0.026255,0.014737,0.007989,0.006292
475757744598,-0.619499,0.359445,0.096161,-0.030991,0.009355,0.008750,0.009652
475857756737,-0.557007,0.581104,0.183803,-0.035963,0.017349,0.009673,0.009526
475957768875,-0.575959,0.268829,-0.003100,-0.045025,0.046535,0.023768,0.007586
476057781014,-0.728608,0.660263,0.305611,-0.024758,0.048102,-0.019845,0.006932
476157793153,-0.758972,0.956068,0.394854,-0.042795,0.035699,-0.033354,0.020559
476257805292,-0.785344,0.677880,0.053234,-0.059367,0.022399,0.011271,0.065152
476357817431,-0.728073,0.575661,0.110652,-0.049061,0.002659,0.000382,0.104454
476457829570,-0.639899,0.495701,0.066176,-0.044263,0.029420,-0.004405,0.139256
476557841709,-0.675604,0.280456,0.056961,-0.026288,0.037250,-0.027315,0.193417
476657853848,-0.599864,0.226944,0.060693,-0.027694,0.023696,-0.013875,0.225785
476757865986,-0.477250,0.079063,-0.051299,-0.029447,0.010587,-0.014297,0.280954
476857878125,-0.421297,-0.026684,-0.082835,-0.020810,0.012660,-0.031276,0.364840
476957890264,-0.449108,0.068336,-0.200096,-0.021696,0.026865,-0.038417,0.378145
477057902403,-0.446508,-0.103607,-0.231858,-0.026393,-0.001345,-0.016456,0.393133
477157914542,-0.352276,-0.112539,-0.023064,-0.018725,-0.016120,0.004012,0.456666
477257926681,-0.146738,-0.291528,-0.003942,-0.012249,0.004268,-0.007602,0.444143
477357938820,-0.304076,-0.376899,-0.136523,-0.013778,0.012304,-0.007467,0.494653
477457950958,-0.460421,-0.285936,-0.136715,-0.006809,0.003536,-0.000273,0.471148
477557963097,-0.439407,-0.193887,0.063553,-0.023736,-0.003845,0.004920,0.415136
477657975236,-0.266237,0.035788,0.093654,-0.034325,0.001515,-0.002869,0.434321
477757987375,-0.278371,-0.165457,-0.149189,-0.018484,0.009040,-0.003925,0.432742
477857999514,-0.463484,0.018240,-0.027979,-0.012975,0.010083,0.001248,0.410328
477958011653,-0.499565,0.056149,0.114826,-0.018069,0.011563,0.004980,0.340199
478058023792,-0.496470,0.055378,-0.021956,-0.018556,-0.004583,0.014240,0.286118
478158035931,-0.500232,-0.092106,-0.130217,-0.006931,-0.007025,0.017229,0.320804
478258048069,-0.419867,0.058166,-0.017077,0.002801,0.003153,-0.002182,0.331923
478358060208,-0.544657,0.026404,0.026730,0.011520,0.002928,-0.000410,0.285477
478458072347,-0.466624,-0.190105,-0.168936,0.009434,-0.011687,-0.002111,0.273559
478558084486,-0.511869,-0.200273,-0.162864,0.001119,-0.012438,0.004137,0.321474
478658096625,-0.457688,-0.406818,-0.023836,-0.003802,0.000908,0.002747,0.327891
478758108764,-0.292980,-0.279220,-0.067520,-0.015655,0.015801,0.001289,0.300323
478858120903,-0.396326,-0.255340,-0.133583,-0.018343,0.004680,0.002407,0.304214
478958133042,-0.345323,-0.172423,-0.153195,-0.027416,-0.008030,0.009297,0.321130
479058145180,-0.525659,-0.056618,-0.039911,-0.025330,0.005264,0.008855,0.321130
479158157319,-0.516156,-0.034566,-0.095406,-0.020680,0.014101,-0.005273,0.282050
479258169458,-0.586168,-0.010082,-0.099914,-0.029169,0.005465,0.008823,0.256944
479358181597,-0.404780,-0.135933,-0.042038,-0.025626,-0.000109,0.013771,0.250641
479458193736,-0.388524,-0.011478,-0.043556,-0.022824,0.016124,0.012299,0.223319
479558205875,-0.432916,-0.075782,-0.059817,-0.016943,0.012687,0.005306,0.212765
479658218014,-0.573655,0.121728,0.021066,-0.012089,0.008296,0.012343,0.203037
479758230152,-0.528866,0.169851,0.007572,-0.013734,0.003290,0.001605,0.181410
479858242291,-0.474920,0.188168,-0.017757,0.001734,-0.003217,0.004797,0.159627
479958254430,-0.643532,0.289722,-0.022415,0.003401,-0.002017,0.000224,0.159385
480058266569,-0.616071,0.058431,-0.066398,0.008680,0.002463,-0.004707,0.164816
480158278708,-0.572267,0.216892,0.010808,0.008914,-0.005754,0.006411,0.185582
480258290847,-0.474945,0.364448,-0.017120,0.015332,-0.013336,0.004205,0.226047
480358302986,-0.471580,0.148827,-0.071491,0.010032,0.000765,-0.001116,0.241622
480458315125,-0.381023,0.170317,-0.034990,0.018696,0.004877,-0.006073,0.244050
480558327263,-0.404596,0.284198,-0.056084,0.016706,0.006968,0.002058,0.267359
480658339402,-0.366633,0.114495,-0.146941,0.034564,-0.019234,0.001733,0.320513
480758351541,-0.487754,0.058331,-0.073307,0.014165,-0.015436,0.008542,0.362643
480858363680,-0.531249,0.322115,0.014922,0.014931,-0.005277,0.002036,0.357330
480958375819,-0.404388,0.140633,-0.038851,0.014126,-0.005184,0.007045,0.381623
481058387958,-0.417126,0.117622,-0.108050,0.016371,-0.015014,0.018959,0.443113
481158400097,-0.445842,0.126809,-0.046458,0.012690,-0.020495,0.019500,0.451369
481258412235,-0.430773,-0.111188,0.031048,0.016436,-0.004116,0.018143,0.469880
481358424374,-0.468748,-0.134038,-0.028343,0.037408,0.002041,0.010427,0.501357
481458436513,-0.457807,-0.148849,-0.027595,0.039502,-0.012299,0.008119,0.503348
481558448652,-0.578079,-0.086238,-0.043922,0.024596,-0.017116,0.025633,0.522730
481658460791,-0.699584,-0.062615,-0.021398,0.015833,-0.007437,0.021278,0.549444
481758472930,-0.355499,-0.109355,-0.020997,0.016331,-0.004250,0.019615,0.518450
481858485069,-0.247342,0.084563,-0.096430,0.012286,0.005023,0.014530,0.507357
481958497208,-0.193597,0.055692,-0.148353,0.007789,-0.002650,0.016077,0.510114
482058509346,-0.534394,-0.096550,-0.087268,0.004371,-0.021140,0.026369,0.479347
482158521485,-0.463791,-0.028036,-0.106342,0.004245,-0.019191,0.018555,0.515264
482258533624,-0.686103,0.019692,-0.067745,-0.001956,-0.003282,0.023842,0.475824
482358545763,-0.718977,0.321501,-0.014261,0.022976,-0.012526,0.003412,0.436235
482458557902,-0.741662,0.092765,-0.016215,0.038123,-0.022340,0.002917,0.519003
482558570041,-0.504588,0.141985,-0.016560,0.051319,-0.026232,-0.015003,0.516636
482658582180,-0.504215,0.299132,0.047795,0.058519,-0.016183,0.000787,0.503624
482758594319,-0.684767,0.244110,-0.024290,0.051546,-0.025456,-0.004307,0.544549
482858606457,-0.851439,-0.076543,-0.086816,0.030730,-0.018394,0.001756,0.551018
482958618596,-0.946429,-0.241129,0.059679,0.047405,-0.033079,-0.026332,0.614883
483058630735,-0.670513,-0.049651,0.051155,0.057696,-0.035560,-0.021813,0.610441
483158642874,-0.598152,-0.198831,0.004392,0.068109,-0.031587,-0.027287,0.642967
483258655013,-0.300379,-0.055063,0.048317,0.067353,-0.017615,-0.021106,0.671386
483358667152,-0.293139,0.163757,0.168463,0.069986,-0.005601,-0.020095,0.690660
483458679291,-0.526378,-0.101210,-0.004545,0.050026,-0.019902,-0.019909,0.670339
483558691429,-0.814137,-0.068528,0.012175,0.046878,-0.029868,-0.018423,0.656496
483658703568,-0.944160,-0.001919,0.120422,0.049799,-0.015277,-0.029517,0.678347
483758715707,-0.907755,0.182785,0.072746,0.047819,-0.010357,-0.041502,0.663797
483858727846,-0.522919,0.410109,-0.079576,0.029799,-0.019068,-0.035865,0.634207
483958739985,-0.503564,0.323050,-0.188505,0.012261,-0.021555,-0.017151,0.654564
484058752124,-0.631440,0.423966,-0.044081,-0.002815,0.000124,-0.024523,0.624377
484158764263,-0.803601,0.129254,0.001912,-0.003163,0.011347,-0.028888,0.721418
484258776402,-0.670113,0.269155,-0.080099,-0.008019,-0.000190,-0.035940,0.707407
484358788540,-0.445953,0.347905,-0.151023,-0.020961,0.013095,-0.015719,0.717841
484458800679,-0.466929,0.081248,-0.080285,-0.030216,0.017902,-0.007676,0.790959
484558812818,-0.637500,0.046889,-0.033763,-0.042256,0.014703,0.005895,0.811109
484658824957,-0.434287,-0.014768,-0.007404,-0.027379,0.016883,0.009835,0.820196
484758837096,-0.367471,-0.040681,0.022020,-0.065647,0.027486,0.009654,0.879948
484858849235,-0.272003,-0.169616,-0.076748,-0.067208,0.020365,0.018246,0.902149
484958861374,-0.224120,-0.076051,-0.124332,-0.083821,0.025226,0.018204,0.890197
485058873512,-0.661437,-0.107393,0.048129,-0.102020,0.042208,0.015176,0.971081
485158885651,-0.550813,0.138525,0.145694,-0.083481,0.043246,0.019322,1.010424
485258897790,-0.580853,-0.105127,0.023181,-0.092188,0.036187,0.024194,0.975984
485358909929,-0.507651,0.015966,0.020130,-0.040646,0.019296,0.003023,0.944618
485458922068,-0.660921,0.024391,0.071865,-0.026954,0.021380,0.015264,0.946983
485558934207,-0.493509,0.010518,-0.094091,-0.008679,0.012934,0.000803,0.971991
485658946346,-0.152099,-0.061706,-0.112112,-0.021857,0.015527,-0.004977,0.968810
485758958485,0.015629,-0.086760,-0.106387,0.004229,0.000516,-0.010380,0.974284
485858970623,-0.459729,-0.310747,-0.135330,-0.014842,0.008632,0.003570,0.968455
485958982762,-0.679339,-0.201729,-0.005552,-0.021123,0.000085,-0.007337,0.965792
486058994901,-0.628796,-0.235797,0.011506,-0.000299,-0.006101,-0.012981,1.008489
486159007040,-0.558627,-0.017203,-0.075282,0.023247,-0.011049,-0.040952,1.014548
486259019179,-0.286183,0.250750,-0.026076,0.021542,0.000639,-0.035887,1.002751
486359031318,-0.064233,0.469599,0.042030,0.034707,-0.010155,-0.039315,0.982736
486459043457,-0.388249,0.183767,0.089602,0.009533,-0.007487,-0.008986,1.001678
486559055596,-0.467762,-0.248297,-0.024149,0.000106,-0.003472,0.005618,0.965944
486659067734,-0.336733,-0.041236,-0.075403,0.024609,-0.012598,0.004746,0.990631
486759079873,-0.387680,-0.130283,-0.055653,0.019981,-0.009445,0.001897,1.009525
486859092012,-0.319967,-0.176714,-0.145537,0.034179,-0.032786,0.018777,0.969772
486959104151,-0.679003,-0.313282,-0.035196,0.037667,-0.026972,0.008735,1.032492
487059116290,-0.469402,-0.051749,0.011812,0.065414,-0.012054,-0.003380,1.026338
487159128429,-0.771681,0.032461,0.155850,0.057788,-0.014053,0.003235,1.057761
487259140568,-0.670190,0.031106,0.070263,0.073814,-0.033604,0.004455,1.066000
487359152706,-0.646429,-0.384710,-0.138728,0.035127,-0.036983,0.024235,1.033987
487459164845,-0.252335,-0.252836,-0.121431,0.049243,-0.037328,0.008941,1.036711
487559176984,-0.383552,-0.241418,-0.052944,0.039562,-0.017094,0.014486,1.006302
487659189123,-0.222033,-0.271683,-0.177101,0.043415,-0.005283,0.004608,0.991276
487759201262,-0.588675,-0.539615,-0.152950,0.004508,0.015631,0.018088,1.044305
487859213401,-1.028913,-0.885374,-0.061115,0.003987,-0.005476,0.022419,1.047338
487959225540,-1.211976,-1.030899,-0.016964,-0.051521,0.009207,0.035899,1.009177
488059237679,-0.885828,-0.412028,0.182028,-0.051702,0.040508,0.026846,1.008298
488159249817,-0.242193,-0.035478,0.035369,-0.046155,0.042896,0.024297,0.983524
488259261956,-0.290039,0.081947,-0.109368,-0.075056,0.036952,0.050202,0.962757
488359274095,-0.416404,0.029255,-0.071757,-0.096803,0.027896,0.056893,0.888150
488459286234,-1.089965,0.012470,0.130902,-0.064326,0.030773,0.039854,0.830677
488559298373,-1.217396,-0.203048,0.123805,-0.091579,0.044172,0.027608,0.825133
488659310512,-0.877162,-0.108387,0.010385,-0.094881,0.037226,0.019728,0.786655
488759322651,-0.144675,-0.102739,-0.059899,-0.088661,0.032316,0.024617,0.792420
488859334789,-0.140603,-0.081986,-0.042281,-0.100208,0.044891,0.036217,0.833008
488959346928,-0.259871,0.024995,-0.030705,-0.070260,0.034903,0.017091,0.837209
489059359067,-0.707632,-0.041818,0.091916,-0.083947,0.040910,0.032087,0.806708
489159371206,-0.752211,0.169910,0.176158,-0.081025,0.050981,0.035763,0.814408
489259383345,-0.804195,0.097037,0.071849,-0.082186,0.048232,0.017721,0.795976
489359395484,-0.512124,0.004924,-0.125607,-0.049147,0.033280,0.015411,0.791578
489459407623,-0.653060,-0.055259,-0.120811,-0.061885,0.026583,0.021324,0.789488
489559419762,-0.445130,-0.018091,-0.079924,-0.045948,0.019215,0.009050,0.813385
489659431900,-0.339611,0.301592,-0.066548,-0.034196,0.015345,0.011887,0.831662
489759444039,-0.334128,0.224201,0.009567,-0.018191,0.008297,-0.015527,0.848200
489859456178,-0.365212,0.246771,-0.011741,-0.010699,0.000531,-0.016538,0.826271
489959468317,-0.443110,0.258810,0.023530,-0.011709,-0.010822,-0.010520,0.833496
490059480456,-0.337012,0.037592,0.007334,-0.003041,-0.013126,-0.004053,0.865740
490159492595,-0.468617,0.049446,-0.071182,-0.002228,0.006180,0.006443,0.895696
490259504734,-0.059772,0.098488,-0.191565,-0.002771,0.002844,0.002568,0.925326
490359516873,-0.030094,-0.043516,-0.072721,0.016855,-0.015514,0.006937,0.980795
490459529011,-0.260905,-0.095596,-0.044616,0.012129,-0.025308,0.006902,0.985156
490559541150,-0.722122,-0.386669,-0.093002,0.022858,-0.028159,0.011359,0.988942
490659553289,-0.660511,-0.286810,-0.068950,0.026090,-0.019335,-0.005462,1.015800
490759565428,-0.505425,-0.201053,0.073488,0.025838,-0.023729,-0.011744,0.985833
490859577567,-0.269623,-0.141295,-0.039273,0.037291,-0.027406,-0.000997,0.965296
490959589706,-0.474595,-0.410751,-0.238897,0.018919,-0.029384,-0.006248,0.996366
491059601845,-0.335397,-0.148638,-0.083236,0.030807,-0.009071,-0.023553,1.051920
491159613983,-0.267438,-0.226661,-0.070597,0.024297,0.007259,-0.008974,0.987027
491259626122,-0.270248,-0.240071,-0.122427,0.014878,-0.011117,-0.010578,0.928430
491359638261,-0.233352,-0.264474,-0.079210,0.023727,-0.027080,-0.009672,0.968102
491459650400,-0.178251,-0.141929,-0.000431,0.042431,-0.021636,0.003221,0.967709
491559662539,-0.235904,-0.155574,0.058050,0.034101,-0.004871,0.007121,0.967899
491659674678,-0.594151,-0.349030,0.116248,0.021061,-0.010949,0.016611,0.883360
491759686817,-0.556226,-0.187780,0.099694,0.037985,-0.015422,-0.000876,0.904601
491859698956,-0.544519,-0.217289,0.005312,0.055527,-0.017360,-0.010105,0.863391
491959711094,-0.302830,-0.539067,-0.160706,0.063232,-0.029661,-0.005278,0.880868
492059723233,-0.407961,-0.621777,-0.138488,0.052021,-0.031717,0.002586,0.854443
492159735372,-0.457789,-0.663414,-0.062385,0.050636,-0.024669,0.013256,0.845180
492259747511,-0.763161,-0.576866,0.060989,0.053413,-0.001745,0.021045,0.807073
492359759650,-0.505343,-0.602421,-0.047059,0.063711,-0.018170,0.003468,0.832874
492459771789,-0.485617,-0.538667,0.001898,0.049541,-0.016665,-0.000393,0.801253
492559783928,-0.390132,-0.322387,0.016917,0.066963,-0.020589,-0.014745,0.710576
492659796067,-0.511114,-0.116368,-0.066453,0.063470,-0.020159,-0.011756,0.650732
492759808205,-0.406778,0.093890,-0.159787,0.069052,-0.024839,-0.010666,0.616146
492859820344,-0.629897,0.031418,-0.012820,0.054986,-0.018070,-0.007270,0.593934
492959832483,-0.547807,0.035843,0.048455,0.055224,-0.025553,-0.007759,0.489487
493059844622,-0.258675,-0.057252,-0.085090,0.033483,-0.011146,0.013213,0.497925
493159856761,-0.178879,0.023203,-0.090033,0.026827,-0.005259,0.002002,0.513190
493259868900,-0.349788,-0.163431,-0.050972,0.025302,-0.017594,0.016048,0.503085
493359881039,-0.626286,-0.398700,-0.041696,0.024717,-0.015611,0.013893,0.539222
493459893177,-0.627545,-0.095427,-0.039953,0.020496,-0.007340,0.005907,0.516130
493559905316,-0.731233,0.048978,-0.079177,0.007016,-0.002000,0.010441,0.483230
493659917455,-0.534222,-0.055306,-0.040522,0.024906,-0.014100,0.003010,0.496144
493759929594,-0.609326,-0.129228,0.031709,0.014627,-0.006764,0.008448,0.522593
493859941733,-0.491844,-0.392471,0.004867,0.035987,-0.008885,-0.010175,0.499422
493959953872,-0.357204,-0.232516,-0.077233,0.024438,-0.009229,0.002837,0.464954
494059966011,-0.299110,-0.172248,-0.080248,0.034772,-0.021494,-0.008042,0.493590
494159978150,-0.356427,-0.112958,0.010484,0.045100,-0.008331,-0.020842,0.453246
494259990288,-0.755104,0.181048,0.045067,0.046372,-0.006168,-0.024778,0.445328
494360002427,-0.839256,0.172766,-0.021383,0.039153,-0.012687,-0.007444,0.454555
494460014566,-0.715098,0.058473,-0.010867,0.027687,-0.005075,-0.001140,0.421661
494560026705,-0.461302,0.339263,0.053129,0.028756,-0.007532,-0.012462,0.381433
494660038844,-0.423995,0.514790,-0.002628,0.042338,-0.014635,-0.020278,0.351158
494760050983,-0.421564,0.381986,-0.026022,0.042798,-0.013259,-0.020686,0.368467
494860063122,-0.718754,0.131605,-0.079395,0.041794,-0.011182,-0.020087,0.408802
494960075260,-0.696276,0.233675,-0.143993,0.046194,-0.011384,-0.033595,0.454594
495060087399,-0.883217,0.138585,-0.049486,0.040238,-0.006991,-0.033687,0.470827
495160099538,-0.562799,0.026427,-0.072758,0.041916,-0.014456,-0.043397,0.447021
495260111677,-0.389721,0.234957,-0.190489,0.034912,-0.027819,-0.039977,0.479308
495360123816,-0.269537,0.511255,-0.057485,0.041352,-0.014897,-0.034888,0.605029
495460135955,-0.395687,0.262940,-0.012333,0.020358,0.005542,-0.027117,0.597730
495560148094,-0.461488,0.326550,-0.165295,0.018388,0.012977,-0.013101,0.567318
495660160233,-0.675209,0.382757,-0.044546,0.034218,-0.009350,-0.022723,0.639386
495760172371,-0.661413,0.122373,-0.067678,0.027073,-0.022016,-0.009508,0.673314
495860184510,-0.521284,0.203029,-0.147458,0.031410,-0.023252,-0.013577,0.713526
495960196649,-0.345302,0.267709,-0.024668,0.040619,-0.002380,-0.023166,0.749577
496060208788,-0.433397,0.291617,0.002527,0.012651,0.008014,-0.002897,0.791854
496160220927,-0.192883,0.060470,-0.080203,0.029739,-0.016987,0.002811,0.816443
496260233066,-0.778509,-0.300891,-0.100914,0.026006,-0.008457,0.007151,0.853422
496360245205,-0.649121,-0.057261,-0.112506,0.066271,-0.027603,-0.019163,0.840068
496460257344,-0.844227,-0.439681,-0.194201,0.014281,-0.021763,0.001254,0.892163
496560269482,-0.441665,-0.120971,0.064769,0.004450,-0.001115,-0.018606,0.941214
496660281621,-0.230982,-0.210273,-0.117693,0.018440,0.024677,-0.033289,0.886416
496760293760,-0.421244,-0.276781,-0.144506,-0.020495,0.015133,-0.001441,0.916094
496860305899,-0.346825,0.211894,0.131236,0.019107,-0.012021,-0.002935,0.940295
496960318038,-0.150673,0.238022,-0.005429,0.043571,-0.022300,-0.007552,0.889351
497060330177,-0.698419,0.161251,-0.118713,0.043548,-0.002472,-0.015678,0.825345
497160342316,-0.821358,-0.159713,-0.134684,0.064280,-0.013898,-0.022485,0.816929
497260354454,-0.905340,-0.025846,0.091097,0.054568,-0.041460,-0.013264,0.878686
497360366593,-0.572339,0.313928,0.045414,0.065510,-0.033178,-0.022524,0.829276
497460378732,-0.410689,0.091513,-0.041835,0.045823,-0.013773,-0.040638,0.849803
497560390871,-0.401096,0.075125,-0.016532,0.030890,-0.011352,-0.020438,0.885133
497660403010,-0.907692,-0.036575,0.010353,0.068059,-0.023281,-0.039114,0.892386
497760415149,-0.789887,-0.083700,0.044068,0.074870,-0.045162,-0.025427,0.904902
497860427288,-1.118644,-0.094917,-0.050730,0.043224,-0.032525,0.009103,0.904265
497960439427,-0.509645,-0.072800,-0.082666,0.062668,-0.029895,-0.044403,0.954933
498060451565,-0.407921,0.006084,-0.095122,0.049850,-0.036451,-0.050002,0.935826
498160463704,-0.375120,-0.147359,-0.026684,0.037282,-0.022408,-0.033606,0.941588
498260475843,-0.556883,-0.108238,0.039793,0.028633,-0.012624,-0.036874,0.873142
498360487982,-0.242751,-0.038435,-0.119766,0.042602,-0.001960,-0.045896,0.871599
498460500121,-0.476291,0.080085,-0.008198,-0.013041,0.036768,-0.006450,0.931614
498560512260,-0.756403,0.285057,-0.022379,0.008376,-0.006912,-0.001021,0.905667
498660524399,-1.074083,0.015094,-0.151546,-0.015223,-0.008375,0.027815,0.878151
498760536537,-0.880377,-0.081946,-0.033023,-0.015863,0.021068,-0.001710,0.861810
498860548676,-0.245913,-0.228276,-0.142650,-0.033164,0.048063,-0.012256,0.856149
498960560815,-0.009162,-0.264154,-0.294580,-0.051645,0.035316,0.007843,0.848123
499060572954,0.288616,0.068181,-0.211678,-0.045656,0.017264,0.013376,0.880988
499160585093,-0.322389,-0.101233,0.113100,-0.067972,0.041923,0.033287,0.893649
499260597232,-0.470114,0.095230,0.048313,-0.011630,0.016425,0.012120,0.919507
499360609371,-0.748919,-0.185767,-0.122986,-0.023041,0.009195,0.020941,0.887396
499460621510,-0.786103,-0.157635,0.097077,0.007390,-0.023114,0.007361,0.848408
499560633648,-0.673096,-0.169108,0.164046,0.015619,-0.019855,-0.000154,0.832132
499660645787,-0.599568,-0.355575,0.088514,0.008453,-0.015271,0.009446,0.833332
499760657926,-0.401168,-0.145623,-0.038279,-0.002752,-0.003209,0.020172,0.844212
499860670065,-0.458294,0.087862,-0.058159,0.002834,0.005733,-0.000401,0.814250
499960682204,-0.471810,0.179578,-0.050087,0.006883,0.012306,0.011938,0.833005
500060694343,-0.523262,-0.261516,-0.132426,-0.025302,-0.000586,0.023368,0.781841
500160706482,-0.668957,-0.120916,-0.139855,-0.017833,-0.015994,0.029602,0.805973
500260718621,-0.864275,0.014616,0.036594,-0.024316,0.019466,0.013059,0.753703
500360730759,-0.725144,-0.104855,-0.138493,0.003440,0.038827,0.003038,0.759404
500460742898,-0.865103,0.286285,-0.056524,-0.006216,0.030442,-0.011382,0.759443
500560755037,-0.861583,0.126412,0.016251,0.018256,0.011580,-0.013754,0.725781
500660767176,-0.542005,0.182149,-0.074749,0.015741,-0.002192,-0.024912,0.706007
500760779315,-0.510686,0.173365,-0.142913,-0.010020,0.001553,-0.018990,0.749026
500860791454,-0.322925,-0.007361,-0.041214,0.007034,0.000918,-0.034054,0.771224
500960803593,-0.466858,0.185725,-0.028368,0.005563,0.008432,-0.039299,0.787377
501060815731,-0.395891,0.060394,0.003986,0.000050,-0.006658,-0.007045,0.818766
501160827870,-0.458559,-0.161464,-0.107313,-0.028134,-0.001345,-0.003205,0.849672
501260840009,-0.702428,0.066350,0.114470,-0.020792,0.030124,-0.005707,0.887899
501360852148,-0.722761,0.345209,0.283512,-0.014142,0.029459,-0.006418,0.885126
501460864287,-0.731296,0.168452,-0.000888,-0.038860,0.010051,0.010177,0.852260
501560876426,-0.432096,-0.060580,-0.032057,-0.023139,-0.014820,0.022612,0.902809
501660888565,-0.687820,0.182004,0.158947,-0.021243,0.007833,0.006012,0.864226
501760900704,-0.967779,-0.003486,0.016529,-0.000699,0.019970,-0.033645,0.834878
501860912842,-0.723330,-0.146175,-0.043979,-0.001626,0.003250,-0.020730,0.893389
501960924981,-0.563634,-0.134515,-0.060001,-0.003216,-0.024820,-0.019061,0.877435
502060937120,0.065181,-0.111970,-0.050109,0.034867,-0.024692,-0.042234,0.917274
502160949259,0.131258,-0.025511,-0.057669,-0.011389,0.010122,-0.008621,0.890342
502260961398,0.036259,-0.237007,-0.217521,0.011589,0.001372,-0.001502,0.914428
502360973537,-0.473626,-0.047015,-0.024545,-0.026414,0.003742,0.012357,0.900456
502460985676,-1.054156,-0.189084,0.032977,-0.017610,0.002176,0.007769,0.919806
502560997815,-1.176461,-0.138993,-0.044830,-0.016006,0.002722,-0.004507,0.893249
502661009953,-0.721470,-0.091504,0.041436,-0.021885,0.022724,-0.005329,0.852378
502761022092,0.100533,0.214460,0.006656,-0.050487,0.015547,0.037591,0.846520
502861034231,0.100204,0.069016,0.021972,-0.040051,0.006798,0.030374,0.844242
502961046370,0.022700,0.027262,-0.149985,-0.057304,0.027885,0.038843,0.833469
503061058509,-0.659677,-0.279501,-0.003104,-0.063104,0.032718,0.047268,0.818648
503161070648,-0.653402,-0.031228,0.194652,-0.028337,0.019839,0.026076,0.813889
503261082787,-1.100018,-0.301544,0.113052,-0.061616,0.031805,0.057974,0.831705
503361094925,-0.658907,-0.150293,0.048934,-0.046745,0.008366,0.050951,0.820993
503461107064,-0.672565,-0.257922,0.031018,-0.040894,0.009356,0.028833,0.817978
503561119203,-0.289596,-0.019186,-0.115556,-0.011861,0.017881,0.004519,0.802420
503661131342,-0.519634,-0.062605,-0.052756,-0.052425,0.026171,0.025303,0.780075
503761143481,-0.410038,0.200152,0.022722,-0.027632,0.007297,0.013763,0.811686
503861155620,-0.764108,0.130115,0.063611,-0.033414,0.017830,0.029315,0.781829
503961167759,-0.585238,-0.073664,-0.030937,0.003322,-0.002167,0.014259,0.754682
504061179898,-0.653533,-0.139338,-0.028408,0.007991,-0.008954,0.007599,0.772994
504161192036,-0.497180,-0.273042,-0.032570,0.017998,-0.006580,0.006631,0.781435
504261204175,-0.508289,-0.232750,-0.113943,0.013467,0.000987,0.027311,0.827014
504361216314,-0.573905,-0.197521,-0.037587,0.024620,0.006572,0.011637,0.814450
504461228453,-0.638639,-0.251572,0.004069,0.014621,0.008549,-0.001176,0.843671
504561240592,-0.507269,-0.264090,-0.047374,0.014966,-0.006726,0.008528,0.829896
504661252731,-0.587333,-0.120186,-0.094047,-0.012717,0.002221,0.004304,0.814202
504761264870,-0.577459,0.058042,-0.049860,-0.002239,0.005526,-0.004360,0.804318
504861277008,-0.702501,-0.150718,0.025027,0.005990,0.009276,0.003066,0.799264
504961289147,-0.700063,-0.041491,0.016338,0.004036,0.014872,-0.020057,0.797760
505061301286,-0.656030,-0.164804,0.026800,0.004890,-0.002308,-0.003413,0.786056
505161313425,-0.560773,-0.197875,-0.068089,0.021582,0.000505,0.015306,0.763909
505261325564,-0.219204,-0.314471,-0.167690,0.013220,-0.007009,-0.025492,0.749308
505361337703,-0.348041,-0.406432,-0.063892,0.010477,0.000077,-0.020400,0.736551
505461349842,-0.327901,-0.523885,-0.117754,0.023101,-0.015667,-0.014729,0.746530
505561361981,-0.471071,-0.469744,-0.056414,0.001080,-0.021285,-0.002242,0.738025
505661374119,-0.283795,-0.308784,-0.092640,0.011924,-0.013384,-0.028934,0.686729
505761386258,-0.525766,-0.401775,-0.058864,0.003352,-0.001921,-0.028259,0.673028
505861398397,-0.724075,-0.143389,0.000512,0.016917,-0.006675,-0.003614,0.706435
505961410536,-0.826898,-0.061978,-0.010723,-0.012632,0.006288,0.004404,0.649363
506061422675,-0.796908,0.183014,0.051792,-0.017071,0.010328,-0.000802,0.609198
506161434814,-0.612853,0.407964,0.008895,-0.017956,0.005007,-0.000961,0.515954
506261446953,-0.625329,0.484395,-0.052458,-0.029856,0.024810,0.001389,0.499208
506361459092,-0.685279,0.252451,0.033378,-0.024253,0.026421,-0.010855,0.551016
506461471230,-0.773311,0.106405,0.036536,-0.050581,0.022186,0.015300,0.490980
506561483369,-0.938147,0.241789,-0.008353,-0.062477,0.013762,0.039711,0.472923
506661495508,-0.742185,0.009275,-0.090678,-0.068660,0.004108,0.020971,0.581475
506761507647,-0.128906,-0.103702,-0.063843,-0.081037,0.016225,0.038702,0.582699
506861519786,-0.209556,0.202517,-0.039896,-0.097774,0.032873,0.031027,0.589923
506961531925,-0.401149,0.070365,-0.022252,-0.066682,0.025953,0.018514,0.677643
507061544064,-0.503728,-0.354571,-0.025536,-0.049151,0.015376,0.017939,0.706880
507161556202,-0.708628,-0.217934,-0.078656,-0.033520,-0.015424,0.017450,0.691878
507261568341,-0.541138,-0.058835,-0.025064,-0.027016,0.002455,-0.001129,0.726644
507361580480,-0.261760,-0.143797,-0.149542,-0.035296,0.027297,-0.000253,0.718759
507461592619,-0.288265,-0.165477,-0.150932,-0.039940,0.011271,0.014844,0.736893
507561604758,-0.215073,-0.163984,0.036885,-0.056861,0.007584,0.032605,0.721068
507661616897,-0.796173,-0.096792,0.019368,-0.070981,0.018956,0.036031,0.676941
507761629036,-0.628334,-0.283328,-0.091328,-0.085956,0.029853,0.033245,0.681606
507861641175,-0.949947,-0.302124,-0.051117,-0.101112,0.040832,0.054568,0.761633
507961653313,-0.416408,0.174978,-0.020565,-0.094217,0.031470,0.046973,0.699504
508061665452,-0.733493,0.131828,0.017446,-0.133886,0.060777,0.065758,0.627208
508161677591,-0.362343,0.457637,0.070309,-0.095943,0.047604,0.031903,0.678565
508261689730,-0.597025,0.199366,0.005331,-0.115588,0.050930,0.042651,0.642112
508361701869,-0.435723,0.086954,-0.091896,-0.066527,0.025004,0.019103,0.570804
508461714008,-0.565495,0.021932,-0.051059,-0.067547,0.027120,-0.006005,0.612517
508561726147,-0.629627,-0.339192,-0.100139,-0.037025,0.017457,-0.014871,0.647689
508661738285,-0.601698,-0.226039,-0.061467,-0.058038,0.008649,-0.001033,0.633396
508761750424,-0.271472,-0.269806,-0.093261,-0.034259,-0.006809,0.002366,0.655189
508861762563,0.004960,-0.359822,-0.150515,-0.042643,0.009013,-0.005577,0.628253
508961774702,0.047295,-0.185784,-0.064035,-0.014259,0.017337,-0.019649,0.617331
509061786841,-0.221952,-0.226410,-0.012513,-0.005936,0.011915,-0.007828,0.652770
509161798980,-0.542096,-0.134917,0.020168,-0.010802,-0.000787,-0.011792,0.702045
509261811119,-0.653059,0.029107,0.021880,-0.013404,0.010497,-0.015869,0.610594
509361823258,-0.724011,0.309112,0.027679,0.012899,0.009871,-0.019210,0.555193
509461835396,-0.384413,0.095673,-0.010683,0.008723,0.004826,-0.016705,0.571962
509561847535,-0.612326,0.282113,0.069531,0.013799,0.006802,-0.009422,0.584332
509661859674,-0.250779,0.365873,-0.029408,0.045616,-0.012921,-0.028706,0.502973
509761871813,-0.313135,0.274515,-0.020442,0.021340,-0.006236,-0.014421,0.494513
509861883952,-0.224674,0.593928,0.040321,0.030374,-0.001240,-0.011676,0.528133
509961896091,-0.424844,0.290175,-0.071355,0.029933,-0.003494,0.009786,0.573380
510061908230,-0.629634,0.101030,-0.076083,0.042704,-0.008517,0.005216,0.561744
510161920369,-0.936703,0.299116,0.023418,0.006857,0.014115,0.013582,0.566753
510261932507,-0.961634,0.195054,-0.036912,-0.002406,0.006921,0.009264,0.652703
510361944646,-0.272644,0.185073,-0.063390,-0.002866,-0.013547,0.018385,0.670910
510461956785,0.145723,0.350854,-0.069925,0.029287,0.000351,-0.013417,0.684508
510561968924,-0.241993,0.168947,-0.115829,0.057514,-0.002719,-0.023924,0.763913
510661981063,-0.455518,-0.323858,-0.015781,0.060387,-0.026373,0.011085,0.760452
510761993202,-1.130268,-0.380289,0.033729,0.016324,-0.019843,0.063662,0.768407
510862005341,-0.691503,-0.150235,0.060542,0.043593,-0.012266,0.017623,0.825575
510962017479,-0.405916,-0.286867,-0.038450,0.023920,0.010454,0.007800,0.797236
511062029618,-0.213914,-0.273368,-0.142853,0.034129,-0.011557,0.008281,0.894478
511162041757,-0.356735,-0.352684,-0.139659,0.011315,-0.021746,0.022264,0.793134
511262053896,-0.677478,-0.262397,-0.031164,0.011087,-0.010133,0.009030,0.731492
511362066035,-0.679233,-0.108768,0.089497,0.008650,0.008963,-0.006800,0.739905
511462078174,-0.493145,0.125181,-0.038303,0.017758,-0.012622,0.009330,0.705907
511562090313,-0.519156,0.047024,-0.017197,0.020669,-0.023866,0.023967,0.743245
511662102452,-0.528709,-0.120403,0.101441,0.034494,-0.033818,0.018146,0.654169
511762114590,-0.560017,-0.178368,0.082511,0.031186,-0.015524,0.010543,0.625109
511862126729,-0.641612,-0.174987,-0.059359,0.031067,-0.007795,-0.003075,0.643316
511962138868,-0.569623,-0.070346,-0.062345,0.054015,-0.015117,-0.006833,0.692772
512062151007,-0.600830,0.053065,0.006760,0.035533,-0.007649,-0.008266,0.624080
512162163146,-0.692771,0.067313,-0.074131,0.027140,-0.015668,0.005725,0.602350
512262175285,-0.738739,-0.041668,-0.100146,0.007299,-0.011072,0.020823,0.648706
512362187424,-0.737869,-0.048560,-0.012878,-0.012014,0.005577,0.011749,0.603557
512462199563,-0.307940,-0.201962,-0.135312,0.005296,0.003334,0.013008,0.629564
512562211701,-0.571828,-0.082983,-0.047929,-0.008513,-0.005154,0.022717,0.640159
512662223840,-0.440700,-0.061655,-0.101907,0.011475,-0.018064,0.007542,0.615938
512762235979,-0.392680,0.159550,-0.030391,0.009356,-0.006213,0.008712,0.615952
512862248118,-0.264733,0.284494,0.007195,0.026952,-0.010217,-0.011037,0.620272
512962260257,-0.875728,0.173396,-0.007187,0.006968,-0.004057,0.012411,0.610389
513062272396,-0.950380,0.338899,-0.000642,0.012259,-0.014883,0.008093,0.589705
513162284535,-0.864503,0.149239,-0.075219,0.013998,-0.003582,0.008466,0.598412
513262296673,-0.772212,0.201033,0.050701,0.015486,0.002237,-0.002707,0.606466
513362308812,-0.686643,0.396112,0.079019,0.016874,-0.003942,0.009498,0.652424
513462320951,-0.498389,0.160593,-0.146310,0.028818,-0.025062,-0.001988,0.633678
513562333090,-0.643965,0.165600,0.003636,0.013265,0.007141,-0.010576,0.661100
513662345229,-0.863658,-0.069034,-0.033001,0.006455,0.015389,-0.006988,0.713011
513762357368,-0.538879,-0.051236,0.033882,0.022696,-0.018845,-0.039151,0.725794
513862369507,-0.859350,-0.158188,-0.037184,0.006099,-0.010841,-0.027007,0.742537
513962381646,-0.499071,-0.081559,0.016161,0.027212,-0.005424,-0.054497,0.723353
514062393784,-0.379840,0.228065,0.062977,0.021259,0.000044,-0.058405,0.797795
514162405923,-0.397972,0.176295,-0.019412,0.012157,-0.005815,-0.019706,0.796197
514262418062,-0.310914,0.043573,-0.090474,-0.013913,-0.004217,0.010713,0.754489
514362430201,-0.084014,0.343343,-0.148371,-0.011202,0.007822,-0.006532,0.820581
514462442340,-0.283199,0.211341,0.010369,-0.029191,0.021436,0.019223,0.758118
514562454479,-0.660348,-0.236138,-0.029450,-0.030137,0.003307,0.031946,0.716859
514662466618,-1.004923,-0.122417,-0.033917,-0.035243,0.009756,0.029447,0.741279
514762478756,-0.804988,-0.145968,-0.015827,-0.031409,0.006483,-0.003149,0.704841
514862490895,-0.520044,-0.057342,0.012889,-0.014195,-0.013460,-0.016045,0.754572
514962503034,-0.409196,0.056094,0.037428,-0.009037,-0.008321,-0.025093,0.788715
515062515173,-0.250531,-0.142093,-0.080874,-0.004705,-0.003333,-0.034063,0.763190
515162527312,-0.328105,0.042455,0.036954,-0.010517,0.005035,-0.002552,0.825067
515262539451,-0.136024,0.004173,-0.049117,0.018152,-0.013409,-0.014626,0.726438
515362551590,-0.559824,0.167353,-0.068807,-0.003004,0.006193,0.004231,0.851875
515462563729,-0.904319,0.272796,0.013071,0.028070,0.000906,-0.013578,0.782891
515562575867,-1.017012,0.212619,0.016971,0.028936,0.008547,-0.016767,0.722429
515662588006,-0.797798,0.299973,0.098475,0.022562,-0.004446,-0.013713,0.746027
515762600145,-0.486821,-0.158703,0.013010,0.027661,-0.009777,-0.009529,0.775647
515862612284,-0.429489,-0.370753,-0.134601,0.034569,-0.017365,-0.019311,0.735550
515962624423,-0.435242,-0.317322,-0.029045,0.031061,-0.005528,-0.026043,0.808482
516062636562,-0.797469,-0.340513,0.074501,0.052886,-0.000015,-0.025105,0.791243
516162648701,-0.907179,-0.018746,-0.024335,0.064273,-0.012118,-0.052067,0.842182
516262660840,-0.990709,-0.189129,-0.107293,0.097821,-0.043158,-0.073728,0.822400
516362672978,-0.065375,0.166613,-0.059071,0.116122,-0.033562,-0.056628,0.780049
516462685117,-0.161895,-0.101727,-0.034225,0.066419,-0.024391,-0.038118,0.716540
516562697256,-0.041165,0.039171,-0.042754,0.079556,-0.029749,-0.018349,0.752181
516662709395,-0.491185,0.026361,0.032631,0.058830,-0.025036,-0.008043,0.698526
516762721534,-0.272577,0.242172,-0.016545,0.076613,-0.026120,-0.030693,0.710213
516862733673,-0.703780,-0.157934,-0.056547,0.050613,-0.012893,-0.014051,0.723714
516962745812,-0.779067,-0.082632,0.033302,0.059080,-0.016580,-0.025023,0.689341
517062757950,-0.969996,-0.142324,0.008640,0.014300,-0.000465,-0.004625,0.677146
517162770089,-0.396759,-0.099761,-0.078131,0.051165,-0.019576,-0.002804,0.682911
517262782228,0.006018,0.268767,-0.115357,-0.004090,0.009845,0.027048,0.659913
517362794367,0.019788,0.224882,-0.073290,0.007467,-0.002760,0.011063,0.694822
517462806506,-0.248719,0.081724,-0.082831,-0.029667,0.002732,0.027784,0.693597
517562818645,-1.102781,0.121881,-0.010303,-0.000981,-0.003254,0.021547,0.648651
517662830784,-1.399788,-0.049507,-0.006447,-0.033207,0.017469,0.028261,0.658188
517762842923,-0.961860,-0.144469,0.064785,-0.012406,0.014909,0.029184,0.717569
517862855061,-0.452474,0.212250,0.034237,-0.003557,0.012661,0.035110,0.698668
517962867200,-0.045745,0.014793,-0.097287,0.050725,-0.017643,-0.007052,0.717174
518062879339,-0.541427,0.017574,0.036627,0.014667,-0.007070,-0.007540,0.737601
518162891478,-0.814290,0.019589,0.101424,0.039690,-0.016506,0.007078,0.741576
518262903617,-1.090162,-0.294677,0.020551,0.008617,-0.010751,0.017952,0.741568
518362915756,-0.972557,-0.062845,0.039883,0.013871,0.006851,0.004279,0.741510
518462927895,-0.429002,-0.130567,-0.180491,0.006795,0.027071,-0.003169,0.746202
518562940033,-0.312828,-0.098963,-0.164384,-0.003551,0.003899,-0.004442,0.755573
518662952172,-0.349095,0.051513,0.004836,0.006188,0.003603,-0.000938,0.771891
518762964311,-0.573076,-0.046334,0.003300,-0.005677,0.010470,0.002026,0.730441
518862976450,-0.688420,0.210203,-0.071939,-0.015623,-0.000751,0.020898,0.732208
518962988589,-0.716124,-0.126545,-0.173918,-0.022139,0.002096,0.033583,0.755599
519063000728,-0.564719,0.189443,-0.040686,-0.036800,0.002535,0.028766,0.752589
519163012867,-0.549101,-0.019553,-0.047145,-0.029338,0.015607,0.026093,0.680975
519263025006,-0.548953,-0.176153,-0.147414,-0.025350,0.027620,0.020765,0.701510
519363037144,-0.498430,-0.037463,-0.088166,-0.030812,0.012325,-0.004790,0.757081
519463049283,-0.456131,-0.238084,-0.100445,-0.034692,-0.006419,0.006788,0.739991
519563061422,-0.409903,-0.206577,-0.071961,-0.036930,-0.007303,0.013428,0.779811
519663073561,-0.326791,-0.263572,-0.141348,-0.036910,0.017460,0.005764,0.766977
519763085700,-0.481311,-0.136843,-0.174861,-0.024205,0.026361,-0.005311,0.785387
519863097839,-0.461221,-0.033631,0.055936,-0.024477,0.008688,0.001667,0.792489
519963109978,-0.679458,-0.138168,-0.035012,-0.034264,0.019869,0.022657,0.718001
520063122117,-0.731335,-0.202629,-0.112323,-0.026156,0.022534,0.012142,0.741603
520163134255,-0.651474,0.015763,0.039182,-0.003335,0.012931,0.006147,0.707497
520263146394,-0.374495,-0.031524,-0.060007,-0.000847,0.021827,0.003961,0.685888
520363158533,-0.388314,0.022365,-0.000810,-0.006909,0.003343,-0.014173,0.683085
520463170672,-0.532384,-0.113125,0.016571,0.027410,-0.012529,-0.006449,0.620603
520563182811,-0.256053,-0.211935,-0.094211,0.033009,-0.008667,-0.026685,0.686822
520663194950,-0.589228,-0.163326,-0.045043,0.032138,-0.007696,-0.028553,0.685785
520763207089,-0.566312,-0.086467,-0.064808,0.044030,-0.009761,-0.021522,0.686708
520863219227,-0.587036,-0.105277,-0.155015,0.038764,-0.013207,-0.029084,0.704486
520963231366,-0.332162,0.032663,-0.139098,0.041003,-0.018427,-0.013134,0.678290
521063243505,-0.165128,0.112855,-0.026036,0.042313,-0.014949,-0.017637,0.652646
521163255644,-0.545491,0.160307,-0.042555,0.010480,-0.011231,0.000830,0.686524
521263267783,-0.628673,0.226343,-0.069750,0.014704,-0.009374,0.005061,0.649896
521363279922,-1.113708,-0.367924,-0.072389,-0.012929,-0.004004,0.005573,0.665624
521463292061,-0.560979,-0.189105,-0.134659,0.040046,-0.010446,-0.036070,0.666519
521563304200,-0.070270,0.030572,-0.094468,0.026147,-0.001478,-0.007045,0.652462
521663316338,-0.132465,-0.178634,-0.037133,0.048206,-0.019797,-0.001249,0.677984
521763328477,-0.331334,-0.055403,-0.033204,0.054057,-0.012683,-0.017755,0.732580
521863340616,-1.324312,-0.236856,0.010503,0.063756,-0.010325,-0.050369,0.669897
521963352755,-1.155228,-0.087669,-0.013158,0.074132,-0.023598,-0.045195,0.690920
522063364894,-1.123523,-0.015674,-0.025789,0.057065,-0.031364,-0.034451,0.697094
522163377033,-0.478285,0.129051,0.087095,0.081382,-0.028138,-0.063731,0.649129
522263389172,-0.529988,0.130168,0.159788,0.054431,-0.017998,-0.047364,0.659644
522363401310,-0.210495,-0.221093,-0.010979,0.057141,-0.041573,-0.023918,0.647174
522463413449,-0.295533,-0.303812,-0.010177,0.014460,-0.022769,0.004702,0.651897
522563425588,-0.268867,-0.163404,-0.042225,0.021361,0.000943,-0.011905,0.682388
522663437727,-0.496590,-0.167669,-0.019717,-0.010248,0.007378,-0.008434,0.689884
522763449866,-0.666940,-0.126785,-0.024782,-0.015147,0.002632,0.015596,0.677833
522863462005,-0.426084,0.172503,-0.013311,-0.047242,0.023627,0.021447,0.656079
522963474144,-0.262319,0.013913,-0.119697,-0.040098,0.020252,0.009982,0.632310
523063486283,-0.166308,0.207540,-0.026812,-0.044491,0.001813,0.004270,0.633412
523163498421,-0.710192,0.236742,0.026443,-0.058541,0.014764,0.025172,0.577331
523263510560,-0.377807,-0.053197,-0.103374,-0.052428,0.018253,0.013627,0.605455
523363522699,-0.820562,0.061605,-0.033088,-0.077673,0.033312,0.036644,0.612124
523463534838,-0.777112,0.167470,0.005716,-0.021747,0.004337,0.004146,0.645122
523563546977,-1.019584,0.103752,-0.037599,-0.049085,0.019604,0.029037,0.645999
523663559116,-0.645794,0.190216,-0.036857,-0.012524,-0.010679,0.012084,0.664958
523763571255,-0.257646,-0.104819,0.012559,-0.023721,-0.004710,0.001110,0.675464
523863583394,-0.018372,0.131313,0.136436,0.016617,-0.002588,-0.038622,0.698613
523963595532,-0.495537,-0.218007,-0.065522,-0.012492,-0.014039,0.007897,0.713763
524063607671,-0.621364,-0.174832,-0.013814,0.002903,-0.031698,0.011471,0.707932
524163619810,-0.713026,-0.260547,0.042264,0.005226,-0.006919,0.002689,0.764732
524263631949,-0.490254,0.136956,0.052644,0.006909,0.008597,-0.002803,0.711218
524363644088,-0.465647,-0.067095,-0.083650,-0.023264,0.012354,0.013725,0.732887
524463656227,-0.471744,0.202322,-0.021370,0.011021,0.002182,0.017734,0.715361
524563668366,-0.678326,0.198060,0.023384,0.018340,0.010510,0.005688,0.692202
524663680504,-1.022815,-0.079125,-0.091573,0.067685,0.003900,-0.031518,0.669930
524763692643,-1.052751,-0.384642,-0.240132,0.067297,-0.036474,-0.025083,0.723420
524863704782,-1.040082,0.149935,-0.001823,0.075308,-0.054731,-0.014059,0.708199
524963716921,-0.314265,0.436073,-0.085159,0.076274,-0.035573,-0.030260,0.711989
525063729060,-0.331598,0.087550,-0.201134,0.056563,-0.030829,-0.030701,0.763278
525163741199,-0.875244,-0.086070,0.039211,0.024168,-0.018125,0.012637,0.796338
525263753338,-0.805774,-0.199235,0.070426,0.022517,-0.017342,0.017835,0.782686
525363765477,-0.686694,-0.371729,0.191957,0.024634,-0.004929,-0.003581,0.810208
525463777615,-0.616287,-0.540819,0.015112,0.007041,0.024441,0.009590,0.857858
525563789754,-0.453539,-0.214108,-0.162967,0.005170,0.004352,-0.008552,0.844479
525663801893,-0.648040,-0.345972,-0.055305,-0.027541,0.002522,0.031173,0.844839
525763814032,-0.560369,-0.106417,-0.111984,-0.030418,-0.000153,0.010644,0.832972
525863826171,-0.234257,-0.035852,-0.235112,-0.033911,0.020570,0.016165,0.786007
525963838310,-0.216993,-0.083188,-0.119212,-0.014584,-0.010265,0.005514,0.764692
526063850449,-0.564521,-0.114903,-0.048492,-0.029505,-0.012427,0.011800,0.760164
526163862588,-0.780902,-0.279682,-0.024369,-0.014060,0.004642,-0.004402,0.779166
526263874726,-0.837402,-0.234686,-0.013370,-0.015793,0.002202,-0.006903,0.722623
526363886865,-0.462522,-0.037242,-0.058287,-0.004858,0.004111,-0.011490,0.722221
526463899004,-0.281458,-0.138366,-0.026829,-0.023414,0.008915,-0.011486,0.715134
526563911143,-0.374028,-0.026513,-0.018582,-0.027450,0.012697,0.010323,0.668886
526663923282,-0.514794,0.042506,-0.105474,-0.021550,0.005972,0.005400,0.681420
526763935421,-0.430592,-0.165110,-0.081374,0.003290,0.008419,-0.015760,0.690419
526863947560,-0.480192,-0.082756,0.016475,0.010598,0.011582,-0.025457,0.680960
526963959698,-0.663989,0.253438,-0.010653,-0.005086,0.007641,-0.000421,0.688893
527063971837,-0.766219,0.136534,-0.029983,-0.002735,-0.000045,0.006358,0.653418
527163983976,-0.659801,0.469753,0.069713,0.006619,0.007856,-0.012769,0.657549
527263996115,-0.761573,0.460525,0.083692,0.003916,0.011620,-0.013028,0.647457
527364008254,-0.731643,0.009104,-0.129938,0.006057,-0.002832,-0.009112,0.668260
527464020393,-0.629724,0.128947,-0.057733,0.015448,-0.013737,-0.022075,0.692501
527564032532,-0.349618,0.257492,0.034750,0.037046,-0.001231,-0.012001,0.719902
527664044671,-0.364905,-0.270267,-0.019757,0.042375,-0.013148,-0.023606,0.724282
527764056809,-0.164526,-0.199359,0.032278,0.054041,-0.017757,-0.028670,0.768355
527864068948,-0.605413,-0.295297,-0.019371,0.053733,-0.000644,-0.025194,0.781874
527964081087,-0.611073,0.100744,-0.037522,0.042732,-0.013047,-0.021915,0.790621
528064093226,-0.525283,0.131108,-0.047423,0.003499,-0.000374,0.004777,0.791632
528164105365,-0.633136,0.032817,-0.132782,0.008489,-0.001134,-0.002142,0.758809
528264117504,-0.893776,-0.037012,-0.098351,-0.012997,0.019768,0.028618,0.761044
528364129643,-0.686373,0.025661,-0.080972,-0.005033,-0.001938,0.003754,0.729427
528464141781,-0.116840,0.424174,-0.017196,-0.051966,0.014190,0.036594,0.748338
528564153920,-0.134233,0.001825,-0.033551,-0.056229,0.016187,0.026393,0.718661
528664166059,-0.216139,-0.139948,-0.165747,-0.057585,0.017599,0.012403,0.747351
528764178198,-0.722626,-0.163773,-0.116774,-0.055911,0.023593,0.017235,0.747911
528864190337,-0.638876,-0.024390,0.069259,-0.058028,0.019382,-0.004369,0.794904
528964202476,-0.471582,0.053354,0.046433,-0.051580,0.034012,0.018911,0.820054
529064214615,-0.421780,0.528166,0.007099,-0.035000,0.029598,-0.012836,0.833867
529164226754,-0.624710,0.419912,-0.004940,-0.020459,-0.007173,-0.017416,0.792905
529264238892,-0.524255,0.168723,-0.037744,0.014643,0.024357,-0.015048,0.766566
529364251031,-0.879491,0.008340,-0.000676,0.025762,0.021575,-0.040025,0.791793
529464263170,-0.562951,-0.229520,-0.094546,0.029645,-0.006400,-0.024280,0.766442
529564275309,-0.550421,-0.135714,-0.070166,-0.008922,-0.004772,0.003412,0.781066
529664287448,-0.487506,0.143576,-0.026759,-0.023366,0.008537,-0.006015,0.826112
529764299587,-0.502503,0.124315,-0.141293,-0.017715,0.009634,0.008601,0.829105
529864311726,-0.530257,-0.217863,-0.147261,-0.033713,0.009595,-0.000968,0.799296
529964323865,-0.508114,-0.188681,0.029208,-0.006453,-0.005260,-0.006041,0.802728
530064336003,-0.283699,-0.294550,-0.000408,-0.007527,-0.001207,-0.028339,0.793895
530164348142,-0.214302,-0.197308,-0.046939,-0.009736,0.004949,-0.019067,0.773700
530264360281,-0.235369,-0.042572,-0.082418,-0.003238,-0.006703,0.005072,0.757686
530364372420,-0.338735,-0.105184,-0.058819,-0.003780,-0.001624,0.002213,0.766071
530464384559,-0.485484,0.122697,0.011778,0.003440,0.006491,0.003485,0.719162
530564396698,-0.534389,-0.120963,-0.002941,-0.000026,-0.013814,0.003902,0.719835
530664408837,-0.439467,-0.244709,-0.052711,0.008656,-0.013167,0.006293,0.697047
530764420975,-0.619391,-0.210051,-0.047000,0.008002,-0.003655,-0.015186,0.691821
530864433114,-0.643757,-0.105808,-0.033968,0.003307,0.000473,0.002031,0.650102
530964445253,-0.656150,0.171516,0.036510,0.007419,-0.002518,0.002807,0.667772
531064457392,-0.501697,0.093687,-0.035997,0.005780,-0.000578,-0.005370,0.644713
531164469531,-0.468443,-0.201891,-0.083172,0.013114,-0.007025,-0.011553,0.631487
531264481670,-0.507851,-0.116271,0.052585,0.001285,0.004166,-0.007456,0.632441
531364493809,-0.621145,-0.167680,0.101203,0.020654,-0.004361,-0.007556,0.619931
531464505948,-1.030840,0.195376,-0.025342,-0.010054,0.004376,-0.009509,0.627184
531564518086,-0.608532,0.281467,-0.073634,0.035023,-0.022753,-0.014934,0.626899
531664530225,-0.297742,0.225152,-0.025184,0.024205,-0.007397,-0.013617,0.597243
531764542364,-0.180399,0.245785,-0.064173,0.049138,-0.019562,-0.026596,0.595964
531864554503,-0.205461,0.055637,0.029039,0.055712,-0.007447,-0.025316,0.604311
531964566642,-0.620463,-0.012845,-0.016725,0.051110,-0.000842,-0.017610,0.648224
532064578781,-0.522058,-0.027283,-0.139332,0.057037,-0.031341,-0.013781,0.591939
532164590920,-0.812433,-0.235287,-0.108783,0.040627,-0.034120,0.006719,0.655169
532264603058,-0.567691,0.087157,-0.082847,0.066073,-0.022415,-0.018490,0.632597
532364615197,-0.672549,-0.237480,0.013935,0.031800,-0.007581,-0.013603,0.687491
532464627336,-0.223782,-0.304371,-0.051980,0.053253,-0.022915,-0.023676,0.727044
532564639475,-0.246719,-0.085920,0.029076,0.012207,-0.018122,-0.003958,0.711886
532664651614,-0.790866,-0.346990,0.003382,0.029323,-0.007350,0.006870,0.689199
532764663753,-1.079086,-0.418081,0.000062,-0.010738,0.013259,0.015909,0.712658
532864675892,-0.656830,0.127331,0.051558,0.008490,0.023949,-0.001518,0.654039
532964688031,-0.331891,-0.026176,-0.132590,-0.000479,0.027955,0.012775,0.712930
533064700169,-0.168835,0.108344,-0.151912,-0.005797,-0.001746,0.001705,0.657346
533164712308,-0.312612,0.406767,-0.024763,-0.032944,-0.014928,0.038375,0.686283
533264724447,-0.811939,0.099675,-0.013007,-0.008455,0.008871,0.016409,0.652117
533364736586,-1.215529,0.169855,0.058190,-0.020885,0.037070,0.019359,0.720233
533464748725,-0.787890,0.043860,0.002472,-0.009140,0.014361,0.010784,0.653166
533564760864,-0.130976,0.061285,-0.043211,-0.034868,-0.003442,0.037298,0.713117
533664773003,-0.018544,0.422444,-0.062120,-0.020894,-0.010410,0.025487,0.713358
533764785142,-0.440221,0.184027,-0.143558,-0.041137,-0.001920,0.026321,0.741045
533864797280,-0.541913,-0.221867,-0.115007,-0.016093,0.003472,0.026431,0.764705
533964809419,-0.247778,0.163937,0.064512,-0.053615,0.007056,0.016521,0.802702
534064821558,-0.091870,0.097595,-0.030120,-0.038553,0.021787,0.051620,0.793993
534164833697,-0.350798,0.258915,0.046346,-0.042910,0.023171,0.038213,0.833741
534264845836,-0.885556,-0.155541,-0.064023,-0.042874,0.017623,0.056364,0.872745
534364857975,-1.161719,-0.284160,-0.032802,-0.036315,0.019559,0.073040,0.871720
534464870114,-1.017078,-0.347054,0.037586,-0.038310,0.034689,0.016624,0.903306
534564882252,-0.448868,-0.215097,-0.024406,-0.019656,0.017309,0.022222,0.861568
534664894391,-0.617516,-0.054769,-0.092860,-0.044377,-0.002268,0.015176,0.889998
534764906530,-0.420153,-0.493089,-0.121180,-0.046001,-0.003947,0.006685,0.869147
534864918669,-0.581442,-0.565908,-0.021570,-0.049678,0.015056,0.007419,0.865246
534964930808,-0.440306,-0.370379,0.075984,-0.018654,-0.000461,-0.029991,0.879610
535064942947,-0.707200,-0.461716,-0.052237,-0.038531,0.002751,0.021842,0.851497
535164955086,-0.500104,0.014162,-0.090183,0.004876,-0.027493,-0.003540,0.897097
535264967225,-0.335534,0.112563,-0.044645,-0.004185,0.002564,0.012475,0.801329
535364979363,-0.177204,0.541848,-0.010719,0.027277,0.016348,-0.009360,0.796924
535464991502,-0.577577,0.159424,-0.008075,0.015796,-0.006900,0.010019,0.818405
535565003641,-0.778531,-0.184051,0.060822,0.018134,-0.032993,0.008063,0.797388
535665015780,-0.522425,0.019040,-0.011318,0.043963,-0.019388,-0.016210,0.804990
535765027919,-0.396646,-0.456635,-0.059750,0.032160,-0.022375,-0.017808,0.750556
535865040058,-0.522526,-0.457190,-0.054289,0.010278,-0.025854,-0.003121,0.768434
535965052197,-0.572213,-0.433143,0.063021,0.019504,-0.018884,-0.004492,0.767380
536065064336,-0.856891,-0.215646,-0.010619,-0.014592,-0.004150,0.002716,0.788453
536165076474,-0.616110,-0.191938,-0.037622,-0.003462,-0.008204,-0.008220,0.746233
536265088613,-0.358864,-0.081641,-0.023743,-0.016199,0.002658,-0.011247,0.721553
536365100752,-0.096950,-0.057611,-0.128527,0.012290,-0.009870,-0.026281,0.665531
536465112891,-0.282367,-0.222008,-0.052945,0.011014,-0.002261,-0.015966,0.627087
536565125030,-0.748075,-0.098033,0.095397,0.016594,-0.006133,-0.021840,0.683225
536665137169,-0.938018,-0.145753,0.087717,0.011214,-0.000701,-0.006004,0.655653
536765149308,-0.722015,0.009317,0.018000,0.021203,-0.000530,-0.022876,0.607602
536865161446,-0.279755,0.067800,-0.039765,0.009672,0.010004,-0.019147,0.619885
536965173585,-0.284111,-0.104960,-0.047822,0.020182,-0.001304,-0.018341,0.619887
537065185724,-0.286635,-0.419319,-0.055125,0.009298,-0.001602,-0.016646,0.618597
537165197863,-0.479183,-0.667733,-0.058533,0.013920,-0.000336,-0.012743,0.595032
537265210002,-0.339168,-0.516930,-0.015570,0.027776,-0.003501,-0.015043,0.560824
537365222141,-0.511214,-0.750313,-0.066819,0.005455,0.007311,-0.010800,0.615947
537465234280,-0.330319,-0.605731,-0.058158,0.022970,-0.005303,-0.020753,0.618494
537565246419,-0.384238,-0.674720,-0.002729,0.012459,-0.006041,-0.004990,0.499979
537665258557,-0.204403,-0.632525,-0.114601,-0.000015,-0.004155,-0.016002,0.447924
537765270696,-0.191139,-0.663398,-0.087854,-0.000387,-0.004993,0.000453,0.449614
537865282835,-0.211250,-0.686128,-0.120919,0.019925,-0.008162,-0.006285,0.409561
537965294974,-0.426155,-0.228987,-0.009921,-0.003210,0.006883,-0.001575,0.279049
538065307113,-0.591653,0.050520,-0.075590,0.001136,-0.001884,0.000700,0.191723
538165319252,-0.775270,0.185640,-0.023871,-0.003678,0.010146,0.007515,0.145992
538265331391,-0.606289,0.000332,-0.053142,0.001101,0.005643,0.005441,0.080276
538365343529,-0.498851,0.168740,0.025138,-0.018440,0.008847,0.005150,0.030474
538465355668,-0.395419,0.087874,-0.023178,-0.004328,0.007834,0.005717,0.020597
538565367807,-0.453361,0.268400,-0.063346,-0.022569,0.013434,0.008499,0.015408
538665379946,-0.727171,0.295875,-0.041393,-0.029381,0.014061,0.010498,0.011944
538765392085,-0.702181,0.136429,-0.024725,-0.034844,0.015736,0.008873,0.015941
538865404224,-0.718967,0.277482,-0.005408,-0.024831,0.013250,0.012339,0.032408
538965416363,-0.539693,0.342708,-0.008745,-0.023835,0.008568,0.012815,0.057081
539065428502,-0.617402,0.080944,0.015318,-0.035251,0.020761,0.015320,0.085013
539165440640,-0.393014,0.179674,-0.055884,-0.040314,0.020093,0.012911,0.104816
539265452779,-0.673493,0.361881,-0.056851,-0.043148,0.021653,0.023525,0.122363
539365464918,-0.559581,0.314516,-0.109811,-0.033215,0.013905,0.018202,0.155075
539465477057,-0.786450,0.067792,0.006995,-0.041582,0.019605,0.021258,0.191260
539565489196,-0.665769,0.254686,0.034020,-0.026464,0.019438,0.010504,0.220701
539665501335,-0.752242,0.313469,0.028728,-0.031724,0.012727,0.022682,0.230000
539765513474,-0.532580,0.235462,-0.045052,-0.009683,-0.001031,0.010509,0.240555
539865525613,-0.601331,0.386384,-0.080465,-0.018903,-0.000491,0.017181,0.288703
539965537751,-0.471954,0.483097,-0.091956,-0.017329,0.012840,0.016510,0.339147
540065549890,-0.710893,0.149474,-0.023362,-0.029661,0.013489,0.014246,0.347334
540165562029,-0.646352,0.314233,-0.016320,0.002094,-0.006979,0.010271,0.344617
540265574168,-0.668345,0.226288,0.061769,0.000885,-0.004189,0.001995,0.413124
540365586307,-0.407098,-0.032714,-0.071996,0.025707,0.000196,-0.003620,0.499536
540465598446,-0.207999,0.105306,-0.155944,0.004473,-0.000796,0.002123,0.473632
540565610585,-0.104301,0.215574,-0.138741,0.014461,-0.011679,0.010796,0.524115
540665622723,-0.467803,0.287434,-0.121069,0.013070,0.015815,-0.000156,0.578854
540765634862,-0.348053,0.081579,-0.151271,0.051770,-0.013019,-0.010480,0.548553
540865647001,-0.601986,0.319756,-0.094431,0.032663,-0.013569,-0.009933,0.610401
540965659140,-0.602995,0.025418,-0.154570,0.049358,-0.012869,-0.036196,0.656886
541065671279,-0.881710,0.008157,-0.027337,0.046314,-0.015663,-0.027323,0.513135
541165683418,-0.544560,0.039267,-0.129196,0.059605,-0.027597,-0.035207,0.676142
541265695557,-0.644259,-0.077510,-0.159675,0.048414,-0.003014,-0.022240,0.674282
541365707696,-0.285848,0.112923,-0.167398,0.055355,0.001061,-0.037982,0.663177
541465719834,-0.560759,0.023249,0.001171,0.024420,-0.009567,-0.026861,0.701255
541565731973,-0.495958,0.262984,0.089690,0.009849,-0.004591,-0.011996,0.786815
541665744112,-0.606571,0.056664,0.034263,-0.003368,-0.004291,-0.006956,0.754014
541765756251,-0.670364,0.182426,-0.036349,-0.000134,0.002413,-0.008952,0.730160
541865768390,-0.615788,0.311092,-0.095862,-0.002214,-0.000397,-0.022635,0.769661
541965780529,-0.654517,0.141188,-0.086143,-0.013648,0.006665,-0.021889,0.780812
542065792668,-0.909355,0.115976,-0.031010,0.018478,-0.015554,-0.050360,0.788473
542165804806,-0.819905,-0.020257,-0.000436,0.009754,-0.013690,-0.021884,0.772320
542265816945,-0.552632,-0.080719,0.017325,-0.002715,-0.021406,-0.019801,0.824917
542365829084,-0.288171,0.212132,-0.012804,-0.001586,0.016308,-0.022139,0.787655
542465841223,-0.139464,0.300472,-0.050686,0.012362,0.014568,-0.044601,0.865602
542565853362,-0.421091,-0.010002,-0.208157,0.007359,-0.015409,-0.011904,0.921707
542665865501,-0.878096,0.058337,-0.070530,0.022924,-0.029180,-0.041301,0.840230
542765877640,-0.777706,-0.091814,-0.022967,0.026783,-0.004626,-0.033150,0.916188
542865889779,-0.467426,0.269351,0.088479,0.028722,-0.023244,-0.029727,0.922219
542965901917,-0.151391,0.254612,-0.039599,-0.004601,-0.015627,-0.000156,0.816820
543065914056,-0.069226,0.075423,-0.108007,0.051880,-0.028168,-0.011644,0.945758
543165926195,-0.569727,0.223115,0.022063,0.024877,0.003820,-0.012482,0.889300
543265938334,-0.982732,0.083798,-0.080368,0.055334,-0.008510,-0.023406,0.948159
543365950473,-1.089057,0.169030,-0.141590,0.048947,-0.029208,-0.027096,1.036180
543465962612,-0.893765,-0.100151,0.021761,0.075379,-0.054492,-0.045243,0.898978
543565974751,-0.080658,0.123641,-0.068517,0.070457,-0.040511,-0.038714,0.910106
543665986890,0.082792,-0.024221,-0.036366,0.073485,-0.027669,-0.033494,0.916691
543765999028,-0.081868,0.013890,-0.140799,0.071973,-0.037530,-0.015666,1.021793
543866011167,-0.705690,0.088536,-0.119445,0.056244,-0.029807,-0.012902,0.942170
543966023306,-0.599485,0.010833,-0.111082,0.059148,-0.036411,-0.027282,0.980295
544066035445,-0.840927,0.014138,-0.006185,0.035858,-0.044531,-0.009121,0.928363
544166047584,-0.649599,-0.351791,0.023554,0.044348,-0.045425,-0.015091,0.938726
544266059723,-0.644703,-0.233496,-0.024005,0.027931,-0.036659,0.015668,1.031225
544366071862,-0.634915,0.054544,0.020213,0.034673,-0.019221,0.014759,0.901805
544466084000,-0.515337,0.140831,-0.076288,0.008558,-0.010469,0.015629,0.907194
544566096139,-0.611703,0.171985,-0.107242,0.011878,-0.009511,0.014958,1.019326
544666108278,-0.761004,0.072616,-0.005746,0.008479,-0.020532,-0.001922,0.928283
544766120417,-0.817901,0.033761,0.025614,0.019892,-0.030966,0.006552,0.994844
544866132556,-0.804170,-0.392311,-0.016500,0.000826,-0.014003,-0.007711,0.957418
544966144695,-0.590335,-0.080062,0.064290,0.016261,0.003375,-0.027463,0.948353
545066156834,-0.699669,-0.216850,-0.051389,0.008109,0.009035,-0.031002,1.099382
545166168973,-0.661246,-0.012543,-0.192465,-0.021580,0.003571,-0.012220,1.035971
545266181111,-0.683469,0.105235,0.064575,-0.034231,-0.011869,0.019405,1.085817
545366193250,-0.616747,-0.059308,0.080380,-0.012059,0.013349,-0.021204,1.029162
545466205389,-0.845046,0.070708,0.205927,-0.021346,0.055792,-0.028700,1.011011
545566217528,-0.598840,-0.207606,-0.092195,-0.015558,0.026328,-0.027415,0.983569
545666229667,-0.655647,-0.047031,0.037079,-0.036811,0.022230,-0.014081,0.962936
545766241806,-0.769028,0.285326,0.090619,-0.029142,0.027261,-0.026829,1.004009
545866253945,-0.812677,-0.010609,0.007866,-0.034064,0.035273,-0.023953,1.004013
545966266084,-0.379123,-0.222971,-0.147880,-0.010485,0.001544,-0.035521,1.004565
546066278222,-0.179642,-0.161647,0.025025,-0.053724,-0.000191,-0.017754,1.025281
546166290361,-0.065093,0.244297,-0.011460,-0.052856,0.028339,-0.002551,1.031767
546266302500,-0.198100,0.117663,-0.133834,-0.057426,0.012396,-0.012470,1.074760
546366314639,-0.723903,-0.128545,-0.008594,-0.070743,0.016055,0.037083,0.981631
546466326778,-0.618838,-0.581740,-0.119678,-0.087150,0.012552,0.034651,1.114114
546566338917,-0.804804,-0.345863,0.034250,-0.078172,0.027314,0.027526,1.035313
546666351056,-0.168571,-0.266052,-0.134975,-0.059720,0.041544,0.022402,0.940766
546766363194,-0.143098,-0.125717,-0.131342,-0.055612,0.045148,0.014364,1.032992
546866375333,0.045467,-0.087022,-0.056506,-0.023024,0.040209,0.002279,1.065070
546966387472,-0.287409,0.031351,0.027394,-0.031824,0.032397,0.023422,1.031127
547066399611,-0.387504,0.305330,-0.008988,-0.001952,0.010887,0.024392,1.007358
547166411750,-0.712194,0.190405,-0.152101,-0.002405,0.001639,0.012226,1.029247
547266423889,-0.672491,-0.030633,-0.170239,0.006516,-0.008450,0.007141,1.022390
547366436028,-0.585194,-0.235049,-0.108208,0.019246,-0.022430,0.005967,0.946800
547466448167,-0.540030,-0.161339,-0.005074,0.028647,-0.015438,-0.027189,1.000272
547566460305,-0.603327,-0.095246,0.086700,0.022142,0.009605,0.007263,1.010105
547666472444,-0.494496,0.004257,0.025343,0.020988,-0.000228,0.001037,1.101997
547766484583,-0.703358,-0.337236,0.027272,-0.001590,-0.001059,0.025019,0.996827
547866496722,-0.402701,-0.111600,-0.091105,-0.033954,0.004853,0.049262,0.977251
547966508861,-0.149177,-0.398546,-0.101936,0.013581,0.001418,0.011128,1.039278
548066521000,-0.450030,-0.475586,-0.097015,-0.025409,0.036909,0.018074,0.914012
548166533139,-0.773608,-0.683356,0.051416,-0.038426,0.003326,0.007779,0.946182
548266545277,-0.706627,-0.360416,0.096142,-0.048288,-0.004650,0.017426,0.938719
548366557416,-1.089157,-0.266415,-0.085166,-0.076194,0.007316,0.034720,0.992086
548466569555,-0.447202,0.017668,-0.143729,-0.055720,0.000576,0.022425,0.769645
548566581694,-0.416835,-0.145136,-0.045351,-0.050508,0.011511,0.023582,0.889400
548666593833,-0.173335,0.169509,-0.042754,-0.041161,0.008992,0.027498,0.940823
548766605972,-0.582594,0.388307,0.142188,-0.052241,0.042377,0.043277,0.846440
548866618111,-0.750052,0.263059,0.201521,-0.035281,0.055974,0.002315,0.787337
548966630250,-0.978363,0.085856,0.005222,-0.019543,0.027696,0.009907,0.851901
549066642388,-0.777584,0.048886,-0.071198,-0.016923,0.002345,-0.005942,0.886021
549166654527,-0.568945,0.033500,-0.015119,-0.029782,0.004688,-0.008761,0.918419
549266666666,-0.512173,-0.144515,-0.109603,-0.016191,-0.006433,-0.014959,0.766111
549366678805,-0.584871,-0.337075,-0.090806,-0.024538,0.005149,-0.001197,0.888371
549466690944,-0.455328,-0.160745,0.002539,-0.020423,0.003649,-0.009407,0.876532
549566703083,-0.570433,0.024824,0.029987,-0.041550,0.030506,0.007013,0.900971
549666715222,-0.425813,0.214172,0.066787,-0.031787,0.026545,0.001687,0.956585
549766727361,-0.694639,-0.032965,-0.063252,-0.031524,0.002262,0.023728,0.888635
549866739499,-0.723740,-0.114758,-0.040848,-0.007713,-0.006898,0.007699,0.816258
549966751638,-0.771059,0.016929,0.076670,-0.009530,0.020033,-0.012072,0.913108
550066763777,-0.740975,-0.079953,0.079045,0.021040,0.007474,-0.005670,0.851123
550166775916,-0.260568,0.180117,-0.039777,0.027100,-0.002441,-0.031797,0.884874
550266788055,-0.272167,-0.079564,-0.135423,0.008057,-0.013679,-0.039521,0.862282
550366800194,-0.272960,0.046994,-0.040237,0.023119,-0.018082,-0.017363,0.891516
550466812333,-0.400615,0.122131,-0.127040,0.024253,-0.011040,-0.001486,0.890949
550566824471,-0.648237,0.227872,-0.059348,0.013579,0.004576,-0.011327,0.907113
550666836610,-0.903208,-0.172562,0.009933,0.026352,0.001748,-0.019860,0.920271
550766848749,-0.664620,-0.226861,0.057232,0.038794,0.005298,-0.026743,0.852040
550866860888,-0.584351,0.268258,0.098077,0.036735,0.006716,-0.031337,0.883893
550966873027,-0.072013,0.183118,-0.074526,0.037349,-0.011549,-0.035610,0.811715
551066885166,-0.310182,0.212725,-0.092870,0.014579,-0.009924,-0.000513,0.876306
551166897305,0.159330,0.327888,-0.184362,0.073468,-0.046863,0.001177,0.816819
551266909444,-0.537266,-0.370578,-0.290001,-0.009144,-0.010952,0.039971,0.823940
551366921582,-1.020761,-0.001662,0.102710,0.016926,0.029683,-0.007051,0.867451
551466933721,-1.026381,-0.072784,0.219313,-0.046501,0.060365,0.015523,0.886442
551566945860,-1.060468,-0.411177,-0.104725,-0.071304,0.019659,0.036942,0.879666
551666957999,-0.506447,-0.191612,-0.004365,-0.067120,-0.000213,0.037345,0.968099
551766970138,-0.312973,0.055592,0.087001,-0.033438,0.008751,-0.000479,0.981515
551866982277,-0.298419,0.315397,0.038267,-0.008189,0.023631,-0.016752,0.965744
551966994416,-0.470278,-0.118234,-0.147236,-0.048082,0.019099,0.006103,0.988070
552067006554,-0.351903,-0.037563,-0.219889,-0.024660,-0.005144,0.036160,1.015082
552167018693,-0.634526,-0.160617,-0.140402,-0.034656,0.004506,0.045023,0.953244
552267030832,-0.400872,-0.160239,-0.069276,-0.038182,0.007473,0.016240,0.849996
552367042971,-0.633989,-0.291136,-0.000532,-0.047310,0.005785,0.054022,0.966213
552467055110,-0.300039,-0.249459,-0.056918,-0.027566,-0.009890,0.037289,0.942770
552567067249,-0.416484,-0.103929,-0.142062,-0.016931,-0.007293,0.026287,0.933191
552667079388,-0.612283,-0.246623,-0.150847,-0.027256,0.004911,0.013846,0.925858
552767091527,-0.555578,-0.424559,-0.082848,-0.015683,0.004032,0.026676,0.938588
552867103665,-0.322148,-0.227041,-0.078065,0.006823,-0.002392,-0.001234,0.997338
552967115804,-0.332844,-0.095004,-0.049081,-0.007085,0.008713,0.010290,0.897141
553067127943,-0.774238,-0.062122,-0.005389,-0.017025,0.011912,0.022365,0.952367
553167140082,-0.706123,-0.026292,-0.036456,-0.009456,0.000353,0.032529,0.908925
553267152221,-0.597765,0.077327,-0.055133,0.002589,-0.007520,0.015102,0.876788
553367164360,-0.354790,0.304722,-0.011017,-0.026280,0.003726,0.016828,0.840037
553467176499,-0.453112,0.099690,0.043001,-0.023979,0.007799,0.035924,0.826826
553567188638,-0.421453,0.135070,-0.096673,-0.019366,0.011831,0.029862,0.816180
553667200776,-0.645939,-0.041655,-0.119602,-0.007104,0.009489,0.004081,0.763342
553767212915,-0.272711,-0.052180,-0.061378,-0.017233,0.011169,0.046132,0.838570
553867225054,-0.063764,0.261670,-0.056663,-0.003158,0.011252,0.017567,0.800026
553967237193,-0.327808,-0.039367,-0.185814,-0.004505,0.027565,0.028638,0.847518
554067249332,-0.822595,-0.274439,-0.152757,-0.012361,0.005025,0.038504,0.790798
554167261471,-0.914464,0.112974,-0.043418,-0.010350,-0.012940,0.041524,0.873852
554267273610,-0.959138,-0.017737,0.067586,-0.024467,0.004903,0.037632,0.864055
554367285748,-0.417804,-0.232418,-0.063548,-0.020112,0.005647,0.033139,0.881884
554467297887,-0.803077,-0.110135,0.049448,-0.017208,0.015296,0.023674,0.858143
554567310026,-0.705486,-0.224284,-0.088047,0.019778,-0.016482,-0.018810,0.916157
554667322165,-0.492532,-0.015626,0.007566,0.049827,-0.020818,-0.017926,0.912913
554767334304,-0.304722,-0.039721,-0.112844,0.028429,-0.035873,-0.026100,0.903354
554867346443,-0.367963,0.272554,0.083828,0.022443,-0.007942,-0.017301,0.893549
554967358582,-0.739753,0.326631,0.112295,0.019810,0.020933,-0.027273,0.874510
555067370721,-0.692485,0.131947,-0.079477,0.018671,-0.008860,-0.000205,0.889849
555167382859,-0.641444,0.315686,-0.060067,0.002421,-0.004962,0.004007,0.893262
555267394998,-0.437863,0.295722,0.050696,-0.011073,0.020052,0.006222,0.834025
555367407137,-0.240833,0.238883,-0.002935,0.005471,0.014058,-0.016830,0.852819
555467419276,-0.205889,-0.198399,-0.240207,-0.003178,-0.006289,0.012526,0.891855
555567431415,-0.325625,0.054495,-0.244704,-0.008116,-0.001379,0.021177,0.992344
555667443554,-0.770695,0.097497,-0.109235,-0.047726,0.031840,-0.002297,0.998539
555767455693,-0.616757,-0.027648,-0.120652,-0.047477,0.038137,-0.005324,0.990868
555867467831,-0.495788,-0.158569,-0.144685,-0.031674,0.018434,0.023281,1.021037
555967479970,-0.332284,-0.066670,0.053219,-0.005397,-0.005454,0.000797,1.002690
556067492109,-0.040897,0.269471,0.017856,-0.038895,0.005598,0.006865,1.003616
556167504248,0.047250,0.191645,-0.134004,0.015850,-0.013262,-0.028766,1.068490
556267516387,-0.369131,0.111692,-0.123770,0.000983,-0.019548,-0.019959,0.965767
556367528526,-0.868992,0.016165,0.167737,0.025366,-0.041537,-0.027573,0.976024
556467540665,-0.547397,-0.172694,0.157244,0.025580,-0.044174,-0.024597,1.011674
556567552804,-0.787161,-0.329888,-0.065482,0.030241,-0.025100,-0.031067,1.027519
556667564942,-0.468227,0.033373,-0.176620,0.043600,-0.025164,-0.021795,1.026930
556767577081,-0.392604,-0.387281,-0.203480,0.022427,0.002143,-0.016562,0.969557
556867589220,-0.605637,-0.337703,-0.072874,-0.000097,-0.022399,-0.011720,0.990638
556967601359,-0.189122,0.042113,-0.171340,-0.003016,-0.009357,-0.008149,0.944140
557067613498,0.051511,-0.229557,-0.151007,-0.058021,0.007604,0.026368,0.971212
557167625637,-0.793718,-0.139303,0.050749,-0.078170,0.027087,0.053617,0.901943
557267637776,-0.891407,-0.119292,-0.028497,-0.094312,0.036075,0.069515,0.940299
557367649915,-1.057592,-0.152380,0.006821,-0.085571,0.038687,0.058127,0.960064
557467662053,-0.765761,0.034520,0.008339,-0.019025,0.012704,0.009567,0.872189
557567674192,-1.369227,0.016626,0.046698,-0.071688,0.023971,0.035508,0.914893
557667686331,-0.352900,0.114865,-0.176147,0.025551,-0.005363,-0.006695,0.852090
557767698470,-0.125841,-0.059750,-0.090837,-0.032314,0.012818,0.020172,0.856731
557867710609,-0.148807,0.253859,-0.222275,0.018833,-0.022696,-0.001054,0.892853
557967722748,-0.416811,-0.086106,-0.252940,0.048171,-0.004083,-0.033245,0.878303
558067734887,-1.424661,-0.447167,0.144284,0.069571,-0.024643,-0.093537,0.871711
558167747025,-1.177237,-0.474428,0.035792,0.065843,-0.030272,-0.064006,0.843887
558267759164,-1.027080,0.048160,0.285882,0.069226,-0.044045,-0.063641,0.872726
558367771303,-0.039260,0.252600,-0.012091,0.083376,-0.042293,-0.063568,0.903786
558467783442,-0.507165,-0.252061,-0.140923,0.020198,-0.023249,-0.040888,0.923952
558567795581,-0.288713,0.110161,-0.023682,0.057128,-0.027732,-0.038190,0.887609
558667807720,-0.873004,-0.086233,0.070048,0.054139,0.004587,-0.047035,0.804599
558767819859,-0.347524,-0.074698,0.137395,0.072984,0.005818,-0.062480,0.969040
558867831998,-0.830314,-0.005085,0.190368,0.019222,0.013164,-0.010916,0.963320
558967844136,-0.188049,0.209610,-0.207625,0.048960,-0.021445,-0.007759,0.857958
559067856275,-0.209456,0.265160,-0.161957,0.008473,-0.004326,0.009914,0.931030
559167868414,-0.272524,0.180920,-0.096576,0.006001,0.022607,0.040089,0.843906
559267880553,-0.316290,-0.168470,-0.198145,-0.049724,0.064438,0.065833,0.776606
559367892692,-0.732542,-0.078497,-0.111321,-0.020160,0.001008,0.063903,0.993577
559467904831,-0.974434,-0.800185,-0.150406,-0.086564,-0.014710,0.102570,0.872293
559567916970,-1.098729,-0.746377,0.168017,-0.063669,0.030995,0.082472,0.835349
559667929109,-0.608765,-0.742520,-0.070364,-0.042053,0.056822,0.039027,0.981459
559767941247,-0.636586,-0.428065,0.023025,-0.026506,0.034440,0.020123,0.954792
559867953386,-0.374683,0.041176,0.177996,-0.014056,0.005150,0.032912,0.954319
559967965525,-0.593005,0.058368,-0.016596,-0.034400,0.001403,0.076853,0.883589
560067977664,-0.291341,0.111577,-0.114588,-0.011533,-0.003383,0.088464,0.882165
560167989803,-1.109171,-0.440384,-0.088345,-0.042741,0.009305,0.075161,0.769853
560268001942,-0.708854,-0.689975,-0.180498,0.008717,0.002052,0.004441,0.797780
560368014081,-0.482163,-0.561140,-0.193259,-0.014195,0.001202,-0.001705,0.750826
560468026219,0.150669,0.155668,-0.028906,0.059854,-0.012461,-0.040337,0.653901
560568038358,0.015336,0.402505,0.020444,0.032308,-0.010266,-0.025134,0.732759
560668050497,-0.671130,0.103260,0.021257,0.092082,-0.034110,-0.014920,0.762285
560768062636,-1.193903,0.000879,-0.092594,0.054621,-0.022713,0.022475,0.627707
560868074775,-0.746818,-0.004403,-0.016970,0.092902,-0.051722,0.002490,0.596119
560968086914,-0.425622,-0.036427,-0.257989,0.098663,-0.056720,-0.012699,0.583735
561068099053,-0.477633,0.017585,-0.188977,0.173059,-0.087140,-0.093733,0.520870
561168111192,-0.180802,-0.421512,-0.049958,0.140418,-0.061939,-0.120887,0.684250
561268123330,-1.064815,-0.820100,-0.084882,0.165700,-0.058462,-0.127195,0.616018
561368135469,-0.971445,-0.333930,0.152863,0.125599,-0.057018,-0.082098,0.681976
561468147608,-1.125771,-0.319461,0.056126,0.114765,-0.068705,-0.057887,0.651538
561568159747,-0.220555,-0.224899,-0.017635,0.140610,-0.042145,-0.070320,0.583846
561668171886,-0.486694,0.044372,0.007864,0.123144,-0.031243,-0.071385,0.668496
561768184025,-0.067295,0.488963,-0.050504,0.131402,-0.045349,-0.064702,0.518731
561868196164,-0.632470,0.121860,-0.026052,0.091584,-0.032351,-0.020144,0.464237
561968208302,-0.358433,0.133479,-0.005963,0.113737,-0.054384,-0.039927,0.551214
562068220441,-1.180555,0.083872,-0.052188,0.070516,-0.026631,-0.019308,0.519079
562168232580,-0.956634,-0.008500,-0.021383,0.081157,-0.027016,-0.033974,0.432407
562268244719,-0.909408,-0.230050,0.021963,0.054884,-0.020116,-0.012376,0.419760
562368256858,-0.315302,0.111415,0.001352,0.077254,-0.021059,-0.017668,0.463652
562468268997,-0.615658,0.156466,0.026979,0.018830,-0.000212,0.000924,0.484525
562568281136,-0.510491,-0.039295,-0.040185,0.016835,0.017197,0.005718,0.537891
562668293275,-0.824106,-0.121443,0.041784,-0.004265,0.014651,0.006434,0.490995
562768305413,-0.872888,0.175517,0.005843,-0.000953,0.000497,0.009083,0.454640
562868317552,-0.647757,0.232481,-0.146051,-0.023586,0.013116,-0.000096,0.547941
562968329691,-0.513335,-0.156528,-0.079871,-0.016638,0.007805,-0.015365,0.500459
563068341830,-0.408460,0.038009,-0.013408,-0.031045,0.006824,0.004954,0.450462
563168353969,-0.681815,0.209806,0.057120,-0.022086,0.021711,0.015664,0.534475
563268366108,-0.488490,0.165746,0.054907,-0.017265,0.007813,-0.015252,0.567404
563368378247,-0.520157,0.492232,0.137676,-0.018037,0.011917,0.008118,0.535208
563468390386,-0.817908,0.304047,0.103379,-0.005236,-0.002403,0.022711,0.631369
563568402524,-0.484140,0.241900,0.044073,0.016735,-0.023391,0.008225,0.539629
563668414663,-0.879817,0.338749,-0.038620,0.017120,-0.030201,0.008503,0.555986
563768426802,-0.634443,0.145841,0.020797,0.019521,-0.022256,0.001004,0.663076
563868438941,-0.973862,0.146753,0.067654,-0.016034,0.003098,0.032238,0.532838
563968451080,-0.353705,0.199556,-0.010239,0.035784,0.001557,-0.002784,0.661317
564068463219,-0.158618,0.130231,-0.151045,-0.041832,0.020996,0.010522,0.669421
564168475358,-0.191652,0.083761,-0.011238,-0.039645,0.010567,0.038598,0.642364
564268487496,-0.171102,-0.297099,-0.208795,-0.084093,0.035388,0.055852,0.653573
564368499635,-1.150060,-0.346474,-0.053357,-0.069616,0.060250,0.026665,0.667718
564468511774,-0.784579,0.136735,0.147001,-0.081794,0.057958,0.020097,0.727104
564568523913,-0.854644,-0.180723,0.060923,-0.089518,0.027150,0.030951,0.734242
564668536052,-0.700608,-0.192624,0.076290,0.028816,0.001525,-0.031283,0.722684
564768548191,-1.576048,-0.541847,0.095994,-0.068060,0.054998,0.019929,0.615433
564868560330,-0.660697,-0.192124,-0.070536,-0.046420,0.047765,0.009413,0.615698
564968572469,-1.081976,-0.192741,-0.110486,-0.088367,0.074134,0.012597,0.611198
565068584607,-0.193224,-0.118662,-0.096362,-0.023640,0.032479,-0.029867,0.596984
565168596746,-0.551494,-0.006300,-0.096874,-0.055181,0.043663,0.020111,0.571340
565268608885,-0.036471,-0.106213,-0.159726,-0.017190,0.020621,-0.001357,0.523599
565368621024,-0.704631,-0.123991,0.000246,-0.048610,0.038014,-0.010916,0.526196
565468633163,-0.856123,-0.077474,-0.101883,0.009928,0.012748,-0.049017,0.510978
565568645302,-1.165184,-0.529463,-0.073251,-0.023883,0.002757,-0.007442,0.436122
565668657441,-0.279159,-0.283777,-0.161827,0.025563,-0.026753,-0.027932,0.573820
565768669579,-0.390034,0.046160,-0.083285,0.003849,-0.013505,-0.016830,0.435789
565868681718,-0.921345,-0.218221,-0.020719,0.032485,-0.014820,-0.043726,0.436881
565968693857,-0.906167,0.083706,0.023756,0.023077,-0.000399,-0.034066,0.539762
566068705996,-0.615847,0.113347,0.024337,0.045387,-0.016977,-0.038307,0.464961
566168718135,-0.253605,0.092783,0.003943,0.032754,-0.004798,-0.013892,0.492570
566268730274,-0.425002,0.264670,-0.087544,0.031195,-0.005550,-0.001978,0.472463
566368742413,-0.329812,0.217513,-0.023672,0.043408,-0.008120,-0.008017,0.434307
566468754552,-0.461030,-0.026366,-0.011320,0.041231,-0.015147,-0.004799,0.443907
566568766690,-0.497225,-0.069620,-0.204595,0.042998,-0.019846,0.001938,0.445572
566668778829,-0.694868,-0.466241,-0.025303,0.035615,-0.025079,-0.002072,0.418983
566768790968,-0.591992,-0.559491,0.017541,0.047771,-0.031507,-0.002406,0.508376
566868803107,-0.737860,-0.308943,0.044062,0.019758,-0.009561,0.005232,0.526368
566968815246,-0.511547,-0.257703,-0.016729,0.023458,-0.006352,-0.004676,0.429399
567068827385,-0.381153,-0.030298,-0.009918,0.009389,-0.012693,0.015985,0.501808
567168839524,-0.361183,0.312145,-0.055142,0.020791,-0.000228,0.007317,0.488650
567268851663,-0.556772,0.163314,-0.034788,0.010074,-0.000312,-0.000774,0.368389
567368863801,-0.856513,-0.053913,0.057757,0.000852,0.004774,0.022601,0.380696
567468875940,-0.897937,0.036957,-0.074958,-0.014078,-0.003821,0.035365,0.360996
567568888079,-0.786890,-0.201676,-0.091851,-0.011201,-0.000047,0.019277,0.314130
567668900218,-0.516707,0.038777,0.043244,-0.004041,0.002945,0.007471,0.325485
567768912357,-0.664458,-0.042844,-0.025412,-0.005740,0.004985,0.010164,0.335345
567868924496,-0.404157,-0.208341,-0.108969,-0.017086,0.006255,0.010661,0.312982
567968936635,-0.836146,-0.148104,0.009603,-0.021238,0.000911,0.014293,0.349971
568068948773,-0.568605,-0.100753,0.032118,-0.019432,0.010686,0.015510,0.389689
568168960912,-0.811812,0.121685,-0.011802,-0.031957,0.014652,0.025544,0.336565
568268973051,-0.761225,0.251861,0.034068,-0.020303,0.002363,0.019578,0.334562
568368985190,-1.069035,0.398429,0.082161,-0.045756,0.039259,0.030966,0.370831
568468997329,-0.548010,0.616535,0.092321,0.003279,0.015923,0.001408,0.304706
568569009468,-0.310853,0.435888,-0.002909,-0.009015,0.007846,0.021706,0.294920
568669021607,-0.248624,0.772846,0.099774,0.023244,0.014441,0.022226,0.369573
568769033746,-0.716497,0.618927,0.109245,-0.011307,0.025547,0.029390,0.337268
568869045884,-1.037899,0.128741,-0.045560,0.024983,-0.008456,0.012187,0.345290
568969058023,-1.111074,0.041701,0.105122,-0.012827,0.009361,0.032083,0.494240
569069070162,-0.655889,0.153947,0.255527,0.072727,-0.015096,-0.009563,0.530482
569169082301,0.111633,0.238413,-0.207110,-0.019788,0.020717,0.023343,0.497164
569269094440,0.775608,0.388949,-0.368581,0.095819,-0.045409,-0.045421,0.643175
569369106579,-0.283924,-0.290353,-0.119363,0.046028,-0.031893,-0.025242,0.594807
569469118718,-1.830774,-0.802607,0.064115,0.131057,-0.052311,-0.097582,0.618743
569569130857,-1.660085,-0.530762,0.073498,0.105807,-0.046897,-0.102635,0.648255
569669142995,-1.195878,-0.081619,0.067532,0.138740,-0.059296,-0.104156,0.614229
569769155134,0.356744,0.123224,-0.260250,0.097602,-0.062309,-0.085159,0.552936
569869167273,0.178872,0.272687,-0.145522,0.125996,-0.073541,-0.073628,0.608028
569969179412,0.068704,0.285522,-0.114677,0.112814,-0.043732,-0.077767,0.545862
570069191551,-1.479451,0.043459,-0.115130,0.078148,-0.047649,-0.097616,0.546685
570169203690,-0.657550,-0.256576,-0.042715,0.105764,-0.070578,-0.128082,0.463651
570269215829,-0.944898,-0.204313,0.113169,0.069977,-0.050790,-0.114081,0.548797
570369227967,-0.250115,-0.363386,-0.221573,0.040010,-0.058957,-0.078963,0.649827
570469240106,-0.504196,-0.356678,0.008132,0.013185,-0.031753,-0.034389,0.613497
570569252245,-0.111353,-0.014976,0.040550,0.049413,-0.015480,-0.071605,0.564074
570669264384,-0.583996,0.192395,-0.109541,0.005433,0.008509,-0.060733,0.562676
570769276523,-0.431860,0.220489,-0.072317,0.021207,-0.020251,-0.040858,0.444363
570869288662,-0.845976,-0.002411,-0.018227,-0.022603,-0.004003,0.003727,0.427339
570969300801,-0.583166,0.260546,-0.047771,-0.006722,-0.008438,-0.012944,0.469684
571069312940,-0.686076,-0.172524,-0.133301,-0.038196,0.013540,-0.013906,0.465708
571169325078,-0.446486,-0.000524,-0.134356,-0.043268,0.013881,-0.026742,0.470828
571269337217,-0.448953,-0.045511,-0.058939,-0.052569,0.003321,-0.018314,0.425456
571369349356,-0.662053,-0.181384,0.020277,-0.047253,0.011527,-0.009553,0.502264
571469361495,-0.751765,-0.412739,-0.058588,-0.071550,0.009917,0.002287,0.446886
571569373634,-0.607046,-0.369831,-0.083778,-0.052180,0.011080,-0.002264,0.425217
571669385773,-0.291775,-0.042258,-0.059870,-0.081898,0.027426,0.003085,0.464103
571769397912,-0.672746,-0.023596,-0.029773,-0.068480,0.027515,-0.000132,0.445715
571869410050,-0.577414,-0.141837,0.024349,-0.074109,0.020939,0.007401,0.472241
571969422189,-0.688997,-0.226478,0.048484,-0.084147,0.027269,0.016405,0.398980
572069434328,-0.396796,-0.248302,-0.041031,-0.054756,0.009547,0.011889,0.370076
572169446467,-0.641776,-0.016311,0.031971,-0.054125,0.020174,0.018005,0.351465
572269458606,-0.505066,-0.071857,-0.039389,-0.038810,0.020781,-0.000485,0.341111
572369470745,-0.517334,0.139918,-0.061641,-0.039143,0.011250,0.001709,0.375075
572469482884,-0.436878,0.223912,-0.028409,-0.034424,0.016642,-0.005260,0.307393
572569495023,-0.612332,0.331230,0.045360,-0.033030,0.014871,-0.001844,0.236364
572669507161,-0.782276,0.231526,-0.000309,-0.036590,0.012738,-0.001685,0.240419
572769519300,-0.632288,0.011294,-0.069174,-0.030980,0.007323,-0.004900,0.262793
572869531439,-0.675128,0.183582,-0.001953,-0.043604,0.022171,-0.002680,0.279319
572969543578,-0.532678,0.278141,0.017941,-0.033042,0.017218,-0.024767,0.291616
573069555717,-0.570525,0.133877,-0.108530,-0.034717,0.012160,-0.010239,0.327073
573169567856,-0.345308,0.382927,-0.088073,-0.022974,0.011290,-0.021732,0.338212
573269579995,-0.395460,0.187447,-0.071127,-0.040851,0.014183,-0.011114,0.315491
573369592134,-0.419622,0.294028,-0.059163,-0.034471,0.012826,0.001279,0.355406
573469604272,-0.471984,0.314875,-0.011874,-0.042231,0.008376,0.015947,0.405560
573569616411,-0.529340,0.187415,-0.051664,-0.045308,0.016404,0.006268,0.364490
573669628550,-0.143915,-0.075394,-0.197117,-0.043073,0.021504,0.015027,0.386950
573769640689,-0.440393,-0.291323,-0.131400,-0.056852,0.020812,0.016258,0.455693
573869652828,-0.457446,0.134549,-0.009577,-0.022490,0.014128,0.011014,0.508288
573969664967,-0.597240,0.100873,-0.044737,-0.030176,0.015463,0.009521,0.494078
574069677106,-0.576416,-0.007124,-0.049103,-0.004048,-0.001954,0.002151,0.423493
574169689244,-0.558927,0.300991,0.068539,-0.009810,0.004717,0.007088,0.535305
574269701383,-0.479190,0.440640,-0.076328,-0.000607,-0.002253,0.014740,0.506518
574369713522,-0.496841,0.205302,-0.034743,-0.002543,0.010333,0.009420,0.460310
574469725661,-0.547327,0.098364,-0.050091,-0.004323,0.008229,0.019757,0.524540
574569737800,-0.474742,0.184765,-0.045814,0.007329,-0.001589,0.013907,0.498874
574669749939,-0.327443,0.019173,-0.091362,0.003589,-0.004156,0.017702,0.531575
574769762078,-0.442690,0.235124,-0.045981,0.009321,0.011163,0.013021,0.542159
574869774217,-0.617484,0.146583,-0.000876,0.015073,-0.004060,0.007265,0.621778
574969786355,-0.507242,0.144057,-0.173936,0.019179,-0.014555,0.022935,0.679825
575069798494,-0.444959,0.224185,-0.193096,0.034410,-0.016686,0.020243,0.510321
575169810633,-0.447359,0.031412,-0.060937,0.025241,-0.011101,0.000580,0.618635
575269822772,-0.738645,0.104308,-0.003334,0.027828,-0.009582,-0.002323,0.634691
575369834911,-0.796374,-0.278969,-0.140068,0.028476,-0.017985,0.011631,0.614704
575469847050,-0.592014,-0.164879,-0.057462,0.037960,-0.024088,-0.019320,0.719916
575569859189,-0.413901,-0.003705,-0.060865,0.021886,-0.016430,0.004305,0.631933
575669871327,-0.686371,0.040247,0.015115,0.018033,0.003121,0.014747,0.754530
575769883466,-0.540462,-0.088240,-0.052993,0.020237,-0.000999,-0.009390,0.713143
575869895605,-0.525033,-0.143043,-0.021848,0.024104,-0.011944,-0.009934,0.714366
575969907744,-0.450335,-0.177454,-0.025306,0.031789,-0.021479,0.011473,0.692281
576069919883,-0.379913,-0.245153,-0.044588,0.014683,-0.017612,-0.003344,0.747054
576169932022,-0.442837,-0.217365,-0.009870,0.024866,-0.006443,0.007001,0.708957
576269944161,-0.511440,-0.352837,-0.003939,0.022908,0.006694,-0.003758,0.714638
576369956300,-0.402986,-0.076526,-0.008011,0.029169,-0.001011,-0.019746,0.708236
576469968438,-0.664396,-0.159278,0.036811,0.040723,-0.026291,-0.022227,0.691309
576569980577,-0.460443,0.033925,-0.004114,0.044826,-0.016916,-0.019380,0.687278
576669992716,-0.557970,-0.092549,-0.052493,0.007594,-0.009726,-0.000942,0.679945
576770004855,-0.662014,0.173719,0.067296,0.014494,0.001828,0.000480,0.689584
576870016994,-0.628373,-0.056179,0.026090,0.007231,-0.005046,0.000071,0.547186
576970029133,-0.501763,-0.023251,-0.106771,0.007424,-0.020367,0.005692,0.627449
577070041272,-0.418125,-0.180542,-0.035616,-0.001864,-0.018345,0.020434,0.604839
577170053411,-0.488653,-0.000290,-0.004791,0.002724,-0.002267,0.002892,0.606056
577270065549,-0.666575,-0.170829,-0.091243,-0.003832,-0.006124,-0.007104,0.637320
577370077688,-0.737692,0.188834,0.061502,0.006980,-0.002216,-0.000813,0.627927
577470089827,-0.650973,0.047565,0.057568,-0.001610,0.011646,-0.002065,0.578278
577570101966,-0.659764,0.093703,-0.020529,-0.012742,-0.009357,0.003635,0.590767
577670114105,-0.206957,-0.214178,-0.145747,-0.016793,0.000756,0.024763,0.561820
577770126244,-0.343512,-0.116688,-0.019441,-0.027560,0.010760,0.016888,0.506099
577870138383,-0.356455,-0.357858,-0.002653,-0.014733,0.009747,0.021512,0.642941
577970150521,-0.641411,-0.214699,-0.012100,-0.000468,0.004998,0.012170,0.568339
578070162660,-0.464120,-0.011126,-0.144642,-0.009626,0.006523,0.024302,0.596008
578170174799,-0.469944,0.232488,-0.046667,0.006306,0.014392,0.018878,0.566389
578270186938,-0.405627,0.336931,-0.137152,0.010384,0.017763,0.011335,0.527528
578370199077,-0.756735,0.185999,-0.110033,-0.004522,0.010077,0.026525,0.520131
578470211216,-0.414434,0.214070,0.026765,0.010983,-0.009798,0.023558,0.519669
578570223355,-0.473348,-0.183642,-0.082087,0.008351,-0.009159,0.018560,0.518635
578670235494,-0.486522,-0.071331,-0.040104,0.040290,-0.007247,0.013043,0.601558
578770247632,-0.450490,0.063958,0.031706,0.031230,0.000025,0.012976,0.483766
578870259771,-0.303417,0.241066,0.065294,0.054295,-0.013768,0.000873,0.597466
578970271910,-0.520353,0.024837,-0.007427,0.048694,-0.014319,0.016904,0.686329
579070284049,-0.846250,-0.148454,0.034546,0.086196,-0.040670,-0.001269,0.507839
579170296188,-0.839357,-0.007706,0.022430,0.071310,-0.027019,-0.000870,0.551651
579270308327,-0.848296,-0.193653,0.093911,0.089843,-0.020107,-0.013683,0.570050
579370320466,-0.548290,-0.157637,-0.069290,0.087548,-0.030453,-0.004487,0.549079
579470332605,-0.723172,-0.112939,-0.119022,0.072345,-0.032569,0.001317,0.624063
579570344743,-0.621418,-0.213029,-0.030805,0.070005,-0.017275,-0.015559,0.572531
579670356882,-0.932813,-0.100407,0.062249,0.020220,-0.002032,-0.012157,0.538312
579770369021,-0.666380,-0.151995,0.013057,-0.011765,0.011308,-0.012937,0.497449
579870381160,-0.940785,-0.195546,0.083036,-0.031096,0.033879,0.017815,0.577165
579970393299,-0.469894,0.423651,0.044721,-0.039582,0.019725,0.023418,0.618642
580070405438,-0.585168,0.207618,-0.028498,-0.052335,0.029433,0.041933,0.550048
580170417577,-0.354359,0.080440,-0.105251,-0.044384,0.037159,0.036675,0.589964
580270429715,-0.830584,0.144212,-0.003192,-0.063975,0.052246,0.034010,0.583674
580370441854,-0.553142,0.159649,-0.007872,-0.019542,0.022698,0.003452,0.533668
580470453993,-0.906456,-0.283153,-0.110169,-0.050847,0.015675,0.008005,0.656274
580570466132,-0.537696,-0.198976,-0.077155,-0.018599,0.009630,-0.007006,0.637942
580670478271,-0.653736,-0.061790,-0.030853,-0.059170,0.027883,0.000461,0.587708
580770490410,-0.053084,0.168095,-0.024290,-0.002804,-0.001801,-0.010152,0.639134
580870502549,-0.387557,0.225920,-0.076261,-0.045082,0.017850,0.035306,0.666043
580970514688,-0.158404,0.432801,-0.136832,0.002625,-0.006457,0.013469,0.732562
581070526826,-0.962020,-0.013834,0.037763,-0.048189,0.026497,0.032055,0.674584
581170538965,-1.014273,-0.100557,0.051310,0.004861,0.006392,-0.003587,0.619295
581270551104,-1.248814,-0.127209,0.071148,-0.023624,0.021121,-0.003093,0.679506
581370563243,-0.583664,-0.044483,0.015832,0.014534,-0.003075,-0.044508,0.633180
581470575382,-0.219708,0.160491,-0.081322,-0.008366,0.006861,-0.018095,0.729764
581570587521,0.072671,-0.135073,-0.142941,0.006351,-0.006468,-0.032770,0.722272
581670599660,-0.424029,-0.511542,-0.190272,-0.008697,0.000427,-0.007617,0.708319
581770611798,-0.371909,-0.318877,-0.134844,0.012011,0.004932,-0.018768,0.756011
581870623937,-0.059677,-0.411539,-0.099794,0.012236,-0.017780,-0.010355,0.773300
581970636076,-0.454687,-0.215272,0.000392,0.027293,-0.022878,0.006890,0.790715
582070648215,-0.145283,-0.032359,0.059371,0.051854,-0.004170,-0.029264,0.782552
582170660354,-0.816338,0.005891,-0.055494,0.033714,0.004983,-0.038259,0.673654
582270672493,-0.590806,-0.098047,-0.165364,0.065547,-0.017069,-0.036205,0.728482
582370684632,-1.011912,-0.154821,0.082830,0.057620,-0.022547,-0.026289,0.661488
582470696771,-0.362889,-0.114957,-0.013079,0.068583,-0.024375,-0.035749,0.561173
582570708909,-0.921681,-0.152189,-0.007222,0.005946,0.005915,-0.003399,0.584016
582670721048,-0.241722,0.009196,-0.127716,0.052599,-0.021556,-0.019753,0.699118
582770733187,-0.381655,0.023354,-0.116624,-0.012415,0.020798,-0.005031,0.615892
582870745326,-0.043504,0.030604,-0.145929,0.027742,-0.009867,-0.020524,0.561463
582970757465,-0.637649,-0.053954,0.006514,-0.015375,0.006596,0.012311,0.624468
583070769604,-0.933966,-0.228719,0.027575,-0.012783,0.012768,0.001201,0.640496
583170781743,-0.957285,-0.324066,-0.096450,-0.046452,0.006698,0.009909,0.598557
583270793882,-0.904523,-0.163693,-0.018095,-0.034119,0.012846,0.008756,0.594265
583370806020,-0.503101,0.147462,-0.035632,-0.029375,0.006404,-0.009789,0.634292
583470818159,-0.364284,0.127647,-0.097353,-0.016392,0.011246,-0.014320,0.544235
583570830298,-0.388646,-0.005411,-0.140433,0.005212,0.003587,-0.019254,0.544987
583670842437,-0.516007,-0.157532,-0.040088,0.003473,-0.005334,-0.014062,0.624649
583770854576,-0.528282,0.110189,-0.016856,0.000808,-0.005568,0.002813,0.569895
583870866715,-0.453923,-0.152908,-0.082070,0.017676,-0.011428,0.000898,0.553283
583970878854,-0.674228,0.247646,0.013627,0.016225,-0.018282,0.000918,0.543068
584070890992,-0.692313,0.097744,0.112627,0.006788,0.000914,0.008402,0.638903
584170903131,-0.412076,-0.074164,-0.094325,0.000568,0.011024,0.002286,0.557031
584270915270,-0.478866,0.307260,-0.029938,0.013836,0.002835,-0.003682,0.580572
584370927409,-0.251953,0.067115,-0.077941,0.021242,-0.014513,-0.012785,0.627267
584470939548,-0.489424,0.101369,-0.091703,0.017335,-0.010797,0.018590,0.574378
584570951687,-0.691437,0.088046,-0.030977,0.037085,-0.022173,0.012225,0.612477
584670963826,-0.760563,-0.007962,0.075838,0.034350,-0.031463,-0.002657,0.589761
584770975965,-0.689370,-0.098830,-0.055567,0.064896,-0.034280,-0.003454,0.607657
584870988103,-0.243404,-0.151115,-0.097288,0.034835,-0.015342,-0.002344,0.725988
584971000242,-0.088600,-0.037405,-0.196737,0.067376,-0.037719,-0.013843,0.660175
585071012381,-0.684403,-0.357077,0.022201,0.026899,-0.003781,0.008882,0.621634
585171024520,-0.811065,-0.156025,0.045459,0.030906,-0.012145,-0.015483,0.748182
585271036659,-0.825648,-0.145616,0.045501,0.034293,-0.014001,-0.005137,0.693912
585371048798,-0.590201,0.080192,0.032747,0.047256,-0.017822,-0.023347,0.638875
585471060937,-0.307952,0.102485,0.009994,0.024093,0.008777,-0.003178,0.692317
585571073075,-0.320183,0.167136,0.134733,0.057575,0.006914,-0.003107,0.639313
585671085214,-0.824573,0.143251,0.194449,0.022996,-0.001361,0.009998,0.573105
585771097353,-0.597246,-0.244067,-0.124790,0.051570,-0.017656,0.021453,0.657043
585871109492,-0.232235,0.022852,-0.187156,0.062080,-0.031345,-0.021769,0.672056
585971121631,-0.434962,-0.110356,-0.072473,0.047921,-0.020158,-0.020085,0.691776
586071133770,-0.468435,-0.063163,-0.094766,0.059884,-0.034331,-0.011999,0.564585
586171145909,-0.680169,0.001809,-0.034956,0.047139,-0.029732,-0.012785,0.660229
586271158048,-0.580795,0.123340,-0.044280,0.045566,-0.019905,-0.019361,0.689330
586371170186,-0.647693,0.001048,-0.012237,0.055243,-0.028253,-0.034923,0.589916
586471182325,-0.445442,-0.160544,-0.071765,0.042267,-0.031632,-0.020139,0.584264
586571194464,-0.326417,-0.055922,-0.108079,0.051493,-0.034002,-0.012805,0.700727
586671206603,-0.537240,-0.300168,-0.093461,0.034100,-0.022136,0.005517,0.586401
586771218742,-0.416929,-0.107522,-0.075014,0.017724,-0.017594,0.015058,0.644721
586871230881,-0.554972,-0.022540,0.049201,0.008042,-0.007261,0.017706,0.668364
586971243020,-0.727207,0.013618,0.036955,0.017044,-0.020752,0.005758,0.628173
587071255159,-0.847360,-0.060122,-0.122134,0.027562,-0.018990,0.005050,0.665990
587171267297,-0.708741,0.054422,0.022600,0.025046,0.000868,-0.035124,0.622564
587271279436,-0.607805,0.015415,-0.030733,0.001753,0.010685,-0.040021,0.584867
587371291575,-0.482540,0.128194,-0.037011,0.033424,-0.013512,-0.012401,0.580000
587471303714,-0.651336,0.373645,0.040074,-0.015853,0.003727,0.009449,0.542962
587571315853,-0.375563,0.135724,-0.049692,0.011153,-0.000958,-0.002933,0.576590
587671327992,-0.643359,0.320421,-0.031845,-0.019317,0.014072,0.000763,0.591752
587771340131,-0.820867,0.318437,0.036768,0.002530,-0.007734,-0.018998,0.565031
587871352269,-1.018048,-0.101549,0.074038,-0.040368,0.025849,0.004392,0.716335
587971364408,-0.325381,-0.028169,-0.175919,-0.006772,-0.010321,-0.019096,0.582678
588071376547,-0.394948,0.099069,-0.050931,-0.038994,0.004943,-0.007206,0.667816
588171388686,-0.334952,-0.097430,-0.005604,-0.012440,0.002083,-0.003062,0.653973
588271400825,-0.520052,-0.078285,-0.010754,-0.008213,-0.005890,-0.022016,0.678470
588371412964,-0.511106,0.116795,0.099838,0.003546,0.005820,-0.001363,0.718964
588471425103,-0.579941,-0.197864,0.011946,-0.008882,-0.003179,-0.007142,0.733254
588571437242,-0.539351,-0.189827,0.010604,-0.000704,0.000558,-0.024230,0.728967
588671449380,-0.679271,-0.280291,-0.105380,-0.000632,0.019560,-0.024214,0.734645
588771461519,-0.424955,-0.236582,-0.023788,-0.026503,0.018825,-0.031441,0.662227
588871473658,-0.432250,-0.139326,-0.019813,-0.010906,-0.016055,-0.009471,0.734986
588971485797,-0.237494,-0.272457,-0.152259,-0.003744,-0.004721,-0.001931,0.687350
589071497936,-0.495791,0.097572,0.002842,-0.031084,0.009585,0.000317,0.679153
589171510075,-0.302180,-0.037692,-0.136289,0.001919,0.002121,-0.007935,0.621271
589271522214,-0.534915,0.173246,0.030127,-0.026195,0.025417,0.004717,0.620511
589371534352,-0.595473,-0.151165,-0.118877,-0.028124,-0.001362,0.010181,0.593754
589471546491,-0.705714,0.090463,-0.010064,-0.027893,-0.001723,0.029718,0.626189
589571558630,-0.604720,-0.136163,0.039797,-0.039496,0.018101,0.015631,0.627905
589671570769,-0.454355,-0.074780,0.002130,-0.035662,0.017221,0.005020,0.580157
589771582908,-0.691026,-0.037323,-0.048744,-0.052589,0.009497,0.025421,0.619167
589871595047,-0.550358,0.010341,0.029117,-0.040041,0.008182,0.023308,0.566533
589971607186,-0.663183,0.069351,-0.107284,-0.023534,0.003597,-0.001995,0.650919
590071619325,-0.811434,-0.062177,-0.021054,-0.040023,0.023471,-0.002226,0.629465
590171631463,-0.606382,0.131462,-0.077170,-0.022810,0.019388,-0.012973,0.590122
590271643602,-0.515732,0.280606,-0.045247,-0.011833,0.004679,-0.024098,0.642315
590371655741,-0.563705,-0.025968,-0.119743,-0.023722,0.009822,0.001975,0.651465
590471667880,-0.394477,0.343364,0.047251,-0.030160,0.017305,0.004730,0.678959
590571680019,-0.555346,-0.064629,-0.070232,-0.038749,0.020909,0.023885,0.622455
590671692158,-0.338064,-0.122757,-0.239142,-0.010317,0.001933,0.025246,0.693178
590771704297,-0.953554,-0.189163,-0.017561,-0.056621,0.024854,0.025582,0.713421
590871716436,-0.556264,-0.346975,-0.039104,0.000450,0.000394,0.014195,0.725435
590971728574,-0.706825,-0.127616,0.036583,-0.011432,-0.007011,0.027042,0.740826
591071740713,-0.471060,-0.247722,-0.187183,0.009305,-0.015075,0.022780,0.744686
591171752852,-0.407972,-0.198205,-0.047212,0.017596,0.002467,-0.002121,0.739220
591271764991,-0.336596,-0.086425,-0.115069,0.005162,0.009025,-0.008605,0.741928
591371777130,-0.552325,-0.336360,-0.110036,0.013924,0.009444,0.027006,0.729533
591471789269,-0.081729,0.141161,-0.026612,-0.042576,0.017340,0.044351,0.666457
591571801408,-0.221339,-0.093651,-0.038931,-0.023415,0.017777,0.051241,0.725064
591671813546,-0.422287,0.002756,0.064015,-0.004453,-0.004533,0.024144,0.644237
591771825685,-0.914922,-0.055655,0.099650,-0.019146,0.014627,0.038270,0.656064
591871837824,-0.442519,-0.212558,-0.078521,-0.003896,0.008469,0.028042,0.599633
591971849963,-0.800923,0.001818,-0.027476,-0.015129,0.004943,0.021896,0.617787
592071862102,-0.585081,-0.011804,-0.013124,0.015164,-0.003684,0.008731,0.607601
592171874241,-0.832879,-0.192322,-0.001648,-0.013168,0.010140,0.019199,0.596710
592271886380,-0.346663,0.008458,-0.101405,0.027047,-0.004742,0.001603,0.564596
592371898519,-0.466231,-0.226002,-0.131408,-0.012686,0.003677,0.027658,0.585697
592471910657,-0.535033,0.164900,0.103476,0.007979,0.005756,0.019827,0.556542
592571922796,-0.788081,-0.012092,-0.016993,-0.003115,-0.011065,0.008379,0.518423
592671934935,-0.836502,-0.102599,0.046347,0.040687,-0.048787,-0.004062,0.541571
592771947074,-0.861421,-0.233556,0.017478,0.024699,-0.024862,0.000381,0.559685
592871959213,-0.644759,-0.473092,0.007780,0.047680,-0.024591,-0.039007,0.495782
592971971352,-0.242768,-0.127701,-0.020577,0.047489,-0.034194,-0.022649,0.507385
593071983491,-0.252160,-0.143728,-0.193736,0.046805,-0.037955,-0.016490,0.531342
593171995630,-0.325779,0.255489,-0.003575,0.053656,-0.020823,-0.018899,0.534200
593272007768,-0.923534,0.151636,0.097361,0.060570,-0.028613,-0.027324,0.522488
593372019907,-0.641923,0.297507,-0.036331,0.074073,-0.033147,-0.027214,0.482646
593472032046,-0.976511,0.346868,-0.017267,0.051956,-0.022991,-0.003707,0.442277
593572044185,-0.659464,0.281512,0.055069,0.067176,-0.021924,-0.018116,0.425541
593672056324,-1.004347,0.432107,0.022986,0.037965,-0.016206,0.002795,0.480701
593772068463,-0.544958,0.417359,0.045424,0.064321,-0.006432,-0.011987,0.455410
593872080602,-1.050004,0.431654,0.171272,0.032643,-0.009380,-0.007517,0.445554
593972092740,-0.991966,0.393697,0.134181,0.043618,-0.012425,-0.003685,0.513172
594072104879,-1.018548,-0.191585,-0.110949,0.012776,0.002565,0.001090,0.571905
594172117018,-0.785354,0.514130,-0.161224,0.050002,-0.010620,-0.040915,0.574182
594272129157,-0.995866,-0.058541,-0.297168,0.006957,-0.018935,-0.021047,0.639925
594372141296,-0.485732,0.316049,-0.087291,0.035505,-0.003498,-0.026410,0.656123
594472153435,-0.390809,0.510669,0.001871,-0.057130,0.042628,-0.002330,0.685816
594572165574,-0.208303,-0.025109,-0.164228,-0.044243,-0.001495,0.037410,0.797916
594672177713,-0.469042,-0.236996,0.101577,-0.076603,0.005305,0.064916,0.789196
594772189851,-1.255379,0.122046,0.227061,-0.092581,0.044418,0.044400,0.814425
594872201990,-0.914823,-0.095924,0.213030,-0.119237,0.051481,0.052410,0.888070
594972214129,-1.215037,0.009517,-0.090546,-0.129026,0.022869,0.062819,0.928054
595072226268,-0.255159,0.344464,-0.133435,-0.088396,-0.001416,0.070815,0.914135
595172238407,-0.115603,-0.068008,0.004793,-0.090934,0.026818,0.032873,0.845310
595272250546,0.204381,-0.116850,-0.199288,-0.072386,0.026831,0.019827,0.876935
595372262685,-0.588806,-0.608689,-0.077165,-0.120490,0.033787,0.059025,0.887818
595472274823,-0.245283,-0.150038,0.046901,-0.042336,-0.008205,0.041285,0.877464
595572286962,-0.975754,-0.148807,0.101329,-0.064004,0.010614,0.040438,0.877811
595672299101,-0.863235,0.079496,0.030552,-0.019171,-0.007049,-0.001802,0.830489
595772311240,-1.177975,-0.098039,-0.030920,-0.052566,0.009814,0.015686,0.795273
595872323379,-0.202077,0.033370,-0.070667,0.006713,-0.016171,-0.020967,0.831680
595972335518,-0.103755,0.229305,-0.125345,-0.032919,0.005372,0.015819,0.720665
596072347657,0.051623,-0.055602,-0.094757,0.022549,-0.007583,-0.009151,0.727009
596172359796,-0.650182,-0.047527,0.018003,-0.004498,0.020356,-0.010898,0.732780
596272371934,-1.283401,0.101504,0.081292,0.057688,-0.005698,-0.045836,0.756697
596372384073,-1.372527,0.125581,0.081583,0.029836,0.003309,-0.036462,0.812089
596472396212,-0.928408,0.238581,-0.011956,0.082012,-0.014982,-0.070909,0.738394
596572408351,-0.010945,0.373505,-0.251868,0.043140,-0.018216,-0.029055,0.697453
596672420490,-0.091693,0.375433,-0.217595,0.062630,-0.049648,-0.000681,0.757966
596772432629,-0.194023,0.168183,0.006507,0.067877,-0.019530,-0.014103,0.774098
596872444768,-1.288300,0.072602,0.141792,0.051779,-0.018050,-0.034053,0.798479
596972456907,-0.700472,-0.014658,-0.028963,0.067012,-0.028839,-0.026079,0.791580
597072469045,-0.600060,0.081762,0.005244,-0.012290,0.026885,0.006660,0.817611
597172481184,-0.821222,0.137117,-0.095558,-0.000175,0.004654,0.000284,0.895233
597272493323,-0.787171,-0.371197,-0.161902,-0.026002,0.006907,0.034713,0.819919
597372505462,-0.617369,-0.244408,-0.125000,-0.039544,0.023604,0.020172,0.848609
597472517601,-0.090074,-0.129927,0.012582,-0.068698,0.035152,0.039625,0.929889
597572529740,-0.309597,0.249582,-0.068050,-0.073641,0.030806,0.086538,0.853800
597672541879,-0.183386,0.157576,-0.025369,-0.090959,0.026422,0.091366,0.881628
597772554017,-1.296761,-0.218013,0.211291,-0.105080,0.065600,0.068364,0.933520
597872566156,-0.826691,-0.005581,0.121776,-0.096179,0.056634,0.051900,0.883820
597972578295,-1.326050,-0.493293,0.049524,-0.104380,0.046314,0.066788,0.865345
598072590434,-0.451087,-0.019206,0.058765,-0.065983,0.011568,0.021869,0.871985
598172602573,-0.782124,-0.352507,0.059146,-0.069204,0.026466,0.050652,0.866629
598272614712,-0.143392,-0.222945,-0.076808,-0.009906,-0.006151,0.017189,0.877000
598372626851,-0.298995,-0.536029,0.050359,-0.050112,0.035536,0.021727,0.840587
598472638990,0.038514,0.032009,0.006117,0.021817,0.005481,-0.010858,0.875847
598572651128,-0.645197,-0.115169,-0.023157,0.005622,0.016656,0.016828,0.848584
598672663267,-1.147746,0.048022,0.088093,0.048326,-0.015934,-0.012772,0.792559
598772675406,-1.154494,0.085547,0.089420,0.029654,0.007961,-0.026747,0.813586
598872687545,-1.059362,0.176250,0.080573,0.035328,-0.001917,-0.030220,0.759305
598972699684,-0.718982,-0.041474,-0.199572,0.019820,-0.018383,-0.019713,0.632109
599072711823,-0.879414,-0.280789,-0.169123,-0.031304,0.008942,0.006056,0.710228
599172723962,-0.721303,-0.092780,-0.058546,-0.026577,0.000276,-0.015972,0.659348
599272736100,-0.313557,-0.057574,-0.123928,-0.047638,0.028756,-0.011611,0.712789
599372748239,-0.492105,-0.071075,-0.026993,-0.059422,0.025638,0.007161,0.726307
599472760378,-0.469056,0.118906,0.016462,-0.072883,0.021631,0.012099,0.714645
599572772517,-1.146555,-0.179999,0.157648,-0.089847,0.050846,0.020258,0.766220
599672784656,-0.809492,0.010409,0.000073,-0.082748,0.034502,0.019838,0.740216
599772796795,-0.716851,-0.261036,0.011290,-0.074687,0.021445,0.006172,0.708496
599872808934,-0.315073,-0.176703,-0.189518,-0.075473,0.031950,0.007180,0.712561
599972821073,-0.416237,-0.471736,-0.127002,-0.064107,0.028173,-0.005586,0.719752
600072833211,-0.461604,-0.330311,-0.072767,-0.076097,0.018545,-0.013387,0.694001
600172845350,-0.684575,-0.123521,-0.046850,-0.075160,0.020110,0.001360,0.691983
600272857489,-0.479371,0.038303,-0.174429,-0.060254,0.020877,-0.000815,0.752476
600372869628,-0.636629,0.261052,-0.038994,-0.074302,0.021792,-0.004464,0.680778
600472881767,-0.487332,-0.035606,-0.094239,-0.046651,0.019188,-0.005587,0.612505
600572893906,-0.634036,-0.057112,-0.038574,-0.093228,0.036044,0.016340,0.637257
600672906045,-0.266034,-0.009482,-0.025564,-0.039294,0.008667,0.005106,0.611620
600772918184,-0.307215,0.076836,-0.078394,-0.043166,0.006832,0.009858,0.628340
600872930322,-0.280249,-0.125992,-0.110279,-0.037261,0.005909,0.003765,0.623186
600972942461,-0.447897,-0.034404,-0.001603,-0.014830,0.000830,0.003514,0.646121
601072954600,-0.839783,-0.275173,0.041944,0.022374,-0.012760,-0.022908,0.624115
601172966739,-0.739473,-0.216512,-0.084348,0.024770,0.000946,-0.030358,0.655724
601272978878,-0.761480,-0.024916,0.029120,0.026006,-0.009143,-0.024226,0.642753
601372991017,-0.269842,-0.221964,-0.100405,0.041758,-0.023311,-0.008139,0.601329
601473003156,-0.711590,-0.116805,-0.047585,0.028082,-0.010746,0.014329,0.658542
601573015294,-0.279618,0.122602,-0.114045,0.046655,-0.020170,-0.030556,0.547391
601673027433,-0.528094,0.186485,-0.093382,0.015723,0.010650,-0.006705,0.553135
601773039572,-0.240267,0.379363,-0.060023,0.035999,-0.010127,-0.012369,0.616292
601873051711,-0.460029,-0.223868,-0.053089,0.024424,-0.004244,0.002289,0.597651
601973063850,-0.549303,-0.225576,-0.137183,0.033900,-0.006831,-0.005600,0.525737
602073075989,-0.627605,-0.090448,-0.005438,0.020597,-0.006847,0.000119,0.558696
602173088128,-0.395497,-0.076054,0.031813,0.041962,-0.010999,0.002062,0.581934
602273100267,-0.308948,0.262908,-0.001603,0.032677,-0.011979,0.010704,0.572091
602373112405,-0.387758,0.076969,-0.020020,0.045441,-0.018439,0.018661,0.574554
602473124544,-0.390978,-0.075177,-0.029480,0.021896,-0.005569,0.029222,0.564554
602573136683,-0.677756,-0.031624,0.081977,0.036113,-0.006266,0.014401,0.609774
602673148822,-0.748334,-0.007336,0.043408,0.081962,-0.031738,-0.005947,0.592903
602773160961,-0.895126,-0.280725,-0.006705,0.045760,-0.037521,0.019078,0.572684
602873173100,-0.293726,-0.125618,-0.114888,0.016039,-0.016931,0.032519,0.649068
602973185239,-0.631502,0.095203,-0.012745,0.003357,-0.009872,-0.009008,0.578442
603073197378,-0.221652,-0.161173,-0.119339,0.023932,-0.015709,-0.010444,0.655400
603173209516,-0.658261,-0.311751,-0.033860,0.012839,-0.006872,0.013818,0.662577
603273221655,-0.619419,-0.360281,-0.107805,0.011395,-0.011400,0.019289,0.603830
603373233794,-0.897665,-0.239325,0.080317,0.015930,0.011080,0.018554,0.622137
603473245933,-0.666407,-0.112425,0.071572,0.036454,-0.015084,0.008291,0.592477
603573258072,-0.743695,-0.142044,0.034618,0.023025,-0.028923,0.012349,0.680320
603673270211,-0.390105,-0.065353,-0.056644,0.063312,-0.034238,0.000588,0.568462
603773282350,-0.437598,-0.008394,-0.140601,0.032860,-0.012964,0.009324,0.574143
603873294488,-0.324030,0.169087,-0.057525,0.046768,-0.016903,-0.018142,0.580638
603973306627,-0.782259,-0.385104,0.030156,0.015303,-0.007105,0.014571,0.548528
604073318766,-0.822430,-0.262580,-0.015652,0.055635,-0.021012,-0.010697,0.538278
604173330905,-0.954649,-0.437360,-0.086659,0.033592,-0.007120,-0.012466,0.480002
604273343044,-0.464127,-0.388001,-0.091423,0.061499,-0.021354,-0.036495,0.535288
604373355183,-0.134412,-0.092762,-0.047845,0.056935,-0.023203,-0.015700,0.499277
604473367322,-0.287353,-0.100107,-0.186680,0.059317,-0.019104,-0.011155,0.510553
604573379461,-0.406669,0.293267,-0.059930,0.067069,-0.006876,-0.022524,0.492277
604673391599,-0.868264,0.076856,0.044943,0.056214,-0.010471,-0.024160,0.431776
604773403738,-0.682886,0.005020,-0.082424,0.057869,-0.021596,-0.021226,0.467514
604873415877,-0.825733,0.026567,-0.096170,0.059084,-0.023411,-0.007302,0.412917
604973428016,-0.560526,-0.066006,0.000196,0.067510,-0.024467,-0.023267,0.384479
605073440155,-0.810239,0.121328,-0.019714,0.035125,-0.014980,-0.012758,0.395721
605173452294,-0.551822,-0.046925,-0.076752,0.038249,-0.010617,-0.011347,0.403673
605273464433,-0.383986,0.189452,-0.091253,-0.006537,0.002099,0.007250,0.396225
605373476571,-0.212381,0.178292,-0.039428,0.019351,-0.016066,-0.001491,0.390810
605473488710,-0.350174,-0.059760,0.034741,-0.030527,0.005614,0.009698,0.440626
605573500849,-0.882383,-0.036289,0.023135,-0.002640,0.009238,0.013142,0.420709
605673512988,-0.850516,-0.374244,-0.032577,-0.022025,0.007106,0.011045,0.375293
605773525127,-0.642621,-0.378953,0.001596,-0.014812,0.002976,0.009497,0.450077
605873537266,-0.159894,-0.309879,-0.044933,-0.025422,0.012989,0.013705,0.427388
605973549405,-0.319534,-0.261135,-0.114875,-0.028562,0.010907,0.009261,0.396206
606073561544,-0.306596,-0.201910,-0.068878,-0.014906,0.008507,0.016502,0.403796
606173573682,-0.681258,0.002508,-0.041078,-0.034350,0.016455,0.021345,0.378626
606273585821,-0.419766,0.009257,-0.133494,-0.010605,-0.006795,0.001369,0.390131
606373597960,-0.745707,0.326727,0.025206,-0.014181,0.017270,0.012883,0.342039
606473610099,-0.826602,-0.010999,0.000670,0.024768,-0.001741,-0.007710,0.244654
606573622238,-1.006657,0.264981,-0.010905,0.001633,0.002061,-0.002060,0.231055
606673634377,-0.739486,0.095119,-0.026932,0.019836,-0.009813,-0.011842,0.244088
606773646516,-0.567434,0.072340,-0.076775,0.005125,-0.009615,-0.003896,0.253695
606873658655,-0.609396,0.463471,-0.054483,0.008120,-0.003278,-0.000647,0.278823
606973670793,-0.608443,0.323106,-0.046939,-0.017814,0.008785,-0.010428,0.289195
607073682932,-0.669575,-0.063718,-0.059195,-0.006244,0.007929,-0.011160,0.294503
607173695071,-0.632761,0.109925,-0.089196,-0.006263,0.003342,-0.003152,0.328455
607273707210,-0.792324,0.406757,-0.012080,-0.014963,-0.018353,-0.008561,0.387910
607373719349,-0.616475,0.119874,0.025340,0.008879,-0.000649,-0.015049,0.422611
607473731488,-0.574142,-0.066179,-0.045203,-0.011675,0.002254,-0.010172,0.403902
607573743627,-0.515727,0.289368,-0.082610,0.002697,0.007363,-0.011504,0.433306
607673755765,-0.500723,0.293496,-0.033486,-0.025149,0.001919,0.006181,0.499393
607773767904,-0.421446,0.155048,0.027640,-0.017456,0.014169,0.002720,0.450845
607873780043,-0.345271,0.223765,-0.067927,-0.006773,0.016904,-0.007761,0.496421
607973792182,-0.456864,0.017438,-0.035133,-0.023569,0.000921,0.017304,0.521111
608073804321,-0.619619,0.382036,0.051927,-0.014240,-0.020234,0.042475,0.494460
608173816460,-0.445592,0.058897,-0.136513,-0.019962,-0.006449,0.024969,0.498943
608273828599,-0.768768,0.007162,-0.090852,-0.016258,-0.003501,0.009638,0.497326
608373840738,-0.891979,-0.179812,-0.193765,-0.000740,0.009143,-0.010105,0.549560
608473852876,-0.711190,-0.301438,-0.059571,0.019752,0.019884,-0.046486,0.571966
608573865015,-0.266442,0.077547,-0.118560,0.039384,-0.009601,-0.039505,0.558283
608673877154,-0.468004,-0.032766,-0.098820,0.012089,-0.002159,-0.028288,0.626112
608773889293,-0.478895,0.305167,-0.038371,0.009102,0.010803,-0.038074,0.584007
608873901432,-0.573173,-0.155480,-0.115563,-0.011630,0.015238,-0.019143,0.532698
608973913571,-0.613741,0.034976,-0.099375,-0.016555,0.019608,-0.024009,0.549541
609073925710,-0.773559,-0.303693,0.060648,-0.022835,0.031914,-0.009823,0.516792
609173937848,-0.325155,-0.133230,-0.057474,0.014194,0.000554,-0.016344,0.528644
609273949987,-0.696340,-0.312069,-0.137775,-0.040421,0.014275,0.022537,0.579344
609373962126,-0.419899,-0.216857,-0.143447,-0.025253,0.008869,-0.017650,0.567386
609473974265,-0.360839,-0.169929,-0.236312,-0.051601,0.042961,-0.016104,0.583947
609573986404,-0.648866,-0.231917,-0.146854,-0.047497,0.008898,0.013049,0.589356
609673998543,-0.454912,-0.293091,-0.192454,-0.041832,-0.003708,0.009091,0.582917
609774010682,-0.368045,-0.024268,-0.050212,-0.032298,0.013060,-0.009335,0.549862
609874022821,-0.554214,-0.076997,-0.056570,-0.040785,0.025318,-0.019730,0.541973
609974034959,-0.409574,-0.120120,-0.083973,-0.015529,0.007800,-0.012790,0.563004
610074047098,-0.803835,-0.099931,-0.028671,-0.022511,0.010119,0.005257,0.529274
610174059237,-0.463450,-0.208487,-0.107340,0.002759,0.007050,-0.027788,0.520143
610274071376,-1.029360,-0.211158,0.027943,-0.041874,0.021597,-0.012535,0.527911
610374083515,-0.357759,-0.028167,-0.063021,-0.020617,0.019422,-0.029664,0.490077
610474095654,-0.231221,-0.099957,-0.110528,-0.045113,0.027715,-0.020853,0.478169
610574107793,-0.059843,0.069749,-0.022150,-0.019099,0.009085,-0.016252,0.454598
610674119932,-0.368418,-0.221197,0.028728,-0.078304,0.033572,0.026660,0.472671
610774132070,-0.796008,-0.128707,0.074679,-0.057015,0.035124,0.012317,0.518393
610874144209,-0.680224,-0.256715,-0.103880,-0.064530,0.024538,0.019226,0.464381
610974156348,-0.738515,-0.120862,-0.039934,-0.043561,0.023912,0.023865,0.446261
611074168487,-0.449006,0.285936,-0.017372,-0.062492,0.032913,0.022657,0.449498
611174180626,-0.483946,0.037945,-0.026746,-0.056146,0.026004,0.024328,0.407758
611274192765,-0.372127,0.376937,-0.053582,-0.042887,0.011202,0.014058,0.374507
611374204904,-0.591079,0.182239,-0.050378,-0.046668,0.028135,0.024162,0.401448
611474217042,-0.402093,0.067743,-0.126764,-0.028160,0.022342,0.016337,0.408520
611574229181,-0.644571,0.106367,-0.074295,-0.036053,0.023904,0.006978,0.448595
611674241320,-0.392316,-0.053844,-0.060771,0.005257,0.010634,0.000496,0.442227
611774253459,-0.853570,-0.148557,0.058832,-0.024950,0.004806,0.014796,0.473571
611874265598,-0.525942,0.038338,-0.031404,0.044964,-0.022837,-0.007121,0.436403
611974277737,-0.070237,0.079513,-0.127670,0.032639,-0.002199,-0.004431,0.465725
612074289876,-0.024720,0.029818,-0.136055,0.075907,-0.030105,-0.030640,0.519089
612174302015,-0.430287,0.019911,-0.049717,0.048172,-0.008193,-0.010658,0.442782
612274314153,-0.776228,-0.333863,-0.003312,0.090890,-0.036569,-0.033714,0.518255
612374326292,-0.795840,-0.367205,0.075749,0.068482,-0.032300,-0.006334,0.482945
612474338431,-0.626322,-0.227507,-0.092584,0.101817,-0.044279,-0.021048,0.505550
612574350570,-0.046775,0.112439,-0.078309,0.079275,-0.022434,-0.024205,0.515955
612674362709,-0.163090,0.155647,-0.047837,0.108511,-0.042081,-0.033724,0.478360
612774374848,-0.323683,0.044239,-0.165927,0.086335,-0.042663,-0.009139,0.500200
612874386987,-0.950422,-0.168260,0.095778,0.099208,-0.060885,-0.014325,0.423507
612974399126,-0.795270,0.002189,0.087881,0.077688,-0.039765,0.000566,0.421989
613074411264,-0.586737,0.129056,0.122504,0.107918,-0.042863,0.008559,0.422230
613174423403,-0.123358,0.690249,-0.005759,0.087442,-0.038984,0.046414,0.429432
613274435542,-0.405325,0.246512,-0.275674,0.119511,-0.053832,-0.002010,0.494051
613374447681,-0.555030,-0.318771,-0.174725,0.100073,-0.039522,-0.006769,0.468884
613474459820,-1.597707,-0.774639,-0.126787,0.103225,-0.027642,-0.057043,0.386042
613574471959,-1.370324,-0.936497,-0.130748,0.067629,-0.028531,-0.059424,0.440424
613674484098,-0.808977,-0.336485,0.118323,0.106889,-0.049662,-0.078188,0.563774
613774496236,0.191664,-0.097278,-0.060469,0.068740,-0.029011,-0.050119,0.494098
613874508375,-0.357044,0.085437,-0.083748,0.072325,-0.028225,-0.037028,0.496143
613974520514,-0.156191,0.129130,-0.144514,0.076754,-0.026501,-0.043505,0.498539
614074532653,-0.896178,-0.105138,0.108536,0.030670,-0.015407,-0.029179,0.460011
614174544792,-0.554628,-0.021004,-0.045684,0.052930,-0.021812,-0.034383,0.409955
614274556931,-0.673199,-0.171048,-0.053680,0.026833,-0.015424,-0.015882,0.385140
614374569070,-0.611601,0.251714,0.033349,0.031134,-0.015235,-0.017790,0.378833
614474581209,-0.641988,0.170994,-0.089207,0.003882,-0.007086,-0.003668,0.379506
614574593347,-0.733266,0.025274,-0.001395,-0.002244,0.006839,-0.007006,0.421855
614674605486,-0.715806,-0.102934,-0.105925,-0.009404,0.008114,0.002262,0.362127
614774617625,-0.796150,0.076704,0.120334,-0.016729,0.004722,0.006525,0.391457
614874629764,-0.712704,0.469182,0.010266,-0.042768,0.009676,0.015696,0.424097
614974641903,-0.991139,0.159160,0.015975,-0.058001,0.025142,0.031131,0.431170
615074654042,-0.521136,0.251160,0.053482,-0.051851,0.002397,0.032014,0.468649
615174666181,-0.710210,0.266728,0.001141,-0.054686,0.008463,0.031197,0.466178
615274678319,-0.529207,0.042830,0.010552,-0.044229,0.009366,0.020588,0.499073
615374690458,-0.642299,-0.167242,-0.122038,-0.008546,0.003769,0.013845,0.554477
615474702597,-1.096424,-0.746460,-0.125966,-0.071913,0.013196,0.026065,0.591300
615574714736,-0.347969,-0.161093,-0.064791,-0.003534,0.004455,-0.021128,0.545966
615674726875,-0.023176,-0.236243,-0.109869,-0.078024,0.028822,-0.014900,0.570608
615774739014,0.062357,-0.193259,-0.048639,-0.043112,0.011898,-0.006301,0.643961
615874751153,-0.179815,0.086733,0.149727,-0.071007,0.026684,0.034813,0.577925
615974763292,-0.843442,-0.273302,0.075795,-0.060705,0.019841,0.015748,0.602054
616074775430,-0.942285,-0.006633,0.042398,-0.059978,0.015291,0.037985,0.570565
616174787569,-0.947255,-0.044409,0.043876,-0.037604,0.019088,0.023287,0.512756
616274799708,-0.444453,0.295314,-0.113833,-0.046407,0.028544,0.014381,0.494526
616374811847,-0.331553,0.164389,-0.109408,-0.031308,0.010789,0.021282,0.460014
616474823986,-0.675593,0.299128,-0.007478,-0.049306,0.035413,0.027141,0.412308
616574836125,-0.848146,-0.050950,0.000222,-0.030230,0.032742,0.000087,0.470263
616674848264,-0.677720,0.253489,-0.092712,-0.024212,0.020106,0.015674,0.468524
616774860403,-0.706373,-0.086444,0.017297,-0.038997,0.018302,0.012571,0.421114
616874872541,0.050248,0.022148,-0.257345,-0.068369,0.015926,0.043942,0.488959
616974884680,-0.102764,-0.020015,-0.032094,-0.040493,-0.000598,0.038604,0.525056
617074896819,-0.077702,-0.217264,-0.187308,-0.074934,0.021769,0.045698,0.468138
617174908958,-0.998409,-0.421655,-0.037718,-0.062457,0.025245,0.030323,0.498203
617274921097,-0.827391,-0.516735,-0.064917,-0.087680,0.032404,0.043053,0.582429
617374933236,-1.128932,-0.285878,0.003350,-0.067411,0.032531,0.047551,0.457423
617474945375,-0.149498,0.252115,-0.045475,-0.076654,0.026339,0.026913,0.506109
617574957513,-0.531164,0.166216,0.057720,-0.078003,0.036157,0.038473,0.485794
617674969652,-0.173535,0.501359,0.022036,-0.040267,0.023562,0.042600,0.379550
617774981791,-0.692180,-0.045612,-0.114291,-0.049160,0.018120,0.026478,0.446018
617874993930,-0.514867,0.273888,0.008729,0.008058,0.002953,0.016876,0.407436
617975006069,-0.780576,-0.028038,-0.004388,-0.015987,0.006516,0.017218,0.341177
618075018208,-0.488620,-0.052672,-0.058300,0.025360,0.001313,0.002901,0.434262
618175030347,-0.748799,0.406218,0.050377,0.019042,-0.001177,0.025343,0.442280
618275042486,-0.612172,0.266426,-0.002905,0.045186,-0.005677,0.027666,0.406791
618375054624,-0.515988,0.117369,-0.053800,0.023169,0.002114,0.025851,0.458099
618475066763,-0.761559,0.244028,-0.038819,0.043510,-0.009168,0.006308,0.485562
618575078902,-0.547265,-0.233756,-0.238681,0.056069,-0.039171,-0.012864,0.443008
618675091041,-0.860893,-0.655525,-0.163659,0.067072,-0.039571,-0.024889,0.501686
618775103180,-0.613465,-0.483130,-0.050303,0.069312,-0.063677,-0.055053,0.554483
618875115319,-0.701517,-0.601209,0.060233,0.070479,-0.044112,-0.046297,0.541354
618975127458,-0.053798,0.066406,-0.011046,0.104199,-0.048501,-0.062711,0.642198
619075139596,-0.511379,-0.140414,-0.133647,0.066319,-0.032736,-0.025319,0.605838
619175151735,-0.268514,0.285155,-0.000636,0.093632,-0.036357,-0.032192,0.504496
619275163874,-0.652124,0.137847,0.080956,0.057401,-0.029356,-0.014894,0.525658
619375176013,-0.508701,0.309352,-0.105959,0.067110,-0.031327,-0.022514,0.474914
619475188152,-0.886768,0.044473,0.012907,0.035452,-0.010122,0.004904,0.462872
619575200291,-0.673586,-0.212570,-0.094590,0.058023,-0.022695,-0.008764,0.458591
619675212430,-0.840545,-0.093137,-0.104607,0.022523,-0.015388,0.019021,0.444829
619775224569,-0.475336,-0.148679,-0.035058,0.035027,-0.007494,-0.002013,0.484574
619875236707,-0.594851,0.071118,-0.012148,-0.000157,0.003660,0.001872,0.497426
619975248846,-0.352630,0.053967,-0.154032,0.026816,-0.008143,0.019969,0.483358
620075260985,-0.607505,0.261079,-0.011929,-0.007997,0.005861,0.027536,0.460910
620175273124,-1.220452,-0.165877,0.045174,0.001510,-0.000386,0.018868,0.513755
620275285263,-1.057241,0.238258,0.055479,0.002482,0.009399,0.038610,0.501478
620375297402,-0.813868,0.141830,-0.072562,-0.001852,0.002293,0.006267,0.466849
620475309541,-0.575120,-0.091531,-0.126738,0.011163,-0.002784,0.012177,0.500309
620575321680,-0.736246,-0.512171,-0.027185,0.003107,0.003003,0.014308,0.532092
620675333818,-0.672526,-0.408346,-0.043850,-0.002002,0.001693,-0.001762,0.520687
620775345957,-0.706235,-0.237504,-0.077863,-0.011588,0.013301,-0.003150,0.539069
620875358096,-0.933343,0.135903,0.042957,-0.004537,0.011948,0.008073,0.542549
620975370235,-0.340218,0.002250,-0.129886,-0.003674,0.005089,0.023308,0.586333
621075382374,-0.588444,0.032492,-0.006105,-0.028083,0.022095,0.009636,0.561745
621175394513,-0.361066,-0.077062,-0.083949,-0.006010,-0.002355,0.004352,0.552659
621275406652,-0.663923,-0.094976,-0.050388,-0.009123,-0.001235,0.009778,0.518490
621375418790,-0.142653,-0.347646,-0.254323,-0.005645,-0.010879,-0.006936,0.512182
621475430929,-0.603821,-0.041622,-0.025077,0.000958,0.002327,0.010688,0.521432
621575443068,-0.762965,0.175591,0.195089,0.006473,-0.007905,0.002157,0.505866
621675455207,-0.740512,0.103485,-0.012122,0.011258,0.014392,-0.000957,0.531649
621775467346,-0.839659,0.264387,0.004795,0.026624,-0.006942,-0.004707,0.467945
621875479485,-0.559220,-0.034822,0.042971,0.013821,0.000875,-0.000572,0.487080
621975491624,-0.599739,-0.159494,-0.029376,-0.001752,0.000185,0.004446,0.473011
622075503763,-0.627399,-0.474263,-0.051862,-0.002046,0.000204,0.004518,0.485072
622175515901,-0.628990,-0.244519,0.039376,0.004825,-0.003427,-0.001902,0.486700
622275528040,-0.533513,0.002869,0.077589,-0.005116,0.009362,0.008096,0.474510
622375540179,-0.379324,-0.273861,-0.113654,-0.025110,0.020914,0.022475,0.518534
622475552318,-0.703074,-0.260918,-0.121393,-0.015299,0.011293,0.016985,0.486459
622575564457,-0.452705,-0.046436,-0.060921,0.001353,0.001177,-0.013073,0.437107
622675576596,-0.654640,0.193103,0.054840,-0.007228,0.001899,0.003725,0.427581
622775588735,-0.612377,-0.000152,0.063084,0.003868,-0.005280,0.009360,0.364435
622875600873,-0.825466,-0.124661,-0.007069,-0.011977,0.008458,0.002602,0.356069
622975613012,-0.717727,0.342016,0.070368,0.019606,-0.002433,-0.014062,0.378903
623075625151,-0.635832,0.046489,-0.113930,-0.018720,0.006350,0.017588,0.358531
623175637290,-0.654024,0.292744,-0.085851,0.016824,-0.015989,-0.014694,0.362816
623275649429,-0.897873,0.393437,-0.029545,-0.031937,0.014687,0.002453,0.409392
623375661568,-0.900525,-0.092548,-0.061894,0.034166,-0.008454,-0.028530,0.411706
623475673707,-1.386222,0.076647,0.010589,-0.005446,-0.000114,-0.009168,0.404902
623575685846,-1.017316,0.520857,0.175309,0.037999,-0.035545,-0.040046,0.436476
623675697984,-0.294954,0.318251,-0.086600,0.003527,-0.000481,-0.024965,0.465238
623775710123,-0.377949,0.461156,-0.009556,0.041240,-0.016174,-0.048833,0.517168
623875722262,-0.447247,0.519929,-0.165553,0.019786,-0.028540,-0.028882,0.523741
623975734401,-1.036728,-0.108949,0.111025,0.069287,-0.052893,-0.048428,0.583171
624075746540,-1.559865,-0.313251,-0.088338,-0.030999,0.009807,-0.037170,0.628094
624175758679,-0.835736,-0.564698,-0.157558,0.036675,-0.010702,-0.030339,0.624747
624275770818,0.349578,-0.146032,-0.302012,0.042065,-0.036964,-0.015324,0.700670
624375782957,-0.082964,-0.542538,-0.259041,0.060544,-0.041378,-0.040382,0.749478
624475795095,0.093912,-0.532475,-0.087404,0.074708,-0.016668,-0.042778,0.819896
624575807234,-0.798527,-0.490428,0.158252,0.044575,-0.016940,-0.053426,0.816416
624675819373,-0.457489,-0.322979,0.096524,0.064284,-0.009871,-0.050758,0.738545
624775831512,-0.554884,-0.351535,-0.045402,0.044238,-0.005546,-0.034064,0.799526
624875843651,0.095858,0.155960,-0.136012,0.061270,-0.024730,-0.038424,0.648511
624975855790,-0.561296,-0.097159,0.049637,0.007067,0.004575,0.005731,0.591944
625075867929,-0.020179,0.226097,-0.213753,0.057194,-0.020064,-0.026337,0.517552
625175880067,-0.819646,-0.162832,-0.025816,-0.044151,0.010441,0.017640,0.503795
625275892206,-1.214787,0.036175,0.150083,0.005611,0.007024,0.000691,0.513058
625375904345,-1.368193,-0.224883,0.059893,-0.098897,0.041423,0.063752,0.512048
625475916484,-1.091089,0.174785,-0.003094,-0.056288,0.020274,0.032519,0.435827
625575928623,-0.160620,0.306580,-0.083099,-0.094979,0.030357,0.048935,0.484077
625675940762,-0.932799,0.059726,0.061172,-0.072464,0.025390,0.022395,0.534367
625775952901,-0.352780,0.046871,-0.083260,-0.093925,0.016906,0.024411,0.492209
625875965040,-0.979731,-0.167359,-0.046168,-0.125235,0.025181,0.065737,0.526965
625975977178,-0.129373,0.004449,-0.136715,-0.064693,-0.004832,0.061128,0.552975
626075989317,-0.672875,-0.372410,-0.117425,-0.078725,-0.003179,0.053073,0.603816
626176001456,-0.187003,-0.589839,-0.013449,-0.025306,-0.002408,0.019875,0.563577
626276013595,-0.458071,-0.801556,-0.187105,-0.048896,0.024253,0.021633,0.633527
626376025734,-0.413376,-0.313515,-0.104166,-0.002971,0.018877,0.004265,0.632813
626476037873,-0.628383,-0.338319,-0.052622,-0.008669,0.020082,-0.006050,0.578266
626576050012,-0.612573,0.196036,0.092215,-0.007472,0.010367,-0.014425,0.625574
626676062151,-0.899757,-0.271811,-0.001996,-0.016760,0.008874,0.005814,0.594714
626776074289,-0.742909,-0.118216,-0.065599,0.014984,-0.007142,-0.028180,0.485487
626876086428,-0.414549,-0.159250,0.022027,-0.012951,0.003800,-0.025499,0.478937
626976098567,-0.241776,-0.064533,-0.007916,0.022779,0.003059,-0.030745,0.457786
627076110706,-0.647633,0.113912,-0.072328,-0.003592,0.012524,-0.002239,0.496881
627176122845,-0.630115,0.275427,-0.168832,-0.009438,0.020165,0.014041,0.487627
627276134984,-0.527981,0.140173,-0.078219,0.001380,-0.007020,-0.014907,0.458005
627376147123,-0.753001,0.066436,-0.012006,0.002165,-0.000873,-0.013992,0.447304
627476159261,-0.525540,0.067633,-0.078875,0.019998,-0.005713,-0.007882,0.404224
627576171400,-0.741600,-0.314040,-0.041117,-0.016665,0.007112,-0.002076,0.458819
627676183539,-0.516379,-0.229448,-0.044702,0.004878,-0.011430,-0.013362,0.464763
627776195678,-0.686954,-0.155463,0.066660,-0.024592,0.015448,-0.001147,0.439469
627876207817,-0.809544,-0.210761,0.023254,0.017745,-0.005764,-0.033289,0.477933
627976219956,-0.899049,-0.352299,-0.039252,0.005463,-0.016036,-0.008848,0.440919
628076232095,-0.723641,-0.286717,0.109935,0.052682,-0.028661,-0.026860,0.476880
628176244234,-0.212984,-0.172261,-0.087813,0.026513,-0.001244,-0.028793,0.432696
628276256372,-0.454926,0.130998,-0.001499,0.053089,-0.013581,-0.029857,0.400968
628376268511,-0.187311,0.127350,-0.033531,0.049813,-0.011238,-0.040974,0.364107
628476280650,-0.933093,-0.197662,0.019504,0.053129,-0.002657,-0.039446,0.346261
628576292789,-0.675684,0.185709,-0.007658,0.047923,-0.008546,-0.031667,0.334776
628676304928,-0.769887,0.209941,-0.001186,0.016169,0.008280,0.001516,0.299939
628776317067,-0.390257,0.056633,-0.026750,0.018854,0.000749,-0.004818,0.308231
628876329206,-0.578879,-0.099578,-0.020826,-0.004808,0.026442,0.006143,0.353750
628976341344,-0.385093,0.445429,-0.291547,0.016806,0.008491,-0.015009,0.365263
629076353483,-0.658571,-0.092558,-0.038400,0.017837,-0.009155,0.002727,0.324490
629176365622,-0.206027,-0.013922,-0.100191,0.035544,-0.023927,-0.000038,0.378340
629276377761,-0.777926,-0.069314,0.028086,0.008011,-0.007045,0.032063,0.390615
629376389900,-0.581109,-0.086759,0.015116,0.010114,0.007637,0.023139,0.376597
629476402039,-0.591573,0.029311,-0.095175,0.003671,-0.000438,0.023265,0.437997
629576414178,-0.479378,0.233430,-0.097644,0.019590,-0.009459,0.010529,0.438103
629676426317,-0.557978,-0.382613,-0.104356,-0.025176,0.000172,0.012716,0.433431
629776438455,-0.787060,-0.235427,-0.080945,-0.001195,-0.018627,0.013396,0.422423
629876450594,-0.924205,-0.670739,-0.017566,-0.036314,-0.010855,0.016669,0.418252
629976462733,-0.436739,-0.491080,-0.172737,-0.006508,-0.017063,-0.008045,0.533387
630076474872,-0.049475,-0.596138,-0.119641,-0.026039,-0.002797,-0.007971,0.474995
630176487011,-0.110114,-0.279027,-0.003943,-0.025384,0.009641,-0.004277,0.481168
630276499150,-0.018185,-0.587466,-0.160772,-0.019253,0.000032,-0.000655,0.453057
630376511289,-0.628770,-0.446124,0.100841,-0.008617,0.017599,0.009663,0.519110
630476523428,-0.404109,-0.376544,-0.036171,-0.029115,0.032472,0.010357,0.521586
630576535566,-0.836451,-0.328689,-0.029613,-0.023645,0.018713,0.029140,0.358102
630676547705,-0.420385,0.120559,0.023674,-0.020143,0.010732,0.030306,0.339769
630776559844,-0.647892,-0.161563,0.092640,-0.026233,0.021138,0.032279,0.305292
630876571983,-0.323321,0.268906,-0.067975,0.007180,0.012756,0.005198,0.259827
630976584122,-0.555121,0.338897,-0.121023,0.002953,0.005761,0.016435,0.244682
631076596261,-0.338124,0.508276,-0.104337,0.050246,-0.020860,0.007948,0.210077
631176608400,-0.881015,0.343071,0.038097,0.010271,0.004693,0.020967,0.187019
631276620538,-0.840612,0.387038,-0.021436,0.048979,-0.002453,-0.002432,0.189228
631376632677,-1.061364,0.191658,0.054097,0.037838,-0.008443,0.014090,0.208566
631476644816,-0.361440,0.165937,-0.080645,0.084470,-0.030489,0.001950,0.245398
631576656955,-0.298249,0.148960,-0.080577,0.060078,-0.025698,0.019750,0.300994
631676669094,-0.264237,0.027889,-0.163957,0.091879,-0.052825,-0.001182,0.340982
631776681233,-0.523591,-0.236850,0.033525,0.067446,-0.025464,0.016980,0.369763
631876693372,-0.711082,-0.593348,-0.058646,0.083077,-0.024255,-0.001370,0.415949
631976705511,-0.874914,-0.414155,-0.034337,0.052162,-0.016010,0.010317,0.453411
632076717649,-1.106459,-0.074646,-0.142118,0.063337,-0.016427,-0.000675,0.461111
632176729788,-0.694410,-0.081635,-0.028107,0.070951,-0.024389,-0.017174,0.428714
632276741927,-0.587429,-0.630361,-0.007813,0.059869,-0.028755,-0.017476,0.502665
632376754066,-0.317744,-0.270555,-0.209730,0.067109,-0.032242,-0.021795,0.468145
632476766205,-0.829106,-0.040954,-0.093532,0.038652,-0.031381,-0.019445,0.374726
632576778344,-0.692080,-0.362223,0.074700,0.030441,-0.009796,-0.015422,0.472444
632676790483,-0.598852,-0.348450,0.000605,0.028702,-0.010807,-0.027154,0.466014
632776802621,-0.540546,0.065294,-0.070220,0.047145,-0.013132,-0.021683,0.361532
632876814760,-0.731398,0.242878,-0.020999,0.029270,-0.011908,-0.019130,0.393847
632976826899,-0.512476,-0.144784,-0.096190,0.038120,-0.017536,-0.021581,0.357525
633076839038,-0.827395,-0.303913,-0.081856,0.023111,-0.019280,-0.018688,0.308028
633176851177,-0.574875,0.167288,0.017985,0.056487,-0.030682,-0.019520,0.367862
633276863316,-0.783604,0.178982,0.090690,0.035486,-0.011751,-0.020643,0.403621
633376875455,-0.531052,0.092733,-0.046912,0.047919,-0.023216,-0.024148,0.398019
633476887594,-0.892588,0.085199,-0.050413,0.039456,-0.012736,-0.019161,0.381118
633576899732,-0.768604,0.253939,0.071099,0.041369,-0.023052,-0.023167,0.381644
633676911871,-1.009421,-0.159744,0.007395,0.050657,-0.008752,-0.018208,0.354641
633776924010,-0.429233,0.149892,-0.145071,0.046972,-0.025291,-0.031815,0.377522
633876936149,-0.898280,0.288519,-0.001163,0.022620,0.000919,-0.018727,0.417719
633976948288,-0.379713,0.287851,-0.105648,0.046089,-0.018898,-0.035560,0.459220
634076960427,-0.477958,0.285828,-0.090561,-0.000581,-0.002217,-0.004489,0.468889
634176972566,-0.054378,0.339289,-0.337813,0.051091,-0.016587,-0.028068,0.471241
634276984705,-0.850086,-0.242553,-0.084135,-0.037984,0.009126,0.003802,0.535885
634376996843,-1.039441,-0.181417,0.017100,0.002529,-0.015347,-0.007109,0.528907
634477008982,-1.066375,-0.531288,0.030582,-0.049452,0.011883,0.016599,0.645823
634577021121,-0.477631,0.030387,0.040020,-0.013773,-0.001159,-0.018017,0.525804
634677033260,0.102624,0.124697,-0.131135,-0.069675,0.027500,0.029239,0.589089
634777045399,-0.243099,0.052123,-0.112275,-0.070560,0.035642,0.047510,0.652121
634877057538,-0.153599,0.444338,-0.126510,-0.085517,0.035057,0.041648,0.553873
634977069677,-1.087437,-0.460216,0.027392,-0.108132,0.044146,0.059905,0.619138
635077081815,-0.808248,0.008109,0.181365,-0.085447,0.043346,0.059586,0.509308
635177093954,-1.329431,-0.339704,0.145785,-0.111747,0.040267,0.064614,0.525876
635277106093,-0.302302,0.261514,0.022534,-0.060307,0.017333,0.048171,0.560833
635377118232,-1.117673,0.245300,0.171694,-0.102375,0.027680,0.075728,0.505059
635477130371,-0.354509,0.212518,-0.078798,-0.026847,-0.003420,0.033128,0.563432
635577142510,-0.712835,0.298329,0.020905,-0.038330,0.007444,0.019469,0.589968
635677154649,0.066694,0.030445,-0.375781,0.008302,-0.025250,-0.037131,0.441303
635777166788,-0.713702,-0.280309,-0.181082,-0.039304,-0.003977,0.024050,0.481185
635877178926,-0.923656,-0.231230,0.076984,0.014431,-0.026669,-0.021820,0.580932
635977191065,-0.843105,-0.470693,-0.000113,0.012694,-0.019246,-0.036637,0.514929
636077203204,-0.632054,-0.009023,-0.063124,0.044829,-0.029541,-0.056816,0.589253
636177215343,-0.127248,-0.109730,-0.076805,0.003682,-0.015524,-0.027218,0.625967
636277227482,0.065131,-0.284724,-0.012765,0.036380,-0.031605,-0.031031,0.552330
636377239621,-0.257638,-0.130140,-0.090130,0.017656,-0.017279,-0.013975,0.542444
636477251760,-0.663267,-0.406292,0.012021,0.028968,-0.019342,-0.006705,0.561561
636577263899,-0.780332,0.197079,0.083635,0.035260,-0.003945,-0.027083,0.540571
636677276037,-0.948605,-0.148979,-0.044810,0.034172,-0.012510,-0.014837,0.447193
636777288176,-0.380613,-0.172430,-0.124454,0.046025,-0.013454,-0.029466,0.436758
636877300315,-0.758830,0.361731,-0.123565,0.022844,-0.012232,-0.015589,0.433381
636977312454,-0.254738,0.240951,-0.260851,0.071477,-0.027068,-0.029264,0.440346
637077324593,-0.939099,-0.110427,0.081795,-0.004214,-0.003613,0.000219,0.376470
637177336732,-0.705368,-0.061108,-0.050323,0.043286,-0.024719,-0.004471,0.382509
637277348871,-1.008415,-0.602290,-0.003478,-0.033802,0.001789,0.029100,0.466489
637377361009,-0.497956,-0.003091,0.043388,0.019615,-0.012922,-0.002426,0.478144
637477373148,-0.233923,-0.085423,-0.165744,-0.034480,0.027445,0.017768,0.494343
637577385287,0.038610,0.189505,-0.229542,0.010375,-0.003304,-0.020053,0.466681
637677397426,-0.520100,0.159782,-0.023772,-0.031839,0.014602,0.027311,0.491773
637777409565,-0.853848,-0.170514,-0.032528,0.005743,-0.003551,0.021258,0.488828
637877421704,-1.194778,-0.358453,0.019809,-0.050688,0.014056,0.051152,0.501345
637977433843,-0.837573,-0.440557,0.081238,-0.013922,0.025177,0.031546,0.433194
638077445982,0.015690,0.137300,-0.104949,-0.066317,0.045563,0.042913,0.415171
638177458120,-0.115926,0.094043,-0.152222,-0.051825,0.037292,0.040589,0.457852
638277470259,-0.122187,0.353029,-0.037562,-0.073927,0.039676,0.071279,0.424379
638377482398,-1.044538,-0.058817,-0.058976,-0.061252,0.032112,0.061064,0.446624
638477494537,-0.876317,-0.034990,-0.065385,-0.037180,0.025507,0.045671,0.456944
638577506676,-1.104953,-0.243558,-0.103639,-0.059638,0.015749,0.041600,0.466202
638677518815,-0.263836,-0.124528,-0.088254,-0.032127,0.006715,0.029184,0.483747
638777530954,-0.814904,0.043213,-0.003279,-0.050823,0.028915,0.034470,0.491932
638877543092,-0.311176,0.193776,-0.100341,0.010568,-0.002375,0.001284,0.417020
638977555231,-0.756721,0.090894,-0.007386,-0.019524,0.017035,0.040845,0.411373
639077567370,-0.459065,0.115728,0.012055,0.019970,-0.004780,0.016172,0.490447
639177579509,-0.736064,-0.313846,-0.035790,-0.001532,-0.005194,0.019940,0.474663
639277591648,-0.760593,-0.255128,-0.119488,0.044475,-0.007994,-0.001585,0.512168
639377603787,-0.908220,-0.610316,-0.084343,0.016558,-0.020537,0.004375,0.449154
639477615926,-0.430133,-0.234092,-0.026569,0.041394,-0.019682,-0.008897,0.498308
639577628065,-0.487043,-0.017936,-0.089217,0.025974,-0.020995,0.012939,0.568700
639677640203,-1.174213,-0.201247,0.175868,0.034382,-0.018592,-0.017997,0.468105
639777652342,-1.179180,-0.042494,0.136279,0.009401,0.001869,-0.018647,0.486984
639877664481,-1.012187,0.157081,-0.086283,0.050562,-0.024924,-0.018359,0.530637
639977676620,-0.378147,0.188474,-0.075220,0.041280,-0.015335,-0.035046,0.446540
640077688759,-0.707143,0.025347,-0.116115,0.027596,-0.018935,-0.023983,0.468987
640177700898,-0.184154,-0.002339,-0.086854,0.048775,-0.020030,-0.024219,0.444853
640277713037,-0.737856,-0.099890,0.017060,0.004911,-0.002079,-0.016330,0.444898
640377725176,-0.522329,-0.010354,0.027720,0.019428,-0.001362,-0.027846,0.504838
640477737314,-0.908978,-0.190415,-0.089955,-0.023375,0.022135,0.000059,0.570777
640577749453,-0.902785,0.225863,0.012878,0.006857,-0.002908,-0.018053,0.507251
640677761592,-1.082924,0.076541,0.035081,-0.037801,0.020565,-0.015864,0.474848
640777773731,-0.481027,0.041291,-0.141074,-0.019296,0.023693,-0.022252,0.570026
640877785870,-0.153424,0.405663,-0.218225,-0.073347,0.026172,0.024770,0.457177
640977798009,-0.044439,0.650489,-0.090097,-0.046215,0.001661,0.026618,0.501010
641077810148,-0.298199,0.242710,-0.093837,-0.120990,0.032280,0.053557,0.606701
641177822286,-1.053019,-0.254194,-0.051394,-0.082396,0.009319,0.059512,0.536613
641277834425,-0.873119,-0.546085,-0.138791,-0.078136,-0.017905,0.052575,0.581564
641377846564,-0.344391,-0.282558,-0.068782,-0.040216,0.007721,0.026589,0.660329
641477858703,0.013913,0.038112,-0.170567,-0.093027,0.055697,0.035504,0.628715
641577870842,-0.127321,0.032624,-0.053885,-0.048775,0.027746,0.013098,0.677297
641677882981,-0.263839,0.041835,-0.057327,-0.070181,0.033273,0.029148,0.762066
641777895120,-1.301056,0.037252,0.127413,-0.074606,0.033891,0.035478,0.660374
641877907259,-0.663997,0.032290,-0.066926,-0.079790,0.028324,0.020955,0.679781
641977919397,-0.911944,0.094123,-0.064554,-0.085777,0.036351,0.037288,0.710584
642077931536,-0.193069,0.257679,0.001633,-0.091634,0.023362,0.039146,0.637068
642177943675,-0.493377,-0.263311,-0.101530,-0.097829,0.030819,0.047918,0.707666
642277955814,0.204280,-0.119405,-0.199401,-0.074410,0.026422,0.026208,0.670008
642377967953,-0.598604,-0.517610,-0.010863,-0.127557,0.036451,0.058304,0.756551
642477980092,-0.065131,-0.106035,-0.041747,-0.048830,0.014488,0.028438,0.742356
642577992231,-1.021922,-0.522613,0.044807,-0.096678,0.046095,0.073053,0.747115
642678004369,-0.275899,0.070537,-0.041704,-0.061445,0.020020,0.064093,0.733960
642778016508,-0.585538,-0.074111,-0.009608,-0.065786,0.020547,0.046854,0.720437
642878028647,-0.173288,0.205105,-0.026852,-0.050632,0.012154,0.015491,0.691396
642978040786,-1.071396,0.009919,0.056036,-0.060095,0.011777,0.064413,0.667630
643078052925,-0.725634,-0.254639,-0.084189,-0.054052,0.023712,0.027619,0.651348
643178065064,-1.191399,-0.225099,-0.046791,-0.079970,0.039099,0.032479,0.672993
643278077203,-0.495014,0.011403,0.008059,-0.029423,0.004793,0.010592,0.619056
643378089342,-0.652469,0.027794,0.165968,-0.052680,0.009575,0.036400,0.730792
643478101480,-0.200254,0.154310,-0.007860,-0.019867,0.015773,0.018047,0.713792
643578113619,-0.527731,0.020911,-0.110652,-0.075808,0.035000,0.012006,0.689559
643678125758,-0.030502,0.680404,-0.186664,0.030061,-0.023047,-0.024018,0.765938
643778137897,-1.122283,-0.069662,-0.042510,-0.066089,0.015013,0.051962,0.731840
643878150036,-0.631331,0.016093,-0.145484,0.017993,-0.024139,0.024412,0.766040
643978162175,-1.101308,-0.158130,0.029858,-0.005581,0.000919,0.016197,0.777612
644078174314,-0.418651,-0.277185,-0.082380,0.062984,-0.036397,-0.047062,0.712885
644178186453,-0.031524,0.078340,0.075500,0.026321,-0.003594,0.001024,0.850504
644278198591,-0.064425,-0.137991,0.171235,0.067952,-0.028886,-0.019598,0.836109
644378210730,-0.353774,-0.018349,-0.011503,0.055988,-0.025992,-0.006167,0.845853
644478222869,-0.755985,-0.150197,-0.165754,0.076519,-0.018952,-0.015072,0.898468
644578235008,-0.896982,-0.056754,-0.226412,0.044127,-0.011872,-0.006390,0.856999
644678247147,-0.622489,-0.283252,-0.430334,0.088781,-0.035478,-0.027525,0.858463
644778259286,-0.109021,0.056063,0.017702,0.074569,-0.033221,-0.019300,0.841099
644878271425,-0.026852,-0.417786,0.034867,0.082188,-0.053867,-0.058388,0.877180
644978283563,-0.368776,-0.118352,0.165666,0.072362,-0.033676,-0.030108,0.834090
645078295702,-1.044268,-0.531124,0.253417,0.116245,-0.056617,-0.037085,0.896532
645178307841,-0.603794,-0.200516,0.047438,0.095258,-0.045507,-0.059988,0.859325
645278319980,-0.881135,-0.838221,-0.237736,0.076287,-0.019162,-0.034532,0.894616
645378332119,-0.336154,-0.045504,0.076634,0.110973,-0.030845,-0.040119,0.803141
645478344258,-0.584428,-0.331034,-0.144897,0.033515,-0.020011,-0.017911,0.803703
645578356397,-0.373400,0.014462,-0.145034,0.067457,-0.035599,-0.010542,0.799538
645678368536,-0.085939,0.034025,-0.060436,-0.016628,-0.011773,0.044516,0.788927
645778380674,-0.132869,0.296646,-0.025567,0.001415,0.020542,0.017246,0.769744
645878392813,-0.724717,0.178396,0.125751,-0.021794,0.019509,0.012610,0.765871
645978404952,-1.002382,-0.139994,0.085822,-0.005535,0.018050,0.037584,0.710356
646078417091,-1.219381,0.153890,0.138493,-0.015479,0.033734,0.046400,0.762526
646178429230,-0.769968,-0.149837,-0.192863,0.002870,-0.002303,0.004447,0.749739
646278441369,-0.571184,0.053016,-0.044018,0.005953,-0.014871,-0.000404,0.722154
646378453508,-0.697983,0.013800,-0.093015,-0.001885,0.011550,0.017799,0.780579
646478465647,-0.568426,-0.002637,0.121621,0.032382,-0.004947,-0.030036,0.773644
646578477785,-0.636063,0.136998,0.169952,0.012205,0.004611,0.004649,0.786564
646678489924,-0.313144,0.170074,0.080042,0.050767,-0.005172,-0.033988,0.862585
646778502063,-0.500204,-0.042887,-0.299236,0.035352,-0.007354,-0.010074,0.830264
646878514202,-1.064709,-0.449537,0.118591,0.036316,-0.029099,-0.043655,0.830069
646978526341,-0.654812,-0.382671,0.176987,0.046205,-0.022341,-0.020863,0.869226
647078538480,-0.774305,-0.656416,0.001700,0.031616,-0.004284,-0.001466,0.902450
647178550619,-0.167237,-0.513846,-0.254554,0.027553,-0.008151,-0.036586,0.843866
647278562757,-0.423321,-0.116975,-0.076129,0.013249,0.001270,0.001438,0.861464
647378574896,-0.765124,-0.286388,-0.176481,-0.001266,0.013865,0.012572,0.862381
647478587035,-1.103939,0.018556,0.197528,-0.008287,-0.015396,-0.009119,0.808045
647578599174,-1.058036,-0.277094,-0.004177,-0.027689,0.025736,0.011379,0.774239
647678611313,-0.407864,-0.140610,0.008160,0.046271,-0.024849,-0.026965,0.713861
647778623452,-0.086341,-0.238012,-0.078152,0.004603,-0.001186,-0.006786,0.731212
647878635591,0.116106,-0.080069,-0.002262,0.045697,0.002774,-0.031419,0.729734
647978647730,-0.613365,-0.309318,-0.119705,0.004386,-0.002877,0.004958,0.669488
648078659868,-0.814223,-0.458244,-0.152506,0.042650,-0.009583,-0.013376,0.647771
648178672007,-0.941110,-0.453062,0.031416,0.007753,-0.004413,-0.025712,0.712982
648278684146,-0.717379,-0.089094,-0.017301,0.062129,-0.023865,-0.050404,0.614615
648378696285,-0.082775,0.173886,0.004030,0.050139,-0.012623,-0.034575,0.624808
648478708424,-0.382932,0.211129,-0.104582,0.057361,-0.043704,-0.037844,0.560464
648578720563,-0.372612,0.119282,-0.035350,0.062297,-0.022959,-0.014477,0.585702
648678732702,-0.963389,0.151833,0.050699,0.037064,-0.020696,-0.029965,0.523259
648778744840,-0.710769,-0.206098,0.037929,0.061436,-0.023719,-0.028335,0.494306
648878756979,-0.831215,-0.089609,0.089984,0.039650,-0.029637,-0.019399,0.572233
648978769118,-0.404170,-0.074560,-0.108253,0.056790,-0.029057,-0.020152,0.531749
649078781257,-0.680595,-0.320016,-0.018184,0.035693,-0.008722,-0.014480,0.584371
649178793396,-0.364420,-0.155911,0.014594,0.048810,-0.018770,-0.022964,0.577010
649278805535,-0.534231,-0.363208,-0.131874,0.028327,-0.009790,-0.010416,0.615751
649378817674,-0.550577,-0.042965,0.028215,0.026713,-0.003524,-0.013683,0.617765
649478829813,-0.422768,-0.085244,-0.053591,0.008891,-0.011849,0.002047,0.594417
649578841951,-0.647130,-0.277090,0.101410,0.006561,0.006648,0.018290,0.610351
649678854090,-0.432793,0.172503,-0.110901,-0.015349,0.019112,0.015407,0.558504
649778866229,-0.588432,-0.019350,-0.084824,-0.011166,0.006972,0.030362,0.517862
649878878368,-0.549842,-0.068263,-0.006460,-0.015359,0.008438,0.014686,0.505414
649978890507,-0.869209,0.077469,0.121374,-0.015239,0.006353,0.013842,0.513531
650078902646,-0.295672,0.044923,-0.080125,0.011296,-0.006248,0.000138,0.482139
650178914785,-0.598269,-0.142391,-0.132657,0.006575,-0.012973,0.007952,0.528296
650278926924,-0.965227,-0.045040,-0.061453,0.044646,-0.007997,-0.018518,0.538232
650378939062,-1.033168,-0.316234,-0.001624,0.036682,-0.013179,-0.012427,0.516552
650478951201,-0.812654,-0.276799,-0.027708,0.033488,-0.004777,-0.028716,0.535454
650578963340,-0.479477,0.085075,-0.101161,0.047725,-0.030455,-0.023164,0.534925
650678975479,-0.493097,-0.016007,-0.149757,0.038726,-0.030465,-0.034278,0.592287
650778987618,-0.385488,0.048614,0.026444,0.050951,-0.015994,-0.038531,0.541574
650878999757,-1.166152,-0.030360,-0.030525,0.048786,0.002407,-0.062241,0.576117
650979011896,-0.677209,-0.079493,-0.150213,0.060857,-0.036345,-0.034129,0.615240
651079024034,-0.770262,0.042674,-0.033392,0.015217,-0.023661,-0.008078,0.565969
651179036173,-0.480497,0.306535,0.081290,0.036173,-0.011164,-0.020767,0.602485
651279048312,-0.669875,-0.005656,-0.044371,0.025322,-0.003985,-0.016281,0.627968
651379060451,-0.552646,0.183906,-0.205982,0.029618,-0.028850,-0.010126,0.621448
651479072590,-0.794277,-0.155821,0.031944,-0.006507,-0.023848,0.002207,0.646564
651579084729,-0.290125,0.194727,-0.014871,0.034887,-0.015684,-0.034502,0.646859
651679096868,-1.114328,0.047073,0.003092,-0.009886,-0.006228,-0.020311,0.683010
651779109007,-0.710672,-0.049023,-0.008250,0.022164,-0.017153,-0.028799,0.713492
651879121145,-1.090718,-0.086257,0.068497,-0.038201,0.002622,0.012707,0.730098
651979133284,-0.490147,0.144031,-0.076988,0.001732,-0.010551,-0.017833,0.703820
652079145423,-0.217272,0.089531,-0.174339,-0.043740,0.004209,0.009685,0.738762
652179157562,-0.324071,0.014984,-0.128160,-0.021946,0.010546,0.016441,0.744503
652279169701,-0.322545,0.034171,0.035066,-0.029448,-0.000560,0.016080,0.737558
652379181840,-1.080910,0.073748,0.012055,-0.013737,-0.000848,0.028187,0.781201
652479193979,-0.703903,0.015501,-0.001516,-0.022993,0.015503,0.007225,0.736740
652579206117,-0.965606,-0.000243,0.080797,-0.036376,0.019545,0.005731,0.796530
652679218256,-0.240888,0.728124,-0.039726,0.005722,-0.007995,-0.000122,0.808849
652779230395,-0.773862,-0.009313,-0.251164,-0.065367,0.012206,0.063406,0.787137
652879242534,-0.210322,-0.079092,-0.205048,-0.043115,0.009651,0.049150,0.839836
652979254673,-1.438709,-0.421022,-0.068766,-0.109974,0.043996,0.054454,0.844653
653079266812,-0.401686,-0.174794,-0.063606,-0.015671,0.011216,-0.003136,0.889505
653179278951,-1.566961,-0.168305,0.122528,-0.112817,0.056680,0.063428,0.891594
653279291090,0.094642,0.254492,-0.131016,0.025981,-0.003835,0.026008,0.921486
653379303228,-0.163585,-0.064392,-0.114200,-0.019980,0.014933,0.041520,0.931542
653479315367,-0.368402,0.131016,-0.202112,0.047159,-0.003571,0.004829,0.916963
653579327506,-0.632351,-0.067922,0.031340,0.035318,0.007257,-0.003426,0.895648
653679339645,-1.020272,-0.427834,0.023978,0.036914,0.006108,0.007239,0.921965
653779351784,-0.502176,0.197946,-0.018483,0.021064,0.024151,0.010436,0.903770
653879363923,0.023994,0.002855,0.054726,0.030581,-0.005459,-0.036780,0.930233
653979376062,-0.743450,-0.305563,0.013919,0.010684,-0.009148,0.029086,0.944622
654079388201,-0.463325,-0.083630,0.158849,0.011038,-0.005635,0.030716,0.922956
654179400339,-0.657240,0.193953,-0.041327,0.002537,0.016543,0.019186,0.918488
654279412478,-1.037696,0.082561,0.027309,0.013929,0.001581,0.009781,0.914918
654379424617,-1.039210,-0.119855,-0.036564,0.007391,0.007192,0.016500,0.886973
654479436756,-1.198548,0.099302,0.061664,-0.010190,0.018640,0.019812,0.844253
654579448895,-0.689867,0.113484,-0.020703,0.002609,-0.004813,-0.023915,0.872297
654679461034,-0.283861,-0.005834,-0.096519,-0.033413,0.014129,0.022329,0.873998
654779473173,-0.463094,0.396723,0.104786,-0.004124,0.009864,0.007449,0.873490
654879485311,-0.791275,-0.349295,-0.193059,-0.038530,0.018054,0.028131,0.899501
654979497450,-1.108328,-0.155923,0.173897,0.001296,-0.013633,-0.018120,0.975230
655079509589,-0.789344,-0.294158,-0.145111,-0.088180,0.004999,0.022095,0.892123
655179521728,-0.801454,-0.416690,-0.282672,-0.072099,0.008931,0.037629,0.975012
655279533867,0.266518,0.242596,-0.135442,-0.082745,0.018519,0.053967,0.941859
655379546006,-0.447384,-0.310895,-0.105121,-0.110485,0.081712,0.055135,0.965884
655479558145,0.180801,0.282018,-0.273779,-0.054076,0.052686,0.011486,1.013459
655579570284,-0.830115,-0.433508,0.098737,-0.101490,0.052914,0.059976,0.982386
655679582422,-0.526450,-0.006802,0.234530,-0.021361,0.028295,0.035903,1.005325
655779594561,-0.773860,-0.615838,-0.024941,-0.053609,0.012792,0.042761,0.919260
655879606700,-0.564023,0.188203,0.099853,-0.049886,-0.005386,0.024293,0.957137
655979618839,-0.481387,0.299089,0.004599,-0.024935,0.026609,0.017394,0.898081
656079630978,-0.443868,0.192669,0.013717,-0.027226,0.000551,0.025485,0.835092
656179643117,-0.907530,-0.084116,0.036812,-0.034926,0.009438,0.036202,0.833623
656279655256,-0.475207,0.232421,-0.051691,0.012050,-0.007457,-0.011384,0.816861
656379667394,-0.842197,-0.219697,-0.044223,-0.013497,-0.000709,0.018711,0.819911
656479679533,-0.685797,0.062090,-0.005854,-0.017075,0.002086,0.009517,0.816411
656579691672,-0.233362,-0.303160,-0.068114,0.024544,-0.013091,-0.001026,0.869235
656679703811,-0.592949,-0.330092,0.077705,-0.031529,-0.009725,0.003994,0.864679
656779715950,-0.674344,-0.451669,-0.018746,0.011551,-0.015305,0.000092,0.874393
656879728089,-0.775923,-0.621568,0.071162,-0.050953,-0.000860,0.021019,0.862110
656979740228,-0.773932,-0.011636,0.174604,-0.015265,0.024519,0.015995,0.857170
657079752367,-0.657623,0.374335,0.025292,-0.039368,0.027241,0.013140,0.885744
657179764505,-0.722796,-0.010161,0.150752,-0.029260,0.008533,0.021237,0.821268
657279776644,-0.730822,0.237480,0.068602,-0.027946,0.012267,0.010723,0.792640
657379788783,-0.752902,0.209319,-0.074297,-0.049957,0.028035,0.013982,0.793103
657479800922,0.188057,0.089031,-0.054095,0.020421,-0.009308,-0.015682,0.746895
657579813061,-0.807779,-0.511380,-0.133170,-0.059158,0.008249,0.040894,0.753401
657679825200,-0.959735,-0.637278,0.011718,0.043162,-0.023834,0.001584,0.793977
657779837339,-1.198808,-0.681346,0.116910,-0.020462,0.007745,-0.005155,0.779104
657879849478,-0.524668,-0.173320,0.015925,0.044123,-0.014891,-0.030388,0.802556
657979861616,-0.403458,0.024439,0.133336,-0.011536,0.017750,0.001054,0.799574
658079873755,-0.313724,0.194445,-0.093667,0.009727,0.001688,-0.006393,0.767436
658179885894,-0.552266,0.113662,-0.009154,-0.005702,0.010674,0.007295,0.732040
658279898033,-0.697900,-0.162547,0.058369,0.032067,-0.020249,0.004886,0.743421
658379910172,-1.093686,-0.083191,0.155987,-0.012087,0.022213,-0.000422,0.665704
658479922311,-0.545803,-0.505917,-0.059320,0.002291,0.024659,-0.002662,0.665869
658579934450,-0.575959,-0.320717,-0.120338,-0.027275,-0.000627,0.033929,0.755708
658679946588,-0.601653,-0.315594,-0.073352,-0.023534,0.012749,0.024172,0.623491
658779958727,-0.781645,-0.304950,-0.018295,-0.027108,0.001917,0.005750,0.705827
658879970866,-0.876806,-0.179659,0.132432,-0.025307,0.009895,-0.002551,0.713675
658979983005,-0.886332,-0.303446,0.091030,-0.036976,0.019075,0.013716,0.596079
659079995144,-0.717023,0.173253,0.120623,-0.059287,0.029998,0.007700,0.686493
659180007283,-1.061136,-0.015104,0.249825,-0.070924,0.030919,0.004539,0.648105
659280019422,-0.563333,0.121528,-0.030266,-0.052841,0.018917,-0.016726,0.566206
659380031561,-0.961164,0.170584,-0.122806,-0.067745,0.016243,0.011772,0.600464
659480043699,-0.617962,0.497395,-0.056088,-0.049145,0.010842,0.003790,0.636179
659580055838,-1.197002,-0.167215,0.210531,-0.103417,0.052825,0.002286,0.601249
659680067977,-0.515085,-0.147965,0.008365,0.011012,-0.007172,-0.037147,0.662283
659780080116,-0.006435,0.210158,-0.158811,-0.007790,-0.007301,-0.002393,0.672882
659880092255,0.027315,0.461195,-0.040034,0.061455,-0.021802,-0.047499,0.664659
659980104394,-0.303230,-0.005241,-0.050787,-0.005028,-0.008354,-0.045880,0.747165
660080116533,-1.296409,-0.635628,0.018355,0.104159,-0.043138,-0.066934,0.714422
660180128672,-1.000322,-0.221807,0.072528,0.066465,-0.036660,-0.054321,0.754753
660280140810,-0.386475,0.181238,-0.072681,0.102332,-0.035594,-0.062962,0.766497
660380152949,0.598936,0.331761,-0.208315,0.118045,-0.055176,-0.083836,0.778134
660480165088,-1.109333,-0.570893,0.100971,0.110546,-0.046263,-0.056854,0.770645
660580177227,-0.594316,-0.243257,0.025472,0.125869,-0.058768,-0.072430,0.756029
660680189366,-1.374859,-0.887322,0.102585,0.080508,-0.040365,-0.040291,0.733008
660780201505,0.328928,0.041679,-0.165502,0.138086,-0.048483,-0.071836,0.758577
660880213644,-0.557290,-0.024007,-0.000967,0.045595,-0.011840,-0.011162,0.725113
660980225782,0.097769,-0.046494,-0.106255,0.101577,-0.049094,-0.016963,0.745530
661080237921,-0.741195,-0.133341,-0.029233,0.006963,0.003706,0.023938,0.710485
661180250060,-0.849999,0.168913,-0.041839,0.054535,-0.028637,-0.007480,0.670352
661280262199,-1.173438,-0.411426,0.074502,-0.018593,0.007278,0.024350,0.704747
661380274338,-0.804693,0.205783,-0.060171,0.033005,-0.008853,-0.005912,0.687796
661480286477,-0.539364,-0.052020,0.013049,0.010272,0.007071,-0.006688,0.663270
661580298616,-0.217518,0.059272,-0.096274,0.041510,-0.015292,-0.019435,0.731158
661680310755,-0.693070,0.333001,-0.012933,0.008327,-0.006195,0.020057,0.696018
661780322893,-0.778543,-0.061092,-0.029146,0.004982,0.010216,-0.005519,0.741736
661880335032,-0.778569,0.064101,0.051398,0.037334,-0.011304,-0.002586,0.747185
661980347171,-0.713392,0.225192,-0.065071,0.037353,-0.020903,-0.002551,0.769104
662080359310,-0.825902,-0.353935,-0.014388,0.072176,-0.021246,-0.026583,0.770089
662180371449,-0.982198,-0.255168,-0.198229,0.022226,-0.013369,-0.005915,0.769782
662280383588,-0.747219,-0.115877,-0.078621,0.053254,-0.030278,0.011757,0.810192
662380395727,-0.405585,-0.234959,-0.039850,0.068641,-0.036130,-0.031132,0.798338
662480407865,-0.855709,-0.189314,-0.022677,0.060008,-0.021768,-0.034621,0.831696
662580420004,0.201771,0.001694,-0.233458,0.102735,-0.021769,-0.078557,0.879534
662680432143,-0.757282,-0.414908,0.171013,0.045622,-0.033036,-0.047290,0.824543
662780444282,-0.009348,-0.071293,0.087141,0.117941,-0.035900,-0.039371,0.866094
662880456421,-0.937816,-0.629618,-0.166843,0.056636,-0.018697,-0.011289,0.842901
662980468560,-0.418870,0.206961,0.135101,0.099260,-0.029252,-0.067285,0.837912
663080480699,-0.935101,-0.445675,0.394331,0.010640,0.021802,-0.033095,0.832629
663180492838,-0.201773,-0.247777,-0.144331,0.088844,-0.043229,-0.023028,0.783486
663280504976,-0.483023,-0.139702,0.014808,0.009265,-0.032576,0.031424,0.750253
663380517115,0.340788,0.017591,-0.024077,0.083898,-0.033152,-0.040614,0.782798
663480529254,-0.843508,-0.350181,0.087080,-0.022075,0.018017,-0.008348,0.749219
663580541393,-0.822211,-0.632305,-0.016353,0.020133,-0.011399,-0.025422,0.728597
663680553532,-1.179315,-0.712440,0.039765,-0.032991,0.006827,0.037700,0.749382
663780565671,-0.558769,-0.437717,-0.025834,0.019079,-0.005720,0.000890,0.684057
663880577810,-0.129808,-0.059111,-0.155713,-0.041255,0.010901,0.030600,0.658215
663980589949,-0.029843,0.128950,-0.075842,0.009495,0.008190,-0.004127,0.643127
664080602087,-0.521760,-0.129145,-0.043464,-0.062849,0.033611,0.013149,0.641567
664180614226,-1.219573,-0.199114,0.004907,0.000057,0.005498,0.013304,0.561330
664280626365,-0.787931,-0.444376,0.045775,-0.067627,0.015803,0.039796,0.517085
664380638504,-1.013524,-0.199368,0.113922,-0.048408,0.026469,0.033651,0.540903
664480650643,-0.410493,0.196553,-0.019581,-0.046541,0.015218,0.030457,0.498769
664580662782,-0.725983,0.090948,-0.073588,-0.036986,0.017831,0.027173,0.516073
664680674921,-0.564867,0.471529,0.040236,-0.035939,0.004410,0.017191,0.497284
664780687059,-1.008093,0.033357,0.062062,-0.064600,0.030432,0.032083,0.524955
664880699198,-0.077604,-0.108936,-0.259237,-0.016660,-0.004991,-0.017888,0.509518
664980711337,-1.176337,-0.076101,0.254412,-0.052015,0.051365,0.034253,0.522497
665080723476,-1.101817,0.163458,0.041988,0.010268,0.009973,-0.034959,0.546453
665180735615,-1.297334,-0.742916,-0.043260,-0.061362,0.022124,0.040214,0.482486
665280747754,-0.337260,0.205119,0.061151,0.017978,-0.013945,-0.027632,0.622672
665380759893,-0.286971,0.529953,0.033157,-0.053746,0.021884,0.024184,0.571164
665480772032,0.079185,0.439952,-0.166938,0.019862,-0.021239,-0.018839,0.606540
665580784170,-1.188676,0.467186,-0.207712,-0.045909,-0.002898,0.021322,0.612819
665680796309,-1.641291,0.754985,0.091738,-0.022788,0.001509,-0.006484,0.612682
665780808448,-0.137953,0.153146,-0.089160,-0.027584,0.003305,-0.031636,0.710699
665880820587,-0.214772,0.522287,-0.178829,0.059769,-0.017705,-0.083481,0.712112
665980832726,-0.178437,-0.283546,-0.158114,-0.004325,-0.019623,-0.043606,0.752301
666080844865,-1.210467,-0.491833,0.212554,0.051341,-0.039338,-0.042821,0.757441
666180857004,-0.677851,-0.538745,-0.164458,0.039880,-0.037156,-0.037662,0.839214
666280869142,-1.047629,-0.687846,-0.049794,0.052568,-0.037265,-0.051265,0.754658
666380881281,0.386421,0.008926,-0.046547,0.081203,-0.047856,-0.066950,0.891763
666480893420,-0.635807,-0.505784,0.098170,0.031658,0.011577,-0.036543,0.883037
666580905559,-0.015951,0.037813,-0.079592,0.065044,-0.036622,-0.076053,0.804074
666680917698,-0.978355,-0.330442,0.144677,-0.005023,-0.010041,-0.024936,0.830987
666780929837,-0.199923,0.079120,-0.025562,0.043532,-0.016451,-0.045261,0.801321
666880941976,-1.221388,-0.298777,0.030912,-0.023052,0.019642,-0.020306,0.775756
666980954115,-0.487710,-0.196486,-0.031993,0.015771,0.007184,-0.064182,0.682895
667080966253,-1.288109,0.036165,0.148609,-0.059619,0.052293,-0.005012,0.746959
667180978392,-0.139344,0.052826,-0.134170,-0.003434,0.006249,-0.025226,0.651100
667280990531,0.141316,0.060194,-0.218418,-0.097825,0.045026,0.044254,0.669334
667381002670,0.837624,-0.059114,-0.176077,-0.008704,-0.022478,-0.010627,0.656599
667481014809,-0.096165,-0.170457,-0.092568,-0.134507,0.057158,0.050539,0.682617
667581026948,-0.905658,-0.284478,-0.051929,-0.009532,-0.006054,0.001161,0.707106
667681039087,-1.539808,-0.422379,0.112424,-0.088959,0.037710,0.071473,0.754782
667781051226,-0.933918,-0.120306,-0.009507,-0.041931,0.014526,0.007339,0.717945
667881063364,0.082399,0.062006,-0.120193,-0.061139,0.028023,0.034401,0.705368
667981075503,-0.217943,0.249578,0.061374,-0.033018,0.013802,0.023615,0.709054
668081087642,-0.352697,-0.001416,-0.066698,-0.012844,0.014791,0.020097,0.702792
668181099781,-0.529420,-0.081784,0.044199,0.002885,0.006010,-0.015933,0.697056
668281111920,-0.712626,0.029412,-0.053621,0.013911,-0.012786,0.003989,0.627842
668381124059,-0.849066,0.125509,-0.051923,0.035331,-0.022724,0.010355,0.676168
668481136198,-0.663713,-0.135687,-0.016546,-0.003206,-0.008934,0.005947,0.644007
668581148336,-0.122298,-0.120196,-0.101744,0.035280,-0.004416,-0.034040,0.727052
668681160475,-0.540382,0.028723,-0.020126,-0.005112,0.021474,0.001720,0.699516
668781172614,-0.632561,-0.204926,0.010419,0.036708,-0.020013,-0.016716,0.723005
668881184753,-0.924366,-0.133784,0.079765,0.007369,-0.005061,0.024174,0.740808
668981196892,-0.594137,0.095346,-0.167266,0.040973,-0.008168,-0.013842,0.734936
669081209031,-0.421334,-0.226323,-0.186535,0.018851,-0.022478,0.021252,0.710272
669181221170,-0.128003,-0.211244,-0.143687,0.047298,-0.018479,-0.017463,0.721244
669281233309,-0.372513,-0.656729,-0.052756,-0.005580,0.009135,-0.006967,0.742826
669381245447,-0.683994,-0.382877,0.073965,0.026142,0.004355,0.003057,0.734081
669481257586,-0.755131,-0.355692,-0.045375,0.001467,0.002087,0.033453,0.751426
669581269725,-0.843059,-0.387258,0.059613,0.009637,0.019952,0.007611,0.705543
669681281864,-0.730031,-0.027582,0.041071,-0.016333,0.023857,-0.004251,0.633831
669781294003,-0.796423,-0.495156,-0.154760,-0.025471,0.031148,0.016279,0.685938
669881306142,-0.321793,0.247138,-0.102814,-0.013246,-0.003884,-0.011200,0.627032
669981318281,-0.516500,-0.424152,0.061102,-0.028379,0.016293,0.007007,0.556240
670081330420,-0.361684,-0.135233,0.000373,0.002084,-0.000110,0.011412,0.577325
670181342558,-0.884664,-0.546618,0.067333,-0.042382,0.035006,0.017151,0.594716
670281354697,-0.554932,-0.291007,-0.043186,-0.007897,0.004700,0.017103,0.542482
670381366836,-0.863824,-0.007792,0.120329,-0.025791,0.007551,0.017706,0.578820
670481378975,-0.298032,-0.136925,-0.218624,0.014002,0.005677,0.000271,0.541173
670581391114,-0.496585,0.238410,-0.078920,-0.010107,0.028061,-0.011657,0.499931
670681403253,-0.086672,-0.018346,0.069658,0.025615,-0.001462,-0.030838,0.520642
670781415392,-0.650676,-0.287441,-0.031898,-0.023477,-0.003550,0.006721,0.511566
670881427530,-0.859813,0.118921,0.136103,0.012566,-0.031534,-0.016534,0.442009
670981439669,-1.123241,-0.284507,0.168082,-0.014953,0.019656,0.000432,0.547520
671081451808,-0.577649,0.068636,-0.151823,0.046013,-0.018565,-0.024218,0.500110
671181463947,-0.358847,0.478875,-0.070929,-0.001719,-0.000605,-0.008616,0.425126
671281476086,0.089319,0.030173,-0.138839,0.051739,-0.032265,-0.042689,0.494326
671381488225,-0.427351,0.289065,-0.106069,0.024699,-0.014997,-0.021803,0.509660
671481500364,-1.161895,-0.183472,-0.006498,0.059606,-0.030131,-0.047657,0.478100
671581512503,-1.111752,-0.404852,0.109611,0.011264,-0.012148,-0.024926,0.616022
671681524641,-0.807739,-0.581788,0.038695,0.058232,-0.035009,-0.032485,0.500559
671781536780,0.130959,-0.129138,-0.112840,0.039590,-0.014970,-0.045565,0.472607
671881548919,-0.029977,0.110501,-0.019260,0.051874,-0.016314,-0.060031,0.605273
671981561058,-0.206772,-0.115660,-0.138706,0.048651,-0.025793,-0.028625,0.569751
672081573197,-1.030244,0.031009,0.037048,0.033752,-0.019478,-0.013150,0.527356
672181585336,-0.504613,0.046590,-0.021038,0.050808,-0.029995,-0.029919,0.542187
672281597475,-1.139018,-0.351690,-0.010155,0.012844,-0.018028,-0.013456,0.517705
672381609613,-0.433230,0.125892,0.079057,0.062373,-0.031620,-0.040219,0.424514
672481621752,-0.857734,-0.461390,0.077667,-0.004685,0.010894,-0.021412,0.446718
672581633891,-0.175353,0.264235,-0.143909,0.037850,-0.008633,-0.039863,0.408718
672681646030,-0.923388,0.051600,0.145954,-0.030815,0.017360,0.002641,0.521205
672781658169,-0.661821,-0.259262,0.010781,0.012286,-0.004127,-0.010644,0.539135
672881670308,-1.217675,-0.163634,0.070248,-0.045875,0.025474,0.024018,0.438259
672981682447,-0.652455,0.013447,-0.031116,-0.008876,0.008267,0.001389,0.448784
673081694586,-0.108372,-0.213818,-0.101769,-0.064889,0.021657,0.028365,0.449530
673181706724,-0.001741,-0.076682,-0.017257,-0.033151,0.013685,-0.004609,0.477334
673281718863,-0.160837,-0.681400,-0.158911,-0.066862,0.025227,0.028727,0.372887
673381731002,-0.825388,-0.602745,0.070168,-0.030809,0.003766,0.008495,0.441138
673481743141,-0.546719,-0.683957,-0.027613,-0.092960,0.032837,0.028860,0.565713
673581755280,-0.540620,-0.720354,-0.003688,-0.060632,0.015653,0.024643,0.413115
673681767419,0.209911,-0.548969,-0.076170,-0.065103,0.022404,0.036872,0.343680
673781779558,-0.075336,-0.931422,-0.082745,-0.059588,0.032344,0.022091,0.389420
673881791697,-0.078536,-0.387538,0.107663,-0.031025,0.009730,0.003066,0.337950
673981803835,-0.933463,0.317543,0.092082,-0.035861,0.031381,0.033923,0.266626
674081815974,-0.605314,-0.049012,-0.200871,-0.025587,0.018001,0.013582,0.240935
674181828113,-0.829231,-0.009619,0.067511,-0.021090,0.011544,0.020083,0.142362
674281840252,-0.592785,-0.071808,0.013512,0.003258,0.009182,-0.002065,0.047455
674381852391,-0.762938,-0.088211,-0.074531,-0.023793,0.011603,-0.001749,0.035886
674481864530,-0.575296,0.017223,-0.055394,0.005344,-0.002433,-0.001263,0.012385
674581876669,-0.737939,0.025829,0.052375,-0.004203,0.012257,0.006142,0.029915
674681888807,-0.537747,-0.164110,-0.128111,-0.007576,-0.011878,-0.010437,0.035000
674781900946,-0.633730,-0.071687,-0.035751,-0.015264,0.002761,-0.002688,0.031815
674881913085,-0.558172,-0.196652,-0.006682,0.015954,-0.001855,-0.000427,0.026105
674981925224,-0.533865,-0.144471,-0.075651,-0.009190,0.001014,0.010396,0.012711
675081937363,-0.600697,0.096384,-0.107692,-0.008192,0.000942,-0.004817,0.022291
675181949502,-0.645926,0.007717,-0.077898,-0.020310,0.007479,-0.008455,0.019309
675281961641,-0.552497,-0.133498,-0.090432,0.004092,-0.008968,-0.002581,0.010542
675381973780,-0.576055,-0.011116,-0.037514,-0.002640,0.003066,-0.002284,0.004107
675481985918,-0.506899,-0.170446,0.049036,0.008889,-0.014469,0.002829,0.026740
675581998057,-0.645603,-0.159069,-0.102896,0.005227,0.001264,0.013840,0.020556
675682010196,-0.604585,-0.046954,-0.008271,0.019501,-0.022413,0.005503,0.009855
675782022335,-0.620629,0.260581,-0.016977,0.012002,0.014558,0.002298,0.026966
675882034474,-0.519852,0.032825,0.025086,0.003499,0.004739,-0.001297,0.022908
675982046613,-0.633189,-0.149561,-0.072146,-0.019969,0.011458,-0.008810,0.010399
676082058752,-0.580378,-0.193319,0.039690,-0.005249,-0.007630,-0.008705,0.021960
676182070890,-0.699430,0.088541,0.006924,-0.019890,0.020690,-0.014630,0.013601
676282083029,-0.572244,-0.050313,-0.071366,-0.004414,0.003623,-0.018725,0.003587
676382095168,-0.543575,-0.058677,-0.125374,0.001836,0.004699,-0.002023,0.006049
676482107307,-0.736439,0.029198,0.086423,0.007287,0.013868,0.003178,0.010366
676582119446,-0.561703,0.062354,-0.044204,0.020976,-0.011487,-0.008407,0.005180
676682131585,-0.487048,-0.198219,-0.030352,-0.000030,-0.014289,0.008413,0.024422
676782143724,-0.540704,0.321463,-0.070558,0.011092,0.011162,-0.016367,0.029802
676882155863,-0.551416,-0.054310,-0.104863,-0.021949,0.003824,0.001665,0.020187
676982168001,-0.794614,0.311205,0.065355,0.006220,0.012103,0.000512,0.007328
677082180140,-0.587911,-0.303142,-0.074227,-0.030140,-0.002008,0.004652,0.007511
677182192279,-0.803423,0.014884,0.086036,-0.028808,0.022068,0.027581,0.017873
677282204418,-0.447977,0.110587,-0.023516,-0.033405,0.008675,0.008542,0.033244
677382216557,-0.736517,-0.108531,0.031344,-0.038321,0.021542,0.029476,0.043419
677482228696,-0.381162,0.174663,0.008678,-0.010077,-0.000001,0.008000,0.057334
677582240835,-0.631070,0.211274,-0.067917,-0.033042,0.013376,0.017434,0.074849
677682252974,-0.161259,0.086286,-0.135309,-0.008060,-0.000374,-0.005310,0.053380
677782265112,-0.836394,-0.358296,0.079091,-0.041776,0.024083,0.028998,0.060395
677882277251,-0.574366,0.010081,0.006757,0.017561,-0.010594,-0.005431,0.067855
677982289390,-1.078269,0.029726,0.055311,-0.038186,0.014375,0.024140,0.068889
678082301529,-0.310255,0.096643,-0.040371,0.027002,-0.010549,-0.005523,0.068203
678182313668,-0.411355,-0.098718,-0.102358,-0.040750,0.020892,0.011158,0.070571
678282325807,-0.099363,0.263297,-0.112078,0.020103,-0.007882,-0.010526,0.073398
678382337946,-0.868873,0.127447,0.041798,-0.034519,0.018306,0.015602,0.073203
678482350084,-0.672398,0.035189,-0.041300,0.010968,-0.008494,-0.004299,0.110113
678582362223,-0.743192,-0.302891,-0.050557,-0.012357,0.007557,0.014791,0.098151
678682374362,-0.459618,-0.105403,-0.049959,0.016838,-0.001062,-0.009937,0.107160
678782386501,-0.511889,0.215702,0.005611,0.000693,0.003681,-0.003325,0.116637
678882398640,-0.547803,0.262069,-0.023574,0.032787,-0.007077,-0.015144,0.119658
678982410779,-0.369533,0.095346,-0.142627,0.036919,-0.018916,-0.020919,0.134880
679082422918,-0.824046,-0.069652,-0.015634,0.049928,-0.016925,-0.023729,0.115847
679182435057,-0.693114,0.155177,-0.016446,0.048491,-0.019835,-0.030547,0.149810
679282447195,-0.912013,0.025493,0.040245,0.053681,-0.021290,-0.033795,0.152330
679382459334,-0.227006,0.081433,-0.092049,0.057752,-0.024245,-0.040779,0.170810
679482471473,-0.602108,0.004580,-0.024868,0.059637,-0.033917,-0.026892,0.191494
679582483612,-0.133964,0.233794,-0.149688,0.077463,-0.032713,-0.036319,0.210580
679682495751,-0.797579,-0.275235,0.046214,0.053803,-0.024397,-0.030583,0.192577
679782507890,-0.621068,0.167209,0.004525,0.067422,-0.026131,-0.043781,0.200432
679882520029,-0.888666,-0.105160,-0.022553,0.062058,-0.022509,-0.025031,0.231021
679982532168,-0.288833,0.134858,-0.070623,0.073098,-0.030978,-0.030633,0.261704
680082544306,-0.660652,0.114829,0.009064,0.054681,-0.016284,-0.016290,0.257085
680182556445,-0.237700,0.248305,-0.140499,0.094326,-0.040881,-0.030053,0.266466
680282568584,-0.688049,0.092575,0.008121,0.040304,-0.016852,-0.013683,0.266595
680382580723,-0.247859,0.001082,-0.108994,0.091462,-0.030743,-0.033686,0.281710
680482592862,-0.941514,0.001097,-0.032869,0.040163,-0.017110,-0.006783,0.269399
680582605001,-0.658244,-0.190618,0.030170,0.073269,-0.020545,-0.029854,0.313150
680682617140,-0.860159,-0.251682,0.070004,0.032245,-0.014842,-0.002970,0.376757
680782629278,-0.235047,-0.232806,-0.054295,0.076272,-0.026988,-0.009302,0.357529
680882641417,-0.276353,0.230807,-0.024863,0.009355,0.011373,0.018891,0.285687
680982653556,-0.234436,0.256734,-0.118036,0.054093,-0.014548,0.007383,0.369522
681082665695,-0.753681,0.307052,-0.042485,0.030176,-0.002450,0.018894,0.473584
681182677834,-0.816812,-0.112546,-0.016844,0.033202,-0.001837,0.000387,0.314961
681282689973,-0.729756,-0.296615,0.109546,0.029089,-0.026538,-0.000585,0.306997
681382702112,-0.494050,-0.824694,0.010097,0.034032,-0.034549,0.004980,0.343609
681482714251,-0.406148,-0.595384,-0.025550,0.016076,-0.025093,-0.004339,0.355744
681582726389,-0.279230,-0.691685,-0.107738,0.035151,-0.025660,-0.010761,0.369353
681682738528,-0.479632,-0.482564,0.016514,0.017937,-0.005269,-0.013838,0.375392
681782750667,-0.312162,-0.623469,-0.017592,0.017393,-0.007090,-0.014300,0.331288
681882762806,-0.667653,-0.441718,-0.007716,0.010672,-0.008033,0.007218,0.364935
681982774945,-0.162357,-0.462317,-0.053405,0.034640,0.007137,-0.016939,0.272260
682082787084,-0.658626,0.289087,-0.062669,-0.013115,0.012622,-0.006425,0.161655
682182799223,-0.408890,0.081479,-0.096448,0.009972,0.008304,-0.004923,0.112466
682282811361,-0.528078,-0.088187,0.029811,-0.014761,0.014542,0.013809,0.041472
682382823500,-0.744969,0.017497,-0.072660,-0.002549,-0.003973,0.010279,0.022994
682482835639,-0.650673,-0.249966,-0.067194,-0.030881,0.007206,0.019651,0.038512
682582847778,-0.519635,-0.003112,0.002435,-0.006330,0.001570,-0.002209,0.028827
682682859917,-0.466384,-0.242785,-0.108638,-0.013839,0.003881,0.006526,0.026111
682782872056,-0.553646,0.029913,0.006247,-0.007200,-0.004573,0.004671,0.011839
682882884195,-0.513385,0.060978,-0.084117,-0.030142,0.005428,0.010776,0.013954
682982896334,-0.607852,-0.244143,-0.069058,-0.008760,-0.002047,0.006314,0.007631
683082908472,-0.675880,-0.157697,-0.054635,-0.018149,0.010171,0.019526,0.010947
683182920611,-0.706885,-0.046473,-0.026096,-0.032600,0.015712,0.003821,0.027838
683282932750,-0.386275,-0.030189,-0.054467,-0.016004,0.003127,0.009264,0.008535
683382944889,-0.419882,-0.101100,-0.106209,-0.008105,-0.000672,0.014574,0.028081
683482957028,-0.373947,-0.154998,-0.047387,-0.016384,0.005838,0.003022,0.042043
683582969167,-0.541422,0.041804,-0.027687,0.002083,-0.008105,0.005229,0.020842
683682981306,-0.506212,-0.059719,-0.021119,0.003507,0.002705,-0.006247,0.019338
683782993445,-0.596612,0.172129,0.040264,-0.001162,0.005124,-0.007375,0.010087
683883005583,-0.585136,-0.107505,0.018702,0.009539,-0.005886,-0.009116,0.010592
683983017722,-0.537125,-0.073380,0.009807,-0.003233,0.007758,0.002645,0.019413
684083029861,-0.613225,0.029621,-0.058301,-0.003014,0.005011,0.005183,0.013500
684183042000,-0.540644,-0.076555,0.017986,0.008638,0.005157,-0.011740,0.017711
684283054139,-0.671586,-0.230272,-0.027295,-0.008424,-0.002554,0.000991,0.023042
684383066278,-0.498974,0.056676,-0.007383,0.009364,0.004048,0.003851,0.009122
684483078417,-0.447105,0.008228,-0.064050,-0.017834,0.015110,0.009449,0.007727
684583090555,-0.288436,0.034164,-0.089785,0.005289,0.004403,-0.013995,0.013826
684683102694,-0.707261,0.069442,0.003530,-0.021163,0.006437,0.004252,0.019155
684783114833,-0.699868,-0.124565,0.023630,-0.000636,0.004507,0.001371,0.014228
684883126972,-0.793257,-0.175878,0.026056,-0.020399,0.013232,0.012618,0.014672
684983139111,-0.529082,0.057397,-0.058979,-0.002560,-0.000192,-0.010074,0.024238
685083151250,-0.378509,-0.069242,-0.043890,-0.011754,-0.000264,0.011677,0.017796
685183163389,-0.328098,0.175796,-0.053788,0.001050,0.005071,0.000717,0.014263
685283175528,-0.515932,-0.189295,-0.067246,-0.027227,0.007095,0.009560,0.020589
685383187666,-0.702575,-0.213219,-0.006597,-0.002088,-0.001573,0.010835,0.028646
685483199805,-0.649465,-0.200985,-0.006399,-0.027148,0.020963,0.013512,0.015902
685583211944,-0.629128,-0.053683,-0.032631,-0.009143,0.006173,0.013850,0.008895
685683224083,-0.407442,0.224318,-0.072277,-0.017724,0.006180,0.012052,0.008056
685783236222,-0.713394,-0.169550,0.126190,-0.041492,0.005960,0.024185,0.013836
685883248361,-0.420096,0.076258,-0.037699,-0.007452,0.001071,0.021871,0.019162
685983260500,-0.567977,-0.294679,-0.052709,-0.027935,0.013113,0.011741,0.015837
686083272638,-0.589172,0.289240,0.104248,0.005484,0.019696,0.006031,0.023327
686183284777,-0.478811,-0.230573,-0.131152,-0.008860,0.001916,0.007386,0.022455
686283296916,-0.649628,-0.081080,0.034721,0.014160,-0.033541,-0.004945,0.032819
686383309055,-0.699433,-0.264020,-0.015078,0.015787,0.000960,-0.024911,0.030835
686483321194,-0.614766,-0.034427,-0.138682,0.054903,0.005360,-0.061643,0.015882
686583333333,-0.219136,0.069909,-0.067057,0.008555,-0.006303,-0.006612,0.011435
686683345472,-0.252828,0.020994,-0.118766,0.024758,-0.019186,-0.022504,0.012732
686783357611,-0.412436,-0.005050,-0.113288,0.038285,-0.020447,-0.006426,0.014676
686883369749,-0.489039,-0.067178,0.082504,-0.005407,-0.010887,0.008404,0.011758
686983381888,-0.476023,0.187606,0.028738,0.007460,-0.010881,-0.015682,0.017596
687083394027,-0.639351,-0.126653,-0.033149,0.003462,-0.003751,-0.018482,0.016572
687183406166,-0.450073,-0.038598,0.032749,0.027609,-0.011429,-0.001571,0.016806
687283418305,-0.733826,0.061961,0.026592,0.011102,0.006295,-0.008292,0.011152
687383430444,-0.368046,0.017879,-0.005698,0.022789,0.000302,-0.021970,0.010000
687483442583,-0.503745,0.033693,-0.089831,-0.024697,0.004747,0.006907,0.008378
687583454722,-0.297327,0.053915,-0.028294,0.017484,-0.018385,-0.014023,0.008056
687683466860,-0.477457,-0.025881,0.004349,-0.012787,0.005075,0.004471,0.024749
687783478999,-0.710749,-0.077181,-0.062796,-0.001802,0.004304,-0.001846,0.011360
687883491138,-0.343080,-0.125234,-0.073066,0.012641,-0.009168,-0.022471,0.003881
687983503277,-0.646559,0.039489,0.077457,-0.011426,0.012277,-0.002385,0.009782
688083515416,-0.586774,-0.045632,-0.047967,0.021967,-0.003900,0.008290,0.021783
688183527555,-0.591360,-0.027419,0.054895,0.016892,-0.009352,-0.009027,0.013216
688283539694,-0.526467,-0.121812,-0.014769,0.010943,-0.000458,0.003240,0.018537
688383551832,-0.256872,-0.083155,-0.250474,0.008943,-0.000130,-0.023577,0.015822
688483563971,-0.378798,-0.121763,-0.088950,0.013058,0.001532,-0.004625,0.017553
688583576110,-0.492785,0.034158,0.020419,0.011805,0.001289,-0.003391,0.016430
688683588249,-0.851402,0.096396,0.068439,0.011082,-0.008410,0.004444,0.015182
688783600388,-0.520145,-0.085238,0.077593,0.039056,-0.021643,-0.009481,0.017554
688883612527,-0.669620,-0.201797,-0.055777,0.029945,-0.008773,-0.008323,0.022236
688983624666,-0.482008,0.153745,-0.097626,0.039118,-0.018982,-0.007684,0.026308
689083636805,-0.618082,0.067546,-0.036067,0.015761,-0.008258,-0.001437,0.030429
689183648943,-0.387139,-0.074411,-0.012714,0.022411,-0.006482,-0.009103,0.047841
689283661082,-0.538500,-0.113853,-0.023188,-0.007219,0.007452,-0.001480,0.054365
689383673221,-0.432619,-0.189456,-0.163005,0.008813,0.010434,-0.010326,0.062438
689483685360,-0.609741,0.077687,0.032249,0.000113,-0.001313,-0.019923,0.047152
689583697499,-0.549772,0.010124,0.028421,0.007180,0.009061,0.001823,0.019710
689683709638,-0.593196,-0.174648,-0.080850,-0.014517,-0.002037,-0.010523,0.021743
689783721777,-0.693710,0.013766,0.033808,-0.013823,0.021259,0.004228,0.040498
689883733915,-0.478095,-0.141038,-0.033566,-0.025560,0.017236,0.001907,0.022258
689983746054,-0.481586,-0.049302,0.004549,-0.017898,0.012824,-0.007236,0.017125
690083758193,-0.614985,0.056137,0.039981,-0.027717,0.018155,-0.003917,0.029508
690183770332,-0.585448,-0.201949,-0.105067,-0.021759,-0.001828,-0.000655,0.011933
690283782471,-0.540348,-0.135056,-0.079154,-0.020532,0.007222,0.001894,0.023881
690383794610,-0.566186,-0.163966,-0.003343,-0.016384,0.006010,0.006786,0.039514
690483806749,-0.621035,0.127927,0.001938,-0.006427,0.000174,-0.003652,0.010983
690583818888,-0.613932,0.236971,-0.068461,0.001050,-0.007666,0.013646,0.020832
690683831026,-0.540237,0.063152,-0.119452,0.012353,0.010981,-0.001461,0.013177
690783843165,-0.742585,-0.004100,0.048591,-0.011253,0.004720,-0.002559,0.011111
690883855304,-0.476756,-0.267516,-0.055060,-0.012524,0.005559,-0.007616,0.015304
690983867443,-0.557471,-0.084726,-0.021335,-0.016176,0.004457,0.005233,0.012617
691083879582,-0.535317,0.082072,-0.048443,-0.007212,-0.001084,-0.008258,0.011245
691183891721,-0.542907,0.190737,-0.120052,-0.000266,0.002278,0.002143,0.005052
691283903860,-0.305092,-0.116087,-0.082601,0.013374,0.007438,0.001894,0.013212
691383915999,-0.490277,0.219860,-0.125336,0.007139,-0.001910,0.011470,0.020128
691483928137,-0.557844,0.070911,-0.028807,-0.001328,-0.000088,0.008448,0.028571
691583940276,-0.596338,0.070390,-0.028307,0.010159,0.010546,-0.003999,0.018342
691683952415,-0.416323,-0.221529,-0.035976,-0.003950,0.006736,-0.006284,0.010048
691783964554,-0.428033,-0.214914,-0.059384,-0.010458,0.005396,-0.001766,0.009822
691883976693,-0.470337,-0.103820,-0.083196,-0.019696,0.004934,-0.000229,0.010000
691983988832,-0.411922,-0.037647,-0.047604,-0.010460,-0.003577,-0.009927,0.010000
692084000971,-0.479315,-0.075481,-0.005155,-0.002631,-0.003913,0.005000,0.019333
692184013109,-0.452127,-0.185092,-0.066500,0.010764,-0.008550,-0.003987,0.025312
692284025248,-0.428476,0.079869,-0.085649,0.022735,-0.006450,-0.003658,0.030312
692384037387,-0.467975,-0.032857,0.035347,0.009623,-0.016451,-0.000175,0.008234
692484049526,-0.388795,-0.125008,-0.131584,0.012761,-0.000670,0.000146,0.001554
692584061665,-0.471306,-0.081594,-0.035378,0.000780,-0.002871,-0.013122,0.006015
692684073804,-0.431310,0.035827,0.083153,0.008681,0.012670,-0.009210,0.012082
692784085943,-0.438088,-0.140803,-0.025478,-0.014399,0.000528,-0.016745,0.006282
692884098082,-0.465933,-0.084546,-0.049581,-0.013894,0.004344,0.004306,0.014344
692984110220,-0.463461,0.135642,0.070185,-0.014061,-0.008560,0.003247,0.013541
693084122359,-0.469908,0.116642,0.061598,-0.003227,0.007211,0.007391,0.019832
693184134498,-0.545682,-0.090816,-0.062993,0.019035,0.000649,0.008909,0.010828
693284146637,-0.420015,-0.045825,-0.014135,0.019753,-0.002039,-0.001387,0.016602
693384158776,-0.538769,0.185590,0.032575,0.007035,0.010233,0.015013,0.029744
693484170915,-0.407591,-0.057378,-0.013618,-0.008284,0.010457,-0.002390,0.009265
693584183054,-0.356347,-0.207891,-0.100808,-0.010604,0.017434,-0.001198,0.020200
693684195193,-0.329371,-0.318645,-0.014204,-0.012679,-0.001326,-0.017508,0.006217
693784207331,-0.374919,-0.069164,-0.032610,-0.017494,0.013169,0.002010,0.022470
693884219470,-0.445533,-0.092019,-0.090414,0.013312,-0.007644,-0.010362,0.014180
693984231609,-0.225420,0.018798,0.087864,0.020358,-0.004972,-0.018995,0.012880
694084243748,-0.132910,0.080773,-0.170206,0.028214,-0.028206,0.014098,0.039031
694184255887,-0.610270,-0.172595,-0.044597,0.018702,-0.019383,0.002357,0.021187
694284268026,-0.388219,0.154782,0.065155,0.029512,-0.001699,-0.003954,0.007815
694384280165,-0.265254,-0.046802,-0.061640,-0.019241,0.025114,0.002930,0.011027
694484292303,-0.463693,-0.191248,-0.078411,-0.014856,-0.001149,-0.005478,0.015457
694584304442,-0.469216,-0.302418,-0.053280,-0.035250,-0.003928,0.009813,0.020326
694684316581,-0.157709,0.101199,-0.056056,-0.004748,0.001020,-0.006759,0.015958
694784328720,-0.328028,-0.053155,-0.113711,-0.024138,0.009059,0.008231,0.008207
694884340859,-0.463899,-0.131569,-0.006725,-0.004481,-0.000246,0.007598,0.014676
694984352998,-0.416875,-0.232434,-0.043096,-0.007769,-0.010432,0.022589,0.010019
695084365137,-0.466369,0.044448,-0.056793,-0.001356,0.005212,0.010502,0.010764
695184377276,-0.234268,0.026070,-0.036558,0.001242,-0.003595,0.000643,0.021893
695284389414,-0.080546,3.270589,-0.757994,0.063789,-0.040454,0.015971,0.021545
695384401553,-3.420725,-1.708969,1.471265,0.253561,0.045458,-0.178830,0.024393
695484413692,1.725895,0.317441,-0.610282,0.338817,-0.134161,-0.148623,0.008117
695584425831,-1.318375,-0.736627,0.394432,0.167796,-0.063125,0.042447,0.028686
695684437970,0.331951,0.518393,0.289207,0.240836,-0.130542,-0.207787,0.026254
695784450109,-1.585476,-0.998661,-0.020030,0.070299,0.003134,0.021211,0.027580
695884462248,0.159061,-0.152280,-0.184782,0.186808,-0.093764,-0.152307,0.021252
695984474386,-1.390230,-0.607382,0.052808,-0.027453,0.009255,0.018453,0.025866
696084486525,0.699998,0.083647,-0.300934,0.097289,-0.040202,-0.077346,0.023659
696184498664,0.179609,-0.034357,-0.049857,-0.096134,0.025624,0.015023,0.025637
696284510803,1.029592,0.416761,-0.352881,0.051089,-0.013383,-0.030944,0.033623
696384522942,-0.401363,-0.313922,-0.004552,-0.090831,0.026985,0.033523,0.016452
696484535081,-1.055334,-0.617594,0.149597,0.019461,-0.002062,0.019773,0.027380
696584547220,-1.123415,-0.537503,0.061140,-0.098728,0.033942,0.054324,0.062175
696684559359,-0.585053,-0.370803,0.079667,-0.032148,0.025346,0.029756,0.058660
696784571497,0.451195,0.018687,-0.201674,-0.101348,0.056340,0.045455,0.022411
696884583636,0.201930,-0.030845,-0.079374,-0.064839,0.033692,0.031050,0.016816
696984595775,0.131120,-0.004834,-0.075072,-0.102439,0.053291,0.045914,0.017884
697084607914,-0.825605,-0.523877,-0.061138,-0.078429,0.027723,0.035558,0.012885
697184620053,-0.438398,-0.327235,-0.001897,-0.070922,0.033518,0.048219,0.017116
697284632192,-0.724639,-0.332758,0.019264,-0.063364,0.018488,0.043536,0.007006
697384644331,0.127795,-0.203367,-0.182693,-0.029138,0.025196,0.025440,0.027807
697484656470,-0.274688,-0.306831,-0.038684,-0.054883,0.019372,0.027273,0.035472
697584668608,0.141699,0.038700,-0.129388,-0.043881,0.019485,0.018333,0.034230
697684680747,-0.498521,-0.356018,-0.045799,-0.066775,0.028127,0.018820,0.049178
697784692886,-0.155479,-0.044718,-0.074684,-0.021085,0.009628,-0.001589,0.028183
697884705025,-0.388538,-0.325616,0.022702,-0.049855,0.012990,0.023353,0.013771
697984717164,-0.073768,0.109485,-0.197736,0.007465,-0.017086,0.005813,0.025593
698084729303,-0.173972,-0.247552,0.007949,-0.008237,0.001281,0.014959,0.019583
698184741442,0.028100,-0.013885,-0.095517,0.013959,-0.008676,0.002499,0.007934
698284753580,-0.222849,-0.322202,-0.078665,-0.007631,0.012792,0.008036,0.005169
698384765719,-0.366731,-0.194688,-0.002522,0.003529,-0.004385,-0.017032,0.017715
698484777858,-0.368192,-0.223251,-0.061002,-0.011690,0.011446,0.000157,0.031068
698584789997,-0.233567,-0.227938,0.031807,-0.013500,0.007685,-0.005664,0.036353
698684802136,-0.198718,-0.089729,0.036455,-0.006297,-0.002399,0.002962,0.018335
698784814275,-0.085754,-0.250411,-0.018835,0.012377,-0.019515,0.001260,0.015000
698884826414,-0.213803,-0.221260,-0.044187,0.008177,-0.001068,0.009422,0.015943
698984838553,-0.184289,-0.242325,0.012293,0.006149,-0.007819,-0.002320,0.010927
699084850691,-0.197975,-0.231138,0.001848,-0.002976,0.012789,-0.000203,0.004815
699184862830,-0.211876,-0.067542,-0.053767,-0.002040,-0.002197,-0.005572,0.015911
699284874969,-0.170314,-0.163331,-0.061302,-0.010885,0.003596,-0.001839,0.022299
699384887108,-0.098480,-0.159797,-0.056351,0.006208,-0.003423,0.005112,0.025649
699484899247,-0.193521,-0.020652,-0.037082,0.003529,-0.002578,0.001870,0.021866
699584911386,-0.173871,-0.252212,-0.094790,0.014076,0.002043,0.004274,0.014271
699684923525,-0.225537,-0.260445,-0.062722,0.005637,0.006429,-0.007057,0.009517
699784935663,-0.150912,0.050656,-0.020067,0.002554,-0.003961,-0.003640,0.016675
699884947802,-0.072646,-0.203730,-0.097904,-0.018996,0.001666,-0.005164,0.021359
699984959941,-0.063246,-0.200146,-0.101675,-0.005471,-0.006476,0.002386,0.029732
700084972080,-0.130630,-0.131022,-0.035891,-0.001960,-0.000088,-0.001383,0.022614
700184984219,-0.093806,-0.263008,-0.063494,0.025037,-0.009737,0.008602,0.026069
700284996358,-0.099507,-0.149765,-0.065949,0.019406,-0.003544,-0.010325,0.019389
700385008497,-0.196101,-0.198543,0.000433,0.010651,-0.006572,-0.003396,0.018764
700485020636,-0.079541,-0.161829,-0.083158,-0.000490,0.000495,-0.011717,0.009678
700585032774,0.103549,-0.134062,-0.038506,0.005851,-0.002152,-0.013755,0.022464
700685044913,-0.168228,-0.067919,-0.039867,-0.012125,0.002653,-0.007422,0.015551
700785057052,-0.259425,-0.330842,-0.057663,-0.001261,0.001898,-0.004599,0.007982
700885069191,-0.069327,-0.096136,-0.033096,0.014858,-0.003042,-0.013062,0.023958
700985081330,-0.844306,2.457813,0.555604,-0.225029,0.258689,-0.038922,0.022690
701085093469,-1.314721,-1.541163,0.107017,-0.163844,0.080556,0.223471,0.008471
701185105608,0.988844,0.965165,0.146609,-0.224431,0.031025,0.152341,0.014622
701285117747,-0.086152,0.188929,0.254315,-0.154392,0.145363,0.093274,0.016111
701385129885,1.043663,0.561109,-0.093404,-0.122215,0.122301,0.043579,0.033137
701485142024,-0.659775,-0.762489,-0.094736,-0.200060,0.051443,0.114272,0.022394
701585154163,0.286050,-0.217977,-0.190712,-0.094212,-0.000019,0.080082,0.014796
701685166302,-1.052242,-0.593636,0.211856,-0.151832,0.065198,0.062885,0.015781
701785178441,0.824024,-0.067056,-0.350866,-0.008810,0.027781,0.005375,0.026285
701885190580,-0.085878,-0.136529,-0.016860,-0.093873,0.039562,0.054649,0.015277
701985202719,0.567179,0.217589,-0.114921,0.009410,-0.006488,0.006560,0.026546
702085214857,-0.519880,-0.533586,-0.026225,-0.072049,0.027097,0.038880,0.010189
702185226996,-0.294513,-0.382624,-0.030004,0.030317,-0.015649,-0.027491,0.030855
702285239135,-0.738570,-0.527379,-0.022112,-0.049443,0.025672,0.012170,0.024819
702385251274,0.042685,-0.211338,-0.072637,0.048466,-0.027890,-0.033741,0.011926
702485263413,0.238260,-0.228425,-0.107092,0.008881,-0.008610,0.018901,0.007395
702585275552,0.369908,-0.002153,-0.129058,0.055091,-0.029722,-0.019603,0.019736
702685287691,-0.350345,-0.431355,-0.063801,0.016309,-0.000587,0.002807,0.008441
702785299830,-0.175348,-0.162296,-0.006563,0.051998,-0.015216,-0.024703,0.017958
702885311968,0.395146,-0.264120,-0.118233,0.002413,-0.008150,-0.008608,0.014786
702985324107,0.209377,-0.557276,-0.194284,0.024186,-0.016287,0.003860,0.013178
703085336246,0.111487,-0.346366,-0.082570,-0.008596,0.010475,-0.025406,0.006181
703185348385,-0.189904,-0.590737,-0.011274,0.033221,-0.012174,-0.016105,0.010927
703285360524,-0.014229,-0.659960,-0.068766,0.051258,-0.030695,-0.001734,0.010285
703385372663,-0.567840,-0.264771,-0.029240,0.013378,-0.034945,-0.042387,0.030395
703485384802,0.082144,-0.192310,-0.039156,0.015497,0.014759,-0.015941,0.055235
703585396941,-0.098539,-0.147343,-0.120960,0.003617,0.003882,-0.041666,0.087117
703685409079,-0.088825,-0.175776,-0.028740,0.007081,-0.013676,-0.004025,0.134649
703785421218,-0.325240,-0.465418,0.024990,-0.015026,-0.003072,-0.002936,0.157368
703885433357,0.188624,-0.312831,-0.112600,-0.028497,0.003564,-0.027068,0.177087
703985445496,0.038908,-0.576711,-0.027141,-0.034191,0.005620,-0.010921,0.187595
704085457635,0.029991,-0.484166,-0.029601,-0.041560,0.006012,-0.019978,0.192450
704185469774,-0.068365,-0.935997,0.087217,-0.069082,0.019317,-0.007597,0.183559
704285481913,0.195657,-1.011414,0.000520,-0.100377,0.030033,0.007670,0.197379
704385494051,0.370275,-1.081736,0.013535,-0.113622,0.032742,0.018090,0.222323
704485506190,0.006313,-1.035645,-0.092591,-0.143644,0.045985,0.026765,0.253426
704585518329,-0.074933,-0.844620,-0.020596,-0.143361,0.062447,0.023893,0.288700
704685530468,0.078261,-0.740008,-0.108617,-0.148620,0.051377,0.023112,0.350434
704785542607,0.101382,-0.447411,0.046263,-0.172184,0.075195,0.031138,0.421543
704885554746,-0.163372,-0.426488,-0.152187,-0.154478,0.067128,0.030444,0.600440
704985566885,-0.314678,-0.419526,0.053850,-0.121427,0.045243,-0.010033,0.630790
705085579024,0.050188,-0.186737,-0.132286,-0.119652,0.060816,-0.001312,0.644661
705185591162,0.081954,-0.062595,0.044330,-0.169790,0.076657,-0.002507,0.766772
705285603301,0.026300,-0.310614,-0.246074,-0.133493,0.039115,0.020454,0.837593
705385615440,0.798716,0.232683,-0.160594,-0.102055,0.033383,0.013893,0.735525
705485627579,0.549921,0.376897,0.121714,-0.097453,0.023838,0.023330,0.850619
705585639718,0.593945,-0.193851,-0.068314,-0.064414,0.030175,0.049521,0.819055
705685651857,-0.079447,-0.336516,0.074784,-0.053933,0.028827,0.034565,0.829748
705785663996,-0.239218,0.066713,0.143353,-0.016105,0.024533,0.031257,0.869939
705885676134,-0.157180,-0.015116,-0.092926,-0.012771,-0.007750,0.018824,0.753547
705985688273,0.585778,0.150603,0.051449,0.022929,-0.039931,0.018200,0.954179
706085700412,0.967150,-0.048785,0.051095,0.065733,-0.030292,-0.007781,0.714965
706185712551,0.512145,0.017265,-0.061242,0.029608,-0.019754,0.030242,0.905551
706285724690,-0.049140,-0.031753,0.013981,0.077809,-0.030261,0.032758,0.738308
706385736829,0.175311,-0.298708,-0.131515,0.081151,-0.019914,0.036717,0.789626
706485748968,0.245882,-0.349416,0.113353,0.145875,-0.078040,-0.019692,0.777450
706585761107,0.621776,-0.235452,-0.288053,0.110159,-0.023303,-0.003123,0.812363
706685773245,0.368168,0.225534,-0.165305,0.102714,-0.023439,0.056871,0.816506
706785785384,-0.353020,0.005793,0.163995,0.083388,-0.057528,0.042229,0.840894
706885797523,-0.318734,-0.513445,-0.028489,0.116668,-0.053599,0.016308,0.812349
706985809662,0.116412,-0.370160,-0.083011,0.105065,-0.041157,0.008948,0.856762
707085821801,0.192223,0.268921,0.084537,0.120819,-0.016095,-0.005515,0.825427
707185833940,0.425850,-0.067577,-0.225858,0.135066,-0.024223,0.025409,0.893755
707285846079,0.073482,-0.307591,-0.155703,0.108316,-0.058462,0.029814,0.951419
707385858218,0.141301,-0.090765,0.044847,0.099815,-0.055830,0.025752,0.807922
707485870356,-0.216214,-0.084266,-0.108139,0.104097,-0.032747,0.021839,0.899696
707585882495,0.495460,0.080282,-0.358647,0.123407,-0.058915,-0.005837,0.848513
707685894634,-0.237469,-0.137583,-0.032862,0.101178,-0.026465,0.012808,0.919499
707785906773,-0.363192,-0.032894,0.054424,0.126376,-0.055107,-0.015269,0.912295
707885918912,-0.915420,-0.419439,0.274283,0.064015,-0.006400,0.029764,0.856622
707985931051,-0.923814,-0.267875,0.029438,0.082662,-0.027399,-0.030657,0.837792
708085943190,-0.632509,0.326772,-0.112064,0.081137,-0.027992,-0.034250,0.976962
708185955328,-0.984551,0.729520,0.007387,0.102626,-0.051118,-0.029439,0.975885
708285967467,-0.107168,1.211832,0.007655,0.094750,-0.028181,-0.054901,0.910096
708385979606,-0.769523,1.003851,0.251156,0.055742,0.005504,-0.026332,0.895701
708485991745,-0.225508,1.148419,-0.143688,0.066809,-0.058592,-0.027205,0.915542
708586003884,-0.624415,0.923754,0.024420,0.022657,-0.029184,0.010760,0.829540
708686016023,-0.615878,0.973845,0.044465,0.028854,0.000541,-0.027628,0.711781
708786028162,-0.771575,0.673955,-0.037839,0.034422,-0.000561,-0.022683,0.607299
708886040301,-0.515319,1.025698,-0.054480,0.023866,-0.021555,-0.010719,0.571545
708986052439,-0.076815,-0.260183,-0.120420,0.010119,-0.015033,-0.007551,0.410532
709086064578,0.417591,-0.273385,0.018155,0.042515,-0.024195,-0.025975,0.304195
709186076717,0.023407,-0.431638,0.038207,0.004609,0.003085,-0.011958,0.206708
709286088856,0.112334,0.148078,-0.171060,0.020127,-0.010793,-0.017586,0.091423
709386100995,-0.150848,-0.206417,-0.115855,0.000040,-0.007811,0.006554,0.039603
709486113134,-0.198716,0.003939,0.060132,0.017612,0.007603,-0.008775,0.057331
709586125273,-0.241322,-0.338469,-0.135312,-0.023597,-0.004580,0.004549,0.034317
709686137411,-0.098085,0.141302,-0.035877,-0.004296,0.005867,0.000587,0.009423
709786149550,0.126275,-0.101657,-0.048315,-0.018591,0.017260,0.010731,0.015444
709886161689,-0.161151,-0.078974,-0.037910,-0.020621,-0.010651,0.017497,0.018620
709986173828,0.114810,-0.023340,-0.095892,-0.018234,-0.006685,0.019764,0.018889
710086185967,0.023453,0.011487,-0.066557,-0.009004,0.001186,-0.001030,0.025113
710186198106,-0.025262,-0.026938,-0.020685,0.007266,0.011448,-0.004835,0.021801
710286210245,0.007468,0.056542,-0.072881,-0.008884,-0.000706,-0.017284,0.057272
710386222384,-0.049062,-0.183512,-0.042975,0.013483,-0.006563,-0.000619,0.036231
710486234522,0.032961,-0.122924,-0.091660,0.010067,-0.006166,-0.009255,0.064761
710586246661,-0.011911,0.078220,-0.123834,-0.012355,-0.020595,0.005974,0.054428
710686258800,-0.036615,-0.274497,0.085431,0.014894,-0.008589,-0.003891,0.066561
710786270939,0.013683,0.059843,0.147885,0.020652,0.006099,-0.025923,0.077516
710886283078,0.027495,-0.332189,-0.194520,-0.005927,-0.025341,0.026094,0.069542
710986295217,-0.100299,0.195438,0.015357,-0.015974,-0.005818,0.009238,0.069734
711086307356,-0.052509,0.104576,0.013784,0.006326,0.018460,0.007862,0.056095
711186319495,-0.233517,0.077496,-0.027473,-0.007073,0.040489,-0.005511,0.049573
711286331633,-0.210467,0.783845,0.107570,0.015450,0.008804,-0.005110,0.074788
711386343772,-0.240734,0.178676,-0.025535,-0.015011,-0.004577,0.011964,0.082487
711486355911,0.051698,0.172868,-0.011322,0.020717,-0.012605,-0.003707,0.069143
711586368050,-0.245822,0.129371,-0.111026,0.004868,0.014300,-0.008170,0.111088
711686380189,-0.040421,0.311329,-0.139865,0.022402,-0.008569,-0.008225,0.130053
711786392328,-0.358669,0.278337,0.049236,0.007529,-0.000390,-0.001383,0.162182
711886404467,-0.059543,0.069640,-0.084724,0.005527,-0.008289,-0.005295,0.205826
711986416605,-0.181549,-0.084667,-0.055643,-0.009948,0.002202,-0.001017,0.251792
712086428744,0.102552,0.128927,-0.020914,0.020940,-0.006177,-0.020382,0.246772
712186440883,0.017620,0.066557,-0.008919,0.000202,0.003834,-0.000074,0.238037
712286453022,0.126727,0.193802,-0.143536,0.013566,0.008956,-0.015659,0.298422
712386465161,-0.149424,0.155991,-0.088274,-0.007254,0.006983,-0.004052,0.334716
712486477300,-0.242757,0.119326,-0.121996,0.001278,-0.002087,-0.001008,0.369156
712586489439,-0.262607,0.192950,-0.091113,-0.007170,-0.002592,0.020067,0.406082
712686501578,-0.153103,0.288209,0.001728,-0.003878,0.009595,-0.002800,0.416157
712786513716,-0.070766,0.052500,-0.097643,-0.009750,0.023533,-0.005450,0.480148
712886525855,-0.294633,-0.060745,-0.040294,-0.008534,0.006746,0.010732,0.453707
712986537994,0.037420,-0.148427,-0.083521,0.024154,-0.009129,-0.014405,0.472334
713086550133,0.024285,0.032282,0.089930,-0.005392,0.016762,-0.008314,0.554727
713186562272,0.423331,0.418875,-0.086329,0.044050,-0.014316,-0.035351,0.508996
713286574411,-0.104475,0.288388,-0.114075,0.001599,-0.013190,0.013106,0.550983
713386586550,-0.174093,0.238504,-0.084246,0.037794,-0.019124,-0.008553,0.633450
713486598689,-0.239582,-0.025451,-0.011068,0.048757,-0.017358,-0.004546,0.609398
713586610827,-0.168489,-0.032305,0.087856,0.017858,0.003875,0.003962,0.550238
713686622966,-0.345203,0.099772,0.059111,0.035151,-0.016006,-0.001419,0.615574
713786635105,-0.502670,0.405662,-0.080833,0.027190,-0.001993,0.015103,0.658951
713886647244,0.407153,0.389550,-0.024244,0.076645,-0.047739,-0.016143,0.670869
713986659383,0.179508,0.013715,-0.124309,0.008194,0.002338,0.021089,0.779547
714086671522,0.122917,0.104325,-0.200739,-0.017238,0.018221,0.036907,0.717144
714186683661,0.013021,-0.132337,0.010168,0.016810,0.004905,0.019462,0.702351
714286695799,0.212638,0.405037,-0.066678,0.068770,-0.009655,-0.033595,0.778285
714386707938,-0.236331,-0.177401,-0.054181,0.032105,-0.013591,-0.007142,0.807342
714486720077,-0.103508,-0.159839,0.076312,0.049883,-0.040467,-0.017475,0.933094
714586732216,-0.219154,0.318751,0.064901,0.046712,-0.012808,-0.016559,0.809800
714686744355,-0.128878,-0.227464,-0.150036,0.080281,-0.019612,-0.026508,0.809742
714786756494,0.239432,-0.093057,0.183396,0.033873,0.008065,-0.008232,0.824382
714886768633,-0.162506,0.227151,0.172128,0.057824,-0.027919,-0.004505,0.815506
714986780772,-0.152624,-0.500543,-0.090818,0.028555,-0.050388,0.012175,0.881626
715086792910,0.162523,-0.329635,-0.034003,-0.008047,-0.005597,0.007756,0.810456
715186805049,0.319461,-0.277931,-0.154045,-0.005344,0.020073,-0.008404,0.878832
715286817188,0.284705,-0.510052,-0.100664,-0.037571,0.027974,0.009645,0.792959
715386829327,-0.558567,-0.667262,-0.057389,-0.024836,-0.001533,0.029538,0.865608
715486841466,0.135828,-0.519975,-0.018365,-0.058688,0.017888,0.018940,0.835468
715586853605,-0.372482,-0.522866,0.044974,-0.071310,0.023185,0.050698,0.861218
715686865744,0.725229,-0.193500,-0.119049,-0.053021,0.020151,0.033301,0.758253
715786877882,-0.180115,-0.701848,-0.098737,-0.078930,0.026172,0.048317,0.695127
715886890021,0.330822,-0.377537,0.003533,-0.013612,-0.001416,0.013389,0.788703
715986902160,-0.166987,-0.429572,-0.079616,-0.018496,0.019661,0.008048,0.552838
716086914299,-0.109105,-0.169154,-0.135938,0.020426,-0.002441,-0.009717,0.662754
716186926438,-0.051677,-0.454800,0.082061,-0.017051,-0.023270,0.001768,0.665924
716286938577,0.034991,-0.207732,0.031757,0.005031,-0.002641,0.010135,0.556073
716386950716,0.331285,-0.335709,-0.154304,-0.015809,0.003553,-0.001401,0.499181
716486962855,-0.018897,-0.210777,-0.023181,-0.005667,0.019645,0.011619,0.557311
716586974993,0.011411,-0.531036,-0.098404,-0.011027,-0.008093,-0.006118,0.520075
716686987132,0.266686,0.010754,0.047659,-0.031463,-0.003374,0.023780,0.506048
716786999271,0.191197,-0.008960,-0.111425,-0.037941,0.021774,-0.001449,0.487600
716887011410,0.222136,-0.002236,-0.232901,-0.031647,0.008064,0.007774,0.392671
716987023549,-0.213487,-0.494511,0.042452,-0.049889,0.019099,0.021386,0.411281
717087035688,0.136169,0.197108,-0.052867,-0.012608,-0.005828,-0.006667,0.518620
717187047827,-0.185478,-0.176245,-0.028678,-0.051064,0.022888,0.028680,0.323282
717287059966,-0.010753,0.033787,-0.030444,-0.006353,-0.014595,-0.004403,0.284206
717387072104,-0.062909,-0.382280,-0.065579,-0.020272,0.022516,0.018534,0.344732
717487084243,-0.004534,-0.211307,0.047918,-0.002628,0.002148,-0.009508,0.315669
717587096382,0.096565,-0.083630,-0.004350,-0.002662,-0.000735,0.009477,0.334435
717687108521,-0.010557,-0.435732,-0.131695,-0.011004,0.001957,0.011693,0.378948
717787120660,-0.040369,-0.193405,-0.043501,-0.033202,0.010639,0.010977,0.344102
717887132799,-0.161458,-0.242811,0.001136,-0.051568,0.024807,0.012483,0.286502
717987144938,0.318794,-0.105795,-0.002387,-0.012593,-0.000404,0.011113,0.312052
718087157076,-0.010095,-0.271212,-0.055418,-0.028331,0.017422,0.026327,0.301208
718187169215,0.119146,-0.136672,0.028301,-0.017514,0.002346,-0.009138,0.300826
718287181354,-0.028395,-0.205086,-0.010552,-0.010347,0.007592,0.023324,0.239115
718387193493,0.292960,0.054317,-0.144187,0.010359,0.000698,-0.009378,0.233391
718487205632,-0.039672,0.014484,0.066737,-0.017230,0.018288,0.004185,0.269740
718587217771,-0.017475,-0.209335,-0.090250,0.012109,0.004172,0.006384,0.252226
718687229910,-0.032682,-0.284936,-0.042976,-0.015383,0.008057,-0.000776,0.224658
718787242049,0.271835,-0.469491,-0.084834,-0.002212,-0.012346,0.009367,0.200997
718887254187,0.207950,-0.359334,-0.083601,0.009008,-0.006038,0.004543,0.182301
718987266326,0.420762,-0.652458,-0.095217,-0.011305,-0.003052,-0.006523,0.171273
719087278465,0.116810,-0.456557,0.047079,-0.015866,-0.002364,0.005091,0.183092
719187290604,-0.079670,0.017050,0.052735,0.001348,0.005129,0.000715,0.155418
719287302743,-0.174171,-0.135725,-0.237341,-0.024517,0.007177,0.006678,0.136076
719387314882,0.233406,-0.141712,-0.012719,0.018825,-0.018032,-0.006795,0.094597
719487327021,0.040019,0.013618,0.035831,-0.003072,0.001700,0.011152,0.041829
719587339159,0.170888,-0.027534,-0.123686,0.022571,-0.013688,-0.018577,0.015834
719687351298,0.032465,-0.044938,-0.053547,0.020124,-0.003132,-0.001462,0.013783
719787363437,-0.219517,-0.120065,0.041066,0.022295,-0.015984,-0.017432,0.020198
719887375576,-0.210731,-0.266880,0.001763,0.016635,-0.007440,-0.013297,0.010432
719987387715,-0.380316,-0.214772,-0.098385,0.069925,-0.022546,-0.040722,0.006461
720087399854,0.443450,0.118956,0.053648,0.037463,-0.005435,-0.026377,0.026990
720187411993,-0.041735,0.018757,0.115729,0.039972,-0.009513,-0.017784,0.011546
720287424132,0.286263,0.013439,-0.088311,0.059028,-0.035696,-0.015221,0.013260
720387436270,-0.117356,-0.104669,0.037598,-0.007792,-0.013294,-0.003857,0.035748
720487448409,0.203333,0.171049,-0.043614,0.030607,-0.000510,-0.023592,0.039861
720587460548,-0.188446,-0.090907,0.024469,0.012144,0.008180,-0.009020,0.021536
720687472687,-0.061164,0.042465,-0.054655,0.020873,-0.008999,0.000719,0.019861
720787484826,-0.093020,-0.125385,-0.051382,-0.010044,-0.007370,0.004525,0.033123
720887496965,0.155461,0.024008,-0.008947,0.004909,0.006826,-0.016537,0.025278
720987509104,-0.080220,0.044618,-0.024250,-0.010389,0.008075,-0.011291,0.016110
721087521243,0.046982,-0.134467,-0.145409,0.004228,-0.010174,-0.002838,0.010624
721187533381,0.102476,-0.007067,0.035553,-0.004463,-0.011474,0.005027,0.059116
721287545520,-0.120861,-0.057333,-0.040308,0.003758,0.003765,-0.001704,0.009936
721387557659,0.021616,0.099947,-0.106659,-0.000898,0.016861,-0.012528,0.008998
721487569798,0.028910,-0.075860,-0.067079,0.001648,0.007825,-0.004323,0.020460
721587581937,0.041459,-0.046268,0.034762,-0.029451,0.008399,-0.004767,0.004428
721687594076,-0.542828,-0.418585,0.439988,-0.017117,-0.003334,-0.015424,0.023113
721787606215,0.330490,0.090722,-0.421202,-0.006778,0.008603,-0.008402,0.026841
721887618353,0.264410,0.206137,-0.278397,-0.000682,0.002218,0.009973,0.013072
721987630492,-0.165258,-0.176157,0.080254,0.011904,-0.005375,0.010187,0.022308
722087642631,0.014018,-0.100048,-0.012584,0.022891,-0.003467,0.002011,0.012690
722187654770,0.118649,-0.000164,-0.036819,-0.001590,0.015641,-0.009270,0.049582
722287666909,-0.192325,-0.010224,-0.097932,0.002119,-0.010035,0.014183,0.038441
722387679048,-0.096716,-0.315708,-0.037691,-0.015341,-0.003126,0.004630,0.049994
722487691187,-0.042178,0.042237,0.073917,0.001512,0.012071,-0.009820,0.029291
722587703326,-0.070948,-0.040778,-0.112380,-0.018176,0.013800,-0.008355,0.016366
722687715464,0.007773,0.008779,0.051860,-0.035199,-0.004523,0.002274,0.018411
722787727603,0.233821,-0.094237,-0.228944,-0.037018,0.006510,0.052914,0.035703
722887739742,-0.068905,-0.368473,-0.050378,-0.045739,0.020802,-0.008111,0.010759
722987751881,0.222128,0.575980,-0.337064,-0.046211,0.048357,0.053931,0.038633
723087764020,-1.830923,1.049488,0.138959,0.129386,0.087246,0.055471,0.038667
723187776159,-2.235976,-0.019932,0.574129,-0.114639,0.111587,0.053269,0.009041
723287788298,-0.562400,0.345374,0.081859,0.006544,-0.006612,0.022023,0.017193
723387800436,0.911384,0.750585,-0.159783,-0.138392,0.060204,0.138423,0.054985
723487812575,0.634942,0.730027,0.078437,-0.047067,0.018204,-0.007121,0.061707
723587824714,0.183748,0.347524,-0.096406,-0.139702,0.074620,0.090246,0.098782
723687836853,-0.422198,0.066505,-0.125541,-0.101729,0.037693,0.022302,0.129508
723787848992,0.800824,0.378152,-0.153321,-0.140567,0.053249,0.072860,0.168927
723887861131,0.120951,-0.088507,0.040589,-0.125732,0.041460,0.049743,0.193414
723987873270,0.754428,0.325355,-0.211425,-0.118583,0.045175,0.048474,0.248835
724087885409,-0.516807,-0.244979,-0.040937,-0.130105,0.052532,0.045998,0.250740
724187897547,0.241189,-0.100196,-0.058682,-0.089678,0.035030,0.025118,0.270265
724287909686,-0.733443,-0.115345,0.061506,-0.119097,0.060214,0.055331,0.259869
724387921825,-0.059138,0.286528,-0.037650,-0.057974,0.019502,0.005079,0.246577
724487933964,-0.709023,-0.341192,-0.002537,-0.120767,0.042138,0.050602,0.245000
724587946103,0.311042,0.596487,-0.054442,-0.041571,0.004418,-0.010723,0.295080
724687958242,-0.448977,0.216011,0.078666,-0.089100,0.034613,0.005494,0.299257
724787970381,0.002514,0.083485,-0.063336,0.004752,-0.011337,-0.020734,0.270787
724887982520,-0.646104,-0.343525,0.007136,-0.058746,0.048154,0.026053,0.259857
724987994658,-0.221442,0.120958,0.035196,0.023488,0.006640,-0.030971,0.287243
725088006797,0.246826,0.642400,-0.076656,0.022024,-0.008631,-0.010684,0.361517
725188018936,0.604795,0.280148,-0.230513,0.069088,-0.047709,-0.043053,0.359620
725288031075,0.155123,0.204161,0.057027,0.014836,0.010096,-0.005507,0.329935
725388043214,-0.237045,-0.070153,-0.142908,0.049123,0.006277,-0.018453,0.376247
725488055353,-0.331753,0.277156,-0.018252,0.028151,-0.030389,-0.015409,0.412163
725588067492,-0.205228,-0.050003,-0.070878,0.015214,-0.003414,0.023874,0.447669
725688079630,0.181277,0.287125,-0.083905,0.010457,-0.012577,-0.025883,0.433595
725788091769,0.203744,0.037690,-0.169555,-0.008921,-0.003018,0.022715,0.459252
725888103908,0.269344,0.058593,-0.116738,-0.022465,0.006686,-0.004113,0.543083
725988116047,0.126796,0.393137,-0.037004,-0.029875,0.008122,0.020566,0.449129
726088128186,-0.180134,-0.495301,-0.280759,-0.044515,-0.005247,0.012659,0.508195
726188140325,0.021407,-0.409930,-0.143086,-0.018070,-0.028859,0.010397,0.546211
726288152464,0.102812,0.319615,0.052724,0.013224,-0.004231,-0.021830,0.550000
726388164603,0.159401,-0.013639,-0.057478,-0.019918,0.008078,-0.018166,0.610001
726488176741,-0.014278,-0.113166,-0.195764,-0.018631,0.022892,0.016054,0.669247
726588188880,0.390534,0.039186,-0.004381,0.001155,0.018547,-0.012482,0.621238
726688201019,-0.256148,-0.011707,-0.107572,0.041103,-0.012069,-0.032579,0.682000
726788213158,-0.201970,-0.266635,-0.043141,0.023420,0.006831,-0.016745,0.673468
726888225297,0.243298,0.527243,0.057946,0.019813,-0.000633,0.027596,0.753945
726988237436,-0.082251,0.108544,-0.417623,-0.054972,-0.034961,0.034892,0.715489
727088249575,0.557885,0.003691,-0.350084,0.022851,-0.028925,0.048577,0.655204
727188261714,-0.639283,-0.265083,0.024878,-0.051284,0.035743,-0.005214,0.666443
727288273852,-0.268991,-0.079325,-0.084494,0.061775,-0.022482,-0.008527,0.831460
727388285991,-0.615082,-0.605461,0.050146,-0.008365,-0.011207,-0.003498,0.765505
727488298130,0.009142,-0.064565,-0.120101,0.069132,-0.051111,-0.033980,0.761983
727588310269,0.466556,0.472409,-0.205681,0.041777,-0.009146,-0.005986,0.770169
727688322408,0.885653,0.127512,-0.253039,0.104506,-0.074456,-0.071080,0.783378
727788334547,-0.116366,-0.141691,0.095122,0.029090,-0.004602,0.009395,0.892719
727888346686,-0.584256,-0.387302,0.045513,0.071009,-0.027563,-0.039599,0.702029
727988358824,-0.913153,-0.721706,0.106096,-0.022302,0.001817,0.038926,0.810238
728088370963,-0.379652,0.178397,-0.046202,0.025293,0.014020,0.012655,0.836893
728188383102,-0.006664,0.165927,-0.197215,-0.036991,0.013416,-0.002389,0.785026
728288395241,0.492668,0.295274,-0.204290,0.037724,-0.026057,-0.005477,0.856629
728388407380,-0.098764,0.213277,-0.069630,-0.029453,0.009637,-0.021635,0.793517
728488419519,-0.952280,-0.609938,-0.053660,0.125728,-0.030078,-0.066669,0.788310
728588431658,-0.764514,-0.309591,-0.113957,0.045956,-0.048640,-0.065137,1.022496
728688443797,-0.392117,-0.030018,0.140663,-0.088406,0.036617,0.007715,0.770772
728788455935,1.391219,0.529611,-0.328642,-0.143132,0.106800,0.076771,0.941760
728888468074,0.397149,0.416800,-0.188438,-0.111934,0.021219,0.042832,0.886810
728988480213,0.973946,0.149339,-0.239482,-0.097116,0.045902,0.065197,0.886680
729088492352,-0.379883,-0.088879,-0.134071,-0.082856,0.033333,0.036841,0.919028
729188504491,0.302100,-0.106429,-0.139805,-0.056044,0.018478,0.027920,0.906092
729288516630,-0.928420,-0.281085,-0.154151,-0.121735,0.018504,0.051349,0.934132
729388528769,0.596842,0.127131,0.067629,-0.038353,-0.018603,0.058454,1.130114
729488540907,-0.322590,-0.193004,0.332327,-0.086647,0.033829,0.040936,0.923072
729588553046,1.299256,0.360884,-0.547638,-0.062619,0.048686,0.051838,0.950615
729688565185,-0.452060,-0.143268,0.329665,-0.091072,0.056401,0.030568,0.995204
729788577324,0.838366,0.399279,-0.208097,-0.011132,-0.015927,-0.012547,0.951282
729888589463,-0.648166,-0.290081,-0.055040,-0.042727,0.040847,0.074260,1.102738
729988601602,-0.524748,0.001295,-0.063126,0.037304,-0.017840,-0.058731,0.910412
730088613741,-0.163431,-0.821763,-0.475947,0.022381,-0.022949,0.047909,0.936962
730188625880,-0.488157,0.077553,0.187423,0.052305,-0.058309,-0.021331,1.067965
730288638018,0.256328,0.098897,0.175189,0.050128,0.005195,-0.005705,0.915477
730388650157,-0.337549,-0.350154,-0.028210,0.035430,-0.000657,-0.004981,0.944616
730488662296,0.182283,-0.141590,-0.123096,0.028231,0.000352,-0.046350,0.980173
730588674435,0.391006,-0.066624,-0.233396,-0.033698,0.000150,0.008590,1.025763
730688686574,1.032399,-0.031942,-0.008261,0.026104,-0.023829,0.010983,1.000810
730788698713,-0.149535,-0.166503,0.097839,-0.089862,0.026174,0.042115,0.974031
730888710852,-0.193478,-0.616098,-0.023037,-0.033624,-0.017497,0.024358,0.956819
730988722991,-0.508052,-0.494817,0.168442,-0.061448,0.024710,0.064184,0.957711
731088735129,0.295039,-1.025385,-0.208291,-0.027561,-0.005826,0.012176,1.030769
731188747268,0.835579,-0.548593,-0.028469,-0.085221,0.015108,0.047408,1.014362
731288759407,0.777716,-0.893381,-0.205740,-0.072126,0.033602,0.011437,1.038479
731388771546,1.257027,-0.747745,-0.132172,-0.056443,0.037663,0.045295,0.891033
731488783685,0.206564,-1.187180,0.036060,-0.076558,0.027348,0.039094,0.788586
731588795824,0.695538,-1.310981,-0.075937,-0.081951,0.019249,0.039433,0.751417
731688807963,0.272202,-0.651931,-0.101087,-0.078677,0.031733,0.038278,0.711546
731788820101,0.445425,-0.192324,-0.136277,0.047626,-0.023784,-0.018211,0.627993
731888832240,0.009993,-0.517459,-0.070076,0.002884,-0.011906,-0.015706,0.431508
731988844379,0.388624,-0.046732,0.015448,0.047369,-0.019260,-0.008845,0.344137
732088856518,0.180470,-0.506358,-0.037192,0.014021,-0.005422,0.011818,0.291683
732188868657,0.179174,-0.188076,-0.077769,0.021157,-0.017036,0.003458,0.209585
732288880796,-0.150121,-0.497145,0.021278,-0.023093,0.018743,0.005033,0.190124
732388892935,-0.016785,-0.158529,-0.133443,0.011069,-0.008896,-0.000706,0.175555
732488905074,-0.112636,-0.087606,-0.145917,0.004484,-0.002364,0.011062,0.113631
732588917212,0.279129,-0.254097,0.004372,0.020117,-0.000493,-0.011674,0.097960
732688929351,0.063963,-0.010988,-0.043874,-0.025643,0.015982,-0.004651,0.079159
732788941490,0.166869,0.014589,-0.007102,-0.013160,-0.006581,0.005316,0.061874
732888953629,0.071001,0.031388,-0.060207,-0.019979,-0.004846,0.018408,0.044927
732988965768,-0.190296,-0.018678,-0.015816,-0.015445,0.015141,0.004242,0.020814
733088977907,0.060024,-0.094035,-0.059372,-0.008755,0.005618,0.003828,0.015337
733188990046,-0.023368,-0.036789,-0.086689,-0.022923,0.003085,-0.003740,0.012281
733289002184,0.021308,0.003128,-0.035638,0.008205,-0.008894,0.008630,0.012933
733389014323,0.054591,-0.062287,-0.013137,0.012379,-0.001778,-0.005922,0.007616
733489026462,-0.006222,0.014476,-0.083232,-0.003404,0.001716,0.001837,0.011396
733589038601,-0.050761,-0.062652,-0.032614,-0.023706,0.010638,-0.001541,0.014665
733689050740,0.081083,-0.020954,-0.022182,-0.008472,-0.006639,0.001729,0.007826
733789062879,-0.123276,0.043485,-0.031688,-0.006890,-0.000760,0.005762,0.006202
733889075018,-0.052862,-0.108230,-0.043325,0.021692,-0.010175,-0.006537,0.015019
733989087157,-0.116680,-0.109714,-0.021118,0.003187,0.008280,0.004588,0.016854
734089099295,-0.004474,0.136308,0.029435,0.000536,-0.007249,-0.008957,0.016202
734189111434,-0.044308,0.055541,-0.028824,-0.010482,0.012886,0.009653,0.007943
734289123573,-0.008317,0.190957,-0.059312,0.002720,-0.000998,-0.006081,0.021303
734389135712,-0.261757,0.415386,0.038357,0.004262,0.005013,0.007834,0.017608
734489147851,-0.191580,0.001686,-0.055031,0.030151,-0.009610,0.009440,0.020659
734589159990,-0.251372,0.499985,-0.002871,0.028270,-0.016186,-0.005418,0.006746
734689172129,-0.448688,0.418794,-0.066274,-0.010651,-0.001742,0.017857,0.010449
734789184268,-0.237246,0.485883,-0.062233,0.018174,-0.010291,-0.012455,0.044803
734889196406,-0.221645,0.035176,-0.069178,-0.000207,0.010176,-0.011683,0.069454
734989208545,-0.102550,0.251968,-0.002616,-0.003956,-0.009859,0.003047,0.129930
735089220684,0.031390,-0.063205,0.049369,-0.002297,-0.010073,-0.005595,0.182546
735189232823,-0.014150,-0.459173,-0.128240,0.011558,0.001457,-0.025640,0.231680
735289244962,-0.079326,0.053143,-0.102790,0.015495,0.011155,-0.018707,0.276361
735389257101,-0.073005,0.340275,-0.078084,0.004988,0.017405,-0.014208,0.268466
735489269240,0.214808,0.203397,-0.110597,0.012274,-0.005081,-0.020563,0.298189
735589281378,-0.156100,-0.088118,0.030587,-0.012162,0.009362,0.010208,0.281360
735689293517,-0.002426,0.293821,-0.077524,-0.018709,0.013634,-0.001688,0.248628
735789305656,-0.361802,0.196027,-0.065323,-0.044616,0.032612,0.021216,0.280722
735889317795,0.215280,0.232599,-0.006665,-0.022758,0.003780,0.005655,0.331396
735989329934,-0.181072,-0.061854,-0.066709,-0.039498,0.005942,0.020871,0.355803
736089342073,-0.047997,0.372870,-0.042421,-0.008645,-0.000955,-0.000955,0.331253
736189354212,-0.420755,0.303371,0.030019,-0.037860,0.017897,0.010317,0.363797
736289366351,-0.098406,0.026651,-0.047738,-0.020399,0.007213,-0.007860,0.428874
736389378489,-0.289611,0.242805,-0.056913,-0.032876,0.019765,0.007180,0.376029
736489390628,-0.069574,0.610139,-0.049829,-0.016300,-0.016301,-0.004209,0.355480
736589402767,-0.247793,0.347192,0.110673,-0.016282,0.012873,0.001441,0.500658
736689414906,0.026982,0.305360,0.043984,0.000457,0.001541,-0.018383,0.437582
736789427045,-0.086057,0.317989,-0.138545,0.002733,-0.010220,0.011230,0.428801
736889439184,-0.083822,0.454698,0.004902,-0.015963,-0.023226,0.033501,0.593606
736989451323,-0.044401,0.110770,-0.006672,0.028333,0.017276,-0.017865,0.524350
737089463462,-0.375957,-0.122990,-0.023146,0.011105,0.023421,-0.017588,0.580986
737189475600,-0.004041,0.431274,-0.139758,0.043820,-0.035350,-0.026205,0.561301
737289487739,-0.214886,0.538185,0.042235,0.037591,-0.007282,-0.007970,0.634866
737389499878,0.747964,0.116405,-0.201291,0.091050,-0.063544,-0.045567,0.628724
737489512017,-0.413262,-0.332896,-0.022705,0.062612,-0.030632,-0.028710,0.604566
737589524156,0.072340,0.211211,-0.311824,0.090975,-0.034885,-0.057689,0.673564
737689536295,-0.573524,-0.385562,0.108277,0.052311,-0.035702,-0.038557,0.784911
737789548434,0.192127,0.414842,0.018782,0.077737,-0.034809,-0.025332,0.640235
737889560572,-0.705925,-0.041830,-0.023174,0.019825,0.008258,-0.048370,0.735637
737989572711,0.741023,0.066238,-0.240608,0.103675,-0.004477,-0.018056,0.836720
738089584850,-0.048261,0.386427,0.036822,-0.025924,0.024210,0.001274,0.695646
738189596989,0.452962,1.002161,0.016872,0.052573,-0.007295,0.042728,0.810709
738289609128,-0.782018,0.032584,0.142159,-0.033805,0.013766,0.062623,0.873405
738389621267,-1.014116,-0.501331,0.174036,-0.017887,0.019808,0.007222,0.875404
738489633406,-0.809841,-0.503142,-0.117193,-0.039077,0.045957,-0.000939,0.789848
738589645545,-0.216509,-0.294645,-0.090613,-0.032640,0.017018,-0.042435,0.910982
738689657683,0.757867,0.463341,0.099155,-0.008742,0.002794,0.034443,0.894731
738789669822,0.918549,0.857277,0.362246,-0.035968,0.048797,0.032581,0.948400
738889681961,1.434548,0.486127,-0.520308,-0.135229,0.019823,0.088155,0.977420
738989694100,-2.961275,-1.716370,-0.431552,-0.229919,0.116765,0.174524,0.967542
739089706239,-0.434061,-0.815206,-0.062995,-0.125588,0.048101,-0.037034,0.851985
739189718378,-0.784885,-0.671705,0.331116,-0.150746,0.089668,0.001696,0.956520
739289730517,1.792882,0.743973,0.102288,-0.097171,0.063874,0.000287,1.000409
739389742655,0.604886,-0.042090,0.251208,-0.117006,0.012725,0.107490,1.100113
739489754794,0.560747,0.297396,-0.193991,-0.046194,-0.002979,0.086669,0.938582
739589766933,-0.844566,-0.646474,-0.050632,-0.087944,0.075403,0.063869,0.926120
739689779072,-0.126738,0.342252,-0.148591,0.010751,0.009087,-0.014522,0.968343
739789791211,-0.494226,-0.363773,-0.102517,-0.056788,0.023646,-0.009732,1.033166
739889803350,0.188443,0.330660,-0.001804,0.010316,-0.030366,-0.034597,0.857649
739989815489,0.175619,-0.415803,0.161457,-0.017769,0.008640,0.003748,0.896322
740089827628,0.747892,0.099711,-0.143057,0.031920,-0.002896,-0.007267,0.820464
740189839766,0.033007,-0.326821,0.116452,-0.044033,0.040485,0.038958,0.982555
740289851905,0.582506,0.274124,0.023686,0.042331,-0.004285,0.001981,0.991212
740389864044,-0.029149,-0.411156,-0.142468,0.004894,-0.000470,0.006905,0.928843
740489876183,-0.390947,-0.044624,-0.110268,0.035627,-0.013755,-0.010424,0.876257
740589888322,0.029143,-0.582558,-0.390173,0.032428,-0.011891,-0.034563,0.864619
740689900461,-0.066524,-0.210883,-0.193564,0.071765,-0.080741,-0.034100,0.914333
740789912600,0.238700,-0.283361,0.186428,0.075701,-0.034180,-0.020448,0.795121
740889924739,-0.316993,-0.100028,0.068992,0.030456,-0.021636,-0.053378,0.851053
740989936877,0.483036,-0.201566,-0.286941,0.089416,-0.060029,0.006948,0.863386
741089949016,0.080485,-0.025158,0.332314,-0.009820,-0.030982,0.005915,0.778437
741189961155,0.332895,-0.188463,-0.004639,0.030097,-0.017351,-0.016580,0.687174
741289973294,0.057781,-1.392758,-0.185192,-0.015311,-0.002865,-0.000279,0.776026
741389985433,0.004990,-1.171121,-0.025308,0.032456,-0.013869,-0.047045,0.799692
741489997572,0.380601,-1.296129,0.072084,-0.039325,0.011858,0.001868,0.650615
741590009711,0.745639,-0.996456,0.061718,-0.012889,-0.004895,-0.019823,0.687145
741690021849,1.068000,-1.022064,0.013156,-0.033482,0.010887,0.034983,0.648795
741790033988,0.352169,-0.346572,0.088124,-0.018253,0.015812,0.015845,0.495333
741890046127,0.020445,0.180689,-0.164775,-0.039399,0.042874,0.027723,0.388843
741990058266,-0.310056,-0.146746,-0.160349,-0.036222,0.026384,0.012098,0.328606
742090070405,-0.147462,0.078132,-0.053301,-0.008436,-0.002547,0.022449,0.194205
742190082544,-0.104420,-0.183765,0.013045,-0.011348,-0.002090,0.007855,0.036869
742290094683,-0.005813,0.230740,-0.033151,-0.005923,0.013083,0.001866,0.063406
742390106822,-0.235367,0.087216,-0.007457,-0.030252,-0.002722,0.020322,0.043777
742490118960,0.046299,0.073565,-0.121152,0.005441,-0.009026,0.020327,0.051875
742590131099,-0.043707,-0.211798,-0.010886,-0.024878,0.015022,-0.001892,0.024264
742690143238,0.039393,0.178268,-0.068236,-0.004468,0.001909,-0.003663,0.032629
742790155377,-0.056831,-0.111722,-0.087600,-0.025274,0.005980,0.008705,0.014105
742890167516,0.045641,0.179801,-0.036352,-0.009234,0.004730,0.013601,0.019208
742990179655,-0.248896,0.178678,0.023405,-0.017677,-0.005190,0.010302,0.009980
743090191794,0.238521,0.081252,-0.144583,-0.016026,0.010097,0.010351,0.007135
743190203932,-0.159176,-0.128003,-0.015301,-0.037272,0.020592,0.009497,0.023231
743290216071,-0.067388,0.203217,-0.045673,-0.017079,0.008850,0.015141,0.053067
743390228210,-0.431237,0.078247,0.008998,-0.048297,0.020832,0.017615,0.042577
743490240349,0.198123,0.198897,-0.083558,-0.029465,-0.003852,0.014423,0.057154
743590252488,0.034423,-0.055731,-0.085230,-0.038212,0.022479,0.019249,0.077942
743690264627,0.250289,0.271057,-0.105782,-0.043934,0.027591,0.010592,0.065457
743790276766,-0.478166,0.277168,0.028663,-0.031090,0.022391,0.023051,0.086458
743890288905,-0.304517,0.253743,0.028258,-0.020011,0.018425,0.012826,0.089892
743990301043,-0.249748,0.077585,-0.090526,-0.020225,0.004082,0.007043,0.094515
744090313182,-0.001979,0.148082,-0.014219,-0.001961,-0.010824,0.004682,0.118582
744190325321,-0.122842,0.144718,-0.064075,-0.001556,-0.008231,0.003769,0.117348
744290337460,0.006607,0.352827,-0.038539,0.012798,-0.016540,-0.007534,0.144046
744390349599,-0.300875,0.472671,-0.028930,-0.012492,0.011057,0.019901,0.168779
744490361738,-0.063396,0.553795,-0.097544,0.020099,-0.013166,-0.008097,0.212527
744590373877,-0.339495,0.290071,0.024551,0.003022,0.004753,-0.004147,0.272926
744690386016,-0.307355,0.275948,-0.092856,-0.000264,-0.006052,-0.009234,0.311528
744790398154,0.008496,0.264909,-0.020755,-0.004773,-0.006608,-0.013422,0.303198
744890410293,-0.246225,0.286403,-0.006067,-0.001439,-0.019219,-0.011540,0.331830
744990422432,-0.406461,0.182408,-0.047372,0.019370,-0.014393,-0.011390,0.389253
745090434571,-0.011335,0.441455,-0.114283,0.013930,0.003708,-0.007330,0.490961
745190446710,-0.061102,0.376508,0.028885,0.027928,0.004316,-0.005543,0.408654
745290458849,-0.245606,0.551590,0.015830,0.011329,0.002915,-0.006496,0.478543
745390470988,0.060527,0.418493,-0.129713,0.022710,-0.021004,0.005355,0.572892
745490483126,-0.332620,0.090027,-0.036931,-0.020334,0.014912,0.020172,0.499756
745590495265,-0.448476,0.180375,-0.000178,0.021595,-0.004944,-0.006544,0.585126
745690507404,-0.524658,0.279813,-0.056200,-0.022902,0.003793,0.026063,0.498207
745790519543,-0.471945,0.482702,0.156480,-0.032365,0.014955,-0.015994,0.640933
745890531682,0.150596,0.294089,-0.080033,-0.038866,0.034395,0.014962,0.703971
745990543821,-0.376939,-0.165161,-0.159841,-0.066782,0.037771,0.002045,0.582128
746090555960,0.296564,0.217201,-0.149107,-0.040980,-0.003375,0.018629,0.702207
746190568099,-0.209272,-0.385677,-0.404997,-0.070923,-0.003644,0.003019,0.769446
746290580237,0.035704,-0.250276,-0.115678,-0.028712,0.007046,-0.021899,0.678884
746390592376,-0.313028,-0.474019,0.015567,-0.092553,0.020904,-0.006365,0.789427
746490604515,0.210438,-0.766500,0.080429,-0.032038,0.006862,-0.007795,0.886257
746590616654,-0.051555,-0.244808,-0.065537,-0.101636,0.019885,0.026095,0.840630
746690628793,0.287628,0.201174,-0.081443,-0.062118,-0.014567,0.013466,0.895671
746790640932,0.188080,-0.312431,-0.070171,-0.078613,0.043798,0.019685,0.729727
746890653071,0.165808,-0.214618,-0.093113,-0.054170,0.027942,-0.007241,0.761804
746990665210,-0.110588,-0.111407,0.003946,-0.092251,0.038468,0.004133,0.702723
747090677348,-0.061028,-0.352107,0.038222,-0.059156,0.035528,-0.010269,0.658833
747190689487,0.178001,-0.099038,-0.148738,-0.069011,0.018223,-0.021886,0.635099
747290701626,0.188037,-0.238663,-0.007272,-0.054597,0.005482,0.009661,0.692767
747390713765,0.643696,-0.470977,-0.236252,-0.061098,0.014261,-0.025267,0.595576
747490725904,0.392315,-0.232501,-0.054040,-0.049647,0.012461,0.007552,0.517964
747590738043,0.033609,-0.540299,-0.191838,-0.067060,0.014606,0.016890,0.599833
747690750182,0.004100,0.018762,0.083081,-0.061348,0.003391,-0.012053,0.472007
747790762320,0.330695,-0.192280,0.014222,-0.026015,0.016386,0.000073,0.535960
747890774459,-0.076480,-0.210121,0.009916,-0.034979,0.031066,-0.033107,0.515900
747990786598,0.193538,-0.122528,-0.135556,-0.049738,0.013751,0.003694,0.347874
748090798737,-0.037234,0.342081,-0.054584,-0.032864,-0.002262,0.005248,0.362891
748190810876,0.241913,-0.015160,0.092412,-0.019240,0.011885,-0.015160,0.358796
748290823015,0.108032,0.328001,-0.187078,-0.031849,0.012496,0.012523,0.349730
748390835154,-0.022132,0.074261,-0.062614,-0.014831,0.013105,0.001425,0.340815
748490847293,0.214186,0.139856,-0.010908,-0.053416,0.031615,0.010930,0.279940
748590859431,-0.356577,-0.032566,-0.090155,-0.035768,0.011138,0.014998,0.235778
748690871570,-0.098377,0.252671,-0.084776,-0.046377,0.021683,0.023114,0.275613
748790883709,-0.524545,0.153991,0.111081,-0.052197,0.022515,0.030170,0.350940
748890895848,0.190847,0.327656,-0.071840,-0.056576,0.030672,0.018680,0.388102
748990907987,-0.036915,-0.023355,-0.102309,-0.043161,0.032486,0.017875,0.310051
749090920126,0.387275,0.323637,-0.013740,-0.050838,0.029605,0.002246,0.351193
749190932265,-0.655658,0.387884,0.164498,-0.040999,0.053471,0.012157,0.398799
749290944403,-0.095520,0.816165,-0.076597,-0.021137,0.041824,-0.005889,0.409371
749390956542,-0.371252,-0.054104,-0.229098,-0.050140,0.015790,0.041260,0.421875
749490968681,0.517931,-0.194697,-0.200193,-0.004027,-0.018682,0.023159,0.441249
749590980820,-0.278140,-0.266167,-0.037612,-0.066205,0.017331,0.058629,0.421069
749690992959,0.425279,0.235527,0.004231,0.002426,-0.008284,0.024011,0.426219
749791005098,0.030647,-0.285910,-0.034816,-0.062872,0.007990,0.052164,0.620836
749891017237,0.316035,0.254227,-0.042265,0.031334,-0.021803,0.012986,0.495384
749991029376,-0.427621,0.221320,0.094211,-0.026554,0.013980,0.011348,0.533706
750091041514,-0.160134,-0.059469,-0.154946,0.039686,-0.015547,-0.009366,0.600848
750191053653,-0.387599,-0.163259,-0.097273,0.008742,-0.005515,-0.015895,0.426608
750291065792,-0.165262,0.164897,-0.080730,0.053658,-0.027415,-0.034895,0.511085
750391077931,0.227510,0.027567,-0.031158,0.039411,-0.027497,-0.019668,0.521870
750491090070,0.234182,-0.167021,-0.108105,0.022836,-0.034997,-0.029113,0.495630
750591102209,0.066116,-0.074561,-0.125848,0.033389,-0.007931,-0.002140,0.530256
750691114348,-0.339139,0.177836,0.080845,0.012975,-0.015221,-0.030105,0.560464
750791126487,-0.038927,-0.001239,0.060457,0.041931,-0.000233,-0.006763,0.517492
750891138625,0.083178,0.049893,-0.073945,0.030894,-0.019592,-0.026294,0.569511
750991150764,-0.147811,0.051140,-0.050278,0.012135,0.002334,0.014650,0.541325
751091162903,-0.048823,0.460681,-0.016142,0.033872,0.001641,-0.010177,0.572748
751191175042,-0.410112,0.200811,-0.049555,-0.009150,0.017101,0.011402,0.669819
751291187181,0.123647,-0.006826,-0.227712,0.033433,0.002976,0.003032,0.456493
751391199320,-0.219625,0.242201,-0.020707,-0.017777,-0.007172,0.022702,0.615625
751491211459,0.481116,0.530394,-0.275477,0.010143,-0.041726,0.028201,0.561860
751591223597,-0.189033,-0.244702,0.002186,-0.039409,0.019676,0.054968,0.607960
751691235736,-0.322428,-0.096285,0.076265,0.110093,-0.056831,-0.009098,0.642200
751791247875,-0.805710,0.099343,0.171762,-0.029458,0.017502,0.073912,0.637649
751891260014,-0.007198,0.145453,-0.020425,0.020885,-0.015752,0.018487,0.689926
751991272153,-0.273859,-0.222135,0.031217,-0.019995,0.004629,0.050657,0.715029
752091284292,0.288885,0.266400,-0.140932,0.005500,-0.002232,0.031835,0.674092
752191296431,-0.296084,-0.401580,-0.072989,-0.030218,0.011314,0.034126,0.680144
752291308570,0.088604,-0.156405,0.015616,0.020568,0.001483,0.039393,0.716620
752391320708,-0.229867,-0.281425,-0.225779,-0.011508,-0.026958,0.005613,0.677130
752491332847,0.168474,-0.090101,0.030198,0.023894,-0.018514,0.027243,0.746122
752591344986,-0.395430,0.189112,0.069939,-0.003107,-0.008766,-0.008400,0.627964
752691357125,0.123751,-0.024411,-0.233565,0.051945,-0.026453,-0.017024,0.693765
752791369264,-0.338800,0.381647,0.103722,0.013902,0.009227,0.000221,0.722938
752891381403,0.361408,0.212459,-0.288240,0.016008,-0.044115,-0.028509,0.594274
752991393542,-0.669365,-0.083145,0.060408,-0.034679,0.011318,0.064627,0.711673
753091405680,-0.103704,0.209173,0.006249,-0.001072,-0.015576,0.007354,0.670061
753191417819,-0.534558,-0.499493,-0.153082,-0.012696,0.015847,0.040431,0.643161
753291429958,0.034685,0.499167,0.270028,0.064663,-0.024414,-0.036183,0.788161
753391442097,-0.092440,0.178477,-0.240029,-0.054354,0.002008,0.065846,0.735141
753491454236,0.856280,0.077934,-0.216659,0.078754,-0.053212,-0.028379,0.785794
753591466375,-0.628425,0.143004,0.201924,-0.028137,0.030342,0.024064,0.778153
753691478514,-0.765117,-0.094140,0.018602,0.099033,-0.039382,-0.043115,0.870202
753791490653,-1.015596,-0.620320,-0.004414,0.001398,0.000657,0.005177,0.767321
753891502791,-0.164601,0.181546,-0.070849,0.108406,-0.052296,-0.074430,0.757961
753991514930,0.473688,0.359277,-0.257054,-0.023960,-0.006682,0.023265,0.814744
754091527069,1.022248,0.199372,-0.168882,0.134969,-0.067598,-0.067102,0.814407
754191539208,0.133228,0.206255,-0.257164,0.026210,-0.015135,-0.046238,0.843385
754291551347,-1.053131,-0.669165,0.117380,0.136666,-0.054107,-0.096514,0.846111
754391563486,-0.633726,-0.589171,0.114669,0.046777,-0.058173,-0.052751,0.851452
754491575625,-0.576184,-0.406941,-0.074405,0.120705,-0.059748,-0.070183,0.904092
754591587764,1.057696,0.523871,-0.013453,0.088172,-0.022185,-0.098391,0.853936
754691599902,0.261805,0.318397,0.074386,0.113184,-0.029568,-0.088890,0.860848
754791612041,-0.123067,-0.050688,-0.163633,0.089500,-0.057042,-0.058391,0.869324
754891624180,-0.794345,-0.418639,0.116417,0.067858,-0.041744,-0.061197,0.819607
754991636319,0.393858,0.510178,-0.123663,0.106117,-0.066581,-0.073639,0.773764
755091648458,-0.409625,-0.341804,-0.068987,0.034950,-0.011108,-0.053960,0.807678
755191660597,1.082383,0.414841,-0.095156,0.120255,-0.040171,-0.095545,0.862288
755291672736,-0.048588,-0.104729,-0.138906,0.003766,0.016149,-0.025428,0.770688
755391684874,0.847595,0.183866,-0.122131,0.087777,-0.042574,-0.037402,0.828925
755491697013,-0.613143,-0.318560,0.066558,-0.028654,-0.019215,0.025912,0.879066
755591709152,-0.265155,-0.158188,-0.022577,0.052575,-0.022546,-0.044346,0.861912
755691721291,0.187608,0.159453,-0.094970,-0.027121,0.002784,-0.004782,0.806751
755791733430,0.556498,-0.314779,-0.283512,0.055252,-0.013115,-0.069914,0.784617
755891745569,-0.252642,-0.038622,0.127703,-0.005114,0.007786,-0.051835,0.925261
755991757708,0.342235,-0.034590,-0.087861,0.028910,-0.034064,-0.018741,0.810359
756091769847,-0.613857,0.118180,0.057928,-0.019060,-0.000825,0.020899,0.814694
756191781985,0.404540,0.339963,-0.321221,0.040044,-0.019159,0.010525,0.768181
756291794124,-0.269258,0.050856,-0.062764,-0.053705,0.022596,0.020498,0.814376
756391806263,0.218230,0.511224,-0.203573,0.028257,-0.015777,-0.044325,0.812513
756491818402,-0.305393,-0.393222,-0.195009,-0.057642,0.020754,-0.003190,0.689010
756591830541,0.035032,0.017475,0.013859,0.028881,0.003135,-0.028033,0.749734
756691842680,0.421794,-0.021650,-0.080752,-0.059433,0.044105,0.006558,0.815809
756791854819,-0.292266,0.288719,0.064094,-0.026142,0.018242,0.053413,0.875203
756891866957,-0.205358,0.260213,-0.029412,-0.005907,0.006997,0.022439,0.757766
756991879096,-0.035358,-0.375424,-0.236692,0.015856,-0.001901,0.015110,0.877362
757091891235,0.041523,0.164257,0.112448,-0.017314,-0.013428,0.008666,0.812823
757191903374,-0.263887,0.268626,-0.117752,-0.021019,0.020306,0.008014,0.841851
757291915513,0.080649,-0.146985,0.146582,-0.015697,0.024112,-0.011043,0.786276
757391927652,-0.326988,-0.204577,-0.037020,-0.018943,-0.005104,0.027472,0.893212
757491939791,0.123159,0.328530,-0.147323,-0.027019,0.001570,-0.005041,0.852489
757591951930,0.136367,-0.412084,-0.155680,-0.030060,0.016080,0.009362,0.835029
757691964068,0.437781,0.319160,-0.043469,0.006941,-0.010568,-0.028301,0.900307
757791976207,-0.125429,-0.065587,0.117356,0.010456,0.005648,0.027524,0.882095
757891988346,-0.022078,0.117411,-0.133570,0.027791,-0.005828,-0.021477,0.911174
757992000485,-0.549777,0.253059,0.224803,0.017480,0.031194,-0.020298,0.850511
758092012624,-0.176257,-0.312378,-0.136534,0.064943,-0.015122,-0.041540,0.846789
758192024763,0.227400,-0.099940,-0.202573,0.044279,-0.064730,-0.032541,0.880942
758292036902,0.618220,0.016409,-0.255821,0.062292,-0.039275,0.008161,0.853721
758392049041,0.508923,0.106280,0.091553,0.040722,0.021140,0.049258,0.869521
758492061179,-0.191242,0.288976,-0.073978,0.037535,0.016194,0.060570,0.878271
758592073318,-0.809904,-0.364075,0.219185,0.026641,0.023802,0.046825,0.918532
758692085457,-0.091810,-0.352335,-0.127186,-0.002399,-0.005245,0.024420,0.902760
758792097596,0.526859,-0.089134,-0.061013,0.070033,-0.036183,-0.036065,0.866830
758892109735,0.615921,-0.203176,-0.308838,-0.019614,-0.004585,0.004770,0.854678
758992121874,0.442991,-0.422220,-0.025873,0.030707,-0.008856,0.007042,0.901997
759092134013,0.244932,-0.488724,0.058426,0.023563,-0.004216,0.040437,0.888452
759192146151,-0.193217,-0.824479,-0.152978,0.003619,0.000948,0.043577,0.850086
759292158290,-0.129533,-0.520268,-0.133059,0.031163,-0.007423,0.004969,0.845152
759392170429,-0.230406,-0.714270,-0.001177,0.017512,0.001798,0.024741,0.856009
759492182568,-0.061913,-0.136371,0.117809,0.063410,-0.004833,-0.012532,0.704843
759592194707,0.229592,-0.239280,-0.103762,0.032355,-0.001378,-0.012019,0.712176
759692206846,0.167082,-0.013118,-0.135191,0.026776,-0.009782,0.010430,0.637562
759792218985,0.156467,-0.365367,0.080465,0.035915,-0.012450,0.013791,0.597810
759892231124,0.030166,0.001496,-0.052676,-0.015178,0.011865,0.026766,0.543248
759992243262,-0.216669,-0.438108,-0.034155,-0.001066,0.002862,0.009144,0.530689
760092255401,-0.350305,0.013033,0.011997,-0.004245,0.016088,0.020460,0.497711
760192267540,-0.183147,-0.408708,0.038921,-0.008866,0.010737,0.001177,0.499613
760292279679,0.253045,0.378556,-0.102398,-0.000407,0.007474,0.016203,0.394904
760392291818,-0.116638,-0.205410,-0.079151,-0.010312,-0.006882,0.006617,0.499425
760492303957,0.144055,-0.053876,-0.069578,0.021495,-0.005046,0.012693,0.400945
760592316096,-0.059040,0.245157,0.047409,0.022753,-0.017666,-0.010729,0.406818
760692328235,-0.016262,0.410729,-0.118601,0.040669,-0.020625,-0.004482,0.476276
760792340373,0.017671,0.015753,-0.149451,0.030180,-0.009177,-0.008786,0.424745
760892352512,-0.239047,-0.053143,0.013211,0.054210,-0.007615,-0.019450,0.409739
760992364651,-0.465377,0.159405,-0.118590,0.032358,-0.018026,-0.008015,0.440447
761092376790,-0.471013,0.306407,-0.001278,0.069833,-0.035922,-0.027968,0.532610
761192388929,-0.070444,0.455170,-0.027549,0.038162,-0.017588,-0.015514,0.499452
761292401068,0.157822,0.398427,-0.134687,0.069014,-0.038148,-0.058703,0.465567
761392413207,-0.059942,0.474636,-0.124433,0.031235,-0.009757,-0.010918,0.598852
761492425345,-0.619689,0.268247,0.084907,0.055119,-0.037978,-0.019770,0.599731
761592437484,-0.377581,0.238089,0.130156,0.042063,-0.007381,0.006024,0.621998
761692449623,-0.233506,0.058533,-0.208422,-0.011568,-0.020883,0.042289,0.615671
761792461762,-0.861923,0.202645,0.080919,-0.011036,-0.014306,0.016198,0.751895
761892473901,-0.412254,0.683582,-0.047952,0.037755,-0.036719,0.011126,0.735313
761992486040,-0.127895,-0.016056,0.079890,-0.040126,0.031485,-0.034049,0.754379
762092498179,0.789012,0.632251,-0.046862,0.024372,0.031532,-0.032981,0.748660
762192510318,-0.397198,-0.128977,-0.188467,-0.075305,0.012910,0.034398,0.866520
762292522456,0.144528,0.228471,0.150941,-0.013181,-0.028091,0.020765,0.834476
762392534595,-0.185828,-0.135098,0.007234,-0.029244,0.013091,0.021150,0.898456
762492546734,-0.132135,-0.159545,-0.074661,0.019362,-0.004795,-0.047315,0.950162
762592558873,0.052999,0.028405,0.122911,-0.012898,0.009569,-0.005321,0.913266
762692571012,0.381276,0.100787,-0.158142,0.015794,-0.018738,-0.036870,0.922086
762792583151,-0.289539,0.244153,-0.076180,-0.029096,0.014727,-0.005074,0.953659
762892595290,-0.173999,0.081413,-0.033658,-0.000484,-0.013632,-0.056080,0.951481
762992607428,-0.523810,-0.087912,-0.113595,-0.052849,0.025726,0.025195,0.948281
763092619567,-0.114366,0.051003,0.076472,0.036209,-0.046008,-0.057892,0.903547
763192631706,0.107213,0.074843,-0.030555,-0.043032,0.020944,0.016059,0.976936
763292643845,0.461321,0.195560,-0.046029,0.025614,-0.049565,-0.047076,0.918205
763392655984,0.176075,0.040381,0.006665,0.006636,-0.002981,0.010481,0.940852
763492668123,-0.302564,-0.185431,-0.069235,0.023309,-0.006162,-0.026320,0.978321
763592680262,0.029519,-0.123096,-0.202136,0.034836,-0.000377,0.000211,0.896669
763692692401,-0.780961,-0.110264,0.343663,0.020970,0.014459,-0.008252,0.936346
763792704539,0.298079,0.084535,-0.245200,0.025831,-0.027234,-0.040156,1.036310
763892716678,-0.463411,-0.149567,-0.241725,0.024355,-0.023193,0.003571,0.941901
763992728817,0.803585,0.230177,-0.253018,0.065162,-0.011757,-0.080531,0.952435
764092740956,0.158314,0.250088,-0.167108,-0.012309,0.003973,-0.000124,0.911383
764192753095,0.575073,0.182844,-0.222493,0.037540,-0.009349,-0.031618,0.962677
764292765234,-0.215665,-0.281313,-0.133883,-0.031619,0.013091,0.031716,0.936280
764392777373,-0.099909,0.239159,0.202751,0.037223,-0.013397,-0.045885,0.933116
764492789512,-0.789993,-0.228323,0.299718,-0.050322,0.028597,0.031217,0.984090
764592801650,-0.140212,0.144417,-0.074816,0.001824,-0.017056,-0.022621,0.914588
764692813789,-0.383773,0.449646,-0.009074,-0.083835,0.014060,0.038874,0.994484
764792825928,-0.246844,-0.336576,-0.122479,-0.010224,-0.002118,-0.025104,0.969396
764892838067,-0.425449,0.104219,0.011938,-0.060918,0.036303,0.027353,0.964108
764992850206,-0.269250,-0.305959,-0.058624,-0.058724,0.025897,0.017254,0.908179
765092862345,0.423721,0.125268,0.031703,-0.028889,0.001914,0.033472,0.999589
765192874484,-0.167092,0.166521,0.162343,-0.044593,0.030787,0.028020,1.017264
765292886622,0.390562,-0.339603,-0.221229,0.002562,0.001988,-0.000084,1.030182
765392898761,-0.113640,-0.169164,0.163138,-0.027746,0.032586,0.008804,0.989307
765492910900,0.257144,-0.208575,0.102958,0.028068,-0.000022,-0.028250,1.097604
765592923039,-0.267086,-0.116090,-0.058976,-0.001948,0.000882,0.033760,1.044679
765692935178,0.156248,0.104504,-0.030804,-0.007188,0.020626,0.011195,0.983206
765792947317,-0.654295,0.235348,0.268850,-0.006485,0.042140,0.014286,1.002126
765892959456,0.053462,0.396330,-0.034524,0.036597,0.007941,-0.014889,1.051401
765992971595,0.016125,-0.156412,-0.316420,0.001131,0.002175,0.043889,0.885843
766092983733,0.443191,-0.339542,-0.191492,-0.023750,-0.009566,0.045896,1.031128
766192995872,-0.563609,-0.367632,0.139472,-0.039312,0.012879,0.082898,0.931461
766293008011,-0.005807,-0.244258,-0.006981,0.004893,0.002844,0.042079,1.007538
766393020150,-0.708630,-0.492151,0.107984,-0.051294,0.035449,0.039264,1.085721
766493032289,0.348625,-0.358698,-0.056434,0.022699,0.010602,-0.031742,1.028573
766593044428,-0.020015,-0.277928,-0.209696,-0.064189,-0.018853,0.022360,1.087211
766693056567,0.715790,-0.290455,-0.339952,-0.016277,-0.050194,-0.017503,0.994235
766793068705,-0.331942,-0.212080,0.008565,-0.067651,0.009019,0.009539,0.903183
766893080844,-0.050342,-0.569050,0.020616,0.050593,-0.009400,-0.050347,0.985371
766993092983,-0.720633,0.073415,0.132031,-0.023343,0.027032,0.005919,0.944622
767093105122,0.033742,-0.239989,-0.144244,0.062878,-0.016159,-0.038563,0.893524
767193117261,0.237067,0.788392,-0.015155,0.022641,0.011313,-0.024966,0.839820
767293129400,0.031440,0.105951,0.017695,0.056963,-0.015854,-0.042418,0.777388
767393141539,0.213474,0.268319,-0.102054,0.027175,-0.015589,-0.040819,0.828940
767493153678,-0.245324,-0.117633,-0.104892,0.032763,-0.003151,-0.028367,0.810543
767593165816,0.304322,-0.029194,-0.192915,0.013741,-0.003432,-0.021008,0.780163
767693177955,-0.187890,0.178726,0.008697,-0.001051,-0.007364,0.016698,0.908505
767793190094,0.145764,0.230182,0.012035,0.011278,-0.000054,-0.004415,0.859294
767893202233,-0.232934,-0.139353,-0.088600,-0.019517,0.003519,-0.001703,0.914546
767993214372,0.188088,0.261271,-0.047599,0.003382,0.011127,-0.004383,0.918112
768093226511,-0.343872,0.063537,0.079442,-0.040880,0.024583,-0.001776,0.916243
768193238650,-0.249639,-0.238764,0.051279,0.025741,-0.004542,-0.007819,0.854470
768293250789,-0.499592,-0.100969,-0.089397,-0.051741,-0.005420,0.021007,0.822025
768393262927,0.278298,-0.045871,-0.091274,0.009007,-0.008122,-0.001242,0.945905
768493275066,0.545824,0.209545,-0.157655,-0.076887,0.047247,0.038693,0.859911
768593287205,-0.016624,-0.037436,-0.037364,-0.066835,0.035734,0.036611,0.909805
768693299344,0.603947,0.080206,-0.224601,-0.025920,0.024251,0.054028,0.929957
768793311483,-0.029119,-0.354479,-0.210074,-0.016482,-0.000020,0.036984,0.909598
768893323622,0.295238,-0.265883,0.000381,-0.020855,0.027704,0.026554,0.891205
768993335761,-0.217300,-0.462794,0.140543,-0.026963,0.027441,0.041114,0.965706
769093347899,-0.155847,-0.109646,0.109915,0.016505,-0.016226,0.002247,0.928067
769193360038,-0.314636,-0.217842,0.026706,-0.012758,0.020586,0.026941,0.947303
769293372177,0.053623,-0.006086,-0.036609,0.018319,0.014376,-0.015918,0.922952
769393384316,0.036508,-0.001233,0.075471,-0.015588,0.022633,0.016479,0.859374
769493396455,0.290418,0.524545,-0.201568,0.044523,-0.022224,-0.009773,0.869009
769593408594,0.039676,-0.033560,-0.098423,-0.015775,0.000669,0.011252,0.836269
769693420733,-0.116658,-0.080307,0.050607,0.034016,-0.030923,0.000260,0.912518
769793432872,-0.167521,-0.169842,0.032274,0.003386,-0.000094,0.006761,0.818913
769893445010,0.095135,-0.637067,-0.187281,0.039738,-0.004223,-0.016596,0.839199
769993457149,0.304898,0.085636,-0.016695,0.023465,-0.004778,-0.010281,0.865254
770093469288,-0.054259,-0.090263,0.166636,0.035625,0.008326,-0.009038,0.823066
770193481427,0.291011,0.197981,-0.127898,0.037732,-0.022376,-0.042540,0.962040
770293493566,-0.121171,-0.327695,-0.176676,0.039566,-0.014758,0.003964,0.756130
770393505705,0.314547,0.078392,-0.071727,0.043994,-0.015684,-0.047026,0.803708
770493517844,-0.291019,-0.542973,-0.084142,0.018510,0.023520,-0.008623,0.822083
770593529983,0.093578,-0.199765,0.179784,0.043566,-0.015315,-0.020154,0.787462
770693542121,0.032333,-0.260986,-0.124571,0.026747,-0.027418,-0.018312,0.817740
770793554260,0.706342,-0.084160,-0.037586,0.014057,-0.005726,-0.045299,0.752693
770893566399,-0.099164,-0.316383,-0.097677,-0.048710,0.013447,0.021943,0.730122
770993578538,0.373706,-0.494776,-0.061209,0.023052,-0.016665,-0.002568,0.785036
771093590677,-0.045114,-0.539368,0.011843,-0.036122,0.015247,-0.001741,0.675800
771193602816,0.435040,-0.396539,-0.114948,-0.003014,-0.010263,-0.016587,0.729677
771293614955,0.132199,-0.212797,0.013785,-0.008616,0.005077,0.014078,0.650676
771393627093,0.305500,-0.008413,-0.180945,0.032661,-0.003989,-0.022044,0.646821
771493639232,0.027951,0.421001,-0.125639,-0.002733,-0.009487,-0.008142,0.592582
771593651371,-0.304405,-0.435177,-0.088587,0.051252,-0.019347,-0.020166,0.540242
771693663510,-0.119473,0.080131,0.061826,0.017727,-0.009399,-0.019385,0.523936
771793675649,-0.032515,-0.298861,-0.134400,0.026226,-0.019558,-0.016933,0.479861
771893687788,0.196707,0.446337,-0.016449,0.026591,-0.018399,-0.012917,0.517282
771993699927,0.044781,-0.364212,-0.180233,-0.000807,-0.017167,-0.003893,0.429163
772093712066,0.205235,0.452675,-0.139116,0.046862,-0.021559,-0.019027,0.402491
772193724204,-0.182964,-0.015184,-0.114734,-0.011313,-0.005697,-0.023933,0.453440
772293736343,0.102837,-0.212008,-0.132986,0.007264,0.001106,0.004952,0.452258
772393748482,-0.267940,0.181495,0.127724,-0.026912,-0.009996,0.020305,0.489444
772493760621,-0.094895,0.066939,0.013745,-0.000321,0.002020,0.012676,0.461993
772593772760,-0.217585,-0.159688,-0.100322,-0.039024,0.011697,0.013242,0.470419
772693784899,-0.115608,0.158250,0.018786,-0.007227,-0.000097,0.004751,0.523474
772793797038,0.076187,0.228035,-0.020530,-0.038255,0.017833,0.028283,0.437056
772893809176,0.224358,-0.001481,-0.119949,0.005792,-0.006113,-0.011188,0.429026
772993821315,0.057046,0.055929,-0.103124,-0.035204,0.015233,0.019031,0.460945
773093833454,-0.218612,0.293312,0.057166,0.005313,0.003106,-0.001695,0.494073
773193845593,-0.281458,-0.054222,-0.027296,-0.024172,0.004129,0.002677,0.519573
773293857732,0.077285,0.082553,-0.022252,0.024957,-0.006330,0.002526,0.443939
773393869871,-0.012866,0.364428,-0.137980,-0.020175,0.007091,0.013677,0.515028
773493882010,0.142729,0.354120,-0.179945,0.031682,-0.007575,-0.029724,0.490010
773593894149,-0.396210,0.078739,0.101916,0.001982,0.014914,-0.007060,0.496402
773693906287,0.106976,-0.036942,-0.213772,0.037166,-0.040378,-0.017826,0.527986
773793918426,-0.491615,0.062374,-0.026004,-0.012589,-0.010748,0.009787,0.481997
773893930565,0.341464,0.216669,-0.183366,0.028852,-0.029335,-0.019867,0.593693
773993942704,0.075510,-0.201496,-0.082619,-0.004652,0.004035,-0.011557,0.564317
774093954843,0.381514,0.310527,-0.092918,0.019004,-0.013090,-0.014038,0.660597
774193966982,-0.293836,0.206164,0.078359,-0.008124,-0.005942,0.033095,0.586289
774293979121,-0.042426,-0.153136,-0.294139,0.026026,-0.010552,0.001046,0.658905
774393991260,-0.485028,-0.058844,-0.045386,-0.015774,-0.006199,0.026339,0.744826
774494003398,0.007520,0.565173,-0.198615,0.040633,-0.023018,-0.006272,0.677670
774594015537,0.216709,0.437305,-0.087207,-0.032693,0.005811,0.047863,0.723719
774694027676,0.584485,0.318659,-0.164449,0.056068,-0.052940,-0.009104,0.696908
774794039815,-0.143115,0.303863,-0.022956,-0.050119,-0.004410,0.052284,0.702575
774894051954,-0.562840,0.200917,-0.051413,0.024925,-0.028716,0.012296,0.781171
774994064093,-0.404931,-0.129255,-0.211934,-0.041985,-0.016604,0.040634,0.724969
775094076232,-0.184941,-0.202409,-0.037048,0.001703,-0.003352,0.017293,0.801076
775194088370,0.428663,0.589185,-0.085972,-0.062359,0.016201,0.054087,0.825713
775294100509,-0.202467,0.065107,-0.005303,-0.057907,-0.007863,0.027603,0.834525
775394112648,0.716793,0.327103,-0.263520,-0.063685,-0.006090,0.044838,0.819837
775494124787,-0.467582,0.335287,0.028359,-0.101494,0.064442,0.017385,0.842420
775594136926,1.009047,0.551216,-0.165398,0.022103,-0.006398,-0.028644,0.873176
775694149065,-0.790944,-0.398070,-0.258705,-0.083485,0.012047,0.045629,0.953981
775794161204,1.012744,0.366648,-0.152910,0.061962,-0.065709,-0.065724,0.864728
775894173343,-0.030821,0.285864,-0.106814,-0.109213,0.061009,0.082347,0.922979
775994185481,0.902275,0.156396,-0.254528,0.056269,-0.014175,-0.042864,0.941072
776094197620,-0.445907,-0.321072,-0.152940,-0.064363,0.028217,0.024828,0.927815
776194209759,-0.536506,-0.113804,0.045414,-0.004155,-0.017800,-0.033150,1.008070
776294221898,-1.182822,-0.436738,0.316934,-0.076119,0.021849,0.055148,0.962019
776394234037,0.019637,0.445484,0.111741,0.027615,-0.043885,-0.081870,0.998677
776494246176,0.077419,0.490081,0.154949,-0.104889,0.050790,0.021447,0.978335
776594258315,1.115365,0.493192,-0.193287,0.047862,-0.043036,-0.079589,1.075916
776694270453,0.436384,0.392658,-0.188179,-0.198638,0.114957,0.037081,0.982960
776794282592,-0.405407,-0.673206,-0.132254,-0.145820,0.033476,0.018560,1.055251
776894294731,-0.526558,-0.168466,0.116155,-0.210531,0.071950,0.101095,0.981683
776994306870,-0.328913,-0.239891,0.057956,-0.138362,0.061492,0.039536,1.024098
777094319009,1.245367,0.510559,-0.058414,-0.226116,0.070614,0.073470,1.084584
777194331148,-0.110463,-0.238496,-0.058438,-0.240633,0.078772,0.074918,0.958874
777294343287,1.533743,0.626320,-0.231927,-0.157448,0.068284,0.055274,0.992517
777394355426,-0.707679,-0.019534,0.073673,-0.199202,0.109600,0.064099,0.914798
777494367564,1.359952,0.339683,-0.254138,-0.072078,0.071804,-0.006219,0.937262
777594379703,-0.770157,0.149097,0.040008,-0.182205,0.097909,0.101319,0.975854
777694391842,0.513922,-0.030992,0.075135,0.021751,-0.017220,0.028876,0.827029
777794403981,-0.705430,-0.305370,0.235429,-0.069955,0.031863,0.067496,0.925571
777894416120,0.255370,-0.350191,-0.348094,0.022264,0.004858,-0.006923,0.948992
777994428259,-0.127871,-0.060181,-0.093054,0.018774,0.006746,-0.005119,0.916950
778094440398,0.582156,0.366201,0.011067,0.044919,-0.026305,-0.020949,0.950940
778194452537,0.151985,-0.291878,-0.057852,-0.035497,-0.013253,0.046010,0.911339
778294464675,0.261682,0.008033,0.105744,0.044913,-0.048451,0.049046,0.909938
778394476814,-0.516284,-0.350793,0.041601,0.045161,-0.019367,0.026373,0.903439
778494488953,-0.140167,-0.318735,-0.167536,0.100214,-0.013495,-0.014312,0.927465
778594501092,0.240881,-0.130097,-0.267850,0.044072,-0.053050,0.011656,0.835438
778694513231,0.246579,-0.316849,-0.093803,0.054876,-0.065999,0.014812,0.884870
778794525370,0.004893,-0.219725,0.079485,0.057712,-0.024440,-0.021191,0.876765
778894537509,0.036220,-0.244589,-0.100757,0.064373,-0.029222,0.009073,0.892130
778994549647,0.256763,-0.087530,-0.126151,0.103498,-0.050887,-0.017180,0.860751
779094561786,-0.248946,-0.493082,-0.145832,0.050625,-0.050213,-0.008303,0.867557
779194573925,0.224453,-0.240837,-0.071144,0.100789,-0.029301,-0.002348,0.767702
779294586064,0.313903,-0.394489,-0.115014,0.011227,0.003513,0.012096,0.801618
779394598203,0.432081,-0.170921,-0.083543,0.037061,-0.029191,-0.006114,0.703772
779494610342,0.029952,-0.083854,-0.006102,0.025354,-0.021768,0.033010,0.685704
779594622481,-0.179700,-0.192441,0.012196,0.021364,0.012995,0.011834,0.654773
779694634620,0.175726,-0.441091,-0.102647,0.015268,0.003023,0.006715,0.660679
779794646758,-0.318701,-0.248182,-0.007088,0.007923,0.010860,0.011327,0.550164
779894658897,0.061380,-0.457243,-0.114613,0.037747,-0.011582,-0.002314,0.555458
779994671036,-0.016564,-0.306515,0.002161,-0.003447,-0.010538,0.009964,0.496416
780094683175,0.241619,-0.662792,-0.044655,0.038521,-0.025158,0.007257,0.498579
780194695314,0.207665,-0.193119,-0.013318,0.048067,-0.005530,-0.006775,0.552023
780294707453,0.088490,-0.274372,-0.001284,0.015797,0.011922,-0.006831,0.427145
780394719592,0.077650,0.078169,-0.151680,0.024384,-0.016463,-0.004526,0.466307
780494731731,-0.123275,-0.164971,0.009274,0.029810,-0.014777,-0.006957,0.415997
780594743869,-0.362454,0.203962,0.004010,0.004065,-0.000470,-0.000847,0.329628
780694756008,-0.175212,-0.043345,-0.027885,0.046139,-0.019130,-0.015092,0.352374
780794768147,0.005164,-0.094150,-0.132235,0.013042,-0.002139,-0.011825,0.304662
780894780286,-0.403517,0.204208,-0.024833,0.031431,-0.014344,-0.018518,0.271667
780994792425,-0.184322,0.078076,-0.032443,0.040476,-0.021399,-0.010937,0.298438
781094804564,-0.338995,-0.073682,0.024716,0.024426,-0.000522,-0.017989,0.311324
781194816703,-0.030609,0.411684,-0.144091,0.032118,-0.020043,-0.022856,0.322480
781294828841,-0.206966,0.150755,0.054931,0.024873,-0.007045,-0.008970,0.348607
781394840980,0.229781,0.046593,-0.153456,0.019342,-0.023449,-0.015576,0.395576
781494853119,-0.245752,-0.036648,-0.048842,0.022020,-0.012675,0.005359,0.376187
781594865258,-0.061599,0.392693,-0.016227,0.026656,-0.026346,-0.028790,0.389230
781694877397,-0.442706,0.075031,-0.016422,-0.007566,-0.006589,-0.006127,0.447981
781794889536,0.157820,0.018562,0.035598,-0.003977,0.003732,-0.011727,0.454801
781894901675,-0.111873,-0.127159,-0.121419,-0.015662,-0.003588,0.004033,0.420730
781994913814,0.173284,0.325778,-0.139482,0.023012,-0.025189,-0.008139,0.488229
782094925952,-0.315140,-0.100108,0.069228,-0.014132,-0.015328,-0.008511,0.480606
782194938091,0.420236,0.081316,-0.168141,0.026950,-0.005873,-0.022455,0.480000
782294950230,-0.402126,-0.012047,0.006592,-0.034831,0.002807,-0.003736,0.522728
782394962369,0.028077,-0.172435,-0.012366,0.015783,-0.015196,0.004707,0.500204
782494974508,-0.635089,-0.278734,0.021671,-0.062527,0.012807,0.023902,0.490447
782594986647,0.028055,0.465866,-0.022193,-0.005327,0.012312,-0.016478,0.505303
782694998786,0.227032,0.268089,0.037501,-0.077544,0.014475,0.018107,0.545958
782795010924,0.189218,-0.062351,0.035668,-0.046523,0.022641,0.020379,0.521400
782895023063,0.319042,0.414385,-0.015327,-0.084372,0.035305,0.016313,0.539005
782995035202,-0.528955,-0.486350,0.029781,-0.090907,0.036677,0.044609,0.527593
783095047341,0.190884,-0.306719,-0.038796,-0.085720,0.035874,0.040871,0.531697
783195059480,-0.492295,-0.477648,0.056722,-0.098730,0.041695,0.027195,0.593733
783295071619,0.649983,-0.635469,-0.217701,-0.029712,0.027110,0.001401,0.560764
783395083758,0.152663,-1.182983,-0.112412,-0.083407,0.001495,0.032236,0.581867
783495095897,1.054065,-0.821303,-0.132911,-0.023742,-0.011905,0.014595,0.543961
783595108035,0.761992,-0.964068,0.038049,-0.036472,0.015700,-0.006767,0.519224
783695120174,0.838776,-1.374680,-0.190014,0.030927,0.001165,0.004993,0.520962
783795132313,-0.394373,0.162022,0.065338,-0.022064,0.026302,0.006077,0.441041
783895144452,-0.151738,0.488906,-0.088594,0.006515,-0.004670,-0.008418,0.295285
783995156591,0.011620,-0.270595,-0.392338,-0.027273,0.000190,0.016229,0.210080
784095168730,0.120202,0.246908,0.059322,0.029061,-0.007854,-0.010281,0.086093
784195180869,-0.072317,-0.081243,-0.052613,-0.004917,0.010843,-0.000339,0.043778
784295193008,-0.224411,0.003774,0.001434,0.024507,-0.012214,-0.018567,0.037185
784395205146,-0.331258,0.085503,-0.070152,0.010932,-0.002251,-0.006076,0.040911
784495217285,-0.317604,0.167779,-0.049529,0.049433,-0.022994,-0.023871,0.019158
784595229424,0.035421,0.587760,-0.019912,0.029466,-0.007121,-0.012583,0.012236
784695241563,-0.046273,0.111447,-0.119949,0.008132,-0.013525,-0.020569,0.011944
784795253702,-0.026378,0.455824,-0.006463,0.031460,-0.007294,-0.011563,0.013003
784895265841,-0.465964,0.402479,0.033933,-0.001376,-0.005607,-0.015775,0.023376
784995277980,-0.154164,0.030531,-0.097883,0.012085,0.002918,-0.003804,0.056442
785095290118,-0.199354,0.248046,0.029192,-0.014804,-0.001701,-0.015302,0.058850
785195302257,-0.297790,0.454877,-0.046540,0.000607,0.001671,0.007544,0.085626
785295314396,-0.143014,0.267692,-0.110291,-0.013579,0.004850,-0.006416,0.126924
785395326535,-0.131605,-0.375363,0.033215,-0.019975,0.026165,0.011598,0.166225
785495338674,0.211828,0.313123,-0.012793,-0.010108,-0.009809,-0.003899,0.176530
785595350813,-0.099956,0.136518,-0.060692,-0.039729,0.020282,0.027242,0.230447
785695362952,-0.125102,-0.020405,-0.043156,-0.022091,0.007611,0.001925,0.240738
785795375091,-0.165797,0.218863,-0.126180,-0.022250,0.021784,0.000614,0.272373
785895387229,-0.156230,0.555495,-0.033072,-0.029318,0.010377,0.009367,0.320788
785995399368,-0.176212,0.514924,-0.042120,-0.011579,-0.002747,0.010760,0.328621
786095411507,-0.332628,0.132420,0.089316,-0.015654,0.013844,0.002495,0.355657
786195423646,0.002281,0.045507,-0.090284,-0.036379,-0.003618,0.006393,0.367547
786295435785,-0.192231,0.299665,-0.065320,-0.012264,-0.000624,-0.003326,0.398542
786395447924,0.003038,0.376773,-0.162291,-0.016887,-0.006088,-0.011818,0.402916
786495460063,-0.069506,0.080502,0.032212,-0.042177,0.002482,0.012387,0.468021
786595472201,-0.016432,-0.083247,0.049723,-0.005801,-0.005052,-0.019176,0.511952
786695484340,-0.086199,-0.052923,-0.097613,-0.040885,0.007607,-0.000267,0.464290
786795496479,-0.372270,0.416868,-0.010456,-0.038256,0.001957,0.006294,0.551870
786895508618,-0.203723,0.186245,-0.019837,-0.055560,0.021524,0.008912,0.576009
786995520757,-0.260325,-0.021375,-0.031488,-0.070467,0.017791,0.010050,0.546431
787095532896,-0.106797,0.351725,-0.126574,-0.043687,0.011182,0.012201,0.584275
787195545035,-0.397003,0.373397,0.058654,-0.078378,0.017916,-0.003275,0.624329
787295557174,0.090910,0.108575,-0.105947,-0.061558,0.026600,-0.006607,0.648939
787395569312,-0.369293,0.130059,0.072901,-0.097952,0.045025,0.000087,0.640443
787495581451,-0.353888,0.432299,-0.015138,-0.085919,0.036729,-0.003425,0.713545
787595593590,-0.227431,0.081672,-0.048569,-0.104172,0.019379,0.020774,0.657730
787695605729,0.338534,0.237260,-0.021206,-0.126843,0.021380,0.034804,0.728563
787795617868,-0.297740,-0.064888,-0.086554,-0.087865,0.029361,-0.010594,0.704322
787895630007,-0.177250,-0.292541,-0.012436,-0.113855,0.043172,0.033487,0.708634
787995642146,0.146955,-0.443744,0.061488,-0.080937,0.012922,-0.003232,0.780620
788095654285,0.844668,-0.402609,-0.077046,-0.095541,0.039408,0.031347,0.772464
788195666423,0.647728,0.202624,-0.030526,-0.049122,0.021580,-0.007200,0.754671
788295678562,0.306307,-0.202783,-0.100915,-0.059814,0.010963,0.030360,0.891825
788395690701,0.089452,0.127473,-0.218941,0.006439,-0.018299,0.005110,0.807149
788495702840,0.133709,-0.304574,-0.055993,-0.032623,0.010742,0.014643,0.756002
788595714979,0.364016,-0.263675,-0.064029,-0.006211,-0.009151,-0.012661,0.745381
788695727118,-0.123210,-0.255549,0.078668,0.015723,0.001002,-0.006896,0.666557
788795739257,0.285534,-0.148969,-0.171481,0.041918,0.008151,-0.023736,0.721297
788895751395,-0.146823,-0.128393,-0.048951,-0.002944,0.006958,-0.003512,0.704739
788995763534,-0.038870,-0.151331,-0.073720,0.010903,0.000049,-0.000884,0.580460
789095775673,0.047221,-0.340918,-0.129310,-0.005951,-0.006595,0.028124,0.608521
789195787812,0.133879,0.135550,0.009401,0.016375,0.010861,0.006507,0.525654
789295799951,0.502674,-0.039635,-0.291811,-0.006097,0.025922,0.039892,0.560264
789395812090,0.102597,-0.038274,-0.156451,0.004163,0.002189,0.017979,0.491948
789495824229,0.314213,-0.245147,0.076376,-0.034742,0.008551,0.041549,0.530147
789595836368,-0.317447,-0.253201,-0.060921,0.009823,-0.011022,0.017491,0.473644
789695848506,-0.013198,-0.500212,-0.188174,-0.022474,0.003858,0.034515,0.477767
789795860645,-0.239832,-0.415234,-0.029869,-0.010113,-0.001430,0.026876,0.515335
789895872784,0.604728,-0.256012,-0.056361,-0.026123,0.002235,0.029990,0.490047
789995884923,-0.127830,-0.436852,0.101154,-0.049955,-0.000235,0.043049,0.428694
790095897062,0.566465,-0.433157,-0.181511,0.004780,-0.001515,0.032956,0.515082
790195909201,-0.165866,-0.284178,0.004144,-0.023620,0.017383,0.022142,0.459478
790295921340,0.256058,-0.221044,-0.054058,0.005228,0.006270,0.005229,0.443622
790395933478,-0.242663,-0.142796,-0.047581,-0.002018,-0.002573,0.018561,0.394023
790495945617,0.149002,-0.237965,0.001364,0.013507,-0.016476,0.010649,0.332511
790595957756,-0.152626,0.079363,0.073063,-0.012747,0.004595,0.004158,0.290551
790695969895,0.026017,-0.251984,-0.202604,0.024458,0.002169,0.003997,0.243836
790795982034,0.026357,-0.298062,-0.124465,0.020129,-0.009875,0.004096,0.236345
790895994173,0.136227,-0.102279,-0.028031,-0.016728,-0.007804,0.004765,0.229178
790996006312,0.202405,-0.540767,-0.062071,0.006301,-0.006908,0.010750,0.208888
791096018451,0.136503,-0.280907,-0.015404,-0.006447,-0.005875,0.005143,0.188852
791196030589,-0.008859,-0.564695,-0.044716,-0.030464,0.024184,0.007204,0.190990
791296042728,0.130437,-0.218922,-0.012866,0.001181,-0.004009,0.001057,0.202583
791396054867,-0.127516,-0.035502,-0.051463,-0.007114,0.014720,0.009349,0.167569
791496067006,-0.078586,0.211339,-0.073080,-0.005151,-0.002572,-0.001156,0.110339
791596079145,-0.045733,-0.038048,-0.076112,-0.000980,0.001836,0.005798,0.073360
791696091284,-0.021069,-0.047970,-0.104356,-0.007050,0.010912,0.003890,0.032707
791796103423,-0.128068,-0.157827,0.009626,-0.010493,0.002909,-0.000044,0.019365
791896115562,-0.025663,-0.271463,-0.125554,-0.039470,0.002645,0.001241,0.028500
791996127700,-0.088511,-0.026249,0.039136,-0.005244,0.007540,0.016584,0.008862
792096139839,0.229852,-0.342114,-0.051294,-0.018751,0.010916,0.012970,0.009925
792196151978,-0.086773,-0.122417,0.015404,-0.033282,0.009906,0.002601,0.021485
792296164117,0.151497,-0.355090,-0.093520,-0.025647,0.022039,0.019135,0.023814
792396176256,-0.092597,-0.213048,-0.072550,-0.031255,-0.002615,-0.007985,0.019080
792496188395,0.057122,-0.274164,-0.124771,-0.041609,0.019308,0.011900,0.014079
792596200534,-0.073763,-0.424629,-0.028435,-0.037621,0.004338,0.008746,0.058248
792696212672,0.046993,-0.164954,-0.020410,-0.045636,0.005353,0.005360,0.067750
792796224811,-0.080207,-0.318917,-0.116307,-0.069749,0.037129,0.005782,0.103605
792896236950,0.068084,-0.534005,-0.014092,-0.077395,0.027521,-0.004217,0.133871
792996249089,-0.011810,-0.921289,0.026324,-0.092446,0.035360,0.005126,0.133128
793096261228,-0.132608,-0.423558,-0.052057,-0.082634,0.035643,-0.011839,0.174501
793196273367,-0.249681,-0.481435,-0.068111,-0.106154,0.039581,0.002132,0.193226
793296285506,0.209492,-1.031678,-0.136687,-0.112970,0.040917,-0.003849,0.236415
793396297645,-0.225006,-0.266200,0.028287,-0.134217,0.047404,-0.001184,0.273632
793496309783,0.046972,-0.825270,-0.197955,-0.151169,0.044843,0.012771,0.322085
793596321922,-0.409451,-0.386742,-0.086988,-0.158075,0.037451,-0.008183,0.412719
793696334061,-0.216485,-0.955162,-0.052269,-0.200876,0.045474,0.003134,0.447687
793796346200,-0.086015,-0.516141,-0.033886,-0.190990,0.038008,-0.021610,0.544432
793896358339,-0.418798,-1.044410,0.014569,-0.204854,0.064331,-0.037881,0.566257
793996370478,-0.153482,-0.697528,-0.083222,-0.241492,0.081752,-0.012660,0.675897
794096382617,-0.153136,-1.169815,0.169839,-0.227455,0.085532,-0.007078,0.684819
794196394756,-0.069577,-0.325890,-0.074797,-0.216562,0.073633,-0.024062,0.735072
794296406894,-0.475861,-0.997137,-0.096476,-0.276581,0.098550,-0.026922,0.808446
794396419033,-0.132397,-0.002822,-0.122261,-0.255934,0.094169,-0.036743,0.927617
794496431172,-0.031354,-0.741323,0.111143,-0.320597,0.168097,0.008383,0.957927
794596443311,-0.497613,-0.734488,0.431630,-0.341113,0.161974,0.049644,1.084265
794696455450,0.069233,0.108988,-0.279547,-0.344822,0.195810,0.009133,1.141136
794796467589,-1.015518,0.950988,-0.427182,-0.216975,0.167766,-0.071904,1.233628
794896479728,-0.189407,1.621894,-0.832962,-0.313994,0.175976,-0.020488,1.295904
794996491866,0.727424,1.476845,-0.382539,-0.259787,0.105255,-0.005880,1.322179
795096504005,0.667704,0.796968,0.132244,-0.232477,0.067560,0.068582,1.394361
795196516144,0.211126,0.919319,-0.237532,-0.189235,0.083501,0.000090,1.425899
795296528283,0.038221,1.500414,-0.010211,-0.145390,0.086023,0.003319,1.293682
795396540422,0.040202,1.238349,-0.264657,-0.137062,0.034027,0.028791,1.152928
795496552561,-0.284749,0.477365,-0.019779,-0.127324,-0.006177,0.013283,0.972384
795596564700,0.852302,-0.043506,0.206151,-0.078518,0.014185,-0.013150,0.921584
795696576839,0.315436,-0.460687,0.102719,-0.136660,0.047589,0.037691,0.858298
795796588977,0.463072,-0.644541,-0.172915,-0.103742,0.039350,0.048864,0.696739
795896601116,-0.226134,-0.125831,0.140326,-0.126257,0.027249,0.073107,0.585655
795996613255,-0.414116,0.342875,-0.551691,-0.092877,0.024465,0.030065,0.471913
796096625394,-0.735279,0.642903,-0.351492,-0.134811,0.055358,0.030462,0.536499
796196637533,-0.012728,0.579140,0.012725,-0.098777,0.037751,-0.050346,0.558216
796296649672,0.163436,0.644436,-0.006333,-0.086361,-0.003354,-0.035479,0.563721
796396661811,0.259472,0.058370,-0.005166,-0.091661,0.012612,-0.022046,0.627793
796496673949,0.429584,0.104659,-0.019589,-0.090487,0.013686,-0.038713,0.604757
796596686088,0.190985,0.066077,0.019547,-0.073590,0.005143,0.012232,0.461814
796696698227,0.211077,0.591162,-0.044936,-0.031015,-0.007007,-0.038411,0.434650
796796710366,0.131016,0.585791,-0.088192,-0.052398,0.009156,0.006994,0.388489
796896722505,-0.084249,0.531623,0.048261,-0.031336,0.001991,-0.024325,0.382108
796996734644,0.036094,0.532007,0.002741,-0.013470,-0.004892,0.000017,0.335458
797096746783,0.263760,0.701191,-0.015608,-0.001956,-0.013493,-0.014595,0.333083
797196758922,0.447838,0.519034,-0.117487,-0.015615,0.006786,0.001155,0.299996
797296771060,0.286024,0.467698,-0.050339,0.012626,-0.001235,-0.007687,0.265019
797396783199,0.122964,0.310885,-0.095112,0.002872,-0.014104,-0.000277,0.211733
797496795338,-0.021672,0.176143,0.028198,0.026013,-0.014812,-0.007434,0.148159
797596807477,-0.012211,0.347829,-0.082974,0.011993,0.004494,-0.009440,0.097707
797696819616,-0.087909,0.052159,-0.046812,0.051758,-0.020301,-0.020633,0.038019
797796831755,0.328578,0.295323,0.008061,0.037469,-0.016227,-0.004732,0.023469
797896843894,0.118779,0.126673,-0.030579,0.028314,-0.015427,-0.002844,0.041348
797996856033,0.242280,0.232016,-0.069955,0.027859,-0.027354,0.000978,0.059432
798096868171,-0.152725,0.164538,-0.114938,0.043158,-0.001517,-0.001247,0.069687
798196880310,0.094514,0.235497,-0.233839,0.059752,0.001346,-0.024594,0.096104
798296892449,-0.234157,0.022989,0.037306,0.022915,0.015878,0.004075,0.100982
798396904588,-0.130414,0.379668,-0.107493,0.036237,-0.025669,0.005679,0.128029
798496916727,-0.323841,-0.105288,-0.135767,-0.011571,-0.013449,0.026633,0.143426
798596928866,0.137718,0.156798,0.029068,0.028952,0.005564,-0.006184,0.162467
798696941005,0.093090,0.171822,-0.081045,-0.019195,0.026085,0.018410,0.190253
798796953143,0.022079,0.451978,-0.102916,-0.019193,0.015631,0.018618,0.211310
798896965282,-0.077157,0.447122,-0.027861,-0.021962,0.009364,0.015885,0.221641
798996977421,-0.171746,0.202219,-0.107980,-0.020121,0.008457,0.023048,0.240532
799096989560,0.011960,0.047274,-0.151932,-0.050693,0.016314,0.041719,0.290414
799197001699,-0.445893,0.313677,0.098021,-0.062535,0.045349,0.037636,0.331823
799297013838,0.020315,0.120750,-0.124996,-0.056984,0.029362,0.028671,0.358117
799397025977,-0.551556,0.277725,-0.022663,-0.059319,0.028938,0.009382,0.351342
799497038116,-0.152336,0.125140,0.076087,-0.036561,0.020387,-0.008279,0.427663
799597050254,-0.265520,-0.159649,-0.013354,-0.092369,0.033016,-0.006449,0.425147
799697062393,-0.119297,-0.241582,-0.005498,-0.065145,0.028861,-0.023101,0.423113
799797074532,0.138470,-0.291030,-0.288854,-0.064445,0.006348,-0.039328,0.514198
799897086671,0.383036,-0.228141,0.109977,-0.097871,0.004557,-0.007244,0.503460
799997098810,0.049251,-0.255111,0.039809,-0.094489,0.019662,-0.021754,0.501168
800097110949,0.084510,-0.695067,-0.301039,-0.056676,0.024736,-0.052888,0.594176
800197123088,0.227346,-0.121233,0.082932,-0.073219,0.022281,-0.028646,0.530037
800297135226,0.520427,0.113746,0.089563,-0.033452,0.004067,-0.043637,0.550451
800397147365,0.098447,-0.077306,-0.082647,-0.060752,-0.001301,-0.003688,0.609400
800497159504,-0.191656,-0.050054,0.068430,-0.053543,0.012812,-0.017464,0.483724
800597171643,-0.035301,0.204388,-0.056952,-0.056742,0.015053,-0.028305,0.438162
800697183782,-0.209306,0.087614,0.039173,-0.031169,0.007578,-0.037730,0.452602
800797195921,0.310493,-0.447953,-0.248580,-0.038155,-0.025437,-0.025823,0.429567
800897208060,0.153140,0.003065,-0.159518,-0.053825,-0.011771,-0.013129,0.401887
800997220199,0.597060,0.225963,-0.023191,-0.028066,0.008523,-0.038574,0.404892
801097232337,-0.216323,0.078125,-0.115858,-0.033157,0.035469,-0.019270,0.431199
801197244476,0.045903,-0.292831,-0.053547,-0.005796,-0.013879,-0.020743,0.446531
801297256615,-0.288292,0.291815,-0.184717,-0.058192,0.011575,-0.010191,0.393453
801397268754,0.513341,0.149970,0.044534,-0.005130,0.000599,-0.034469,0.420314
801497280893,-0.069097,-0.138027,0.147169,-0.056882,0.052065,-0.024391,0.421111
801597293032,0.020238,-0.297507,-0.159886,-0.042275,-0.016142,-0.002308,0.367600
801697305171,-0.014630,-0.277528,-0.069449,-0.024349,-0.009792,-0.025249,0.394221
801797317310,0.017067,-1.133153,-0.098445,-0.036275,-0.006192,-0.005659,0.445551
801897329448,0.384712,-1.101317,-0.027116,-0.006646,-0.008575,-0.014361,0.435319
801997341587,0.247751,-1.141031,0.061021,-0.016836,-0.014081,0.017681,0.424184
802097353726,0.193826,-0.214413,0.008980,0.039643,0.004133,-0.019270,0.430920
802197365865,0.121375,-0.185175,-0.195995,-0.003001,-0.006235,-0.011927,0.328877
802297378004,-0.111450,-0.479635,-0.094395,0.040846,-0.016592,-0.013842,0.257947
802397390143,-0.113624,-0.042427,0.086553,0.021625,-0.006170,-0.008391,0.198489
802497402282,-0.274097,-0.094652,-0.020212,0.039228,0.004312,-0.023887,0.083038
802597414420,0.346601,0.107788,-0.071797,0.041836,-0.018405,-0.009395,0.065388
802697426559,0.016689,-0.153655,-0.058202,0.022917,-0.010315,-0.017214,0.057152
802797438698,0.440249,0.004174,-0.013804,0.039037,-0.025804,-0.027045,0.022841
802897450837,-0.265860,-0.080891,-0.095378,0.027233,-0.004066,0.003408,0.049285
802997462976,0.273615,-0.377162,-0.122998,0.040926,-0.014299,-0.037344,0.012910
803097475115,-0.405439,-0.339174,-0.027501,-0.000543,-0.004189,-0.011904,0.020880
803197487254,0.098259,-0.175098,0.016905,0.039772,-0.024143,-0.023981,0.004322
803297499393,-0.259619,-0.131077,-0.106418,-0.022383,-0.003343,0.012847,0.004972
803397511531,0.172291,-0.231110,-0.191217,0.008291,-0.017363,0.003171,0.007980
803497523670,0.007442,-0.566267,-0.172342,-0.020767,0.026376,0.017138,0.008868
803597535809,0.148352,-0.861552,-0.010237,0.036045,-0.011060,-0.018164,0.030564
803697547948,-0.469468,-0.463082,-0.174375,-0.027295,0.004156,0.010083,0.061188
803797560087,-0.341159,-1.163674,-0.120485,-0.002904,-0.014764,-0.013837,0.072784
803897572226,-0.882181,-0.794711,0.196092,-0.065587,0.032942,0.005119,0.093383
803997584365,-0.169549,-1.222163,-0.149251,-0.044174,0.021754,-0.000750,0.165180
804097596504,-0.189124,-0.899172,0.105983,-0.117012,0.031388,0.057265,0.180771
804197608642,-0.315960,-1.006968,0.015647,-0.117599,0.063533,0.049621,0.274653
804297620781,-0.971685,-0.831760,-0.032034,-0.182979,0.077419,0.075462,0.367786
804397632920,-1.162622,-0.458171,-0.044657,-0.138417,0.092146,0.006193,0.473599
804497645059,-1.484319,-0.261561,-0.339047,-0.267235,0.122520,0.000004,0.541479
804597657198,-0.294276,0.009697,-0.257624,-0.209232,0.110042,-0.066096,0.642612
804697669337,0.073684,0.137938,0.045376,-0.311078,0.061666,-0.012592,0.809953
804797681476,-1.263135,-0.516095,-0.206543,-0.373508,0.116682,0.024312,0.884437
804897693614,1.575896,0.326933,0.261503,-0.209600,0.029320,-0.125614,0.987604
804997705753,-0.217029,0.434167,-0.233525,-0.403494,0.118463,0.128238,0.979144
805097717892,1.753921,-0.431804,-0.109093,-0.124709,-0.028468,-0.100439,1.019062
805197730031,-0.270538,0.354938,0.244360,-0.280237,0.100288,0.047338,1.018914
805297742170,-1.407247,0.010236,-0.200080,-0.125082,0.025035,-0.052709,1.077534
805397754309,-1.359186,0.287377,-0.100727,-0.215789,0.032576,-0.041873,0.981135
805497766448,-0.221193,0.794301,0.181897,-0.052368,-0.047436,-0.108666,1.086432
805597778587,1.634485,0.049182,-0.764790,-0.136558,0.005752,-0.054246,1.003876
805697790725,0.412693,0.235388,-0.713234,-0.107032,-0.041543,-0.079407,1.014712
805797802864,1.197229,-0.441308,0.444549,-0.102332,0.035379,-0.083816,0.970989
805897815003,-1.315190,0.669493,0.044202,-0.132406,-0.001467,-0.118530,1.039557
805997827142,-0.065095,0.340726,-0.260147,-0.147485,0.012977,0.031644,0.996002
806097839281,-0.448094,0.343569,0.121619,-0.190336,0.014949,0.015036,1.009676
806197851420,0.887221,-0.360503,-0.219678,-0.113350,-0.004529,-0.043619,0.918128
806297863559,-0.749142,0.158928,0.126360,-0.201909,0.030921,0.059898,0.913936
806397875697,1.214000,-1.252378,0.020359,-0.103728,-0.049429,-0.025420,0.885614
806497887836,-0.024158,-0.371576,0.187301,-0.243516,-0.005630,0.099083,0.935032
806597899975,-0.528146,0.208481,-0.219824,-0.180346,-0.019023,0.005610,0.859695
806697912114,0.258603,0.293535,-0.467884,-0.195622,0.047010,-0.048199,0.797404
806797924253,-0.273776,0.839940,-0.203849,-0.212592,0.068510,-0.024081,0.815696
806897936392,0.912026,-0.323509,-0.218395,-0.221934,0.025638,-0.006293,0.877593
806997948531,-0.272927,0.533555,0.081316,-0.235500,0.088109,0.057520,0.885963
807097960670,1.272197,0.378855,0.121770,-0.105312,0.035722,-0.037823,0.909513
807197972808,-0.228912,1.011252,-0.178754,-0.158587,0.107437,0.038380,0.904013
807297984947,1.263315,0.260690,-0.089724,-0.025874,0.008235,-0.075133,0.892185
807397997086,1.311985,0.218830,0.143411,-0.076630,0.049484,-0.012235,0.838046
807498009225,1.142382,-0.225284,-0.087099,0.005710,-0.016861,-0.071785,0.749825
807598021364,0.371857,0.236788,-0.085663,-0.052958,0.016801,0.031915,0.650034
807698033503,-0.234552,0.215828,0.056939,0.029178,-0.006481,-0.055896,0.540219
807798045642,0.341985,0.761455,0.131885,-0.003950,0.004929,0.014560,0.501833
807898057781,0.640233,0.558550,-0.184323,0.044295,-0.035199,-0.014011,0.412859
807998069919,0.715272,0.427074,-0.117242,-0.003274,0.019189,-0.002627,0.356083
808098082058,0.660781,0.357613,0.010452,0.068393,-0.023448,-0.021427,0.314677
808198094197,0.084124,0.100340,0.036643,0.019854,0.002038,-0.009342,0.252308
808298106336,-0.074207,0.263029,-0.038409,0.043514,-0.025444,-0.026838,0.188160
808398118475,0.409160,0.487356,-0.133740,-0.003480,-0.010645,-0.001626,0.134887
808498130614,0.312756,0.477448,-0.146755,-0.007047,-0.028984,0.022940,0.074193
808598142753,-0.105524,0.207042,0.009833,-0.008085,0.022521,-0.014483,0.027801
808698154891,-0.093606,0.216396,0.082590,-0.036343,0.017104,0.006295,0.032943
808798167030,-0.119049,0.363942,-0.100454,-0.031946,0.003751,0.013375,0.049689
808898179169,0.502314,0.349873,0.007650,-0.056017,0.015283,0.021157,0.121725
808998191308,0.280507,0.484596,0.026015,-0.065083,0.028168,0.016193,0.144603
809098203447,0.179233,-0.193134,-0.258587,-0.043485,0.012960,0.009912,0.187282
809198215586,-0.033840,0.078352,0.164813,-0.072533,0.035024,0.031505,0.224341
809298227725,0.405510,0.363276,-0.070770,-0.028125,0.009227,-0.010071,0.274114
809398239864,-0.097952,0.082441,-0.119840,-0.088979,0.012515,0.022546,0.276910
809498252002,-0.112658,0.019240,-0.009355,-0.052620,0.004125,-0.005208,0.351725
809598264141,-0.213346,0.119167,-0.185949,-0.081042,0.030441,0.014148,0.356058
809698276280,0.054739,-0.060777,0.092725,-0.058149,0.012238,0.013407,0.358022
809798288419,0.167377,0.254616,0.153687,-0.090864,0.010354,0.005058,0.384539
809898300558,0.114898,0.070989,-0.204459,-0.091274,0.040033,0.010013,0.414490
809998312697,-0.409149,-0.383256,-0.243453,-0.107682,0.028358,0.013932,0.363932
810098324836,0.068562,-0.642879,0.049785,-0.098295,0.047970,0.010164,0.439804
810198336974,0.111224,-0.210689,0.014973,-0.103746,0.052692,0.030159,0.488094
810298349113,0.208296,-0.324248,-0.201085,-0.064698,0.048567,0.006305,0.364040
810398361252,-0.100673,-0.383388,-0.078708,-0.083935,0.052817,0.013178,0.444732
810498373391,-0.237612,0.056936,0.061814,-0.054691,0.046839,-0.003593,0.465786
810598385530,0.314138,0.039743,0.007997,-0.059088,0.042175,-0.020626,0.416918
810698397669,0.196912,0.052864,-0.203170,-0.049642,0.042143,0.013047,0.358986
810798409808,0.042029,-0.015685,-0.004170,-0.093176,0.041596,0.016944,0.349035
810898421947,-0.067318,0.285244,-0.020089,-0.091869,0.048177,0.013652,0.410129
810998434085,0.426126,0.355973,0.137603,-0.098073,0.068790,0.007004,0.371737
811098446224,0.378307,0.298499,-0.085328,-0.122263,0.071371,0.013396,0.303019
811198458363,0.379222,0.189143,-0.034046,-0.112816,0.035988,0.022556,0.353088
811298470502,0.044760,0.509610,0.002220,-0.190855,0.063252,0.053630,0.425006
811398482641,-0.034622,0.457152,0.173318,-0.084408,0.083844,-0.006288,0.447723
811498494780,-0.773223,0.460639,-0.338905,-0.174742,0.085647,-0.003220,0.478425
811598506919,0.475319,-0.555098,0.141554,-0.105382,0.125222,-0.049998,0.486824
811698519058,-0.227560,-0.433235,-0.100795,-0.207002,0.166090,0.040751,0.538120
811798531196,-0.281831,0.169650,-0.360088,-0.133783,0.055648,-0.012848,0.586239
811898543335,0.415601,0.401506,-0.239541,-0.179073,0.119438,0.014869,0.643059
811998555474,0.529812,0.190500,0.219858,-0.163031,0.132944,-0.025317,0.584756
812098567613,0.387345,0.022393,0.033810,-0.145379,0.097419,-0.043743,0.681635
812198579752,-0.405471,0.257912,-0.244831,-0.204474,0.095866,0.024214,0.628837
812298591891,0.481158,-0.578051,-0.021741,-0.137235,0.028636,0.009620,0.623948
812398604030,-0.069085,-0.828475,-0.435217,-0.202559,0.100845,-0.006577,0.770973
812498616168,0.028584,-1.521288,-0.261447,-0.087319,0.050808,-0.034611,0.733609
812598628307,-0.645033,-0.641551,0.013546,-0.157215,0.061962,0.029255,0.721275
812698640446,0.016984,-0.592441,0.111939,-0.123281,0.052176,0.029797,0.809888
812798652585,-0.237654,0.045063,-0.160911,-0.126074,0.075979,0.022596,0.680670
812898664724,0.119196,-0.645713,-0.295931,-0.076549,0.047023,-0.029103,0.696703
812998676863,-0.003877,-0.511710,-0.200118,-0.095398,0.022630,0.015096,0.645687
813098689002,-0.480568,-0.761436,-0.009539,-0.075619,0.019191,0.005534,0.529589
813198701141,-0.138979,-0.665308,0.018746,-0.050524,0.031911,0.009545,0.495429
813298713279,-0.342385,-0.715560,-0.159701,-0.057199,0.035060,0.011195,0.480193
813398725418,-0.535276,-0.744053,-0.152846,-0.029879,0.015504,0.005715,0.481920
813498737557,-0.202490,-0.486069,0.000052,-0.052194,-0.001632,0.030880,0.456437
813598749696,-0.852187,-0.679219,-0.002081,-0.025307,0.006542,0.006413,0.346389
813698761835,-0.492314,-0.606344,-0.023455,-0.022414,0.016203,0.011630,0.289584
813798773974,-0.431360,-0.564387,0.014692,-0.009985,0.013810,0.003818,0.294925
813898786113,-0.434302,-0.904545,0.057682,0.005559,-0.016539,0.001305,0.222008
813998798252,-0.369873,-0.123035,0.066978,-0.016779,0.028145,0.033809,0.103377
814098810390,0.010218,-0.520256,-0.140707,0.030487,-0.036597,-0.005620,0.067361
814198822529,-0.173454,-0.243441,-0.047845,0.001745,0.013232,0.002004,0.030435
814298834668,-0.225850,-0.761768,-0.005388,0.053321,-0.013529,-0.029346,0.045923
814398846807,-0.614818,-0.083678,-0.100171,-0.015265,-0.022674,0.005246,0.122168
814498858946,-0.425183,-0.457518,0.075078,0.051512,-0.036890,-0.021296,0.180449
814598871085,-0.362822,-0.036582,0.166668,0.007914,-0.006716,0.014982,0.221483
814698883224,-0.629779,-0.057335,-0.073492,0.064305,-0.024531,-0.021186,0.261498
814798895362,-0.090633,0.163629,0.117240,0.027300,-0.002886,-0.014182,0.323205
814898907501,-0.569568,0.553149,-0.144588,0.048662,-0.023451,-0.030122,0.365650
814998919640,-0.605045,-0.105929,0.200879,0.036015,-0.035023,-0.051073,0.431233
815098931779,-0.659908,0.153711,0.001627,0.043469,-0.007568,-0.054097,0.453654
815198943918,0.580805,-0.669973,-0.195487,0.066869,-0.019363,-0.083282,0.508308
815298956057,-0.212264,-0.094014,0.016082,-0.001833,-0.012277,-0.075680,0.508889
815398968196,-0.016935,-0.557490,-0.224974,-0.007834,-0.032543,-0.036409,0.533631
815498980335,-0.513362,0.710611,0.281259,-0.027742,-0.032099,-0.045602,0.563583
815598992473,-0.219608,0.363235,-0.054473,-0.065751,-0.010820,-0.013304,0.591662
815699004612,-0.665192,0.379140,0.008984,-0.051332,-0.022169,-0.059301,0.551518
815799016751,0.177593,-0.779789,-0.130679,-0.042823,-0.026060,-0.053492,0.650953
815899028890,-0.631639,-0.409861,0.049726,-0.099789,-0.034397,0.000275,0.617284
815999041029,-0.709013,-0.491602,-0.331022,-0.151790,-0.046983,0.023674,0.601263
816099053168,-1.256234,0.724502,-0.145031,-0.122412,-0.006864,0.008247,0.669348
816199065307,-1.040005,1.644717,0.329048,-0.156465,-0.000342,-0.119203,0.746225
816299077445,-1.208513,0.682051,0.137508,-0.131871,0.015752,-0.082159,0.736211
816399089584,-0.697884,-0.750039,-0.048090,-0.154971,-0.013394,-0.091968,0.801345
816499101723,-0.790095,-2.086451,-0.003815,-0.299837,0.119874,-0.051817,0.824793
816599113862,0.298415,-2.226560,0.134344,-0.145423,0.052413,-0.063598,0.887497
816699126001,-2.257729,1.273803,0.683338,-0.522235,0.180718,0.134245,0.967356
816799138140,-1.247325,1.217204,0.472070,-0.350962,0.192857,-0.027484,1.024509
816899150279,-1.091337,1.042441,0.073958,-0.631863,0.310867,0.117483,1.104320
816999162418,-2.084338,1.952958,-0.678726,-0.626457,0.201750,0.179058,1.267516
817099174556,-0.442473,-0.879841,-0.007665,-0.629417,0.270925,0.160047,1.421783
817199186695,-0.604422,-0.617589,-0.180066,-0.584854,0.205303,0.160782,1.510395
817299198834,-0.698312,-0.437838,0.067068,-0.814416,0.346610,0.160291,1.718326
817399210973,-0.263171,4.527620,-0.224689,-0.643866,0.209205,0.017846,1.891690
817499223112,0.983414,1.076387,-0.065139,-0.675768,0.258157,0.045356,2.022046
817599235251,0.647024,1.028908,-0.281214,-0.598328,0.109016,0.030997,2.147927
817699247390,-1.089657,-2.949550,-0.178768,-0.699629,0.249928,0.179362,2.232422
817799259529,-0.881942,-0.477221,-0.482557,-0.534953,0.082802,0.010358,2.247944
817899271667,-3.281528,0.508280,-1.607633,-0.535853,0.151877,0.126230,2.309549
817999283806,1.666524,-0.239350,0.525688,-0.470477,0.065390,0.266087,2.303105
818099295945,2.843639,1.584592,-0.016053,-0.594314,0.103420,0.231540,2.357668
818199308084,2.313582,0.584582,0.681115,-0.217281,0.100413,0.083530,2.399710
818299320223,-0.399041,0.338301,0.372899,-0.425982,0.266785,0.029437,2.341511
818399332362,-1.983267,-0.156690,0.186394,-0.240362,0.274170,-0.019574,2.379740
818499344501,1.361632,3.069344,-0.216165,-0.451918,0.260104,0.150072,2.341366
818599356639,1.484658,-1.361450,0.458327,-0.267352,0.227230,0.130134,2.530717
818699368778,2.458158,-1.089044,0.402125,0.116872,0.008564,-0.040514,2.719917
818799380917,0.472771,2.054505,-0.608749,0.171344,-0.127670,-0.155872,2.796475
818899393056,-0.231320,1.766847,-0.655833,0.048397,-0.057591,-0.149557,2.950175
818999405195,2.280845,-1.683084,0.449717,0.313849,-0.207796,-0.264702,3.001642
819099417334,-0.983662,0.293850,1.780429,0.117886,-0.124296,-0.093497,3.134225
819199429473,0.385283,2.238391,-0.764902,0.045032,-0.045966,0.061715,3.223382
819299441612,-0.724569,1.387507,0.609507,-0.044986,0.068997,-0.057128,3.199028
819399453750,-3.406749,2.065142,-0.577484,0.102955,-0.048735,0.044241,3.203862
819499465889,3.657972,-0.464438,-0.435517,-0.190082,0.026147,0.138692,3.254727
819599478028,2.487405,0.164278,0.326157,0.401682,-0.053436,-0.149394,3.303634
819699490167,2.002931,-1.644506,-0.763029,0.093321,0.090071,-0.087213,3.365794
819799502306,0.761954,-0.435357,-0.013466,0.449404,-0.098527,-0.229478,3.447648
819899514445,-1.631098,3.148231,-0.742508,0.106984,-0.062134,-0.094958,3.489796
819999526584,-0.923271,2.959075,-0.983176,0.358057,-0.255779,-0.146661,3.569621
820099538722,-0.882690,1.192155,-0.095151,0.113498,-0.096108,-0.046069,3.705483
820199550861,1.223821,-0.834829,0.152444,0.371792,-0.163280,-0.114574,3.768607
820299563000,1.015622,1.312399,-0.125188,0.377592,-0.263392,-0.164861,3.714129
820399575139,1.508253,-0.598463,0.927581,0.232650,-0.154616,-0.106312,3.764783
820499587278,0.386992,3.695302,0.815437,0.331833,-0.059160,-0.195824,3.774959
820599599417,0.715382,2.079722,-0.305540,0.261261,-0.012025,-0.125180,3.897563
820699611556,-1.819149,1.057623,-1.628484,0.254850,-0.110098,-0.018311,3.909954
820799623695,0.698264,-1.464500,-0.025284,0.354814,-0.203164,0.002030,3.976693
820899635833,0.100066,1.144852,0.963630,0.402901,-0.155308,-0.133996,4.155459
820999647972,3.089620,-0.121390,0.849887,0.289504,-0.192350,-0.115364,4.314441
821099660111,-1.617646,2.318208,0.267985,0.535001,-0.362590,-0.247542,4.328842
821199672250,2.236279,0.297565,-0.470587,0.107635,-0.065112,-0.018552,4.435760
821299684389,-3.833492,-0.552959,-0.739096,0.407035,-0.129276,-0.142995,4.420051
821399696528,0.178008,-0.108404,-0.095151,-0.078902,0.046484,0.090391,4.590592
821499708667,-1.465612,-0.323418,0.808923,0.253847,-0.135152,-0.135733,4.637919
821599720806,0.652614,0.293173,0.382024,-0.057523,0.026694,0.045290,4.763538
821699732944,0.823806,0.793649,0.596157,0.084080,-0.035765,-0.183086,4.932604
821799745083,2.917254,-1.545569,0.832042,-0.077425,0.194021,-0.004457,4.893989
821899757222,-0.404491,-1.580228,-0.977832,0.179167,-0.019808,-0.058863,5.015814
821999769361,-1.653129,-1.377179,0.458705,-0.246337,0.083568,0.115791,4.996989
822099781500,-1.134066,-3.824796,-0.291357,0.077721,-0.048919,0.057980,5.106704
822199793639,0.016778,0.890751,0.002628,-0.405070,0.117762,0.294143,5.108053
822299805778,1.945131,5.703963,1.239246,-0.022563,0.102504,-0.001924,5.111105
822399817916,1.073404,-0.017946,0.700912,-0.324677,0.247190,0.173575,5.147988
822499830055,1.509886,0.127072,-0.170280,-0.141781,0.060855,0.136162,5.079006
822599842194,-2.990568,-3.744806,-1.136846,-0.219968,0.144909,0.224347,5.046995
822699854333,2.371132,0.428955,0.216094,-0.406472,0.197294,0.349012,5.178697
822799866472,-2.427373,-0.231952,-0.361558,-0.108892,0.046963,0.078185,5.108982
822899878611,0.996444,1.548737,0.133295,-0.359194,0.058642,0.258100,5.141072
822999890750,-1.471279,1.145390,0.388606,-0.124739,-0.059160,0.076894,5.045105
823099902889,0.253045,0.417597,0.075918,-0.102184,0.094821,0.156721,5.141018
823199915027,0.412800,1.116538,0.584297,0.059510,0.056925,-0.095583,4.971256
823299927166,-0.408310,-2.453178,0.229609,-0.112202,0.057227,0.125268,5.003865
823399939305,-0.517311,1.535173,-0.645135,0.085151,-0.084700,-0.038345,4.941982
823499951444,1.338115,-0.374623,-1.193408,-0.038140,0.031114,-0.053793,4.911959
823599963583,-0.691853,-3.429177,0.014607,0.049037,-0.118706,-0.040472,5.004966
823699975722,0.148746,2.881682,0.375671,-0.103851,-0.005642,0.041177,4.963899
823799987861,0.457146,0.101746,-0.144524,0.177524,-0.080937,-0.130676,4.916117
823900000000,1.538259,-1.329113,-0.474286,0.064265,-0.054344,-0.036299,4.908889
