timestampNs,ax,ay,az,gx,gy,gz,speedMps
0,-0.570844,-0.803452,-0.128800,0.038195,-0.049131,0.009897,1.903889
100078186,-0.094477,-0.690524,0.015748,0.083837,-0.066258,-0.035634,2.152167
200156372,-0.004899,-0.652372,-0.015914,0.087646,-0.076326,0.017866,2.436041
300234558,-0.090554,-1.693174,-0.129959,0.145643,-0.115225,0.003085,2.391749
400312744,-0.642340,-2.392465,-0.021105,0.094798,-0.114042,0.004945,2.663221
500390930,0.519531,-0.898959,-0.012875,0.187668,-0.125614,-0.009836,2.716791
600469116,-0.402614,-0.689496,0.227078,0.124882,-0.117341,0.013451,2.890572
700547302,-0.394798,-2.430556,-0.066023,0.252854,-0.173426,-0.014716,3.013319
800625488,-0.193958,-0.270069,-0.356865,0.217794,-0.140340,0.024499,3.264143
900703674,-0.748388,-1.346172,-0.027907,0.178255,-0.195358,0.001817,3.438113
1000781860,-1.749035,-3.094034,0.060805,0.171907,-0.177893,-0.021346,3.604018
1100860046,-0.537828,-0.661548,0.480315,0.180149,-0.120257,-0.024880,3.726247
1200938232,-0.444712,-1.956439,0.172817,0.155201,-0.128968,-0.030266,3.743446
1301016419,-0.421545,-0.585203,-0.021193,0.139644,-0.074106,0.008691,3.903602
1401094605,-1.625589,-1.290443,-0.614926,0.086158,-0.038618,0.047003,4.066827
1501172791,-2.942106,-0.546723,0.188659,0.051617,0.003017,-0.026827,4.232707
1601250977,-1.611999,-1.961567,-0.164348,-0.061744,0.018713,0.046863,4.300009
1701329163,-1.618117,-1.595332,0.042572,0.019860,-0.053624,-0.020223,4.543779
1801407349,-0.143957,-1.154178,0.638921,0.029471,0.028054,-0.028327,4.681575
1901485535,-3.079260,-0.931603,-0.056236,-0.100259,0.116131,0.045079,4.795526
2001563721,-0.810575,-0.586972,0.358599,-0.032824,0.065633,-0.113003,5.036665
2101641907,-2.484133,-0.314227,-0.296203,-0.270527,0.184965,0.080035,5.266502
2201720093,-2.401854,-0.838667,-0.205528,-0.079156,0.119317,-0.031375,5.425015
2301798279,-3.355266,-0.785685,0.047612,-0.302170,0.232744,0.122909,5.541855
2401876465,-1.593888,-0.528471,0.186378,-0.142678,0.143449,0.061432,5.813998
2501954652,-0.344137,-1.586606,-0.414822,-0.322253,0.253493,0.171217,6.025770
2602032838,-2.747761,-0.732490,0.274410,-0.283495,0.203204,0.076170,6.165056
2702111024,-0.686169,-0.690928,0.286068,-0.111075,0.100145,0.013862,6.316437
2802189210,-0.800031,-1.508584,0.261214,-0.147406,0.133620,-0.033794,6.382508
2902267396,-0.559799,-2.140368,-0.320907,-0.068520,0.157733,0.014096,6.359233
3002345582,-0.654033,-1.221597,0.777101,-0.044403,0.075479,-0.014665,6.411433
3102423768,-1.285069,-1.055099,0.419045,0.014449,0.134979,0.044128,6.469145
3202501954,0.051324,-2.095046,-0.200036,0.068580,-0.017477,-0.075497,6.390702
3302580140,-2.507527,-2.148922,0.193143,-0.121509,0.040553,0.099007,6.419367
3402658326,-3.595479,-0.768604,1.798230,-0.069836,0.135923,0.039816,6.468438
3502736512,-1.036551,-1.082018,0.887758,0.004410,0.129912,-0.028122,6.453259
3602814698,1.899404,-1.070089,-2.123704,-0.150790,0.144538,0.140906,6.496959
3702892885,-0.374315,0.949141,3.610449,0.017581,0.321630,0.093346,6.394926
3802971071,0.414191,0.057550,0.043460,-0.209964,-0.116950,0.025061,6.491195
3903049257,-2.155544,0.268730,-1.800047,-0.323524,0.119816,0.214169,6.365759
4003127443,2.181527,-0.237835,-0.413704,-0.003821,-0.235398,-0.103356,6.333216
4103205629,-4.258357,-0.014296,-1.781756,-0.397081,0.013714,0.181491,6.492281
4203283815,-2.019994,-0.491094,1.076236,0.153615,-0.121503,-0.196860,6.472902
4303362001,-2.774105,-0.294331,-2.296244,-0.183628,-0.162907,0.150857,6.592521
4403440187,-0.686739,0.046750,1.366399,0.308374,0.013179,-0.206841,6.623213
4503518373,1.065204,-0.347347,1.108539,-0.072413,-0.000761,-0.011320,6.345645
4603596559,2.381871,-0.980324,0.699992,0.340762,-0.107940,-0.238971,6.314026
4703674745,-1.085466,-1.067280,-0.329044,-0.046006,-0.029205,-0.149862,6.421944
4803752931,-5.110958,2.483315,-2.318405,0.291872,-0.255779,-0.462351,6.429638
4903831118,-1.694165,2.264669,2.816049,0.148043,0.057756,-0.018667,6.625455
5003909304,-1.998071,-0.569844,0.366123,0.053011,-0.265327,-0.075385,6.585438
5103987490,0.664743,-1.210982,0.284170,0.055218,0.022497,-0.100631,6.522341
5204065676,-2.215858,-1.805641,-0.658614,-0.111275,0.068889,0.124817,6.557715
5304143862,-0.973756,1.812747,1.474489,0.011558,0.324624,0.220959,6.692738
5404222048,2.097843,-0.246918,-0.804922,-0.251464,0.127092,0.151051,6.671717
5504300234,-3.389313,4.047819,2.319811,-0.482142,0.508261,0.327610,6.796918
5604378420,7.140083,-2.395536,0.794507,-0.168908,-0.257860,0.033538,6.756911
5704456606,-1.369680,0.056824,-0.582221,-0.701539,0.121037,0.521364,6.847387
5804534792,-0.477446,-0.809162,0.660591,-0.291674,0.269806,0.276505,6.980899
5904612978,-5.722980,2.629368,0.136795,-0.383151,0.391027,0.472318,6.967192
6004691164,3.972050,-1.332865,-0.257781,-0.413250,0.260015,0.166055,7.142225
6104769351,-0.491050,-0.744404,-0.476582,-0.480639,0.182972,0.389277,7.213961
6204847537,5.089177,-2.738712,1.777155,-0.298038,0.300817,0.311632,7.302306
6304925723,-2.827896,1.030783,0.932401,-0.695770,0.527837,0.407904,7.483205
6405003909,4.022146,-2.320974,-0.140763,0.205638,-0.085383,-0.142183,7.472849
6505082095,-4.516659,0.267717,-0.468116,-0.262312,0.175389,0.147858,7.531829
6605160281,-4.627267,2.437598,1.398576,0.384631,-0.526368,-0.395715,7.628675
6705238467,-0.949989,-0.176303,0.528897,0.131412,-0.177741,-0.064912,7.729805
6805316653,-1.451256,0.143953,0.629133,0.238927,-0.312254,-0.156475,7.696841
6905394839,3.231007,-2.150158,-0.905670,0.225277,-0.297847,-0.262440,7.801976
7005473025,-0.800573,0.038174,1.394802,0.127708,0.019830,-0.076937,7.855883
7105551211,1.218872,-2.813598,-0.460298,0.309453,-0.320633,-0.137856,7.859670
7205629397,-4.435767,1.079164,0.593898,0.309900,-0.192140,-0.166073,7.984794
7305707584,2.608042,-3.143895,-1.686762,0.480193,-0.520794,-0.513370,7.883867
7405785770,-4.686500,0.318368,-0.306224,0.080134,0.049700,0.004223,7.961065
7505863956,1.241113,-1.104424,0.747533,0.530830,-0.428925,-0.435673,7.881951
7605942142,-4.572395,1.334068,0.553994,-0.004801,0.050804,-0.155164,7.937581
7706020328,2.614588,-1.180409,0.680687,0.382584,-0.192825,-0.186745,8.035602
7806098514,0.384721,-0.715906,-0.770395,-0.040735,0.003185,0.188940,7.968164
7906176700,1.727239,-1.285758,0.637079,0.182211,-0.120619,-0.343530,7.981145
8006254886,-2.311491,-0.312535,-0.934155,-0.070006,-0.032364,0.149040,7.892795
8106333072,4.048323,-2.400728,-0.186336,0.375889,-0.295894,-0.266433,7.888959
8206411258,0.829409,-0.074197,1.767720,-0.443415,0.263752,0.132394,7.890766
8306489444,1.895440,-2.733080,-2.063046,-0.218236,-0.178007,0.211909,7.908632
8406567630,2.647609,-1.728974,1.124785,-0.366713,0.386232,0.299914,8.002172
8506645817,-3.105319,0.193868,-0.051217,-0.367268,0.044365,0.282015,7.955428
8606724003,-0.960175,0.725328,1.185439,-0.060823,0.069299,0.134572,7.863889
8706802189,-0.560672,0.209354,-1.020328,-0.101925,-0.027597,0.093685,7.868121
8806880375,-0.874983,0.433304,-0.721040,0.162258,-0.037792,-0.129563,7.926302
8906958561,-1.131195,2.340086,0.816110,0.315737,-0.071742,-0.153289,7.926453
9007036747,-5.826377,4.872863,0.911368,0.262733,-0.387229,-0.209415,7.893830
9107114933,1.106946,-0.629878,-0.435750,0.436339,-0.443381,-0.337897,7.884656
9207193119,-1.818254,2.097186,0.562522,-0.144736,0.176343,0.204644,7.777298
9307271305,0.415081,0.055702,1.164503,0.091084,0.024759,-0.067555,7.803895
9407349491,-1.140231,0.893772,0.350537,0.051686,-0.243496,0.081583,7.765449
9507427677,2.002671,-0.911256,-0.484009,0.196850,-0.343405,-0.257639,7.778683
9607505863,-2.714093,1.509471,1.531393,0.333853,-0.105897,-0.160447,7.870053
9707584050,5.686378,-3.048155,0.255666,0.590105,-0.516846,-0.495102,7.831391
9807662236,-5.338711,2.368915,-0.213451,-0.196318,0.287682,0.065834,7.811643
9907740422,-1.482615,1.470576,1.731354,0.410359,-0.095339,-0.223403,7.817819
10007818608,-1.039503,-0.249171,0.538073,0.141033,0.095436,-0.155040,7.824078
10107896794,4.871484,-0.408884,1.682564,0.521045,-0.080777,-0.282767,7.918235
10207974980,-0.519152,-0.425461,-1.389095,-0.082848,0.097091,0.214091,7.776894
10308053166,6.286490,-2.520771,-0.203321,0.352605,-0.228949,-0.290186,7.874393
10408131352,-3.389862,0.277535,-1.245664,-0.362716,0.194991,0.400009,7.819148
10508209538,-2.031627,0.082849,-1.383044,0.214849,-0.334675,-0.246713,7.784281
10608287724,-4.512955,1.570778,0.414131,-0.318786,0.192976,0.192930,7.876200
10708365910,4.271383,0.077348,0.363035,0.339154,-0.205959,-0.094733,7.764149
10808444096,2.692958,-0.732222,-0.563986,-0.267031,0.324447,0.342280,7.956672
10908522283,5.606418,-2.355565,1.396421,0.194484,0.042755,-0.037728,7.774687
11008600469,-3.202792,1.067202,-1.981721,-0.649573,0.078386,0.644760,7.821894
11108678655,-6.362988,1.161447,-2.041754,0.034688,-0.129794,-0.053168,7.790817
11208756841,-7.027671,2.410535,-0.301668,-0.694722,0.183475,0.501695,7.813641
11308835027,0.030648,-0.238667,-0.875927,-0.158703,-0.046649,0.028735,7.839116
11408913213,5.201820,-1.649855,0.287347,-0.685091,0.395966,0.370347,7.832674
11508991399,-1.436260,-0.253209,-0.710243,-0.356464,0.279171,0.466665,7.852182
11609069585,1.600300,-1.495783,1.221552,0.178053,0.103546,0.035418,7.779404
11709147771,2.176901,-1.737455,-0.292727,-0.224563,-0.071455,-0.138539,7.832536
11809225957,2.936601,-1.378967,0.063834,0.014994,0.126052,-0.176618,7.727133
11909304143,-3.794663,1.631102,0.684361,-0.213022,0.262013,0.335343,7.717771
12009382329,0.124066,-0.409737,1.448197,0.062324,-0.166911,-0.101468,7.724278
12109460516,-3.616731,1.348956,-0.400267,-0.372695,0.066214,0.156487,7.809553
12209538702,3.772814,-1.809092,1.315581,0.543324,-0.072420,-0.370675,7.772533
12309616888,3.971079,-0.513660,1.407878,0.058733,0.148469,-0.047014,7.808268
12409695074,-5.033830,0.989751,-1.737278,0.453545,-0.028196,-0.450905,7.748205
12509773260,-5.465589,1.232052,-0.387347,0.002280,0.245851,0.038212,7.770047
12609851446,3.441570,-1.124771,0.661535,0.273367,0.295582,-0.385490,7.703883
12709929632,-4.547498,1.120168,-0.166254,-0.209005,0.303891,0.384342,7.765181
12810007818,0.442288,-1.066851,-1.625169,-0.067707,0.071106,0.061726,7.671886
12910086004,-1.950497,0.175405,-1.394239,-0.438397,0.003335,0.357766,7.616855
13010164190,-1.211924,1.982272,1.417662,-0.246400,0.214878,0.304061,7.476378
13110242376,-0.477926,-0.681836,-0.369177,-0.166711,-0.009553,-0.045512,7.567840
13210320562,2.560035,-1.253181,-0.049409,-0.404675,0.259706,0.251612,7.487626
13310398749,0.612549,-0.781536,-0.538679,-0.246882,0.153210,0.238012,7.481925
13410476935,-1.073741,1.315195,-0.639829,-0.106869,0.074807,0.245653,7.478620
13510555121,1.989358,-1.555795,-1.624636,-0.013479,0.370970,0.264863,7.600160
13610633307,1.246288,-0.442006,0.611872,0.180211,0.169324,-0.172096,7.642944
13710711493,-3.705510,1.479325,-1.201955,0.001685,0.033124,0.059843,7.646366
13810789679,-1.553804,-0.571011,-0.034703,0.092108,-0.070968,-0.236920,7.742819
13910867865,-2.917311,1.301181,-0.661604,-0.096893,0.031919,0.067976,7.745533
14010946051,2.971874,-4.457769,-0.447184,0.249969,-0.252708,-0.314409,7.663438
14111024237,-1.556233,-0.765575,-0.165834,-0.159262,0.250248,0.114763,7.751218
14211102423,3.001062,-2.073203,-1.593689,0.331599,-0.157671,-0.208728,7.718200
14311180609,-2.395245,1.153453,-0.663065,-0.206154,0.205784,0.100272,7.819883
14411258795,-1.928820,0.256589,-0.536251,-0.071118,0.005496,-0.028550,7.798407
14511336982,-2.144184,2.125384,-0.313778,0.009790,0.172405,0.156855,7.889636
14611415168,2.152513,-1.151224,0.470217,0.131980,0.068905,-0.117778,7.953807
14711493354,-2.216831,0.372732,-0.430986,-0.200372,0.193406,0.120916,7.872116
14811571540,-1.977875,1.497060,-0.615022,-0.094679,0.114484,0.070420,7.907894
14911649726,1.845530,0.101094,1.204951,-0.318963,0.133640,0.320225,7.900600
15011727912,0.286003,0.920610,0.846742,-0.324467,0.231017,0.228599,8.089741
15111806098,2.077156,0.476818,0.041432,-0.256061,0.002501,0.125177,8.162695
15211884284,-3.711913,-1.176062,-0.965003,-0.292987,0.105533,0.192740,8.174723
15311962470,1.781033,-0.794096,-0.414500,-0.047857,-0.082301,0.126519,8.279237
15412040656,1.104978,-0.086741,-0.653851,-0.030011,-0.130718,-0.054366,8.253562
15512118842,0.127140,0.687072,-0.514041,0.224719,-0.217629,-0.127974,8.316717
15612197028,2.527205,-1.476862,-1.792512,0.756969,-0.463964,-0.201256,8.318163
15712275215,8.777500,-4.965369,-0.314427,0.849794,-0.609167,-0.880836,8.301377
15812353401,-3.741457,0.873474,1.659580,0.088283,-0.331554,-0.236033,8.334668
15912431587,1.983300,-3.820884,-0.829964,0.423734,-0.245544,-0.235573,8.344350
16012509773,-0.150066,-0.656265,-0.706619,-0.021685,0.322298,0.041215,8.332813
16112587959,-0.463021,0.007943,1.045560,-0.012094,0.251930,-0.002093,8.328819
16212666145,1.424838,-2.931201,-0.504638,0.104860,-0.046180,-0.063743,8.262829
16312744331,-0.988684,0.331669,0.396691,-0.007236,0.086886,0.100505,8.293186
16412822517,-0.751394,0.435423,0.727801,0.090483,-0.141015,-0.052466,8.305241
16512900703,-1.304817,-0.017030,-0.231067,-0.079213,-0.079891,0.085954,8.253366
16612978889,0.398889,0.219460,0.010699,-0.026886,-0.094294,0.063394,8.341737
16713057075,-0.812278,-0.181757,-0.415352,-0.030131,-0.081979,0.004664,8.272651
16813135261,-0.985287,-0.284964,0.174900,-0.183018,0.001466,0.076715,8.232023
16913213448,-1.429658,0.124261,-1.286585,-0.149913,0.004630,0.130427,8.246644
17013291634,0.897935,-0.039293,-0.858970,-0.005574,0.163370,0.033264,8.290022
17113369820,-1.159263,0.555083,-0.047403,0.043129,-0.042193,0.005244,8.204332
17213448006,0.889639,-0.127420,-0.213055,0.092173,-0.053265,-0.165868,8.211431
17313526192,-1.683886,-0.503902,-0.789547,-0.010653,0.039838,-0.004626,8.277824
17413604378,-0.155848,0.539597,0.085139,0.145943,-0.050856,-0.120598,8.233192
17513682564,-0.573774,0.150258,-0.698603,-0.057083,-0.091824,-0.045256,8.244228
17613760750,1.591138,0.511047,-0.347769,0.035976,-0.101027,-0.009245,8.264042
17713838936,2.637545,-0.419047,0.235408,-0.049929,-0.011047,0.089357,8.256274
17813917122,3.270994,-1.028691,-0.187887,0.031798,-0.118052,-0.005374,8.213233
17913995308,1.138830,-0.270254,0.368398,-0.219996,0.135054,0.175468,8.257592
18014073494,-2.979752,1.324499,-0.237935,-0.157639,0.050683,0.263346,8.104747
18114151681,-0.073529,0.935936,0.183309,-0.241001,0.169545,0.310521,8.137558
18214229867,-3.013736,1.325829,0.130114,-0.238173,0.168776,0.169723,8.202103
18314308053,-0.558724,0.182037,0.128826,0.084619,-0.019728,-0.081122,8.194908
18414386239,-1.525174,1.335729,0.023975,-0.137589,0.111689,0.100766,8.145512
18514464425,1.966307,-0.553914,-0.434732,0.006807,-0.038919,-0.052210,8.141101
18614542611,-0.334723,-0.306328,-0.546946,-0.130699,0.071485,0.143071,8.132152
18714620797,1.009306,0.219435,0.141134,0.007795,-0.050140,0.016318,8.090207
18814698983,-0.843536,0.953294,-0.487630,-0.136954,-0.009179,0.094573,7.988297
18914777169,-0.786333,0.454972,0.138978,0.044156,-0.052184,-0.050742,8.019369
19014855355,-0.975774,0.115714,-0.715866,-0.026898,-0.031222,0.012267,7.953599
19114933541,-0.200039,0.425514,0.341264,-0.026069,0.042038,-0.002639,7.950290
19215011727,-1.145537,0.224592,0.006449,-0.091577,0.018614,0.087033,8.064935
19315089913,-0.112548,-0.223601,-0.384372,0.022875,-0.006118,-0.029014,8.013711
19415168100,-2.304311,0.982952,-0.839051,-0.029118,0.062883,-0.110716,8.090149
19515246286,0.010637,-0.012905,0.119711,0.354688,-0.178769,-0.321111,7.992753
19615324472,1.686387,-0.592160,0.441146,0.205899,-0.148658,-0.103271,7.986303
19715402658,0.018634,0.268476,0.664886,0.244237,-0.104997,-0.142251,7.878433
19815480844,1.275637,-0.405528,-0.292421,0.202632,-0.175120,-0.251653,7.949207
19915559030,-2.373451,1.373494,0.072354,0.110536,-0.094330,-0.170767,7.960968
20015637216,-1.417328,0.252779,-0.248692,-0.084336,-0.061912,-0.022854,7.942264
20115715402,1.077479,0.091866,0.957218,-0.051100,-0.104066,-0.065419,8.026999
20215793588,-0.297488,0.254019,-0.434963,-0.099279,-0.031353,0.163780,8.207279
20315871774,-1.490574,0.265434,0.272170,-0.027424,-0.042091,0.064346,8.127049
20415949960,-0.407657,0.028023,-0.764015,-0.031333,-0.041498,-0.065222,7.910607
20516028146,0.525599,0.145436,-0.722557,0.040735,-0.067158,-0.013311,7.878742
20616106333,0.327635,-0.592066,-0.208345,-0.065567,-0.206231,-0.013614,8.015851
20716184519,0.338036,1.589262,0.021459,-0.260675,-0.096146,0.131019,8.259274
20816262705,-4.954489,3.314745,-0.016296,-0.274824,-0.004434,0.521619,8.289972
20916340891,-2.112922,3.264100,2.698891,-0.301244,0.508150,0.527440,8.171429
21016419077,-3.535338,0.863849,1.124295,-0.290460,0.225403,0.006813,8.202610
21116497263,-0.381781,-0.411027,2.771862,0.034028,0.145687,-0.195650,8.346594
21216575449,-1.939817,3.138065,1.399903,-0.025106,0.288625,0.174244,8.333457
21316653635,-0.121410,0.332012,-1.707573,0.131973,-0.480955,-0.016551,8.412284
21416731821,0.427783,-1.408356,-1.909198,-0.056467,-0.296820,-0.175768,8.340846
21516810007,-1.756162,-1.028741,0.948103,-0.060816,0.060128,-0.041535,8.494332
21616888193,-0.102947,-1.485188,1.322730,0.057885,0.104032,-0.158286,8.580055
21716966379,-0.655575,-1.694951,0.317660,0.162809,0.077372,-0.124251,8.534316
21817044566,1.629466,-0.401861,0.665502,0.052972,0.136922,0.038406,8.582574
21917122752,0.298822,-1.255962,0.084719,0.030748,0.064536,0.039752,8.744155
22017200938,-0.857571,-1.116901,0.615970,0.162607,-0.016126,-0.072900,8.759940
22117279124,-2.835713,-1.990433,-0.592891,0.108857,-0.087435,-0.164803,8.773448
22217357310,2.317292,-1.587959,-0.889285,-0.131637,0.324252,0.183554,8.774353
22317435496,-1.726427,0.543617,0.006698,-0.106656,0.421420,0.094971,8.606646
22417513682,0.713783,-1.834688,-1.523173,0.050323,-0.141457,-0.044531,8.693916
22517591868,-0.066162,-1.180215,-0.828032,-0.012521,0.023682,0.092145,8.644159
22617670054,0.850143,-2.254826,-0.854037,0.191527,-0.370659,-0.193664,8.642204
22717748240,-0.181969,-0.095205,-0.713015,0.052437,-0.183593,-0.184328,8.677422
22817826426,-2.494154,2.704637,1.124671,0.298244,-0.417748,-0.318167,8.597694
22917904612,-1.502549,0.622360,-0.312294,0.263660,-0.434408,-0.252896,8.582143
23017982799,-4.800427,2.517084,1.532430,0.224140,-0.243964,-0.198333,8.583056
23118060985,0.400346,-0.620758,0.631678,0.388450,-0.354142,-0.279706,8.583959
23218139171,-5.206000,2.632721,1.646253,-0.113077,0.305434,0.161131,8.579540
23318217357,1.454661,-1.408416,0.042741,0.095599,0.013647,-0.045356,8.544198
23418295543,3.202276,-1.700523,-0.957675,-0.494607,0.486314,0.453453,8.554041
23518373729,3.221062,-1.003520,0.428548,-0.220338,0.345143,0.190644,8.509469
23618451915,-0.241772,-0.351013,-1.014779,-0.601327,0.478674,0.409889,8.397159
23718530101,-4.733713,3.118814,0.231487,-0.499554,0.572123,0.265942,8.435779
23818608287,-0.496221,0.857712,0.322012,-0.118219,0.124216,0.046050,8.475753
23918686473,-3.106353,2.531947,1.013893,-0.197550,0.227533,0.220010,8.417273
24018764659,-2.487992,3.183525,0.175737,-0.308925,0.165504,0.030654,8.385686
24118842845,-2.317231,3.822227,-1.326241,-0.424405,0.276870,0.025081,8.336787
24218921032,-0.770178,1.542176,0.038081,-0.749572,0.409818,0.264513,8.325862
24318999218,-7.687869,5.306446,0.085243,-0.994556,0.583716,0.532265,8.289914
24419077404,1.159275,0.726053,0.043849,-0.096936,-0.002257,-0.061626,8.296651
24519155590,0.989867,1.234975,-0.059108,0.236889,-0.337589,-0.320875,8.187603
24619233776,2.190969,-0.691794,-1.401019,-0.068744,-0.229368,-0.263534,8.190744
24719311962,-5.325491,2.376196,-1.322601,-0.437528,-0.043418,0.065208,8.092215
24819390148,-5.514976,5.364484,1.436217,-0.001759,-0.159606,-0.336275,8.096578
24919468334,-5.830327,4.534078,-1.789671,-0.185416,0.043283,0.065820,8.052672
25019546520,-1.497008,2.628580,-0.065973,0.390325,-0.015567,-0.392050,8.050420
25119624706,3.332820,-0.634993,1.516257,0.063852,0.148868,-0.342791,8.078019
25219702892,-2.392324,1.961969,-0.095195,0.157363,-0.016527,-0.280595,7.932644
25319781078,1.198984,0.923556,0.358224,0.271900,0.017184,-0.337527,7.942680
25419859265,-2.607903,6.043126,-0.933968,0.055989,0.077201,-0.192716,7.948291
25519937451,1.415692,1.158206,0.332457,0.093981,-0.080702,-0.403737,7.907726
25620015637,-3.789264,8.298235,1.007424,-0.625072,0.393751,0.166870,7.918679
25720093823,-4.566367,8.004696,0.820741,-0.148558,0.183587,0.133285,7.955994
25820172009,-4.271991,7.984723,-0.861634,-0.812150,0.566202,0.526161,7.866757
25920250195,-0.936180,1.985254,0.496759,-0.438504,0.373424,-0.054485,7.928970
26020328381,0.085015,0.953368,0.610025,-0.762006,0.542872,0.264024,7.984057
26120406567,-1.038702,2.990175,0.156608,-0.492067,0.516530,0.363902,7.912447
26220484753,0.655030,2.511202,-0.291249,-0.357559,0.342056,0.157919,7.997952
26320562939,0.426688,3.434587,-0.051600,-0.480508,0.488386,0.056907,7.995541
26420641125,-1.422634,2.588011,-1.041753,-0.424459,0.299668,0.160979,8.010752
26520719311,0.332918,2.767129,0.768172,-0.266955,0.344794,0.236847,7.991088
26620797498,0.077561,2.670331,-0.218683,-0.459318,0.322517,0.150184,8.045420
26720875684,0.104870,4.219329,-0.428328,-0.482204,0.227650,-0.006114,8.204064
26820953870,2.134524,1.509479,0.939719,-0.254467,0.204895,-0.037907,8.238243
26921032056,1.174872,2.635224,0.063212,-0.277113,0.151279,0.107609,8.197920
27021110242,2.066010,3.613090,0.196902,-0.261059,0.234457,0.053013,8.219154
27121188428,-0.079833,2.016247,-0.408189,-0.280726,0.146699,0.002981,8.283262
27221266614,-0.948672,2.707088,-0.315832,-0.340236,0.291850,0.071326,8.435231
27321344800,-0.499568,2.142694,-0.532146,-0.469774,0.331604,0.029817,8.441933
27421422986,1.315952,-1.556819,0.673549,-0.435893,0.255894,0.009384,8.545283
27521501172,-1.437619,0.777689,-0.111885,-0.702911,0.243102,0.141566,8.760299
27621579358,0.494613,-3.176874,2.384268,0.243987,0.184102,-0.244073,8.839107
27721657544,0.994612,1.614516,0.713090,-0.002442,0.224215,0.108337,8.888758
27821735731,0.335992,2.018976,-1.527610,0.138434,0.048221,-0.096077,8.628936
27921813917,-0.298415,-2.122542,0.322080,0.243723,0.044698,-0.233723,8.647780
28021892103,0.488736,1.859422,0.062651,-0.087038,0.232105,0.019245,8.560351
28121970289,0.048098,-0.266859,0.837856,0.045138,0.202850,-0.074337,8.447694
28222048475,0.058259,-0.882509,-1.338101,0.028302,0.008089,0.025175,8.555512
28322126661,-0.108991,-0.355849,0.539923,0.145233,-0.108691,-0.067336,8.532529
28422204847,0.268140,3.794117,1.010328,0.050749,-0.057732,-0.046505,8.398352
28522283033,0.039436,-2.442510,0.680010,0.143170,-0.076950,-0.070617,8.453492
28622361219,-1.144509,-0.786196,0.039108,-0.145767,0.172329,0.117929,8.466715
28722439405,1.026091,-1.449567,1.196356,0.027363,0.247136,-0.111332,8.458921
28822517591,0.967061,-0.731021,-0.239998,-0.175033,0.256692,0.059235,8.329236
28922595777,0.452678,1.683730,1.168408,-0.224883,0.288960,0.243348,8.293052
29022673964,-2.334537,-0.592252,1.100905,0.048274,0.192446,0.053494,8.288675
29122752150,1.023096,1.883237,1.852159,0.030494,0.203977,-0.226462,8.320140
29222830336,3.358174,3.736864,2.045719,0.379445,-0.525832,-0.524029,8.244462
29322908522,3.094124,1.042241,2.121501,0.392617,-0.446904,-0.038037,8.197463
29422986708,3.445728,4.029006,3.044091,0.108028,-0.266196,-0.060911,8.064249
29523064894,-0.354544,-0.960452,0.527477,0.127847,-0.134732,-0.245891,8.076479
29623143080,1.073521,2.820530,1.593970,0.045456,0.498967,0.138421,8.044134
29723221266,1.705349,-2.768268,2.586660,0.331932,0.221075,-0.022180,8.033627
29823299452,0.220978,-2.196054,0.062882,-0.347430,0.205964,0.182640,8.015150
29923377638,0.950599,-0.936871,0.704927,-0.192954,0.236191,-0.004964,7.950322
30023455824,0.194004,-2.583297,-0.566484,-0.115191,0.157675,0.070355,7.989220
30123534010,1.544976,0.463582,1.242734,-0.102861,0.333619,0.145102,7.879709
30223612197,0.510269,-2.069809,-0.638520,0.049763,0.048559,-0.058109,7.916608
30323690383,0.914736,2.183680,0.974392,-0.084722,0.088040,0.132539,7.850150
30423768569,0.464892,0.823809,0.587998,0.200732,-0.422615,-0.068619,7.738354
30523846755,-1.506293,-0.901305,-1.282486,0.140234,-0.294037,-0.191822,7.778210
30623924941,0.883393,-0.127620,1.003666,0.207253,-0.081950,-0.153185,7.637858
30724003127,0.204573,-2.395557,-0.479043,0.299884,-0.318396,-0.188168,7.664480
30824081313,0.011095,1.103014,-1.166167,-0.051632,-0.035716,-0.022838,7.639595
30924159499,-0.662466,-1.613317,0.175032,-0.060271,-0.162617,-0.068380,7.388259
31024237685,1.129939,-2.160051,1.330499,-0.176961,-0.068177,0.135422,7.441321
31124315871,1.917769,1.557329,-0.533519,-0.015673,0.010554,-0.055979,7.598472
31224394057,0.307543,0.290053,-0.908756,0.189601,-0.317665,-0.210520,7.668182
31324472243,-0.993575,-3.010960,-1.194479,0.119198,-0.138277,-0.030942,7.676628
31424550430,-0.072885,0.564242,1.054279,-0.050812,0.052879,0.056074,7.400479
31524628616,-0.398043,2.858879,0.188523,-0.157204,-0.083540,0.019166,7.321314
31624706802,1.410351,-0.344030,1.550003,-0.095604,-0.227001,-0.027833,7.135269
31724784988,-0.241499,-1.042958,-1.256939,-0.211136,-0.028782,0.200530,7.289991
31824863174,0.605519,-2.860748,0.078619,-0.333076,0.444906,0.289487,7.560698
31924941360,1.260837,0.811167,1.842180,-0.397377,0.334079,0.288007,7.631259
32025019546,-0.633616,-1.162504,1.260470,-0.016000,0.120601,0.020088,7.637792
32125097732,1.585619,1.484759,1.559973,-0.037162,0.188282,0.252407,7.695573
32225175918,0.727981,-1.681014,1.442870,0.271572,0.121699,0.041452,7.757982
32325254104,1.039019,-1.199764,1.936563,0.167598,-0.006601,-0.131282,7.922619
32425332290,1.453981,-2.311448,-0.574943,-0.196616,-0.423132,0.032029,8.034561
32525410476,-1.182966,-4.512113,-1.809718,-0.086671,-0.439672,-0.403285,8.216357
32625488663,-0.272281,-4.634266,0.304086,0.567287,-0.526706,-0.622876,8.321222
32725566849,-0.416135,-0.771202,-1.178097,0.417759,-0.382912,-0.120175,8.519457
32825645035,0.006434,0.254632,2.015876,0.237996,0.220831,-0.187397,8.602453
32925723221,-0.942033,-0.084964,1.582866,-0.171438,0.315707,0.206137,8.728439
33025801407,-0.609320,-1.835419,1.388544,0.209310,0.252670,0.023314,8.965677
33125879593,-0.401311,0.643468,0.641773,0.101252,0.193035,0.044280,9.038551
33225957779,-0.399344,1.903742,-0.340409,0.262503,-0.135820,-0.226743,9.102191
33326035965,1.511093,0.766780,3.360574,0.344064,-0.106065,-0.255037,9.170186
33426114151,-1.192546,1.309893,-0.289327,0.194476,-0.400738,-0.138456,9.235667
33526192337,-1.728525,-1.402747,-0.064728,0.237022,-0.174128,-0.223073,9.257680
33626270523,0.143373,0.659925,1.120385,0.172043,0.077915,-0.095360,9.262694
33726348709,-1.316224,-2.240205,0.604336,0.040717,-0.091550,0.031491,9.166088
33826426896,-1.720851,-3.297973,0.856347,-0.361206,0.142547,0.280966,9.203784
33926505082,-2.872998,-3.742707,1.263156,-0.216038,0.102835,-0.042130,9.225236
34026583268,-1.322022,-2.510496,1.595842,-0.316318,0.224100,0.127470,9.126070
34126661454,0.196654,1.340141,0.304967,-0.245399,0.205631,0.378689,9.166709
34226739640,0.186074,-5.407496,-0.264552,0.100778,-0.196049,-0.061844,9.110281
34326817826,0.234783,4.196836,-2.129561,0.039902,-0.148227,-0.211463,9.164866
34426896012,2.275150,10.008975,-1.313031,1.108329,-0.486978,-0.878550,9.160912
34526974198,2.371600,7.222629,-1.269655,0.677461,-0.347070,-0.512539,9.212069
34627052384,1.791994,2.870319,-0.268513,1.191999,-0.627630,-0.835646,9.320305
34727130570,-1.032873,-7.692307,1.310586,0.866751,-0.498232,-0.824217,9.359893
34827208756,0.055642,-0.160638,0.514515,0.545748,-0.309771,-0.522042,9.285263
34927286942,-0.251316,-3.753198,0.398686,0.589780,-0.322943,-0.390201,9.259998
35027365129,0.720254,6.671417,-1.116481,0.213908,-0.024696,-0.125298,9.412291
35127443315,0.872277,4.771660,-0.693352,0.389041,-0.164610,-0.361712,9.467919
35227521501,-0.157780,-1.556945,-0.917832,0.024598,0.094546,0.016850,9.414572
35327599687,-0.890879,-2.966142,-0.080607,0.228520,-0.073047,-0.189911,9.574500
35427677873,-0.090001,2.638493,-0.247581,-0.091134,0.108106,0.080168,9.680530
35527756059,-0.830915,1.936141,0.666045,0.006278,0.074494,-0.031680,9.702453
35627834245,1.964213,2.676452,0.086417,-0.208106,0.249054,0.174584,9.692625
35727912431,2.801447,-2.621903,0.886150,-0.033979,0.051553,-0.113055,9.835777
35827990617,0.657791,-2.153994,1.056315,-0.217303,-0.062350,0.056391,9.953109
35928068803,-1.323951,-1.073606,1.072339,-0.058954,-0.124565,-0.034518,10.071301
36028146989,-1.023281,-0.140560,0.844754,-0.097290,0.010658,0.016712,10.315937
36128225175,-0.340119,-0.282639,-0.038471,-0.070291,0.079548,0.098172,10.313774
36228303362,-2.531013,-2.641752,1.209180,0.334738,-0.038190,-0.194194,10.388674
36328381548,-1.195829,-0.813847,2.471351,0.113362,0.107189,-0.132923,10.402989
36428459734,0.157448,-0.441092,0.883613,-0.041299,-0.344654,0.044849,10.433431
36528537920,-0.979077,0.047280,1.791757,0.050882,-0.295975,-0.132191,10.432438
36628616106,-1.634178,-0.562670,-0.248088,0.172102,-0.595997,-0.203960,10.429258
36728694292,-4.303792,-1.539462,-3.475857,-0.042235,-0.412736,-0.077661,10.516567
36828772478,-3.098412,3.677854,-2.677687,-0.472291,-0.215905,0.149085,10.539565
36928850664,-1.350720,1.776407,-0.794768,-0.267872,-0.171590,0.242757,10.571181
37028928850,2.216769,-2.919687,3.025900,-0.012175,-0.200402,0.027448,10.572862
37129007036,1.718595,-0.013266,0.956189,0.270983,-0.044164,0.009291,10.566758
37229085222,0.758321,0.544508,1.378117,0.249098,0.302028,-0.142615,10.623200
37329163408,-0.683949,-0.267574,2.554570,0.375706,0.236429,-0.507694,10.716180
37429241594,0.744061,4.979641,0.150303,0.356095,-0.029081,-0.454685,10.747941
37529319781,1.068496,5.024456,-0.857109,0.142092,0.176960,-0.008957,10.773719
37629397967,-2.432191,-2.611105,-2.431080,0.485129,-0.380618,-0.329988,10.817095
37729476153,-1.595190,-4.301010,-0.733453,0.296023,-0.263311,-0.176501,10.898474
37829554339,-0.112538,-2.079129,1.034736,0.516706,-0.433609,-0.328559,10.745927
37929632525,0.282039,-4.472814,0.576475,0.479708,-0.301125,-0.443980,10.781584
38029710711,0.548887,1.035176,0.040241,0.211213,-0.121601,-0.178557,10.848242
38129788897,-1.666232,-2.435252,-0.390457,0.312726,-0.163653,-0.040202,11.050167
38229867083,-1.627730,1.289941,-1.224632,0.152650,0.138337,0.071373,11.102401
38329945269,-0.742545,-0.186579,0.102995,0.150515,0.049856,-0.244996,11.068414
38430023455,-1.021841,1.628555,-0.691334,-0.106281,-0.027766,0.079739,11.114784
38530101641,-0.730080,-0.544244,0.072384,0.052257,-0.041928,0.111162,11.134561
38630179827,-1.029298,-0.631079,-0.159125,-0.023781,0.083317,0.112502,11.136211
38730258014,-1.044253,0.115250,-0.109223,0.167860,0.058287,-0.113580,11.115891
38830336200,0.200362,0.532817,-0.064638,0.102922,0.204043,-0.037911,11.097765
38930414386,-0.341611,-0.553265,0.333800,0.056246,0.129822,-0.044457,11.139590
39030492572,0.174931,-0.830004,0.877351,0.076080,0.079948,-0.016277,11.124761
39130570758,2.868607,-1.821892,2.547528,0.282152,0.006704,-0.074640,11.088868
39230648944,0.083519,0.506986,0.913819,0.127958,-0.334031,-0.104730,11.066111
39330727130,-0.578835,-1.899388,1.927812,0.159647,-0.081888,-0.126050,11.071318
39430805316,0.304879,2.328893,0.456615,-0.146543,0.059335,0.160730,11.046688
39530883502,-0.029914,0.656396,-0.214529,-0.056945,-0.054949,-0.228204,10.975809
39630961688,-0.618319,-0.304144,-0.672831,-0.125174,0.189855,-0.031809,11.013589
39731039874,-0.721381,0.276049,0.024125,0.011267,0.096310,0.209454,11.008538
39831118060,-0.541172,0.044057,-0.196145,0.018619,0.105214,0.059170,10.905711
39931196247,0.309860,-0.520703,-0.077696,-0.051119,0.157309,-0.012246,10.900645
40031274433,-0.080610,0.271976,-0.184437,-0.146254,0.144012,0.122925,10.977389
40131352619,0.545664,0.743105,0.471337,-0.013340,0.029351,0.014931,10.887705
40231430805,-0.408691,-0.667934,-0.410836,0.207799,-0.265859,-0.155049,10.842730
40331508991,-1.521490,-1.098821,-0.184126,0.173854,-0.108062,-0.063272,10.870017
40431587177,0.124968,0.211274,-0.189538,0.141684,-0.152717,-0.086888,10.887070
40531665363,-1.191831,-0.987797,0.672263,-0.032998,-0.127549,-0.086998,10.820751
40631743549,1.648409,-0.543595,2.117530,-0.128413,0.230301,0.118113,10.778890
40731821735,1.925033,0.413026,1.296893,0.072188,0.122452,0.085615,10.785584
40831899921,0.564693,0.548691,0.097505,0.180564,0.024675,-0.112578,10.814692
40931978107,0.953616,0.022491,1.428353,0.086306,0.012606,-0.041106,10.726107
41032056293,-0.947691,0.872288,-1.082248,-0.052690,-0.106368,0.057276,10.707864
41132134480,-1.733975,0.756527,-0.887416,0.002420,-0.122498,-0.081653,10.720912
41232212666,-1.052347,-0.605378,-0.101407,-0.014415,-0.132615,-0.114371,10.714417
41332290852,-1.114856,0.557581,-0.632251,-0.046113,-0.090887,-0.004507,10.682584
41432369038,-0.288927,0.057055,0.327295,0.037477,-0.102464,-0.021377,10.656815
41532447224,0.285751,-1.019110,-0.274545,-0.007959,-0.139361,0.007006,10.596750
41632525410,0.228420,1.770339,0.028951,-0.177977,0.050673,0.122176,10.509495
41732603596,-0.652280,2.667583,-0.954927,-0.201518,0.059033,0.133317,10.495477
41832681782,-0.144459,0.658508,-1.774805,-0.235107,0.034543,0.176670,10.560580
41932759968,-0.002287,1.322826,-0.652056,-0.107419,0.056343,0.013757,10.505492
42032838154,1.201191,0.279419,0.006045,-0.039074,-0.007347,-0.104304,10.447799
42132916340,0.366496,-1.197300,-0.428338,-0.011885,-0.014302,-0.063240,10.477863
42232994526,0.599432,-1.751658,0.209026,0.098259,-0.042371,-0.075720,10.460253
42333072713,0.275474,-0.497056,0.280875,0.069519,-0.022967,-0.032148,10.431999
42433150899,0.288937,0.675990,-0.093102,0.021029,-0.028768,-0.045837,10.505781
42533229085,-0.127125,-0.903859,-0.012178,-0.043965,-0.049819,-0.089224,10.480404
42633307271,-0.222341,-0.942200,0.381629,-0.100090,0.006600,0.020720,10.510885
42733385457,0.662766,0.770032,0.115695,-0.142067,0.050267,0.211221,10.522541
42833463643,0.294537,1.566780,-0.070718,-0.195088,0.148842,0.171758,10.184402
42933541829,0.283749,0.491871,0.613442,-0.130336,0.080247,0.017986,9.995354
43033620015,0.026401,-1.735149,0.684709,-0.133300,-0.013376,0.067327,10.378055
43133698201,-0.084905,-1.229519,0.451966,-0.008577,0.008736,0.115561,10.556087
43233776387,-0.098307,-0.948370,0.988645,0.008641,-0.039147,-0.048787,10.386009
43333854573,-0.846598,-2.479863,0.048744,0.001038,-0.049403,-0.159594,10.488543
43433932759,-0.920001,-1.423464,0.472916,0.150439,-0.010936,-0.103165,10.436664
43534010946,-0.106589,-0.335328,0.489968,0.009445,0.043040,0.057781,10.381634
43634089132,-0.001443,-0.826286,-0.165373,0.023877,0.030851,0.030079,10.333340
43734167318,0.509662,-0.877563,-0.184466,0.078551,-0.021608,-0.060317,10.474961
43834245504,-0.017739,-1.050284,-0.393507,-0.029651,-0.083497,-0.093309,10.403859
43934323690,-0.478038,0.220546,-1.140225,-0.040971,-0.023120,-0.047673,10.527694
44034401876,0.107925,2.266996,-1.072272,0.222215,-0.066136,-0.149145,10.405350
44134480062,-0.115894,0.330619,-0.906412,0.030511,-0.085169,0.039075,10.398254
44234558248,0.015154,-0.394838,-0.576406,0.168618,-0.089078,-0.076008,10.416714
44334636434,-0.704967,0.608058,-0.314188,0.245568,-0.003818,-0.119936,10.409267
44434714620,-1.579154,2.278393,-0.437023,0.341061,0.018369,-0.116753,10.497486
44534792806,-0.374992,-1.372401,2.148255,0.592547,-0.065103,-0.419540,10.457888
44634870992,-0.401912,-0.549224,1.599542,0.454976,-0.010305,-0.380478,10.493485
44734949179,-0.048015,-1.200141,1.207371,0.290781,-0.058555,-0.365816,10.530144
44835027365,0.871574,0.648539,0.123997,0.137801,-0.184209,-0.111694,10.548825
44935105551,0.980911,-0.622527,-0.367831,0.041300,-0.146060,0.062503,10.617134
45035183737,0.429875,-0.258581,0.017530,-0.012481,-0.074545,-0.012696,10.543485
45135261923,-0.924458,-0.232876,-0.295543,-0.013437,-0.100162,-0.066546,10.522576
45235340109,0.283242,0.417002,0.038834,-0.016499,-0.034348,0.024828,10.630347
45335418295,-0.114672,-1.223155,0.032113,-0.085125,0.022655,0.167020,10.553859
45435496481,-0.151855,-2.914370,0.277255,-0.195745,0.136999,0.202443,10.566581
45535574667,-0.344543,-0.761285,0.770441,-0.047875,0.020624,0.060083,10.655784
45635652853,-0.395053,0.021693,0.035020,0.023821,-0.044016,0.029701,10.677038
45735731039,-0.623304,0.789531,-0.380901,-0.001047,0.059396,0.044984,10.629995
45835809225,-0.462389,0.545775,0.402922,-0.003048,0.169511,0.079427,10.668389
45935887412,0.785554,-0.033375,0.511060,0.174806,0.059218,-0.055271,10.712745
46035965598,-0.671411,0.864636,-0.771354,0.216820,-0.147208,-0.153954,10.643163
46136043784,-0.714288,-2.126427,-1.023832,0.119449,-0.131916,-0.185263,10.725829
46236121970,-1.757148,-1.336442,-1.381654,0.081176,-0.165840,-0.030571,10.733181
46336200156,-1.083678,-0.579326,0.481158,0.081323,-0.012610,0.037835,10.719508
46436278342,0.033645,-1.232614,0.579646,-0.011254,-0.065770,0.022572,10.760842
46536356528,-0.177830,-3.765961,0.713184,0.014781,-0.091546,-0.042558,10.777802
46636434714,0.158570,0.102555,-0.144107,-0.258955,-0.004162,0.152800,10.766376
46736512900,-0.612121,1.504799,-0.602004,-0.139914,-0.002846,0.101482,10.759329
46836591086,-1.143122,1.233046,0.088981,-0.085638,0.068012,0.122625,10.814669
46936669272,-0.834076,-0.344388,-0.359567,-0.073250,0.082372,0.087764,10.824694
47036747458,-0.379565,-0.132096,0.309870,-0.201370,0.252120,0.151039,10.818583
47136825645,0.104011,1.500454,0.247500,-0.139499,0.172220,0.209400,10.871453
47236903831,0.483256,0.426885,0.180923,-0.069664,0.093544,0.150017,10.924307
47336982017,-1.011649,0.004169,0.083580,-0.106747,0.051400,0.042070,10.885381
47437060203,-1.030925,0.233319,-0.134686,-0.202789,0.057595,0.107123,10.908576
47537138389,-0.262647,0.250296,-0.329781,-0.167553,0.057736,0.041559,10.889728
47637216575,-0.237941,-2.520831,0.090022,0.028740,-0.000616,-0.047437,10.905255
47737294761,-0.042534,-0.665808,0.664512,0.064699,-0.015028,0.123175,10.905199
47837372947,-0.711938,-1.360487,-0.102168,0.192920,-0.278106,-0.129513,10.958412
47937451133,-0.296403,-1.792890,-1.918450,0.134051,-0.118205,-0.165759,10.985410
48037529319,0.027020,0.591107,-1.196010,0.201184,0.150843,-0.062100,11.032009
48137607505,-0.171535,0.093678,0.134903,0.070586,0.046958,-0.146196,11.015990
48237685691,-1.007929,0.871883,-0.359463,-0.057422,-0.000054,-0.024046,10.977428
48337763878,-0.487962,0.411848,-0.838351,-0.074630,-0.005899,0.024957,10.942798
48437842064,-0.386792,-0.066785,-1.190374,-0.069658,-0.141922,-0.026021,10.928780
48537920250,-0.830554,0.634107,-0.835095,-0.081229,-0.084452,0.034698,10.891125
48637998436,-1.405736,0.114002,-0.318042,-0.077483,-0.067898,-0.011489,10.969909
48738076622,-2.563605,-0.107490,-1.062798,-0.001738,0.032585,0.017566,11.045000
48838154808,-1.274103,1.162522,0.270872,0.011507,0.377298,0.017662,10.966359
48938232994,-0.204539,0.321065,0.127640,0.015956,0.130703,-0.024054,10.834747
49038311180,0.183717,-0.284275,-0.345004,0.030292,0.050151,0.123654,10.797407
49138389366,1.253529,-0.631305,0.902753,-0.009232,0.053256,0.137810,10.788364
49238467552,0.071077,0.500314,-1.002870,-0.230338,-0.106189,0.095561,10.818755
49338545738,0.683161,0.225219,-1.195108,-0.184351,0.018951,0.070536,10.735408
49438623924,2.021384,0.240118,0.156949,-0.164080,0.149290,0.113933,10.698476
49538702111,0.421533,1.299789,-0.749138,-0.180422,0.090766,0.020099,10.670985
49638780297,-0.272075,0.792725,0.347040,-0.000875,0.130655,-0.008395,10.592538
49738858483,1.120345,0.260749,1.559515,-0.140367,0.133563,0.062574,10.609538
49838936669,0.899313,-0.628354,0.478695,-0.322194,0.051554,0.107648,10.659076
49939014855,-0.312619,0.345561,-0.386215,-0.239344,0.062136,0.217135,10.680201
50039093041,-0.270487,-1.898162,1.102757,0.025398,0.101434,0.058661,10.647371
50139171227,0.341619,-0.540425,0.567728,-0.147016,0.155780,0.168837,10.550061
50239249413,0.805319,-1.301652,-0.026674,-0.212006,0.118787,0.186490,10.546846
50339327599,1.345055,0.043807,0.731649,-0.048290,-0.010808,-0.025528,10.412065
50439405785,-0.987461,-2.627972,-0.129379,0.138723,-0.293984,-0.201741,10.370349
50539483971,-1.486637,-3.014779,-0.588078,0.070804,-0.230375,-0.092296,10.340518
50639562157,-1.028905,-2.509492,-0.553175,0.205669,-0.363319,-0.187454,10.309416
50739640344,-0.777477,-1.427562,-0.681546,0.090223,-0.173131,-0.075082,10.272247
50839718530,-0.507669,-0.293555,-0.401302,0.068687,-0.003305,-0.021605,10.243783
50939796716,0.252766,-0.452162,-0.310426,0.057809,-0.027770,-0.031254,10.172786
51039874902,0.858238,0.235556,0.185845,-0.004260,-0.034503,-0.010018,10.064843
51139953088,0.823521,-0.873980,-0.564936,0.013341,-0.020920,0.014956,9.932056
51240031274,0.331917,-1.256807,-0.528353,0.049245,0.040157,-0.018418,9.841541
51340109460,-0.309026,0.078904,0.160400,0.122778,-0.065920,-0.049139,9.797511
51440187646,-0.230573,0.273685,-0.101613,0.037151,-0.092949,-0.073526,9.665777
51540265832,-0.291076,-1.578525,0.044381,0.018860,-0.073468,-0.133945,9.490005
51640344018,0.092526,-1.248214,0.064335,0.079180,-0.069793,-0.079232,9.431370
51740422204,-0.275347,-0.544831,-0.582159,-0.037263,-0.003496,0.005360,9.303647
51840500390,0.575563,-0.692158,-0.297107,-0.026597,0.049199,0.050015,9.121810
51940578577,1.794451,-0.137512,-0.400736,0.022854,-0.001949,0.057891,8.959583
52040656763,1.673770,-1.308537,0.207747,0.130904,-0.063038,-0.076584,8.836892
52140734949,0.857455,-2.119368,0.293877,0.102380,-0.056693,-0.123861,8.708303
52240813135,0.668497,-0.979501,0.139846,0.095678,-0.021013,-0.083006,8.551035
52340891321,1.043016,-0.048880,-0.033798,-0.024522,-0.021578,0.003908,8.402222
52440969507,1.384807,-0.292413,-0.188782,0.006151,-0.080728,0.040213,8.192957
52541047693,1.321420,2.407152,-0.633544,-0.105610,-0.041699,0.237354,8.004216
52641125879,0.690617,2.704219,-1.104306,-0.180514,-0.016638,0.165263,7.856794
52741204065,0.351493,0.298538,-0.173155,-0.105248,0.005862,0.052316,7.699730
52841282251,2.459790,2.982626,0.032515,-0.318307,0.087348,0.143797,7.552483
52941360437,2.494387,2.427368,-0.096138,-0.244753,0.108868,0.001271,7.468087
53041438623,2.850432,0.585527,0.405438,-0.308771,0.254740,0.159592,7.407827
53141516810,2.186351,-0.155552,0.157006,-0.280178,0.141034,0.141818,7.339661
53241594996,1.458275,0.241073,0.012670,-0.191892,0.124110,0.075334,7.206449
53341673182,2.327365,-0.090300,0.397914,-0.208416,0.200189,-0.002168,7.154348
53441751368,3.369539,-0.542931,0.575974,-0.353637,0.271474,0.141809,7.066713
53541829554,2.613553,-0.413519,0.720926,-0.398533,0.262654,0.299078,6.927570
53641907740,2.141862,1.496643,-0.648742,-0.588272,0.199187,0.311426,6.764095
53741985926,2.686443,2.701590,-0.067922,-0.485409,0.251083,0.186968,6.584417
53842064112,2.821472,1.371740,0.220600,-0.424231,0.277590,0.151857,6.385483
53942142298,3.323798,1.120422,-0.427872,-0.365816,0.269745,0.093777,6.098355
54042220484,4.044955,1.704378,0.258686,-0.412603,0.378705,0.083249,5.933912
54142298670,4.409281,1.917247,-0.285223,-0.522086,0.495819,0.154094,5.889580
54242376856,5.159864,2.157277,0.018816,-0.666159,0.678966,0.271916,5.760696
54342455043,4.814124,1.496612,0.712042,-0.736575,0.651432,0.350662,5.739290
54442533229,2.914647,-0.612297,-0.928639,-0.631389,0.517504,0.223865,5.636883
54542611415,3.224766,0.189523,-1.251288,-0.665873,0.542922,0.246316,5.512034
54642689601,2.664953,-0.555498,-0.800498,-0.659744,0.395501,0.179725,5.488650
54742767787,5.899063,0.595165,0.155906,-0.652550,0.396139,0.207244,5.449362
54842845973,5.054370,-1.743777,0.518293,-0.483795,0.235607,0.101494,5.454087
54942924159,4.102293,-2.229213,0.098259,-0.469151,0.283798,0.114952,5.447325
55043002345,0.345020,-2.340727,0.509182,-0.297544,0.182348,-0.043255,5.363416
55143080531,-0.227314,-1.719592,0.275755,-0.297156,0.215222,-0.007946,5.308926
55243158717,0.168551,-1.451557,-0.101879,-0.193635,0.164438,-0.075848,5.370158
55343236903,3.198673,-1.502157,-0.476866,-0.209206,0.197780,-0.055445,5.384520
55443315089,2.598299,-1.514064,-0.030668,-0.092468,0.149224,-0.092064,5.442003
55543393275,1.111544,-1.312185,-0.244493,-0.171465,0.187861,-0.000289,5.509377
55643471462,1.572107,-1.506336,-0.433126,-0.124165,0.178284,-0.029880,5.591881
55743549648,0.986954,-1.360501,-0.123561,-0.197803,0.208704,0.009371,5.742196
55843627834,1.927123,-1.121137,-0.219684,-0.257191,0.246880,0.057493,5.775859
55943706020,1.957021,-0.794513,-1.030882,-0.439977,0.247545,0.107914,5.900027
56043784206,2.737205,-0.850478,-0.856414,-0.711368,0.349852,0.277920,6.036540
56143862392,0.828468,-0.015407,0.675673,-0.518585,0.302015,0.256031,6.035577
56243940578,0.036865,0.235543,0.337667,-0.409888,0.263094,0.151609,6.155810
56344018764,0.249934,0.401608,0.224514,-0.269597,0.226505,0.083675,6.331201
56444096950,-0.923722,0.856649,0.631938,-0.064005,0.151646,-0.045541,6.506673
56544175136,1.866073,-1.265868,-0.087061,-0.132722,0.132745,-0.109072,6.633990
56644253322,2.774684,-2.261306,-0.074614,-0.089048,0.036769,-0.097153,6.753036
56744331508,1.276533,-1.357464,0.049783,-0.151300,0.066346,-0.043632,6.920312
56844409695,-0.207268,0.137837,0.148396,-0.053416,-0.005845,-0.095194,7.033932
56944487881,0.246508,-0.929766,0.083796,-0.035863,-0.004595,-0.060743,7.089717
57044566067,0.529093,-0.902244,-0.619279,0.049280,-0.100705,-0.164065,7.243139
57144644253,0.869400,-0.424875,-0.541055,0.047770,-0.070765,-0.148569,7.426504
57244722439,2.061975,-0.452999,0.485182,0.030403,-0.024489,-0.109785,7.530922
57344800625,3.068776,0.147823,-0.091623,-0.039612,-0.005508,-0.061715,7.629662
57444878811,2.928051,0.807312,-0.831806,-0.074029,0.058897,-0.010577,7.766086
57544956997,0.378572,0.554486,-0.180844,0.001386,0.094429,0.004062,7.899393
57645035183,1.941585,-0.836247,-0.072680,-0.101821,0.164752,0.044049,7.976328
57745113369,1.826880,1.630031,-0.253938,-0.135266,0.100552,0.064587,8.125191
57845191555,-1.168849,1.455882,-0.140991,-0.168797,0.114734,0.122310,8.199329
57945269741,-0.656069,0.555022,-0.006470,-0.111038,0.043627,0.025707,8.323056
58045347928,0.258075,0.212278,-0.035490,-0.098750,0.104829,0.027566,8.444961
58145426114,1.096438,0.862561,-0.445268,-0.081980,0.032895,0.004461,8.524315
58245504300,1.915646,1.346817,-0.757672,-0.079054,-0.087067,-0.004924,8.677884
58345582486,1.482099,0.906812,-0.031813,-0.074453,0.008759,0.035299,8.797766
58445660672,1.640804,0.944225,-0.161723,-0.120387,0.028771,0.066360,8.900399
58545738858,1.654713,1.134981,-0.585425,-0.032914,0.031915,0.073776,8.989710
58645817044,1.198311,1.229862,0.365414,0.014483,0.090150,0.037784,9.091235
58745895230,0.575789,0.693750,0.267684,-0.044741,0.019383,0.065077,9.168430
58845973416,1.384437,1.197228,-0.500968,-0.019830,-0.051577,0.033307,9.228124
58946051602,1.116217,0.807105,-0.499818,-0.008039,0.005755,0.074601,9.234968
59046129788,0.503019,0.857496,-0.248135,0.033389,-0.024064,-0.001004,9.223090
59146207974,2.167012,1.052023,-0.299764,0.019062,-0.021138,-0.086019,9.244255
59246286161,2.370040,0.659211,-0.158895,-0.010547,0.046517,-0.020628,9.263659
59346364347,1.001157,0.522756,-0.512132,-0.047011,0.032558,0.015135,9.233858
59446442533,1.399130,0.752958,-0.609268,-0.004611,-0.003049,0.047069,9.149079
59546520719,1.359052,2.221753,-0.281986,-0.118702,0.088247,0.123822,9.070424
59646598905,0.677817,2.996534,-0.205684,-0.213775,0.167762,0.109400,9.034160
59746677091,0.112266,2.767733,-0.129593,-0.153772,0.159863,0.027610,9.053500
59846755277,0.545048,0.473109,0.395157,-0.173458,0.225471,0.190062,9.064744
59946833463,1.478528,-1.233903,0.199845,-0.179516,0.206551,0.339052,9.071031
60046911649,-0.497823,-0.490938,0.411061,-0.145617,0.166818,0.199727,9.087424
60146989835,-1.928580,0.604985,0.978451,-0.157034,0.127579,0.093757,9.092419
60247068021,-1.347714,1.706220,0.088573,-0.176956,0.092830,0.165869,9.113620
60347146207,-1.049220,0.501525,-0.447360,0.006324,0.025723,0.186357,9.155241
60447224394,-1.158828,0.936717,0.468182,0.080087,0.002675,0.012633,9.120886
60547302580,-0.803892,0.706513,-0.101364,0.038281,-0.017495,-0.074905,9.103206
60647380766,-1.792749,1.104184,0.244561,0.202930,-0.082088,-0.027879,9.092159
60747458952,-2.859043,1.625780,1.079613,0.022218,-0.054030,0.126106,9.030244
60847537138,-3.188674,2.318960,1.941707,-0.077869,0.002809,0.153197,9.011674
60947615324,-1.798271,2.167060,2.073449,0.146260,0.045026,-0.065261,9.034895
61047693510,-0.337227,-0.368256,-0.522113,0.349213,-0.058221,-0.245687,9.019974
61147771696,-2.909736,0.982514,-0.108000,0.508466,-0.131154,-0.351070,9.003415
61247849882,-2.472200,1.962355,0.430838,0.354078,-0.162656,-0.265473,9.025571
61347928068,-0.556454,1.692730,-0.395427,0.280558,-0.259380,-0.279609,8.956909
61448006254,-0.496822,1.040311,0.374331,0.160336,-0.188201,-0.256708,8.970927
61548084440,-0.753359,-0.037294,0.528930,0.165759,-0.184195,-0.159505,9.013281
61648162627,-1.400906,-0.461668,0.416708,0.141097,-0.100949,-0.115311,8.914527
61748240813,0.413912,-1.430274,0.525033,0.036816,-0.035245,-0.056779,8.981236
61848318999,-0.048909,-0.939334,0.301406,0.005171,0.074000,-0.003125,9.051514
61948397185,-0.742169,-1.513128,0.265758,-0.129262,0.190157,0.064547,9.000186
62048475371,-0.204347,-0.324846,-0.030987,-0.034693,-0.024676,-0.042991,8.955638
62148553557,1.021741,-0.791515,-0.056709,0.024272,0.020873,-0.037710,8.863498
62248631743,0.206303,-1.249537,1.245142,0.111035,0.094349,-0.060147,8.910996
62348709929,-0.380100,-1.261347,0.616691,0.078545,0.082992,-0.105927,8.909436
62448788115,-0.344126,-1.196448,0.979267,0.043601,0.213409,-0.020432,8.862751
62548866301,-0.314259,1.090136,1.379438,-0.061675,0.144754,0.105233,9.031195
62648944487,-0.453150,2.089771,0.512766,-0.163316,0.103754,0.132821,9.092463
62749022673,-0.878153,1.542847,0.908112,-0.164398,0.105950,0.114211,9.179394
62849100860,1.456905,-0.319597,-0.182775,-0.283902,0.043425,0.196232,9.222815
62949179046,0.303847,-1.230290,-0.292347,-0.226420,0.115199,0.178622,9.295025
63049257232,-1.147764,-1.285804,0.048861,-0.257703,0.205252,0.186775,9.323474
63149335418,-0.275685,-0.572494,-0.520194,-0.161272,0.112591,0.064323,9.303402
63249413604,0.563264,-0.915000,-0.184954,-0.136485,0.162097,0.104355,9.410407
63349491790,-0.210952,-0.524404,0.298477,-0.104219,0.035042,0.108452,9.375564
63449569976,-1.608085,1.727300,0.094895,-0.023781,-0.048326,0.005082,9.352824
63549648162,-1.386151,2.280031,-0.392255,0.029654,-0.025755,-0.031129,9.488467
63649726348,-0.752461,1.840714,0.160461,0.104724,-0.058767,-0.048868,9.530103
63749804534,1.471279,0.182545,0.761173,0.018323,-0.099499,-0.000785,9.514985
63849882720,1.145227,-0.030327,0.457721,0.030000,-0.154204,-0.047009,9.537456
63949960906,0.494237,0.197042,0.470779,0.038935,-0.099865,-0.060882,9.670466
64050039093,1.047651,1.211528,0.035009,0.029212,-0.143525,-0.065100,9.722451
64150117279,-0.431381,1.660973,0.021383,0.095036,-0.118237,-0.074152,9.622969
64250195465,-0.221511,0.996586,-0.099933,0.096720,-0.098893,-0.049510,9.644254
64350273651,0.916145,0.139721,-0.864452,0.102449,-0.067479,-0.048740,9.637147
64450351837,0.299709,-0.928859,-0.472616,0.079140,-0.013880,-0.064527,9.665647
64550430023,-0.345679,-0.877343,-0.167325,0.092347,-0.042175,-0.060720,9.624846
64650508209,-1.721288,0.968331,0.773857,0.274289,-0.105509,-0.157830,9.597981
64750586395,-1.306773,1.421741,0.876547,0.262388,-0.058719,-0.219596,9.670645
64850664581,-0.438153,1.320314,0.518221,0.261738,0.009255,-0.189319,9.586339
64950742767,0.263240,-0.369668,-0.271140,0.332221,-0.002090,-0.163610,9.608212
65050820953,0.005632,-0.112640,-0.232887,0.324902,-0.089688,-0.238023,9.666821
65150899139,-0.504459,0.697569,0.629690,0.189115,-0.024890,-0.178249,9.644466
65250977326,-0.687186,0.932170,0.747037,0.220542,0.007244,-0.133691,9.641596
65351055512,0.444725,0.524957,0.311307,0.249488,-0.014932,-0.130533,9.590399
65451133698,-0.215113,0.945317,-0.809052,0.259073,-0.089728,-0.176976,9.570298
65551211884,-0.824763,1.488259,-0.439084,0.126902,0.056001,-0.112859,9.589304
65651290070,0.783684,-0.152862,0.633110,0.011109,0.170203,-0.002269,9.587316
65751368256,1.211625,-0.999611,-0.463042,-0.141225,0.058870,0.045453,9.619227
65851446442,1.887570,-3.269916,-1.121344,-0.397296,0.120069,0.240566,9.613816
65951524628,-0.054378,0.229869,-0.270313,-0.183660,0.140287,0.309648,9.588056
66051602814,0.104484,1.080272,-0.239583,-0.315725,0.251962,0.199550,9.562254
66151681000,-0.960377,3.947520,-0.981642,-0.437751,0.276024,-0.053422,9.602657
66251759186,-1.250198,3.350123,-0.533292,-0.401608,0.556129,0.390326,9.613884
66351837372,0.141864,2.306257,-1.482314,-0.456422,0.228304,0.461862,9.566472
66451915559,-0.030281,0.361958,-1.984590,-0.502431,-0.100916,0.341299,9.556203
66551993745,-1.554435,-0.974338,1.722874,-0.457048,0.005534,0.379524,9.588640
66652071931,-1.213911,0.101446,1.716535,-0.323505,0.059560,0.348337,9.596314
66752150117,-0.881789,-0.717639,0.178841,-0.187963,0.214423,0.286339,9.539772
66852228303,-1.779893,-0.137362,1.805039,0.120900,0.106532,0.083869,9.536994
66952306489,1.006486,-1.317523,0.139659,0.153604,0.026095,0.123226,9.509779
67052384675,-1.051867,1.367186,0.985222,0.386497,0.013111,-0.146971,9.446665
67152462861,-1.945188,1.010814,1.617556,0.359985,-0.120467,-0.213230,9.469930
67252541047,-0.908270,-1.773448,1.272254,0.247643,0.053498,-0.288458,9.446711
67352619233,-0.904306,-2.007204,1.550064,0.375064,-0.265863,-0.559218,9.405187
67452697419,-0.823069,2.498645,-0.206717,0.018931,-0.302120,-0.314854,9.418160
67552775605,-6.521535,9.079968,1.203744,0.411139,-0.267487,-0.595787,9.400942
67652853792,-3.173300,1.598760,0.089049,0.034031,-0.173528,-0.235175,9.346891
67752931978,3.812609,-4.987998,-2.783038,0.234046,0.019676,-0.345089,9.310801
67853010164,7.159997,-7.959592,-2.630731,0.395562,0.401246,-0.315171,9.292153
67953088350,5.568435,-4.232928,-3.424731,0.508451,0.103094,-0.311476,9.255198
68053166536,-2.030462,6.587376,-1.325628,0.765014,-0.083289,-0.528015,9.229093
68153244722,-2.754307,7.333900,-0.600321,0.688185,-0.371501,-0.495399,9.213832
68253322908,-2.730152,5.208225,-0.719925,0.815725,-0.661341,-0.669686,9.203963
68353401094,1.970898,-2.568042,-0.618146,0.924081,-0.444644,-0.697508,9.178432
68453479280,3.874602,-4.086356,-1.275271,1.028933,-0.523403,-0.804781,9.156499
68553557466,2.274066,-3.678626,-1.389761,0.840963,-0.412813,-0.595745,9.100322
68653635652,-1.258549,0.429258,1.500056,1.105109,-0.377706,-0.669667,9.057308
68753713838,-0.590279,-0.973967,1.077595,0.634104,-0.181580,-0.372752,9.069554
68853792025,-1.211423,0.671140,-0.055131,0.435166,-0.239638,-0.336532,9.060422
68953870211,-2.984121,3.859087,0.607472,0.186953,-0.129825,-0.127656,9.009834
69053948397,-3.719188,4.140502,0.814952,0.071628,-0.059653,-0.048370,8.973110
69154026583,-2.911380,2.969277,0.933134,-0.019515,0.041718,0.011541,8.967838
69254104769,0.276691,-1.199510,0.721304,-0.104673,0.092127,0.103820,8.963788
69354182955,1.418873,-1.531171,-0.119791,-0.169389,0.137055,0.077311,8.904219
69454261141,0.503063,-1.611859,0.072815,-0.219619,0.261120,0.224911,8.890778
69554339327,-0.733594,0.664507,0.113757,-0.100188,0.199566,0.231588,8.833661
69654417513,-0.808359,0.702707,-0.109677,-0.140926,0.180338,0.118703,8.808878
69754495699,-1.152397,-0.054167,-0.619024,-0.118980,0.068074,0.003853,8.846164
69854573885,-1.161360,-0.663630,-0.588699,-0.030563,0.052823,0.084258,8.856471
69954652071,0.039456,-1.493178,-0.568867,-0.040781,0.022711,0.139215,8.840681
70054730258,-0.110211,0.051094,-0.655792,-0.023074,-0.055824,-0.036194,8.828315
70154808444,-1.105822,0.595782,0.756353,-0.165341,0.010536,0.043215,8.865038
70254886630,-1.234841,1.058817,0.570978,-0.148576,-0.006518,0.128057,8.870898
70354964816,-0.787351,-0.767084,0.148032,-0.144960,0.140825,0.096584,8.846187
70455043002,0.096706,-2.071865,0.446652,-0.176508,0.155289,0.050263,8.890805
70555121188,-0.060400,-2.107503,0.393096,-0.159518,0.170927,0.065220,8.921334
70655199374,-1.040334,-1.626069,0.364626,-0.168954,0.210376,0.078273,8.866952
70755277560,-1.217559,-0.988140,-0.454745,-0.261717,0.214116,0.131852,8.908500
70855355746,0.194552,-2.108325,-0.827447,-0.127860,0.196285,0.120920,8.944971
70955433932,0.616263,-3.684811,-1.007786,-0.244498,0.189330,0.207454,8.907259
71055512118,0.384945,-1.365226,-0.426977,-0.108119,0.052494,0.053974,8.952177
71155590304,0.625678,2.489393,-0.320442,-0.183439,0.162690,0.127209,8.993948
71255668491,0.675375,-0.626227,-0.264408,-0.331321,0.291215,0.254940,8.976083
71355746677,-0.980375,-0.991269,0.583417,-0.059201,0.130123,-0.085688,9.022450
71455824863,-2.029055,0.577038,1.511017,-0.033631,0.163684,0.014966,9.000445
71555903049,-2.085956,1.925361,0.808475,-0.202648,0.157559,0.319405,8.989959
71655981235,-0.257480,1.110408,-0.990332,-0.335257,0.140094,0.188946,9.043016
71756059421,0.214543,1.213770,-0.958051,-0.202330,0.030145,-0.032358,9.068645
71856137607,0.367365,0.323578,-0.237122,-0.136277,-0.014142,0.091814,9.087704
71956215793,0.614948,-0.759895,0.531743,-0.082331,-0.166665,0.098818,9.105637
72056293979,-1.039894,0.880199,0.913452,0.146548,-0.196369,-0.088284,9.109146
72156372165,-0.655548,0.460121,0.714866,0.217603,-0.128755,-0.168898,9.124589
72256450351,0.217796,1.753752,-0.006655,0.185256,-0.146648,-0.140939,9.151904
72356528537,-0.350781,1.580366,-0.399131,0.190362,-0.152508,-0.040738,9.129126
72456606724,-2.043645,1.819462,0.232125,0.240923,-0.181725,-0.111036,9.132192
72556684910,-1.081760,0.066685,0.209409,0.265594,-0.200400,-0.181942,9.166486
72656763096,-0.848211,0.231377,0.203733,0.343547,-0.229451,-0.175316,9.118717
72756841282,-0.473704,-1.317971,-0.336673,0.330028,-0.235499,-0.020514,9.090947
72856919468,-0.695187,0.230378,-0.437683,0.427628,-0.288307,-0.253987,9.129144
72956997654,-2.184657,2.996384,0.823968,0.146655,-0.210525,-0.263324,9.169471
73057075840,-2.354227,3.617655,0.536696,0.074861,-0.269917,-0.001662,9.175804
73157154026,-1.205163,0.438314,1.148376,0.110242,-0.122466,0.181187,9.187781
73257232212,-0.940173,-1.004546,1.376545,0.105151,-0.130791,-0.053665,9.224360
73357310398,-0.405140,-0.312718,0.749181,0.103595,0.013657,-0.103675,9.219779
73457388584,-1.510834,2.131517,1.255329,0.336264,0.022159,-0.061010,9.212497
73557466770,-2.137095,3.380387,-0.122712,0.198488,0.009993,0.032800,9.276356
73657544956,-2.565505,4.827128,0.137760,0.231187,-0.025863,-0.071018,9.337431
73757623143,-0.367446,3.861811,-0.064071,0.107751,-0.024642,0.060360,9.361995
73857701329,1.365307,0.445858,0.146849,0.070025,-0.001244,0.080934,9.406865
73957779515,-0.190632,1.413406,-0.013322,0.027175,0.067172,0.018448,9.446087
74057857701,-0.080941,2.105097,0.102823,0.022794,0.069332,0.149373,9.487947
74157935887,-3.309848,3.544212,0.647420,-0.128476,0.077701,0.321119,9.544453
74258014073,-4.033388,3.156636,-0.205475,-0.300337,0.048839,0.338302,9.599963
74358092259,-3.180614,2.978708,0.451409,-0.169111,0.048767,0.290822,9.626444
74458170445,-1.258628,2.405386,0.390286,-0.129717,-0.060247,0.198330,9.637130
74558248631,-1.354505,1.405085,-0.167268,-0.133982,-0.005978,0.121584,9.639011
74658326817,-0.063265,0.276134,-0.324596,-0.142829,0.092339,0.260249,9.685689
74758405003,-1.313556,1.467415,0.046302,-0.080571,0.011330,0.194711,9.736199
74858483189,-1.510097,1.378039,0.227924,-0.054796,0.023537,0.219923,9.718353
74958561376,-2.000261,1.721178,0.290069,-0.067473,-0.069915,0.170656,9.760033
75058639562,-0.680010,1.420566,-0.687182,-0.148581,-0.071684,0.164342,9.761212
75158717748,-1.431330,1.186987,-0.693089,-0.060275,-0.111849,0.162633,9.761612
75258795934,0.190128,1.660298,-0.973729,-0.138268,-0.069787,0.161430,9.787792
75358874120,-1.619131,2.160746,-0.510586,-0.066170,-0.079526,0.115618,9.754478
75458952306,-1.360553,1.008404,-0.194793,-0.119619,-0.044893,0.175667,9.783747
75559030492,-1.358205,1.625927,0.322780,0.029364,-0.112129,0.070169,9.783575
75659108678,-1.858373,1.599510,0.447539,0.107336,-0.154652,0.047401,9.748078
75759186864,-2.207657,1.573137,0.360530,0.185489,-0.089232,0.003108,9.681607
75859265050,-3.294041,1.143589,1.284155,0.427831,-0.048825,-0.081275,9.584851
75959343236,-1.566107,0.578780,0.274196,0.421111,-0.155323,-0.087551,9.501283
76059421422,-3.232555,0.579400,0.260071,0.203922,-0.188338,0.030659,9.412394
76159499609,-2.607466,1.505811,0.033949,0.132117,-0.083827,0.048213,9.312399
76259577795,-2.958914,0.579399,-0.513486,0.033249,-0.045234,0.150706,9.116705
76359655981,-3.541232,0.197665,-0.309759,0.090525,-0.070465,0.127133,8.874736
76459734167,-4.810549,-0.253657,0.369427,0.370234,-0.150794,-0.078477,8.625474
76559812353,-3.515656,-0.706380,0.141583,0.252486,-0.137060,-0.015118,8.342889
76659890539,-1.562255,-1.168857,-0.616839,0.216309,-0.162474,0.037336,8.133554
76759968725,-4.236576,-2.670831,-0.667006,0.128984,-0.074007,0.128874,7.889485
76860046911,-4.062427,-1.581044,-0.099030,0.017505,-0.030445,0.146090,7.610322
76960125097,-3.101264,-0.518481,0.188904,0.110843,-0.084484,0.080738,7.368992
77060203283,-1.719622,-0.165174,0.172084,0.162414,-0.054872,0.106092,7.076876
77160281469,-1.601531,-1.301575,0.060122,0.283481,-0.190977,-0.001400,6.845764
77260359655,-1.291592,-2.125065,-0.442935,0.231518,-0.320097,-0.025693,6.670619
77360437842,-1.242899,-3.789840,-0.182809,0.157571,-0.246809,0.064959,6.581771
77460516028,-1.051459,-4.129641,0.124733,0.192273,-0.186725,0.034938,6.455458
77560594214,1.261866,-3.532976,1.154195,0.232810,-0.003305,-0.009532,6.327822
77660672400,1.742748,-3.358912,0.692937,0.212302,-0.009543,-0.023879,6.269620
77760750586,2.574388,-0.936764,-1.801662,0.284094,0.024447,-0.159703,6.253383
77860828772,4.817513,-0.341662,-0.164904,0.246798,0.182960,-0.129350,6.262180
77960906958,3.685303,-0.330984,-0.541414,0.066969,-0.046244,-0.078010,6.183293
78060985144,2.643577,-0.429667,-1.022146,-0.081945,-0.081709,-0.097632,6.138714
78161063330,4.043698,0.515325,0.404112,-0.070214,-0.064530,-0.122195,6.155347
78261141516,2.634953,0.102385,0.213751,0.002372,-0.063984,-0.096902,6.120334
78361219702,3.693213,-0.041018,-0.393462,-0.175396,0.161810,0.083448,6.074333
78461297888,4.773944,-0.113948,0.059508,-0.208099,0.236935,0.024484,6.031977
78561376075,2.721205,-0.671642,-0.180083,-0.369526,0.362804,0.040629,6.054825
78661454261,3.005898,-0.296825,0.125878,-0.479174,0.449113,0.151810,6.084696
78761532447,1.916392,0.028778,-0.536380,-0.445305,0.373719,0.127770,6.118907
78861610633,1.924840,-0.486428,-1.163654,-0.420530,0.411557,0.086352,6.278197
78961688819,3.065974,-0.456285,-1.226271,-0.449493,0.266609,0.067120,6.462503
79061767005,3.729528,-0.607789,-0.686881,-0.477479,0.255792,0.088125,6.633035
79161845191,4.487560,-1.798512,0.125941,-0.384475,0.219071,0.008649,6.780823
79261923377,5.138319,-2.671118,-0.415240,-0.377677,0.226780,-0.041009,6.930970
79362001563,4.847149,-2.863018,0.086624,-0.340347,0.270194,-0.117168,7.110170
79462079749,3.055238,-1.605331,0.045313,-0.387733,0.278671,-0.081339,7.275064
79562157935,1.727328,-2.092713,0.168340,-0.394990,0.327653,0.001093,7.419656
79662236121,2.569046,-3.094142,0.197492,-0.449668,0.396404,0.021817,7.570732
79762314308,3.720809,-3.931109,0.160341,-0.328821,0.281467,-0.040219,7.752205
79862392494,3.577803,-3.037711,-0.158608,-0.319909,0.224312,-0.086546,7.914674
79962470680,3.484079,-2.940634,-0.027270,-0.473380,0.339245,-0.058536,8.102888
80062548866,3.460360,-3.275805,0.348199,-0.400645,0.338639,0.018171,8.237750
80162627052,2.616222,-3.547664,0.341702,-0.386449,0.380677,0.003283,8.353851
80262705238,2.269556,-2.730821,-0.017978,-0.403285,0.366398,-0.064197,8.525642
80362783424,1.189239,-2.073309,-0.434410,-0.431441,0.369652,-0.007379,8.648282
80462861610,2.396702,-2.103829,-0.333389,-0.443570,0.385754,0.044979,8.775491
80562939796,2.819623,-2.177714,-0.711806,-0.311613,0.249321,0.009430,8.914178
80663017982,1.502640,-1.303128,-0.422147,-0.260884,0.218350,-0.023875,9.012359
80763096168,1.378804,-0.378143,-0.488889,-0.303978,0.206133,-0.029356,9.151136
80863174354,2.228800,-2.138682,0.084731,-0.259326,0.211607,0.135665,9.278174
80963252541,1.251521,-1.741971,0.774546,-0.320052,0.232253,0.196844,9.351722
81063330727,0.722535,-1.908997,0.525206,-0.251421,0.222112,0.042733,9.390823
81163408913,1.820306,-1.300938,-0.318312,-0.190028,0.153524,0.089718,9.432111
81263487099,0.801277,0.080440,0.754190,-0.111450,0.183875,-0.016364,9.491267
81363565285,0.654618,-2.064188,0.262223,0.075892,0.004389,-0.118069,9.548725
81463643471,1.332091,-0.042077,-0.358510,0.244417,-0.171730,-0.249377,9.569293
81563721657,1.117903,-3.911071,-0.670856,-0.041020,0.022993,-0.045712,9.622216
81663799843,0.639084,1.278271,1.695271,0.359885,-0.088286,-0.108151,9.625184
81763878029,1.733870,5.612191,0.748686,-0.298190,0.235866,0.414618,9.632357
81863956215,0.960591,8.438677,2.127756,-0.202596,0.168104,0.099655,9.665430
81964034401,1.528050,-0.821924,0.095094,0.812334,-0.308249,-0.492772,9.657734
82064112587,1.431235,-4.926328,-0.255141,0.964363,-0.473041,-0.783143,9.656561
82164190774,1.632467,3.456092,0.317841,0.515573,-0.463387,-0.411787,9.629849
82264268960,1.046179,3.620679,1.316021,0.657219,-0.414680,-0.359416,9.566956
82364347146,1.439629,5.869758,0.471854,0.728566,-0.477460,-0.639908,9.597891
82464425332,1.145077,-1.641982,-0.099801,0.496074,-0.289645,-0.536175,9.599361
82564503518,0.903589,0.698588,-0.884933,0.615604,-0.451707,-0.464666,9.597210
82664581704,-0.063542,-3.587805,-0.331328,0.338672,-0.195814,-0.173498,9.545621
82764659890,-0.194207,-0.755463,0.723937,0.497791,-0.304228,-0.411017,9.520779
82864738076,-0.229132,-2.472243,0.571281,0.116403,0.033314,-0.115036,9.439582
82964816262,-1.111434,-3.121731,1.020286,0.189666,0.046780,-0.061911,9.395576
83064894448,-0.048082,1.678410,-0.549121,-0.122572,0.274627,0.187013,9.358008
83164972634,-0.261899,5.069255,-0.322477,-0.080445,0.215757,0.118199,9.312941
83265050820,1.098586,3.706551,-0.767212,-0.306595,0.274259,0.198553,9.327285
83365129007,1.189754,-1.811581,-0.122804,-0.300871,0.385883,0.280408,9.306847
83465207193,-0.005560,-0.171910,-0.465192,-0.199489,0.249648,0.141897,9.219588
83565285379,-1.535708,-1.009382,-0.139337,-0.214553,0.207744,0.186725,9.216242
83665363565,-1.130437,-0.212512,-1.832587,0.087145,0.128862,-0.002279,9.194126
83765441751,-1.851479,-0.184879,-0.499771,0.215752,0.198104,-0.037455,9.143607
83865519937,0.242326,-1.291292,-1.181365,0.302965,-0.088637,-0.092574,9.052708
83965598123,1.087022,2.723456,-0.490781,0.336748,-0.118291,-0.262300,9.007042
84065676309,1.136667,1.409991,-1.609017,0.217053,-0.245146,-0.145847,8.902820
84165754495,-0.436131,2.613508,-0.488679,0.256216,-0.230925,-0.254677,8.788264
84265832681,-2.069729,-1.029485,1.990692,0.134407,-0.393646,-0.341778,8.638892
84365910867,0.239733,0.276657,0.891051,0.209047,-0.473858,-0.105239,8.431038
84465989053,-0.079931,-0.020088,1.049439,0.135645,-0.208626,0.053852,8.137236
84566067240,0.159504,0.729992,0.776502,0.086487,-0.176742,-0.079191,7.873779
84666145426,0.755154,-0.500698,0.188973,-0.047320,-0.011486,0.025880,7.584997
84766223612,0.707308,-0.326417,-0.224351,-0.013819,0.000233,0.041825,7.332540
84866301798,-0.756275,1.360613,0.098083,-0.070198,0.074270,0.039745,7.061457
84966379984,-0.915467,0.852063,-0.318854,-0.157041,0.027956,0.061415,6.773219
85066458170,-1.292080,1.433179,0.034170,-0.064508,0.067056,0.045795,6.517818
85166536356,-2.910004,0.320334,0.903831,0.016055,0.128763,0.057943,6.306644
85266614542,-2.405224,0.695932,0.273872,0.014115,0.105420,0.003071,6.074575
85366692728,-2.294642,-0.027442,0.498818,-0.016654,0.126401,0.038384,5.893666
85466770914,-1.512476,-1.547871,0.665776,0.142015,-0.141081,-0.062961,5.711458
85566849100,-2.053337,-1.375248,0.282936,0.064550,-0.142935,-0.092110,5.619560
85666927286,-3.161065,0.049071,0.574042,-0.010117,-0.061800,-0.058740,5.588911
85767005473,-2.642624,-0.005021,-0.139774,-0.137470,0.042237,0.066423,5.594704
85867083659,-2.570420,0.878657,0.264912,-0.033918,0.004128,0.031028,5.549582
85967161845,-2.380987,0.562929,0.135198,-0.032211,0.003464,-0.029083,5.497770
86067240031,-2.001363,0.712921,-0.391175,-0.024343,0.044993,0.002669,5.474167
86167318217,-2.111125,-0.068793,-0.275981,-0.067161,0.115103,0.062530,5.454864
86267396403,-2.175136,0.313029,-0.304689,-0.067853,0.040145,-0.006735,5.430458
86367474589,-1.282672,0.452784,-0.342380,-0.034013,0.063495,0.016315,5.357281
86467552775,-0.143466,-0.426065,-0.976642,-0.111849,-0.008370,0.070025,5.264563
86567630961,-0.527833,-0.229753,-0.822805,-0.167781,-0.034032,0.010197,5.186343
86667709147,-1.140532,-0.358831,0.563373,-0.189563,-0.011445,-0.000073,4.974034
86767787333,-1.050395,-0.565234,0.153003,-0.181638,0.055178,0.103673,4.696156
86867865519,-0.624570,-0.961644,-0.051106,-0.134634,0.051372,0.106244,4.501187
86967943706,-0.450550,-0.527554,-0.176619,-0.134957,0.039513,0.009921,4.383167
87068021892,-1.092479,-1.322517,0.489700,-0.184725,0.129830,0.015860,4.379643
87168100078,-0.588122,-0.940486,0.008775,-0.146985,0.071012,0.005877,4.355601
87268178264,-0.055609,0.302141,-0.385960,-0.237618,0.198186,0.075650,4.319685
87368256450,-1.026068,-0.526761,-0.482198,-0.299789,0.274812,0.115729,4.270726
87468334636,-1.516862,-0.066422,-0.422285,-0.265057,0.274475,0.096072,4.193291
87568412822,-2.421347,-0.862610,0.297995,-0.303953,0.305135,0.116426,4.147488
87668491008,-2.586529,0.038374,0.117415,-0.284247,0.246969,0.064727,4.150685
87768569194,-2.634868,0.155195,-0.202354,-0.280197,0.221383,0.050203,4.120303
87868647380,-2.342218,-0.497882,-0.368752,-0.178963,0.166030,-0.017916,4.134780
87968725566,-2.103056,-1.223253,0.338132,-0.219792,0.212809,0.038650,4.141444
88068803752,-1.927476,-0.520563,0.450670,-0.206524,0.161444,0.020237,4.133278
88168881939,-0.646352,-0.142170,-0.156959,-0.264625,0.152325,0.039361,4.120013
88268960125,-0.700503,-0.218158,-0.094356,-0.185376,0.158013,-0.050664,4.146798
88369038311,-1.184632,-0.059980,0.263514,-0.160437,0.190189,-0.048116,4.266586
88469116497,-1.768070,-0.967820,-0.230675,-0.189369,0.159758,-0.045587,4.427355
88569194683,-1.137810,-0.071914,0.471343,-0.159938,0.218237,0.112671,4.536871
88669272869,-0.514655,-1.352063,-1.294555,-0.363466,0.339811,0.354984,4.600386
88769351055,-2.454124,-2.324681,-0.738837,-0.152316,0.292254,0.053213,4.752950
88869429241,-3.212859,-3.955101,-0.742074,-0.333130,0.312365,0.009791,4.885956
88969507427,-2.425368,-1.145971,0.318255,-0.284856,0.368212,-0.057077,5.065373
89069585613,-1.781838,-0.792718,-0.659545,-0.292022,0.279419,0.002615,5.192627
89169663799,-0.904587,-1.247546,0.520963,-0.369170,0.343102,0.011154,5.352361
89269741985,-1.420951,-1.709294,0.416417,-0.364628,0.276372,0.059329,5.550259
89369820172,-1.369999,-0.706310,0.049397,-0.256728,0.226979,0.015997,5.662700
89469898358,-3.363151,-1.520218,-0.188372,-0.296916,0.310249,0.007202,5.920519
89569976544,-0.840194,-1.028139,0.102631,-0.197746,0.261652,-0.085832,6.071706
89670054730,-0.654419,-0.848912,0.144904,-0.496536,0.382892,0.131781,6.251262
89770132916,-0.251856,-0.442703,0.244537,-0.477682,0.433037,0.070802,6.225768
89870211102,-0.912931,-1.076563,-0.657299,-0.602044,0.509552,0.218823,6.179675
89970289288,-2.806937,-2.967714,-0.681156,-0.587440,0.503433,0.164675,6.403237
90070367474,-2.057189,-2.282030,-0.558631,-0.617462,0.475637,0.159856,6.593299
90170445660,-2.602585,-2.325416,-0.121921,-0.611167,0.485448,0.186225,6.760445
90270523846,-0.024392,-1.614235,-0.121946,-0.471523,0.359744,0.129447,7.014882
90370602032,-1.180847,-1.570057,0.137823,-0.461103,0.407913,0.194929,7.274806
90470680218,-0.819640,-1.070159,-0.011110,-0.326902,0.321355,0.145702,7.335294
90570758405,-0.717341,-1.295543,-0.030287,-0.249184,0.314122,0.076363,7.448127
90670836591,-0.611234,-1.045575,-0.595650,-0.174844,0.193782,0.020679,7.530985
90770914777,-1.083108,-0.575678,0.190155,-0.148019,0.207672,-0.018165,7.623006
90870992963,-1.397918,-1.416027,-0.290482,-0.074786,0.133998,-0.093159,7.767208
90971071149,-1.247183,-1.582669,-0.456422,-0.096197,0.065092,-0.080584,7.874058
91071149335,0.569486,-0.892560,0.155431,0.019983,-0.007590,-0.142005,7.986442
91171227521,1.056365,-0.672801,-0.031078,0.017281,0.020067,-0.104583,8.081103
91271305707,-0.635997,-0.764106,-0.144765,0.036958,-0.011675,-0.121317,8.168383
91371383893,-0.487415,-0.900426,-0.217038,0.013311,-0.010861,-0.082651,8.239694
91471462079,0.308307,-0.411864,0.130384,0.027423,-0.034875,-0.115700,8.335274
91571540265,1.256832,-0.525135,-0.189639,0.048694,-0.110348,-0.062997,8.403272
91671618451,1.151717,-0.657946,0.344265,0.029972,-0.021322,-0.045936,8.473958
91771696637,1.248242,-0.771712,-0.080484,0.035376,-0.036009,-0.026887,8.562032
91871774824,0.379960,-1.046807,-0.256004,0.090312,-0.045687,-0.066479,8.622547
91971853010,0.822223,-0.841367,0.237595,0.135252,-0.062318,-0.066307,8.715149
92071931196,1.073803,0.250051,0.420319,0.121216,0.002142,-0.076673,8.785673
92172009382,0.829169,0.577388,0.408026,0.103785,-0.011499,-0.016524,8.801711
92272087568,1.023255,-0.508874,-0.254929,0.109403,-0.028812,0.019284,8.733461
92372165754,1.204403,-0.075988,-0.231004,0.101149,-0.011441,-0.047210,8.763274
92472243940,1.415560,0.438372,0.179469,0.116051,-0.027685,-0.047053,8.771956
92572322126,1.600766,0.369412,0.205156,0.078399,-0.097087,-0.000861,8.747458
92672400312,1.490919,0.498497,0.289940,0.102984,-0.050257,-0.053074,8.737788
92772478498,0.864217,0.455343,-0.165656,0.069112,-0.028071,0.019417,8.731106
92872556684,1.096736,-0.315697,-0.359679,0.131725,-0.024854,0.010522,8.715990
92972634870,0.281107,-0.262104,-0.689147,0.078789,-0.021607,-0.054697,8.620318
93072713057,0.849519,0.698686,-0.414799,0.188431,-0.101610,-0.154023,8.682052
93172791243,1.438674,1.251551,-0.292915,0.102222,-0.022149,-0.047381,8.607453
93272869429,0.278790,0.260189,-1.517590,-0.079690,-0.106375,0.103442,8.568135
93372947615,1.253483,0.432483,-0.747649,0.044399,-0.145266,0.055493,8.460278
93473025801,0.316683,1.868523,1.753099,-0.089303,-0.138153,0.005975,8.400932
93573103987,0.510234,1.434005,1.551134,-0.124886,-0.099472,0.085300,8.320176
93673182173,1.806552,0.587599,0.223873,-0.093796,-0.002718,0.244263,8.311961
93773260359,-0.252405,0.126744,-0.645887,-0.120431,0.023156,0.123997,8.295486
93873338545,-0.077893,0.380139,-0.208532,-0.145468,0.003672,0.036418,8.212180
93973416731,-1.474557,-0.415247,-0.255591,-0.148429,0.026931,0.148228,8.159304
94073494917,-0.269672,0.241885,0.666894,-0.042415,-0.071481,0.005967,8.135301
94173573103,-1.192503,-0.099733,0.001952,-0.153251,0.007662,0.118327,8.094031
94273651290,0.058479,1.263164,0.601058,0.034141,-0.113849,-0.004793,8.038966
94373729476,1.129245,1.913754,0.352139,0.055694,-0.106224,0.009372,7.962857
94473807662,-0.062565,1.653871,0.432913,0.061553,-0.033219,-0.001585,7.969814
94573885848,0.318182,0.924821,-0.722113,-0.026012,-0.071077,-0.050974,7.796722
94673964034,0.303044,0.790936,-0.509859,-0.030059,0.033373,-0.068183,7.795636
94774042220,-1.008343,1.113560,-0.149508,-0.080880,0.079430,0.088989,7.787616
94874120406,-0.054408,1.113586,-0.082100,-0.022401,0.069832,0.072435,7.917156
94974198592,0.045815,1.194981,0.465523,-0.021910,0.070666,0.025074,8.004653
95074276778,-0.159246,1.285928,0.134136,-0.025926,0.069268,0.024723,7.802653
95174354964,0.034769,0.997465,0.035293,-0.006827,0.045726,-0.002568,7.546506
95274433150,-0.268256,0.477303,-0.181203,0.047570,-0.004351,-0.015813,7.379062
95374511336,0.152820,0.649799,-0.493748,0.044268,0.005422,-0.054066,7.615022
95474589523,-0.026689,0.686663,-5.429728,0.009368,-0.136769,-0.035834,7.813102
95574667709,0.637096,-0.194476,-3.733778,0.471320,-0.294037,-0.109447,7.763021
95674745895,-6.278912,-3.200243,-0.803946,-0.210896,-0.135474,0.423799,7.769808
95774824081,1.834327,2.107615,1.067572,0.261649,-0.226072,-0.335153,7.803768
95874902267,0.423794,0.059196,-0.478845,0.094239,-0.074503,-0.044009,7.831917
95974980453,5.708254,3.453083,2.415275,0.384589,-0.192704,-0.016591,7.883877
96075058639,2.353314,3.292389,2.175113,-0.532283,0.425395,0.451082,8.037122
96175136825,-6.271701,0.901394,2.190904,-0.623215,0.238241,0.375152,8.118328
96275215011,-1.413458,-0.585498,-0.853135,-0.556901,0.134704,0.339285,8.163847
96375293197,-3.146251,-1.350942,0.185430,-0.449076,0.349692,0.361261,8.256358
96475371383,1.149622,1.743826,1.177657,-0.226451,0.139378,0.205933,8.341887
96575449569,-1.566376,0.983342,1.198314,-0.293196,0.268514,0.243164,8.418327
96675527756,1.615713,2.316721,0.618593,-0.141802,-0.060167,0.057049,8.569957
96775605942,1.071867,1.652195,-0.432196,-0.133567,-0.007472,0.124707,8.601715
96875684128,2.082560,-0.462706,-0.153938,-0.072415,-0.074707,0.003005,8.729662
96975762314,0.537430,-1.176787,-0.418968,-0.100882,-0.016487,0.066554,8.787097
97075840500,0.607780,0.420615,-0.257928,0.022893,-0.046420,0.041093,8.853460
97175918686,0.475154,-0.701527,-0.112174,-0.016141,-0.038098,-0.010758,9.010342
97275996872,0.840925,-1.801781,0.140541,0.113854,-0.155465,-0.075819,9.069933
97376075058,2.560149,-1.749180,-0.582654,0.070749,-0.169880,-0.088277,9.144947
97476153244,1.220534,0.674010,-0.215201,0.130045,-0.165974,-0.094017,9.235482
97576231430,1.764610,1.627449,-0.109122,0.106641,-0.163419,-0.109013,9.377432
97676309616,0.483538,2.248742,0.270778,0.064208,-0.081907,0.003214,9.460786
97776387802,2.959323,-0.153872,-0.246268,0.127478,-0.197274,-0.074831,9.515528
97876465989,1.435765,-1.826001,0.191519,-0.039617,-0.001350,0.030147,9.615142
97976544175,0.449978,-2.799469,-0.246206,-0.036389,-0.048998,0.041394,9.750595
98076622361,-0.582034,0.488993,-0.506803,-0.075393,0.008654,0.140955,9.831565
98176700547,0.365871,-0.054833,-0.545427,-0.057474,-0.022938,0.052207,9.951787
98276778733,1.054853,-2.070533,-0.027366,-0.031095,-0.107151,-0.003233,10.054696
98376856919,0.620271,-1.393395,0.073055,0.090455,-0.060244,-0.018190,10.092977
98476935105,0.126247,-2.294333,-0.056263,0.178588,-0.101804,-0.079312,10.199567
98577013291,1.507615,0.562379,0.104359,0.117780,-0.117781,-0.111153,10.267651
98677091477,1.485761,-0.719887,-0.047770,0.087895,-0.144370,-0.108666,10.396239
98777169663,1.147154,0.497329,-0.781445,-0.002192,-0.120269,-0.123334,10.465837
98877247849,0.130234,-1.321436,-0.109655,0.024229,-0.089759,-0.126520,10.554861
98977326035,0.467172,-2.038632,-0.299625,0.034935,-0.041563,-0.044381,10.601898
99077404222,0.082555,0.013547,-0.108019,0.105455,0.016359,-0.080832,10.644581
99177482408,1.490202,-0.643598,-0.105862,0.059572,-0.031878,-0.054472,10.775959
99277560594,1.284567,-0.627291,0.438470,0.087654,0.017083,-0.059221,10.758973
99377638780,0.762104,0.912897,0.313530,0.081390,0.034714,-0.077064,10.860347
99477716966,0.495408,-0.112279,-0.091231,-0.007412,-0.029428,-0.064553,10.919579
99577795152,1.611406,0.707310,-0.194491,0.056171,-0.132273,-0.018434,10.982914
99677873338,0.690124,0.168494,0.119370,-0.013006,-0.054293,0.061158,11.027875
99777951524,1.129605,0.278180,-0.048007,0.023887,-0.028042,-0.048222,11.127921
99878029710,0.777220,1.002250,0.088045,0.093696,-0.020548,-0.042092,11.196155
99978107896,1.494111,1.469953,0.025494,0.121813,-0.125614,-0.083149,11.155767
100078186082,0.204674,0.817527,0.102510,0.129430,-0.120724,-0.063301,11.218428
100178264268,0.773910,0.418944,-0.034817,0.125383,-0.090232,-0.110438,11.243044
100278342455,0.243197,0.519302,-0.407934,0.077609,-0.093142,-0.077400,11.271309
100378420641,1.438168,0.645629,-0.156005,0.144817,-0.081516,-0.052709,11.232708
100478498827,0.178714,0.691759,-0.244194,0.055027,-0.072002,-0.075612,11.294574
100578577013,0.566620,1.114267,-0.153518,0.061270,-0.114878,0.015139,11.309543
100678655199,1.577313,0.846797,-0.396666,-0.002145,-0.001588,0.136888,11.247535
100778733385,1.726845,1.151119,0.056310,0.085989,-0.045281,-0.081917,11.242921
100878811571,0.861698,0.659345,0.236128,-0.009939,0.043928,-0.031970,11.195540
100978889757,0.405161,0.720601,-0.148334,0.042179,-0.078042,-0.075381,11.205611
101078967943,0.558063,0.285103,-0.625311,0.006872,-0.059887,0.017244,11.152060
101179046129,0.266753,1.121770,-0.119875,0.010045,-0.074303,0.036813,11.161362
101279124315,0.504993,0.553375,-0.905613,-0.052070,-0.090192,-0.007125,11.152231
101379202501,0.397816,0.766027,-0.340403,0.002602,0.049660,-0.025688,11.144095
101479280688,0.152551,0.936968,-0.556046,0.019353,0.015815,0.052209,11.033604
101579358874,-0.279519,0.830063,-0.749803,0.114065,0.008205,-0.016759,11.128888
101679437060,0.289549,1.333294,0.401696,0.148608,0.006849,-0.065314,11.059388
101779515246,-0.012097,0.760887,-0.264186,0.043417,-0.008008,-0.002370,11.031509
101879593432,-0.471101,0.790513,0.118309,0.009537,0.045273,0.002977,11.050125
101979671618,-0.330743,1.176211,0.666146,-0.067770,-0.065097,0.038560,10.943460
102079749804,-0.178564,1.146509,0.594704,-0.024368,-0.051430,0.037071,10.942026
102179827990,-0.264336,0.134466,-0.195797,-0.078799,-0.057936,-0.002410,10.869061
102279906176,0.031217,-0.043344,-0.884094,-0.063915,-0.002486,0.032922,10.843340
102379984362,-0.616676,0.693307,-0.763366,-0.155278,-0.071947,0.038701,10.741297
102480062548,-0.656207,0.257188,-0.924801,-0.101948,-0.094285,0.109707,10.709662
102580140734,-0.184253,1.210694,-0.171806,-0.066346,0.047812,0.082539,10.728759
102680218921,-0.110597,1.928671,0.163663,0.046302,-0.003652,-0.028628,10.632055
102780297107,-0.395357,1.502721,0.334517,-0.101627,0.069984,-0.009243,10.550067
102880375293,-1.896803,0.027286,-0.595420,-0.215596,0.055487,0.124193,10.505524
102980453479,0.235794,0.742163,-0.945869,-0.212335,0.029336,0.139097,10.460287
103080531665,-2.021484,0.342986,-0.642301,-0.288594,0.136714,0.160574,10.326287
103180609851,-1.229330,1.705082,0.700199,0.008129,-0.086899,-0.016272,10.274167
103280688037,-1.528042,0.492326,-0.357355,-0.081891,-0.084774,-0.039777,10.268216
103380766223,-0.487550,1.113909,0.473174,0.019593,-0.033637,-0.125878,10.149374
103480844409,0.128927,0.748847,0.343447,0.023328,-0.080979,-0.003979,10.088773
103580922595,-0.948482,1.373247,0.166415,-0.012103,0.009629,-0.052459,9.972540
103681000781,-0.923801,1.251574,-0.107413,-0.069881,0.011919,0.004173,10.039420
103781078967,0.559456,3.226807,0.981173,-0.123626,0.008954,0.086564,9.942646
103881157154,0.502578,1.684217,-0.065399,-0.044000,-0.038698,0.056490,9.764859
103981235340,-0.621345,2.154088,0.436868,-0.149857,0.040595,0.038479,9.731580
104081313526,-0.914971,0.213012,-0.227963,-0.101124,0.023743,0.076020,9.673444
104181391712,0.831770,1.230663,0.211859,-0.115351,0.011773,0.084354,9.677861
104281469898,0.407166,0.279472,-0.350854,-0.126514,0.013094,0.044305,9.532809
104381548084,0.116404,1.584574,-0.235006,-0.062051,-0.000220,0.002512,9.441805
104481626270,-0.325464,0.527719,-0.114473,-0.064348,-0.019349,0.028501,9.415965
104581704456,-0.093013,2.241251,0.031585,-0.004294,0.040479,0.002820,9.381962
104681782642,-0.383849,1.943697,0.514616,0.013121,0.039665,0.034453,9.304576
104781860828,0.579587,1.549134,0.276023,-0.048570,-0.007119,0.041362,9.245685
104881939014,0.649959,1.447127,-0.221406,-0.006040,0.043052,0.027085,9.125493
104982017200,0.731252,1.514598,-0.162013,-0.023451,0.002077,0.023518,9.089492
105082095387,-0.230416,0.977443,-0.219028,-0.034955,0.007781,0.091014,9.033582
105182173573,-0.115724,2.095598,0.231820,0.013284,-0.033663,0.091430,8.949586
105282251759,-0.052626,1.682872,-0.156258,0.063132,-0.054470,0.013314,8.895276
105382329945,-0.000516,1.364657,0.047497,0.115727,-0.102109,0.027959,8.859044
105482408131,1.779578,1.725750,-0.200604,0.153831,-0.139573,-0.109468,8.785527
105582486317,-0.589461,0.195323,0.182391,0.092012,-0.108800,-0.091624,8.582996
105682564503,0.033205,1.512257,0.356806,0.156696,-0.158609,-0.073887,8.508424
105782642689,-1.394466,1.075397,0.804623,0.059349,-0.107495,-0.012551,8.612679
105882720875,-0.062642,1.298040,-0.256192,0.107512,-0.201285,-0.061382,8.744338
105982799061,-0.932415,0.696597,0.526032,0.020413,-0.030299,0.007935,8.623656
106082877247,0.168785,0.994777,0.268916,0.083020,-0.019128,-0.023002,8.375185
106182955433,-0.807087,0.963229,-0.438510,0.115316,0.034562,-0.046670,8.176532
106283033620,-1.001602,0.683139,0.008051,0.040614,0.037914,-0.038663,8.299535
106383111806,-0.653355,1.292502,-0.276942,0.083426,-0.102614,-0.084463,8.537967
106483189992,1.242411,4.933692,-4.252871,0.057922,-0.380118,-0.053495,8.531704
106583268178,-0.954631,0.710918,3.819451,0.085240,0.363246,-0.084073,8.589484
106683346364,-0.760147,0.741567,4.204587,0.155439,0.232291,-0.035930,8.469701
106783424550,3.394513,0.223128,-0.717016,-0.069152,0.671034,0.189066,8.540616
106883502736,-1.610105,4.265796,4.009448,0.142023,1.062392,0.102287,8.630977
106983580922,-0.878717,4.204099,1.106268,-0.170823,-0.316606,0.175258,8.752727
107083659108,-1.410842,0.011144,-3.458656,-0.402713,-0.448317,0.050903,8.797360
107183737294,0.039434,-0.461185,-1.177315,-0.074177,0.053308,-0.079868,8.790314
107283815480,3.394499,-0.770973,-2.044614,0.100210,-0.072436,-0.079834,8.855806
107383893666,0.908552,-0.260805,-1.702100,0.150532,0.175660,-0.015563,8.948588
107483971853,0.430152,0.249095,0.827227,0.162520,0.252268,-0.033701,9.009374
107584050039,0.574628,-0.747113,-0.955480,0.021442,0.003017,0.056260,9.164209
107684128225,0.650827,0.601463,0.248083,0.080557,-0.034922,-0.034476,9.105246
107784206411,0.422569,0.857363,0.340042,-0.091911,0.000981,0.080339,9.213561
107884284597,1.636347,1.274545,0.108677,0.053888,0.012889,-0.010457,9.362669
107984362783,1.335153,0.219450,-0.113568,0.128424,-0.041606,-0.022253,9.322839
108084440969,-1.335221,-2.079863,-0.226957,-0.107670,0.175695,0.146714,9.468031
108184519155,1.040425,-1.333909,-0.670164,-0.182180,0.129586,0.126388,9.517370
108284597341,-1.687282,-1.730110,-0.043348,-0.261130,0.236413,0.172041,9.505837
108384675527,1.106187,0.008613,-0.086047,-0.018493,0.021537,0.015615,9.608900
108484753713,-2.228197,-0.270561,0.812693,-0.122530,0.213940,0.152305,9.707630
108584831899,1.627227,-0.080095,0.328842,0.067958,-0.167913,-0.078892,9.781327
108684910086,1.827793,1.267850,-0.548149,-0.090716,-0.036420,0.041367,9.859873
108784988272,3.607821,-0.331095,-0.091073,0.149046,-0.243570,-0.194114,9.902635
108885066458,0.377438,0.972931,0.475107,0.050000,-0.013772,-0.078028,9.981071
108985144644,-2.047346,-0.242530,0.293039,0.194171,-0.162794,-0.136132,10.089440
109085222830,0.565334,2.033848,-0.093161,0.149480,-0.092163,-0.101552,10.073679
109185301016,0.146415,2.032207,0.302031,0.193291,-0.092166,-0.179149,10.167810
109285379202,0.968561,-1.009367,-0.382789,0.072451,-0.111706,-0.045230,10.315678
109385457388,-0.209488,0.359326,0.414165,0.000346,-0.060740,-0.057948,10.338056
109485535574,-0.373802,1.179156,-0.058480,-0.008787,-0.023611,0.066236,10.372983
109585613760,0.655118,-0.698255,-0.182361,-0.070428,-0.004595,0.102142,10.553684
109685691946,-0.672137,-0.439783,-0.550008,-0.051625,0.020406,0.027732,10.523785
109785770132,-0.864649,0.512923,-0.486134,-0.032241,0.035333,0.093123,10.538905
109885848318,0.489849,-0.408729,0.367281,0.057113,0.037019,0.022511,10.603865
109985926505,1.450385,-0.688011,-0.240508,-0.017509,0.062921,0.061900,10.607922
110086004691,1.050850,-2.391522,-0.255086,-0.076817,0.048913,-0.022430,10.608617
110186082877,1.094286,-1.112144,0.194409,0.012340,-0.027764,-0.058572,10.707167
110286161063,0.840920,-0.552318,0.324678,-0.036476,-0.031733,0.035445,10.645511
110386239249,0.197084,0.091303,0.371029,0.052986,0.061672,0.065485,10.670905
110486317435,-0.618896,-0.127147,0.347696,-0.026795,0.084007,-0.012046,10.778847
110586395621,0.510222,-0.018916,0.390830,0.002165,0.025047,-0.112394,10.675006
110686473807,0.548638,-0.761753,-0.437570,-0.090786,0.091323,0.134010,10.764924
110786551993,0.402062,-0.019191,-0.216463,0.067792,-0.103319,0.033876,10.749007
110886630179,1.859092,0.817294,-0.588741,0.098846,-0.169812,-0.115524,10.665200
110986708365,1.322191,-0.210054,-0.178653,-0.030895,0.022252,0.006938,10.627766
111086786551,0.905279,0.475539,-0.289228,-0.066845,0.018604,0.039020,10.545781
111186864738,1.148096,0.635787,0.445412,-0.107976,0.093567,0.065826,10.766011
111286942924,-1.269522,-1.357934,-0.177474,-0.110284,-0.043417,0.157975,10.578441
111387021110,-0.387034,0.530972,1.059869,-0.064811,0.213361,0.120035,10.498830
111487099296,-2.597326,-0.554824,-0.375272,-0.320633,0.170576,0.101101,10.623561
111587177482,-1.214295,0.024548,0.740908,0.092520,-0.064636,-0.184389,10.598498
111687255668,-1.692816,-0.734412,0.048827,-0.068812,0.088261,0.229031,10.580553
111787333854,-0.182203,0.884715,-0.326208,0.181354,-0.114751,-0.073513,10.498590
111887412040,2.017048,1.317143,-0.677364,-0.014887,0.044598,-0.062928,10.380350
111987490226,-0.373594,-1.035106,0.232674,0.095003,-0.091222,-0.106993,10.401697
112087568412,0.103678,-0.662363,0.511517,0.030988,-0.054930,0.059572,10.441242
112187646598,-0.391385,-0.035541,0.898850,0.129392,-0.057665,-0.018181,10.395227
112287724784,0.843354,0.838159,0.034446,0.040575,-0.113217,-0.100208,10.338101
112387802971,0.767831,0.698173,0.522544,0.152396,-0.035485,-0.165519,10.486474
112487881157,0.992824,0.141540,0.988973,0.181320,-0.007219,-0.044143,10.278588
112587959343,0.436599,0.171090,0.054423,0.097176,-0.030396,-0.006227,10.251342
112688037529,0.183670,-0.280574,-0.105086,0.177474,-0.043875,-0.063927,10.260748
112788115715,-1.972639,-1.342382,0.193417,0.159231,-0.099110,-0.094329,10.217152
112888193901,0.979052,0.377891,-0.990323,0.056174,-0.186051,-0.135778,10.234874
112988272087,0.377547,-0.614410,-0.078831,0.089753,-0.058196,-0.071836,10.177001
113088350273,1.550316,0.926681,0.749490,0.272308,-0.094278,-0.082639,10.190240
113188428459,0.684229,-0.224791,-0.761381,0.010202,0.074433,0.014980,10.116909
113288506645,0.790154,1.306725,0.998785,0.221024,0.056173,-0.120024,10.175045
113388584831,-0.636874,-1.676216,-1.335553,-0.033494,0.044771,0.116016,10.115728
113488663017,0.365133,-0.561698,-0.028930,0.243779,-0.031995,-0.150408,10.100787
113588741204,-2.009907,-2.208469,-0.528653,-0.129253,0.095336,0.098539,10.119474
113688819390,0.790662,0.378020,0.486430,0.114897,-0.024174,-0.091564,10.069640
113788897576,0.631758,-0.271769,-0.085283,-0.039978,0.026703,0.078044,9.950946
113888975762,-1.260886,-1.376607,0.276272,0.157545,-0.025603,-0.126588,10.061511
113989053948,-0.560904,-0.179850,0.059466,-0.061975,0.067546,-0.007242,10.074223
114089132134,-1.031128,0.064256,0.038412,-0.073961,0.046151,0.048525,10.114989
114189210320,1.735774,1.748210,0.182076,-0.148349,0.107103,0.186133,9.991636
114289288506,0.766499,0.528748,0.085324,-0.094234,0.064089,0.112023,9.787613
114389366692,-0.172762,0.215600,-0.327451,-0.080735,0.027042,0.093536,9.938272
114489444878,-0.168591,-0.686756,-0.229036,-0.058187,0.047371,-0.011483,9.888327
114589523064,-0.283702,0.104429,-0.275740,-0.029150,0.021518,0.053172,9.862095
114689601250,-0.533629,-1.624697,-0.448070,-0.149800,0.072105,0.090637,9.800017
114789679437,0.645974,0.606283,0.292885,-0.086388,0.010286,0.054020,9.773376
114889757623,0.015448,0.200872,0.683599,-0.060515,0.064946,0.124354,9.821226
114989835809,0.001753,0.990582,0.525315,-0.065887,0.037749,0.082692,9.749835
115089913995,-1.037722,-0.036662,-0.601400,-0.065987,0.017337,0.063345,9.736615
115189992181,-0.390507,0.509744,-0.214322,-0.049283,0.015197,0.049210,9.546128
115290070367,-0.149517,-0.161593,-0.410640,-0.076455,-0.053508,0.040436,9.280059
115390148553,0.573108,0.771977,0.412386,-0.072716,-0.035877,0.061435,9.319665
115490226739,0.316448,-0.203349,-0.200652,-0.101747,-0.080147,0.037032,9.266543
115590304925,0.134113,0.253468,0.406816,0.017620,0.046898,0.023797,8.934902
115690383111,-0.163262,0.947521,0.043601,-0.030413,0.004653,0.007974,8.966783
115790461297,-0.397028,0.853511,0.556070,0.009366,0.051193,-0.010523,8.830156
115890539483,-0.974450,-0.088548,-0.108195,-0.051341,0.016559,0.064215,8.681957
115990617670,-0.420735,0.480586,-0.003547,0.067362,0.012031,0.029896,8.532884
116090695856,0.298545,1.156449,-0.102014,0.045445,-0.069429,-0.010409,8.480091
116190774042,0.069604,0.848973,-0.326372,0.000712,-0.055284,0.001791,8.316248
116290852228,0.373182,1.365744,0.267571,0.042006,-0.037067,-0.007709,8.356278
116390930414,-0.421356,0.471217,-0.293801,-0.023736,0.021622,0.050375,8.310165
116491008600,-0.541128,-0.019496,0.057503,0.106523,-0.009626,-0.044113,8.212980
116591086786,-0.346962,-0.017812,-0.572801,0.026802,-0.028218,-0.042459,8.126465
116691164972,-0.991217,0.921757,0.254427,0.239961,-0.124864,-0.115535,8.121674
116791243158,0.564336,2.374167,0.000564,0.134734,-0.150414,-0.129083,8.381227
116891321344,-0.742718,2.194234,0.346182,0.115609,-0.064825,-0.110532,8.438074
116991399530,-0.636069,1.213221,-0.877521,-0.079710,-0.006881,0.043281,8.339556
117091477716,-0.716942,0.460849,0.481060,0.030240,0.054784,0.036660,7.959515
117191555903,0.254435,0.580781,-0.054500,-0.145207,0.088265,0.076946,7.901094
117291634089,0.577665,0.809191,0.824560,-0.016998,0.078003,-0.000194,8.006304
117391712275,0.989435,1.346989,-0.118492,-0.133965,0.011292,0.035369,8.424995
117491790461,0.604536,7.162626,3.884650,-0.076694,0.321229,-0.201498,8.324259
117591868647,4.909187,4.936561,0.314184,1.035962,-0.793134,-0.870771,8.255037
117691946833,4.584609,1.641258,0.255627,0.303664,-0.337208,-0.722638,8.309765
117792025019,-2.928980,-4.747510,7.737443,0.143325,0.043699,-0.530076,8.324203
117892103205,-1.470949,-2.549487,-4.812159,-0.114956,-0.138722,0.255236,8.470574
117992181391,2.495208,0.084797,-6.111787,0.377889,0.081844,-0.156916,8.424930
118092259577,2.119796,7.152817,-0.030883,0.047423,0.156709,-0.016227,8.514054
118192337763,1.362379,-0.515246,-1.100569,0.342082,-0.912912,-0.297302,8.735347
118292415949,7.357272,4.156387,-2.022159,0.646079,-0.916732,-0.539494,8.673475
118392494136,-2.108015,-1.898726,0.167545,0.246823,0.028656,-0.104788,8.970377
118492572322,4.505331,2.585365,-0.873263,0.549659,-0.330897,-0.417997,8.937657
118592650508,0.328636,-2.617742,-0.998692,-0.163249,0.270296,0.139518,9.068171
118692728694,-1.748258,-2.323711,0.980625,0.130983,0.036738,-0.004874,9.370984
118792806880,-0.796817,-3.126592,-0.892976,-0.238178,0.122905,0.225527,9.472001
118892885066,-0.565508,-0.543302,-0.119819,-0.073081,0.094969,0.001797,9.519854
118992963252,1.454048,1.563430,0.002154,-0.128491,0.089733,0.107231,9.580641
119093041438,1.577727,0.825594,0.726505,0.070178,0.065362,0.076106,9.609294
119193119624,2.311340,-0.868784,-0.337134,-0.109879,0.038320,0.115070,9.853222
119293197810,-0.568885,-1.303933,-1.247673,-0.108469,0.037796,0.107358,9.792670
119393275996,-0.642103,-0.453307,0.331363,-0.148880,0.071508,0.202572,9.815964
119493354182,0.617465,-3.027379,-0.645429,-0.201564,0.020269,0.094112,10.011247
119593432369,2.760495,0.144226,-0.030868,-0.156460,0.206223,0.036007,10.115577
119693510555,1.918377,-1.763912,-0.236449,-0.154941,0.212660,0.257124,10.173375
119793588741,1.758845,2.192885,-1.112228,-0.150803,0.222884,0.160872,10.217240
119893666927,-1.128916,-2.894415,-0.028624,-0.202866,0.299108,0.230280,10.176029
119993745113,1.271936,1.029942,-0.942661,-0.176245,0.095052,0.177496,10.192586
120093823299,-0.672887,-5.053616,-0.449324,-0.322288,0.189941,0.348905,10.210829
120193901485,0.686544,0.298614,-0.107250,-0.081653,0.069977,0.126502,10.208293
120293979671,-1.257240,-2.390652,0.262905,-0.234752,0.192549,0.255026,10.234422
120394057857,1.360652,0.000424,0.465667,-0.010458,-0.006605,0.009306,10.232192
120494136043,0.279935,-1.658998,0.360022,-0.149485,0.183096,0.092245,10.259401
120594214229,1.707648,0.177424,0.152958,0.092788,0.022700,-0.049067,10.102779
120694292415,0.071643,-0.561059,-0.210005,-0.023084,0.051923,-0.014349,10.164561
120794370602,-1.313292,-1.303486,0.603437,-0.020960,-0.034358,-0.054253,10.152112
120894448788,0.666552,-1.152738,-0.701435,-0.027539,-0.071067,-0.038747,10.101001
120994526974,-0.037647,-1.422004,-0.059612,0.066967,0.002878,-0.073824,10.031887
121094605160,0.950968,0.422391,-0.253715,0.048829,-0.048588,-0.058782,9.942911
121194683346,-0.438987,-1.399306,-0.458619,0.067325,-0.129396,-0.122358,9.899130
121294761532,1.030033,0.772168,-0.216544,0.091752,-0.110741,-0.141048,9.896944
121394839718,0.764714,0.240200,0.139983,-0.132678,-0.025486,0.015718,9.810798
121494917904,0.816754,0.074795,0.432707,-0.061115,-0.081967,0.054720,9.775526
121594996090,-0.342677,0.251433,1.067022,-0.051872,-0.012763,0.045678,9.629548
121695074276,0.191769,-0.507980,-0.251214,-0.052948,-0.010222,0.001224,9.504950
121795152462,-0.215930,-0.600214,1.528950,0.039216,0.124209,-0.002429,9.419067
121895230648,-0.479491,0.623684,0.498100,0.070473,0.090352,0.005380,9.279825
121995308835,1.031039,-0.795024,-1.316884,0.072971,0.065357,0.047714,9.084291
122095387021,0.384323,0.534094,0.444785,0.195405,-0.075365,-0.093028,9.015913
122195465207,-1.000535,-1.656617,-0.670860,-0.298103,0.029997,0.109324,8.760868
122295543393,-0.483918,0.071068,-0.295593,-0.016460,-0.017642,0.101148,8.648568
122395621579,1.107290,2.078041,-0.811611,-0.046293,0.070893,0.199271,8.381992
122495699765,1.825638,1.262388,-0.084393,0.130592,-0.129145,-0.126092,8.212095
122595777951,-0.058466,-0.423355,-0.282595,-0.010926,0.068000,-0.008156,8.038453
122695856137,-0.269931,0.411767,0.529059,0.166736,0.034701,-0.002145,7.828748
122795934323,-1.541189,0.008426,-0.864482,0.067321,-0.002988,0.067852,7.534062
122896012509,-0.148867,2.171027,0.366595,0.120594,-0.024754,-0.131617,7.377926
122996090695,-0.575268,1.593805,0.074727,-0.072899,-0.058695,0.066616,7.299076
123096168881,-0.282562,2.490549,0.400088,0.041688,0.001472,-0.019158,6.995850
123196247068,-1.091665,2.007660,-0.235930,-0.159186,0.050486,0.106581,6.699960
123296325254,-1.815840,0.660892,-0.279667,0.005550,0.030026,0.043976,6.705478
123396403440,-0.625067,1.060881,-0.922044,-0.047065,-0.039064,0.006998,6.359862
123496481626,-1.273223,0.877316,-0.006339,-0.008371,-0.007659,0.054236,6.041151
123596559812,-0.759144,2.566285,0.452002,-0.173751,-0.005256,0.116391,5.884087
123696637998,-0.415309,2.140144,0.023806,-0.093882,-0.033012,0.080931,5.661453
123796716184,-0.996501,1.801038,0.100318,-0.066713,-0.018597,0.080196,5.373412
123896794370,-1.502151,0.607997,-0.168334,-0.046403,0.026800,0.028132,5.147177
123996872556,-1.589432,0.851180,0.124508,-0.064264,0.041197,0.115920,4.867680
124096950742,-1.034771,0.533810,-0.816435,-0.053661,-0.036643,0.024870,4.682492
124197028928,0.088986,1.896659,-0.217181,-0.057881,0.087129,0.115828,4.335457
124297107114,-1.141565,2.128519,-0.734961,-0.035311,0.046909,0.012953,4.106509
124397185301,-0.264599,2.391736,-0.993170,-0.076465,0.084616,0.071423,3.887272
124497263487,-1.509622,0.921310,0.009338,-0.038053,0.083917,0.063765,3.616338
124597341673,-0.378054,1.308556,-0.426868,-0.009872,-0.068953,0.003936,3.426103
124697419859,-1.287020,1.577536,-0.275230,0.026903,0.020055,-0.037260,3.225189
124797498045,-2.042660,0.912726,-0.072444,0.142021,-0.104106,-0.084826,3.115731
124897576231,-1.406378,1.569906,-0.172328,0.101582,-0.085974,-0.037915,3.030116
124997654417,-1.414922,1.098576,-0.379517,0.099275,-0.088089,-0.053915,2.830848
125097732603,-1.514532,2.024744,0.083270,-0.070492,0.025827,0.060255,2.667567
125197810789,-1.503060,1.063337,-0.213445,0.032590,-0.079959,-0.039553,2.426426
125297888975,-1.004385,2.127147,-0.464814,0.082799,-0.072019,-0.021718,2.389569
125397967161,-1.596964,1.341462,-0.078319,0.065049,-0.052938,0.009159,2.318407
125498045347,-0.926117,1.778848,-0.226173,0.062968,-0.059089,-0.018641,2.180770
125598123534,-1.356839,0.767604,-0.206127,0.041834,-0.024622,-0.006450,2.173149
125698201720,-0.570342,1.072085,-0.332852,0.086662,-0.071386,-0.032894,2.014842
125798279906,-0.746453,0.103997,-0.137650,0.037506,0.013474,-0.013941,1.913665
125898358092,-0.909837,0.456019,0.014269,0.039896,-0.033561,-0.005933,1.832438
125998436278,-0.434265,0.229783,0.067364,0.000523,-0.000964,0.013592,1.691113
126098514464,-0.941685,0.878409,0.089886,0.016945,-0.008809,0.007198,1.607341
126198592650,-0.766077,1.000131,-0.323432,0.028337,0.001920,0.012221,1.609945
126298670836,-0.780448,0.760332,-0.315199,0.010665,0.007741,0.014961,1.492691
126398749022,-0.229218,0.558639,0.006676,-0.000116,-0.006785,0.009814,1.479042
126498827208,-0.541563,-0.364064,0.027023,-0.014976,0.014043,0.041233,1.377316
126598905394,-0.498251,0.389049,-0.146511,0.025887,0.001682,0.015384,1.301932
126698983580,-0.584909,0.128271,0.012658,0.018148,0.007185,0.012621,1.223849
126799061767,-0.636254,0.490474,-0.029102,-0.003212,-0.033808,0.004976,1.218928
126899139953,-0.631659,0.180910,-0.088961,0.016815,-0.009561,0.005676,1.256617
126999218139,-0.099194,0.247779,-0.215003,0.009258,-0.028856,-0.009442,1.039767
127099296325,-0.730113,0.231733,0.106265,0.000488,0.019987,0.016752,1.156108
127199374511,-0.427176,0.037134,-0.201025,0.056402,-0.027988,-0.015104,1.188689
127299452697,-0.440176,-0.270576,0.114083,0.026357,0.003529,-0.016038,1.171208
127399530883,-0.005677,-0.349376,-0.048801,0.024541,-0.043374,-0.023167,1.153970
127499609069,0.263275,0.094665,-0.391225,0.026469,-0.020041,-0.031372,1.138117
127599687255,0.264374,-0.151976,-0.308350,-0.000422,-0.068955,-0.031689,1.230820
127699765441,0.262531,-0.268233,-0.342446,0.016148,-0.053332,0.002720,1.327828
127799843627,-0.311684,-0.261832,0.364185,-0.004387,-0.040971,-0.013769,1.318071
127899921813,0.080553,-0.451103,-0.184543,0.035509,-0.047927,0.001785,1.363853
128000000000,0.065043,-0.326681,-0.076782,0.025671,-0.046123,0.005199,1.473056
