timestampNs,ax,ay,az,gx,gy,gz,speedMps
0,-0.987000,0.419331,-0.269907,-0.108286,-0.241828,0.038349,10.030000
100124452,-0.400866,-2.049886,-0.199134,0.048579,-0.064688,0.193992,10.180066
200248905,-0.405084,-1.158719,-0.207104,-0.030219,-0.302532,0.283950,10.233098
300373358,1.226980,1.879715,-1.151481,-0.066748,-0.191579,0.060036,10.250007
400497811,-0.627374,0.949082,-0.765266,0.033523,-0.130161,0.086120,10.251866
500622263,2.017438,0.244859,0.138488,-0.091479,-0.079828,0.085563,10.236260
600746716,0.779747,0.118685,-0.965442,-0.058208,-0.196206,-0.002210,10.259664
700871169,2.257638,-0.731335,1.583297,-0.133319,-0.155332,0.150461,10.215392
800995622,0.506805,-0.865874,-0.763367,0.132395,-0.269025,0.096834,10.259054
901120075,0.382205,1.835374,-1.076861,-0.086168,-0.165691,0.091450,10.164564
1001244527,0.706629,-1.804742,0.457742,0.026558,0.013220,-0.058924,10.124618
1101368980,1.382483,-0.575779,-1.001721,0.094177,-0.128088,0.049168,10.005575
1201493433,2.320878,0.432411,-0.799167,-0.138641,0.170376,-0.056130,9.965347
1301617886,-0.397129,-2.249611,-1.069912,0.078203,0.287188,-0.113093,9.857605
1401742338,3.464196,2.612852,-0.933354,-0.186429,0.010504,0.062820,9.710342
1501866791,1.610920,-0.449668,0.997275,-0.024792,0.217546,-0.232717,9.616432
1601991244,3.262303,0.936937,-1.479742,-0.274616,-0.413988,0.220712,9.428037
1702115697,2.939967,0.249522,1.053418,-0.270841,-0.142479,0.209331,9.383231
1802240150,0.137869,-1.497815,0.238987,-0.139428,-0.233061,0.253719,9.246839
1902364602,3.760954,-0.288790,-0.236875,-0.077461,-0.169487,0.089944,9.104422
2002489055,1.931828,-0.326079,0.397598,-0.203537,-0.221147,0.096095,8.919454
2102613508,4.090954,-1.172413,0.455595,-0.134837,-0.202940,0.155591,8.895232
2202737961,1.533645,-2.054828,0.421373,-0.018266,0.038563,-0.021882,8.784577
2302862414,3.153696,4.451774,-1.184062,-0.083648,-0.493466,0.082882,8.589368
2402986866,-0.812047,-3.061063,1.038022,0.099092,0.199644,-0.291642,8.501770
2503111319,0.857289,1.642556,-0.259869,-0.056507,-0.217020,0.373963,8.489638
2603235772,2.110431,-0.819224,-1.509401,-0.066465,-0.167021,0.167885,8.284946
2703360225,7.294905,2.450123,1.055650,-0.554705,-0.533476,0.216396,8.192047
2803484677,4.194546,2.864929,-1.534641,0.070795,0.533011,-0.259059,8.191796
2903609130,6.485523,1.779278,-2.718591,0.045562,-0.133619,-0.112111,8.100098
3003733583,-0.943461,-1.222736,-1.420210,0.374830,0.517744,-0.644173,8.015957
3103858036,-4.891642,-7.401396,2.969395,-0.034715,0.489580,-0.316782,7.880816
3203982489,0.812680,-0.708542,-0.772452,0.557786,0.673586,-0.774287,7.822057
3304106941,-4.558504,-7.261022,0.717803,0.480259,0.793141,-0.657389,7.749137
3404231394,7.604696,2.251362,-0.430602,0.057807,0.160738,-0.026680,7.699835
3504355847,-6.175749,-5.686112,0.734362,0.470855,0.741655,-0.754178,7.626206
3604480300,8.922431,2.465318,-0.257631,-0.555084,-0.468736,0.343540,7.607760
3704604752,6.097130,0.655051,0.728792,0.026925,0.237060,-0.291685,7.553182
3804729205,8.503979,1.869793,0.047650,-0.644667,-0.625760,0.458433,7.408779
3904853658,2.095101,-0.914577,1.777719,-0.249255,-0.115910,-0.004804,7.341751
4004978111,-3.620768,-2.387707,0.344134,-0.377705,-0.618582,0.389260,7.277848
4105102564,1.457501,-1.637604,0.953474,-0.362729,-0.375194,0.140324,7.274768
4205227016,-1.958235,-3.071354,0.870696,-0.206743,-0.275932,0.123019,7.282269
4305351469,2.746788,-1.323090,0.179287,-0.318490,-0.280478,0.225773,7.119759
4405475922,-0.643924,-2.717993,0.231542,-0.064036,-0.063994,0.045100,7.077978
4505600375,2.486824,-0.466893,-0.199295,-0.169436,-0.191656,0.129725,7.016671
4605724828,0.043294,-2.862272,1.052874,0.037395,0.006383,-0.055447,6.901297
4705849280,2.154248,-0.680917,0.592134,-0.046993,-0.084360,0.075110,6.994764
4805973733,-0.252958,-1.174174,0.479854,0.215331,0.210659,-0.220859,6.826532
4906098186,-2.794778,-2.283982,0.028154,0.043331,0.067703,-0.098013,6.767743
5006222639,-1.360051,-1.888329,0.567687,0.083185,0.239826,-0.170670,6.700376
5106347091,-0.382335,-1.242826,0.897208,0.011065,0.197445,0.035609,6.658343
5206471544,0.461546,1.035637,-0.662934,0.069351,0.223217,0.036552,6.625746
5306595997,-2.080981,-1.277095,-0.395976,0.176956,0.286666,-0.284867,6.508917
5406720450,2.109934,-0.306192,0.001290,0.034139,0.102715,-0.067214,6.514652
5506844903,0.529856,-0.418676,0.566769,0.085470,0.238395,-0.060770,6.428213
5606969355,1.982249,-1.132195,0.873905,-0.058783,0.009140,0.070562,6.463175
5707093808,-0.725343,-1.258845,-0.348257,0.073172,-0.001782,-0.006446,6.351491
5807218261,-2.254958,-1.068783,0.334409,-0.129533,-0.145661,0.199760,6.416029
5907342714,-0.445922,-0.725906,-0.346887,-0.040747,-0.074821,0.174202,6.338756
6007467166,0.928817,-0.208716,0.893517,-0.116203,-0.140803,0.199903,6.324466
6107591619,1.845514,0.614747,0.453224,-0.011399,-0.005397,-0.008292,6.344159
6207716072,1.555649,0.314494,-0.493706,-0.108847,-0.130907,0.153928,6.369632
6307840525,0.684457,-0.039645,-0.759273,-0.025775,-0.045302,0.057865,6.354057
6407964978,0.923882,0.197893,-0.028275,-0.134736,-0.190948,0.086804,6.384796
6508089430,0.649272,-0.307109,0.015700,-0.057551,-0.063671,-0.000286,6.454741
6608213883,1.588370,0.393734,0.056876,-0.091844,-0.141879,0.031832,6.480300
6708338336,0.901304,-0.638352,-0.171435,-0.082650,-0.102242,-0.018036,6.550022
6808462789,2.142572,-0.257959,0.491405,-0.119763,-0.016660,-0.040280,6.540408
6908587242,0.021610,-0.313829,-0.147787,-0.009786,-0.000527,-0.153628,6.668435
7008711694,2.517432,1.216307,-0.099495,-0.051065,-0.001764,-0.149192,6.717100
7108836147,0.887020,0.818461,-0.326862,0.000571,-0.027995,-0.093374,6.845312
7208960600,1.690794,-0.401873,0.165741,-0.142453,-0.000425,-0.031144,6.876751
7309085053,0.072299,-1.407345,0.267370,-0.049696,0.011182,-0.083153,7.054389
7409209505,0.231286,-1.326045,0.612208,-0.095729,0.001994,-0.080079,7.143266
7509333958,1.017927,-0.325709,0.029128,-0.065453,-0.063583,0.009703,7.281837
7609458411,0.438853,-0.284414,-0.709223,-0.050486,0.044976,-0.034975,7.271447
7709582864,1.039986,0.138664,-0.128681,-0.064545,-0.036498,0.000305,7.464381
7809707317,0.184378,-0.584674,-0.620024,0.065667,0.043497,-0.028833,7.464855
7909831769,-0.542326,-2.152909,0.608084,0.037777,0.115026,-0.018821,7.630724
8009956222,0.833899,-1.314452,1.282232,0.000108,0.196921,-0.105482,7.724669
8110080675,-0.925143,-1.370094,-0.117379,0.035607,0.145673,-0.190667,7.793186
8210205128,2.250193,0.122765,-1.377289,-0.005171,0.189518,-0.095662,7.948459
8310329580,-0.392705,-1.473693,0.402056,0.054763,0.219707,-0.127152,8.045796
8410454033,4.155525,-1.026234,-0.117674,-0.077610,-0.123797,0.049458,8.105810
8510578486,2.676685,-2.132221,0.015775,-0.031451,0.000625,-0.024587,8.201495
8610702939,2.926316,-2.375695,0.153270,-0.234787,-0.160274,0.058745,8.314031
8710827392,2.276668,-2.333343,0.072866,-0.206187,-0.223274,-0.005776,8.372009
8810951844,0.648725,-1.745752,-0.268165,-0.195954,-0.245545,0.031635,8.444152
8911076297,1.358174,-1.408821,-0.085634,-0.156400,-0.178364,0.027350,8.502667
9011200750,-0.167544,-1.841673,0.483217,-0.099834,-0.019849,-0.053937,8.639779
9111325203,0.261228,-1.692908,-0.145418,-0.073258,-0.067601,-0.079064,8.716485
9211449656,-1.102143,-1.940177,-0.014580,-0.049284,-0.042351,-0.101578,8.653451
9311574108,-1.074387,-2.130832,-0.322665,0.002976,-0.027522,-0.033655,8.752618
9411698561,-1.087551,-2.165934,-0.010498,-0.012887,-0.005451,-0.039225,8.787285
9511823014,-1.130837,-1.653640,-0.205174,0.002272,-0.017832,0.016254,8.844431
9611947467,-1.295030,-1.749746,-0.067737,0.029946,0.067693,-0.011231,8.930224
9712071919,-0.318849,-1.117483,0.107780,0.061889,0.063403,-0.005790,8.977120
9812196372,-0.906126,-0.549011,-0.064544,0.073779,0.073085,-0.066080,8.940597
9912320825,-0.053740,-0.991593,-0.228211,0.056523,0.025056,-0.015078,8.985090
10012445278,-0.477234,-1.272187,-0.098178,0.048533,0.056293,0.017425,8.954184
10112569731,-1.399659,-1.824272,-0.204486,0.040789,0.028417,0.044075,8.931588
10212694183,-0.744874,-1.680273,-0.143677,0.060021,0.053549,0.013542,8.968614
10312818636,-0.548589,-1.694824,-0.148962,0.047981,0.030266,0.019799,9.004173
10412943089,0.000899,-1.333799,-0.063847,0.044920,0.029592,0.005004,9.020865
10513067542,-0.563220,-1.564249,-0.153267,0.061380,0.053573,-0.012605,8.974108
10613191994,0.085875,-1.533543,-0.061012,0.035451,0.024324,0.015665,8.862970
10713316447,-0.422896,-1.991441,-0.097566,0.062431,0.053067,0.005219,8.960704
10813440900,-0.039355,-1.170144,-0.085799,0.069320,0.044976,0.002451,8.953090
10913565353,-0.190877,-1.503244,0.097452,0.063053,0.051476,-0.046914,8.918662
11013689806,-0.459904,-1.182099,-0.303110,0.054066,0.048940,0.011459,8.904843
11113814258,-0.318743,-1.085935,-0.153220,0.057148,0.043567,0.017330,8.909473
11213938711,-0.288915,-0.986698,-0.124225,0.038961,0.025457,-0.023137,8.879052
11314063164,-0.058144,-0.998475,0.099751,0.041619,0.024020,-0.013702,8.944132
11414187617,-0.120917,-0.798197,0.052010,0.027464,0.014277,0.042116,8.924698
11514312070,-0.309435,-0.798709,-0.102780,0.025017,0.000953,0.021077,8.913377
11614436522,0.062689,-0.295255,-0.296503,0.028759,0.019730,0.004144,8.919726
11714560975,0.199802,0.300248,-0.121079,0.041906,0.002732,0.025468,8.871282
11814685428,-0.214076,0.273612,-0.085976,0.034800,0.016126,-0.010775,8.838790
11914809881,-0.211589,0.233912,0.068115,0.007412,-0.002729,0.010026,8.843796
12014934333,0.161660,0.334981,0.060890,0.015657,0.030784,0.000137,8.858053
12115058786,0.263249,0.717027,-0.005128,-0.000945,0.005953,0.015585,8.914833
12215183239,-0.201259,0.838590,0.023356,0.021380,0.029330,0.006144,8.892970
12315307692,-0.514443,0.905218,-0.105557,-0.003351,0.007934,0.029527,8.776706
12415432145,-0.459845,0.730346,-0.080388,0.021689,0.033912,-0.008388,8.777685
12515556597,-0.191401,0.739483,0.091409,-0.000916,0.013341,-0.004674,8.752382
12615681050,-0.431472,0.435866,0.095492,0.033008,0.052679,-0.020035,8.684542
12715805503,-0.807521,0.742479,-0.051955,0.044053,0.064908,-0.016831,8.712071
12815929956,-0.746803,0.868365,-0.019453,0.066362,0.067331,-0.019526,8.823893
12916054409,-0.560728,0.947125,0.148245,0.086515,0.101698,-0.003304,8.755300
13016178861,-0.782518,0.992547,0.086844,0.097843,0.124954,-0.008485,8.813742
13116303314,-0.914256,0.715439,0.003144,0.127824,0.139337,-0.030802,8.688565
13216427767,-1.158116,0.745160,-0.084115,0.183957,0.150077,-0.022323,8.766998
13316552220,-1.194701,1.592790,0.006521,0.186197,0.247141,-0.042497,8.739899
13416676672,-1.638474,1.059910,0.248647,0.223321,0.284597,-0.053616,8.806358
13516801125,-1.889518,2.456848,0.063813,0.250389,0.252044,-0.038788,8.934835
13616925578,-1.863856,3.392609,-0.072212,0.263743,0.249967,0.001182,8.909956
13717050031,-1.150727,2.685488,0.049422,0.247846,0.281388,0.023450,8.893012
13817174484,-0.596862,2.586913,0.355049,0.182455,0.283974,0.034650,9.009481
13917298936,0.375809,1.345595,0.099918,0.174628,0.206089,0.060391,8.947448
14017423389,0.583782,0.985528,0.124489,0.128562,0.154382,0.044829,9.005512
14117547842,0.421199,0.342217,-0.234198,0.117919,0.118988,-0.005338,9.129687
14217672295,-0.247163,0.682772,-0.172235,0.077502,0.106493,0.000158,9.202256
14317796747,0.101687,0.626252,-0.220297,0.066833,0.091887,0.035676,9.166182
14417921200,0.007982,0.815112,-0.061866,0.043169,0.046489,0.025584,9.228709
14518045653,0.425186,1.166940,-0.126532,0.016198,0.035566,0.047490,9.237198
14618170106,1.091684,1.240219,0.124970,0.008742,-0.023235,0.047542,9.349970
14718294559,1.226504,1.891360,-0.074468,-0.025103,-0.081274,0.026846,9.389140
14818419011,0.707327,1.482084,0.376691,-0.064103,-0.076797,-0.020407,9.406376
14918543464,-0.098987,2.086136,0.184077,-0.076884,-0.128810,0.002017,9.354898
15018667917,0.663650,0.751673,0.106375,-0.106444,-0.120166,-0.002633,9.493133
15118792370,1.110810,1.258150,0.004252,-0.115770,-0.185939,0.069380,9.513585
15218916823,1.206241,2.859626,-0.001018,-0.170513,-0.114316,0.029900,9.563889
15319041275,0.829131,1.898672,0.117977,-0.196620,-0.150616,0.022343,9.592451
15419165728,1.040995,2.247823,-0.264976,-0.186008,-0.178962,0.083547,9.713889
15519290181,0.949922,2.333237,0.191499,-0.149753,-0.203452,-0.047927,9.716247
15619414634,1.384261,1.667078,0.247803,-0.235670,-0.234737,0.042195,9.740079
15719539086,0.948277,1.540565,-0.357470,-0.158156,-0.144644,0.092295,9.816021
15819663539,1.663848,2.213358,-0.516638,-0.202017,-0.134405,0.049948,9.885303
15919787992,1.648138,2.672190,-0.385724,-0.141184,-0.136583,-0.178046,9.873037
16019912445,0.879325,1.312334,0.608101,-0.097389,-0.015118,-0.200439,9.925393
16120036898,-0.764729,0.746406,0.451087,-0.087855,-0.103596,-0.055333,10.009030
16220161350,0.222243,1.073769,0.056299,-0.074951,-0.010448,-0.089836,9.979041
16320285803,-0.124122,1.415723,0.069297,-0.011904,-0.058805,-0.074160,10.087016
16420410256,1.854020,1.456443,0.305392,-0.042079,-0.188859,-0.052203,10.113691
16520534709,0.822380,1.208020,0.339860,0.044853,-0.180956,-0.086002,10.147986
16620659161,-0.090616,0.596735,1.046210,0.031121,-0.181065,-0.077986,10.170625
16720783614,-0.320811,1.760139,-0.513180,0.013682,-0.143054,0.058584,10.159268
16820908067,-0.329774,1.319557,0.215489,-0.036666,-0.083046,0.016885,10.222715
16921032520,-0.179300,0.925819,-0.136179,-0.042518,-0.036360,-0.001214,10.180457
17021156973,-0.683839,0.430952,-0.103658,-0.019091,-0.063756,-0.043743,10.202732
17121281425,0.519660,1.556466,-0.738481,0.013848,-0.045749,0.091125,10.121997
17221405878,-0.285447,1.618861,-0.136425,0.094434,0.017214,0.000139,10.117378
17321530331,-0.610658,0.909094,-0.436684,0.043157,-0.001696,-0.136983,10.125453
17421654784,-0.627855,1.111912,0.062814,0.171704,0.100876,-0.107648,10.107897
17521779237,-2.306649,1.512746,0.024240,0.199465,0.162472,-0.105818,10.026678
17621903689,-0.631897,0.986367,0.187850,0.145884,0.099145,-0.054330,9.961332
17722028142,-1.703250,0.970285,0.183048,0.096418,0.141774,-0.062180,10.054608
17822152595,-2.201138,1.040691,0.187439,-0.043781,0.134369,-0.039560,10.021212
17922277048,-1.512130,1.369265,-0.213173,-0.076153,0.121670,0.054751,10.035620
18022401500,-3.863113,-0.031932,0.226897,0.056447,0.333002,-0.093148,9.995427
18122525953,-0.945499,-0.221741,0.836096,0.034711,0.203180,-0.047854,10.014643
18222650406,-1.589531,0.454714,0.093255,0.357844,0.338876,-0.135578,10.076935
18322774859,-1.042401,0.419502,0.515075,0.225925,0.236705,0.026982,10.039717
18422899312,-1.654539,-0.132437,-0.114215,0.279803,0.196443,-0.036554,10.064539
18523023764,-1.127503,0.757179,-0.179320,0.143838,0.189325,0.096375,10.096136
18623148217,0.755410,1.708456,-0.413797,0.139323,0.281457,0.001385,10.084306
18723272670,1.295808,2.046373,0.397676,0.006219,0.245019,-0.033959,10.144313
18823397123,1.540715,1.874281,-0.175118,-0.013072,0.230617,-0.026419,10.091319
18923521575,0.414452,0.100043,0.720694,0.010526,0.242205,-0.073046,10.149540
19023646028,2.707116,2.077758,-1.235212,-0.008216,-0.002934,0.033741,10.170310
19123770481,-0.588692,0.730397,0.298732,-0.031434,0.051115,0.018428,10.167245
19223894934,-0.724495,2.332515,-1.099421,-0.254610,-0.328488,0.253172,10.238059
19324019387,-0.451046,2.923851,-1.112585,-0.181973,-0.243859,-0.117437,10.257830
19424143839,1.072907,0.303690,-0.831927,-0.193968,-0.243942,-0.003619,10.221998
19524268292,1.721850,1.403682,0.778600,-0.166389,-0.099435,0.004600,10.294010
19624392745,0.433938,-1.693510,0.192648,-0.022037,-0.016594,-0.092539,10.294247
19724517198,1.650177,-0.060755,0.060777,-0.217178,-0.205037,0.098121,10.280429
19824641651,-0.885966,0.263608,-1.402758,-0.200715,-0.052832,0.159703,10.308186
19924766103,0.350934,0.737606,-0.396627,-0.167369,0.105862,-0.117763,10.263635
20024890556,-0.912279,-1.189189,0.961066,-0.086227,0.397513,-0.437457,10.264062
20125015009,-6.165853,-1.277110,0.660521,-0.045946,0.025699,-0.260601,10.284790
20225139462,-4.569284,0.437569,-0.880112,0.253006,0.466798,-0.318812,10.286033
20325263914,1.037022,1.158663,-0.135411,0.164201,0.265319,-0.254305,10.221904
20425388367,5.681651,2.919496,-0.413052,0.394988,0.447631,-0.523220,10.006581
20525512820,-0.815201,0.697415,-0.632423,0.288918,0.411682,-0.009602,10.179455
20625637273,4.502266,3.874793,-0.840183,-0.087387,0.068535,0.250563,10.075626
20725761726,3.136680,1.238763,0.736881,0.015177,0.170229,-0.376174,10.091944
20825886178,5.301986,3.987993,-0.600073,-0.411450,-0.408993,0.293990,10.083675
20926010631,-1.778126,-0.242806,1.199221,-0.178862,0.071689,0.310772,10.054292
21026135084,-6.427257,-1.496235,-0.466738,-0.428390,-0.499057,0.580968,10.021286
21126259537,-4.167164,-0.090099,-0.380858,-0.276860,-0.217196,0.024263,9.948213
21226383989,-1.827172,0.164683,-0.801491,-0.385360,-0.385478,0.240883,9.890842
21326508442,4.071424,1.337489,0.023047,-0.337707,-0.277431,0.408531,9.895348
21426632895,0.383620,1.239001,-0.673235,-0.096869,-0.143392,0.280475,9.755863
21526757348,0.615036,-2.312945,1.094115,-0.189349,-0.146544,-0.043959,9.676754
21626881801,-0.576264,-1.929757,1.381152,0.028926,-0.249326,0.050942,9.720361
21727006253,-0.001327,-0.626685,1.221267,-0.020501,-0.048352,0.194064,9.644530
21827130706,-1.488334,-1.032975,-0.291955,0.069246,0.047045,0.025711,9.612240
21927255159,1.373554,-0.090412,-0.369490,-0.185419,-0.149133,0.172970,9.523856
22027379612,1.459463,0.290180,0.414567,-0.092921,-0.013489,-0.036892,9.442289
22127504065,0.166505,-0.324351,0.325714,-0.176582,-0.112497,0.055252,9.404908
22227628517,2.114224,-1.202799,0.610217,-0.114606,-0.047687,0.142342,9.343420
22327752970,0.652441,-1.250205,0.091118,0.067570,0.076766,-0.022047,9.295849
22427877423,0.421661,-0.357236,0.112218,-0.021148,-0.061971,0.038093,9.295086
22528001876,-0.152198,-0.528113,-0.557748,-0.047334,-0.093100,0.084532,9.153143
22628126328,1.481195,-0.162469,-0.950767,-0.082062,-0.126428,0.144237,9.068975
22728250781,-0.120616,0.301660,-1.163926,0.100266,-0.136469,0.105872,9.018269
22828375234,0.461652,0.787989,-0.251871,0.048284,-0.107165,0.096737,8.979943
22928499687,0.245210,0.111481,0.449856,0.012418,-0.047954,0.041541,8.888239
23028624140,0.843116,-0.157410,-0.716227,0.035422,0.025296,-0.099878,8.793595
23128748592,1.017492,-0.922242,-0.217212,0.010058,0.059625,-0.123200,8.700487
23228873045,-0.152043,-0.964804,0.056712,0.021346,0.007302,-0.052868,8.627831
23328997498,-0.009671,0.788045,0.019161,-0.023034,-0.089668,-0.010108,8.516078
23429121951,0.817249,1.290352,-0.188493,-0.045618,-0.102238,0.125995,8.370571
23529246404,0.381536,0.032889,0.294766,0.022923,-0.068771,0.040986,8.226891
23629370856,0.713792,0.693374,0.150832,-0.001554,-0.141717,0.084462,8.078119
23729495309,-0.804972,0.421144,-0.454755,0.072618,-0.059794,0.031739,7.800155
23829619762,0.293219,0.412227,-0.452496,-0.030211,-0.038549,0.089071,7.504888
23929744215,0.443661,0.510581,-0.496661,0.008066,-0.109345,0.072504,7.234603
24029868667,0.416775,0.545353,-0.133058,-0.051146,-0.074415,0.121940,7.069350
24129993120,-0.414602,0.433169,-0.291836,-0.081221,0.012043,0.068936,6.871207
24230117573,1.062592,0.145303,-0.467669,-0.012141,0.083821,-0.100279,6.680876
24330242026,0.334189,0.746203,-0.864113,0.107467,0.195326,-0.169243,6.470042
24430366479,-1.272882,0.600877,-0.060363,0.048037,0.154507,-0.094530,6.268153
24530490931,-0.068650,0.945734,-0.473595,0.098908,0.027203,-0.043861,6.103952
24630615384,-0.144945,-0.436254,-0.097505,0.081307,0.043540,-0.106180,5.861892
24730739837,0.555688,-0.330741,0.555283,0.079537,-0.012323,-0.056227,5.613577
24830864290,-0.039911,-0.210396,0.584220,0.054215,0.000158,0.034310,5.381742
24930988742,-0.161842,-0.136737,0.121009,0.037310,0.044557,0.014963,5.317054
25031113195,0.706408,0.338826,-0.147875,0.031752,0.062729,0.015534,5.227346
25131237648,1.144212,0.083580,-0.322968,-0.013961,-0.035275,0.042556,5.210964
25231362101,-0.924896,-1.349899,-0.146306,-0.015084,0.063987,-0.033179,5.153351
25331486554,-1.616777,-0.948254,-0.555796,-0.027898,-0.015996,0.033613,5.101773
25431611006,-1.035140,0.130857,-0.321640,0.120551,-0.005768,-0.016867,5.016686
25531735459,0.817855,0.104807,-0.036242,0.034585,0.016928,0.102040,4.979958
25631859912,1.151200,-0.289425,0.426561,-0.037105,0.021410,0.096007,4.830480
25731984365,0.773933,-0.423109,0.194316,-0.087985,-0.035829,0.093200,4.746490
25832108818,-0.066233,-1.170787,-0.164222,0.033690,0.040776,-0.014262,4.808926
25932233270,0.419237,-0.141190,-0.500164,0.026476,0.071417,0.001573,4.842401
26032357723,-0.169485,-0.177960,0.051298,0.029324,0.135605,-0.079930,4.815146
26132482176,0.114347,0.527342,-0.395311,0.058550,0.070724,0.011888,4.855708
26232606629,-0.677698,0.462019,-0.293686,0.049128,0.094230,-0.081646,4.943177
26332731081,0.010652,0.367007,-0.605561,-0.004768,0.021343,-0.027805,4.942388
26432855534,0.126000,0.203556,-0.079662,0.027427,0.136351,-0.080093,5.087584
26532979987,1.088238,-0.214734,0.667921,0.016536,0.160015,-0.110091,5.234235
26633104440,0.413110,-0.555419,0.784369,0.031911,0.162405,-0.044580,5.261142
26733228893,1.126113,-0.052934,0.070482,-0.005091,0.101822,-0.043140,5.357893
26833353345,-0.682673,-1.137506,-0.259526,0.064191,0.123660,-0.233328,5.504007
26933477798,-0.072380,0.388147,-0.159573,0.036765,0.105285,-0.126100,5.628880
27033602251,-1.274280,1.160903,-0.185636,0.108119,0.074315,-0.050695,5.772538
27133726704,1.361947,0.510297,0.228034,0.034023,0.035830,0.016716,5.945296
27233851156,1.372017,0.347252,0.137420,0.112525,0.104528,-0.040921,6.085951
27333975609,0.570657,1.944503,-0.210435,0.011442,-0.047433,-0.017745,6.215830
27434100062,-0.330755,-0.806817,-0.061128,0.089861,0.132577,-0.168376,6.350840
27534224515,1.090631,0.037068,0.489360,0.066801,0.074148,-0.087650,6.441145
27634348968,-0.476547,0.645662,0.521672,0.047969,-0.029164,-0.024584,6.458147
27734473420,0.181300,-0.269481,0.163778,-0.019890,-0.071243,0.077567,6.560878
27834597873,0.184917,0.386631,0.046546,-0.035343,-0.126495,0.149031,6.646008
27934722326,-2.324378,0.742163,0.405919,-0.051059,-0.163226,0.186439,6.788037
28034846779,-2.180707,2.371229,-0.315177,-0.052343,-0.138833,0.154420,7.094574
28134971232,0.286406,2.471279,-0.619059,-0.184494,-0.268891,0.173208,7.143700
28235095684,0.789450,3.434334,-1.144652,-0.070807,-0.282643,0.122322,7.218202
28335220137,-0.849204,1.458521,-0.005000,-0.032700,-0.244725,0.142088,7.268155
28435344590,0.566253,-0.957961,0.767688,-0.073263,-0.125812,0.192540,7.356709
28535469043,0.487465,-0.896716,0.157652,-0.009270,-0.046691,0.076757,7.529090
28635593495,0.142737,-0.358702,-0.033398,0.002312,-0.033999,-0.065044,7.634120
28735717948,0.339355,0.839302,0.472597,-0.040194,-0.110745,0.018688,7.709067
28835842401,0.439098,1.955713,-0.360844,-0.048181,-0.175946,0.112342,7.749787
28935966854,0.233512,0.812608,0.196871,-0.114378,-0.183071,0.123313,7.851027
29036091307,1.966112,-1.331104,0.427784,-0.042927,-0.183239,0.149519,7.916079
29136215759,-1.354953,-1.664344,0.479994,0.040287,-0.069779,-0.059343,8.012357
29236340212,-0.732134,0.234516,0.060410,-0.073007,-0.126882,0.028592,8.064306
29336464665,-1.531195,-1.455758,0.350715,0.219241,0.159805,-0.087858,8.089640
29436589118,-0.788752,-1.872695,-1.321243,0.129719,0.031630,-0.139803,8.177227
29536713570,-0.852932,-1.935524,-0.356972,-0.080473,0.157510,-0.053248,8.204347
29636838023,-1.924082,0.034463,-0.899437,-0.072241,0.132944,0.261721,8.322484
29736962476,3.828149,1.390250,-0.239243,-0.428679,-0.133956,0.283736,8.335059
29837086929,4.396380,1.200716,0.563163,-0.308346,-0.113636,-0.005004,8.346373
29937211382,3.971002,1.043632,0.146413,-0.479679,-0.373294,0.315435,8.381808
30037335834,0.964883,-0.889734,0.922563,-0.341040,-0.193258,0.209816,8.413507
30137460287,-1.469976,-1.680438,-0.073950,-0.313117,-0.259682,0.207264,8.495241
30237584740,-0.389837,-1.810192,0.416584,-0.252934,-0.227442,0.165681,8.483855
30337709193,0.072246,-0.244024,-0.625860,-0.179031,-0.328533,0.229599,8.470621
30437833646,2.645397,0.154104,-0.343113,-0.190568,-0.199597,0.205197,8.451431
30537958098,1.758149,-0.940685,-0.085693,-0.143873,-0.131631,0.137239,8.380464
30638082551,0.638282,-3.513006,1.135036,-0.135667,-0.100859,0.136612,8.317385
30738207004,0.289782,-5.584631,0.685264,-0.076296,-0.257197,0.236980,8.253361
30838331457,2.410477,-5.747824,0.164650,-0.093631,-0.233016,0.168556,8.248131
30938455909,3.499444,-4.635480,-0.237462,-0.115788,-0.227072,0.133697,8.147720
31038580362,3.769565,-4.830391,-0.001975,-0.132531,-0.135895,0.044416,8.056154
31138704815,2.071354,-5.164025,-0.031130,-0.068732,-0.120494,-0.035570,7.968116
31238829268,2.536254,-4.504563,0.008817,-0.130578,-0.185085,-0.033521,7.830633
31338953721,3.118384,-3.748447,0.012665,-0.163578,-0.236087,-0.013224,7.780326
31439078173,2.582315,-3.480970,-0.178277,-0.192858,-0.239024,-0.040149,7.756530
31539202626,2.926428,-4.095277,0.766829,-0.343336,-0.263923,-0.066864,7.664934
31639327079,2.023266,-3.695663,0.633487,-0.323152,-0.267250,-0.047188,7.659212
31739451532,2.242264,-2.916667,0.045242,-0.375278,-0.335140,-0.012744,7.596959
31839575984,1.719535,-2.228233,0.210963,-0.349435,-0.359696,-0.005221,7.525935
31939700437,2.153980,-1.984160,0.343180,-0.349962,-0.409851,0.042863,7.444416
32039824890,2.399995,-1.507895,0.377399,-0.368542,-0.408032,0.023332,7.444863
32139949343,2.242247,-1.539990,0.025044,-0.390432,-0.454035,0.033112,7.431917
32240073796,1.627201,-1.887988,-0.002334,-0.423186,-0.441376,0.065677,7.414139
32340198248,1.180220,-1.856319,-0.266849,-0.482938,-0.479962,0.074893,7.357776
32440322701,1.111931,-2.162850,-0.321020,-0.431200,-0.461265,0.022493,7.273490
32540447154,-0.144891,-1.725762,0.223033,-0.353323,-0.355636,0.014420,7.299574
32640571607,-0.098462,-1.767111,0.359802,-0.312778,-0.308073,0.043277,7.256886
32740696060,-0.196208,-2.131371,0.183670,-0.284805,-0.239906,-0.005567,7.259244
32840820512,0.402912,-1.825747,-0.373182,-0.249100,-0.310637,0.001605,7.235097
32940944965,1.661124,-1.164218,-0.357733,-0.273684,-0.384510,0.002865,7.174549
33041069418,1.417681,0.121720,-0.030426,-0.260643,-0.438750,-0.007250,7.195029
33141193871,1.922148,-0.211431,-0.003673,-0.291141,-0.520842,0.087146,7.197721
33241318323,1.786426,-0.107676,0.316977,-0.260340,-0.445027,0.101627,7.178450
33341442776,1.974960,-0.009029,0.362216,-0.323394,-0.375917,0.123236,7.189795
33441567229,2.806209,0.529999,-0.142881,-0.253964,-0.294700,0.071087,7.231602
33541691682,3.277893,1.178238,-0.311308,-0.177762,-0.249963,0.011775,7.269274
33641816135,1.691803,1.178696,-0.223404,-0.146586,-0.224005,0.021952,7.300644
33741940587,-0.256317,0.469677,-0.324307,-0.085972,-0.142330,0.027202,7.362257
33842065040,0.663285,1.086602,-0.506957,-0.024874,-0.116355,0.022780,7.334459
33942189493,1.161896,1.565213,-0.767637,0.024697,-0.091556,0.011111,7.310477
34042313946,0.844024,1.021814,-0.372616,0.027247,-0.042213,0.028394,7.286258
34142438398,0.649204,0.868398,-0.269632,0.037073,-0.009699,0.019598,7.195695
34242562851,0.436387,0.661577,-0.568129,-0.011131,-0.069406,0.046448,7.037808
34342687304,1.508160,-1.195974,-0.680724,-0.058510,-0.127919,0.108091,6.921814
34442811757,2.213296,-1.445791,-0.880476,-0.003319,-0.129506,0.104373,6.821828
34542936210,1.330867,-0.220945,-0.513140,-0.020011,-0.153185,0.091892,6.622759
34643060662,-0.653857,1.830452,-0.272611,-0.078991,-0.079239,0.070481,6.474307
34743185115,-0.859344,2.771668,-0.070172,-0.215585,-0.053877,0.107604,6.365373
34843309568,-1.438457,1.777331,-0.815355,-0.156744,-0.145287,0.140706,6.177452
34943434021,0.010682,-0.614871,-2.594920,-0.167322,-0.441194,0.268317,6.009810
35043558474,0.407852,-0.806052,0.066641,-0.079684,-0.365466,0.205436,5.861373
35143682926,-1.126766,1.353607,0.632952,0.124085,-0.322057,0.177926,5.737729
35243807379,1.776131,-0.022893,-1.165715,-0.017692,-0.167711,0.091184,5.597290
35343931832,2.795563,-2.332339,0.417315,-0.217774,0.037208,0.029032,5.412389
35444056285,3.973636,-3.209406,-0.592298,-0.296879,-0.070588,0.225769,5.303077
35544180737,3.756150,-2.219413,-1.311432,-0.304670,-0.206222,0.279570,5.154510
35644305190,-0.236600,1.036828,1.536664,-0.180479,-0.298468,0.148411,4.934681
35744429643,-1.707266,2.855712,1.358465,-0.090149,-0.483140,0.253707,4.787178
35844554096,-0.296475,1.200375,0.555840,-0.119726,-0.310015,0.128428,4.598959
35944678549,2.259992,-2.600285,-0.722027,-0.233494,-0.454523,0.204553,4.357587
36044803001,2.152739,-2.524661,-0.999806,-0.160824,-0.328955,0.195069,4.143524
36144927454,0.790637,-2.063024,-0.293744,-0.209174,-0.387539,0.188418,3.929751
36245051907,0.760471,-0.605626,0.204898,-0.168915,-0.347168,0.101002,3.617651
36345176360,0.011341,1.366069,1.068320,-0.162622,-0.311650,0.082215,3.229202
36445300813,-0.861036,1.521226,0.460182,-0.103141,-0.257750,0.065925,2.923001
36545425265,-0.380684,1.978020,-1.749910,0.042504,-0.259422,0.082848,2.575469
36645549718,-0.134155,1.754990,-1.953069,0.121137,-0.178584,0.056839,2.250780
36745674171,-1.383224,3.200486,-1.257083,0.236861,0.001697,-0.025464,1.889249
36845798624,-1.501731,1.426890,-0.192853,0.259512,0.128420,-0.179893,1.554283
36945923076,-2.566382,-0.802421,1.489922,0.164951,0.228008,-0.127152,1.346914
37046047529,-0.529562,-1.677108,-0.015855,-0.173212,0.033978,0.346079,1.099608
37146171982,0.370408,0.093267,-0.488108,-0.175573,0.014155,0.289015,0.935489
37246296435,-1.232888,2.180892,2.131950,0.181402,0.014681,-0.101122,0.836919
37346420888,-0.386218,0.728839,1.963856,0.353929,-0.162355,-0.025792,0.738453
37446545340,0.124545,0.551207,0.702824,0.220495,0.087249,0.023391,0.577780
37546669793,-0.143546,1.471720,0.754396,0.161180,0.195084,-0.022777,0.539171
37646794246,0.352858,0.448941,0.167909,0.147132,0.108914,-0.000821,0.524216
37746918699,0.909768,1.037730,-1.189694,0.202557,0.104120,-0.030195,0.398913
37847043151,0.619788,3.092876,-1.278706,0.060603,-0.057862,-0.060226,0.349450
37947167604,-1.808339,3.570917,0.036171,-0.034203,-0.034873,0.143786,0.271544
38047292057,-2.638661,3.289313,-0.403556,-0.020107,-0.056510,0.357771,0.209669
38147416510,0.372807,-1.054261,-0.549214,-0.288798,-0.248550,0.297461,0.211369
38247540963,1.050287,-1.175552,-1.527679,-0.167850,-0.222001,0.164656,0.180888
38347665415,-0.877004,-0.187145,-0.963857,-0.104729,-0.175974,0.181350,0.150672
38447789868,-0.858741,-3.298437,2.263434,0.080175,0.075099,-0.205019,0.150445
38547914321,-0.975768,-1.869157,1.601886,0.258972,-0.088256,-0.105704,0.166498
38648038774,-2.376520,-0.181768,0.955586,0.120875,0.056879,0.144314,0.170436
38748163227,-1.878869,-0.268115,1.001398,0.115045,0.288935,-0.225290,0.161297
38848287679,-0.970838,-1.720498,0.409881,0.172975,0.138768,-0.538856,0.145647
38948412132,-0.780807,-2.228624,1.018692,0.248323,0.203424,-0.278774,0.122615
39048536585,-1.164023,-1.166557,0.447860,0.176737,0.164722,0.062611,0.116058
39148661038,-2.065528,-0.921208,0.566881,0.137160,0.141456,-0.244440,0.109136
39248785490,-0.162747,-1.197387,0.282004,0.262607,0.130661,-0.442178,0.112860
39348909943,0.868140,-2.603404,0.863290,0.298660,0.256718,-0.271360,0.144479
39449034396,0.088880,-3.506515,0.949522,0.210377,0.236203,-0.197751,0.226777
39549158849,1.140526,-2.910773,-0.338397,0.141291,0.101233,-0.213388,0.321902
39649283302,1.076849,-0.412965,-1.071232,-0.092547,-0.084915,0.032131,0.355044
39749407754,0.672270,-1.578868,0.201145,-0.307856,-0.219592,0.161280,0.403411
39849532207,-2.143905,-1.003919,1.511758,-0.211947,-0.186548,0.128362,0.542242
39949656660,-4.917843,-0.588604,2.211462,-0.062005,-0.127199,0.169266,0.628069
40049781113,-4.409775,-1.680284,2.025686,0.075772,-0.183263,0.181902,0.684742
40149905565,-0.861088,-1.324081,-0.836129,0.119935,-0.318554,0.091837,0.743889
40250030018,0.376653,-0.926860,-1.634982,0.015798,-0.236214,0.014086,0.758481
40350154471,0.890807,-0.192096,-0.777215,-0.000662,-0.093222,0.124974,0.724852
40450278924,-0.506831,-0.303278,0.848160,0.025428,-0.159407,0.201910,0.720659
40550403377,-1.166829,0.431228,0.394294,0.197746,-0.214174,0.018019,0.727626
40650527829,1.507092,-0.201542,-0.120092,0.108341,-0.071233,-0.066964,0.728858
40750652282,0.974216,-1.095335,1.110898,0.017491,0.140880,-0.125455,0.701685
40850776735,-0.572759,-1.440277,0.461196,0.038497,0.137779,-0.147139,0.668491
40950901188,-1.156040,-2.181907,0.170723,-0.077652,-0.027679,-0.048389,0.646624
41051025641,-1.386133,-2.108532,-0.819719,-0.095788,0.143219,-0.076632,0.670892
41151150093,-0.944925,-1.671773,-0.491308,-0.130328,0.246012,-0.142550,0.557849
41251274546,-0.611297,-1.566877,0.008236,-0.134101,0.031848,-0.123385,0.528027
41351398999,-0.998191,-1.923037,0.446437,-0.179169,-0.026657,-0.018400,0.583333
41451523452,-1.797890,-0.151835,0.353130,-0.093987,0.070945,-0.094522,0.530728
41551647904,-1.165197,-0.728028,0.485682,-0.100633,0.072141,-0.017057,0.557619
41651772357,-1.199894,-1.727069,1.361891,-0.006991,0.039060,0.075373,0.578656
41751896810,-1.052317,-0.844405,1.469880,0.123862,-0.032516,-0.055994,0.575827
41852021263,-1.096315,-0.677510,2.486501,0.270273,-0.006752,-0.152942,0.679294
41952145716,-2.991975,0.376312,1.589290,0.434638,0.118288,-0.142732,0.767646
42052270168,-3.355930,0.847743,1.149297,0.150590,0.235584,-0.174277,0.878238
42152394621,-2.427823,0.209186,1.967758,-0.076832,0.270288,-0.087366,1.120561
42252519074,-3.029746,0.358523,0.610391,-0.027456,0.234374,0.069939,1.356573
42352643527,-3.645029,0.282817,0.438202,-0.034071,0.160942,0.006358,1.624713
42452767979,-4.170602,0.390822,0.114263,-0.098689,-0.034975,0.047184,1.914864
42552892432,-3.387837,-0.942397,-0.374128,-0.099064,-0.020235,0.158041,2.222929
42653016885,-2.848501,-2.089024,0.341152,-0.053900,-0.041050,0.225091,2.487838
42753141338,-3.134593,-1.867153,0.026105,0.012677,-0.128699,0.209423,2.786424
42853265791,-3.904010,-0.237485,0.336140,-0.011646,-0.050067,0.111149,3.059378
42953390243,-4.130625,-0.375651,0.824938,-0.099658,0.013294,0.161517,3.274695
43053514696,-5.259598,1.017341,-0.183376,-0.148751,-0.041372,0.182200,3.499783
43153639149,-3.764130,-0.382369,-0.640699,-0.296311,-0.183353,0.265159,3.650793
43253763602,-3.486083,-0.871761,-0.680640,-0.019427,-0.076921,0.240740,3.889364
43353888055,-2.858042,-0.397394,-0.848918,0.184733,-0.058540,0.157054,4.197890
43454012507,-1.694417,-1.734907,0.827685,0.199251,-0.000198,0.027999,4.387426
43554136960,-1.531419,-2.499372,1.013076,0.203017,0.036934,0.026239,4.660437
43654261413,-2.179763,-2.011187,0.719728,0.189363,0.105345,-0.025536,4.936133
43754385866,-3.443426,-0.801838,0.755792,0.202585,0.159563,-0.036633,5.146077
43854510318,-2.397880,-0.260748,0.063533,0.172205,0.122395,-0.004368,5.369296
43954634771,-1.061643,-0.341392,-0.292400,0.179037,0.124646,-0.053818,5.626353
44054759224,-0.567884,-0.550068,-0.078480,0.161359,0.167662,-0.065582,5.921355
44154883677,-1.075844,-0.035287,0.276881,0.147971,0.171383,-0.071523,6.084919
44255008130,-1.477982,0.141857,0.330086,0.137602,0.166301,-0.059212,6.183691
44355132582,-1.431993,0.227096,0.087773,0.135282,0.167094,-0.049260,6.219318
44455257035,-0.960208,-0.261581,0.008586,0.114410,0.138126,-0.040874,6.163469
44555381488,-0.886698,-0.405350,-0.168994,0.124997,0.143654,-0.029051,6.137889
44655505941,-0.654847,-0.456348,-0.073736,0.103425,0.128416,-0.013905,6.149437
44755630393,-0.448503,-0.357222,0.114136,0.090867,0.124797,-0.024340,6.156111
44855754846,-0.420576,-0.126132,0.000092,0.084419,0.109475,-0.017179,6.168811
44955879299,-0.430692,0.201254,-0.064573,0.086701,0.103546,-0.016278,6.171749
45056003752,-0.252532,0.204339,0.079476,0.094324,0.104620,-0.027456,6.153666
45156128205,-0.240539,0.088626,0.094808,0.101479,0.113480,-0.020047,6.133287
45256252657,-0.354159,0.135791,0.110759,0.089298,0.128901,-0.032391,6.114843
45356377110,-0.583738,0.338947,0.044275,0.088195,0.167491,-0.052895,6.126207
45456501563,-0.120986,-0.054636,-0.486708,0.097366,0.180413,-0.052332,6.155707
45556626016,-0.369309,0.194339,-0.084689,0.129137,0.208150,-0.092153,6.169776
45656750469,0.175467,0.538964,0.255448,0.143330,0.185695,-0.077437,6.153816
45756874921,0.232415,0.995563,0.174536,0.168714,0.190953,-0.083697,6.120726
45856999374,0.015542,1.118600,0.052392,0.175616,0.164764,-0.045194,6.156144
45957123827,0.296480,2.086436,0.016025,0.207839,0.196482,-0.034664,6.179132
46057248280,0.273827,3.378338,-0.265596,0.202431,0.239907,-0.048690,6.147383
46157372732,0.814885,3.527025,-0.392445,0.210357,0.242463,-0.040067,6.170352
46257497185,0.279190,3.927059,0.058484,0.272825,0.320621,-0.073165,6.185792
46357621638,0.272337,4.564270,0.168895,0.284325,0.326530,-0.065277,6.229091
46457746091,-0.671948,4.590503,0.166663,0.346843,0.398687,-0.057775,6.323396
46557870544,-0.596690,3.429362,0.253074,0.318561,0.411568,0.034153,6.348939
46657994996,-1.170635,2.847883,-0.067194,0.264246,0.405100,0.110160,6.391379
46758119449,-1.455875,2.590495,0.057137,0.264137,0.427880,0.034139,6.489895
46858243902,-1.470828,2.882138,0.000304,0.354171,0.374947,0.003844,6.576738
46958368355,-0.516174,3.746840,-0.508767,0.360550,0.295099,-0.030926,6.650697
47058492808,-1.098281,3.074013,0.100876,0.296567,0.342966,-0.027312,6.792247
47158617260,-1.081792,2.299457,0.483716,0.181342,0.303514,0.010973,6.883323
47258741713,-0.311844,2.775517,-0.054267,0.271796,0.373956,-0.053699,6.988868
47358866166,0.215661,1.787308,-0.173921,0.281756,0.399111,-0.040061,7.125785
47458990619,-0.641897,1.072260,-0.471142,0.317309,0.371743,-0.065628,7.238779
47559115071,-2.219727,1.205892,-0.469771,0.274101,0.321163,-0.076941,7.347766
47659239524,-2.086694,1.326696,-0.202340,0.299374,0.319582,-0.065893,7.496272
47759363977,-2.136459,1.897054,-0.425071,0.382525,0.318851,-0.107322,7.653474
47859488430,0.288389,2.051204,0.002572,0.315901,0.211595,-0.118945,7.714423
47959612883,-0.553441,1.541928,-0.135844,0.331568,0.185078,-0.114825,7.810167
48059737335,-0.560004,0.825289,0.426666,0.215594,0.141584,-0.034112,7.921679
48159861788,-0.008982,1.316882,0.070436,0.093124,0.062024,-0.042052,7.955219
48259986241,0.325336,0.723092,-0.232469,0.017093,-0.016997,0.047272,8.043591
48360110694,-0.340826,-0.471921,-0.499523,0.087133,0.011737,0.045868,8.077399
48460235146,-0.497133,0.449043,-0.791086,0.058437,0.055274,-0.019058,8.037017
48560359599,-0.373701,0.747225,-0.132673,0.049812,0.114559,-0.072310,7.995626
48660484052,1.417653,1.429290,-1.080612,0.037677,0.046266,0.055496,7.974689
48760608505,1.904405,0.523313,-0.259611,0.040335,0.222862,-0.177847,8.021610
48860732958,-1.890829,0.296617,-0.254151,-0.150380,0.045309,-0.114479,8.047816
48960857410,-4.486696,0.602285,-1.652322,-0.093958,-0.006758,0.067924,8.042198
49060981863,-2.335072,0.299270,-1.795544,-0.247537,-0.148568,0.236409,8.007571
49161106316,2.861336,0.414550,-0.036804,-0.405025,-0.228847,0.275784,8.036184
49261230769,2.132656,-0.107057,-0.123489,-0.248280,-0.240377,0.240972,8.060062
49361355222,2.840167,-0.500472,0.542638,-0.289654,-0.289330,0.242407,8.000973
49461479674,-0.058302,-0.452595,0.534224,-0.209798,-0.220903,0.195078,8.021081
49561604127,0.104203,0.163543,0.323947,-0.211628,-0.283061,0.188357,7.970637
49661728580,-1.469965,-0.541706,0.049946,-0.073267,-0.202371,0.003486,7.938975
49761853033,-0.980008,0.841597,-0.578446,-0.060383,-0.211967,0.126490,7.973593
49861977485,-0.944548,0.729195,-0.540307,0.058308,0.001115,0.020718,7.998823
49962101938,0.693422,0.056538,-0.162996,-0.048761,-0.014742,-0.061003,7.998521
50062226391,0.074032,-0.522251,-0.100744,-0.106252,-0.065240,-0.105812,7.935465
50162350844,1.386737,0.071556,0.125551,-0.097112,-0.072094,0.133516,7.896190
50262475297,1.572446,0.522666,0.075901,0.085154,0.010134,0.002265,7.863345
50362599749,-0.264804,0.511905,-0.259055,0.137572,0.112263,-0.019547,7.819960
50462724202,0.475705,0.509043,-0.498383,-0.005011,-0.005507,0.151061,7.810575
50562848655,1.312548,-0.928626,-0.135550,-0.064655,-0.090454,0.092758,7.776878
50662973108,-1.492618,-2.203927,0.470161,-0.057700,-0.165822,0.140877,7.767595
50763097560,-1.024841,-0.929665,-0.227148,-0.072002,-0.261986,0.238988,7.821096
50863222013,-2.662685,-0.408843,-0.365965,-0.110177,-0.211995,0.213369,7.814513
50963346466,0.274040,1.254686,0.016235,-0.181519,-0.320892,0.255582,7.878582
51063470919,-0.534049,-0.516689,-0.341657,-0.055476,-0.220595,0.084403,7.942812
51163595372,0.985562,0.012209,-0.813300,-0.056645,-0.224076,0.265361,7.918910
51263719824,-0.614302,-1.943640,-0.563725,-0.097075,-0.168180,0.341270,7.979650
51363844277,-0.609782,-1.396262,0.236531,-0.142740,-0.265867,0.271199,8.031384
51463968730,-2.467798,-0.949650,-0.160140,-0.016511,-0.239093,0.225834,8.070894
51564093183,0.388268,0.538172,-0.713686,-0.089608,-0.246576,0.267546,8.107134
51664217636,0.024225,0.602126,-1.000135,-0.013417,-0.122804,0.173365,8.098630
51764342088,0.365963,-0.338879,0.029700,-0.093571,-0.072416,0.086291,8.123741
51864466541,1.829364,-0.597757,0.700588,0.068892,0.025912,-0.017597,8.056563
51964590994,3.012745,0.011114,0.023519,0.110949,-0.100029,0.008100,8.043876
52064715447,1.092522,-1.647907,0.527433,0.167007,-0.045721,-0.115293,8.024226
52164839899,-0.326743,-2.364360,0.112118,0.140583,-0.029062,0.045415,7.992069
52264964352,-1.207171,-1.601764,-0.226016,0.186475,0.126128,-0.095083,7.965900
52365088805,-0.215943,-1.165460,-0.086321,0.123623,0.071816,-0.106398,7.905460
52465213258,1.778354,-0.341157,-0.214141,0.175998,0.126881,-0.097452,7.882874
52565337711,2.699764,-0.391440,0.236295,0.084875,0.161893,-0.110050,7.869392
52665462163,3.274316,-0.126845,0.642978,0.208790,0.305349,-0.237736,7.870203
52765586616,-0.903955,-1.824583,0.543853,0.280258,0.278904,-0.285033,7.895951
52865711069,-1.433517,-2.385136,-0.521383,0.149415,0.480838,-0.283253,7.837400
52965835522,-2.697120,-4.083523,1.381360,0.168815,0.624639,-0.441139,7.796356
53065959974,1.697966,-1.847773,0.482185,0.146095,0.428133,-0.358117,7.796637
53166084427,-2.035038,-3.074583,0.209943,0.317298,0.527500,-0.447134,7.837706
53266208880,1.990044,-1.145776,-0.256466,0.105771,0.207266,-0.206947,7.846101
53366333333,-0.300122,-1.356757,-0.686081,0.220435,0.263533,-0.298975,7.824706
53466457786,3.421452,0.499789,-0.454433,-0.122454,0.000923,-0.011920,7.830236
53566582238,4.339593,1.315196,0.508253,-0.012694,0.108125,-0.183669,7.882997
53666706691,5.649457,1.924876,-0.393910,-0.254186,-0.348953,0.092922,7.979488
53766831144,3.601916,0.284739,0.087852,-0.260601,-0.242407,0.187257,8.029477
53866955597,-2.451083,-1.880958,0.087877,-0.432607,-0.441570,0.380063,8.143240
53967080050,-0.184166,-2.459903,-0.271883,-0.434190,-0.507978,0.271557,8.251079
54067204502,-1.077611,-1.801499,-0.074050,-0.112623,-0.228705,-0.010848,8.345260
54167328955,-0.521661,-0.179005,-0.756784,-0.166567,-0.323251,0.045788,8.303994
54267453408,-2.385525,-0.697086,-0.667732,0.051851,-0.082063,-0.102733,8.212032
54367577861,-0.529885,-1.064158,-0.467090,-0.033029,-0.073970,0.018538,8.199266
54467702313,-0.381086,-1.439167,-1.310665,-0.121885,-0.056747,0.118729,8.252750
54567826766,-0.606327,-1.025674,-0.492172,0.045909,0.056350,-0.056168,8.306276
54667951219,2.931640,0.690972,-0.431262,0.051094,0.045103,-0.077567,8.322432
54768075672,0.856107,-0.386132,0.397283,0.121710,0.305184,-0.232117,8.233233
54868200125,1.499600,-1.207842,0.094589,0.075879,0.138268,-0.144428,8.189596
54968324577,-0.421553,-1.706940,-0.350922,0.106535,0.132692,-0.157408,8.148653
55068449030,-0.018476,-1.637197,0.462933,0.176382,0.125940,-0.097644,8.247694
55168573483,-0.857808,-1.253336,0.398260,0.176787,0.149680,-0.081376,8.214894
55268697936,-0.853268,-1.430532,-0.126759,0.007335,0.071598,-0.028750,8.193510
55368822388,0.490346,-1.473627,0.210459,-0.056910,0.078776,0.016552,8.210165
55468946841,0.076675,-1.586406,-0.331014,-0.008259,0.064565,0.031587,8.191290
55569071294,0.350523,-2.197653,0.521263,0.006003,0.086010,0.026254,8.234258
55669195747,-0.016386,-2.500174,0.285144,0.069243,0.042734,0.037609,8.309184
55769320200,0.901026,-3.565699,0.835466,0.037077,0.024275,0.008871,8.354088
55869444652,1.319849,-2.998655,1.087726,0.166346,0.025622,-0.012247,8.438349
55969569105,0.314575,-2.288604,-0.577161,0.152590,-0.035349,-0.016920,8.442510
56069693558,0.149754,-2.428926,0.028922,0.066290,-0.035249,0.009143,8.512858
56169818011,0.451858,-1.947726,-0.596012,0.093201,-0.028022,0.025876,8.703264
56269942464,-0.180120,-2.222702,-0.437894,0.004933,0.015166,0.003584,8.861702
56370066916,0.874919,-1.929919,-0.239607,-0.032368,-0.063627,0.068359,8.912205
56470191369,-0.087027,-2.668293,0.316490,0.006119,0.057785,-0.016624,9.078385
56570315822,0.480256,-3.113240,0.426629,-0.054614,-0.003736,0.038082,9.203978
56670440275,-0.070502,-2.728154,0.155751,0.012999,0.072394,-0.035910,9.294974
56770564727,0.563679,-1.459848,0.234836,0.008404,0.056910,-0.014993,9.434587
56870689180,1.459346,-1.081332,0.371826,0.067849,0.114377,-0.061491,9.548266
56970813633,0.948446,-1.674459,0.303405,0.072590,0.110136,-0.071509,9.587323
57070938086,1.050897,-1.703352,0.170117,0.077495,0.064575,-0.058744,9.727515
57171062539,0.356959,-1.841067,-0.177792,0.100782,0.076416,-0.045061,9.831418
57271186991,1.434997,-1.432748,0.242756,0.071792,0.050416,0.004642,9.876027
57371311444,0.277112,-1.641483,0.011746,0.118598,0.101231,-0.073340,10.030121
57471435897,0.311963,-1.361361,-0.181814,-0.003610,0.021761,0.005823,10.126552
57571560350,-0.542841,-1.682552,-0.387368,0.027012,0.078032,-0.031199,10.179116
57671684803,0.872676,-1.371270,-0.073785,-0.053901,-0.010467,0.019635,10.256414
57771809255,1.464541,-1.304391,0.463123,-0.009863,0.029633,-0.019416,10.310433
57871933708,1.186721,-1.235765,0.298370,-0.048232,-0.024804,0.009611,10.272990
57972058161,1.047644,-1.556734,0.204740,-0.021157,-0.020853,0.015288,10.275506
58072182614,0.532594,-1.606269,-0.181177,-0.028779,0.007678,0.021144,10.141729
58172307066,0.589634,-1.460507,0.010114,-0.047356,-0.015880,0.019615,10.249033
58272431519,0.446998,-1.523821,-0.146242,-0.028478,-0.005560,0.027416,10.273286
58372555972,0.639832,-1.536677,0.139310,-0.029404,0.008419,0.010695,10.105917
58472680425,0.371231,-1.433688,-0.173613,0.005078,0.002986,0.004881,10.064812
58572804878,0.805804,-1.242496,0.088173,-0.015645,0.011049,0.022625,10.094975
58672929330,0.630381,-1.129709,0.134481,0.009558,0.003317,0.017959,10.111992
58773053783,0.593238,-1.067069,0.116762,-0.001159,-0.002924,-0.000710,10.084967
58873178236,0.597968,-1.037644,0.154147,0.025223,0.015753,-0.020223,10.035877
58973302689,0.290106,-0.945149,-0.075530,0.017663,-0.007429,-0.006401,10.002193
59073427141,0.159011,-1.081465,-0.079574,0.044458,0.022811,-0.010224,9.985414
59173551594,0.423036,-0.940691,-0.089429,0.038104,0.006067,-0.000456,9.970299
59273676047,0.675973,-0.820796,0.159060,0.039581,0.011391,-0.018503,9.993944
59373800500,0.684393,-0.667678,0.006760,0.032116,0.004021,-0.005481,9.943413
59473924953,0.572175,-0.544877,0.038240,0.023002,0.022077,-0.011955,9.855412
59574049405,0.282102,-0.515765,-0.033396,0.027042,0.019879,-0.017076,9.860947
59674173858,0.325818,-0.542840,0.027162,0.018255,0.024230,-0.023955,9.864312
59774298311,0.193027,-0.550269,-0.014124,0.029064,0.026371,-0.020065,9.791361
59874422764,0.472770,-0.283607,0.011316,0.024387,0.011777,-0.022741,9.789271
59974547217,0.238467,-0.071166,-0.143191,0.034964,0.020842,-0.022749,9.701483
60074671669,0.308211,0.041412,0.043632,0.013603,0.019936,-0.014562,9.679467
60174796122,0.224298,0.168285,-0.062081,0.014584,-0.008204,-0.000993,9.600780
60274920575,0.280662,0.056783,-0.089215,0.017654,-0.012096,0.000378,9.564107
60375045028,0.195588,0.090931,-0.056419,0.012906,0.006547,0.005557,9.564863
60475169480,0.022353,0.060271,-0.000888,-0.006625,-0.010378,0.018565,9.479666
60575293933,0.042461,-0.067287,-0.066420,0.000106,-0.012937,0.002689,9.398405
60675418386,0.111667,-0.163175,0.015546,0.004375,-0.004705,0.000171,9.363723
60775542839,0.210489,-0.126738,0.019911,-0.005075,-0.005843,0.005405,9.281044
60875667292,0.410299,0.080290,-0.049851,0.006382,0.014589,-0.012857,9.240137
60975791744,0.418041,-0.000358,0.017353,0.002344,-0.009293,0.000093,9.213105
61075916197,0.036428,-0.104758,0.050095,0.011722,-0.011821,-0.005442,9.199996
61176040650,0.226828,0.180905,-0.130056,-0.002249,-0.027204,0.024567,9.160669
61276165103,0.003176,0.286986,-0.181942,0.017797,-0.011017,0.010889,9.174912
61376289555,0.199638,0.360882,-0.024114,-0.002819,0.003934,0.004594,9.173943
61476414008,0.164976,0.285564,-0.012840,0.003265,0.004263,-0.004653,9.064768
61576538461,0.211346,0.031969,-0.020063,0.001127,0.003133,0.000666,9.006644
61676662914,0.241209,0.119074,-0.060421,0.007851,0.021903,-0.007723,9.037220
61776787367,0.023306,0.104696,0.040079,0.010268,0.023586,-0.017220,9.091975
61876911819,0.070538,0.159190,0.020368,0.017614,0.026128,-0.020875,9.079576
61977036272,0.010472,0.274997,-0.125443,0.028948,0.017710,-0.016970,9.016521
62077160725,0.252519,0.206493,-0.008066,0.023776,0.021517,-0.016789,8.983711
62177285178,0.414150,0.138987,0.017186,0.020306,-0.010118,0.004849,8.938744
62277409631,0.090993,-0.045518,0.106669,0.021884,-0.004040,-0.006099,8.779221
62377534083,0.123783,0.055021,-0.099564,0.010478,0.003242,0.007230,8.550029
62477658536,-0.193623,1.252923,-0.290962,0.021492,-0.020021,0.005946,8.490502
62577782989,-0.327598,2.475792,-0.252338,0.027316,0.010332,-0.002615,8.429039
62677907442,-0.660875,3.264360,-0.091247,0.062817,-0.029818,0.006408,8.249204
62778031894,-0.749016,3.936454,-0.222526,0.066409,-0.021941,-0.016329,8.093811
62878156347,-1.109381,2.237565,-0.275005,0.100195,0.052193,-0.037528,7.842698
62978280800,-1.092879,2.849916,-0.135831,0.112056,0.099852,-0.029057,7.701091
63078405253,-1.134228,2.047646,-0.110245,0.144397,0.116869,0.000322,7.480698
63178529706,-1.559896,1.387993,0.004580,0.187034,0.176181,0.020441,7.220189
63278654158,-1.555483,1.337796,-0.267517,0.214539,0.190482,0.035369,6.928800
63378778611,-2.054042,1.522423,-0.071018,0.222327,0.187858,0.061298,6.649234
63478903064,-0.973696,0.793829,-0.281633,0.231696,0.201234,0.056403,6.408757
63579027517,-1.550418,1.362872,-0.224519,0.196551,0.257669,0.018907,6.221702
63679151969,-0.873273,1.630494,0.192403,0.160301,0.227632,0.006072,5.961835
63779276422,-0.703257,1.321453,-0.265870,0.161383,0.205655,-0.018453,5.821357
63879400875,-1.031775,0.529489,0.039019,0.180339,0.222382,-0.022725,5.610320
63979525328,-1.125717,0.231468,0.487890,0.131201,0.158569,0.006234,5.338440
64079649781,-0.981670,0.630214,-0.343233,0.121494,0.155539,0.089710,5.191063
64179774233,-0.153614,1.276574,-0.291781,0.011615,0.095976,0.134072,4.724422
64279898686,0.460407,2.153859,-0.284555,-0.009806,0.009566,0.097302,4.474563
64380023139,-0.201596,0.746229,0.217778,-0.052010,-0.101340,0.128009,4.448891
64480147592,1.179359,1.702861,0.375988,-0.121577,-0.182544,0.161585,4.294823
64580272045,-0.183499,0.578973,-0.440418,0.046984,-0.121893,0.029396,4.032910
64680396497,0.083563,1.183266,-0.469074,-0.056809,-0.194883,0.080004,3.785104
64780520950,-0.647253,1.570010,-0.742957,0.089675,-0.172134,0.100246,3.515728
64880645403,0.123038,2.424707,-0.638124,-0.013106,-0.206290,0.103240,3.212840
64980769856,2.042098,2.681142,1.004500,0.015427,-0.099382,-0.040662,2.856675
65080894308,1.727516,1.471540,-0.257032,-0.008110,-0.082864,0.021260,2.688139
65181018761,1.109147,2.920164,0.398419,-0.131413,-0.102824,0.012835,2.500487
65281143214,0.321691,2.397652,0.051121,-0.037821,-0.064494,-0.030757,2.367052
65381267667,0.945861,1.633563,0.101136,-0.062373,-0.125151,0.067530,2.275922
65481392120,0.096270,1.346969,-0.980869,-0.006166,-0.158644,-0.017263,2.100381
65581516572,1.005032,1.089967,-0.258654,-0.182978,-0.236112,0.077990,2.006827
65681641025,-0.235085,1.239077,-0.110059,-0.129379,-0.133986,0.086046,1.836503
65781765478,0.674399,1.457919,0.292782,-0.307054,-0.448731,0.228729,1.738878
65881889931,4.147199,3.212078,-0.187504,-0.281961,-0.442236,0.223257,1.615358
65982014383,2.181796,2.964558,-0.600400,-0.423439,-0.547747,0.325305,1.558989
66082138836,4.433974,4.143539,-0.220160,-0.484385,-0.537569,0.379571,1.494447
66182263289,0.674301,0.636319,-0.013757,-0.310578,-0.373044,0.197127,1.433501
66282387742,3.103555,1.380209,0.378465,-0.395736,-0.398800,0.197755,1.379344
66382512195,0.356120,1.295209,-0.103863,-0.253056,-0.299502,0.098313,1.320493
66482636647,1.835725,1.818531,-0.070576,-0.320615,-0.372849,0.101087,1.269600
66582761100,0.470203,1.498347,-0.532394,-0.100658,-0.176938,0.011759,1.252835
66682885553,1.673015,0.804312,-0.119539,-0.195844,-0.214415,-0.003225,1.172370
66783010006,2.122221,1.477217,0.179549,-0.083326,-0.050477,-0.100237,1.276476
66883134459,1.424250,1.273589,0.178180,-0.064823,-0.121012,-0.096249,1.408262
66983258911,0.473838,0.928063,-0.010499,0.062793,-0.027205,-0.148016,1.539162
67083383364,0.222639,1.580122,-0.624257,0.106294,0.042594,-0.039225,1.789489
67183507817,1.146763,1.909448,-0.666410,0.061578,-0.148099,0.074356,2.092250
67283632270,-1.788762,1.774782,-0.880025,0.188898,-0.026704,-0.072300,2.352136
67383756722,-0.902093,0.840533,0.385178,0.017085,-0.220323,0.091555,2.587325
67483881175,1.429545,1.600746,-0.503698,0.054741,-0.011943,0.034668,2.847285
67584005628,0.652405,2.257869,-0.253046,-0.072900,-0.045033,0.113219,3.066412
67684130081,-0.821057,-0.254477,1.201658,-0.044509,0.153068,-0.051659,3.154685
67784254534,-0.501733,-0.267419,-0.368485,0.021282,0.094075,-0.061026,3.196127
67884378986,-0.276888,0.126544,0.625006,-0.051193,0.124109,-0.013043,3.142879
67984503439,-1.689871,1.165960,-0.864312,0.143447,0.068113,-0.058335,3.117626
68084627892,-0.419513,0.635119,-0.009052,0.024527,0.097956,-0.001300,3.075977
68184752345,-1.213760,0.027620,0.018957,0.099527,0.069716,0.042753,3.051232
68284876797,-1.044022,-0.739928,0.186542,0.102576,0.057733,-0.034001,3.046405
68385001250,-1.084964,-0.774642,0.230559,0.079365,-0.028974,0.063535,3.103015
68485125703,0.263226,0.190110,-0.501264,0.027351,-0.107286,0.043844,3.240744
68585250156,-0.652336,-1.333753,0.234290,0.101892,0.051367,-0.033688,3.453211
68685374609,0.489008,-0.135040,-0.233953,0.041475,-0.074323,0.041192,3.713065
68785499061,-0.336872,-0.258388,0.263564,0.018307,0.043620,-0.037359,3.798256
68885623514,2.680169,0.419116,0.245588,-0.147021,-0.178446,0.137011,3.951671
68985747967,-1.636409,-1.312746,-0.668741,0.130867,0.104042,-0.224624,4.071148
69085872420,-1.132753,-0.624043,-0.410111,-0.026329,-0.059064,0.138073,4.266561
69185996873,-1.055196,-3.163142,1.236569,0.034770,0.180772,-0.071220,4.470494
69286121325,3.222357,0.486740,1.139154,-0.227622,-0.200475,0.130748,4.624722
69386245778,-0.181131,0.479165,0.746225,0.101468,0.039606,0.013208,4.786347
69486370231,1.040401,0.478922,-0.175229,-0.000743,-0.108345,0.055942,4.886622
69586494684,-0.175078,-0.137520,0.449448,0.212229,0.031798,-0.085664,4.967364
69686619136,0.632834,0.222922,1.121368,0.049907,-0.046674,-0.015154,5.031711
69786743589,1.541024,1.215343,1.378771,0.255537,0.006755,-0.025340,4.978316
69886868042,0.170823,0.473400,-0.913636,0.280628,-0.009665,-0.155597,5.013288
69986992495,-0.173844,-0.660252,1.316833,-0.019140,-0.068500,-0.056638,5.003568
70087116948,-0.573151,-0.460218,-0.735162,0.137556,0.019913,0.081906,4.928756
70187241400,0.515947,-0.094614,0.185758,0.063676,-0.042592,0.069967,4.936231
70287365853,-0.769521,0.145967,-0.824734,0.169784,-0.052366,-0.125297,4.825313
70387490306,-0.212226,0.531485,0.252246,-0.003127,-0.118019,-0.036080,4.607661
70487614759,1.780564,1.995522,-0.462513,-0.036506,-0.154808,0.190379,4.434325
70587739212,-1.905612,0.606776,0.574969,-0.069760,-0.124269,0.032352,4.053427
70687863664,2.982001,2.126069,-0.592624,-0.233339,-0.343671,0.315280,3.785105
70787988117,-1.812367,1.157614,-1.083649,-0.014599,0.111960,0.006640,3.531608
70888112570,-1.823223,1.480960,0.667692,-0.069226,-0.102560,0.031719,3.173137
70988237023,-1.302335,-1.137016,0.942445,-0.012868,0.169952,-0.137368,2.876678
71088361475,1.227012,0.397208,1.323311,-0.142747,0.005497,0.075253,2.589507
71188485928,-3.207045,-0.061116,-0.864666,-0.317071,-0.232147,0.194931,2.508181
71288610381,2.023346,2.083207,0.247599,-0.536762,-0.395038,0.503638,2.416042
71388734834,-1.520482,0.576101,-0.605304,-0.184675,-0.036925,0.238867,2.418310
71488859287,0.675504,-0.589902,0.653532,-0.395757,-0.267645,0.059824,2.309913
71588983739,-2.372397,-1.314061,-0.813277,0.199722,0.215311,-0.292676,2.385095
71689108192,-0.087841,0.543029,0.207281,0.013959,0.002838,-0.047229,2.297102
71789232645,2.395983,0.794947,0.873930,0.234471,0.195277,-0.196394,2.202956
71889357098,3.113007,1.026954,-0.664604,0.090199,-0.062163,-0.017441,2.254613
71989481550,0.223076,-1.919072,0.831189,0.121262,0.020740,-0.114991,2.230626
72089606003,-0.620621,-3.077875,-0.022913,0.127161,0.033310,-0.054543,2.217237
72189730456,-1.981178,-1.830571,-0.159219,0.010007,0.175615,-0.176539,2.095723
72289854909,-0.726523,-1.269364,1.032740,-0.133700,0.082509,-0.019852,2.213232
72389979362,0.726487,-0.527027,1.908693,0.382205,-0.007917,-0.054422,2.243302
72490103814,1.173879,0.008268,1.242544,0.167332,-0.034692,0.066275,2.336105
72590228267,0.108806,-0.368473,1.621281,0.158045,0.184515,-0.153861,2.570679
72690352720,-3.193030,-2.563775,-0.204358,0.269996,0.273539,-0.200086,2.859784
72790477173,-1.634170,-0.433427,-0.492444,0.060192,0.094771,0.010220,3.145915
72890601626,-3.645189,-0.554499,-0.682118,0.275493,0.292000,-0.244620,3.313488
72990726078,0.555994,0.053734,0.373676,-0.162017,-0.008845,0.001431,3.726242
73090850531,0.371755,-0.840119,0.306654,0.023518,0.075687,-0.053916,3.886060
73190974984,1.493456,0.549181,-0.613513,-0.056299,-0.102340,0.156607,3.943543
73291099437,-2.385070,-0.762020,-0.582073,0.208182,0.132875,-0.061329,3.825071
73391223889,-0.405301,-1.367854,0.577612,0.048090,-0.119555,0.063211,3.649613
73491348342,-1.475967,-1.768421,0.868533,0.101441,0.047716,-0.024884,3.785629
73591472795,0.025304,-2.623836,0.040624,0.069292,-0.182920,0.191116,3.652627
73691597248,4.336367,-0.360786,0.233665,-0.049607,0.022374,-0.083668,3.578587
73791721701,-1.268489,0.101286,-2.550376,0.272672,0.011747,0.037035,3.660956
73891846153,-2.118795,-0.472420,-1.030053,0.125778,0.019788,-0.003356,3.817884
73991970606,4.029150,-1.092682,4.440449,0.549459,-0.123866,-0.149490,3.961658
74092095059,1.338478,-0.238165,1.795583,0.214268,-0.089009,0.133910,4.090988
74192219512,-3.586738,0.286751,0.778393,0.132783,0.093753,0.081995,4.154393
74292343964,-0.732416,-1.610755,-1.428535,0.004747,-0.198293,0.097050,4.281758
74392468417,-1.199271,-1.022900,0.236000,0.214824,0.150072,-0.087010,4.499998
74492592870,-0.109536,1.510913,-0.225662,0.139790,0.024754,0.001868,4.366995
74592717323,-0.452665,-0.976520,1.981064,-0.072281,-0.254693,0.137643,4.336457
74692841776,-4.260347,-3.290886,-1.644310,0.219366,0.038324,0.016486,4.454663
74792966228,-1.314618,-2.821923,-0.114273,-0.366532,-0.361722,0.300599,4.370148
74893090681,4.586676,0.008503,0.464607,0.042157,-0.499132,0.305524,4.305391
74993215134,-4.142901,0.875845,-2.937916,-0.414549,-0.118954,0.234258,4.315870
75093339587,2.077893,0.714350,1.501290,-0.446590,-0.242378,0.186143,4.252644
75193464040,-2.307779,-0.426394,-1.558558,0.019018,0.224450,-0.175942,4.248834
75293588492,-0.809029,-2.351716,0.055538,-0.339736,0.101178,0.096149,4.190136
75393712945,-0.955203,-2.070599,-1.525996,0.351074,0.227774,-0.092004,4.175699
75493837398,-1.478648,-1.797014,-0.390070,0.234746,0.167733,-0.182270,4.068130
75593961851,4.367024,0.148228,1.813872,0.302408,0.257984,-0.270986,4.122969
75694086303,-0.993219,-1.755462,-1.160430,0.403932,0.372762,-0.256475,4.150466
75794210756,3.836179,-0.012388,0.337897,-0.160490,0.093894,-0.035478,4.103007
75894335209,2.864021,-1.989949,1.509104,-0.027548,0.242599,-0.132701,4.157649
75994459662,-0.120015,-2.082103,-1.766389,-0.236069,-0.061243,0.210036,4.201519
76094584115,-2.757604,-1.570241,-0.775951,0.091683,0.142179,-0.203359,4.249342
76194708567,1.624831,-0.490015,-0.265525,-0.164961,-0.183634,0.024836,4.382695
76294833020,3.058395,-0.945776,0.051160,-0.057474,-0.036042,0.069826,4.441104
76394957473,2.512970,-0.728331,-0.308119,-0.243756,-0.296239,0.170229,4.542803
76495081926,2.768151,-1.971617,0.848321,-0.168892,-0.144879,0.184564,4.689622
76595206378,-2.618290,-3.971198,0.392898,-0.144221,-0.376466,0.275997,4.937869
76695330831,0.155520,-0.675285,0.474212,-0.077198,-0.233014,0.188075,5.124508
76795455284,-0.793714,-2.399242,1.001597,-0.069554,-0.191537,0.125301,5.260064
76895579737,3.666397,-2.699774,-1.289367,0.171143,-0.301694,0.171141,5.401781
76995704190,-1.456068,-3.654254,-4.600585,-0.265627,-0.132365,0.250492,5.555334
77095828642,-2.934589,-1.474632,-0.429757,0.017883,0.074724,-0.160765,5.652183
77195953095,0.688347,0.800941,0.564583,-0.104071,-0.196845,-0.068752,5.821897
77296077548,2.365884,-1.467786,2.635950,-0.093216,0.077019,0.155857,5.890539
77396202001,1.826698,-1.660900,0.283217,-0.226344,-0.146729,0.248729,5.968147
77496326454,4.086301,-1.087784,-0.875859,-0.277448,-0.341389,0.096896,6.070113
77596450906,-0.340366,-2.611351,0.138772,0.072313,0.062369,-0.197600,6.125061
77696575359,4.029215,-0.730425,-0.037753,-0.224804,-0.198677,0.285945,5.999519
77796699812,-1.573053,-2.678347,0.785872,0.243076,0.345506,-0.155299,6.028845
77896824265,-2.045232,-3.051512,0.266177,0.090169,0.005154,0.015504,6.002029
77996948717,-1.482221,-2.033927,0.012578,0.324021,0.198170,-0.164992,5.909010
78097073170,0.150118,-2.033600,-1.297192,0.197605,0.046470,0.017403,5.949794
78197197623,2.367681,-1.335044,-0.149148,0.108728,0.222484,-0.081311,5.973251
78297322076,1.119417,-1.466624,-0.618922,0.133148,0.181883,-0.177377,5.869808
78397446529,1.065976,-1.823969,0.279943,0.100055,0.220005,-0.198362,5.835816
78497570981,-0.907641,-2.989647,0.140556,0.136424,0.184132,-0.066633,5.856411
78597695434,1.067381,-1.647331,0.444149,0.115960,0.175185,-0.032662,5.849075
78697819887,0.500037,-1.830676,-0.061678,0.134916,0.156553,-0.063923,5.837205
78797944340,1.313000,-1.102701,-0.208165,0.059673,0.094546,0.002863,5.769472
78898068792,0.071012,-1.365443,-0.201452,0.102159,0.154272,-0.092920,5.782766
78998193245,0.756497,-0.468825,0.206131,0.060671,0.065191,-0.038845,5.783874
79098317698,0.317489,-0.838619,0.223262,0.086622,0.084820,-0.016486,5.892038
79198442151,0.479730,-0.835545,0.002411,0.074214,0.100309,0.012032,5.898811
79298566604,0.465487,-0.504375,-0.178958,0.104930,0.066268,0.024999,5.933387
79398691056,0.344977,-0.524719,0.246528,0.058770,0.040479,0.033164,6.049577
79498815509,0.219229,-0.265746,-0.222799,0.082703,0.044960,-0.038780,6.108205
79598939962,-0.015595,-0.566576,0.154193,-0.012949,0.020886,0.028779,6.173200
79699064415,0.410153,0.187298,-0.072528,0.068600,0.020893,0.020654,6.303773
79799188868,0.299604,-0.001330,0.268378,-0.000526,-0.011386,0.056600,6.501449
79899313320,0.859781,1.148053,0.142300,0.005111,-0.022272,0.090251,6.660853
79999437773,-0.696185,-0.286376,0.033211,0.040125,0.039371,0.041365,6.668850
80099562226,1.013201,1.047825,-0.208592,-0.003917,-0.048510,0.064506,6.821274
80199686679,-0.986758,-0.755810,-0.358134,0.091302,0.073410,-0.017461,6.959567
80299811131,0.104635,0.816704,-0.244865,0.038834,0.015891,0.043379,7.091695
80399935584,-1.041699,0.635256,0.011594,0.152431,0.122441,-0.039178,7.196877
80500060037,-0.798729,1.501544,0.302827,0.067072,0.048816,0.072655,7.243999
80600184490,-0.844433,-0.164531,-0.138508,0.191113,0.163699,0.020115,7.427149
80700308943,-0.485488,-0.232110,-0.558176,0.176138,0.204288,-0.017313,7.538237
80800433395,-0.225798,-0.399379,-0.187696,0.208589,0.199712,-0.038453,7.597283
80900557848,-1.964978,1.080381,-0.411627,0.218609,0.211268,-0.039412,7.675268
81000682301,-1.292835,0.459486,-0.124183,0.245476,0.225426,-0.033160,7.723560
81100806754,-1.449845,-0.355950,-0.128176,0.266176,0.269883,-0.074613,7.797664
81200931207,-2.430674,1.211621,0.017262,0.262368,0.297120,-0.056298,7.886380
81301055659,-0.730822,-0.981920,0.278578,0.294632,0.362402,-0.091518,7.917111
81401180112,-1.110336,-1.139741,-0.267939,0.277530,0.402402,-0.112730,8.114020
81501304565,-1.095348,-1.298535,-0.051556,0.277712,0.386649,-0.086693,8.032651
81601429018,-1.726324,-0.118439,-0.108793,0.276883,0.368571,-0.035126,8.086639
81701553470,-0.979357,-1.600885,-0.614670,0.351760,0.432623,-0.092852,8.122680
81801677923,-0.567471,0.143398,-0.206528,0.289456,0.369568,-0.064058,8.099849
81901802376,-0.506178,-1.504213,0.018301,0.334898,0.375025,-0.039023,8.156847
82001926829,-0.890471,-0.558849,-0.052216,0.226408,0.318744,-0.035590,8.197137
82102051282,-0.399728,-0.572957,0.762730,0.227693,0.360164,-0.042136,8.207583
82202175734,-0.378363,-1.650250,-0.478979,0.261033,0.326362,-0.062565,8.238358
82302300187,-0.494547,-1.308352,-0.077494,0.235109,0.271076,0.001580,8.249370
82402424640,-0.762268,-1.666075,-0.224861,0.221144,0.225065,0.032149,8.144028
82502549093,-1.532063,-0.334270,-0.268677,0.217249,0.302880,-0.007689,8.302670
82602673545,-2.058728,-1.599771,-0.824112,0.172067,0.137445,0.006123,8.170628
82702797998,-3.129581,-0.550264,-0.159894,0.153683,0.219959,0.089673,8.153755
82802922451,0.718396,-0.793056,0.199238,0.266606,0.165272,-0.005932,8.169930
82903046904,-3.598831,-1.138019,-0.209751,0.181202,0.012575,0.023516,7.900152
83003171357,0.678697,-1.085647,0.023089,0.241846,0.182620,-0.035024,7.896913
83103295809,-0.919794,-1.555405,-0.360278,0.182977,0.050151,0.012219,7.643939
83203420262,-0.641475,-1.389002,0.490410,0.125561,0.159356,-0.053654,7.460259
83303544715,-0.931707,-0.308752,-0.594004,0.108651,0.058886,0.040298,7.283411
83403669168,-0.036396,-1.279056,-0.889864,0.058689,0.167921,-0.006690,6.959729
83503793621,0.370915,-1.627467,-0.110703,0.121998,0.237393,-0.106762,6.732344
83603918073,0.351084,-1.165237,0.730031,0.022729,0.113075,-0.072485,6.499345
83704042526,0.022461,-0.611806,0.840206,0.096266,0.142068,0.015939,6.227343
83804166979,1.303841,-0.598047,0.248586,0.229777,0.138869,0.049576,5.960844
83904291432,1.168690,-2.187387,-2.581145,0.411071,0.160632,-0.142453,5.665886
84004415884,-0.317247,0.138915,-1.985793,-0.055713,0.296670,-0.121298,5.341347
84104540337,-0.550299,1.086328,1.213586,-0.004977,0.159978,-0.055645,5.117918
84204664790,0.887751,1.514788,1.831565,0.361568,0.206946,-0.150769,4.854611
84304789243,0.449731,-0.102134,-0.379260,0.475814,0.259347,-0.049665,4.658388
84404913696,-1.364156,2.589086,1.150598,-0.376808,-0.182558,0.282656,4.512749
84505038148,-3.292009,1.944129,-0.201199,-0.266414,-0.221797,0.071371,4.224453
84605162601,-1.552916,1.428189,0.158079,0.215093,0.395474,-0.180265,3.953959
84705287054,1.863692,-2.880469,-2.302501,0.389012,0.279256,-0.170490,3.684749
84805411507,0.419843,-0.500503,-0.239784,-0.351542,0.062837,0.002776,3.482817
84905535959,-0.763182,0.591285,1.757809,-0.227394,0.061433,0.053120,3.148708
85005660412,-1.328974,-1.782965,-0.321697,0.325316,0.295101,-0.112411,2.892002
85105784865,4.614068,-5.446392,0.660885,0.437616,0.610155,-0.293182,2.678688
85205909318,-2.006687,0.021008,-3.619379,0.153857,-0.327221,0.411121,2.416157
85306033771,10.410419,-3.061200,1.522844,0.774124,0.501737,-0.503510,2.169005
85406158223,-5.260942,3.480811,1.510484,-0.322182,-0.724603,0.452349,2.015671
85506282676,-2.889751,4.733007,4.012787,0.277687,0.427413,-0.182863,1.824554
85606407129,-5.639544,2.716082,-0.707246,-0.364053,-0.322129,0.336428,1.783710
85706531582,3.189904,1.401958,4.466875,-0.302633,0.415159,-0.105479,1.717526
85806656035,5.769154,-1.987926,0.793754,-0.396902,-0.621641,0.501612,1.856310
85906780487,0.684090,-1.110204,0.152154,-0.217463,-0.358581,0.311457,1.906634
86006904940,2.253061,-1.303497,-0.062779,-0.179076,-0.397355,0.315204,1.964820
86107029393,-3.885691,1.264826,0.149347,-0.308763,-0.278144,0.284228,1.893844
86207153846,0.722156,-2.928318,-1.376200,-0.028384,-0.080781,0.145230,2.080243
86307278298,-1.503805,2.282582,1.108558,-0.266238,-0.142894,0.193580,2.117880
86407402751,0.720419,0.159590,0.552222,0.097710,-0.118971,0.018794,2.067058
86507527204,-4.327983,0.614755,0.202947,-0.185759,-0.329257,0.157346,2.258808
86607651657,3.719113,-2.102913,-0.338123,-0.152793,0.096038,-0.135798,2.294389
86707776110,0.743251,0.503375,1.011103,-0.260743,-0.170228,0.261719,2.334624
86807900562,5.768031,-3.339629,-0.133515,-0.299353,0.277245,-0.210920,2.460452
86908025015,-2.562091,4.173180,3.428169,-0.687446,0.033787,0.239875,2.443301
87008149468,-4.484535,1.671736,-2.890620,0.273834,0.864453,-0.496946,2.455234
87108273921,-0.318372,0.015733,-0.194728,0.101203,0.704291,-0.422035,2.557297
87208398373,-6.581436,1.529317,-0.268878,0.073812,0.443044,-0.210000,2.551758
87308522826,7.489407,-2.256406,0.720551,0.549550,0.787013,-0.765703,2.589282
87408647279,-2.056425,-0.593675,-1.394028,0.163139,0.136597,-0.499620,2.665359
87508771732,2.154942,-0.679798,0.223245,0.255686,0.348236,-0.107483,2.770414
87608896185,1.148713,0.756370,-1.174966,-0.375736,-0.069603,0.170542,2.856211
87709020637,2.223835,-2.233007,-1.757011,0.060105,0.254257,-0.103060,2.963740
87809145090,-2.177116,1.753341,-0.309738,-0.327146,-0.135174,-0.114065,3.121290
87909269543,-0.066471,1.327002,1.208803,-0.200348,0.045293,0.114758,3.438620
88009393996,-1.111418,0.367936,-0.308336,-0.047710,-0.053405,0.242217,3.646271
88109518449,0.249262,0.654886,0.520956,-0.147135,-0.029112,-0.171873,4.023794
88209642901,-1.368044,2.150144,0.737899,0.049207,0.088625,-0.196234,4.312793
88309767354,-0.847962,2.052189,0.471115,-0.031443,0.026787,0.037780,4.586364
88409891807,-1.580934,1.704931,-1.918216,-0.129385,0.102902,0.023871,4.891334
88510016260,-1.090682,1.406372,0.271505,0.000232,0.146609,-0.065631,5.050422
88610140712,-3.325887,1.825854,-2.894674,0.004741,-0.370675,0.170801,5.271522
88710265165,-0.378083,-0.043511,-1.101679,0.023764,-0.043141,0.095614,5.633857
88810389618,0.114218,1.628993,0.936916,0.037691,-0.188950,0.097804,5.907929
88910514071,1.529653,0.098877,-1.286907,0.116180,0.004432,-0.104887,6.117869
89010638524,-1.566193,1.334934,0.754552,-0.118267,-0.025012,0.152716,6.327406
89110762976,-0.560474,1.882559,0.738991,0.055326,0.108302,-0.200940,6.557028
89210887429,-1.640878,1.897991,-0.604689,-0.231172,-0.209599,0.056213,6.798751
89311011882,0.883007,1.848255,0.653183,-0.115537,-0.008946,0.204618,7.099012
89411136335,4.256542,-1.370135,-0.343895,-0.258117,-0.468615,0.450329,7.322907
89511260787,3.670057,-0.506491,1.191900,-0.132442,-0.114134,0.093231,7.576313
89611385240,1.201641,0.911425,0.806151,-0.238072,-0.438125,0.271536,7.726851
89711509693,-1.901793,2.452900,0.230057,-0.146511,-0.238187,0.115066,7.982544
89811634146,0.346417,0.881534,0.227660,-0.294674,-0.185753,0.068787,8.138104
89911758599,-0.337469,2.952703,1.581656,-0.236246,-0.020730,0.214907,8.381623
90011883051,0.847818,0.505831,-0.079375,-0.059544,0.010283,0.050105,8.562572
90112007504,-1.895953,1.752340,-0.374373,-0.097335,-0.063520,-0.011735,8.730863
90212131957,-0.168987,-0.330694,-0.711418,0.106958,0.260762,-0.160140,8.973052
90312256410,3.377172,-0.190441,0.664652,-0.026109,0.058854,-0.166391,9.168891
90412380863,0.032540,-1.391918,-0.655233,0.109577,0.063710,-0.220653,9.343436
90512505315,0.763040,0.511399,0.816718,0.008674,0.146152,0.009426,9.521041
90612629768,-0.808527,1.936547,0.774481,0.109308,0.006830,-0.007054,9.517574
90712754221,-3.955869,3.373105,1.109428,-0.197987,-0.041693,-0.088991,9.599012
90812878674,-4.325446,4.324488,-1.415052,0.449682,0.080062,-0.074673,9.668903
90913003126,0.696518,-0.625983,-2.274270,0.503697,0.369414,-0.224994,9.790017
91013127579,3.090695,0.011239,1.051371,-0.481743,-0.423115,0.406372,9.888963
91113252032,5.589784,0.103395,0.275845,-0.266950,-0.123971,0.127975,9.925147
91213376485,4.190870,0.039747,-0.548593,-0.471665,-0.533097,0.462210,9.911573
91313500938,-2.278935,3.767568,0.254367,-0.434610,-0.431113,0.324178,9.966933
91413625390,0.317611,0.326375,-2.019802,-0.088790,-0.478385,0.289151,10.095151
91513749843,-4.410207,3.969458,-0.272691,-0.348706,-0.614200,0.645389,10.099549
91613874296,6.162595,-0.563072,0.882236,-0.126351,-0.371269,0.335643,10.129012
91713998749,-2.813990,6.005466,-0.833902,-0.277473,-0.584414,0.342514,10.177356
91814123202,3.810899,0.742227,0.548856,0.159702,0.333537,-0.231926,10.182942
91914247654,-0.011915,2.355329,-1.208266,0.114452,0.002923,0.080819,10.264150
92014372107,-2.767860,3.558503,-0.914502,0.192828,0.593535,-0.374366,10.376579
92114496560,-2.640997,3.438377,-1.666127,0.068215,0.233706,-0.255401,10.303208
92214621013,-2.569680,2.184506,-1.095850,0.086836,0.709994,-0.422102,10.378593
92314745465,3.821884,0.462571,2.246787,0.034142,0.582092,-0.318096,10.371999
92414869918,-0.809691,1.730210,-1.168737,0.138257,0.170364,-0.161197,10.420541
92514994371,3.944804,-0.683489,0.513223,0.189282,0.412751,-0.250579,10.424294
92615118824,0.326977,1.860352,0.379562,0.107728,0.050467,0.008061,10.406181
92715243277,3.603631,0.910596,-1.064951,0.199781,0.177804,-0.161204,10.481962
92815367729,0.529433,3.286530,0.494657,-0.111866,0.068786,0.057028,10.454449
92915492182,2.222061,1.994211,1.374003,0.041885,0.221886,-0.146444,10.424879
93015616635,1.744628,2.263725,0.512367,-0.142876,0.122915,0.027871,10.413646
93115741088,3.019068,1.164615,1.075453,0.078576,0.233417,-0.056554,10.499167
93215865540,2.616247,2.021981,0.878653,0.079317,0.033352,-0.032586,10.481381
93315989993,0.263674,2.442202,-0.740174,0.076378,-0.048210,0.084954,10.519645
93416114446,3.529633,-0.457262,0.296226,0.193869,0.312303,-0.129896,10.505364
93516238899,3.690621,0.539322,0.589774,0.136415,0.181197,0.073512,10.459383
93616363352,3.487880,1.288074,0.790231,0.232977,0.445457,-0.113509,10.418889
93716487804,2.537680,1.126782,-0.037241,0.196787,0.328492,-0.114249,10.531004
93816612257,0.713568,2.059683,-0.481272,0.193458,0.337751,-0.084192,10.563668
93916736710,2.553232,1.800543,0.221259,0.192358,0.326715,-0.051159,10.480435
94016861163,1.653497,2.941864,0.205179,0.130206,0.314491,-0.052422,10.520164
94116985616,3.147182,2.437804,0.232408,0.231409,0.299676,-0.104165,10.605942
94217110068,1.183089,2.301283,-0.299816,0.151443,0.184603,-0.034887,10.586777
94317234521,1.948317,2.645825,0.035161,0.161872,0.254354,-0.070073,10.588277
94417358974,0.305484,1.405233,-0.033388,0.128246,0.130459,-0.022423,10.573731
94517483427,0.669055,1.414968,0.009091,0.166539,0.170466,-0.025875,10.545492
94617607879,0.579842,1.224481,0.282331,0.165509,0.154380,0.013934,10.575946
94717732332,1.260488,0.967381,0.300941,0.186655,0.184547,-0.030785,10.684484
94817856785,0.570179,1.505657,0.223233,0.119610,0.113917,0.009740,10.679851
94917981238,0.537033,0.506084,-0.218926,0.136400,0.150178,0.003855,10.630203
95018105691,0.327802,0.160428,-0.267260,0.181755,0.161472,0.020634,10.641106
95118230143,0.618640,-0.418594,-0.209540,0.201239,0.185685,-0.088508,10.650112
95218354596,0.728649,0.394336,0.322429,0.185580,0.257852,-0.088022,10.682892
95318479049,2.024387,0.685068,-0.202061,0.253756,0.302053,-0.077854,10.731539
95418603502,1.256575,0.492985,-0.166734,0.142591,0.202456,-0.023965,10.674327
95518727954,1.810199,0.130928,0.108002,0.180412,0.271388,-0.062805,10.752178
95618852407,0.959910,-0.088001,-0.282848,0.159974,0.146690,0.009897,10.731330
95718976860,0.808601,-0.337001,-0.050454,0.197324,0.221064,-0.034856,10.774904
95819101313,0.861919,-1.598032,0.043264,0.184030,0.174192,0.067976,10.795942
95919225766,1.610650,-1.685855,0.103552,0.206388,0.267361,-0.024628,10.757453
96019350218,1.572905,-1.271209,-0.157317,0.188427,0.250256,-0.016727,10.809825
96119474671,1.398730,-1.102239,-0.213777,0.208240,0.252588,-0.024859,10.760824
96219599124,3.152159,-1.922216,-0.236293,0.217406,0.309689,-0.084402,10.844388
96319723577,2.405943,0.128750,0.257289,0.164406,0.247481,0.005119,10.871273
96419848030,4.484998,0.450477,0.243557,0.334252,0.470637,-0.151253,10.873837
96519972482,2.393791,-0.939823,0.739918,0.261836,0.385202,-0.020447,10.827036
96620096935,0.981921,-0.883465,-0.149955,0.443183,0.455022,-0.099037,10.888247
96720221388,1.743288,-0.203608,-0.202385,0.389904,0.512792,-0.076660,10.935401
96820345841,-0.788824,-1.521494,0.117843,0.301053,0.393430,-0.042321,11.006429
96920470293,1.254802,-0.018145,0.037169,0.373046,0.486475,-0.245258,10.891604
97020594746,-0.979852,-0.769334,-0.116024,0.122579,0.215296,0.084590,10.974818
97120719199,3.236397,2.298927,0.101675,0.236017,0.380832,-0.193064,11.040556
97220843652,2.909785,2.013559,-0.529880,0.042053,0.086765,0.068235,11.004821
97320968105,3.515472,1.851728,-0.165901,0.133528,0.159886,0.004433,10.984194
97421092557,2.028289,1.011272,-0.500679,0.011226,0.005679,0.142395,11.063837
97521217010,-0.088522,-0.248860,-0.013099,0.091974,0.130490,0.076747,11.047643
97621341463,1.134777,0.707406,-0.871815,0.226280,0.175090,0.002060,11.045459
97721465916,1.622750,1.378253,-0.130162,0.181695,0.214694,-0.027678,11.043056
97821590368,1.444200,1.837080,-0.005478,0.143292,0.136201,0.052113,11.008691
97921714821,1.145185,1.382333,-0.229024,0.122908,0.100389,0.079144,10.921468
98021839274,1.195679,1.446252,-0.699538,0.122646,0.059191,0.112621,11.061312
98121963727,0.848075,-0.431511,-0.109991,0.077959,0.105119,0.103568,11.075175
98222088180,0.730230,0.594951,-0.121697,0.119775,0.133658,0.013448,11.090793
98322212632,1.713036,0.208056,-0.523891,0.113306,0.087649,0.044861,11.162502
98422337085,1.573711,1.283841,-0.132539,0.034473,0.028099,0.118324,11.115320
98522461538,1.073424,0.221772,-0.357063,0.006951,-0.031034,0.137733,11.019138
98622585991,1.195820,-0.005536,0.211822,-0.119294,-0.095361,0.158186,11.053189
98722710444,-0.941501,-0.849967,-0.149288,-0.085281,-0.087515,0.191703,11.191484
98822834896,1.005649,0.647820,-0.219541,-0.022487,-0.004839,0.031390,11.284388
98922959349,0.195496,-0.933140,0.234949,-0.046047,-0.063640,0.050466,11.325933
99023083802,3.319818,1.063319,-0.824012,0.220246,0.166288,-0.125654,11.339268
99123208255,0.436338,-1.781682,0.881437,-0.153394,0.046467,0.068352,11.301997
99223332707,-0.330547,-1.701644,1.335772,0.025563,0.088509,-0.023660,11.377760
99323457160,0.057621,-1.357887,1.019376,-0.252770,-0.022002,0.059852,11.317332
99423581613,0.805992,-0.093119,1.218675,-0.166708,0.069957,0.024658,11.348167
99523706066,1.738282,-0.493076,-0.315645,-0.126022,-0.049545,0.046105,11.490163
99623830519,-0.113359,-0.905333,0.567038,-0.127920,-0.008596,0.096808,11.476490
99723954971,2.517561,0.979787,-0.488895,0.132468,0.117503,-0.043218,11.446511
99824079424,1.230721,0.438012,-0.228972,0.036717,0.031080,-0.008993,11.551665
99924203877,-1.241095,-1.744564,0.471588,-0.020373,0.089243,0.086259,11.529897
100024328330,-0.987273,-2.070748,-0.360881,-0.071260,-0.270618,0.219774,11.576847
100124452782,0.687820,-0.879139,-0.302928,-0.078660,-0.189820,0.201165,11.668769
100224577235,1.894835,2.757113,-0.096096,-0.208385,-0.223080,0.284554,11.551606
100324701688,1.192857,0.577281,-1.234029,-0.100540,-0.185253,0.131768,11.617914
100424826141,0.676663,-1.536132,-0.971647,-0.114783,-0.154289,0.174961,11.606320
100524950594,-1.197752,-3.845831,-0.048771,-0.200612,-0.025059,0.221086,11.513824
100625075046,0.325109,-3.397813,-2.637190,0.013712,-0.483493,0.389455,11.476854
100725199499,0.611886,1.654927,-0.042827,-0.059268,-0.265134,0.184956,11.376095
100825323952,1.619837,5.250193,1.671134,-0.260528,-0.667267,0.468187,11.294015
100925448405,0.295748,0.216253,-0.118484,-0.056067,-0.232769,0.256690,11.157901
101025572858,-1.209727,-1.837499,0.020362,0.280820,0.373299,-0.265861,11.143187
101125697310,-1.476729,-1.689419,0.344411,0.318395,0.448908,-0.285002,11.009800
101225821763,0.801619,2.631614,0.541029,0.279113,0.401854,-0.401998,11.014182
101325946216,0.274858,0.072635,0.867739,0.089709,0.325357,-0.272449,11.012137
101426070669,0.885227,3.118183,0.134070,0.105402,0.442651,-0.281846,11.010899
101526195121,-1.700289,-0.901417,-1.012875,-0.051710,0.161798,-0.128806,10.962704
101626319574,-0.952751,0.085274,0.150820,0.078993,0.154506,-0.151655,11.024953
101726444027,-0.378863,-1.207667,0.421467,-0.050975,-0.084041,-0.001936,10.977527
101826568480,0.575687,0.921397,-0.413271,0.022791,-0.001842,-0.000736,11.009513
101926692933,0.600837,1.319743,0.232429,-0.200401,-0.092037,0.101700,11.018965
102026817385,0.900925,0.671062,-0.217623,-0.114551,-0.040087,0.070686,10.891842
102126941838,-0.172790,-0.164168,-0.961776,-0.163678,-0.128169,0.159255,10.831988
102227066291,-1.434972,-0.833781,-0.099493,-0.192925,-0.249926,0.067848,10.875048
102327190744,-0.127418,-0.514193,-0.228425,-0.115551,-0.424443,0.189822,10.813394
102427315196,-0.854903,-2.449329,-0.065205,-0.211008,-0.358083,0.507172,10.675160
102527439649,1.805309,1.756508,-1.243337,-0.221130,-0.230807,0.306739,10.675474
102627564102,-0.611115,-3.598541,-2.387448,-0.159846,-0.110301,0.119533,10.613278
102727688555,0.198448,-1.918459,-0.073043,0.017825,0.643368,-0.273775,10.514521
102827813008,0.467954,2.926904,2.243702,0.077036,0.472743,-0.391497,10.465573
102927937460,-1.250090,0.493287,0.082879,0.009451,0.040527,-0.237438,10.497566
103028061913,-0.827938,-0.741774,0.290611,0.072638,0.109951,-0.017597,10.368199
103128186366,-0.943303,-1.134218,-0.230621,0.229545,0.292131,-0.103858,10.259661
103228310819,-0.239622,0.567251,-0.852227,0.219992,0.305341,-0.287243,10.173315
103328435272,-0.020754,-3.168255,-0.772682,0.087674,0.157595,-0.187628,9.957538
103428559724,0.245187,0.785306,0.763729,0.084601,0.260439,-0.209398,9.836929
103528684177,-2.999771,0.732574,0.896532,0.047650,0.233989,-0.081916,9.605147
103628808630,0.544766,1.180711,-0.606222,0.246277,0.336332,-0.293557,9.366695
103728933083,-1.878060,-2.351209,-0.718643,0.009013,0.295292,-0.322223,9.236409
103829057535,-1.254033,-2.512942,-1.185730,-0.077132,0.108337,-0.084689,9.061337
103929181988,0.411186,-2.596735,-0.809463,-0.246501,0.242246,0.055955,8.908337
104029306441,0.724424,-0.587792,1.705705,-0.265304,0.163295,0.016438,8.681692
104129430894,0.523241,0.132703,-0.480474,-0.117268,-0.182000,0.072508,8.417967
104229555347,-0.855627,-1.441164,1.232017,-0.043131,-0.111664,-0.010879,8.260917
104329679799,-0.901565,2.788211,1.739125,0.143154,0.006734,-0.086212,8.175422
104429804252,-1.055209,3.592909,0.292151,0.122108,0.008765,-0.003643,7.992132
104529928705,1.504912,1.311319,0.221528,0.091666,0.227120,-0.210273,7.751603
104630053158,-1.503409,-2.527773,0.294820,-0.035605,0.151545,-0.050453,7.467411
104730177611,-0.798297,-2.401275,-0.074046,0.199120,0.445162,-0.274689,7.422129
104830302063,1.882766,2.962433,1.156412,0.103890,0.334126,-0.236300,7.394740
104930426516,-1.374865,0.956427,2.956391,0.428691,0.496571,-0.450005,7.289978
105030550969,-3.524061,-3.616103,2.569173,0.251967,0.474466,-0.286621,7.111954
105130675422,-3.072978,-2.597373,1.136369,0.565467,0.539439,-0.453681,6.887761
105230799874,0.419210,3.590735,-0.213908,0.355218,0.353236,-0.393770,6.715362
105330924327,-1.335251,-2.016850,-0.084296,-0.097118,0.076846,-0.040676,6.735083
105431048780,1.510915,3.827322,0.965544,0.118282,0.072708,-0.125528,6.675737
105531173233,0.254058,3.487567,0.489787,-0.098345,-0.422755,0.217516,6.664656
105631297686,-0.850033,1.308910,-0.744975,0.008169,-0.098766,0.100928,6.647937
105731422138,0.052646,1.916692,0.220460,0.033876,0.079783,-0.035414,6.604811
105831546591,0.130869,0.101594,0.543950,-0.042097,0.009492,0.035692,6.489939
105931671044,-1.531589,-1.433493,0.656625,0.170411,0.017838,-0.011134,6.450605
106031795497,-2.349868,1.432656,0.647851,0.139966,-0.060143,-0.069624,6.401631
106131919949,-0.945052,4.211427,1.333997,0.132464,0.027037,-0.126325,6.323210
106232044402,0.600525,2.497172,0.181887,0.050864,-0.003073,0.038919,6.228060
106332168855,-1.305639,1.665985,0.231679,0.101857,0.162131,-0.092807,6.215432
106432293308,-2.620213,-0.459504,-0.735347,0.024042,-0.171516,-0.104413,6.220946
106532417761,-2.613462,-1.856959,-0.349806,0.064438,-0.096064,-0.125668,6.058387
106632542213,-3.124948,-5.223710,-1.936801,0.117278,-0.083521,-0.046491,6.023535
106732666666,0.753935,2.394374,1.045388,0.414365,0.759798,-0.574541,6.095485
106832791119,2.579077,3.961170,1.046025,0.357086,0.533270,-0.220112,6.059296
106932915572,-0.426567,0.299930,-0.898750,0.402196,0.458345,-0.288926,6.009895
107033040025,1.756688,3.070141,-1.562095,0.299532,0.450354,-0.437829,6.065451
107133164477,-1.418428,-0.491554,-0.469792,-0.060342,0.404054,-0.238823,6.179232
107233288930,-0.405611,1.591153,0.036005,0.078275,0.455157,-0.236766,6.186024
107333413383,-4.209935,-4.757876,-1.849778,-0.048827,-0.030862,0.112300,6.248224
107433537836,-2.905718,-1.795407,-0.207978,-0.042965,0.189438,-0.257289,6.425599
107533662288,-2.414020,-1.755889,0.257030,-0.243629,-0.230366,0.211065,6.500000
107633786741,-0.376028,1.874910,-0.010123,-0.105596,-0.004480,0.072285,6.558751
107733911194,0.458200,2.440555,-0.457545,-0.228978,-0.147374,0.125153,6.718727
107834035647,0.271195,1.433676,-0.576917,-0.111606,-0.038054,0.100275,6.783988
107934160100,-0.251867,1.764358,0.174209,-0.108667,-0.170290,0.153518,6.758191
108034284552,-1.086040,2.192646,1.350266,-0.108551,-0.127777,0.228856,6.829491
108134409005,-2.145984,0.142192,0.330680,-0.066891,-0.238112,0.279480,6.881359
108234533458,-2.608109,-3.282671,-0.332098,-0.067612,-0.151916,0.239970,6.900817
108334657911,-2.328535,-3.059711,-0.422671,-0.166576,-0.334675,0.332829,7.036136
108434782363,0.323757,0.904146,-0.207519,-0.129958,-0.212806,0.155281,7.097270
108534906816,1.363123,2.837901,0.152112,-0.279716,-0.345491,0.284004,7.101647
108635031269,0.590830,0.770077,-0.205924,-0.219907,-0.217781,0.193269,7.063379
108735155722,-1.086099,-0.230976,0.715958,-0.329878,-0.263898,0.242719,7.159552
108835280175,-2.585532,0.574164,1.443203,-0.291341,-0.139479,0.085198,7.184359
108935404627,-0.834689,1.183307,0.644554,-0.264352,-0.146754,0.070566,7.196527
109035529080,-2.180619,-4.326834,-0.076088,-0.303461,-0.221892,0.201302,7.335264
109135653533,-1.239290,-1.404206,-0.869145,-0.050786,0.204326,-0.067225,7.363595
109235777986,-3.016046,-0.110344,0.120142,-0.141669,0.051080,0.019239,7.403969
109335902439,-1.408599,0.787913,-0.784362,0.116424,-0.008412,-0.059804,7.448989
109436026891,-0.589849,0.255712,-0.822659,-0.007608,-0.106051,0.140924,7.491337
109536151344,-0.902258,0.104012,-0.436536,-0.043083,-0.240814,0.160299,7.512717
109636275797,-2.693193,-1.958507,-0.829534,-0.052443,-0.239009,0.075404,7.524140
109736400250,-2.692090,-0.632897,0.200234,0.061435,0.116293,-0.093834,7.619569
109836524702,-3.862608,-1.336936,0.075388,0.013453,0.006902,-0.005418,7.602221
109936649155,-1.817524,0.732867,-0.139281,0.083037,0.058454,-0.001279,7.684892
110036773608,0.696156,1.869197,-0.170343,-0.233265,-0.207679,0.195154,7.618586
110136898061,0.201154,1.196114,0.236918,-0.174188,-0.133905,0.145615,7.629030
110237022514,-0.295249,0.939556,0.227323,-0.140570,-0.114131,0.098589,7.604785
110337146966,-2.051686,1.164349,0.331820,-0.163985,-0.036186,0.046804,7.614835
110437271419,-1.176922,1.505151,-0.020700,-0.091497,0.057377,-0.013194,7.651101
110537395872,-1.068912,0.147893,0.733004,-0.105547,0.022787,0.060536,7.695078
110637520325,-0.489248,0.355222,0.239651,-0.009789,0.011143,-0.008130,7.737260
110737644777,-0.827090,0.317984,0.658698,-0.000401,0.024840,-0.084624,7.742660
110837769230,-0.449579,0.950196,0.100778,0.038387,0.072255,-0.068880,7.771671
110937893683,-1.141806,1.040480,0.294589,0.037110,0.086741,-0.067719,7.786153
111038018136,-2.198377,0.324051,0.542008,0.104267,0.046449,-0.085093,7.747582
111138142589,-1.836143,1.125248,0.365666,0.027458,-0.053736,0.079533,7.848156
111238267041,-2.123018,1.680765,-0.081156,0.024432,-0.058933,0.077998,7.883304
111338391494,-1.599132,1.927576,0.133928,0.017032,0.101962,-0.162729,7.861767
111438515947,-1.158318,2.125035,0.376569,0.004870,0.076837,-0.136948,7.953006
111538640400,-2.174340,1.163308,-0.042861,0.072055,-0.015212,0.057138,7.950749
111638764853,-1.228018,1.243440,0.333883,0.166442,0.016629,0.015353,7.937127
111738889305,-1.534184,1.313855,0.385336,0.097408,0.018452,-0.051438,7.970401
111839013758,-3.182473,0.510962,-0.040413,0.042791,0.025513,-0.074978,8.014260
111939138211,-1.459131,0.974432,-0.632816,0.058477,0.043827,-0.093195,8.045106
112039262664,-1.178857,0.003151,-0.043670,-0.042675,-0.097325,0.058382,8.074622
112139387116,-1.387926,0.620651,0.238799,-0.069927,-0.065593,0.028979,8.160816
112239511569,-1.180828,1.780991,-0.098826,-0.078282,-0.037179,0.041539,8.146653
112339636022,-0.950478,1.853117,-0.477409,-0.002447,-0.133258,0.099070,8.128202
112439760475,-2.516625,0.967919,-0.576455,0.033551,-0.322296,0.162326,8.150000
112539884928,-2.948442,-0.138064,-0.874349,-0.021993,-0.239840,0.168701,8.191436
112640009380,-2.335431,0.627530,0.359388,-0.164556,-0.028952,0.049903,8.252333
112740133833,-2.573097,1.724682,0.848431,0.043310,-0.036488,-0.013965,8.240747
112840258286,-2.943018,2.208889,0.054374,0.305891,-0.169498,-0.005267,8.273689
112940382739,-3.358559,2.227727,-0.502604,0.187879,-0.090182,0.000782,8.352703
113040507191,-3.572848,1.529661,1.262221,0.038168,0.052200,-0.055093,8.358055
113140631644,-3.360857,1.379982,1.814622,-0.274066,-0.029180,-0.026177,8.340485
113240756097,-5.019595,-0.615018,1.724957,-0.837106,-0.292445,0.243483,8.370230
113340880550,-4.984658,1.474880,0.613075,-0.303253,-0.114643,0.123876,8.399776
113441005003,-2.172753,5.766416,-0.741259,0.359510,0.018822,-0.049894,8.328751
113541129455,-0.527637,5.937637,1.049392,0.278000,-0.067777,0.006157,8.228958
113641253908,-0.153118,4.025084,-0.015419,0.280645,-0.186653,0.074650,8.133719
113741378361,-1.605219,3.525822,-0.220498,0.258241,0.062342,-0.022396,8.033210
113841502814,-1.049562,4.680460,1.005089,0.040753,0.233466,0.008201,7.877370
113941627267,0.541209,5.527332,-0.534952,0.180628,0.305458,0.112861,7.779163
114041751719,0.714432,5.628119,-0.855599,0.265783,0.378697,0.054270,7.690595
114141876172,-0.351802,5.396968,-0.577146,0.362667,0.432031,-0.035697,7.488979
114242000625,-0.766181,7.408785,-0.360683,0.577807,0.621272,-0.095435,7.374328
114342125078,-1.207725,6.691991,0.159867,0.576909,0.683711,-0.103181,7.260250
114442249530,-2.358971,6.432246,0.203301,0.603834,0.713348,-0.060758,7.068054
114542373983,-2.673536,6.179470,-0.163135,0.605589,0.792597,-0.038511,6.961177
114642498436,-2.401820,6.374262,0.065135,0.600008,0.887842,-0.159334,6.839768
114742622889,-2.867749,6.762081,0.174059,0.685780,0.898120,-0.254683,6.660173
114842747342,-3.341749,6.648887,-0.402525,0.808162,0.968841,-0.208201,6.564477
114942871794,-3.600877,4.824831,-0.187478,0.694611,0.843966,-0.068590,6.438707
115042996247,-2.962621,4.018788,-0.564592,0.704782,0.755587,-0.015307,6.275795
115143120700,-2.460891,2.684081,0.054073,0.678563,0.667430,0.031284,6.126785
115243245153,-1.680455,0.552782,0.756327,0.525114,0.601569,-0.011547,6.011327
115343369606,-0.888996,0.130535,0.697654,0.446000,0.539674,-0.050960,5.853262
115443494058,-0.730992,0.260800,-0.009879,0.431516,0.474505,-0.050901,5.700486
115543618511,-0.982348,0.219869,-0.074664,0.331632,0.396386,-0.025325,5.546160
115643742964,-1.192647,-0.412164,-0.108223,0.284845,0.292259,0.000018,5.388924
115743867417,-1.477047,0.270193,-0.426715,0.219023,0.255482,-0.000545,5.244395
115843991869,-1.277344,0.216402,-0.522857,0.156690,0.245534,-0.046899,4.967618
115944116322,-1.268889,-0.443026,-0.291286,0.150856,0.174947,-0.093242,4.761310
116044240775,-0.766321,-1.237119,-0.003703,0.082767,0.079634,-0.035185,4.501258
116144365228,-1.133645,-0.783386,0.365258,0.079349,0.105707,-0.007147,4.165688
116244489681,-1.272541,-0.417542,0.055649,0.067862,0.059113,0.009619,3.862776
116344614133,-0.570824,0.233143,-0.234046,0.065563,0.026245,-0.011043,3.617430
116444738586,-0.135447,0.490027,-0.590516,0.055526,0.028613,-0.023111,3.463624
116544863039,-0.221003,1.048051,-0.314399,0.035811,0.040557,-0.052870,3.308461
116644987492,0.101310,-0.002081,0.180468,-0.023786,-0.024005,-0.003649,3.061921
116745111944,-0.936540,-0.573138,0.538718,0.024864,0.011612,0.033732,2.844955
116845236397,0.404832,-0.408990,0.448296,0.065494,0.090375,-0.002076,2.699837
116945360850,1.474146,-0.741794,-0.549263,0.079802,0.000646,0.047225,2.573582
117045485303,1.462042,0.405010,-0.785575,-0.025030,-0.209794,0.174342,2.456459
117145609756,1.100416,1.601761,0.318329,-0.111436,-0.151321,0.065389,2.366343
117245734208,-0.073053,0.101140,-0.873422,-0.018589,-0.124077,0.096295,2.290986
117345858661,-0.105795,-0.011003,-2.891711,0.094873,-0.112265,0.009776,2.173985
117445983114,0.796971,0.863734,-1.914487,0.081014,-0.199707,-0.020285,2.090247
117546107567,1.137692,0.842302,-1.313661,0.183631,-0.246647,0.109253,2.053892
117646232020,0.956451,-0.527783,-0.806502,0.142043,-0.045806,-0.043754,1.902014
117746356472,1.572907,-1.379841,-1.088238,0.088059,0.032737,-0.082970,1.842267
117846480925,1.813505,-0.431690,-2.131230,0.036096,0.140809,-0.061835,1.805066
117946605378,-0.570957,0.841304,-0.200317,-0.009872,0.273906,-0.167926,1.670840
118046729831,-1.026496,1.584307,0.480909,0.051439,0.149717,-0.186761,1.632144
118146854283,-0.090973,1.857831,0.003946,0.100572,0.158377,-0.124717,1.546028
118246978736,0.852992,0.003750,-0.423549,0.045855,0.202673,-0.077811,1.483180
118347103189,1.658344,-1.518517,-0.774778,-0.002678,0.099196,-0.106688,1.439569
118447227642,0.665645,-0.125030,-0.703872,-0.066694,-0.046556,0.023807,1.422166
118547352095,0.171148,0.018633,-0.693527,-0.074576,-0.077176,0.084550,1.568842
118647476547,0.692273,-1.000273,0.195261,-0.046780,-0.051058,0.036968,1.638711
118747601000,0.219210,-1.071575,0.466506,-0.064883,-0.023301,0.004783,1.770928
118847725453,-0.292586,-1.095099,-0.469194,-0.071521,0.052812,0.022060,2.032377
118947849906,0.458013,0.459624,-1.135147,-0.010744,0.129349,-0.128640,2.188237
119047974358,0.288365,0.125110,-0.271099,0.106092,0.140208,-0.286541,2.403850
119148098811,-1.132732,0.190227,-0.095095,0.214661,0.190308,-0.218199,2.641964
119248223264,-1.996923,0.524570,-0.074566,0.183761,0.156294,-0.165607,2.877436
119348347717,-2.008535,-0.322429,0.309111,0.098498,0.117476,-0.105121,3.123576
119448472170,-3.518311,-0.027164,0.861289,0.048940,-0.085868,0.112255,3.394233
119548596622,-4.251942,1.361105,1.014505,0.099659,-0.141685,0.148924,3.596188
119648721075,-2.870701,1.232937,1.112059,0.003700,-0.239281,0.230409,3.791571
119748845528,0.286224,-2.358167,0.933172,-0.198501,-0.362479,0.271984,4.060319
119848969981,1.603217,-3.354345,0.007046,0.107768,0.091944,-0.033769,4.225502
119949094434,0.859928,-2.452688,0.187453,0.249278,0.296301,-0.273334,4.422681
120049218886,1.458217,-2.025383,-0.259111,0.258810,0.290411,-0.293119,4.661337
120149343339,-0.331555,0.564332,-0.412926,0.268149,0.334854,-0.310495,4.898333
120249467792,-2.878076,2.643289,-0.438633,0.263875,0.323303,-0.417900,5.099222
120349592245,-2.035184,1.289176,-0.165328,0.231767,0.322803,-0.228758,5.326240
120449716697,-0.134394,-1.297035,0.413860,0.144791,0.318463,-0.056021,5.499345
120549841150,0.186718,-0.814033,-0.335916,0.279031,0.323313,-0.238040,5.663007
120649965603,-0.027820,-0.860467,0.341131,0.240036,0.303118,-0.236754,5.879952
120750090056,-1.114655,-0.018147,0.784469,0.308457,0.373168,-0.290114,6.016091
120850214509,0.268736,0.135022,0.531927,0.162507,0.357100,-0.260862,6.172888
120950338961,0.494694,0.134700,1.068799,-0.017534,0.407647,-0.161275,6.341500
121050463414,-2.142573,0.918225,0.650353,-0.025863,0.211489,-0.096888,6.525423
121150587867,-1.506860,0.106854,-0.154953,0.005824,0.000058,-0.041060,6.706865
121250712320,-1.090148,-0.608781,-0.146798,0.056791,0.089762,-0.062236,6.844912
121350836772,-0.972419,-0.681203,0.465877,0.030564,0.187274,-0.093847,7.006655
121450961225,-0.217863,-0.676641,0.064891,-0.004997,0.133374,-0.044704,7.124273
121551085678,-0.663903,-1.160869,0.169113,-0.049431,0.027038,-0.003470,7.269616
121651210131,-1.809549,0.784520,1.891849,-0.015312,-0.221443,0.061472,7.470371
121751334584,-0.355817,0.705280,0.231747,-0.021730,-0.364142,0.259759,7.616246
121851459036,0.485669,-1.215361,-1.065103,-0.072994,-0.086668,0.079574,7.727829
121951583489,-0.043976,0.031141,-0.202423,-0.068365,0.050070,-0.075974,7.892332
122051707942,-0.076714,0.104429,-0.092257,-0.001696,0.066473,-0.012148,8.065575
122151832395,-0.579516,-0.363085,0.353894,0.012905,0.127076,-0.090770,8.214409
122251956848,-0.952338,-1.463365,0.601258,0.026092,0.108320,-0.178341,8.371253
122352081300,0.816208,-3.302852,0.804063,-0.042032,-0.103370,0.012326,8.475606
122452205753,0.269855,-0.404700,0.536238,0.017593,-0.121999,0.071136,8.608525
122552330206,-0.333405,0.681816,-0.445161,-0.027149,-0.201141,0.122809,8.760758
122652454659,0.218602,1.282285,-1.904993,0.175312,-0.177268,0.060422,8.871344
122752579111,-2.211185,0.903256,-1.076874,0.313855,0.020509,-0.069373,8.960952
122852703564,-0.522726,-1.706019,0.959505,0.116159,0.021912,0.046676,9.091706
122952828017,-0.131849,-1.124550,-0.268267,0.177114,0.098240,-0.116064,9.224159
123052952470,0.350718,-1.338302,-1.487323,-0.134895,0.035274,-0.190989,9.316742
123153076923,1.657756,-2.760981,0.048068,-0.360613,-0.044524,-0.018228,9.412045
123253201375,0.096064,-2.224996,-0.223742,-0.101167,-0.093199,0.100848,9.443130
123353325828,0.193602,-0.383119,-0.338802,-0.028104,-0.086909,0.059183,9.523320
123453450281,0.019964,0.395075,0.617509,-0.036076,-0.108212,0.148441,9.605000
123553574734,0.716116,0.537310,0.326819,-0.041599,-0.229212,0.083499,9.607083
123653699186,-0.600483,0.288801,0.848456,-0.143309,-0.319156,0.078674,9.580995
123753823639,0.979091,-1.304664,-0.090311,-0.107256,-0.370211,0.209071,9.640969
123853948092,3.923058,-1.937796,-0.938019,-0.178228,-0.442536,0.266164,9.685482
123954072545,1.739835,-1.367466,-0.638390,-0.177105,-0.339349,0.199696,9.684174
124054196998,-1.927224,1.152169,-0.218789,-0.245224,-0.376646,0.112462,9.687248
124154321450,-0.344476,-0.266997,-0.609087,-0.495540,-0.608648,0.368762,9.668004
124254445903,-1.144396,2.477444,-1.444883,-0.202772,-0.270452,0.264855,9.665173
124354570356,-2.799287,3.219678,-1.025208,-0.211480,-0.272178,0.174587,9.691046
124454694809,-3.377815,2.560166,-0.691338,0.152037,-0.002069,-0.038634,9.701691
124554819262,-3.345009,3.044703,-1.906748,0.495593,0.242120,-0.231608,9.707594
124654943714,-0.092477,-2.098228,-0.968073,0.231417,0.319194,-0.311543,9.672187
124755068167,1.107326,-3.994348,-0.879357,0.159849,0.293329,-0.292059,9.649950
124855192620,0.144698,-3.213364,-1.570601,0.137959,0.311093,-0.272804,9.652477
124955317073,-2.386571,-0.384059,0.186803,0.040368,0.384589,-0.246329,9.620225
125055441525,-2.215936,0.761950,0.409345,0.106498,0.330092,-0.213525,9.588791
125155565978,-2.072415,0.645196,0.495707,0.184112,0.369953,-0.269107,9.537832
125255690431,-0.778770,-2.347289,0.700371,0.177515,0.345660,-0.274090,9.468182
125355814884,-0.668325,-1.941641,-0.237779,0.231962,0.368956,-0.295219,9.479200
125455939337,0.099739,-1.808893,-1.327251,0.148395,0.299019,-0.189310,9.455638
125556063789,-1.033324,-1.152624,-0.412175,0.115254,0.334488,-0.202001,9.359774
125656188242,-1.487064,-1.067861,-0.054759,0.105783,0.195927,-0.173175,9.321698
125756312695,-0.517370,-1.107979,-0.062737,0.078607,0.112110,-0.097122,9.296984
125856437148,-0.982944,0.581673,0.238695,-0.069302,0.021825,-0.008097,9.255104
125956561601,-0.413767,-0.901161,0.251503,-0.168953,-0.145590,0.132786,9.241246
126056686053,-0.028991,-1.215535,-0.369028,-0.165738,-0.034722,0.092477,9.163065
126156810506,-0.847279,-1.168540,-0.369311,-0.162955,0.041269,0.064669,9.066122
126256934959,-0.824897,-1.054000,-0.592043,-0.041909,0.046701,0.064791,9.081590
126357059412,-0.799949,-0.336467,0.052706,-0.045359,0.028154,-0.039797,9.085359
126457183864,-2.037806,0.133640,0.970535,0.035519,0.123985,-0.140052,9.011947
126557308317,-2.498670,-0.548993,0.753359,0.044279,0.110631,-0.080581,8.986268
126657432770,-0.673424,-2.669267,-0.111501,0.022923,0.145787,-0.087317,9.031049
126757557223,-0.510489,-2.228377,-0.103035,0.034911,0.239040,-0.105728,8.960856
126857681676,-0.681997,-1.568643,0.023144,-0.000637,0.146614,-0.073226,8.926852
126957806128,-1.270893,-0.593932,-0.066392,0.005777,0.045452,-0.088025,8.975406
127057930581,-1.993755,-0.703189,0.552532,-0.029705,0.028981,-0.050739,8.992238
127158055034,-1.856753,-1.074197,0.644727,-0.024935,0.030057,-0.021189,8.991282
127258179487,-1.258857,-1.238071,0.099590,-0.048360,-0.033479,-0.002306,8.923094
127358303939,-1.535849,-1.127409,0.451073,-0.074670,-0.023710,0.036090,8.921643
127458428392,-1.402954,-1.599027,0.160932,-0.154424,-0.091621,0.109547,9.091658
127558552845,-0.232462,-3.136886,-0.151643,-0.173309,-0.130882,0.066936,9.135053
127658677298,-0.901022,-2.280895,-0.235953,-0.200828,-0.212156,0.068328,9.100530
127758801751,-0.941897,-1.895458,-0.158719,-0.260466,-0.269764,0.091201,9.103546
127858926203,-1.619572,-1.585948,0.120036,-0.158940,-0.162683,0.024263,9.098651
127959050656,-1.804267,-1.876394,0.521246,-0.139305,-0.184307,0.118443,9.157659
128059175109,-1.619349,-1.093851,0.311648,-0.097820,-0.179728,0.154332,9.296284
128159299562,-1.372417,-1.065454,-0.344967,-0.098492,-0.167723,0.066758,9.340037
128259424015,-1.736148,-0.371735,-0.129762,-0.074548,-0.133408,0.000067,9.381453
128359548467,-0.697943,-0.971498,-0.092749,-0.080217,-0.154365,0.052366,9.466977
128459672920,-0.130091,-2.078800,0.373836,-0.029471,-0.092863,-0.043916,9.520437
128559797373,-0.355683,-2.335261,0.336599,-0.054382,-0.100502,-0.020036,9.614564
128659921826,-0.636155,-1.367323,0.183799,-0.059652,-0.082316,0.002417,9.702844
128760046278,-0.875744,-0.461044,-0.075308,-0.048804,-0.116352,-0.019903,9.807674
128860170731,-1.077639,-0.051565,-0.102812,-0.020784,-0.107813,-0.043621,9.878826
128960295184,-0.955862,-0.617464,-0.082042,-0.031526,-0.121667,-0.027723,9.981113
129060419637,-0.734198,-0.915038,0.163488,-0.057761,-0.090490,-0.010018,10.109922
129160544090,-1.031066,-0.422167,0.273178,-0.069401,-0.049103,-0.026143,10.250693
129260668542,-1.183357,-0.330075,0.150278,-0.075701,-0.018999,-0.053355,10.309348
129360792995,-1.137087,0.055246,0.143479,-0.036923,-0.003111,-0.063822,10.381754
129460917448,-0.337572,-0.312763,0.048449,-0.030056,-0.053648,-0.030046,10.453690
129561041901,-0.480145,-0.241553,-0.191641,-0.029817,-0.044494,-0.022736,10.603181
129661166353,0.578946,-0.415005,-0.498175,-0.062381,-0.109469,0.036840,10.679204
129761290806,1.477143,-0.890575,-0.304945,-0.067628,-0.117014,0.025966,10.790700
129861415259,1.785332,-0.808048,-0.124743,-0.096993,-0.134651,0.027512,10.841116
129961539712,1.766719,-0.263882,-0.128726,-0.111533,-0.136140,0.019777,10.942353
130061664165,1.402517,-0.095543,-0.101057,-0.119516,-0.187140,0.037138,11.013116
130161788617,1.508756,0.145990,0.004771,-0.134762,-0.183406,0.075088,11.068241
130261913070,2.312343,-0.198554,-0.017579,-0.195687,-0.250043,0.107750,11.137108
130362037523,2.433379,-0.808474,-0.186487,-0.206468,-0.273756,0.127539,11.225091
130462161976,1.512898,-1.043059,-0.391950,-0.190047,-0.213812,0.113923,11.199460
130562286429,1.767521,-1.073158,-0.059647,-0.244100,-0.198184,0.098474,11.253011
130662410881,1.372276,-1.376922,0.191037,-0.247336,-0.246380,0.070763,11.153279
130762535334,1.447913,-2.156165,0.008287,-0.266386,-0.323532,0.092016,11.115171
130862659787,0.688563,-2.456809,-0.405821,-0.296936,-0.346865,0.067940,11.175867
130962784240,-0.692408,-3.025306,0.119187,-0.365045,-0.335429,0.048847,11.035681
131062908692,-0.621312,-3.290055,-0.073704,-0.420728,-0.405231,0.034526,10.821607
131163033145,-0.064321,-2.612687,-0.102917,-0.422163,-0.407774,0.059800,10.742471
131263157598,0.323475,-1.584465,0.110639,-0.441090,-0.509732,0.099190,10.541565
131363282051,1.144498,-1.944894,-0.004383,-0.455107,-0.565843,0.110439,10.378252
131463406504,1.376577,-2.742046,-0.351703,-0.481663,-0.576962,0.166106,10.310723
131563530956,1.114187,-3.804148,-0.599104,-0.486440,-0.563716,0.177755,10.120934
131663655409,0.135908,-3.924570,-0.104980,-0.538402,-0.594614,0.156755,9.855606
131763779862,-0.542495,-3.882141,0.502472,-0.557897,-0.597431,0.121939,9.685542
131863904315,0.070509,-2.432312,0.089418,-0.463297,-0.532233,0.025919,9.527619
131964028767,0.315678,-2.536483,0.514556,-0.482672,-0.536381,0.058413,9.351851
132064153220,1.230141,-1.344396,-0.391598,-0.305489,-0.468365,0.103570,9.106451
132164277673,1.174659,-0.384776,-0.835089,-0.269583,-0.356985,0.068691,8.839981
132264402126,0.831930,-0.072886,-0.423831,-0.210017,-0.190002,0.012685,8.649781
132364526579,0.529784,-0.786910,0.056489,-0.190909,-0.176414,0.021722,8.483333
132464651031,0.406853,-1.391750,-0.119548,-0.088349,-0.086222,-0.071093,8.253852
132564775484,1.142960,0.020853,-0.269499,-0.006049,-0.001651,-0.063198,8.069999
132664899937,0.628244,-0.178148,-0.241259,-0.026956,-0.077219,0.019819,7.856488
132765024390,0.610047,-1.114680,-0.576566,-0.052582,-0.083081,0.063834,7.642522
132865148843,0.311089,-0.865302,-0.527530,-0.028636,-0.055453,0.047649,7.455199
132965273295,0.202738,-0.971545,0.382040,-0.050410,-0.080098,-0.015852,7.195291
133065397748,1.496691,-0.237785,0.215383,0.052696,-0.048333,-0.091226,7.049874
133165522201,1.054766,-0.009842,0.064438,-0.030502,-0.035769,0.061684,6.869528
133265646654,1.200471,-1.179442,-0.372879,-0.006396,-0.035435,0.085499,6.750553
133365771106,1.472326,-0.230671,0.225222,0.000912,0.044976,-0.041195,6.629999
133465895559,1.620935,-0.615611,-0.227636,-0.028313,-0.047095,-0.019032,6.439296
133566020012,1.949185,0.236300,-0.052671,-0.042846,0.069136,-0.019732,6.311205
133666144465,1.132319,-1.159065,-0.505042,-0.117607,0.059484,0.035552,6.154984
133766268918,0.965045,-1.453549,0.213885,-0.072013,0.093015,-0.019353,5.997224
133866393370,-0.444948,-1.754744,0.427134,-0.150316,-0.022103,0.036104,5.867746
133966517823,-0.577729,-1.013977,-0.275756,-0.080452,-0.074632,0.054457,5.784168
134066642276,0.761244,0.611114,-0.084393,-0.061994,-0.147821,0.059922,5.626994
134166766729,1.690981,-0.413459,0.425532,-0.055981,-0.173777,0.087932,5.420162
134266891181,1.388122,-0.250469,0.034160,-0.086484,-0.130771,0.177900,5.270098
134367015634,-0.362507,-0.225608,-0.192782,-0.140157,-0.064077,0.057821,5.155538
134467140087,1.270400,-0.764253,-0.738603,-0.069208,-0.130915,-0.040679,4.902735
134567264540,0.585233,-1.054812,-0.008698,-0.048890,-0.130778,0.059469,4.728372
134667388993,-0.906231,-0.762049,0.555469,0.055988,0.041952,-0.070746,4.549365
134767513445,-0.622500,-2.780114,-0.747140,0.072019,-0.136115,-0.011119,4.472138
134867637898,1.181640,-0.014303,-0.195357,-0.077541,-0.028329,-0.059206,4.457428
134967762351,1.026448,2.596859,3.645734,0.003783,-0.532850,-0.026726,4.476979
135067886804,0.255551,2.599815,1.667082,0.078884,-0.509657,0.465634,4.488323
135168011257,2.214899,3.138014,0.038119,-0.160184,-0.362260,0.576901,4.505058
135268135709,0.610419,-0.704173,0.124696,-0.475622,-0.507045,0.257563,4.545799
135368260162,2.738700,3.049017,-1.403678,0.137133,-0.046372,-0.154984,4.637525
135468384615,1.520957,1.100591,-2.635409,0.280987,-0.129241,-0.016743,4.701739
135568509068,-1.479612,-3.800056,0.282230,0.355766,0.215621,-0.232052,4.830133
135668633520,-0.579274,-3.433063,-1.082265,0.390473,0.252577,-0.238141,4.861131
135768757973,-1.220283,-4.706112,-1.406317,0.161216,0.423078,-0.273597,4.867537
135868882426,1.170713,0.599658,0.961299,0.252622,0.643362,-0.447540,4.950005
135969006879,0.098458,-2.476020,-0.458187,0.125821,0.103127,-0.129720,5.049445
136069131332,1.536683,1.222943,0.077110,0.126692,0.283843,-0.180877,5.094251
136169255784,3.539717,2.123263,-0.076111,-0.197347,-0.080911,0.256134,5.153053
136269380237,3.310841,4.031592,-0.451600,-0.085609,-0.026303,0.088003,5.193456
136369504690,1.497483,1.984380,-1.060008,-0.234847,-0.384123,0.331629,5.243393
136469629143,-1.514509,-3.306296,-1.088732,-0.248478,-0.355498,0.287290,5.294631
136569753595,-1.081471,-2.770224,-0.853703,-0.247653,-0.423647,0.308034,5.348028
136669878048,-1.567433,-3.006627,-0.366530,-0.253851,-0.419569,0.365002,5.447495
136770002501,3.022879,1.910513,-0.355933,-0.406155,-0.378445,0.469267,5.584559
136870126954,1.582411,0.300926,-0.933511,-0.385893,-0.458952,0.323974,5.713571
136970251407,2.031142,2.062853,-0.851303,-0.302655,-0.305830,0.239018,5.820251
137070375859,-0.181807,-0.468707,0.273798,-0.338597,-0.267265,0.262927,6.026722
137170500312,-0.180610,0.108831,0.260375,-0.240387,-0.231053,0.188663,6.200399
137270624765,-2.022508,-1.798890,0.558962,-0.315832,-0.244326,0.360065,6.472848
137370749218,0.484713,0.458176,-0.728129,-0.245641,-0.206304,0.306140,6.600136
137470873671,0.336827,-1.635961,-0.694210,-0.181563,-0.208987,0.202606,6.766812
137570998123,-0.665131,-0.060221,-0.363252,-0.033118,-0.092250,0.114240,6.961347
137671122576,-1.001007,0.431939,-0.394844,-0.044289,-0.037769,0.042994,7.160011
137771247029,-1.089198,0.935635,0.574551,0.016036,-0.025556,-0.109695,7.375039
137871371482,-1.574634,-0.641827,0.760867,0.006263,-0.127011,0.081494,7.490196
137971495934,0.489256,0.941280,0.905150,-0.002157,0.060319,-0.042169,7.661848
138071620387,-0.597040,-0.013258,1.004168,-0.175146,-0.075210,0.090940,7.840914
138171744840,1.061499,3.833856,0.819743,-0.078829,0.071233,0.024752,7.941067
138271869293,-0.699394,2.452117,-0.078874,-0.040402,-0.054371,0.102204,8.080529
138371993746,-0.607434,0.452403,0.282607,0.275423,0.096489,-0.140394,8.190339
138472118198,-0.562231,1.800517,0.584319,0.251517,0.171981,-0.071035,8.316767
138572242651,0.153082,3.048778,-0.118389,0.246991,0.140160,-0.029770,8.458656
138672367104,0.932840,1.986662,-1.032418,0.350953,0.170590,-0.022813,8.602184
138772491557,-1.083802,0.916811,1.822611,-0.034349,0.171212,0.032750,8.731149
138872616010,-3.680265,-0.693618,1.902417,-0.199669,0.145668,0.128595,8.755520
138972740462,-3.652627,-4.308426,0.792893,-0.118015,0.127493,0.054158,8.741033
139072864915,0.226649,0.917951,2.213887,-0.040088,0.409907,-0.288667,8.851302
139172989368,-1.762072,-1.493991,1.810389,-0.063317,0.069837,-0.062751,8.935655
139273113821,1.204564,1.083603,0.310109,0.159140,0.192588,-0.179087,8.948877
139373238273,-1.908962,-0.398179,3.653900,-0.240893,-0.133419,0.004606,8.966975
139473362726,-2.931557,-4.295185,2.499696,-0.223395,-0.421959,0.088010,9.039304
139573487179,-1.338934,-3.124105,2.699072,-0.689670,-0.252978,0.141609,9.066730
139673611632,-3.502874,-4.757084,0.211943,-0.661733,-0.538044,0.246080,9.169681
139773736085,-0.417268,-1.038976,-1.255197,-0.486459,-0.225912,-0.110826,9.199352
139873860537,-3.157456,-4.731478,0.762587,-0.649963,-0.434726,0.320246,9.296041
139973984990,2.954641,-0.266449,0.320039,-0.271571,-0.261665,0.106514,9.366459
140074109443,-0.042115,-1.320810,0.293539,-0.550438,-0.517050,0.333144,9.350892
140174233896,0.775793,1.314566,0.204753,0.117443,0.036685,-0.066952,9.431635
140274358348,0.400951,-1.680892,-0.919401,0.154381,-0.051824,-0.034390,9.438476
140374482801,-2.709468,-5.845413,-1.818877,0.188806,0.517899,-0.398713,9.434552
140474607254,-5.266373,-4.257222,2.409649,-0.060715,0.130573,-0.233471,9.469684
140574731707,1.444361,4.545324,3.904253,0.171100,-0.302283,-0.397730,9.484017
140674856160,0.303782,0.196694,0.554530,-0.047677,-1.000013,0.477095,9.341942
140774980612,3.575281,3.258283,2.074571,0.207830,0.650696,-0.195897,9.282017
140875105065,4.742730,4.125036,1.933928,0.173453,0.689117,-0.585057,9.295371
140975229518,-3.342433,-2.096907,1.055388,0.258846,0.461382,-0.521322,9.222747
141075353971,-0.215781,-0.050829,-0.053073,0.382040,0.569080,-0.324988,9.160105
141175478424,-3.791730,-3.558872,0.094714,0.165242,0.417430,-0.132938,9.138201
141275602876,1.086804,0.392528,1.173156,0.256909,0.499658,-0.473350,9.083548
141375727329,-2.534618,-3.887163,-0.720696,-0.203231,-0.040926,0.037494,9.040440
141475851782,2.618650,0.224672,0.515484,0.088105,0.410999,-0.122408,8.979691
141575976235,4.346237,2.439312,0.514764,-0.234836,-0.312311,0.192780,8.964533
141676100687,5.425255,3.657569,0.723254,-0.064138,-0.133119,0.171730,8.853808
141776225140,4.992723,3.228546,-1.856426,-0.477650,-0.624014,0.689661,8.827358
141876349593,-4.278823,-3.908241,-0.905835,-0.612355,-0.547389,0.570301,8.776555
141976474046,1.059802,-2.405242,-2.312611,-0.321784,-0.765287,0.491385,8.781455
142076598499,-4.846747,-6.822560,-0.634343,-0.529486,-0.872546,0.776894,8.721457
142176722951,1.125315,2.903082,1.999014,-0.001645,-0.375705,0.340152,8.729456
142276847404,-2.717451,-1.709869,1.709708,-0.242724,-0.710184,0.471970,8.711799
142376971857,2.061860,1.242825,0.591856,0.312486,-0.049527,0.046297,8.709448
142477096310,3.099915,1.506831,-0.162194,0.111316,-0.095825,0.035598,8.666352
142577220762,5.972845,6.367136,1.082336,0.616156,0.852067,-0.697747,8.690808
142677345215,2.792614,1.789850,-1.525508,0.478513,0.146038,-0.393755,8.650166
142777469668,-4.514751,-2.242526,-0.561276,0.501629,0.792607,-0.738371,8.620367
142877594121,-3.965765,-5.618534,-2.097729,0.451525,0.948549,-0.769656,8.699094
142977718574,-0.351061,-4.708607,-1.106190,0.325889,0.946885,-0.590674,8.748746
143077843026,4.478894,3.647516,1.848830,0.091276,0.647538,-0.451770,8.795681
143177967479,0.840761,1.194653,-1.002541,0.240082,0.527248,-0.408804,8.860872
143278091932,1.908161,2.677895,-0.189781,0.261000,0.416837,-0.240731,8.832293
143378216385,0.433170,0.613623,0.968161,0.165832,0.074040,0.025064,8.806747
143478340838,3.374296,1.458825,-0.532136,0.242398,0.106693,-0.092900,8.833521
143578465290,2.730413,1.300260,0.200456,-0.212794,-0.200036,0.144832,8.909512
143678589743,-2.077272,-2.709090,1.322039,-0.098697,0.121575,0.286929,8.909936
143778714196,-3.046270,-4.368244,0.758266,-0.344946,-0.229349,0.602275,8.906531
143878838649,1.587965,1.804980,0.646340,-0.083835,0.187309,-0.199274,8.895995
143978963101,1.603090,-0.206316,0.017277,-0.117362,0.082895,-0.241949,8.894591
144079087554,-0.042612,-0.342395,-0.070953,-0.184291,0.034757,0.018626,8.921143
144179212007,0.721229,1.348522,-1.131811,-0.028715,0.148116,0.197584,8.958200
144279336460,1.504501,0.914508,-0.526091,0.017010,-0.063360,0.039141,8.942310
144379460913,2.153364,3.125061,1.584503,0.076855,0.357540,-0.355524,8.881151
144479585365,-0.167919,-0.450824,0.013394,0.013018,0.063833,-0.048334,8.975932
144579709818,-0.868811,-1.403596,-0.235210,0.216205,0.216298,-0.182554,8.990383
144679834271,-1.340007,-1.340370,-0.661185,0.070584,0.092236,0.041769,8.971865
144779958724,-2.081579,-2.307238,0.440589,0.205518,0.481251,-0.160676,8.910530
144880083176,-0.613679,1.452551,1.147323,0.358265,0.578321,-0.431154,9.004223
144980207629,-2.410303,-3.815193,-1.149579,-0.096267,-0.362887,0.264720,9.023090
145080332082,0.987944,-0.355449,-1.509202,-0.037267,-0.172613,0.117925,9.004152
145180456535,-1.040256,-0.221975,0.438231,-0.085558,-0.202534,0.157951,8.984803
145280580988,0.265609,2.645783,0.458712,0.240914,-0.049179,0.078687,8.977754
145380705440,-1.623382,0.531086,-2.058690,0.044506,-0.290479,0.017134,9.035008
145480829893,-1.059442,-0.801721,-2.357834,-0.037751,0.386167,-0.389296,9.072464
145580954346,-5.062524,-2.204582,-1.583824,-0.324469,-0.029796,0.009163,9.239065
145681078799,0.678988,2.195054,-2.819635,0.296693,0.287003,-0.290880,9.207352
145781203252,3.347422,4.980014,-1.311201,0.299597,0.267912,-0.012789,9.155246
145881327704,-2.833132,-0.747158,-2.934544,0.376348,0.378882,-0.226335,9.083464
145981452157,-2.371010,4.816167,0.936442,0.317715,0.531589,-0.392812,9.187900
146081576610,-2.101976,-0.778860,-3.605433,0.191516,-0.293518,0.405717,9.353680
146181701063,-0.247233,0.786743,-2.652787,0.622403,0.245313,-0.386556,9.278789
146281825515,-2.779833,-0.876200,-1.567437,0.148966,-0.019377,-0.317364,9.295913
146381949968,0.307771,2.966823,0.597178,0.219224,0.279237,-0.232410,9.256741
146482074421,2.865955,4.941291,0.300572,-0.134642,-0.256338,0.401652,9.346880
146582198874,2.851624,6.131686,-0.474052,0.108122,0.000633,-0.066747,9.423231
146682323327,-0.136757,2.197211,-0.624256,-0.214291,-0.392141,0.102569,9.326379
146782447779,-3.307448,-1.992177,-0.128088,-0.108085,-0.092110,0.229263,9.361456
146882572232,-2.612117,-2.264498,-1.583178,-0.165558,-0.448074,0.571628,9.286500
146982696685,-2.072823,-0.310175,-1.575562,-0.067467,-0.365562,0.128110,9.330767
147082821138,1.099797,3.457074,-0.275631,-0.000876,-0.150654,-0.024216,9.296727
147182945590,-2.469310,-2.864571,-0.981713,-0.225974,-0.498162,0.196193,9.292705
147283070043,0.740756,3.104802,0.583566,0.247085,0.447222,-0.364269,9.297350
147383194496,1.615665,3.911779,0.716720,-0.012573,-0.024718,0.042120,9.263853
147483318949,1.846131,8.527879,0.968221,0.394991,0.485170,-0.391568,9.231254
147583443402,0.021639,4.687850,-0.128428,0.316131,0.201615,-0.043488,9.148462
147683567854,-6.648556,-0.685183,1.026248,0.650960,0.707825,-0.365307,9.207338
147783692307,-3.165061,0.432273,-1.256050,0.720917,0.645260,-0.684968,9.144064
147883816760,-4.781803,-4.857113,-0.638372,0.594410,0.982221,-0.772414,9.086981
147983941213,2.473834,8.578636,1.769721,0.553869,1.040636,-0.834753,9.073992
148084065666,-0.732238,0.863774,0.413857,0.446706,0.719383,-0.465871,8.981284
148184190118,2.600608,10.639483,0.822277,0.657121,1.012395,-0.808488,8.972308
148284314571,0.202817,-0.317896,-1.191800,0.114965,0.533837,-0.429356,8.888872
148384439024,0.584421,5.114446,0.235623,0.230758,0.691881,-0.438375,8.866254
148484563477,-0.338191,2.314276,-1.697734,0.192882,0.079767,-0.232233,8.772920
148584687929,-0.479483,2.447835,-1.209745,0.136023,0.171304,0.013490,8.684126
148684812382,0.731929,2.265195,0.398728,0.114383,0.114792,0.056509,8.545542
148784936835,0.301208,1.490765,-1.062506,0.009773,-0.033551,-0.064959,8.309770
148885061288,-0.116343,1.984379,0.494098,-0.008744,0.199528,-0.201822,8.075595
148985185741,-2.158274,-0.336658,-1.252669,-0.106055,-0.016516,0.152998,7.781295
149085310193,-0.118875,4.414044,-0.627749,0.093521,0.297880,-0.254221,7.583264
149185434646,-0.845836,4.865234,0.446349,-0.183245,0.027594,0.161652,7.413367
149285559099,-0.311469,3.953362,-0.204907,0.304196,0.255817,-0.021722,7.237497
149385683552,0.002560,3.360507,-0.726876,0.247031,0.115244,-0.092470,7.139113
149485808005,-1.537654,1.015372,0.027801,-0.062060,0.288359,-0.138317,6.933161
149585932457,-0.111478,1.782141,0.217930,-0.019672,0.169855,-0.019152,6.822817
149686056910,-0.750165,0.269883,-0.661876,0.108381,0.202302,0.082060,6.674938
149786181363,-0.295463,2.467815,0.115582,-0.084603,0.250553,-0.151344,6.759107
149886305816,1.165297,0.198018,-0.510921,0.080086,0.101042,-0.015709,6.609493
149986430268,0.088131,2.046255,1.351651,-0.027350,0.305753,0.005152,6.647878
150086554721,-1.505408,-0.118595,0.191675,0.018063,0.308623,-0.097366,6.505623
150186679174,0.831151,1.030365,0.658958,0.134122,0.246035,-0.099031,6.433549
150286803627,0.749279,0.004064,-0.656911,-0.033002,0.122801,0.074154,6.419119
150386928080,0.425102,1.368941,0.013783,-0.030167,0.108927,-0.130216,6.471903
150487052532,-1.873667,0.605525,-1.157039,0.083263,-0.145539,-0.127174,6.513854
150587176985,-1.426604,0.180319,-1.114337,0.198685,-0.075529,0.260061,6.497095
150687301438,1.944780,5.915423,-1.072730,-0.407640,-0.221638,0.475940,6.338686
150787425891,-3.304981,-1.292975,1.288449,-0.581774,-0.423464,0.206686,6.592231
150887550343,0.756601,3.246945,0.258171,0.200933,0.027884,-0.114104,6.540989
150987674796,0.053363,1.435752,-1.778452,-0.050591,-0.311450,0.235809,6.552653
151087799249,1.592902,3.617387,0.553545,0.259711,-0.077112,-0.128394,6.549770
151187923702,2.241491,-3.029994,-2.650353,0.235471,-0.375543,0.299668,6.619228
151288048155,0.226660,0.464155,-1.263676,-0.109333,-0.102352,0.185709,6.726720
151388172607,-0.579421,-1.732339,-0.521446,-0.206524,-0.106800,0.101458,6.665053
151488297060,-1.885691,1.033724,1.553372,0.054727,-0.418037,0.042457,6.971153
151588421513,-0.201399,-6.802107,-4.406758,0.019408,-0.716644,0.564926,6.875020
151688545966,-3.007760,3.673535,3.127629,-0.382598,-0.115336,0.207443,6.949180
151788670419,-1.762840,-6.903745,0.012419,-0.603651,-0.710486,0.296720,6.990175
151888794871,-0.381805,-3.579308,-0.858982,0.060474,0.153462,-0.335080,7.047166
151988919324,-1.435745,-6.676165,-0.932758,-0.267043,-0.360521,0.188008,7.068215
152089043777,0.735503,1.870884,0.329414,0.143694,0.191077,-0.298437,7.112790
152189168230,-0.108462,2.809830,0.520971,-0.154964,-0.238746,0.118527,7.145549
152289292682,0.163371,4.465459,-0.721283,0.311575,0.375784,-0.401471,7.343597
152389417135,-0.245950,3.040947,-0.450654,0.250441,0.295398,-0.153133,7.318759
152489541588,-3.146986,-4.383588,-1.083504,0.145286,0.290053,-0.203895,7.343400
152589666041,-2.022015,0.604525,-0.609126,0.196982,0.164350,-0.345582,7.477956
152689790494,-2.771933,0.112194,-0.313643,-0.006280,-0.061843,-0.175092,7.471356
152789914946,-3.827683,2.204107,0.312106,0.033763,0.063664,-0.059603,7.612004
152890039399,-3.797176,-0.146323,0.228965,-0.024889,0.109695,-0.212439,7.707340
152990163852,-2.278688,1.940144,0.782733,0.031036,0.129628,-0.211320,7.727632
153090288305,-2.254163,2.305072,0.186748,-0.091947,-0.254290,0.111193,7.816669
153190412757,-2.598790,2.588707,0.706138,-0.048811,-0.114609,0.044451,7.822344
153290537210,-1.729085,1.181268,0.676743,-0.152430,-0.313555,0.135438,7.816663
153390661663,-3.294822,-2.448951,-0.704044,-0.048600,-0.267219,0.197546,8.021863
153490786116,-2.087785,0.248528,-0.162919,-0.434405,-0.482494,0.210903,8.002958
153590910569,-4.391823,-4.579785,1.074539,-0.533017,-0.480694,0.506398,8.088032
153691035021,0.019367,2.204399,-0.429598,-0.103515,-0.269731,0.284424,8.135129
153791159474,-3.922358,-2.973696,1.428970,-0.423719,-0.469570,0.262889,8.177378
153891283927,-3.179226,1.005022,1.148516,0.123415,0.275736,-0.292953,8.280509
153991408380,-2.834398,-1.216731,-0.336413,-0.200498,-0.345162,0.265739,8.303711
154091532833,-1.673054,2.633019,0.787935,-0.160235,-0.127027,-0.001992,8.251097
154191657285,-4.996611,-3.858363,-0.147600,-0.386687,-0.499023,0.235652,8.301869
154291781738,-3.030736,-2.028324,-1.217563,-0.079248,0.151529,-0.163051,8.392352
154391906191,-5.666824,-5.080761,0.487494,-0.311389,-0.241877,0.009353,8.373449
154492030644,-4.610801,-1.701776,0.067391,0.160489,0.180094,-0.286251,8.391307
154592155096,-2.430325,2.247862,0.115823,-0.049464,-0.091270,-0.203716,8.385632
154692279549,-3.733861,0.081835,0.367180,-0.098312,-0.055774,-0.249099,8.355522
154792404002,-3.773195,-0.040375,0.074946,-0.096481,-0.119476,-0.044221,8.315067
154892528455,-5.181141,-4.422112,0.582957,-0.094251,-0.109597,-0.137727,8.222243
154992652908,-4.961943,-3.152605,1.324092,-0.174457,-0.242499,-0.205120,8.088889
155092777360,-5.914919,-2.524589,1.120318,-0.124530,-0.372588,-0.074682,7.901839
155192901813,-4.980985,-1.415549,-0.456631,-0.215488,-0.513638,-0.085106,7.789476
155293026266,-5.834586,-0.443625,1.684157,-0.413316,-0.474896,-0.130040,7.576511
155393150719,-5.539134,-2.854359,0.217592,-0.382070,-0.619602,0.016800,7.401720
155493275171,-5.754915,-2.711758,-0.218197,-0.504005,-0.439028,-0.081415,7.238946
155593399624,-2.903656,-0.405917,0.488945,-0.498118,-0.447556,-0.015316,7.135434
155693524077,-5.607116,-1.393656,-0.674893,-0.774026,-0.658120,0.230698,7.025233
155793648530,-7.901726,0.736415,1.438634,-0.620392,-0.331404,0.037620,6.990741
155893772983,-7.307471,0.230061,0.354730,-0.669533,-0.749975,0.160103,6.824786
155993897435,-5.231285,0.955938,1.725814,-0.639076,-0.651734,0.066344,6.912481
156094021888,-3.731490,0.105101,0.807291,-0.575995,-0.622799,0.181265,6.861692
156194146341,-6.048757,0.518721,0.825830,-0.713314,-0.658771,0.145784,6.757371
156294270794,-3.572249,0.697108,-0.631032,-0.456987,-0.515572,0.043722,6.786725
156394395247,-2.936229,2.409860,-0.349476,-0.531078,-0.536904,0.094461,6.794657
156494519699,-1.550787,2.667805,1.028035,-0.371568,-0.248932,-0.118115,6.752466
156594644152,-1.992613,1.431834,-0.564153,-0.305060,-0.445211,-0.034917,6.863573
156694768605,-6.062343,0.591916,-0.830123,-0.212715,-0.212741,-0.116851,6.947658
156794893058,-0.744422,0.349321,-0.755700,-0.179793,-0.125943,-0.202797,6.913987
156895017510,-1.874648,1.439326,-0.942401,-0.279703,-0.270768,-0.013712,7.011713
156995141963,0.425704,-2.318615,1.280188,-0.140478,0.091986,-0.153945,7.048394
157095266416,-0.335720,-0.641809,-0.228625,-0.232010,-0.312517,0.140043,7.033858
157195390869,1.762078,-1.557277,1.133383,-0.055486,0.064661,-0.089566,7.120762
157295515322,-1.484969,1.239941,1.112168,-0.240007,-0.233071,0.111860,7.237761
157395639774,-1.402810,-0.293158,-0.225451,-0.060270,-0.041683,-0.072433,7.162559
157495764227,-1.222900,0.408539,-0.449380,-0.184801,-0.246703,0.116126,7.249067
157595888680,-0.647358,-0.212649,-0.611571,0.011443,-0.189122,0.126750,7.390230
157696013133,2.903368,-0.828054,0.764334,-0.067020,-0.363828,0.245348,7.279829
157796137585,-2.245181,0.742289,-0.216080,-0.037002,-0.109246,0.095632,7.338558
157896262038,-1.390879,1.127728,-0.708876,-0.037494,-0.174724,0.184431,7.522939
157996386491,-1.324430,-0.702949,-0.700947,0.067419,-0.091694,0.040550,7.537764
158096510944,2.551240,-2.812365,0.814653,-0.163747,-0.277118,0.204980,7.582290
158196635397,0.714975,-1.674307,-0.785568,-0.089484,-0.235554,0.160046,7.720252
158296759849,2.919127,-1.871133,-0.394172,-0.242939,-0.192631,0.157963,7.800526
158396884302,-1.986675,1.284343,0.268281,-0.278428,-0.294429,0.273553,8.000592
158497008755,2.138631,-2.410884,-0.717086,0.042681,-0.118415,0.029845,7.972991
158597133208,-3.223581,0.572426,0.307944,-0.155970,-0.276266,0.325897,8.203175
158697257661,1.217166,-1.091674,0.013639,0.156177,0.109187,0.003505,8.236206
158797382113,-2.446586,1.429137,0.684309,-0.132645,-0.030161,0.087035,8.393838
158897506566,0.443803,-1.958251,-0.438509,0.233781,0.299124,-0.214317,8.490687
158997631019,3.124163,-1.239592,-0.048977,-0.128963,0.134932,-0.045481,8.605331
159097755472,2.322402,-3.343678,-1.355148,0.414373,0.315821,-0.243932,8.567867
159197879924,1.492611,-0.894537,-0.170174,0.175380,0.170281,-0.090074,8.840193
159298004377,-1.624707,0.639281,-0.446050,0.215647,0.167123,-0.101050,8.924515
159398128830,0.989521,-0.792502,-0.539757,0.150782,0.202659,-0.139714,9.020151
159498253283,-0.169486,-0.055898,-0.168215,0.005547,0.135225,-0.041188,9.037774
159598377736,1.366037,-1.258827,0.855557,0.164338,0.125823,-0.097574,9.182616
159698502188,-1.016466,-0.288515,0.995297,-0.022049,0.165736,-0.067783,9.208531
159798626641,2.045952,-1.007029,-0.778108,0.201482,0.243340,-0.129898,9.294913
159898751094,-0.411758,0.259373,-0.984813,-0.008216,0.080118,-0.048454,9.420373
159998875547,-0.435697,-0.900827,0.080448,0.016318,0.028135,-0.049878,9.498024
160099000000,-0.007956,-0.342852,0.270360,0.168763,0.107092,-0.049830,9.639689
